brand id,brand name,type,slug,dosage form,generic,strength,manufacturer,package container,Package Size
4077,A-Cold,allopathic,a-coldsyrup4-mg5-ml,Syrup,Bromhexine Hydrochloride,4 mg/5 ml,ACME Laboratories Ltd.,100 ml bottle: ৳ 40.12,
4006,A-Cof,allopathic,a-cofsyrup10-mg30-mg125-mg5-ml,Syrup,Dextromethorphan + Pseudoephedrine + Triprolidine,(10 mg+30 mg+1.25 mg)/5 ml,ACME Laboratories Ltd.,100 ml bottle: ৳ 100.00,
6174,A-Clox,allopathic,a-cloxinjection500-mgvial,Injection,Cloxacillin Sodium,500 mg/vial,ACME Laboratories Ltd.,"500 mg vial: ৳ 28.43,(5's pack: ৳ 142.15),",(5's pack: ৳ 142.15)
6173,A-Clox,allopathic,a-cloxinjection250-mgvial,Injection,Cloxacillin Sodium,250 mg/vial,ACME Laboratories Ltd.,"250 mg vial: ৳ 20.00,(5's pack: ৳ 100.00),",(5's pack: ৳ 100.00)
6172,A-Clox,allopathic,a-cloxpowder-for-suspension125-mg5-ml,Powder for Suspension,Cloxacillin Sodium,125 mg/5 ml,ACME Laboratories Ltd.,100 ml bottle: ৳ 45.00,
6171,A-Clox,allopathic,a-cloxcapsule500-mg,Capsule,Cloxacillin Sodium,500 mg,ACME Laboratories Ltd.,"Unit Price: ৳ 5.98,(100's pack: ৳ 598.00),",(100's pack: ৳ 598.00)
14006,A-Care,allopathic,a-caretablet6-mg200-mg50-mg,Tablet,Betacarotene + Vitamin C + Vitamin E,6 mg+200 mg+50 mg,Asiatic Laboratories Ltd.,"Unit Price: ৳ 2.50,(20's pack: ৳ 50.00),",(20's pack: ৳ 50.00)
3039,A-Card,allopathic,a-cardtablet20-mg,Tablet,Isosorbide Mononitrate,20 mg,ACME Laboratories Ltd.,"Unit Price: ৳ 1.43,(100's pack: ৳ 143.00),",(100's pack: ৳ 143.00)
15483,A-Calm,allopathic,a-calmtablet50-mg,Tablet,Tolperisone Hydrochloride,50 mg,ACME Laboratories Ltd.,"Unit Price: ৳ 6.00,(50's pack: ৳ 300.00),",(50's pack: ৳ 300.00)
14480,A-Cal DX,allopathic,a-cal-dxtablet500-mg400-iu,Tablet,Calcium Carbonate [Elemental source] + Vitamin D3,500 mg+400 IU,ACME Laboratories Ltd.,"Unit Price: ৳ 7.50,(30's pack: ৳ 225.00),",(30's pack: ৳ 225.00)
14399,A-Cal D,allopathic,a-cal-dtablet500-mg200-iu,Tablet,Calcium Carbonate [Elemental source] + Vitamin D3,500 mg+200 IU,ACME Laboratories Ltd.,"Unit Price: ৳ 6.50,(15's pack: ৳ 97.50),,Unit Price: ৳ 6.50,(30's pack: ৳ 195.00),","(15's pack: ৳ 97.50),(30's pack: ৳ 195.00)"
14264,A-Cal,allopathic,a-caltablet500-mg,Tablet,Calcium Carbonate,500 mg,ACME Laboratories Ltd.,"Unit Price: ৳ 5.00,(100's pack: ৳ 500.00),",(100's pack: ৳ 500.00)
13582,A-B1,allopathic,a-b1tablet100-mg,Tablet,Thiamine Hydrochloride,100 mg,ACME Laboratories Ltd.,"Unit Price: ৳ 0.86,(100's pack: ৳ 86.00),",(100's pack: ৳ 86.00)
25154,5X,allopathic,5xtablet30-mg,Tablet,Ulipristal Acetate [For emergency contraception],30 mg,Renata Limited,Unit Price: ৳ 200.00,
105,5-Fluril,allopathic,5-fluriliv-injection-or-infusion25-mgml,IV Injection or Infusion,Fluorouracil,25 mg/ml,Techno Drugs Ltd.,"250 mg vial: ৳ 55.00,500 mg vial: ৳ 95.00",
27661,Arubin,herbal,arubincapsule500-mg,Capsule,Nabayas Louha Herbal Haematinic,500 mg,Square Pharmaceuticals Ltd.,"Unit Price: ৳ 4.00,(30's pack: ৳ 120.00),",(30's pack: ৳ 120.00)
29715,Arkid,herbal,arkidsyrup,Syrup,Aravindasav,,ACME Laboratories Ltd.,100 ml bottle: ৳ 70.00,
29714,Arjunacard,herbal,arjunacardsyrup,Syrup,Arjunarista,,ACME Laboratories Ltd.,200 ml bottle: ৳ 90.00,
30450,Apelin,herbal,apelinsyrup,Syrup,Malus sylvestris,,Hamdard Bangladesh,"100 ml bottle: ৳ 60.00,450 ml bottle: ৳ 200.00",
29646,Antiligo,herbal,antiligocapsule,Capsule,Barsina,,Hamdard Bangladesh,"Unit Price: ৳ 3.00,(50's pack: ৳ 150.00),",(50's pack: ৳ 150.00)
31923,Anseng,herbal,ansengcapsule500-mg,Capsule,Panax Ginseng,500 mg,Aristopharma Ltd.,"Unit Price: ৳ 20.00,(30's pack: ৳ 600.00),",(30's pack: ৳ 600.00)
29754,Anjort,herbal,anjortcapsule300-mg,Capsule,St. John’s Wort,300 mg,Ibn Sina Pharmaceuticals Ltd.,"Unit Price: ৳ 4.33,(30's pack: ৳ 130.00),",(30's pack: ৳ 130.00)
29712,Amlacid,herbal,amlacidsyrup,Syrup,Amalaki Rasayana,,ACME Laboratories Ltd.,"200 ml bottle: ৳ 80.00,450 ml bottle: ৳ 150.00",
30288,Amlabery,herbal,amlaberysyrup,Syrup,Sharbat Amla,,Drug International Ltd.,450 ml bottle: ৳ 350.00,
29661,Amla (Hair oil),herbal,amla-hair-oilscalp-solution166-ml33-ml5-ml,Scalp Solution,Emblic Myrobalan + Sesame,(1.66 ml+3.3 ml)/5 ml,Hamdard Bangladesh,130 ml bottle: ৳ 200.00,
27660,AmCivit,herbal,amcivitsyrup303-ml012-gm5-ml,Syrup,Emblica officinalis + Piper longum,(3.03 ml+0.12 gm)/5 ml,Square Pharmaceuticals Ltd.,100 ml bottle: ৳ 60.00,
29645,Alvasin,herbal,alvasinsyrup,Syrup,Ejaz,,Hamdard Bangladesh,"100 ml bottle: ৳ 70.00,225 ml bottle: ৳ 140.00",
28006,Altiver,herbal,altivercapsule60-mg,Capsule,Ginkgo Biloba,60 mg,Kemiko Pharmaceuticals Ltd.,"Unit Price: ৳ 22.00,(20's pack: ৳ 440.00),",(20's pack: ৳ 440.00)
29711,Alovera,herbal,aloveratablet345-mg,Tablet,Aloe indica+ Hyoscyamus niger + Piper nigrum,345 mg,ACME Laboratories Ltd.,"Unit Price: ৳ 8.00,(30's pack: ৳ 240.00),",(30's pack: ৳ 240.00)
29644,Alkuli,herbal,alkulisyrup,Syrup,Buzuri,,Hamdard Bangladesh,"100 ml bottle: ৳ 50.00,225 ml bottle: ৳ 90.00,450 ml bottle: ৳ 140.00",
29643,Alisa,herbal,alisatablet,Tablet,Garlitab,,Hamdard Bangladesh,"Unit Price: ৳ 2.00,(50's pack: ৳ 100.00),",(50's pack: ৳ 100.00)
29868,Aliksir,herbal,aliksircapsule500-mg,Capsule,Nigella Sativa [Black Seed Oil],500 mg,Renata Limited,"Unit Price: ৳ 12.00,(30's pack: ৳ 360.00),",(30's pack: ৳ 360.00)
13947,Alfa-E,herbal,alfa-echewable-tablet200-mg,Chewable Tablet,Vitamin E [Alpha Tocopherol Acetate],200 mg,Aristopharma Ltd.,"Unit Price: ৳ 5.00,(15's pack: ৳ 75.00),",(15's pack: ৳ 75.00)
29642,Agerd,herbal,agerdcapsule,Capsule,Tabkheer,,Hamdard Bangladesh,"Unit Price: ৳ 3.00,(50's pack: ৳ 150.00),",(50's pack: ৳ 150.00)
29753,Afrodic,herbal,afrodicsyrup,Syrup,Herbal cough syrup [Tulsi],,Ibn Sina Pharmaceuticals Ltd.,"100 ml bottle: ৳ 50.00,200 ml bottle: ৳ 80.00",
29752,Afrodic,herbal,afrodictablet,Tablet,Ambar Momiyaee,,Ibn Sina Pharmaceuticals Ltd.,"Unit Price: ৳ 15.00,(10's pack: ৳ 150.00),",(10's pack: ৳ 150.00)
27659,Adovas,herbal,adovassyrup,Syrup,Herbal cough syrup [Adhatoda Vasica],,Square Pharmaceuticals Ltd.,"100 ml bottle: ৳ 70.00,200 ml bottle: ৳ 105.00",
29562,Adolef,herbal,adolefsyrup,Syrup,Herbal cough syrup [Adhatoda Vasica],,Opsonin Pharma Ltd.,"100 ml bottle: ৳ 65.00,200 ml bottle: ৳ 105.00",
30871,Acteria,herbal,acteriaoral-powder4-billionsachet,Oral Powder,Probiotic Combination [4 Billion],4 billion/sachet,Radiant Nutraceuticals Ltd.,"4 billion sachet: ৳ 42.00,(20's pack: ৳ 840.00),",(20's pack: ৳ 840.00)
27602,Acteria,herbal,acteriacapsule4-billion,Capsule,Probiotic Combination [4 Billion],4 billion,Radiant Nutraceuticals Ltd.,"Unit Price: ৳ 40.00,(20's pack: ৳ 800.00),",(20's pack: ৳ 800.00)
29710,Acmina,herbal,acminasyrup,Syrup,"Mustakarista [Cyperus, Zingiber, Piper nigrum]",,ACME Laboratories Ltd.,200 ml bottle: ৳ 70.00,
29709,Acme's Spirulina,herbal,acmes-spirulinacapsule450-mg,Capsule,Spirulina,450 mg,ACME Laboratories Ltd.,"Unit Price: ৳ 4.00,(30's pack: ৳ 120.00),",(30's pack: ৳ 120.00)
29708,Acme's Chyabanprash,herbal,acmes-chyabanprashoral-suspension,Oral Suspension,Emblic Myrobalan + Aswagandha + Grape,,ACME Laboratories Ltd.,"100 gm container: ৳ 110.00,200 gm container: ৳ 200.00",
29707,Acme's Basok,herbal,acmes-basoksyrup,Syrup,Herbal cough syrup [Vasakarista],,ACME Laboratories Ltd.,"100 ml bottle: ৳ 65.00,200 ml bottle: ৳ 100.00",
29650,Centurin,herbal,centurincapsule250-mg,Capsule,Penitab,250 mg,Hamdard Bangladesh,"Unit Price: ৳ 4.40,(50's pack: ৳ 220.00),",(50's pack: ৳ 220.00)
29648,Carmina,herbal,carminatablet,Tablet,Herbal gastric preparation,,Hamdard Bangladesh,"Unit Price: ৳ 1.42,(60's pack: ৳ 85.00),",(60's pack: ৳ 85.00)
29649,Carmina,herbal,carminasyrup,Syrup,Herbal gastric preparation,,Hamdard Bangladesh,"100 ml bottle: ৳ 50.00,225 ml bottle: ৳ 85.00,450 ml bottle: ৳ 130.00",
28872,Cardi Q,herbal,cardi-qcapsule50-mg,Capsule,Coenzyme Q10 [Ubidecarenone],50 mg,Square Pharmaceuticals Ltd.,"Unit Price: ৳ 12.00,(50's pack: ৳ 600.00),",(50's pack: ৳ 600.00)
28873,Cardi Q,herbal,cardi-qcapsule100-mg,Capsule,Coenzyme Q10 [Ubidecarenone],100 mg,Square Pharmaceuticals Ltd.,"Unit Price: ৳ 20.00,(30's pack: ৳ 600.00),",(30's pack: ৳ 600.00)
29647,Calrip,herbal,calriptablet,Tablet,Marwareedi,,Hamdard Bangladesh,"Unit Price: ৳ 22.00,(50's pack: ৳ 1,100.00),","(50's pack: ৳ 1,100.00)"
32191,Brogel,herbal,brogelcapsule500-mg,Capsule,Spirulina,500 mg,Bronson  Laboratories (BD) Ltd.,"Unit Price: ৳ 15.00,(30's pack: ৳ 450.00),",(30's pack: ৳ 450.00)
29720,Braintel,herbal,braintelsyrup,Syrup,Brahmi Rasayan,,ACME Laboratories Ltd.,100 ml bottle: ৳ 75.00,
29908,Bolardi,herbal,bolardicapsule500-mg,Capsule,Saccharomyces Boulardii,500 mg,Square Pharmaceuticals Ltd.,"Unit Price: ৳ 16.00,(30's pack: ৳ 480.00),",(30's pack: ৳ 480.00)
29907,Bolardi,herbal,bolardicapsule250-mg,Capsule,Saccharomyces Boulardii,250 mg,Square Pharmaceuticals Ltd.,"Unit Price: ৳ 10.00,(30's pack: ৳ 300.00),",(30's pack: ৳ 300.00)
31985,Bliss,herbal,blisscapsule140-mg,Capsule,Silymarin [Milk thistle],140 mg,Purnava Limited,"Unit Price: ৳ 20.00,(30's pack: ৳ 600.00),",(30's pack: ৳ 600.00)
31650,Black Cohos,herbal,black-cohoscapsule40-mg,Capsule,Black Cohosh [Cimicifuga Racemosa],40 mg,Ibn Sina Pharmaceuticals Ltd.,"Unit Price: ৳ 6.50,(30's pack: ৳ 195.00),",(30's pack: ৳ 195.00)
13948,Biovit-E,herbal,biovit-echewable-tablet200-mg,Chewable Tablet,Vitamin E [Alpha Tocopherol Acetate],200 mg,Biopharma Laboratories Ltd.,"Unit Price: ৳ 5.00,(15's pack: ৳ 75.00),",(15's pack: ৳ 75.00)
31161,Bioprem,herbal,biopremcapsule2500-mcg,Capsule,Biotin,2500 mcg,Square Pharmaceuticals Ltd.,"Unit Price: ৳ 25.00,(30's pack: ৳ 750.00),",(30's pack: ৳ 750.00)
31160,Bioprem,herbal,biopremcapsule1000-mcg,Capsule,Biotin,1000 mcg,Square Pharmaceuticals Ltd.,"Unit Price: ৳ 15.00,(30's pack: ৳ 450.00),",(30's pack: ৳ 450.00)
31734,Bioglo,herbal,bioglocapsule1000-mcg,Capsule,Biotin,1000 mcg,Drug International Ltd.,"Unit Price: ৳ 15.00,(30's pack: ৳ 450.00),",(30's pack: ৳ 450.00)
32753,Bioglo,herbal,bioglocapsule2500-mcg,Capsule,Biotin,2500 mcg,Drug International Ltd.,"Unit Price: ৳ 25.00,(30's pack: ৳ 750.00),",(30's pack: ৳ 750.00)
28010,Biogen,herbal,biogentablet1-gm,Tablet,Collagen II & GAGs,1 gm,Kemiko Pharmaceuticals Ltd.,"Unit Price: ৳ 26.33,(60's pack: ৳ 1,580.00),","(60's pack: ৳ 1,580.00)"
29565,Bio-7,herbal,bio-7tablet1000-mcg,Tablet,Biotin,1000 mcg,The White Horse Pharma,"Unit Price: ৳ 20.00,(30's pack: ৳ 600.00),",(30's pack: ৳ 600.00)
30066,Bilogin,herbal,bilogincapsule60-mg,Capsule,Ginkgo Biloba,60 mg,Alien Pharma,"Unit Price: ৳ 20.00,(30's pack: ৳ 600.00),",(30's pack: ৳ 600.00)
29857,Biloba,herbal,bilobacapsule60-mg,Capsule,Ginkgo Biloba,60 mg,Drug International Ltd.,"Unit Price: ৳ 6.00,(32's pack: ৳ 192.00),",(32's pack: ৳ 192.00)
29559,Betaburn,herbal,betaburnointment025-ww,Ointment,β-Sitosterol,0.25% w/w,Square Pharmaceuticals Ltd.,25 gm tube: ৳ 100.00,
29757,Bel,herbal,belsyrup1-gm05-gm5-ml,Syrup,Belgiri [Bael fruit + Connessi bark],(1 gm+0.5 gm)/5 ml,Ibn Sina Pharmaceuticals Ltd.,"100 ml bottle: ৳ 37.50,200 ml bottle: ৳ 68.75",
29756,Basokof,herbal,basokofsyrup,Syrup,Herbal cough syrup [Vasakarista],,Ibn Sina Pharmaceuticals Ltd.,"100 ml bottle: ৳ 50.00,200 ml bottle: ৳ 87.50",
30451,Basak,herbal,basaksyrup,Syrup,Herbal cough syrup [Vasakarista],,Hamdard Bangladesh,100 ml bottle: ৳ 65.00,
29755,Bandish,herbal,bandishtablet1563-mg7812-mg,Tablet,"Bandish [Oak Galls, Tannic acid]",15.63 mg+78.12 mg,Ibn Sina Pharmaceuticals Ltd.,"Unit Price: ৳ 3.00,(30's pack: ৳ 90.00),",(30's pack: ৳ 90.00)
29719,Balarist-A,herbal,balarist-asyrup,Syrup,Balarista,,ACME Laboratories Ltd.,200 ml bottle: ৳ 100.00,
29718,Asparex,herbal,asparexsyrup,Syrup,Compound Asparagus,,ACME Laboratories Ltd.,200 ml bottle: ৳ 150.00,
28220,Asmarid,herbal,asmaridsyrup,Syrup,Mahadrakkharist [Grape extract],,ACME Laboratories Ltd.,200 ml bottle: ৳ 100.00,
28723,E-Cap,herbal,e-capcapsule600-iu,Capsule,Vitamin E [Alpha Tocopherol Acetate],600 IU,Drug International Ltd.,"Unit Price: ৳ 8.00,(30's pack: ৳ 240.00),",(30's pack: ৳ 240.00)
13951,E 400,herbal,e-400chewable-tablet400-iu,Chewable Tablet,Vitamin E [Alpha Tocopherol Acetate],400 IU,Bristol Pharmaceuticals Ltd.,"Unit Price: ৳ 5.00,(30's pack: ৳ 150.00),,Unit Price: ৳ 5.00,(50's pack: ৳ 250.00),","(30's pack: ৳ 150.00),(50's pack: ৳ 250.00)"
13950,E 200,herbal,e-200chewable-tablet200-iu,Chewable Tablet,Vitamin E [Alpha Tocopherol Acetate],200 IU,Bristol Pharmaceuticals Ltd.,"Unit Price: ৳ 3.33,(30's pack: ৳ 100.00),,Unit Price: ৳ 3.33,(100's pack: ৳ 333.00),","(30's pack: ৳ 100.00),(100's pack: ৳ 333.00)"
29655,Dysni,herbal,dysnitablet,Tablet,Pechish,,Hamdard Bangladesh,"Unit Price: ৳ 3.00,(50's pack: ৳ 150.00),",(50's pack: ৳ 150.00)
29761,Duratab,herbal,duratabtablet,Tablet,Habb-e-Nishat,,Ibn Sina Pharmaceuticals Ltd.,"Unit Price: ৳ 17.25,(10's pack: ৳ 172.50),",(10's pack: ৳ 172.50)
27662,Dubarel,herbal,dubarelsyrup,Syrup,Aushokarist [Saraca Indica],,Square Pharmaceuticals Ltd.,200 ml bottle: ৳ 100.00,
29654,Dolabi,herbal,dolabitablet,Tablet,Natural medicine for diabetes,,Hamdard Bangladesh,"Unit Price: ৳ 3.00,(50's pack: ৳ 150.00),",(50's pack: ৳ 150.00)
29563,DK,herbal,dkcapsule400-iu60-mcg30-mcg,Capsule,Vitamin D3 + Vitamin K1 + Vitamin K2,400 IU+60 mcg+30 mcg,Square Pharmaceuticals Ltd.,"Unit Price: ৳ 6.00,(30's pack: ৳ 180.00),",(30's pack: ৳ 180.00)
29760,Dirulina,herbal,dirulinacapsule500-mg,Capsule,Spirulina,500 mg,Ibn Sina Pharmaceuticals Ltd.,"Unit Price: ৳ 6.00,(50's pack: ৳ 300.00),",(50's pack: ৳ 300.00)
29722,Digac,herbal,digacsyrup,Syrup,Jamani Arka,,ACME Laboratories Ltd.,"100 ml bottle: ৳ 45.00,200 ml bottle: ৳ 80.00",
33111,Difans,herbal,difanssyrup5-mg,Syrup,Hazmina,5 mg,Drug International Ltd.,"100 ml bottle: ৳ 60.00,225 ml bottle: ৳ 90.00,450 ml bottle: ৳ 130.00",
29162,Devas,herbal,devassyrup,Syrup,Herbal cough syrup [Adhatoda Vasica],,Drug International Ltd.,"100 ml bottle: ৳ 70.00,200 ml bottle: ৳ 90.00",
29653,Dermaid,herbal,dermaidointment,Ointment,Marham Kharish,,Hamdard Bangladesh,20 gm tube: ৳ 70.00,
30996,Decaren,herbal,decarencapsule60-mg,Capsule,Coenzyme Q10 [Ubidecarenone],60 mg,Renata Limited,"Unit Price: ৳ 20.00,(30's pack: ৳ 600.00),",(30's pack: ৳ 600.00)
29652,Danta Rakkha,herbal,danta-rakkhaoral-powder,Oral Powder,Sanoon Babla,,Hamdard Bangladesh,50 gm pack: ৳ 65.00,
29704,Dabur Chyawanprash,herbal,dabur-chyawanprashoral-suspension,Oral Suspension,Emblic Myrobalan + Aswagandha + Grape,,Dabur India Limited,500 gm container: ৳ 300.00,
29787,D-Sefa,herbal,d-sefacapsule500-mg,Capsule,Nigella Sativa [Black Seed Oil],500 mg,Drug International Ltd.,"Unit Price: ৳ 7.00,(50's pack: ৳ 350.00),",(50's pack: ৳ 350.00)
27680,Curnoid,herbal,curnoidtablet500-mg,Tablet,Curcuminoids [Curcuma Longa],500 mg,Radiant Nutraceuticals Ltd.,"Unit Price: ৳ 35.00,(20's pack: ৳ 700.00),",(20's pack: ৳ 700.00)
27679,Cranbiotic,herbal,cranbioticcapsule400-mg,Capsule,Cranberry [Vaccinium macrocarpon],400 mg,Radiant Nutraceuticals Ltd.,"Unit Price: ৳ 20.00,(30's pack: ৳ 600.00),",(30's pack: ৳ 600.00)
30140,Cran-B,herbal,cran-bcapsule400-mg,Capsule,Cranberry [Vaccinium macrocarpon],400 mg,Incepta Pharmaceuticals Ltd.,"Unit Price: ৳ 14.00,(30's pack: ৳ 420.00),",(30's pack: ৳ 420.00)
13949,Cpvit E,herbal,cpvit-echewable-tablet200-mg,Chewable Tablet,Vitamin E [Alpha Tocopherol Acetate],200 mg,Cosmo Pharma Ltd.,"Unit Price: ৳ 2.00,(50's pack: ৳ 100.00),",(50's pack: ৳ 100.00)
14756,Cozyme,herbal,cozymecapsule60-mg,Capsule,Coenzyme Q10 [Ubidecarenone],60 mg,Drug International Ltd.,"Unit Price: ৳ 15.05,(30's pack: ৳ 451.50),",(30's pack: ৳ 451.50)
14755,Cozyme,herbal,cozymecapsule30-mg,Capsule,Coenzyme Q10 [Ubidecarenone],30 mg,Drug International Ltd.,"Unit Price: ৳ 8.05,(30's pack: ৳ 241.50),",(30's pack: ৳ 241.50)
14754,CoQ,herbal,coqcapsule60-mg,Capsule,Coenzyme Q10 [Ubidecarenone],60 mg,Beacon Pharmaceuticals Ltd.,"Unit Price: ৳ 15.05,(24's pack: ৳ 361.20),",(24's pack: ৳ 361.20)
14753,CoQ,herbal,coqcapsule30-mg,Capsule,Coenzyme Q10 [Ubidecarenone],30 mg,Beacon Pharmaceuticals Ltd.,"Unit Price: ৳ 8.02,(30's pack: ৳ 240.60),",(30's pack: ৳ 240.60)
29721,Cool max,herbal,cool-maxointment,Ointment,Mentha + Cinnamomum + Gaultheria + Capsicum,,ACME Laboratories Ltd.,20 gm tube: ৳ 70.00,
23426,Colmint,herbal,colmintcapsule187-mg02-ml,Capsule,Peppermint Oil,187 mg/0.2 ml,Square Pharmaceuticals Ltd.,"Each soft gel capsule: ৳ 6.00,(30's pack: ৳ 180.00),,Each liquid filled capsule: ৳ 7.02,(30's pack: ৳ 210.60),","(30's pack: ৳ 180.00),(30's pack: ৳ 210.60)"
29651,Cinkara,herbal,cinkarasyrup,Syrup,Herbal Multivitamin,,Hamdard Bangladesh,"100 ml bottle: ৳ 60.00,225 ml bottle: ৳ 120.00,450 ml bottle: ৳ 200.00",
29759,Chirol,herbal,chiroltablet,Tablet,Sharbat Musaffi,,Ibn Sina Pharmaceuticals Ltd.,"Unit Price: ৳ 3.00,(50's pack: ৳ 150.00),",(50's pack: ৳ 150.00)
30162,Femorose,herbal,femorosecapsule1000-mg,Capsule,Evening primrose oil,1000 mg,Incepta Pharmaceuticals Ltd.,"Unit Price: ৳ 12.00,(30's pack: ৳ 360.00),",(30's pack: ৳ 360.00)
29724,Femiton,herbal,femitontablet500-mg,Tablet,Monjistha [Rubia cordifolia],500 mg,ACME Laboratories Ltd.,"Unit Price: ৳ 5.00,(30's pack: ৳ 150.00),",(30's pack: ৳ 150.00)
29723,Fecilax,herbal,fecilaxeffervescent-powder35-gm75-mg538-gm,Effervescent Powder,Psyllium [Ispaghula Husk] + Senna Extract,(3.5 gm+7.5 mg)/5.38 gm,ACME Laboratories Ltd.,100 gm container: ৳ 350.00,
13982,EVV,herbal,evvchewable-tablet200-mg,Chewable Tablet,Vitamin E [Alpha Tocopherol Acetate],200 mg,Pharmadesh Laboratories Ltd.,"Unit Price: ৳ 5.52,(15's pack: ৳ 82.82),",(15's pack: ৳ 82.82)
13967,Evit,herbal,evitcapsule400-mg,Capsule,Vitamin E [Alpha Tocopherol Acetate],400 mg,Square Pharmaceuticals Ltd.,"Unit Price: ৳ 6.00,(30's pack: ৳ 180.00),",(30's pack: ৳ 180.00)
13966,Evit,herbal,evitcapsule200-mg,Capsule,Vitamin E [Alpha Tocopherol Acetate],200 mg,Square Pharmaceuticals Ltd.,"Unit Price: ৳ 4.00,(30's pack: ৳ 120.00),",(30's pack: ৳ 120.00)
13985,Evidon,herbal,evidonchewable-tablet200-mg,Chewable Tablet,Vitamin E [Alpha Tocopherol Acetate],200 mg,Doctor’s Chemical Works Ltd.,"Unit Price: ৳ 2.90,(100's pack: ৳ 290.00),",(100's pack: ৳ 290.00)
29658,Etrifal Ustukhudus,herbal,etrifal-ustukhuduspowder-for-suspension,Powder for Suspension,Lavendar [Lavendula stoechas],,Hamdard Bangladesh,100 gm container: ৳ 120.00,
27663,Eredex,herbal,eredexcapsule54-mg,Capsule,Yohimbine Hydrochloride,5.4 mg,Square Pharmaceuticals Ltd.,"Unit Price: ৳ 30.00,(24's pack: ৳ 720.00),",(24's pack: ৳ 720.00)
27504,Eprim Plus,herbal,eprim-pluscapsule1000-mg,Capsule,Evening primrose oil,1000 mg,Square Pharmaceuticals Ltd.,"Unit Price: ৳ 12.00,(30's pack: ৳ 360.00),",(30's pack: ৳ 360.00)
13077,Eprim,herbal,eprimcapsule500-mg,Capsule,Evening primrose oil,500 mg,Square Pharmaceuticals Ltd.,"Unit Price: ৳ 7.00,(30's pack: ৳ 210.00),",(30's pack: ৳ 210.00)
29157,Enerton,herbal,enertonsyrup,Syrup,Balarista,,Square Pharmaceuticals Ltd.,200 ml bottle: ৳ 170.00,
29657,Endurex,herbal,endurexcapsule,Capsule,Mumshik,,Hamdard Bangladesh,"Unit Price: ৳ 60.00,(20's pack: ৳ 1,200.00),","(20's pack: ৳ 1,200.00)"
29656,Endemali,herbal,endemalipowder-for-suspension,Powder for Suspension,Antacid [Unani],,Hamdard Bangladesh,"1 sachet: ৳ 19.00,(20's pack: ৳ 380.00),",(20's pack: ৳ 380.00)
13958,Efynal,herbal,efynalchewable-tablet200-mg,Chewable Tablet,Vitamin E [Alpha Tocopherol Acetate],200 mg,Healthcare Pharmaceuticals Ltd.,"Unit Price: ৳ 6.50,(25's pack: ৳ 162.50),",(25's pack: ৳ 162.50)
13954,Ecovit-S,herbal,ecovit-scapsule200-mg,Capsule,Vitamin E [Alpha Tocopherol Acetate],200 mg,Globe Pharmaceuticals Ltd.,"Unit Price: ৳ 4.00,(100's pack: ৳ 400.00),",(100's pack: ৳ 400.00)
13955,Ecovit,herbal,ecovitcapsule400-mg,Capsule,Vitamin E [Alpha Tocopherol Acetate],400 mg,Globe Pharmaceuticals Ltd.,"Unit Price: ৳ 6.00,(50's pack: ৳ 300.00),",(50's pack: ৳ 300.00)
28756,E-Zen,herbal,e-zenchewable-tablet200-mg,Chewable Tablet,Vitamin E [Alpha Tocopherol Acetate],200 mg,Zenith Pharmaceuticals Ltd.,"Unit Price: ৳ 3.51,(50's pack: ৳ 175.50),",(50's pack: ৳ 175.50)
28254,E-Tab,herbal,e-tabchewable-tablet200-iu,Chewable Tablet,Vitamin E [Alpha Tocopherol Acetate],200 IU,ACME Laboratories Ltd.,"Unit Price: ৳ 3.27,(100's pack: ৳ 327.00),",(100's pack: ৳ 327.00)
13963,E-Soft,herbal,e-softcapsule400-iu,Capsule,Vitamin E [Alpha Tocopherol Acetate],400 IU,Pacific Pharmaceuticals Ltd.,"Unit Price: ৳ 6.00,(50's pack: ৳ 300.00),",(50's pack: ৳ 300.00)
13962,E-Soft,herbal,e-softcapsule200-iu,Capsule,Vitamin E [Alpha Tocopherol Acetate],200 IU,Pacific Pharmaceuticals Ltd.,"Unit Price: ৳ 4.00,(100's pack: ৳ 400.00),",(100's pack: ৳ 400.00)
13961,E-Gold,herbal,e-goldcapsule200-iu,Capsule,Vitamin E [Alpha Tocopherol Acetate],200 IU,Rangs Pharmaceuticals Ltd.,"Unit Price: ৳ 4.02,(30's pack: ৳ 120.60),,Unit Price: ৳ 4.02,(50's pack: ৳ 201.00),","(30's pack: ৳ 120.60),(50's pack: ৳ 201.00)"
27802,E-Gold,herbal,e-goldcapsule400-iu,Capsule,Vitamin E [Alpha Tocopherol Acetate],400 IU,Rangs Pharmaceuticals Ltd.,"Unit Price: ৳ 6.00,(30's pack: ৳ 180.00),",(30's pack: ৳ 180.00)
13960,E-Gel DS,herbal,e-gel-dscapsule400-iu,Capsule,Vitamin E [Alpha Tocopherol Acetate],400 IU,Renata Limited,"Unit Price: ৳ 6.02,(50's pack: ৳ 301.00),",(50's pack: ৳ 301.00)
13959,E-Gel,herbal,e-gelcapsule200-iu,Capsule,Vitamin E [Alpha Tocopherol Acetate],200 IU,Renata Limited,"Unit Price: ৳ 4.01,(100's pack: ৳ 401.00),",(100's pack: ৳ 401.00)
13957,E-fill,herbal,e-fillcapsule400-mg,Capsule,Vitamin E [Alpha Tocopherol Acetate],400 mg,General Pharmaceuticals Ltd.,"Unit Price: ৳ 6.04,(30's pack: ৳ 181.20),",(30's pack: ৳ 181.20)
13956,E-fill,herbal,e-fillcapsule200-mg,Capsule,Vitamin E [Alpha Tocopherol Acetate],200 mg,General Pharmaceuticals Ltd.,"Unit Price: ৳ 4.04,(50's pack: ৳ 202.00),",(50's pack: ৳ 202.00)
31655,E-Cold,herbal,e-coldcapsule450-mg,Capsule,Echinacea,450 mg,Ibn Sina Pharmaceuticals Ltd.,"Unit Price: ৳ 5.00,(30's pack: ৳ 150.00),",(30's pack: ৳ 150.00)
13952,E-Cap,herbal,e-capcapsule200-iu,Capsule,Vitamin E [Alpha Tocopherol Acetate],200 IU,Drug International Ltd.,"Unit Price: ৳ 4.50,(100's pack: ৳ 450.00),,Unit Price: ৳ 4.50,(60's pack: ৳ 270.00),","(100's pack: ৳ 450.00),(60's pack: ৳ 270.00)"
29729,Hajmo-A,herbal,hajmo-atablet500-mg,Tablet,Vaskar Laban [Piper + Zingiber + Cinnamomum],500 mg,ACME Laboratories Ltd.,"Unit Price: ৳ 0.80,(25's pack: ৳ 20.00),,Unit Price: ৳ 0.80,(130's pack: ৳ 104.00),","(25's pack: ৳ 20.00),(130's pack: ৳ 104.00)"
33153,Gynolac,herbal,gynolaccapsule23-billion,Capsule,Probiotic Combination [2.3 Billion],2.3 billion,Drug International Ltd.,Price Unavailable,
29471,GoodGut,herbal,goodgutcapsule4-billion,Capsule,Probiotic Combination [4 Billion],4 billion,Renata Limited,"Unit Price: ৳ 16.00,(30's pack: ৳ 480.00),",(30's pack: ৳ 480.00)
32016,Goodbac-3S,herbal,goodbac-3scapsule4-billion,Capsule,Probiotic Combination [4 Billion],4 billion,Aristopharma Ltd.,"Unit Price: ৳ 40.00,(18's pack: ৳ 720.00),",(18's pack: ৳ 720.00)
32188,Gobison,herbal,gobisoncapsule120-mg,Capsule,Ginkgo Biloba,120 mg,Bronson  Laboratories (BD) Ltd.,"Unit Price: ৳ 25.00,(30's pack: ৳ 750.00),",(30's pack: ৳ 750.00)
29728,Gintonic,herbal,gintonicsyrup300-mg5-ml,Syrup,Panax Ginseng,300 mg/5 ml,ACME Laboratories Ltd.,200 ml bottle: ৳ 350.00,
29631,Ginton,herbal,gintoncapsule500-mg,Capsule,Panax Ginseng,500 mg,Hamdard Bangladesh,"Unit Price: ৳ 12.00,(30's pack: ৳ 360.00),",(30's pack: ৳ 360.00)
27655,Gintex,herbal,gintexcapsule500-mg,Capsule,Panax Ginseng,500 mg,Square Pharmaceuticals Ltd.,"Unit Price: ৳ 12.00,(30's pack: ৳ 360.00),",(30's pack: ৳ 360.00)
31654,Ginsina,herbal,ginsinacapsule500-mg,Capsule,Panax Ginseng,500 mg,Ibn Sina Pharmaceuticals Ltd.,"Unit Price: ৳ 8.00,(30's pack: ৳ 240.00),",(30's pack: ৳ 240.00)
27683,Ginoba,herbal,ginobacapsule60-mg,Capsule,Ginkgo Biloba,60 mg,Radiant Nutraceuticals Ltd.,"Unit Price: ৳ 20.00,(30's pack: ৳ 600.00),",(30's pack: ৳ 600.00)
31918,Ginkgo-B,herbal,ginkgo-bcapsule60-mg,Capsule,Ginkgo Biloba,60 mg,Aristopharma Ltd.,"Unit Price: ৳ 20.00,(30's pack: ৳ 600.00),",(30's pack: ৳ 600.00)
31652,Gingoba,herbal,gingobatablet120-mg,Tablet,Ginkgo Biloba,120 mg,Ibn Sina Pharmaceuticals Ltd.,"Unit Price: ৳ 16.00,(30's pack: ৳ 480.00),",(30's pack: ৳ 480.00)
31653,Gingoba,herbal,gingobatablet40-mg,Tablet,Ginkgo Biloba,40 mg,Ibn Sina Pharmaceuticals Ltd.,"Unit Price: ৳ 10.00,(30's pack: ৳ 300.00),",(30's pack: ৳ 300.00)
29727,Gingo,herbal,gingocapsule60-mg,Capsule,Ginkgo Biloba,60 mg,ACME Laboratories Ltd.,"Unit Price: ৳ 10.00,(30's pack: ৳ 300.00),",(30's pack: ৳ 300.00)
29867,Ginera,herbal,gineracapsule500-mg,Capsule,Panax Ginseng,500 mg,Renata Limited,"Unit Price: ৳ 25.00,(30's pack: ৳ 750.00),",(30's pack: ৳ 750.00)
32291,Ginax,herbal,ginaxcapsule500-mg,Capsule,Panax Ginseng,500 mg,Drug International Ltd.,"Unit Price: ৳ 7.00,(32's pack: ৳ 224.00),",(32's pack: ৳ 224.00)
27665,Giloba,herbal,gilobacapsule60-mg,Capsule,Ginkgo Biloba,60 mg,Square Pharmaceuticals Ltd.,"Unit Price: ৳ 10.00,(30's pack: ৳ 300.00),",(30's pack: ৳ 300.00)
27664,Giloba,herbal,gilobacapsule120-mg,Capsule,Ginkgo Biloba,120 mg,Square Pharmaceuticals Ltd.,"Unit Price: ৳ 15.00,(30's pack: ৳ 450.00),",(30's pack: ৳ 450.00)
27508,Gelaseed,herbal,gelaseedcapsule1000-mg,Capsule,Flaxseed oil [Linum Usitatissimum],1000 mg,Square Pharmaceuticals Ltd.,"Unit Price: ৳ 7.00,(30's pack: ৳ 210.00),",(30's pack: ৳ 210.00)
27682,Gastroaid,herbal,gastroaidtablet500-mg,Tablet,Fermented soy [Lactobacillus Delbrueckii],500 mg,Radiant Nutraceuticals Ltd.,"Unit Price: ৳ 10.00,(30's pack: ৳ 300.00),",(30's pack: ৳ 300.00)
32287,Garllium,herbal,garlliumcapsule385-mg,Capsule,Garlic Oil,385 mg,Renata Limited,"Unit Price: ৳ 25.00,(30's pack: ৳ 750.00),",(30's pack: ৳ 750.00)
28532,Garlin,herbal,garlincapsule10-mg,Capsule,Garlic Oil,10 mg,Square Pharmaceuticals Ltd.,"Unit Price: ৳ 6.00,(30's pack: ৳ 180.00),",(30's pack: ৳ 180.00)
29107,Garlicap,herbal,garlicapcapsule10-mg,Capsule,Garlic Oil,10 mg,Drug International Ltd.,"Unit Price: ৳ 3.00,(50's pack: ৳ 150.00),",(50's pack: ৳ 150.00)
29660,Frodex,herbal,frodextablet,Tablet,Ambar Momiyaee,,Hamdard Bangladesh,"Unit Price: ৳ 42.50,(20's pack: ৳ 850.00),",(20's pack: ৳ 850.00)
31651,Flucare,herbal,flucarecapsule200-mg,Capsule,Andrographis paniculata,200 mg,Ibn Sina Pharmaceuticals Ltd.,"Unit Price: ৳ 5.00,(30's pack: ৳ 150.00),",(30's pack: ৳ 150.00)
27681,Floriz,herbal,floriztablet1000-mcg,Tablet,Biotin,1000 mcg,Radiant Nutraceuticals Ltd.,"Unit Price: ৳ 20.00,(30's pack: ৳ 600.00),",(30's pack: ৳ 600.00)
21161,Fiberlax Ultra,herbal,fiberlax-ultraeffervescent-granules35-gm135-mgsachet,Effervescent Granules,Ispaghula Husk + Mebeverine Hydrochloride,(3.5 gm+135 mg)/sachet,Incepta Pharmaceuticals Ltd.,"3.5 gm sachet: ৳ 20.00,(20's pack: ৳ 400.00),",(20's pack: ৳ 400.00)
29659,Fevnil,herbal,fevnilsyrup,Syrup,Khakshi,,Hamdard Bangladesh,100 ml bottle: ৳ 70.00,
29725,Ferodin,herbal,ferodincapsule500-mg,Capsule,Nabayas Louha Herbal Haematinic,500 mg,ACME Laboratories Ltd.,"Unit Price: ৳ 2.00,(50's pack: ৳ 100.00),",(50's pack: ৳ 100.00)
29869,JeeBee,herbal,jeebeecapsule60-mg,Capsule,Ginkgo Biloba,60 mg,Renata Limited,"Unit Price: ৳ 20.00,(30's pack: ৳ 600.00),",(30's pack: ৳ 600.00)
29125,Jarira,herbal,jariracapsule250-mg,Capsule,Chirata [Swertia Chirata],250 mg,Drug International Ltd.,"Unit Price: ৳ 4.00,(40's pack: ৳ 160.00),",(40's pack: ৳ 160.00)
29906,Ispahusk,herbal,ispahuskeffervescent-powder35-gm75-mg538-gm,Effervescent Powder,Psyllium [Ispaghula Husk] + Senna Extract,(3.5 gm+7.5 mg)/5.38 gm,UniMed UniHealth,130 gm container: ৳ 400.00,
31649,Isabgul Plus,herbal,isabgul-pluseffervescent-powder3-gm1-gm4-gm,Effervescent Powder,Ispaghula Husk + Sonapata,(3 gm+1 gm)/4 gm,Ibn Sina Pharmaceuticals Ltd.,"4 gm sachet: ৳ 15.00,(20's pack: ৳ 300.00),",(20's pack: ৳ 300.00)
29376,Isabgul Plus,herbal,isabgul-pluseffervescent-powder3-gm1-gm4-gm,Effervescent Powder,Ispaghula Husk + Sonapata,(3 gm+1 gm)/4 gm,Ibn Sina Pharmaceuticals Ltd.,100 gm container: ৳ 330.00,
31657,Iripum,herbal,iripumcapsule500-mg,Capsule,Pumpkin [Cucurbita pepo],500 mg,Ibn Sina Pharmaceuticals Ltd.,"Unit Price: ৳ 7.00,(30's pack: ৳ 210.00),",(30's pack: ৳ 210.00)
30328,Intellon,herbal,intelloncapsule120-mg,Capsule,Ginkgo Biloba,120 mg,Total Natural Company,"Unit Price: ৳ 25.00,(30's pack: ৳ 750.00),",(30's pack: ৳ 750.00)
29671,Insperm,herbal,inspermtablet,Tablet,Espand,,Hamdard Bangladesh,"Unit Price: ৳ 3.00,(50's pack: ৳ 150.00),",(50's pack: ৳ 150.00)
13970,Inovit E,herbal,inovit-ecapsule400-mg,Capsule,Vitamin E [Alpha Tocopherol Acetate],400 mg,Incepta Pharmaceuticals Ltd.,"Unit Price: ৳ 6.00,(30's pack: ৳ 180.00),",(30's pack: ৳ 180.00)
13969,Inovit E,herbal,inovit-ecapsule200-mg,Capsule,Vitamin E [Alpha Tocopherol Acetate],200 mg,Incepta Pharmaceuticals Ltd.,"Unit Price: ৳ 4.00,(30's pack: ৳ 120.00),",(30's pack: ৳ 120.00)
29595,Improliv,herbal,improlivcapsule140-mg,Capsule,Silymarin [Milk thistle],140 mg,Veritas Pharmaceuticals Ltd.,"Unit Price: ৳ 9.00,(30's pack: ৳ 270.00),",(30's pack: ৳ 270.00)
31554,Immuna,herbal,immunacapsule450-mg,Capsule,Spirulina,450 mg,Alien Pharma,"Unit Price: ৳ 15.50,(30's pack: ৳ 465.00),",(30's pack: ৳ 465.00)
29670,Icturn,herbal,icturnsyrup,Syrup,Dinar,,Hamdard Bangladesh,"100 ml bottle: ৳ 60.00,225 ml bottle: ৳ 100.00,450 ml bottle: ৳ 150.00",
29732,Honeybas,herbal,honeybassyrup,Syrup,Herbal cough syrup [Adhatoda Vasica],,ACME Laboratories Ltd.,100 ml bottle: ৳ 75.00,
29108,HollySeed,herbal,hollyseedcapsule500-mg,Capsule,Nigella Sativa [Black Seed Oil],500 mg,Opsonin Pharma Ltd.,"Unit Price: ৳ 8.00,(60's pack: ৳ 480.00),",(60's pack: ৳ 480.00)
29669,Hermin,herbal,hermintablet,Tablet,Rehmin,,Hamdard Bangladesh,"Unit Price: ৳ 6.00,(50's pack: ৳ 300.00),",(50's pack: ৳ 300.00)
29731,Hepatolin,herbal,hepatolinsyrup,Syrup,Rohitakarista,,ACME Laboratories Ltd.,"200 ml bottle: ৳ 75.00,450 ml bottle: ৳ 150.00",
31125,Hepanor,herbal,hepanorcapsule70-mg,Capsule,Silymarin [Milk thistle],70 mg,Drug International Ltd.,"Unit Price: ৳ 6.00,(32's pack: ৳ 192.00),",(32's pack: ৳ 192.00)
29858,Hepanor,herbal,hepanorcapsule140-mg,Capsule,Silymarin [Milk thistle],140 mg,Drug International Ltd.,"Unit Price: ৳ 9.00,(20's pack: ৳ 180.00),",(20's pack: ৳ 180.00)
28268,Hepamilk,herbal,hepamilkcapsule70-mg,Capsule,Silymarin [Milk thistle],70 mg,ACME Laboratories Ltd.,"Unit Price: ৳ 5.00,(30's pack: ৳ 150.00),,Unit Price: ৳ 5.00,(20's pack: ৳ 100.00),","(30's pack: ৳ 150.00),(20's pack: ৳ 100.00)"
16676,Hepamilk,herbal,hepamilkcapsule140-mg,Capsule,Silymarin [Milk thistle],140 mg,ACME Laboratories Ltd.,"Unit Price: ৳ 9.00,(20's pack: ৳ 180.00),",(20's pack: ৳ 180.00)
32094,Hepamarin,herbal,hepamarincapsule140-mg,Capsule,Silymarin [Milk thistle],140 mg,Aristopharma Ltd.,"Unit Price: ৳ 11.00,(30's pack: ৳ 330.00),",(30's pack: ৳ 330.00)
29668,Hepalgin,herbal,hepalgintablet,Tablet,Kabid Nawshadri,,Hamdard Bangladesh,"Unit Price: ৳ 2.00,(100's pack: ৳ 200.00),",(100's pack: ৳ 200.00)
29730,Hemorist,herbal,hemoristsyrup,Syrup,Abhayarista,,ACME Laboratories Ltd.,200 ml bottle: ৳ 60.00,
29667,Helax,herbal,helaxtablet13043-mg8696-mg1812mg,Tablet,Aloe + Black Pepper + Henbane,130.43 mg+86.96 mg+18.12mg,Hamdard Bangladesh,"Unit Price: ৳ 2.00,(50's pack: ৳ 100.00),",(50's pack: ৳ 100.00)
29666,Hantar,herbal,hantartablet166-gm166-gm166-gm,Tablet,White Damar + Acacia + Bole Rubra,1.66 gm+1.66 gm+1.66 gm,Hamdard Bangladesh,"Unit Price: ৳ 2.00,(50's pack: ৳ 100.00),",(50's pack: ৳ 100.00)
29665,Hanrhoid-B,herbal,hanrhoid-btablet100-mg3333-mg1667-mg,Tablet,Guggul + Barberry + Chebulic Myrobalan,100 mg+33.33 mg+16.67 mg,Hamdard Bangladesh,"Unit Price: ৳ 3.00,(50's pack: ৳ 150.00),",(50's pack: ৳ 150.00)
29664,Hanrhoid,herbal,hanrhoidtablet125-mg125-mg,Tablet,Chebulic Myrobalan + Barberry,125 mg+125 mg,Hamdard Bangladesh,"Unit Price: ৳ 3.00,(50's pack: ৳ 150.00),",(50's pack: ৳ 150.00)
29663,Hanpy,herbal,hanpytablet6428-mg4286-mg2143-mg,Tablet,Datura + Rhubarb + Ginger,64.28 mg+42.86 mg+21.43 mg,Hamdard Bangladesh,"Unit Price: ৳ 2.00,(50's pack: ৳ 100.00),",(50's pack: ৳ 100.00)
27684,Luzent,herbal,luzentcapsule20-mg5-mg,Capsule,Lutein + Zeaxanthin,20 mg+5 mg,Radiant Nutraceuticals Ltd.,"Unit Price: ৳ 35.00,(27's pack: ৳ 945.00),",(27's pack: ৳ 945.00)
31091,Luvena,herbal,luvenacapsule32-billion,Capsule,Probiotic Combination [3.2 Billion],3.2 billion,Incepta Pharmaceuticals Ltd.,"Unit Price: ৳ 30.00,(20's pack: ৳ 600.00),",(20's pack: ৳ 600.00)
29678,Lubub Kabir,herbal,lubub-kabirpowder-for-suspension,Powder for Suspension,Salep + Coconut + Poppy Seeds +  Almond,,Hamdard Bangladesh,100 gm container: ৳ 750.00,
27668,Livolite,herbal,livolitecapsule200-mg,Capsule,Andrographis paniculata,200 mg,Square Pharmaceuticals Ltd.,"Unit Price: ৳ 5.00,(30's pack: ৳ 150.00),",(30's pack: ৳ 150.00)
16680,Livec,herbal,liveccapsule70-mg,Capsule,Silymarin [Milk thistle],70 mg,Hamdard Bangladesh,"Unit Price: ৳ 8.00,(30's pack: ৳ 240.00),",(30's pack: ৳ 240.00)
27624,Livasil,herbal,livasilcapsule140-mg,Capsule,Silymarin [Milk thistle],140 mg,Incepta Pharmaceuticals Ltd.,"Unit Price: ৳ 11.00,(30's pack: ৳ 330.00),",(30's pack: ৳ 330.00)
27623,Livasil,herbal,livasilcapsule70-mg,Capsule,Silymarin [Milk thistle],70 mg,Incepta Pharmaceuticals Ltd.,"Unit Price: ৳ 7.00,(30's pack: ৳ 210.00),",(30's pack: ৳ 210.00)
1427,Liqumint,herbal,liqumintcapsule187-mg02-ml,Capsule,Peppermint Oil,187 mg/0.2 ml,Beacon Pharmaceuticals Ltd.,"Unit Price: ৳ 7.05,(30's pack: ৳ 211.50),",(30's pack: ৳ 211.50)
13971,Liqu-E,herbal,liqu-ecapsule200-mg,Capsule,Vitamin E [Alpha Tocopherol Acetate],200 mg,Beacon Pharmaceuticals Ltd.,"30 capsule in a bottle: ৳ 120.60,50 capsule in blister: ৳ 201.00",
29637,Lina,herbal,linacapsule500-mg,Capsule,Spirulina,500 mg,Hamdard Bangladesh,"Unit Price: ৳ 8.00,(30's pack: ৳ 240.00),",(30's pack: ৳ 240.00)
29636,Lina,herbal,linacapsule250-mg,Capsule,Spirulina,250 mg,Hamdard Bangladesh,"Unit Price: ৳ 6.00,(30's pack: ৳ 180.00),",(30's pack: ৳ 180.00)
13988,Lifil-E,herbal,lifil-ecapsule400-mg,Capsule,Vitamin E [Alpha Tocopherol Acetate],400 mg,ACME Laboratories Ltd.,"Unit Price: ৳ 6.00,(50's pack: ৳ 300.00),",(50's pack: ৳ 300.00)
13987,Lifil-E,herbal,lifil-ecapsule200-mg,Capsule,Vitamin E [Alpha Tocopherol Acetate],200 mg,ACME Laboratories Ltd.,"Unit Price: ৳ 4.00,(50's pack: ৳ 200.00),",(50's pack: ৳ 200.00)
29677,Libidex,herbal,libidexcapsule,Capsule,Saffron + Mace arillus + Nutmeg fruit,,Hamdard Bangladesh,"Unit Price: ৳ 32.50,(20's pack: ৳ 650.00),",(20's pack: ৳ 650.00)
29734,Lecosav,herbal,lecosavsyrup,Syrup,Patrangasav,,ACME Laboratories Ltd.,200 ml bottle: ৳ 110.00,
27667,Lecor,herbal,lecorsyrup,Syrup,Patrangasav,,Square Pharmaceuticals Ltd.,200 ml bottle: ৳ 140.00,
32846,Laxadil-Senna,herbal,laxadil-sennaeffervescent-powder35-gm75-mg538-gm,Effervescent Powder,Psyllium [Ispaghula Husk] + Senna Extract,(3.5 gm+7.5 mg)/5.38 gm,Drug International Ltd.,Price Unavailable,
29635,Ladica,herbal,ladicacapsule40-mg,Capsule,Black Cohosh [Cimicifuga Racemosa],40 mg,Hamdard Bangladesh,"Unit Price: ৳ 6.00,(30's pack: ৳ 180.00),",(30's pack: ৳ 180.00)
30311,Lactohil,herbal,lactohiloral-powder100-gmcontainer,Oral Powder,23 herb formula to increase breast milk,100 gm/container,HLL Lifecare Limited,100 gm container: ৳ 575.00,
33154,Lactoflora,herbal,lactofloracapsule2-billion,Capsule,Probiotic Combination [2 Billion],2 billion,Drug International Ltd.,Price Unavailable,
29676,Kulzam,herbal,kulzamliquid,Liquid,Camphor + Thymol + Menthol + Eucalyptus oil,,Hamdard Bangladesh,50 ml drop: ৳ 70.00,
28008,Kofsol,herbal,kofsolsyrup,Syrup,Herbal cough syrup [Adhatoda Vasica],,Kemiko Pharmaceuticals Ltd.,100 ml bottle: ৳ 65.00,
29634,Kobi,herbal,kobicapsule40-mg,Capsule,Ginkgo Biloba,40 mg,Hamdard Bangladesh,"Unit Price: ৳ 6.00,(30's pack: ৳ 180.00),",(30's pack: ৳ 180.00)
29633,Kobi,herbal,kobicapsule60-mg,Capsule,Ginkgo Biloba,60 mg,Hamdard Bangladesh,"Unit Price: ৳ 7.00,(30's pack: ৳ 210.00),",(30's pack: ৳ 210.00)
29733,Kidcare,herbal,kidcaresyrup,Syrup,Jirakaddarista,,ACME Laboratories Ltd.,100 ml bottle: ৳ 80.00,
29675,Joshina,herbal,joshinapowder-for-suspension6-gmsachet,Powder for Suspension,Herbal cough syrup [Glycyrrhiza Glabra],6 gm/sachet,Hamdard Bangladesh,"6 gm sachet: ৳ 13.00,(25's pack: ৳ 325.00),",(25's pack: ৳ 325.00)
27666,Jorvan,herbal,jorvancapsule500-mg,Capsule,Jogaraj Guggulu,500 mg,Square Pharmaceuticals Ltd.,"Unit Price: ৳ 8.00,(30's pack: ৳ 240.00),",(30's pack: ৳ 240.00)
29632,Jonort,herbal,jonortcapsule300-mg,Capsule,St. John’s Wort,300 mg,Hamdard Bangladesh,"Unit Price: ৳ 7.00,(30's pack: ৳ 210.00),",(30's pack: ৳ 210.00)
29674,Jinsant,herbal,jinsantsyrup,Syrup,Jinsin,,Hamdard Bangladesh,"100 ml bottle: ৳ 80.00,225 ml bottle: ৳ 150.00,450 ml bottle: ৳ 240.00",
27670,Nilagel,herbal,nilagelcapsule500-mg,Capsule,Nigella Sativa [Black Seed Oil],500 mg,Square Pharmaceuticals Ltd.,"Unit Price: ৳ 7.50,(30's pack: ৳ 225.00),",(30's pack: ৳ 225.00)
29353,Neuriva,herbal,neurivacapsule60-mg,Capsule,Ginkgo Biloba,60 mg,UniMed UniHealth,"Unit Price: ৳ 20.00,(30's pack: ৳ 600.00),",(30's pack: ৳ 600.00)
29740,Nervolin,herbal,nervolinsyrup,Syrup,Aswagandharista,,ACME Laboratories Ltd.,200 ml bottle: ৳ 80.00,
29684,Nervent,herbal,nerventtablet,Tablet,"Jadwar [Denudatum, Saffron, Henbane]",,Hamdard Bangladesh,"Unit Price: ৳ 20.00,(50's pack: ৳ 1,000.00),","(50's pack: ৳ 1,000.00)"
27653,Navit,herbal,navitcapsule500-mg,Capsule,Spirulina,500 mg,Square Pharmaceuticals Ltd.,"Unit Price: ৳ 8.00,(30's pack: ৳ 240.00),",(30's pack: ৳ 240.00)
29683,Naunehal,herbal,naunehalsyrup,Syrup,Aniseed + Indian dill + Black cardamom + Peppermint,,Hamdard Bangladesh,100 ml bottle: ৳ 60.00,
25414,Nature-E,herbal,nature-ecapsule400-iu,Capsule,Vitamin E [Alpha Tocopherol Acetate],400 IU,UniMed UniHealth,"Unit Price: ৳ 7.00,(30's pack: ৳ 210.00),",(30's pack: ৳ 210.00)
25413,Nature-E,herbal,nature-ecapsule200-iu,Capsule,Vitamin E [Alpha Tocopherol Acetate],200 IU,UniMed UniHealth,"Unit Price: ৳ 5.00,(30's pack: ৳ 150.00),",(30's pack: ৳ 150.00)
31017,Natlina,herbal,natlinacapsule500-mg,Capsule,Spirulina,500 mg,Opsonin Pharma Ltd.,"Unit Price: ৳ 10.00,(30's pack: ৳ 300.00),",(30's pack: ৳ 300.00)
27613,Natlax,herbal,natlaxeffervescent-powder35-gm75-mg538-gm,Effervescent Powder,Psyllium [Ispaghula Husk] + Senna Extract,(3.5 gm+7.5 mg)/5.38 gm,Radiant Nutraceuticals Ltd.,100 gm container: ৳ 400.00,
27669,Monera,herbal,monerasyrup,Syrup,Bacopa extract [Natural memory enhancer],,Square Pharmaceuticals Ltd.,100 ml bottle: ৳ 80.00,
32720,Mintol,herbal,mintolcapsule187-mg02-ml,Capsule,Peppermint Oil,187 mg/0.2 ml,General Pharmaceuticals Ltd.,"Unit Price: ৳ 7.05,(30's pack: ৳ 211.50),",(30's pack: ৳ 211.50)
32719,Mintek,herbal,mintekcapsule187-mg02-ml,Capsule,Peppermint Oil,187 mg/0.2 ml,Drug International Ltd.,"Unit Price: ৳ 6.05,(50's pack: ৳ 302.50),",(50's pack: ৳ 302.50)
21163,Mevelum,herbal,mevelumeffervescent-granules35-gm135-mgsachet,Effervescent Granules,Ispaghula Husk + Mebeverine Hydrochloride,(3.5 gm+135 mg)/sachet,Ziska Pharmaceuticals Ltd.,"3.5 gm sachet: ৳ 14.00,(20's pack: ৳ 280.00),",(20's pack: ৳ 280.00)
32189,Methicap,herbal,methicapcapsule140-mg,Capsule,Silymarin [Milk thistle],140 mg,Bronson  Laboratories (BD) Ltd.,"Unit Price: ৳ 20.00,(30's pack: ৳ 600.00),",(30's pack: ৳ 600.00)
27649,Mestiza,herbal,mestizacapsule40-mg,Capsule,Black Cohosh [Cimicifuga Racemosa],40 mg,Incepta Pharmaceuticals Ltd.,"Unit Price: ৳ 8.00,(30's pack: ৳ 240.00),",(30's pack: ৳ 240.00)
29738,Menotox,herbal,menotoxsyrup,Syrup,Ashokarista,,ACME Laboratories Ltd.,200 ml bottle: ৳ 80.00,
28881,Menopa,herbal,menopacapsule40-mg,Capsule,Black Cohosh [Cimicifuga Racemosa],40 mg,Kemiko Pharmaceuticals Ltd.,"Unit Price: ৳ 5.00,(30's pack: ৳ 150.00),",(30's pack: ৳ 150.00)
33118,Menoherb,herbal,menoherbcapsule40-mg,Capsule,Black Cohosh [Cimicifuga Racemosa],40 mg,Drug International Ltd.,Price Unavailable,
27685,Menofemin,herbal,menofemincapsule40-mg,Capsule,Black Cohosh [Cimicifuga Racemosa],40 mg,Radiant Nutraceuticals Ltd.,"Unit Price: ৳ 12.00,(30's pack: ৳ 360.00),",(30's pack: ৳ 360.00)
29737,Menocare,herbal,menocarecapsule40-mg,Capsule,Black Cohosh [Cimicifuga Racemosa],40 mg,ACME Laboratories Ltd.,"Unit Price: ৳ 5.00,(30's pack: ৳ 150.00),",(30's pack: ৳ 150.00)
31394,Melbit,herbal,melbitcapsule400-mg,Capsule,Bitter Melon [Korola],400 mg,Drug International Ltd.,"Unit Price: ৳ 3.00,(40's pack: ৳ 120.00),",(40's pack: ৳ 120.00)
29736,Megajoy,herbal,megajoytablet54-mg,Tablet,Yohimbine Hydrochloride,5.4 mg,ACME Laboratories Ltd.,"Unit Price: ৳ 30.00,(10's pack: ৳ 300.00),",(10's pack: ৳ 300.00)
30422,Mebo,herbal,meboointment025-ww,Ointment,β-Sitosterol,0.25% w/w,Gulf pharmaceutical industries,"15 gm tube: ৳ 345.00,30 gm tube: ৳ 580.00",
32187,Maxton,herbal,maxtoncapsule500-mg,Capsule,Panax Ginseng,500 mg,Bronson  Laboratories (BD) Ltd.,"Unit Price: ৳ 20.00,(30's pack: ৳ 600.00),",(30's pack: ৳ 600.00)
29682,Masturin,herbal,masturinsyrup,Syrup,Devil’s Cotton + Ashoka bark + Aswagandha,,Hamdard Bangladesh,"100 ml bottle: ৳ 60.00,225 ml bottle: ৳ 100.00,450 ml bottle: ৳ 150.00",
29735,Mariment,herbal,marimentointment004-gmgm,Ointment,Calendula Officinalis [Marigold],0.04 gm/gm,ACME Laboratories Ltd.,10 gm tube: ৳ 50.00,
29681,Marbelus,herbal,marbelussyrup1-gm05-gm5-ml,Syrup,Belgiri [Bael fruit + Connessi bark],(1 gm+0.5 gm)/5 ml,Hamdard Bangladesh,"100 ml bottle: ৳ 60.00,225 ml bottle: ৳ 100.00",
29680,Majoon Mugalliz,herbal,majoon-mugallizpowder-for-suspension,Powder for Suspension,Almond + Coconut + Edible Pine + Salep,,Hamdard Bangladesh,100 gm container: ৳ 170.00,
27650,Premelos,herbal,premeloscapsule60-mg,Capsule,Ginkgo Biloba,60 mg,Incepta Pharmaceuticals Ltd.,"Unit Price: ৳ 7.00,(30's pack: ৳ 210.00),",(30's pack: ৳ 210.00)
27692,Pirulin,herbal,pirulincapsule500-mg,Capsule,Spirulina,500 mg,Radiant Nutraceuticals Ltd.,"Unit Price: ৳ 10.00,(30's pack: ৳ 300.00),",(30's pack: ৳ 300.00)
29594,Pirugold,herbal,pirugoldcapsule500-mg,Capsule,Spirulina,500 mg,Veritas Pharmaceuticals Ltd.,"Unit Price: ৳ 6.00,(30's pack: ৳ 180.00),",(30's pack: ৳ 180.00)
29743,Perkup,herbal,perkupcapsule300-mg,Capsule,St. John’s Wort,300 mg,ACME Laboratories Ltd.,"Unit Price: ৳ 3.00,(20's pack: ৳ 60.00),",(20's pack: ৳ 60.00)
27672,Pepnor,herbal,pepnorsyrup,Syrup,Jeerakaddarishta Carminative,,Square Pharmaceuticals Ltd.,100 ml bottle: ৳ 80.00,
29688,Peniton,herbal,penitonliquid,Liquid,"Tila Jadeed [Madar, Mace arillus, Nutmeg nut]",,Hamdard Bangladesh,"15 ml drop: ৳ 200.00,20 gm ointment: ৳ 200.00",
29687,Peblew,herbal,peblewtablet1563-mg7812-mg,Tablet,"Bandish [Oak Galls, Tannic acid]",15.63 mg+78.12 mg,Hamdard Bangladesh,"Unit Price: ৳ 2.00,(50's pack: ৳ 100.00),",(50's pack: ৳ 100.00)
28880,Pavitex,herbal,pavitexcapsule500-mg,Capsule,Panax Ginseng,500 mg,Kemiko Pharmaceuticals Ltd.,"Unit Price: ৳ 22.00,(20's pack: ৳ 440.00),",(20's pack: ৳ 440.00)
29116,Papaya,herbal,papayacapsule250-mg,Capsule,Carica Papaya Leaf Extract,250 mg,Ibn Sina Pharmaceuticals Ltd.,"Unit Price: ৳ 15.00,(20's pack: ৳ 300.00),",(20's pack: ৳ 300.00)
27686,Panaseng,herbal,panasengcapsule100-mg,Capsule,Panax Ginseng,100 mg,Radiant Nutraceuticals Ltd.,"Unit Price: ৳ 20.00,(30's pack: ৳ 600.00),",(30's pack: ৳ 600.00)
29593,Panaking,herbal,panakingcapsule100-mg,Capsule,Panax Ginseng,100 mg,Veritas Pharmaceuticals Ltd.,"Unit Price: ৳ 15.00,(30's pack: ৳ 450.00),",(30's pack: ৳ 450.00)
32190,Paltex,herbal,paltexcapsule160-mg,Capsule,Saw Palmetto (160 mg),160 mg,Bronson  Laboratories (BD) Ltd.,"Unit Price: ৳ 20.00,(30's pack: ৳ 600.00),",(30's pack: ৳ 600.00)
29640,Palmet,herbal,palmetcapsule160-mg,Capsule,Saw Palmetto (160 mg),160 mg,Hamdard Bangladesh,"Unit Price: ৳ 8.00,(30's pack: ৳ 240.00),",(30's pack: ৳ 240.00)
28879,Painthol,herbal,paintholmuscle-rub2540-mg1430-mg420-mg005-mggm,Muscle Rub,Menthol + Camphor + Methyl Salicylate + Oleoresin Capsicum,(25.40 mg+14.30 mg+4.20 mg+0.05 mg)/gm,Kemiko Pharmaceuticals Ltd.,20 gm tube: ৳ 50.00,
17218,Oxi-Q,herbal,oxi-qcapsule60-mg,Capsule,Coenzyme Q10 [Ubidecarenone],60 mg,NIPRO JMI Pharma Ltd.,"Unit Price: ৳ 18.05,(20's pack: ৳ 361.00),",(20's pack: ৳ 361.00)
17217,Oxi-Q,herbal,oxi-qcapsule30-mg,Capsule,Coenzyme Q10 [Ubidecarenone],30 mg,NIPRO JMI Pharma Ltd.,"Unit Price: ৳ 12.04,(30's pack: ৳ 361.20),",(30's pack: ৳ 361.20)
13974,Ovit-E,herbal,ovit-ecapsule400-iu,Capsule,Vitamin E [Alpha Tocopherol Acetate],400 IU,Opsonin Pharma Ltd.,"Unit Price: ৳ 6.00,(50's pack: ৳ 300.00),",(50's pack: ৳ 300.00)
13973,Ovit-E,herbal,ovit-ecapsule200-iu,Capsule,Vitamin E [Alpha Tocopherol Acetate],200 IU,Opsonin Pharma Ltd.,"Unit Price: ৳ 4.00,(100's pack: ৳ 400.00),",(100's pack: ৳ 400.00)
29892,Ostylon,herbal,ostyloncapsule400-mg,Capsule,Devil's Claw,400 mg,Empiric Laboratories Ltd.,"Unit Price: ৳ 19.83,(30's pack: ৳ 595.00),",(30's pack: ৳ 595.00)
27671,Ocubil,herbal,ocubilcapsule160-mg,Capsule,Bilberry fruit [Vaccinium myrtillus L],160 mg,Square Pharmaceuticals Ltd.,"Unit Price: ৳ 20.00,(30's pack: ৳ 600.00),",(30's pack: ৳ 600.00)
33119,Ocuberry,herbal,ocuberrycapsule160-mg,Capsule,Bilberry fruit [Vaccinium myrtillus L],160 mg,Drug International Ltd.,Price Unavailable,
29866,Nutrilina,herbal,nutrilinacapsule500-mg,Capsule,Spirulina,500 mg,Renata Limited,"Unit Price: ৳ 12.00,(30's pack: ৳ 360.00),,Unit Price: ৳ 12.00,(60's pack: ৳ 720.00),","(30's pack: ৳ 360.00),(60's pack: ৳ 720.00)"
32164,Novotin,herbal,novotincapsule2500-mcg,Capsule,Biotin,2500 mcg,UniMed UniHealth,"Unit Price: ৳ 25.00,(30's pack: ৳ 750.00),",(30's pack: ৳ 750.00)
30122,Novotin,herbal,novotincapsule5000-mcg,Capsule,Biotin,5000 mcg,UniMed UniHealth,"Unit Price: ৳ 30.00,(30's pack: ৳ 900.00),",(30's pack: ৳ 900.00)
30121,Novotin,herbal,novotincapsule1000-mcg,Capsule,Biotin,1000 mcg,UniMed UniHealth,"Unit Price: ৳ 20.00,(30's pack: ৳ 600.00),",(30's pack: ৳ 600.00)
29686,Normatensin,herbal,normatensintablet,Tablet,"Fishar [Snake root, Potassium, Magnesium]",,Hamdard Bangladesh,"Unit Price: ৳ 3.00,(50's pack: ৳ 150.00),",(50's pack: ৳ 150.00)
29685,Nishat,herbal,nishattablet,Tablet,Saffron + Sand Lizard + Nutmeg fruit,,Hamdard Bangladesh,"Unit Price: ৳ 23.00,(50's pack: ৳ 1,150.00),","(50's pack: ৳ 1,150.00)"
29639,Nimulant,herbal,nimulantcapsule450-mg,Capsule,Echinacea,450 mg,Hamdard Bangladesh,"Unit Price: ৳ 8.00,(30's pack: ৳ 240.00),",(30's pack: ৳ 240.00)
29742,Nim-A,herbal,nim-acapsule500-mg,Capsule,Nimbadi Churna,500 mg,ACME Laboratories Ltd.,"Unit Price: ৳ 5.00,(30's pack: ৳ 150.00),",(30's pack: ৳ 150.00)
27676,Revatol,herbal,revatolsyrup,Syrup,Mahadrakkharist [Grape extract],,Square Pharmaceuticals Ltd.,200 ml bottle: ৳ 130.00,
29745,Reumacare,herbal,reumacaresyrup,Syrup,Prasarani Sandhan,,ACME Laboratories Ltd.,200 ml bottle: ৳ 110.00,
14759,ResQ,herbal,resqcapsule60-mg,Capsule,Coenzyme Q10 [Ubidecarenone],60 mg,Square Pharmaceuticals Ltd.,"Unit Price: ৳ 15.05,(18's pack: ৳ 270.90),",(18's pack: ৳ 270.90)
14758,ResQ,herbal,resqcapsule30-mg,Capsule,Coenzyme Q10 [Ubidecarenone],30 mg,Square Pharmaceuticals Ltd.,"Unit Price: ৳ 8.03,(30's pack: ৳ 240.90),",(30's pack: ৳ 240.90)
27657,Remocof,herbal,remocofsyrup,Syrup,Herbal cough syrup [Adhatoda Vasica],,Incepta Pharmaceuticals Ltd.,"100 ml bottle: ৳ 55.00,200 ml bottle: ৳ 105.00",
27675,Reli Balm,herbal,reli-balmcream80-mg45-mg180-mg10-mg,Cream,Menthol + Camphor + Eucalyptus Oil + Mint Oil,80 mg+45 mg+180 mg+10 mg,Square Pharmaceuticals Ltd.,25 gm tube: ৳ 200.00,
29690,Redid,herbal,redidtablet30046-mg5007-mg,Tablet,Rhubarb + Ginger,300.46 mg+50.07 mg,Hamdard Bangladesh,"Unit Price: ৳ 1.50,(100's pack: ৳ 150.00),",(100's pack: ৳ 150.00)
27674,Redclov,herbal,redclovcapsule40-mg,Capsule,Red Clover Isoflavones,40 mg,Square Pharmaceuticals Ltd.,"Unit Price: ৳ 12.00,(30's pack: ৳ 360.00),",(30's pack: ৳ 360.00)
27656,Recoseng,herbal,recosengcapsule500-mg,Capsule,Panax Ginseng,500 mg,Incepta Pharmaceuticals Ltd.,"Unit Price: ৳ 7.00,(60's pack: ৳ 420.00),",(60's pack: ৳ 420.00)
31656,Rebio,herbal,rebiocapsule4-billion,Capsule,Probiotic Combination [4 Billion],4 billion,Ibn Sina Pharmaceuticals Ltd.,"Unit Price: ৳ 16.00,(30's pack: ৳ 480.00),",(30's pack: ৳ 480.00)
27690,Radisil,herbal,radisilcapsule140-mg,Capsule,Silymarin [Milk thistle],140 mg,Radiant Nutraceuticals Ltd.,"Unit Price: ৳ 10.00,(50's pack: ৳ 500.00),",(50's pack: ৳ 500.00)
29697,Qarhin,herbal,qarhinoral-powder,Oral Powder,Licorice + Yellow Silk Cotton + Mastic tree,,Hamdard Bangladesh,50 gm pack: ৳ 475.00,
14752,Q10,herbal,q10capsule60-mg,Capsule,Coenzyme Q10 [Ubidecarenone],60 mg,General Pharmaceuticals Ltd.,"Unit Price: ৳ 15.04,(20's pack: ৳ 300.80),",(20's pack: ৳ 300.80)
14751,Q10,herbal,q10capsule30-mg,Capsule,Coenzyme Q10 [Ubidecarenone],30 mg,General Pharmaceuticals Ltd.,"Unit Price: ৳ 8.03,(30's pack: ৳ 240.92),",(30's pack: ৳ 240.92)
27688,Pycnogenol,herbal,pycnogenolcapsule50-mg,Capsule,Proanthocyanidins,50 mg,Radiant Nutraceuticals Ltd.,"Unit Price: ৳ 50.00,(20's pack: ৳ 1,000.00),","(20's pack: ৳ 1,000.00)"
27654,Protinavit,herbal,protinavitcapsule500-mg,Capsule,Spirulina,500 mg,Incepta Pharmaceuticals Ltd.,"Unit Price: ৳ 9.00,(30's pack: ৳ 270.00),",(30's pack: ৳ 270.00)
30882,Prostaid,herbal,prostaidcapsule500-mg,Capsule,Saw palmetto (500 mg),500 mg,Radiant Pharmaceuticals Ltd.,"Unit Price: ৳ 18.00,(30's pack: ৳ 540.00),",(30's pack: ৳ 540.00)
29744,Prostacare,herbal,prostacarecapsule500-mg,Capsule,Saw palmetto (500 mg),500 mg,ACME Laboratories Ltd.,"Unit Price: ৳ 7.00,(30's pack: ৳ 210.00),",(30's pack: ৳ 210.00)
29689,Promef,herbal,promeftablet29412-mg5882-mg14706-mg,Tablet,"Mudir [Aloe, Saffron, Ferrus sulphate]",294.12 mg+58.82 mg+147.06 mg,Hamdard Bangladesh,"Unit Price: ৳ 5.00,(50's pack: ৳ 250.00),",(50's pack: ৳ 250.00)
29823,Prolacto,herbal,prolactocapsule4-billion,Capsule,Probiotic Combination [4 Billion],4 billion,Drug International Ltd.,"Unit Price: ৳ 16.00,(32's pack: ৳ 512.00),",(32's pack: ৳ 512.00)
27652,Procold,herbal,procoldcapsule500-mg,Capsule,Echinacea,500 mg,Incepta Pharmaceuticals Ltd.,"Unit Price: ৳ 7.00,(30's pack: ৳ 210.00),",(30's pack: ৳ 210.00)
29613,Probio,herbal,probiooral-powder4-billionsachet,Oral Powder,Probiotic Combination [4 Billion],4 billion/sachet,Square Pharmaceuticals Ltd.,"4 billion sachet: ৳ 25.00,(15's pack: ৳ 375.00),",(15's pack: ৳ 375.00)
27673,Probio,herbal,probiocapsule4-billion,Capsule,Probiotic Combination [4 Billion],4 billion,Square Pharmaceuticals Ltd.,"Unit Price: ৳ 25.00,(30's pack: ৳ 750.00),",(30's pack: ৳ 750.00)
31920,Primrole,herbal,primrolecapsule1000-mg,Capsule,Evening primrose oil,1000 mg,Aristopharma Ltd.,"Unit Price: ৳ 15.00,(30's pack: ৳ 450.00),",(30's pack: ৳ 450.00)
31919,Primrole,herbal,primrolecapsule500-mg,Capsule,Evening primrose oil,500 mg,Aristopharma Ltd.,"Unit Price: ৳ 12.00,(30's pack: ৳ 360.00),",(30's pack: ৳ 360.00)
31140,PrimaVera,herbal,primaveracapsule500-mg,Capsule,Evening primrose oil,500 mg,Renata Limited,"Unit Price: ৳ 12.00,(30's pack: ৳ 360.00),",(30's pack: ৳ 360.00)
29865,PrimaVera,herbal,primaveracapsule1000-mg,Capsule,Evening primrose oil,1000 mg,Renata Limited,"Unit Price: ৳ 15.00,(30's pack: ৳ 450.00),",(30's pack: ৳ 450.00)
31139,Primacap,herbal,primacapcapsule500-mg,Capsule,Evening primrose oil,500 mg,Drug International Ltd.,"Unit Price: ৳ 7.00,(50's pack: ৳ 350.00),",(50's pack: ৳ 350.00)
29789,Primacap,herbal,primacapcapsule1000-mg,Capsule,Evening primrose oil,1000 mg,Drug International Ltd.,"Unit Price: ৳ 10.00,(30's pack: ৳ 300.00),",(30's pack: ৳ 300.00)
33106,Turmeric,herbal,turmericcapsule1000-mg,Capsule,Curcuma Longa [Turmeric Extract],1000 mg,Drug International Ltd.,Price Unavailable,
29702,Trigone,herbal,trigonecapsule,Capsule,Ambergris + Salep + Galangal,,Hamdard Bangladesh,"Unit Price: ৳ 70.00,(8's pack: ৳ 560.00),",(8's pack: ৳ 560.00)
29706,Trifala Churna,herbal,trifala-churnaoral-powder1-mg1-mg1-mg,Oral Powder,Emblic Myrobalan + Chebulic + Belleric,1 mg+1 mg+1 mg,Hamdard Bangladesh,"1 sachet: ৳ 9.00,(25's pack: ৳ 225.00),",(25's pack: ৳ 225.00)
16540,Torel,herbal,torelmuscle-rub2540-mg1430-mg420-mg005-mggm,Muscle Rub,Menthol + Camphor + Methyl Salicylate + Oleoresin Capsicum,(25.40 mg+14.30 mg+4.20 mg+0.05 mg)/gm,Square Pharmaceuticals Ltd.,20 gm tube: ৳ 70.00,
29701,Tonalax,herbal,tonalaxtablet,Tablet,"Qurs Mulayin [Scammony, Lavender, Fennel]",,Hamdard Bangladesh,"Unit Price: ৳ 3.00,(50's pack: ৳ 150.00),",(50's pack: ৳ 150.00)
30424,Toco Soft,herbal,toco-softcapsule50-mg-135-mg,Capsule,Tocotrienol + Tocopherol,50 mg + 13.5 mg,Square Pharmaceuticals Ltd.,"Unit Price: ৳ 15.00,(30's pack: ৳ 450.00),",(30's pack: ৳ 450.00)
30442,Tartflex,herbal,tartflexcapsule500-mg,Capsule,Tart Cherry,500 mg,Radiant Pharmaceuticals Ltd.,"Unit Price: ৳ 20.00,(30's pack: ৳ 600.00),",(30's pack: ৳ 600.00)
29354,Sylhep,herbal,sylhepcapsule140-mg,Capsule,Silymarin [Milk thistle],140 mg,UniMed UniHealth,"Unit Price: ৳ 11.00,(30's pack: ৳ 330.00),",(30's pack: ৳ 330.00)
29748,Sweet Drop,herbal,sweet-dropliquid500-mgml,Liquid,Stevia Rebaudiana,500 mg/ml,ACME Laboratories Ltd.,15 ml bottle: ৳ 100.00,
29700,Suzarn,herbal,suzarntablet,Tablet,"Suzark [Chir Pine, Chickpea, Pearl]",,Hamdard Bangladesh,"Unit Price: ৳ 3.00,(50's pack: ৳ 150.00),",(50's pack: ৳ 150.00)
29699,Surobin,herbal,surobintablet,Tablet,Suranjan,,Hamdard Bangladesh,"Unit Price: ৳ 3.00,(50's pack: ৳ 150.00),",(50's pack: ৳ 150.00)
29698,Sufoof Suparipak,herbal,sufoof-suparipakoral-powder,Oral Powder,Date palm + Betel nut + Acacia,,Hamdard Bangladesh,50 gm pack: ৳ 100.00,
29696,Sualin,herbal,sualintablet,Tablet,Licorice + Vasaka + Basil + Peppermint,,Hamdard Bangladesh,"Unit Price: ৳ 2.50,(100's pack: ৳ 250.00),",(100's pack: ৳ 250.00)
29891,Stimugin,herbal,stimugincapsule500-mg,Capsule,Panax Ginseng,500 mg,Alien Pharma,"Unit Price: ৳ 25.00,(30's pack: ৳ 750.00),",(30's pack: ৳ 750.00)
28686,Spirucap,herbal,spirucapcapsule500-mg,Capsule,Spirulina,500 mg,Drug International Ltd.,"Unit Price: ৳ 4.00,(40's pack: ৳ 160.00),",(40's pack: ৳ 160.00)
29695,Spermatin,herbal,spermatintablet125-mg,Tablet,Kusta Qalyee [Calcined stannum],12.5 mg,Hamdard Bangladesh,"Unit Price: ৳ 2.00,(90's pack: ৳ 180.00),",(90's pack: ৳ 180.00)
31127,Silycap,herbal,silycapcapsule140-mg,Capsule,Silymarin [Milk thistle],140 mg,Ibn Sina Pharmaceuticals Ltd.,"Unit Price: ৳ 9.00,(30's pack: ৳ 270.00),",(30's pack: ৳ 270.00)
31126,Silycap,herbal,silycapcapsule70-mg,Capsule,Silymarin [Milk thistle],70 mg,Ibn Sina Pharmaceuticals Ltd.,"Unit Price: ৳ 6.00,(30's pack: ৳ 180.00),",(30's pack: ৳ 180.00)
16682,Silybin,herbal,silybincapsule140-mg,Capsule,Silymarin [Milk thistle],140 mg,Square Pharmaceuticals Ltd.,"Unit Price: ৳ 9.00,(30's pack: ৳ 270.00),",(30's pack: ৳ 270.00)
16681,Silybin,herbal,silybincapsule70-mg,Capsule,Silymarin [Milk thistle],70 mg,Square Pharmaceuticals Ltd.,"Unit Price: ৳ 6.00,(30's pack: ৳ 180.00),",(30's pack: ৳ 180.00)
29694,Selvin,herbal,selvintablet7143-mg7143-mg,Tablet,"Salajeet [Mineral Pitch, Red Sage]",71.43 mg+71.43 mg,Hamdard Bangladesh,"Unit Price: ৳ 4.00,(50's pack: ৳ 200.00),",(50's pack: ৳ 200.00)
29747,Santonic,herbal,santonicsyrup,Syrup,Sanjivani Rasayan,,ACME Laboratories Ltd.,"200 ml bottle: ৳ 100.00,450 ml bottle: ৳ 180.00",
29746,Safkin,herbal,safkinsyrup,Syrup,Saribadyarista,,ACME Laboratories Ltd.,"200 ml bottle: ৳ 60.00,450 ml bottle: ৳ 130.00",
29693,Safi,herbal,saficapsule,Capsule,Sana + Revand Chini + Neem + Chirata + Tulsi,,Hamdard Bangladesh,"Unit Price: ৳ 6.00,(30's pack: ৳ 180.00),",(30's pack: ৳ 180.00)
29692,Safi,herbal,safisyrup,Syrup,Sana + Revand Chini + Neem + Chirata + Tulsi,,Hamdard Bangladesh,"100 ml bottle: ৳ 65.00,225 ml bottle: ৳ 120.00,450 ml bottle: ৳ 175.00",
30449,Saduri,herbal,sadurisyrup,Syrup,Herbal cough syrup [Tulsi],,Hamdard Bangladesh,100 ml bottle: ৳ 60.00,
28783,Rostil Plus,herbal,rostil-pluseffervescent-granules35-gm135-mgsachet,Effervescent Granules,Ispaghula Husk + Mebeverine Hydrochloride,(3.5 gm+135 mg)/sachet,Beximco Pharmaceuticals Ltd.,"3.5 gm sachet: ৳ 20.00,(20's pack: ৳ 400.00),",(20's pack: ৳ 400.00)
29691,Rosnum,herbal,rosnumtablet125-mg625-mg625-mg,Tablet,Nux-vomica + Black Pepper + Long Pepper,125 mg+62.5 mg+62.5 mg,Hamdard Bangladesh,"Unit Price: ৳ 3.00,(50's pack: ৳ 150.00),",(50's pack: ৳ 150.00)
12764,Rose,herbal,rosecapsule500-mg,Capsule,Evening primrose oil,500 mg,General Pharmaceuticals Ltd.,"Unit Price: ৳ 8.03,(30's pack: ৳ 240.90),",(30's pack: ৳ 240.90)
30206,Zerova,herbal,zerovatablet,Tablet,Steviol Glycoside,,Incepta Pharmaceuticals Ltd.,"Unit Price: ৳ 3.00,(100's pack: ৳ 300.00),",(100's pack: ৳ 300.00)
32034,ZeroCof,herbal,zerocofsyrup,Syrup,Herbal cough syrup [Adhatoda Vasica],,Chemist Laboratories  Ltd.,"100 ml bottle: ৳ 60.00,200 ml bottle: ৳ 100.00",
31658,Yorex,herbal,yorextablet54-mg,Tablet,Yohimbine Hydrochloride,5.4 mg,Ibn Sina Pharmaceuticals Ltd.,"Unit Price: ৳ 30.00,(20's pack: ৳ 600.00),",(20's pack: ৳ 600.00)
27691,Yohim,herbal,yohimtablet54-mg,Tablet,Yohimbine Hydrochloride,5.4 mg,Radiant Nutraceuticals Ltd.,"Unit Price: ৳ 40.00,(20's pack: ৳ 800.00),",(20's pack: ৳ 800.00)
29751,Womenton,herbal,womentonsyrup,Syrup,Dasamularista,,ACME Laboratories Ltd.,200 ml bottle: ৳ 60.00,
29352,Vital Protein,herbal,vital-proteincapsule500-mg,Capsule,Spirulina,500 mg,UniMed UniHealth,"Unit Price: ৳ 10.00,(30's pack: ৳ 300.00),",(30's pack: ৳ 300.00)
27494,Vita-E,herbal,vita-echewable-tablet200-mg,Chewable Tablet,Vitamin E [Alpha Tocopherol Acetate],200 mg,Edruc Limited,"Unit Price: ৳ 4.00,(30's pack: ৳ 120.00),",(30's pack: ৳ 120.00)
29870,Visibil,herbal,visibilcapsule160-mg,Capsule,Bilberry fruit [Vaccinium myrtillus L],160 mg,Renata Limited,"Unit Price: ৳ 35.00,(30's pack: ৳ 1,050.00),","(30's pack: ৳ 1,050.00)"
29750,Vigo-Fort,herbal,vigo-fortcapsule250-mg,Capsule,Jouban Satadal,250 mg,ACME Laboratories Ltd.,"Unit Price: ৳ 12.00,(30's pack: ৳ 360.00),",(30's pack: ৳ 360.00)
13996,Vegecap-E,herbal,vegecap-ecapsule400-iu,Capsule,Vitamin E [Alpha Tocopherol Acetate],400 IU,NIPRO JMI Pharma Ltd.,"Unit Price: ৳ 7.02,(40's pack: ৳ 280.80),",(40's pack: ৳ 280.80)
13995,Vegecap-E,herbal,vegecap-ecapsule200-iu,Capsule,Vitamin E [Alpha Tocopherol Acetate],200 IU,NIPRO JMI Pharma Ltd.,"Unit Price: ৳ 5.02,(50's pack: ৳ 251.00),",(50's pack: ৳ 251.00)
30038,Vanila E,herbal,vanila-echewable-tablet200-mg,Chewable Tablet,Vitamin E [Alpha Tocopherol Acetate],200 mg,Eskayef Pharmaceuticals Ltd.,"Unit Price: ৳ 3.80,(15's pack: ৳ 57.00),",(15's pack: ৳ 57.00)
29641,Valent,herbal,valentcapsule450-mg,Capsule,Valerian Root,450 mg,Hamdard Bangladesh,"Unit Price: ৳ 10.00,(30's pack: ৳ 300.00),",(30's pack: ৳ 300.00)
27678,Uripam,herbal,uripamcapsule160-mg,Capsule,Saw Palmetto (160 mg),160 mg,Square Pharmaceuticals Ltd.,"Unit Price: ৳ 20.00,(30's pack: ৳ 600.00),",(30's pack: ৳ 600.00)
29749,Uricool,herbal,uricoolsyrup,Syrup,"Fennel [Mouri, Gohkshura, Kasni]",,ACME Laboratories Ltd.,"100 ml bottle: ৳ 45.00,200 ml bottle: ৳ 75.00",
33129,Urican,herbal,uricancapsule400-mg,Capsule,Cranberry [Vaccinium macrocarpon],400 mg,Drug International Ltd.,Price Unavailable,
27677,Ulpep,herbal,ulpepcapsule500-mg,Capsule,Hingastak Churna,500 mg,Square Pharmaceuticals Ltd.,"Unit Price: ৳ 5.00,(30's pack: ৳ 150.00),",(30's pack: ৳ 150.00)
29554,UbiCare,herbal,ubicarecapsule100-mg,Capsule,Coenzyme Q10 [Ubidecarenone],100 mg,Popular Pharmaceuticals Ltd.,"Unit Price: ৳ 40.00,(30's pack: ৳ 1,200.00),","(30's pack: ৳ 1,200.00)"
28472,UbiCare,herbal,ubicarecapsule60-mg,Capsule,Coenzyme Q10 [Ubidecarenone],60 mg,Popular Pharmaceuticals Ltd.,"Unit Price: ৳ 19.00,(30's pack: ৳ 570.00),",(30's pack: ৳ 570.00)
32128,Ubi-Q,herbal,ubi-qcapsule200-mg,Capsule,Coenzyme Q10 [Ubidecarenone],200 mg,Radiant Pharmaceuticals Ltd.,"Unit Price: ৳ 75.00,(20's pack: ৳ 1,500.00),","(20's pack: ৳ 1,500.00)"
14757,Ubi-Q,herbal,ubi-qcapsule100-mg,Capsule,Coenzyme Q10 [Ubidecarenone],100 mg,Radiant Nutraceuticals Ltd.,"Unit Price: ৳ 40.00,(30's pack: ৳ 1,200.00),","(30's pack: ৳ 1,200.00)"
2462,Adlock,allopathic,adlocktablet10-mg,Tablet,Propranolol Hydrochloride,10 mg,Sonear Laboratories Ltd.,"Unit Price: ৳ 0.50,(100's pack: ৳ 50.00),",(100's pack: ৳ 50.00)
2463,Adlock,allopathic,adlocktablet40-mg,Tablet,Propranolol Hydrochloride,40 mg,Sonear Laboratories Ltd.,"Unit Price: ৳ 1.70,(100's pack: ৳ 170.00),",(100's pack: ৳ 170.00)
17213,Adlinameg,allopathic,adlinamegtablet25-mg500-mg,Tablet,Linagliptin + Metformin Hydrochloride,2.5 mg+500 mg,UniMed UniHealth,"Unit Price: ৳ 12.00,(30's pack: ৳ 360.00),",(30's pack: ৳ 360.00)
17214,Adlinameg,allopathic,adlinamegtablet25-mg850-mg,Tablet,Linagliptin + Metformin Hydrochloride,2.5 mg+850 mg,UniMed UniHealth,"Unit Price: ৳ 14.00,(30's pack: ৳ 420.00),",(30's pack: ৳ 420.00)
5481,Adlina,allopathic,adlinatablet5-mg,Tablet,Linagliptin,5 mg,UniMed UniHealth,"Unit Price: ৳ 20.00,(20's pack: ৳ 400.00),",(20's pack: ৳ 400.00)
8542,Adiz,allopathic,adiztablet500-mg,Tablet,Azithromycin Dihydrate,500 mg,Euro Pharma Ltd.,"Unit Price: ৳ 35.00,(12's pack: ৳ 420.00),",(12's pack: ৳ 420.00)
8543,Adiz,allopathic,adizpowder-for-suspension200-mg5-ml,Powder for Suspension,Azithromycin Dihydrate,200 mg/5 ml,Euro Pharma Ltd.,"15 ml bottle: ৳ 85.00,35 ml bottle: ৳ 130.00,50 ml bottle: ৳ 185.00",
25615,Adiz,allopathic,adizcapsule250-mg,Capsule,Azithromycin Dihydrate,250 mg,Euro Pharma Ltd.,"Unit Price: ৳ 25.00,(18's pack: ৳ 450.00),",(18's pack: ৳ 450.00)
9724,Adiva,allopathic,adivatablet600-mg,Tablet,Efavirenz,600 mg,Square Pharmaceuticals Ltd.,"Unit Price: ৳ 200.70,(10's pack: ৳ 2,007.00),","(10's pack: ৳ 2,007.00)"
5162,Adiponil,allopathic,adiponilcapsule120-mg,Capsule,Orlistat,120 mg,Incepta Pharmaceuticals Ltd.,"Unit Price: ৳ 40.00,(20's pack: ৳ 800.00),,Unit Price: ৳ 40.00,(10's pack: ৳ 400.00),","(20's pack: ৳ 800.00),(10's pack: ৳ 400.00)"
13735,Aduvit,allopathic,aduvitcapsule,Capsule,Vitamin B complex,,Pacific Pharmaceuticals Ltd.,"Unit Price: ৳ 0.52,(200's pack: ৳ 104.00),",(200's pack: ৳ 104.00)
13736,Aduvit,allopathic,aduvitsyrup,Syrup,Vitamin B complex,,Pacific Pharmaceuticals Ltd.,"100 ml bottle: ৳ 35.00,200 ml bottle: ৳ 60.00",
19175,Adtrizin,allopathic,adtrizintablet10-mg,Tablet,Cetirizine Hydrochloride,10 mg,Team Pharmaceuticals Ltd.,"Unit Price: ৳ 2.50,(100's pack: ৳ 250.00),",(100's pack: ৳ 250.00)
376,ADS-10,allopathic,ads-10iv-infusion022510,IV Infusion,Sodium Chloride + Dextrose,0.225%+10%,Libra Infusions Ltd.,"500 ml bag: ৳ 66.07,1000 ml bag: ৳ 87.51",
11870,Adryl,allopathic,adrylsyrup10-mg5-ml,Syrup,Diphenhydramine Hydrochloride,10 mg/5 ml,Square Pharmaceuticals Ltd.,100 ml bottle: ৳ 40.13,
7161,Adrox,allopathic,adroxpowder-for-suspension125-mg5-ml,Powder for Suspension,Cefuroxime Axetil,125 mg/5 ml,Ad-din Pharmaceuticals Ltd.,70 ml bottle: ৳ 181.00,
244,Adrinor,allopathic,adrinorinjection1-mgml,Injection,Adrenaline,1 mg/ml,Incepta Pharmaceuticals Ltd.,"1 ml ampoule: ৳ 25.00,(5's pack: ৳ 125.00),",(5's pack: ৳ 125.00)
243,Adrin,allopathic,adrininjection1-mgml,Injection,Adrenaline,1 mg/ml,Gaco Pharmaceuticals Ltd.,1 ml ampoule: ৳ 25.08,
28654,Adribin,allopathic,adribiniv-infusion2-mgml,IV Infusion,Doxorubicin Hydrochloride,2 mg/ml,Healthcare Pharmaceuticals Ltd.,"10 mg vial: ৳ 350.00,50 mg vial: ৳ 1,100.00",
17449,Adrenaline,allopathic,adrenalineinjection1-mgml,Injection,Adrenaline,1 mg/ml,Techno Drugs Ltd.,"1 ml ampoule: ৳ 25.00,(10's pack: ৳ 250.00),",(10's pack: ৳ 250.00)
29597,Adrebloc,allopathic,adreblociv-injection100-mg10-ml,IV Injection,Esmolol Hydrochloride,100 mg/10 ml,ZAS Corporation,10 ml vial: ৳ 350.00,
1502,Adorex,allopathic,adorexoral-suspension5-mg5-ml,Oral Suspension,Domperidone Maleate,5 mg/5 ml,Ambee Pharmaceuticals Ltd.,"60 ml bottle: ৳ 28.00,100 ml bottle: ৳ 38.00",
28019,Adorex,allopathic,adorexpediatric-drops5-mgml,Pediatric Drops,Domperidone Maleate,5 mg/ml,Ambee Pharmaceuticals Ltd.,15 ml drop: ৳ 20.00,
1503,Adorex,allopathic,adorextablet10-mg,Tablet,Domperidone Maleate,10 mg,Ambee Pharmaceuticals Ltd.,"Unit Price: ৳ 2.00,(100's pack: ৳ 200.00),",(100's pack: ৳ 200.00)
6741,Adora,allopathic,adoracapsule500-mg,Capsule,Cefadroxil Monohydrate,500 mg,Incepta Pharmaceuticals Ltd.,"Unit Price: ৳ 18.00,(20's pack: ৳ 360.00),",(20's pack: ৳ 360.00)
26188,Adora,allopathic,adoratablet1000-mg,Tablet,Cefadroxil Monohydrate,1000 mg,Incepta Pharmaceuticals Ltd.,"Unit Price: ৳ 32.00,(12's pack: ৳ 384.00),",(12's pack: ৳ 384.00)
6743,Adora,allopathic,adorapediatric-drops125-mg125-ml,Pediatric Drops,Cefadroxil Monohydrate,125 mg/1.25 ml,Incepta Pharmaceuticals Ltd.,15 ml bottle: ৳ 50.00,
6742,Adora,allopathic,adorapowder-for-suspension125-mg5-ml,Powder for Suspension,Cefadroxil Monohydrate,125 mg/5 ml,Incepta Pharmaceuticals Ltd.,"60 ml bottle: ৳ 60.00,100 ml bottle: ৳ 90.00",
22883,Adonid DS,allopathic,adonid-dspowder-for-suspension100-mg5-ml,Powder for Suspension,Nitazoxanide,100 mg/5 ml,Rephco Pharmaceuticals Ltd.,"30 ml bottle: ৳ 35.00,60 ml bottle: ৳ 50.00",
2325,Adonid,allopathic,adonidtablet500-mg,Tablet,Nitazoxanide,500 mg,Rephco Pharmaceuticals Ltd.,"Unit Price: ৳ 10.00,(30's pack: ৳ 300.00),",(30's pack: ৳ 300.00)
6740,Adocil,allopathic,adocilpowder-for-suspension125-mg5-ml,Powder for Suspension,Cefadroxil Monohydrate,125 mg/5 ml,Kemiko Pharmaceuticals Ltd.,100 ml bottle: ৳ 80.24,
6739,Adocil,allopathic,adocilcapsule500-mg,Capsule,Cefadroxil Monohydrate,500 mg,Kemiko Pharmaceuticals Ltd.,"Unit Price: ৳ 12.04,(20's pack: ৳ 240.80),",(20's pack: ৳ 240.80)
27174,Adnor,allopathic,adnortablet3-mg,Tablet,Doxepin (Oral),3 mg,Apex Pharmaceuticals Ltd.,"Unit Price: ৳ 5.00,(30's pack: ৳ 150.00),",(30's pack: ৳ 150.00)
2287,Adnix,allopathic,adnixpowder-for-suspension100-mg5-ml,Powder for Suspension,Nitazoxanide,100 mg/5 ml,Alco Pharma Ltd.,"30 ml bottle: ৳ 35.11,60 ml bottle: ৳ 50.15",
2286,Adnix,allopathic,adnixtablet500-mg,Tablet,Nitazoxanide,500 mg,Alco Pharma Ltd.,"Unit Price: ৳ 10.03,(12's pack: ৳ 120.36),",(12's pack: ৳ 120.36)
27318,Admox DS,allopathic,admox-dscapsule500-mg,Capsule,Amoxicillin Trihydrate,500 mg,Team Pharmaceuticals Ltd.,"Unit Price: ৳ 6.79,(60's pack: ৳ 407.40),",(60's pack: ৳ 407.40)
19612,Admox,allopathic,admoxpowder-for-suspension125-mg5-ml,Powder for Suspension,Amoxicillin Trihydrate,125 mg/5 ml,Team Pharmaceuticals Ltd.,100 ml bottle: ৳ 47.60,
5215,Admira MR,allopathic,admira-mrtablet-modified-release30-mg,Tablet (Modified Release),Gliclazide,30 mg,UniMed UniHealth,"Unit Price: ৳ 6.00,(30's pack: ৳ 180.00),",(30's pack: ৳ 180.00)
5214,Admira,allopathic,admiratablet80-mg,Tablet,Gliclazide,80 mg,UniMed UniHealth,"Unit Price: ৳ 6.00,(30's pack: ৳ 180.00),",(30's pack: ৳ 180.00)
12227,Adlorin,allopathic,adlorintablet5-mg,Tablet,Desloratadine,5 mg,Ad-din Pharmaceuticals Ltd.,"Unit Price: ৳ 2.50,(100's pack: ৳ 250.00),",(100's pack: ৳ 250.00)
30526,Adipal Plus,allopathic,adipal-plusgel0125,Gel,Adapalene + Benzoyl peroxide,0.1%+2.5%,Guardian Healthcare Ltd.,"10 gm tube: ৳ 150.00,20 gm tube: ৳ 195.00",
26404,Afix,allopathic,afixtablet400-mg,Tablet,Cefixime Trihydrate,400 mg,Aristopharma Ltd.,"Unit Price: ৳ 50.00,(7's pack: ৳ 350.00),",(7's pack: ৳ 350.00)
7465,Afix,allopathic,afixpowder-for-suspension100-mg5-ml,Powder for Suspension,Cefixime Trihydrate,100 mg/5 ml,Aristopharma Ltd.,"30 ml bottle: ৳ 135.00,50 ml bottle: ৳ 210.00",
7464,Afix,allopathic,afixcapsule400-mg,Capsule,Cefixime Trihydrate,400 mg,Aristopharma Ltd.,"Unit Price: ৳ 50.00,(7's pack: ৳ 350.00),",(7's pack: ৳ 350.00)
7463,Afix,allopathic,afixcapsule200-mg,Capsule,Cefixime Trihydrate,200 mg,Aristopharma Ltd.,"Unit Price: ৳ 35.00,(12's pack: ৳ 420.00),",(12's pack: ৳ 420.00)
26403,Afix,allopathic,afixtablet200-mg,Tablet,Cefixime Trihydrate,200 mg,Aristopharma Ltd.,"Unit Price: ৳ 35.00,(12's pack: ৳ 420.00),",(12's pack: ৳ 420.00)
26672,Afinitor,allopathic,afinitortablet10-mg,Tablet,Everolimus,10 mg,Novartis (Bangladesh) Ltd.,"Unit Price: ৳ 8,976.66,(30's pack: ৳ 269,299.83),","(30's pack: ৳ 269,299.83)"
26673,Afinitor,allopathic,afinitortablet5-mg,Tablet,Everolimus,5 mg,Novartis (Bangladesh) Ltd.,"Unit Price: ৳ 5,834.98,(30's pack: ৳ 175,049.43),","(30's pack: ৳ 175,049.43)"
32474,Affrox,allopathic,affroxcapsule30-mg,Capsule,,30 mg,Radiant Pharmaceuticals Ltd.,"Unit Price: ৳ 30.00,(30's pack: ৳ 900.00),",(30's pack: ৳ 900.00)
29423,Afexa,allopathic,afexatablet180-mg,Tablet,Fexofenadine Hydrochloride,180 mg,UniMed UniHealth,"Unit Price: ৳ 10.00,(30's pack: ৳ 300.00),",(30's pack: ৳ 300.00)
29422,Afexa,allopathic,afexatablet120-mg,Tablet,Fexofenadine Hydrochloride,120 mg,UniMed UniHealth,"Unit Price: ৳ 8.00,(30's pack: ৳ 240.00),",(30's pack: ৳ 240.00)
29424,Afexa,allopathic,afexaoral-suspension30-mg5-ml,Oral Suspension,Fexofenadine Hydrochloride,30 mg/5 ml,UniMed UniHealth,50 ml bottle: ৳ 48.00,
31295,Afatin,allopathic,afatintablet40-mg,Tablet,Afatinib Dimaleate,40 mg,Beacon Pharmaceuticals Ltd.,Price Unavailable,
28863,Aerovil,allopathic,aerovilsyrup15-mg5-ml,Syrup,Pheniramine Maleate,15 mg/5 ml,Beximco Pharmaceuticals Ltd.,100 ml bottle: ৳ 20.00,
30123,Aerophin,allopathic,aerophinnebuliser-solution1125-mg05-ml,Nebuliser Solution,Racepinephrine,11.25 mg/0.5 ml,Incepta Pharmaceuticals Ltd.,"0.5 ml ampoule: ৳ 25.00,(10's pack: ৳ 250.00),",(10's pack: ৳ 250.00)
1297,Aeropac,allopathic,aeropacpediatric-drops67-mgml,Pediatric Drops,Simethicone,67 mg/ml,Amico Laboratories Ltd.,15 ml drop: ৳ 30.00,
3875,Aeronid,allopathic,aeronidinhaler200-mcgpuff,Inhaler,Budesonide (Inhaler),200 mcg/puff,Beximco Pharmaceuticals Ltd.,200 metered doses: ৳ 410.00,
3759,Aeron FT,allopathic,aeron-ftdispersible-tablet4-mg,Dispersible Tablet,Montelukast Sodium,4 mg,Healthcare Pharmaceuticals Ltd.,"Unit Price: ৳ 6.00,(30's pack: ৳ 180.00),,Unit Price: ৳ 6.00,(50's pack: ৳ 300.00),","(30's pack: ৳ 180.00),(50's pack: ৳ 300.00)"
3760,Aeron FT,allopathic,aeron-ftdispersible-tablet5-mg,Dispersible Tablet,Montelukast Sodium,5 mg,Healthcare Pharmaceuticals Ltd.,"Unit Price: ৳ 8.00,(30's pack: ৳ 240.00),,Unit Price: ৳ 8.00,(50's pack: ৳ 400.00),","(30's pack: ৳ 240.00),(50's pack: ৳ 400.00)"
3761,Aeron,allopathic,aerontablet10-mg,Tablet,Montelukast Sodium,10 mg,Healthcare Pharmaceuticals Ltd.,"Unit Price: ৳ 16.00,(30's pack: ৳ 480.00),,Unit Price: ৳ 16.00,(50's pack: ৳ 800.00),","(30's pack: ৳ 480.00),(50's pack: ৳ 800.00)"
3709,Aerofen,allopathic,aerofentablet1-mg,Tablet,Ketotifen Fumarate (Oral),1 mg,Silva Pharmaceuticals Ltd.,"Unit Price: ৳ 1.51,(50's pack: ৳ 75.26),",(50's pack: ৳ 75.26)
3710,Aerofen,allopathic,aerofensyrup1-mg5-ml,Syrup,Ketotifen Fumarate (Oral),1 mg/5 ml,Silva Pharmaceuticals Ltd.,100 ml bottle: ৳ 50.00,
3605,Aerodyl,allopathic,aerodyltablet10-mg,Tablet,Bambuterol Hydrochloride,10 mg,Silva Pharmaceuticals Ltd.,"Unit Price: ৳ 1.51,(100's pack: ৳ 150.50),",(100's pack: ৳ 150.50)
3606,Aerodyl,allopathic,aerodyltablet20-mg,Tablet,Bambuterol Hydrochloride,20 mg,Silva Pharmaceuticals Ltd.,"Unit Price: ৳ 3.00,(100's pack: ৳ 300.00),",(100's pack: ৳ 300.00)
3607,Aerodyl,allopathic,aerodyloral-solution5-mg5-ml,Oral Solution,Bambuterol Hydrochloride,5 mg/5 ml,Silva Pharmaceuticals Ltd.,60 ml bottle: ৳ 20.00,
248,Adze,allopathic,adzechewable-tablet400-mg,Chewable Tablet,Albendazole,400 mg,Kemiko Pharmaceuticals Ltd.,"Unit Price: ৳ 4.01,(50's pack: ৳ 200.50),",(50's pack: ৳ 200.50)
17307,Advixa,allopathic,advixasc-injection40-mg08-ml,SC Injection,Adalimumab,40 mg/0.8 ml,Incepta Pharmaceuticals Ltd.,"0.8 ml pre-filled syringe: ৳ 15,000.00",
11262,Advel,allopathic,adveltablet400-mg,Tablet,Ibuprofen,400 mg,Opsonin Pharma Ltd.,"Unit Price: ৳ 1.43,(100's pack: ৳ 143.00),",(100's pack: ৳ 143.00)
11261,Advel,allopathic,adveltablet200-mg,Tablet,Ibuprofen,200 mg,Opsonin Pharma Ltd.,"Unit Price: ৳ 0.88,(100's pack: ৳ 88.00),",(100's pack: ৳ 88.00)
30595,Advast,allopathic,advasttablet5-mg10-mg,Tablet,Amlodipine Besilate + Atorvastatin,5 mg+10 mg,Alco Pharma Ltd.,"Unit Price: ৳ 10.00,(30's pack: ৳ 300.00),",(30's pack: ৳ 300.00)
11263,Advel,allopathic,adveloral-suspension100-mg5-ml,Oral Suspension,Ibuprofen,100 mg/5 ml,Opsonin Pharma Ltd.,100 ml bottle: ৳ 33.71,
16550,Agrippal S1,allopathic,agrippal-s1im-injection05-mlprefilled-syringe,IM Injection,Inactivated Influenza Vaccine,0.5 ml/prefilled syringe,Novartis (Bangladesh) Ltd.,0.5 ml pre-filled syringe: ৳ 650.00,
2453,Agoxin,allopathic,agoxintablet025-mg,Tablet,Digoxin,0.25 mg,Aristopharma Ltd.,"Unit Price: ৳ 1.09,(100's pack: ৳ 109.00),",(100's pack: ৳ 109.00)
413,Agotin,allopathic,agotintablet25-mg,Tablet,Agomelatine,25 mg,Beacon Pharmaceuticals Ltd.,"Unit Price: ৳ 50.15,(10's pack: ৳ 501.50),",(10's pack: ৳ 501.50)
31997,Agorest,allopathic,agoresttablet25-mg,Tablet,Agomelatine,25 mg,Everest Pharmaceuticals Ltd.,"Unit Price: ৳ 35.00,(20's pack: ৳ 700.00),",(20's pack: ৳ 700.00)
30988,Aglip,allopathic,agliptablet125-mg,Tablet,Alogliptin Benzoate,12.5 mg,Eskayef Pharmaceuticals Ltd.,"Unit Price: ৳ 12.00,(20's pack: ৳ 240.00),",(20's pack: ৳ 240.00)
30989,Aglip,allopathic,agliptablet25-mg,Tablet,Alogliptin Benzoate,25 mg,Eskayef Pharmaceuticals Ltd.,"Unit Price: ৳ 22.00,(20's pack: ৳ 440.00),",(20's pack: ৳ 440.00)
17938,Aggreno,allopathic,aggrenocapsule-extended-release25-mg200-mg,Capsule (Extended Release),Aspirin + Dipyridamole,25 mg+200 mg,Ziska Pharmaceuticals Ltd.,"Unit Price: ৳ 12.00,(40's pack: ৳ 480.00),",(40's pack: ৳ 480.00)
5998,Aggra,allopathic,aggratablet50-mg,Tablet,Sildenafil Citrate,50 mg,Eskayef Pharmaceuticals Ltd.,"Unit Price: ৳ 30.00,(4's pack: ৳ 120.00),",(4's pack: ৳ 120.00)
5999,Aggra,allopathic,aggratablet100-mg,Tablet,Sildenafil Citrate,100 mg,Eskayef Pharmaceuticals Ltd.,"Unit Price: ৳ 50.00,(4's pack: ৳ 200.00),",(4's pack: ৳ 200.00)
14008,Agedefy,allopathic,agedefytablet6-mg200-mg50-mg,Tablet,Betacarotene + Vitamin C + Vitamin E,6 mg+200 mg+50 mg,Medimet Pharmaceuticals Ltd.,"Unit Price: ৳ 2.50,(20's pack: ৳ 50.00),",(20's pack: ৳ 50.00)
14721,Age Plus,allopathic,age-plustablet,Tablet,Super antioxidant [vitamins & minerals],,Mystic Pharmaceuticals Ltd.,"Unit Price: ৳ 3.75,(20's pack: ৳ 75.00),",(20's pack: ৳ 75.00)
14009,Age M,allopathic,age-mtablet6-mg200-mg50-mg,Tablet,Betacarotene + Vitamin C + Vitamin E,6 mg+200 mg+50 mg,Mystic Pharmaceuticals Ltd.,"Unit Price: ৳ 2.53,(20's pack: ৳ 50.60),",(20's pack: ৳ 50.60)
28011,Afuvin,allopathic,afuvintablet500-mg,Tablet,Griseofulvin [Microsize],500 mg,Ambee Pharmaceuticals Ltd.,"Unit Price: ৳ 5.32,(100's pack: ৳ 531.73),",(100's pack: ৳ 531.73)
12408,Afun VT,allopathic,afun-vtvaginal-tablet200-mg,Vaginal Tablet,Clotrimazole (Vaginal tablet),200 mg,Square Pharmaceuticals Ltd.,"Unit Price: ৳ 20.06,(3's pack: ৳ 60.18),",(3's pack: ৳ 60.18)
12381,Afun,allopathic,afuncream1,Cream,Clotrimazole (Topical),1%,Square Pharmaceuticals Ltd.,10 gm tube: ৳ 35.11,
16266,Afrin,allopathic,afrinnasal-drop0025,Nasal Drop,Oxymetazoline Hydrochloride (Nasal Preparation),0.03%,Aristopharma Ltd.,10 ml drop: ৳ 40.00,
16267,Afrin,allopathic,afrinnasal-drop005,Nasal Drop,Oxymetazoline Hydrochloride (Nasal Preparation),0.05%,Aristopharma Ltd.,10 ml drop: ৳ 45.00,
32797,Afrin,allopathic,afrincream1,Cream,Oxymetazoline Hydrochloride (Cream),1%,Aristopharma Ltd.,50 gm tube: ৳ 350.00,
15889,AFM-T,allopathic,afm-tophthalmic-solution010025,Ophthalmic Solution,Fluorometholone + Tetrahydrozoline,0.1%+0.025%,Aristopharma Ltd.,5 ml drop: ৳ 100.00,
15886,AFM-Plus,allopathic,afm-plusophthalmic-ointment0103,Ophthalmic Ointment,Fluorometholone + Gentamicin,0.1%+0.3%,Aristopharma Ltd.,3 gm tube: ৳ 130.00,
15885,AFM-Plus,allopathic,afm-plusophthalmic-suspension0103,Ophthalmic Suspension,Fluorometholone + Gentamicin,0.1%+0.3%,Aristopharma Ltd.,5 ml drop: ৳ 110.00,
15872,AFM,allopathic,afmophthalmic-suspension01,Ophthalmic Suspension,Fluorometholone Acetate,0.10%,Aristopharma Ltd.,5 ml drop: ৳ 100.00,
28039,Afluzol,allopathic,afluzolcapsule50-mg,Capsule,Fluconazole,50 mg,Ambee Pharmaceuticals Ltd.,"Unit Price: ৳ 8.03,(30's pack: ৳ 240.93),",(30's pack: ৳ 240.93)
28038,Afluzol,allopathic,afluzolcapsule150-mg,Capsule,Fluconazole,150 mg,Ambee Pharmaceuticals Ltd.,"Unit Price: ৳ 22.07,(10's pack: ৳ 220.69),",(10's pack: ৳ 220.69)
28035,Afluzol,allopathic,afluzolpowder-for-suspension50-mg5-ml,Powder for Suspension,Fluconazole,50 mg/5 ml,Ambee Pharmaceuticals Ltd.,35 ml bottle: ৳ 78.27,
29363,Afixime,allopathic,afiximepediatric-drops25-mgml,Pediatric Drops,Cefixime Trihydrate,25 mg/ml,Asiatic Laboratories Ltd.,21 ml bottle: ৳ 100.00,
7467,Afixime,allopathic,afiximecapsule200-mg,Capsule,Cefixime Trihydrate,200 mg,Asiatic Laboratories Ltd.,"Unit Price: ৳ 30.00,(12's pack: ৳ 360.00),",(12's pack: ৳ 360.00)
7468,Afixime,allopathic,afiximecapsule400-mg,Capsule,Cefixime Trihydrate,400 mg,Asiatic Laboratories Ltd.,"Unit Price: ৳ 50.00,(4's pack: ৳ 200.00),",(4's pack: ৳ 200.00)
7469,Afixime,allopathic,afiximepowder-for-suspension100-mg5-ml,Powder for Suspension,Cefixime Trihydrate,100 mg/5 ml,Asiatic Laboratories Ltd.,"37.5 ml bottle: ৳ 130.00,50 ml bottle: ৳ 210.00",
7466,Afix DS,allopathic,afix-dspowder-for-suspension200-mg5-ml,Powder for Suspension,Cefixime Trihydrate,200 mg/5 ml,Aristopharma Ltd.,"30 ml bottle: ৳ 195.00,50 ml bottle: ৳ 320.00",
28233,Adinir,allopathic,adinircapsule300-mg,Capsule,Cefdinir,300 mg,ACME Laboratories Ltd.,"Unit Price: ৳ 45.16,(8's pack: ৳ 361.28),",(8's pack: ৳ 361.28)
15974,Aladay,allopathic,aladayophthalmic-solution01,Ophthalmic Solution,Olopatadine Hydrochloride (Ophthalmic),0.10%,Eskayef Pharmaceuticals Ltd.,5 ml drop: ৳ 110.00,
27495,Alacot Max,allopathic,alacot-maxophthalmic-solution07,Ophthalmic Solution,Olopatadine Hydrochloride (Ophthalmic),0.70%,Square Pharmaceuticals Ltd.,5 ml drop: ৳ 230.00,
15973,Alacot DS,allopathic,alacot-dsophthalmic-solution02,Ophthalmic Solution,Olopatadine Hydrochloride (Ophthalmic),0.20%,Square Pharmaceuticals Ltd.,5 ml drop: ৳ 175.00,
15972,Alacot,allopathic,alacotophthalmic-solution01,Ophthalmic Solution,Olopatadine Hydrochloride (Ophthalmic),0.10%,Square Pharmaceuticals Ltd.,5 ml drop: ৳ 110.34,
9715,Alaclov,allopathic,alaclovtablet500-mg,Tablet,Valacyclovir,500 mg,ACI Limited,"Unit Price: ৳ 40.27,(10's pack: ৳ 402.70),",(10's pack: ৳ 402.70)
250,AL-DS,allopathic,al-dschewable-tablet400-mg,Chewable Tablet,Albendazole,400 mg,Globe Pharmaceuticals Ltd.,"Unit Price: ৳ 5.00,(40's pack: ৳ 200.00),",(40's pack: ৳ 200.00)
22755,Aktivex,allopathic,aktivextablet500-mg,Tablet,Naproxen Sodium,500 mg,Opso Saline Ltd.,"Unit Price: ৳ 9.00,(30's pack: ৳ 270.00),",(30's pack: ৳ 270.00)
27698,Aktivex,allopathic,aktivextablet250-mg,Tablet,Naproxen Sodium,250 mg,Opso Saline Ltd.,"Unit Price: ৳ 5.00,(50's pack: ৳ 250.00),",(50's pack: ৳ 250.00)
21153,Aknill,allopathic,aknilltopical-gel005,Topical Gel,Isotretinoin (Topical),0.05%,Incepta Pharmaceuticals Ltd.,20 gm tube: ৳ 130.00,
574,Akicin,allopathic,akicinimiv-injection500-mg2-ml,IM/IV Injection,Amikacin,500 mg/2 ml,Square Pharmaceuticals Ltd.,"2 ml ampoule: ৳ 48.14,(10's pack: ৳ 481.40),",(10's pack: ৳ 481.40)
31608,Akicin,allopathic,akicinimiv-injection100-mg2-ml,IM/IV Injection,Amikacin,100 mg/2 ml,Square Pharmaceuticals Ltd.,"2 ml ampoule: ৳ 16.05,(10's pack: ৳ 160.50),",(10's pack: ৳ 160.50)
28327,Akarvia,allopathic,akarviatablet200-mg,Tablet,Favipiravir,200 mg,Incepta Pharmaceuticals Ltd.,"Unit Price: ৳ 400.00,(30's pack: ৳ 12,000.00),","(30's pack: ৳ 12,000.00)"
30906,Ajardy M,allopathic,ajardy-mtablet5-mg500-mg,Tablet,Empagliflozin + Metformin Hydrochloride,5 mg+500 mg,Ziska Pharmaceuticals Ltd.,"Unit Price: ৳ 15.00,(32's pack: ৳ 480.00),",(32's pack: ৳ 480.00)
30904,Ajardy,allopathic,ajardytablet10-mg,Tablet,Empagliflozin,10 mg,Ziska Pharmaceuticals Ltd.,"Unit Price: ৳ 25.00,(30's pack: ৳ 750.00),",(30's pack: ৳ 750.00)
30905,Ajardy,allopathic,ajardytablet25-mg,Tablet,Empagliflozin,25 mg,Ziska Pharmaceuticals Ltd.,"Unit Price: ৳ 40.00,(10's pack: ৳ 400.00),",(10's pack: ৳ 400.00)
22628,Airway,allopathic,airwaytablet10-mg,Tablet,Montelukast Sodium,10 mg,One Pharma Ltd.,"Unit Price: ৳ 15.00,(20's pack: ৳ 300.00),",(20's pack: ৳ 300.00)
27988,Airway,allopathic,airwaytablet4-mg,Tablet,Montelukast Sodium,4 mg,One Pharma Ltd.,"Unit Price: ৳ 6.00,(30's pack: ৳ 180.00),",(30's pack: ৳ 180.00)
22627,Airway,allopathic,airwaytablet5-mg,Tablet,Montelukast Sodium,5 mg,One Pharma Ltd.,"Unit Price: ৳ 8.00,(20's pack: ৳ 160.00),",(20's pack: ৳ 160.00)
26990,Airup,allopathic,airupchewable-tablet5-mg,Chewable Tablet,Montelukast Sodium,5 mg,Pharmasia Limited,"Unit Price: ৳ 8.00,(30's pack: ৳ 240.00),",(30's pack: ৳ 240.00)
3804,Airup,allopathic,airuptablet10-mg,Tablet,Montelukast Sodium,10 mg,Pharmasia Limited,"Unit Price: ৳ 10.00,(45's pack: ৳ 450.00),",(45's pack: ৳ 450.00)
30889,Airpro,allopathic,airprosyrup1-mg5-ml,Syrup,Levosalbutamol (Oral),1 mg/5 ml,Everest Pharmaceuticals Ltd.,100 ml bottle: ৳ 45.00,
21316,Airnaaf,allopathic,airnaafsyrup1-mg5-ml,Syrup,Ketotifen Fumarate (Oral),1 mg/5 ml,Naafco Pharma Ltd.,100 ml bottle: ৳ 50.00,
32793,Airflow,allopathic,airflowtablet10-mg,Tablet,Montelukast Sodium,10 mg,Ad-din Pharmaceuticals Ltd.,Unit Price: ৳ 15.00,
27759,Aire,allopathic,airetablet2-mg,Tablet,Levosalbutamol (Oral),2 mg,Delta Pharma Ltd.,"Unit Price: ৳ 1.70,(50's pack: ৳ 85.00),",(50's pack: ৳ 85.00)
27758,Aire,allopathic,airetablet1-mg,Tablet,Levosalbutamol (Oral),1 mg,Delta Pharma Ltd.,"Unit Price: ৳ 0.90,(50's pack: ৳ 45.00),",(50's pack: ৳ 45.00)
27400,Aid TR,allopathic,aid-trcapsule-timed-release100-mg,Capsule (Timed Release),Diclofenac Sodium,100 mg,Premier Pharmaceuticals Ltd.,"Unit Price: ৳ 3.00,(100's pack: ৳ 300.00),",(100's pack: ৳ 300.00)
27433,Aid SR,allopathic,aid-srtablet-sustained-release100-mg,Tablet (Sustained Release),Diclofenac Sodium,100 mg,Premier Pharmaceuticals Ltd.,"Unit Price: ৳ 3.00,(100's pack: ৳ 300.00),",(100's pack: ৳ 300.00)
27401,Aid,allopathic,aidtablet50-mg,Tablet,Diclofenac Sodium,50 mg,Premier Pharmaceuticals Ltd.,"Unit Price: ৳ 0.80,(100's pack: ৳ 80.00),",(100's pack: ৳ 80.00)
25461,AH,allopathic,ahoral-suspension200-mg5-ml,Oral Suspension,Albendazole,200 mg/5 ml,Drug International Ltd.,10 ml bottle: ৳ 20.10,
25460,AH,allopathic,ahchewable-tablet400-mg,Chewable Tablet,Albendazole,400 mg,Drug International Ltd.,"Unit Price: ৳ 5.00,(24's pack: ৳ 120.00),,Unit Price: ৳ 5.00,(60's pack: ৳ 300.00),","(24's pack: ৳ 120.00),(60's pack: ৳ 300.00)"
28234,Adinir,allopathic,adinirpowder-for-suspension125-mg5-ml,Powder for Suspension,Cefdinir,125 mg/5 ml,ACME Laboratories Ltd.,60 ml bottle: ৳ 175.66,
252,Alba,allopathic,albachewable-tablet400-mg,Chewable Tablet,Albendazole,400 mg,Navana Pharmaceuticals Ltd.,"Unit Price: ৳ 4.50,(48's pack: ৳ 216.00),",(48's pack: ৳ 216.00)
17498,Alaxen,allopathic,alaxentablet025-mg,Tablet,Alprazolam,0.25 mg,United Pharmaceuticals Ltd.,"Unit Price: ৳ 2.00,(100's pack: ৳ 200.00),",(100's pack: ৳ 200.00)
17499,Alaxen,allopathic,alaxentablet05-mg,Tablet,Alprazolam,0.5 mg,United Pharmaceuticals Ltd.,"Unit Price: ৳ 3.00,(100's pack: ৳ 300.00),",(100's pack: ৳ 300.00)
11915,Alatrol,allopathic,alatrolsyrup5-mg5-ml,Syrup,Cetirizine Hydrochloride,5 mg/5 ml,Square Pharmaceuticals Ltd.,60 ml bottle: ৳ 30.10,
19173,Alatrol,allopathic,alatrolpediatric-drops25-mgml,Pediatric Drops,Cetirizine Hydrochloride,2.5 mg/ml,Square Pharmaceuticals Ltd.,15 ml bottle: ৳ 25.08,
11914,Alatrol,allopathic,alatroltablet10-mg,Tablet,Cetirizine Hydrochloride,10 mg,Square Pharmaceuticals Ltd.,"Unit Price: ৳ 3.01,(150's pack: ৳ 451.50),",(150's pack: ৳ 451.50)
11913,Alatin,allopathic,alatintablet10-mg,Tablet,Cetirizine Hydrochloride,10 mg,Concord Pharmaceuticals Ltd.,"Unit Price: ৳ 2.01,(100's pack: ৳ 201.00),",(100's pack: ৳ 201.00)
12014,Alater,allopathic,alatertablet10-mg,Tablet,Cetirizine Hydrochloride,10 mg,Bengal drugs Ltd.,"Unit Price: ৳ 2.50,(100's pack: ৳ 250.00),",(100's pack: ৳ 250.00)
12008,Alat,allopathic,alattablet10-mg,Tablet,Cetirizine Hydrochloride,10 mg,Premier Pharmaceuticals Ltd.,"Unit Price: ৳ 2.50,(100's pack: ৳ 250.00),",(100's pack: ৳ 250.00)
12905,Alarup,allopathic,alaruptablet10-mg,Tablet,Rupatadine Fumarate,10 mg,Popular Pharmaceuticals Ltd.,"Unit Price: ৳ 10.00,(30's pack: ৳ 300.00),",(30's pack: ৳ 300.00)
19129,Alartn,allopathic,alartnsyrup5-mg5-ml,Syrup,Cetirizine Hydrochloride,5 mg/5 ml,Alkad Laboratories,60 ml bottle: ৳ 30.00,
12185,Alaron,allopathic,alarontablet10-mg,Tablet,Loratadine,10 mg,ACI Limited,"Unit Price: ৳ 2.50,(100's pack: ৳ 250.00),",(100's pack: ৳ 250.00)
32197,Alaron,allopathic,alaronoral-suspension5-mg5-ml,Oral Suspension,Loratadine,5 mg/5 ml,ACI Limited,60 ml bottle: ৳ 30.20,
15944,Alarid,allopathic,alaridophthalmic-solution0025,Ophthalmic Solution,Ketotifen Fumarate (Ophthalmic),0.03%,Square Pharmaceuticals Ltd.,5 ml drop: ৳ 100.30,
3712,Alarid,allopathic,alaridsyrup1-mg5-ml,Syrup,Ketotifen Fumarate (Oral),1 mg/5 ml,Square Pharmaceuticals Ltd.,100 ml bottle: ৳ 55.00,
3711,Alarid,allopathic,alaridtablet1-mg,Tablet,Ketotifen Fumarate (Oral),1 mg,Square Pharmaceuticals Ltd.,"Unit Price: ৳ 2.50,(100's pack: ৳ 250.00),",(100's pack: ৳ 250.00)
19143,Alargol,allopathic,alargolsyrup5-mg5-ml,Syrup,Cetirizine Hydrochloride,5 mg/5 ml,Ethical Drug Ltd.,60 ml bottle: ৳ 25.00,
19144,Alargol,allopathic,alargoltablet10-mg,Tablet,Cetirizine Hydrochloride,10 mg,Ethical Drug Ltd.,"Unit Price: ৳ 2.50,(100's pack: ৳ 250.00),",(100's pack: ৳ 250.00)
12064,Alanil,allopathic,alaniloral-suspension30-mg5-ml,Oral Suspension,Fexofenadine Hydrochloride,30 mg/5 ml,ACME Laboratories Ltd.,50 ml bottle: ৳ 48.14,
12063,Alanil,allopathic,alaniltablet180-mg,Tablet,Fexofenadine Hydrochloride,180 mg,ACME Laboratories Ltd.,"Unit Price: ৳ 10.00,(30's pack: ৳ 300.00),",(30's pack: ৳ 300.00)
12062,Alanil,allopathic,alaniltablet120-mg,Tablet,Fexofenadine Hydrochloride,120 mg,ACME Laboratories Ltd.,"Unit Price: ৳ 8.00,(30's pack: ৳ 240.00),",(30's pack: ৳ 240.00)
27838,Alagra,allopathic,alagratablet60-mg,Tablet,Fexofenadine Hydrochloride,60 mg,Alco Pharma Ltd.,"Unit Price: ৳ 3.51,(30's pack: ৳ 105.30),",(30's pack: ৳ 105.30)
12061,Alagra,allopathic,alagraoral-suspension30-mg5-ml,Oral Suspension,Fexofenadine Hydrochloride,30 mg/5 ml,Alco Pharma Ltd.,50 ml bottle: ৳ 48.14,
12060,Alagra,allopathic,alagratablet180-mg,Tablet,Fexofenadine Hydrochloride,180 mg,Alco Pharma Ltd.,"Unit Price: ৳ 8.53,(30's pack: ৳ 255.90),",(30's pack: ৳ 255.90)
12059,Alagra,allopathic,alagratablet120-mg,Tablet,Fexofenadine Hydrochloride,120 mg,Alco Pharma Ltd.,"Unit Price: ৳ 6.02,(30's pack: ৳ 180.60),,Unit Price: ৳ 6.02,(60's pack: ৳ 361.20),","(30's pack: ৳ 180.60),(60's pack: ৳ 361.20)"
12057,Alagra,allopathic,alagratablet30-mg,Tablet,Fexofenadine Hydrochloride,30 mg,Alco Pharma Ltd.,"Unit Price: ৳ 3.01,(30's pack: ৳ 90.30),",(30's pack: ৳ 90.30)
12055,Alafree,allopathic,alafreetablet120-mg,Tablet,Fexofenadine Hydrochloride,120 mg,Apex Pharmaceuticals Ltd.,"Unit Price: ৳ 6.50,(30's pack: ৳ 195.00),",(30's pack: ৳ 195.00)
20332,Alafree,allopathic,alafreeoral-suspension30-mg5-ml,Oral Suspension,Fexofenadine Hydrochloride,30 mg/5 ml,Apex Pharmaceuticals Ltd.,50 ml bottle: ৳ 48.00,
29404,Aladay Max,allopathic,aladay-maxophthalmic-solution07,Ophthalmic Solution,Olopatadine Hydrochloride (Ophthalmic),0.70%,Eskayef Pharmaceuticals Ltd.,5 ml drop: ৳ 250.00,
15975,Aladay DS,allopathic,aladay-dsophthalmic-solution02,Ophthalmic Solution,Olopatadine Hydrochloride (Ophthalmic),0.20%,Eskayef Pharmaceuticals Ltd.,5 ml drop: ৳ 160.00,
20395,Adifex,allopathic,adifextablet120-mg,Tablet,Fexofenadine Hydrochloride,120 mg,United Pharmaceuticals Ltd.,"Unit Price: ৳ 6.50,(30's pack: ৳ 195.00),",(30's pack: ৳ 195.00)
22988,Alchek DS,allopathic,alchek-dsophthalmic-solution02,Ophthalmic Solution,Olopatadine Hydrochloride (Ophthalmic),0.20%,Apex Pharmaceuticals Ltd.,5 ml drop: ৳ 150.08,
15976,Alchek,allopathic,alchekophthalmic-solution01,Ophthalmic Solution,Olopatadine Hydrochloride (Ophthalmic),0.10%,Apex Pharmaceuticals Ltd.,5 ml drop: ৳ 100.00,
12156,Alcet,allopathic,alcetoral-solution25-mg5-ml,Oral Solution,Levocetirizine Dihydrochloride,2.5 mg/5 ml,Healthcare Pharmaceuticals Ltd.,60 ml bottle: ৳ 50.00,
12155,Alcet,allopathic,alcettablet5-mg,Tablet,Levocetirizine Dihydrochloride,5 mg,Healthcare Pharmaceuticals Ltd.,"Unit Price: ৳ 4.50,(100's pack: ৳ 450.00),",(100's pack: ৳ 450.00)
17366,Alcefen,allopathic,alcefentablet100-mg,Tablet,Aceclofenac,100 mg,Allied Pharmaceuticals Ltd.,Unit Price: ৳ 4.00,
27197,Alcavir,allopathic,alcavirtablet05-mg,Tablet,Entecavir,0.5 mg,Innovative Pharma (Albion),"Unit Price: ৳ 53.13,(20's pack: ৳ 1,062.53),","(20's pack: ৳ 1,062.53)"
348,Alcafta,allopathic,alcaftaophthalmic-solution025,Ophthalmic Solution,Alcaftadine,0.25%,Incepta Pharmaceuticals Ltd.,5 ml drop: ৳ 400.00,
32643,Alcaft,allopathic,alcaftophthalmic-solution025,Ophthalmic Solution,Alcaftadine,0.25%,Healthcare Pharmaceuticals Ltd.,5 ml drop: ৳ 450.00,
347,Alcadin,allopathic,alcadinophthalmic-solution025,Ophthalmic Solution,Alcaftadine,0.25%,Popular Pharmaceuticals Ltd.,5 ml drop: ৳ 400.00,
16528,Albutein,allopathic,albuteiniv-infusion25,IV Infusion,Albumin (Human),25%,Alpha Therapeutic Corporation,"50 ml bottle: ৳ 3,700.00,100 ml bottle: ৳ 7,500.00",
414,Albutein,allopathic,albuteiniv-infusion5,IV Infusion,Albumin (Human),5%,Grifols Biologicals LLC,"250 ml bottle: ৳ 3,800.00",
14907,Albutein,allopathic,albuteiniv-infusion5,IV Infusion,Albumin (Human),5%,Alpha Therapeutic Corporation,"250 ml bottle: ৳ 3,800.00",
416,Albumin Human,allopathic,albumin-humaniv-infusion20,IV Infusion,Albumin (Human),20%,Octapharma Pharmazeutica,"50 ml bottle: ৳ 3,609.00,100 ml bottle: ৳ 7,218.00",
268,Albrex,allopathic,albrexchewable-tablet400-mg,Chewable Tablet,Albendazole,400 mg,Medimet Pharmaceuticals Ltd.,"Unit Price: ৳ 3.50,(50's pack: ৳ 175.00),",(50's pack: ৳ 175.00)
25465,Albol-DS,allopathic,albol-dschewable-tablet400-mg,Chewable Tablet,Albendazole,400 mg,Ethical Drug Ltd.,"Unit Price: ৳ 3.50,(60's pack: ৳ 210.00),",(60's pack: ৳ 210.00)
10347,Albezole,allopathic,albezolechewable-tablet400-mg,Chewable Tablet,Albendazole,400 mg,Apollo Pharmaceutical Ltd.,"Unit Price: ৳ 3.80,(40's pack: ৳ 152.00),",(40's pack: ৳ 152.00)
263,Albezen,allopathic,albezenchewable-tablet400-mg,Chewable Tablet,Albendazole,400 mg,Zenith Pharmaceuticals Ltd.,"Unit Price: ৳ 3.00,(50's pack: ৳ 150.00),",(50's pack: ৳ 150.00)
25491,Albentas,allopathic,albentaschewable-tablet400-mg,Chewable Tablet,Albendazole,400 mg,Veritas Pharmaceuticals Ltd.,"Unit Price: ৳ 5.00,(50's pack: ৳ 250.00),",(50's pack: ৳ 250.00)
262,Albendox,allopathic,albendoxchewable-tablet400-mg,Chewable Tablet,Albendazole,400 mg,Indo Bangla Pharmaceutical,"Unit Price: ৳ 4.00,(50's pack: ৳ 200.00),",(50's pack: ৳ 200.00)
261,Albendol,allopathic,albendoloral-suspension200-mg5-ml,Oral Suspension,Albendazole,200 mg/5 ml,Globex Pharmaceuticals Ltd.,10 ml bottle: ৳ 15.00,
260,Albendol,allopathic,albendolchewable-tablet400-mg,Chewable Tablet,Albendazole,400 mg,Globex Pharmaceuticals Ltd.,"Unit Price: ৳ 3.50,(50's pack: ৳ 175.00),",(50's pack: ৳ 175.00)
257,Albenda DS,allopathic,albenda-dschewable-tablet400-mg,Chewable Tablet,Albendazole,400 mg,Aexim Pharmaceuticals Ltd.,"Unit Price: ৳ 3.40,(20's pack: ৳ 68.00),",(20's pack: ৳ 68.00)
256,Alben DS,allopathic,alben-dschewable-tablet400-mg,Chewable Tablet,Albendazole,400 mg,Eskayef Pharmaceuticals Ltd.,"Unit Price: ৳ 5.00,(100's pack: ৳ 500.00),",(100's pack: ৳ 500.00)
255,Alben,allopathic,albenoral-suspension200-mg5-ml,Oral Suspension,Albendazole,200 mg/5 ml,Eskayef Pharmaceuticals Ltd.,10 ml bottle: ৳ 20.00,
254,Albazol DS,allopathic,albazol-dschewable-tablet400-mg,Chewable Tablet,Albendazole,400 mg,Central Pharmaceuticals Ltd.,"Unit Price: ৳ 4.00,(50's pack: ৳ 200.00),",(50's pack: ৳ 200.00)
13874,Albatab,allopathic,albatabtablet,Tablet,Vitamin B complex,,Aexim Pharmaceuticals Ltd.,"Unit Price: ৳ 0.44,(100's pack: ৳ 44.00),",(100's pack: ৳ 44.00)
442,Albasine,allopathic,albasinetablet30-mg10-mg,Tablet,Almitrine Bismesylate + Raubasine,30 mg+10 mg,Drug International Ltd.,"Unit Price: ৳ 12.00,(42's pack: ৳ 504.00),,Unit Price: ৳ 12.00,(28's pack: ৳ 336.00),","(42's pack: ৳ 504.00),(28's pack: ৳ 336.00)"
13873,Albaplex,allopathic,albaplexsyrup,Syrup,Vitamin B complex,,Aexim Pharmaceuticals Ltd.,"100 ml bottle: ৳ 20.60,200 ml bottle: ৳ 37.60",
253,Albamax DS,allopathic,albamax-dschewable-tablet400-mg,Chewable Tablet,Albendazole,400 mg,Ziska Pharmaceuticals Ltd.,"Unit Price: ৳ 2.82,(25's pack: ৳ 70.45),",(25's pack: ৳ 70.45)
18066,Albafen,allopathic,albafentablet10-mg,Tablet,Baclofen,10 mg,Allied Pharmaceuticals Ltd.,"Unit Price: ৳ 8.00,(30's pack: ৳ 240.00),",(30's pack: ৳ 240.00)
5276,Adglim,allopathic,adglimtablet2-mg,Tablet,Glimepiride,2 mg,UniMed UniHealth,"Unit Price: ৳ 5.00,(30's pack: ৳ 150.00),",(30's pack: ৳ 150.00)
29031,Alenvir,allopathic,alenvirtablet25-mg,Tablet,Tenofovir Alafenamide,25 mg,Square Pharmaceuticals Ltd.,"Unit Price: ৳ 90.00,(10's pack: ৳ 900.00),",(10's pack: ৳ 900.00)
30518,Alendon,allopathic,alendontablet10-mg,Tablet,Alendronic acid,10 mg,Beximco Pharmaceuticals Ltd.,"Unit Price: ৳ 5.00,(30's pack: ৳ 150.00),",(30's pack: ৳ 150.00)
30519,Alendon,allopathic,alendontablet70-mg,Tablet,Alendronic acid,70 mg,Beximco Pharmaceuticals Ltd.,"Unit Price: ৳ 25.00,(30's pack: ৳ 750.00),",(30's pack: ৳ 750.00)
27606,Alecensa,allopathic,alecensacapsule150-mg,Capsule,Alectinib,150 mg,Roche Bangladesh Ltd.,"Unit Price: ৳ 1,480.00,(56's pack: ৳ 82,880.00),","(56's pack: ৳ 82,880.00)"
25455,Ale DS,allopathic,ale-dschewable-tablet400-mg,Chewable Tablet,Albendazole,400 mg,Aztec Pharmaceuticals Ltd.,Unit Price: ৳ 4.00,
5725,Aldorin,allopathic,aldorintablet50-mg,Tablet,Epalrestat,50 mg,Eskayef Pharmaceuticals Ltd.,"Unit Price: ৳ 10.00,(30's pack: ৳ 300.00),",(30's pack: ৳ 300.00)
21489,Aldopa,allopathic,aldopatablet100-mg10-mg,Tablet,Levodopa + Carbidopa (FC tablet),100 mg+10 mg,Innovative Pharma (Albion),"Unit Price: ৳ 8.26,(50's pack: ৳ 413.21),",(50's pack: ৳ 413.21)
21490,Aldopa,allopathic,aldopatablet250-mg25-mg,Tablet,Levodopa + Carbidopa (FC tablet),250 mg+25 mg,Innovative Pharma (Albion),"Unit Price: ৳ 11.80,(50's pack: ৳ 590.00),",(50's pack: ৳ 590.00)
2854,Aldonist,allopathic,aldonisttablet25-mg,Tablet,Eplerenone,25 mg,UniMed UniHealth,"Unit Price: ৳ 45.00,(28's pack: ৳ 1,260.00),","(28's pack: ৳ 1,260.00)"
2855,Aldonist,allopathic,aldonisttablet50-mg,Tablet,Eplerenone,50 mg,UniMed UniHealth,"Unit Price: ৳ 85.00,(14's pack: ৳ 1,190.00),","(14's pack: ৳ 1,190.00)"
26052,Aldocort,allopathic,aldocorttablet010-mg,Tablet,Fludrocortisone Acetate,0.10 mg,Incepta Pharmaceuticals Ltd.,"Unit Price: ৳ 10.00,(30's pack: ৳ 300.00),",(30's pack: ৳ 300.00)
278,Aldin DS,allopathic,aldin-dschewable-tablet400-mg,Chewable Tablet,Albendazole,400 mg,Techno Drugs Ltd.,"Unit Price: ৳ 4.00,(60's pack: ৳ 240.00),",(60's pack: ৳ 240.00)
32935,Aldex-DS,allopathic,aldex-dschewable-tablet400-mg,Chewable Tablet,Albendazole,400 mg,Gaco Pharmaceuticals Ltd.,"Unit Price: ৳ 4.02,(20's pack: ৳ 80.40),",(20's pack: ৳ 80.40)
32936,Aldex,allopathic,aldexoral-suspension200-mg5-ml,Oral Suspension,Albendazole,200 mg/5 ml,Gaco Pharmaceuticals Ltd.,10 ml bottle: ৳ 15.00,
275,Aldew,allopathic,aldewchewable-tablet400-mg,Chewable Tablet,Albendazole,400 mg,Doctor’s Chemical Works Ltd.,"Unit Price: ৳ 4.00,(50's pack: ৳ 200.00),",(50's pack: ৳ 200.00)
274,Aldes DS,allopathic,aldes-dschewable-tablet400-mg,Chewable Tablet,Albendazole,400 mg,Desh Pharmaceuticals Ltd.,"Unit Price: ৳ 4.00,(50's pack: ৳ 200.00),,Unit Price: ৳ 4.00,(100's pack: ৳ 400.00),","(50's pack: ৳ 200.00),(100's pack: ৳ 400.00)"
273,Aldes,allopathic,aldesoral-suspension200-mg5-ml,Oral Suspension,Albendazole,200 mg/5 ml,Desh Pharmaceuticals Ltd.,10 ml bottle: ৳ 15.00,
272,Aldaben-DS,allopathic,aldaben-dschewable-tablet400-mg,Chewable Tablet,Albendazole,400 mg,Ad-din Pharmaceuticals Ltd.,"Unit Price: ৳ 4.00,(25's pack: ৳ 100.00),",(25's pack: ৳ 100.00)
271,Aldaben,allopathic,aldabenoral-suspension200-mg5-ml,Oral Suspension,Albendazole,200 mg/5 ml,Ad-din Pharmaceuticals Ltd.,10 ml bottle: ৳ 15.00,
270,Alda DS,allopathic,alda-dschewable-tablet400-mg,Chewable Tablet,Albendazole,400 mg,Supreme Pharmaceutical Ltd.,"Unit Price: ৳ 4.00,(25's pack: ৳ 100.00),",(25's pack: ৳ 100.00)
269,Alda,allopathic,aldaoral-suspension200-mg5-ml,Oral Suspension,Albendazole,200 mg/5 ml,Supreme Pharmaceutical Ltd.,10 ml bottle: ৳ 15.00,
8987,Alcot,allopathic,alcotoral-suspension200-mg40-mg5-ml,Oral Suspension,Sulphamethoxazole + Trimethoprim,(200 mg+40 mg)/5 ml,Pacific Pharmaceuticals Ltd.,60 ml bottle: ৳ 20.00,
8985,Alcot,allopathic,alcottablet400-mg80-mg,Tablet,Sulphamethoxazole + Trimethoprim,400 mg+80 mg,Pacific Pharmaceuticals Ltd.,"Unit Price: ৳ 1.00,(100's pack: ৳ 100.00),",(100's pack: ৳ 100.00)
29873,Alcot,allopathic,alcottablet800-mg160-mg,Tablet,Sulphamethoxazole + Trimethoprim,800 mg+160 mg,Pacific Pharmaceuticals Ltd.,"Unit Price: ৳ 2.00,(100's pack: ৳ 200.00),",(100's pack: ৳ 200.00)
20142,Alconil,allopathic,alconilmouthwash,Mouthwash,Eucalyptol + Menthol + Methyl Salicylate + Thymol + Sodium Fluoride,,Ziska Pharmaceuticals Ltd.,"120 ml bottle: ৳ 85.00,250 ml bottle: ৳ 150.00",
10937,Alcofen SR,allopathic,alcofen-srcapsule-sustained-release100-mg,Capsule (Sustained Release),Diclofenac Sodium,100 mg,Aexim Pharmaceuticals Ltd.,"Unit Price: ৳ 1.50,(100's pack: ৳ 150.00),",(100's pack: ৳ 150.00)
10936,Alcofen,allopathic,alcofentablet50-mg,Tablet,Diclofenac Sodium,50 mg,Aexim Pharmaceuticals Ltd.,"Unit Price: ৳ 0.70,(100's pack: ৳ 70.00),",(100's pack: ৳ 70.00)
7100,Alclor,allopathic,alclorcapsule500-mg,Capsule,Cefaclor Monohydrate,500 mg,ACME Laboratories Ltd.,"Unit Price: ৳ 40.12,(20's pack: ৳ 802.40),",(20's pack: ৳ 802.40)
7101,Alclor,allopathic,alclorpowder-for-suspension125-mg5-ml,Powder for Suspension,Cefaclor Monohydrate,125 mg/5 ml,ACME Laboratories Ltd.,100 ml bottle: ৳ 190.58,
7102,Alclor,allopathic,alclorpediatric-drops125-mg125-ml,Pediatric Drops,Cefaclor Monohydrate,125 mg/1.25 ml,ACME Laboratories Ltd.,15 ml bottle: ৳ 125.37,
5275,Adglim,allopathic,adglimtablet1-mg,Tablet,Glimepiride,1 mg,UniMed UniHealth,"Unit Price: ৳ 3.00,(30's pack: ৳ 90.00),",(30's pack: ৳ 90.00)
12068,Alfex,allopathic,alfextablet120-mg,Tablet,Fexofenadine Hydrochloride,120 mg,Medicon Pharmaceuticals Ltd.,"Unit Price: ৳ 6.44,(30's pack: ৳ 193.17),",(30's pack: ৳ 193.17)
27584,Alfavir,allopathic,alfavirtablet25-mg,Tablet,Tenofovir Alafenamide,25 mg,Incepta Pharmaceuticals Ltd.,"Unit Price: ৳ 90.00,(10's pack: ৳ 900.00),",(10's pack: ৳ 900.00)
15573,Alfasin XR,allopathic,alfasin-xrtablet-extended-release10-mg,Tablet (Extended Release),Alfuzosin Hydrochloride,10 mg,Incepta Pharmaceuticals Ltd.,"Unit Price: ৳ 10.00,(24's pack: ৳ 240.00),",(24's pack: ৳ 240.00)
3887,Alfacort,allopathic,alfacortimia-injection40-mgml,IM/IA Injection,Triamcinolone Acetonide (Injection),40 mg/ml,Ziska Pharmaceuticals Ltd.,"1 ml vial: ৳ 60.00,(4's pack: ৳ 240.00),",(4's pack: ৳ 240.00)
12189,Aleze,allopathic,alezeoral-suspension5-mg5-ml,Oral Suspension,Loratadine,5 mg/5 ml,UniMed UniHealth,60 ml bottle: ৳ 26.00,
12188,Aleze,allopathic,alezetablet10-mg,Tablet,Loratadine,10 mg,UniMed UniHealth,"Unit Price: ৳ 2.50,(50's pack: ৳ 125.00),",(50's pack: ৳ 125.00)
6681,Alexid,allopathic,alexidtablet200-mg,Tablet,Pivmecillinam,200 mg,Aristopharma Ltd.,"Unit Price: ৳ 15.00,(50's pack: ৳ 750.00),",(50's pack: ৳ 750.00)
19972,Alexa,allopathic,alexasc-injection8000-anti-xa-iu08-ml,SC Injection,Enoxaparin Sodium,8000 Anti-Xa IU/0.8 ml,Healthcare Pharmaceuticals Ltd.,0.8 ml pre-filled syringe: ৳ 725.00,
19971,Alexa,allopathic,alexasc-injection6000-anti-xa-iu06-ml,SC Injection,Enoxaparin Sodium,6000 Anti-Xa IU/0.6 ml,Healthcare Pharmaceuticals Ltd.,0.6 ml pre-filled syringe: ৳ 600.00,
19970,Alexa,allopathic,alexasc-injection4000-anti-xa-iu04-ml,SC Injection,Enoxaparin Sodium,4000 Anti-Xa IU/0.4 ml,Healthcare Pharmaceuticals Ltd.,0.4 ml pre-filled syringe: ৳ 425.00,
11916,Aletrin,allopathic,aletrintablet10-mg,Tablet,Cetirizine Hydrochloride,10 mg,Reman Drug Laboratories Ltd.,"Unit Price: ৳ 2.50,(100's pack: ৳ 250.00),",(100's pack: ৳ 250.00)
25930,Alestor,allopathic,alestortablet5-mg,Tablet,Allylestrenol,5 mg,Incepta Pharmaceuticals Ltd.,"Unit Price: ৳ 8.00,(30's pack: ৳ 240.00),",(30's pack: ৳ 240.00)
12028,Alestin,allopathic,alestintablet10-mg,Tablet,Ebastine,10 mg,Novelta Bestway Pharma Ltd.,"Unit Price: ৳ 6.00,(50's pack: ৳ 300.00),",(50's pack: ৳ 300.00)
12029,Alestin,allopathic,alestinsyrup5-mg5-ml,Syrup,Ebastine,5 mg/5 ml,Novelta Bestway Pharma Ltd.,50 ml bottle: ৳ 80.00,
11900,Alervil,allopathic,alervilsyrup15-mg5-ml,Syrup,Pheniramine Maleate,15 mg/5 ml,Incepta Pharmaceuticals Ltd.,75 ml bottle: ৳ 25.00,
12228,Alertadin,allopathic,alertadintablet5-mg,Tablet,Desloratadine,5 mg,Beacon Pharmaceuticals Ltd.,"Unit Price: ৳ 2.51,(100's pack: ৳ 251.00),",(100's pack: ৳ 251.00)
12187,Alert,allopathic,alerttablet10-mg,Tablet,Loratadine,10 mg,Apollo Pharmaceutical Ltd.,"Unit Price: ৳ 2.73,(100's pack: ৳ 273.00),",(100's pack: ৳ 273.00)
19160,Alermet,allopathic,alermettablet10-mg,Tablet,Cetirizine Hydrochloride,10 mg,Orbit Pharmaceuticals Ltd.,"Unit Price: ৳ 2.50,(100's pack: ৳ 250.00),",(100's pack: ৳ 250.00)
19159,Alermet,allopathic,alermetsyrup5-mg5-ml,Syrup,Cetirizine Hydrochloride,5 mg/5 ml,Orbit Pharmaceuticals Ltd.,60 ml bottle: ৳ 16.00,
11799,Alerjess,allopathic,alerjesstablet4-mg,Tablet,Chlorpheniramine Maleate,4 mg,Ad-din Pharmaceuticals Ltd.,"Unit Price: ৳ 0.30,(500's pack: ৳ 150.00),",(500's pack: ৳ 150.00)
11800,Alerjess,allopathic,alerjesssyrup2-mg5-ml,Syrup,Chlorpheniramine Maleate,2 mg/5 ml,Ad-din Pharmaceuticals Ltd.,100 ml bottle: ৳ 21.85,
31137,Alergix MR,allopathic,alergix-mrtablet-modified-release10-mg,Tablet (Modified Release),Mizolastine,10 mg,Incepta Pharmaceuticals Ltd.,"Unit Price: ৳ 6.50,(30's pack: ৳ 195.00),",(30's pack: ৳ 195.00)
12067,Alerfex,allopathic,alerfexoral-suspension30-mg5-ml,Oral Suspension,Fexofenadine Hydrochloride,30 mg/5 ml,Kumudini Pharma Ltd.,50 ml bottle: ৳ 48.00,
12066,Alerfex,allopathic,alerfextablet120-mg,Tablet,Fexofenadine Hydrochloride,120 mg,Kumudini Pharma Ltd.,"Unit Price: ৳ 6.50,(30's pack: ৳ 195.00),",(30's pack: ৳ 195.00)
12065,Alerfast,allopathic,alerfasttablet120-mg,Tablet,Fexofenadine Hydrochloride,120 mg,Biopharma Laboratories Ltd.,"Unit Price: ৳ 7.00,(30's pack: ৳ 210.00),",(30's pack: ৳ 210.00)
28883,Alerfast,allopathic,alerfastoral-suspension30-mg5-ml,Oral Suspension,Fexofenadine Hydrochloride,30 mg/5 ml,Biopharma Laboratories Ltd.,50 ml bottle: ৳ 48.00,
19294,Alerest,allopathic,aleresttablet4-mg,Tablet,Chlorpheniramine Maleate,4 mg,Veritas Pharmaceuticals Ltd.,"Unit Price: ৳ 0.29,(200's pack: ৳ 58.00),",(200's pack: ৳ 58.00)
22987,Alercon DS,allopathic,alercon-dsophthalmic-solution02,Ophthalmic Solution,Olopatadine Hydrochloride (Ophthalmic),0.20%,ACME Laboratories Ltd.,5 ml drop: ৳ 150.44,
16250,Alercon,allopathic,alerconnasal-spray600-mcgspray,Nasal Spray,Olopatadine Hydrochloride (Nasal Spray),600 mcg/spray,ACME Laboratories Ltd.,120 metered sprays: ৳ 401.20,
15977,Alercon,allopathic,alerconophthalmic-solution01,Ophthalmic Solution,Olopatadine Hydrochloride (Ophthalmic),0.10%,ACME Laboratories Ltd.,5 ml drop: ৳ 100.30,
30525,Adgar,allopathic,adgargel03,Gel,Adapalene,0.30%,ACI Limited,10 gm tube: ৳ 80.24,
11151,Algirex,allopathic,algirextablet90-mg,Tablet,Etoricoxib,90 mg,Ibn Sina Pharmaceuticals Ltd.,"Unit Price: ৳ 12.00,(20's pack: ৳ 240.00),",(20's pack: ৳ 240.00)
11150,Algirex,allopathic,algirextablet60-mg,Tablet,Etoricoxib,60 mg,Ibn Sina Pharmaceuticals Ltd.,"Unit Price: ৳ 7.00,(30's pack: ৳ 210.00),",(30's pack: ৳ 210.00)
1430,Algin,allopathic,algintablet50-mg,Tablet,Tiemonium Methylsulphate,50 mg,Renata Limited,"Unit Price: ৳ 8.00,(100's pack: ৳ 800.00),",(100's pack: ৳ 800.00)
1432,Algin,allopathic,alginimiv-injection5-mg2-ml,IM/IV Injection,Tiemonium Methylsulphate,5 mg/2 ml,Renata Limited,"2 ml ampoule: ৳ 35.00,(5's pack: ৳ 175.00),",(5's pack: ৳ 175.00)
1431,Algin,allopathic,alginsyrup10-mg5-ml,Syrup,Tiemonium Methylsulphate,10 mg/5 ml,Renata Limited,"50 ml bottle: ৳ 50.00,100 ml bottle: ৳ 90.00",
24561,Algicon,allopathic,algiconchewable-tablet500-mg100-mg,Chewable Tablet,Sodium Alginate + Potassium Bicarbonate,500 mg+100 mg,Leon Pharmaceuticals Ltd.,"Unit Price: ৳ 3.01,(100's pack: ৳ 300.95),",(100's pack: ৳ 300.95)
24560,Algicon,allopathic,algiconoral-suspension500-mg100-mg5-ml,Oral Suspension,Sodium Alginate + Potassium Bicarbonate,(500 mg+100 mg)/5 ml,Leon Pharmaceuticals Ltd.,200 ml bottle: ৳ 125.00,
26556,Algicid Plus,allopathic,algicid-plusoral-suspension500-mg267-mg160-mg10-ml,Oral Suspension,Sodium Alginate + Sodium Bicarbonate + Calcium Carbonate,(500 mg+267 mg+160 mg)/10 ml,Incepta Pharmaceuticals Ltd.,200 ml bottle: ৳ 250.00,
32170,Algicid DX,allopathic,algicid-dxoral-suspension500-mg213-mg325-mg10-ml,Oral Suspension,Sodium Alginate + Sodium Bicarbonate + Calcium Carbonate,(500 mg+213 mg+325 mg)/10 ml,Incepta Pharmaceuticals Ltd.,200 ml bottle: ৳ 300.00,
1396,Algicid,allopathic,algicidoral-suspension500-mg100-mg5-ml,Oral Suspension,Sodium Alginate + Potassium Bicarbonate,(500 mg+100 mg)/5 ml,Incepta Pharmaceuticals Ltd.,200 ml bottle: ৳ 150.00,
16686,Algicid,allopathic,algicidchewable-tablet500-mg100-mg,Chewable Tablet,Sodium Alginate + Potassium Bicarbonate,500 mg+100 mg,Incepta Pharmaceuticals Ltd.,"Unit Price: ৳ 3.50,(100's pack: ৳ 350.00),",(100's pack: ৳ 350.00)
31101,Algicar Plus,allopathic,algicar-plusoral-suspension500-mg267-mg160-mg10-ml,Oral Suspension,Sodium Alginate + Sodium Bicarbonate + Calcium Carbonate,(500 mg+267 mg+160 mg)/10 ml,Techno Drugs Ltd.,200 ml bottle: ৳ 250.00,
453,Algex,allopathic,algexchewable-tablet250-mg400-mg,Chewable Tablet,Aluminium Hydroxide + Magnesium Hydroxide,250 mg+400 mg,Doctor’s Chemical Works Ltd.,"Unit Price: ৳ 0.50,(200's pack: ৳ 100.00),",(200's pack: ৳ 100.00)
28131,Algex,allopathic,algexoral-suspension175-mg225-mg5-ml,Oral Suspension,Aluminium Hydroxide + Magnesium Hydroxide,(175 mg+225 mg)/5 ml,Doctor’s Chemical Works Ltd.,200 ml bottle: ৳ 33.00,
32350,Algeum-DX,allopathic,algeum-dxtablet600-mg400-iu,Tablet,Calcium Carbonate [Coral source] + Vitamin D3,600 mg+400 IU,Radiant Nutraceuticals Ltd.,"Unit Price: ৳ 15.00,(30's pack: ৳ 450.00),",(30's pack: ৳ 450.00)
32349,Algeum-D,allopathic,algeum-dtablet500-mg200-iu,Tablet,Calcium Carbonate [Coral source] + Vitamin D3,500 mg+200 IU,Radiant Nutraceuticals Ltd.,"Unit Price: ৳ 10.00,(30's pack: ৳ 300.00),",(30's pack: ৳ 300.00)
16685,Algerd,allopathic,algerdoral-suspension500-mg100-mg5-ml,Oral Suspension,Sodium Alginate + Potassium Bicarbonate,(500 mg+100 mg)/5 ml,Monicopharma Ltd.,200 ml bottle: ৳ 150.00,
29461,Algecal Dx,allopathic,algecal-dxtablet600-mg400-iu,Tablet,Calcium Carbonate [Algae source] + Vitamin D3,600 mg+400 IU,Opsonin Pharma Ltd.,"Unit Price: ৳ 15.00,(30's pack: ৳ 450.00),",(30's pack: ৳ 450.00)
28782,Algecal D,allopathic,algecal-dtablet500-mg200-iu,Tablet,Calcium Carbonate [Algae source] + Vitamin D3,500 mg+200 IU,Opsonin Pharma Ltd.,"Unit Price: ৳ 10.00,(30's pack: ৳ 300.00),",(30's pack: ৳ 300.00)
32333,Algaba,allopathic,algabacapsule50-mg,Capsule,Pregabalin,50 mg,Al-Madina Pharmaceuticals Ltd.,Unit Price: ৳ 12.00,
32335,Algaba,allopathic,algabacapsule150-mg,Capsule,Pregabalin,150 mg,Al-Madina Pharmaceuticals Ltd.,Unit Price: ৳ 32.00,
32334,Algaba,allopathic,algabacapsule75-mg,Capsule,Pregabalin,75 mg,Al-Madina Pharmaceuticals Ltd.,Unit Price: ৳ 16.00,
427,Alfumax ER,allopathic,alfumax-ertablet-extended-release10-mg,Tablet (Extended Release),Alfuzosin Hydrochloride,10 mg,UniMed UniHealth,"Unit Price: ৳ 10.00,(30's pack: ৳ 300.00),",(30's pack: ৳ 300.00)
25856,Alfradin DS,allopathic,alfradin-dspowder-for-suspension250-mg5-ml,Powder for Suspension,Cephradine,250 mg/5 ml,Allied Pharmaceuticals Ltd.,100 ml bottle: ৳ 120.00,
25855,Alfradin,allopathic,alfradincapsule500-mg,Capsule,Cephradine,500 mg,Allied Pharmaceuticals Ltd.,Unit Price: ৳ 12.50,
17142,Alfixim,allopathic,alfiximpowder-for-suspension100-mg5-ml,Powder for Suspension,Cefixime Trihydrate,100 mg/5 ml,Allied Pharmaceuticals Ltd.,50 ml bottle: ৳ 195.00,
17141,Alfixim,allopathic,alfiximcapsule400-mg,Capsule,Cefixime Trihydrate,400 mg,Allied Pharmaceuticals Ltd.,Unit Price: ৳ 50.00,
17140,Alfixim,allopathic,alfiximcapsule200-mg,Capsule,Cefixime Trihydrate,200 mg,Allied Pharmaceuticals Ltd.,Unit Price: ৳ 35.00,
13224,Alfil,allopathic,alfilcapsule,Capsule,Iron + Folic acid + Vitamin B complex + Vitamin C,,Marker Pharma Ltd.,"Unit Price: ৳ 3.00,(30's pack: ৳ 90.00),",(30's pack: ৳ 90.00)
12069,Alfex,allopathic,alfexoral-suspension30-mg5-ml,Oral Suspension,Fexofenadine Hydrochloride,30 mg/5 ml,Medicon Pharmaceuticals Ltd.,50 ml bottle: ৳ 43.18,
170,Adgar,allopathic,adgargel01,Gel,Adapalene,0.10%,ACI Limited,10 gm tube: ৳ 60.18,
13741,Allbeevit,allopathic,allbeevitimiv-injection,IM/IV Injection,Vitamin B complex,,Medimet Pharmaceuticals Ltd.,"2 ml ampoule: ৳ 8.00,(10's pack: ৳ 80.00),",(10's pack: ৳ 80.00)
23724,Alkurin,allopathic,alkurinoral-solution1500-mg250-mg5-ml,Oral Solution,Potassium Citrate + Citric Acid,(1500 mg+250 mg)/5 ml,Ibn Sina Pharmaceuticals Ltd.,200 ml bottle: ৳ 200.00,
32817,Alkenib,allopathic,alkenibtablet250-mg,Tablet,Lapatinib,250 mg,Jenphar Bangladesh Ltd.,"Unit Price: ৳ 350.00,(30's pack: ৳ 10,500.00),","(30's pack: ৳ 10,500.00)"
29233,Alken,allopathic,alkenoral-solution1500-mg250-mg5-ml,Oral Solution,Potassium Citrate + Citric Acid,(1500 mg+250 mg)/5 ml,Al-Madina Pharmaceuticals Ltd.,"100 ml bottle: ৳ 100.00,200 ml bottle: ৳ 190.00",
22335,Alkazol,allopathic,alkazoloral-suspension200-mg5-ml,Oral Suspension,Metronidazole,200 mg/5 ml,Alkad Laboratories,60 ml bottle: ৳ 24.00,
16922,Alkatrim,allopathic,alkatrimoral-suspension200-mg40-mg5-ml,Oral Suspension,Sulphamethoxazole + Trimethoprim,(200 mg+40 mg)/5 ml,Alkad Laboratories,60 ml bottle: ৳ 22.00,
23386,Alkaparol,allopathic,alkaparoloral-suspension120-mg5-ml,Oral Suspension,Paracetamol,120 mg/5 ml,Alkad Laboratories,60 ml bottle: ৳ 18.00,
32354,Alkanon,allopathic,alkanontablet500-mg,Tablet,Nabumetone,500 mg,Renata Limited,"Unit Price: ৳ 15.00,(30's pack: ৳ 450.00),",(30's pack: ৳ 450.00)
32355,Alkanon,allopathic,alkanontablet750-mg,Tablet,Nabumetone,750 mg,Renata Limited,"Unit Price: ৳ 22.00,(24's pack: ৳ 528.00),",(24's pack: ৳ 528.00)
19236,Alkamin,allopathic,alkaminsyrup2-mg5-ml,Syrup,Chlorpheniramine Maleate,2 mg/5 ml,Alkad Laboratories,"60 ml bottle: ৳ 11.11,100 ml bottle: ৳ 20.75",
23722,Alkamax,allopathic,alkamaxoral-solution1500-mg250-mg5-ml,Oral Solution,Potassium Citrate + Citric Acid,(1500 mg+250 mg)/5 ml,Drug International Ltd.,200 ml bottle: ৳ 200.00,
32294,Alivio Extra,allopathic,alivio-extracream30104,Cream,Methyl Salicylate + Menthol + Camphor,30%+10%+4%,Al-Madina Pharmaceuticals Ltd.,"15 gm tube: ৳ 95.00,25 gm tube: ৳ 120.00",
32293,Alivio,allopathic,aliviocream1510,Cream,Methyl Salicylate + Menthol,15%+10%,Al-Madina Pharmaceuticals Ltd.,"10 gm tube: ৳ 25.00,20 gm tube: ৳ 40.00",
29462,Alistin DT,allopathic,alistin-dtdispersible-tablet600-mg,Dispersible Tablet,Acetylcysteine,600 mg,Opsonin Pharma Ltd.,"Unit Price: ৳ 15.00,(30's pack: ৳ 450.00),",(30's pack: ৳ 450.00)
2288,Alinix,allopathic,alinixtablet500-mg,Tablet,Nitazoxanide,500 mg,Healthcare Pharmaceuticals Ltd.,"Unit Price: ৳ 10.00,(30's pack: ৳ 300.00),",(30's pack: ৳ 300.00)
2289,Alinix,allopathic,alinixpowder-for-suspension100-mg5-ml,Powder for Suspension,Nitazoxanide,100 mg/5 ml,Healthcare Pharmaceuticals Ltd.,"30 ml bottle: ৳ 35.00,60 ml bottle: ৳ 50.00",
1679,Alin,allopathic,alintablet150-mg,Tablet,Ranitidine Hydrochloride,150 mg,Rephco Pharmaceuticals Ltd.,"Unit Price: ৳ 2.50,(100's pack: ৳ 250.00),",(100's pack: ৳ 250.00)
15073,Alimta,allopathic,alimtaiv-infusion500-mgvial,IV Infusion,Pemetrexed,500 mg/vial,Eli Lilly and Company,"500 mg vial: ৳ 64,187.00",
28995,Alimta,allopathic,alimtaiv-infusion100-mgvial,IV Infusion,Pemetrexed,100 mg/vial,Eli Lilly and Company,"100 mg vial: ৳ 13,372.00",
28709,Alice,allopathic,alicetablet6-mg,Tablet,Ivermectin (Tablet),6 mg,Square Pharmaceuticals Ltd.,"Unit Price: ৳ 10.00,(10's pack: ৳ 100.00),",(10's pack: ৳ 100.00)
28710,Alice,allopathic,alicetablet12-mg,Tablet,Ivermectin (Tablet),12 mg,Square Pharmaceuticals Ltd.,"Unit Price: ৳ 20.00,(10's pack: ৳ 200.00),",(10's pack: ৳ 200.00)
26161,Alice,allopathic,alicelotion05,Lotion,Ivermectin (Topical),0.50%,Square Pharmaceuticals Ltd.,60 gm tube: ৳ 130.00,
29306,Alia,allopathic,aliatablet5-mg,Tablet,Allylestrenol,5 mg,ACME Laboratories Ltd.,"Unit Price: ৳ 8.00,(30's pack: ৳ 240.00),",(30's pack: ৳ 240.00)
29317,Algrofin,allopathic,algrofincapsule250-mg,Capsule,Crizotinib,250 mg,Genvio Pharma Ltd.,"Unit Price: ৳ 2,700.00,(28's pack: ৳ 75,600.00),","(28's pack: ৳ 75,600.00)"
30004,Algita DX,allopathic,algita-dxtablet600-mg400-iu,Tablet,Calcium Carbonate [Algae source] + Vitamin D3,600 mg+400 IU,Labaid Pharma Ltd.,"Unit Price: ৳ 15.00,(30's pack: ৳ 450.00),",(30's pack: ৳ 450.00)
28633,Algita D,allopathic,algita-dtablet500-mg200-iu,Tablet,Calcium Carbonate [Algae source] + Vitamin D3,500 mg+200 IU,Labaid Pharma Ltd.,"Unit Price: ৳ 10.00,(30's pack: ৳ 300.00),",(30's pack: ৳ 300.00)
31531,Algisum Max,allopathic,algisum-maxoral-suspension500-mg267-mg160-mg10-ml,Oral Suspension,Sodium Alginate + Sodium Bicarbonate + Calcium Carbonate,(500 mg+267 mg+160 mg)/10 ml,Opsonin Pharma Ltd.,200 ml bottle: ৳ 250.00,
1398,Algisum,allopathic,algisumoral-suspension500-mg100-mg5-ml,Oral Suspension,Sodium Alginate + Potassium Bicarbonate,(500 mg+100 mg)/5 ml,Opsonin Pharma Ltd.,200 ml bottle: ৳ 150.00,
1397,Algisum,allopathic,algisumchewable-tablet500-mg100-mg,Chewable Tablet,Sodium Alginate + Potassium Bicarbonate,500 mg+100 mg,Opsonin Pharma Ltd.,"Unit Price: ৳ 3.50,(50's pack: ৳ 175.00),",(50's pack: ৳ 175.00)
30527,Adfovir,allopathic,adfovirtablet10-mg,Tablet,Adefovir Dipivoxil,10 mg,Sun Pharmaceutical Ltd.,"Unit Price: ৳ 25.00,(10's pack: ৳ 250.00),",(10's pack: ৳ 250.00)
19611,Adflox,allopathic,adfloxcapsule500-mg,Capsule,Flucloxacillin Sodium,500 mg,Team Pharmaceuticals Ltd.,"Unit Price: ৳ 9.50,(40's pack: ৳ 380.00),",(40's pack: ৳ 380.00)
7461,Adexim,allopathic,adeximcapsule200-mg,Capsule,Cefixime Trihydrate,200 mg,Supreme Pharmaceutical Ltd.,"Unit Price: ৳ 30.00,(6's pack: ৳ 180.00),",(6's pack: ৳ 180.00)
445,Almitan,allopathic,almitantablet625-mg,Tablet,Almotriptan,6.25 mg,Opsonin Pharma Ltd.,"Unit Price: ৳ 25.00,(4's pack: ৳ 100.00),",(4's pack: ৳ 100.00)
284,Almin,allopathic,alminchewable-tablet400-mg,Chewable Tablet,Albendazole,400 mg,Kumudini Pharma Ltd.,"Unit Price: ৳ 4.00,(50's pack: ৳ 200.00),",(50's pack: ৳ 200.00)
283,Almin,allopathic,alminoral-suspension200-mg5-ml,Oral Suspension,Albendazole,200 mg/5 ml,Kumudini Pharma Ltd.,10 ml bottle: ৳ 15.00,
32330,Almigut,allopathic,almiguttablet10-mg,Tablet,Domperidone Maleate,10 mg,Al-Madina Pharmaceuticals Ltd.,"Unit Price: ৳ 3.00,(100's pack: ৳ 300.00),",(100's pack: ৳ 300.00)
281,Almex,allopathic,almexoral-suspension200-mg5-ml,Oral Suspension,Albendazole,200 mg/5 ml,Square Pharmaceuticals Ltd.,"10 ml bottle: ৳ 20.00,(6's pack: ৳ 120.00),",(6's pack: ৳ 120.00)
282,Almex,allopathic,almexchewable-tablet400-mg,Chewable Tablet,Albendazole,400 mg,Square Pharmaceuticals Ltd.,"Unit Price: ৳ 5.02,(48's pack: ৳ 240.96),",(48's pack: ৳ 240.96)
17550,Almasil MS,allopathic,almasil-mschewable-tablet400-mg400-mg30-mg,Chewable Tablet,Aluminium Hydroxide + Magnesium Hydroxide + Simethicone,400 mg+400 mg+30 mg,United Pharmaceuticals Ltd.,"Unit Price: ৳ 0.75,(250's pack: ৳ 188.00),",(250's pack: ৳ 188.00)
17560,Almasil MS,allopathic,almasil-msoral-suspension400-mg400-mg30-mg5-ml,Oral Suspension,Aluminium Hydroxide + Magnesium Hydroxide + Simethicone,(400 mg+400 mg+30 mg)/5 ml,United Pharmaceuticals Ltd.,200 ml bottle: ৳ 55.00,
438,Allynol,allopathic,allynoltablet5-mg,Tablet,Allylestrenol,5 mg,Popular Pharmaceuticals Ltd.,"Unit Price: ৳ 8.00,(45's pack: ৳ 360.00),",(45's pack: ৳ 360.00)
437,Allygest,allopathic,allygesttablet5-mg,Tablet,Allylestrenol,5 mg,Nuvista Pharma Ltd.,"Unit Price: ৳ 7.72,(30's pack: ৳ 231.60),",(30's pack: ৳ 231.60)
4652,Allphen,allopathic,allphenoral-solution5-mg5-ml,Oral Solution,Promethazine Hydrochloride,5 mg/5 ml,Medimet Pharmaceuticals Ltd.,100 ml bottle: ৳ 24.00,
14085,Allion Gold,allopathic,allion-goldtablet,Tablet,Multivitamin & Multimineral [A-Z gold preparation],,Beacon Pharmaceuticals Ltd.,"Unit Price: ৳ 10.00,(30's pack: ৳ 300.00),",(30's pack: ৳ 300.00)
16000,Allet DS,allopathic,allet-dsophthalmic-solution02,Ophthalmic Solution,Olopatadine Hydrochloride (Ophthalmic),0.20%,Healthcare Pharmaceuticals Ltd.,5 ml drop: ৳ 180.00,
15995,Allet,allopathic,alletophthalmic-solution01,Ophthalmic Solution,Olopatadine Hydrochloride (Ophthalmic),0.10%,Healthcare Pharmaceuticals Ltd.,5 ml drop: ৳ 110.00,
30398,Allertin,allopathic,allertintablet20-mg,Tablet,Bilastine,20 mg,Navana Pharmaceuticals Ltd.,"Unit Price: ৳ 15.00,(30's pack: ৳ 450.00),",(30's pack: ৳ 450.00)
31418,Allertin,allopathic,allertinoral-solution125-mg5-ml,Oral Solution,Bilastine,12.5 mg/5 ml,Navana Pharmaceuticals Ltd.,60 ml bottle: ৳ 120.00,
11917,Allernil,allopathic,allerniltablet10-mg,Tablet,Cetirizine Hydrochloride,10 mg,Kemiko Pharmaceuticals Ltd.,"Unit Price: ৳ 2.51,(100's pack: ৳ 251.00),",(100's pack: ৳ 251.00)
11918,Allernil,allopathic,allernilsyrup5-mg5-ml,Syrup,Cetirizine Hydrochloride,5 mg/5 ml,Kemiko Pharmaceuticals Ltd.,60 ml bottle: ৳ 25.00,
15946,Allerkit-E,allopathic,allerkit-eophthalmic-solution0025,Ophthalmic Solution,Ketotifen Fumarate (Ophthalmic),0.03%,Monicopharma Ltd.,5 ml drop: ৳ 95.36,
3713,Allerkit,allopathic,allerkitsyrup1-mg5-ml,Syrup,Ketotifen Fumarate (Oral),1 mg/5 ml,Monicopharma Ltd.,100 ml bottle: ৳ 40.00,
29924,Allergan,allopathic,allerganoral-solution5-mg5-ml,Oral Solution,Promethazine Hydrochloride,5 mg/5 ml,Cipla Limited,100 ml bottle: ৳ 24.00,
12018,Allercet,allopathic,allercetsyrup5-mg5-ml,Syrup,Cetirizine Hydrochloride,5 mg/5 ml,Marksman Pharmaceuticals Ltd.,60 ml bottle: ৳ 14.80,
12017,Allercet,allopathic,allercettablet10-mg,Tablet,Cetirizine Hydrochloride,10 mg,Marksman Pharmaceuticals Ltd.,"Unit Price: ৳ 2.50,(100's pack: ৳ 250.00),",(100's pack: ৳ 250.00)
15999,Alleloc DS,allopathic,alleloc-dsophthalmic-solution02,Ophthalmic Solution,Olopatadine Hydrochloride (Ophthalmic),0.20%,Navana Pharmaceuticals Ltd.,5 ml drop: ৳ 150.44,
15978,Alleloc,allopathic,allelocophthalmic-solution01,Ophthalmic Solution,Olopatadine Hydrochloride (Ophthalmic),0.10%,Navana Pharmaceuticals Ltd.,5 ml drop: ৳ 100.30,
14187,Allbeevit-M,allopathic,allbeevit-mtablet,Tablet,Multivitamin & Multimineral,,Medimet Pharmaceuticals Ltd.,"Unit Price: ৳ 1.50,(24's pack: ৳ 36.00),",(24's pack: ৳ 36.00)
13739,Allbeevit,allopathic,allbeevittablet,Tablet,Vitamin B complex,,Medimet Pharmaceuticals Ltd.,"Unit Price: ৳ 0.52,(100's pack: ৳ 52.00),,Unit Price: ৳ 0.52,(200's pack: ৳ 104.00),","(100's pack: ৳ 52.00),(200's pack: ৳ 104.00)"
13738,Allbeevit,allopathic,allbeevitcapsule,Capsule,Vitamin B complex,,Medimet Pharmaceuticals Ltd.,"Unit Price: ৳ 1.00,(100's pack: ৳ 100.00),",(100's pack: ৳ 100.00)
13740,Allbeevit,allopathic,allbeevitsyrup,Syrup,Vitamin B complex,,Medimet Pharmaceuticals Ltd.,"100 ml bottle: ৳ 25.00,200 ml bottle: ৳ 43.00",
13737,Allbeevit,allopathic,allbeevittablet,Tablet,Vitamin B complex,,Medimet Pharmaceuticals Ltd.,"Unit Price: ৳ 0.52,(45's pack: ৳ 23.40),",(45's pack: ৳ 23.40)
7462,Adexim,allopathic,adeximpowder-for-suspension100-mg5-ml,Powder for Suspension,Cefixime Trihydrate,100 mg/5 ml,Supreme Pharmaceutical Ltd.,50 ml bottle: ৳ 160.00,
2586,Alphapress,allopathic,alphapresstablet1-mg,Tablet,Prazosin Hydrochloride,1 mg,Renata Limited,"Unit Price: ৳ 4.00,(100's pack: ৳ 400.00),",(100's pack: ৳ 400.00)
3333,Alphanate,allopathic,alphanateiv-infusion250-iuvial,IV Infusion,Alphanate,250 IU/vial,Grifols Biologicals LLC,"5 ml vial: ৳ 9,500.00",
982,Alphanate,allopathic,alphanateinjection250-iuvial,Injection,Antihemophilic Factor [Factor VIII],250 IU/vial,Grifols Biologicals LLC,"250 IU vial: ৳ 9,900.00",
31617,Alphalok XR,allopathic,alphalok-xrtablet-extended-release25-mg,Tablet (Extended Release),Prazosin Hydrochloride,2.5 mg,Opsonin Pharma Ltd.,"Unit Price: ৳ 10.00,(28's pack: ৳ 280.00),",(28's pack: ৳ 280.00)
31618,Alphalok XR,allopathic,alphalok-xrtablet-extended-release5-mg,Tablet (Extended Release),Prazosin Hydrochloride,5 mg,Opsonin Pharma Ltd.,"Unit Price: ৳ 15.00,(28's pack: ৳ 420.00),",(28's pack: ৳ 420.00)
31400,Alphalok,allopathic,alphaloktablet1-mg,Tablet,Prazosin Hydrochloride,1 mg,Opsonin Pharma Ltd.,"Unit Price: ৳ 4.00,(42's pack: ৳ 168.00),",(42's pack: ৳ 168.00)
31401,Alphalok,allopathic,alphaloktablet2-mg,Tablet,Prazosin Hydrochloride,2 mg,Opsonin Pharma Ltd.,"Unit Price: ৳ 6.00,(42's pack: ৳ 252.00),",(42's pack: ৳ 252.00)
26818,Alphagan P,allopathic,alphagan-pophthalmic-solution015,Ophthalmic Solution,Brimonidine Tartrate,0.15%,"Allergan, Inc.",5 ml drop: ৳ 664.00,
15941,Alpatin,allopathic,alpatinophthalmic-solution005,Ophthalmic Solution,Epinastine Hydrochloride,0.05%,Beximco Pharmaceuticals Ltd.,5 ml drop: ৳ 150.00,
195,Alpam,allopathic,alpamtablet025-mg,Tablet,Alprazolam,0.25 mg,Asiatic Laboratories Ltd.,"Unit Price: ৳ 1.00,(100's pack: ৳ 100.00),",(100's pack: ৳ 100.00)
196,Alpam,allopathic,alpamtablet05-mg,Tablet,Alprazolam,0.5 mg,Asiatic Laboratories Ltd.,"Unit Price: ৳ 2.00,(50's pack: ৳ 100.00),",(50's pack: ৳ 100.00)
32346,Alovit Gold,allopathic,alovit-goldtablet,Tablet,Multivitamin & Multimineral [A-Z gold preparation],,Al-Madina Pharmaceuticals Ltd.,"Unit Price: ৳ 9.50,(30's pack: ৳ 285.00),",(30's pack: ৳ 285.00)
32337,Alovit BZ,allopathic,alovit-bztablet,Tablet,Vitamin B Complex + Zinc,,Al-Madina Pharmaceuticals Ltd.,"Unit Price: ৳ 2.50,(30's pack: ৳ 75.00),",(30's pack: ৳ 75.00)
785,Aloten Forte,allopathic,aloten-fortetablet5-mg50-mg,Tablet,Amlodipine Besilate + Atenolol,5 mg+50 mg,Kemiko Pharmaceuticals Ltd.,"Unit Price: ৳ 4.51,(50's pack: ৳ 225.50),",(50's pack: ৳ 225.50)
784,Aloten,allopathic,alotentablet5-mg25-mg,Tablet,Amlodipine Besilate + Atenolol,5 mg+25 mg,Kemiko Pharmaceuticals Ltd.,"Unit Price: ৳ 4.24,(50's pack: ৳ 212.00),",(50's pack: ৳ 212.00)
27839,Aloran,allopathic,alorantablet5-mg,Tablet,Desloratadine,5 mg,Alco Pharma Ltd.,"Unit Price: ৳ 2.51,(50's pack: ৳ 125.50),",(50's pack: ৳ 125.50)
31446,Alopin,allopathic,alopintablet5-mg,Tablet,Amlodipine Besilate,5 mg,Silco Pharmaceutical Ltd.,"Unit Price: ৳ 4.00,(50's pack: ৳ 200.00),",(50's pack: ৳ 200.00)
28,Alona,allopathic,alonatablet100-mg,Tablet,Aceclofenac,100 mg,Kemiko Pharmaceuticals Ltd.,"Unit Price: ৳ 4.01,(50's pack: ৳ 200.50),",(50's pack: ৳ 200.50)
30991,Aloglip,allopathic,alogliptablet125-mg,Tablet,Alogliptin Benzoate,12.5 mg,Navana Pharmaceuticals Ltd.,"Unit Price: ৳ 12.00,(30's pack: ৳ 360.00),",(30's pack: ৳ 360.00)
30990,Aloglip,allopathic,alogliptablet625-mg,Tablet,Alogliptin Benzoate,6.25 mg,Navana Pharmaceuticals Ltd.,"Unit Price: ৳ 8.00,(30's pack: ৳ 240.00),",(30's pack: ৳ 240.00)
30977,Aloglip,allopathic,alogliptablet25-mg,Tablet,Alogliptin Benzoate,25 mg,Navana Pharmaceuticals Ltd.,"Unit Price: ৳ 20.00,(30's pack: ৳ 600.00),",(30's pack: ৳ 600.00)
17367,Alofen,allopathic,alofentablet100-mg,Tablet,Aceclofenac,100 mg,Orbit Pharmaceuticals Ltd.,Unit Price: ৳ 3.00,
25456,Alodoben DS,allopathic,alodoben-dschewable-tablet400-mg,Chewable Tablet,Albendazole,400 mg,Benham Pharmaceuticals Ltd.,"Unit Price: ৳ 5.00,(48's pack: ৳ 240.00),",(48's pack: ৳ 240.00)
32414,Alodia,allopathic,alodiatablet25-mg,Tablet,Alogliptin Benzoate,25 mg,ACME Laboratories Ltd.,"Unit Price: ৳ 22.00,(30's pack: ৳ 660.00),",(30's pack: ৳ 660.00)
13258,Alneed Plus,allopathic,alneed-pluscapsule,Capsule,Iron + Folic Acid + Vitamin B Complex + Vitamine C + Zinc Sulfate,,Incepta Pharmaceuticals Ltd.,"Unit Price: ৳ 3.50,(100's pack: ৳ 350.00),",(100's pack: ৳ 350.00)
13393,Alneed Gold,allopathic,alneed-goldcapsule,Capsule,Iron Polymaltose Complex + Folic Acid + Zinc + Vitamin B-Complex,,Incepta Pharmaceuticals Ltd.,"Unit Price: ৳ 6.00,(30's pack: ৳ 180.00),",(30's pack: ৳ 180.00)
13225,Alneed,allopathic,alneedcapsule,Capsule,Iron + Folic acid + Vitamin B complex + Vitamin C,,Incepta Pharmaceuticals Ltd.,"Unit Price: ৳ 3.00,(100's pack: ৳ 300.00),",(100's pack: ৳ 300.00)
6419,Almoxil,allopathic,almoxilcapsule500-mg,Capsule,Amoxicillin Trihydrate,500 mg,Aexim Pharmaceuticals Ltd.,"Unit Price: ৳ 6.60,(50's pack: ৳ 330.00),",(50's pack: ৳ 330.00)
6420,Almoxil,allopathic,almoxilpowder-for-suspension125-mg5-ml,Powder for Suspension,Amoxicillin Trihydrate,125 mg/5 ml,Aexim Pharmaceuticals Ltd.,100 ml bottle: ৳ 45.00,
28134,Almoxil,allopathic,almoxilcapsule250-mg,Capsule,Amoxicillin Trihydrate,250 mg,Aexim Pharmaceuticals Ltd.,"Unit Price: ৳ 3.30,(100's pack: ৳ 330.00),",(100's pack: ৳ 330.00)
7158,Adetil,allopathic,adetiltablet250-mg,Tablet,Cefuroxime Axetil,250 mg,Supreme Pharmaceutical Ltd.,"Unit Price: ৳ 25.00,(10's pack: ৳ 250.00),",(10's pack: ৳ 250.00)
27269,Alvenor,allopathic,alvenortablet900-mg100-mg,Tablet,Micronised Diosmin + Hesperidin,900 mg+100 mg,Beacon Pharmaceuticals Ltd.,"Unit Price: ৳ 20.00,(30's pack: ৳ 600.00),",(30's pack: ৳ 600.00)
517,Alve,allopathic,alvetablet60-mg,Tablet,Alverine Citrate,60 mg,Orion Pharma Ltd.,"Unit Price: ৳ 5.01,(50's pack: ৳ 250.50),",(50's pack: ৳ 250.50)
30124,Alurol,allopathic,aluroltablet100-mg,Tablet,Allopurinol,100 mg,Incepta Pharmaceuticals Ltd.,"Unit Price: ৳ 4.00,(100's pack: ৳ 400.00),",(100's pack: ৳ 400.00)
182,Aluric,allopathic,alurictablet100-mg,Tablet,Allopurinol,100 mg,Sonear Laboratories Ltd.,"Unit Price: ৳ 4.10,(100's pack: ৳ 410.00),",(100's pack: ৳ 410.00)
4165,Aluctin,allopathic,aluctincapsule30-mg,Capsule,Flurazepam,30 mg,Ambee Pharmaceuticals Ltd.,"Unit Price: ৳ 6.00,(100's pack: ৳ 600.00),",(100's pack: ৳ 600.00)
455,Alucil-S,allopathic,alucil-soral-suspension400-mg400-mg30-mg5-ml,Oral Suspension,Aluminium Hydroxide + Magnesium Hydroxide + Simethicone,(400 mg+400 mg+30 mg)/5 ml,Opsonin Pharma Ltd.,200 ml bottle: ৳ 80.00,
492,Alucil-S,allopathic,alucil-schewable-tablet400-mg400-mg30-mg,Chewable Tablet,Aluminium Hydroxide + Magnesium Hydroxide + Simethicone,400 mg+400 mg+30 mg,Opsonin Pharma Ltd.,"Unit Price: ৳ 2.00,(100's pack: ৳ 200.00),",(100's pack: ৳ 200.00)
26719,Altrum Silver,allopathic,altrum-silvertablet,Tablet,Multivitamin & Multimineral [A-Z silver preparation],,Ziska Pharmaceuticals Ltd.,"Unit Price: ৳ 7.00,(15's pack: ৳ 105.00),,Unit Price: ৳ 7.00,(30's pack: ৳ 210.00),","(15's pack: ৳ 105.00),(30's pack: ৳ 210.00)"
14746,Altrum Gold,allopathic,altrum-goldtablet,Tablet,Multivitamin & Multimineral [A-Z gold preparation],,Ziska Pharmaceuticals Ltd.,"Unit Price: ৳ 7.00,(15's pack: ৳ 105.00),,Unit Price: ৳ 7.00,(30's pack: ৳ 210.00),","(15's pack: ৳ 105.00),(30's pack: ৳ 210.00)"
446,Altrip,allopathic,altriptablet625-mg,Tablet,Almotriptan,6.25 mg,NIPRO JMI Pharma Ltd.,"Unit Price: ৳ 25.08,(10's pack: ৳ 250.80),",(10's pack: ৳ 250.80)
21448,Altrax,allopathic,altraxsyrup40-mg5-ml,Syrup,Levamisole,40 mg/5 ml,Alkad Laboratories,15 ml bottle: ৳ 15.00,
25540,Altovas,allopathic,altovastablet10-mg,Tablet,Atorvastatin Calcium,10 mg,Innovative Pharma (Albion),"Unit Price: ৳ 11.81,(50's pack: ৳ 590.30),",(50's pack: ৳ 590.30)
25541,Altovas,allopathic,altovastablet20-mg,Tablet,Atorvastatin Calcium,20 mg,Innovative Pharma (Albion),"Unit Price: ৳ 23.61,(30's pack: ৳ 708.35),",(30's pack: ৳ 708.35)
15416,Altorec,allopathic,altorectablet10-mg,Tablet,Ketorolac Tromethamine,10 mg,Allied Pharmaceuticals Ltd.,Unit Price: ৳ 10.00,
26546,Alton,allopathic,altoniv-injection40-mgvial,IV Injection,Esomeprazole,40 mg/vial,General Pharmaceuticals Ltd.,40 mg vial: ৳ 100.30,
1982,Alton,allopathic,altontablet-enteric-coated40-mg,Tablet (Enteric Coated),Esomeprazole,40 mg,General Pharmaceuticals Ltd.,"Unit Price: ৳ 8.03,(30's pack: ৳ 240.90),",(30's pack: ৳ 240.90)
1981,Alton,allopathic,altontablet-enteric-coated20-mg,Tablet (Enteric Coated),Esomeprazole,20 mg,General Pharmaceuticals Ltd.,"Unit Price: ৳ 5.02,(30's pack: ৳ 150.48),",(30's pack: ৳ 150.48)
10939,Alterin TR,allopathic,alterin-trcapsule-timed-release100-mg,Capsule (Timed Release),Diclofenac Sodium,100 mg,Euro Pharma Ltd.,"Unit Price: ৳ 3.00,(50's pack: ৳ 150.00),",(50's pack: ৳ 150.00)
10938,Alterin,allopathic,alterintablet50-mg,Tablet,Diclofenac Sodium,50 mg,Euro Pharma Ltd.,"Unit Price: ৳ 1.00,(100's pack: ৳ 100.00),",(100's pack: ৳ 100.00)
28396,Altadin,allopathic,altadinophthalmic-solution025,Ophthalmic Solution,Alcaftadine,0.25%,Eskayef Pharmaceuticals Ltd.,5 ml drop: ৳ 400.00,
30539,Alrin,allopathic,alrintablet60-mg,Tablet,Alverine Citrate,60 mg,Renata Limited,Unit Price: ৳ 4.00,
288,Alpro,allopathic,alprochewable-tablet400-mg,Chewable Tablet,Albendazole,400 mg,Pharmadesh Laboratories Ltd.,"Unit Price: ৳ 4.00,(30's pack: ৳ 120.00),",(30's pack: ৳ 120.00)
200,Alprax XR,allopathic,alprax-xrtablet-extended-release1-mg,Tablet (Extended Release),Alprazolam,1 mg,Opsonin Pharma Ltd.,"Unit Price: ৳ 4.02,(30's pack: ৳ 120.60),",(30's pack: ৳ 120.60)
199,Alprax XR,allopathic,alprax-xrtablet-extended-release2-mg,Tablet (Extended Release),Alprazolam,2 mg,Opsonin Pharma Ltd.,"Unit Price: ৳ 8.03,(30's pack: ৳ 240.90),",(30's pack: ৳ 240.90)
197,Alprax,allopathic,alpraxtablet025-mg,Tablet,Alprazolam,0.25 mg,Opsonin Pharma Ltd.,"Unit Price: ৳ 1.00,(50's pack: ৳ 50.00),",(50's pack: ৳ 50.00)
198,Alprax,allopathic,alpraxtablet05-mg,Tablet,Alprazolam,0.5 mg,Opsonin Pharma Ltd.,"Unit Price: ৳ 2.01,(50's pack: ৳ 100.50),",(50's pack: ৳ 100.50)
286,Alphin DS,allopathic,alphin-dschewable-tablet400-mg,Chewable Tablet,Albendazole,400 mg,Beximco Pharmaceuticals Ltd.,"Unit Price: ৳ 5.00,(50's pack: ৳ 250.00),",(50's pack: ৳ 250.00)
29288,Alphapress XR,allopathic,alphapress-xrtablet-extended-release5-mg,Tablet (Extended Release),Prazosin Hydrochloride,5 mg,Renata Limited,"Unit Price: ৳ 15.00,(30's pack: ৳ 450.00),",(30's pack: ৳ 450.00)
29287,Alphapress XR,allopathic,alphapress-xrtablet-extended-release25-mg,Tablet (Extended Release),Prazosin Hydrochloride,2.5 mg,Renata Limited,"Unit Price: ৳ 10.00,(30's pack: ৳ 300.00),",(30's pack: ৳ 300.00)
2587,Alphapress,allopathic,alphapresstablet2-mg,Tablet,Prazosin Hydrochloride,2 mg,Renata Limited,"Unit Price: ৳ 6.00,(100's pack: ৳ 600.00),",(100's pack: ৳ 600.00)
7159,Adetil,allopathic,adetiltablet500-mg,Tablet,Cefuroxime Axetil,500 mg,Supreme Pharmaceutical Ltd.,"Unit Price: ৳ 45.00,(6's pack: ৳ 270.00),",(6's pack: ৳ 270.00)
6422,Ambeexin,allopathic,ambeexinpowder-for-suspension125-mg5-ml,Powder for Suspension,Amoxicillin Trihydrate,125 mg/5 ml,Ambee Pharmaceuticals Ltd.,100 ml bottle: ৳ 46.53,
536,Ambeet,allopathic,ambeetcapsule-sustained-release75-mg,Capsule (Sustained Release),Ambroxol Hydrochloride,75 mg,Ethical Drug Ltd.,"Unit Price: ৳ 5.00,(30's pack: ৳ 150.00),",(30's pack: ৳ 150.00)
535,Ambeet,allopathic,ambeetsyrup15-mg5-ml,Syrup,Ambroxol Hydrochloride,15 mg/5 ml,Ethical Drug Ltd.,100 ml bottle: ৳ 40.00,
28015,Ambeeclox,allopathic,ambeecloxcapsule500-mg,Capsule,Cloxacillin Sodium,500 mg,Ambee Pharmaceuticals Ltd.,"Unit Price: ৳ 5.96,(100's pack: ৳ 596.00),",(100's pack: ৳ 596.00)
28014,Ambeecal-D,allopathic,ambeecal-dtablet500-mg200-iu,Tablet,Calcium Carbonate [Elemental source] + Vitamin D3,500 mg+200 IU,Ambee Pharmaceuticals Ltd.,"Unit Price: ৳ 3.33,(15's pack: ৳ 50.00),",(15's pack: ৳ 50.00)
28013,Ambeecal,allopathic,ambeecaltablet500-mg,Tablet,Calcium Carbonate,500 mg,Ambee Pharmaceuticals Ltd.,"Unit Price: ৳ 2.01,(50's pack: ৳ 100.37),",(50's pack: ৳ 100.37)
28012,Amason,allopathic,amasontablet05-mg,Tablet,Dexamethasone,0.5 mg,Ambee Pharmaceuticals Ltd.,"Unit Price: ৳ 1.00,(100's pack: ৳ 100.00),",(100's pack: ৳ 100.00)
26826,Amaryl M,allopathic,amaryl-mtablet-extended-release1-mg500-mg,Tablet (Extended Release),Glimepiride + Metformin,1 mg+500 mg,Synovia pharma plc,"Unit Price: ৳ 12.00,(30's pack: ৳ 360.00),",(30's pack: ৳ 360.00)
26827,Amaryl M,allopathic,amaryl-mtablet-extended-release2-mg500-mg,Tablet (Extended Release),Glimepiride + Metformin,2 mg+500 mg,Synovia pharma plc,"Unit Price: ৳ 18.00,(30's pack: ৳ 540.00),",(30's pack: ৳ 540.00)
5279,Amaryl,allopathic,amaryltablet3-mg,Tablet,Glimepiride,3 mg,Synovia pharma plc,"Unit Price: ৳ 16.55,(30's pack: ৳ 496.50),",(30's pack: ৳ 496.50)
5278,Amaryl,allopathic,amaryltablet2-mg,Tablet,Glimepiride,2 mg,Synovia pharma plc,"Unit Price: ৳ 12.94,(45's pack: ৳ 582.30),",(45's pack: ৳ 582.30)
5277,Amaryl,allopathic,amaryltablet1-mg,Tablet,Glimepiride,1 mg,Synovia pharma plc,"Unit Price: ৳ 6.92,(30's pack: ৳ 207.60),",(30's pack: ৳ 207.60)
20726,Amaryl,allopathic,amaryltablet4-mg,Tablet,Glimepiride,4 mg,Synovia pharma plc,"Unit Price: ৳ 21.06,(30's pack: ৳ 631.80),",(30's pack: ৳ 631.80)
11903,Amarin,allopathic,amarinimiv-injection455-mg2-ml,IM/IV Injection,Pheniramine Maleate,45.5 mg/2 ml,Opsonin Pharma Ltd.,"2 ml ampoule: ৳ 7.48,(25's pack: ৳ 187.00),",(25's pack: ৳ 187.00)
11902,Amarin,allopathic,amarinsyrup15-mg5-ml,Syrup,Pheniramine Maleate,15 mg/5 ml,Opsonin Pharma Ltd.,100 ml bottle: ৳ 20.00,
11901,Amarin,allopathic,amarintablet227-mg,Tablet,Pheniramine Maleate,22.7 mg,Opsonin Pharma Ltd.,"Unit Price: ৳ 0.47,(100's pack: ৳ 47.00),",(100's pack: ৳ 47.00)
526,Amantril,allopathic,amantrilcapsule100-mg,Capsule,Amantadine Hydrochloride,100 mg,ACI Limited,"Unit Price: ৳ 10.00,(30's pack: ৳ 300.00),",(30's pack: ৳ 300.00)
8544,AM,allopathic,amtablet500-mg,Tablet,Azithromycin Dihydrate,500 mg,Reliance Pharmaceuticals Ltd.,"Unit Price: ৳ 30.00,(10's pack: ৳ 300.00),",(10's pack: ৳ 300.00)
8545,AM,allopathic,ampowder-for-suspension200-mg5-ml,Powder for Suspension,Azithromycin Dihydrate,200 mg/5 ml,Reliance Pharmaceuticals Ltd.,30 ml bottle: ৳ 130.00,
25479,Alzolux DS,allopathic,alzolux-dschewable-tablet400-mg,Chewable Tablet,Albendazole,400 mg,Pharmik Laboratories Ltd.,Unit Price: ৳ 4.50,
205,Alzolam,allopathic,alzolamtablet05-mg,Tablet,Alprazolam,0.5 mg,Sun Pharmaceutical Ltd.,"Unit Price: ৳ 3.00,(100's pack: ৳ 300.00),",(100's pack: ৳ 300.00)
204,Alzolam,allopathic,alzolamtablet025-mg,Tablet,Alprazolam,0.25 mg,Sun Pharmaceutical Ltd.,"Unit Price: ৳ 1.50,(100's pack: ৳ 150.00),",(100's pack: ৳ 150.00)
289,Alzed,allopathic,alzedchewable-tablet400-mg,Chewable Tablet,Albendazole,400 mg,General Pharmaceuticals Ltd.,"Unit Price: ৳ 3.30,(20's pack: ৳ 66.00),",(20's pack: ৳ 66.00)
30466,Alysa,allopathic,alysatablet5-mg,Tablet,Allylestrenol,5 mg,Beacon Pharmaceuticals Ltd.,Unit Price: ৳ 8.02,
3426,Alvolex,allopathic,alvolexsyrup2-mg5-ml,Syrup,Salbutamol,2 mg/5 ml,Silva Pharmaceuticals Ltd.,100 ml bottle: ৳ 16.00,
14722,Alvital,allopathic,alvitaltablet,Tablet,Super antioxidant [vitamins & minerals],,Silva Pharmaceuticals Ltd.,"Unit Price: ৳ 4.02,(30's pack: ৳ 120.60),",(30's pack: ৳ 120.60)
518,Alverin,allopathic,alverintablet60-mg,Tablet,Alverine Citrate,60 mg,Rangs Pharmaceuticals Ltd.,"Unit Price: ৳ 5.02,(30's pack: ৳ 150.60),",(30's pack: ৳ 150.60)
17575,Alverate,allopathic,alveratetablet60-mg,Tablet,Alverine Citrate,60 mg,Ibn Sina Pharmaceuticals Ltd.,"Unit Price: ৳ 5.00,(50's pack: ৳ 250.00),",(50's pack: ৳ 250.00)
29596,Alveofact,allopathic,alveofactintratracheal-suspension45-mgml,Intratracheal Suspension,Phospholipids,45 mg/ml,"Lyomark Pharma, Germany","2.4 ml vial: ৳ 27,000.00",
22479,Alvenor,allopathic,alvenortablet450-mg50-mg,Tablet,Micronised Diosmin + Hesperidin,450 mg+50 mg,Beacon Pharmaceuticals Ltd.,"Unit Price: ৳ 10.00,(30's pack: ৳ 300.00),",(30's pack: ৳ 300.00)
30076,Adempa,allopathic,adempatablet25-mg,Tablet,Empagliflozin,25 mg,UniMed UniHealth,"Unit Price: ৳ 50.00,(10's pack: ৳ 500.00),",(10's pack: ৳ 500.00)
25504,Ambrop,allopathic,ambropsyrup15-mg5-ml,Syrup,Ambroxol Hydrochloride,15 mg/5 ml,Bengal drugs Ltd.,100 ml bottle: ৳ 40.00,
553,Ambronil,allopathic,ambronilsyrup15-mg5-ml,Syrup,Ambroxol Hydrochloride,15 mg/5 ml,Orion Pharma Ltd.,100 ml bottle: ৳ 40.12,
554,Ambronil,allopathic,ambronilpediatric-drops6-mgml,Pediatric Drops,Ambroxol Hydrochloride,6 mg/ml,Orion Pharma Ltd.,15 ml bottle: ৳ 25.08,
28784,Ambronaaf,allopathic,ambronaafsyrup15-mg5-ml,Syrup,Ambroxol Hydrochloride,15 mg/5 ml,Naafco Pharma Ltd.,100 ml bottle: ৳ 40.00,
30542,Ambromax,allopathic,ambromaxsyrup15-mg5-ml,Syrup,Ambroxol Hydrochloride,15 mg/5 ml,Goodman Pharmaceuticals Ltd.,100 ml bottle: ৳ 40.00,
30541,Ambrodex,allopathic,ambrodexsyrup15-mg5-ml,Syrup,Ambroxol Hydrochloride,15 mg/5 ml,Decent Pharma Laboratories Ltd.,100 ml bottle: ৳ 40.00,
524,Ambrisan,allopathic,ambrisantablet5-mg,Tablet,Ambrisentan,5 mg,Square Pharmaceuticals Ltd.,"Unit Price: ৳ 40.13,(20's pack: ৳ 802.60),",(20's pack: ৳ 802.60)
25498,Ambrocod,allopathic,ambrocodsyrup15-mg5-ml,Syrup,Ambroxol Hydrochloride,15 mg/5 ml,Amulet Pharmaceuticals Ltd.,100 ml bottle: ৳ 40.00,
551,Ambozin SR,allopathic,ambozin-srcapsule-sustained-release75-mg,Capsule (Sustained Release),Ambroxol Hydrochloride,75 mg,Rephco Pharmaceuticals Ltd.,"Unit Price: ৳ 5.00,(30's pack: ৳ 150.00),",(30's pack: ৳ 150.00)
550,Ambozin,allopathic,ambozinsyrup15-mg5-ml,Syrup,Ambroxol Hydrochloride,15 mg/5 ml,Rephco Pharmaceuticals Ltd.,100 ml bottle: ৳ 40.00,
549,Amboxol,allopathic,amboxolsyrup15-mg5-ml,Syrup,Ambroxol Hydrochloride,15 mg/5 ml,Kumudini Pharma Ltd.,100 ml bottle: ৳ 40.00,
25516,Amboxol,allopathic,amboxolpediatric-drops6-mgml,Pediatric Drops,Ambroxol Hydrochloride,6 mg/ml,Kumudini Pharma Ltd.,15 ml drop: ৳ 20.00,
548,Amboten,allopathic,ambotenpediatric-drops6-mgml,Pediatric Drops,Ambroxol Hydrochloride,6 mg/ml,Eskayef Pharmaceuticals Ltd.,15 ml bottle: ৳ 35.00,
547,Amboten,allopathic,ambotensyrup15-mg5-ml,Syrup,Ambroxol Hydrochloride,15 mg/5 ml,Eskayef Pharmaceuticals Ltd.,100 ml bottle: ৳ 45.00,
546,Ambosil,allopathic,ambosilpediatric-drops6-mgml,Pediatric Drops,Ambroxol Hydrochloride,6 mg/ml,Silva Pharmaceuticals Ltd.,15 ml bottle: ৳ 20.00,
545,Ambosil,allopathic,ambosilsyrup15-mg5-ml,Syrup,Ambroxol Hydrochloride,15 mg/5 ml,Silva Pharmaceuticals Ltd.,100 ml bottle: ৳ 40.00,
544,Amboral,allopathic,amboralpediatric-drops6-mgml,Pediatric Drops,Ambroxol Hydrochloride,6 mg/ml,Pharmadesh Laboratories Ltd.,15 ml bottle: ৳ 20.06,
543,Amboral,allopathic,amboralsyrup15-mg5-ml,Syrup,Ambroxol Hydrochloride,15 mg/5 ml,Pharmadesh Laboratories Ltd.,100 ml bottle: ৳ 30.11,
542,Ambolyt,allopathic,ambolytpediatric-drops6-mgml,Pediatric Drops,Ambroxol Hydrochloride,6 mg/ml,Incepta Pharmaceuticals Ltd.,15 ml bottle: ৳ 30.00,
541,Ambolyt,allopathic,ambolytsyrup15-mg5-ml,Syrup,Ambroxol Hydrochloride,15 mg/5 ml,Incepta Pharmaceuticals Ltd.,"100 ml botttle: ৳ 40.00,200 ml botttle: ৳ 75.00",
540,Ambolos,allopathic,ambolossyrup15-mg5-ml,Syrup,Ambroxol Hydrochloride,15 mg/5 ml,S.N. Pharmaceutical Ltd.,100 ml bottle: ৳ 30.00,
539,Ambolin,allopathic,ambolinpediatric-drops6-mgml,Pediatric Drops,Ambroxol Hydrochloride,6 mg/ml,Virgo Pharmaceuticals Ltd.,15 ml bottle: ৳ 25.00,
4026,Ambolin,allopathic,ambolinsyrup15-mg5-ml,Syrup,Ambroxol Hydrochloride,15 mg/5 ml,Virgo Pharmaceuticals Ltd.,100 ml bottle: ৳ 40.00,
25522,Ambokof,allopathic,ambokofpediatric-drops6-mgml,Pediatric Drops,Ambroxol Hydrochloride,6 mg/ml,Novelta Bestway Pharma Ltd.,15 ml drop: ৳ 30.09,
538,Ambokof,allopathic,ambokofsyrup15-mg5-ml,Syrup,Ambroxol Hydrochloride,15 mg/5 ml,Novelta Bestway Pharma Ltd.,100 ml bottle: ৳ 40.12,
537,Ambix,allopathic,ambixsyrup15-mg5-ml,Syrup,Ambroxol Hydrochloride,15 mg/5 ml,Modern Pharmaceuticals Ltd.,100 ml bottle: ৳ 40.00,
32897,Amber,allopathic,ambertablet5-mg,Tablet,Rosuvastatin,5 mg,Desh Pharmaceuticals Ltd.,"Unit Price: ৳ 10.00,(30's pack: ৳ 300.00),",(30's pack: ৳ 300.00)
32896,Amber,allopathic,ambertablet10-mg,Tablet,Rosuvastatin,10 mg,Desh Pharmaceuticals Ltd.,"Unit Price: ৳ 20.00,(30's pack: ৳ 600.00),",(30's pack: ৳ 600.00)
28020,Ambeexin,allopathic,ambeexinpediatric-drops125-mg125-ml,Pediatric Drops,Amoxicillin Trihydrate,125 mg/1.25 ml,Ambee Pharmaceuticals Ltd.,15 ml bottle: ৳ 28.41,
30075,Adempa,allopathic,adempatablet10-mg,Tablet,Empagliflozin,10 mg,UniMed UniHealth,"Unit Price: ৳ 25.00,(10's pack: ৳ 250.00),",(10's pack: ৳ 250.00)
4320,Adelax,allopathic,adelaxtablet05-mg10-mg,Tablet,Flupentixol + Melitracen,0.5 mg+10 mg,ACI Limited,"Unit Price: ৳ 5.02,(100's pack: ৳ 502.00),",(100's pack: ৳ 502.00)
20436,Amelex,allopathic,amelextablet05-mg10-mg,Tablet,Flupentixol + Melitracen,0.5 mg+10 mg,Apollo Pharmaceutical Ltd.,Unit Price: ৳ 4.00,
20418,Amela,allopathic,amelacream0014005,Cream,Fluocinolone Acetonide + Hydroquinone + Tretinoin,0.01%+4%+0.05%,Ibn Sina Pharmaceuticals Ltd.,30 gm tube: ৳ 200.00,
715,Amdova,allopathic,amdovatablet5-mg10-mg,Tablet,Amlodipine Besilate + Atorvastatin,5 mg+10 mg,Beximco Pharmaceuticals Ltd.,"Unit Price: ৳ 11.00,(30's pack: ৳ 330.00),",(30's pack: ৳ 330.00)
30578,Amdopril,allopathic,amdoprilcapsule5-mg20-mg,Capsule,Amlodipine Besilate + Benazepril Hydrochloride,5 mg+20 mg,Beximco Pharmaceuticals Ltd.,"Unit Price: ৳ 8.00,(30's pack: ৳ 240.00),",(30's pack: ৳ 240.00)
30577,Amdopril,allopathic,amdoprilcapsule5-mg10-mg,Capsule,Amlodipine Besilate + Benazepril Hydrochloride,5 mg+10 mg,Beximco Pharmaceuticals Ltd.,"Unit Price: ৳ 6.00,(60's pack: ৳ 360.00),",(60's pack: ৳ 360.00)
30576,Amdopril,allopathic,amdoprilcapsule25-mg10-mg,Capsule,Amlodipine Besilate + Benazepril Hydrochloride,2.5 mg+10 mg,Beximco Pharmaceuticals Ltd.,"Unit Price: ৳ 4.00,(60's pack: ৳ 240.00),",(60's pack: ৳ 240.00)
30575,Amdopril,allopathic,amdoprilcapsule10-mg20-mg,Capsule,Amlodipine Besilate + Benazepril Hydrochloride,10 mg+20 mg,Beximco Pharmaceuticals Ltd.,"Unit Price: ৳ 10.00,(30's pack: ৳ 300.00),",(30's pack: ৳ 300.00)
639,Amdoper,allopathic,amdopertablet5-mg,Tablet,Amlodipine Besilate,5 mg,Hallmark Pharmaceuticals Ltd.,"Unit Price: ৳ 3.00,(30's pack: ৳ 90.00),",(30's pack: ৳ 90.00)
30226,Amdocal Pro,allopathic,amdocal-protablet25-mg5-mg,Tablet,Bisoprolol Fumarate + Amlodipine Besilate,2.5 mg+5 mg,Beximco Pharmaceuticals Ltd.,"Unit Price: ৳ 6.00,(30's pack: ৳ 180.00),",(30's pack: ৳ 180.00)
787,Amdocal Plus,allopathic,amdocal-plustablet5-mg25-mg,Tablet,Amlodipine Besilate + Atenolol,5 mg+25 mg,Beximco Pharmaceuticals Ltd.,"Unit Price: ৳ 5.26,(30's pack: ৳ 157.68),",(30's pack: ৳ 157.68)
788,Amdocal Plus,allopathic,amdocal-plustablet5-mg50-mg,Tablet,Amlodipine Besilate + Atenolol,5 mg+50 mg,Beximco Pharmaceuticals Ltd.,"Unit Price: ৳ 6.00,(60's pack: ৳ 360.00),",(60's pack: ৳ 360.00)
637,Amdocal,allopathic,amdocaltablet10-mg,Tablet,Amlodipine Besilate,10 mg,Beximco Pharmaceuticals Ltd.,"Unit Price: ৳ 7.00,(60's pack: ৳ 420.00),",(60's pack: ৳ 420.00)
638,Amdocal,allopathic,amdocaltablet5-mg,Tablet,Amlodipine Besilate,5 mg,Beximco Pharmaceuticals Ltd.,"Unit Price: ৳ 5.00,(100's pack: ৳ 500.00),,Unit Price: ৳ 5.00,(105's pack: ৳ 525.00),","(100's pack: ৳ 500.00),(105's pack: ৳ 525.00)"
786,Amdin Plus,allopathic,amdin-plustablet5-mg50-mg,Tablet,Amlodipine Besilate + Atenolol,5 mg+50 mg,Alco Pharma Ltd.,"Unit Price: ৳ 4.51,(50's pack: ৳ 225.50),",(50's pack: ৳ 225.50)
636,Amdin,allopathic,amdintablet5-mg,Tablet,Amlodipine Besilate,5 mg,Alco Pharma Ltd.,"Unit Price: ৳ 4.01,(50's pack: ৳ 200.50),",(50's pack: ৳ 200.50)
27840,Amdin,allopathic,amdintablet10-mg,Tablet,Amlodipine Besilate,10 mg,Alco Pharma Ltd.,"Unit Price: ৳ 6.00,(30's pack: ৳ 180.00),",(30's pack: ৳ 180.00)
18093,Ambuterol,allopathic,ambuteroloral-solution5-mg5-ml,Oral Solution,Bambuterol Hydrochloride,5 mg/5 ml,APC Pharma Ltd.,60 ml bottle: ৳ 20.00,
4030,Ambryl,allopathic,ambrylpediatric-drops6-mgml,Pediatric Drops,Ambroxol Hydrochloride,6 mg/ml,Jenphar Bangladesh Ltd.,15 ml bottle: ৳ 30.00,
4029,Ambryl,allopathic,ambrylsyrup15-mg5-ml,Syrup,Ambroxol Hydrochloride,15 mg/5 ml,Jenphar Bangladesh Ltd.,100 ml bottle: ৳ 45.00,
4027,Ambroxol SR,allopathic,ambroxol-srcapsule-sustained-release75-mg,Capsule (Sustained Release),Ambroxol Hydrochloride,75 mg,Biopharma Laboratories Ltd.,"Unit Price: ৳ 5.02,(30's pack: ৳ 150.45),",(30's pack: ৳ 150.45)
4028,Ambroxol,allopathic,ambroxolsyrup15-mg5-ml,Syrup,Ambroxol Hydrochloride,15 mg/5 ml,Biopharma Laboratories Ltd.,100 ml bottle: ৳ 40.00,
561,Ambrox SR,allopathic,ambrox-srcapsule-sustained-release75-mg,Capsule (Sustained Release),Ambroxol Hydrochloride,75 mg,Square Pharmaceuticals Ltd.,"Unit Price: ৳ 5.50,(30's pack: ৳ 165.00),",(30's pack: ৳ 165.00)
560,Ambrox,allopathic,ambroxpediatric-drops6-mgml,Pediatric Drops,Ambroxol Hydrochloride,6 mg/ml,Square Pharmaceuticals Ltd.,15 ml bottle: ৳ 35.00,
559,Ambrox,allopathic,ambroxsyrup15-mg5-ml,Syrup,Ambroxol Hydrochloride,15 mg/5 ml,Square Pharmaceuticals Ltd.,100 ml bottle: ৳ 50.00,
28673,Ambrotus,allopathic,ambrotussyrup15-mg5-ml,Syrup,Ambroxol Hydrochloride,15 mg/5 ml,Labaid Pharma Ltd.,100 ml bottle: ৳ 50.00,
558,Ambroton,allopathic,ambrotonsyrup15-mg5-ml,Syrup,Ambroxol Hydrochloride,15 mg/5 ml,Organic Health Care Ltd.,100 ml bottle: ৳ 40.13,
557,Ambrotil,allopathic,ambrotilsyrup15-mg5-ml,Syrup,Ambroxol Hydrochloride,15 mg/5 ml,Amico Laboratories Ltd.,100 ml bottle: ৳ 35.00,
30543,Ambrosol,allopathic,ambrosolcapsule-sustained-release75-mg,Capsule (Sustained Release),Ambroxol Hydrochloride,75 mg,Popular Pharmaceuticals Ltd.,"Unit Price: ৳ 5.00,(30's pack: ৳ 150.00),",(30's pack: ৳ 150.00)
556,Ambrosol,allopathic,ambrosolsyrup15-mg5-ml,Syrup,Ambroxol Hydrochloride,15 mg/5 ml,Popular Pharmaceuticals Ltd.,100 ml bottle: ৳ 40.00,
31447,Ambrosia,allopathic,ambrosiasyrup15-mg5-ml,Syrup,Ambroxol Hydrochloride,15 mg/5 ml,Silco Pharmaceutical Ltd.,100 ml bottle: ৳ 40.00,
1500,Adegut,allopathic,adeguttablet10-mg,Tablet,Domperidone Maleate,10 mg,Supreme Pharmaceutical Ltd.,"Unit Price: ৳ 2.00,(50's pack: ৳ 100.00),",(50's pack: ৳ 100.00)
569,Amikin,allopathic,amikinimiv-injection100-mg2-ml,IM/IV Injection,Amikacin,100 mg/2 ml,Incepta Pharmaceuticals Ltd.,"2 ml ampoule: ৳ 16.00,(10's pack: ৳ 160.00),",(10's pack: ৳ 160.00)
22586,Amikast,allopathic,amikasttablet10-mg,Tablet,Montelukast Sodium,10 mg,Amico Laboratories Ltd.,Unit Price: ৳ 15.00,
22585,Amikast,allopathic,amikasttablet5-mg,Tablet,Montelukast Sodium,5 mg,Amico Laboratories Ltd.,Unit Price: ৳ 8.00,
9135,Amiflox DS,allopathic,amiflox-dspowder-for-suspension250-mg5-ml,Powder for Suspension,Ciprofloxacin,250 mg/5 ml,Amico Laboratories Ltd.,60 ml bottle: ৳ 85.00,
9133,Amiflox,allopathic,amifloxtablet500-mg,Tablet,Ciprofloxacin,500 mg,Amico Laboratories Ltd.,"Unit Price: ৳ 10.00,(30's pack: ৳ 300.00),",(30's pack: ৳ 300.00)
9132,Amiflox,allopathic,amifloxtablet250-mg,Tablet,Ciprofloxacin,250 mg,Amico Laboratories Ltd.,"Unit Price: ৳ 6.00,(30's pack: ৳ 180.00),",(30's pack: ৳ 180.00)
9134,Amiflox,allopathic,amifloxtablet750-mg,Tablet,Ciprofloxacin,750 mg,Amico Laboratories Ltd.,"Unit Price: ৳ 16.00,(10's pack: ৳ 160.00),",(10's pack: ৳ 160.00)
20331,Amifex,allopathic,amifextablet120-mg,Tablet,Fexofenadine Hydrochloride,120 mg,Amico Laboratories Ltd.,Unit Price: ৳ 7.00,
20330,Amifex,allopathic,amifextablet60-mg,Tablet,Fexofenadine Hydrochloride,60 mg,Amico Laboratories Ltd.,Unit Price: ৳ 3.50,
11383,Amifen,allopathic,amifentablet500-mg,Tablet,Mefenamic acid,500 mg,Opsonin Pharma Ltd.,"Unit Price: ৳ 5.02,(50's pack: ৳ 251.00),",(50's pack: ৳ 251.00)
11384,Amifen,allopathic,amifenoral-suspension50-mg5-ml,Oral Suspension,Mefenamic acid,50 mg/5 ml,Opsonin Pharma Ltd.,60 ml bottle: ৳ 28.11,
28431,Amidol,allopathic,amidolinjection370-mgml,Injection,Iopamidol,370 mg/ml,Incepta Pharmaceuticals Ltd.,"100 ml vial: ৳ 2,636.00",
21058,Amidol,allopathic,amidolinjection300-mgml,Injection,Iopamidol,300 mg/ml,Incepta Pharmaceuticals Ltd.,"50 ml vial: ৳ 1,203.00",
21057,Amidol,allopathic,amidolinjection370-mgml,Injection,Iopamidol,370 mg/ml,Incepta Pharmaceuticals Ltd.,"50 ml vial: ৳ 1,318.00",
20098,AmiCoxib,allopathic,amicoxibtablet90-mg,Tablet,Etoricoxib,90 mg,Amico Laboratories Ltd.,"Unit Price: ৳ 12.00,(30's pack: ৳ 360.00),",(30's pack: ৳ 360.00)
20099,AmiCoxib,allopathic,amicoxibtablet120-mg,Tablet,Etoricoxib,120 mg,Amico Laboratories Ltd.,"Unit Price: ৳ 14.00,(30's pack: ৳ 420.00),",(30's pack: ৳ 420.00)
29824,Amiclo,allopathic,amiclotablet125-mg5-mg,Tablet,Amitriptyline Hydrochloride + Chlordiazepoxide,12.5 mg+5 mg,Popular Pharmaceuticals Ltd.,"Unit Price: ৳ 7.00,(40's pack: ৳ 280.00),",(40's pack: ৳ 280.00)
24604,AmiClean,allopathic,amicleantablet15-mg,Tablet,Sodium Thiosulfate,15 mg,Amico Laboratories Ltd.,"Unit Price: ৳ 0.95,(100's pack: ৳ 95.00),",(100's pack: ৳ 95.00)
24603,AmiClean,allopathic,amicleantablet75-mg,Tablet,Sodium Thiosulfate,7.5 mg,Amico Laboratories Ltd.,"Unit Price: ৳ 0.60,(100's pack: ৳ 60.00),",(100's pack: ৳ 60.00)
789,Amicard Plus,allopathic,amicard-plustablet5-mg50-mg,Tablet,Amlodipine Besilate + Atenolol,5 mg+50 mg,Aexim Pharmaceuticals Ltd.,"Unit Price: ৳ 8.00,(50's pack: ৳ 400.00),",(50's pack: ৳ 400.00)
568,Amibac,allopathic,amibacimiv-injection500-mg2-ml,IM/IV Injection,Amikacin,500 mg/2 ml,Popular Pharmaceuticals Ltd.,"2 ml ampoule: ৳ 48.18,(10's pack: ৳ 481.80),",(10's pack: ৳ 481.80)
30547,Amibac,allopathic,amibacimiv-injection100-mg2-ml,IM/IV Injection,Amikacin,100 mg/2 ml,Popular Pharmaceuticals Ltd.,"2 ml ampoule: ৳ 16.06,(10's pack: ৳ 160.60),",(10's pack: ৳ 160.60)
25857,Amfrad,allopathic,amfradcapsule500-mg,Capsule,Cephradine,500 mg,Amulet Pharmaceuticals Ltd.,"Unit Price: ৳ 12.54,(24's pack: ৳ 300.96),",(24's pack: ৳ 300.96)
25858,Amfrad,allopathic,amfradcapsule250-mg,Capsule,Cephradine,250 mg,Amulet Pharmaceuticals Ltd.,"Unit Price: ৳ 6.25,(30's pack: ৳ 187.50),",(30's pack: ৳ 187.50)
25859,Amfrad,allopathic,amfradpowder-for-suspension125-mg5-ml,Powder for Suspension,Cephradine,125 mg/5 ml,Amulet Pharmaceuticals Ltd.,100 ml bottle: ৳ 80.24,
10059,Amezol,allopathic,amezoloral-suspension200-mg5-ml,Oral Suspension,Metronidazole,200 mg/5 ml,Cosmic Pharma Ltd.,60 ml bottle: ৳ 28.50,
10058,Amezol,allopathic,amezoltablet400-mg,Tablet,Metronidazole,400 mg,Cosmic Pharma Ltd.,"Unit Price: ৳ 1.25,(100's pack: ৳ 125.00),",(100's pack: ৳ 125.00)
15677,Ametrol-VT,allopathic,ametrol-vtvaginal-tablet100-mg100-mg,Vaginal Tablet,Metronidazole + Miconazole Nitrate,100 mg+100 mg,Ambee Pharmaceuticals Ltd.,"Unit Price: ৳ 11.04,(10's pack: ৳ 110.38),",(10's pack: ৳ 110.38)
4675,Ametil,allopathic,ametiltablet5-mg,Tablet,Prochlorperazine Maleate,5 mg,Aristopharma Ltd.,"Unit Price: ৳ 0.46,(500's pack: ৳ 230.00),",(500's pack: ৳ 230.00)
5181,Ameloss,allopathic,amelosstablet5-mg,Tablet,Donepezil Hydrochloride,5 mg,Incepta Pharmaceuticals Ltd.,"Unit Price: ৳ 10.00,(30's pack: ৳ 300.00),",(30's pack: ৳ 300.00)
31622,Amiron,allopathic,amirontablet15-mg,Tablet,Mirtazapine,15 mg,Orion Pharma Ltd.,"Unit Price: ৳ 10.00,(30's pack: ৳ 300.00),",(30's pack: ৳ 300.00)
31621,Amiron,allopathic,amirontablet75-mg,Tablet,Mirtazapine,7.5 mg,Orion Pharma Ltd.,"Unit Price: ৳ 6.50,(30's pack: ৳ 195.00),",(30's pack: ৳ 195.00)
22457,Amirid,allopathic,amiridtablet400-mg,Tablet,Metronidazole,400 mg,Veritas Pharmaceuticals Ltd.,"Unit Price: ৳ 1.26,(100's pack: ৳ 126.00),",(100's pack: ৳ 126.00)
9363,Amiquin,allopathic,amiquintablet400-mg,Tablet,Gatifloxacin (Oral),400 mg,Amico Laboratories Ltd.,"Unit Price: ৳ 10.00,(20's pack: ৳ 200.00),",(20's pack: ৳ 200.00)
29382,Amipride,allopathic,amipridetablet50-mg,Tablet,Amisulpride,50 mg,Beacon Pharmaceuticals Ltd.,"Unit Price: ৳ 20.00,(30's pack: ৳ 600.00),",(30's pack: ৳ 600.00)
32074,Amipride,allopathic,amipridetablet100-mg,Tablet,Amisulpride,100 mg,Beacon Pharmaceuticals Ltd.,"Unit Price: ৳ 30.00,(20's pack: ৳ 600.00),",(20's pack: ৳ 600.00)
32075,Amipride,allopathic,amipridetablet200-mg,Tablet,Amisulpride,200 mg,Beacon Pharmaceuticals Ltd.,"Unit Price: ৳ 50.00,(20's pack: ৳ 1,000.00),","(20's pack: ৳ 1,000.00)"
32329,Amiphin,allopathic,amiphiniv-injection2-gmvial,IV Injection,Ceftriaxone Sodium,2 gm/vial,Al-Madina Pharmaceuticals Ltd.,2 gm vial: ৳ 300.00,
29600,Amiodarone Hameln,allopathic,amiodarone-hamelniv-injection150-mg3-ml,IV Injection,Amiodarone Hydrochloride,150 mg/3 ml,"Hamlen Pharmaceuticals, Germany",3 mg ampoule: ৳ 190.00,
14794,Aminosyn,allopathic,aminosyniv-infusion10,IV Infusion,Amino Acid + D-Sorbitol + Electrolytes,10%,UniMed UniHealth,500 ml bottle: ৳ 560.97,
31118,Aminosteril N-Hepa,allopathic,aminosteril-n-hepaiv-infusion8,IV Infusion,Amino Acid,8%,Fresenius Kabi,500 ml bottle: ৳ 950.00,
14769,Aminosol Vit,allopathic,aminosol-vitiv-infusion5,IV Infusion,Amino Acid + D-Sorbitol + Electrolytes,5%,Opso Saline Ltd.,500 ml bottle: ৳ 475.00,
27697,Aminosol Gold,allopathic,aminosol-goldiv-infusion710,IV Infusion,Amino Acid + Glucose + Electrolytes,7%+10%,Opso Saline Ltd.,500 ml bottle: ৳ 401.52,
14793,Aminosin Plus,allopathic,aminosin-plusiv-infusion710,IV Infusion,Amino Acid + Glucose + Electrolytes,7%+10%,Ibn Sina Pharmaceuticals Ltd.,500 ml bottle: ৳ 400.00,
14792,Aminosin,allopathic,aminosiniv-infusion5,IV Infusion,Amino Acid + D-Sorbitol + Electrolytes,5%,Ibn Sina Pharmaceuticals Ltd.,500 ml bottle: ৳ 350.00,
595,Aminophylline,allopathic,aminophyllinetablet100-mg,Tablet,Aminophylline,100 mg,Ambee Pharmaceuticals Ltd.,"Unit Price: ৳ 0.39,(500's pack: ৳ 193.00),",(500's pack: ৳ 193.00)
596,Aminophylline,allopathic,aminophyllineiv-injection125-mg5-ml,IV Injection,Aminophylline,125 mg/5 ml,Ambee Pharmaceuticals Ltd.,"5 ml ampoule: ৳ 5.47,(5's pack: ৳ 27.33),",(5's pack: ৳ 27.33)
597,Aminophylline,allopathic,aminophyllinetablet100-mg,Tablet,Aminophylline,100 mg,Bristol Pharmaceuticals Ltd.,"Unit Price: ৳ 0.95,(200's pack: ৳ 190.00),",(200's pack: ৳ 190.00)
28228,Aminomix,allopathic,aminomixiv-infusion10,IV Infusion,Amino Acid + D-Sorbitol + Electrolytes,10%,ACME Laboratories Ltd.,500 ml bottle: ৳ 402.72,
584,Aminomix,allopathic,aminomixiv-infusion5,IV Infusion,Amino Acid + D-Sorbitol + Electrolytes,5%,ACME Laboratories Ltd.,500 ml bottle: ৳ 352.37,
14768,Aminomax Gold,allopathic,aminomax-goldiv-infusion710,IV Infusion,Amino Acid + Glucose + Electrolytes,7%+10%,Globe Pharmaceuticals Ltd.,500 ml bottle: ৳ 400.00,
14767,Aminomax,allopathic,aminomaxiv-infusion5,IV Infusion,Amino Acid + D-Sorbitol + Electrolytes,5%,Globe Pharmaceuticals Ltd.,500 ml bottle: ৳ 350.00,
28924,Amimax,allopathic,amimaximiv-injection500-mg2-ml,IM/IV Injection,Amikacin,500 mg/2 ml,Biopharma Laboratories Ltd.,"2 ml ampoule: ৳ 48.00,(10's pack: ৳ 480.00),",(10's pack: ৳ 480.00)
28923,Amimax,allopathic,amimaximiv-injection100-mg2-ml,IM/IV Injection,Amikacin,100 mg/2 ml,Biopharma Laboratories Ltd.,"2 ml ampoule: ৳ 16.00,(10's pack: ৳ 160.00),",(10's pack: ৳ 160.00)
30452,Amilin Plus,allopathic,amilin-plustablet125-mg5-mg,Tablet,Amitriptyline Hydrochloride + Chlordiazepoxide,12.5 mg+5 mg,Opsonin Pharma Ltd.,"Unit Price: ৳ 7.00,(56's pack: ৳ 392.00),",(56's pack: ৳ 392.00)
618,Amilin,allopathic,amilintablet25-mg,Tablet,Amitriptyline Hydrochloride,25 mg,Opsonin Pharma Ltd.,"Unit Price: ৳ 1.75,(112's pack: ৳ 196.00),",(112's pack: ৳ 196.00)
617,Amilin,allopathic,amilintablet10-mg,Tablet,Amitriptyline Hydrochloride,10 mg,Opsonin Pharma Ltd.,"Unit Price: ৳ 0.85,(112's pack: ৳ 95.20),",(112's pack: ৳ 95.20)
4322,Amilax,allopathic,amilaxtablet05-mg10-mg,Tablet,Flupentixol + Melitracen,0.5 mg+10 mg,Amico Laboratories Ltd.,"Unit Price: ৳ 3.20,(50's pack: ৳ 160.00),",(50's pack: ৳ 160.00)
14766,Amilac,allopathic,amilaciv-infusion5,IV Infusion,Amino Acid + D-Sorbitol + Electrolytes,5%,Biopharma Laboratories Ltd.,500 ml bottle: ৳ 350.00,
1501,Adegut,allopathic,adegutoral-suspension5-mg5-ml,Oral Suspension,Domperidone Maleate,5 mg/5 ml,Supreme Pharmaceutical Ltd.,60 ml bottle: ৳ 28.00,
27658,Rimodep,herbal,rimodepcapsule300-mg,Capsule,St. John’s Wort,300 mg,Incepta Pharmaceuticals Ltd.,"Unit Price: ৳ 6.00,(30's pack: ৳ 180.00),",(30's pack: ৳ 180.00)
17652,Amlotab,allopathic,amlotabtablet10-mg,Tablet,Amlodipine Besilate,10 mg,Incepta Pharmaceuticals Ltd.,"Unit Price: ৳ 7.00,(30's pack: ৳ 210.00),",(30's pack: ৳ 210.00)
649,Amlosun,allopathic,amlosuntablet5-mg,Tablet,Amlodipine Besilate,5 mg,Sun Pharmaceutical Ltd.,"Unit Price: ৳ 5.00,(50's pack: ৳ 250.00),",(50's pack: ৳ 250.00)
794,Amlosin Plus,allopathic,amlosin-plustablet5-mg25-mg,Tablet,Amlodipine Besilate + Atenolol,5 mg+25 mg,Doctor’s Chemical Works Ltd.,"Unit Price: ৳ 4.00,(30's pack: ৳ 120.00),",(30's pack: ৳ 120.00)
648,Amlosin,allopathic,amlosintablet5-mg,Tablet,Amlodipine Besilate,5 mg,Doctor’s Chemical Works Ltd.,"Unit Price: ৳ 3.41,(30's pack: ৳ 102.30),",(30's pack: ৳ 102.30)
3084,Amlosartan,allopathic,amlosartantablet5-mg160-mg,Tablet,Amlodipine Besilate + Valsartan,5 mg+160 mg,Incepta Pharmaceuticals Ltd.,"Unit Price: ৳ 8.00,(30's pack: ৳ 240.00),",(30's pack: ৳ 240.00)
3085,Amlosartan,allopathic,amlosartantablet10-mg160-mg,Tablet,Amlodipine Besilate + Valsartan,10 mg+160 mg,Incepta Pharmaceuticals Ltd.,"Unit Price: ৳ 9.00,(30's pack: ৳ 270.00),",(30's pack: ৳ 270.00)
3083,Amlosartan,allopathic,amlosartantablet5-mg80-mg,Tablet,Amlodipine Besilate + Valsartan,5 mg+80 mg,Incepta Pharmaceuticals Ltd.,"Unit Price: ৳ 6.00,(30's pack: ৳ 180.00),",(30's pack: ৳ 180.00)
647,Amlopin,allopathic,amlopintablet5-mg,Tablet,Amlodipine Besilate,5 mg,ACME Laboratories Ltd.,"Unit Price: ৳ 5.01,(50's pack: ৳ 250.50),",(50's pack: ৳ 250.50)
646,Amlopin,allopathic,amlopintablet10-mg,Tablet,Amlodipine Besilate,10 mg,ACME Laboratories Ltd.,"Unit Price: ৳ 7.02,(30's pack: ৳ 210.60),",(30's pack: ৳ 210.60)
30555,Amlohil,allopathic,amlohiltablet10-mg,Tablet,Amlodipine Besilate,10 mg,Goodman Pharmaceuticals Ltd.,"Unit Price: ৳ 6.00,(30's pack: ৳ 180.00),",(30's pack: ৳ 180.00)
30556,Amlohil,allopathic,amlohiltablet5-mg,Tablet,Amlodipine Besilate,5 mg,Goodman Pharmaceuticals Ltd.,"Unit Price: ৳ 4.50,(50's pack: ৳ 225.00),",(50's pack: ৳ 225.00)
791,Amlocard Plus,allopathic,amlocard-plustablet5-mg25-mg,Tablet,Amlodipine Besilate + Atenolol,5 mg+25 mg,Drug International Ltd.,"Unit Price: ৳ 5.00,(56's pack: ৳ 280.00),",(56's pack: ৳ 280.00)
792,Amlocard Plus,allopathic,amlocard-plustablet5-mg50-mg,Tablet,Amlodipine Besilate + Atenolol,5 mg+50 mg,Drug International Ltd.,"Unit Price: ৳ 6.00,(56's pack: ৳ 336.00),",(56's pack: ৳ 336.00)
643,Amlocard,allopathic,amlocardtablet10-mg,Tablet,Amlodipine Besilate,10 mg,Drug International Ltd.,"Unit Price: ৳ 7.00,(50's pack: ৳ 350.00),",(50's pack: ৳ 350.00)
642,Amlocard,allopathic,amlocardtablet5-mg,Tablet,Amlodipine Besilate,5 mg,Drug International Ltd.,"Unit Price: ৳ 5.00,(100's pack: ৳ 500.00),",(100's pack: ৳ 500.00)
790,Amlobet,allopathic,amlobettablet5-mg50-mg,Tablet,Amlodipine Besilate + Atenolol,5 mg+50 mg,Sun Pharmaceutical Ltd.,"Unit Price: ৳ 6.00,(50's pack: ৳ 300.00),",(50's pack: ৳ 300.00)
640,Amlo,allopathic,amlotablet5-mg,Tablet,Amlodipine Besilate,5 mg,Pharmadesh Laboratories Ltd.,"Unit Price: ৳ 3.50,(50's pack: ৳ 175.00),",(50's pack: ৳ 175.00)
29913,Amlip,allopathic,amliptablet5-mg10-mg,Tablet,Amlodipine Besilate + Atorvastatin,5 mg+10 mg,Eskayef Pharmaceuticals Ltd.,"Unit Price: ৳ 11.00,(30's pack: ৳ 330.00),",(30's pack: ৳ 330.00)
630,Amlex,allopathic,amlexoral-paste5,Oral Paste,Amlexanox,5%,ACI Limited,5 gm tube: ৳ 75.23,
31511,Amlevo,allopathic,amlevotablet5-mg,Tablet,S-Amlodipine Besilate (Levamlodipine),5 mg,Eskayef Pharmaceuticals Ltd.,"Unit Price: ৳ 10.00,(30's pack: ৳ 300.00),",(30's pack: ৳ 300.00)
30296,Amlevo,allopathic,amlevotablet25-mg,Tablet,S-Amlodipine Besilate (Levamlodipine),2.5 mg,Eskayef Pharmaceuticals Ltd.,"Unit Price: ৳ 7.00,(30's pack: ৳ 210.00),",(30's pack: ৳ 210.00)
4580,Amival,allopathic,amivaltablet05-mg10-mg,Tablet,Fluphenazine + Nortriptyline,0.5 mg+10 mg,Amico Laboratories Ltd.,"Unit Price: ৳ 0.80,(100's pack: ৳ 80.00),",(100's pack: ৳ 80.00)
28504,Amitip,allopathic,amitiptablet10-mg,Tablet,Amitriptyline Hydrochloride,10 mg,Pacific Pharmaceuticals Ltd.,"Unit Price: ৳ 0.85,(100's pack: ৳ 85.00),",(100's pack: ৳ 85.00)
28505,Amitip,allopathic,amitiptablet25-mg,Tablet,Amitriptyline Hydrochloride,25 mg,Pacific Pharmaceuticals Ltd.,"Unit Price: ৳ 1.75,(50's pack: ৳ 87.50),",(50's pack: ৳ 87.50)
620,Amit,allopathic,amittablet10-mg,Tablet,Amitriptyline Hydrochloride,10 mg,General Pharmaceuticals Ltd.,"Unit Price: ৳ 0.85,(100's pack: ৳ 85.00),,Unit Price: ৳ 0.85,(150's pack: ৳ 127.00),","(100's pack: ৳ 85.00),(150's pack: ৳ 127.00)"
619,Amit,allopathic,amittablet25-mg,Tablet,Amitriptyline Hydrochloride,25 mg,General Pharmaceuticals Ltd.,"Unit Price: ৳ 1.75,(100's pack: ৳ 175.00),",(100's pack: ৳ 175.00)
32415,Amisure,allopathic,amisureiv-infusion5-mg2-ml,IV Infusion,Amisulpride,5 mg/2 ml,ACME Laboratories Ltd.,"2 ml ampoule: ৳ 60.00,(5's pack: ৳ 300.00),",(5's pack: ৳ 300.00)
14772,Amisol Gold,allopathic,amisol-goldiv-infusion710,IV Infusion,Amino Acid + Glucose + Electrolytes,7%+10%,Popular Pharmaceuticals Ltd.,"250 ml bottle: ৳ 260.98,500 ml bottle: ৳ 401.51",
14771,Amisol,allopathic,amisoliv-infusion5,IV Infusion,Amino Acid + D-Sorbitol + Electrolytes,5%,Popular Pharmaceuticals Ltd.,"250 ml bottle: ৳ 200.76,500 ml bottle: ৳ 351.32",
32196,Adegra,allopathic,adegratablet25-mg,Tablet,Sildenafil Citrate,25 mg,ACI Limited,"Unit Price: ৳ 20.06,(4's pack: ৳ 80.24),",(4's pack: ৳ 80.24)
5996,Adegra,allopathic,adegratablet50-mg,Tablet,Sildenafil Citrate,50 mg,ACI Limited,"Unit Price: ৳ 30.09,(4's pack: ৳ 120.36),",(4's pack: ৳ 120.36)
880,Amoclav,allopathic,amoclaviv-injection1-gm200-mg20-ml,IV Injection,Amoxicillin + Clavulanic Acid,(1 gm+200 mg)/20 ml,Techno Drugs Ltd.,1.2 gm vial: ৳ 280.00,
879,Amoclav,allopathic,amoclavtablet875-mg125-mg,Tablet,Amoxicillin + Clavulanic Acid,875 mg+125 mg,Techno Drugs Ltd.,"Unit Price: ৳ 35.00,(12's pack: ৳ 420.00),",(12's pack: ৳ 420.00)
888,Amoclav,allopathic,amoclavtablet500-mg125-mg,Tablet,Amoxicillin + Clavulanic Acid,500 mg+125 mg,Techno Drugs Ltd.,"Unit Price: ৳ 25.00,(18's pack: ৳ 450.00),",(18's pack: ৳ 450.00)
885,Amoclav,allopathic,amoclavpowder-for-suspension125-mg3125-mg5-ml,Powder for Suspension,Amoxicillin + Clavulanic Acid,(125 mg+31.25 mg)/5 ml,Techno Drugs Ltd.,100 ml bottle: ৳ 200.00,
6428,Amocin,allopathic,amocincapsule250-mg,Capsule,Amoxicillin Trihydrate,250 mg,Pacific Pharmaceuticals Ltd.,"Unit Price: ৳ 3.30,(100's pack: ৳ 330.00),",(100's pack: ৳ 330.00)
6430,Amocin,allopathic,amocinpowder-for-suspension125-mg5-ml,Powder for Suspension,Amoxicillin Trihydrate,125 mg/5 ml,Pacific Pharmaceuticals Ltd.,100 ml bottle: ৳ 47.50,
6429,Amocin,allopathic,amocincapsule500-mg,Capsule,Amoxicillin Trihydrate,500 mg,Pacific Pharmaceuticals Ltd.,"Unit Price: ৳ 6.70,(50's pack: ৳ 335.00),",(50's pack: ৳ 335.00)
28206,Amocil,allopathic,amocilcapsule250-mg,Capsule,Amoxicillin Trihydrate,250 mg,MST Pharma,"Unit Price: ৳ 3.00,(100's pack: ৳ 300.00),",(100's pack: ৳ 300.00)
6427,Amocil,allopathic,amocilpowder-for-suspension125-mg5-ml,Powder for Suspension,Amoxicillin Trihydrate,125 mg/5 ml,MST Pharma,100 ml bottle: ৳ 50.00,
6426,Amocil,allopathic,amocilcapsule500-mg,Capsule,Amoxicillin Trihydrate,500 mg,MST Pharma,"Unit Price: ৳ 6.00,(50's pack: ৳ 300.00),",(50's pack: ৳ 300.00)
6425,Amocap,allopathic,amocapcapsule500-mg,Capsule,Amoxicillin Trihydrate,500 mg,Sonear Laboratories Ltd.,"Unit Price: ৳ 6.15,(40's pack: ৳ 246.00),",(40's pack: ৳ 246.00)
6424,Amocap,allopathic,amocapcapsule250-mg,Capsule,Amoxicillin Trihydrate,250 mg,Sonear Laboratories Ltd.,"Unit Price: ৳ 3.59,(100's pack: ৳ 359.00),",(100's pack: ৳ 359.00)
17711,Amocal-BZ,allopathic,amocal-bzcapsule5-mg10-mg,Capsule,Amlodipine Besilate + Benazepril Hydrochloride,5 mg+10 mg,Opsonin Pharma Ltd.,"Unit Price: ৳ 6.02,(30's pack: ৳ 180.60),",(30's pack: ৳ 180.60)
800,Amocal-AT,allopathic,amocal-attablet5-mg50-mg,Tablet,Amlodipine Besilate + Atenolol,5 mg+50 mg,Opsonin Pharma Ltd.,"Unit Price: ৳ 6.02,(42's pack: ৳ 252.84),",(42's pack: ৳ 252.84)
657,Amocal,allopathic,amocaltablet5-mg,Tablet,Amlodipine Besilate,5 mg,Opsonin Pharma Ltd.,"Unit Price: ৳ 5.00,(42's pack: ৳ 210.00),",(42's pack: ৳ 210.00)
656,Amocal,allopathic,amocaltablet10-mg,Tablet,Amlodipine Besilate,10 mg,Opsonin Pharma Ltd.,"Unit Price: ৳ 6.02,(30's pack: ৳ 180.60),,Unit Price: ৳ 6.04,(42's pack: ৳ 253.68),","(30's pack: ৳ 180.60),(42's pack: ৳ 253.68)"
22362,Amobin,allopathic,amobintablet200-mg,Tablet,Metronidazole,200 mg,Doctor’s Chemical Works Ltd.,"Unit Price: ৳ 0.53,(100's pack: ৳ 53.00),",(100's pack: ৳ 53.00)
10061,Amobin,allopathic,amobinoral-suspension200-mg5-ml,Oral Suspension,Metronidazole,200 mg/5 ml,Doctor’s Chemical Works Ltd.,60 ml bottle: ৳ 24.00,
10060,Amobin,allopathic,amobintablet400-mg,Tablet,Metronidazole,400 mg,Doctor’s Chemical Works Ltd.,"Unit Price: ৳ 1.14,(100's pack: ৳ 114.00),",(100's pack: ৳ 114.00)
12604,Amobet,allopathic,amobetcream005,Cream,Clobetasone Butyrate,0.05%,Ad-din Pharmaceuticals Ltd.,10 gm tube: ৳ 30.00,
3066,Amlozep,allopathic,amlozepcapsule5-mg10-mg,Capsule,Amlodipine Besilate + Benazepril Hydrochloride,5 mg+10 mg,Beacon Pharmaceuticals Ltd.,"Unit Price: ৳ 6.04,(30's pack: ৳ 181.20),",(30's pack: ৳ 181.20)
3088,Amlovas VS,allopathic,amlovas-vstablet10-mg160-mg,Tablet,Amlodipine Besilate + Valsartan,10 mg+160 mg,Popular Pharmaceuticals Ltd.,"Unit Price: ৳ 16.06,(30's pack: ৳ 481.80),",(30's pack: ৳ 481.80)
3087,Amlovas VS,allopathic,amlovas-vstablet5-mg160-mg,Tablet,Amlodipine Besilate + Valsartan,5 mg+160 mg,Popular Pharmaceuticals Ltd.,"Unit Price: ৳ 16.06,(30's pack: ৳ 481.80),",(30's pack: ৳ 481.80)
30589,Amlovas VS,allopathic,amlovas-vstablet5-mg80-mg,Tablet,Amlodipine Besilate + Valsartan,5 mg+80 mg,Popular Pharmaceuticals Ltd.,"Unit Price: ৳ 9.00,(30's pack: ৳ 270.00),",(30's pack: ৳ 270.00)
797,Amlovas AT,allopathic,amlovas-attablet5-mg50-mg,Tablet,Amlodipine Besilate + Atenolol,5 mg+50 mg,Popular Pharmaceuticals Ltd.,"Unit Price: ৳ 6.00,(50's pack: ৳ 300.00),",(50's pack: ৳ 300.00)
30557,Amlovas,allopathic,amlovastablet10-mg,Tablet,Amlodipine Besilate,10 mg,Popular Pharmaceuticals Ltd.,"Unit Price: ৳ 6.00,(30's pack: ৳ 180.00),",(30's pack: ৳ 180.00)
651,Amlovas,allopathic,amlovastablet5-mg,Tablet,Amlodipine Besilate,5 mg,Popular Pharmaceuticals Ltd.,"Unit Price: ৳ 5.00,(50's pack: ৳ 250.00),",(50's pack: ৳ 250.00)
796,Amloten,allopathic,amlotentablet5-mg50-mg,Tablet,Amlodipine Besilate + Atenolol,5 mg+50 mg,ACME Laboratories Ltd.,"Unit Price: ৳ 6.01,(50's pack: ৳ 300.50),",(50's pack: ৳ 300.50)
795,Amloten,allopathic,amlotentablet5-mg25-mg,Tablet,Amlodipine Besilate + Atenolol,5 mg+25 mg,ACME Laboratories Ltd.,"Unit Price: ৳ 5.27,(30's pack: ৳ 158.10),",(30's pack: ৳ 158.10)
650,Amlotab,allopathic,amlotabtablet5-mg,Tablet,Amlodipine Besilate,5 mg,Incepta Pharmaceuticals Ltd.,"Unit Price: ৳ 5.00,(50's pack: ৳ 250.00),",(50's pack: ৳ 250.00)
9102,Adecin,allopathic,adecintablet500-mg,Tablet,Ciprofloxacin,500 mg,Supreme Pharmaceutical Ltd.,"Unit Price: ৳ 14.00,(30's pack: ৳ 420.00),",(30's pack: ৳ 420.00)
29569,Amoxikil,allopathic,amoxikilcapsule500-mg,Capsule,Amoxicillin Trihydrate,500 mg,Veritas Pharmaceuticals Ltd.,"Unit Price: ৳ 6.50,(50's pack: ৳ 325.00),",(50's pack: ৳ 325.00)
6447,Amoxicon,allopathic,amoxiconcapsule500-mg,Capsule,Amoxicillin Trihydrate,500 mg,Medicon Pharmaceuticals Ltd.,"Unit Price: ৳ 5.68,(50's pack: ৳ 284.07),",(50's pack: ৳ 284.07)
6448,Amoxicon,allopathic,amoxiconpowder-for-suspension125-mg5-ml,Powder for Suspension,Amoxicillin Trihydrate,125 mg/5 ml,Medicon Pharmaceuticals Ltd.,100 ml bottle: ৳ 45.45,
6446,Amoxicon,allopathic,amoxiconcapsule250-mg,Capsule,Amoxicillin Trihydrate,250 mg,Medicon Pharmaceuticals Ltd.,"Unit Price: ৳ 2.84,(100's pack: ৳ 284.00),",(100's pack: ৳ 284.00)
6441,Amoxic,allopathic,amoxiccapsule250-mg,Capsule,Amoxicillin Trihydrate,250 mg,Cosmo Pharma Ltd.,"Unit Price: ৳ 3.23,(100's pack: ৳ 323.00),",(100's pack: ৳ 323.00)
6443,Amoxic,allopathic,amoxicpowder-for-suspension125-mg5-ml,Powder for Suspension,Amoxicillin Trihydrate,125 mg/5 ml,Cosmo Pharma Ltd.,100 ml bottle: ৳ 40.00,
6442,Amoxic,allopathic,amoxiccapsule500-mg,Capsule,Amoxicillin Trihydrate,500 mg,Cosmo Pharma Ltd.,"Unit Price: ৳ 5.00,(100's pack: ৳ 500.00),",(100's pack: ৳ 500.00)
6436,Amox,allopathic,amoxcapsule250-mg,Capsule,Amoxicillin Trihydrate,250 mg,Doctor’s Chemical Works Ltd.,"Unit Price: ৳ 3.50,(100's pack: ৳ 350.00),",(100's pack: ৳ 350.00)
6437,Amox,allopathic,amoxcapsule500-mg,Capsule,Amoxicillin Trihydrate,500 mg,Doctor’s Chemical Works Ltd.,"Unit Price: ৳ 6.00,(40's pack: ৳ 240.00),",(40's pack: ৳ 240.00)
6439,Amox,allopathic,amoxpediatric-drops125-mg125-ml,Pediatric Drops,Amoxicillin Trihydrate,125 mg/1.25 ml,Doctor’s Chemical Works Ltd.,15 ml bottle: ৳ 28.00,
6438,Amox,allopathic,amoxpowder-for-suspension125-mg5-ml,Powder for Suspension,Amoxicillin Trihydrate,125 mg/5 ml,Doctor’s Chemical Works Ltd.,100 ml bottle: ৳ 46.00,
718,Amovast,allopathic,amovasttablet5-mg10-mg,Tablet,Amlodipine Besilate + Atorvastatin,5 mg+10 mg,Beacon Pharmaceuticals Ltd.,"Unit Price: ৳ 11.07,(20's pack: ৳ 221.40),",(20's pack: ৳ 221.40)
32198,Amotrex DS,allopathic,amotrex-dstablet800-mg,Tablet,Metronidazole,800 mg,ACI Limited,"Unit Price: ৳ 2.00,(100's pack: ৳ 200.00),",(100's pack: ৳ 200.00)
22333,Amotrex,allopathic,amotrexiv-infusion500-mg100-ml,IV Infusion,Metronidazole,500 mg/100 ml,ACI Limited,100 ml bottle: ৳ 85.26,
10066,Amotrex,allopathic,amotrextablet200-mg,Tablet,Metronidazole,200 mg,ACI Limited,"Unit Price: ৳ 0.69,(100's pack: ৳ 69.00),",(100's pack: ৳ 69.00)
10067,Amotrex,allopathic,amotrextablet400-mg,Tablet,Metronidazole,400 mg,ACI Limited,"Unit Price: ৳ 1.27,(100's pack: ৳ 127.00),",(100's pack: ৳ 127.00)
10068,Amotrex,allopathic,amotrexoral-suspension200-mg5-ml,Oral Suspension,Metronidazole,200 mg/5 ml,ACI Limited,60 ml bottle: ৳ 29.90,
6434,Amotid F,allopathic,amotid-fpowder-for-suspension250-mg5-ml,Powder for Suspension,Amoxicillin Trihydrate,250 mg/5 ml,Biopharma Laboratories Ltd.,100 ml bottle: ৳ 65.25,
31964,Amotid CL,allopathic,amotid-clpowder-for-suspension125-mg3125-mg5-ml,Powder for Suspension,Amoxicillin + Clavulanic Acid,(125 mg+31.25 mg)/5 ml,Biopharma Laboratories Ltd.,100 ml bottle: ৳ 200.00,
31965,Amotid CL,allopathic,amotid-cltablet500-mg125-mg,Tablet,Amoxicillin + Clavulanic Acid,500 mg+125 mg,Biopharma Laboratories Ltd.,"Unit Price: ৳ 30.00,(28's pack: ৳ 840.00),",(28's pack: ৳ 840.00)
6431,Amotid,allopathic,amotidcapsule250-mg,Capsule,Amoxicillin Trihydrate,250 mg,Biopharma Laboratories Ltd.,"Unit Price: ৳ 3.62,(100's pack: ৳ 361.51),",(100's pack: ৳ 361.51)
6432,Amotid,allopathic,amotidcapsule500-mg,Capsule,Amoxicillin Trihydrate,500 mg,Biopharma Laboratories Ltd.,"Unit Price: ৳ 6.02,(100's pack: ৳ 601.63),",(100's pack: ৳ 601.63)
6433,Amotid,allopathic,amotidpowder-for-suspension125-mg5-ml,Powder for Suspension,Amoxicillin Trihydrate,125 mg/5 ml,Biopharma Laboratories Ltd.,100 ml bottle: ৳ 46.17,
6435,Amotid,allopathic,amotidpediatric-drops125-mg125-ml,Pediatric Drops,Amoxicillin Trihydrate,125 mg/1.25 ml,Biopharma Laboratories Ltd.,15 ml bottle: ৳ 30.11,
25536,Amorox,allopathic,amoroxsyrup15-mg5-ml,Syrup,Ambroxol Hydrochloride,15 mg/5 ml,United Pharmaceuticals Ltd.,100 ml bottle: ৳ 40.00,
10197,Amogit,allopathic,amogittablet400-mg,Tablet,Metronidazole,400 mg,Marksman Pharmaceuticals Ltd.,"Unit Price: ৳ 1.03,(100's pack: ৳ 103.00),",(100's pack: ৳ 103.00)
10062,Amodis,allopathic,amodistablet400-mg,Tablet,Metronidazole,400 mg,Square Pharmaceuticals Ltd.,"Unit Price: ৳ 1.27,(240's pack: ৳ 304.80),",(240's pack: ৳ 304.80)
10064,Amodis,allopathic,amodisoral-suspension200-mg5-ml,Oral Suspension,Metronidazole,200 mg/5 ml,Square Pharmaceuticals Ltd.,60 ml bottle: ৳ 29.89,
10065,Amodis,allopathic,amodisiv-infusion500-mg100-ml,IV Infusion,Metronidazole,500 mg/100 ml,Square Pharmaceuticals Ltd.,100 ml bottle: ৳ 53.56,
889,Amoclav Forte,allopathic,amoclav-fortepowder-for-suspension400-mg5750-mg5-ml,Powder for Suspension,Amoxicillin + Clavulanic Acid,(400 mg+57.50 mg)/5 ml,Techno Drugs Ltd.,100 ml bottle: ৳ 220.00,
6783,Adecef DS,allopathic,adecef-dspowder-for-suspension250-mg5-ml,Powder for Suspension,Cephradine,250 mg/5 ml,Supreme Pharmaceutical Ltd.,100 ml bottle: ৳ 120.00,
7470,Amucef,allopathic,amucefcapsule200-mg,Capsule,Cefixime Trihydrate,200 mg,Amulet Pharmaceuticals Ltd.,"Unit Price: ৳ 30.00,(12's pack: ৳ 360.00),",(12's pack: ৳ 360.00)
7472,Amucef,allopathic,amucefpowder-for-suspension100-mg5-ml,Powder for Suspension,Cefixime Trihydrate,100 mg/5 ml,Amulet Pharmaceuticals Ltd.,50 ml bottle: ৳ 195.60,
623,Amtylin,allopathic,amtylintablet10-mg,Tablet,Amitriptyline Hydrochloride,10 mg,Edruc Limited,"Unit Price: ৳ 0.50,(100's pack: ৳ 50.00),",(100's pack: ৳ 50.00)
30553,Amtylin,allopathic,amtylintablet25-mg,Tablet,Amitriptyline Hydrochloride,25 mg,Edruc Limited,"Unit Price: ৳ 1.00,(100's pack: ৳ 100.00),",(100's pack: ৳ 100.00)
805,Amtinol Plus,allopathic,amtinol-plustablet5-mg50-mg,Tablet,Amlodipine Besilate + Atenolol,5 mg+50 mg,Euro Pharma Ltd.,"Unit Price: ৳ 5.50,(50's pack: ৳ 275.00),",(50's pack: ৳ 275.00)
663,Amtinol,allopathic,amtinoltablet5-mg,Tablet,Amlodipine Besilate,5 mg,Euro Pharma Ltd.,"Unit Price: ৳ 4.00,(50's pack: ৳ 200.00),",(50's pack: ৳ 200.00)
4031,Amsiv,allopathic,amsivsyrup15-mg5-ml,Syrup,Ambroxol Hydrochloride,15 mg/5 ml,Delta Pharma Ltd.,100 ml bottle: ৳ 45.00,
17688,Ampress Plus,allopathic,ampress-plustablet5-mg50-mg,Tablet,Amlodipine Besilate + Atenolol,5 mg+50 mg,Benham Pharmaceuticals Ltd.,"Unit Price: ৳ 6.00,(50's pack: ৳ 300.00),",(50's pack: ৳ 300.00)
17642,Ampress,allopathic,ampresstablet5-mg,Tablet,Amlodipine Besilate,5 mg,Benham Pharmaceuticals Ltd.,"Unit Price: ৳ 5.00,(50's pack: ৳ 250.00),",(50's pack: ৳ 250.00)
804,Ampre Plus,allopathic,ampre-plustablet5-mg25-mg,Tablet,Amlodipine Besilate + Atenolol,5 mg+25 mg,Kumudini Pharma Ltd.,"Unit Price: ৳ 6.00,(30's pack: ৳ 180.00),",(30's pack: ৳ 180.00)
661,Ampre,allopathic,ampretablet5-mg,Tablet,Amlodipine Besilate,5 mg,Kumudini Pharma Ltd.,"Unit Price: ৳ 5.00,(30's pack: ৳ 150.00),",(30's pack: ৳ 150.00)
32794,Ampol XR,allopathic,ampol-xrtablet-extended-release665-mg,Tablet (Extended Release),Paracetamol,665 mg,Al-Madina Pharmaceuticals Ltd.,"Unit Price: ৳ 1.50,(100's pack: ৳ 150.00),",(100's pack: ৳ 150.00)
32324,Ampol Plus,allopathic,ampol-plustablet500-mg65-mg,Tablet,Paracetamol + Caffeine,500 mg+65 mg,Al-Madina Pharmaceuticals Ltd.,"Unit Price: ৳ 2.50,(200's pack: ৳ 500.00),",(200's pack: ৳ 500.00)
961,Ampirex,allopathic,ampireximiv-injection500-mgvial,IM/IV Injection,Ampicillin Sodium,500 mg/vial,Jayson Pharmaceuticals Ltd.,"500 mg vial: ৳ 22.49,(5's pack: ৳ 112.45),",(5's pack: ৳ 112.45)
958,Ampimet DS,allopathic,ampimet-dsoral-suspension125-mg5-ml,Oral Suspension,Ampicillin Sodium,125 mg/5 ml,Medimet Pharmaceuticals Ltd.,100 ml bottle: ৳ 43.75,
956,Ampimet,allopathic,ampimetcapsule250-mg,Capsule,Ampicillin Sodium,250 mg,Medimet Pharmaceuticals Ltd.,"Unit Price: ৳ 3.25,(100's pack: ৳ 325.00),",(100's pack: ৳ 325.00)
957,Ampimet,allopathic,ampimetcapsule500-mg,Capsule,Ampicillin Sodium,500 mg,Medimet Pharmaceuticals Ltd.,"Unit Price: ৳ 5.00,(50's pack: ৳ 250.00),",(50's pack: ৳ 250.00)
803,Ampil Plus,allopathic,ampil-plustablet5-mg50-mg,Tablet,Amlodipine Besilate + Atenolol,5 mg+50 mg,The White Horse Pharma,"Unit Price: ৳ 6.00,(50's pack: ৳ 300.00),",(50's pack: ৳ 300.00)
660,Ampil,allopathic,ampiltablet5-mg,Tablet,Amlodipine Besilate,5 mg,The White Horse Pharma,"Unit Price: ৳ 5.00,(50's pack: ৳ 250.00),",(50's pack: ৳ 250.00)
948,Ampexin,allopathic,ampexininjection250-mgvial,Injection,Ampicillin Sodium,250 mg/vial,Opsonin Pharma Ltd.,"250 mg vial: ৳ 17.98,(4's pack: ৳ 71.92),",(4's pack: ৳ 71.92)
949,Ampexin,allopathic,ampexininjection500-mgvial,Injection,Ampicillin Sodium,500 mg/vial,Opsonin Pharma Ltd.,"500 mg vial: ৳ 24.00,(4's pack: ৳ 96.00),",(4's pack: ৳ 96.00)
6462,Amoxon,allopathic,amoxonimiv-injection500-mgvial,IM/IV Injection,Amoxicillin Trihydrate,500 mg/vial,Jayson Pharmaceuticals Ltd.,"500 mg vial: ৳ 24.67,(5's pack: ৳ 123.35),",(5's pack: ৳ 123.35)
6459,Amoxon,allopathic,amoxonpowder-for-suspension125-mg5-ml,Powder for Suspension,Amoxicillin Trihydrate,125 mg/5 ml,Jayson Pharmaceuticals Ltd.,100 ml bottle: ৳ 47.60,
6458,Amoxon,allopathic,amoxoncapsule500-mg,Capsule,Amoxicillin Trihydrate,500 mg,Jayson Pharmaceuticals Ltd.,"Unit Price: ৳ 6.78,(50's pack: ৳ 339.00),",(50's pack: ৳ 339.00)
6457,Amoxon,allopathic,amoxoncapsule250-mg,Capsule,Amoxicillin Trihydrate,250 mg,Jayson Pharmaceuticals Ltd.,"Unit Price: ৳ 3.62,(100's pack: ৳ 362.00),",(100's pack: ৳ 362.00)
6455,Amoxizen DS,allopathic,amoxizen-dscapsule500-mg,Capsule,Amoxicillin Trihydrate,500 mg,Zenith Pharmaceuticals Ltd.,"Unit Price: ৳ 6.11,(50's pack: ৳ 305.50),",(50's pack: ৳ 305.50)
6456,Amoxizen,allopathic,amoxizenpowder-for-suspension125-mg5-ml,Powder for Suspension,Amoxicillin Trihydrate,125 mg/5 ml,Zenith Pharmaceuticals Ltd.,100 ml bottle: ৳ 45.83,
6454,Amoxizen,allopathic,amoxizencapsule250-mg,Capsule,Amoxicillin Trihydrate,250 mg,Zenith Pharmaceuticals Ltd.,"Unit Price: ৳ 3.52,(100's pack: ৳ 352.00),",(100's pack: ৳ 352.00)
6451,Amoxima,allopathic,amoximapowder-for-suspension125-mg5-ml,Powder for Suspension,Amoxicillin Trihydrate,125 mg/5 ml,Modern Pharmaceuticals Ltd.,100 ml bottle: ৳ 47.29,
6450,Amoxima,allopathic,amoximacapsule500-mg,Capsule,Amoxicillin Trihydrate,500 mg,Modern Pharmaceuticals Ltd.,"Unit Price: ৳ 6.65,(50's pack: ৳ 332.50),",(50's pack: ৳ 332.50)
6782,Adecef,allopathic,adecefpowder-for-suspension125-mg5-ml,Powder for Suspension,Cephradine,125 mg/5 ml,Supreme Pharmaceutical Ltd.,100 ml bottle: ৳ 80.00,
15301,Analac,allopathic,analactablet10-mg,Tablet,Ketorolac Tromethamine,10 mg,Ziska Pharmaceuticals Ltd.,"Unit Price: ৳ 10.00,(20's pack: ৳ 200.00),",(20's pack: ৳ 200.00)
15302,Analac,allopathic,analacimiv-injection30-mgml,IM/IV Injection,Ketorolac Tromethamine,30 mg/ml,Ziska Pharmaceuticals Ltd.,"1 ml ampoule: ৳ 55.00,(5's pack: ৳ 275.00),",(5's pack: ৳ 275.00)
26720,Analac,allopathic,analacimiv-injection60-mg2-ml,IM/IV Injection,Ketorolac Tromethamine,60 mg/2 ml,Ziska Pharmaceuticals Ltd.,2 ml ampoule: ৳ 95.00,
4446,Anafranil,allopathic,anafraniltablet25-mg,Tablet,Clomipramine Hydrochloride,25 mg,SANDOZ (A Novartis Division),"Unit Price: ৳ 9.25,(50's pack: ৳ 462.50),",(50's pack: ৳ 462.50)
11411,Anaflex SR,allopathic,anaflex-srtablet-sustained-release500-mg,Tablet (Sustained Release),Naproxen Sodium,500 mg,ACI Limited,"Unit Price: ৳ 14.09,(20's pack: ৳ 281.80),",(20's pack: ৳ 281.80)
11536,Anaflex Max,allopathic,anaflex-maxtablet-delayed-release375-mg20-mg,Tablet (Delayed Release),Naproxen Sodium + Esomeprazole Magnesium,375 mg+20 mg,ACI Limited,"Unit Price: ৳ 10.00,(50's pack: ৳ 500.00),",(50's pack: ৳ 500.00)
11537,Anaflex Max,allopathic,anaflex-maxtablet-delayed-release500-mg20-mg,Tablet (Delayed Release),Naproxen Sodium + Esomeprazole Magnesium,500 mg+20 mg,ACI Limited,"Unit Price: ৳ 11.50,(50's pack: ৳ 575.00),",(50's pack: ৳ 575.00)
11409,Anaflex,allopathic,anaflextablet250-mg,Tablet,Naproxen Sodium,250 mg,ACI Limited,"Unit Price: ৳ 5.02,(100's pack: ৳ 502.00),",(100's pack: ৳ 502.00)
11410,Anaflex,allopathic,anaflextablet500-mg,Tablet,Naproxen Sodium,500 mg,ACI Limited,"Unit Price: ৳ 9.03,(100's pack: ৳ 903.00),",(100's pack: ৳ 903.00)
11412,Anaflex,allopathic,anaflexgel10-ww,Gel,Naproxen Sodium,10% w/w,ACI Limited,"15 gm tube: ৳ 62.42,30 gm tube: ৳ 116.35",
10685,Anadol SR,allopathic,anadol-srcapsule-sustained-release100-mg,Capsule (Sustained Release),Tramadol Hydrochloride,100 mg,Square Pharmaceuticals Ltd.,"Unit Price: ৳ 12.09,(30's pack: ৳ 362.70),",(30's pack: ৳ 362.70)
10687,Anadol,allopathic,anadolsuppository100-mg,Suppository,Tramadol Hydrochloride,100 mg,Square Pharmaceuticals Ltd.,"Unit Price: ৳ 15.10,(20's pack: ৳ 302.00),",(20's pack: ৳ 302.00)
10686,Anadol,allopathic,anadolimiv-injection100-mg2-ml,IM/IV Injection,Tramadol Hydrochloride,100 mg/2 ml,Square Pharmaceuticals Ltd.,"2 ml ampoule: ৳ 20.14,(10's pack: ৳ 201.40),",(10's pack: ৳ 201.40)
10684,Anadol,allopathic,anadolcapsule50-mg,Capsule,Tramadol Hydrochloride,50 mg,Square Pharmaceuticals Ltd.,"Unit Price: ৳ 8.07,(40's pack: ৳ 322.80),",(40's pack: ৳ 322.80)
5779,Anacort,allopathic,anacortimiv-injection100-mg2-ml,IM/IV Injection,Hydrocortisone,100 mg/2 ml,Techno Drugs Ltd.,100 mg vial: ৳ 50.00,
28354,Anacare,allopathic,anacaretablet1-mg,Tablet,Anastrozole,1 mg,Drug International Ltd.,"Unit Price: ৳ 40.00,(28's pack: ৳ 1,120.00),","(28's pack: ৳ 1,120.00)"
20850,Anacaine HC,allopathic,anacaine-hccream5-mg30-mggm,Cream,Hydrocortisone + Lidocaine,(5 mg+30 mg)/gm,Incepta Pharmaceuticals Ltd.,30 gm tube: ৳ 100.00,
22721,Anabolin,allopathic,anabolinim-injection25-mgml,IM Injection,Nandrolone Phenylpropionate,25 mg/ml,Techno Drugs Ltd.,"1 ml ampoule: ৳ 60.00,(5's pack: ৳ 300.00),",(5's pack: ৳ 300.00)
8547,Amzith,allopathic,amzithtablet500-mg,Tablet,Azithromycin Dihydrate,500 mg,Amulet Pharmaceuticals Ltd.,"Unit Price: ৳ 35.11,(12's pack: ৳ 421.32),",(12's pack: ৳ 421.32)
8546,Amzith,allopathic,amzithcapsule250-mg,Capsule,Azithromycin Dihydrate,250 mg,Amulet Pharmaceuticals Ltd.,"Unit Price: ৳ 20.06,(6's pack: ৳ 120.36),",(6's pack: ৳ 120.36)
8548,Amzith,allopathic,amzithpowder-for-suspension200-mg5-ml,Powder for Suspension,Azithromycin Dihydrate,200 mg/5 ml,Amulet Pharmaceuticals Ltd.,30 ml bottle: ৳ 130.00,
5338,Amynil,allopathic,amyniltablet2-mg,Tablet,Glimepiride,2 mg,Globex Pharmaceuticals Ltd.,"Unit Price: ৳ 12.90,(30's pack: ৳ 387.00),",(30's pack: ৳ 387.00)
5337,Amynil,allopathic,amyniltablet1-mg,Tablet,Glimepiride,1 mg,Globex Pharmaceuticals Ltd.,"Unit Price: ৳ 6.90,(30's pack: ৳ 207.00),",(30's pack: ৳ 207.00)
17169,AMX DS,allopathic,amx-dspowder-for-suspension250-mg5-ml,Powder for Suspension,Amoxicillin Trihydrate,250 mg/5 ml,NIPRO JMI Pharma Ltd.,100 ml bottle: ৳ 78.00,
6465,AMX,allopathic,amxpowder-for-suspension125-mg5-ml,Powder for Suspension,Amoxicillin Trihydrate,125 mg/5 ml,NIPRO JMI Pharma Ltd.,100 ml bottle: ৳ 47.61,
6464,AMX,allopathic,amxcapsule500-mg,Capsule,Amoxicillin Trihydrate,500 mg,NIPRO JMI Pharma Ltd.,"Unit Price: ৳ 6.78,(50's pack: ৳ 339.00),",(50's pack: ৳ 339.00)
6463,AMX,allopathic,amxcapsule250-mg,Capsule,Amoxicillin Trihydrate,250 mg,NIPRO JMI Pharma Ltd.,"Unit Price: ৳ 3.61,(100's pack: ৳ 361.00),",(100's pack: ৳ 361.00)
1680,Amuran,allopathic,amurantablet150-mg,Tablet,Ranitidine Hydrochloride,150 mg,Amulet Pharmaceuticals Ltd.,"Unit Price: ৳ 2.00,(100's pack: ৳ 200.00),",(100's pack: ৳ 200.00)
18679,Amupime,allopathic,amupimeimiv-injection500-mgvial,IM/IV Injection,Cefepime Hydrochloride,500 mg/vial,Amulet Pharmaceuticals Ltd.,500 mg vial: ৳ 300.00,
6781,Adecef,allopathic,adecefcapsule500-mg,Capsule,Cephradine,500 mg,Supreme Pharmaceutical Ltd.,"Unit Price: ৳ 12.50,(24's pack: ৳ 300.00),",(24's pack: ৳ 300.00)
3268,Anclog Plus,allopathic,anclog-plustablet75-mg75-mg,Tablet,Clopidogrel + Aspirin,75 mg+75 mg,Square Pharmaceuticals Ltd.,"Unit Price: ৳ 12.03,(40's pack: ৳ 481.20),",(40's pack: ৳ 481.20)
3217,Anclog,allopathic,anclogtablet75-mg,Tablet,Clopidogrel Bisulphate,75 mg,Square Pharmaceuticals Ltd.,"Unit Price: ৳ 12.03,(40's pack: ৳ 481.20),",(40's pack: ৳ 481.20)
4625,Ancliz,allopathic,ancliztablet25-mg50-mg,Tablet,Meclizine + Pyridoxine,25 mg+50 mg,Monicopharma Ltd.,"Unit Price: ৳ 3.00,(50's pack: ৳ 150.00),",(50's pack: ৳ 150.00)
9137,Ancipro,allopathic,anciprotablet500-mg,Tablet,Ciprofloxacin,500 mg,UniMed UniHealth,"Unit Price: ৳ 14.00,(20's pack: ৳ 280.00),",(20's pack: ৳ 280.00)
9136,Ancipro,allopathic,anciprotablet250-mg,Tablet,Ciprofloxacin,250 mg,UniMed UniHealth,"Unit Price: ৳ 8.50,(20's pack: ৳ 170.00),",(20's pack: ৳ 170.00)
9138,Ancipro,allopathic,anciprotablet750-mg,Tablet,Ciprofloxacin,750 mg,UniMed UniHealth,"Unit Price: ৳ 18.00,(20's pack: ৳ 360.00),",(20's pack: ৳ 360.00)
6787,Ancef Forte,allopathic,ancef-fortepowder-for-suspension250-mg5-ml,Powder for Suspension,Cephradine,250 mg/5 ml,UniMed UniHealth,100 ml bottle: ৳ 120.00,
6786,Ancef,allopathic,ancefpowder-for-suspension125-mg5-ml,Powder for Suspension,Cephradine,125 mg/5 ml,UniMed UniHealth,100 ml bottle: ৳ 85.00,
6785,Ancef,allopathic,ancefcapsule500-mg,Capsule,Cephradine,500 mg,UniMed UniHealth,"Unit Price: ৳ 12.50,(20's pack: ৳ 250.00),",(20's pack: ৳ 250.00)
6788,Ancef,allopathic,ancefpediatric-drops125-mg125-ml,Pediatric Drops,Cephradine,125 mg/1.25 ml,UniMed UniHealth,15 ml bottle: ৳ 50.00,
6784,Ancef,allopathic,ancefcapsule250-mg,Capsule,Cephradine,250 mg,UniMed UniHealth,"Unit Price: ৳ 6.50,(20's pack: ৳ 130.00),",(20's pack: ৳ 130.00)
3306,Anaxyl,allopathic,anaxyltablet500-mg,Tablet,Tranexamic Acid,500 mg,ACI Limited,"Unit Price: ৳ 20.06,(20's pack: ৳ 401.20),",(20's pack: ৳ 401.20)
3307,Anaxyl,allopathic,anaxylimiv-injection500-mg5-ml,IM/IV Injection,Tranexamic Acid,500 mg/5 ml,ACI Limited,"5 ml ampoule: ৳ 50.34,(5's pack: ৳ 251.70),",(5's pack: ৳ 251.70)
17244,Anastrol,allopathic,anastroltablet1-mg,Tablet,Anastrozole,1 mg,Beacon Pharmaceuticals Ltd.,"Unit Price: ৳ 50.00,(30's pack: ৳ 1,500.00),","(30's pack: ৳ 1,500.00)"
1801,Anasec,allopathic,anaseciv-injection40-mgvial,IV Injection,Omeprazole,40 mg/vial,Novo Healthcare and Pharma Ltd.,40 mg vial: ৳ 70.21,
1800,Anasec,allopathic,anaseccapsule-delayed-release20-mg,Capsule (Delayed Release),Omeprazole,20 mg,Novo Healthcare and Pharma Ltd.,"Unit Price: ৳ 5.02,(60's pack: ৳ 300.90),",(60's pack: ৳ 300.90)
410,Anaroxyl,allopathic,anaroxylinjection5-mgml,Injection,Monosemicarbazone Adrenochrome,5 mg/ml,Nuvista Pharma Ltd.,"1 ml ampoule: ৳ 66.90,(5's pack: ৳ 334.50),",(5's pack: ৳ 334.50)
409,Anaroxyl,allopathic,anaroxyltablet25-mg,Tablet,Monosemicarbazone Adrenochrome,2.5 mg,Nuvista Pharma Ltd.,"Unit Price: ৳ 19.75,(30's pack: ৳ 592.50),",(30's pack: ৳ 592.50)
29240,Anaprox,allopathic,anaproxtablet-delayed-release500-mg20-mg,Tablet (Delayed Release),Naproxen Sodium + Esomeprazole Magnesium,500 mg+20 mg,Al-Madina Pharmaceuticals Ltd.,"Unit Price: ৳ 10.00,(30's pack: ৳ 300.00),",(30's pack: ৳ 300.00)
2600,Anapril,allopathic,anapriltablet5-mg,Tablet,Enalapril Maleate,5 mg,Eskayef Pharmaceuticals Ltd.,"Unit Price: ৳ 1.51,(100's pack: ৳ 151.00),",(100's pack: ৳ 151.00)
2601,Anapril,allopathic,anapriltablet10-mg,Tablet,Enalapril Maleate,10 mg,Eskayef Pharmaceuticals Ltd.,"Unit Price: ৳ 2.70,(100's pack: ৳ 270.00),",(100's pack: ৳ 270.00)
10636,Anapol Plus,allopathic,anapol-plustablet500-mg65-mg,Tablet,Paracetamol + Caffeine,500 mg+65 mg,Pharmik Laboratories Ltd.,Unit Price: ৳ 2.00,
23508,Anapol,allopathic,anapoloral-suspension120-mg5-ml,Oral Suspension,Paracetamol,120 mg/5 ml,Pharmik Laboratories Ltd.,60 ml bottle: ৳ 19.00,
10070,Anamet,allopathic,anametoral-suspension200-mg5-ml,Oral Suspension,Metronidazole,200 mg/5 ml,Navana Pharmaceuticals Ltd.,60 ml bottle: ৳ 30.00,
10069,Anamet,allopathic,anamettablet400-mg,Tablet,Metronidazole,400 mg,Navana Pharmaceuticals Ltd.,"Unit Price: ৳ 1.27,(100's pack: ৳ 126.70),",(100's pack: ৳ 126.70)
10400,Analpain,allopathic,analpainoral-suspension120-mg5-ml,Oral Suspension,Paracetamol,120 mg/5 ml,Pharmadesh Laboratories Ltd.,60 ml bottle: ৳ 20.63,
10399,Analpain,allopathic,analpaintablet500-mg,Tablet,Paracetamol,500 mg,Pharmadesh Laboratories Ltd.,"Unit Price: ৳ 1.25,(300's pack: ৳ 375.00),",(300's pack: ৳ 375.00)
10401,Analpain,allopathic,analpainpediatric-drops80-mgml,Pediatric Drops,Paracetamol,80 mg/ml,Pharmadesh Laboratories Ltd.,15 ml bottle: ৳ 12.25,
12190,Analor,allopathic,analortablet10-mg,Tablet,Loratadine,10 mg,Techno Drugs Ltd.,"Unit Price: ৳ 2.99,(50's pack: ৳ 149.30),",(50's pack: ৳ 149.30)
29,Analgen,allopathic,analgentablet100-mg,Tablet,Aceclofenac,100 mg,Cosmo Pharma Ltd.,"Unit Price: ৳ 3.00,(50's pack: ৳ 150.00),",(50's pack: ৳ 150.00)
240,Adecard,allopathic,adecardiv-injection6-mg2-ml,IV Injection,Adenosine,6 mg/2 ml,Popular Pharmaceuticals Ltd.,"2 ml ampoule: ৳ 150.00,(5's pack: ৳ 750.00),",(5's pack: ৳ 750.00)
9819,Anfasil,allopathic,anfasiltablet50-mg,Tablet,Fluconazole,50 mg,Silva Pharmaceuticals Ltd.,"Unit Price: ৳ 7.00,(30's pack: ৳ 210.00),",(30's pack: ৳ 210.00)
9820,Anfasil,allopathic,anfasiltablet150-mg,Tablet,Fluconazole,150 mg,Silva Pharmaceuticals Ltd.,"Unit Price: ৳ 20.00,(12's pack: ৳ 240.00),",(12's pack: ৳ 240.00)
30608,Anetol,allopathic,anetoltablet50-mg,Tablet,Atenolol,50 mg,Ambee Pharmaceuticals Ltd.,"Unit Price: ৳ 0.80,(100's pack: ৳ 80.00),",(100's pack: ৳ 80.00)
1505,Anet,allopathic,anettablet10-mg,Tablet,Domperidone Maleate,10 mg,Kemiko Pharmaceuticals Ltd.,"Unit Price: ৳ 2.00,(100's pack: ৳ 200.00),",(100's pack: ৳ 200.00)
1506,Anet,allopathic,anetoral-suspension5-mg5-ml,Oral Suspension,Domperidone Maleate,5 mg/5 ml,Kemiko Pharmaceuticals Ltd.,60 ml bottle: ৳ 35.00,
30500,Anestho,allopathic,anesthoiv-injection500-mgvial,IV Injection,Thiopental Sodium,500 mg/vial,Incepta Pharmaceuticals Ltd.,500 mg vial: ৳ 69.59,
30501,Anestho,allopathic,anesthoiv-injection1-gmvial,IV Injection,Thiopental Sodium,1 gm/vial,Incepta Pharmaceuticals Ltd.,1 gm vial: ৳ 100.00,
15525,Anespine,allopathic,anespineintraspinal-injection058,Intraspinal Injection,Bupivacaine Hydrochloride + Dextrose,0.5%+8%,Square Pharmaceuticals Ltd.,"4 ml ampoule: ৳ 30.20,(10's pack: ৳ 302.00),",(10's pack: ৳ 302.00)
17107,Anema,allopathic,anemarectal-saline7-gm19-gm118-ml,Rectal Saline,Diabasic Sodium Phosphate + Monobasic Sodium Phosphate,(7 gm+19 gm)/118 ml,Square Pharmaceuticals Ltd.,133 ml container: ৳ 250.00,
29463,Anefer,allopathic,aneferiv-injection-or-infusion200-mg10-ml,IV Injection or Infusion,Iron Sucrose Injection [Elemental Iron],200 mg/10 ml,Opsonin Pharma Ltd.,10 ml ampoule: ৳ 600.00,
13133,Anefer,allopathic,aneferiv-injection-or-infusion100-mg5-ml,IV Injection or Infusion,Iron Sucrose Injection [Elemental Iron],100 mg/5 ml,Opsonin Pharma Ltd.,5 ml ampoule: ৳ 327.26,
5942,Androcap,allopathic,androcapcapsule40-mg,Capsule,Testosterone Undecanoate,40 mg,Renata Limited,"Unit Price: ৳ 20.00,(30's pack: ৳ 600.00),",(30's pack: ৳ 600.00)
28954,Andriol TestoCaps,allopathic,andriol-testocapscapsule40-mg,Capsule,Testosterone Undecanoate,40 mg,Organon,"Unit Price: ৳ 40.77,(30's pack: ৳ 1,223.10),","(30's pack: ৳ 1,223.10)"
19366,Andepram,allopathic,andepramtablet10-mg,Tablet,Escitalopram Oxalate,10 mg,Radiant Pharmaceuticals Ltd.,"Unit Price: ৳ 12.00,(28's pack: ৳ 336.00),",(28's pack: ৳ 336.00)
30872,Andepram,allopathic,andepramtablet5-mg,Tablet,Escitalopram Oxalate,5 mg,Radiant Pharmaceuticals Ltd.,"Unit Price: ৳ 7.00,(42's pack: ৳ 294.00),",(42's pack: ৳ 294.00)
4522,Andep,allopathic,andeptablet50-mg,Tablet,Sertraline Hydrochloride,50 mg,Healthcare Pharmaceuticals Ltd.,"Unit Price: ৳ 5.50,(50's pack: ৳ 275.00),",(50's pack: ৳ 275.00)
24433,Andep,allopathic,andeptablet100-mg,Tablet,Sertraline Hydrochloride,100 mg,Healthcare Pharmaceuticals Ltd.,"Unit Price: ৳ 10.00,(30's pack: ৳ 300.00),",(30's pack: ৳ 300.00)
24432,Andep,allopathic,andeptablet25-mg,Tablet,Sertraline Hydrochloride,25 mg,Healthcare Pharmaceuticals Ltd.,"Unit Price: ৳ 3.00,(50's pack: ৳ 150.00),",(50's pack: ৳ 150.00)
4240,Ancotil,allopathic,ancotiltablet3-mg,Tablet,Bromazepam,3 mg,Rangs Pharmaceuticals Ltd.,"Unit Price: ৳ 4.02,(50's pack: ৳ 201.00),",(50's pack: ৳ 201.00)
2908,Ancor Plus,allopathic,ancor-plustablet5-mg625-mg,Tablet,Bisoprolol Fumarate + Hydrochlorothiazide,5 mg+6.25 mg,Aristopharma Ltd.,"Unit Price: ৳ 10.00,(30's pack: ৳ 300.00),",(30's pack: ৳ 300.00)
27561,Ancor A,allopathic,ancor-atablet25-mg5-mg,Tablet,Bisoprolol Fumarate + Amlodipine Besilate,2.5 mg+5 mg,Aristopharma Ltd.,"Unit Price: ৳ 6.00,(30's pack: ৳ 180.00),",(30's pack: ৳ 180.00)
2907,Ancor Plus,allopathic,ancor-plustablet25-mg625-mg,Tablet,Bisoprolol Fumarate + Hydrochlorothiazide,2.5 mg+6.25 mg,Aristopharma Ltd.,"Unit Price: ৳ 6.00,(30's pack: ৳ 180.00),",(30's pack: ৳ 180.00)
2472,Ancor,allopathic,ancortablet25-mg,Tablet,Bisoprolol Hemifumarate,2.5 mg,Aristopharma Ltd.,"Unit Price: ৳ 6.00,(30's pack: ৳ 180.00),",(30's pack: ৳ 180.00)
2473,Ancor,allopathic,ancortablet5-mg,Tablet,Bisoprolol Hemifumarate,5 mg,Aristopharma Ltd.,"Unit Price: ৳ 10.00,(30's pack: ৳ 300.00),",(30's pack: ৳ 300.00)
2474,Ancor,allopathic,ancortablet10-mg,Tablet,Bisoprolol Hemifumarate,10 mg,Aristopharma Ltd.,"Unit Price: ৳ 16.00,(10's pack: ৳ 160.00),",(10's pack: ৳ 160.00)
1340,Ancopan,allopathic,ancopantablet10-mg,Tablet,Hyoscine Butylbromide,10 mg,Bristol Pharmaceuticals Ltd.,"Unit Price: ৳ 1.80,(100's pack: ৳ 180.00),",(100's pack: ৳ 180.00)
1341,Ancopan,allopathic,ancopantablet20-mg,Tablet,Hyoscine Butylbromide,20 mg,Bristol Pharmaceuticals Ltd.,"Unit Price: ৳ 3.50,(50's pack: ৳ 175.00),",(50's pack: ৳ 175.00)
6217,Ancoc,allopathic,ancocpowder-for-suspension125-mg5-ml,Powder for Suspension,Flucloxacillin Sodium,125 mg/5 ml,Marker Pharma Ltd.,100 ml bottle: ৳ 60.00,
6216,Ancoc,allopathic,ancoccapsule500-mg,Capsule,Flucloxacillin Sodium,500 mg,Marker Pharma Ltd.,"Unit Price: ৳ 10.00,(20's pack: ৳ 200.00),",(20's pack: ৳ 200.00)
6215,Ancoc,allopathic,ancoccapsule250-mg,Capsule,Flucloxacillin Sodium,250 mg,Marker Pharma Ltd.,"Unit Price: ৳ 5.50,(30's pack: ৳ 165.00),",(30's pack: ৳ 165.00)
30540,Adebrox,allopathic,adebroxsyrup15-mg5-ml,Syrup,Ambroxol Hydrochloride,15 mg/5 ml,Supreme Pharmaceutical Ltd.,100 ml bottle: ৳ 40.00,
25138,Angivas MR,allopathic,angivas-mrtablet-modified-release35-mg,Tablet (Modified Release),Trimetazidine Dihydrochloride,35 mg,Popular Pharmaceuticals Ltd.,"Unit Price: ৳ 5.00,(30's pack: ৳ 150.00),",(30's pack: ৳ 150.00)
25135,Angitrim MR,allopathic,angitrim-mrtablet-modified-release35-mg,Tablet (Modified Release),Trimetazidine Dihydrochloride,35 mg,Globe Pharmaceuticals Ltd.,"Unit Price: ৳ 6.00,(30's pack: ৳ 180.00),",(30's pack: ৳ 180.00)
2595,Angiten,allopathic,angitentablet25-mg,Tablet,Captopril,25 mg,Ibn Sina Pharmaceuticals Ltd.,"Unit Price: ৳ 3.25,(100's pack: ৳ 325.00),",(100's pack: ৳ 325.00)
21878,Angitan Plus,allopathic,angitan-plustablet50-mg125-mg,Tablet,Losartan Potassium + Hydrochlorothiazide,50 mg+12.5 mg,Chemist Laboratories  Ltd.,"Unit Price: ৳ 8.00,(30's pack: ৳ 240.00),",(30's pack: ৳ 240.00)
21829,Angitan,allopathic,angitantablet50-mg,Tablet,Losartan Potassium,50 mg,Chemist Laboratories  Ltd.,"Unit Price: ৳ 7.00,(30's pack: ৳ 210.00),",(30's pack: ৳ 210.00)
3011,Angist SR,allopathic,angist-srtablet-sustained-release26-mg,Tablet (Sustained Release),Nitroglycerin (Oral preparation),2.6 mg,ACME Laboratories Ltd.,"Unit Price: ৳ 4.03,(30's pack: ৳ 120.90),",(30's pack: ৳ 120.90)
3132,Angirid MR,allopathic,angirid-mrtablet-modified-release35-mg,Tablet (Modified Release),Trimetazidine Dihydrochloride,35 mg,ACME Laboratories Ltd.,"Unit Price: ৳ 5.80,(60's pack: ৳ 348.00),",(60's pack: ৳ 348.00)
29165,Angipro,allopathic,angiprotablet50-mg,Tablet,Metoprolol Tartrate,50 mg,The White Horse Pharma,"Unit Price: ৳ 1.30,(50's pack: ৳ 65.00),",(50's pack: ৳ 65.00)
25133,Anginox MR,allopathic,anginox-mrtablet-modified-release35-mg,Tablet (Modified Release),Trimetazidine Dihydrochloride,35 mg,General Pharmaceuticals Ltd.,"Unit Price: ৳ 6.00,(60's pack: ৳ 360.00),",(60's pack: ৳ 360.00)
3355,Angin,allopathic,angintablet-enteric-coated75-mg,Tablet (Enteric Coated),Aspirin,75 mg,Pharmadesh Laboratories Ltd.,"Unit Price: ৳ 0.50,(100's pack: ৳ 50.00),",(100's pack: ৳ 50.00)
3116,Angimil SR,allopathic,angimil-srtablet240-mg,Tablet,Verapamil Hydrochloride,240 mg,Medimet Pharmaceuticals Ltd.,"Unit Price: ৳ 7.00,(15's pack: ৳ 105.00),",(15's pack: ৳ 105.00)
3115,Angimil,allopathic,angimiltablet80-mg,Tablet,Verapamil Hydrochloride,80 mg,Medimet Pharmaceuticals Ltd.,"Unit Price: ৳ 4.25,(100's pack: ৳ 425.00),",(100's pack: ৳ 425.00)
3114,Angimil,allopathic,angimiltablet40-mg,Tablet,Verapamil Hydrochloride,40 mg,Medimet Pharmaceuticals Ltd.,"Unit Price: ৳ 2.25,(100's pack: ৳ 225.00),",(100's pack: ৳ 225.00)
3130,Angimet MR,allopathic,angimet-mrtablet-modified-release35-mg,Tablet (Modified Release),Trimetazidine Dihydrochloride,35 mg,Orion Pharma Ltd.,"Unit Price: ৳ 6.00,(30's pack: ৳ 180.00),",(30's pack: ৳ 180.00)
3129,Angimet,allopathic,angimettablet20-mg,Tablet,Trimetazidine Dihydrochloride,20 mg,Orion Pharma Ltd.,"Unit Price: ৳ 3.01,(50's pack: ৳ 150.50),",(50's pack: ৳ 150.50)
2934,Angilock Plus,allopathic,angilock-plustablet50-mg125-mg,Tablet,Losartan Potassium + Hydrochlorothiazide,50 mg+12.5 mg,Square Pharmaceuticals Ltd.,"Unit Price: ৳ 8.03,(50's pack: ৳ 401.50),",(50's pack: ৳ 401.50)
2935,Angilock Plus,allopathic,angilock-plustablet100-mg125-mg,Tablet,Losartan Potassium + Hydrochlorothiazide,100 mg+12.5 mg,Square Pharmaceuticals Ltd.,"Unit Price: ৳ 12.00,(30's pack: ৳ 360.00),",(30's pack: ৳ 360.00)
2936,Angilock Plus,allopathic,angilock-plustablet100-mg25-mg,Tablet,Losartan Potassium + Hydrochlorothiazide,100 mg+25 mg,Square Pharmaceuticals Ltd.,"Unit Price: ৳ 12.03,(30's pack: ৳ 360.90),",(30's pack: ৳ 360.90)
2699,Angilock,allopathic,angilocktablet100-mg,Tablet,Losartan Potassium,100 mg,Square Pharmaceuticals Ltd.,"Unit Price: ৳ 12.03,(30's pack: ৳ 360.90),",(30's pack: ৳ 360.90)
2698,Angilock,allopathic,angilocktablet50-mg,Tablet,Losartan Potassium,50 mg,Square Pharmaceuticals Ltd.,"Unit Price: ৳ 8.03,(50's pack: ৳ 401.50),",(50's pack: ৳ 401.50)
2697,Angilock,allopathic,angilocktablet25-mg,Tablet,Losartan Potassium,25 mg,Square Pharmaceuticals Ltd.,"Unit Price: ৳ 4.51,(50's pack: ৳ 225.50),",(50's pack: ৳ 225.50)
30125,Angifix,allopathic,angifixtablet20-mg,Tablet,Isosorbide Mononitrate,20 mg,Incepta Pharmaceuticals Ltd.,"Unit Price: ৳ 1.42,(50's pack: ৳ 71.00),",(50's pack: ৳ 71.00)
3010,Angicard,allopathic,angicardsublingual-tablet05-mg,Sublingual Tablet,Nitroglycerin (Sublingual Tablet),0.5 mg,Drug International Ltd.,"Unit Price: ৳ 3.00,(42's pack: ৳ 126.00),,Unit Price: ৳ 3.00,(100's pack: ৳ 300.00),","(42's pack: ৳ 126.00),(100's pack: ৳ 300.00)"
806,Angical,allopathic,angicaltablet5-mg50-mg,Tablet,Amlodipine Besilate + Atenolol,5 mg+50 mg,Apex Pharmaceuticals Ltd.,"Unit Price: ৳ 6.00,(30's pack: ৳ 180.00),",(30's pack: ৳ 180.00)
15303,Angesic,allopathic,angesictablet10-mg,Tablet,Ketorolac Tromethamine,10 mg,The White Horse Pharma,"Unit Price: ৳ 10.00,(30's pack: ৳ 300.00),",(30's pack: ৳ 300.00)
4324,Angenta,allopathic,angentatablet05-mg10-mg,Tablet,Flupentixol + Melitracen,0.5 mg+10 mg,Healthcare Pharmaceuticals Ltd.,"Unit Price: ৳ 5.00,(100's pack: ৳ 500.00),",(100's pack: ৳ 500.00)
29289,Angela,allopathic,angelatablet1-mg05-mg,Tablet,Ethinyl Estradiol + Drospirenone (HRT),1 mg+0.5 mg,Renata Limited,"Unit Price: ৳ 24.00,(28's pack: ৳ 672.00),",(28's pack: ৳ 672.00)
4323,Anfree,allopathic,anfreetablet05-mg10-mg,Tablet,Flupentixol + Melitracen,0.5 mg+10 mg,Aristopharma Ltd.,"Unit Price: ৳ 5.00,(100's pack: ৳ 500.00),",(100's pack: ৳ 500.00)
11118,Anfenac,allopathic,anfenacophthalmic-solution01,Ophthalmic Solution,Diclofenac Sodium (Ophthalmic),0.10%,Nipa Pharmaceuticals Ltd.,5 ml drop: ৳ 80.00,
9821,Anfasil,allopathic,anfasilpowder-for-suspension50-mg5-ml,Powder for Suspension,Fluconazole,50 mg/5 ml,Silva Pharmaceuticals Ltd.,35 ml bottle: ৳ 75.28,
27317,Adcovit,allopathic,adcovitsyrup,Syrup,Vitamin B complex,,Team Pharmaceuticals Ltd.,200 ml bottle: ৳ 62.19,
10044,Anpar,allopathic,anparcream1,Cream,Terbinafine Hydrochloride,1%,Doctor’s Chemical Works Ltd.,5 gm tube: ৳ 35.00,
14055,Anoxiv,allopathic,anoxivtablet6-mg200-mg50-mg,Tablet,Betacarotene + Vitamin C + Vitamin E,6 mg+200 mg+50 mg,UniMed UniHealth,"Unit Price: ৳ 2.52,(30's pack: ৳ 75.63),",(30's pack: ৳ 75.63)
30488,Anoxa,allopathic,anoxatablet10-mg,Tablet,Oxazepam,10 mg,Square Pharmaceuticals Ltd.,"Unit Price: ৳ 3.52,(30's pack: ৳ 105.60),",(30's pack: ৳ 105.60)
4325,Anotic,allopathic,anotictablet05-mg10-mg,Tablet,Flupentixol + Melitracen,0.5 mg+10 mg,Doctor’s Chemical Works Ltd.,"Unit Price: ৳ 3.50,(50's pack: ৳ 175.00),",(50's pack: ৳ 175.00)
29813,Anosil,allopathic,anosilointment,Ointment,Hydrocortisone Acetate + Benzyl Benzoate + Bismuth Subgallate + Bismuth Oxide + Balsam Peru + Zinc Oxide,,Ziska Pharmaceuticals Ltd.,30 gm tube: ৳ 200.00,
4626,Anosea Plus,allopathic,anosea-plustablet25-mg50-mg,Tablet,Meclizine + Pyridoxine,25 mg+50 mg,Ibn Sina Pharmaceuticals Ltd.,"Unit Price: ৳ 3.00,(50's pack: ৳ 150.00),",(50's pack: ৳ 150.00)
2425,Anorel,allopathic,anorelointment,Ointment,Cinchocaine + Hydrocortisone + Neomycin + Esculin,,Popular Pharmaceuticals Ltd.,15 gm tube: ৳ 80.30,
30609,Anolol,allopathic,anololtablet50-mg,Tablet,Atenolol,50 mg,Euro Pharma Ltd.,"Unit Price: ৳ 0.80,(100's pack: ৳ 80.00),",(100's pack: ৳ 80.00)
30610,Anolol,allopathic,anololtablet100-mg,Tablet,Atenolol,100 mg,Euro Pharma Ltd.,"Unit Price: ৳ 1.38,(100's pack: ৳ 138.00),",(100's pack: ৳ 138.00)
17973,Anol,allopathic,anoltablet50-mg,Tablet,Atenolol,50 mg,Modern Pharmaceuticals Ltd.,"Unit Price: ৳ 0.77,(100's pack: ৳ 77.00),",(100's pack: ৳ 77.00)
2469,Anol,allopathic,anoltablet50-mg,Tablet,Atenolol,50 mg,Medicon Pharmaceuticals Ltd.,"Unit Price: ৳ 0.74,(100's pack: ৳ 73.86),",(100's pack: ৳ 73.86)
13134,Anofer,allopathic,anoferiv-injection-or-infusion100-mg5-ml,IV Injection or Infusion,Iron Sucrose Injection [Elemental Iron],100 mg/5 ml,Monicopharma Ltd.,5 ml ampoule: ৳ 300.00,
10941,Anodyne SR,allopathic,anodyne-srcapsule-sustained-release100-mg,Capsule (Sustained Release),Diclofenac Sodium,100 mg,Ibn Sina Pharmaceuticals Ltd.,"Unit Price: ৳ 4.00,(50's pack: ৳ 200.00),",(50's pack: ৳ 200.00)
10943,Anodyne Plus,allopathic,anodyne-plusim-injection75-mg20-mg2-ml,IM Injection,Diclofenac Sodium + Lidocaine Hydrochloride,(75 mg+20 mg)/2 ml,Ibn Sina Pharmaceuticals Ltd.,"2 ml ampoule: ৳ 12.00,(10's pack: ৳ 120.00),",(10's pack: ৳ 120.00)
11119,Anodyne,allopathic,anodyneophthalmic-solution01,Ophthalmic Solution,Diclofenac Sodium (Ophthalmic),0.10%,Ibn Sina Pharmaceuticals Ltd.,5 ml drop: ৳ 80.00,
10940,Anodyne,allopathic,anodynetablet50-mg,Tablet,Diclofenac Sodium,50 mg,Ibn Sina Pharmaceuticals Ltd.,"Unit Price: ৳ 1.00,(100's pack: ৳ 100.00),",(100's pack: ৳ 100.00)
10942,Anodyne,allopathic,anodynegel1-ww,Gel,Diclofenac Sodium,1% w/w,Ibn Sina Pharmaceuticals Ltd.,10 gm tube: ৳ 13.00,
8857,Anobac,allopathic,anobaccapsule300-mg,Capsule,Clindamycin,300 mg,Globe Pharmaceuticals Ltd.,"Unit Price: ৳ 15.00,(30's pack: ৳ 450.00),",(30's pack: ৳ 450.00)
19521,Anlet Plus,allopathic,anlet-plustablet75-mg75-mg,Tablet,Clopidogrel + Aspirin,75 mg+75 mg,Globe Pharmaceuticals Ltd.,"Unit Price: ৳ 12.00,(30's pack: ৳ 360.00),",(30's pack: ৳ 360.00)
3218,Anlet,allopathic,anlettablet75-mg,Tablet,Clopidogrel Bisulphate,75 mg,Globe Pharmaceuticals Ltd.,"Unit Price: ৳ 11.00,(30's pack: ৳ 330.00),",(30's pack: ৳ 330.00)
4797,Anleptic CR,allopathic,anleptic-crtablet-controlled-release200-mg,Tablet (Controlled Release),Carbamazepine,200 mg,Square Pharmaceuticals Ltd.,"Unit Price: ৳ 6.02,(50's pack: ৳ 301.00),",(50's pack: ৳ 301.00)
4798,Anleptic,allopathic,anlepticoral-suspension100-mg5-ml,Oral Suspension,Carbamazepine,100 mg/5 ml,Square Pharmaceuticals Ltd.,100 ml bottle: ৳ 300.90,
24195,Anitid,allopathic,anitidtablet150-mg,Tablet,Ranitidine Hydrochloride,150 mg,Team Pharmaceuticals Ltd.,"Unit Price: ৳ 2.50,(100's pack: ৳ 250.00),",(100's pack: ৳ 250.00)
27319,Anitid,allopathic,anitidsyrup75-mg5-ml,Syrup,Ranitidine Hydrochloride,75 mg/5 ml,Team Pharmaceuticals Ltd.,100 ml bottle: ৳ 50.00,
2937,Anin Plus,allopathic,anin-plustablet50-mg125-mg,Tablet,Losartan Potassium + Hydrochlorothiazide,50 mg+12.5 mg,Delta Pharma Ltd.,"Unit Price: ৳ 6.00,(20's pack: ৳ 120.00),,Unit Price: ৳ 6.00,(30's pack: ৳ 180.00),","(20's pack: ৳ 120.00),(30's pack: ৳ 180.00)"
2700,Anin,allopathic,anintablet50-mg,Tablet,Losartan Potassium,50 mg,Delta Pharma Ltd.,"Unit Price: ৳ 5.00,(30's pack: ৳ 150.00),",(30's pack: ৳ 150.00)
13336,Animet,allopathic,animetcapsule-timed-release50-mg050-mg6180-mg,Capsule (Timed Release),Carbonyl Iron + Folic Acid + Zinc Sulfate,50 mg+0.50 mg+61.80 mg,Asiatic Laboratories Ltd.,"Unit Price: ৳ 3.00,(30's pack: ৳ 90.00),",(30's pack: ৳ 90.00)
25013,Anilic,allopathic,anilictablet200-mg,Tablet,Tolfenamic acid,200 mg,Drug International Ltd.,"Unit Price: ৳ 9.00,(30's pack: ৳ 270.00),",(30's pack: ৳ 270.00)
30465,Anib,allopathic,anibtablet40-mg,Tablet,Afatinib Dimaleate,40 mg,Drug International Ltd.,"Unit Price: ৳ 750.00,(30's pack: ৳ 22,500.00),","(30's pack: ৳ 22,500.00)"
3133,Angivent MR,allopathic,angivent-mrtablet-modified-release35-mg,Tablet (Modified Release),Trimetazidine Dihydrochloride,35 mg,Square Pharmaceuticals Ltd.,"Unit Price: ৳ 8.00,(30's pack: ৳ 240.00),",(30's pack: ৳ 240.00)
14401,Adcal D,allopathic,adcal-dtablet500-mg200-iu,Tablet,Calcium Carbonate [Elemental source] + Vitamin D3,500 mg+200 IU,Amulet Pharmaceuticals Ltd.,"Unit Price: ৳ 5.02,(15's pack: ৳ 75.30),,Unit Price: ৳ 5.02,(30's pack: ৳ 150.60),","(15's pack: ৳ 75.30),(30's pack: ৳ 150.60)"
16324,Adarbi,allopathic,adarbitablet80-mg,Tablet,Azilsartan Medoxomil,80 mg,NIPRO JMI Pharma Ltd.,"Unit Price: ৳ 22.00,(20's pack: ৳ 440.00),",(20's pack: ৳ 440.00)
494,Antacid Max,allopathic,antacid-maxchewable-tablet400-mg400-mg30-mg,Chewable Tablet,Aluminium Hydroxide + Magnesium Hydroxide + Simethicone,400 mg+400 mg+30 mg,Beximco Pharmaceuticals Ltd.,"Unit Price: ৳ 2.00,(200's pack: ৳ 400.00),",(200's pack: ৳ 400.00)
17511,Antacid,allopathic,antacidchewable-tablet250-mg400-mg,Chewable Tablet,Aluminium Hydroxide + Magnesium Hydroxide,250 mg+400 mg,Astra Biopharmaceuticals Ltd.,"Unit Price: ৳ 0.53,(200's pack: ৳ 106.00),",(200's pack: ৳ 106.00)
1682,Antac,allopathic,antacsyrup75-mg5-ml,Syrup,Ranitidine Hydrochloride,75 mg/5 ml,Ambee Pharmaceuticals Ltd.,100 ml bottle: ৳ 40.13,
1681,Antac,allopathic,antactablet150-mg,Tablet,Ranitidine Hydrochloride,150 mg,Ambee Pharmaceuticals Ltd.,"Unit Price: ৳ 1.81,(100's pack: ৳ 180.60),",(100's pack: ৳ 180.60)
1683,Antac,allopathic,antacimiv-injection50-mg2-ml,IM/IV Injection,Ranitidine Hydrochloride,50 mg/2 ml,Ambee Pharmaceuticals Ltd.,"2 ml ampoule: ৳ 5.32,(10's pack: ৳ 53.18),",(10's pack: ৳ 53.18)
16760,Ansulin R,allopathic,ansulin-rsc-injection100-iuml,SC Injection,Insulin Human [Fast-Acting],100 IU/ml,Square Pharmaceuticals Ltd.,3 ml cartridge: ৳ 220.00,
16758,Ansulin R,allopathic,ansulin-rsc-injection40-iuml,SC Injection,Insulin Human [Fast-Acting],40 IU/ml,Square Pharmaceuticals Ltd.,10 ml vial: ৳ 195.00,
16759,Ansulin R,allopathic,ansulin-rsc-injection100-iuml,SC Injection,Insulin Human [Fast-Acting],100 IU/ml,Square Pharmaceuticals Ltd.,10 ml vial: ৳ 415.00,
16786,Ansulin N,allopathic,ansulin-nsc-injection100-iuml,SC Injection,Insulin Human [Long-Acting],100 IU/ml,Square Pharmaceuticals Ltd.,10 ml vial: ৳ 415.00,
16805,Ansulin,allopathic,ansulinsc-injection5050-in-100-iuml,SC Injection,Insulin Human [rDNA] + Isophane Insulin Human,50%+50% in 100 IU/ml,Square Pharmaceuticals Ltd.,10 ml vial: ৳ 415.00,
16803,Ansulin,allopathic,ansulinsc-injection3070-in-100-iuml,SC Injection,Insulin Human [rDNA] + Isophane Insulin Human,30%+70% in 100 IU/ml,Square Pharmaceuticals Ltd.,10 ml vial: ৳ 415.00,
16806,Ansulin,allopathic,ansulinsc-injection5050-in-100-iuml,SC Injection,Insulin Human [rDNA] + Isophane Insulin Human,50%+50% in 100 IU/ml,Square Pharmaceuticals Ltd.,3 ml cartridge: ৳ 222.00,
16802,Ansulin,allopathic,ansulinsc-injection3070-in-40-iuml,SC Injection,Insulin Human [rDNA] + Isophane Insulin Human,30%+70% in 40 IU/ml,Square Pharmaceuticals Ltd.,10 ml vial: ৳ 195.00,
16804,Ansulin,allopathic,ansulinsc-injection3070-in-100-iuml,SC Injection,Insulin Human [rDNA] + Isophane Insulin Human,30%+70% in 100 IU/ml,Square Pharmaceuticals Ltd.,3 ml cartridge: ৳ 222.00,
4718,Anset,allopathic,ansetimiv-injection8-mg4-ml,IM/IV Injection,Ondansetron,8 mg/4 ml,Opsonin Pharma Ltd.,"4 ml ampoule: ৳ 32.00,(5's pack: ৳ 160.00),",(5's pack: ৳ 160.00)
4719,Anset,allopathic,ansetsuppository16-mg,Suppository,Ondansetron,16 mg,Opsonin Pharma Ltd.,"Unit Price: ৳ 15.00,(10's pack: ৳ 150.00),",(10's pack: ৳ 150.00)
4715,Anset,allopathic,ansettablet4-mg,Tablet,Ondansetron,4 mg,Opsonin Pharma Ltd.,"Unit Price: ৳ 4.54,(30's pack: ৳ 136.20),",(30's pack: ৳ 136.20)
4716,Anset,allopathic,ansettablet8-mg,Tablet,Ondansetron,8 mg,Opsonin Pharma Ltd.,"Unit Price: ৳ 11.00,(30's pack: ৳ 330.00),",(30's pack: ৳ 330.00)
4717,Anset,allopathic,ansetoral-solution4-mg5-ml,Oral Solution,Ondansetron,4 mg/5 ml,Opsonin Pharma Ltd.,50 ml bottle: ৳ 45.00,
3013,Anril SR,allopathic,anril-srtablet-sustained-release26-mg,Tablet (Sustained Release),Nitroglycerin (Oral preparation),2.6 mg,Square Pharmaceuticals Ltd.,"Unit Price: ৳ 5.00,(50's pack: ৳ 250.00),",(50's pack: ৳ 250.00)
3015,Anril,allopathic,anriliv-infusion50-mg10-ml,IV Infusion,Nitroglycerin (IV Infusion),50 mg/10 ml,Square Pharmaceuticals Ltd.,"10 ml ampoule: ৳ 75.50,(4's pack: ৳ 302.00),",(4's pack: ৳ 302.00)
3014,Anril,allopathic,anriltopical-spray400-mcgspray,Topical Spray,Nitroglycerin (Sublingual Spray),400 mcg/spray,Square Pharmaceuticals Ltd.,200 metered spray: ৳ 216.45,
2938,Anreb Plus,allopathic,anreb-plustablet50-mg125-mg,Tablet,Losartan Potassium + Hydrochlorothiazide,50 mg+12.5 mg,General Pharmaceuticals Ltd.,"Unit Price: ৳ 8.00,(30's pack: ৳ 240.00),",(30's pack: ৳ 240.00)
2939,Anreb Plus,allopathic,anreb-plustablet100-mg125-mg,Tablet,Losartan Potassium + Hydrochlorothiazide,100 mg+12.5 mg,General Pharmaceuticals Ltd.,"Unit Price: ৳ 12.00,(20's pack: ৳ 240.00),",(20's pack: ৳ 240.00)
2702,Anreb,allopathic,anrebtablet50-mg,Tablet,Losartan Potassium,50 mg,General Pharmaceuticals Ltd.,"Unit Price: ৳ 8.03,(30's pack: ৳ 240.92),",(30's pack: ৳ 240.92)
2701,Anreb,allopathic,anrebtablet25-mg,Tablet,Losartan Potassium,25 mg,General Pharmaceuticals Ltd.,"Unit Price: ৳ 4.51,(50's pack: ৳ 225.45),",(50's pack: ৳ 225.45)
4169,Anquil,allopathic,anquiltablet75-mg,Tablet,Midazolam,7.5 mg,General Pharmaceuticals Ltd.,"Unit Price: ৳ 8.04,(30's pack: ৳ 241.32),",(30's pack: ৳ 241.32)
22496,Anquil,allopathic,anquilimiv-injection15-mg3-ml,IM/IV Injection,Midazolam,15 mg/3 ml,General Pharmaceuticals Ltd.,3 ml ampoule: ৳ 75.00,
4170,Anquil,allopathic,anquiltablet15-mg,Tablet,Midazolam,15 mg,General Pharmaceuticals Ltd.,"Unit Price: ৳ 15.10,(10's pack: ৳ 151.00),",(10's pack: ৳ 151.00)
27974,Anplat,allopathic,anplattablet75-mg,Tablet,Clopidogrel Bisulphate,75 mg,Jenphar Bangladesh Ltd.,"Unit Price: ৳ 10.00,(30's pack: ৳ 300.00),",(30's pack: ৳ 300.00)
16321,Adarbi,allopathic,adarbitablet40-mg,Tablet,Azilsartan Medoxomil,40 mg,NIPRO JMI Pharma Ltd.,"Unit Price: ৳ 12.00,(20's pack: ৳ 240.00),",(20's pack: ৳ 240.00)
4326,Antison,allopathic,antisontablet05-mg10-mg,Tablet,Flupentixol + Melitracen,0.5 mg+10 mg,Asiatic Laboratories Ltd.,"Unit Price: ৳ 4.00,(100's pack: ৳ 400.00),",(100's pack: ৳ 400.00)
31449,Antismin,allopathic,antisminsyrup2-mg5-ml,Syrup,Chlorpheniramine Maleate,2 mg/5 ml,Silco Pharmaceutical Ltd.,100 ml bottle: ৳ 21.77,
32095,Antiscar,allopathic,antiscartopical-gel100-mg50-iu10-mg,Topical Gel,Allium cepa + Heparin + Allantoin,100 mg+50 IU+10 mg,Square Pharmaceuticals Ltd.,20 gm tube: ৳ 300.00,
10071,Antipro,allopathic,antiprotablet400-mg,Tablet,Metronidazole,400 mg,Rangs Pharmaceuticals Ltd.,"Unit Price: ৳ 1.55,(100's pack: ৳ 155.00),",(100's pack: ৳ 155.00)
27799,Antipro,allopathic,antiprooral-suspension200-mg5-ml,Oral Suspension,Metronidazole,200 mg/5 ml,Rangs Pharmaceuticals Ltd.,60 ml bottle: ৳ 29.89,
3220,Antiplet,allopathic,antiplettablet75-mg,Tablet,Clopidogrel Bisulphate,75 mg,Rangs Pharmaceuticals Ltd.,"Unit Price: ৳ 10.03,(30's pack: ৳ 300.90),",(30's pack: ৳ 300.90)
7474,Antima,allopathic,antimacapsule400-mg,Capsule,Cefixime Trihydrate,400 mg,Jayson Pharmaceuticals Ltd.,"Unit Price: ৳ 50.15,(4's pack: ৳ 200.60),",(4's pack: ৳ 200.60)
7475,Antima,allopathic,antimapowder-for-suspension100-mg5-ml,Powder for Suspension,Cefixime Trihydrate,100 mg/5 ml,Jayson Pharmaceuticals Ltd.,50 ml bottle: ৳ 200.00,
7473,Antima,allopathic,antimacapsule200-mg,Capsule,Cefixime Trihydrate,200 mg,Jayson Pharmaceuticals Ltd.,"Unit Price: ৳ 30.09,(4's pack: ৳ 120.36),",(4's pack: ৳ 120.36)
10798,Antigrain,allopathic,antigraintablet05-mg,Tablet,Pizotifen,0.5 mg,Ibn Sina Pharmaceuticals Ltd.,"Unit Price: ৳ 3.25,(50's pack: ৳ 162.50),",(50's pack: ৳ 162.50)
25175,Antigall,allopathic,antigalltablet150-mg,Tablet,Ursodeoxycholic Acid,150 mg,Incepta Pharmaceuticals Ltd.,"Unit Price: ৳ 13.00,(30's pack: ৳ 390.00),",(30's pack: ৳ 390.00)
25176,Antigall,allopathic,antigalltablet300-mg,Tablet,Ursodeoxycholic Acid,300 mg,Incepta Pharmaceuticals Ltd.,"Unit Price: ৳ 22.00,(20's pack: ৳ 440.00),",(20's pack: ৳ 440.00)
27797,Antif DS,allopathic,antif-dspowder-for-suspension250-mg5-ml,Powder for Suspension,Amoxicillin Trihydrate,250 mg/5 ml,Rangs Pharmaceuticals Ltd.,100 ml bottle: ৳ 65.20,
6466,Antif,allopathic,antifcapsule250-mg,Capsule,Amoxicillin Trihydrate,250 mg,Rangs Pharmaceuticals Ltd.,"Unit Price: ৳ 3.62,(100's pack: ৳ 362.00),",(100's pack: ৳ 362.00)
6467,Antif,allopathic,antifcapsule500-mg,Capsule,Amoxicillin Trihydrate,500 mg,Rangs Pharmaceuticals Ltd.,"Unit Price: ৳ 6.78,(50's pack: ৳ 339.00),",(50's pack: ৳ 339.00)
27798,Antif,allopathic,antifpediatric-drops125-mg125-ml,Pediatric Drops,Amoxicillin Trihydrate,125 mg/1.25 ml,Rangs Pharmaceuticals Ltd.,15 ml bottle: ৳ 30.10,
27796,Antif,allopathic,antifpowder-for-suspension125-mg5-ml,Powder for Suspension,Amoxicillin Trihydrate,125 mg/5 ml,Rangs Pharmaceuticals Ltd.,100 ml bottle: ৳ 47.60,
24203,Anti-R,allopathic,anti-rtablet150-mg,Tablet,Ranitidine Hydrochloride,150 mg,United Pharmaceuticals Ltd.,"Unit Price: ৳ 2.01,(100's pack: ৳ 201.43),",(100's pack: ৳ 201.43)
30481,Anthisan,allopathic,anthisancream2,Cream,Mepyramine Maleate,2%,Synovia pharma plc,25 gm tube: ৳ 35.14,
292,Anthel DS,allopathic,anthel-dschewable-tablet400-mg,Chewable Tablet,Albendazole,400 mg,Seema Pharmaceuticals Ltd.,"Unit Price: ৳ 4.20,(50's pack: ৳ 210.00),",(50's pack: ৳ 210.00)
2274,Antepsin,allopathic,antepsintablet1000-mg,Tablet,Sucralfate,1000 mg,Kemiko Pharmaceuticals Ltd.,"Unit Price: ৳ 5.52,(100's pack: ৳ 552.00),",(100's pack: ৳ 552.00)
16294,Antazol Plus,allopathic,antazol-plusnasal-spray26-mg00325-mgspray,Nasal Spray,Sodium Cromoglicate + Xylometazoline Hydrochloride,(2.6 mg+0.0325 mg)/spray,Square Pharmaceuticals Ltd.,120 metered sprays: ৳ 110.50,
16256,Antazol,allopathic,antazolnasal-drop005,Nasal Drop,Xylometazoline Hydrochloride,0.05%,Square Pharmaceuticals Ltd.,"15 ml drop: ৳ 11.04,(12's pack: ৳ 132.48),",(12's pack: ৳ 132.48)
16257,Antazol,allopathic,antazolnasal-drop01,Nasal Drop,Xylometazoline Hydrochloride,0.10%,Square Pharmaceuticals Ltd.,"15 ml drop: ৳ 11.55,(12's pack: ৳ 138.60),",(12's pack: ৳ 138.60)
496,Antanil Plus,allopathic,antanil-plusoral-suspension200-mg400-mg30-mg5-ml,Oral Suspension,Aluminium Hydroxide + Magnesium Hydroxide + Simethicone,(200 mg+400 mg+30 mg)/5 ml,Ibn Sina Pharmaceuticals Ltd.,200 ml bottle: ৳ 75.00,
495,Antanil Plus,allopathic,antanil-pluschewable-tablet400-mg400-mg30-mg,Chewable Tablet,Aluminium Hydroxide + Magnesium Hydroxide + Simethicone,400 mg+400 mg+30 mg,Ibn Sina Pharmaceuticals Ltd.,"Unit Price: ৳ 1.50,(100's pack: ৳ 150.00),",(100's pack: ৳ 150.00)
459,Antanil,allopathic,antanilchewable-tablet250-mg400-mg,Chewable Tablet,Aluminium Hydroxide + Magnesium Hydroxide,250 mg+400 mg,Ibn Sina Pharmaceuticals Ltd.,"Unit Price: ৳ 0.64,(200's pack: ৳ 128.00),",(200's pack: ৳ 128.00)
26587,Antanil,allopathic,antaniloral-suspension200-mg400-mg5-ml,Oral Suspension,Aluminium Hydroxide + Magnesium Hydroxide,(200 mg+400 mg)/5 ml,Ibn Sina Pharmaceuticals Ltd.,200 ml bottle: ৳ 45.00,
22650,Antaluk,allopathic,antaluktablet10-mg,Tablet,Montelukast Sodium,10 mg,United Pharmaceuticals Ltd.,"Unit Price: ৳ 15.00,(20's pack: ৳ 300.00),",(20's pack: ৳ 300.00)
25392,Antage,allopathic,antagetablet200-mg200-mg,Tablet,Vitamin C + Vitamin E,200 mg+200 mg,Euro Pharma Ltd.,"Unit Price: ৳ 5.00,(30's pack: ৳ 150.00),",(30's pack: ৳ 150.00)
169,Adapel,allopathic,adapelcream01,Cream,Adapalene,0.10%,Healthcare Pharmaceuticals Ltd.,10 gm tube: ৳ 60.00,
10945,Apain Plus,allopathic,apain-plusim-injection75-mg20-mg2-ml,IM Injection,Diclofenac Sodium + Lidocaine Hydrochloride,(75 mg+20 mg)/2 ml,Kemiko Pharmaceuticals Ltd.,"2 ml ampoule: ৳ 15.05,(10's pack: ৳ 150.50),",(10's pack: ৳ 150.50)
29135,Apagrel,allopathic,apagreltablet10-mg,Tablet,Prasugrel Hydrochloride,10 mg,Healthcare Pharmaceuticals Ltd.,"Unit Price: ৳ 20.00,(30's pack: ৳ 600.00),",(30's pack: ৳ 600.00)
32644,Apagrel,allopathic,apagreltablet5-mg,Tablet,Prasugrel Hydrochloride,5 mg,Healthcare Pharmaceuticals Ltd.,"Unit Price: ৳ 12.00,(30's pack: ৳ 360.00),",(30's pack: ৳ 360.00)
10074,Anzole,allopathic,anzoleoral-suspension200-mg5-ml,Oral Suspension,Metronidazole,200 mg/5 ml,Monicopharma Ltd.,60 ml bottle: ৳ 25.00,
10073,Anzole,allopathic,anzoletablet400-mg,Tablet,Metronidazole,400 mg,Monicopharma Ltd.,"Unit Price: ৳ 1.15,(100's pack: ৳ 115.00),",(100's pack: ৳ 115.00)
1118,Anzitor,allopathic,anzitortablet10-mg,Tablet,Atorvastatin Calcium,10 mg,Square Pharmaceuticals Ltd.,"Unit Price: ৳ 12.00,(50's pack: ৳ 600.00),",(50's pack: ৳ 600.00)
1120,Anzitor,allopathic,anzitortablet40-mg,Tablet,Atorvastatin Calcium,40 mg,Square Pharmaceuticals Ltd.,"Unit Price: ৳ 28.00,(10's pack: ৳ 280.00),",(10's pack: ৳ 280.00)
27525,Anzitor,allopathic,anzitortablet20-mg,Tablet,Atorvastatin Calcium,20 mg,Square Pharmaceuticals Ltd.,"Unit Price: ৳ 20.00,(30's pack: ৳ 600.00),",(30's pack: ৳ 600.00)
4327,Anzet,allopathic,anzettablet05-mg10-mg,Tablet,Flupentixol + Melitracen,0.5 mg+10 mg,Popular Pharmaceuticals Ltd.,"Unit Price: ৳ 5.00,(100's pack: ৳ 500.00),",(100's pack: ৳ 500.00)
20439,Anxitol,allopathic,anxitoltablet05-mg10-mg,Tablet,Flupentixol + Melitracen,0.5 mg+10 mg,Cosmic Pharma Ltd.,"Unit Price: ৳ 4.00,(50's pack: ৳ 200.00),",(50's pack: ৳ 200.00)
4243,Anxirel,allopathic,anxireltablet3-mg,Tablet,Bromazepam,3 mg,Novo Healthcare and Pharma Ltd.,"Unit Price: ৳ 4.01,(50's pack: ৳ 200.61),",(50's pack: ৳ 200.61)
4242,Anxionil,allopathic,anxioniltablet3-mg,Tablet,Bromazepam,3 mg,NIPRO JMI Pharma Ltd.,"Unit Price: ৳ 5.02,(50's pack: ৳ 251.00),",(50's pack: ৳ 251.00)
4241,Anxio,allopathic,anxiotablet3-mg,Tablet,Bromazepam,3 mg,UniMed UniHealth,"Unit Price: ৳ 4.50,(30's pack: ৳ 135.00),",(30's pack: ৳ 135.00)
29912,Anxino,allopathic,anxinotablet05-mg10-mg,Tablet,Flupentixol + Melitracen,0.5 mg+10 mg,Everest Pharmaceuticals Ltd.,"Unit Price: ৳ 5.00,(50's pack: ৳ 250.00),",(50's pack: ৳ 250.00)
20452,Anxicon,allopathic,anxicontablet05-mg10-mg,Tablet,Flupentixol + Melitracen,0.5 mg+10 mg,Veritas Pharmaceuticals Ltd.,"Unit Price: ৳ 5.01,(50's pack: ৳ 250.50),",(50's pack: ৳ 250.50)
4645,Anvert,allopathic,anverttablet25-mg50-mg,Tablet,Meclizine + Pyridoxine,25 mg+50 mg,Orion Pharma Ltd.,"Unit Price: ৳ 3.01,(50's pack: ৳ 150.50),",(50's pack: ৳ 150.50)
11136,Anuva,allopathic,anuvatablet50-mg,Tablet,Diclofenac Potassium,50 mg,Novartis (Bangladesh) Ltd.,"Unit Price: ৳ 8.02,(50's pack: ৳ 401.00),",(50's pack: ৳ 401.00)
2426,Anustat,allopathic,anustatointment,Ointment,Cinchocaine + Hydrocortisone + Neomycin + Esculin,,Beximco Pharmaceuticals Ltd.,15 gm tube: ৳ 80.00,
4133,Antuss Plus,allopathic,antuss-plussyrup100-mg11-mg14-mg5-ml,Syrup,Guaifenesin + Levomenthol + Diphenhydramine,(100 mg+1.1 mg+14 mg)/5 ml,Gaco Pharmaceuticals Ltd.,100 ml bottle: ৳ 80.00,
11919,Antrin,allopathic,antrintablet10-mg,Tablet,Cetirizine Hydrochloride,10 mg,Central Pharmaceuticals Ltd.,"Unit Price: ৳ 2.50,(100's pack: ৳ 250.00),",(100's pack: ৳ 250.00)
1424,Antrenyl,allopathic,antrenyltablet5-mg,Tablet,Oxyphenonium Bromide,5 mg,SANDOZ (A Novartis Division),"Unit Price: ৳ 4.00,(100's pack: ৳ 400.00),",(100's pack: ৳ 400.00)
1423,Antrenex,allopathic,antrenextablet5-mg,Tablet,Oxyphenonium Bromide,5 mg,Opsonin Pharma Ltd.,"Unit Price: ৳ 1.25,(100's pack: ৳ 125.00),",(100's pack: ৳ 125.00)
29713,Antox,allopathic,antoxtablet6-mg200-mg50-mg,Tablet,Betacarotene + Vitamin C + Vitamin E,6 mg+200 mg+50 mg,ACME Laboratories Ltd.,"Unit Price: ৳ 2.55,(20's pack: ৳ 51.00),,Unit Price: ৳ 2.55,(100's pack: ৳ 255.00),","(20's pack: ৳ 51.00),(100's pack: ৳ 255.00)"
3134,Antoris MR,allopathic,antoris-mrtablet-modified-release35-mg,Tablet (Modified Release),Trimetazidine Dihydrochloride,35 mg,Opsonin Pharma Ltd.,"Unit Price: ৳ 6.02,(30's pack: ৳ 180.60),",(30's pack: ৳ 180.60)
29290,Antogin ER,allopathic,antogin-ertablet-extended-release500-mg,Tablet (Extended Release),Ranolazine,500 mg,Renata Limited,"Unit Price: ৳ 16.00,(20's pack: ৳ 320.00),",(20's pack: ৳ 320.00)
32660,Antixa,allopathic,antixatablet25-mg,Tablet,Apixaban,2.5 mg,General Pharmaceuticals Ltd.,"Unit Price: ৳ 10.00,(30's pack: ৳ 300.00),",(30's pack: ৳ 300.00)
32661,Antixa,allopathic,antixatablet5-mg,Tablet,Apixaban,5 mg,General Pharmaceuticals Ltd.,"Unit Price: ৳ 20.00,(30's pack: ৳ 600.00),",(30's pack: ৳ 600.00)
16684,Antivenom,allopathic,antivenominjection,Injection,Snake Venom Antiserum,,Incepta Pharmaceuticals Ltd.,"10 ml vial: ৳ 1,000.00",
179,Antiva,allopathic,antivatablet10-mg,Tablet,Adefovir Dipivoxil,10 mg,Square Pharmaceuticals Ltd.,"Unit Price: ৳ 35.24,(10's pack: ৳ 352.40),",(10's pack: ৳ 352.40)
11802,Antista,allopathic,antistasyrup2-mg5-ml,Syrup,Chlorpheniramine Maleate,2 mg/5 ml,Square Pharmaceuticals Ltd.,100 ml bottle: ৳ 21.85,
5792,Adam 33,allopathic,adam-33tablet5-mg,Tablet,Prednisolone,5 mg,Nuvista Pharma Ltd.,"Unit Price: ৳ 1.73,(300's pack: ৳ 520.26),",(300's pack: ৳ 520.26)
32658,Apiban,allopathic,apibantablet5-mg,Tablet,Apixaban,5 mg,NIPRO JMI Pharma Ltd.,"Unit Price: ৳ 25.00,(10's pack: ৳ 250.00),",(10's pack: ৳ 250.00)
6789,Aphrin,allopathic,aphrincapsule500-mg,Capsule,Cephradine,500 mg,Apex Pharmaceuticals Ltd.,"Unit Price: ৳ 12.00,(21's pack: ৳ 252.00),",(21's pack: ৳ 252.00)
6790,Aphrin,allopathic,aphrinpowder-for-suspension125-mg5-ml,Powder for Suspension,Cephradine,125 mg/5 ml,Apex Pharmaceuticals Ltd.,100 ml bottle: ৳ 80.00,
14676,Apevit-Z,allopathic,apevit-zsyrup,Syrup,Vitamin B Complex + Zinc,,APC Pharma Ltd.,"100 ml bottle: ৳ 43.00,200 ml bottle: ৳ 80.00",
14069,Apevit-M,allopathic,apevit-mpediatric-drops,Pediatric Drops,Multivitamin [Pediatric preparation],,APC Pharma Ltd.,15 ml bottle: ৳ 15.00,
13743,Apevit-B,allopathic,apevit-bsyrup,Syrup,Vitamin B complex,,APC Pharma Ltd.,"100 ml bottle: ৳ 23.00,200 ml bottle: ৳ 41.00",
13742,Apevit-B,allopathic,apevit-btablet,Tablet,Vitamin B complex,,APC Pharma Ltd.,"Unit Price: ৳ 0.40,(45's pack: ৳ 18.00),,Unit Price: ৳ 0.40,(100's pack: ৳ 40.00),","(45's pack: ৳ 18.00),(100's pack: ৳ 40.00)"
10076,Apetryl,allopathic,apetryloral-suspension200-mg5-ml,Oral Suspension,Metronidazole,200 mg/5 ml,APC Pharma Ltd.,60 ml bottle: ৳ 25.00,
10075,Apetryl,allopathic,apetryltablet400-mg,Tablet,Metronidazole,400 mg,APC Pharma Ltd.,"Unit Price: ৳ 1.13,(100's pack: ৳ 113.00),",(100's pack: ৳ 113.00)
17329,Apetiz,allopathic,apetiztablet160-mg,Tablet,Megestrol Acetate,160 mg,Aristopharma Ltd.,"Unit Price: ৳ 90.00,(30's pack: ৳ 2,700.00),,Unit Price: ৳ 90.00,(10's pack: ৳ 900.00),","(30's pack: ৳ 2,700.00),(10's pack: ৳ 900.00)"
29397,Apetiz,allopathic,apetizoral-suspension200-mg5-ml,Oral Suspension,Megestrol Acetate,200 mg/5 ml,Aristopharma Ltd.,100 ml bottle: ৳ 500.00,
29136,Apemilast,allopathic,apemilasttablet30-mg,Tablet,Apremilast,30 mg,Healthcare Pharmaceuticals Ltd.,"Unit Price: ৳ 60.00,(30's pack: ৳ 1,800.00),","(30's pack: ৳ 1,800.00)"
29137,Apemilast,allopathic,apemilasttablet10-mg,Tablet,Apremilast,10 mg,Healthcare Pharmaceuticals Ltd.,"Unit Price: ৳ 25.00,(30's pack: ৳ 750.00),",(30's pack: ৳ 750.00)
16612,Apegestrol,allopathic,apegestroltablet160-mg,Tablet,Megestrol Acetate,160 mg,Techno Drugs Ltd.,"Unit Price: ৳ 70.00,(24's pack: ৳ 1,680.00),","(24's pack: ৳ 1,680.00)"
13280,Apefol TR,allopathic,apefol-trcapsule-timed-release150-mg05-mg618-mg,Capsule (Timed Release),Ferrous Sulfate + Folic Acid + Zinc Sulfate,150 mg+0.5 mg+61.8 mg,APC Pharma Ltd.,"Unit Price: ৳ 2.90,(50's pack: ৳ 145.00),",(50's pack: ৳ 145.00)
1508,Apedom,allopathic,apedomoral-suspension5-mg5-ml,Oral Suspension,Domperidone Maleate,5 mg/5 ml,Apollo Pharmaceutical Ltd.,60 ml bottle: ৳ 27.00,
1507,Apedom,allopathic,apedomtablet10-mg,Tablet,Domperidone Maleate,10 mg,Apollo Pharmaceutical Ltd.,"Unit Price: ৳ 2.00,(100's pack: ৳ 200.00),",(100's pack: ৳ 200.00)
31,Apeclo SR,allopathic,apeclo-srtablet-sustained-release200-mg,Tablet (Sustained Release),Aceclofenac,200 mg,Apex Pharmaceuticals Ltd.,"Unit Price: ৳ 5.00,(50's pack: ৳ 250.00),",(50's pack: ৳ 250.00)
30,Apeclo,allopathic,apeclotablet100-mg,Tablet,Aceclofenac,100 mg,Apex Pharmaceuticals Ltd.,"Unit Price: ৳ 3.00,(100's pack: ৳ 300.00),",(100's pack: ৳ 300.00)
8369,Apdox,allopathic,apdoxcapsule100-mg,Capsule,Doxycycline Hydrochloride,100 mg,Apex Pharmaceuticals Ltd.,"Unit Price: ৳ 1.50,(100's pack: ৳ 150.00),",(100's pack: ৳ 150.00)
460,Apcocid,allopathic,apcocidchewable-tablet250-mg400-mg,Chewable Tablet,Aluminium Hydroxide + Magnesium Hydroxide,250 mg+400 mg,Supreme Pharmaceutical Ltd.,"Unit Price: ৳ 0.50,(100's pack: ৳ 50.00),",(100's pack: ৳ 50.00)
28162,Apcetrim,allopathic,apcetrimtablet400-mg80-mg,Tablet,Sulphamethoxazole + Trimethoprim,400 mg+80 mg,APC Pharma Ltd.,Unit Price: ৳ 2.00,
8988,Apcetrim,allopathic,apcetrimoral-suspension200-mg40-mg5-ml,Oral Suspension,Sulphamethoxazole + Trimethoprim,(200 mg+40 mg)/5 ml,APC Pharma Ltd.,60 ml bottle: ৳ 22.00,
1062,Apcard,allopathic,apcardtablet50-mg,Tablet,Atenolol,50 mg,APC Pharma Ltd.,"Unit Price: ৳ 0.75,(100's pack: ৳ 75.00),",(100's pack: ৳ 75.00)
29449,Aparkin,allopathic,aparkincapsule50-mg125-mg,Capsule,Levodopa + Benserazide,50 mg+12.5 mg,Ziska Pharmaceuticals Ltd.,"Unit Price: ৳ 8.00,(30's pack: ৳ 240.00),",(30's pack: ৳ 240.00)
29450,Aparkin,allopathic,aparkincapsule100-mg25-mg,Capsule,Levodopa + Benserazide,100 mg+25 mg,Ziska Pharmaceuticals Ltd.,"Unit Price: ৳ 12.00,(32's pack: ৳ 384.00),",(32's pack: ৳ 384.00)
29451,Aparkin,allopathic,aparkincapsule200-mg50-mg,Capsule,Levodopa + Benserazide,200 mg+50 mg,Ziska Pharmaceuticals Ltd.,"Unit Price: ৳ 18.00,(32's pack: ৳ 576.00),",(32's pack: ৳ 576.00)
171,Apalene,allopathic,apalenecream01,Cream,Adapalene,0.10%,Incepta Pharmaceuticals Ltd.,10 gm tube: ৳ 60.00,
10944,Apain-TR,allopathic,apain-trcapsule-timed-release100-mg,Capsule (Timed Release),Diclofenac Sodium,100 mg,Kemiko Pharmaceuticals Ltd.,"Unit Price: ৳ 3.01,(50's pack: ৳ 150.50),",(50's pack: ৳ 150.50)
11642,Apain-MS,allopathic,apain-mstablet75-mg200-mcg,Tablet,Diclofenac Sodium + Misoprostol,75 mg+200 mcg,Kemiko Pharmaceuticals Ltd.,"Unit Price: ৳ 11.00,(30's pack: ৳ 330.00),",(30's pack: ৳ 330.00)
5793,Adam 33,allopathic,adam-33tablet20-mg,Tablet,Prednisolone,20 mg,Nuvista Pharma Ltd.,"Unit Price: ৳ 6.28,(50's pack: ৳ 314.16),",(50's pack: ৳ 314.16)
15305,Apoket,allopathic,apokettablet10-mg,Tablet,Ketorolac Tromethamine,10 mg,Apollo Pharmaceutical Ltd.,"Unit Price: ৳ 10.00,(30's pack: ৳ 300.00),",(30's pack: ৳ 300.00)
12856,Apodin,allopathic,apodinointment5-ww,Ointment,Povidone Iodine,5% w/w,Globe Pharmaceuticals Ltd.,10 gm tube: ৳ 15.00,
12845,Apodin,allopathic,apodinsolution10-wv,Solution,Povidone Iodine,10% w/v,Globe Pharmaceuticals Ltd.,"100 ml bottle: ৳ 80.00,1 Litter pack: ৳ 600.00",
14510,Apocal-DM,allopathic,apocal-dmtablet,Tablet,Calcium Carbonate + Vitamin D3 + Multimineral,,Apex Pharmaceuticals Ltd.,"Unit Price: ৳ 5.00,(15's pack: ৳ 75.00),,Unit Price: ৳ 5.00,(30's pack: ৳ 150.00),","(15's pack: ৳ 75.00),(30's pack: ৳ 150.00)"
14403,Apocal-D,allopathic,apocal-dtablet500-mg200-iu,Tablet,Calcium Carbonate [Elemental source] + Vitamin D3,500 mg+200 IU,Apex Pharmaceuticals Ltd.,"Unit Price: ৳ 5.00,(15's pack: ৳ 75.00),,Unit Price: ৳ 5.00,(30's pack: ৳ 150.00),","(15's pack: ৳ 75.00),(30's pack: ৳ 150.00)"
10946,Apnac SR,allopathic,apnac-srcapsule-sustained-release100-mg,Capsule (Sustained Release),Diclofenac Sodium,100 mg,Supreme Pharmaceutical Ltd.,"Unit Price: ৳ 3.00,(50's pack: ৳ 150.00),",(50's pack: ৳ 150.00)
28130,Apnac,allopathic,apnactablet50-mg,Tablet,Diclofenac Sodium,50 mg,Supreme Pharmaceutical Ltd.,,
28129,Apnac,allopathic,apnactablet50-mg,Tablet,Diclofenac Sodium,50 mg,Supreme Pharmaceutical Ltd.,"Unit Price: ৳ 0.80,(100's pack: ৳ 80.00),",(100's pack: ৳ 80.00)
377,APN,allopathic,apniv-infusion022510,IV Infusion,Sodium Chloride + Dextrose,0.225%+10%,Opso Saline Ltd.,"500 ml bag: ৳ 65.25,1000 ml bag: ৳ 86.32",
13744,Aplex,allopathic,aplexsyrup,Syrup,Vitamin B complex,,Apollo Pharmaceutical Ltd.,"100 ml bottle: ৳ 20.60,200 ml bottle: ৳ 37.60",
29368,Apixan,allopathic,apixantablet5-mg,Tablet,Apixaban,5 mg,UniMed UniHealth,"Unit Price: ৳ 20.00,(20's pack: ৳ 400.00),",(20's pack: ৳ 400.00)
29367,Apixan,allopathic,apixantablet25-mg,Tablet,Apixaban,2.5 mg,UniMed UniHealth,"Unit Price: ৳ 10.00,(30's pack: ৳ 300.00),",(30's pack: ৳ 300.00)
31029,Apixa,allopathic,apixatablet25-mg,Tablet,Apixaban,2.5 mg,Beximco Pharmaceuticals Ltd.,"Unit Price: ৳ 15.00,(30's pack: ৳ 450.00),",(30's pack: ৳ 450.00)
31030,Apixa,allopathic,apixatablet5-mg,Tablet,Apixaban,5 mg,Beximco Pharmaceuticals Ltd.,"Unit Price: ৳ 25.00,(20's pack: ৳ 500.00),",(20's pack: ৳ 500.00)
13118,Apitone,allopathic,apitonesyrup200-mg5-ml,Syrup,Ferrous Sulfate,200 mg/5 ml,Apollo Pharmaceutical Ltd.,200 ml bottle: ৳ 24.89,
32,Apitac,allopathic,apitactablet100-mg,Tablet,Aceclofenac,100 mg,ACME Laboratories Ltd.,"Unit Price: ৳ 4.01,(100's pack: ৳ 401.00),",(100's pack: ৳ 401.00)
28374,Apit,allopathic,apittablet40-mg,Tablet,Megestrol Acetate,40 mg,Drug International Ltd.,"Unit Price: ৳ 35.00,(30's pack: ৳ 1,050.00),","(30's pack: ৳ 1,050.00)"
28375,Apit,allopathic,apittablet160-mg,Tablet,Megestrol Acetate,160 mg,Drug International Ltd.,"Unit Price: ৳ 75.00,(30's pack: ৳ 2,250.00),","(30's pack: ৳ 2,250.00)"
30975,Apirent,allopathic,apirenttopical-solution20,Topical Solution,Aluminium Chloride Hexahydrate,20%,Opsonin Pharma Ltd.,50 ml roll-on bottle: ৳ 190.58,
6473,Apimox,allopathic,apimoxpowder-for-suspension125-mg5-ml,Powder for Suspension,Amoxicillin Trihydrate,125 mg/5 ml,Apollo Pharmaceutical Ltd.,100 ml bottle: ৳ 38.44,
6472,Apimox,allopathic,apimoxcapsule500-mg,Capsule,Amoxicillin Trihydrate,500 mg,Apollo Pharmaceutical Ltd.,"Unit Price: ৳ 6.80,(50's pack: ৳ 340.00),",(50's pack: ৳ 340.00)
6471,Apimox,allopathic,apimoxcapsule250-mg,Capsule,Amoxicillin Trihydrate,250 mg,Apollo Pharmaceutical Ltd.,"Unit Price: ৳ 3.45,(100's pack: ৳ 345.00),",(100's pack: ৳ 345.00)
6474,Apimox,allopathic,apimoxpediatric-drops125-mg125-ml,Pediatric Drops,Amoxicillin Trihydrate,125 mg/1.25 ml,Apollo Pharmaceutical Ltd.,15 ml bottle: ৳ 28.00,
25989,Apilast,allopathic,apilasttablet10-mg,Tablet,Apremilast,10 mg,Labaid Pharma Ltd.,"Unit Price: ৳ 25.00,(30's pack: ৳ 750.00),",(30's pack: ৳ 750.00)
15304,Apilac,allopathic,apilactablet10-mg,Tablet,Ketorolac Tromethamine,10 mg,APC Pharma Ltd.,"Unit Price: ৳ 6.67,(30's pack: ৳ 200.00),",(30's pack: ৳ 200.00)
16780,Apidra SoloStar,allopathic,apidra-solostarsc-injection100-unitml,SC Injection,Insulin Glulisine,100 unit/ml,Synovia pharma plc,"3 ml pen: ৳ 1,150.00,(5's pack: ৳ 5,750.00),","(5's pack: ৳ 5,750.00)"
26828,Apidra,allopathic,apidrasc-injection100-unitml,SC Injection,Insulin Glulisine,100 unit/ml,Synovia pharma plc,"3 ml cartridges: ৳ 760.00,(5's pack: ৳ 3,800.00),","(5's pack: ৳ 3,800.00)"
27321,Apidone,allopathic,apidoneoral-suspension5-mg5-ml,Oral Suspension,Domperidone Maleate,5 mg/5 ml,Team Pharmaceuticals Ltd.,60 ml bottle: ৳ 33.00,
27320,Apidone,allopathic,apidonetablet10-mg,Tablet,Domperidone Maleate,10 mg,Team Pharmaceuticals Ltd.,"Unit Price: ৳ 2.20,(100's pack: ৳ 220.00),",(100's pack: ৳ 220.00)
29134,Adalimab,allopathic,adalimabsc-injection40-mg08-ml,SC Injection,Adalimumab,40 mg/0.8 ml,Healthcare Pharmaceuticals Ltd.,"0.8 ml pre-filled syringe: ৳ 15,000.00",
24308,Adair,allopathic,adairtablet500-mcg,Tablet,Roflumilast,500 mcg,ACI Limited,"Unit Price: ৳ 15.00,(30's pack: ৳ 450.00),",(30's pack: ৳ 450.00)
1509,Apuldon,allopathic,apuldontablet10-mg,Tablet,Domperidone Maleate,10 mg,Aristopharma Ltd.,"Unit Price: ৳ 3.00,(100's pack: ৳ 300.00),",(100's pack: ৳ 300.00)
1511,Apuldon,allopathic,apuldonpediatric-drops5-mgml,Pediatric Drops,Domperidone Maleate,5 mg/ml,Aristopharma Ltd.,15 ml drop: ৳ 25.00,
1510,Apuldon,allopathic,apuldonoral-suspension5-mg5-ml,Oral Suspension,Domperidone Maleate,5 mg/5 ml,Aristopharma Ltd.,60 ml bottle: ৳ 35.00,
16928,Aptrim,allopathic,aptrimtablet800-mg160-mg,Tablet,Sulphamethoxazole + Trimethoprim,800 mg+160 mg,Apollo Pharmaceutical Ltd.,Unit Price: ৳ 2.02,
8989,Aptrim,allopathic,aptrimoral-suspension200-mg40-mg5-ml,Oral Suspension,Sulphamethoxazole + Trimethoprim,(200 mg+40 mg)/5 ml,Apollo Pharmaceutical Ltd.,60 ml bottle: ৳ 20.54,
21301,Aptofen,allopathic,aptofensyrup1-mg5-ml,Syrup,Ketotifen Fumarate (Oral),1 mg/5 ml,Apollo Pharmaceutical Ltd.,100 ml bottle: ৳ 40.00,
25246,Aptin M,allopathic,aptin-mtablet50-mg850-mg,Tablet,Vildagliptin + Metformin Hydrochloride,50 mg+850 mg,ACI Limited,"Unit Price: ৳ 23.00,(30's pack: ৳ 690.00),",(30's pack: ৳ 690.00)
25245,Aptin M,allopathic,aptin-mtablet50-mg500-mg,Tablet,Vildagliptin + Metformin Hydrochloride,50 mg+500 mg,ACI Limited,"Unit Price: ৳ 22.00,(30's pack: ৳ 660.00),",(30's pack: ৳ 660.00)
25237,Aptin,allopathic,aptintablet50-mg,Tablet,Vildagliptin,50 mg,ACI Limited,"Unit Price: ৳ 20.00,(30's pack: ৳ 600.00),",(30's pack: ৳ 600.00)
3221,APT,allopathic,apttablet75-mg,Tablet,Clopidogrel Bisulphate,75 mg,Sharif Pharmaceuticals Ltd.,"Unit Price: ৳ 10.03,(20's pack: ৳ 200.60),",(20's pack: ৳ 200.60)
631,Apsol,allopathic,apsoloral-paste5,Oral Paste,Amlexanox,5%,Square Pharmaceuticals Ltd.,5 gm tube: ৳ 75.50,
15819,Aprodex,allopathic,aprodexophthalmic-solution0301,Ophthalmic Solution,Ciprofloxacin + Dexamethasone,0.3%+0.1%,Aristopharma Ltd.,5 ml drop: ৳ 75.00,
9144,Aprocin,allopathic,aprocinpowder-for-suspension250-mg5-ml,Powder for Suspension,Ciprofloxacin,250 mg/5 ml,Aristopharma Ltd.,60 ml bottle: ৳ 100.00,
9104,Aprocin,allopathic,aprocinophthalmic-ointment03,Ophthalmic Ointment,Ciprofloxacin (Ophthalmic),0.30%,Aristopharma Ltd.,3 gm tube: ৳ 35.00,
9103,Aprocin,allopathic,aprocinophthalmic-solution03,Ophthalmic Solution,Ciprofloxacin (Ophthalmic),0.30%,Aristopharma Ltd.,10 ml drop: ৳ 50.00,
9142,Aprocin,allopathic,aprocintablet500-mg,Tablet,Ciprofloxacin,500 mg,Aristopharma Ltd.,"Unit Price: ৳ 15.00,(30's pack: ৳ 450.00),",(30's pack: ৳ 450.00)
27583,Aprima,allopathic,aprimatablet30-mg,Tablet,Apremilast,30 mg,Incepta Pharmaceuticals Ltd.,"Unit Price: ৳ 60.00,(20's pack: ৳ 1,200.00),","(20's pack: ৳ 1,200.00)"
25987,Aprima,allopathic,aprimatablet10-mg,Tablet,Apremilast,10 mg,Incepta Pharmaceuticals Ltd.,"Unit Price: ৳ 25.00,(20's pack: ৳ 500.00),",(20's pack: ৳ 500.00)
26606,Aprila,allopathic,aprilatablet10-mg,Tablet,Apremilast,10 mg,Drug International Ltd.,"Unit Price: ৳ 25.00,(14's pack: ৳ 350.00),",(14's pack: ৳ 350.00)
25986,Aprila,allopathic,aprilatablet30-mg,Tablet,Apremilast,30 mg,Drug International Ltd.,"Unit Price: ৳ 60.00,(14's pack: ৳ 840.00),",(14's pack: ৳ 840.00)
30309,Apridex,allopathic,apridexcapsule40-mg,Capsule,Aprepitant,40 mg,Drug International Ltd.,"Unit Price: ৳ 50.00,(5's pack: ৳ 250.00),",(5's pack: ৳ 250.00)
4583,Apresin,allopathic,apresintablet05-mg10-mg,Tablet,Fluphenazine + Nortriptyline,0.5 mg+10 mg,Beximco Pharmaceuticals Ltd.,"Unit Price: ৳ 1.05,(100's pack: ৳ 105.00),",(100's pack: ৳ 105.00)
23792,Appras,allopathic,apprastablet10-mg,Tablet,Prasugrel Hydrochloride,10 mg,UniMed UniHealth,"Unit Price: ৳ 25.00,(10's pack: ৳ 250.00),",(10's pack: ৳ 250.00)
23793,Appras,allopathic,apprastablet5-mg,Tablet,Prasugrel Hydrochloride,5 mg,UniMed UniHealth,"Unit Price: ৳ 14.00,(10's pack: ৳ 140.00),",(10's pack: ৳ 140.00)
8549,Apozyth,allopathic,apozythtablet500-mg,Tablet,Azithromycin Dihydrate,500 mg,Apollo Pharmaceutical Ltd.,"Unit Price: ৳ 30.00,(12's pack: ৳ 360.00),",(12's pack: ৳ 360.00)
25587,Apozyth,allopathic,apozythpowder-for-suspension200-mg5-ml,Powder for Suspension,Azithromycin Dihydrate,200 mg/5 ml,Apollo Pharmaceutical Ltd.,30 ml bottle: ৳ 130.00,
17778,Apoxyclav,allopathic,apoxyclavtablet500-mg125-mg,Tablet,Amoxicillin + Clavulanic Acid,500 mg+125 mg,Apex Pharmaceuticals Ltd.,"Unit Price: ৳ 25.00,(20's pack: ৳ 500.00),",(20's pack: ৳ 500.00)
17779,Apoxyclav,allopathic,apoxyclavpowder-for-suspension125-mg3125-mg5-ml,Powder for Suspension,Amoxicillin + Clavulanic Acid,(125 mg+31.25 mg)/5 ml,Apex Pharmaceuticals Ltd.,100 ml bottle: ৳ 150.02,
6476,Apoxy,allopathic,apoxypowder-for-suspension125-mg5-ml,Powder for Suspension,Amoxicillin Trihydrate,125 mg/5 ml,Apex Pharmaceuticals Ltd.,100 ml bottle: ৳ 47.47,
6475,Apoxy,allopathic,apoxycapsule500-mg,Capsule,Amoxicillin Trihydrate,500 mg,Apex Pharmaceuticals Ltd.,"Unit Price: ৳ 6.73,(50's pack: ৳ 336.50),",(50's pack: ৳ 336.50)
30074,Adagel Plus,allopathic,adagel-plusgel0125,Gel,Adapalene + Benzoyl peroxide,0.1%+2.5%,UniMed UniHealth,20 gm tube: ৳ 200.00,
2705,Arbium,allopathic,arbiumtablet50-mg,Tablet,Losartan Potassium,50 mg,Asiatic Laboratories Ltd.,"Unit Price: ৳ 8.00,(50's pack: ৳ 400.00),",(50's pack: ৳ 400.00)
2706,Arbium,allopathic,arbiumtablet100-mg,Tablet,Losartan Potassium,100 mg,Asiatic Laboratories Ltd.,"Unit Price: ৳ 12.00,(30's pack: ৳ 360.00),",(30's pack: ৳ 360.00)
24826,Arbitel Plus,allopathic,arbitel-plustablet80-mg125-mg,Tablet,Telmisartan + Hydrochlorothiazide,80 mg+12.5 mg,ACI Limited,"Unit Price: ৳ 20.00,(30's pack: ৳ 600.00),",(30's pack: ৳ 600.00)
24825,Arbitel Plus,allopathic,arbitel-plustablet40-mg125-mg,Tablet,Telmisartan + Hydrochlorothiazide,40 mg+12.5 mg,ACI Limited,"Unit Price: ৳ 12.50,(30's pack: ৳ 375.00),",(30's pack: ৳ 375.00)
17752,Arbitel AM,allopathic,arbitel-amtablet5-mg40-mg,Tablet,Amlodipine Besilate + Telmisartan,5 mg+40 mg,ACI Limited,"Unit Price: ৳ 12.50,(30's pack: ৳ 375.00),",(30's pack: ৳ 375.00)
17751,Arbitel AM,allopathic,arbitel-amtablet5-mg80-mg,Tablet,Amlodipine Besilate + Telmisartan,5 mg+80 mg,ACI Limited,"Unit Price: ৳ 18.00,(30's pack: ৳ 540.00),",(30's pack: ৳ 540.00)
24816,Arbitel,allopathic,arbiteltablet80-mg,Tablet,Telmisartan,80 mg,ACI Limited,"Unit Price: ৳ 20.00,(30's pack: ৳ 600.00),",(30's pack: ৳ 600.00)
24815,Arbitel,allopathic,arbiteltablet40-mg,Tablet,Telmisartan,40 mg,ACI Limited,"Unit Price: ৳ 12.50,(30's pack: ৳ 375.00),",(30's pack: ৳ 375.00)
24814,Arbitel,allopathic,arbiteltablet20-mg,Tablet,Telmisartan,20 mg,ACI Limited,"Unit Price: ৳ 7.00,(30's pack: ৳ 210.00),",(30's pack: ৳ 210.00)
2928,Arbitan Plus,allopathic,arbitan-plustablet75-mg125-mg,Tablet,Irbesartan + Hydrochlorothiazide,75 mg+12.5 mg,Opsonin Pharma Ltd.,"Unit Price: ৳ 6.03,(30's pack: ৳ 180.90),",(30's pack: ৳ 180.90)
2929,Arbitan Plus,allopathic,arbitan-plustablet150-mg125-mg,Tablet,Irbesartan + Hydrochlorothiazide,150 mg+12.5 mg,Opsonin Pharma Ltd.,"Unit Price: ৳ 12.05,(30's pack: ৳ 361.50),",(30's pack: ৳ 361.50)
2690,Arbitan,allopathic,arbitantablet150-mg,Tablet,Irbesartan,150 mg,Opsonin Pharma Ltd.,"Unit Price: ৳ 12.05,(30's pack: ৳ 361.50),",(30's pack: ৳ 361.50)
2689,Arbitan,allopathic,arbitantablet75-mg,Tablet,Irbesartan,75 mg,Opsonin Pharma Ltd.,"Unit Price: ৳ 6.02,(30's pack: ৳ 180.60),",(30's pack: ৳ 180.60)
16354,Arbecin,allopathic,arbeciniv-injection100-mcgml,IV Injection,Carbetocin,100 mcg/ml,Renata Limited,1 ml ampoule: ৳ 150.00,
28715,ARB,allopathic,arbtablet16-mg,Tablet,Candesartan Cilexetil,16 mg,Square Pharmaceuticals Ltd.,"Unit Price: ৳ 10.07,(30's pack: ৳ 302.00),",(30's pack: ৳ 302.00)
2940,Araten Plus,allopathic,araten-plustablet50-mg125-mg,Tablet,Losartan Potassium + Hydrochlorothiazide,50 mg+12.5 mg,UniMed UniHealth,"Unit Price: ৳ 8.00,(30's pack: ৳ 240.00),",(30's pack: ৳ 240.00)
2703,Araten,allopathic,aratentablet50-mg,Tablet,Losartan Potassium,50 mg,UniMed UniHealth,"Unit Price: ৳ 8.00,(30's pack: ৳ 240.00),",(30's pack: ৳ 240.00)
11636,Arain,allopathic,araintablet200-mg,Tablet,Tolfenamic acid,200 mg,Opsonin Pharma Ltd.,"Unit Price: ৳ 10.00,(30's pack: ৳ 300.00),",(30's pack: ৳ 300.00)
11265,Arafa,allopathic,arafatablet400-mg,Tablet,Ibuprofen,400 mg,Hudson Pharmaceuticals Ltd.,"Unit Price: ৳ 1.00,(100's pack: ৳ 100.00),",(100's pack: ৳ 100.00)
28971,Aquisol,allopathic,aquisolhand-rub0570,Hand Rub,Chlorhexidine Gluconate + Isopropyl alcohol,0.5%+70%,Arges Life Science Limited,"50 ml bottle: ৳ 40.00,250 ml bottle: ৳ 130.00",
13535,Aquavit,allopathic,aquavitsyrup,Syrup,Multivitamin & Cod Liver Oil,,Somatec Pharmaceuticals Ltd.,"100 ml bottle: ৳ 80.30,200 ml bottle: ৳ 150.00",
23732,Aquatear,allopathic,aquatearophthalmic-solution5-vv,Ophthalmic Solution,Povidone Iodine,5% v/v,Biopharma Laboratories Ltd.,10 ml drop: ৳ 90.00,
4134,Aquaphen,allopathic,aquaphensyrup30-mg100-mg125-mg5-ml,Syrup,Pseudoephedrine + Guaiphenasine + Triprolidine,(30 mg+100 mg+1.25 mg)/5 ml,Incepta Pharmaceuticals Ltd.,100 ml bottle: ৳ 55.00,
2412,Aqualax,allopathic,aqualaxpowder-for-solution85-gm,Powder for Solution,Polyethylene Glycol,85 gm,Incepta Pharmaceuticals Ltd.,85 gm bottle: ৳ 120.00,
18584,Aquafresh,allopathic,aquafreshophthalmic-solution1,Ophthalmic Solution,Carboxymethylcellulose Sodium,1%,Popular Pharmaceuticals Ltd.,"10 ml drop: ৳ 270.00,15 ml drop: ৳ 375.00",
13094,Aqua Care,allopathic,aqua-carecream10-ww,Cream,Urea (10%),10% w/w,Drug International Ltd.,30 gm tube: ৳ 75.00,
16356,Aqua,allopathic,aquaophthalmic-gel02503,Ophthalmic Gel,Carboxymethylcellulose Sodium + Hypromellose,0.25%+0.3%,Opso Saline Ltd.,10 ml drop: ৳ 190.00,
17336,Apulset,allopathic,apulsetoral-solution4-mg5-ml,Oral Solution,Ondansetron,4 mg/5 ml,Aristopharma Ltd.,50 ml bottle: ৳ 45.00,
17335,Apulset,allopathic,apulsettablet8-mg,Tablet,Ondansetron,8 mg,Aristopharma Ltd.,"Unit Price: ৳ 10.00,(30's pack: ৳ 300.00),",(30's pack: ৳ 300.00)
17333,Apulset,allopathic,apulsetimiv-injection8-mg4-ml,IM/IV Injection,Ondansetron,8 mg/4 ml,Aristopharma Ltd.,"4 ml ampoule: ৳ 30.00,(5's pack: ৳ 150.00),",(5's pack: ৳ 150.00)
6060,Adafil,allopathic,adafiltablet10-mg,Tablet,Tadalafil,10 mg,Beximco Pharmaceuticals Ltd.,"Unit Price: ৳ 35.00,(4's pack: ৳ 140.00),",(4's pack: ৳ 140.00)
19553,Aristen,allopathic,aristencream1,Cream,Clotrimazole (Topical),1%,Aristopharma Ltd.,10 gm tube: ৳ 31.98,
32092,Ariscon,allopathic,arisconoral-suspension500-mg267-mg160-mg10-ml,Oral Suspension,Sodium Alginate + Sodium Bicarbonate + Calcium Carbonate,(500 mg+267 mg+160 mg)/10 ml,Aristopharma Ltd.,200 ml bottle: ৳ 250.00,
2427,Ariproct,allopathic,ariproctsuppository,Suppository,Cinchocaine + Hydrocortisone + Neomycin + Esculin,,Aristopharma Ltd.,"Unit Price: ৳ 8.00,(10's pack: ৳ 80.00),",(10's pack: ৳ 80.00)
20044,Ariproct,allopathic,ariproctointment,Ointment,Cinchocaine + Hydrocortisone + Neomycin + Esculin,,Aristopharma Ltd.,15 gm tube: ৳ 70.00,
17888,Ariprex,allopathic,ariprextablet2-mg,Tablet,Aripiprazole,2 mg,Square Pharmaceuticals Ltd.,"Unit Price: ৳ 2.00,(30's pack: ৳ 60.00),",(30's pack: ৳ 60.00)
993,Ariprex,allopathic,ariprextablet10-mg,Tablet,Aripiprazole,10 mg,Square Pharmaceuticals Ltd.,"Unit Price: ৳ 5.00,(30's pack: ৳ 150.00),",(30's pack: ৳ 150.00)
994,Ariprex,allopathic,ariprextablet15-mg,Tablet,Aripiprazole,15 mg,Square Pharmaceuticals Ltd.,"Unit Price: ৳ 7.00,(30's pack: ৳ 210.00),",(30's pack: ৳ 210.00)
17889,Ariprex,allopathic,ariprexoral-solution5-mg5-ml,Oral Solution,Aripiprazole,5 mg/5 ml,Square Pharmaceuticals Ltd.,50 ml bottle: ৳ 75.00,
991,Ariprazole,allopathic,ariprazoletablet5-mg,Tablet,Aripiprazole,5 mg,General Pharmaceuticals Ltd.,"Unit Price: ৳ 3.52,(50's pack: ৳ 176.00),",(50's pack: ৳ 176.00)
990,Ariprazole,allopathic,ariprazoletablet10-mg,Tablet,Aripiprazole,10 mg,General Pharmaceuticals Ltd.,"Unit Price: ৳ 5.00,(30's pack: ৳ 150.00),",(30's pack: ৳ 150.00)
988,Aripra,allopathic,aripratablet10-mg,Tablet,Aripiprazole,10 mg,Incepta Pharmaceuticals Ltd.,"Unit Price: ৳ 5.70,(50's pack: ৳ 285.00),",(50's pack: ৳ 285.00)
989,Aripra,allopathic,aripratablet15-mg,Tablet,Aripiprazole,15 mg,Incepta Pharmaceuticals Ltd.,"Unit Price: ৳ 7.00,(50's pack: ৳ 350.00),",(50's pack: ৳ 350.00)
986,Aripen,allopathic,aripentablet10-mg,Tablet,Aripiprazole,10 mg,Opsonin Pharma Ltd.,"Unit Price: ৳ 5.02,(30's pack: ৳ 150.60),",(30's pack: ৳ 150.60)
987,Aripen,allopathic,aripentablet15-mg,Tablet,Aripiprazole,15 mg,Opsonin Pharma Ltd.,"Unit Price: ৳ 7.03,(20's pack: ৳ 140.60),",(20's pack: ৳ 140.60)
30604,Arinet,allopathic,arinettablet50-mg,Tablet,Artesunate,50 mg,Alco Pharma Ltd.,"Unit Price: ৳ 10.00,(20's pack: ৳ 200.00),",(20's pack: ৳ 200.00)
32199,Arimidex,allopathic,arimidextablet1-mg,Tablet,Anastrozole,1 mg,ACI Limited,"Unit Price: ৳ 50.00,(28's pack: ৳ 1,400.00),","(28's pack: ৳ 1,400.00)"
30720,Arilol,allopathic,ariloltablet125-mg,Tablet,Carvedilol,12.5 mg,Pacific Pharmaceuticals Ltd.,"Unit Price: ৳ 5.00,(30's pack: ৳ 150.00),",(30's pack: ৳ 150.00)
30721,Arilol,allopathic,ariloltablet25-mg,Tablet,Carvedilol,25 mg,Pacific Pharmaceuticals Ltd.,"Unit Price: ৳ 8.00,(30's pack: ৳ 240.00),",(30's pack: ৳ 240.00)
30722,Arilol,allopathic,ariloltablet625-mg,Tablet,Carvedilol,6.25 mg,Pacific Pharmaceuticals Ltd.,"Unit Price: ৳ 3.00,(30's pack: ৳ 90.00),",(30's pack: ৳ 90.00)
8430,Arigram,allopathic,arigrampowder-for-suspension125-mg5-ml,Powder for Suspension,Erythromycin (Oral),125 mg/5 ml,Central Pharmaceuticals Ltd.,100 ml bottle: ৳ 60.00,
5979,Argolin,allopathic,argolintablet05-mg,Tablet,Cabergoline,0.5 mg,Opsonin Pharma Ltd.,"Unit Price: ৳ 80.00,(4's pack: ৳ 320.00),",(4's pack: ৳ 320.00)
1003,Arexel,allopathic,arexeltablet20-mg120-mg,Tablet,Artemether + Lumefantrine,20 mg+120 mg,Jayson Pharmaceuticals Ltd.,"Unit Price: ৳ 17.12,(24's pack: ৳ 410.88),",(24's pack: ৳ 410.88)
15468,Arduan,allopathic,arduaniv-injection4-mg2-ml,IV Injection,Pipecuronium Bromide,4 mg/2 ml,"Gedeon Richter, Hungary","2 ml ampoule: ৳ 136.00,(5's pack: ৳ 680.00),",(5's pack: ৳ 680.00)
22482,Ardium,allopathic,ardiumtablet450-mg50-mg,Tablet,Micronised Diosmin + Hesperidin,450 mg+50 mg,Drug International Ltd.,"Unit Price: ৳ 8.00,(30's pack: ৳ 240.00),",(30's pack: ৳ 240.00)
10561,Archi Extra,allopathic,archi-extratablet500-mg65-mg,Tablet,Paracetamol + Caffeine,500 mg+65 mg,Aexim Pharmaceuticals Ltd.,"Unit Price: ৳ 1.50,(100's pack: ৳ 150.00),",(100's pack: ৳ 150.00)
11920,Arcet,allopathic,arcettablet10-mg,Tablet,Cetirizine Hydrochloride,10 mg,NIPRO JMI Pharma Ltd.,"Unit Price: ৳ 2.01,(100's pack: ৳ 201.00),",(100's pack: ৳ 201.00)
11921,Arcet,allopathic,arcetsyrup5-mg5-ml,Syrup,Cetirizine Hydrochloride,5 mg/5 ml,NIPRO JMI Pharma Ltd.,60 ml bottle: ৳ 25.08,
2941,Arbium Plus,allopathic,arbium-plustablet50-mg125-mg,Tablet,Losartan Potassium + Hydrochlorothiazide,50 mg+12.5 mg,Asiatic Laboratories Ltd.,"Unit Price: ৳ 8.00,(50's pack: ৳ 400.00),",(50's pack: ৳ 400.00)
2942,Arbium Plus,allopathic,arbium-plustablet100-mg125-mg,Tablet,Losartan Potassium + Hydrochlorothiazide,100 mg+12.5 mg,Asiatic Laboratories Ltd.,"Unit Price: ৳ 10.00,(30's pack: ৳ 300.00),",(30's pack: ৳ 300.00)
2943,Arbium Plus,allopathic,arbium-plustablet100-mg25-mg,Tablet,Losartan Potassium + Hydrochlorothiazide,100 mg+25 mg,Asiatic Laboratories Ltd.,"Unit Price: ৳ 10.00,(30's pack: ৳ 300.00),",(30's pack: ৳ 300.00)
6061,Adafil,allopathic,adafiltablet20-mg,Tablet,Tadalafil,20 mg,Beximco Pharmaceuticals Ltd.,"Unit Price: ৳ 60.00,(4's pack: ৳ 240.00),",(4's pack: ৳ 240.00)
30808,Aristophen,allopathic,aristophenophthalmic-ointment1,Ophthalmic Ointment,Chloramphenicol (Ophthalmic),1%,Aristopharma Ltd.,"3 gm tube: ৳ 8.39,5 gm tube: ৳ 13.00",
32796,Aristomox,allopathic,aristomoxpediatric-drops125-mg125-ml,Pediatric Drops,Amoxicillin Trihydrate,125 mg/1.25 ml,Aristopharma Ltd.,15 ml bottle: ৳ 30.20,
6477,Aristomox,allopathic,aristomoxcapsule250-mg,Capsule,Amoxicillin Trihydrate,250 mg,Aristopharma Ltd.,"Unit Price: ৳ 3.50,(120's pack: ৳ 420.00),",(120's pack: ৳ 420.00)
6478,Aristomox,allopathic,aristomoxcapsule500-mg,Capsule,Amoxicillin Trihydrate,500 mg,Aristopharma Ltd.,"Unit Price: ৳ 6.75,(120's pack: ৳ 810.00),",(120's pack: ৳ 810.00)
6479,Aristomox,allopathic,aristomoxpowder-for-suspension125-mg5-ml,Powder for Suspension,Amoxicillin Trihydrate,125 mg/5 ml,Aristopharma Ltd.,100 ml bottle: ৳ 47.60,
13162,Aristofol Fe,allopathic,aristofol-fetablet308-mg350-mcg,Tablet,Ferrous Fumarate + Folic acid,308 mg+350 mcg,Beximco Pharmaceuticals Ltd.,"Unit Price: ৳ 0.47,(100's pack: ৳ 47.00),",(100's pack: ৳ 47.00)
12895,Aristoferon,allopathic,aristoferonsyrup200-mg5-ml,Syrup,Ferrous Sulfate,200 mg/5 ml,Beximco Pharmaceuticals Ltd.,200 ml bottle: ৳ 40.00,
29398,Aristodox,allopathic,aristodoxcapsule100-mg,Capsule,Doxycycline Hydrochloride,100 mg,Aristopharma Ltd.,"Unit Price: ৳ 2.20,(100's pack: ৳ 220.00),",(100's pack: ৳ 220.00)
16328,Aristoderm,allopathic,aristodermcream005101,Cream,Betamethasone + Clotrimazole + Gentamicin,0.05%+1%+0.1%,Aristopharma Ltd.,10 gm tube: ৳ 75.00,
3690,Aristocrom,allopathic,aristocromophthalmic-solution2,Ophthalmic Solution,Sodium Cromoglicate [2%],2%,Aristopharma Ltd.,10 ml drop: ৳ 65.00,
12699,Aristocort Plus,allopathic,aristocort-pluscream101,Cream,Econazole Nitrate + Triamcinolone Acetonide,1%+0.1%,Aristopharma Ltd.,"5 gm tube: ৳ 20.00,10 gm tube: ৳ 40.00",
12698,Aristocort,allopathic,aristocortcream01,Cream,Triamcinolone Acetonide (Topical),0.10%,Aristopharma Ltd.,10 gm tube: ৳ 25.00,
3895,Aristocort,allopathic,aristocortointment01,Ointment,Triamcinolone Acetonide (Topical),0.10%,Aristopharma Ltd.,10 gm tube: ৳ 25.00,
14511,Aristocal M,allopathic,aristocal-mtablet,Tablet,Calcium Carbonate + Vitamin D3 + Multimineral,,Beximco Pharmaceuticals Ltd.,"Unit Price: ৳ 5.50,(20's pack: ৳ 110.00),",(20's pack: ৳ 110.00)
14404,Aristocal D,allopathic,aristocal-dtablet500-mg200-iu,Tablet,Calcium Carbonate [Elemental source] + Vitamin D3,500 mg+200 IU,Beximco Pharmaceuticals Ltd.,"Unit Price: ৳ 7.00,(60's pack: ৳ 420.21),",(60's pack: ৳ 420.21)
14267,Aristocal,allopathic,aristocaltablet500-mg,Tablet,Calcium Carbonate,500 mg,Beximco Pharmaceuticals Ltd.,"Unit Price: ৳ 4.00,(100's pack: ৳ 400.00),",(100's pack: ৳ 400.00)
31291,Aristobet-CL,allopathic,aristobet-clointment011,Ointment,Betamethasone + Clotrimazole,0.1%+1%,Aristopharma Ltd.,15 gm tube: ৳ 45.00,
30659,Aristobet N,allopathic,aristobet-nophthalmic-solution0105,Ophthalmic Solution,Betamethasone + Neomycin Sulphate (E/E),0.1%+0.5%,Aristopharma Ltd.,5 ml drop: ৳ 35.00,
30660,Aristobet N,allopathic,aristobet-nophthalmic-ointment0105,Ophthalmic Ointment,Betamethasone + Neomycin Sulphate (E/E),0.1%+0.5%,Aristopharma Ltd.,3 gm tube: ৳ 14.30,
31292,Aristobet,allopathic,aristobetointment01,Ointment,Betamethasone Valerate,0.10%,Aristopharma Ltd.,20 gm tube: ৳ 48.00,
31293,Aristobet,allopathic,aristobetcream01,Cream,Betamethasone Valerate,0.10%,Aristopharma Ltd.,20 gm tube: ৳ 44.00,
14188,Aristo Silver,allopathic,aristo-silvertablet,Tablet,Multivitamin & Multimineral [A-Z silver preparation],,Aristopharma Ltd.,"Unit Price: ৳ 7.00,(30's pack: ৳ 210.00),",(30's pack: ৳ 210.00)
14163,Aristo Mom,allopathic,aristo-momtablet,Tablet,Multivitamin & Multimineral [For nursing mother],,Aristopharma Ltd.,"Unit Price: ৳ 3.00,(50's pack: ৳ 150.00),",(50's pack: ৳ 150.00)
14168,Aristo Kid,allopathic,aristo-kidsyrup,Syrup,Multivitamin & Multimineral [A-Z juniors syrup preparation],,Aristopharma Ltd.,"100 ml bottle: ৳ 86.00,200 ml bottle: ৳ 152.00",
14086,Aristo Gold,allopathic,aristo-goldtablet,Tablet,Multivitamin & Multimineral [A-Z gold preparation],,Aristopharma Ltd.,"Unit Price: ৳ 7.00,(15's pack: ৳ 105.00),,Unit Price: ৳ 7.00,(30's pack: ৳ 210.00),","(15's pack: ৳ 105.00),(30's pack: ৳ 210.00)"
19311,Aristo D3,allopathic,aristo-d3im-injection200000-iuml,IM Injection,Colecalciferol [Vitamin D3],200000 IU/ml,Aristopharma Ltd.,1 ml ampoule: ৳ 120.00,
26405,Aristo D3,allopathic,aristo-d3capsule20000-iu,Capsule,Colecalciferol [Vitamin D3],20000 IU,Aristopharma Ltd.,"Unit Price: ৳ 20.00,(10's pack: ৳ 200.00),",(10's pack: ৳ 200.00)
26406,Aristo D3,allopathic,aristo-d3capsule40000-iu,Capsule,Colecalciferol [Vitamin D3],40000 IU,Aristopharma Ltd.,"Unit Price: ৳ 35.00,(7's pack: ৳ 245.00),",(7's pack: ৳ 245.00)
26407,Aristo D3,allopathic,aristo-d3tablet2000-iu,Tablet,Colecalciferol [Vitamin D3],2000 IU,Aristopharma Ltd.,"Unit Price: ৳ 2.50,(30's pack: ৳ 75.00),",(30's pack: ৳ 75.00)
12792,Adaben Duo,allopathic,adaben-duogel0125,Gel,Adapalene + Benzoyl peroxide,0.1%+2.5%,Incepta Pharmaceuticals Ltd.,20 gm tube: ৳ 200.00,
13257,Ad-All,allopathic,ad-allcapsule,Capsule,Iron + Folic Acid + Vitamin B Complex + Vitamine C + Zinc Sulfate,,Ad-din Pharmaceuticals Ltd.,"Unit Price: ৳ 3.00,(100's pack: ৳ 300.00),",(100's pack: ৳ 300.00)
6745,Arocef,allopathic,arocefpowder-for-suspension125-mg5-ml,Powder for Suspension,Cefadroxil Monohydrate,125 mg/5 ml,Eskayef Pharmaceuticals Ltd.,100 ml bottle: ৳ 70.00,
6744,Arocef,allopathic,arocefcapsule500-mg,Capsule,Cefadroxil Monohydrate,500 mg,Eskayef Pharmaceuticals Ltd.,"Unit Price: ৳ 15.00,(24's pack: ৳ 360.00),",(24's pack: ৳ 360.00)
1013,Arocaine-A DC,allopathic,arocaine-a-dcinjection40001,Injection,Articaine Hydrochloride + Epinephrine,4%+0.001%,Jayson Pharmaceuticals Ltd.,"1.8 ml cartridge: ৳ 48.33,(5's pack: ৳ 241.65),",(5's pack: ৳ 241.65)
25206,Arnigen,allopathic,arnigentablet49-mg51-mg,Tablet,Sacubitril + Valsartan,49 mg+51 mg,General Pharmaceuticals Ltd.,"Unit Price: ৳ 85.00,(20's pack: ৳ 1,700.00),","(20's pack: ৳ 1,700.00)"
25205,Arnigen,allopathic,arnigentablet24-mg26-mg,Tablet,Sacubitril + Valsartan,24 mg+26 mg,General Pharmaceuticals Ltd.,"Unit Price: ৳ 45.00,(30's pack: ৳ 1,350.00),","(30's pack: ৳ 1,350.00)"
32437,Arnigen,allopathic,arnigentablet97-mg103-mg,Tablet,Sacubitril + Valsartan,97 mg+103 mg,General Pharmaceuticals Ltd.,"Unit Price: ৳ 120.00,(20's pack: ৳ 2,400.00),","(20's pack: ৳ 2,400.00)"
32907,Arnac,allopathic,arnactablet100-mg,Tablet,Aceclofenac,100 mg,Arges Life Science Limited,"Unit Price: ৳ 5.00,(50's pack: ৳ 250.00),",(50's pack: ৳ 250.00)
25950,Armoda,allopathic,armodatablet250-mg,Tablet,Armodafinil,250 mg,ACI Limited,"Unit Price: ৳ 25.00,(30's pack: ৳ 750.00),",(30's pack: ৳ 750.00)
25949,Armoda,allopathic,armodatablet150-mg,Tablet,Armodafinil,150 mg,ACI Limited,"Unit Price: ৳ 15.00,(30's pack: ৳ 450.00),",(30's pack: ৳ 450.00)
21741,Arlin,allopathic,arliniv-infusion2-mgml,IV Infusion,Linezolid,2 mg/ml,Beximco Pharmaceuticals Ltd.,300 ml solution: ৳ 450.00,
8938,Arlin,allopathic,arlintablet400-mg,Tablet,Linezolid,400 mg,Beximco Pharmaceuticals Ltd.,"Unit Price: ৳ 60.00,(20's pack: ৳ 1,200.00),","(20's pack: ৳ 1,200.00)"
8929,Arlin,allopathic,arlinpowder-for-suspension100-mg5-ml,Powder for Suspension,Linezolid,100 mg/5 ml,Beximco Pharmaceuticals Ltd.,100 ml bottle: ৳ 280.00,
8928,Arlin,allopathic,arlintablet600-mg,Tablet,Linezolid,600 mg,Beximco Pharmaceuticals Ltd.,"Unit Price: ৳ 85.00,(20's pack: ৳ 1,700.00),","(20's pack: ৳ 1,700.00)"
25599,Arizith,allopathic,arizithtablet500-mg,Tablet,Azithromycin Dihydrate,500 mg,Centeon Pharma Ltd.,"Unit Price: ৳ 45.00,(12's pack: ৳ 540.00),",(12's pack: ৳ 540.00)
26293,Arixon,allopathic,arixoniv-injection2-gmvial,IV Injection,Ceftriaxone Sodium,2 gm/vial,Beximco Pharmaceuticals Ltd.,2 gm vial: ৳ 300.00,
7922,Arixon,allopathic,arixoniv-injection1-gmvial,IV Injection,Ceftriaxone Sodium,1 gm/vial,Beximco Pharmaceuticals Ltd.,1 gm vial: ৳ 190.00,
7917,Arixon,allopathic,arixonim-injection250-mgvial,IM Injection,Ceftriaxone Sodium,250 mg/vial,Beximco Pharmaceuticals Ltd.,250 mg vial: ৳ 100.00,
7918,Arixon,allopathic,arixonim-injection500-mgvial,IM Injection,Ceftriaxone Sodium,500 mg/vial,Beximco Pharmaceuticals Ltd.,500 mg vial: ৳ 130.00,
7919,Arixon,allopathic,arixonim-injection1-gmvial,IM Injection,Ceftriaxone Sodium,1 gm/vial,Beximco Pharmaceuticals Ltd.,1 gm vial: ৳ 190.00,
7920,Arixon,allopathic,arixoniv-injection250-mgvial,IV Injection,Ceftriaxone Sodium,250 mg/vial,Beximco Pharmaceuticals Ltd.,250 mg vial: ৳ 100.00,
7921,Arixon,allopathic,arixoniv-injection500-mgvial,IV Injection,Ceftriaxone Sodium,500 mg/vial,Beximco Pharmaceuticals Ltd.,500 mg vial: ৳ 130.00,
13361,Aritone ZI,allopathic,aritone-zisyrup,Syrup,Iron Polymaltose Complex + Vitamin B Complex + Zinc,,Incepta Pharmaceuticals Ltd.,"50 ml bottle: ৳ 30.00,100 ml bottle: ৳ 60.00,200 ml bottle: ৳ 100.00",
14677,Aritone Z,allopathic,aritone-zsyrup,Syrup,Vitamin B Complex + Zinc,,Incepta Pharmaceuticals Ltd.,"100 ml bottle: ৳ 55.00,200 ml bottle: ৳ 95.00",
30126,Aritone Z,allopathic,aritone-ztablet,Tablet,Vitamin B Complex + Zinc,,Incepta Pharmaceuticals Ltd.,"Unit Price: ৳ 3.00,(30's pack: ৳ 90.00),",(30's pack: ৳ 90.00)
13997,Aritone,allopathic,aritoneiv-infusion,IV Infusion,Multivitamin [Injection],,Incepta Pharmaceuticals Ltd.,10 ml vial: ৳ 270.00,
31934,Aristovit X,allopathic,aristovit-xtablet,Tablet,Super antioxidant [vitamins & minerals],,Beximco Pharmaceuticals Ltd.,"Unit Price: ৳ 4.00,(30's pack: ৳ 120.00),",(30's pack: ৳ 120.00)
14189,Aristovit M,allopathic,aristovit-mtablet,Tablet,Multivitamin & Multimineral,,Beximco Pharmaceuticals Ltd.,"Unit Price: ৳ 2.00,(30's pack: ৳ 60.00),",(30's pack: ৳ 60.00)
13745,Aristovit B,allopathic,aristovit-btablet,Tablet,Vitamin B complex,,Beximco Pharmaceuticals Ltd.,"Unit Price: ৳ 0.61,(60's pack: ৳ 36.82),",(60's pack: ৳ 36.82)
13746,Aristoplex,allopathic,aristoplexsyrup,Syrup,Vitamin B complex,,Beximco Pharmaceuticals Ltd.,"100 ml bottle: ৳ 35.64,200 ml bottle: ৳ 43.00",
233,Acyvir,allopathic,acyvirophthalmic-ointment3,Ophthalmic Ointment,Acyclovir (Ophthalmic),3%,Aristopharma Ltd.,5 gm tube: ৳ 125.00,
130,Acyvir,allopathic,acyviriv-infusion500-mgvial,IV Infusion,Acyclovir (Injection),500 mg/vial,Aristopharma Ltd.,500 mg vial: ৳ 700.00,
8216,Aropen,allopathic,aropeniv-injection-or-infusion500-mgvial,IV Injection or Infusion,Meropenem Trihydrate,500 mg/vial,Aristopharma Ltd.,500 mg vial: ৳ 650.00,
8215,Aronem,allopathic,aronemiv-injection-or-infusion1-gmvial,IV Injection or Infusion,Meropenem Trihydrate,1 gm/vial,ACI Limited,"1 gm vial: ৳ 1,208.14",
8214,Aronem,allopathic,aronemiv-injection-or-infusion500-mgvial,IV Injection or Infusion,Meropenem Trihydrate,500 mg/vial,ACI Limited,500 mg vial: ৳ 654.41,
30127,Aroneb,allopathic,aronebnebuliser-solution15-mcg2-ml,Nebuliser Solution,Arformoterol Tartrate,15 mcg/2 ml,Incepta Pharmaceuticals Ltd.,"2 ml ampoule: ৳ 40.00,(5's pack: ৳ 200.00),",(5's pack: ৳ 200.00)
17332,Aromatin,allopathic,aromatintablet1-mg,Tablet,Anastrozole,1 mg,Aristopharma Ltd.,"Unit Price: ৳ 50.00,(30's pack: ৳ 1,500.00),","(30's pack: ৳ 1,500.00)"
3546,Arolax,allopathic,arolaxtablet1-mg,Tablet,Levosalbutamol (Oral),1 mg,Navana Pharmaceuticals Ltd.,"Unit Price: ৳ 1.00,(100's pack: ৳ 100.00),",(100's pack: ৳ 100.00)
21572,Arolax,allopathic,arolaxtablet2-mg,Tablet,Levosalbutamol (Oral),2 mg,Navana Pharmaceuticals Ltd.,"Unit Price: ৳ 1.70,(100's pack: ৳ 170.00),",(100's pack: ৳ 170.00)
3547,Arolax,allopathic,arolaxsyrup1-mg5-ml,Syrup,Levosalbutamol (Oral),1 mg/5 ml,Navana Pharmaceuticals Ltd.,"60 ml bottle: ৳ 30.00,100 ml bottle: ৳ 45.00",
28021,Arolak,allopathic,arolakimiv-injection10-mgml,IM/IV Injection,Ketorolac Tromethamine,10 mg/ml,Ambee Pharmaceuticals Ltd.,"1 ml ampoule: ৳ 30.11,(5's pack: ৳ 150.56),",(5's pack: ৳ 150.56)
15306,Arolak,allopathic,arolaktablet10-mg,Tablet,Ketorolac Tromethamine,10 mg,Ambee Pharmaceuticals Ltd.,"Unit Price: ৳ 10.04,(20's pack: ৳ 200.76),",(20's pack: ৳ 200.76)
15308,Arolak,allopathic,arolakimiv-injection30-mgml,IM/IV Injection,Ketorolac Tromethamine,30 mg/ml,Ambee Pharmaceuticals Ltd.,"1 ml ampoule: ৳ 55.18,(5's pack: ৳ 275.92),",(5's pack: ৳ 275.92)
26902,Arokast FT,allopathic,arokast-ftflash-tablet5-mg,Flash Tablet,Montelukast Sodium,5 mg,Navana Pharmaceuticals Ltd.,"Unit Price: ৳ 8.00,(30's pack: ৳ 240.00),",(30's pack: ৳ 240.00)
26901,Arokast FT,allopathic,arokast-ftflash-tablet4-mg,Flash Tablet,Montelukast Sodium,4 mg,Navana Pharmaceuticals Ltd.,"Unit Price: ৳ 7.00,(30's pack: ৳ 210.00),",(30's pack: ৳ 210.00)
3767,Arokast,allopathic,arokasttablet10-mg,Tablet,Montelukast Sodium,10 mg,Navana Pharmaceuticals Ltd.,"Unit Price: ৳ 15.00,(30's pack: ৳ 450.00),",(30's pack: ৳ 450.00)
3765,Arokast,allopathic,arokastchewable-tablet4-mg,Chewable Tablet,Montelukast Sodium,4 mg,Navana Pharmaceuticals Ltd.,"Unit Price: ৳ 6.00,(30's pack: ৳ 180.00),",(30's pack: ৳ 180.00)
3766,Arokast,allopathic,arokastchewable-tablet5-mg,Chewable Tablet,Montelukast Sodium,5 mg,Navana Pharmaceuticals Ltd.,"Unit Price: ৳ 8.00,(30's pack: ৳ 240.00),",(30's pack: ৳ 240.00)
28638,Arofrez,allopathic,arofreztablet25-mg,Tablet,Letrozole,2.5 mg,Healthcare Pharmaceuticals Ltd.,"Unit Price: ৳ 40.00,(10's pack: ৳ 400.00),,Unit Price: ৳ 40.00,(30's pack: ৳ 1,200.00),","(10's pack: ৳ 400.00),(30's pack: ৳ 1,200.00)"
3928,Aroflo,allopathic,arofloinhaler25-mcg250-mcgpuff,Inhaler,Salmeterol + Fluticasone Propionate,(25 mcg+250 mcg)/puff,Aristopharma Ltd.,"60 metered doses: ৳ 430.00,120 metered doses: ৳ 795.00",
3926,Aroflo,allopathic,arofloinhaler25-mcg125-mcgpuff,Inhaler,Salmeterol + Fluticasone Propionate,(25 mcg+125 mcg)/puff,Aristopharma Ltd.,120 metered doses: ৳ 595.00,
32800,Aroflo,allopathic,arofloinhalation-capsule50-mcg500-mcg,Inhalation Capsule,Salmeterol + Fluticasone Propionate,50 mcg+500 mcg,Aristopharma Ltd.,"Unit Price: ৳ 17.00,(30's pack: ৳ 510.00),",(30's pack: ৳ 510.00)
32799,Aroflo,allopathic,arofloinhalation-capsule50-mcg100-mcg,Inhalation Capsule,Salmeterol + Fluticasone Propionate,50 mcg+100 mcg,Aristopharma Ltd.,"Unit Price: ৳ 6.50,(30's pack: ৳ 195.00),",(30's pack: ৳ 195.00)
3643,Arofil SR,allopathic,arofil-srtablet-sustained-release300-mg,Tablet (Sustained Release),Theophylline,300 mg,Incepta Pharmaceuticals Ltd.,"Unit Price: ৳ 2.35,(50's pack: ৳ 117.50),",(50's pack: ৳ 117.50)
24915,Arofil SR,allopathic,arofil-srtablet-sustained-release200-mg,Tablet (Sustained Release),Theophylline,200 mg,Incepta Pharmaceuticals Ltd.,"Unit Price: ৳ 1.60,(100's pack: ৳ 160.00),",(100's pack: ৳ 160.00)
3644,Arofil SR,allopathic,arofil-srtablet-sustained-release400-mg,Tablet (Sustained Release),Theophylline,400 mg,Incepta Pharmaceuticals Ltd.,"Unit Price: ৳ 2.98,(50's pack: ৳ 149.00),",(50's pack: ৳ 149.00)
12857,Arodin,allopathic,arodinointment5-ww,Ointment,Povidone Iodine,5% w/w,Aristopharma Ltd.,"10 gm tube: ৳ 22.00,25 gm tube: ৳ 45.00",
12867,Arodin,allopathic,arodinmouthwash1-wv,Mouthwash,Povidone Iodine,1% w/v,Aristopharma Ltd.,100 ml bottle: ৳ 35.00,
26408,Arodin,allopathic,arodinlotion5-wv,Lotion,Povidone Iodine,5% w/v,Aristopharma Ltd.,100 ml bottle: ৳ 26.11,
23738,Arodin,allopathic,arodinsolution10-wv,Solution,Povidone Iodine,10% w/v,Aristopharma Ltd.,"100 ml bottle: ৳ 100.00,1 Litter bottle: ৳ 500.00",
969,Arodex,allopathic,arodextablet1-mg,Tablet,Anastrozole,1 mg,Techno Drugs Ltd.,"Unit Price: ৳ 50.00,(30's pack: ৳ 1,500.00),","(30's pack: ৳ 1,500.00)"
129,Acyvir,allopathic,acyviriv-infusion250-mgvial,IV Infusion,Acyclovir (Injection),250 mg/vial,Aristopharma Ltd.,250 mg vial: ৳ 400.00,
1011,Artesunet,allopathic,artesunettablet50-mg,Tablet,Artesunate,50 mg,Aexim Pharmaceuticals Ltd.,"Unit Price: ৳ 12.00,(12's pack: ৳ 144.00),",(12's pack: ৳ 144.00)
1006,Artemet,allopathic,artemettablet20-mg120-mg,Tablet,Artemether + Lumefantrine,20 mg+120 mg,Incepta Pharmaceuticals Ltd.,"Unit Price: ৳ 20.00,(24's pack: ৳ 480.00),",(24's pack: ৳ 480.00)
1005,Artem,allopathic,artemsyrup15-mg90-mg5-ml,Syrup,Artemether + Lumefantrine,(15 mg+90 mg)/5 ml,Aexim Pharmaceuticals Ltd.,60 ml bottle: ৳ 220.00,
1004,Artem,allopathic,artemtablet20-mg120-mg,Tablet,Artemether + Lumefantrine,20 mg+120 mg,Aexim Pharmaceuticals Ltd.,"Unit Price: ৳ 20.00,(16's pack: ৳ 320.00),",(16's pack: ৳ 320.00)
16176,Artear,allopathic,artearophthalmic-solution5-vv,Ophthalmic Solution,Povidone Iodine,5% v/v,Popular Pharmaceuticals Ltd.,10 ml drop: ৳ 90.00,
25985,Arsenor,allopathic,arsenortablet30-mg,Tablet,Apremilast,30 mg,Beacon Pharmaceuticals Ltd.,"Unit Price: ৳ 60.00,(20's pack: ৳ 1,200.00),","(20's pack: ৳ 1,200.00)"
25984,Arsenor,allopathic,arsenortablet10-mg,Tablet,Apremilast,10 mg,Beacon Pharmaceuticals Ltd.,"Unit Price: ৳ 25.00,(30's pack: ৳ 750.00),,Unit Price: ৳ 25.00,(60's pack: ৳ 1,500.00),","(30's pack: ৳ 750.00),(60's pack: ৳ 1,500.00)"
23911,Arromin,allopathic,arrominoral-solution5-mg5-ml,Oral Solution,Promethazine Hydrochloride,5 mg/5 ml,Indo Bangla Pharmaceutical,"60 ml bottle: ৳ 9.00,100 ml bottle: ৳ 14.00",
4462,Arpolax,allopathic,arpolaxtablet20-mg,Tablet,Citalopram Hydrobromide,20 mg,Incepta Pharmaceuticals Ltd.,"Unit Price: ৳ 8.00,(30's pack: ৳ 240.00),",(30's pack: ৳ 240.00)
4033,Aroxol,allopathic,aroxolpediatric-drops6-mgml,Pediatric Drops,Ambroxol Hydrochloride,6 mg/ml,Healthcare Pharmaceuticals Ltd.,15 ml bottle: ৳ 35.00,
4032,Aroxol,allopathic,aroxolsyrup15-mg5-ml,Syrup,Ambroxol Hydrochloride,15 mg/5 ml,Healthcare Pharmaceuticals Ltd.,100 ml bottle: ৳ 45.00,
11155,Aroxia,allopathic,aroxiatablet120-mg,Tablet,Etoricoxib,120 mg,Ad-din Pharmaceuticals Ltd.,"Unit Price: ৳ 11.50,(20's pack: ৳ 230.00),",(20's pack: ৳ 230.00)
11154,Aroxia,allopathic,aroxiatablet90-mg,Tablet,Etoricoxib,90 mg,Ad-din Pharmaceuticals Ltd.,"Unit Price: ৳ 9.20,(20's pack: ৳ 184.00),",(20's pack: ৳ 184.00)
11153,Aroxia,allopathic,aroxiatablet60-mg,Tablet,Etoricoxib,60 mg,Ad-din Pharmaceuticals Ltd.,"Unit Price: ৳ 6.72,(30's pack: ৳ 201.60),",(30's pack: ৳ 201.60)
13998,Arovital,allopathic,arovitaliv-infusion,IV Infusion,Multivitamin [Injection],,Aristopharma Ltd.,10 ml vial: ৳ 270.00,
3769,Arovent,allopathic,aroventtablet10-mg,Tablet,Montelukast Sodium,10 mg,Orion Pharma Ltd.,"Unit Price: ৳ 15.04,(30's pack: ৳ 451.20),",(30's pack: ৳ 451.20)
3768,Arovent,allopathic,aroventchewable-tablet5-mg,Chewable Tablet,Montelukast Sodium,5 mg,Orion Pharma Ltd.,"Unit Price: ৳ 8.02,(20's pack: ৳ 160.40),",(20's pack: ৳ 160.40)
32466,Arovent,allopathic,aroventdispersible-tablet4-mg,Dispersible Tablet,Montelukast Sodium,4 mg,Orion Pharma Ltd.,"Unit Price: ৳ 6.00,(30's pack: ৳ 180.00),",(30's pack: ৳ 180.00)
2797,Arovan,allopathic,arovancapsule80-mg,Capsule,Valsartan,80 mg,Aristopharma Ltd.,"Unit Price: ৳ 10.00,(30's pack: ৳ 300.00),",(30's pack: ৳ 300.00)
12481,Arotrix,allopathic,arotrixcream5-ww,Cream,Permethrin,5% w/w,Aristopharma Ltd.,"15 gm tube: ৳ 28.00,30 gm tube: ৳ 50.00",
4821,Arotril,allopathic,arotriltablet2-mg,Tablet,Clonazepam,2 mg,Aristopharma Ltd.,"Unit Price: ৳ 10.00,(30's pack: ৳ 300.00),",(30's pack: ৳ 300.00)
4820,Arotril,allopathic,arotriltablet1-mg,Tablet,Clonazepam,1 mg,Aristopharma Ltd.,"Unit Price: ৳ 8.00,(50's pack: ৳ 400.00),",(50's pack: ৳ 400.00)
4819,Arotril,allopathic,arotriltablet05-mg,Tablet,Clonazepam,0.5 mg,Aristopharma Ltd.,"Unit Price: ৳ 6.00,(100's pack: ৳ 600.00),",(100's pack: ৳ 600.00)
3930,Arotide,allopathic,arotideinhaler25-mcg250-mcgpuff,Inhaler,Salmeterol + Fluticasone Propionate,(25 mcg+250 mcg)/puff,Eskayef Pharmaceuticals Ltd.,"120 metered doses: ৳ 795.00,120 metered doses (refill): ৳ 750.00",
30273,Arotide,allopathic,arotideinhalation-capsule50-mcg250-mcg,Inhalation Capsule,Salmeterol + Fluticasone Propionate,50 mcg+250 mcg,Eskayef Pharmaceuticals Ltd.,"Unit Price: ৳ 12.00,(30's pack: ৳ 360.00),",(30's pack: ৳ 360.00)
30272,Arotide,allopathic,arotideinhalation-capsule50-mcg500-mcg,Inhalation Capsule,Salmeterol + Fluticasone Propionate,50 mcg+500 mcg,Eskayef Pharmaceuticals Ltd.,"Unit Price: ৳ 17.00,(30's pack: ৳ 510.00),",(30's pack: ৳ 510.00)
3929,Arotide,allopathic,arotideinhaler25-mcg125-mcgpuff,Inhaler,Salmeterol + Fluticasone Propionate,(25 mcg+125 mcg)/puff,Eskayef Pharmaceuticals Ltd.,"120 metered doses: ৳ 595.00,120 metered doses (refill): ৳ 575.00",
30271,Arotide,allopathic,arotideinhalation-capsule50-mcg100-mcg,Inhalation Capsule,Salmeterol + Fluticasone Propionate,50 mcg+100 mcg,Eskayef Pharmaceuticals Ltd.,"Unit Price: ৳ 6.50,(30's pack: ৳ 195.00),",(30's pack: ৳ 195.00)
33,Aros,allopathic,arostablet100-mg,Tablet,Aceclofenac,100 mg,Globe Pharmaceuticals Ltd.,"Unit Price: ৳ 4.00,(50's pack: ৳ 200.00),",(50's pack: ৳ 200.00)
2933,Acusan Plus,allopathic,acusan-plustablet50-mg125-mg,Tablet,Losartan Potassium + Hydrochlorothiazide,50 mg+12.5 mg,Concord Pharmaceuticals Ltd.,"Unit Price: ৳ 8.02,(30's pack: ৳ 240.60),",(30's pack: ৳ 240.60)
2696,Acusan,allopathic,acusantablet50-mg,Tablet,Losartan Potassium,50 mg,Concord Pharmaceuticals Ltd.,"Unit Price: ৳ 8.02,(30's pack: ৳ 240.60),",(30's pack: ৳ 240.60)
30643,Ascabiol,allopathic,ascabiollotion125-gm5-ml,Lotion,Benzyl Benzoate,1.25 gm/5 ml,Synovia pharma plc,100 ml bottle: ৳ 32.00,
18161,Ascab,allopathic,ascablotion125-gm5-ml,Lotion,Benzyl Benzoate,1.25 gm/5 ml,Hudson Pharmaceuticals Ltd.,"60 ml bottle: ৳ 12.13,100 ml bottle: ৳ 18.00",
443,Aruxil,allopathic,aruxiltablet30-mg10-mg,Tablet,Almitrine Bismesylate + Raubasine,30 mg+10 mg,Opsonin Pharma Ltd.,"Unit Price: ৳ 10.00,(30's pack: ৳ 300.00),",(30's pack: ৳ 300.00)
27122,Artorix,allopathic,artorixtablet120-mg,Tablet,Etoricoxib,120 mg,Asiatic Laboratories Ltd.,"Unit Price: ৳ 14.00,(20's pack: ৳ 280.00),",(20's pack: ৳ 280.00)
11157,Artorix,allopathic,artorixtablet90-mg,Tablet,Etoricoxib,90 mg,Asiatic Laboratories Ltd.,"Unit Price: ৳ 12.00,(30's pack: ৳ 360.00),",(30's pack: ৳ 360.00)
11156,Artorix,allopathic,artorixtablet60-mg,Tablet,Etoricoxib,60 mg,Asiatic Laboratories Ltd.,"Unit Price: ৳ 7.00,(30's pack: ৳ 210.00),",(30's pack: ৳ 210.00)
10890,Artoflex,allopathic,artoflextablet300-mg,Tablet,Dexibuprofen,300 mg,Opsonin Pharma Ltd.,"Unit Price: ৳ 4.02,(30's pack: ৳ 120.60),",(30's pack: ৳ 120.60)
29832,Artiron DS,allopathic,artiron-dsophthalmic-solution02,Ophthalmic Solution,Sodium Hyaluronate (Ophthalmic),0.20%,Opsonin Pharma Ltd.,10 ml drop: ৳ 270.00,
29828,Artiron,allopathic,artironophthalmic-solution01,Ophthalmic Solution,Sodium Hyaluronate (Ophthalmic),0.10%,Opsonin Pharma Ltd.,10 ml drop: ৳ 220.00,
4622,Artigo,allopathic,artigotablet20-mg40-mg,Tablet,Cinnarizine + Dimenhydrinate,20 mg+40 mg,ACI Limited,"Unit Price: ৳ 2.01,(50's pack: ৳ 100.50),,Unit Price: ৳ 2.01,(100's pack: ৳ 201.00),","(50's pack: ৳ 100.50),(100's pack: ৳ 201.00)"
28473,Artifresh,allopathic,artifreshophthalmic-gel02503,Ophthalmic Gel,Carboxymethylcellulose Sodium + Hypromellose,0.25%+0.3%,Navana Pharmaceuticals Ltd.,10 ml drop: ৳ 200.00,
26931,Artiforte,allopathic,artiforteophthalmic-solution025,Ophthalmic Solution,Glycerin + Hypromellose + Polyethylene glycol + Tetrahydrozoline + Zinc Sulfate,0.25%,Navana Pharmaceuticals Ltd.,10 ml drop: ৳ 275.00,
14968,Artiflex,allopathic,artiflextablet250-mg200-mg,Tablet,Glucosamine Sulfate + Chondroitin,250 mg+200 mg,Rangs Pharmaceuticals Ltd.,"Unit Price: ৳ 8.03,(30's pack: ৳ 240.90),",(30's pack: ৳ 240.90)
14967,Articulex,allopathic,articulextablet250-mg200-mg,Tablet,Glucosamine Sulfate + Chondroitin,250 mg+200 mg,Ibn Sina Pharmaceuticals Ltd.,"Unit Price: ৳ 8.25,(48's pack: ৳ 396.00),",(48's pack: ৳ 396.00)
11885,Artica,allopathic,articatablet10-mg,Tablet,Hydroxyzine  Hydrochloride,10 mg,ACI Limited,"Unit Price: ৳ 1.25,(250's pack: ৳ 312.50),",(250's pack: ৳ 312.50)
11886,Artica,allopathic,articatablet25-mg,Tablet,Hydroxyzine  Hydrochloride,25 mg,ACI Limited,"Unit Price: ৳ 2.01,(200's pack: ৳ 402.00),",(200's pack: ৳ 402.00)
11887,Artica,allopathic,articasyrup10-mg5-ml,Syrup,Hydroxyzine  Hydrochloride,10 mg/5 ml,ACI Limited,100 ml bottle: ৳ 40.27,
30077,Arthrosin TS,allopathic,arthrosin-tstablet750-mg600-mg,Tablet,Glucosamine Sulfate + Chondroitin,750 mg+600 mg,UniMed UniHealth,"Unit Price: ৳ 30.00,(30's pack: ৳ 900.00),",(30's pack: ৳ 900.00)
14966,Arthrosin,allopathic,arthrosintablet250-mg200-mg,Tablet,Glucosamine Sulfate + Chondroitin,250 mg+200 mg,UniMed UniHealth,"Unit Price: ৳ 8.00,(30's pack: ৳ 240.00),",(30's pack: ৳ 240.00)
11643,Arthrofen,allopathic,arthrofentablet50-mg200-mcg,Tablet,Diclofenac Sodium + Misoprostol,50 mg+200 mcg,Healthcare Pharmaceuticals Ltd.,"Unit Price: ৳ 10.00,(30's pack: ৳ 300.00),",(30's pack: ৳ 300.00)
10947,Arthrofen Plus,allopathic,arthrofen-plusim-injection75-mg20-mg2-ml,IM Injection,Diclofenac Sodium + Lidocaine Hydrochloride,(75 mg+20 mg)/2 ml,Healthcare Pharmaceuticals Ltd.,"2 ml ampoule: ৳ 23.00,(10's pack: ৳ 230.00),",(10's pack: ৳ 230.00)
11644,Arthrofen,allopathic,arthrofentablet75-mg200-mcg,Tablet,Diclofenac Sodium + Misoprostol,75 mg+200 mcg,Healthcare Pharmaceuticals Ltd.,"Unit Price: ৳ 12.00,(30's pack: ৳ 360.00),",(30's pack: ৳ 360.00)
32491,Arthrocare,allopathic,arthrocaretablet250-mg200-mg,Tablet,Glucosamine Sulfate + Chondroitin,250 mg+200 mg,Doctor TIMS Pharmaceuticals Ltd.,"Unit Price: ৳ 8.00,(50's pack: ৳ 400.00),",(50's pack: ৳ 400.00)
30823,Arthofix,allopathic,arthofixtablet250-mg200-mg,Tablet,Glucosamine Sulfate + Chondroitin,250 mg+200 mg,Euro Pharma Ltd.,Unit Price: ৳ 8.00,
26409,Arthanib XR,allopathic,arthanib-xrtablet-extended-release11-mg,Tablet (Extended Release),Tofacitinib,11 mg,Aristopharma Ltd.,"Unit Price: ৳ 80.00,(10's pack: ৳ 800.00),",(10's pack: ৳ 800.00)
26410,Arthanib,allopathic,arthanibtablet5-mg,Tablet,Tofacitinib,5 mg,Aristopharma Ltd.,"Unit Price: ৳ 48.00,(10's pack: ৳ 480.00),",(10's pack: ৳ 480.00)
28229,Arth-A TS,allopathic,arth-a-tstablet750-mg600-mg,Tablet,Glucosamine Sulfate + Chondroitin,750 mg+600 mg,ACME Laboratories Ltd.,"Unit Price: ৳ 16.00,(30's pack: ৳ 480.00),",(30's pack: ৳ 480.00)
15000,Arth-A Max,allopathic,arth-a-maxtablet750-mg50-mg,Tablet,Glucosamine Sulfate + Diacerein,750 mg+50 mg,ACME Laboratories Ltd.,"Unit Price: ৳ 12.03,(30's pack: ৳ 360.90),",(30's pack: ৳ 360.90)
14965,Arth-A,allopathic,arth-atablet250-mg200-mg,Tablet,Glucosamine Sulfate + Chondroitin,250 mg+200 mg,ACME Laboratories Ltd.,"Unit Price: ৳ 8.07,(50's pack: ৳ 403.50),",(50's pack: ৳ 403.50)
1012,Artex,allopathic,artextablet50-mg,Tablet,Artesunate,50 mg,Jayson Pharmaceuticals Ltd.,"Unit Price: ৳ 12.08,(12's pack: ৳ 145.00),",(12's pack: ৳ 145.00)
2812,Acuren,allopathic,acurentablet25-mg,Tablet,Hydrochlorothiazide,25 mg,Incepta Pharmaceuticals Ltd.,"Unit Price: ৳ 0.70,(100's pack: ৳ 70.00),",(100's pack: ৳ 70.00)
14138,Asitrum Silver,allopathic,asitrum-silvertablet,Tablet,Multivitamin & Multimineral [A-Z silver preparation],,Asiatic Laboratories Ltd.,"Unit Price: ৳ 6.00,(15's pack: ৳ 90.00),,Unit Price: ৳ 6.00,(30's pack: ৳ 180.00),","(15's pack: ৳ 90.00),(30's pack: ৳ 180.00)"
14087,Asitrum Gold,allopathic,asitrum-goldtablet,Tablet,Multivitamin & Multimineral [A-Z gold preparation],,Asiatic Laboratories Ltd.,"Unit Price: ৳ 6.00,(15's pack: ৳ 90.00),,Unit Price: ৳ 6.00,(30's pack: ৳ 180.00),","(15's pack: ৳ 90.00),(30's pack: ৳ 180.00)"
13536,Asitrum Cod,allopathic,asitrum-codsyrup,Syrup,Multivitamin & Cod Liver Oil,,Asiatic Laboratories Ltd.,100 ml bottle: ৳ 80.00,
11922,Asitrol,allopathic,asitroltablet10-mg,Tablet,Cetirizine Hydrochloride,10 mg,Asiatic Laboratories Ltd.,"Unit Price: ৳ 2.00,(100's pack: ৳ 200.00),",(100's pack: ৳ 200.00)
10309,Asitrax,allopathic,asitraxsyrup40-mg5-ml,Syrup,Levamisole,40 mg/5 ml,Asiatic Laboratories Ltd.,15 ml bottle: ৳ 7.95,
1684,Asinar,allopathic,asinartablet150-mg,Tablet,Ranitidine Hydrochloride,150 mg,Synovia pharma plc,"Unit Price: ৳ 2.51,(100's pack: ৳ 251.00),",(100's pack: ৳ 251.00)
9577,Asilee-TS,allopathic,asilee-tsophthalmic-solution15,Ophthalmic Solution,Levofloxacin (Ophthalmic),1.50%,Asiatic Laboratories Ltd.,5 ml drop: ৳ 130.00,
9418,Asilee,allopathic,asileetablet500-mg,Tablet,Levofloxacin Hemihydrate,500 mg,Asiatic Laboratories Ltd.,"Unit Price: ৳ 15.00,(24's pack: ৳ 360.00),",(24's pack: ৳ 360.00)
2376,Asilac,allopathic,asilacoral-solution335-gm5-ml,Oral Solution,Lactulose,3.35 gm/5 ml,Asiatic Laboratories Ltd.,"100 ml bottle: ৳ 120.00,200 ml bottle: ৳ 230.00",
29048,Asidox,allopathic,asidoxcapsule100-mg,Capsule,Doxycycline Hydrochloride,100 mg,Asiatic Laboratories Ltd.,"Unit Price: ৳ 2.00,(100's pack: ৳ 200.00),",(100's pack: ৳ 200.00)
8858,Asiclin,allopathic,asiclincapsule150-mg,Capsule,Clindamycin,150 mg,Asiatic Laboratories Ltd.,"Unit Price: ৳ 8.00,(30's pack: ৳ 240.00),",(30's pack: ৳ 240.00)
19390,Asiclin,allopathic,asiclincapsule300-mg,Capsule,Clindamycin,300 mg,Asiatic Laboratories Ltd.,"Unit Price: ৳ 15.00,(30's pack: ৳ 450.00),",(30's pack: ৳ 450.00)
293,Asibion,allopathic,asibiontablet100-mg200-mg200-mcg,Tablet,"Vitamin B1, B6 & B12",100 mg+200 mg+200 mcg,Asiatic Laboratories Ltd.,"Unit Price: ৳ 5.00,(50's pack: ৳ 250.00),",(50's pack: ৳ 250.00)
21328,Asfen,allopathic,asfensyrup1-mg5-ml,Syrup,Ketotifen Fumarate (Oral),1 mg/5 ml,Virgo Pharmaceuticals Ltd.,100 ml bottle: ৳ 40.00,
1983,Asector,allopathic,asectorcapsule-delayed-release20-mg,Capsule (Delayed Release),Esomeprazole,20 mg,Novo Healthcare and Pharma Ltd.,"Unit Price: ৳ 7.02,(60's pack: ৳ 421.00),",(60's pack: ৳ 421.00)
28066,Asector,allopathic,asectoriv-injection40-mgvial,IV Injection,Esomeprazole,40 mg/vial,Novo Healthcare and Pharma Ltd.,40 mg vial: ৳ 90.27,
1984,Asector,allopathic,asectorcapsule-delayed-release40-mg,Capsule (Delayed Release),Esomeprazole,40 mg,Novo Healthcare and Pharma Ltd.,"Unit Price: ৳ 9.03,(28's pack: ৳ 252.87),",(28's pack: ৳ 252.87)
13909,Ascovit,allopathic,ascovitchewable-tablet250-mg,Chewable Tablet,Vitamin C [Ascorbic acid],250 mg,Pharmadesh Laboratories Ltd.,"Unit Price: ৳ 1.30,(200's pack: ৳ 260.00),",(200's pack: ৳ 260.00)
26949,Ascova,allopathic,ascovatablet400-mg,Tablet,Doxophylline,400 mg,Labaid Pharma Ltd.,"Unit Price: ৳ 10.00,(30's pack: ৳ 300.00),",(30's pack: ৳ 300.00)
26948,Ascova,allopathic,ascovatablet200-mg,Tablet,Doxophylline,200 mg,Labaid Pharma Ltd.,"Unit Price: ৳ 6.00,(50's pack: ৳ 300.00),",(50's pack: ৳ 300.00)
28674,Ascova,allopathic,ascovasyrup100-mg5-ml,Syrup,Doxophylline,100 mg/5 ml,Labaid Pharma Ltd.,100 ml bottle: ৳ 100.00,
13908,Ascoson,allopathic,ascosoninjection500-mg5-ml,Injection,Vitamin C [Ascorbic acid],500 mg/5 ml,Jayson Pharmaceuticals Ltd.,"5 ml ampoule: ৳ 6.00,(10's pack: ৳ 60.00),",(10's pack: ৳ 60.00)
13906,Ascoson,allopathic,ascosonchewable-tablet250-mg,Chewable Tablet,Vitamin C [Ascorbic acid],250 mg,Jayson Pharmaceuticals Ltd.,"Unit Price: ৳ 1.90,(200's pack: ৳ 380.00),",(200's pack: ৳ 380.00)
13907,Ascoson,allopathic,ascosonsyrup100-mg5-ml,Syrup,Vitamin C [Ascorbic acid],100 mg/5 ml,Jayson Pharmaceuticals Ltd.,100 ml bottle: ৳ 33.44,
13905,Ascorin,allopathic,ascorinchewable-tablet250-mg,Chewable Tablet,Vitamin C [Ascorbic acid],250 mg,Bristol Pharmaceuticals Ltd.,"Unit Price: ৳ 1.30,(100's pack: ৳ 130.00),",(100's pack: ৳ 130.00)
29717,Ascon-F,allopathic,ascon-finhaler100-mcg6-mcgpuff,Inhaler,Beclometasone Dipropionate + Formoterol Fumarate,(100 mcg+6 mcg)/puff,ACME Laboratories Ltd.,200 metered doses: ৳ 450.00,
29716,Ascon-F,allopathic,ascon-finhaler200-mcg6-mcgpuff,Inhaler,Beclometasone Dipropionate + Formoterol Fumarate,(200 mcg+6 mcg)/puff,ACME Laboratories Ltd.,200 metered doses: ৳ 550.00,
13119,Ascoferon,allopathic,ascoferonsyrup200-mg5-ml,Syrup,Ferrous Sulfate,200 mg/5 ml,Monicopharma Ltd.,200 ml bottle: ৳ 26.75,
13903,Ascobex,allopathic,ascobexchewable-tablet250-mg,Chewable Tablet,Vitamin C [Ascorbic acid],250 mg,Beximco Pharmaceuticals Ltd.,"Unit Price: ৳ 1.90,(200's pack: ৳ 380.00),",(200's pack: ৳ 380.00)
3269,Asclop,allopathic,ascloptablet75-mg75-mg,Tablet,Clopidogrel + Aspirin,75 mg+75 mg,Biopharma Laboratories Ltd.,"Unit Price: ৳ 12.50,(30's pack: ৳ 375.00),",(30's pack: ৳ 375.00)
2813,Acuren,allopathic,acurentablet50-mg,Tablet,Hydrochlorothiazide,50 mg,Incepta Pharmaceuticals Ltd.,"Unit Price: ৳ 1.00,(100's pack: ৳ 100.00),",(100's pack: ৳ 100.00)
3629,Asmaphen,allopathic,asmaphensyrup15-mg5-ml,Syrup,Ephedrine Hydrochloride,15 mg/5 ml,Seema Pharmaceuticals Ltd.,100 ml bottle: ৳ 28.00,
27952,Asmaloc SR,allopathic,asmaloc-srtablet-sustained-release400-mg,Tablet (Sustained Release),Theophylline,400 mg,Sharif Pharmaceuticals Ltd.,"Unit Price: ৳ 2.99,(50's pack: ৳ 149.44),",(50's pack: ৳ 149.44)
3646,Asmaloc SR,allopathic,asmaloc-srtablet-sustained-release300-mg,Tablet (Sustained Release),Theophylline,300 mg,Sharif Pharmaceuticals Ltd.,"Unit Price: ৳ 2.36,(50's pack: ৳ 117.86),",(50's pack: ৳ 117.86)
27951,Asmaloc,allopathic,asmalocsyrup120-mg5-ml,Syrup,Theophylline,120 mg/5 ml,Sharif Pharmaceuticals Ltd.,100 ml bottle: ৳ 30.09,
3427,Asmalin,allopathic,asmalininhaler100-mcgpuff,Inhaler,Salbutamol (Inhaler),100 mcg/puff,Aristopharma Ltd.,200 metered doses: ৳ 220.00,
3645,Asmain,allopathic,asmainsyrup120-mg5-ml,Syrup,Theophylline,120 mg/5 ml,Edruc Limited,100 ml bottle: ৳ 25.00,
3715,Asmafen,allopathic,asmafensyrup1-mg5-ml,Syrup,Ketotifen Fumarate (Oral),1 mg/5 ml,Globe Pharmaceuticals Ltd.,100 ml bottle: ৳ 50.00,
3714,Asmafen,allopathic,asmafentablet1-mg,Tablet,Ketotifen Fumarate (Oral),1 mg,Globe Pharmaceuticals Ltd.,"Unit Price: ৳ 2.00,(100's pack: ৳ 200.00),",(100's pack: ৳ 200.00)
21295,Asmafen,allopathic,asmafenophthalmic-solution0025,Ophthalmic Solution,Ketotifen Fumarate (Ophthalmic),0.03%,Globe Pharmaceuticals Ltd.,5 ml drop: ৳ 96.00,
3674,Asmacon SR,allopathic,asmacon-srtablet-sustained-release400-mg,Tablet (Sustained Release),Theophylline,400 mg,Pacific Pharmaceuticals Ltd.,"Unit Price: ৳ 2.67,(50's pack: ৳ 133.50),",(50's pack: ৳ 133.50)
31191,Aslor,allopathic,aslorsyrup25-mg5-ml,Syrup,Desloratadine,2.5 mg/5 ml,Drug International Ltd.,60 ml bottle: ৳ 30.10,
12230,Aslor,allopathic,aslortablet5-mg,Tablet,Desloratadine,5 mg,Drug International Ltd.,"Unit Price: ৳ 3.00,(100's pack: ৳ 300.00),",(100's pack: ৳ 300.00)
32295,Aslan-D,allopathic,aslan-dcapsule-delayed-release30-mg,Capsule (Delayed Release),Dexlansoprazole,30 mg,UniMed UniHealth,"Unit Price: ৳ 10.00,(50's pack: ৳ 500.00),",(50's pack: ৳ 500.00)
32296,Aslan-D,allopathic,aslan-dcapsule-delayed-release60-mg,Capsule (Delayed Release),Dexlansoprazole,60 mg,UniMed UniHealth,"Unit Price: ৳ 18.00,(30's pack: ৳ 540.00),",(30's pack: ৳ 540.00)
3977,Askorel SR,allopathic,askorel-srtablet-sustained-release50-mg,Tablet (Sustained Release),Butamirate Citrate,50 mg,Incepta Pharmaceuticals Ltd.,"Unit Price: ৳ 10.00,(30's pack: ৳ 300.00),",(30's pack: ৳ 300.00)
18423,Askorel,allopathic,askorelpediatric-drops5-mgml,Pediatric Drops,Butamirate Citrate,5 mg/ml,Incepta Pharmaceuticals Ltd.,15 ml bottle: ৳ 50.00,
3976,Askorel,allopathic,askorelsyrup75-mg5-ml,Syrup,Butamirate Citrate,7.5 mg/5 ml,Incepta Pharmaceuticals Ltd.,100 ml bottle: ৳ 80.00,
8550,Asizith,allopathic,asizithtablet250-mg,Tablet,Azithromycin Dihydrate,250 mg,Asiatic Laboratories Ltd.,"Unit Price: ৳ 20.00,(8's pack: ৳ 160.00),",(8's pack: ৳ 160.00)
8551,Asizith,allopathic,asizithtablet500-mg,Tablet,Azithromycin Dihydrate,500 mg,Asiatic Laboratories Ltd.,"Unit Price: ৳ 35.00,(12's pack: ৳ 420.00),",(12's pack: ৳ 420.00)
8552,Asizith,allopathic,asizithpowder-for-suspension200-mg5-ml,Powder for Suspension,Azithromycin Dihydrate,200 mg/5 ml,Asiatic Laboratories Ltd.,"15 ml bottle: ৳ 85.00,30 ml bottle: ৳ 130.00",
27130,Asizime,allopathic,asizimeiv-infusion1-gmvial,IV Infusion,Azithromycin Dihydrate,1 gm/vial,Asiatic Laboratories Ltd.,1 gm vial: ৳ 240.00,
27131,Asizime,allopathic,asizimeiv-infusion250-mgvial,IV Infusion,Azithromycin Dihydrate,250 mg/vial,Asiatic Laboratories Ltd.,250 mg vial: ৳ 85.00,
27132,Asizime,allopathic,asizimeiv-infusion500-mgvial,IV Infusion,Azithromycin Dihydrate,500 mg/vial,Asiatic Laboratories Ltd.,500 mg vial: ৳ 130.00,
27128,Asixone,allopathic,asixoneim-injection500-mgvial,IM Injection,Ceftriaxone Sodium,500 mg/vial,Asiatic Laboratories Ltd.,500 mg vial: ৳ 130.00,
27127,Asixone,allopathic,asixoneiv-injection500-mgvial,IV Injection,Ceftriaxone Sodium,500 mg/vial,Asiatic Laboratories Ltd.,500 mg vial: ৳ 130.00,
27126,Asixone,allopathic,asixoneiv-injection250-mgvial,IV Injection,Ceftriaxone Sodium,250 mg/vial,Asiatic Laboratories Ltd.,250 mg vial: ৳ 100.00,
27125,Asixone,allopathic,asixoneim-injection250-mgvial,IM Injection,Ceftriaxone Sodium,250 mg/vial,Asiatic Laboratories Ltd.,250 mg vial: ৳ 100.00,
27124,Asixone,allopathic,asixoneiv-injection1-gmvial,IV Injection,Ceftriaxone Sodium,1 gm/vial,Asiatic Laboratories Ltd.,1 gm vial: ৳ 190.00,
27123,Asixone,allopathic,asixoneim-injection1-gmvial,IM Injection,Ceftriaxone Sodium,1 gm/vial,Asiatic Laboratories Ltd.,1 gm vial: ৳ 190.00,
13362,Asivit ZI,allopathic,asivit-zisyrup,Syrup,Iron Polymaltose Complex + Vitamin B Complex + Zinc,,Asiatic Laboratories Ltd.,"100 ml bottle: ৳ 50.00,200 ml bottle: ৳ 90.00",
15299,Acupain,allopathic,acupaintablet10-mg,Tablet,Ketorolac Tromethamine,10 mg,Beacon Pharmaceuticals Ltd.,"Unit Price: ৳ 10.06,(30's pack: ৳ 301.80),",(30's pack: ৳ 301.80)
1685,Astac,allopathic,astactablet150-mg,Tablet,Ranitidine Hydrochloride,150 mg,Astra Biopharmaceuticals Ltd.,"Unit Price: ৳ 2.00,(100's pack: ৳ 200.00),",(100's pack: ৳ 200.00)
33001,Asta XR,allopathic,asta-xrtablet-extended-release665-mg,Tablet (Extended Release),Paracetamol,665 mg,Rephco Pharmaceuticals Ltd.,"Unit Price: ৳ 1.50,(100's pack: ৳ 150.00),",(100's pack: ৳ 150.00)
10563,Asta Plus,allopathic,asta-plustablet500-mg65-mg,Tablet,Paracetamol + Caffeine,500 mg+65 mg,Rephco Pharmaceuticals Ltd.,"Unit Price: ৳ 2.00,(100's pack: ৳ 200.00),",(100's pack: ৳ 200.00)
1050,Asta King,allopathic,asta-kingcapsule2-mg,Capsule,Astaxanthin,2 mg,Drug International Ltd.,"Unit Price: ৳ 10.05,(20's pack: ৳ 201.00),",(20's pack: ৳ 201.00)
1051,Asta King,allopathic,asta-kingcapsule4-mg,Capsule,Astaxanthin,4 mg,Drug International Ltd.,"Unit Price: ৳ 20.10,(10's pack: ৳ 201.00),",(10's pack: ৳ 201.00)
23520,Asta,allopathic,astatablet500-mg,Tablet,Paracetamol,500 mg,Rephco Pharmaceuticals Ltd.,"Unit Price: ৳ 0.80,(250's pack: ৳ 200.00),",(250's pack: ৳ 200.00)
10404,Asta,allopathic,astaoral-suspension120-mg5-ml,Oral Suspension,Paracetamol,120 mg/5 ml,Rephco Pharmaceuticals Ltd.,60 ml bottle: ৳ 18.00,
21325,Asprofen,allopathic,asprofentablet1-mg,Tablet,Ketotifen Fumarate (Oral),1 mg,Rephco Pharmaceuticals Ltd.,"Unit Price: ৳ 2.00,(100's pack: ৳ 200.00),",(100's pack: ৳ 200.00)
1802,Aspra,allopathic,aspracapsule-delayed-release20-mg,Capsule (Delayed Release),Omeprazole,20 mg,Apex Pharmaceuticals Ltd.,"Unit Price: ৳ 4.00,(60's pack: ৳ 240.00),",(60's pack: ৳ 240.00)
23008,Aspra,allopathic,aspracapsule-delayed-release40-mg,Capsule (Delayed Release),Omeprazole,40 mg,Apex Pharmaceuticals Ltd.,"Unit Price: ৳ 6.00,(30's pack: ৳ 180.00),",(30's pack: ৳ 180.00)
19523,Aspirel,allopathic,aspireltablet75-mg75-mg,Tablet,Clopidogrel + Aspirin,75 mg+75 mg,Ibn Sina Pharmaceuticals Ltd.,"Unit Price: ৳ 12.00,(30's pack: ৳ 360.00),",(30's pack: ৳ 360.00)
3270,Aspin-Plus,allopathic,aspin-plustablet75-mg75-mg,Tablet,Clopidogrel + Aspirin,75 mg+75 mg,Aristopharma Ltd.,"Unit Price: ৳ 12.00,(30's pack: ৳ 360.00),",(30's pack: ৳ 360.00)
24963,Aspasom,allopathic,aspasomsyrup10-mg5-ml,Syrup,Tiemonium Methylsulphate,10 mg/5 ml,Kemiko Pharmaceuticals Ltd.,100 ml bottle: ৳ 90.00,
24961,Aspasom,allopathic,aspasomtablet50-mg,Tablet,Tiemonium Methylsulphate,50 mg,Kemiko Pharmaceuticals Ltd.,"Unit Price: ৳ 5.00,(30's pack: ৳ 150.00),",(30's pack: ৳ 150.00)
28874,Aspasom,allopathic,aspasomimiv-injection5-mg2-ml,IM/IV Injection,Tiemonium Methylsulphate,5 mg/2 ml,Kemiko Pharmaceuticals Ltd.,"2 ml ampoule: ৳ 23.00,(10's pack: ৳ 230.00),",(10's pack: ৳ 230.00)
17368,ASP,allopathic,asptablet100-mg,Tablet,Aceclofenac,100 mg,Quality Pharmaceuticals Ltd.,"Unit Price: ৳ 3.00,(100's pack: ৳ 300.00),",(100's pack: ৳ 300.00)
29383,Asozit,allopathic,asozitcapsule-delayed-release40-mg,Capsule (Delayed Release),Esomeprazole,40 mg,The White Horse Pharma,"Unit Price: ৳ 10.00,(30's pack: ৳ 300.00),",(30's pack: ৳ 300.00)
1985,Asozit,allopathic,asozitcapsule-delayed-release20-mg,Capsule (Delayed Release),Esomeprazole,20 mg,The White Horse Pharma,"Unit Price: ৳ 7.00,(50's pack: ৳ 350.17),",(50's pack: ৳ 350.17)
30605,Asorin,allopathic,asorintablet-enteric-coated75-mg,Tablet (Enteric Coated),Aspirin,75 mg,Kemiko Pharmaceuticals Ltd.,"Unit Price: ৳ 0.50,(100's pack: ৳ 50.00),",(100's pack: ৳ 50.00)
3772,Asmont,allopathic,asmonttablet10-mg,Tablet,Montelukast Sodium,10 mg,Somatec Pharmaceuticals Ltd.,"Unit Price: ৳ 12.00,(30's pack: ৳ 360.00),",(30's pack: ৳ 360.00)
3771,Asmont,allopathic,asmonttablet5-mg,Tablet,Montelukast Sodium,5 mg,Somatec Pharmaceuticals Ltd.,"Unit Price: ৳ 7.00,(30's pack: ৳ 210.00),",(30's pack: ৳ 210.00)
3770,Asmont,allopathic,asmonttablet4-mg,Tablet,Montelukast Sodium,4 mg,Somatec Pharmaceuticals Ltd.,"Unit Price: ৳ 6.00,(30's pack: ৳ 180.00),",(30's pack: ৳ 180.00)
3550,Asmolex-L,allopathic,asmolex-lsyrup1-mg5-ml,Syrup,Levosalbutamol (Oral),1 mg/5 ml,Aristopharma Ltd.,100 ml bottle: ৳ 45.00,
3430,Asmolex,allopathic,asmolexsyrup2-mg5-ml,Syrup,Salbutamol,2 mg/5 ml,Aristopharma Ltd.,100 ml bottle: ৳ 23.00,
26411,Asmolex,allopathic,asmolextablet4-mg,Tablet,Salbutamol,4 mg,Aristopharma Ltd.,"Unit Price: ৳ 0.30,(100's pack: ৳ 29.54),",(100's pack: ৳ 29.54)
31155,Asmiket,allopathic,asmiketsyrup1-mg5-ml,Syrup,Ketotifen Fumarate (Oral),1 mg/5 ml,One Pharma Ltd.,100 ml bottle: ৳ 55.00,
3429,Asmatol,allopathic,asmatolsyrup2-mg5-ml,Syrup,Salbutamol,2 mg/5 ml,Rephco Pharmaceuticals Ltd.,60 ml bottle: ৳ 14.45,
29568,Asmatab,allopathic,asmatabchewable-tablet5-mg,Chewable Tablet,Montelukast Sodium,5 mg,Veritas Pharmaceuticals Ltd.,"Unit Price: ৳ 8.00,(30's pack: ৳ 240.00),",(30's pack: ৳ 240.00)
22651,Asmatab,allopathic,asmatabtablet10-mg,Tablet,Montelukast Sodium,10 mg,Veritas Pharmaceuticals Ltd.,"Unit Price: ৳ 13.00,(30's pack: ৳ 390.00),",(30's pack: ৳ 390.00)
3630,Asmaphen,allopathic,asmaphentablet30-mg,Tablet,Ephedrine Hydrochloride,30 mg,Seema Pharmaceuticals Ltd.,"Unit Price: ৳ 0.30,(500's pack: ৳ 149.00),",(500's pack: ৳ 149.00)
27651,Premelos,herbal,premeloscapsule120-mg,Capsule,Ginkgo Biloba,120 mg,Incepta Pharmaceuticals Ltd.,"Unit Price: ৳ 11.00,(30's pack: ৳ 330.00),",(30's pack: ৳ 330.00)
1063,Atebit,allopathic,atebittablet100-mg,Tablet,Atenolol,100 mg,Asiatic Laboratories Ltd.,"Unit Price: ৳ 1.38,(100's pack: ৳ 138.00),",(100's pack: ৳ 138.00)
32200,Atasin,allopathic,atasintablet80-mg,Tablet,Atorvastatin Calcium,80 mg,ACI Limited,"Unit Price: ৳ 40.12,(12's pack: ৳ 481.44),",(12's pack: ৳ 481.44)
1126,Atasin,allopathic,atasintablet40-mg,Tablet,Atorvastatin Calcium,40 mg,ACI Limited,"Unit Price: ৳ 24.16,(30's pack: ৳ 724.80),",(30's pack: ৳ 724.80)
3371,Atasin,allopathic,atasintablet10-mg,Tablet,Atorvastatin Calcium,10 mg,ACI Limited,"Unit Price: ৳ 11.00,(50's pack: ৳ 550.00),",(50's pack: ৳ 550.00)
3373,Atasin,allopathic,atasintablet20-mg,Tablet,Atorvastatin Calcium,20 mg,ACI Limited,"Unit Price: ৳ 18.12,(30's pack: ৳ 543.60),",(30's pack: ৳ 543.60)
31294,Atanib,allopathic,atanibtablet40-mg,Tablet,Afatinib Dimaleate,40 mg,Aristopharma Ltd.,"Unit Price: ৳ 1,100.00,(10's pack: ৳ 11,000.00),","(10's pack: ৳ 11,000.00)"
31093,Asynta Max,allopathic,asynta-maxoral-suspension500-mg267-mg160-mg10-ml,Oral Suspension,Sodium Alginate + Sodium Bicarbonate + Calcium Carbonate,(500 mg+267 mg+160 mg)/10 ml,Square Pharmaceuticals Ltd.,200 ml bottle: ৳ 250.00,
1399,Asynta,allopathic,asyntaoral-suspension500-mg100-mg5-ml,Oral Suspension,Sodium Alginate + Potassium Bicarbonate,(500 mg+100 mg)/5 ml,Square Pharmaceuticals Ltd.,200 ml bottle: ৳ 150.00,
16687,Asynta,allopathic,asyntachewable-tablet500-mg100-mg,Chewable Tablet,Sodium Alginate + Potassium Bicarbonate,500 mg+100 mg,Square Pharmaceuticals Ltd.,"Unit Price: ৳ 3.50,(50's pack: ৳ 175.00),",(50's pack: ৳ 175.00)
13152,Asunra,allopathic,asunradispersible-tablet400-mg,Dispersible Tablet,Deferasirox,400 mg,Novartis (Bangladesh) Ltd.,"Unit Price: ৳ 187.67,(30's pack: ৳ 5,630.00),","(30's pack: ৳ 5,630.00)"
13151,Asunra,allopathic,asunradispersible-tablet100-mg,Dispersible Tablet,Deferasirox,100 mg,Novartis (Bangladesh) Ltd.,"Unit Price: ৳ 50.00,(30's pack: ৳ 1,500.00),","(30's pack: ৳ 1,500.00)"
3436,Asul,allopathic,asulsyrup2-mg5-ml,Syrup,Salbutamol,2 mg/5 ml,Asiatic Laboratories Ltd.,100 ml bottle: ৳ 22.92,
13281,Astro-Z,allopathic,astro-zcapsule-timed-release150-mg05-mg618-mg,Capsule (Timed Release),Ferrous Sulfate + Folic Acid + Zinc Sulfate,150 mg+0.5 mg+61.8 mg,Syntho Laboratories Ltd.,"Unit Price: ৳ 2.60,(50's pack: ৳ 130.00),",(50's pack: ৳ 130.00)
14679,Astra-Z,allopathic,astra-ztablet,Tablet,Vitamin B Complex + Zinc,,Astra Biopharmaceuticals Ltd.,"Unit Price: ৳ 2.00,(15's pack: ৳ 30.00),",(15's pack: ৳ 30.00)
13634,Astra-N,allopathic,astra-ntablet100-mg200-mg200-mcg,Tablet,"Vitamin B1, B6 & B12",100 mg+200 mg+200 mcg,Astra Biopharmaceuticals Ltd.,"Unit Price: ৳ 7.00,(15's pack: ৳ 105.00),",(15's pack: ৳ 105.00)
1123,Astiva,allopathic,astivatablet10-mg,Tablet,Atorvastatin Calcium,10 mg,Supreme Pharmaceutical Ltd.,"Unit Price: ৳ 7.50,(10's pack: ৳ 75.00),",(10's pack: ৳ 75.00)
1121,Astin,allopathic,astintablet10-mg,Tablet,Atorvastatin Calcium,10 mg,Jayson Pharmaceuticals Ltd.,"Unit Price: ৳ 8.06,(30's pack: ৳ 241.80),",(30's pack: ৳ 241.80)
1122,Astin,allopathic,astintablet20-mg,Tablet,Atorvastatin Calcium,20 mg,Jayson Pharmaceuticals Ltd.,"Unit Price: ৳ 15.10,(10's pack: ৳ 151.00),",(10's pack: ৳ 151.00)
21638,Asthmolin,allopathic,asthmolintablet2-mg,Tablet,Salbutamol,2 mg,Pharmadesh Laboratories Ltd.,"Unit Price: ৳ 0.28,(100's pack: ৳ 28.00),",(100's pack: ৳ 28.00)
3433,Asthmolin,allopathic,asthmolinsyrup2-mg5-ml,Syrup,Salbutamol,2 mg/5 ml,Pharmadesh Laboratories Ltd.,"60 ml bottle: ৳ 11.38,100 ml bottle: ৳ 21.08",
3432,Asthmolin,allopathic,asthmolintablet2-mg,Tablet,Salbutamol,2 mg,Pharmadesh Laboratories Ltd.,"Unit Price: ৳ 0.28,(100's pack: ৳ 28.00),",(100's pack: ৳ 28.00)
25550,Aster,allopathic,astertablet20-mg,Tablet,Atorvastatin Calcium,20 mg,Euro Pharma Ltd.,"Unit Price: ৳ 15.00,(30's pack: ৳ 450.00),",(30's pack: ৳ 450.00)
25549,Aster,allopathic,astertablet10-mg,Tablet,Atorvastatin Calcium,10 mg,Euro Pharma Ltd.,"Unit Price: ৳ 8.00,(30's pack: ৳ 240.00),",(30's pack: ৳ 240.00)
27378,Astatin,allopathic,astatintablet10-mg,Tablet,Atorvastatin Calcium,10 mg,United Pharmaceuticals Ltd.,"Unit Price: ৳ 10.01,(50's pack: ৳ 500.25),",(50's pack: ৳ 500.25)
30417,Astasoft,allopathic,astasoftcapsule4-mg,Capsule,Astaxanthin,4 mg,Pacific Pharmaceuticals Ltd.,"Unit Price: ৳ 22.00,(20's pack: ৳ 440.00),",(20's pack: ৳ 440.00)
30416,Astasoft,allopathic,astasoftcapsule2-mg,Capsule,Astaxanthin,2 mg,Pacific Pharmaceuticals Ltd.,"Unit Price: ৳ 12.00,(30's pack: ৳ 360.00),",(30's pack: ৳ 360.00)
30146,Astamax,allopathic,astamaxcapsule2-mg,Capsule,Astaxanthin,2 mg,Popular Pharmaceuticals Ltd.,"Unit Price: ৳ 12.00,(30's pack: ৳ 360.00),",(30's pack: ৳ 360.00)
30147,Astamax,allopathic,astamaxcapsule4-mg,Capsule,Astaxanthin,4 mg,Popular Pharmaceuticals Ltd.,"Unit Price: ৳ 22.00,(20's pack: ৳ 440.00),",(20's pack: ৳ 440.00)
1052,Astagen,allopathic,astagencapsule2-mg,Capsule,Astaxanthin,2 mg,General Pharmaceuticals Ltd.,"Unit Price: ৳ 12.03,(30's pack: ৳ 361.00),",(30's pack: ৳ 361.00)
1053,Astagen,allopathic,astagencapsule4-mg,Capsule,Astaxanthin,4 mg,General Pharmaceuticals Ltd.,"Unit Price: ৳ 22.07,(30's pack: ৳ 662.10),",(30's pack: ৳ 662.10)
15300,Acupain,allopathic,acupainimiv-injection30-mgml,IM/IV Injection,Ketorolac Tromethamine,30 mg/ml,Beacon Pharmaceuticals Ltd.,"1 ml ampoule: ৳ 55.20,(5's pack: ৳ 276.00),",(5's pack: ৳ 276.00)
28149,Atostin,allopathic,atostintablet20-mg,Tablet,Atorvastatin Calcium,20 mg,Somatec Pharmaceuticals Ltd.,"Unit Price: ৳ 18.00,(10's pack: ৳ 180.00),",(10's pack: ৳ 180.00)
27780,Atostin,allopathic,atostintablet10-mg,Tablet,Atorvastatin Calcium,10 mg,Somatec Pharmaceuticals Ltd.,"Unit Price: ৳ 10.00,(30's pack: ৳ 300.00),",(30's pack: ৳ 300.00)
1130,Atorvast,allopathic,atorvasttablet10-mg,Tablet,Atorvastatin Calcium,10 mg,Medimet Pharmaceuticals Ltd.,"Unit Price: ৳ 8.00,(30's pack: ৳ 240.00),",(30's pack: ৳ 240.00)
10766,Atopen-X,allopathic,atopen-xtablet325-mg375-mg,Tablet,Paracetamol + Tramadol Hydrochloride,325 mg+37.5 mg,Kemiko Pharmaceuticals Ltd.,"Unit Price: ৳ 8.02,(20's pack: ৳ 160.40),",(20's pack: ৳ 160.40)
10564,Atopen Plus,allopathic,atopen-plustablet500-mg65-mg,Tablet,Paracetamol + Caffeine,500 mg+65 mg,Kemiko Pharmaceuticals Ltd.,"Unit Price: ৳ 2.51,(200's pack: ৳ 502.00),",(200's pack: ৳ 502.00)
28882,Atopen Extend,allopathic,atopen-extendtablet-extended-release665-mg,Tablet (Extended Release),Paracetamol,665 mg,Kemiko Pharmaceuticals Ltd.,"Unit Price: ৳ 1.50,(100's pack: ৳ 150.00),",(100's pack: ৳ 150.00)
10405,Atopen,allopathic,atopentablet500-mg,Tablet,Paracetamol,500 mg,Kemiko Pharmaceuticals Ltd.,"Unit Price: ৳ 0.80,(200's pack: ৳ 160.00),,Unit Price: ৳ 0.80,(400's pack: ৳ 320.00),","(200's pack: ৳ 160.00),(400's pack: ৳ 320.00)"
10406,Atopen,allopathic,atopenoral-suspension120-mg5-ml,Oral Suspension,Paracetamol,120 mg/5 ml,Kemiko Pharmaceuticals Ltd.,"60 ml bottle: ৳ 20.63,100 ml bottle: ৳ 24.62",
1129,Atonor,allopathic,atonortablet20-mg,Tablet,Atorvastatin Calcium,20 mg,Asiatic Laboratories Ltd.,"Unit Price: ৳ 18.00,(20's pack: ৳ 360.00),",(20's pack: ৳ 360.00)
1128,Atonor,allopathic,atonortablet10-mg,Tablet,Atorvastatin Calcium,10 mg,Asiatic Laboratories Ltd.,"Unit Price: ৳ 10.00,(30's pack: ৳ 300.00),",(30's pack: ৳ 300.00)
32339,Atomax,allopathic,atomaxtablet20-mg,Tablet,Atorvastatin Calcium,20 mg,Al-Madina Pharmaceuticals Ltd.,Unit Price: ৳ 18.00,
32338,Atomax,allopathic,atomaxtablet10-mg,Tablet,Atorvastatin Calcium,10 mg,Al-Madina Pharmaceuticals Ltd.,Unit Price: ৳ 10.00,
17974,Atol,allopathic,atoltablet100-mg,Tablet,Atenolol,100 mg,Mystic Pharmaceuticals Ltd.,"Unit Price: ৳ 1.37,(100's pack: ৳ 137.00),",(100's pack: ৳ 137.00)
1071,Atol,allopathic,atoltablet50-mg,Tablet,Atenolol,50 mg,Mystic Pharmaceuticals Ltd.,"Unit Price: ৳ 0.75,(100's pack: ৳ 75.00),",(100's pack: ৳ 75.00)
25561,Atocon,allopathic,atocontablet10-mg,Tablet,Atorvastatin Calcium,10 mg,Medicon Pharmaceuticals Ltd.,"Unit Price: ৳ 9.94,(30's pack: ৳ 298.28),",(30's pack: ৳ 298.28)
2293,Atinid,allopathic,atinidpowder-for-suspension100-mg5-ml,Powder for Suspension,Nitazoxanide,100 mg/5 ml,Biopharma Laboratories Ltd.,"30 ml bottle: ৳ 35.12,60 ml bottle: ৳ 50.19",
2292,Atinid,allopathic,atinidtablet500-mg,Tablet,Nitazoxanide,500 mg,Biopharma Laboratories Ltd.,"Unit Price: ৳ 10.05,(20's pack: ৳ 200.90),",(20's pack: ৳ 200.90)
1069,Atin,allopathic,atintablet50-mg,Tablet,Atenolol,50 mg,Jayson Pharmaceuticals Ltd.,"Unit Price: ৳ 0.76,(100's pack: ৳ 76.00),",(100's pack: ৳ 76.00)
16127,Atier,allopathic,atierophthalmic-solution03,Ophthalmic Solution,Hypromellose,0.30%,ACI Limited,10 ml drop: ৳ 70.00,
1513,Atidon,allopathic,atidontablet10-mg,Tablet,Domperidone Maleate,10 mg,Asiatic Laboratories Ltd.,"Unit Price: ৳ 2.00,(50's pack: ৳ 100.00),",(50's pack: ৳ 100.00)
808,Atezen Plus,allopathic,atezen-plustablet5-mg50-mg,Tablet,Amlodipine Besilate + Atenolol,5 mg+50 mg,Zenith Pharmaceuticals Ltd.,"Unit Price: ৳ 3.60,(20's pack: ৳ 72.00),,Unit Price: ৳ 3.60,(50's pack: ৳ 180.00),","(20's pack: ৳ 72.00),(50's pack: ৳ 180.00)"
1068,Atezen,allopathic,atezentablet50-mg,Tablet,Atenolol,50 mg,Zenith Pharmaceuticals Ltd.,"Unit Price: ৳ 0.77,(100's pack: ৳ 77.00),",(100's pack: ৳ 77.00)
1067,Atezen,allopathic,atezentablet100-mg,Tablet,Atenolol,100 mg,Zenith Pharmaceuticals Ltd.,"Unit Price: ৳ 1.36,(100's pack: ৳ 136.00),",(100's pack: ৳ 136.00)
807,Atepine,allopathic,atepinetablet5-mg50-mg,Tablet,Amlodipine Besilate + Atenolol,5 mg+50 mg,Pharmadesh Laboratories Ltd.,"Unit Price: ৳ 4.50,(30's pack: ৳ 135.00),",(30's pack: ৳ 135.00)
17957,Atenolol,allopathic,atenololtablet100-mg,Tablet,Atenolol,100 mg,Innovative Pharma (Albion),"Unit Price: ৳ 1.38,(100's pack: ৳ 138.00),",(100's pack: ৳ 138.00)
17979,Atenol,allopathic,atenoltablet100-mg,Tablet,Atenolol,100 mg,Pharmadesh Laboratories Ltd.,"Unit Price: ৳ 1.38,(100's pack: ৳ 138.00),",(100's pack: ৳ 138.00)
2470,Atenol,allopathic,atenoltablet50-mg,Tablet,Atenolol,50 mg,Pharmadesh Laboratories Ltd.,"Unit Price: ৳ 0.80,(100's pack: ৳ 80.00),",(100's pack: ৳ 80.00)
1105,Atechlor,allopathic,atechlortablet50-mg25-mg,Tablet,Atenolol + Chlorthalidone,50 mg+25 mg,Silva Pharmaceuticals Ltd.,"Unit Price: ৳ 2.51,(50's pack: ৳ 125.42),",(50's pack: ৳ 125.42)
1104,Atechlor,allopathic,atechlortablet100-mg25-mg,Tablet,Atenolol + Chlorthalidone,100 mg+25 mg,Silva Pharmaceuticals Ltd.,"Unit Price: ৳ 3.01,(50's pack: ৳ 150.50),",(50's pack: ৳ 150.50)
1064,Atebit,allopathic,atebittablet50-mg,Tablet,Atenolol,50 mg,Asiatic Laboratories Ltd.,"Unit Price: ৳ 0.77,(100's pack: ৳ 77.00),",(100's pack: ৳ 77.00)
15928,Acunac,allopathic,acunacophthalmic-solution009,Ophthalmic Solution,Bromfenac Sodium,0.09%,General Pharmaceuticals Ltd.,5 ml drop: ৳ 100.30,
30624,Atropine OSL,allopathic,atropine-oslophthalmic-ointment1,Ophthalmic Ointment,Atropine Sulfate,1%,Opso Saline Ltd.,3 gm tube: ৳ 14.05,
30623,Atropine OSL,allopathic,atropine-oslophthalmic-solution1,Ophthalmic Solution,Atropine Sulfate,1%,Opso Saline Ltd.,5 ml drop: ৳ 25.95,
1313,Atropine,allopathic,atropineinjection06-mgml,Injection,Atropine Sulfate,0.6 mg/ml,Edruc Limited,"1 ml ampoule: ৳ 5.00,(10's pack: ৳ 50.00),",(10's pack: ৳ 50.00)
1312,Atropine,allopathic,atropineinjection06-mgml,Injection,Atropine Sulfate,0.6 mg/ml,Jayson Pharmaceuticals Ltd.,"1 ml ampoule: ৳ 5.16,(10's pack: ৳ 51.60),",(10's pack: ৳ 51.60)
1311,Atropine,allopathic,atropineinjection06-mgml,Injection,Atropine Sulfate,0.6 mg/ml,Chemist Laboratories  Ltd.,"1 ml ampoule: ৳ 5.16,(50's pack: ৳ 258.00),",(50's pack: ৳ 258.00)
1266,Atropin,allopathic,atropininjection06-mgml,Injection,Atropine Sulfate,0.6 mg/ml,S.N. Pharmaceutical Ltd.,"1 ml ampoule: ৳ 2.52,(50's pack: ৳ 126.00),",(50's pack: ৳ 126.00)
16022,Atrogen,allopathic,atrogenophthalmic-solution1,Ophthalmic Solution,Atropine Sulfate,1%,General Pharmaceuticals Ltd.,10 ml drop: ৳ 70.21,
26547,Atrogen,allopathic,atrogenophthalmic-ointment1,Ophthalmic Ointment,Atropine Sulfate,1%,General Pharmaceuticals Ltd.,3 gm tube: ৳ 70.00,
11924,Atrizin,allopathic,atrizintablet10-mg,Tablet,Cetirizine Hydrochloride,10 mg,Beximco Pharmaceuticals Ltd.,"Unit Price: ৳ 3.00,(150's pack: ৳ 450.00),",(150's pack: ৳ 450.00)
11925,Atrizin,allopathic,atrizinsyrup5-mg5-ml,Syrup,Cetirizine Hydrochloride,5 mg/5 ml,Beximco Pharmaceuticals Ltd.,60 ml bottle: ৳ 30.00,
11926,Atrizin,allopathic,atrizinpediatric-drops25-mgml,Pediatric Drops,Cetirizine Hydrochloride,2.5 mg/ml,Beximco Pharmaceuticals Ltd.,15 ml bottle: ৳ 25.00,
28196,Atrium,allopathic,atriumiv-injection25-mg25-ml,IV Injection,Atracurium Besilate,25 mg/2.5 ml,Chemist Laboratories  Ltd.,"2.5 ml ampoule: ৳ 80.00,(5's pack: ৳ 400.00),",(5's pack: ৳ 400.00)
21451,Atrex,allopathic,atrexsyrup40-mg5-ml,Syrup,Levamisole,40 mg/5 ml,Aztec Pharmaceuticals Ltd.,"15 ml bottle: ৳ 10.00,30 ml bottle: ৳ 15.00",
29598,Atracurium Hameln,allopathic,atracurium-hamelniv-injection25-mg25-ml,IV Injection,Atracurium Besilate,25 mg/2.5 ml,"Hamlen Pharmaceuticals, Germany",2.5 ml ampoule: ৳ 220.00,
32999,ATP XR,allopathic,atp-xrtablet-extended-release665-mg,Tablet (Extended Release),Paracetamol,665 mg,General Pharmaceuticals Ltd.,"Unit Price: ৳ 1.51,(100's pack: ৳ 151.00),",(100's pack: ৳ 151.00)
10568,ATP Extra,allopathic,atp-extratablet500-mg65-mg,Tablet,Paracetamol + Caffeine,500 mg+65 mg,General Pharmaceuticals Ltd.,"Unit Price: ৳ 2.50,(100's pack: ৳ 250.00),",(100's pack: ৳ 250.00)
10407,ATP,allopathic,atptablet500-mg,Tablet,Paracetamol,500 mg,General Pharmaceuticals Ltd.,"Unit Price: ৳ 0.80,(250's pack: ৳ 200.00),",(250's pack: ৳ 200.00)
10408,ATP,allopathic,atporal-suspension120-mg5-ml,Oral Suspension,Paracetamol,120 mg/5 ml,General Pharmaceuticals Ltd.,60 ml bottle: ৳ 20.62,
28064,AtoZin,allopathic,atozintablet,Tablet,Multivitamin & Multimineral,,Monicopharma Ltd.,"Unit Price: ৳ 6.00,(30's pack: ৳ 180.00),",(30's pack: ৳ 180.00)
14136,Atoz Senior,allopathic,atoz-seniortablet,Tablet,Multivitamin & Multimineral [A-Z silver preparation],,Radiant Pharmaceuticals Ltd.,"Unit Price: ৳ 12.04,(45's pack: ৳ 541.80),",(45's pack: ৳ 541.80)
14083,Atoz Premium,allopathic,atoz-premiumtablet,Tablet,Multivitamin & Multimineral [A-Z gold preparation],,Radiant Pharmaceuticals Ltd.,"Unit Price: ৳ 12.04,(45's pack: ৳ 541.80),",(45's pack: ৳ 541.80)
1139,Atovin,allopathic,atovintablet10-mg,Tablet,Atorvastatin Calcium,10 mg,Alco Pharma Ltd.,"Unit Price: ৳ 10.03,(10's pack: ৳ 100.30),",(10's pack: ৳ 100.30)
27841,Atovin,allopathic,atovintablet20-mg,Tablet,Atorvastatin Calcium,20 mg,Alco Pharma Ltd.,"Unit Price: ৳ 15.05,(10's pack: ৳ 150.50),",(10's pack: ৳ 150.50)
1136,Atovex,allopathic,atovextablet10-mg,Tablet,Atorvastatin Calcium,10 mg,Jenphar Bangladesh Ltd.,"Unit Price: ৳ 10.00,(30's pack: ৳ 300.00),",(30's pack: ৳ 300.00)
1137,Atovex,allopathic,atovextablet20-mg,Tablet,Atorvastatin Calcium,20 mg,Jenphar Bangladesh Ltd.,"Unit Price: ৳ 18.05,(20's pack: ৳ 361.00),",(20's pack: ৳ 361.00)
32576,Atova EZ,allopathic,atova-eztablet20-mg10-mg,Tablet,Atorvastatin + Ezetimibe,20 mg+10 mg,Beximco Pharmaceuticals Ltd.,"Unit Price: ৳ 22.00,(30's pack: ৳ 660.00),",(30's pack: ৳ 660.00)
32575,Atova EZ,allopathic,atova-eztablet10-mg10-mg,Tablet,Atorvastatin + Ezetimibe,10 mg+10 mg,Beximco Pharmaceuticals Ltd.,"Unit Price: ৳ 14.00,(30's pack: ৳ 420.00),",(30's pack: ৳ 420.00)
1133,Atova,allopathic,atovatablet10-mg,Tablet,Atorvastatin Calcium,10 mg,Beximco Pharmaceuticals Ltd.,"Unit Price: ৳ 10.00,(30's pack: ৳ 300.00),",(30's pack: ৳ 300.00)
1134,Atova,allopathic,atovatablet20-mg,Tablet,Atorvastatin Calcium,20 mg,Beximco Pharmaceuticals Ltd.,"Unit Price: ৳ 18.00,(20's pack: ৳ 360.00),,Unit Price: ৳ 18.00,(30's pack: ৳ 540.00),","(20's pack: ৳ 360.00),(30's pack: ৳ 540.00)"
1135,Atova,allopathic,atovatablet40-mg,Tablet,Atorvastatin Calcium,40 mg,Beximco Pharmaceuticals Ltd.,"Unit Price: ৳ 24.00,(20's pack: ৳ 480.00),",(20's pack: ৳ 480.00)
16533,Acudipin Plus,allopathic,acudipin-plustablet5-mg50-mg,Tablet,Amlodipine Besilate + Atenolol,5 mg+50 mg,Concord Pharmaceuticals Ltd.,"Unit Price: ৳ 6.02,(30's pack: ৳ 180.60),",(30's pack: ৳ 180.60)
16311,Avamys,allopathic,avamysnasal-spray275-mcgspray,Nasal Spray,Fluticasone Furoate,27.5 mcg/spray,GlaxoSmithKline,120 metered sprays: ৳ 354.00,
26618,Avamist,allopathic,avamistnasal-spray275-mcgspray,Nasal Spray,Fluticasone Furoate,27.5 mcg/spray,NIPRO JMI Pharma Ltd.,120 metered sprays: ৳ 250.00,
8557,Avalon,allopathic,avalontablet500-mg,Tablet,Azithromycin Dihydrate,500 mg,Techno Drugs Ltd.,"Unit Price: ৳ 35.00,(12's pack: ৳ 420.00),",(12's pack: ৳ 420.00)
8556,Avalon,allopathic,avalonpowder-for-suspension200-mg5-ml,Powder for Suspension,Azithromycin Dihydrate,200 mg/5 ml,Techno Drugs Ltd.,"35 ml bottle: ৳ 140.00,50 ml bottle: ৳ 185.00",
17735,AV,allopathic,avtablet5-mg80-mg,Tablet,Amlodipine Besilate + Valsartan,5 mg+80 mg,Drug International Ltd.,"Unit Price: ৳ 7.00,(42's pack: ৳ 294.00),,Unit Price: ৳ 7.00,(30's pack: ৳ 210.00),","(42's pack: ৳ 294.00),(30's pack: ৳ 210.00)"
3089,AV,allopathic,avtablet5-mg160-mg,Tablet,Amlodipine Besilate + Valsartan,5 mg+160 mg,Drug International Ltd.,"Unit Price: ৳ 10.00,(20's pack: ৳ 200.00),,Unit Price: ৳ 10.00,(50's pack: ৳ 500.00),","(20's pack: ৳ 200.00),(50's pack: ৳ 500.00)"
3090,AV,allopathic,avtablet10-mg160-mg,Tablet,Amlodipine Besilate + Valsartan,10 mg+160 mg,Drug International Ltd.,"Unit Price: ৳ 13.00,(20's pack: ৳ 260.00),,Unit Price: ৳ 13.00,(50's pack: ৳ 650.00),","(20's pack: ৳ 260.00),(50's pack: ৳ 650.00)"
6219,Auxil,allopathic,auxilcapsule500-mg,Capsule,Flucloxacillin Sodium,500 mg,Doctor’s Chemical Works Ltd.,"Unit Price: ৳ 9.44,(40's pack: ৳ 377.60),",(40's pack: ৳ 377.60)
6218,Auxil,allopathic,auxilcapsule250-mg,Capsule,Flucloxacillin Sodium,250 mg,Doctor’s Chemical Works Ltd.,"Unit Price: ৳ 5.50,(20's pack: ৳ 110.00),",(20's pack: ৳ 110.00)
6220,Auxil,allopathic,auxilpowder-for-suspension125-mg5-ml,Powder for Suspension,Flucloxacillin Sodium,125 mg/5 ml,Doctor’s Chemical Works Ltd.,100 ml bottle: ৳ 55.72,
16163,Autotear,allopathic,autotearophthalmic-solution0403,Ophthalmic Solution,Polyethylene Glycol + Propylene Glycol,0.4%+0.3%,Popular Pharmaceuticals Ltd.,10 ml drop: ৳ 200.00,
32493,Autoben,allopathic,autobenchewable-tablet400-mg,Chewable Tablet,Albendazole,400 mg,Doctor TIMS Pharmaceuticals Ltd.,"Unit Price: ৳ 5.00,(25's pack: ৳ 125.00),",(25's pack: ৳ 125.00)
14989,Austomin,allopathic,austomintablet250-mg200-mg,Tablet,Glucosamine Sulfate + Chondroitin,250 mg+200 mg,Hallmark Pharmaceuticals Ltd.,"Unit Price: ৳ 7.55,(30's pack: ৳ 226.50),",(30's pack: ৳ 226.50)
2139,AUP,allopathic,auptablet-enteric-coated20-mg,Tablet (Enteric Coated),Pantoprazole Sodium Sesquihydrate,20 mg,Decent Pharma Laboratories Ltd.,"Unit Price: ৳ 3.00,(30's pack: ৳ 90.00),",(30's pack: ৳ 90.00)
2140,AUP,allopathic,auptablet-enteric-coated40-mg,Tablet (Enteric Coated),Pantoprazole Sodium Sesquihydrate,40 mg,Decent Pharma Laboratories Ltd.,"Unit Price: ৳ 5.00,(30's pack: ৳ 150.00),",(30's pack: ৳ 150.00)
1805,Aumi,allopathic,aumicapsule-delayed-release40-mg,Capsule (Delayed Release),Omeprazole,40 mg,Hudson Pharmaceuticals Ltd.,"Unit Price: ৳ 7.50,(20's pack: ৳ 150.00),",(20's pack: ৳ 150.00)
1804,Aumi,allopathic,aumicapsule-delayed-release20-mg,Capsule (Delayed Release),Omeprazole,20 mg,Hudson Pharmaceuticals Ltd.,"Unit Price: ৳ 4.00,(60's pack: ৳ 240.00),",(60's pack: ৳ 240.00)
17796,Augment,allopathic,augmentiv-injection1-gm200-mg20-ml,IV Injection,Amoxicillin + Clavulanic Acid,(1 gm+200 mg)/20 ml,Eskayef Pharmaceuticals Ltd.,1.2 gm vial: ৳ 275.00,
17795,Augment,allopathic,augmentpowder-for-suspension125-mg3125-mg5-ml,Powder for Suspension,Amoxicillin + Clavulanic Acid,(125 mg+31.25 mg)/5 ml,Eskayef Pharmaceuticals Ltd.,100 ml bottle: ৳ 175.00,
17794,Augment,allopathic,augmenttablet875-mg125-mg,Tablet,Amoxicillin + Clavulanic Acid,875 mg+125 mg,Eskayef Pharmaceuticals Ltd.,"Unit Price: ৳ 30.00,(12's pack: ৳ 360.00),",(12's pack: ৳ 360.00)
17793,Augment,allopathic,augmenttablet500-mg125-mg,Tablet,Amoxicillin + Clavulanic Acid,500 mg+125 mg,Eskayef Pharmaceuticals Ltd.,"Unit Price: ৳ 25.00,(18's pack: ৳ 450.00),",(18's pack: ৳ 450.00)
17792,Augment,allopathic,augmenttablet250-mg125-mg,Tablet,Amoxicillin + Clavulanic Acid,250 mg+125 mg,Eskayef Pharmaceuticals Ltd.,"Unit Price: ৳ 20.00,(18's pack: ৳ 360.00),",(18's pack: ৳ 360.00)
1803,AU-20,allopathic,au-20capsule-delayed-release20-mg,Capsule (Delayed Release),Omeprazole,20 mg,Decent Pharma Laboratories Ltd.,"Unit Price: ৳ 4.50,(100's pack: ৳ 450.00),",(100's pack: ৳ 450.00)
713,ATV Plus,allopathic,atv-plustablet5-mg10-mg,Tablet,Amlodipine Besilate + Atorvastatin,5 mg+10 mg,Delta Pharma Ltd.,"Unit Price: ৳ 8.00,(30's pack: ৳ 240.00),",(30's pack: ৳ 240.00)
1114,ATV,allopathic,atvtablet20-mg,Tablet,Atorvastatin Calcium,20 mg,Delta Pharma Ltd.,"Unit Price: ৳ 10.00,(30's pack: ৳ 300.00),",(30's pack: ৳ 300.00)
1113,ATV,allopathic,atvtablet10-mg,Tablet,Atorvastatin Calcium,10 mg,Delta Pharma Ltd.,"Unit Price: ৳ 5.00,(30's pack: ৳ 150.00),",(30's pack: ৳ 150.00)
3374,ATV,allopathic,atvtablet40-mg,Tablet,Atorvastatin Calcium,40 mg,Delta Pharma Ltd.,"Unit Price: ৳ 15.00,(10's pack: ৳ 150.00),",(10's pack: ৳ 150.00)
1111,Attentin,allopathic,attentincapsule10-mg,Capsule,Atomoxetine Hydrochloride,10 mg,UniMed UniHealth,"Unit Price: ৳ 8.00,(30's pack: ৳ 240.00),",(30's pack: ৳ 240.00)
1141,Atrovast,allopathic,atrovasttablet20-mg,Tablet,Atorvastatin Calcium,20 mg,Nuvista Pharma Ltd.,"Unit Price: ৳ 18.05,(20's pack: ৳ 361.00),",(20's pack: ৳ 361.00)
1140,Atrovast,allopathic,atrovasttablet10-mg,Tablet,Atorvastatin Calcium,10 mg,Nuvista Pharma Ltd.,"Unit Price: ৳ 12.04,(30's pack: ৳ 361.21),",(30's pack: ৳ 361.21)
17644,Acudipin,allopathic,acudipintablet5-mg,Tablet,Amlodipine Besilate,5 mg,Concord Pharmaceuticals Ltd.,"Unit Price: ৳ 5.02,(50's pack: ৳ 251.00),",(50's pack: ৳ 251.00)
11907,Avil,allopathic,avilimiv-injection455-mg2-ml,IM/IV Injection,Pheniramine Maleate,45.5 mg/2 ml,Synovia pharma plc,"2 ml ampoule: ৳ 7.55,(25's pack: ৳ 188.75),",(25's pack: ৳ 188.75)
11904,Avil,allopathic,aviltablet227-mg,Tablet,Pheniramine Maleate,22.7 mg,Synovia pharma plc,"Unit Price: ৳ 1.51,(300's pack: ৳ 453.00),",(300's pack: ৳ 453.00)
11906,Avil,allopathic,avilsyrup15-mg5-ml,Syrup,Pheniramine Maleate,15 mg/5 ml,Synovia pharma plc,75 ml bottle: ৳ 25.08,
9725,Avifix,allopathic,avifixtablet250-mg,Tablet,Nelfinavir,250 mg,Beximco Pharmaceuticals Ltd.,"Unit Price: ৳ 45.00,(10's pack: ৳ 450.00),",(10's pack: ৳ 450.00)
9723,Avifanz,allopathic,avifanztablet600-mg,Tablet,Efavirenz,600 mg,Beximco Pharmaceuticals Ltd.,"Unit Price: ৳ 200.00,(10's pack: ৳ 2,000.00),","(10's pack: ৳ 2,000.00)"
31895,Avidro,allopathic,avidrotablet05-mg,Tablet,Pizotifen,0.5 mg,Beximco Pharmaceuticals Ltd.,"Unit Price: ৳ 3.00,(100's pack: ৳ 300.00),",(100's pack: ৳ 300.00)
31894,Avidro,allopathic,avidrotablet15-mg,Tablet,Pizotifen,1.5 mg,Beximco Pharmaceuticals Ltd.,"Unit Price: ৳ 7.00,(50's pack: ৳ 350.00),",(50's pack: ৳ 350.00)
2510,Avidol,allopathic,avidoltablet625-mg,Tablet,Carvedilol,6.25 mg,Ad-din Pharmaceuticals Ltd.,"Unit Price: ৳ 3.00,(60's pack: ৳ 180.00),",(60's pack: ৳ 180.00)
4647,Avert Plus,allopathic,avert-plustablet25-mg50-mg,Tablet,Meclizine + Pyridoxine,25 mg+50 mg,Biopharma Laboratories Ltd.,"Unit Price: ৳ 3.00,(50's pack: ৳ 150.00),",(50's pack: ৳ 150.00)
4609,Avert,allopathic,averttablet50-mg,Tablet,Meclizine Hydrochloride,50 mg,Biopharma Laboratories Ltd.,"Unit Price: ৳ 2.51,(50's pack: ৳ 125.40),",(50's pack: ৳ 125.40)
34,Avenac,allopathic,avenactablet100-mg,Tablet,Aceclofenac,100 mg,Radiant Pharmaceuticals Ltd.,"Unit Price: ৳ 5.02,(50's pack: ৳ 251.00),",(50's pack: ৳ 251.00)
29464,Avemac,allopathic,avemactablet12-mg,Tablet,Ivermectin (Tablet),12 mg,Opsonin Pharma Ltd.,"Unit Price: ৳ 20.00,(10's pack: ৳ 200.00),",(10's pack: ৳ 200.00)
29465,Avemac,allopathic,avemactablet3-mg,Tablet,Ivermectin (Tablet),3 mg,Opsonin Pharma Ltd.,"Unit Price: ৳ 5.00,(30's pack: ৳ 150.00),",(30's pack: ৳ 150.00)
29466,Avemac,allopathic,avemactablet6-mg,Tablet,Ivermectin (Tablet),6 mg,Opsonin Pharma Ltd.,"Unit Price: ৳ 10.00,(20's pack: ৳ 200.00),",(20's pack: ৳ 200.00)
9419,Avelox,allopathic,aveloxtablet500-mg,Tablet,Levofloxacin Hemihydrate,500 mg,Marker Pharma Ltd.,"Unit Price: ৳ 12.00,(20's pack: ৳ 240.00),",(20's pack: ৳ 240.00)
1170,Avator,allopathic,avatortablet20-mg,Tablet,Atorvastatin Calcium,20 mg,NIPRO JMI Pharma Ltd.,"Unit Price: ৳ 18.05,(20's pack: ৳ 361.00),",(20's pack: ৳ 361.00)
1169,Avator,allopathic,avatortablet10-mg,Tablet,Atorvastatin Calcium,10 mg,NIPRO JMI Pharma Ltd.,"Unit Price: ৳ 10.03,(30's pack: ৳ 300.90),",(30's pack: ৳ 300.90)
16124,Avatan-T,allopathic,avatan-tophthalmic-solution000405,Ophthalmic Solution,Travoprost + Timolol Maleate,0.004%+0.5%,Aristopharma Ltd.,3 ml drop: ৳ 500.00,
16721,Avatan,allopathic,avatanophthalmic-solution0004,Ophthalmic Solution,Travoprost,0.00%,Aristopharma Ltd.,3 ml drop: ৳ 470.00,
27255,Avastrol,allopathic,avastroltablet10-mg,Tablet,Atorvastatin Calcium,10 mg,Centeon Pharma Ltd.,"Unit Price: ৳ 12.00,(30's pack: ৳ 360.00),",(30's pack: ৳ 360.00)
27256,Avastrol,allopathic,avastroltablet20-mg,Tablet,Atorvastatin Calcium,20 mg,Centeon Pharma Ltd.,"Unit Price: ৳ 18.00,(20's pack: ৳ 360.00),",(20's pack: ৳ 360.00)
26084,Avastin,allopathic,avastiniv-infusion400-mg16-ml,IV Infusion,Bevacizumab,400 mg/16 ml,Roche Bangladesh Ltd.,"400 mg vial: ৳ 78,000.00",
15089,Avastin,allopathic,avastiniv-infusion100-mg4-ml,IV Infusion,Bevacizumab,100 mg/4 ml,Roche Bangladesh Ltd.,"100 mg vial: ৳ 20,200.00",
1168,Avastatin,allopathic,avastatintablet10-mg,Tablet,Atorvastatin Calcium,10 mg,Edruc Limited,"Unit Price: ৳ 8.00,(10's pack: ৳ 80.00),",(10's pack: ৳ 80.00)
20479,Avaspray,allopathic,avaspraynasal-spray275-mcgspray,Nasal Spray,Fluticasone Furoate,27.5 mcg/spray,Square Pharmaceuticals Ltd.,120 metered sprays: ৳ 275.00,
1167,Avas,allopathic,avastablet40-mg,Tablet,Atorvastatin Calcium,40 mg,Opsonin Pharma Ltd.,"Unit Price: ৳ 27.00,(14's pack: ৳ 378.00),",(14's pack: ৳ 378.00)
1165,Avas,allopathic,avastablet10-mg,Tablet,Atorvastatin Calcium,10 mg,Opsonin Pharma Ltd.,"Unit Price: ৳ 11.00,(42's pack: ৳ 462.00),",(42's pack: ৳ 462.00)
1166,Avas,allopathic,avastablet20-mg,Tablet,Atorvastatin Calcium,20 mg,Opsonin Pharma Ltd.,"Unit Price: ৳ 20.00,(14's pack: ৳ 280.00),",(14's pack: ৳ 280.00)
29349,Avanza,allopathic,avanzacapsule4-mg,Capsule,Astaxanthin,4 mg,Healthcare Pharmaceuticals Ltd.,"Unit Price: ৳ 22.00,(30's pack: ৳ 660.00),",(30's pack: ৳ 660.00)
29348,Avanza,allopathic,avanzacapsule2-mg,Capsule,Astaxanthin,2 mg,Healthcare Pharmaceuticals Ltd.,"Unit Price: ৳ 12.00,(30's pack: ৳ 360.00),",(30's pack: ৳ 360.00)
25703,Acubis,allopathic,acubistablet25-mg,Tablet,Bisoprolol Hemifumarate,2.5 mg,Concord Pharmaceuticals Ltd.,"Unit Price: ৳ 6.02,(30's pack: ৳ 180.60),",(30's pack: ৳ 180.60)
6794,Avlosef,allopathic,avlosefpediatric-drops125-mg125-ml,Pediatric Drops,Cephradine,125 mg/1.25 ml,ACI Limited,15 ml bottle: ৳ 65.20,
26333,Avlosef,allopathic,avlosefpowder-for-suspension125-mg5-ml,Powder for Suspension,Cephradine,125 mg/5 ml,ACI Limited,100 ml bottle: ৳ 90.27,
6793,Avlosef,allopathic,avlosefcapsule500-mg,Capsule,Cephradine,500 mg,ACI Limited,"Unit Price: ৳ 15.05,(32's pack: ৳ 481.60),",(32's pack: ৳ 481.60)
6792,Avlosef,allopathic,avlosefcapsule250-mg,Capsule,Cephradine,250 mg,ACI Limited,"Unit Price: ৳ 8.02,(32's pack: ৳ 256.64),",(32's pack: ৳ 256.64)
10258,Avloquin,allopathic,avloquinsyrup50-mg5-ml,Syrup,Chloroquine Phosphate,50 mg/5 ml,ACI Limited,60 ml bottle: ৳ 14.91,
10257,Avloquin,allopathic,avloquintablet250-mg,Tablet,Chloroquine Phosphate,250 mg,ACI Limited,"Unit Price: ৳ 1.32,(100's pack: ৳ 132.00),",(100's pack: ৳ 132.00)
26332,Avlomox DS,allopathic,avlomox-dspowder-for-suspension250-mg5-ml,Powder for Suspension,Amoxicillin Trihydrate,250 mg/5 ml,ACI Limited,"60 ml bottle: ৳ 49.73,100 ml bottle: ৳ 65.45",
26330,Avlomox,allopathic,avlomoximiv-injection500-mgvial,IM/IV Injection,Amoxicillin Trihydrate,500 mg/vial,ACI Limited,500 mg vial: ৳ 32.10,
26331,Avlomox,allopathic,avlomoxpowder-for-suspension125-mg5-ml,Powder for Suspension,Amoxicillin Trihydrate,125 mg/5 ml,ACI Limited,100 ml bottle: ৳ 46.32,
26329,Avlomox,allopathic,avlomoxcapsule250-mg,Capsule,Amoxicillin Trihydrate,250 mg,ACI Limited,"Unit Price: ৳ 3.45,(100's pack: ৳ 345.00),",(100's pack: ৳ 345.00)
6485,Avlomox,allopathic,avlomoxcapsule500-mg,Capsule,Amoxicillin Trihydrate,500 mg,ACI Limited,"Unit Price: ৳ 6.12,(40's pack: ৳ 244.80),",(40's pack: ৳ 244.80)
6484,Avlomox,allopathic,avlomoxpediatric-drops125-mg125-ml,Pediatric Drops,Amoxicillin Trihydrate,125 mg/1.25 ml,ACI Limited,15 ml bottle: ৳ 30.29,
27539,Avloclav BID,allopathic,avloclav-bidpowder-for-suspension400-mg5750-mg5-ml,Powder for Suspension,Amoxicillin + Clavulanic Acid,(400 mg+57.50 mg)/5 ml,ACI Limited,50 ml bottle: ৳ 195.00,
26325,Avloclav,allopathic,avloclavtablet250-mg125-mg,Tablet,Amoxicillin + Clavulanic Acid,250 mg+125 mg,ACI Limited,"Unit Price: ৳ 25.00,(18's pack: ৳ 450.00),",(18's pack: ৳ 450.00)
26326,Avloclav,allopathic,avloclavtablet500-mg125-mg,Tablet,Amoxicillin + Clavulanic Acid,500 mg+125 mg,ACI Limited,"Unit Price: ৳ 32.00,(18's pack: ৳ 576.00),",(18's pack: ৳ 576.00)
26327,Avloclav,allopathic,avloclavtablet875-mg125-mg,Tablet,Amoxicillin + Clavulanic Acid,875 mg+125 mg,ACI Limited,"Unit Price: ৳ 45.00,(12's pack: ৳ 540.00),",(12's pack: ৳ 540.00)
27538,Avloclav,allopathic,avloclaviv-injection1-gm200-mg20-ml,IV Injection,Amoxicillin + Clavulanic Acid,(1 gm+200 mg)/20 ml,ACI Limited,1.2 gm vial: ৳ 300.00,
27537,Avloclav,allopathic,avloclaviv-injection500-mg100-mg10-ml,IV Injection,Amoxicillin + Clavulanic Acid,(500 mg+100 mg)/10 ml,ACI Limited,600 mg vial: ৳ 150.00,
26328,Avloclav,allopathic,avloclavpowder-for-suspension125-mg3125-mg5-ml,Powder for Suspension,Amoxicillin + Clavulanic Acid,(125 mg+31.25 mg)/5 ml,ACI Limited,100 ml bottle: ৳ 220.00,
21934,Avlocid Plus,allopathic,avlocid-plusoral-suspension400-mg400-mg30-mg5-ml,Oral Suspension,Aluminium Hydroxide + Magnesium Hydroxide + Simethicone,(400 mg+400 mg+30 mg)/5 ml,ACI Limited,200 ml bottle: ৳ 75.23,
17553,Avlocid Plus,allopathic,avlocid-pluschewable-tablet400-mg400-mg30-mg,Chewable Tablet,Aluminium Hydroxide + Magnesium Hydroxide + Simethicone,400 mg+400 mg+30 mg,ACI Limited,"Unit Price: ৳ 2.01,(250's pack: ৳ 502.50),",(250's pack: ৳ 502.50)
32201,Avlocid MS,allopathic,avlocid-mschewable-tablet480-mg20-mg,Chewable Tablet,Magaldrate + Simethicone,480 mg+20 mg,ACI Limited,"Unit Price: ৳ 3.01,(100's pack: ৳ 301.00),",(100's pack: ৳ 301.00)
16592,Avlocid MS,allopathic,avlocid-msoral-suspension480-mg20-mg5-ml,Oral Suspension,Magaldrate + Simethicone,(480 mg+20 mg)/5 ml,ACI Limited,200 ml bottle: ৳ 100.30,
32203,Avlocid,allopathic,avlocidchewable-tablet175-mg225-mg,Chewable Tablet,Aluminium Hydroxide + Magnesium Hydroxide,175 mg+225 mg,ACI Limited,"Unit Price: ৳ 0.73,(250's pack: ৳ 182.50),",(250's pack: ৳ 182.50)
32202,Avlocid,allopathic,avlocidoral-suspension250-mg400-mg5-ml,Oral Suspension,Aluminium Hydroxide + Magnesium Hydroxide,(250 mg+400 mg)/5 ml,ACI Limited,200 ml bottle: ৳ 50.00,
14735,Avista,allopathic,avistatablet,Tablet,Super antioxidant [vitamins & minerals],,Kemiko Pharmaceuticals Ltd.,"Unit Price: ৳ 4.00,(30's pack: ৳ 120.00),",(30's pack: ৳ 120.00)
12700,Avison,allopathic,avisoncream101,Cream,Econazole Nitrate + Triamcinolone Acetonide,1%+0.1%,Orion Pharma Ltd.,10 gm tube: ৳ 48.00,
3146,Avintol,allopathic,avintoltablet5-mg,Tablet,Vinpocetine,5 mg,ACI Limited,"Unit Price: ৳ 3.00,(50's pack: ৳ 150.00),",(50's pack: ৳ 150.00)
9729,Avilam,allopathic,avilamtablet150-mg,Tablet,Lamivudine [For HIV Infection],150 mg,Beximco Pharmaceuticals Ltd.,"Unit Price: ৳ 25.00,(10's pack: ৳ 250.00),",(10's pack: ৳ 250.00)
11905,Avil Retard,allopathic,avil-retardtablet75-mg,Tablet,Pheniramine Maleate,75 mg,Synovia pharma plc,"Unit Price: ৳ 2.02,(100's pack: ৳ 202.00),",(100's pack: ৳ 202.00)
25702,Acubis,allopathic,acubistablet5-mg,Tablet,Bisoprolol Hemifumarate,5 mg,Concord Pharmaceuticals Ltd.,"Unit Price: ৳ 10.03,(30's pack: ৳ 300.90),",(30's pack: ৳ 300.90)
7164,Axefur,allopathic,axefurpowder-for-suspension125-mg5-ml,Powder for Suspension,Cefuroxime Axetil,125 mg/5 ml,Amulet Pharmaceuticals Ltd.,70 ml bottle: ৳ 198.00,
7162,Axefur,allopathic,axefurtablet250-mg,Tablet,Cefuroxime Axetil,250 mg,Amulet Pharmaceuticals Ltd.,"Unit Price: ৳ 25.00,(12's pack: ৳ 300.00),",(12's pack: ৳ 300.00)
18981,Axeclav,allopathic,axeclavtablet500-mg125-mg,Tablet,Cefuroxime Axetil + Clavulanic Acid,500 mg+125 mg,Alco Pharma Ltd.,"Unit Price: ৳ 50.00,(8's pack: ৳ 400.00),",(8's pack: ৳ 400.00)
18982,Axeclav,allopathic,axeclavpowder-for-suspension125-mg3125-mg5-ml,Powder for Suspension,Cefuroxime Axetil + Clavulanic Acid,(125 mg+31.25 mg)/5 ml,Alco Pharma Ltd.,70 ml bottle: ৳ 250.00,
18980,Axeclav,allopathic,axeclavtablet250-mg625-mg,Tablet,Cefuroxime Axetil + Clavulanic Acid,250 mg+62.5 mg,Alco Pharma Ltd.,"Unit Price: ৳ 30.00,(12's pack: ৳ 360.00),",(12's pack: ৳ 360.00)
11764,Axant,allopathic,axanttablet10-mg,Tablet,Baclofen,10 mg,Novus Pharmaceuticals Ltd.,"Unit Price: ৳ 4.50,(30's pack: ৳ 135.00),",(30's pack: ৳ 135.00)
11765,Axant,allopathic,axanttablet25-mg,Tablet,Baclofen,25 mg,Novus Pharmaceuticals Ltd.,"Unit Price: ৳ 8.00,(20's pack: ৳ 160.00),",(20's pack: ৳ 160.00)
14012,AX,allopathic,axtablet6-mg200-mg50-mg,Tablet,Betacarotene + Vitamin C + Vitamin E,6 mg+200 mg+50 mg,Bristol Pharmaceuticals Ltd.,"Unit Price: ৳ 2.53,(30's pack: ৳ 75.90),",(30's pack: ৳ 75.90)
9728,Avudin,allopathic,avudintablet150-mg300-mg,Tablet,Lamivudine + Zidovudine,150 mg+300 mg,Square Pharmaceuticals Ltd.,"Unit Price: ৳ 45.00,(10's pack: ৳ 450.00),",(10's pack: ৳ 450.00)
16723,Avro,allopathic,avroophthalmic-solution0004,Ophthalmic Solution,Travoprost,0.00%,Drug International Ltd.,3 ml drop: ৳ 451.40,
4676,Avotil,allopathic,avotiltablet5-mg,Tablet,Prochlorperazine Maleate,5 mg,Rephco Pharmaceuticals Ltd.,"Unit Price: ৳ 0.30,(200's pack: ৳ 60.00),",(200's pack: ৳ 60.00)
25094,Avost Plus,allopathic,avost-plusophthalmic-solution000405,Ophthalmic Solution,Travoprost + Timolol Maleate,0.004%+0.5%,Ibn Sina Pharmaceuticals Ltd.,3 ml drop: ৳ 500.00,
16722,Avost,allopathic,avostophthalmic-solution0004,Ophthalmic Solution,Travoprost,0.00%,Ibn Sina Pharmaceuticals Ltd.,3 ml drop: ৳ 470.00,
2415,Avonoid,allopathic,avonoidtablet450-mg50-mg,Tablet,Micronised Diosmin + Hesperidin,450 mg+50 mg,UniMed UniHealth,"Unit Price: ৳ 8.00,(30's pack: ৳ 240.00),",(30's pack: ৳ 240.00)
4628,Avonex,allopathic,avonextablet25-mg50-mg,Tablet,Meclizine + Pyridoxine,25 mg+50 mg,Novo Healthcare and Pharma Ltd.,"Unit Price: ৳ 2.51,(30's pack: ৳ 75.22),",(30's pack: ৳ 75.22)
4721,Avona,allopathic,avonatablet8-mg,Tablet,Ondansetron,8 mg,Popular Pharmaceuticals Ltd.,"Unit Price: ৳ 10.00,(30's pack: ৳ 300.00),",(30's pack: ৳ 300.00)
4723,Avona,allopathic,avonaoral-solution4-mg5-ml,Oral Solution,Ondansetron,4 mg/5 ml,Popular Pharmaceuticals Ltd.,50 ml bottle: ৳ 32.00,
1516,Avomit,allopathic,avomitoral-suspension5-mg5-ml,Oral Suspension,Domperidone Maleate,5 mg/5 ml,Chemist Laboratories  Ltd.,60 ml bottle: ৳ 28.00,
1515,Avomit,allopathic,avomittablet10-mg,Tablet,Domperidone Maleate,10 mg,Chemist Laboratories  Ltd.,"Unit Price: ৳ 2.00,(150's pack: ৳ 300.00),",(150's pack: ৳ 300.00)
4651,Avomine,allopathic,avominetablet25-mg,Tablet,Promethazine Theoclate,25 mg,Synovia pharma plc,"Unit Price: ৳ 0.57,(600's pack: ৳ 342.00),",(600's pack: ৳ 342.00)
21381,Avolose,allopathic,avoloseoral-solution335-gm5-ml,Oral Solution,Lactulose,3.35 gm/5 ml,Team Pharmaceuticals Ltd.,"100 ml bottle: ৳ 135.00,200 ml bottle: ৳ 245.00",
2377,Avolac,allopathic,avolacoral-solution335-gm5-ml,Oral Solution,Lactulose,3.35 gm/5 ml,Aristopharma Ltd.,"100 ml bottle: ৳ 140.00,200 ml bottle: ৳ 250.00",
17744,Avodil VL,allopathic,avodil-vltablet10-mg320-mg,Tablet,Amlodipine Besilate + Valsartan,10 mg+320 mg,Opsonin Pharma Ltd.,"Unit Price: ৳ 32.00,(20's pack: ৳ 640.00),",(20's pack: ৳ 640.00)
1171,Avocard,allopathic,avocardtablet10-mg,Tablet,Atorvastatin Calcium,10 mg,The White Horse Pharma,"Unit Price: ৳ 10.00,(30's pack: ৳ 300.00),",(30's pack: ৳ 300.00)
1172,Avocard,allopathic,avocardtablet20-mg,Tablet,Atorvastatin Calcium,20 mg,The White Horse Pharma,"Unit Price: ৳ 16.00,(30's pack: ৳ 480.00),",(30's pack: ৳ 480.00)
8990,Avlotrin DS,allopathic,avlotrin-dstablet800-mg160-mg,Tablet,Sulphamethoxazole + Trimethoprim,800 mg+160 mg,ACI Limited,"Unit Price: ৳ 2.01,(100's pack: ৳ 201.00),",(100's pack: ৳ 201.00)
32209,Avlotrin,allopathic,avlotrintablet400-mg80-mg,Tablet,Sulphamethoxazole + Trimethoprim,400 mg+80 mg,ACI Limited,"Unit Price: ৳ 1.50,(250's pack: ৳ 375.00),",(250's pack: ৳ 375.00)
8991,Avlotrin,allopathic,avlotrinoral-suspension200-mg40-mg5-ml,Oral Suspension,Sulphamethoxazole + Trimethoprim,(200 mg+40 mg)/5 ml,ACI Limited,60 ml bottle: ৳ 22.21,
6795,Avlosef DS,allopathic,avlosef-dspowder-for-suspension250-mg5-ml,Powder for Suspension,Cephradine,250 mg/5 ml,ACI Limited,"60 ml bottle: ৳ 80.54,100 ml bottle: ৳ 135.41",
2375,Actulose,allopathic,actuloseoral-solution335-gm5-ml,Oral Solution,Lactulose,3.35 gm/5 ml,Silva Pharmaceuticals Ltd.,"100 ml bottle: ৳ 60.22,200 ml bottle: ৳ 120.46",
8983,Actrim-DS,allopathic,actrim-dstablet800-mg160-mg,Tablet,Sulphamethoxazole + Trimethoprim,800 mg+160 mg,Globe Pharmaceuticals Ltd.,"Unit Price: ৳ 2.00,(100's pack: ৳ 200.00),",(100's pack: ৳ 200.00)
8957,Aximin,allopathic,aximintablet550-mg,Tablet,Rifaximin,550 mg,ACME Laboratories Ltd.,"Unit Price: ৳ 45.13,(10's pack: ৳ 451.30),",(10's pack: ৳ 451.30)
18987,Axim CV,allopathic,axim-cvtablet250-mg625-mg,Tablet,Cefuroxime Axetil + Clavulanic Acid,250 mg+62.5 mg,Aristopharma Ltd.,"Unit Price: ৳ 30.00,(12's pack: ৳ 360.00),",(12's pack: ৳ 360.00)
18989,Axim CV,allopathic,axim-cvpowder-for-suspension125-mg3125-mg5-ml,Powder for Suspension,Cefuroxime Axetil + Clavulanic Acid,(125 mg+31.25 mg)/5 ml,Aristopharma Ltd.,70 ml bottle: ৳ 250.00,
18986,Axim CV,allopathic,axim-cvtablet500-mg125-mg,Tablet,Cefuroxime Axetil + Clavulanic Acid,500 mg+125 mg,Aristopharma Ltd.,"Unit Price: ৳ 50.00,(8's pack: ৳ 400.00),",(8's pack: ৳ 400.00)
7179,Axim,allopathic,aximtablet250-mg,Tablet,Cefuroxime Axetil,250 mg,Aristopharma Ltd.,"Unit Price: ৳ 25.00,(20's pack: ৳ 500.00),",(20's pack: ৳ 500.00)
7180,Axim,allopathic,aximtablet500-mg,Tablet,Cefuroxime Axetil,500 mg,Aristopharma Ltd.,"Unit Price: ৳ 45.00,(10's pack: ৳ 450.00),",(10's pack: ৳ 450.00)
7182,Axim,allopathic,aximimiv-injection750-mgvial,IM/IV Injection,Cefuroxime Axetil,750 mg/vial,Aristopharma Ltd.,750 mg vial: ৳ 125.00,
25772,Axim,allopathic,aximiv-injection15-gmvial,IV Injection,Cefuroxime Axetil,1.5 gm/vial,Aristopharma Ltd.,1.5 gm vial: ৳ 200.00,
7178,Axim,allopathic,aximtablet125-mg,Tablet,Cefuroxime Axetil,125 mg,Aristopharma Ltd.,"Unit Price: ৳ 15.00,(10's pack: ৳ 150.00),",(10's pack: ৳ 150.00)
7181,Axim,allopathic,aximpowder-for-suspension125-mg5-ml,Powder for Suspension,Cefuroxime Axetil,125 mg/5 ml,Aristopharma Ltd.,70 ml bottle: ৳ 225.00,
31516,Axicef Plus,allopathic,axicef-plustablet125-mg3125-mg,Tablet,Cefuroxime Axetil + Clavulanic Acid,125 mg+31.25 mg,UniMed UniHealth,"Unit Price: ৳ 14.00,(18's pack: ৳ 252.00),",(18's pack: ৳ 252.00)
31515,Axicef Plus,allopathic,axicef-pluspowder-for-suspension125-mg3125-mg5-ml,Powder for Suspension,Cefuroxime Axetil + Clavulanic Acid,(125 mg+31.25 mg)/5 ml,UniMed UniHealth,70 ml bottle: ৳ 250.00,
31514,Axicef Plus,allopathic,axicef-plustablet500-mg125-mg,Tablet,Cefuroxime Axetil + Clavulanic Acid,500 mg+125 mg,UniMed UniHealth,"Unit Price: ৳ 50.00,(14's pack: ৳ 700.00),",(14's pack: ৳ 700.00)
31513,Axicef Plus,allopathic,axicef-plustablet250-mg625-mg,Tablet,Cefuroxime Axetil + Clavulanic Acid,250 mg+62.5 mg,UniMed UniHealth,"Unit Price: ৳ 30.00,(14's pack: ৳ 420.00),",(14's pack: ৳ 420.00)
25844,Axicef,allopathic,axiceftablet250-mg,Tablet,Cefuroxime Axetil,250 mg,UniMed UniHealth,"Unit Price: ৳ 25.00,(12's pack: ৳ 300.00),",(12's pack: ৳ 300.00)
25845,Axicef,allopathic,axiceftablet500-mg,Tablet,Cefuroxime Axetil,500 mg,UniMed UniHealth,"Unit Price: ৳ 45.00,(8's pack: ৳ 360.00),",(8's pack: ৳ 360.00)
25846,Axicef,allopathic,axicefpowder-for-suspension125-mg5-ml,Powder for Suspension,Cefuroxime Axetil,125 mg/5 ml,UniMed UniHealth,70 ml bottle: ৳ 200.00,
7175,Axibid,allopathic,axibidtablet250-mg,Tablet,Cefuroxime Axetil,250 mg,Nuvista Pharma Ltd.,"Unit Price: ৳ 25.08,(14's pack: ৳ 351.12),",(14's pack: ৳ 351.12)
7177,Axibid,allopathic,axibidtablet500-mg,Tablet,Cefuroxime Axetil,500 mg,Nuvista Pharma Ltd.,"Unit Price: ৳ 45.13,(7's pack: ৳ 315.90),",(7's pack: ৳ 315.90)
7174,Axetil,allopathic,axetilpowder-for-suspension125-mg5-ml,Powder for Suspension,Cefuroxime Axetil,125 mg/5 ml,Alco Pharma Ltd.,70 ml bottle: ৳ 190.58,
7173,Axetil,allopathic,axetiltablet500-mg,Tablet,Cefuroxime Axetil,500 mg,Alco Pharma Ltd.,"Unit Price: ৳ 45.14,(12's pack: ৳ 541.68),",(12's pack: ৳ 541.68)
7172,Axetil,allopathic,axetiltablet250-mg,Tablet,Cefuroxime Axetil,250 mg,Alco Pharma Ltd.,"Unit Price: ৳ 25.08,(12's pack: ৳ 300.97),",(12's pack: ৳ 300.97)
7171,Axetil,allopathic,axetiltablet125-mg,Tablet,Cefuroxime Axetil,125 mg,Alco Pharma Ltd.,"Unit Price: ৳ 12.04,(12's pack: ৳ 144.49),",(12's pack: ৳ 144.49)
7170,Axet,allopathic,axetimiv-injection750-mgvial,IM/IV Injection,Cefuroxime Axetil,750 mg/vial,Orion Pharma Ltd.,750 mg vial: ৳ 125.86,
7168,Axet,allopathic,axetpowder-for-suspension125-mg5-ml,Powder for Suspension,Cefuroxime Axetil,125 mg/5 ml,Orion Pharma Ltd.,70 ml bottle: ৳ 216.46,
7167,Axet,allopathic,axettablet500-mg,Tablet,Cefuroxime Axetil,500 mg,Orion Pharma Ltd.,"Unit Price: ৳ 45.30,(12's pack: ৳ 543.60),",(12's pack: ৳ 543.60)
7166,Axet,allopathic,axettablet250-mg,Tablet,Cefuroxime Axetil,250 mg,Orion Pharma Ltd.,"Unit Price: ৳ 25.16,(20's pack: ৳ 503.20),",(20's pack: ৳ 503.20)
7165,Axet,allopathic,axettablet125-mg,Tablet,Cefuroxime Axetil,125 mg,Orion Pharma Ltd.,"Unit Price: ৳ 15.10,(20's pack: ৳ 302.00),",(20's pack: ৳ 302.00)
18688,Axepime,allopathic,axepimeimiv-injection1-gmvial,IM/IV Injection,Cefepime Hydrochloride,1 gm/vial,Euro Pharma Ltd.,1 gm vial: ৳ 550.00,
8984,Actrim,allopathic,actrimoral-suspension200-mg40-mg5-ml,Oral Suspension,Sulphamethoxazole + Trimethoprim,(200 mg+40 mg)/5 ml,Globe Pharmaceuticals Ltd.,60 ml bottle: ৳ 22.00,
16770,Actrapid Penfill,allopathic,actrapid-penfillsc-injection100-iuml,SC Injection,Insulin Human [Fast-Acting],100 IU/ml,Novo Nordisk Pharma (Pvt.) Ltd,"3 ml cartridge: ৳ 419.00,(5's pack: ৳ 2,095.00),","(5's pack: ৳ 2,095.00)"
7935,Axosin,allopathic,axosiniv-injection1-gmvial,IV Injection,Ceftriaxone Sodium,1 gm/vial,Ibn Sina Pharmaceuticals Ltd.,1 gm vial: ৳ 180.00,
7933,Axosin,allopathic,axosiniv-injection250-mgvial,IV Injection,Ceftriaxone Sodium,250 mg/vial,Ibn Sina Pharmaceuticals Ltd.,250 mg vial: ৳ 90.00,
7934,Axosin,allopathic,axosiniv-injection500-mgvial,IV Injection,Ceftriaxone Sodium,500 mg/vial,Ibn Sina Pharmaceuticals Ltd.,500 mg vial: ৳ 120.46,
7936,Axosin,allopathic,axosiniv-injection2-gmvial,IV Injection,Ceftriaxone Sodium,2 gm/vial,Ibn Sina Pharmaceuticals Ltd.,2 gm vial: ৳ 290.00,
7932,Axosin,allopathic,axosinim-injection1-gmvial,IM Injection,Ceftriaxone Sodium,1 gm/vial,Ibn Sina Pharmaceuticals Ltd.,1 gm vial: ৳ 180.00,
7930,Axosin,allopathic,axosinim-injection250-mgvial,IM Injection,Ceftriaxone Sodium,250 mg/vial,Ibn Sina Pharmaceuticals Ltd.,250 mg vial: ৳ 90.00,
7931,Axosin,allopathic,axosinim-injection500-mgvial,IM Injection,Ceftriaxone Sodium,500 mg/vial,Ibn Sina Pharmaceuticals Ltd.,500 mg vial: ৳ 120.46,
7929,Axon,allopathic,axoniv-injection2-gmvial,IV Injection,Ceftriaxone Sodium,2 gm/vial,Aristopharma Ltd.,2 gm vial: ৳ 300.00,
7928,Axon,allopathic,axoniv-injection1-gmvial,IV Injection,Ceftriaxone Sodium,1 gm/vial,Aristopharma Ltd.,1 gm vial: ৳ 200.00,
7927,Axon,allopathic,axoniv-injection500-mgvial,IV Injection,Ceftriaxone Sodium,500 mg/vial,Aristopharma Ltd.,500 mg vial: ৳ 130.00,
7926,Axon,allopathic,axoniv-injection250-mgvial,IV Injection,Ceftriaxone Sodium,250 mg/vial,Aristopharma Ltd.,250 mg vial: ৳ 100.00,
7925,Axon,allopathic,axonim-injection1-gmvial,IM Injection,Ceftriaxone Sodium,1 gm/vial,Aristopharma Ltd.,1 gm vial: ৳ 200.00,
7924,Axon,allopathic,axonim-injection500-mgvial,IM Injection,Ceftriaxone Sodium,500 mg/vial,Aristopharma Ltd.,500 mg vial: ৳ 130.00,
7923,Axon,allopathic,axonim-injection250-mgvial,IM Injection,Ceftriaxone Sodium,250 mg/vial,Aristopharma Ltd.,250 mg vial: ৳ 100.00,
26883,Axofyl,allopathic,axofyltablet400-mg,Tablet,Doxophylline,400 mg,Orion Pharma Ltd.,"Unit Price: ৳ 10.00,(30's pack: ৳ 300.00),",(30's pack: ৳ 300.00)
26882,Axofyl,allopathic,axofyltablet200-mg,Tablet,Doxophylline,200 mg,Orion Pharma Ltd.,"Unit Price: ৳ 6.00,(30's pack: ৳ 180.00),",(30's pack: ৳ 180.00)
12076,Axofen,allopathic,axofenoral-suspension30-mg5-ml,Oral Suspension,Fexofenadine Hydrochloride,30 mg/5 ml,Aristopharma Ltd.,50 ml bottle: ৳ 55.00,
12075,Axofen,allopathic,axofentablet180-mg,Tablet,Fexofenadine Hydrochloride,180 mg,Aristopharma Ltd.,"Unit Price: ৳ 10.00,(20's pack: ৳ 200.00),",(20's pack: ৳ 200.00)
12074,Axofen,allopathic,axofentablet120-mg,Tablet,Fexofenadine Hydrochloride,120 mg,Aristopharma Ltd.,"Unit Price: ৳ 8.00,(30's pack: ৳ 240.00),",(30's pack: ৳ 240.00)
12073,Axodin,allopathic,axodinoral-suspension30-mg5-ml,Oral Suspension,Fexofenadine Hydrochloride,30 mg/5 ml,Beximco Pharmaceuticals Ltd.,50 ml bottle: ৳ 55.00,
12072,Axodin,allopathic,axodintablet180-mg,Tablet,Fexofenadine Hydrochloride,180 mg,Beximco Pharmaceuticals Ltd.,"Unit Price: ৳ 9.00,(30's pack: ৳ 270.00),",(30's pack: ৳ 270.00)
12071,Axodin,allopathic,axodintablet120-mg,Tablet,Fexofenadine Hydrochloride,120 mg,Beximco Pharmaceuticals Ltd.,"Unit Price: ৳ 7.00,(30's pack: ৳ 210.00),",(30's pack: ৳ 210.00)
12070,Axodin,allopathic,axodintablet60-mg,Tablet,Fexofenadine Hydrochloride,60 mg,Beximco Pharmaceuticals Ltd.,"Unit Price: ৳ 5.00,(50's pack: ৳ 250.00),",(50's pack: ৳ 250.00)
32004,Axlovir,allopathic,axlovirtablet150-mg100-mg,Tablet,Nirmatrelvir + Ritonavir,150 mg+100 mg,Square Pharmaceuticals Ltd.,"3 tablet combipack: ৳ 1,600.00",
26000,Axinix,allopathic,axinixtablet5-mg,Tablet,Axitinib,5 mg,Beacon Pharmaceuticals Ltd.,"Unit Price: ৳ 1,000.00,(60's pack: ৳ 60,000.00),","(60's pack: ৳ 60,000.00)"
26001,Axinix,allopathic,axinixtablet1-mg,Tablet,Axitinib,1 mg,Beacon Pharmaceuticals Ltd.,"Unit Price: ৳ 500.00,(180's pack: ৳ 90,000.00),","(180's pack: ৳ 90,000.00)"
28231,Axinat-F,allopathic,axinat-finhaler25-mcg125-mcgpuff,Inhaler,Salmeterol + Fluticasone Propionate,(25 mcg+125 mcg)/puff,ACME Laboratories Ltd.,120 metered doses: ৳ 577.16,
28232,Axinat-F,allopathic,axinat-finhaler25-mcg250-mcgpuff,Inhaler,Salmeterol + Fluticasone Propionate,(25 mcg+250 mcg)/puff,ACME Laboratories Ltd.,120 metered doses: ৳ 752.83,
28230,Axinat,allopathic,axinatinhaler25-mcgpuff,Inhaler,Salmeterol Xinafoate,25 mcg/puff,ACME Laboratories Ltd.,"200 metered doses: ৳ 191.29,120 metered doses: ৳ 125.00",
16771,Actrapid FlexPen,allopathic,actrapid-flexpensc-injection100-iuml,SC Injection,Insulin Human [Fast-Acting],100 IU/ml,Novo Nordisk Pharma (Pvt.) Ltd,"3 ml flexpen: ৳ 421.00,(5's pack: ৳ 2,105.00),","(5's pack: ৳ 2,105.00)"
26699,Actrapid,allopathic,actrapidsc-injection100-iuml,SC Injection,Insulin Human [Fast-Acting],100 IU/ml,Eskayef Pharmaceuticals Ltd.,10 ml vial: ৳ 415.00,
8570,Azexia,allopathic,azexiapowder-for-suspension200-mg5-ml,Powder for Suspension,Azithromycin Dihydrate,200 mg/5 ml,Pharmasia Limited,"20 ml bottle: ৳ 95.00,35 ml bottle: ৳ 140.00,50 ml bottle: ৳ 185.00",
8569,Azexia,allopathic,azexiatablet500-mg,Tablet,Azithromycin Dihydrate,500 mg,Pharmasia Limited,"Unit Price: ৳ 34.00,(20's pack: ৳ 680.00),",(20's pack: ৳ 680.00)
4218,Azepam,allopathic,azepamtablet5-mg,Tablet,Diazepam,5 mg,ACME Laboratories Ltd.,"Unit Price: ৳ 0.69,(50's pack: ৳ 34.50),,Unit Price: ৳ 0.69,(200's pack: ৳ 138.00),","(50's pack: ৳ 34.50),(200's pack: ৳ 138.00)"
32269,Azelto,allopathic,azeltocapsule100-mg,Capsule,Naftidrofuryl Oxalate,100 mg,Ziska Pharmaceuticals Ltd.,"Unit Price: ৳ 12.00,(32's pack: ৳ 384.00),",(32's pack: ৳ 384.00)
31214,Azelta,allopathic,azeltanasal-spray137-mcgspray,Nasal Spray,Azelastine Hydrochloride (Nasal Spray),137 mcg/spray,Opso Saline Ltd.,120 metered sprays: ৳ 180.54,
12771,Azelec,allopathic,azeleccream20,Cream,Azelaic Acid,20%,ACME Laboratories Ltd.,10 gm tube: ৳ 75.51,
30403,Azelast,allopathic,azelastnasal-spray137-mcgspray,Nasal Spray,Azelastine Hydrochloride (Nasal Spray),137 mcg/spray,Incepta Pharmaceuticals Ltd.,120 metered sprays: ৳ 180.00,
31149,Azeflu,allopathic,azeflunasal-spray137-mcg50-mcgspray,Nasal Spray,Azelastine Hydrochloride + Fluticasone Propionate,(137 mcg+50 mcg)/spray,Opso Saline Ltd.,120 metered sprays: ৳ 320.00,
25622,Azee,allopathic,azeepowder-for-suspension200-mg5-ml,Powder for Suspension,Azithromycin Dihydrate,200 mg/5 ml,Guardian Healthcare Ltd.,"15 ml bottle: ৳ 85.00,35 ml bottle: ৳ 135.00",
25623,Azee,allopathic,azeetablet500-mg,Tablet,Azithromycin Dihydrate,500 mg,Guardian Healthcare Ltd.,"Unit Price: ৳ 30.10,(12's pack: ৳ 361.20),",(12's pack: ৳ 361.20)
16188,Azecol,allopathic,azecoleye-capsule,Eye Capsule,"Vitamin C, Vitamin E, Lutein, Copper & Zinc",,Incepta Pharmaceuticals Ltd.,"Unit Price: ৳ 10.00,(32's pack: ৳ 320.00),",(32's pack: ৳ 320.00)
25662,Azebac,allopathic,azebactablet500-mg,Tablet,Azithromycin Dihydrate,500 mg,S.N. Pharmaceutical Ltd.,"Unit Price: ৳ 30.00,(12's pack: ৳ 360.00),",(12's pack: ৳ 360.00)
28397,Azbec,allopathic,azbecinhaler100-mcgpuff,Inhaler,Beclomethasone Dipropionate (Inhaler),100 mcg/puff,Eskayef Pharmaceuticals Ltd.,200 metered doses: ৳ 270.00,
28398,Azbec,allopathic,azbecinhaler250-mcgpuff,Inhaler,Beclomethasone Dipropionate (Inhaler),250 mcg/puff,Eskayef Pharmaceuticals Ltd.,200 metered doses: ৳ 320.00,
8567,Azasite,allopathic,azasitetablet500-mg,Tablet,Azithromycin Dihydrate,500 mg,Sharif Pharmaceuticals Ltd.,"Unit Price: ৳ 35.11,(12's pack: ৳ 421.32),",(12's pack: ৳ 421.32)
8568,Azasite,allopathic,azasitepowder-for-suspension200-mg5-ml,Powder for Suspension,Azithromycin Dihydrate,200 mg/5 ml,Sharif Pharmaceuticals Ltd.,"20 ml bottle: ৳ 100.00,35 ml bottle: ৳ 140.00,50 ml bottle: ৳ 200.00",
22558,Azapin,allopathic,azapintablet15-mg,Tablet,Mirtazapine,15 mg,Labaid Pharma Ltd.,"Unit Price: ৳ 10.00,(30's pack: ৳ 300.00),",(30's pack: ৳ 300.00)
8565,Azaltic,allopathic,azaltictablet500-mg,Tablet,Azithromycin Dihydrate,500 mg,NIPRO JMI Pharma Ltd.,"Unit Price: ৳ 35.00,(12's pack: ৳ 420.00),",(12's pack: ৳ 420.00)
8566,Azaltic,allopathic,azalticpowder-for-suspension200-mg5-ml,Powder for Suspension,Azithromycin Dihydrate,200 mg/5 ml,NIPRO JMI Pharma Ltd.,"15 ml bottle: ৳ 85.00,35 ml bottle: ৳ 130.39",
8564,Azalid,allopathic,azalidpowder-for-suspension200-mg5-ml,Powder for Suspension,Azithromycin Dihydrate,200 mg/5 ml,Orion Pharma Ltd.,"15 ml bottle: ৳ 85.58,35 ml bottle: ৳ 140.00,50 ml bottle: ৳ 185.00",
8563,Azalid,allopathic,azalidtablet500-mg,Tablet,Azithromycin Dihydrate,500 mg,Orion Pharma Ltd.,"Unit Price: ৳ 35.11,(12's pack: ৳ 421.32),",(12's pack: ৳ 421.32)
8562,Azalid,allopathic,azalidcapsule250-mg,Capsule,Azithromycin Dihydrate,250 mg,Orion Pharma Ltd.,"Unit Price: ৳ 25.00,(8's pack: ৳ 200.00),",(8's pack: ৳ 200.00)
8558,AZ,allopathic,azcapsule250-mg,Capsule,Azithromycin Dihydrate,250 mg,Aristopharma Ltd.,"Unit Price: ৳ 25.00,(8's pack: ৳ 200.00),",(8's pack: ৳ 200.00)
8561,AZ,allopathic,azpowder-for-suspension200-mg5-ml,Powder for Suspension,Azithromycin Dihydrate,200 mg/5 ml,Aristopharma Ltd.,"20 ml bottle: ৳ 100.00,35 ml bottle: ৳ 140.00,50 ml bottle: ৳ 200.00",
8559,AZ,allopathic,azcapsule500-mg,Capsule,Azithromycin Dihydrate,500 mg,Aristopharma Ltd.,"Unit Price: ৳ 35.00,(8's pack: ৳ 280.00),",(8's pack: ৳ 280.00)
15690,AZ,allopathic,azophthalmic-solution1,Ophthalmic Solution,Azithromycin Dihydrate (Ophthalmic),1%,Aristopharma Ltd.,2.5 ml drop: ৳ 120.00,
25589,AZ,allopathic,aztablet500-mg,Tablet,Azithromycin Dihydrate,500 mg,Aristopharma Ltd.,"Unit Price: ৳ 35.00,(12's pack: ৳ 420.00),",(12's pack: ৳ 420.00)
25588,AZ,allopathic,aztablet250-mg,Tablet,Azithromycin Dihydrate,250 mg,Aristopharma Ltd.,"Unit Price: ৳ 25.00,(10's pack: ৳ 250.00),",(10's pack: ৳ 250.00)
25521,Axsol,allopathic,axsolsyrup15-mg5-ml,Syrup,Ambroxol Hydrochloride,15 mg/5 ml,Nipa Pharmaceuticals Ltd.,100 ml bottle: ৳ 40.00,
32494,Axovit,allopathic,axovittablet100-mg200-mg200-mcg,Tablet,"Vitamin B1, B6 & B12",100 mg+200 mg+200 mcg,Doctor TIMS Pharmaceuticals Ltd.,"Unit Price: ৳ 7.00,(50's pack: ৳ 350.00),",(50's pack: ৳ 350.00)
26700,Actrapid,allopathic,actrapidsc-injection40-iuml,SC Injection,Insulin Human [Fast-Acting],40 IU/ml,Eskayef Pharmaceuticals Ltd.,10 ml vial: ৳ 268.00,
8590,Azin,allopathic,azintablet500-mg,Tablet,Azithromycin Dihydrate,500 mg,ACME Laboratories Ltd.,"Unit Price: ৳ 35.11,(12's pack: ৳ 421.32),",(12's pack: ৳ 421.32)
8592,Azin,allopathic,azinpowder-for-suspension200-mg5-ml,Powder for Suspension,Azithromycin Dihydrate,200 mg/5 ml,ACME Laboratories Ltd.,"15 ml bottle: ৳ 95.29,30 ml bottle: ৳ 140.42,50 ml bottle: ৳ 185.56",
8591,Azin,allopathic,azincapsule250-mg,Capsule,Azithromycin Dihydrate,250 mg,ACME Laboratories Ltd.,"Unit Price: ৳ 25.08,(6's pack: ৳ 150.48),",(6's pack: ৳ 150.48)
8588,Azimon,allopathic,azimontablet500-mg,Tablet,Azithromycin Dihydrate,500 mg,Monicopharma Ltd.,"Unit Price: ৳ 35.00,(8's pack: ৳ 280.00),",(8's pack: ৳ 280.00)
8589,Azimon,allopathic,azimonpowder-for-suspension200-mg5-ml,Powder for Suspension,Azithromycin Dihydrate,200 mg/5 ml,Monicopharma Ltd.,"15 ml bottle: ৳ 90.00,30 ml bottle: ৳ 130.00",
8586,Azimex,allopathic,azimextablet500-mg,Tablet,Azithromycin Dihydrate,500 mg,Drug International Ltd.,"Unit Price: ৳ 35.15,(10's pack: ৳ 351.50),",(10's pack: ৳ 351.50)
8585,Azimex,allopathic,azimextablet250-mg,Tablet,Azithromycin Dihydrate,250 mg,Drug International Ltd.,"Unit Price: ৳ 25.10,(10's pack: ৳ 251.00),",(10's pack: ৳ 251.00)
8587,Azimex,allopathic,azimexpowder-for-suspension200-mg5-ml,Powder for Suspension,Azithromycin Dihydrate,200 mg/5 ml,Drug International Ltd.,"15 ml bottle: ৳ 95.00,30 ml bottle: ৳ 140.00,50 ml bottle: ৳ 200.00",
8584,Azimete,allopathic,azimetepowder-for-suspension200-mg5-ml,Powder for Suspension,Azithromycin Dihydrate,200 mg/5 ml,Medimet Pharmaceuticals Ltd.,"15 ml bottle: ৳ 85.00,30 ml bottle: ৳ 130.00",
8583,Azimete,allopathic,azimetetablet500-mg,Tablet,Azithromycin Dihydrate,500 mg,Medimet Pharmaceuticals Ltd.,"Unit Price: ৳ 30.00,(4's pack: ৳ 120.00),",(4's pack: ৳ 120.00)
33168,Azilpres Plus,allopathic,azilpres-plustablet40-mg125-mg,Tablet,Azilsartan Medoxomil + Chlorthalidone,40 mg+12.5 mg,Incepta Pharmaceuticals Ltd.,Unit Price: ৳ 22.00,
33167,Azilpres,allopathic,azilprestablet80-mg,Tablet,Azilsartan Medoxomil,80 mg,Incepta Pharmaceuticals Ltd.,"Unit Price: ৳ 22.00,(20's pack: ৳ 440.00),",(20's pack: ৳ 440.00)
33046,Azilpres,allopathic,azilprestablet40-mg,Tablet,Azilsartan Medoxomil,40 mg,Incepta Pharmaceuticals Ltd.,"Unit Price: ৳ 12.00,(30's pack: ৳ 360.00),",(30's pack: ৳ 360.00)
8580,Azilit,allopathic,azilitpowder-for-suspension200-mg5-ml,Powder for Suspension,Azithromycin Dihydrate,200 mg/5 ml,Desh Pharmaceuticals Ltd.,"15 ml bottle: ৳ 85.00,30 ml bottle: ৳ 160.00",
8579,Azilit,allopathic,azilittablet500-mg,Tablet,Azithromycin Dihydrate,500 mg,Desh Pharmaceuticals Ltd.,"Unit Price: ৳ 35.00,(3's pack: ৳ 105.00),",(3's pack: ৳ 105.00)
8577,Azilab,allopathic,azilabtablet500-mg,Tablet,Azithromycin Dihydrate,500 mg,Labaid Pharma Ltd.,"Unit Price: ৳ 50.15,(6's pack: ৳ 300.87),",(6's pack: ৳ 300.87)
8578,Azilab,allopathic,azilabpowder-for-suspension200-mg5-ml,Powder for Suspension,Azithromycin Dihydrate,200 mg/5 ml,Labaid Pharma Ltd.,"15 ml bottle: ৳ 115.00,35 ml bottle: ৳ 165.50,50 ml bottle: ৳ 216.00",
25642,Azikil,allopathic,azikilpowder-for-suspension200-mg5-ml,Powder for Suspension,Azithromycin Dihydrate,200 mg/5 ml,One Pharma Ltd.,"20 ml bottle: ৳ 100.00,35 ml bottle: ৳ 140.00,50 ml bottle: ৳ 200.00",
25643,Azikil,allopathic,azikiltablet500-mg,Tablet,Azithromycin Dihydrate,500 mg,One Pharma Ltd.,"Unit Price: ৳ 35.00,(8's pack: ৳ 280.00),,Unit Price: ৳ 35.00,(12's pack: ৳ 420.00),","(8's pack: ৳ 280.00),(12's pack: ৳ 420.00)"
25618,Aziget,allopathic,azigetpowder-for-suspension200-mg5-ml,Powder for Suspension,Azithromycin Dihydrate,200 mg/5 ml,Get Well Limited,"15 ml bottle: ৳ 85.00,35 ml bottle: ৳ 140.00,50 ml bottle: ৳ 185.00",
25619,Aziget,allopathic,azigettablet500-mg,Tablet,Azithromycin Dihydrate,500 mg,Get Well Limited,Unit Price: ৳ 34.00,
8572,Azicin,allopathic,azicincapsule500-mg,Capsule,Azithromycin Dihydrate,500 mg,Opsonin Pharma Ltd.,"Unit Price: ৳ 35.00,(6's pack: ৳ 210.00),",(6's pack: ৳ 210.00)
8576,Azicin,allopathic,azicinpowder-for-suspension200-mg5-ml,Powder for Suspension,Azithromycin Dihydrate,200 mg/5 ml,Opsonin Pharma Ltd.,"20 ml bottle: ৳ 100.00,35 ml bottle: ৳ 140.00,50 ml bottle: ৳ 200.00",
8571,Azicin,allopathic,azicincapsule250-mg,Capsule,Azithromycin Dihydrate,250 mg,Opsonin Pharma Ltd.,"Unit Price: ৳ 25.00,(6's pack: ৳ 150.00),",(6's pack: ৳ 150.00)
8573,Azicin,allopathic,azicintablet250-mg,Tablet,Azithromycin Dihydrate,250 mg,Opsonin Pharma Ltd.,"Unit Price: ৳ 25.00,(7's pack: ৳ 175.00),",(7's pack: ৳ 175.00)
8574,Azicin,allopathic,azicintablet500-mg,Tablet,Azithromycin Dihydrate,500 mg,Opsonin Pharma Ltd.,"Unit Price: ৳ 35.00,(7's pack: ৳ 245.00),",(7's pack: ৳ 245.00)
15695,Azicin,allopathic,azicinophthalmic-solution1,Ophthalmic Solution,Azithromycin Dihydrate (Ophthalmic),1%,Opsonin Pharma Ltd.,2.5 ml drop: ৳ 120.00,
8575,Azicin,allopathic,azicinpowder-for-suspension1-gmsachet,Powder for Suspension,Azithromycin Dihydrate,1 gm/Sachet,Opsonin Pharma Ltd.,"1 gm sachet: ৳ 80.00,(5's pack: ৳ 400.00),",(5's pack: ৳ 400.00)
8598,Azi S,allopathic,azi-stablet500-mg,Tablet,Azithromycin Dihydrate,500 mg,Seema Pharmaceuticals Ltd.,"Unit Price: ৳ 30.00,(6's pack: ৳ 180.00),",(6's pack: ৳ 180.00)
8599,Azi S,allopathic,azi-spowder-for-suspension200-mg5-ml,Powder for Suspension,Azithromycin Dihydrate,200 mg/5 ml,Seema Pharmaceuticals Ltd.,15 ml bottle: ৳ 100.00,
5566,Actose,allopathic,actosetablet15-mg,Tablet,Pioglitazone,15 mg,UniMed UniHealth,"Unit Price: ৳ 8.00,(30's pack: ৳ 240.00),",(30's pack: ৳ 240.00)
25596,Azithrocin,allopathic,azithrocintablet250-mg,Tablet,Azithromycin Dihydrate,250 mg,Beximco Pharmaceuticals Ltd.,"Unit Price: ৳ 25.00,(10's pack: ৳ 250.00),",(10's pack: ৳ 250.00)
8608,Azithrocin,allopathic,azithrocinpowder-for-suspension200-mg5-ml,Powder for Suspension,Azithromycin Dihydrate,200 mg/5 ml,Beximco Pharmaceuticals Ltd.,"15 ml bottle: ৳ 85.00,30 ml bottle: ৳ 130.00,50 ml bottle: ৳ 185.00",
8607,Azithrocin,allopathic,azithrocintablet500-mg,Tablet,Azithromycin Dihydrate,500 mg,Beximco Pharmaceuticals Ltd.,"Unit Price: ৳ 35.00,(9's pack: ৳ 315.00),",(9's pack: ৳ 315.00)
8606,Azithrocin,allopathic,azithrocincapsule250-mg,Capsule,Azithromycin Dihydrate,250 mg,Beximco Pharmaceuticals Ltd.,"Unit Price: ৳ 25.00,(10's pack: ৳ 250.00),",(10's pack: ৳ 250.00)
8609,Azithrocin,allopathic,azithrociniv-infusion500-mgvial,IV Infusion,Azithromycin Dihydrate,500 mg/vial,Beximco Pharmaceuticals Ltd.,500 mg vial: ৳ 460.00,
8605,Azithro,allopathic,azithropowder-for-suspension200-mg5-ml,Powder for Suspension,Azithromycin Dihydrate,200 mg/5 ml,Astra Biopharmaceuticals Ltd.,15 ml bottle: ৳ 85.00,
8604,Azithro,allopathic,azithrotablet500-mg,Tablet,Azithromycin Dihydrate,500 mg,Astra Biopharmaceuticals Ltd.,"Unit Price: ৳ 30.00,(6's pack: ৳ 180.00),",(6's pack: ৳ 180.00)
25591,Azithro,allopathic,azithrotablet250-mg,Tablet,Azithromycin Dihydrate,250 mg,Astra Biopharmaceuticals Ltd.,Unit Price: ৳ 20.00,
25621,Azithral,allopathic,azithralpowder-for-suspension200-mg5-ml,Powder for Suspension,Azithromycin Dihydrate,200 mg/5 ml,Globex Pharmaceuticals Ltd.,"15 ml bottle: ৳ 85.00,30 ml bottle: ৳ 130.00,50 ml bottle: ৳ 185.00",
25620,Azithral,allopathic,azithraltablet500-mg,Tablet,Azithromycin Dihydrate,500 mg,Globex Pharmaceuticals Ltd.,Unit Price: ৳ 30.00,
8603,Azithin,allopathic,azithinpowder-for-suspension200-mg5-ml,Powder for Suspension,Azithromycin Dihydrate,200 mg/5 ml,Chemist Laboratories  Ltd.,"15 ml bottle: ৳ 85.00,35 ml bottle: ৳ 140.00,50 ml bottle: ৳ 180.00",
8602,Azithin,allopathic,azithintablet500-mg,Tablet,Azithromycin Dihydrate,500 mg,Chemist Laboratories  Ltd.,"Unit Price: ৳ 35.00,(12's pack: ৳ 420.00),",(12's pack: ৳ 420.00)
8601,Azitel,allopathic,azitelpowder-for-suspension200-mg5-ml,Powder for Suspension,Azithromycin Dihydrate,200 mg/5 ml,Cosmic Pharma Ltd.,"15 ml bottle: ৳ 85.00,30 ml bottle: ৳ 130.00",
8600,Azitel,allopathic,azitelcapsule500-mg,Capsule,Azithromycin Dihydrate,500 mg,Cosmic Pharma Ltd.,"Unit Price: ৳ 35.00,(8's pack: ৳ 280.00),",(8's pack: ৳ 280.00)
27379,Azitac,allopathic,azitactablet500-mg,Tablet,Azithromycin Dihydrate,500 mg,United Pharmaceuticals Ltd.,"Unit Price: ৳ 30.24,(6's pack: ৳ 181.42),",(6's pack: ৳ 181.42)
27380,Azitac,allopathic,azitacpowder-for-suspension200-mg5-ml,Powder for Suspension,Azithromycin Dihydrate,200 mg/5 ml,United Pharmaceuticals Ltd.,"15 ml bottle: ৳ 80.55,35 ml bottle: ৳ 130.87",
30627,Azistar,allopathic,azistartablet80-mg,Tablet,Azilsartan Medoxomil,80 mg,Aristopharma Ltd.,Unit Price: ৳ 22.00,
30626,Azistar,allopathic,azistartablet40-mg,Tablet,Azilsartan Medoxomil,40 mg,Aristopharma Ltd.,Unit Price: ৳ 12.00,
29291,Azisan Plus,allopathic,azisan-plustablet40-mg125-mg,Tablet,Azilsartan Medoxomil + Chlorthalidone,40 mg+12.5 mg,Renata Limited,"Unit Price: ৳ 22.00,(10's pack: ৳ 220.00),,Unit Price: ৳ 22.00,(20's pack: ৳ 440.00),","(10's pack: ৳ 220.00),(20's pack: ৳ 440.00)"
16322,Azisan,allopathic,azisantablet40-mg,Tablet,Azilsartan Medoxomil,40 mg,Renata Limited,"Unit Price: ৳ 12.00,(30's pack: ৳ 360.00),",(30's pack: ৳ 360.00)
16323,Azisan,allopathic,azisantablet80-mg,Tablet,Azilsartan Medoxomil,80 mg,Renata Limited,"Unit Price: ৳ 22.00,(30's pack: ৳ 660.00),",(30's pack: ৳ 660.00)
8597,Azirox,allopathic,aziroxpowder-for-suspension200-mg5-ml,Powder for Suspension,Azithromycin Dihydrate,200 mg/5 ml,Navana Pharmaceuticals Ltd.,"20 ml bottle: ৳ 100.00,35 ml bottle: ৳ 135.00,50 ml bottle: ৳ 190.00",
8596,Azirox,allopathic,aziroxtablet500-mg,Tablet,Azithromycin Dihydrate,500 mg,Navana Pharmaceuticals Ltd.,"Unit Price: ৳ 35.11,(18's pack: ৳ 632.00),",(18's pack: ৳ 632.00)
25593,Azirex,allopathic,azirextablet500-mg,Tablet,Azithromycin Dihydrate,500 mg,Belsen Pharmaceuticals Ltd.,"Unit Price: ৳ 30.00,(6's pack: ৳ 180.00),",(6's pack: ৳ 180.00)
30628,Azinil,allopathic,azinilophthalmic-solution1,Ophthalmic Solution,Azithromycin Dihydrate (Ophthalmic),1%,Apex Pharmaceuticals Ltd.,2.5 ml drop: ৳ 110.00,
8595,Azinil,allopathic,azinilpowder-for-suspension200-mg5-ml,Powder for Suspension,Azithromycin Dihydrate,200 mg/5 ml,Apex Pharmaceuticals Ltd.,"20 ml bottle: ৳ 85.00,35 ml bottle: ৳ 130.00,50 ml bottle: ৳ 185.00",
8594,Azinil,allopathic,aziniltablet500-mg,Tablet,Azithromycin Dihydrate,500 mg,Apex Pharmaceuticals Ltd.,"Unit Price: ৳ 35.00,(12's pack: ৳ 420.00),",(12's pack: ৳ 420.00)
8593,Azinil,allopathic,aziniltablet250-mg,Tablet,Azithromycin Dihydrate,250 mg,Apex Pharmaceuticals Ltd.,"Unit Price: ৳ 25.00,(12's pack: ৳ 300.00),",(12's pack: ৳ 300.00)
25639,Azinaaf,allopathic,azinaafpowder-for-suspension200-mg5-ml,Powder for Suspension,Azithromycin Dihydrate,200 mg/5 ml,Naafco Pharma Ltd.,"20 ml bottle: ৳ 85.00,35 ml bottle: ৳ 130.00,50 ml bottle: ৳ 185.00",
25638,Azinaaf,allopathic,azinaaftablet500-mg,Tablet,Azithromycin Dihydrate,500 mg,Naafco Pharma Ltd.,"Unit Price: ৳ 33.00,(6's pack: ৳ 198.00),",(6's pack: ৳ 198.00)
5567,Actose,allopathic,actosetablet30-mg,Tablet,Pioglitazone,30 mg,UniMed UniHealth,"Unit Price: ৳ 15.00,(20's pack: ৳ 300.00),",(20's pack: ৳ 300.00)
26588,Azopres,allopathic,azopresophthalmic-suspension1,Ophthalmic Suspension,Brinzolamide,1%,Ibn Sina Pharmaceuticals Ltd.,5 ml drop: ৳ 500.00,
32670,Azonox,allopathic,azonoxcapsule100-mg,Capsule,Itraconazole,100 mg,Opsonin Pharma Ltd.,"Unit Price: ৳ 15.00,(24's pack: ৳ 360.00),",(24's pack: ৳ 360.00)
8274,Azonam,allopathic,azonamimiv-injection1-gm5-ml,IM/IV Injection,Aztreonam,1 gm/5 ml,Incepta Pharmaceuticals Ltd.,1 gm vial: ৳ 400.00,
30673,Azomid,allopathic,azomidophthalmic-suspension1,Ophthalmic Suspension,Brinzolamide,1%,Beximco Pharmaceuticals Ltd.,5 ml drop: ৳ 500.00,
8621,Azomac,allopathic,azomactablet500-mg,Tablet,Azithromycin Dihydrate,500 mg,General Pharmaceuticals Ltd.,"Unit Price: ৳ 35.00,(12's pack: ৳ 420.00),",(12's pack: ৳ 420.00)
8622,Azomac,allopathic,azomacpowder-for-suspension200-mg5-ml,Powder for Suspension,Azithromycin Dihydrate,200 mg/5 ml,General Pharmaceuticals Ltd.,"20 ml bottle: ৳ 100.00,35 ml bottle: ৳ 140.00,50 ml bottle: ৳ 185.00",
16268,Azolin,allopathic,azolinnasal-drop005,Nasal Drop,Oxymetazoline Hydrochloride (Nasal Preparation),0.05%,ACME Laboratories Ltd.,10 ml drop: ৳ 45.13,
16269,Azolin,allopathic,azolinnasal-drop0025,Nasal Drop,Oxymetazoline Hydrochloride (Nasal Preparation),0.03%,ACME Laboratories Ltd.,10 ml drop: ৳ 40.12,
295,Azole,allopathic,azoleoral-suspension200-mg5-ml,Oral Suspension,Albendazole,200 mg/5 ml,Biopharma Laboratories Ltd.,10 ml bottle: ৳ 18.00,
296,Azole,allopathic,azolechewable-tablet400-mg,Chewable Tablet,Albendazole,400 mg,Biopharma Laboratories Ltd.,"Unit Price: ৳ 5.00,(30's pack: ৳ 150.00),",(30's pack: ৳ 150.00)
32648,Azobrin Plus,allopathic,azobrin-plusophthalmic-suspension102,Ophthalmic Suspension,Brinzolamide + Brimonidine Tartrate,1%+0.2%,Healthcare Pharmaceuticals Ltd.,5 ml drop: ৳ 550.00,
32647,Azobrin,allopathic,azobrinophthalmic-suspension1,Ophthalmic Suspension,Brinzolamide,1%,Healthcare Pharmaceuticals Ltd.,5 ml drop: ৳ 500.00,
8619,Azo,allopathic,azotablet500-mg,Tablet,Azithromycin Dihydrate,500 mg,Delta Pharma Ltd.,"Unit Price: ৳ 30.00,(12's pack: ৳ 360.00),",(12's pack: ৳ 360.00)
8620,Azo,allopathic,azopowder-for-suspension200-mg5-ml,Powder for Suspension,Azithromycin Dihydrate,200 mg/5 ml,Delta Pharma Ltd.,"15 ml bottle: ৳ 90.00,30 ml bottle: ৳ 140.00",
8618,Azmin,allopathic,azminpowder-for-suspension200-mg5-ml,Powder for Suspension,Azithromycin Dihydrate,200 mg/5 ml,Modern Pharmaceuticals Ltd.,"15 ml bottle: ৳ 85.00,35 ml bottle: ৳ 130.00",
8617,Azmin,allopathic,azmintablet500-mg,Tablet,Azithromycin Dihydrate,500 mg,Modern Pharmaceuticals Ltd.,"Unit Price: ৳ 30.00,(8's pack: ৳ 240.00),",(8's pack: ৳ 240.00)
3449,Azmet,allopathic,azmetsyrup2-mg5-ml,Syrup,Salbutamol,2 mg/5 ml,Medicon Pharmaceuticals Ltd.,"60 ml bottle: ৳ 14.77,100 ml bottle: ৳ 20.45",
3448,Azmasol,allopathic,azmasolrespirator-solution5-mgml,Respirator Solution,Salbutamol,5 mg/ml,Beximco Pharmaceuticals Ltd.,20 ml pack: ৳ 120.00,
3447,Azmasol,allopathic,azmasolrespirator-solution25-mg3-ml,Respirator Solution,Salbutamol,2.5 mg/3 ml,Beximco Pharmaceuticals Ltd.,"3 ml ampoule: ৳ 16.00,(5's pack: ৳ 80.00),",(5's pack: ৳ 80.00)
3446,Azmasol,allopathic,azmasolinhaler100-mcgpuff,Inhaler,Salbutamol (Inhaler),100 mcg/puff,Beximco Pharmaceuticals Ltd.,200 metered doses: ৳ 250.00,
3443,Azmasol,allopathic,azmasolinhaler100-mcgpuff,Inhaler,Salbutamol (Inhaler),100 mcg/puff,Beximco Pharmaceuticals Ltd.,200 metered doses (refill): ৳ 220.00,
8616,Azix,allopathic,azixpowder-for-suspension200-mg5-ml,Powder for Suspension,Azithromycin Dihydrate,200 mg/5 ml,Amico Laboratories Ltd.,15 ml bottle: ৳ 85.00,
8615,Azix,allopathic,azixtablet500-mg,Tablet,Azithromycin Dihydrate,500 mg,Amico Laboratories Ltd.,"Unit Price: ৳ 30.00,(12's pack: ৳ 360.00),",(12's pack: ৳ 360.00)
8614,Azitra,allopathic,azitratablet500-mg,Tablet,Azithromycin Dihydrate,500 mg,MST Pharma,"Unit Price: ৳ 30.00,(6's pack: ৳ 180.00),",(6's pack: ৳ 180.00)
8613,Azitor,allopathic,azitorpowder-for-suspension200-mg5-ml,Powder for Suspension,Azithromycin Dihydrate,200 mg/5 ml,Central Pharmaceuticals Ltd.,35 ml bottle: ৳ 140.00,
8612,Azitor,allopathic,azitortablet500-mg,Tablet,Azithromycin Dihydrate,500 mg,Central Pharmaceuticals Ltd.,"Unit Price: ৳ 30.00,(5's pack: ৳ 150.00),",(5's pack: ৳ 150.00)
27435,Azithromycin,allopathic,azithromycinpowder-for-suspension200-mg5-ml,Powder for Suspension,Azithromycin Dihydrate,200 mg/5 ml,Premier Pharmaceuticals Ltd.,30 ml bottle: ৳ 120.00,
8611,Azithromax,allopathic,azithromaxpowder-for-suspension200-mg5-ml,Powder for Suspension,Azithromycin Dihydrate,200 mg/5 ml,Ziska Pharmaceuticals Ltd.,"15 ml bottle: ৳ 85.00,35 ml bottle: ৳ 130.00,50 ml bottle: ৳ 185.00",
8610,Azithromax,allopathic,azithromaxtablet500-mg,Tablet,Azithromycin Dihydrate,500 mg,Ziska Pharmaceuticals Ltd.,"Unit Price: ৳ 35.00,(10's pack: ৳ 350.00),",(10's pack: ৳ 350.00)
25597,Azithrogen,allopathic,azithrogentablet500-mg,Tablet,Azithromycin Dihydrate,500 mg,Biogen Pharmaceuticals Ltd.,"Unit Price: ৳ 30.00,(6's pack: ৳ 180.00),,Unit Price: ৳ 30.00,(12's pack: ৳ 360.00),","(6's pack: ৳ 180.00),(12's pack: ৳ 360.00)"
5635,Actomeg,allopathic,actomegtablet15-mg500-mg,Tablet,Pioglitazone + Metformin Hydrochloride,15 mg+500 mg,UniMed UniHealth,"Unit Price: ৳ 9.00,(20's pack: ৳ 180.00),",(20's pack: ৳ 180.00)
12336,B-Mycin,allopathic,b-mycintopical-powder5-mg250-iugm,Topical Powder,Neomycin Sulfate + Bacitracin Zinc,(5 mg+250 IU)/gm,Gaco Pharmaceuticals Ltd.,"5 gm pack: ৳ 10.03,(12's pack: ৳ 120.36),",(12's pack: ৳ 120.36)
15785,B-Dexa,allopathic,b-dexatablet05-mg,Tablet,Dexamethasone,0.5 mg,Belsen Pharmaceuticals Ltd.,"Unit Price: ৳ 0.50,(100's pack: ৳ 50.00),",(100's pack: ৳ 50.00)
18202,B-Cort,allopathic,b-cortophthalmic-solution01,Ophthalmic Solution,Betamethasone Sodium Phosphate,0.10%,Globe Pharmaceuticals Ltd.,5 ml drop: ৳ 30.00,
11928,B-Cef,allopathic,b-ceftablet10-mg,Tablet,Cetirizine Hydrochloride,10 mg,Belsen Pharmaceuticals Ltd.,"Unit Price: ৳ 2.50,(100's pack: ৳ 250.00),",(100's pack: ৳ 250.00)
11929,B-Cef,allopathic,b-cefsyrup5-mg5-ml,Syrup,Cetirizine Hydrochloride,5 mg/5 ml,Belsen Pharmaceuticals Ltd.,60 ml bottle: ৳ 20.00,
1072,B-Card,allopathic,b-cardtablet50-mg,Tablet,Atenolol,50 mg,Nipa Pharmaceuticals Ltd.,"Unit Price: ৳ 0.77,(100's pack: ৳ 76.99),",(100's pack: ৳ 76.99)
13756,B-50 Forte,allopathic,b-50-fortesyrup,Syrup,Vitamin B complex,,Square Pharmaceuticals Ltd.,200 ml bottle: ৳ 62.19,
13753,B-50 Forte,allopathic,b-50-fortecapsule,Capsule,Vitamin B complex,,Square Pharmaceuticals Ltd.,"Unit Price: ৳ 1.25,(250's pack: ৳ 312.50),",(250's pack: ৳ 312.50)
13755,B-50 Forte,allopathic,b-50-forteimiv-injection,IM/IV Injection,Vitamin B complex,,Square Pharmaceuticals Ltd.,"2 ml ampoule: ৳ 10.03,(20's pack: ৳ 200.60),",(20's pack: ৳ 200.60)
32939,B Easy,allopathic,b-easychewable-tablet5-mg,Chewable Tablet,Montelukast Sodium,5 mg,Gaco Pharmaceuticals Ltd.,"Unit Price: ৳ 7.01,(30's pack: ৳ 210.20),",(30's pack: ৳ 210.20)
32930,B Easy,allopathic,b-easytablet10-mg,Tablet,Montelukast Sodium,10 mg,Gaco Pharmaceuticals Ltd.,"Unit Price: ৳ 14.00,(30's pack: ৳ 420.00),",(30's pack: ৳ 420.00)
8626,Azyth,allopathic,azythcapsule250-mg,Capsule,Azithromycin Dihydrate,250 mg,SANDOZ (A Novartis Division),"Unit Price: ৳ 30.00,(10's pack: ৳ 300.00),",(10's pack: ৳ 300.00)
8627,Azyth,allopathic,azythtablet500-mg,Tablet,Azithromycin Dihydrate,500 mg,SANDOZ (A Novartis Division),"Unit Price: ৳ 55.50,(9's pack: ৳ 499.50),",(9's pack: ৳ 499.50)
8628,Azyth,allopathic,azythpowder-for-suspension200-mg5-ml,Powder for Suspension,Azithromycin Dihydrate,200 mg/5 ml,SANDOZ (A Novartis Division),"15 ml bottle: ৳ 116.00,30 ml bottle: ৳ 175.00,50 ml bottle: ৳ 221.00",
16189,Aztrum-I,allopathic,aztrum-ieye-capsule,Eye Capsule,"Vitamin C, Vitamin E, Lutein, Copper & Zinc",,Apex Pharmaceuticals Ltd.,"Unit Price: ৳ 8.00,(32's pack: ৳ 256.00),",(32's pack: ৳ 256.00)
14139,Aztrum Silver,allopathic,aztrum-silvertablet,Tablet,Multivitamin & Multimineral [A-Z silver preparation],,Apex Pharmaceuticals Ltd.,"Unit Price: ৳ 5.50,(30's pack: ৳ 165.00),",(30's pack: ৳ 165.00)
14169,Aztrum Kidz,allopathic,aztrum-kidzsyrup,Syrup,Multivitamin & Multimineral [A-Z juniors syrup preparation],,Apex Pharmaceuticals Ltd.,100 ml bottle: ৳ 85.00,
14089,Aztrum Gold,allopathic,aztrum-goldtablet,Tablet,Multivitamin & Multimineral [A-Z gold preparation],,Apex Pharmaceuticals Ltd.,"Unit Price: ৳ 6.00,(15's pack: ৳ 90.00),,Unit Price: ৳ 6.00,(30's pack: ৳ 180.00),","(15's pack: ৳ 90.00),(30's pack: ৳ 180.00)"
27169,Aztrum A-Z,allopathic,aztrum-a-ztablet,Tablet,Multivitamin & Multimineral,,Apex Pharmaceuticals Ltd.,"Unit Price: ৳ 7.00,(30's pack: ৳ 210.00),",(30's pack: ৳ 210.00)
1174,Aztor,allopathic,aztortablet10-mg,Tablet,Atorvastatin Calcium,10 mg,Sun Pharmaceutical Ltd.,"Unit Price: ৳ 10.09,(50's pack: ৳ 504.50),",(50's pack: ৳ 504.50)
1175,Aztor,allopathic,aztortablet40-mg,Tablet,Atorvastatin Calcium,40 mg,Sun Pharmaceutical Ltd.,"Unit Price: ৳ 24.00,(30's pack: ৳ 720.00),",(30's pack: ৳ 720.00)
1176,Aztor,allopathic,aztortablet20-mg,Tablet,Atorvastatin Calcium,20 mg,Sun Pharmaceutical Ltd.,"Unit Price: ৳ 18.16,(30's pack: ৳ 544.80),",(30's pack: ৳ 544.80)
1054,AztaCap,allopathic,aztacapcapsule4-mg,Capsule,Astaxanthin,4 mg,Incepta Pharmaceuticals Ltd.,"Unit Price: ৳ 22.00,(20's pack: ৳ 440.00),",(20's pack: ৳ 440.00)
8624,Azro,allopathic,azrotablet500-mg,Tablet,Azithromycin Dihydrate,500 mg,Nipa Pharmaceuticals Ltd.,"Unit Price: ৳ 30.00,(12's pack: ৳ 360.00),",(12's pack: ৳ 360.00)
8625,Azro,allopathic,azropowder-for-suspension200-mg5-ml,Powder for Suspension,Azithromycin Dihydrate,200 mg/5 ml,Nipa Pharmaceuticals Ltd.,"15 ml bottle: ৳ 85.01,30 ml bottle: ৳ 130.00,50 ml bottle: ৳ 180.00",
14088,Azovit Gold,allopathic,azovit-goldtablet,Tablet,Multivitamin & Multimineral [A-Z gold preparation],,Novo Healthcare and Pharma Ltd.,"Unit Price: ৳ 6.02,(15's pack: ৳ 90.27),,Unit Price: ৳ 6.02,(30's pack: ৳ 180.54),","(15's pack: ৳ 90.27),(30's pack: ৳ 180.54)"
31452,Azosil,allopathic,azosilpowder-for-suspension200-mg5-ml,Powder for Suspension,Azithromycin Dihydrate,200 mg/5 ml,Silco Pharmaceutical Ltd.,"15 ml bottle: ৳ 85.00,35 ml bottle: ৳ 130.00",
31450,Azosil,allopathic,azosiltablet500-mg,Tablet,Azithromycin Dihydrate,500 mg,Silco Pharmaceutical Ltd.,"Unit Price: ৳ 35.00,(12's pack: ৳ 420.00),",(12's pack: ৳ 420.00)
16120,Azopt,allopathic,azoptophthalmic-solution205,Ophthalmic Solution,Dorzolamide + Timolol,2%+0.5%,Ibn Sina Pharmaceuticals Ltd.,5 ml drop: ৳ 550.00,
32568,Azopres BR,allopathic,azopres-brophthalmic-suspension102,Ophthalmic Suspension,Brinzolamide + Brimonidine Tartrate,1%+0.2%,Ibn Sina Pharmaceuticals Ltd.,5 ml drop: ৳ 550.00,
5636,Actomeg,allopathic,actomegtablet15-mg850-mg,Tablet,Pioglitazone + Metformin Hydrochloride,15 mg+850 mg,UniMed UniHealth,"Unit Price: ৳ 10.00,(20's pack: ৳ 200.00),",(20's pack: ৳ 200.00)
18070,Baclodol,allopathic,baclodoltablet10-mg,Tablet,Baclofen,10 mg,Astra Biopharmaceuticals Ltd.,"Unit Price: ৳ 8.00,(30's pack: ৳ 240.00),",(30's pack: ৳ 240.00)
11711,Baclobac,allopathic,baclobactablet10-mg,Tablet,Baclofen,10 mg,Pharmasia Limited,"Unit Price: ৳ 8.03,(30's pack: ৳ 240.90),",(30's pack: ৳ 240.90)
11710,Baclobac,allopathic,baclobactablet5-mg,Tablet,Baclofen,5 mg,Pharmasia Limited,"Unit Price: ৳ 4.52,(30's pack: ৳ 135.60),",(30's pack: ৳ 135.60)
11709,Baclium,allopathic,bacliumtablet10-mg,Tablet,Baclofen,10 mg,Virgo Pharmaceuticals Ltd.,"Unit Price: ৳ 8.00,(30's pack: ৳ 240.00),",(30's pack: ৳ 240.00)
31453,Baclax,allopathic,baclaxtablet10-mg,Tablet,Baclofen,10 mg,Silco Pharmaceutical Ltd.,"Unit Price: ৳ 8.00,(30's pack: ৳ 240.00),",(30's pack: ৳ 240.00)
27603,Backtone,allopathic,backtonetablet10-mg,Tablet,Baclofen,10 mg,Radiant Pharmaceuticals Ltd.,"Unit Price: ৳ 10.03,(30's pack: ৳ 300.90),",(30's pack: ৳ 300.90)
30873,Backtone,allopathic,backtonetablet5-mg,Tablet,Baclofen,5 mg,Radiant Pharmaceuticals Ltd.,"Unit Price: ৳ 5.50,(50's pack: ৳ 275.00),",(50's pack: ৳ 275.00)
6682,Bacilex,allopathic,bacilextablet200-mg,Tablet,Pivmecillinam,200 mg,Pharmadesh Laboratories Ltd.,"Unit Price: ৳ 18.00,(20's pack: ৳ 360.00),",(20's pack: ৳ 360.00)
30265,Bacilax,allopathic,bacilaxcapsule9-billion,Capsule,Probiotic Combination [9 Billion],9 billion,Square Pharmaceuticals Ltd.,"Unit Price: ৳ 25.00,(30's pack: ৳ 750.00),",(30's pack: ৳ 750.00)
11708,Bacifen,allopathic,bacifentablet10-mg,Tablet,Baclofen,10 mg,Biopharma Laboratories Ltd.,"Unit Price: ৳ 8.00,(30's pack: ৳ 240.00),",(30's pack: ৳ 240.00)
18072,Bacben,allopathic,bacbentablet10-mg,Tablet,Baclofen,10 mg,Benham Pharmaceuticals Ltd.,"Unit Price: ৳ 8.00,(30's pack: ৳ 240.00),",(30's pack: ৳ 240.00)
26950,Bacaid,allopathic,bacaidtablet5-mg,Tablet,Baclofen,5 mg,Labaid Pharma Ltd.,"Unit Price: ৳ 4.50,(30's pack: ৳ 134.87),",(30's pack: ৳ 134.87)
11707,Bacaid,allopathic,bacaidtablet10-mg,Tablet,Baclofen,10 mg,Labaid Pharma Ltd.,"Unit Price: ৳ 8.27,(30's pack: ৳ 248.12),",(30's pack: ৳ 248.12)
27699,Babysol Junior,allopathic,babysol-junioriv-infusion0455,IV Infusion,Sodium Chloride + Dextrose,0.45%+5%,Opso Saline Ltd.,500 ml bag: ৳ 73.38,
27700,Babysol,allopathic,babysoliv-infusion02255,IV Infusion,Sodium Chloride + Dextrose,0.225%+5%,Opso Saline Ltd.,500 ml bag: ৳ 73.38,
3298,Babykion,allopathic,babykioninjection2-mg02-ml,Injection,Phytomenadione (Injection),2 mg/0.2 ml,Chemist Laboratories  Ltd.,"2 mg ampoule: ৳ 20.00,(5's pack: ৳ 100.00),",(5's pack: ৳ 100.00)
14548,Baby Zinc,allopathic,baby-zincdispersible-tablet20-mg,Dispersible Tablet,Zinc Sulfate Monohydrate,20 mg,ACME Laboratories Ltd.,"Unit Price: ৳ 1.76,(100's pack: ৳ 176.00),",(100's pack: ৳ 176.00)
382,Baby saline,allopathic,baby-salineiv-infusion02255,IV Infusion,Sodium Chloride + Dextrose,0.225%+5%,Libra Infusions Ltd.,"250 ml bag: ৳ 55.20,500 ml bag: ৳ 72.24",
14680,Babiz,allopathic,babizsyrup,Syrup,Vitamin B Complex + Zinc,,Rangs Pharmaceuticals Ltd.,"100 ml bottle: ৳ 45.13,200 ml bottle: ৳ 85.26",
29241,B3,allopathic,b3tablet100-mg200-mg200-mcg,Tablet,"Vitamin B1, B6 & B12",100 mg+200 mg+200 mcg,Al-Madina Pharmaceuticals Ltd.,"Unit Price: ৳ 7.00,(50's pack: ৳ 350.00),",(50's pack: ৳ 350.00)
13635,B126,allopathic,b126tablet100-mg200-mg200-mcg,Tablet,"Vitamin B1, B6 & B12",100 mg+200 mg+200 mcg,Popular Pharmaceuticals Ltd.,"Unit Price: ৳ 8.00,(60's pack: ৳ 480.00),",(60's pack: ৳ 480.00)
14644,B-Zn,allopathic,b-znsyrup10-mg5-ml,Syrup,Zinc Sulfate Monohydrate,10 mg/5 ml,Benham Pharmaceuticals Ltd.,100 ml bottle: ৳ 35.00,
13766,B-Vit 4,allopathic,b-vit-4tablet,Tablet,Vitamin B complex,,Cosmic Pharma Ltd.,"200 tablet strip: ৳ 86.00,45 tablet pot: ৳ 27.00",
16222,B-Sol,allopathic,b-solirrigation-solution,Irrigation Solution,Balanced Salt Solution,,Popular Pharmaceuticals Ltd.,500 ml bottle: ৳ 250.00,
27003,B-Prolol,allopathic,b-prololtablet25-mg,Tablet,Bisoprolol Hemifumarate,2.5 mg,Sharif Pharmaceuticals Ltd.,"Unit Price: ৳ 6.01,(30's pack: ৳ 180.31),",(30's pack: ৳ 180.31)
13765,B-Plus,allopathic,b-plussyrup,Syrup,Vitamin B complex,,Somatec Pharmaceuticals Ltd.,200 ml bottle: ৳ 62.18,
13763,B-Plex,allopathic,b-plextablet,Tablet,Vitamin B complex,,Ad-din Pharmaceuticals Ltd.,"Unit Price: ৳ 0.46,(45's pack: ৳ 20.70),",(45's pack: ৳ 20.70)
13764,B-Plex,allopathic,b-plexsyrup,Syrup,Vitamin B complex,,Ad-din Pharmaceuticals Ltd.,100 ml bottle: ৳ 20.84,
13586,B-One,allopathic,b-onetablet100-mg,Tablet,Thiamine Hydrochloride,100 mg,Alco Pharma Ltd.,"Unit Price: ৳ 0.74,(100's pack: ৳ 74.00),",(100's pack: ৳ 74.00)
12335,B-Mycin,allopathic,b-mycinointment5-mg500-iugm,Ointment,Neomycin Sulfate + Bacitracin Zinc,(5 mg+500 IU)/gm,Gaco Pharmaceuticals Ltd.,10 gm tube: ৳ 17.36,
3425,Actolin,allopathic,actolinsyrup2-mg5-ml,Syrup,Salbutamol,2 mg/5 ml,Globe Pharmaceuticals Ltd.,100 ml bottle: ৳ 23.00,
9145,Bactin,allopathic,bactintablet250-mg,Tablet,Ciprofloxacin,250 mg,Ibn Sina Pharmaceuticals Ltd.,"Unit Price: ৳ 8.54,(20's pack: ৳ 170.80),",(20's pack: ৳ 170.80)
9146,Bactin,allopathic,bactintablet500-mg,Tablet,Ciprofloxacin,500 mg,Ibn Sina Pharmaceuticals Ltd.,"Unit Price: ৳ 15.00,(30's pack: ৳ 450.00),",(30's pack: ৳ 450.00)
7183,Bactikil,allopathic,bactikiltablet250-mg,Tablet,Cefuroxime Axetil,250 mg,Edruc Limited,"Unit Price: ৳ 25.00,(18's pack: ৳ 450.00),",(18's pack: ৳ 450.00)
7185,Bactikil,allopathic,bactikilpowder-for-suspension125-mg5-ml,Powder for Suspension,Cefuroxime Axetil,125 mg/5 ml,Edruc Limited,70 ml bottle: ৳ 198.00,
7184,Bactikil,allopathic,bactikiltablet500-mg,Tablet,Cefuroxime Axetil,500 mg,Edruc Limited,"Unit Price: ৳ 45.00,(8's pack: ৳ 360.00),",(8's pack: ৳ 360.00)
31457,Bactazim,allopathic,bactazimcapsule200-mg,Capsule,Cefixime Trihydrate,200 mg,Silco Pharmaceutical Ltd.,"Unit Price: ৳ 35.00,(16's pack: ৳ 560.00),",(16's pack: ৳ 560.00)
31459,Bactazim,allopathic,bactazimpowder-for-suspension100-mg5-ml,Powder for Suspension,Cefixime Trihydrate,100 mg/5 ml,Silco Pharmaceutical Ltd.,50 ml bottle: ৳ 195.00,
31458,Bactazim,allopathic,bactazimcapsule400-mg,Capsule,Cefixime Trihydrate,400 mg,Silco Pharmaceutical Ltd.,"Unit Price: ৳ 50.00,(8's pack: ৳ 400.00),",(8's pack: ৳ 400.00)
6488,Bactamox,allopathic,bactamoxpowder-for-suspension125-mg5-ml,Powder for Suspension,Amoxicillin Trihydrate,125 mg/5 ml,Renata Limited,100 ml bottle: ৳ 45.52,
6487,Bactamox,allopathic,bactamoxtablet500-mg,Tablet,Amoxicillin Trihydrate,500 mg,Renata Limited,"Unit Price: ৳ 5.81,(50's pack: ৳ 290.50),",(50's pack: ৳ 290.50)
30353,Bactamox,allopathic,bactamoxpediatric-drops125-mg125-ml,Pediatric Drops,Amoxicillin Trihydrate,125 mg/1.25 ml,Renata Limited,15 ml bottle: ৳ 28.32,
6486,Bactamox,allopathic,bactamoxtablet250-mg,Tablet,Amoxicillin Trihydrate,250 mg,Renata Limited,"Unit Price: ৳ 3.38,(100's pack: ৳ 338.00),",(100's pack: ৳ 338.00)
31456,Bactacef DS,allopathic,bactacef-dspowder-for-suspension250-mg5-ml,Powder for Suspension,Cephradine,250 mg/5 ml,Silco Pharmaceutical Ltd.,100 ml bottle: ৳ 120.00,
31455,Bactacef,allopathic,bactacefpowder-for-suspension125-mg5-ml,Powder for Suspension,Cephradine,125 mg/5 ml,Silco Pharmaceutical Ltd.,100 ml bottle: ৳ 80.00,
31454,Bactacef,allopathic,bactacefcapsule500-mg,Capsule,Cephradine,500 mg,Silco Pharmaceutical Ltd.,"Unit Price: ৳ 12.50,(20's pack: ৳ 250.00),",(20's pack: ৳ 250.00)
11774,Bactab,allopathic,bactabtablet10-mg,Tablet,Baclofen,10 mg,Rangs Pharmaceuticals Ltd.,"Unit Price: ৳ 8.03,(30's pack: ৳ 240.90),",(30's pack: ৳ 240.90)
12319,Bacron,allopathic,bacronointment2-ww,Ointment,Mupirocin,2% w/w,Biopharma Laboratories Ltd.,10 gm tube: ৳ 140.00,
11718,Bacofen,allopathic,bacofentablet5-mg,Tablet,Baclofen,5 mg,Ibn Sina Pharmaceuticals Ltd.,"Unit Price: ৳ 4.50,(50's pack: ৳ 225.00),",(50's pack: ৳ 225.00)
11719,Bacofen,allopathic,bacofentablet10-mg,Tablet,Baclofen,10 mg,Ibn Sina Pharmaceuticals Ltd.,"Unit Price: ৳ 8.00,(30's pack: ৳ 240.00),",(30's pack: ৳ 240.00)
9420,Bacnil,allopathic,bacniltablet500-mg,Tablet,Levofloxacin Hemihydrate,500 mg,Rephco Pharmaceuticals Ltd.,"Unit Price: ৳ 15.00,(20's pack: ৳ 300.00),",(20's pack: ৳ 300.00)
11772,Bacmax,allopathic,bacmaxtablet10-mg,Tablet,Baclofen,10 mg,Drug International Ltd.,"Unit Price: ৳ 8.00,(28's pack: ৳ 224.00),",(28's pack: ৳ 224.00)
11771,Bacmax,allopathic,bacmaxtablet5-mg,Tablet,Baclofen,5 mg,Drug International Ltd.,"Unit Price: ৳ 4.50,(56's pack: ৳ 252.00),",(56's pack: ৳ 252.00)
11717,Baclon,allopathic,baclontablet10-mg,Tablet,Baclofen,10 mg,Orion Pharma Ltd.,"Unit Price: ৳ 8.06,(30's pack: ৳ 241.80),",(30's pack: ৳ 241.80)
11716,Baclon,allopathic,baclontablet5-mg,Tablet,Baclofen,5 mg,Orion Pharma Ltd.,"Unit Price: ৳ 4.54,(50's pack: ৳ 227.00),",(50's pack: ৳ 227.00)
18089,Baclomax,allopathic,baclomaxtablet10-mg,Tablet,Baclofen,10 mg,Veritas Pharmaceuticals Ltd.,"Unit Price: ৳ 10.00,(30's pack: ৳ 300.00),",(30's pack: ৳ 300.00)
11715,Baclomark,allopathic,baclomarktablet10-mg,Tablet,Baclofen,10 mg,Hallmark Pharmaceuticals Ltd.,"Unit Price: ৳ 6.02,(30's pack: ৳ 180.60),",(30's pack: ৳ 180.60)
11714,Bacloflex,allopathic,bacloflextablet10-mg,Tablet,Baclofen,10 mg,Somatec Pharmaceuticals Ltd.,"Unit Price: ৳ 8.00,(30's pack: ৳ 240.00),",(30's pack: ৳ 240.00)
11770,Baclofen,allopathic,baclofentablet10-mg,Tablet,Baclofen,10 mg,Amico Laboratories Ltd.,"Unit Price: ৳ 7.00,(20's pack: ৳ 140.00),",(20's pack: ৳ 140.00)
23125,Baclofen,allopathic,baclofentablet10-mg,Tablet,Baclofen,10 mg,Apex Pharmaceuticals Ltd.,"Unit Price: ৳ 7.00,(30's pack: ৳ 210.00),",(30's pack: ৳ 210.00)
28508,Baclof,allopathic,bacloftablet10-mg,Tablet,Baclofen,10 mg,Pacific Pharmaceuticals Ltd.,"Unit Price: ৳ 9.50,(30's pack: ৳ 285.00),",(30's pack: ৳ 285.00)
29168,Actolin,allopathic,actolintablet4-mg,Tablet,Salbutamol,4 mg,Globe Pharmaceuticals Ltd.,"Unit Price: ৳ 0.40,(100's pack: ৳ 40.00),",(100's pack: ৳ 40.00)
3608,Bambelor,allopathic,bambelortablet10-mg,Tablet,Bambuterol Hydrochloride,10 mg,Incepta Pharmaceuticals Ltd.,"Unit Price: ৳ 1.50,(100's pack: ৳ 150.00),",(100's pack: ৳ 150.00)
3609,Bambelor,allopathic,bambelortablet20-mg,Tablet,Bambuterol Hydrochloride,20 mg,Incepta Pharmaceuticals Ltd.,"Unit Price: ৳ 3.00,(100's pack: ৳ 300.00),",(100's pack: ৳ 300.00)
3610,Bambelor,allopathic,bambelororal-solution5-mg5-ml,Oral Solution,Bambuterol Hydrochloride,5 mg/5 ml,Incepta Pharmaceuticals Ltd.,60 ml bottle: ৳ 25.00,
31872,Baloxa,allopathic,baloxatablet20-mg,Tablet,Baloxavir Marboxil,20 mg,Beximco Pharmaceuticals Ltd.,2 tablet pack: ৳ 300.00,
31873,Baloxa,allopathic,baloxatablet40-mg,Tablet,Baloxavir Marboxil,40 mg,Beximco Pharmaceuticals Ltd.,2 tablet pack: ৳ 500.00,
31039,Balovir,allopathic,balovirtablet40-mg,Tablet,Baloxavir Marboxil,40 mg,ACME Laboratories Ltd.,1 tablet pack: ৳ 360.00,
33022,Baloflu,allopathic,baloflutablet20-mg,Tablet,Baloxavir Marboxil,20 mg,Navana Pharmaceuticals Ltd.,,
33023,Baloflu,allopathic,baloflutablet40-mg,Tablet,Baloxavir Marboxil,40 mg,Navana Pharmaceuticals Ltd.,,
18079,Balo,allopathic,balotablet10-mg,Tablet,Baclofen,10 mg,Medicon Pharmaceuticals Ltd.,"Unit Price: ৳ 7.58,(30's pack: ৳ 227.26),",(30's pack: ৳ 227.26)
26412,Balancia,allopathic,balanciatablet500-mg,Tablet,Citicoline Sodium,500 mg,Aristopharma Ltd.,"Unit Price: ৳ 50.00,(10's pack: ৳ 500.00),",(10's pack: ৳ 500.00)
27706,Bakticef,allopathic,bakticefiv-injection2-gmvial,IV Injection,Ceftriaxone Sodium,2 gm/vial,Opso Saline Ltd.,2 gm vial: ৳ 301.12,
27705,Bakticef,allopathic,bakticefiv-injection1-gmvial,IV Injection,Ceftriaxone Sodium,1 gm/vial,Opso Saline Ltd.,1 gm vial: ৳ 190.00,
27704,Bakticef,allopathic,bakticefim-injection500-mgvial,IM Injection,Ceftriaxone Sodium,500 mg/vial,Opso Saline Ltd.,500 mg vial: ৳ 130.00,
26619,Bactropen,allopathic,bactropenointment2-ww,Ointment,Mupirocin,2% w/w,NIPRO JMI Pharma Ltd.,10 gm tube: ৳ 140.00,
12322,Bactrocin,allopathic,bactrocinointment2-ww,Ointment,Mupirocin,2% w/w,Square Pharmaceuticals Ltd.,10 gm tube: ৳ 140.42,
12321,Bactroban,allopathic,bactrobanointment2-ww,Ointment,Mupirocin,2% w/w,GlaxoSmithKline,15 gm tube: ৳ 140.53,
32081,Bactriben,allopathic,bactribenointment2-ww,Ointment,Mupirocin,2% w/w,DBL Pharmaceuticals Ltd.,15 gm tube: ৳ 180.00,
30509,Bactovate,allopathic,bactovatecream0105,Cream,Betamethasone + Neomycin Sulphate (Topical),0.1%+0.5%,Jenphar Bangladesh Ltd.,10 gm tube: ৳ 22.00,
6801,Bactokil,allopathic,bactokilpowder-for-suspension125-mg5-ml,Powder for Suspension,Cephradine,125 mg/5 ml,Virgo Pharmaceuticals Ltd.,100 ml bottle: ৳ 80.00,
6800,Bactokil,allopathic,bactokilcapsule500-mg,Capsule,Cephradine,500 mg,Virgo Pharmaceuticals Ltd.,"Unit Price: ৳ 12.50,(24's pack: ৳ 300.00),",(24's pack: ৳ 300.00)
6799,Bactokil,allopathic,bactokilcapsule250-mg,Capsule,Cephradine,250 mg,Virgo Pharmaceuticals Ltd.,"Unit Price: ৳ 6.50,(24's pack: ৳ 156.00),",(24's pack: ৳ 156.00)
12320,Bactoderm,allopathic,bactodermointment2-ww,Ointment,Mupirocin,2% w/w,UniMed UniHealth,15 gm tube: ৳ 180.00,
8277,Bactocycline,allopathic,bactocyclinecapsule250-mg,Capsule,Tetracycline Hydrochloride (Oral),250 mg,Medicon Pharmaceuticals Ltd.,"Unit Price: ৳ 1.65,(100's pack: ৳ 164.76),",(100's pack: ৳ 164.76)
19354,Bactin HC,allopathic,bactin-hcophthalmic-suspension031,Ophthalmic Suspension,Ciprofloxacin + Hydrocortisone Acetate,0.3%+1%,Ibn Sina Pharmaceuticals Ltd.,10 ml drop: ৳ 90.00,
15820,Bactin D,allopathic,bactin-dophthalmic-solution0301,Ophthalmic Solution,Ciprofloxacin + Dexamethasone,0.3%+0.1%,Ibn Sina Pharmaceuticals Ltd.,5 ml drop: ৳ 75.28,
9105,Bactin,allopathic,bactinophthalmic-solution03,Ophthalmic Solution,Ciprofloxacin (Ophthalmic),0.30%,Ibn Sina Pharmaceuticals Ltd.,"5 ml drop: ৳ 35.14,10 ml drop: ৳ 50.00",
9106,Bactin,allopathic,bactinophthalmic-ointment03,Ophthalmic Ointment,Ciprofloxacin (Ophthalmic),0.30%,Ibn Sina Pharmaceuticals Ltd.,3 gm tube: ৳ 35.00,
9147,Bactin,allopathic,bactintablet750-mg,Tablet,Ciprofloxacin,750 mg,Ibn Sina Pharmaceuticals Ltd.,"Unit Price: ৳ 18.06,(20's pack: ৳ 361.20),",(20's pack: ৳ 361.20)
10398,Actol,allopathic,actoloral-suspension120-mg5-ml,Oral Suspension,Paracetamol,120 mg/5 ml,Somatec Pharmaceuticals Ltd.,60 ml bottle: ৳ 20.70,
11912,Actizen,allopathic,actizensyrup5-mg5-ml,Syrup,Cetirizine Hydrochloride,5 mg/5 ml,Ambee Pharmaceuticals Ltd.,60 ml bottle: ৳ 16.00,
11911,Actizen,allopathic,actizentablet10-mg,Tablet,Cetirizine Hydrochloride,10 mg,Ambee Pharmaceuticals Ltd.,"Unit Price: ৳ 2.03,(100's pack: ৳ 203.00),",(100's pack: ৳ 203.00)
6222,Bdflox,allopathic,bdfloxpowder-for-suspension125-mg5-ml,Powder for Suspension,Flucloxacillin Sodium,125 mg/5 ml,Bengal drugs Ltd.,100 ml bottle: ৳ 60.00,
6221,Bdflox,allopathic,bdfloxcapsule500-mg,Capsule,Flucloxacillin Sodium,500 mg,Bengal drugs Ltd.,"Unit Price: ৳ 10.00,(48's pack: ৳ 480.00),",(48's pack: ৳ 480.00)
32341,BC-Card,allopathic,bc-cardtablet5-mg50-mg,Tablet,Amlodipine Besilate + Atenolol,5 mg+50 mg,Al-Madina Pharmaceuticals Ltd.,Unit Price: ৳ 6.00,
31905,Barri,allopathic,barritablet4-mg,Tablet,Baricitinib,4 mg,Beximco Pharmaceuticals Ltd.,"Unit Price: ৳ 40.00,(15's pack: ৳ 600.00),",(15's pack: ৳ 600.00)
32261,Barixen,allopathic,barixentablet2-mg,Tablet,Baricitinib,2 mg,Everest Pharmaceuticals Ltd.,Unit Price: ৳ 25.00,
29025,Baritor,allopathic,baritortablet2-mg,Tablet,Baricitinib,2 mg,Square Pharmaceuticals Ltd.,"Unit Price: ৳ 25.00,(20's pack: ৳ 500.00),",(20's pack: ৳ 500.00)
32260,Baritinib,allopathic,baritinibtablet2-mg,Tablet,Baricitinib,2 mg,Healthcare Pharmaceuticals Ltd.,"Unit Price: ৳ 25.00,(10's pack: ৳ 250.00),",(10's pack: ৳ 250.00)
32038,Barinix,allopathic,barinixtablet2-mg,Tablet,Baricitinib,2 mg,ACME Laboratories Ltd.,"Unit Price: ৳ 25.00,(10's pack: ৳ 250.00),",(10's pack: ৳ 250.00)
32037,Barinib,allopathic,barinibtablet2-mg,Tablet,Baricitinib,2 mg,Eskayef Pharmaceuticals Ltd.,"Unit Price: ৳ 25.00,(10's pack: ৳ 250.00),",(10's pack: ৳ 250.00)
28947,Barinez,allopathic,barineztablet2-mg,Tablet,Baricitinib,2 mg,Beacon Pharmaceuticals Ltd.,"Unit Price: ৳ 25.00,(15's pack: ৳ 375.00),",(15's pack: ৳ 375.00)
11679,Barif,allopathic,bariftablet40-mg,Tablet,Febuxostat,40 mg,Square Pharmaceuticals Ltd.,"Unit Price: ৳ 12.03,(30's pack: ৳ 360.90),",(30's pack: ৳ 360.90)
11680,Barif,allopathic,bariftablet80-mg,Tablet,Febuxostat,80 mg,Square Pharmaceuticals Ltd.,"Unit Price: ৳ 22.06,(10's pack: ৳ 220.60),",(10's pack: ৳ 220.60)
31010,Baricit,allopathic,baricittablet4-mg,Tablet,Baricitinib,4 mg,Delta Pharma Ltd.,"Unit Price: ৳ 30.00,(10's pack: ৳ 300.00),",(10's pack: ৳ 300.00)
28725,Baricit,allopathic,baricittablet2-mg,Tablet,Baricitinib,2 mg,Delta Pharma Ltd.,"Unit Price: ৳ 20.00,(10's pack: ৳ 200.00),",(10's pack: ৳ 200.00)
30218,Baricent,allopathic,baricenttablet2-mg,Tablet,Baricitinib,2 mg,Incepta Pharmaceuticals Ltd.,"Unit Price: ৳ 25.00,(20's pack: ৳ 500.00),",(20's pack: ৳ 500.00)
9750,Barcavir,allopathic,barcavirtablet1-mg,Tablet,Entecavir,1 mg,Incepta Pharmaceuticals Ltd.,"Unit Price: ৳ 90.00,(10's pack: ৳ 900.00),",(10's pack: ৳ 900.00)
9736,Barcavir,allopathic,barcavirtablet05-mg,Tablet,Entecavir,0.5 mg,Incepta Pharmaceuticals Ltd.,"Unit Price: ৳ 48.00,(10's pack: ৳ 480.00),",(10's pack: ৳ 480.00)
4954,Barbit,allopathic,barbitinjection200-mgml,Injection,Phenobarbital,200 mg/ml,Incepta Pharmaceuticals Ltd.,"1 ml ampoule: ৳ 16.00,(5's pack: ৳ 80.00),",(5's pack: ৳ 80.00)
4953,Barbit,allopathic,barbitoral-solution20-mg5-ml,Oral Solution,Phenobarbital,20 mg/5 ml,Incepta Pharmaceuticals Ltd.,"50 ml bottle: ৳ 29.06,100 ml bottle: ৳ 57.00",
4952,Barbit,allopathic,barbittablet60-mg,Tablet,Phenobarbital,60 mg,Incepta Pharmaceuticals Ltd.,"Unit Price: ৳ 1.14,(100's pack: ৳ 114.00),",(100's pack: ৳ 114.00)
4951,Barbit,allopathic,barbittablet30-mg,Tablet,Phenobarbital,30 mg,Incepta Pharmaceuticals Ltd.,"Unit Price: ৳ 0.78,(100's pack: ৳ 78.00),",(100's pack: ৳ 78.00)
4329,Banxyt,allopathic,banxyttablet05-mg10-mg,Tablet,Flupentixol + Melitracen,0.5 mg+10 mg,Bristol Pharmaceuticals Ltd.,"Unit Price: ৳ 3.50,(100's pack: ৳ 350.00),",(100's pack: ৳ 350.00)
31611,Bantovet-N,allopathic,bantovet-ncream0105,Cream,Betamethasone + Neomycin Sulphate (Topical),0.1%+0.5%,DBL Pharmaceuticals Ltd.,10 gm tube: ৳ 28.00,
32456,Bantovet-CL,allopathic,bantovet-clointment011,Ointment,Betamethasone + Clotrimazole,0.1%+1%,DBL Pharmaceuticals Ltd.,10 gm tube: ৳ 30.00,
31609,Bantovet,allopathic,bantovetointment01,Ointment,Betamethasone Valerate,0.10%,DBL Pharmaceuticals Ltd.,20 gm tube: ৳ 40.90,
31610,Bantovet,allopathic,bantovetcream01,Cream,Betamethasone Valerate,0.10%,DBL Pharmaceuticals Ltd.,20 gm tube: ৳ 38.00,
10868,Bangay Ultra,allopathic,bangay-ultracream30104,Cream,Methyl Salicylate + Menthol + Camphor,30%+10%+4%,Sharif Pharmaceuticals Ltd.,"15 gm tube: ৳ 95.29,25 gm tube: ৳ 120.37",
10855,Bangay,allopathic,bangaycream308,Cream,Methyl Salicylate + Menthol,30%+8%,Sharif Pharmaceuticals Ltd.,"15 gm tube: ৳ 40.12,25 gm tube: ৳ 60.18",
30632,Bambutol,allopathic,bambutoltablet20-mg,Tablet,Bambuterol Hydrochloride,20 mg,Chemist Laboratories  Ltd.,"Unit Price: ৳ 3.00,(100's pack: ৳ 300.00),",(100's pack: ৳ 300.00)
30631,Bambutol,allopathic,bambutoltablet10-mg,Tablet,Bambuterol Hydrochloride,10 mg,Chemist Laboratories  Ltd.,"Unit Price: ৳ 1.50,(100's pack: ৳ 150.00),",(100's pack: ৳ 150.00)
13360,Activit ZI,allopathic,activit-zisyrup,Syrup,Iron Polymaltose Complex + Vitamin B Complex + Zinc,,Delta Pharma Ltd.,100 ml bottle: ৳ 50.00,
28132,Beforte,allopathic,befortecapsule,Capsule,Vitamin B complex,,Doctor’s Chemical Works Ltd.,"Unit Price: ৳ 0.57,(200's pack: ৳ 114.00),",(200's pack: ৳ 114.00)
13757,Beforte,allopathic,befortetablet,Tablet,Vitamin B complex,,Doctor’s Chemical Works Ltd.,"Unit Price: ৳ 0.43,(45's pack: ৳ 19.35),",(45's pack: ৳ 19.35)
11266,Beflam,allopathic,beflamtablet400-mg,Tablet,Ibuprofen,400 mg,Bengal drugs Ltd.,"Unit Price: ৳ 1.82,(100's pack: ৳ 182.00),",(100's pack: ৳ 182.00)
1518,Bedom,allopathic,bedomoral-suspension5-mg5-ml,Oral Suspension,Domperidone Maleate,5 mg/5 ml,Bengal drugs Ltd.,60 ml bottle: ৳ 28.00,
1517,Bedom,allopathic,bedomtablet10-mg,Tablet,Domperidone Maleate,10 mg,Bengal drugs Ltd.,"Unit Price: ৳ 2.00,(100's pack: ৳ 200.00),",(100's pack: ৳ 200.00)
1686,Bedine,allopathic,bedinetablet150-mg,Tablet,Ranitidine Hydrochloride,150 mg,Bengal drugs Ltd.,"Unit Price: ৳ 2.00,(100's pack: ৳ 200.00),",(100's pack: ৳ 200.00)
12559,Bederm,allopathic,bedermcream005,Cream,Clobetasol Propionate (Topical Preparation),0.05%,Millat Pharmaceuticals Ltd.,10 gm tube: ৳ 35.00,
9763,Becovir,allopathic,becovirtablet300-mg,Tablet,Tenofovir Disoproxil Fumarate,300 mg,Beacon Pharmaceuticals Ltd.,"Unit Price: ৳ 85.25,(8's pack: ৳ 682.00),",(8's pack: ৳ 682.00)
18099,Becovent,allopathic,becoventinhaler100-mcgpuff,Inhaler,Beclomethasone Dipropionate (Inhaler),100 mcg/puff,Drug International Ltd.,200 metered doses: ৳ 250.00,
13999,Becosules Gold,allopathic,becosules-goldcapsule,Capsule,Vitamin B complex + Vitamin C,,Renata Limited,"Unit Price: ৳ 3.02,(90's pack: ৳ 271.80),",(90's pack: ৳ 271.80)
13752,Becosules,allopathic,becosulescapsule,Capsule,Vitamin B complex,,Renata Limited,"Unit Price: ৳ 2.50,(96's pack: ৳ 240.00),",(96's pack: ৳ 240.00)
16298,Becospray,allopathic,becospraynasal-spray50-mcgspray,Nasal Spray,Beclomethasone Dipropionate (Nasal Spray),50 mcg/spray,Square Pharmaceuticals Ltd.,200 metered sprays: ৳ 146.00,
14191,Becoson-M,allopathic,becoson-mtablet,Tablet,Multivitamin & Multimineral,,Hudson Pharmaceuticals Ltd.,"Unit Price: ৳ 1.50,(30's pack: ৳ 45.00),",(30's pack: ৳ 45.00)
13751,Becoson,allopathic,becosonsyrup,Syrup,Vitamin B complex,,Hudson Pharmaceuticals Ltd.,"100 ml bottle: ৳ 20.60,200 ml bottle: ৳ 37.60",
13750,Becoson,allopathic,becosoncapsule,Capsule,Vitamin B complex,,Hudson Pharmaceuticals Ltd.,"Unit Price: ৳ 0.56,(200's pack: ৳ 112.00),",(200's pack: ৳ 112.00)
29544,Becoral Dx,allopathic,becoral-dxtablet600-mg400-iu,Tablet,Calcium Carbonate [Coral source] + Vitamin D3,600 mg+400 IU,Beximco Pharmaceuticals Ltd.,"Unit Price: ৳ 15.00,(30's pack: ৳ 450.00),",(30's pack: ৳ 450.00)
29543,Becoral D,allopathic,becoral-dtablet500-mg200-iu,Tablet,Calcium Carbonate [Coral source] + Vitamin D3,500 mg+200 IU,Beximco Pharmaceuticals Ltd.,"Unit Price: ৳ 10.00,(60's pack: ৳ 600.00),",(60's pack: ৳ 600.00)
13363,Beconex ZI,allopathic,beconex-zisyrup,Syrup,Iron Polymaltose Complex + Vitamin B Complex + Zinc,,Renata Limited,"50 ml bottle: ৳ 30.00,100 ml bottle: ৳ 50.00",
13748,Beconex,allopathic,beconexsyrup,Syrup,Vitamin B complex,,Renata Limited,"100 ml bottle: ৳ 35.00,200 ml bottle: ৳ 62.00",
16297,Beconase,allopathic,beconasenasal-spray50-mcgspray,Nasal Spray,Beclomethasone Dipropionate (Nasal Spray),50 mcg/spray,GlaxoSmithKline,200 metered sprays: ৳ 235.54,
29184,Becobion,allopathic,becobiontablet100-mg200-mg200-mcg,Tablet,"Vitamin B1, B6 & B12",100 mg+200 mg+200 mcg,Beacon Pharmaceuticals Ltd.,"Unit Price: ৳ 8.00,(30's pack: ৳ 240.00),",(30's pack: ৳ 240.00)
11720,Beclovan,allopathic,beclovantablet10-mg,Tablet,Baclofen,10 mg,Aristopharma Ltd.,"Unit Price: ৳ 8.00,(30's pack: ৳ 240.00),",(30's pack: ৳ 240.00)
26413,Beclovan,allopathic,beclovantablet5-mg,Tablet,Baclofen,5 mg,Aristopharma Ltd.,"Unit Price: ৳ 5.50,(30's pack: ৳ 165.00),",(30's pack: ৳ 165.00)
3868,Beclomin,allopathic,beclomininhaler250-mcgpuff,Inhaler,Beclomethasone Dipropionate (Inhaler),250 mcg/puff,Square Pharmaceuticals Ltd.,200 metered doses: ৳ 320.96,
3867,Beclomin,allopathic,beclomininhaler100-mcgpuff,Inhaler,Beclomethasone Dipropionate (Inhaler),100 mcg/puff,Square Pharmaceuticals Ltd.,200 metered doses: ৳ 270.82,
28242,Beclomet,allopathic,beclometnasal-spray50-mcgspray,Nasal Spray,Beclomethasone Dipropionate (Nasal Spray),50 mcg/spray,ACME Laboratories Ltd.,120 metered spray: ৳ 120.37,
30633,Beclocort (HFA),allopathic,beclocort-hfainhaler250-mcgpuff,Inhaler,Beclomethasone Dipropionate (Inhaler),250 mcg/puff,Aristopharma Ltd.,200 metered doses: ৳ 350.00,
3864,Beclocort (HFA),allopathic,beclocort-hfainhaler100-mcgpuff,Inhaler,Beclomethasone Dipropionate (Inhaler),100 mcg/puff,Aristopharma Ltd.,200 metered doses: ৳ 250.00,
14724,Bec Plus,allopathic,bec-plustablet,Tablet,Super antioxidant [vitamins & minerals],,Opsonin Pharma Ltd.,"Unit Price: ৳ 4.02,(30's pack: ৳ 120.60),",(30's pack: ৳ 120.60)
14013,Bec,allopathic,bectablet6-mg200-mg50-mg,Tablet,Betacarotene + Vitamin C + Vitamin E,6 mg+200 mg+50 mg,Opsonin Pharma Ltd.,"Unit Price: ৳ 2.26,(20's pack: ৳ 45.20),",(20's pack: ৳ 45.20)
14675,Activit Z,allopathic,activit-zsyrup,Syrup,Vitamin B Complex + Zinc,,Delta Pharma Ltd.,"100 ml bottle: ৳ 45.00,200 ml bottle: ৳ 85.00",
30581,Benadip,allopathic,benadipcapsule25-mg10-mg,Capsule,Amlodipine Besilate + Benazepril Hydrochloride,2.5 mg+10 mg,Incepta Pharmaceuticals Ltd.,Unit Price: ৳ 4.00,
30580,Benadip,allopathic,benadipcapsule5-mg20-mg,Capsule,Amlodipine Besilate + Benazepril Hydrochloride,5 mg+20 mg,Incepta Pharmaceuticals Ltd.,"Unit Price: ৳ 8.00,(28's pack: ৳ 224.00),",(28's pack: ৳ 224.00)
11871,Bena-Flu,allopathic,bena-flusyrup10-mg5-ml,Syrup,Diphenhydramine Hydrochloride,10 mg/5 ml,Cosmic Pharma Ltd.,100 ml bottle: ৳ 35.00,
23953,Ben-Kof,allopathic,ben-kofsyrup20-mg10-mg25-mg5-ml,Syrup,Dextromethorphan + Phenylephrine + Triprolidine,(20 mg+10 mg+2.5 mg)/5 ml,Benham Pharmaceuticals Ltd.,100 ml bottle: ৳ 100.00,
298,Ben-A,allopathic,ben-aoral-suspension200-mg5-ml,Oral Suspension,Albendazole,200 mg/5 ml,ACME Laboratories Ltd.,10 ml bottle: ৳ 20.07,
297,Ben-A,allopathic,ben-achewable-tablet400-mg,Chewable Tablet,Albendazole,400 mg,ACME Laboratories Ltd.,"Unit Price: ৳ 5.01,(25's pack: ৳ 125.25),",(25's pack: ৳ 125.25)
32625,Bemvas,allopathic,bemvastablet180-mg,Tablet,Bempedoic acid,180 mg,Opsonin Pharma Ltd.,,
28402,Bemsivir,allopathic,bemsiviriv-infusion5-mgml,IV Infusion,Remdesivir,5 mg/ml,Beximco Pharmaceuticals Ltd.,"100 mg vial: ৳ 3,500.00",
31395,Bempid,allopathic,bempidtablet180-mg,Tablet,Bempedoic acid,180 mg,Eskayef Pharmaceuticals Ltd.,"Unit Price: ৳ 30.00,(10's pack: ৳ 300.00),",(10's pack: ৳ 300.00)
30350,Belsar,allopathic,belsartablet40-mg,Tablet,Olmesartan Medoxomil,40 mg,Beacon Pharmaceuticals Ltd.,"Unit Price: ৳ 18.00,(28's pack: ৳ 504.00),",(28's pack: ৳ 504.00)
30349,Belsar,allopathic,belsartablet20-mg,Tablet,Olmesartan Medoxomil,20 mg,Beacon Pharmaceuticals Ltd.,"Unit Price: ৳ 10.00,(28's pack: ৳ 280.00),",(28's pack: ৳ 280.00)
9540,Beloxin,allopathic,beloxintablet500-mg,Tablet,Levofloxacin Hemihydrate,500 mg,Belsen Pharmaceuticals Ltd.,"Unit Price: ৳ 15.00,(20's pack: ৳ 300.00),",(20's pack: ৳ 300.00)
27453,Belox,allopathic,beloxpowder-for-suspension125-mg5-ml,Powder for Suspension,Flucloxacillin Sodium,125 mg/5 ml,Benham Pharmaceuticals Ltd.,100 ml bottle: ৳ 60.00,
27452,Belox,allopathic,beloxcapsule500-mg,Capsule,Flucloxacillin Sodium,500 mg,Benham Pharmaceuticals Ltd.,"Unit Price: ৳ 10.00,(20's pack: ৳ 200.00),",(20's pack: ৳ 200.00)
27451,Belox,allopathic,beloxcapsule250-mg,Capsule,Flucloxacillin Sodium,250 mg,Benham Pharmaceuticals Ltd.,"Unit Price: ৳ 5.50,(20's pack: ৳ 110.00),",(20's pack: ৳ 110.00)
32624,Belopid,allopathic,belopidtablet180-mg,Tablet,Bempedoic acid,180 mg,Navana Pharmaceuticals Ltd.,,
6805,Belocef DS,allopathic,belocef-dspowder-for-suspension250-mg5-ml,Powder for Suspension,Cephradine,250 mg/5 ml,Amico Laboratories Ltd.,100 ml bottle: ৳ 110.00,
6804,Belocef,allopathic,belocefpowder-for-suspension125-mg5-ml,Powder for Suspension,Cephradine,125 mg/5 ml,Amico Laboratories Ltd.,100 ml bottle: ৳ 80.00,
6806,Belocef,allopathic,belocefpediatric-drops125-mg125-ml,Pediatric Drops,Cephradine,125 mg/1.25 ml,Amico Laboratories Ltd.,15 ml bottle: ৳ 50.00,
6802,Belocef,allopathic,belocefcapsule250-mg,Capsule,Cephradine,250 mg,Amico Laboratories Ltd.,"Unit Price: ৳ 12.05,(24's pack: ৳ 289.20),",(24's pack: ৳ 289.20)
30348,Belinta,allopathic,belintatablet60-mg,Tablet,Ticagrelor,60 mg,Ziska Pharmaceuticals Ltd.,"Unit Price: ৳ 35.00,(20's pack: ৳ 700.00),",(20's pack: ৳ 700.00)
24945,Belinta,allopathic,belintatablet90-mg,Tablet,Ticagrelor,90 mg,Ziska Pharmaceuticals Ltd.,"Unit Price: ৳ 48.00,(10's pack: ৳ 480.00),",(10's pack: ৳ 480.00)
31011,Belas,allopathic,belastablet20-mg,Tablet,Bilastine,20 mg,Pacific Pharmaceuticals Ltd.,"Unit Price: ৳ 15.00,(30's pack: ৳ 450.00),",(30's pack: ৳ 450.00)
18083,Beklo,allopathic,beklooral-solution5-mg5-ml,Oral Solution,Baclofen,5 mg/5 ml,Opsonin Pharma Ltd.,100 ml bottle: ৳ 100.00,
11723,Beklo,allopathic,beklotablet25-mg,Tablet,Baclofen,25 mg,Opsonin Pharma Ltd.,"Unit Price: ৳ 20.08,(20's pack: ৳ 401.60),",(20's pack: ৳ 401.60)
11722,Beklo,allopathic,beklotablet10-mg,Tablet,Baclofen,10 mg,Opsonin Pharma Ltd.,"Unit Price: ৳ 9.50,(56's pack: ৳ 532.00),",(56's pack: ৳ 532.00)
11721,Beklo,allopathic,beklotablet5-mg,Tablet,Baclofen,5 mg,Opsonin Pharma Ltd.,"Unit Price: ৳ 5.50,(56's pack: ৳ 308.00),",(56's pack: ৳ 308.00)
14681,Beforte-Z,allopathic,beforte-zsyrup,Syrup,Vitamin B Complex + Zinc,,Doctor’s Chemical Works Ltd.,100 ml bottle: ৳ 45.00,
14192,Beforte-M,allopathic,beforte-mtablet,Tablet,Multivitamin & Multimineral,,Doctor’s Chemical Works Ltd.,"Unit Price: ৳ 1.10,(30's pack: ৳ 33.00),",(30's pack: ৳ 33.00)
14137,Activit Silver,allopathic,activit-silvertablet,Tablet,Multivitamin & Multimineral [A-Z silver preparation],,Delta Pharma Ltd.,"Unit Price: ৳ 7.00,(15's pack: ৳ 105.00),",(15's pack: ৳ 105.00)
14084,Activit Gold,allopathic,activit-goldtablet,Tablet,Multivitamin & Multimineral [A-Z gold preparation],,Delta Pharma Ltd.,"Unit Price: ৳ 7.00,(15's pack: ৳ 105.00),,Unit Price: ৳ 7.00,(30's pack: ৳ 210.00),","(15's pack: ৳ 105.00),(30's pack: ৳ 210.00)"
25872,Benocef,allopathic,benocefcapsule500-mg,Capsule,Cephradine,500 mg,Benham Pharmaceuticals Ltd.,"Unit Price: ৳ 15.00,(28's pack: ৳ 420.00),",(28's pack: ৳ 420.00)
10079,Benmet,allopathic,benmetoral-suspension200-mg5-ml,Oral Suspension,Metronidazole,200 mg/5 ml,Pacific Pharmaceuticals Ltd.,60 ml bottle: ৳ 29.00,
10078,Benmet,allopathic,benmettablet400-mg,Tablet,Metronidazole,400 mg,Pacific Pharmaceuticals Ltd.,"Unit Price: ৳ 1.26,(100's pack: ৳ 126.00),",(100's pack: ৳ 126.00)
19708,Benlor,allopathic,benlortablet5-mg,Tablet,Desloratadine,5 mg,Benham Pharmaceuticals Ltd.,"Unit Price: ৳ 3.00,(100's pack: ৳ 300.00),",(100's pack: ৳ 300.00)
27440,Benkill CV,allopathic,benkill-cvtablet500-mg125-mg,Tablet,Cefuroxime Axetil + Clavulanic Acid,500 mg+125 mg,Benham Pharmaceuticals Ltd.,"Unit Price: ৳ 50.00,(7's pack: ৳ 350.00),",(7's pack: ৳ 350.00)
27439,Benkill CV,allopathic,benkill-cvtablet250-mg625-mg,Tablet,Cefuroxime Axetil + Clavulanic Acid,250 mg+62.5 mg,Benham Pharmaceuticals Ltd.,"Unit Price: ৳ 30.00,(14's pack: ৳ 420.00),",(14's pack: ৳ 420.00)
27461,Benkill,allopathic,benkilltablet500-mg,Tablet,Cefuroxime Axetil,500 mg,Benham Pharmaceuticals Ltd.,"Unit Price: ৳ 45.00,(7's pack: ৳ 315.00),",(7's pack: ৳ 315.00)
25778,Benkill,allopathic,benkilltablet250-mg,Tablet,Cefuroxime Axetil,250 mg,Benham Pharmaceuticals Ltd.,"Unit Price: ৳ 25.00,(14's pack: ৳ 350.00),",(14's pack: ৳ 350.00)
27450,Benidon,allopathic,benidonoral-suspension5-mg5-ml,Oral Suspension,Domperidone Maleate,5 mg/5 ml,Benham Pharmaceuticals Ltd.,60 ml bottle: ৳ 32.00,
27449,Benidon,allopathic,benidontablet10-mg,Tablet,Domperidone Maleate,10 mg,Benham Pharmaceuticals Ltd.,"Unit Price: ৳ 2.50,(100's pack: ৳ 250.00),",(100's pack: ৳ 250.00)
22091,Benformin,allopathic,benformintablet500-mg,Tablet,Metformin Hydrochloride,500 mg,Benham Pharmaceuticals Ltd.,"Unit Price: ৳ 4.00,(50's pack: ৳ 200.00),",(50's pack: ৳ 200.00)
22090,Benformin,allopathic,benformintablet850-mg,Tablet,Metformin Hydrochloride,850 mg,Benham Pharmaceuticals Ltd.,"Unit Price: ৳ 6.00,(50's pack: ৳ 300.00),",(50's pack: ৳ 300.00)
9541,Benfloxin,allopathic,benfloxintablet500-mg,Tablet,Levofloxacin Hemihydrate,500 mg,Benham Pharmaceuticals Ltd.,"Unit Price: ৳ 15.00,(20's pack: ৳ 300.00),",(20's pack: ৳ 300.00)
300,Benfast,allopathic,benfastchewable-tablet400-mg,Chewable Tablet,Albendazole,400 mg,Novo Healthcare and Pharma Ltd.,"Unit Price: ৳ 4.02,(50's pack: ৳ 200.77),",(50's pack: ৳ 200.77)
32365,Bendopa,allopathic,bendopadispersible-tablet100-mg25-mg,Dispersible Tablet,Levodopa + Benserazide,100 mg+25 mg,Renata Limited,"Unit Price: ৳ 18.00,(30's pack: ৳ 540.00),",(30's pack: ৳ 540.00)
32366,Bendopa,allopathic,bendopadispersible-tablet50-mg125-mg,Dispersible Tablet,Levodopa + Benserazide,50 mg+12.5 mg,Renata Limited,"Unit Price: ৳ 12.00,(30's pack: ৳ 360.00),",(30's pack: ৳ 360.00)
33047,Bendopa,allopathic,bendopadispersible-tablet200-mg50-mg,Dispersible Tablet,Levodopa + Benserazide,200 mg+50 mg,Renata Limited,Unit Price: ৳ 25.00,
12305,Bendil,allopathic,bendilcream201,Cream,Diphenhydramine Hydrochloride + Zinc Acetate,2%+0.1%,Alco Pharma Ltd.,"5 gm tube: ৳ 22.00,10 gm tube: ৳ 35.11,30 gm tube: ৳ 55.17",
32937,Bendex,allopathic,bendexchewable-tablet100-mg,Chewable Tablet,Mebendazole,100 mg,Gaco Pharmaceuticals Ltd.,"Unit Price: ৳ 1.15,(30's pack: ৳ 34.50),",(30's pack: ৳ 34.50)
32938,Bendex,allopathic,bendexchewable-tablet500-mg,Chewable Tablet,Mebendazole,500 mg,Gaco Pharmaceuticals Ltd.,"Unit Price: ৳ 3.50,(60's pack: ৳ 210.00),",(60's pack: ৳ 210.00)
17245,Bendamax,allopathic,bendamaxiv-infusion25-mgvial,IV Infusion,Bendamustine,25 mg/vial,Beacon Pharmaceuticals Ltd.,"25 mg vial: ৳ 1,200.00",
299,Benda DS,allopathic,benda-dschewable-tablet400-mg,Chewable Tablet,Albendazole,400 mg,Bristol Pharmaceuticals Ltd.,"Unit Price: ৳ 3.50,(50's pack: ৳ 175.00),",(50's pack: ৳ 175.00)
20750,Bencart,allopathic,bencarttablet250-mg200-mg,Tablet,Glucosamine Sulfate + Chondroitin,250 mg+200 mg,Benham Pharmaceuticals Ltd.,"Unit Price: ৳ 8.00,(50's pack: ৳ 400.00),",(50's pack: ৳ 400.00)
32357,Benazin,allopathic,benazintablet25-mg,Tablet,Tetrabenazine,25 mg,Renata Limited,"Unit Price: ৳ 35.00,(30's pack: ৳ 1,050.00),","(30's pack: ৳ 1,050.00)"
32358,Benazin,allopathic,benazintablet125-mg,Tablet,Tetrabenazine,12.5 mg,Renata Limited,"Unit Price: ৳ 20.00,(30's pack: ৳ 600.00),",(30's pack: ৳ 600.00)
23401,Benalgin XR,allopathic,benalgin-xrtablet-extended-release665-mg,Tablet (Extended Release),Paracetamol,665 mg,Benham Pharmaceuticals Ltd.,"Unit Price: ৳ 1.50,(100's pack: ৳ 150.00),",(100's pack: ৳ 150.00)
10637,Benalgin Plus,allopathic,benalgin-plustablet500-mg65-mg,Tablet,Paracetamol + Caffeine,500 mg+65 mg,Benham Pharmaceuticals Ltd.,"Unit Price: ৳ 2.50,(100's pack: ৳ 250.00),",(100's pack: ৳ 250.00)
23400,Benalgin,allopathic,benalginoral-suspension120-mg5-ml,Oral Suspension,Paracetamol,120 mg/5 ml,Benham Pharmaceuticals Ltd.,60 ml bottle: ৳ 21.69,
30579,Benadip,allopathic,benadipcapsule10-mg20-mg,Capsule,Amlodipine Besilate + Benazepril Hydrochloride,10 mg+20 mg,Incepta Pharmaceuticals Ltd.,"Unit Price: ৳ 10.00,(28's pack: ৳ 280.00),",(28's pack: ৳ 280.00)
27902,Active Plus,allopathic,active-plustablet6-mg200-mg50-mg,Tablet,Betacarotene + Vitamin C + Vitamin E,6 mg+200 mg+50 mg,The White Horse Pharma,"Unit Price: ৳ 2.50,(30's pack: ৳ 75.00),",(30's pack: ৳ 75.00)
28501,Activa,allopathic,activatablet50-mg,Tablet,Sildenafil Citrate,50 mg,Pacific Pharmaceuticals Ltd.,"Unit Price: ৳ 25.00,(4's pack: ৳ 100.00),",(4's pack: ৳ 100.00)
25595,Benzith,allopathic,benzithpowder-for-suspension200-mg5-ml,Powder for Suspension,Azithromycin Dihydrate,200 mg/5 ml,Benham Pharmaceuticals Ltd.,"15 ml bottle: ৳ 90.00,35 ml bottle: ৳ 140.00,50 ml bottle: ৳ 185.00",
4328,Benzit,allopathic,benzittablet05-mg10-mg,Tablet,Flupentixol + Melitracen,0.5 mg+10 mg,Biopharma Laboratories Ltd.,"Unit Price: ৳ 5.00,(100's pack: ৳ 500.00),",(100's pack: ৳ 500.00)
30303,Benzenod,allopathic,benzenodcapsule15-mg,Capsule,Rivastigmine Tartrate,1.5 mg,General Pharmaceuticals Ltd.,"Unit Price: ৳ 23.00,(28's pack: ৳ 644.00),",(28's pack: ৳ 644.00)
30304,Benzenod,allopathic,benzenodcapsule3-mg,Capsule,Rivastigmine Tartrate,3 mg,General Pharmaceuticals Ltd.,"Unit Price: ৳ 40.00,(28's pack: ৳ 1,120.00),","(28's pack: ৳ 1,120.00)"
6163,Benzapen,allopathic,benzapeninjection12-lac-unitsvial,Injection,Benzathine Penicillin,12 lac units/vial,Square Pharmaceuticals Ltd.,"12 lac units vial: ৳ 23.00,(10's pack: ৳ 230.00),",(10's pack: ৳ 230.00)
12453,Benzalic,allopathic,benzalicointment63,Ointment,Benzoic Acid + Salicylic Acid,6%+3%,Central Pharmaceuticals Ltd.,20 gm tube: ৳ 14.00,
13084,Benzac,allopathic,benzaccream4,Cream,Benzoyl Peroxide,4%,Drug International Ltd.,15 gm tube: ৳ 150.45,
18150,Benzabiol,allopathic,benzabiollotion125-gm5-ml,Lotion,Benzyl Benzoate,1.25 gm/5 ml,Aztec Pharmaceuticals Ltd.,100 ml bottle: ৳ 31.00,
301,Benz,allopathic,benzchewable-tablet400-mg,Chewable Tablet,Albendazole,400 mg,Belsen Pharmaceuticals Ltd.,"Unit Price: ৳ 3.20,(50's pack: ৳ 160.00),",(50's pack: ৳ 160.00)
27447,Benvit-Z,allopathic,benvit-zsyrup,Syrup,Vitamin B Complex + Zinc,,Benham Pharmaceuticals Ltd.,100 ml bottle: ৳ 50.00,
27446,Benvit-Z,allopathic,benvit-ztablet,Tablet,Vitamin B Complex + Zinc,,Benham Pharmaceuticals Ltd.,"Unit Price: ৳ 2.00,(30's pack: ৳ 60.00),",(30's pack: ৳ 60.00)
25285,Benvit M,allopathic,benvit-mtablet,Tablet,Multivitamin & Multimineral,,Benham Pharmaceuticals Ltd.,"Unit Price: ৳ 1.80,(30's pack: ৳ 54.00),",(30's pack: ৳ 54.00)
13877,Benvit B,allopathic,benvit-btablet,Tablet,Vitamin B complex,,Benham Pharmaceuticals Ltd.,"Unit Price: ৳ 0.52,(60's pack: ৳ 31.20),",(60's pack: ৳ 31.20)
13878,Benvit B,allopathic,benvit-bsyrup,Syrup,Vitamin B complex,,Benham Pharmaceuticals Ltd.,"100 ml bottle: ৳ 35.00,200 ml bottle: ৳ 62.00",
12360,Bentol,allopathic,bentolcream1,Cream,Silver Sulfadiazine,1%,Doctor’s Chemical Works Ltd.,10 gm tube: ৳ 11.38,
27444,Bentid,allopathic,bentidtablet150-mg,Tablet,Ranitidine Hydrochloride,150 mg,Benham Pharmaceuticals Ltd.,"Unit Price: ৳ 2.50,(150's pack: ৳ 375.00),",(150's pack: ৳ 375.00)
12452,Bensal,allopathic,bensalointment63,Ointment,Benzoic Acid + Salicylic Acid,6%+3%,Gaco Pharmaceuticals Ltd.,25 gm tube: ৳ 25.00,
32246,Benquil,allopathic,benquiltablet15-mg,Tablet,Midazolam,15 mg,Biopharma Laboratories Ltd.,"Unit Price: ৳ 15.00,(30's pack: ৳ 450.00),",(30's pack: ৳ 450.00)
4171,Benquil,allopathic,benquiltablet75-mg,Tablet,Midazolam,7.5 mg,Biopharma Laboratories Ltd.,"Unit Price: ৳ 8.00,(30's pack: ৳ 240.00),",(30's pack: ৳ 240.00)
27441,Benprox,allopathic,benproxtablet500-mg,Tablet,Ciprofloxacin,500 mg,Benham Pharmaceuticals Ltd.,"Unit Price: ৳ 14.00,(30's pack: ৳ 420.00),",(30's pack: ৳ 420.00)
27443,Benprox,allopathic,benproxpowder-for-suspension250-mg5-ml,Powder for Suspension,Ciprofloxacin,250 mg/5 ml,Benham Pharmaceuticals Ltd.,60 ml bottle: ৳ 100.00,
27442,Benprox,allopathic,benproxtablet750-mg,Tablet,Ciprofloxacin,750 mg,Benham Pharmaceuticals Ltd.,"Unit Price: ৳ 18.00,(18's pack: ৳ 324.00),",(18's pack: ৳ 324.00)
16331,Benozol BR,allopathic,benozol-brophthalmic-suspension102,Ophthalmic Suspension,Brinzolamide + Brimonidine Tartrate,1%+0.2%,Popular Pharmaceuticals Ltd.,5 ml drop: ৳ 550.00,
16066,Benozol,allopathic,benozolophthalmic-suspension1,Ophthalmic Suspension,Brinzolamide,1%,Popular Pharmaceuticals Ltd.,5 ml drop: ৳ 500.00,
27455,Benoxil,allopathic,benoxilpowder-for-suspension125-mg5-ml,Powder for Suspension,Amoxicillin Trihydrate,125 mg/5 ml,Benham Pharmaceuticals Ltd.,100 ml bottle: ৳ 45.00,
27454,Benoxil,allopathic,benoxilcapsule500-mg,Capsule,Amoxicillin Trihydrate,500 mg,Benham Pharmaceuticals Ltd.,"Unit Price: ৳ 6.73,(50's pack: ৳ 336.50),",(50's pack: ৳ 336.50)
19410,Benoxiclin,allopathic,benoxiclintopical-gel15,Topical Gel,Clindamycin + Benzoyl peroxide,1%+5%,UniMed UniHealth,20 gm tube: ৳ 350.00,
26169,Benostar,allopathic,benostarmouthwash015,Mouthwash,Benzydamine Hydrochloride,0.15%,Square Pharmaceuticals Ltd.,250 ml bottle: ৳ 150.00,
12473,Benosol,allopathic,benosollotion125-gm5-ml,Lotion,Benzyl Benzoate,1.25 gm/5 ml,Amico Laboratories Ltd.,100 ml bottle: ৳ 35.25,
25869,Benocef,allopathic,benocefpowder-for-suspension125-mg5-ml,Powder for Suspension,Cephradine,125 mg/5 ml,Benham Pharmaceuticals Ltd.,100 ml bottle: ৳ 90.00,
28502,Activa,allopathic,activatablet100-mg,Tablet,Sildenafil Citrate,100 mg,Pacific Pharmaceuticals Ltd.,"Unit Price: ৳ 40.00,(4's pack: ৳ 160.00),",(4's pack: ৳ 160.00)
28884,Bestcef Forte,allopathic,bestcef-fortepowder-for-suspension200-mg5-ml,Powder for Suspension,Cefixime Trihydrate,200 mg/5 ml,Biopharma Laboratories Ltd.,50 ml bottle: ৳ 280.00,
7479,Bestcef,allopathic,bestcefcapsule400-mg,Capsule,Cefixime Trihydrate,400 mg,Biopharma Laboratories Ltd.,"Unit Price: ৳ 50.19,(8's pack: ৳ 401.48),",(8's pack: ৳ 401.48)
7478,Bestcef,allopathic,bestcefcapsule200-mg,Capsule,Cefixime Trihydrate,200 mg,Biopharma Laboratories Ltd.,"Unit Price: ৳ 35.00,(15's pack: ৳ 525.00),",(15's pack: ৳ 525.00)
7480,Bestcef,allopathic,bestcefpowder-for-suspension100-mg5-ml,Powder for Suspension,Cefixime Trihydrate,100 mg/5 ml,Biopharma Laboratories Ltd.,"37.5 ml bottle: ৳ 130.49,50 ml bottle: ৳ 210.00",
13226,Bestal,allopathic,bestalcapsule,Capsule,Iron + Folic acid + Vitamin B complex + Vitamin C,,Modern Pharmaceuticals Ltd.,"Unit Price: ৳ 3.00,(50's pack: ৳ 150.00),",(50's pack: ৳ 150.00)
12520,Besone-N,allopathic,besone-nointment0105,Ointment,Betamethasone + Neomycin Sulphate (Topical),0.1%+0.5%,Pharmadesh Laboratories Ltd.,5 gm tube: ৳ 18.00,
18213,Besone,allopathic,besoneointment01,Ointment,Betamethasone Valerate,0.10%,Pharmadesh Laboratories Ltd.,5 gm tube: ৳ 13.04,
27701,Besixin,allopathic,besixinophthalmic-solution06,Ophthalmic Solution,Besifloxacin,0.60%,Opso Saline Ltd.,5 ml drop: ৳ 350.00,
15709,Besiven,allopathic,besivenophthalmic-solution06,Ophthalmic Solution,Besifloxacin,0.60%,Incepta Pharmaceuticals Ltd.,5 ml drop: ৳ 350.00,
15708,Besigen,allopathic,besigenophthalmic-solution06,Ophthalmic Solution,Besifloxacin,0.60%,General Pharmaceuticals Ltd.,5 ml drop: ৳ 350.00,
15707,Besiflox,allopathic,besifloxophthalmic-solution06,Ophthalmic Solution,Besifloxacin,0.60%,Aristopharma Ltd.,5 ml drop: ৳ 350.00,
15706,Besibac,allopathic,besibacophthalmic-solution06,Ophthalmic Solution,Besifloxacin,0.60%,Popular Pharmaceuticals Ltd.,5 ml drop: ৳ 350.00,
1806,Besectil,allopathic,besectilcapsule-delayed-release20-mg,Capsule (Delayed Release),Omeprazole,20 mg,Bengal drugs Ltd.,"Unit Price: ৳ 4.00,(100's pack: ৳ 400.00),",(100's pack: ৳ 400.00)
13637,Berin Plus,allopathic,berin-plustablet100-mg200-mg200-mcg,Tablet,"Vitamin B1, B6 & B12",100 mg+200 mg+200 mcg,GlaxoSmithKline,"Unit Price: ৳ 4.45,(30's pack: ৳ 133.50),,Unit Price: ৳ 4.45,(100's pack: ৳ 445.00),","(30's pack: ৳ 133.50),(100's pack: ৳ 445.00)"
13585,Berin,allopathic,berintablet100-mg,Tablet,Thiamine Hydrochloride,100 mg,GlaxoSmithKline,"Unit Price: ৳ 0.75,(250's pack: ৳ 187.50),",(250's pack: ৳ 187.50)
1519,Beridom,allopathic,beridomtablet10-mg,Tablet,Domperidone Maleate,10 mg,Belsen Pharmaceuticals Ltd.,"Unit Price: ৳ 2.00,(100's pack: ৳ 200.00),",(100's pack: ৳ 200.00)
1520,Beridom,allopathic,beridomoral-suspension5-mg5-ml,Oral Suspension,Domperidone Maleate,5 mg/5 ml,Belsen Pharmaceuticals Ltd.,60 ml bottle: ৳ 28.00,
32940,Berdinal,allopathic,berdinalinjection200-mgml,Injection,Phenobarbital,200 mg/ml,Gaco Pharmaceuticals Ltd.,1 ml ampoule: ৳ 16.00,
32941,Berdinal,allopathic,berdinaltablet30-mg,Tablet,Phenobarbital,30 mg,Gaco Pharmaceuticals Ltd.,"Unit Price: ৳ 0.78,(100's pack: ৳ 78.00),",(100's pack: ৳ 78.00)
15923,Bepotas,allopathic,bepotasophthalmic-solution15,Ophthalmic Solution,Bepotastine Besilate,1.50%,Aristopharma Ltd.,5 ml drop: ৳ 300.00,
27540,Bepost,allopathic,bepostophthalmic-solution15,Ophthalmic Solution,Bepotastine Besilate,1.50%,ACI Limited,5 ml drop: ৳ 300.00,
10565,Bepol Plus,allopathic,bepol-plustablet500-mg65-mg,Tablet,Paracetamol + Caffeine,500 mg+65 mg,Bengal drugs Ltd.,"Unit Price: ৳ 1.50,(100's pack: ৳ 150.00),",(100's pack: ৳ 150.00)
10409,Bepol,allopathic,bepoloral-suspension120-mg5-ml,Oral Suspension,Paracetamol,120 mg/5 ml,Bengal drugs Ltd.,60 ml bottle: ৳ 18.00,
15926,Bepogen,allopathic,bepogenophthalmic-solution15,Ophthalmic Solution,Bepotastine Besilate,1.50%,General Pharmaceuticals Ltd.,5 ml drop: ৳ 300.00,
27445,Beonac,allopathic,beonactablet50-mg,Tablet,Diclofenac Sodium,50 mg,Benham Pharmaceuticals Ltd.,"Unit Price: ৳ 0.70,(100's pack: ৳ 70.00),",(100's pack: ৳ 70.00)
28243,Benzyl Lotion,allopathic,benzyl-lotionlotion125-gm5-ml,Lotion,Benzyl Benzoate,1.25 gm/5 ml,ACME Laboratories Ltd.,450 ml bottle: ৳ 126.50,
18320,Benzopam,allopathic,benzopamtablet3-mg,Tablet,Bromazepam,3 mg,Benham Pharmaceuticals Ltd.,"Unit Price: ৳ 5.00,(50's pack: ৳ 250.00),",(50's pack: ৳ 250.00)
10081,Benzol,allopathic,benzoloral-suspension200-mg5-ml,Oral Suspension,Metronidazole,200 mg/5 ml,Bengal drugs Ltd.,60 ml bottle: ৳ 22.00,
10080,Benzol,allopathic,benzoltablet400-mg,Tablet,Metronidazole,400 mg,Bengal drugs Ltd.,"Unit Price: ৳ 1.00,(100's pack: ৳ 100.00),",(100's pack: ৳ 100.00)
25594,Benzith,allopathic,benzithtablet500-mg,Tablet,Azithromycin Dihydrate,500 mg,Benham Pharmaceuticals Ltd.,"Unit Price: ৳ 35.00,(12's pack: ৳ 420.00),",(12's pack: ৳ 420.00)
29741,Nim Gold,herbal,nim-goldtablet250-mg,Tablet,Neem,250 mg,ACME Laboratories Ltd.,"Unit Price: ৳ 5.00,(30's pack: ৳ 150.00),",(30's pack: ৳ 150.00)
23764,Betadine,allopathic,betadinemouthwash1-wv,Mouthwash,Povidone Iodine,1% w/v,Mundipharma (BD) Pvt. Ltd.,100 ml bottle: ৳ 40.00,
12874,Betadine,allopathic,betadinesurgical-scrub75-wv,Surgical Scrub,Povidone Iodine,7.5% w/v,Mundipharma (BD) Pvt. Ltd.,100 ml bottle: ৳ 110.00,
12521,Betaderm N,allopathic,betaderm-nointment0105,Ointment,Betamethasone + Neomycin Sulphate (Topical),0.1%+0.5%,Incepta Pharmaceuticals Ltd.,10 gm tube: ৳ 22.00,
18208,Betaderm,allopathic,betadermointment01,Ointment,Betamethasone Valerate,0.10%,Incepta Pharmaceuticals Ltd.,15 gm tube: ৳ 35.00,
18298,Betacor HZ,allopathic,betacor-hztablet25-mg625-mg,Tablet,Bisoprolol Fumarate + Hydrochlorothiazide,2.5 mg+6.25 mg,Popular Pharmaceuticals Ltd.,"Unit Price: ৳ 6.00,(30's pack: ৳ 180.00),",(30's pack: ৳ 180.00)
18299,Betacor HZ,allopathic,betacor-hztablet5-mg625-mg,Tablet,Bisoprolol Fumarate + Hydrochlorothiazide,5 mg+6.25 mg,Popular Pharmaceuticals Ltd.,"Unit Price: ৳ 10.00,(30's pack: ৳ 300.00),",(30's pack: ৳ 300.00)
26453,Betacor AM,allopathic,betacor-amtablet25-mg5-mg,Tablet,Bisoprolol Fumarate + Amlodipine Besilate,2.5 mg+5 mg,Popular Pharmaceuticals Ltd.,"Unit Price: ৳ 6.00,(30's pack: ৳ 180.00),",(30's pack: ৳ 180.00)
2492,Betacor,allopathic,betacortablet5-mg,Tablet,Bisoprolol Hemifumarate,5 mg,Popular Pharmaceuticals Ltd.,"Unit Price: ৳ 10.00,(30's pack: ৳ 300.00),",(30's pack: ৳ 300.00)
2491,Betacor,allopathic,betacortablet25-mg,Tablet,Bisoprolol Hemifumarate,2.5 mg,Popular Pharmaceuticals Ltd.,"Unit Price: ৳ 6.00,(30's pack: ৳ 180.00),",(30's pack: ৳ 180.00)
18236,Betacin-N,allopathic,betacin-nophthalmic-solution0105,Ophthalmic Solution,Betamethasone + Neomycin Sulphate (E/E),0.1%+0.5%,Ibn Sina Pharmaceuticals Ltd.,5 ml drop: ৳ 35.00,
30661,Betacin-N,allopathic,betacin-nophthalmic-ointment0105,Ophthalmic Ointment,Betamethasone + Neomycin Sulphate (E/E),0.1%+0.5%,Ibn Sina Pharmaceuticals Ltd.,5 gm tube: ৳ 18.17,
2563,Betacard,allopathic,betacardtablet50-mg,Tablet,Metoprolol Tartrate,50 mg,Aristopharma Ltd.,"Unit Price: ৳ 2.00,(100's pack: ৳ 200.00),",(100's pack: ৳ 200.00)
2464,Betacap TR,allopathic,betacap-trcapsule-timed-release40-mg,Capsule (Timed Release),Propranolol Hydrochloride,40 mg,Sun Pharmaceutical Ltd.,"Unit Price: ৳ 2.51,(50's pack: ৳ 125.50),",(50's pack: ৳ 125.50)
809,Betacal,allopathic,betacaltablet5-mg50-mg,Tablet,Amlodipine Besilate + Atenolol,5 mg+50 mg,Orion Pharma Ltd.,"Unit Price: ৳ 6.02,(50's pack: ৳ 301.00),",(50's pack: ৳ 301.00)
28222,Betabis-A,allopathic,betabis-atablet25-mg5-mg,Tablet,Bisoprolol Fumarate + Amlodipine Besilate,2.5 mg+5 mg,ACME Laboratories Ltd.,"Unit Price: ৳ 6.00,(30's pack: ৳ 180.00),",(30's pack: ৳ 180.00)
32031,Betabis Plus,allopathic,betabis-plustablet25-mg625-mg,Tablet,Bisoprolol Fumarate + Hydrochlorothiazide,2.5 mg+6.25 mg,ACME Laboratories Ltd.,"Unit Price: ৳ 6.00,(30's pack: ৳ 180.00),",(30's pack: ৳ 180.00)
32032,Betabis Plus,allopathic,betabis-plustablet5-mg625-mg,Tablet,Bisoprolol Fumarate + Hydrochlorothiazide,5 mg+6.25 mg,ACME Laboratories Ltd.,"Unit Price: ৳ 10.00,(30's pack: ৳ 300.00),",(30's pack: ৳ 300.00)
2476,Betabis,allopathic,betabistablet5-mg,Tablet,Bisoprolol Hemifumarate,5 mg,ACME Laboratories Ltd.,"Unit Price: ৳ 10.03,(30's pack: ৳ 300.90),",(30's pack: ৳ 300.90)
2475,Betabis,allopathic,betabistablet25-mg,Tablet,Bisoprolol Hemifumarate,2.5 mg,ACME Laboratories Ltd.,"Unit Price: ৳ 6.01,(30's pack: ৳ 180.30),",(30's pack: ৳ 180.30)
32033,Betabis,allopathic,betabistablet10-mg,Tablet,Bisoprolol Hemifumarate,10 mg,ACME Laboratories Ltd.,"Unit Price: ৳ 16.00,(30's pack: ৳ 480.00),",(30's pack: ৳ 480.00)
12545,Bet-CL,allopathic,bet-clointment011,Ointment,Betamethasone + Clotrimazole,0.1%+1%,ACME Laboratories Ltd.,10 gm tube: ৳ 29.08,
12544,Bet-CL,allopathic,bet-clcream0051,Cream,Betamethasone + Clotrimazole,0.05%+1%,ACME Laboratories Ltd.,10 gm tube: ৳ 29.20,
18229,Bet-CG,allopathic,bet-cgcream005101,Cream,Betamethasone + Clotrimazole + Gentamicin,0.05%+1%+0.1%,ACME Laboratories Ltd.,15 gm tube: ৳ 75.00,
13003,Bet-A,allopathic,bet-atablet05-mg,Tablet,Betamethasone,0.5 mg,ACME Laboratories Ltd.,"Unit Price: ৳ 0.85,(100's pack: ৳ 85.00),",(100's pack: ৳ 85.00)
18186,Bet-A,allopathic,bet-aointment01,Ointment,Betamethasone Valerate,0.10%,ACME Laboratories Ltd.,15 gm tube: ৳ 35.11,
18185,Bet-A,allopathic,bet-acream01,Cream,Betamethasone Valerate,0.10%,ACME Laboratories Ltd.,15 gm tube: ৳ 33.10,
31008,Bestron,allopathic,bestrontablet045-mg20-mg,Tablet,Conjugated Estrogen + Bazedoxifene,0.45 mg+20 mg,Incepta Pharmaceuticals Ltd.,"Unit Price: ৳ 80.00,(20's pack: ৳ 1,600.00),","(20's pack: ৳ 1,600.00)"
24331,Bestcol,allopathic,bestcoltablet10-mg,Tablet,Rosuvastatin,10 mg,Biopharma Laboratories Ltd.,"Unit Price: ৳ 25.18,(30's pack: ৳ 755.34),",(30's pack: ৳ 755.34)
31966,Bestcol,allopathic,bestcoltablet5-mg,Tablet,Rosuvastatin,5 mg,Biopharma Laboratories Ltd.,"Unit Price: ৳ 8.00,(30's pack: ৳ 240.00),",(30's pack: ৳ 240.00)
32898,Bestcol,allopathic,bestcoltablet20-mg,Tablet,Rosuvastatin,20 mg,Biopharma Laboratories Ltd.,Unit Price: ৳ 30.00,
3543,Actisal,allopathic,actisalsyrup1-mg5-ml,Syrup,Levosalbutamol (Oral),1 mg/5 ml,Silva Pharmaceuticals Ltd.,"50 ml bottle: ৳ 25.00,100 ml bottle: ৳ 35.00",
12525,Betanosol-N,allopathic,betanosol-nointment0105,Ointment,Betamethasone + Neomycin Sulphate (Topical),0.1%+0.5%,Edruc Limited,5 gm tube: ৳ 18.00,
811,Betanol-A,allopathic,betanol-atablet5-mg50-mg,Tablet,Amlodipine Besilate + Atenolol,5 mg+50 mg,Synovia pharma plc,"Unit Price: ৳ 6.02,(50's pack: ৳ 301.00),",(50's pack: ৳ 301.00)
1075,Betanol,allopathic,betanoltablet50-mg,Tablet,Atenolol,50 mg,Synovia pharma plc,"Unit Price: ৳ 0.77,(200's pack: ৳ 154.00),",(200's pack: ৳ 154.00)
1074,Betanol,allopathic,betanoltablet25-mg,Tablet,Atenolol,25 mg,Synovia pharma plc,"Unit Price: ৳ 0.45,(200's pack: ৳ 90.00),",(200's pack: ৳ 90.00)
1073,Betanol,allopathic,betanoltablet100-mg,Tablet,Atenolol,100 mg,Synovia pharma plc,"Unit Price: ৳ 1.37,(100's pack: ৳ 137.00),",(100's pack: ৳ 137.00)
14014,Betanic,allopathic,betanictablet6-mg200-mg50-mg,Tablet,Betacarotene + Vitamin C + Vitamin E,6 mg+200 mg+50 mg,Modern Pharmaceuticals Ltd.,"Unit Price: ৳ 3.75,(20's pack: ৳ 75.00),",(20's pack: ৳ 75.00)
22058,Betanem,allopathic,betanemiv-injection-or-infusion1-gmvial,IV Injection or Infusion,Meropenem Trihydrate,1 gm/vial,Kemiko Pharmaceuticals Ltd.,"1 gm vial: ৳ 1,250.00",
22059,Betanem,allopathic,betanemiv-injection-or-infusion500-mgvial,IV Injection or Infusion,Meropenem Trihydrate,500 mg/vial,Kemiko Pharmaceuticals Ltd.,500 mg vial: ৳ 700.00,
12524,Betamycin,allopathic,betamycinointment0105,Ointment,Betamethasone + Neomycin Sulphate (Topical),0.1%+0.5%,Supreme Pharmaceutical Ltd.,5 gm tube: ৳ 15.30,
12523,Betameson-N,allopathic,betameson-ncream0105,Cream,Betamethasone + Neomycin Sulphate (Topical),0.1%+0.5%,Square Pharmaceuticals Ltd.,15 gm tube: ৳ 35.00,
27496,Betameson-CL,allopathic,betameson-clcream0051,Cream,Betamethasone + Clotrimazole,0.05%+1%,Square Pharmaceuticals Ltd.,15 gm tube: ৳ 45.00,
27498,Betameson,allopathic,betamesonointment005,Ointment,Betamethasone Dipropionate,0.05%,Square Pharmaceuticals Ltd.,20 gm tube: ৳ 48.00,
27497,Betameson,allopathic,betamesoncream005,Cream,Betamethasone Dipropionate,0.05%,Square Pharmaceuticals Ltd.,20 gm tube: ৳ 45.00,
12554,Betamesal,allopathic,betamesalscalp-lotion0052,Scalp Lotion,Betamethasone Dipropionate + Salicylic Acid,0.05%+2%,Incepta Pharmaceuticals Ltd.,30 ml container: ৳ 150.00,
18260,Betamesal,allopathic,betamesalscalp-ointment0053,Scalp Ointment,Betamethasone Dipropionate + Salicylic Acid,0.05%+3%,Incepta Pharmaceuticals Ltd.,30 gm tube: ৳ 100.00,
2567,Betaloc-XR,allopathic,betaloc-xrtablet-extended-release100-mg,Tablet (Extended Release),Metoprolol Tartrate,100 mg,Drug International Ltd.,"Unit Price: ৳ 6.05,(50's pack: ৳ 302.50),",(50's pack: ৳ 302.50)
2566,Betaloc-XR,allopathic,betaloc-xrtablet-extended-release50-mg,Tablet (Extended Release),Metoprolol Tartrate,50 mg,Drug International Ltd.,"Unit Price: ৳ 4.00,(100's pack: ৳ 400.00),",(100's pack: ৳ 400.00)
2565,Betaloc,allopathic,betaloctablet50-mg,Tablet,Metoprolol Tartrate,50 mg,Drug International Ltd.,"Unit Price: ৳ 2.05,(98's pack: ৳ 200.90),",(98's pack: ৳ 200.90)
2564,Betaloc,allopathic,betaloctablet25-mg,Tablet,Metoprolol Tartrate,25 mg,Drug International Ltd.,"Unit Price: ৳ 1.55,(98's pack: ৳ 151.90),",(98's pack: ৳ 151.90)
26819,Betagan,allopathic,betaganophthalmic-solution05,Ophthalmic Solution,Levobunolol,0.50%,"Allergan, Inc.",5 ml drop: ৳ 229.85,
18289,Betafix Plus,allopathic,betafix-plustablet25-mg625-mg,Tablet,Bisoprolol Fumarate + Hydrochlorothiazide,2.5 mg+6.25 mg,Healthcare Pharmaceuticals Ltd.,"Unit Price: ৳ 6.00,(30's pack: ৳ 180.00),",(30's pack: ৳ 180.00)
18290,Betafix Plus,allopathic,betafix-plustablet5-mg625-mg,Tablet,Bisoprolol Fumarate + Hydrochlorothiazide,5 mg+6.25 mg,Healthcare Pharmaceuticals Ltd.,"Unit Price: ৳ 10.00,(30's pack: ৳ 300.00),",(30's pack: ৳ 300.00)
29138,Betafix AM,allopathic,betafix-amtablet25-mg5-mg,Tablet,Bisoprolol Fumarate + Amlodipine Besilate,2.5 mg+5 mg,Healthcare Pharmaceuticals Ltd.,"Unit Price: ৳ 6.00,(30's pack: ৳ 180.00),",(30's pack: ৳ 180.00)
25717,Betafix,allopathic,betafixtablet25-mg,Tablet,Bisoprolol Hemifumarate,2.5 mg,Healthcare Pharmaceuticals Ltd.,"Unit Price: ৳ 6.00,(30's pack: ৳ 180.00),",(30's pack: ৳ 180.00)
25718,Betafix,allopathic,betafixtablet5-mg,Tablet,Bisoprolol Hemifumarate,5 mg,Healthcare Pharmaceuticals Ltd.,"Unit Price: ৳ 10.00,(30's pack: ৳ 300.00),",(30's pack: ৳ 300.00)
12846,Betadine,allopathic,betadinesolution5-wv,Solution,Povidone Iodine,5% w/v,Mundipharma (BD) Pvt. Ltd.,"100 ml bottle: ৳ 100.00,500 ml bottle: ৳ 451.00",
12847,Betadine,allopathic,betadinesolution10-wv,Solution,Povidone Iodine,10% w/v,Mundipharma (BD) Pvt. Ltd.,"100 ml bottle: ৳ 110.00,500 ml bottle: ৳ 552.00,1000 ml bottle: ৳ 770.00",
12858,Betadine,allopathic,betadineointment5-ww,Ointment,Povidone Iodine,5% w/w,Mundipharma (BD) Pvt. Ltd.,"15 gm tube: ৳ 50.00,125 gm tube: ৳ 196.60",
3541,Actisal,allopathic,actisaltablet1-mg,Tablet,Levosalbutamol (Oral),1 mg,Silva Pharmaceuticals Ltd.,"Unit Price: ৳ 0.90,(100's pack: ৳ 90.30),",(100's pack: ৳ 90.30)
32457,ActiMom,allopathic,actimomtablet,Tablet,Multivitamin & Multimineral [For nursing mother],,Nuvista Pharma Ltd.,"Unit Price: ৳ 3.00,(60's pack: ৳ 180.00),",(60's pack: ৳ 180.00)
27604,Actilyse,allopathic,actilyseiv-infusion1-mg1-ml,IV Infusion,Alteplase,1 mg/1 ml,Boehringer Ingelheim,"50 mg vial: ৳ 50,000.00",
26092,Betmira ER,allopathic,betmira-ertablet-extended-release25-mg,Tablet (Extended Release),Mirabegron,25 mg,Healthcare Pharmaceuticals Ltd.,"Unit Price: ৳ 30.00,(20's pack: ৳ 600.00),",(20's pack: ৳ 600.00)
26093,Betmira ER,allopathic,betmira-ertablet-extended-release50-mg,Tablet (Extended Release),Mirabegron,50 mg,Healthcare Pharmaceuticals Ltd.,"Unit Price: ৳ 55.00,(10's pack: ৳ 550.00),",(10's pack: ৳ 550.00)
16054,Betaxol,allopathic,betaxolophthalmic-solution025,Ophthalmic Solution,Betaxolol Hydrochloride,0.25%,Aristopharma Ltd.,5 ml drop: ৳ 150.00,
12529,Betavate-N,allopathic,betavate-ncream0105,Cream,Betamethasone + Neomycin Sulphate (Topical),0.1%+0.5%,Drug International Ltd.,10 gm tube: ৳ 22.00,
12543,Betavate-CL,allopathic,betavate-clointment011,Ointment,Betamethasone + Clotrimazole,0.1%+1%,Drug International Ltd.,10 gm tube: ৳ 29.00,
12528,Betaval N,allopathic,betaval-nointment0105,Ointment,Betamethasone + Neomycin Sulphate (Topical),0.1%+0.5%,Healthcare Pharmaceuticals Ltd.,"5 gm tube: ৳ 18.54,10 gm tube: ৳ 26.84",
12527,Betaval N,allopathic,betaval-ncream0105,Cream,Betamethasone + Neomycin Sulphate (Topical),0.1%+0.5%,Healthcare Pharmaceuticals Ltd.,"5 gm tube: ৳ 18.51,15 gm tube: ৳ 35.00",
18204,Betaval,allopathic,betavalointment01,Ointment,Betamethasone Valerate,0.10%,Healthcare Pharmaceuticals Ltd.,15 gm tube: ৳ 35.00,
18203,Betaval,allopathic,betavalcream01,Cream,Betamethasone Valerate,0.10%,Healthcare Pharmaceuticals Ltd.,15 gm tube: ৳ 33.00,
31421,Betatin,allopathic,betatintablet8-mg,Tablet,Betahistine Dihydrochloride,8 mg,Renata Limited,"Unit Price: ৳ 3.00,(100's pack: ৳ 300.00),",(100's pack: ৳ 300.00)
31422,Betatin,allopathic,betatintablet16-mg,Tablet,Betahistine Dihydrochloride,16 mg,Renata Limited,"Unit Price: ৳ 5.00,(60's pack: ৳ 300.00),",(60's pack: ৳ 300.00)
15925,Betastin,allopathic,betastinophthalmic-solution15,Ophthalmic Solution,Bepotastine Besilate,1.50%,Incepta Pharmaceuticals Ltd.,5 ml drop: ৳ 300.00,
30668,Betason N,allopathic,betason-nointment0105,Ointment,Betamethasone + Neomycin Sulphate (Topical),0.1%+0.5%,Reman Drug Laboratories Ltd.,5 gm tube: ৳ 18.00,
13008,Betason N,allopathic,betason-nophthalmic-ointment0105,Ophthalmic Ointment,Betamethasone + Neomycin Sulphate (E/E),0.1%+0.5%,Reman Drug Laboratories Ltd.,3 gm tube: ৳ 14.33,
13009,Betason N,allopathic,betason-nophthalmic-solution0105,Ophthalmic Solution,Betamethasone + Neomycin Sulphate (E/E),0.1%+0.5%,Reman Drug Laboratories Ltd.,5 ml drop: ৳ 32.44,
15924,Betasil,allopathic,betasilophthalmic-solution15,Ophthalmic Solution,Bepotastine Besilate,1.50%,Ibn Sina Pharmaceuticals Ltd.,5 ml drop: ৳ 300.00,
27022,Betaseptic,allopathic,betaseptichand-rub0570,Hand Rub,Chlorhexidine Gluconate + Isopropyl alcohol,0.5%+70%,Mundipharma (BD) Pvt. Ltd.,"250 ml bottle: ৳ 130.00,500 ml bottle: ৳ 215.00",
6810,Betasef DS,allopathic,betasef-dspowder-for-suspension250-mg5-ml,Powder for Suspension,Cephradine,250 mg/5 ml,Alco Pharma Ltd.,100 ml bottle: ৳ 120.36,
6809,Betasef,allopathic,betasefpowder-for-suspension125-mg5-ml,Powder for Suspension,Cephradine,125 mg/5 ml,Alco Pharma Ltd.,100 ml bottle: ৳ 90.00,
6808,Betasef,allopathic,betasefcapsule500-mg,Capsule,Cephradine,500 mg,Alco Pharma Ltd.,"Unit Price: ৳ 15.00,(20's pack: ৳ 300.00),",(20's pack: ৳ 300.00)
6807,Betasef,allopathic,betasefcapsule250-mg,Capsule,Cephradine,250 mg,Alco Pharma Ltd.,"Unit Price: ৳ 8.00,(24's pack: ৳ 192.00),",(24's pack: ৳ 192.00)
6811,Betasef,allopathic,betasefpediatric-drops125-mg125-ml,Pediatric Drops,Cephradine,125 mg/1.25 ml,Alco Pharma Ltd.,15 ml bottle: ৳ 65.00,
1077,Betasec,allopathic,betasectablet50-mg,Tablet,Atenolol,50 mg,Opsonin Pharma Ltd.,"Unit Price: ৳ 0.77,(100's pack: ৳ 77.00),",(100's pack: ৳ 77.00)
25698,Betapro,allopathic,betaprotablet25-mg,Tablet,Bisoprolol Hemifumarate,2.5 mg,Beximco Pharmaceuticals Ltd.,"Unit Price: ৳ 6.00,(30's pack: ৳ 180.00),",(30's pack: ৳ 180.00)
25699,Betapro,allopathic,betaprotablet5-mg,Tablet,Bisoprolol Hemifumarate,5 mg,Beximco Pharmaceuticals Ltd.,"Unit Price: ৳ 10.00,(30's pack: ৳ 300.00),",(30's pack: ৳ 300.00)
25700,Betapro,allopathic,betaprotablet10-mg,Tablet,Bisoprolol Hemifumarate,10 mg,Beximco Pharmaceuticals Ltd.,"Unit Price: ৳ 16.00,(30's pack: ৳ 480.00),",(30's pack: ৳ 480.00)
1076,Betapress,allopathic,betapresstablet50-mg,Tablet,Atenolol,50 mg,Cipla Limited,"Unit Price: ৳ 0.68,(100's pack: ৳ 67.73),",(100's pack: ৳ 67.73)
22315,Betaone,allopathic,betaonetablet25-mg,Tablet,Metoprolol Tartrate,25 mg,ACME Laboratories Ltd.,"Unit Price: ৳ 1.51,(100's pack: ৳ 151.00),",(100's pack: ৳ 151.00)
2568,Betaone,allopathic,betaonetablet50-mg,Tablet,Metoprolol Tartrate,50 mg,ACME Laboratories Ltd.,"Unit Price: ৳ 2.00,(100's pack: ৳ 200.00),",(100's pack: ৳ 200.00)
18246,Betanosol-N,allopathic,betanosol-ncream0105,Cream,Betamethasone + Neomycin Sulphate (Topical),0.1%+0.5%,Edruc Limited,5 gm tube: ৳ 15.00,
2374,Actilac,allopathic,actilacoral-solution335-gm5-ml,Oral Solution,Lactulose,3.35 gm/5 ml,Healthcare Pharmaceuticals Ltd.,"100 ml syrup: ৳ 125.00,200 ml syrup: ৳ 230.00",
9151,Beuflox,allopathic,beufloxoral-powder250-mgsachet,Oral Powder,Ciprofloxacin,250 mg/sachet,Incepta Pharmaceuticals Ltd.,"250 mg sachet: ৳ 12.00,(14's pack: ৳ 168.00),",(14's pack: ৳ 168.00)
9150,Beuflox,allopathic,beufloxtablet750-mg,Tablet,Ciprofloxacin,750 mg,Incepta Pharmaceuticals Ltd.,"Unit Price: ৳ 18.00,(20's pack: ৳ 360.00),",(20's pack: ৳ 360.00)
9148,Beuflox,allopathic,beufloxtablet250-mg,Tablet,Ciprofloxacin,250 mg,Incepta Pharmaceuticals Ltd.,"Unit Price: ৳ 8.50,(18's pack: ৳ 153.00),",(18's pack: ৳ 153.00)
9149,Beuflox,allopathic,beufloxtablet500-mg,Tablet,Ciprofloxacin,500 mg,Incepta Pharmaceuticals Ltd.,"Unit Price: ৳ 15.00,(20's pack: ৳ 300.00),",(20's pack: ৳ 300.00)
9107,Beuflox,allopathic,beufloxophthalmic-solution03,Ophthalmic Solution,Ciprofloxacin (Ophthalmic),0.30%,Incepta Pharmaceuticals Ltd.,5 ml drop: ৳ 40.00,
9153,Beuflox,allopathic,beufloxiv-infusion200-mg100-ml,IV Infusion,Ciprofloxacin,200 mg/100 ml,Incepta Pharmaceuticals Ltd.,100 ml bottle: ৳ 70.00,
26190,Beuflox,allopathic,beufloxpowder-for-suspension250-mg5-ml,Powder for Suspension,Ciprofloxacin,250 mg/5 ml,Incepta Pharmaceuticals Ltd.,60 ml bottle: ৳ 100.00,
9152,Beuflox,allopathic,beufloxoral-powder125-mgsachet,Oral Powder,Ciprofloxacin,125 mg/sachet,Incepta Pharmaceuticals Ltd.,"125 mg sachet: ৳ 8.00,(14's pack: ৳ 112.00),",(14's pack: ৳ 112.00)
14405,Beucal D,allopathic,beucal-dtablet500-mg200-iu,Tablet,Calcium Carbonate [Elemental source] + Vitamin D3,500 mg+200 IU,Jenphar Bangladesh Ltd.,"Unit Price: ৳ 7.00,(50's pack: ৳ 350.00),",(50's pack: ৳ 350.00)
12532,Betson-N,allopathic,betson-ncream0105,Cream,Betamethasone + Neomycin Sulphate (Topical),0.1%+0.5%,Opsonin Pharma Ltd.,"3 gm tube: ৳ 14.30,5 gm tube: ৳ 18.51,10 gm tube: ৳ 24.00",
29475,Betson-N,allopathic,betson-nophthalmic-solution0105,Ophthalmic Solution,Betamethasone + Neomycin Sulphate (E/E),0.1%+0.5%,Opsonin Pharma Ltd.,5 ml drop: ৳ 32.30,
12548,Betson-CL,allopathic,betson-clointment011,Ointment,Betamethasone + Clotrimazole,0.1%+1%,Opsonin Pharma Ltd.,10 gm tube: ৳ 29.31,
12547,Betson-CL,allopathic,betson-clcream0051,Cream,Betamethasone + Clotrimazole,0.05%+1%,Opsonin Pharma Ltd.,10 gm tube: ৳ 25.09,
18211,Betson,allopathic,betsoncream005,Cream,Betamethasone Dipropionate,0.05%,Opsonin Pharma Ltd.,20 gm tube: ৳ 45.00,
18212,Betson,allopathic,betsonointment005,Ointment,Betamethasone Dipropionate,0.05%,Opsonin Pharma Ltd.,20 gm tube: ৳ 48.00,
28628,BetriXa,allopathic,betrixacapsule40-mg,Capsule,Betrixaban,40 mg,Square Pharmaceuticals Ltd.,"Unit Price: ৳ 65.00,(10's pack: ৳ 650.00),",(10's pack: ৳ 650.00)
28629,BetriXa,allopathic,betrixacapsule80-mg,Capsule,Betrixaban,80 mg,Square Pharmaceuticals Ltd.,"Unit Price: ৳ 115.00,(10's pack: ৳ 1,150.00),","(10's pack: ৳ 1,150.00)"
13010,Betricin-N,allopathic,betricin-nophthalmic-solution0105,Ophthalmic Solution,Betamethasone + Neomycin Sulphate (E/E),0.1%+0.5%,Nipa Pharmaceuticals Ltd.,5 ml drop: ৳ 35.00,
18252,Betricin-N,allopathic,betricin-nophthalmic-ointment0105,Ophthalmic Ointment,Betamethasone + Neomycin Sulphate (E/E),0.1%+0.5%,Nipa Pharmaceuticals Ltd.,"3 gm tube: ৳ 10.77,5 gm tube: ৳ 13.00",
15750,Betricin,allopathic,betricinophthalmic-solution01,Ophthalmic Solution,Betamethasone Sodium Phosphate,0.10%,Nipa Pharmaceuticals Ltd.,5 ml drop: ৳ 29.33,
18223,Betovate CL,allopathic,betovate-clointment011,Ointment,Betamethasone + Clotrimazole,0.1%+1%,GlaxoSmithKline,10 gm tube: ৳ 29.31,
28996,Betol,allopathic,betolointment0050005,Ointment,Betamethasone + Calcipotriol,0.05%+0.005%,ACME Laboratories Ltd.,20 gm tube: ৳ 380.00,
12531,Betnovate-N,allopathic,betnovate-nointment0105,Ointment,Betamethasone + Neomycin Sulphate (Topical),0.1%+0.5%,GlaxoSmithKline,"5 gm tube: ৳ 18.54,10 gm tube: ৳ 26.84",
12530,Betnovate-N,allopathic,betnovate-ncream0105,Cream,Betamethasone + Neomycin Sulphate (Topical),0.1%+0.5%,GlaxoSmithKline,"5 gm tube: ৳ 18.51,10 gm tube: ৳ 26.84",
18201,Betnovate,allopathic,betnovateointment01,Ointment,Betamethasone Valerate,0.10%,GlaxoSmithKline,20 gm tube: ৳ 48.00,
18200,Betnovate,allopathic,betnovatecream01,Cream,Betamethasone Valerate,0.10%,GlaxoSmithKline,20 gm tube: ৳ 45.00,
31704,Betnova,allopathic,betnovacream01,Cream,Betamethasone Valerate,0.10%,NIPRO JMI Pharma Ltd.,15 gm tube: ৳ 33.60,
31705,Betnova,allopathic,betnovaointment01,Ointment,Betamethasone Valerate,0.10%,NIPRO JMI Pharma Ltd.,15 gm tube: ৳ 36.10,
18205,Betnoson,allopathic,betnosonointment01,Ointment,Betamethasone Valerate,0.10%,Hudson Pharmaceuticals Ltd.,15 gm tube: ৳ 30.00,
13004,Betnelan,allopathic,betnelantablet05-mg,Tablet,Betamethasone,0.5 mg,GlaxoSmithKline,"Unit Price: ৳ 0.76,(500's pack: ৳ 380.00),",(500's pack: ৳ 380.00)
21287,Actifast,allopathic,actifasttablet10-mg,Tablet,Ketorolac Tromethamine,10 mg,Jenphar Bangladesh Ltd.,"Unit Price: ৳ 10.00,(30's pack: ৳ 300.00),",(30's pack: ৳ 300.00)
14140,Bextram Silver,allopathic,bextram-silvertablet,Tablet,Multivitamin & Multimineral [A-Z silver preparation],,Beximco Pharmaceuticals Ltd.,"Unit Price: ৳ 9.50,(30's pack: ৳ 285.00),",(30's pack: ৳ 285.00)
13538,Bextram Kids,allopathic,bextram-kidssyrup,Syrup,Multivitamin & Cod Liver Oil,,Beximco Pharmaceuticals Ltd.,100 ml bottle: ৳ 90.00,
14090,Bextram Gold,allopathic,bextram-goldtablet,Tablet,Multivitamin & Multimineral [A-Z gold preparation],,Beximco Pharmaceuticals Ltd.,"Unit Price: ৳ 9.50,(15's pack: ৳ 142.50),,Unit Price: ৳ 9.50,(30's pack: ৳ 285.00),","(15's pack: ৳ 142.50),(30's pack: ৳ 285.00)"
12454,Bexsul,allopathic,bexsulointment63,Ointment,Benzoic Acid + Salicylic Acid,6%+3%,Edruc Limited,25 gm tube: ৳ 15.00,
31870,Bexovid,allopathic,bexovidtablet150-mg100-mg,Tablet,Nirmatrelvir + Ritonavir,150 mg+100 mg,Beximco Pharmaceuticals Ltd.,"6 tablet combipack: ৳ 3,200.00",
3937,Bexitrol F,allopathic,bexitrol-finhalation-capsule50-mcg500-mcg,Inhalation Capsule,Salmeterol + Fluticasone Propionate,50 mcg+500 mcg,Beximco Pharmaceuticals Ltd.,"Unit Price: ৳ 17.00,(30's pack: ৳ 510.00),",(30's pack: ৳ 510.00)
3935,Bexitrol F,allopathic,bexitrol-finhalation-capsule50-mcg100-mcg,Inhalation Capsule,Salmeterol + Fluticasone Propionate,50 mcg+100 mcg,Beximco Pharmaceuticals Ltd.,"Unit Price: ৳ 6.50,(30's pack: ৳ 195.00),",(30's pack: ৳ 195.00)
3934,Bexitrol F,allopathic,bexitrol-finhaler25-mcg250-mcgpuff,Inhaler,Salmeterol + Fluticasone Propionate,(25 mcg+250 mcg)/puff,Beximco Pharmaceuticals Ltd.,"60 metered doses: ৳ 430.00,120 metered doses: ৳ 795.00",
3932,Bexitrol F,allopathic,bexitrol-finhaler25-mcg125-mcgpuff,Inhaler,Salmeterol + Fluticasone Propionate,(25 mcg+125 mcg)/puff,Beximco Pharmaceuticals Ltd.,120 metered doses: ৳ 595.00,
28865,Bexitrol F,allopathic,bexitrol-finhaler50-mcg100-mcg,Inhaler,Salmeterol + Fluticasone Propionate,50 mcg+100 mcg,Beximco Pharmaceuticals Ltd.,60 doses maxhaler: ৳ 920.00,
3931,Bexitrol F,allopathic,bexitrol-finhaler25-mcg50-mcgpuff,Inhaler,Salmeterol + Fluticasone Propionate,(25 mcg+50 mcg)/puff,Beximco Pharmaceuticals Ltd.,120 metered doses: ৳ 520.00,
28866,Bexitrol F,allopathic,bexitrol-finhaler50-mcg250-mcg,Inhaler,Salmeterol + Fluticasone Propionate,50 mcg+250 mcg,Beximco Pharmaceuticals Ltd.,"60 doses maxhaler: ৳ 1,120.00",
28867,Bexitrol F,allopathic,bexitrol-finhaler50-mcg500-mcg,Inhaler,Salmeterol + Fluticasone Propionate,50 mcg+500 mcg,Beximco Pharmaceuticals Ltd.,"60 doses maxhaler: ৳ 1,220.00",
3936,Bexitrol F,allopathic,bexitrol-finhalation-capsule50-mcg250-mcg,Inhalation Capsule,Salmeterol + Fluticasone Propionate,50 mcg+250 mcg,Beximco Pharmaceuticals Ltd.,"Unit Price: ৳ 12.00,(30's pack: ৳ 360.00),",(30's pack: ৳ 360.00)
5833,Bexipred,allopathic,bexipredtablet20-mg,Tablet,Prednisolone,20 mg,Beximco Pharmaceuticals Ltd.,"Unit Price: ৳ 6.27,(50's pack: ৳ 313.50),",(50's pack: ৳ 313.50)
22277,Bexipred,allopathic,bexipredtablet5-mg,Tablet,Prednisolone,5 mg,Beximco Pharmaceuticals Ltd.,"Unit Price: ৳ 1.72,(200's pack: ৳ 344.17),",(200's pack: ৳ 344.17)
22276,Bexipred,allopathic,bexipredtablet10-mg,Tablet,Prednisolone,10 mg,Beximco Pharmaceuticals Ltd.,"Unit Price: ৳ 3.23,(100's pack: ৳ 322.83),",(100's pack: ৳ 322.83)
22268,Bexipred,allopathic,bexipredophthalmic-suspension1,Ophthalmic Suspension,Prednisolone Acetate,1%,Beximco Pharmaceuticals Ltd.,5 ml drop: ৳ 100.00,
11892,Bexidal,allopathic,bexidaltablet50-mg,Tablet,Mebhydrolin Napadisylate,50 mg,Beximco Pharmaceuticals Ltd.,"Unit Price: ৳ 3.00,(200's pack: ৳ 600.00),",(200's pack: ৳ 600.00)
6746,Bexen,allopathic,bexencapsule500-mg,Capsule,Cefadroxil Monohydrate,500 mg,NIPRO JMI Pharma Ltd.,"Unit Price: ৳ 12.07,(20's pack: ৳ 241.40),",(20's pack: ৳ 241.40)
6747,Bexen,allopathic,bexenpowder-for-suspension125-mg5-ml,Powder for Suspension,Cefadroxil Monohydrate,125 mg/5 ml,NIPRO JMI Pharma Ltd.,100 ml bottle: ৳ 70.00,
27585,Bevixa,allopathic,bevixaiv-infusion100-mg4-ml,IV Infusion,Bevacizumab,100 mg/4 ml,Incepta Pharmaceuticals Ltd.,"100 mg vial: ৳ 20,000.00",
27586,Bevixa,allopathic,bevixaiv-infusion400-mg16-ml,IV Infusion,Bevacizumab,400 mg/16 ml,Incepta Pharmaceuticals Ltd.,"400 mg vial: ৳ 75,000.00",
13759,Bevit,allopathic,bevittablet,Tablet,Vitamin B complex,,Hudson Pharmaceuticals Ltd.,"Unit Price: ৳ 0.43,(100's pack: ৳ 43.00),",(100's pack: ৳ 43.00)
31145,Beviprex,allopathic,beviprexinhaler9-mcg48-mcgpuff,Inhaler,Glycopyrronium Bromide + Formoterol Fumarate,(9 mcg+4.8 mcg)/puff,Square Pharmaceuticals Ltd.,120 metered doses: ৳ 450.00,
15090,Bevastim,allopathic,bevastimiv-infusion100-mg4-ml,IV Infusion,Bevacizumab,100 mg/4 ml,Beacon Pharmaceuticals Ltd.,"100 mg vial: ৳ 18,560.00",
27587,Bevastim,allopathic,bevastimiv-infusion400-mg16-ml,IV Infusion,Bevacizumab,400 mg/16 ml,Beacon Pharmaceuticals Ltd.,"400 mg vial: ৳ 74,000.00",
18263,Bevacimab,allopathic,bevacimabiv-infusion400-mg16-ml,IV Infusion,Bevacizumab,400 mg/16 ml,Healthcare Pharmaceuticals Ltd.,"400 mg vial: ৳ 58,500.00",
26094,Bevacimab,allopathic,bevacimabiv-infusion100-mg4-ml,IV Infusion,Bevacizumab,100 mg/4 ml,Healthcare Pharmaceuticals Ltd.,"100 mg vial: ৳ 16,100.00",
15821,Beuflox-D,allopathic,beuflox-dophthalmic-solution0301,Ophthalmic Solution,Ciprofloxacin + Dexamethasone,0.3%+0.1%,Incepta Pharmaceuticals Ltd.,5 ml drop: ৳ 75.00,
31092,Actidex,allopathic,actidextablet25-mg,Tablet,Dexketoprofen,25 mg,Incepta Pharmaceuticals Ltd.,"Unit Price: ৳ 4.00,(50's pack: ৳ 200.00),",(50's pack: ৳ 200.00)
29366,Bilastin Kids,allopathic,bilastin-kidsdispersible-tablet10-mg,Dispersible Tablet,Bilastine,10 mg,Popular Pharmaceuticals Ltd.,"Unit Price: ৳ 15.00,(30's pack: ৳ 450.00),",(30's pack: ৳ 450.00)
26454,Bilastin,allopathic,bilastintablet20-mg,Tablet,Bilastine,20 mg,Popular Pharmaceuticals Ltd.,"Unit Price: ৳ 15.00,(30's pack: ৳ 450.00),",(30's pack: ৳ 450.00)
30006,Bilastin,allopathic,bilastinoral-solution125-mg5-ml,Oral Solution,Bilastine,12.5 mg/5 ml,Popular Pharmaceuticals Ltd.,60 ml bottle: ৳ 120.00,
30670,Bilasi,allopathic,bilasitablet20-mg,Tablet,Bilastine,20 mg,Team Pharmaceuticals Ltd.,"Unit Price: ৳ 15.00,(20's pack: ৳ 300.00),",(20's pack: ৳ 300.00)
31046,Bilargo,allopathic,bilargotablet20-mg,Tablet,Bilastine,20 mg,Ziska Pharmaceuticals Ltd.,"Unit Price: ৳ 15.00,(30's pack: ৳ 450.00),",(30's pack: ৳ 450.00)
31045,Bilargo,allopathic,bilargooral-solution125-mg5-ml,Oral Solution,Bilastine,12.5 mg/5 ml,Ziska Pharmaceuticals Ltd.,50 ml bottle: ৳ 100.00,
31607,Bilargo,allopathic,bilargodispersible-tablet10-mg,Dispersible Tablet,Bilastine,10 mg,Ziska Pharmaceuticals Ltd.,"Unit Price: ৳ 10.00,(30's pack: ৳ 300.00),",(30's pack: ৳ 300.00)
33197,Bilan Kids,allopathic,bilan-kidsdispersible-tablet10-mg,Dispersible Tablet,Bilastine,10 mg,ACME Laboratories Ltd.,Price Unavailable,
30244,Bilanex,allopathic,bilanextablet20-mg,Tablet,Bilastine,20 mg,Beacon Pharmaceuticals Ltd.,"Unit Price: ৳ 15.00,(20's pack: ৳ 300.00),",(20's pack: ৳ 300.00)
29302,Bilan,allopathic,bilantablet20-mg,Tablet,Bilastine,20 mg,ACME Laboratories Ltd.,"Unit Price: ৳ 15.00,(30's pack: ৳ 450.00),",(30's pack: ৳ 450.00)
32970,Bilan,allopathic,bilanoral-solution125-mg5-ml,Oral Solution,Bilastine,12.5 mg/5 ml,ACME Laboratories Ltd.,50 ml bottle: ৳ 100.00,
30243,Bilamin,allopathic,bilamintablet20-mg,Tablet,Bilastine,20 mg,Ibn Sina Pharmaceuticals Ltd.,"Unit Price: ৳ 15.00,(30's pack: ৳ 450.00),",(30's pack: ৳ 450.00)
29292,Bigmet XR,allopathic,bigmet-xrtablet-extended-release500-mg,Tablet (Extended Release),Metformin Hydrochloride,500 mg,Renata Limited,"Unit Price: ৳ 6.00,(30's pack: ৳ 180.00),",(30's pack: ৳ 180.00)
5357,Bigmet,allopathic,bigmettablet500-mg,Tablet,Metformin Hydrochloride,500 mg,Renata Limited,"Unit Price: ৳ 4.00,(100's pack: ৳ 400.00),",(100's pack: ৳ 400.00)
5358,Bigmet,allopathic,bigmettablet850-mg,Tablet,Metformin Hydrochloride,850 mg,Renata Limited,"Unit Price: ৳ 6.00,(100's pack: ৳ 600.00),",(100's pack: ৳ 600.00)
33123,Biganib,allopathic,biganibtablet180-mg,Tablet,Brigatinib,180 mg,Drug International Ltd.,"Unit Price: ৳ 2,000.00,(30's pack: ৳ 60,000.00),","(30's pack: ৳ 60,000.00)"
33122,Biganib,allopathic,biganibtablet90-mg,Tablet,Brigatinib,90 mg,Drug International Ltd.,"Unit Price: ৳ 1,400.00,(30's pack: ৳ 42,000.00),","(30's pack: ৳ 42,000.00)"
13638,Big B,allopathic,big-btablet100-mg200-mg200-mcg,Tablet,"Vitamin B1, B6 & B12",100 mg+200 mg+200 mcg,Amico Laboratories Ltd.,"Unit Price: ৳ 6.00,(30's pack: ৳ 180.00),",(30's pack: ৳ 180.00)
32376,Bidip,allopathic,bidiptablet5-mg,Tablet,Cilnidipine,5 mg,Ziska Pharmaceuticals Ltd.,"Unit Price: ৳ 6.00,(30's pack: ৳ 180.00),",(30's pack: ৳ 180.00)
32377,Bidip,allopathic,bidiptablet10-mg,Tablet,Cilnidipine,10 mg,Ziska Pharmaceuticals Ltd.,"Unit Price: ৳ 8.00,(30's pack: ৳ 240.00),",(30's pack: ৳ 240.00)
27989,Bidicod,allopathic,bidicodsyrup75-mg5-ml,Syrup,Butamirate Citrate,7.5 mg/5 ml,One Pharma Ltd.,100 ml bottle: ৳ 80.00,
13364,Bicozin-I,allopathic,bicozin-isyrup,Syrup,Iron Polymaltose Complex + Vitamin B Complex + Zinc,,Square Pharmaceuticals Ltd.,100 ml bottle: ৳ 50.35,
14683,Bicozin,allopathic,bicozinsyrup,Syrup,Vitamin B Complex + Zinc,,Square Pharmaceuticals Ltd.,"100 ml bottle: ৳ 55.00,200 ml bottle: ৳ 95.00",
14682,Bicozin,allopathic,bicozintablet,Tablet,Vitamin B Complex + Zinc,,Square Pharmaceuticals Ltd.,"Unit Price: ৳ 3.00,(30's pack: ৳ 90.00),",(30's pack: ৳ 90.00)
18264,Bicalon,allopathic,bicalontablet50-mg,Tablet,Bicalutamide,50 mg,Drug International Ltd.,"Unit Price: ৳ 30.00,(28's pack: ৳ 840.00),",(28's pack: ৳ 840.00)
17246,Bical,allopathic,bicaltablet50-mg,Tablet,Bicalutamide,50 mg,Beacon Pharmaceuticals Ltd.,"Unit Price: ৳ 80.00,(30's pack: ৳ 2,400.00),","(30's pack: ৳ 2,400.00)"
13227,Bic-F,allopathic,bic-fcapsule,Capsule,Iron + Folic acid + Vitamin B complex + Vitamin C,,General Pharmaceuticals Ltd.,"Unit Price: ৳ 3.52,(50's pack: ৳ 176.00),",(50's pack: ৳ 176.00)
15929,Bfenac,allopathic,bfenacophthalmic-solution009,Ophthalmic Solution,Bromfenac Sodium,0.09%,Popular Pharmaceuticals Ltd.,5 ml drop: ৳ 100.00,
14184,Bextram Teen hr,allopathic,bextram-teen-hrtablet,Tablet,Multivitamin & Multimineral [A-Z teen girls preparation],,Beximco Pharmaceuticals Ltd.,"Unit Price: ৳ 6.00,(30's pack: ৳ 180.00),",(30's pack: ৳ 180.00)
14182,Bextram Teen hm,allopathic,bextram-teen-hmtablet,Tablet,Multivitamin & Multimineral [A-Z teen boys preparation],,Beximco Pharmaceuticals Ltd.,"Unit Price: ৳ 6.00,(30's pack: ৳ 180.00),",(30's pack: ৳ 180.00)
533,Acticol,allopathic,acticolsyrup15-mg5-ml,Syrup,Ambroxol Hydrochloride,15 mg/5 ml,GlaxoSmithKline,100 ml bottle: ৳ 40.00,
27315,BioBran,allopathic,biobranoral-powder1-gmsachet,Oral Powder,Arabinoxylan,1 gm/sachet,Beacon Pharmaceuticals Ltd.,"1 gm sachet: ৳ 500.00,(30's pack: ৳ 15,000.00),","(30's pack: ৳ 15,000.00)"
30325,Bio-Oral Saline,allopathic,bio-oral-salineoral-powder1395-gm,Oral Powder,Oral Rehydration Salt [Powder],13.95 gm,Biogen Pharmaceuticals Ltd.,"Unit Price: ৳ 5.00,(20's pack: ৳ 100.00),",(20's pack: ৳ 100.00)
31003,Bio-Kult,allopathic,bio-kultcapsule,Capsule,Probiotic Combination [14 strains],,ADM Protexin Ltd,"Unit Price: ৳ 50.00,(30's pack: ৳ 1,500.00),","(30's pack: ৳ 1,500.00)"
28972,Bio-Care,allopathic,bio-carehand-rub750125145,Hand Rub,Isopropyl Alcohol + Hydrogen Peroxide + Glycerol,75%+0.125%+1.45%,Biogen Pharmaceuticals Ltd.,"10 ml pen: ৳ 75.00,100 ml bottle: ৳ 130.00,200 ml bottle: ৳ 220.00",
17150,Binzotim,allopathic,binzotimophthalmic-suspension105,Ophthalmic Suspension,Brinzolamide + Timolol,1%+0.5%,Eskayef Pharmaceuticals Ltd.,5 ml drop: ৳ 550.00,
8777,Binoclar,allopathic,binoclartablet250-mg,Tablet,Clarithromycin,250 mg,SANDOZ (A Novartis Division),"Unit Price: ৳ 35.40,(14's pack: ৳ 495.60),",(14's pack: ৳ 495.60)
8751,Binoclar,allopathic,binoclartablet500-mg,Tablet,Clarithromycin,500 mg,SANDOZ (A Novartis Division),"Unit Price: ৳ 67.00,(14's pack: ৳ 938.00),",(14's pack: ৳ 938.00)
8752,Binoclar,allopathic,binoclarpowder-for-suspension125-mg5-ml,Powder for Suspension,Clarithromycin,125 mg/5 ml,SANDOZ (A Novartis Division),60 ml bottle: ৳ 397.00,
12469,Binafin,allopathic,binafincream1,Cream,Terbinafine Hydrochloride,1%,Amulet Pharmaceuticals Ltd.,10 gm tube: ৳ 50.00,
14549,Bimuty DS,allopathic,bimuty-dssyrup10-mg5-ml,Syrup,Zinc Sulfate Monohydrate,10 mg/5 ml,Pacific Pharmaceuticals Ltd.,100 ml bottle: ৳ 36.00,
14550,Bimuty,allopathic,bimutydispersible-tablet20-mg,Dispersible Tablet,Zinc Sulfate Monohydrate,20 mg,Pacific Pharmaceuticals Ltd.,"Unit Price: ৳ 2.00,(30's pack: ৳ 60.00),",(30's pack: ৳ 60.00)
18306,Bimolet,allopathic,bimoletophthalmic-solution0205,Ophthalmic Solution,Brimonidine Tartrate + Timolol Maleate,0.2%+0.5%,Ibn Sina Pharmaceuticals Ltd.,5 ml drop: ৳ 110.00,
18270,Bimator,allopathic,bimatorophthalmic-solution00305,Ophthalmic Solution,Bimatoprost + Timolol,0.03%+0.5%,Square Pharmaceuticals Ltd.,3 ml drop: ৳ 500.00,
28409,Bimatol,allopathic,bimatolophthalmic-solution003,Ophthalmic Solution,Bimatoprost,0.03%,Eskayef Pharmaceuticals Ltd.,5 ml drop: ৳ 650.00,
16056,Bimaprost,allopathic,bimaprostophthalmic-solution003,Ophthalmic Solution,Bimatoprost,0.03%,Popular Pharmaceuticals Ltd.,3 ml drop: ৳ 500.00,
30245,Bilxen,allopathic,bilxentablet20-mg,Tablet,Bilastine,20 mg,Everest Pharmaceuticals Ltd.,"Unit Price: ৳ 15.00,(20's pack: ৳ 300.00),",(20's pack: ৳ 300.00)
26457,Biltin,allopathic,biltintablet20-mg,Tablet,Bilastine,20 mg,Eskayef Pharmaceuticals Ltd.,"Unit Price: ৳ 15.00,(20's pack: ৳ 300.00),,Unit Price: ৳ 15.00,(30's pack: ৳ 450.00),","(20's pack: ৳ 300.00),(30's pack: ৳ 450.00)"
30978,Biltin,allopathic,biltinoral-solution125-mg5-ml,Oral Solution,Bilastine,12.5 mg/5 ml,Eskayef Pharmaceuticals Ltd.,30 ml bottle: ৳ 75.00,
29838,Biltin,allopathic,biltindispersible-tablet10-mg,Dispersible Tablet,Bilastine,10 mg,Eskayef Pharmaceuticals Ltd.,"Unit Price: ৳ 13.00,(30's pack: ৳ 390.00),",(30's pack: ৳ 390.00)
31006,Billi Meltab,allopathic,billi-meltabdispersible-tablet10-mg,Dispersible Tablet,Bilastine,10 mg,Beximco Pharmaceuticals Ltd.,"Unit Price: ৳ 15.00,(30's pack: ৳ 450.00),",(30's pack: ৳ 450.00)
31004,Billi,allopathic,billioral-solution125-mg5-ml,Oral Solution,Bilastine,12.5 mg/5 ml,Beximco Pharmaceuticals Ltd.,60 ml bottle: ৳ 140.00,
31005,Billi,allopathic,billitablet20-mg,Tablet,Bilastine,20 mg,Beximco Pharmaceuticals Ltd.,"Unit Price: ৳ 15.00,(30's pack: ৳ 450.00),",(30's pack: ৳ 450.00)
31196,Bilista Kids,allopathic,bilista-kidsdispersible-tablet10-mg,Dispersible Tablet,Bilastine,10 mg,Square Pharmaceuticals Ltd.,"Unit Price: ৳ 15.00,(30's pack: ৳ 450.00),",(30's pack: ৳ 450.00)
29160,Bilista,allopathic,bilistatablet20-mg,Tablet,Bilastine,20 mg,Square Pharmaceuticals Ltd.,"Unit Price: ৳ 15.00,(20's pack: ৳ 300.00),",(20's pack: ৳ 300.00)
25161,Bilicir,allopathic,bilicirtablet300-mg,Tablet,Ursodeoxycholic Acid,300 mg,ACI Limited,"Unit Price: ৳ 20.00,(30's pack: ৳ 600.00),",(30's pack: ৳ 600.00)
25160,Bilicir,allopathic,bilicirtablet150-mg,Tablet,Ursodeoxycholic Acid,150 mg,ACI Limited,"Unit Price: ৳ 11.00,(50's pack: ৳ 550.00),",(50's pack: ৳ 550.00)
28746,Bilfast,allopathic,bilfasttablet20-mg,Tablet,Bilastine,20 mg,NIPRO JMI Pharma Ltd.,"Unit Price: ৳ 15.00,(30's pack: ৳ 450.00),",(30's pack: ৳ 450.00)
4035,Bilco,allopathic,bilcopediatric-drops6-mgml,Pediatric Drops,Ambroxol Hydrochloride,6 mg/ml,Doctor’s Chemical Works Ltd.,15 ml bottle: ৳ 20.00,
4034,Bilco,allopathic,bilcosyrup15-mg5-ml,Syrup,Ambroxol Hydrochloride,15 mg/5 ml,Doctor’s Chemical Works Ltd.,100 ml bottle: ৳ 30.00,
26083,Actemra,allopathic,actemrasc-injection162-mg09-ml,SC Injection,Tocilizumab,162 mg/0.9 ml,Roche Bangladesh Ltd.,"0.9 ml pre-filled syringe: ৳ 14,950.00",
32601,Bilaxe,allopathic,bilaxetablet20-mg,Tablet,Bilastine,20 mg,Apex Pharmaceuticals Ltd.,"Unit Price: ৳ 15.00,(20's pack: ৳ 300.00),",(20's pack: ৳ 300.00)
30323,Biomonas,allopathic,biomonastablet10-mg,Tablet,Montelukast Sodium,10 mg,Biogen Pharmaceuticals Ltd.,"Unit Price: ৳ 14.00,(30's pack: ৳ 420.00),",(30's pack: ৳ 420.00)
28391,Bionaprox Plus,allopathic,bionaprox-plustablet-delayed-release375-mg20-mg,Tablet (Delayed Release),Naproxen Sodium + Esomeprazole Magnesium,375 mg+20 mg,Biogen Pharmaceuticals Ltd.,"Unit Price: ৳ 10.00,(30's pack: ৳ 300.00),",(30's pack: ৳ 300.00)
28669,Biomec,allopathic,biomectablet12-mg,Tablet,Ivermectin (Tablet),12 mg,Biopharma Laboratories Ltd.,"Unit Price: ৳ 25.00,(20's pack: ৳ 500.00),",(20's pack: ৳ 500.00)
28668,Biomec,allopathic,biomectablet6-mg,Tablet,Ivermectin (Tablet),6 mg,Biopharma Laboratories Ltd.,"Unit Price: ৳ 15.00,(20's pack: ৳ 300.00),",(20's pack: ৳ 300.00)
30992,Biolina Plus,allopathic,biolina-plustablet25-mg850-mg,Tablet,Linagliptin + Metformin Hydrochloride,2.5 mg+850 mg,Biogen Pharmaceuticals Ltd.,"Unit Price: ৳ 13.50,(30's pack: ৳ 405.00),",(30's pack: ৳ 405.00)
27562,Biogold,allopathic,biogoldtablet,Tablet,Multivitamin & Multimineral [A-Z gold preparation],,Chemist Laboratories  Ltd.,"Unit Price: ৳ 7.00,(30's pack: ৳ 210.00),",(30's pack: ৳ 210.00)
15071,Biofol,allopathic,biofoltablet15-mg,Tablet,Calcium Folinate [Folinic Acid],15 mg,Incepta Pharmaceuticals Ltd.,"Unit Price: ৳ 25.00,(30's pack: ৳ 750.00),",(30's pack: ৳ 750.00)
18458,Biofol,allopathic,biofoltablet5-mg,Tablet,Calcium Folinate [Folinic Acid],5 mg,Incepta Pharmaceuticals Ltd.,"Unit Price: ৳ 9.00,(30's pack: ৳ 270.00),",(30's pack: ৳ 270.00)
13337,Biofez,allopathic,biofezcapsule-timed-release50-mg050-mg6180-mg,Capsule (Timed Release),Carbonyl Iron + Folic Acid + Zinc Sulfate,50 mg+0.50 mg+61.80 mg,Jayson Pharmaceuticals Ltd.,"Unit Price: ৳ 3.01,(50's pack: ৳ 150.50),",(50's pack: ৳ 150.50)
28389,Biofenac,allopathic,biofenactablet100-mg,Tablet,Aceclofenac,100 mg,Biogen Pharmaceuticals Ltd.,"Unit Price: ৳ 3.50,(100's pack: ৳ 350.00),",(100's pack: ৳ 350.00)
28667,Biofavi,allopathic,biofavitablet200-mg,Tablet,Favipiravir,200 mg,Biopharma Laboratories Ltd.,"Unit Price: ৳ 200.00,(20's pack: ৳ 4,000.00),","(20's pack: ৳ 4,000.00)"
30629,Bioderm,allopathic,biodermointment5-mg500-iugm,Ointment,Neomycin Sulfate + Bacitracin Zinc,(5 mg+500 IU)/gm,Cosmic Pharma Ltd.,"15 gm tube: ৳ 32.00,(12's pack: ৳ 384.00),",(12's pack: ৳ 384.00)
11235,Biocox,allopathic,biocoxtablet90-mg,Tablet,Etoricoxib,90 mg,Biopharma Laboratories Ltd.,"Unit Price: ৳ 12.03,(30's pack: ৳ 361.00),",(30's pack: ৳ 361.00)
28926,Biocort,allopathic,biocortophthalmic-suspension1,Ophthalmic Suspension,Prednisolone Acetate,1%,Biopharma Laboratories Ltd.,5 ml drop: ৳ 100.00,
32864,Bioclavid,allopathic,bioclavidtablet500-mg125-mg,Tablet,Amoxicillin + Clavulanic Acid,500 mg+125 mg,SANDOZ (A Novartis Division),"Unit Price: ৳ 35.00,(30's pack: ৳ 1,050.00),","(30's pack: ৳ 1,050.00)"
32865,Bioclavid,allopathic,bioclavidtablet875-mg125-mg,Tablet,Amoxicillin + Clavulanic Acid,875 mg+125 mg,SANDOZ (A Novartis Division),"Unit Price: ৳ 50.00,(18's pack: ৳ 900.00),",(18's pack: ৳ 900.00)
32866,Bioclavid,allopathic,bioclavidtablet250-mg125-mg,Tablet,Amoxicillin + Clavulanic Acid,250 mg+125 mg,SANDOZ (A Novartis Division),"Unit Price: ৳ 27.00,(24's pack: ৳ 648.00),",(24's pack: ৳ 648.00)
11804,Biocin,allopathic,biocinsyrup2-mg5-ml,Syrup,Chlorpheniramine Maleate,2 mg/5 ml,Biopharma Laboratories Ltd.,100 ml bottle: ৳ 21.78,
11803,Biocin,allopathic,biocintablet4-mg,Tablet,Chlorpheniramine Maleate,4 mg,Biopharma Laboratories Ltd.,"Unit Price: ৳ 0.20,(100's pack: ৳ 20.00),",(100's pack: ৳ 20.00)
497,Biocid Plus,allopathic,biocid-pluschewable-tablet200-mg200-mg30-mg,Chewable Tablet,Aluminium Hydroxide + Magnesium Hydroxide + Simethicone,200 mg+200 mg+30 mg,Biopharma Laboratories Ltd.,"Unit Price: ৳ 2.00,(200's pack: ৳ 400.20),",(200's pack: ৳ 400.20)
26864,Biocid Plus,allopathic,biocid-plusoral-suspension200-mg400-mg30-mg5-ml,Oral Suspension,Aluminium Hydroxide + Magnesium Hydroxide + Simethicone,(200 mg+400 mg+30 mg)/5 ml,Biopharma Laboratories Ltd.,200 ml bottle: ৳ 75.00,
26863,Biocid MH,allopathic,biocid-mhoral-suspension175-mg225-mg5-ml,Oral Suspension,Aluminium Hydroxide + Magnesium Hydroxide,(175 mg+225 mg)/5 ml,Biopharma Laboratories Ltd.,200 ml bottle: ৳ 32.42,
461,Biocid,allopathic,biocidchewable-tablet250-mg400-mg,Chewable Tablet,Aluminium Hydroxide + Magnesium Hydroxide,250 mg+400 mg,Biopharma Laboratories Ltd.,"Unit Price: ৳ 0.72,(200's pack: ৳ 144.07),",(200's pack: ৳ 144.07)
7103,Biocef,allopathic,biocefcapsule250-mg,Capsule,Cefaclor Monohydrate,250 mg,SANDOZ (A Novartis Division),"Unit Price: ৳ 25.00,(20's pack: ৳ 500.00),",(20's pack: ৳ 500.00)
7104,Biocef,allopathic,biocefcapsule500-mg,Capsule,Cefaclor Monohydrate,500 mg,SANDOZ (A Novartis Division),"Unit Price: ৳ 46.50,(20's pack: ৳ 930.00),",(20's pack: ৳ 930.00)
7105,Biocef,allopathic,biocefpowder-for-suspension125-mg5-ml,Powder for Suspension,Cefaclor Monohydrate,125 mg/5 ml,SANDOZ (A Novartis Division),100 ml bottle: ৳ 288.00,
30861,Biocap,allopathic,biocapcapsule100-mg,Capsule,Doxycycline Hydrochloride,100 mg,Biopharma Laboratories Ltd.,"Unit Price: ৳ 2.00,(100's pack: ৳ 200.00),",(100's pack: ৳ 200.00)
30410,Biocal-DX,allopathic,biocal-dxtablet600-mg400-iu,Tablet,Calcium Carbonate [Algae source] + Vitamin D3,600 mg+400 IU,ACI Limited,"Unit Price: ৳ 15.00,(20's pack: ৳ 300.00),",(20's pack: ৳ 300.00)
30409,Biocal-D,allopathic,biocal-dtablet500-mg200-iu,Tablet,Calcium Carbonate [Algae source] + Vitamin D3,500 mg+200 IU,ACI Limited,"Unit Price: ৳ 10.00,(30's pack: ৳ 300.00),",(30's pack: ৳ 300.00)
27316,BioBran,allopathic,biobrantablet250-mg,Tablet,Arabinoxylan,250 mg,Beacon Pharmaceuticals Ltd.,"Unit Price: ৳ 100.00,(50's pack: ৳ 5,000.00),","(50's pack: ৳ 5,000.00)"
11673,Actemra,allopathic,actemraiv-infusion80-mg4-ml,IV Infusion,Tocilizumab,80 mg/4 ml,Roche Bangladesh Ltd.,"4 ml vial: ৳ 8,700.00",
27456,Bioxon,allopathic,bioxoniv-injection500-mgvial,IV Injection,Ceftriaxone Sodium,500 mg/vial,Benham Pharmaceuticals Ltd.,500 mg vial: ৳ 130.00,
27459,Bioxon,allopathic,bioxoniv-injection1-gmvial,IV Injection,Ceftriaxone Sodium,1 gm/vial,Benham Pharmaceuticals Ltd.,1 gm vial: ৳ 185.00,
27458,Bioxon,allopathic,bioxonim-injection1-gmvial,IM Injection,Ceftriaxone Sodium,1 gm/vial,Benham Pharmaceuticals Ltd.,1 gm vial: ৳ 185.00,
27953,Bioxim DS,allopathic,bioxim-dspowder-for-suspension200-mg5-ml,Powder for Suspension,Cefixime Trihydrate,200 mg/5 ml,Sharif Pharmaceuticals Ltd.,50 ml bottle: ৳ 280.00,
7483,Bioxim,allopathic,bioximpowder-for-suspension100-mg5-ml,Powder for Suspension,Cefixime Trihydrate,100 mg/5 ml,Sharif Pharmaceuticals Ltd.,"30 ml bottle: ৳ 120.37,50 ml bottle: ৳ 175.00",
7482,Bioxim,allopathic,bioximcapsule400-mg,Capsule,Cefixime Trihydrate,400 mg,Sharif Pharmaceuticals Ltd.,"Unit Price: ৳ 50.14,(8's pack: ৳ 401.12),",(8's pack: ৳ 401.12)
7481,Bioxim,allopathic,bioximcapsule200-mg,Capsule,Cefixime Trihydrate,200 mg,Sharif Pharmaceuticals Ltd.,"Unit Price: ৳ 30.00,(12's pack: ৳ 360.00),,Unit Price: ৳ 30.00,(14's pack: ৳ 420.00),","(12's pack: ৳ 360.00),(14's pack: ৳ 420.00)"
14193,Biovit-M,allopathic,biovit-mtablet,Tablet,Multivitamin & Multimineral,,Biopharma Laboratories Ltd.,"Unit Price: ৳ 2.00,(30's pack: ৳ 60.00),",(30's pack: ৳ 60.00)
25396,Biovit-I,allopathic,biovit-ieye-capsule,Eye Capsule,"Vitamin C, Vitamin E, Lutein, Copper & Zinc",,Biopharma Laboratories Ltd.,"Unit Price: ৳ 10.00,(30's pack: ৳ 300.00),",(30's pack: ৳ 300.00)
14141,Biovit Silver,allopathic,biovit-silvertablet,Tablet,Multivitamin & Multimineral [A-Z silver preparation],,Biopharma Laboratories Ltd.,"Unit Price: ৳ 7.00,(15's pack: ৳ 105.00),,Unit Price: ৳ 7.00,(30's pack: ৳ 210.00),","(15's pack: ৳ 105.00),(30's pack: ৳ 210.00)"
14737,Biovit PN,allopathic,biovit-pntablet,Tablet,Multivitamins & Multiminerals [A-Z prenatal preparation],,Biopharma Laboratories Ltd.,"Unit Price: ৳ 5.03,(15's pack: ৳ 75.50),,Unit Price: ৳ 5.03,(30's pack: ৳ 151.00),","(15's pack: ৳ 75.50),(30's pack: ৳ 151.00)"
13365,Biovit Plus,allopathic,biovit-plussyrup,Syrup,Iron Polymaltose Complex + Vitamin B Complex + Zinc,,Biopharma Laboratories Ltd.,100 ml bottle: ৳ 50.19,
14091,Biovit Gold,allopathic,biovit-goldtablet,Tablet,Multivitamin & Multimineral [A-Z gold preparation],,Biopharma Laboratories Ltd.,"Unit Price: ৳ 7.00,(15's pack: ৳ 105.00),,Unit Price: ৳ 7.00,(30's pack: ৳ 210.00),","(15's pack: ৳ 105.00),(30's pack: ৳ 210.00)"
14070,Biovit,allopathic,biovitpediatric-drops,Pediatric Drops,Multivitamin [Pediatric preparation],,Biopharma Laboratories Ltd.,15 ml drop: ৳ 24.00,
13761,Biovit,allopathic,biovitsyrup,Syrup,Vitamin B complex,,Biopharma Laboratories Ltd.,"100 ml bottle: ৳ 35.00,200 ml bottle: ৳ 62.00",
13760,Biovit,allopathic,biovitcapsule,Capsule,Vitamin B complex,,Biopharma Laboratories Ltd.,"Unit Price: ৳ 1.00,(200's pack: ৳ 200.10),",(200's pack: ৳ 200.10)
28886,Biotrim DS,allopathic,biotrim-dstablet800-mg160-mg,Tablet,Sulphamethoxazole + Trimethoprim,800 mg+160 mg,Biopharma Laboratories Ltd.,"Unit Price: ৳ 2.02,(100's pack: ৳ 201.61),",(100's pack: ৳ 201.61)
28885,Biotrim,allopathic,biotrimtablet400-mg80-mg,Tablet,Sulphamethoxazole + Trimethoprim,400 mg+80 mg,Biopharma Laboratories Ltd.,"Unit Price: ৳ 1.49,(100's pack: ৳ 149.45),",(100's pack: ৳ 149.45)
28887,Biotrim,allopathic,biotrimoral-suspension200-mg40-mg5-ml,Oral Suspension,Sulphamethoxazole + Trimethoprim,(200 mg+40 mg)/5 ml,Biopharma Laboratories Ltd.,60 ml bottle: ৳ 21.62,
31967,Biotrex,allopathic,biotrexsyrup40-mg5-ml,Syrup,Levamisole,40 mg/5 ml,Biopharma Laboratories Ltd.,30 ml bottle: ৳ 15.00,
24128,Biotid,allopathic,biotidtablet150-mg,Tablet,Ranitidine Hydrochloride,150 mg,Biogen Pharmaceuticals Ltd.,"Unit Price: ৳ 2.00,(100's pack: ৳ 200.00),",(100's pack: ৳ 200.00)
29496,Biorub-I,allopathic,biorub-ihand-rub750125145,Hand Rub,Isopropyl Alcohol + Hydrogen Peroxide + Glycerol,75%+0.125%+1.45%,Biopharma Laboratories Ltd.,"50 ml bottle: ৳ 60.00,100 ml bottle: ৳ 95.00,250 ml bottle: ৳ 220.00",
30810,Biorub,allopathic,biorubmouthwash02,Mouthwash,Chlorhexidine Gluconate [0.2%],0.20%,Biopharma Laboratories Ltd.,250 ml bottle: ৳ 130.00,
28925,Bioron,allopathic,bioronsyrup200-mg5-ml,Syrup,Ferrous Sulfate,200 mg/5 ml,Biopharma Laboratories Ltd.,200 ml bottle: ৳ 26.10,
21238,Biorolac,allopathic,biorolactablet10-mg,Tablet,Ketorolac Tromethamine,10 mg,Biogen Pharmaceuticals Ltd.,"Unit Price: ৳ 9.00,(40's pack: ৳ 360.00),,Unit Price: ৳ 9.00,(50's pack: ৳ 450.00),","(40's pack: ৳ 360.00),(50's pack: ৳ 450.00)"
6127,Biopen VK,allopathic,biopen-vkpowder-for-suspension125-mg5-ml,Powder for Suspension,Phenoxymethyl Penicillin [Penicillin V],125 mg/5 ml,Biopharma Laboratories Ltd.,100 ml bottle: ৳ 28.91,
6126,Biopen VK,allopathic,biopen-vktablet250-mg,Tablet,Phenoxymethyl Penicillin [Penicillin V],250 mg,Biopharma Laboratories Ltd.,"Unit Price: ৳ 2.28,(100's pack: ৳ 228.00),",(100's pack: ৳ 228.00)
13639,Bionic,allopathic,bionictablet100-mg200-mg200-mcg,Tablet,"Vitamin B1, B6 & B12",100 mg+200 mg+200 mcg,Pharmasia Limited,"Unit Price: ৳ 8.00,(30's pack: ৳ 240.00),",(30's pack: ৳ 240.00)
25332,Bionic,allopathic,bionicim-injection100-mg100-mg1-mg3-ml,IM Injection,"Vitamin B1, B6 & B12",(100 mg+100 mg+1 mg)/3 ml,Pharmasia Limited,"3 ml ampoule: ৳ 25.00,(10's pack: ৳ 250.00),",(10's pack: ৳ 250.00)
3308,Bionex,allopathic,bionexcapsule500-mg,Capsule,Tranexamic Acid,500 mg,Biopharma Laboratories Ltd.,"Unit Price: ৳ 16.00,(20's pack: ৳ 320.00),",(20's pack: ৳ 320.00)
29458,Actemra,allopathic,actemraiv-infusion400-mg20-ml,IV Infusion,Tocilizumab,400 mg/20 ml,Roche Bangladesh Ltd.,"20 ml vial: ৳ 43,500.00",
2484,Bisoloc,allopathic,bisoloctablet5-mg,Tablet,Bisoprolol Hemifumarate,5 mg,Orion Pharma Ltd.,"Unit Price: ৳ 10.03,(30's pack: ৳ 300.90),",(30's pack: ৳ 300.90)
27990,Bisoliv,allopathic,bisolivtablet25-mg,Tablet,Bisoprolol Hemifumarate,2.5 mg,One Pharma Ltd.,"Unit Price: ৳ 6.00,(30's pack: ৳ 180.00),",(30's pack: ৳ 180.00)
27991,Bisoliv,allopathic,bisolivtablet5-mg,Tablet,Bisoprolol Hemifumarate,5 mg,One Pharma Ltd.,"Unit Price: ৳ 10.00,(30's pack: ৳ 300.00),",(30's pack: ৳ 300.00)
31460,Bisofar,allopathic,bisofartablet25-mg,Tablet,Bisoprolol Hemifumarate,2.5 mg,Silco Pharmaceutical Ltd.,"Unit Price: ৳ 6.00,(30's pack: ৳ 180.00),",(30's pack: ৳ 180.00)
31461,Bisofar,allopathic,bisofartablet5-mg,Tablet,Bisoprolol Hemifumarate,5 mg,Silco Pharmaceutical Ltd.,"Unit Price: ৳ 10.00,(30's pack: ৳ 300.00),",(30's pack: ৳ 300.00)
2912,Bisocor Plus,allopathic,bisocor-plustablet25-mg625-mg,Tablet,Bisoprolol Fumarate + Hydrochlorothiazide,2.5 mg+6.25 mg,Square Pharmaceuticals Ltd.,"Unit Price: ৳ 6.02,(30's pack: ৳ 180.60),",(30's pack: ৳ 180.60)
2913,Bisocor Plus,allopathic,bisocor-plustablet5-mg625-mg,Tablet,Bisoprolol Fumarate + Hydrochlorothiazide,5 mg+6.25 mg,Square Pharmaceuticals Ltd.,"Unit Price: ৳ 10.03,(30's pack: ৳ 300.90),",(30's pack: ৳ 300.90)
2481,Bisocor,allopathic,bisocortablet5-mg,Tablet,Bisoprolol Hemifumarate,5 mg,Square Pharmaceuticals Ltd.,"Unit Price: ৳ 10.07,(30's pack: ৳ 302.10),",(30's pack: ৳ 302.10)
2480,Bisocor,allopathic,bisocortablet25-mg,Tablet,Bisoprolol Hemifumarate,2.5 mg,Square Pharmaceuticals Ltd.,"Unit Price: ৳ 6.04,(50's pack: ৳ 302.00),",(50's pack: ৳ 302.00)
26170,Bisocam,allopathic,bisocamtablet25-mg5-mg,Tablet,Bisoprolol Fumarate + Amlodipine Besilate,2.5 mg+5 mg,Square Pharmaceuticals Ltd.,"Unit Price: ৳ 6.00,(30's pack: ৳ 180.00),",(30's pack: ৳ 180.00)
31443,Bislor,allopathic,bislortablet20-mg,Tablet,Bilastine,20 mg,Orion Pharma Ltd.,"Unit Price: ৳ 15.00,(30's pack: ৳ 450.00),",(30's pack: ৳ 450.00)
2909,Bislol Plus,allopathic,bislol-plustablet25-mg625-mg,Tablet,Bisoprolol Fumarate + Hydrochlorothiazide,2.5 mg+6.25 mg,Opsonin Pharma Ltd.,"Unit Price: ৳ 6.02,(42's pack: ৳ 252.84),",(42's pack: ৳ 252.84)
2910,Bislol Plus,allopathic,bislol-plustablet5-mg625-mg,Tablet,Bisoprolol Fumarate + Hydrochlorothiazide,5 mg+6.25 mg,Opsonin Pharma Ltd.,"Unit Price: ৳ 10.03,(42's pack: ৳ 421.26),",(42's pack: ৳ 421.26)
2911,Bislol Plus,allopathic,bislol-plustablet10-mg625-mg,Tablet,Bisoprolol Fumarate + Hydrochlorothiazide,10 mg+6.25 mg,Opsonin Pharma Ltd.,"Unit Price: ৳ 16.05,(28's pack: ৳ 449.40),",(28's pack: ৳ 449.40)
27035,Bislol Max,allopathic,bislol-maxtablet25-mg5-mg,Tablet,Bisoprolol Fumarate + Amlodipine Besilate,2.5 mg+5 mg,Opsonin Pharma Ltd.,"Unit Price: ৳ 6.00,(42's pack: ৳ 252.00),",(42's pack: ৳ 252.00)
29561,Bislol,allopathic,bisloltablet125-mg,Tablet,Bisoprolol Hemifumarate,1.25 mg,Opsonin Pharma Ltd.,"Unit Price: ৳ 3.50,(42's pack: ৳ 147.00),",(42's pack: ৳ 147.00)
2479,Bislol,allopathic,bisloltablet10-mg,Tablet,Bisoprolol Hemifumarate,10 mg,Opsonin Pharma Ltd.,"Unit Price: ৳ 16.11,(28's pack: ৳ 451.08),",(28's pack: ৳ 451.08)
2478,Bislol,allopathic,bisloltablet5-mg,Tablet,Bisoprolol Hemifumarate,5 mg,Opsonin Pharma Ltd.,"Unit Price: ৳ 10.07,(42's pack: ৳ 422.94),",(42's pack: ৳ 422.94)
2477,Bislol,allopathic,bisloltablet25-mg,Tablet,Bisoprolol Hemifumarate,2.5 mg,Opsonin Pharma Ltd.,"Unit Price: ৳ 6.04,(42's pack: ৳ 253.68),",(42's pack: ৳ 253.68)
13324,Biron Plus,allopathic,biron-pluscapsule-timed-release150-mg05-mg618-mg,Capsule (Timed Release),Ferrous Sulfate + Folic Acid + Zinc Sulfate,150 mg+0.5 mg+61.8 mg,Biopharma Laboratories Ltd.,"Unit Price: ৳ 2.91,(30's pack: ৳ 87.24),",(30's pack: ৳ 87.24)
2582,Bipinor,allopathic,bipinortablet25-mg,Tablet,Nebivolol Hydrochloride,2.5 mg,ACI Limited,"Unit Price: ৳ 5.04,(30's pack: ৳ 151.20),",(30's pack: ৳ 151.20)
2583,Bipinor,allopathic,bipinortablet5-mg,Tablet,Nebivolol Hydrochloride,5 mg,ACI Limited,"Unit Price: ৳ 8.05,(30's pack: ৳ 241.50),",(30's pack: ৳ 241.50)
28888,Biozyl,allopathic,biozyliv-infusion500-mg100-ml,IV Infusion,Metronidazole,500 mg/100 ml,Biopharma Laboratories Ltd.,100 ml bottle: ৳ 75.00,
10083,Biozyl,allopathic,biozyloral-suspension200-mg5-ml,Oral Suspension,Metronidazole,200 mg/5 ml,Biopharma Laboratories Ltd.,60 ml bottle: ৳ 29.81,
10082,Biozyl,allopathic,biozyltablet400-mg,Tablet,Metronidazole,400 mg,Biopharma Laboratories Ltd.,"Unit Price: ৳ 1.55,(100's pack: ৳ 155.00),",(100's pack: ৳ 155.00)
13366,Biozinc-I,allopathic,biozinc-isyrup,Syrup,Iron Polymaltose Complex + Vitamin B Complex + Zinc,,Ibn Sina Pharmaceuticals Ltd.,100 ml bottle: ৳ 50.19,
26591,Biozinc-B,allopathic,biozinc-bsyrup,Syrup,Vitamin B Complex + Zinc,,Ibn Sina Pharmaceuticals Ltd.,100 ml bottle: ৳ 45.17,
14551,Biozinc,allopathic,biozincsyrup10-mg5-ml,Syrup,Zinc Sulfate Monohydrate,10 mg/5 ml,Ibn Sina Pharmaceuticals Ltd.,100 ml bottle: ৳ 35.00,
27460,Bioxon,allopathic,bioxoniv-injection2-gmvial,IV Injection,Ceftriaxone Sodium,2 gm/vial,Benham Pharmaceuticals Ltd.,2 gm vial: ৳ 290.00,
11674,Actemra,allopathic,actemraiv-infusion200-mg10-ml,IV Infusion,Tocilizumab,200 mg/10 ml,Roche Bangladesh Ltd.,"10 ml vial: ৳ 21,750.00",
33052,Bivara,allopathic,bivaratablet25-mg,Tablet,Brivaracetam,25 mg,ACI Limited,"Unit Price: ৳ 40.00,(10's pack: ৳ 400.00),",(10's pack: ৳ 400.00)
33053,Bivara,allopathic,bivaratablet50-mg,Tablet,Brivaracetam,50 mg,ACI Limited,"Unit Price: ৳ 75.00,(10's pack: ৳ 750.00),",(10's pack: ৳ 750.00)
26861,Biva,allopathic,bivaiv-injection250-mg5-ml,IV Injection,Bivalirudin,250 mg/5 ml,Healthcare Pharmaceuticals Ltd.,"250 mg vial: ৳ 10,000.00",
18286,Bisten Plus,allopathic,bisten-plustablet10-mg625-mg,Tablet,Bisoprolol Fumarate + Hydrochlorothiazide,10 mg+6.25 mg,Edruc Limited,"Unit Price: ৳ 19.18,(20's pack: ৳ 383.63),",(20's pack: ৳ 383.63)
18284,Bisten Plus,allopathic,bisten-plustablet25-mg625-mg,Tablet,Bisoprolol Fumarate + Hydrochlorothiazide,2.5 mg+6.25 mg,Edruc Limited,"Unit Price: ৳ 5.00,(30's pack: ৳ 150.00),",(30's pack: ৳ 150.00)
18285,Bisten Plus,allopathic,bisten-plustablet5-mg625-mg,Tablet,Bisoprolol Fumarate + Hydrochlorothiazide,5 mg+6.25 mg,Edruc Limited,"Unit Price: ৳ 9.00,(30's pack: ৳ 270.00),",(30's pack: ৳ 270.00)
25708,Bisten,allopathic,bistentablet5-mg,Tablet,Bisoprolol Hemifumarate,5 mg,Edruc Limited,"Unit Price: ৳ 9.00,(30's pack: ৳ 270.00),",(30's pack: ৳ 270.00)
25707,Bisten,allopathic,bistentablet25-mg,Tablet,Bisoprolol Hemifumarate,2.5 mg,Edruc Limited,"Unit Price: ৳ 5.00,(30's pack: ৳ 150.00),",(30's pack: ৳ 150.00)
25709,Bisten,allopathic,bistentablet10-mg,Tablet,Bisoprolol Hemifumarate,10 mg,Edruc Limited,"Unit Price: ৳ 14.00,(20's pack: ৳ 280.00),",(20's pack: ৳ 280.00)
27448,Bispep,allopathic,bispeporal-suspension875-mg5-ml,Oral Suspension,Bismuth Subsalicylate,87.5 mg/5 ml,Benham Pharmaceuticals Ltd.,"100 ml bottle: ৳ 75.00,200 ml bottle: ৳ 150.00",
25734,Bisotab,allopathic,bisotabtablet25-mg,Tablet,Bisoprolol Hemifumarate,2.5 mg,Pharmasia Limited,"Unit Price: ৳ 6.00,(30's pack: ৳ 180.00),",(30's pack: ৳ 180.00)
25735,Bisotab,allopathic,bisotabtablet5-mg,Tablet,Bisoprolol Hemifumarate,5 mg,Pharmasia Limited,"Unit Price: ৳ 10.00,(30's pack: ৳ 300.00),",(30's pack: ৳ 300.00)
18301,Bisoren Plus,allopathic,bisoren-plustablet5-mg625-mg,Tablet,Bisoprolol Fumarate + Hydrochlorothiazide,5 mg+6.25 mg,Renata Limited,"Unit Price: ৳ 10.00,(30's pack: ৳ 300.00),",(30's pack: ৳ 300.00)
18300,Bisoren Plus,allopathic,bisoren-plustablet25-mg625-mg,Tablet,Bisoprolol Fumarate + Hydrochlorothiazide,2.5 mg+6.25 mg,Renata Limited,"Unit Price: ৳ 6.00,(30's pack: ৳ 180.00),",(30's pack: ৳ 180.00)
29316,Bisoren M,allopathic,bisoren-mtablet5-mg5-mg,Tablet,Bisoprolol Fumarate + Amlodipine Besilate,5 mg+5 mg,Renata Limited,"Unit Price: ৳ 10.00,(30's pack: ৳ 300.00),",(30's pack: ৳ 300.00)
29315,Bisoren M,allopathic,bisoren-mtablet25-mg5-mg,Tablet,Bisoprolol Fumarate + Amlodipine Besilate,2.5 mg+5 mg,Renata Limited,"Unit Price: ৳ 6.00,(30's pack: ৳ 180.00),",(30's pack: ৳ 180.00)
2490,Bisoren,allopathic,bisorentablet5-mg,Tablet,Bisoprolol Hemifumarate,5 mg,Renata Limited,"Unit Price: ৳ 10.00,(30's pack: ৳ 300.00),",(30's pack: ৳ 300.00)
2489,Bisoren,allopathic,bisorentablet25-mg,Tablet,Bisoprolol Hemifumarate,2.5 mg,Renata Limited,"Unit Price: ৳ 6.00,(30's pack: ৳ 180.00),",(30's pack: ৳ 180.00)
27588,Bisopro-A,allopathic,bisopro-atablet25-mg5-mg,Tablet,Bisoprolol Fumarate + Amlodipine Besilate,2.5 mg+5 mg,Incepta Pharmaceuticals Ltd.,"Unit Price: ৳ 6.00,(30's pack: ৳ 180.00),",(30's pack: ৳ 180.00)
18291,Bisopro Plus,allopathic,bisopro-plustablet25-mg625-mg,Tablet,Bisoprolol Fumarate + Hydrochlorothiazide,2.5 mg+6.25 mg,Incepta Pharmaceuticals Ltd.,"Unit Price: ৳ 6.00,(30's pack: ৳ 180.00),",(30's pack: ৳ 180.00)
18292,Bisopro Plus,allopathic,bisopro-plustablet5-mg625-mg,Tablet,Bisoprolol Fumarate + Hydrochlorothiazide,5 mg+6.25 mg,Incepta Pharmaceuticals Ltd.,"Unit Price: ৳ 10.00,(30's pack: ৳ 300.00),",(30's pack: ৳ 300.00)
2488,Bisopro,allopathic,bisoprotablet5-mg,Tablet,Bisoprolol Hemifumarate,5 mg,Incepta Pharmaceuticals Ltd.,"Unit Price: ৳ 10.00,(30's pack: ৳ 300.00),",(30's pack: ৳ 300.00)
2487,Bisopro,allopathic,bisoprotablet25-mg,Tablet,Bisoprolol Hemifumarate,2.5 mg,Incepta Pharmaceuticals Ltd.,"Unit Price: ৳ 6.00,(30's pack: ৳ 180.00),",(30's pack: ৳ 180.00)
2486,Bisopress,allopathic,bisopresstablet5-mg,Tablet,Bisoprolol Hemifumarate,5 mg,NIPRO JMI Pharma Ltd.,"Unit Price: ৳ 10.03,(30's pack: ৳ 300.90),",(30's pack: ৳ 300.90)
2485,Bisopress,allopathic,bisopresstablet25-mg,Tablet,Bisoprolol Hemifumarate,2.5 mg,NIPRO JMI Pharma Ltd.,"Unit Price: ৳ 6.02,(30's pack: ৳ 180.60),",(30's pack: ৳ 180.60)
30281,Bisopol A,allopathic,bisopol-atablet25-mg5-mg,Tablet,Bisoprolol Fumarate + Amlodipine Besilate,2.5 mg+5 mg,Euro Pharma Ltd.,"Unit Price: ৳ 6.00,(50's pack: ৳ 300.00),",(50's pack: ৳ 300.00)
30279,Bisopol,allopathic,bisopoltablet25-mg,Tablet,Bisoprolol Hemifumarate,2.5 mg,Euro Pharma Ltd.,"Unit Price: ৳ 5.00,(50's pack: ৳ 250.00),",(50's pack: ৳ 250.00)
30280,Bisopol,allopathic,bisopoltablet5-mg,Tablet,Bisoprolol Hemifumarate,5 mg,Euro Pharma Ltd.,"Unit Price: ৳ 9.00,(30's pack: ৳ 270.00),",(30's pack: ৳ 270.00)
27903,Bisonat,allopathic,bisonattablet25-mg,Tablet,Bisoprolol Hemifumarate,2.5 mg,The White Horse Pharma,"Unit Price: ৳ 6.00,(30's pack: ৳ 180.00),",(30's pack: ৳ 180.00)
10394,Act Plus,allopathic,act-plustablet500-mg65-mg,Tablet,Paracetamol + Caffeine,500 mg+65 mg,Ambee Pharmaceuticals Ltd.,"Unit Price: ৳ 2.00,(100's pack: ৳ 200.00),",(100's pack: ৳ 200.00)
28018,Act,allopathic,actpediatric-drops80-mgml,Pediatric Drops,Paracetamol,80 mg/ml,Ambee Pharmaceuticals Ltd.,15 ml bottle: ৳ 12.31,
33178,BoneStar Kit,allopathic,bonestar-kittablet150-mg400-mg,Tablet,Ibandronic Acid & Calcium Orotate,150 mg+400 mg,NIPRO JMI Pharma Ltd.,(1 & 60) tablet kit: ৳ 990.00,
419,Bonemass D,allopathic,bonemass-dtablet70-mg2800-iu,Tablet,Alendronic Acid + Vitamin D3,70 mg+2800 IU,Incepta Pharmaceuticals Ltd.,"Unit Price: ৳ 30.00,(10's pack: ৳ 300.00),",(10's pack: ৳ 300.00)
30520,Bonemas,allopathic,bonemastablet70-mg,Tablet,Alendronic acid,70 mg,Incepta Pharmaceuticals Ltd.,"Unit Price: ৳ 30.00,(10's pack: ৳ 300.00),",(10's pack: ৳ 300.00)
14929,Bone-Guard,allopathic,bone-guardtablet150-mg,Tablet,Ibandronic Acid,150 mg,Incepta Pharmaceuticals Ltd.,1 tablet kit: ৳ 510.00,
14921,Bondrova,allopathic,bondrovatablet150-mg,Tablet,Ibandronic Acid,150 mg,Healthcare Pharmaceuticals Ltd.,"1 tablet kit: ৳ 1,960.00",
20954,Bondrova,allopathic,bondrovaiv-infusion3-mg3-ml,IV Infusion,Ibandronic Acid,3 mg/3 ml,Healthcare Pharmaceuticals Ltd.,"3 ml vial: ৳ 4,500.00",
20955,Bondrix,allopathic,bondrixtablet150-mg,Tablet,Ibandronic Acid,150 mg,Ibn Sina Pharmaceuticals Ltd.,1 tablet kit: ৳ 400.00,
14925,Boncare,allopathic,boncaretablet150-mg,Tablet,Ibandronic Acid,150 mg,Orion Pharma Ltd.,"1 tablet kit: ৳ 1,203.61",
14924,Bonaid,allopathic,bonaidtablet150-mg,Tablet,Ibandronic Acid,150 mg,Labaid Pharma Ltd.,"1 tablet kit: ৳ 1,500.00",
26903,Bonacerin,allopathic,bonacerintablet750-mg50-mg,Tablet,Glucosamine Sulfate + Diacerein,750 mg+50 mg,Navana Pharmaceuticals Ltd.,"Unit Price: ৳ 12.00,(30's pack: ৳ 360.00),",(30's pack: ৳ 360.00)
14346,Bonacal,allopathic,bonacaltablet500-mg,Tablet,Calcium Carbonate,500 mg,Marksman Pharmaceuticals Ltd.,"Unit Price: ৳ 2.21,(30's pack: ৳ 66.30),",(30's pack: ৳ 66.30)
27954,Bomaz,allopathic,bomaztablet3-mg,Tablet,Bromazepam,3 mg,Sharif Pharmaceuticals Ltd.,"Unit Price: ৳ 4.01,(50's pack: ৳ 200.50),",(50's pack: ৳ 200.50)
13012,BN,allopathic,bnophthalmic-solution0105,Ophthalmic Solution,Betamethasone + Neomycin Sulphate (E/E),0.1%+0.5%,Asiatic Laboratories Ltd.,5 ml drop: ৳ 37.57,
16175,Bludrop,allopathic,bludropophthalmic-solution5-vv,Ophthalmic Solution,Povidone Iodine,5% v/v,Healthcare Pharmaceuticals Ltd.,10 ml drop: ৳ 100.00,
25081,Block-T,allopathic,block-timiv-injection500-mg5-ml,IM/IV Injection,Tranexamic Acid,500 mg/5 ml,Drug International Ltd.,"5 ml ampoule: ৳ 50.00,(3's pack: ৳ 150.00),",(3's pack: ৳ 150.00)
25080,Block-T,allopathic,block-ttablet500-mg,Tablet,Tranexamic Acid,500 mg,Drug International Ltd.,"Unit Price: ৳ 18.00,(20's pack: ৳ 360.00),",(20's pack: ৳ 360.00)
24549,Blocid,allopathic,blocidoral-suspension500-mg100-mg5-ml,Oral Suspension,Sodium Alginate + Potassium Bicarbonate,(500 mg+100 mg)/5 ml,ACI Limited,200 ml bottle: ৳ 125.00,
32210,Blocid,allopathic,blocidchewable-tablet500-mg100-mg,Chewable Tablet,Sodium Alginate + Potassium Bicarbonate,500 mg+100 mg,ACI Limited,"Unit Price: ৳ 3.50,(100's pack: ৳ 350.00),",(100's pack: ৳ 350.00)
28474,Bloatnil,allopathic,bloatnilpediatric-drops67-mgml,Pediatric Drops,Simethicone,67 mg/ml,Navana Pharmaceuticals Ltd.,15 ml drop: ৳ 35.00,
32622,Blextin,allopathic,blextintablet20-mg,Tablet,Bilastine,20 mg,Somatec Pharmaceuticals Ltd.,"Unit Price: ৳ 15.00,(30's pack: ৳ 450.00),",(30's pack: ৳ 450.00)
27310,Bleonix,allopathic,bleonixinjection15-unitvial,Injection,Bleomycin Sulfate,15 unit/vial,Beacon Pharmaceuticals Ltd.,"15 unit vial: ৳ 1,500.00",
15027,Bleocin,allopathic,bleocininjection15-unitvial,Injection,Bleomycin Sulfate,15 unit/vial,Nippon Kayaku Ltd.,"15 unit vial: ৳ 1,121.75",
32855,Blast,allopathic,blastdispersible-tablet10-mg,Dispersible Tablet,Bilastine,10 mg,General Pharmaceuticals Ltd.,"Unit Price: ৳ 15.00,(30's pack: ৳ 450.00),",(30's pack: ৳ 450.00)
32854,Blast,allopathic,blasttablet20-mg,Tablet,Bilastine,20 mg,General Pharmaceuticals Ltd.,"Unit Price: ৳ 15.00,(30's pack: ৳ 450.00),",(30's pack: ৳ 450.00)
31028,Bizoran,allopathic,bizorantablet10-mg40-mg,Tablet,Amlodipine Besilate + Olmesartan Medoxomil,10 mg+40 mg,Beximco Pharmaceuticals Ltd.,"Unit Price: ৳ 22.00,(30's pack: ৳ 660.00),",(30's pack: ৳ 660.00)
17759,Bizoran,allopathic,bizorantablet5-mg40-mg,Tablet,Amlodipine Besilate + Olmesartan Medoxomil,5 mg+40 mg,Beximco Pharmaceuticals Ltd.,"Unit Price: ৳ 20.00,(30's pack: ৳ 600.00),",(30's pack: ৳ 600.00)
3077,Bizoran,allopathic,bizorantablet5-mg20-mg,Tablet,Amlodipine Besilate + Olmesartan Medoxomil,5 mg+20 mg,Beximco Pharmaceuticals Ltd.,"Unit Price: ৳ 12.00,(30's pack: ৳ 360.00),",(30's pack: ৳ 360.00)
31027,Bizoran,allopathic,bizorantablet10-mg20-mg,Tablet,Amlodipine Besilate + Olmesartan Medoxomil,10 mg+20 mg,Beximco Pharmaceuticals Ltd.,"Unit Price: ৳ 15.00,(30's pack: ৳ 450.00),",(30's pack: ৳ 450.00)
13367,Bizi,allopathic,bizisyrup,Syrup,Iron Polymaltose Complex + Vitamin B Complex + Zinc,,Globe Pharmaceuticals Ltd.,100 ml bottle: ৳ 50.00,
10393,Act,allopathic,acttablet500-mg,Tablet,Paracetamol,500 mg,Ambee Pharmaceuticals Ltd.,"Unit Price: ৳ 0.80,(250's pack: ৳ 200.00),",(250's pack: ৳ 200.00)
28017,Act,allopathic,actoral-suspension120-mg5-ml,Oral Suspension,Paracetamol,120 mg/5 ml,Ambee Pharmaceuticals Ltd.,60 ml bottle: ৳ 20.56,
14270,Bpcal,allopathic,bpcaltablet500-mg,Tablet,Calcium Carbonate,500 mg,Bristol Pharmaceuticals Ltd.,"Unit Price: ৳ 2.00,(30's pack: ৳ 60.00),,Unit Price: ৳ 2.00,(100's pack: ৳ 200.00),","(30's pack: ৳ 60.00),(100's pack: ৳ 200.00)"
8630,BP-Z,allopathic,bp-ztablet500-mg,Tablet,Azithromycin Dihydrate,500 mg,Bristol Pharmaceuticals Ltd.,"Unit Price: ৳ 30.00,(6's pack: ৳ 180.00),",(6's pack: ৳ 180.00)
8629,BP-Z,allopathic,bp-zcapsule500-mg,Capsule,Azithromycin Dihydrate,500 mg,Bristol Pharmaceuticals Ltd.,"Unit Price: ৳ 30.00,(3's pack: ৳ 90.00),",(3's pack: ৳ 90.00)
8631,BP-Z,allopathic,bp-zpowder-for-suspension200-mg5-ml,Powder for Suspension,Azithromycin Dihydrate,200 mg/5 ml,Bristol Pharmaceuticals Ltd.,15 ml bottle: ৳ 85.00,
14552,BP Zinc,allopathic,bp-zincdispersible-tablet20-mg,Dispersible Tablet,Zinc Sulfate Monohydrate,20 mg,Bristol Pharmaceuticals Ltd.,"Unit Price: ৳ 1.75,(100's pack: ৳ 175.00),",(100's pack: ৳ 175.00)
25525,Boxol SR,allopathic,boxol-srcapsule-sustained-release75-mg,Capsule (Sustained Release),Ambroxol Hydrochloride,75 mg,Opsonin Pharma Ltd.,"Unit Price: ৳ 5.01,(30's pack: ৳ 150.30),",(30's pack: ৳ 150.30)
4037,Boxol,allopathic,boxolpediatric-drops6-mgml,Pediatric Drops,Ambroxol Hydrochloride,6 mg/ml,Opsonin Pharma Ltd.,15 ml bottle: ৳ 30.10,
4036,Boxol,allopathic,boxolsyrup15-mg5-ml,Syrup,Ambroxol Hydrochloride,15 mg/5 ml,Opsonin Pharma Ltd.,100 ml bottle: ৳ 45.00,
11706,Botox,allopathic,botoxinjection100-unit,Injection,Clostridium Botulinum Toxin Type A Neurotoxin,100 unit,"Allergan, Inc.","100 unit vial: ৳ 26,815.28",
13640,Bost,allopathic,bosttablet100-mg200-mg200-mcg,Tablet,"Vitamin B1, B6 & B12",100 mg+200 mg+200 mcg,General Pharmaceuticals Ltd.,"Unit Price: ৳ 8.00,(30's pack: ৳ 240.00),,Unit Price: ৳ 8.00,(50's pack: ৳ 400.00),","(30's pack: ৳ 240.00),(50's pack: ৳ 400.00)"
13641,Bost,allopathic,bostim-injection100-mg100-mg1-mg3-ml,IM Injection,"Vitamin B1, B6 & B12",(100 mg+100 mg+1 mg)/3 ml,General Pharmaceuticals Ltd.,"3 ml ampoule: ৳ 25.08,(10's pack: ৳ 250.81),",(10's pack: ৳ 250.81)
27270,Bortez,allopathic,borteziv-infusion2-gmvial,IV Infusion,Bortezomib,2 gm/vial,Beacon Pharmaceuticals Ltd.,"2 gm vial: ৳ 12,000.00",
26010,Bortez,allopathic,borteziv-infusion1-mgvial,IV Infusion,Bortezomib,1 mg/vial,Beacon Pharmaceuticals Ltd.,"1 mg vial: ৳ 7,500.00",
4246,Bopam,allopathic,bopamtablet3-mg,Tablet,Bromazepam,3 mg,Opsonin Pharma Ltd.,"Unit Price: ৳ 4.54,(50's pack: ৳ 227.00),",(50's pack: ৳ 227.00)
29242,Bonwell-D,allopathic,bonwell-dtablet500-mg200-iu,Tablet,Calcium Carbonate [Elemental source] + Vitamin D3,500 mg+200 IU,Al-Madina Pharmaceuticals Ltd.,"Unit Price: ৳ 7.00,(30's pack: ৳ 210.00),",(30's pack: ৳ 210.00)
14539,Bontonic,allopathic,bontonictablet,Tablet,Calcium Carbonate + Vitamin D3 + Multimineral,,Globex Pharmaceuticals Ltd.,"Unit Price: ৳ 5.00,(30's pack: ৳ 150.00),",(30's pack: ৳ 150.00)
19793,Bontiv,allopathic,bontivtablet750-mg50-mg,Tablet,Glucosamine Sulfate + Diacerein,750 mg+50 mg,Healthcare Pharmaceuticals Ltd.,"Unit Price: ৳ 12.00,(28's pack: ৳ 336.00),",(28's pack: ৳ 336.00)
14931,Bonova,allopathic,bonovatablet150-mg,Tablet,Ibandronic Acid,150 mg,Radiant Pharmaceuticals Ltd.,"1 tablet kit: ৳ 2,507.52",
14513,Bonmax M,allopathic,bonmax-mtablet,Tablet,Calcium Carbonate + Vitamin D3 + Multimineral,,Novelta Bestway Pharma Ltd.,"Unit Price: ৳ 5.00,(30's pack: ৳ 150.00),",(30's pack: ৳ 150.00)
14407,Bonmax D,allopathic,bonmax-dtablet500-mg200-iu,Tablet,Calcium Carbonate [Elemental source] + Vitamin D3,500 mg+200 IU,Novelta Bestway Pharma Ltd.,"Unit Price: ৳ 4.00,(15's pack: ৳ 60.00),,Unit Price: ৳ 4.00,(30's pack: ৳ 120.00),","(15's pack: ৳ 60.00),(30's pack: ৳ 120.00)"
20953,Bonmax,allopathic,bonmaxtablet150-mg,Tablet,Ibandronic Acid,150 mg,Globe Pharmaceuticals Ltd.,1 tablet kit: ৳ 510.00,
25438,Bonizol,allopathic,bonizoliv-infusion5-mg100-ml,IV Infusion,Zoledronic Acid [For osteoporosis],5 mg/100 ml,Square Pharmaceuticals Ltd.,"100 ml bottle: ৳ 6,000.00",
27760,Boni M,allopathic,boni-mtablet,Tablet,Calcium Carbonate + Vitamin D3 + Multimineral,,Delta Pharma Ltd.,"Unit Price: ৳ 4.00,(15's pack: ৳ 60.00),,Unit Price: ৳ 4.00,(30's pack: ৳ 120.00),","(15's pack: ৳ 60.00),(30's pack: ৳ 120.00)"
32475,Boni LGX,allopathic,boni-lgxtablet600-mg400-iu,Tablet,Calcium Carbonate [Algae source] + Vitamin D3,600 mg+400 IU,Delta Pharma Ltd.,"Unit Price: ৳ 12.00,(30's pack: ৳ 360.00),",(30's pack: ৳ 360.00)
32635,Boni LG,allopathic,boni-lgtablet500-mg200-iu,Tablet,Calcium Carbonate [Algae source] + Vitamin D3,500 mg+200 IU,Delta Pharma Ltd.,"Unit Price: ৳ 8.00,(30's pack: ৳ 240.00),",(30's pack: ৳ 240.00)
18492,Boni Gold,allopathic,boni-goldtablet400-mg,Tablet,Calcium Orotate,400 mg,Delta Pharma Ltd.,"Unit Price: ৳ 8.00,(30's pack: ৳ 240.00),",(30's pack: ৳ 240.00)
14406,Boni D,allopathic,boni-dtablet500-mg200-iu,Tablet,Calcium Carbonate [Elemental source] + Vitamin D3,500 mg+200 IU,Delta Pharma Ltd.,"Unit Price: ৳ 4.00,(15's pack: ৳ 60.00),,Unit Price: ৳ 4.00,(30's pack: ৳ 120.00),","(15's pack: ৳ 60.00),(30's pack: ৳ 120.00)"
10849,Bongel,allopathic,bongeloral-gel0018714,Oral Gel,Cetalkonium Chloride + Choline Salicylate,0.01%+8.714%,General Pharmaceuticals Ltd.,10 gm tube: ৳ 80.24,
14969,Bonflex,allopathic,bonflextablet250-mg200-mg,Tablet,Glucosamine Sulfate + Chondroitin,250 mg+200 mg,Eskayef Pharmaceuticals Ltd.,"Unit Price: ৳ 8.00,(40's pack: ৳ 320.00),",(40's pack: ৳ 320.00)
14930,Bonfix,allopathic,bonfixtablet150-mg,Tablet,Ibandronic Acid,150 mg,Opsonin Pharma Ltd.,"1 tablet kit: ৳ 1,200.00",
8424,Acryth,allopathic,acrythpowder-for-suspension125-mg5-ml,Powder for Suspension,Erythromycin (Oral),125 mg/5 ml,Monicopharma Ltd.,100 ml bottle: ৳ 60.00,
31605,Breon,allopathic,breoninhalation-capsule25-mcg100-mcg,Inhalation Capsule,Vilanterol Trifenatate + Fluticasone Furoate,25 mcg+100 mcg,ACI Limited,"Unit Price: ৳ 22.00,(30's pack: ৳ 660.00),",(30's pack: ৳ 660.00)
31606,Breon,allopathic,breoninhalation-capsule25-mcg200-mcg,Inhalation Capsule,Vilanterol Trifenatate + Fluticasone Furoate,25 mcg+200 mcg,ACI Limited,"Unit Price: ৳ 30.00,(30's pack: ৳ 900.00),",(30's pack: ৳ 900.00)
26654,Bredox,allopathic,bredoxtablet400-mg,Tablet,Doxophylline,400 mg,Globe Pharmaceuticals Ltd.,"Unit Price: ৳ 8.00,(28's pack: ৳ 224.00),",(28's pack: ৳ 224.00)
26653,Bredox,allopathic,bredoxtablet200-mg,Tablet,Doxophylline,200 mg,Globe Pharmaceuticals Ltd.,"Unit Price: ৳ 5.00,(30's pack: ৳ 150.00),",(30's pack: ৳ 150.00)
6096,Bredicon,allopathic,bredicontablet0075-mg,Tablet,Desogestrel,0.075 mg,Renata Limited,28 tablet pack: ৳ 60.20,
24901,Breathlin SR,allopathic,breathlin-srtablet-sustained-release200-mg,Tablet (Sustained Release),Theophylline,200 mg,Beximco Pharmaceuticals Ltd.,"Unit Price: ৳ 1.60,(100's pack: ৳ 160.00),",(100's pack: ৳ 160.00)
29527,Breasy,allopathic,breasytablet5-mg,Tablet,Montelukast Sodium,5 mg,Cosmic Pharma Ltd.,"Unit Price: ৳ 7.75,(20's pack: ৳ 155.00),",(20's pack: ৳ 155.00)
22596,Breasy,allopathic,breasytablet10-mg,Tablet,Montelukast Sodium,10 mg,Cosmic Pharma Ltd.,"Unit Price: ৳ 15.00,(20's pack: ৳ 300.00),",(20's pack: ৳ 300.00)
6813,Brace,allopathic,bracecapsule500-mg,Capsule,Cephradine,500 mg,Hallmark Pharmaceuticals Ltd.,"Unit Price: ৳ 12.05,(20's pack: ৳ 241.00),,Unit Price: ৳ 12.05,(28's pack: ৳ 337.40),","(20's pack: ৳ 241.00),(28's pack: ৳ 337.40)"
6814,Brace,allopathic,bracepowder-for-suspension125-mg5-ml,Powder for Suspension,Cephradine,125 mg/5 ml,Hallmark Pharmaceuticals Ltd.,100 ml bottle: ৳ 80.00,
6812,Brace,allopathic,bracecapsule250-mg,Capsule,Cephradine,250 mg,Hallmark Pharmaceuticals Ltd.,"Unit Price: ৳ 6.53,(28's pack: ৳ 182.84),",(28's pack: ৳ 182.84)
11415,Bpxen,allopathic,bpxentablet500-mg,Tablet,Naproxen Sodium,500 mg,Bristol Pharmaceuticals Ltd.,"Unit Price: ৳ 7.50,(30's pack: ৳ 225.00),",(30's pack: ৳ 225.00)
11414,Bpxen,allopathic,bpxentablet250-mg,Tablet,Naproxen Sodium,250 mg,Bristol Pharmaceuticals Ltd.,"Unit Price: ৳ 4.00,(50's pack: ৳ 200.00),",(50's pack: ৳ 200.00)
11930,Bptrol,allopathic,bptroltablet10-mg,Tablet,Cetirizine Hydrochloride,10 mg,Bristol Pharmaceuticals Ltd.,"Unit Price: ৳ 2.00,(100's pack: ৳ 200.00),",(100's pack: ৳ 200.00)
8278,Bptetra,allopathic,bptetracapsule250-mg,Capsule,Tetracycline Hydrochloride (Oral),250 mg,Bristol Pharmaceuticals Ltd.,"Unit Price: ৳ 1.00,(100's pack: ৳ 100.00),",(100's pack: ৳ 100.00)
812,Bpnol Plus,allopathic,bpnol-plustablet5-mg50-mg,Tablet,Amlodipine Besilate + Atenolol,5 mg+50 mg,Delta Pharma Ltd.,"Unit Price: ৳ 4.00,(30's pack: ৳ 120.00),",(30's pack: ৳ 120.00)
6495,Bpmox,allopathic,bpmoxpediatric-drops125-mg125-ml,Pediatric Drops,Amoxicillin Trihydrate,125 mg/1.25 ml,Bristol Pharmaceuticals Ltd.,15 ml bottle: ৳ 28.40,
6494,Bpmox,allopathic,bpmoxpowder-for-suspension125-mg5-ml,Powder for Suspension,Amoxicillin Trihydrate,125 mg/5 ml,Bristol Pharmaceuticals Ltd.,100 ml bottle: ৳ 45.00,
14194,Bpfort-M,allopathic,bpfort-mtablet,Tablet,Multivitamin & Multimineral,,Bristol Pharmaceuticals Ltd.,"Unit Price: ৳ 1.50,(30's pack: ৳ 45.00),",(30's pack: ৳ 45.00)
13762,Bpfort,allopathic,bpfortcapsule,Capsule,Vitamin B complex,,Bristol Pharmaceuticals Ltd.,"Unit Price: ৳ 0.50,(250's pack: ৳ 125.00),",(250's pack: ৳ 125.00)
8334,Bpdox,allopathic,bpdoxcapsule100-mg,Capsule,Doxycycline Hydrochloride,100 mg,Bristol Pharmaceuticals Ltd.,"Unit Price: ৳ 1.50,(100's pack: ৳ 150.00),",(100's pack: ৳ 150.00)
1521,Bpdon,allopathic,bpdontablet10-mg,Tablet,Domperidone Maleate,10 mg,Bristol Pharmaceuticals Ltd.,"Unit Price: ৳ 1.00,(100's pack: ৳ 100.00),",(100's pack: ৳ 100.00)
6177,Bpclox,allopathic,bpcloxpowder-for-suspension125-mg5-ml,Powder for Suspension,Cloxacillin Sodium,125 mg/5 ml,Bristol Pharmaceuticals Ltd.,100 ml bottle: ৳ 44.00,
6176,Bpclox,allopathic,bpcloxcapsule500-mg,Capsule,Cloxacillin Sodium,500 mg,Bristol Pharmaceuticals Ltd.,"Unit Price: ৳ 4.00,(100's pack: ৳ 400.00),",(100's pack: ৳ 400.00)
30592,BPcare AM,allopathic,bpcare-amtablet5-mg160-mg,Tablet,Amlodipine Besilate + Valsartan,5 mg+160 mg,Innovative Pharma (Albion),Unit Price: ৳ 15.00,
25183,Bpcare,allopathic,bpcaretablet160-mg,Tablet,Valsartan,160 mg,Innovative Pharma (Albion),"Unit Price: ৳ 21.25,(50's pack: ৳ 1,062.53),","(50's pack: ৳ 1,062.53)"
25182,Bpcare,allopathic,bpcaretablet80-mg,Tablet,Valsartan,80 mg,Innovative Pharma (Albion),"Unit Price: ৳ 11.81,(50's pack: ৳ 590.30),",(50's pack: ৳ 590.30)
14514,Bpcal M,allopathic,bpcal-mtablet,Tablet,Calcium Carbonate + Vitamin D3 + Multimineral,,Bristol Pharmaceuticals Ltd.,"Unit Price: ৳ 4.00,(30's pack: ৳ 120.00),,Unit Price: ৳ 4.00,(50's pack: ৳ 200.00),","(30's pack: ৳ 120.00),(50's pack: ৳ 200.00)"
14408,Bpcal D,allopathic,bpcal-dtablet500-mg200-iu,Tablet,Calcium Carbonate [Elemental source] + Vitamin D3,500 mg+200 IU,Bristol Pharmaceuticals Ltd.,"Unit Price: ৳ 3.30,(30's pack: ৳ 99.00),,Unit Price: ৳ 3.30,(50's pack: ৳ 165.00),","(30's pack: ৳ 99.00),(50's pack: ৳ 165.00)"
14481,Bpcal D,allopathic,bpcal-dtablet500-mg200-iu,Tablet,Calcium Carbonate [Elemental source] + Vitamin D3,500 mg+200 IU,Bristol Pharmaceuticals Ltd.,"Unit Price: ৳ 3.30,(30's pack: ৳ 99.00),,Unit Price: ৳ 3.30,(50's pack: ৳ 165.00),","(30's pack: ৳ 99.00),(50's pack: ৳ 165.00)"
8541,Acos,allopathic,acospowder-for-suspension200-mg5-ml,Powder for Suspension,Azithromycin Dihydrate,200 mg/5 ml,Radiant Pharmaceuticals Ltd.,30 ml bottle: ৳ 175.53,
27267,Brite,allopathic,britecream0014005,Cream,Fluocinolone Acetonide + Hydroquinone + Tretinoin,0.01%+4%+0.05%,Medicon Pharmaceuticals Ltd.,15 gm tube: ৳ 104.54,
14747,Bristol Gold,allopathic,bristol-goldtablet,Tablet,Multivitamin & Multimineral [A-Z gold preparation],,Bristol Pharmaceuticals Ltd.,"Unit Price: ৳ 6.00,(15's pack: ৳ 90.00),,Unit Price: ৳ 6.00,(30's pack: ৳ 180.00),","(15's pack: ৳ 90.00),(30's pack: ৳ 180.00)"
33198,Brirel,allopathic,brireltablet90-mg,Tablet,Ticagrelor,90 mg,Opsonin Pharma Ltd.,"Unit Price: ৳ 75.00,(10's pack: ৳ 750.00),",(10's pack: ৳ 750.00)
16068,Brinzopt,allopathic,brinzoptophthalmic-suspension1,Ophthalmic Suspension,Brinzolamide,1%,Aristopharma Ltd.,5 ml drop: ৳ 500.00,
27703,Brinz T,allopathic,brinz-tophthalmic-suspension105,Ophthalmic Suspension,Brinzolamide + Timolol,1%+0.5%,Opso Saline Ltd.,5 ml drop: ৳ 543.44,
27702,Brinz,allopathic,brinzophthalmic-suspension1,Ophthalmic Suspension,Brinzolamide,1%,Opso Saline Ltd.,5 ml drop: ৳ 500.00,
17155,Brinop,allopathic,brinopophthalmic-suspension1,Ophthalmic Suspension,Brinzolamide,1%,ACME Laboratories Ltd.,5 ml drop: ৳ 500.00,
26488,Brindin,allopathic,brindinophthalmic-suspension102,Ophthalmic Suspension,Brinzolamide + Brimonidine Tartrate,1%+0.2%,ACME Laboratories Ltd.,5 ml drop: ৳ 550.00,
16110,Brimopres,allopathic,brimopresophthalmic-solution0205,Ophthalmic Solution,Brimonidine Tartrate + Timolol Maleate,0.2%+0.5%,Popular Pharmaceuticals Ltd.,5 ml drop: ৳ 120.00,
16109,Brimolol,allopathic,brimololophthalmic-solution0205,Ophthalmic Solution,Brimonidine Tartrate + Timolol Maleate,0.2%+0.5%,Apex Pharmaceuticals Ltd.,5 ml drop: ৳ 110.00,
16114,Brimodin Plus,allopathic,brimodin-plusophthalmic-solution0205,Ophthalmic Solution,Brimonidine Tartrate + Timolol Maleate,0.2%+0.5%,Incepta Pharmaceuticals Ltd.,5 ml drop: ৳ 110.00,
16061,Brimodin,allopathic,brimodinophthalmic-solution02,Ophthalmic Solution,Brimonidine Tartrate,0.20%,Incepta Pharmaceuticals Ltd.,5 ml drop: ৳ 80.00,
16060,Brimo,allopathic,brimoophthalmic-solution02,Ophthalmic Solution,Brimonidine Tartrate,0.20%,Popular Pharmaceuticals Ltd.,5 ml drop: ৳ 80.30,
33124,Brigacent,allopathic,brigacenttablet180-mg,Tablet,Brigatinib,180 mg,Incepta Pharmaceuticals Ltd.,"Unit Price: ৳ 2,000.00,(7's pack: ৳ 14,000.00),","(7's pack: ৳ 14,000.00)"
33125,Brigacent,allopathic,brigacenttablet90-mg,Tablet,Brigatinib,90 mg,Incepta Pharmaceuticals Ltd.,"Unit Price: ৳ 1,000.00,(7's pack: ৳ 7,000.00),","(7's pack: ৳ 7,000.00)"
32965,Bricoma OSD,allopathic,bricoma-osdophthalmic-solution02,Ophthalmic Solution,Brimonidine Tartrate,0.20%,Opsonin Pharma Ltd.,5 ml drop: ৳ 350.00,
16065,Bricoma,allopathic,bricomaophthalmic-solution02,Ophthalmic Solution,Brimonidine Tartrate,0.20%,Opsonin Pharma Ltd.,5 ml drop: ৳ 80.30,
33048,Bricet,allopathic,bricettablet25-mg,Tablet,Brivaracetam,25 mg,Renata Limited,"Unit Price: ৳ 40.00,(10's pack: ৳ 400.00),",(10's pack: ৳ 400.00)
33049,Bricet,allopathic,bricettablet50-mg,Tablet,Brivaracetam,50 mg,Renata Limited,"Unit Price: ৳ 75.00,(10's pack: ৳ 750.00),",(10's pack: ৳ 750.00)
33050,Bricet,allopathic,bricettablet75-mg,Tablet,Brivaracetam,75 mg,Renata Limited,"Unit Price: ৳ 110.00,(10's pack: ৳ 1,100.00),","(10's pack: ৳ 1,100.00)"
33051,Bricet,allopathic,bricettablet100-mg,Tablet,Brivaracetam,100 mg,Renata Limited,"Unit Price: ৳ 140.00,(10's pack: ৳ 1,400.00),","(10's pack: ৳ 1,400.00)"
26634,Brezofil SR,allopathic,brezofil-srtablet-sustained-release400-mg,Tablet (Sustained Release),Doxophylline,400 mg,Incepta Pharmaceuticals Ltd.,"Unit Price: ৳ 10.00,(30's pack: ৳ 300.00),",(30's pack: ৳ 300.00)
16445,Brezofil,allopathic,brezofiltablet200-mg,Tablet,Doxophylline,200 mg,Incepta Pharmaceuticals Ltd.,"Unit Price: ৳ 5.00,(30's pack: ৳ 150.00),",(30's pack: ৳ 150.00)
16544,Brezofil,allopathic,brezofiltablet400-mg,Tablet,Doxophylline,400 mg,Incepta Pharmaceuticals Ltd.,"Unit Price: ৳ 8.00,(30's pack: ৳ 240.00),",(30's pack: ৳ 240.00)
17464,Brezofil,allopathic,brezofilsyrup100-mg5-ml,Syrup,Doxophylline,100 mg/5 ml,Incepta Pharmaceuticals Ltd.,"100 ml bottle: ৳ 100.00,60 ml bottle: ৳ 60.00",
28399,Brexi,allopathic,brexitablet05-mg,Tablet,Brexpiprazole,0.5 mg,Eskayef Pharmaceuticals Ltd.,"Unit Price: ৳ 10.00,(30's pack: ৳ 300.00),",(30's pack: ৳ 300.00)
28400,Brexi,allopathic,brexitablet1-mg,Tablet,Brexpiprazole,1 mg,Eskayef Pharmaceuticals Ltd.,"Unit Price: ৳ 15.00,(30's pack: ৳ 450.00),",(30's pack: ৳ 450.00)
12774,Brevoxyl,allopathic,brevoxylcream4,Cream,Benzoyl Peroxide,4%,GlaxoSmithKline,40 gm tube: ৳ 372.30,
3618,Breton,allopathic,bretonsyrup1-mg5-ml,Syrup,Tulobuterol Hydrochloride,1 mg/5 ml,Drug International Ltd.,60 ml bottle: ৳ 35.00,
3617,Breton,allopathic,bretontablet2-mg,Tablet,Tulobuterol Hydrochloride,2 mg,Drug International Ltd.,"Unit Price: ৳ 2.50,(100's pack: ৳ 250.00),",(100's pack: ৳ 250.00)
8540,Acos,allopathic,acostablet500-mg,Tablet,Azithromycin Dihydrate,500 mg,Radiant Pharmaceuticals Ltd.,"Unit Price: ৳ 55.17,(6's pack: ৳ 331.00),",(6's pack: ৳ 331.00)
4079,Brohexin,allopathic,brohexinsyrup4-mg5-ml,Syrup,Bromhexine Hydrochloride,4 mg/5 ml,Millat Pharmaceuticals Ltd.,100 ml bottle: ৳ 30.00,
3989,Brofex,allopathic,brofexsyrup10-mg5-ml,Syrup,Dextromethorphan Hydrobromide,10 mg/5 ml,Square Pharmaceuticals Ltd.,100 ml bottle: ৳ 40.13,
20963,Brofen,allopathic,brofentablet400-mg,Tablet,Ibuprofen,400 mg,Aztec Pharmaceuticals Ltd.,"Unit Price: ৳ 1.40,(100's pack: ৳ 140.00),",(100's pack: ৳ 140.00)
32219,Brodil SR,allopathic,brodil-srcapsule-sustained-release8-mg,Capsule (Sustained Release),Salbutamol,8 mg,ACI Limited,"Unit Price: ৳ 2.41,(200's pack: ৳ 482.00),",(200's pack: ৳ 482.00)
21586,Brodil Levo,allopathic,brodil-levoinhaler50-mcgpuff,Inhaler,Levosalbutamol,50 mcg/puff,ACI Limited,200 metered doses: ৳ 250.00,
3555,Brodil Levo,allopathic,brodil-levotablet2-mg,Tablet,Levosalbutamol (Oral),2 mg,ACI Limited,"Unit Price: ৳ 1.91,(100's pack: ৳ 191.00),",(100's pack: ৳ 191.00)
3554,Brodil Levo,allopathic,brodil-levotablet1-mg,Tablet,Levosalbutamol (Oral),1 mg,ACI Limited,"Unit Price: ৳ 1.10,(100's pack: ৳ 110.00),",(100's pack: ৳ 110.00)
3556,Brodil Levo,allopathic,brodil-levosyrup1-mg5-ml,Syrup,Levosalbutamol (Oral),1 mg/5 ml,ACI Limited,"50 ml bottle: ৳ 30.09,100 ml bottle: ৳ 45.14",
3452,Brodil,allopathic,brodiltablet2-mg,Tablet,Salbutamol,2 mg,ACI Limited,"Unit Price: ৳ 0.26,(500's pack: ৳ 130.00),",(500's pack: ৳ 130.00)
3453,Brodil,allopathic,brodiltablet4-mg,Tablet,Salbutamol,4 mg,ACI Limited,"Unit Price: ৳ 0.46,(500's pack: ৳ 230.00),",(500's pack: ৳ 230.00)
3455,Brodil,allopathic,brodilsyrup2-mg5-ml,Syrup,Salbutamol,2 mg/5 ml,ACI Limited,"100 ml bottle: ৳ 23.00,60 ml bottle: ৳ 14.53",
3456,Brodil,allopathic,brodilinhalation-capsule200-mcg,Inhalation Capsule,Salbutamol,200 mcg,ACI Limited,"Unit Price: ৳ 2.51,(50's pack: ৳ 125.50),",(50's pack: ৳ 125.50)
3457,Brodil,allopathic,brodilinhaler100-mcgpuff,Inhaler,Salbutamol (Inhaler),100 mcg/puff,ACI Limited,200 metered doses (refill): ৳ 198.00,
3458,Brodil,allopathic,brodilinhaler100-mcgpuff,Inhaler,Salbutamol (Inhaler),100 mcg/puff,ACI Limited,200 metered doses: ৳ 240.00,
3459,Brodil,allopathic,brodilrespirator-solution5-mgml,Respirator Solution,Salbutamol,5 mg/ml,ACI Limited,20 ml pack: ৳ 120.36,
6497,Brodamox DS,allopathic,brodamox-dscapsule500-mg,Capsule,Amoxicillin Trihydrate,500 mg,Cosmic Pharma Ltd.,"Unit Price: ৳ 6.75,(50's pack: ৳ 337.50),",(50's pack: ৳ 337.50)
6676,Brodactam,allopathic,brodactamiv-infusion4-gm05-gmvial,IV Infusion,Piperacillin + Tazobactam,(4 gm+0.5 gm)/vial,Synovia pharma plc,"4.5 gm vial: ৳ 1,003.00",
4038,Broculyt,allopathic,broculytsyrup15-mg5-ml,Syrup,Ambroxol Hydrochloride,15 mg/5 ml,NIPRO JMI Pharma Ltd.,100 ml bottle: ৳ 40.12,
32931,Brocef Plus,allopathic,brocef-plustablet250-mg625-mg,Tablet,Cefuroxime Axetil + Clavulanic Acid,250 mg+62.5 mg,Gaco Pharmaceuticals Ltd.,"Unit Price: ৳ 28.00,(16's pack: ৳ 448.00),",(16's pack: ৳ 448.00)
32932,Brocef Plus,allopathic,brocef-plustablet500-mg125-mg,Tablet,Cefuroxime Axetil + Clavulanic Acid,500 mg+125 mg,Gaco Pharmaceuticals Ltd.,"Unit Price: ৳ 48.00,(8's pack: ৳ 384.00),",(8's pack: ৳ 384.00)
25792,Brocef,allopathic,broceftablet500-mg,Tablet,Cefuroxime Axetil,500 mg,Gaco Pharmaceuticals Ltd.,"Unit Price: ৳ 43.00,(7's pack: ৳ 301.00),",(7's pack: ৳ 301.00)
25791,Brocef,allopathic,broceftablet250-mg,Tablet,Cefuroxime Axetil,250 mg,Gaco Pharmaceuticals Ltd.,"Unit Price: ৳ 24.00,(14's pack: ৳ 336.00),",(14's pack: ৳ 336.00)
22595,Brocast,allopathic,brocasttablet10-mg,Tablet,Montelukast Sodium,10 mg,Concord Pharmaceuticals Ltd.,"Unit Price: ৳ 15.05,(20's pack: ৳ 301.00),",(20's pack: ৳ 301.00)
31816,Brocast,allopathic,brocastchewable-tablet5-mg,Chewable Tablet,Montelukast Sodium,5 mg,Concord Pharmaceuticals Ltd.,"Unit Price: ৳ 8.00,(30's pack: ৳ 240.00),",(30's pack: ৳ 240.00)
3551,Brizy,allopathic,brizytablet1-mg,Tablet,Levosalbutamol (Oral),1 mg,Eskayef Pharmaceuticals Ltd.,"Unit Price: ৳ 1.00,(50's pack: ৳ 50.00),",(50's pack: ৳ 50.00)
3552,Brizy,allopathic,brizytablet2-mg,Tablet,Levosalbutamol (Oral),2 mg,Eskayef Pharmaceuticals Ltd.,"Unit Price: ৳ 2.00,(50's pack: ৳ 100.00),",(50's pack: ৳ 100.00)
3553,Brizy,allopathic,brizysyrup1-mg5-ml,Syrup,Levosalbutamol (Oral),1 mg/5 ml,Eskayef Pharmaceuticals Ltd.,"60 ml bottle: ৳ 32.00,100 ml bottle: ৳ 45.00",
28423,Briva,allopathic,brivaoral-solution10-mgml,Oral Solution,Brivaracetam,10 mg/ml,ACME Laboratories Ltd.,50 ml bottle: ৳ 800.00,
28422,Briva,allopathic,brivatablet50-mg,Tablet,Brivaracetam,50 mg,ACME Laboratories Ltd.,"Unit Price: ৳ 75.00,(10's pack: ৳ 750.00),",(10's pack: ৳ 750.00)
28421,Briva,allopathic,brivatablet25-mg,Tablet,Brivaracetam,25 mg,ACME Laboratories Ltd.,"Unit Price: ৳ 40.00,(10's pack: ৳ 400.00),",(10's pack: ৳ 400.00)
532,Acorex,allopathic,acorexsyrup15-mg5-ml,Syrup,Ambroxol Hydrochloride,15 mg/5 ml,Apex Pharmaceuticals Ltd.,100 ml bottle: ৳ 40.00,
3463,Bronil-S,allopathic,bronil-ssyrup2-mg5-ml,Syrup,Salbutamol,2 mg/5 ml,Seema Pharmaceuticals Ltd.,100 ml bottle: ৳ 23.00,
3462,Brondyl,allopathic,brondylsyrup2-mg5-ml,Syrup,Salbutamol,2 mg/5 ml,Millat Pharmaceuticals Ltd.,100 ml bottle: ৳ 22.80,
3461,Broncotrol,allopathic,broncotrolsyrup2-mg5-ml,Syrup,Salbutamol,2 mg/5 ml,Pacific Pharmaceuticals Ltd.,100 ml bottle: ৳ 22.93,
28509,Broncotrol,allopathic,broncotroltablet4-mg,Tablet,Salbutamol,4 mg,Pacific Pharmaceuticals Ltd.,"Unit Price: ৳ 0.45,(200's pack: ৳ 90.00),",(200's pack: ৳ 90.00)
4090,Broncomet,allopathic,broncometsyrup4-mg5-ml,Syrup,Bromhexine Hydrochloride,4 mg/5 ml,Drug International Ltd.,100 ml bottle: ৳ 30.00,
4039,Bronchosil,allopathic,bronchosilsyrup15-mg5-ml,Syrup,Ambroxol Hydrochloride,15 mg/5 ml,Apollo Pharmaceutical Ltd.,100 ml bottle: ৳ 38.00,
4089,Bronchodex,allopathic,bronchodexsyrup4-mg5-ml,Syrup,Bromhexine Hydrochloride,4 mg/5 ml,Organic Health Care Ltd.,100 ml bottle: ৳ 40.13,
4088,Bromoxol DS,allopathic,bromoxol-dssyrup8-mg5-ml,Syrup,Bromhexine Hydrochloride,8 mg/5 ml,Healthcare Pharmaceuticals Ltd.,100 ml bottle: ৳ 65.00,
4087,Bromoxol,allopathic,bromoxolsyrup4-mg5-ml,Syrup,Bromhexine Hydrochloride,4 mg/5 ml,Healthcare Pharmaceuticals Ltd.,100 ml bottle: ৳ 45.00,
5112,Bromotine,allopathic,bromotinetablet25-mg,Tablet,Bromocriptine Mesylate,2.5 mg,Nuvista Pharma Ltd.,"Unit Price: ৳ 11.03,(30's pack: ৳ 330.90),",(30's pack: ৳ 330.90)
4086,Bromotex,allopathic,bromotexsyrup4-mg5-ml,Syrup,Bromhexine Hydrochloride,4 mg/5 ml,Ibn Sina Pharmaceuticals Ltd.,100 ml bottle: ৳ 40.00,
4085,Bromolit,allopathic,bromolitsyrup4-mg5-ml,Syrup,Bromhexine Hydrochloride,4 mg/5 ml,Peoples Pharma Ltd.,100 ml bottle: ৳ 25.00,
5111,Bromolac,allopathic,bromolactablet25-mg,Tablet,Bromocriptine Mesylate,2.5 mg,Square Pharmaceuticals Ltd.,"Unit Price: ৳ 12.03,(30's pack: ৳ 360.90),",(30's pack: ৳ 360.90)
15930,Bromofen,allopathic,bromofenophthalmic-solution009,Ophthalmic Solution,Bromfenac Sodium,0.09%,Ibn Sina Pharmaceuticals Ltd.,5 ml drop: ৳ 100.00,
5110,Bromodel,allopathic,bromodeltablet25-mg,Tablet,Bromocriptine Mesylate,2.5 mg,Opsonin Pharma Ltd.,"Unit Price: ৳ 12.00,(30's pack: ৳ 360.00),",(30's pack: ৳ 360.00)
5109,Bromocriptine,allopathic,bromocriptinetablet25-mg,Tablet,Bromocriptine Mesylate,2.5 mg,City Overseas Ltd.,"Unit Price: ৳ 21.20,(30's pack: ৳ 636.00),",(30's pack: ৳ 636.00)
18355,Bromnac,allopathic,bromnacophthalmic-solution009,Ophthalmic Solution,Bromfenac Sodium,0.09%,Opsonin Pharma Ltd.,5 ml drop: ৳ 100.38,
30675,Bromex,allopathic,bromextablet8-mg,Tablet,Bromhexine Hydrochloride,8 mg,Somatec Pharmaceuticals Ltd.,"Unit Price: ৳ 2.00,(100's pack: ৳ 200.00),",(100's pack: ৳ 200.00)
30676,Bromex,allopathic,bromexsyrup4-mg5-ml,Syrup,Bromhexine Hydrochloride,4 mg/5 ml,Somatec Pharmaceuticals Ltd.,100 ml bottle: ৳ 27.10,
5108,Bromergon,allopathic,bromergontablet25-mg,Tablet,Bromocriptine Mesylate,2.5 mg,SANDOZ (A Novartis Division),"Unit Price: ৳ 14.04,(30's pack: ৳ 421.20),",(30's pack: ৳ 421.20)
4247,Bromazep,allopathic,bromazeptablet3-mg,Tablet,Bromazepam,3 mg,Orion Pharma Ltd.,"Unit Price: ৳ 4.01,(50's pack: ৳ 200.50),",(50's pack: ৳ 200.50)
27842,Brolyt,allopathic,brolyttablet4-mg,Tablet,Bromhexine Hydrochloride,4 mg,Alco Pharma Ltd.,"Unit Price: ৳ 0.80,(50's pack: ৳ 40.12),",(50's pack: ৳ 40.12)
4081,Brolyt,allopathic,brolyttablet8-mg,Tablet,Bromhexine Hydrochloride,8 mg,Alco Pharma Ltd.,"Unit Price: ৳ 1.00,(50's pack: ৳ 50.00),",(50's pack: ৳ 50.00)
4082,Brolyt,allopathic,brolytsyrup4-mg5-ml,Syrup,Bromhexine Hydrochloride,4 mg/5 ml,Alco Pharma Ltd.,100 ml bottle: ৳ 40.12,
18363,Brokof,allopathic,brokofsyrup4-mg5-ml,Syrup,Bromhexine Hydrochloride,4 mg/5 ml,Concord Pharmaceuticals Ltd.,100 ml bottle: ৳ 40.00,
28941,Broklin,allopathic,broklincapsule50-mg,Capsule,Pregabalin,50 mg,One Pharma Ltd.,"Unit Price: ৳ 13.00,(30's pack: ৳ 390.00),",(30's pack: ৳ 390.00)
28942,Broklin,allopathic,broklincapsule75-mg,Capsule,Pregabalin,75 mg,One Pharma Ltd.,"Unit Price: ৳ 18.00,(20's pack: ৳ 360.00),",(20's pack: ৳ 360.00)
3716,Broket,allopathic,brokettablet1-mg,Tablet,Ketotifen Fumarate (Oral),1 mg,Orion Pharma Ltd.,"Unit Price: ৳ 2.50,(100's pack: ৳ 250.00),",(100's pack: ৳ 250.00)
3717,Broket,allopathic,broketsyrup1-mg5-ml,Syrup,Ketotifen Fumarate (Oral),1 mg/5 ml,Orion Pharma Ltd.,100 ml bottle: ৳ 45.00,
4078,Brohexin,allopathic,brohexintablet8-mg,Tablet,Bromhexine Hydrochloride,8 mg,Millat Pharmaceuticals Ltd.,"Unit Price: ৳ 2.00,(100's pack: ৳ 200.00),",(100's pack: ৳ 200.00)
16718,Acora,allopathic,acoratablet90-mg,Tablet,Ticagrelor,90 mg,ACI Limited,"Unit Price: ৳ 75.00,(10's pack: ৳ 750.00),",(10's pack: ৳ 750.00)
31192,Budetrol,allopathic,budetrolinhalation-capsule400-mcg12-mcg,Inhalation Capsule,Budesonide + Formoterol Fumarate,400 mcg+12 mcg,Drug International Ltd.,"Unit Price: ৳ 14.00,(30's pack: ৳ 420.00),",(30's pack: ৳ 420.00)
31193,Budetrol,allopathic,budetrolinhalation-capsule200-mcg6-mcg,Inhalation Capsule,Budesonide + Formoterol Fumarate,200 mcg+6 mcg,Drug International Ltd.,"Unit Price: ৳ 9.00,(30's pack: ৳ 270.00),",(30's pack: ৳ 270.00)
29426,Budetide,allopathic,budetidenebuliser-suspension1-mg2-ml,Nebuliser Suspension,Budesonide (Nebuliser Suspension),1 mg/2 ml,UniMed UniHealth,"2 ml ampoule: ৳ 70.00,(5's pack: ৳ 350.00),",(5's pack: ৳ 350.00)
29425,Budetide,allopathic,budetidenebuliser-suspension05-mg2-ml,Nebuliser Suspension,Budesonide (Nebuliser Suspension),0.5 mg/2 ml,UniMed UniHealth,"2 ml ampoule: ৳ 40.00,(5's pack: ৳ 200.00),",(5's pack: ৳ 200.00)
32220,Budenide,allopathic,budenidenasal-spray100-mcgspray,Nasal Spray,Budesonide (Nasal Spray),100 mcg/spray,ACI Limited,120 metered sprays: ৳ 250.75,
3912,Budemet,allopathic,budemetinhalation-capsule200-mcg6-mcg,Inhalation Capsule,Budesonide + Formoterol Fumarate,200 mcg+6 mcg,Incepta Pharmaceuticals Ltd.,"Unit Price: ৳ 9.00,(30's pack: ৳ 270.00),",(30's pack: ৳ 270.00)
3913,Budemet,allopathic,budemetinhalation-capsule400-mcg12-mcg,Inhalation Capsule,Budesonide + Formoterol Fumarate,400 mcg+12 mcg,Incepta Pharmaceuticals Ltd.,"Unit Price: ৳ 14.00,(30's pack: ৳ 420.00),",(30's pack: ৳ 420.00)
3911,Budemet,allopathic,budemetinhalation-capsule100-mcg6-mcg,Inhalation Capsule,Budesonide + Formoterol Fumarate,100 mcg+6 mcg,Incepta Pharmaceuticals Ltd.,"Unit Price: ৳ 7.00,(30's pack: ৳ 210.00),",(30's pack: ৳ 210.00)
28221,Budefort,allopathic,budefortinhalation-capsule100-mcg6-mcg,Inhalation Capsule,Budesonide + Formoterol Fumarate,100 mcg+6 mcg,ACME Laboratories Ltd.,"Unit Price: ৳ 7.00,(30's pack: ৳ 210.00),",(30's pack: ৳ 210.00)
26489,Budefort,allopathic,budefortinhalation-capsule400-mcg12-mcg,Inhalation Capsule,Budesonide + Formoterol Fumarate,400 mcg+12 mcg,ACME Laboratories Ltd.,"Unit Price: ৳ 14.00,(30's pack: ৳ 420.00),",(30's pack: ৳ 420.00)
26490,Budefort,allopathic,budefortinhalation-capsule200-mcg6-mcg,Inhalation Capsule,Budesonide + Formoterol Fumarate,200 mcg+6 mcg,ACME Laboratories Ltd.,"Unit Price: ৳ 9.00,(30's pack: ৳ 270.00),",(30's pack: ৳ 270.00)
3969,Bucod SR,allopathic,bucod-srtablet-sustained-release50-mg,Tablet (Sustained Release),Butamirate Citrate,50 mg,Sharif Pharmaceuticals Ltd.,"Unit Price: ৳ 8.03,(30's pack: ৳ 240.90),",(30's pack: ৳ 240.90)
30684,Bucod,allopathic,bucodsyrup75-mg5-ml,Syrup,Butamirate Citrate,7.5 mg/5 ml,Sharif Pharmaceuticals Ltd.,100 ml bottle: ৳ 80.00,
27490,Btiron TR,allopathic,btiron-trcapsule-timed-release150-mg05-mg618-mg,Capsule (Timed Release),Ferrous Sulfate + Folic Acid + Zinc Sulfate,150 mg+0.5 mg+61.8 mg,Benham Pharmaceuticals Ltd.,"Unit Price: ৳ 2.90,(50's pack: ৳ 145.00),",(50's pack: ৳ 145.00)
16223,BSS GV,allopathic,bss-gvirrigation-solution,Irrigation Solution,Balanced Salt Solution,,General Pharmaceuticals Ltd.,500 ml bottle: ৳ 250.00,
15931,BSH,allopathic,bshophthalmic-solution009,Ophthalmic Solution,Bromfenac Sodium,0.09%,Opso Saline Ltd.,5 ml drop: ৳ 100.00,
28241,BS,allopathic,bsointment63,Ointment,Benzoic Acid + Salicylic Acid,6%+3%,ACME Laboratories Ltd.,1 kg pack: ৳ 667.00,
4250,Brozep,allopathic,brozeptablet3-mg,Tablet,Bromazepam,3 mg,Alco Pharma Ltd.,"Unit Price: ৳ 5.00,(100's pack: ৳ 500.00),",(100's pack: ৳ 500.00)
4249,Broze,allopathic,brozetablet3-mg,Tablet,Bromazepam,3 mg,Biopharma Laboratories Ltd.,"Unit Price: ৳ 5.00,(50's pack: ৳ 250.00),",(50's pack: ৳ 250.00)
28510,Broxolit,allopathic,broxolitpediatric-drops6-mgml,Pediatric Drops,Ambroxol Hydrochloride,6 mg/ml,Pacific Pharmaceuticals Ltd.,15 ml bottle: ৳ 25.00,
28511,Broxolit,allopathic,broxolitsyrup15-mg5-ml,Syrup,Ambroxol Hydrochloride,15 mg/5 ml,Pacific Pharmaceuticals Ltd.,100 ml bottle: ৳ 43.00,
4042,Broxolin,allopathic,broxolinsyrup15-mg5-ml,Syrup,Ambroxol Hydrochloride,15 mg/5 ml,Jayson Pharmaceuticals Ltd.,100 ml bottle: ৳ 40.12,
4093,Broxine,allopathic,broxinesyrup4-mg5-ml,Syrup,Bromhexine Hydrochloride,4 mg/5 ml,General Pharmaceuticals Ltd.,100 ml bottle: ৳ 30.12,
4041,Broxidil,allopathic,broxidilsyrup15-mg5-ml,Syrup,Ambroxol Hydrochloride,15 mg/5 ml,Ziska Pharmaceuticals Ltd.,100 ml bottle: ৳ 40.00,
25520,Brox,allopathic,broxpediatric-drops6-mgml,Pediatric Drops,Ambroxol Hydrochloride,6 mg/ml,Navana Pharmaceuticals Ltd.,15 ml bottle: ৳ 30.00,
4040,Brox,allopathic,broxsyrup15-mg5-ml,Syrup,Ambroxol Hydrochloride,15 mg/5 ml,Navana Pharmaceuticals Ltd.,100 ml bottle: ৳ 40.00,
4091,Brostin DS,allopathic,brostin-dstablet8-mg,Tablet,Bromhexine Hydrochloride,8 mg,Rephco Pharmaceuticals Ltd.,"Unit Price: ৳ 2.00,(100's pack: ৳ 200.00),",(100's pack: ৳ 200.00)
4092,Brostin,allopathic,brostinsyrup4-mg5-ml,Syrup,Bromhexine Hydrochloride,4 mg/5 ml,Rephco Pharmaceuticals Ltd.,100 ml bottle: ৳ 40.00,
3464,Bronkolax,allopathic,bronkolaxsyrup2-mg5-ml,Syrup,Salbutamol,2 mg/5 ml,Beximco Pharmaceuticals Ltd.,100 ml bottle: ৳ 23.00,
4248,Bronium,allopathic,broniumtablet3-mg,Tablet,Bromazepam,3 mg,Doctor’s Chemical Works Ltd.,"Unit Price: ৳ 1.50,(50's pack: ৳ 75.00),",(50's pack: ৳ 75.00)
30844,Acnesone,allopathic,acnesonegel75,Gel,Dapsone,7.50%,Incepta Pharmaceuticals Ltd.,15 gm tube: ৳ 150.00,
32581,Buratuss,allopathic,buratusspediatric-drops5-mgml,Pediatric Drops,Butamirate Citrate,5 mg/ml,Beximco Pharmaceuticals Ltd.,15 ml bottle: ৳ 50.00,
32580,Buratuss,allopathic,buratusssyrup75-mg5-ml,Syrup,Butamirate Citrate,7.5 mg/5 ml,Beximco Pharmaceuticals Ltd.,100 ml bottle: ৳ 80.00,
30686,Burat CR,allopathic,burat-crtablet-sustained-release50-mg,Tablet (Sustained Release),Butamirate Citrate,50 mg,Renata Limited,"Unit Price: ৳ 10.00,(30's pack: ৳ 300.00),",(30's pack: ৳ 300.00)
16226,Buprocaine,allopathic,buprocaineophthalmic-solution04,Ophthalmic Solution,Oxybuprocaine Hydrochloride,0.40%,General Pharmaceuticals Ltd.,10 ml drop: ৳ 100.30,
15526,Bupicain Heavy,allopathic,bupicain-heavyintraspinal-injection058,Intraspinal Injection,Bupivacaine Hydrochloride + Dextrose,0.5%+8%,Chemist Laboratories  Ltd.,"4 ml ampoule: ৳ 28.00,(10's pack: ৳ 280.00),",(10's pack: ৳ 280.00)
15527,Bupi Heavy,allopathic,bupi-heavyintraspinal-injection058,Intraspinal Injection,Bupivacaine Hydrochloride + Dextrose,0.5%+8%,Popular Pharmaceuticals Ltd.,"4 ml ampoule: ৳ 30.11,(5's pack: ৳ 150.56),",(5's pack: ৳ 150.56)
15517,Bupi,allopathic,bupiinjection05,Injection,Bupivacaine Hydrochloride,0.50%,Popular Pharmaceuticals Ltd.,30 ml vial: ৳ 60.23,
28675,Bupce,allopathic,bupcesyrup75-mg5-ml,Syrup,Butamirate Citrate,7.5 mg/5 ml,Labaid Pharma Ltd.,100 ml bottle: ৳ 80.00,
2830,Bumecard,allopathic,bumecardtablet1-mg,Tablet,Bumetanide,1 mg,Incepta Pharmaceuticals Ltd.,"Unit Price: ৳ 5.00,(30's pack: ৳ 150.00),",(30's pack: ৳ 150.00)
2831,Bumecard,allopathic,bumecardtablet5-mg,Tablet,Bumetanide,5 mg,Incepta Pharmaceuticals Ltd.,"Unit Price: ৳ 18.00,(30's pack: ৳ 540.00),",(30's pack: ৳ 540.00)
2832,Bumecard,allopathic,bumecardimiv-injection2-mg4-ml,IM/IV Injection,Bumetanide,2 mg/4 ml,Incepta Pharmaceuticals Ltd.,"2 mg ampoule: ৳ 30.00,(5's pack: ৳ 150.00),",(5's pack: ৳ 150.00)
31915,Bulex,allopathic,bulexsyrup75-mg5-ml,Syrup,Butamirate Citrate,7.5 mg/5 ml,Everest Pharmaceuticals Ltd.,100 ml bottle: ৳ 80.00,
3970,Bukof,allopathic,bukoftablet-sustained-release50-mg,Tablet (Sustained Release),Butamirate Citrate,50 mg,Beacon Pharmaceuticals Ltd.,"Unit Price: ৳ 10.03,(30's pack: ৳ 300.90),",(30's pack: ৳ 300.90)
3978,Bukof,allopathic,bukofsyrup75-mg5-ml,Syrup,Butamirate Citrate,7.5 mg/5 ml,Beacon Pharmaceuticals Ltd.,100 ml bottle: ৳ 80.24,
3917,Bufocort,allopathic,bufocortinhalation-capsule200-mcg6-mcg,Inhalation Capsule,Budesonide + Formoterol Fumarate,200 mcg+6 mcg,Square Pharmaceuticals Ltd.,"Unit Price: ৳ 9.03,(30's pack: ৳ 270.90),",(30's pack: ৳ 270.90)
3918,Bufocort,allopathic,bufocortinhalation-capsule400-mcg12-mcg,Inhalation Capsule,Budesonide + Formoterol Fumarate,400 mcg+12 mcg,Square Pharmaceuticals Ltd.,"Unit Price: ৳ 14.05,(30's pack: ৳ 421.50),",(30's pack: ৳ 421.50)
32806,Buflex,allopathic,buflextablet750-mg,Tablet,Nabumetone,750 mg,Beximco Pharmaceuticals Ltd.,"Unit Price: ৳ 22.00,(20's pack: ৳ 440.00),",(20's pack: ৳ 440.00)
32807,Buflex,allopathic,buflextablet500-mg,Tablet,Nabumetone,500 mg,Beximco Pharmaceuticals Ltd.,"Unit Price: ৳ 15.00,(30's pack: ৳ 450.00),",(30's pack: ৳ 450.00)
11267,Bufen-SR,allopathic,bufen-srcapsule-sustained-release300-mg,Capsule (Sustained Release),Ibuprofen,300 mg,Drug International Ltd.,"Unit Price: ৳ 4.10,(30's pack: ৳ 123.00),",(30's pack: ৳ 123.00)
3914,Budison F,allopathic,budison-finhaler80-mcg45-mcgpuff,Inhaler,Budesonide + Formoterol Fumarate,(80 mcg+4.5 mcg)/puff,Aristopharma Ltd.,60 metered doses: ৳ 400.00,
3915,Budison F,allopathic,budison-finhaler160-mcg45-mcgpuff,Inhaler,Budesonide + Formoterol Fumarate,(160 mcg+4.5 mcg)/puff,Aristopharma Ltd.,60 metered doses: ৳ 500.00,
33004,Budison F,allopathic,budison-finhalation-capsule400-mcg12-mcg,Inhalation Capsule,Budesonide + Formoterol Fumarate,400 mcg+12 mcg,Aristopharma Ltd.,"Unit Price: ৳ 14.00,(30's pack: ৳ 420.00),",(30's pack: ৳ 420.00)
33003,Budison F,allopathic,budison-finhalation-capsule200-mcg6-mcg,Inhalation Capsule,Budesonide + Formoterol Fumarate,200 mcg+6 mcg,Aristopharma Ltd.,"Unit Price: ৳ 11.00,(30's pack: ৳ 330.00),",(30's pack: ৳ 330.00)
33002,Budison F,allopathic,budison-finhalation-capsule100-mcg6-mcg,Inhalation Capsule,Budesonide + Formoterol Fumarate,100 mcg+6 mcg,Aristopharma Ltd.,"Unit Price: ৳ 9.00,(30's pack: ৳ 270.00),",(30's pack: ৳ 270.00)
32407,Budison,allopathic,budisonnebuliser-suspension05-mg2-ml,Nebuliser Suspension,Budesonide (Nebuliser Suspension),0.5 mg/2 ml,Aristopharma Ltd.,"2 ml ampoule: ৳ 40.00,(5's pack: ৳ 200.00),",(5's pack: ৳ 200.00)
26192,Budicort ER,allopathic,budicort-ertablet-extended-release9-mg,Tablet (Extended Release),Budesonide (Tablet),9 mg,Incepta Pharmaceuticals Ltd.,"Unit Price: ৳ 30.00,(30's pack: ৳ 900.00),",(30's pack: ৳ 900.00)
16307,Budicort,allopathic,budicortnasal-spray100-mcgspray,Nasal Spray,Budesonide (Nasal Spray),100 mcg/spray,Incepta Pharmaceuticals Ltd.,120 metered sprays: ৳ 250.00,
3877,Budicort,allopathic,budicortnebuliser-suspension05-mg2-ml,Nebuliser Suspension,Budesonide (Nebuliser Suspension),0.5 mg/2 ml,Incepta Pharmaceuticals Ltd.,"2 ml ampoule: ৳ 40.00,(5's pack: ৳ 200.00),,2 ml ampoule: ৳ 40.00,(10's pack: ৳ 400.00),","(5's pack: ৳ 200.00),(10's pack: ৳ 400.00)"
31722,Budicort,allopathic,budicortnebuliser-suspension025-mg2-ml,Nebuliser Suspension,Budesonide (Nebuliser Suspension),0.25 mg/2 ml,Incepta Pharmaceuticals Ltd.,"2 ml ampoule: ৳ 25.00,(5's pack: ৳ 125.00),",(5's pack: ৳ 125.00)
176,Acnegel,allopathic,acnegelgel0125,Gel,Adapalene + Benzoyl peroxide,0.1%+2.5%,ACME Laboratories Ltd.,10 gm tube: ৳ 160.48,
12778,Acne-Aid,allopathic,acne-aidliquid-cleanser-soap2,Liquid Cleanser Soap,Sulphonated Surfactant,2%,GlaxoSmithKline,150 ml bottle: ৳ 649.00,
32221,Buterol,allopathic,buteroloral-solution5-mg5-ml,Oral Solution,Bambuterol Hydrochloride,5 mg/5 ml,ACI Limited,100 ml bottle: ৳ 35.13,
32222,Buterol,allopathic,buteroltablet10-mg,Tablet,Bambuterol Hydrochloride,10 mg,ACI Limited,"Unit Price: ৳ 1.51,(100's pack: ৳ 151.00),",(100's pack: ৳ 151.00)
1354,Butason,allopathic,butasontablet10-mg,Tablet,Hyoscine Butylbromide,10 mg,Hudson Pharmaceuticals Ltd.,"Unit Price: ৳ 1.75,(100's pack: ৳ 175.00),",(100's pack: ৳ 175.00)
30689,Butefin,allopathic,butefincream1,Cream,Butenafine Hydrochloride,1%,Square Pharmaceuticals Ltd.,10 gm tube: ৳ 40.13,
18426,Butasiv,allopathic,butasivtablet-sustained-release50-mg,Tablet (Sustained Release),Butamirate Citrate,50 mg,Jenphar Bangladesh Ltd.,"Unit Price: ৳ 10.00,(30's pack: ৳ 300.00),",(30's pack: ৳ 300.00)
18425,Butasiv,allopathic,butasivsyrup75-mg5-ml,Syrup,Butamirate Citrate,7.5 mg/5 ml,Jenphar Bangladesh Ltd.,100 ml bottle: ৳ 80.00,
27975,Butasiv,allopathic,butasivpediatric-drops5-mgml,Pediatric Drops,Butamirate Citrate,5 mg/ml,Jenphar Bangladesh Ltd.,15 ml bottle: ৳ 50.00,
18427,Butaret SR,allopathic,butaret-srtablet-sustained-release50-mg,Tablet (Sustained Release),Butamirate Citrate,50 mg,Opsonin Pharma Ltd.,"Unit Price: ৳ 10.00,(30's pack: ৳ 300.00),",(30's pack: ৳ 300.00)
3982,Butaret,allopathic,butaretsyrup75-mg5-ml,Syrup,Butamirate Citrate,7.5 mg/5 ml,Opsonin Pharma Ltd.,100 ml bottle: ৳ 80.24,
3983,Butaret,allopathic,butaretpediatric-drops5-mgml,Pediatric Drops,Butamirate Citrate,5 mg/ml,Opsonin Pharma Ltd.,15 ml bottle: ৳ 50.15,
1351,Butapan,allopathic,butapantablet10-mg,Tablet,Hyoscine Butylbromide,10 mg,Synovia pharma plc,"Unit Price: ৳ 6.90,(200's pack: ৳ 1,380.00),","(200's pack: ৳ 1,380.00)"
20936,Butapan,allopathic,butapaninjection20-mgml,Injection,Hyoscine Butylbromide,20 mg/ml,Synovia pharma plc,"1 ml ampoule: ৳ 7.91,(10's pack: ৳ 79.10),",(10's pack: ৳ 79.10)
1352,Butapan,allopathic,butapantablet20-mg,Tablet,Hyoscine Butylbromide,20 mg,Synovia pharma plc,"Unit Price: ৳ 13.64,(100's pack: ৳ 1,364.00),","(100's pack: ৳ 1,364.00)"
20903,Butalpen,allopathic,butalpentablet10-mg,Tablet,Hyoscine Butylbromide,10 mg,Desh Pharmaceuticals Ltd.,"Unit Price: ৳ 3.00,(100's pack: ৳ 300.00),",(100's pack: ৳ 300.00)
21659,Butalin,allopathic,butalinsyrup2-mg5-ml,Syrup,Salbutamol,2 mg/5 ml,United Pharmaceuticals Ltd.,100 ml bottle: ৳ 22.00,
18420,Butakof,allopathic,butakofsyrup75-mg5-ml,Syrup,Butamirate Citrate,7.5 mg/5 ml,General Pharmaceuticals Ltd.,100 ml bottle: ৳ 80.00,
18416,Butakof,allopathic,butakoftablet-sustained-release50-mg,Tablet (Sustained Release),Butamirate Citrate,50 mg,Benham Pharmaceuticals Ltd.,"Unit Price: ৳ 10.00,(30's pack: ৳ 300.00),",(30's pack: ৳ 300.00)
3981,Butacod SR,allopathic,butacod-srtablet-sustained-release50-mg,Tablet (Sustained Release),Butamirate Citrate,50 mg,Pharmasia Limited,"Unit Price: ৳ 10.00,(30's pack: ৳ 300.00),",(30's pack: ৳ 300.00)
3980,Butacod,allopathic,butacodsyrup75-mg5-ml,Syrup,Butamirate Citrate,7.5 mg/5 ml,Pharmasia Limited,100 ml bottle: ৳ 80.00,
28240,Butacit,allopathic,butacitpediatric-drops5-mgml,Pediatric Drops,Butamirate Citrate,5 mg/ml,ACME Laboratories Ltd.,15 ml bottle: ৳ 50.00,
26491,Butacit,allopathic,butacitsyrup75-mg5-ml,Syrup,Butamirate Citrate,7.5 mg/5 ml,ACME Laboratories Ltd.,100 ml bottle: ৳ 80.00,
1349,Butabrom,allopathic,butabromtablet10-mg,Tablet,Hyoscine Butylbromide,10 mg,Indo Bangla Pharmaceutical,"Unit Price: ৳ 2.20,(100's pack: ৳ 220.00),",(100's pack: ৳ 220.00)
21593,Buta,allopathic,butasyrup2-mg5-ml,Syrup,Salbutamol,2 mg/5 ml,Alkad Laboratories,"60 ml bottle: ৳ 13.30,100 ml bottle: ৳ 22.50",
12363,Burnsil,allopathic,burnsilcream1,Cream,Silver Sulfadiazine,1%,Beximco Pharmaceuticals Ltd.,25 gm tube: ৳ 45.00,
24483,Burnrid,allopathic,burnridcream1,Cream,Silver Sulfadiazine,1%,Globe Pharmaceuticals Ltd.,25 gm tube: ৳ 40.00,
12362,Burnless,allopathic,burnlesscream1,Cream,Silver Sulfadiazine,1%,Sharif Pharmaceuticals Ltd.,25 gm tube: ৳ 35.11,
24479,Burndel,allopathic,burndelcream1,Cream,Silver Sulfadiazine,1%,Amulet Pharmaceuticals Ltd.,25 gm tube: ৳ 40.00,
24486,Burnaid,allopathic,burnaidcream1,Cream,Silver Sulfadiazine,1%,Kumudini Pharma Ltd.,25 gm tube: ৳ 40.00,
12361,Burna,allopathic,burnacream1,Cream,Silver Sulfadiazine,1%,Square Pharmaceuticals Ltd.,25 gm tube: ৳ 60.00,
32579,Buratuss,allopathic,buratusstablet-sustained-release50-mg,Tablet (Sustained Release),Butamirate Citrate,50 mg,Beximco Pharmaceuticals Ltd.,"Unit Price: ৳ 10.00,(30's pack: ৳ 300.00),",(30's pack: ৳ 300.00)
27541,Caber,allopathic,cabertablet05-mg,Tablet,Cabergoline,0.5 mg,ACI Limited,"Unit Price: ৳ 80.00,(6's pack: ৳ 480.00),",(6's pack: ৳ 480.00)
12777,Acne-Aid,allopathic,acne-aidmedicated-bar63,Medicated Bar,Sulphonated Surfactant,6.30%,GlaxoSmithKline,100 gm bar: ৳ 315.00,
33108,Cabazol,allopathic,cabazolcream1,Cream,Clotrimazole (Topical),1%,Drug International Ltd.,Price Unavailable,
32812,Cabanib,allopathic,cabanibcapsule80-mg,Capsule,Cabozantinib,80 mg,Drug International Ltd.,Unit Price: ৳ 450.00,
32811,Cabanib,allopathic,cabanibcapsule20-mg,Capsule,Cabozantinib,20 mg,Drug International Ltd.,"Unit Price: ৳ 120.00,(30's pack: ৳ 3,600.00),","(30's pack: ৳ 3,600.00)"
667,Cab,allopathic,cabtablet5-mg,Tablet,Amlodipine Besilate,5 mg,ACI Limited,"Unit Price: ৳ 5.02,(50's pack: ৳ 251.00),",(50's pack: ৳ 251.00)
14553,C-Zinc,allopathic,c-zincsyrup10-mg5-ml,Syrup,Zinc Sulfate Monohydrate,10 mg/5 ml,Central Pharmaceuticals Ltd.,100 ml bottle: ৳ 30.00,
13922,C-Vitera,allopathic,c-viterachewable-tablet250-mg,Chewable Tablet,Vitamin C [Ascorbic acid],250 mg,Millat Pharmaceuticals Ltd.,"Unit Price: ৳ 1.30,(100's pack: ৳ 130.00),",(100's pack: ৳ 130.00)
32642,C-Rich,allopathic,c-richchewable-tablet250-mg,Chewable Tablet,Vitamin C [Ascorbic acid],250 mg,General Pharmaceuticals Ltd.,"Unit Price: ৳ 1.42,(60's pack: ৳ 85.46),,Unit Price: ৳ 1.42,(90's pack: ৳ 128.19),","(60's pack: ৳ 85.46),(90's pack: ৳ 128.19)"
28749,C-Lemon,allopathic,c-lemonchewable-tablet250-mg,Chewable Tablet,Vitamin C [Ascorbic acid],250 mg,Zenith Pharmaceuticals Ltd.,"Unit Price: ৳ 1.14,(200's pack: ৳ 228.00),",(200's pack: ৳ 228.00)
10948,C-Fenac TR,allopathic,c-fenac-trcapsule-timed-release100-mg,Capsule (Timed Release),Diclofenac Sodium,100 mg,Chemist Laboratories  Ltd.,"Unit Price: ৳ 3.00,(100's pack: ৳ 300.00),",(100's pack: ৳ 300.00)
10949,C-Fenac,allopathic,c-fenacim-injection75-mg3-ml,IM Injection,Diclofenac Sodium,75 mg/3 ml,Chemist Laboratories  Ltd.,"3 ml ampoule: ৳ 11.13,(10's pack: ৳ 111.30),",(10's pack: ৳ 111.30)
14685,C-BZ,allopathic,c-bzsyrup,Syrup,Vitamin B Complex + Zinc,,Central Pharmaceuticals Ltd.,100 ml bottle: ৳ 50.00,
28023,C-Bon,allopathic,c-bonchewable-tablet250-mg,Chewable Tablet,Vitamin C [Ascorbic acid],250 mg,Ambee Pharmaceuticals Ltd.,"Unit Price: ৳ 1.30,(100's pack: ৳ 130.39),",(100's pack: ৳ 130.39)
14389,C-4,allopathic,c-4effervescent-tablet1000-mg327-mg500-mg,Effervescent Tablet,Calcium Lactate Gluconate + Calcium Carbonate + Vitamin C,1000 mg+327 mg+500 mg,Alco Pharma Ltd.,"Unit Price: ৳ 10.90,(10's pack: ৳ 109.00),",(10's pack: ৳ 109.00)
7488,C-3,allopathic,c-3powder-for-suspension100-mg5-ml,Powder for Suspension,Cefixime Trihydrate,100 mg/5 ml,Astra Biopharmaceuticals Ltd.,50 ml bottle: ৳ 195.00,
7487,C-3,allopathic,c-3tablet400-mg,Tablet,Cefixime Trihydrate,400 mg,Astra Biopharmaceuticals Ltd.,"Unit Price: ৳ 50.00,(6's pack: ৳ 300.00),",(6's pack: ৳ 300.00)
25777,C-2,allopathic,c-2powder-for-suspension125-mg5-ml,Powder for Suspension,Cefuroxime Axetil,125 mg/5 ml,Astra Biopharmaceuticals Ltd.,70 ml bottle: ৳ 198.00,
25776,C-2,allopathic,c-2tablet500-mg,Tablet,Cefuroxime Axetil,500 mg,Astra Biopharmaceuticals Ltd.,Unit Price: ৳ 45.00,
25775,C-2,allopathic,c-2tablet250-mg,Tablet,Cefuroxime Axetil,250 mg,Astra Biopharmaceuticals Ltd.,Unit Price: ৳ 25.00,
32223,Byspa,allopathic,byspatablet10-mg,Tablet,Hyoscine Butylbromide,10 mg,ACI Limited,"Unit Price: ৳ 1.60,(100's pack: ৳ 160.00),",(100's pack: ৳ 160.00)
31831,Byloza,allopathic,bylozatablet20-mg,Tablet,Bilastine,20 mg,Nuvista Pharma Ltd.,"Unit Price: ৳ 15.00,(30's pack: ৳ 450.00),",(30's pack: ৳ 450.00)
25296,Buzz,allopathic,buzzsyrup,Syrup,Vitamin B Complex + Zinc,,Nipa Pharmaceuticals Ltd.,"100 ml bottle: ৳ 50.00,200 ml bottle: ৳ 85.00",
25295,Buzz,allopathic,buzztablet,Tablet,Vitamin B Complex + Zinc,,Nipa Pharmaceuticals Ltd.,"Unit Price: ৳ 2.00,(30's pack: ৳ 60.00),",(30's pack: ৳ 60.00)
24648,Buviren,allopathic,buvirentablet400-mg,Tablet,Sofosbuvir,400 mg,Renata Limited,"Unit Price: ৳ 600.00,(6's pack: ৳ 3,600.00),","(6's pack: ৳ 3,600.00)"
18421,Butil,allopathic,butilsyrup75-mg5-ml,Syrup,Butamirate Citrate,7.5 mg/5 ml,Globe Pharmaceuticals Ltd.,100 ml bottle: ৳ 80.00,
31180,Butinib,allopathic,butinibcapsule140-mg,Capsule,Ibrutinib,140 mg,Drug International Ltd.,"Unit Price: ৳ 500.00,(30's pack: ৳ 15,000.00),","(30's pack: ৳ 15,000.00)"
18967,Buticef,allopathic,buticefcapsule400-mg,Capsule,Ceftibuten Dihydrate,400 mg,Ibn Sina Pharmaceuticals Ltd.,"Unit Price: ৳ 120.00,(10's pack: ৳ 1,200.00),","(10's pack: ৳ 1,200.00)"
18966,Buticef,allopathic,buticefpowder-for-suspension90-mg5-ml,Powder for Suspension,Ceftibuten Dihydrate,90 mg/5 ml,Ibn Sina Pharmaceuticals Ltd.,60 ml bottle: ৳ 480.00,
18957,Butibac,allopathic,butibaccapsule400-mg,Capsule,Ceftibuten Dihydrate,400 mg,Drug International Ltd.,"Unit Price: ৳ 120.00,(7's pack: ৳ 840.00),",(7's pack: ৳ 840.00)
18956,Butibac,allopathic,butibacpowder-for-suspension90-mg5-ml,Powder for Suspension,Ceftibuten Dihydrate,90 mg/5 ml,Drug International Ltd.,60 ml bottle: ৳ 480.00,
14273,Cal,allopathic,caltablet500-mg,Tablet,Calcium Carbonate,500 mg,Pacific Pharmaceuticals Ltd.,"Unit Price: ৳ 5.00,(30's pack: ৳ 150.00),,Unit Price: ৳ 5.00,(100's pack: ৳ 500.00),","(30's pack: ৳ 150.00),(100's pack: ৳ 500.00)"
3357,Caid,allopathic,caidtablet-enteric-coated75-mg,Tablet (Enteric Coated),Aspirin,75 mg,Jayson Pharmaceuticals Ltd.,"Unit Price: ৳ 0.60,(100's pack: ৳ 60.00),",(100's pack: ৳ 60.00)
23563,Caftyl,allopathic,caftyltablet500-mg65-mg,Tablet,Paracetamol + Caffeine,500 mg+65 mg,One Pharma Ltd.,"Unit Price: ৳ 1.91,(100's pack: ৳ 191.00),",(100's pack: ৳ 191.00)
349,Caftadin,allopathic,caftadinophthalmic-solution025,Ophthalmic Solution,Alcaftadine,0.25%,Aristopharma Ltd.,5 ml drop: ৳ 400.00,
10569,Caffo,allopathic,caffotablet500-mg65-mg,Tablet,Paracetamol + Caffeine,500 mg+65 mg,Somatec Pharmaceuticals Ltd.,"Unit Price: ৳ 1.90,(100's pack: ৳ 190.00),",(100's pack: ৳ 190.00)
23562,Cafeta,allopathic,cafetatablet500-mg65-mg,Tablet,Paracetamol + Caffeine,500 mg+65 mg,Nipa Pharmaceuticals Ltd.,"Unit Price: ৳ 2.50,(100's pack: ৳ 250.00),,Unit Price: ৳ 2.50,(200's pack: ৳ 500.00),","(100's pack: ৳ 250.00),(200's pack: ৳ 500.00)"
10567,Cafedon,allopathic,cafedontablet500-mg65-mg,Tablet,Paracetamol + Caffeine,500 mg+65 mg,Healthcare Pharmaceuticals Ltd.,"Unit Price: ৳ 2.50,(200's pack: ৳ 500.00),",(200's pack: ৳ 500.00)
32495,Cafecool Plus,allopathic,cafecool-plustablet500-mg65-mg,Tablet,Paracetamol + Caffeine,500 mg+65 mg,Doctor TIMS Pharmaceuticals Ltd.,"Unit Price: ৳ 2.50,(100's pack: ৳ 250.00),",(100's pack: ৳ 250.00)
10566,Cafceta,allopathic,cafcetatablet500-mg65-mg,Tablet,Paracetamol + Caffeine,500 mg+65 mg,Peoples Pharma Ltd.,"Unit Price: ৳ 1.50,(200's pack: ৳ 300.00),",(200's pack: ৳ 300.00)
10639,Caface,allopathic,cafacetablet500-mg65-mg,Tablet,Paracetamol + Caffeine,500 mg+65 mg,Leon Pharmaceuticals Ltd.,"Unit Price: ৳ 2.00,(100's pack: ৳ 200.00),",(100's pack: ৳ 200.00)
10638,Caf-N,allopathic,caf-ntablet500-mg65-mg,Tablet,Paracetamol + Caffeine,500 mg+65 mg,Globex Pharmaceuticals Ltd.,"Unit Price: ৳ 2.00,(100's pack: ৳ 200.00),",(100's pack: ৳ 200.00)
26553,Cadosil LD,allopathic,cadosil-ldrectal-ointment420025,Rectal Ointment,Calcium Dobesilate + Lidocaine + Dexamethasone,4%+2%+0.025%,UniMed UniHealth,30 gm tube: ৳ 170.00,
26535,Cadosil,allopathic,cadosilcapsule500-mg,Capsule,Calcium Dobesilate,500 mg,UniMed UniHealth,"Unit Price: ৳ 20.00,(30's pack: ৳ 600.00),",(30's pack: ৳ 600.00)
14410,Cadolin,allopathic,cadolintablet500-mg200-iu,Tablet,Calcium Carbonate [Elemental source] + Vitamin D3,500 mg+200 IU,Jayson Pharmaceuticals Ltd.,"Unit Price: ৳ 5.01,(30's pack: ৳ 150.30),",(30's pack: ৳ 150.30)
14515,Cadmin Plus,allopathic,cadmin-plustablet,Tablet,Calcium Carbonate + Vitamin D3 + Multimineral,,General Pharmaceuticals Ltd.,"Unit Price: ৳ 4.04,(15's pack: ৳ 60.60),,Unit Price: ৳ 4.04,(30's pack: ৳ 121.19),","(15's pack: ৳ 60.60),(30's pack: ৳ 121.19)"
14409,Cadmin,allopathic,cadmintablet500-mg200-iu,Tablet,Calcium Carbonate [Elemental source] + Vitamin D3,500 mg+200 IU,General Pharmaceuticals Ltd.,"Unit Price: ৳ 3.33,(15's pack: ৳ 50.00),,Unit Price: ৳ 3.33,(30's pack: ৳ 100.00),","(15's pack: ৳ 50.00),(30's pack: ৳ 100.00)"
32224,Cacetor,allopathic,cacetorcapsule25-mg10-mg,Capsule,Amlodipine Besilate + Benazepril Hydrochloride,2.5 mg+10 mg,ACI Limited,"Unit Price: ৳ 4.02,(24's pack: ৳ 96.48),",(24's pack: ৳ 96.48)
32225,Cacetor,allopathic,cacetorcapsule5-mg10-mg,Capsule,Amlodipine Besilate + Benazepril Hydrochloride,5 mg+10 mg,ACI Limited,"Unit Price: ৳ 6.02,(24's pack: ৳ 144.48),",(24's pack: ৳ 144.48)
32226,Cacetor,allopathic,cacetorcapsule5-mg20-mg,Capsule,Amlodipine Besilate + Benazepril Hydrochloride,5 mg+20 mg,ACI Limited,"Unit Price: ৳ 8.03,(24's pack: ৳ 192.72),",(24's pack: ৳ 192.72)
30703,Cabretol,allopathic,cabretoltablet200-mg,Tablet,Carbamazepine,200 mg,Renata Limited,"Unit Price: ৳ 3.91,(50's pack: ৳ 195.50),",(50's pack: ৳ 195.50)
30702,Cabretol,allopathic,cabretoloral-suspension100-mg5-ml,Oral Suspension,Carbamazepine,100 mg/5 ml,Renata Limited,100 ml bottle: ৳ 301.13,
27307,Caboz,allopathic,cabozcapsule20-mg,Capsule,Cabozantinib,20 mg,Beacon Pharmaceuticals Ltd.,"Unit Price: ৳ 1,044.00,(30's pack: ৳ 31,320.00),","(30's pack: ৳ 31,320.00)"
32814,Caboxen,allopathic,caboxencapsule80-mg,Capsule,Cabozantinib,80 mg,Everest Pharmaceuticals Ltd.,"Unit Price: ৳ 1,100.00,(30's pack: ৳ 33,000.00),","(30's pack: ৳ 33,000.00)"
32813,Caboxen,allopathic,caboxencapsule20-mg,Capsule,Cabozantinib,20 mg,Everest Pharmaceuticals Ltd.,"Unit Price: ৳ 355.00,(90's pack: ৳ 31,950.00),","(90's pack: ৳ 31,950.00)"
14348,Cabonate,allopathic,cabonatetablet500-mg,Tablet,Calcium Carbonate,500 mg,Millat Pharmaceuticals Ltd.,"Unit Price: ৳ 2.50,(30's pack: ৳ 75.00),",(30's pack: ৳ 75.00)
5978,Cabolin,allopathic,cabolintablet05-mg,Tablet,Cabergoline,0.5 mg,Renata Limited,"Unit Price: ৳ 80.00,(4's pack: ৳ 320.00),",(4's pack: ৳ 320.00)
18430,Cabolac,allopathic,cabolactablet05-mg,Tablet,Cabergoline,0.5 mg,Incepta Pharmaceuticals Ltd.,"Unit Price: ৳ 80.00,(4's pack: ৳ 320.00),",(4's pack: ৳ 320.00)
18530,Cabita,allopathic,cabitatablet500-mg,Tablet,Capecitabine,500 mg,Drug International Ltd.,"Unit Price: ৳ 100.00,(28's pack: ৳ 2,800.00),","(28's pack: ৳ 2,800.00)"
26171,Caberol,allopathic,caberoltablet05-mg,Tablet,Cabergoline,0.5 mg,Square Pharmaceuticals Ltd.,"Unit Price: ৳ 80.00,(6's pack: ৳ 480.00),",(6's pack: ৳ 480.00)
5977,Cabergol,allopathic,cabergoltablet05-mg,Tablet,Cabergoline,0.5 mg,Popular Pharmaceuticals Ltd.,"Unit Price: ৳ 80.00,(6's pack: ৳ 480.00),",(6's pack: ৳ 480.00)
6,ACN,allopathic,acntablet100-mg,Tablet,Aceclofenac,100 mg,Modern Pharmaceuticals Ltd.,"Unit Price: ৳ 4.00,(100's pack: ৳ 400.00),",(100's pack: ৳ 400.00)
30694,Calbotol,allopathic,calbotoltablet025-mcg252-mg,Tablet,Calcitriol + Calcium Citrate,0.25 mcg+252 mg,Square Pharmaceuticals Ltd.,"Unit Price: ৳ 13.00,(30's pack: ৳ 390.00),",(30's pack: ৳ 390.00)
14370,Calbostar,allopathic,calbostartablet400-mg,Tablet,Calcium Orotate,400 mg,Square Pharmaceuticals Ltd.,"Unit Price: ৳ 8.03,(30's pack: ৳ 240.90),",(30's pack: ৳ 240.90)
14371,Calbostar,allopathic,calbostartablet740-mg,Tablet,Calcium Orotate,740 mg,Square Pharmaceuticals Ltd.,"Unit Price: ৳ 12.03,(30's pack: ৳ 360.90),",(30's pack: ৳ 360.90)
26172,Calboral-DX,allopathic,calboral-dxtablet600-mg400-iu,Tablet,Calcium Carbonate [Coral source] + Vitamin D3,600 mg+400 IU,Square Pharmaceuticals Ltd.,"Unit Price: ৳ 15.00,(30's pack: ৳ 450.00),",(30's pack: ৳ 450.00)
14351,Calboral-D,allopathic,calboral-dtablet500-mg200-iu,Tablet,Calcium Carbonate [Coral source] + Vitamin D3,500 mg+200 IU,Square Pharmaceuticals Ltd.,"Unit Price: ৳ 10.03,(30's pack: ৳ 300.90),",(30's pack: ৳ 300.90)
14517,Calboplex,allopathic,calboplextablet,Tablet,Calcium Carbonate + Vitamin D3 + Multimineral,,Square Pharmaceuticals Ltd.,"Unit Price: ৳ 5.02,(30's pack: ৳ 150.60),",(30's pack: ৳ 150.60)
14540,Calbon Plus,allopathic,calbon-plustablet,Tablet,Calcium + Vitamin D3 + Vitamin C + Vitamin E + Multimineral,,Aristopharma Ltd.,"Unit Price: ৳ 5.50,(15's pack: ৳ 82.48),,Unit Price: ৳ 5.50,(30's pack: ৳ 165.00),","(15's pack: ৳ 82.48),(30's pack: ৳ 165.00)"
14516,Calbon M,allopathic,calbon-mtablet,Tablet,Calcium Carbonate + Vitamin D3 + Multimineral,,Aristopharma Ltd.,"Unit Price: ৳ 5.00,(15's pack: ৳ 75.00),,Unit Price: ৳ 5.00,(30's pack: ৳ 150.00),","(15's pack: ৳ 75.00),(30's pack: ৳ 150.00)"
14412,Calbon D,allopathic,calbon-dtablet500-mg200-iu,Tablet,Calcium Carbonate [Elemental source] + Vitamin D3,500 mg+200 IU,Aristopharma Ltd.,"Unit Price: ৳ 7.00,(15's pack: ৳ 105.00),,Unit Price: ৳ 7.00,(30's pack: ৳ 210.00),","(15's pack: ৳ 105.00),(30's pack: ৳ 210.00)"
14276,Calbon,allopathic,calbontablet500-mg,Tablet,Calcium Carbonate,500 mg,Aristopharma Ltd.,"Unit Price: ৳ 5.00,(45's pack: ৳ 225.00),",(45's pack: ৳ 225.00)
16345,Calbo-D Vita,allopathic,calbo-d-vitaeffervescent-tablet1358196-mg600-mg400-iu,Effervescent Tablet,Calcium Lactate Gluconate + Calcium Carbonate + Vitamin D3,1358.196 mg+600 mg+400 IU,Square Pharmaceuticals Ltd.,"Unit Price: ৳ 15.05,(10's pack: ৳ 150.50),",(10's pack: ৳ 150.50)
14411,Calbo-D,allopathic,calbo-dtablet500-mg200-iu,Tablet,Calcium Carbonate [Elemental source] + Vitamin D3,500 mg+200 IU,Square Pharmaceuticals Ltd.,"Unit Price: ৳ 7.00,(30's pack: ৳ 210.00),",(30's pack: ৳ 210.00)
14391,Calbo-C,allopathic,calbo-ceffervescent-tablet1000-mg327-mg500-mg,Effervescent Tablet,Calcium Lactate Gluconate + Calcium Carbonate + Vitamin C,1000 mg+327 mg+500 mg,Square Pharmaceuticals Ltd.,"Unit Price: ৳ 7.88,(10's pack: ৳ 78.80),",(10's pack: ৳ 78.80)
14275,Calbo Jr,allopathic,calbo-jrchewable-tablet250-mg,Chewable Tablet,Calcium Carbonate,250 mg,Square Pharmaceuticals Ltd.,"Unit Price: ৳ 3.01,(60's pack: ৳ 180.60),",(60's pack: ৳ 180.60)
14501,Calbo Forte,allopathic,calbo-forteeffervescent-tablet1000-mg327-mg500-mg400-iu,Effervescent Tablet,Calcium Lactate Gluconate + Calcium Carbonate + Vitamin C + Vitamin D3,1000 mg+327 mg+500 mg+400 IU,Square Pharmaceuticals Ltd.,"Unit Price: ৳ 8.06,(10's pack: ৳ 80.60),",(10's pack: ৳ 80.60)
14350,Calbo,allopathic,calbotablet500-mg,Tablet,Calcium Carbonate,500 mg,Square Pharmaceuticals Ltd.,"Unit Price: ৳ 5.00,(100's pack: ৳ 500.00),",(100's pack: ৳ 500.00)
815,Calbeta,allopathic,calbetatablet5-mg50-mg,Tablet,Amlodipine Besilate + Atenolol,5 mg+50 mg,UniMed UniHealth,"Unit Price: ৳ 6.00,(30's pack: ৳ 180.00),",(30's pack: ৳ 180.00)
14249,Calate,allopathic,calatetablet300-mg,Tablet,Calcium Lactate,300 mg,Pharmadesh Laboratories Ltd.,"Unit Price: ৳ 0.50,(100's pack: ৳ 50.00),",(100's pack: ৳ 50.00)
12308,Calamine,allopathic,calaminelotion1555,Lotion,Calamine + Zinc Oxide + Glycerine,15%+5%+5%,Amico Laboratories Ltd.,100 ml bottle: ৳ 38.00,
30690,Calamin M,allopathic,calamin-mlotion1555,Lotion,Calamine + Zinc Oxide + Glycerine,15%+5%+5%,Momotaz Pharmaceuticals Ltd.,100 ml bottle: ৳ 38.00,
12952,Calamilon,allopathic,calamilonlotion1555,Lotion,Calamine + Zinc Oxide + Glycerine,15%+5%+5%,United Pharmaceuticals Ltd.,100 ml bottle: ৳ 38.15,
14248,Calac,allopathic,calactablet300-mg,Tablet,Calcium Lactate,300 mg,Opsonin Pharma Ltd.,"Unit Price: ৳ 0.31,(100's pack: ৳ 31.00),",(100's pack: ৳ 31.00)
14254,Cal. Gluconate,allopathic,cal-gluconateimiv-injection500-mg5-ml,IM/IV Injection,Calcium Gluconate,500 mg/5 ml,Edruc Limited,"5 ml ampoule: ৳ 13.00,(10's pack: ৳ 130.00),",(10's pack: ৳ 130.00)
14424,Cal-D-Zen,allopathic,cal-d-zentablet500-mg200-iu,Tablet,Calcium Carbonate [Elemental source] + Vitamin D3,500 mg+200 IU,Zenith Pharmaceuticals Ltd.,"Unit Price: ৳ 5.00,(30's pack: ৳ 150.00),",(30's pack: ৳ 150.00)
25749,Cal-aid,allopathic,cal-aidtablet500-mg,Tablet,Calcium Carbonate,500 mg,Ethical Drug Ltd.,"Unit Price: ৳ 2.00,(100's pack: ৳ 200.00),",(100's pack: ৳ 200.00)
14763,Cal X,allopathic,cal-xoral-powder12-mgsachet,Oral Powder,Sucralose,12 mg/sachet,Eskayef Pharmaceuticals Ltd.,"12 mg sachet: ৳ 2.60,(25's pack: ৳ 65.00),",(25's pack: ৳ 65.00)
14762,Cal X,allopathic,cal-xtablet8-mg,Tablet,Sucralose,8 mg,Eskayef Pharmaceuticals Ltd.,"Unit Price: ৳ 1.10,(100's pack: ৳ 110.00),",(100's pack: ৳ 110.00)
29874,Cal D Plus,allopathic,cal-d-plustablet,Tablet,Calcium Carbonate + Vitamin D3 + Multimineral,,Pacific Pharmaceuticals Ltd.,"Unit Price: ৳ 8.00,(20's pack: ৳ 160.00),",(20's pack: ৳ 160.00)
14420,Cal D,allopathic,cal-dtablet500-mg200-iu,Tablet,Calcium Carbonate [Elemental source] + Vitamin D3,500 mg+200 IU,Pacific Pharmaceuticals Ltd.,"Unit Price: ৳ 7.00,(30's pack: ৳ 210.00),,Unit Price: ৳ 7.00,(100's pack: ৳ 700.00),","(30's pack: ৳ 210.00),(100's pack: ৳ 700.00)"
6042,Acmegra,allopathic,acmegratablet25-mg,Tablet,Sildenafil Citrate,25 mg,ACME Laboratories Ltd.,"Unit Price: ৳ 18.06,(4's pack: ৳ 72.24),",(4's pack: ৳ 72.24)
6043,Acmegra,allopathic,acmegratablet50-mg,Tablet,Sildenafil Citrate,50 mg,ACME Laboratories Ltd.,"Unit Price: ৳ 27.09,(4's pack: ৳ 108.36),",(4's pack: ৳ 108.36)
28025,Calcium Ambee,allopathic,calcium-ambeeimiv-injection500-mg5-ml,IM/IV Injection,Calcium Gluconate,500 mg/5 ml,Ambee Pharmaceuticals Ltd.,"5 ml ampoule: ৳ 6.22,(5's pack: ৳ 31.11),",(5's pack: ৳ 31.11)
14419,Calcium A&D,allopathic,calcium-adtablet500-mg200-iu,Tablet,Calcium Carbonate [Elemental source] + Vitamin D3,500 mg+200 IU,Ad-din Pharmaceuticals Ltd.,"Unit Price: ৳ 3.80,(15's pack: ৳ 57.00),,Unit Price: ৳ 3.80,(30's pack: ৳ 114.00),","(15's pack: ৳ 57.00),(30's pack: ৳ 114.00)"
13511,Calcitrol,allopathic,calcitrolcapsule025-mcg,Capsule,Calcitriol,0.25 mcg,Square Pharmaceuticals Ltd.,"Unit Price: ৳ 10.03,(30's pack: ৳ 300.90),",(30's pack: ৳ 300.90)
14918,Calcitonin,allopathic,calcitonininjection100-iuml,Injection,Salmon Calcitonin,100 IU/ml,City Overseas Ltd.,"1 ml ampoule: ৳ 145.00,(10's pack: ৳ 1,450.00),","(10's pack: ৳ 1,450.00)"
14283,Calciton,allopathic,calcitontablet500-mg,Tablet,Calcium Carbonate,500 mg,Chemist Laboratories  Ltd.,"Unit Price: ৳ 2.00,(30's pack: ৳ 60.00),",(30's pack: ৳ 60.00)
28022,Calcitate,allopathic,calcitatetablet300-mg,Tablet,Calcium Lactate,300 mg,Ambee Pharmaceuticals Ltd.,"Unit Price: ৳ 0.29,(120's pack: ৳ 35.11),",(120's pack: ৳ 35.11)
13501,Calcirol,allopathic,calcirolim-injection200000-iuml,IM Injection,Colecalciferol [Vitamin D3],200000 IU/ml,Drug International Ltd.,1 ml ampoule: ৳ 120.00,
30354,Calcin-O Kit,allopathic,calcin-o-kittablet150-mg-400-mg,Tablet,Ibandronic Acid & Calcium Orotate,150 mg & 400 mg,Renata Limited,(1 & 60) tablet kit: ৳ 990.00,
18501,Calcin-O DS,allopathic,calcin-o-dstablet740-mg,Tablet,Calcium Orotate,740 mg,Renata Limited,"Unit Price: ৳ 12.00,(30's pack: ৳ 360.00),",(30's pack: ৳ 360.00)
14372,Calcin-O,allopathic,calcin-otablet400-mg,Tablet,Calcium Orotate,400 mg,Renata Limited,"Unit Price: ৳ 8.00,(30's pack: ৳ 240.00),",(30's pack: ৳ 240.00)
14518,Calcin-M,allopathic,calcin-mtablet,Tablet,Calcium Carbonate + Vitamin D3 + Multimineral,,Renata Limited,"Unit Price: ৳ 5.50,(30's pack: ৳ 165.00),,Unit Price: ৳ 5.50,(40's pack: ৳ 220.00),","(30's pack: ৳ 165.00),(40's pack: ৳ 220.00)"
29294,Calcin-DX,allopathic,calcin-dxtablet600-mg400-iu,Tablet,Calcium Carbonate [Elemental source] + Vitamin D3,600 mg+400 IU,Renata Limited,"Unit Price: ৳ 8.00,(30's pack: ৳ 240.00),",(30's pack: ৳ 240.00)
14418,Calcin-D,allopathic,calcin-dtablet500-mg200-iu,Tablet,Calcium Carbonate [Elemental source] + Vitamin D3,500 mg+200 IU,Renata Limited,"Unit Price: ৳ 7.00,(15's pack: ৳ 105.00),,Unit Price: ৳ 7.00,(30's pack: ৳ 210.00),,Unit Price: ৳ 7.00,(60's pack: ৳ 420.00),","(15's pack: ৳ 105.00),(30's pack: ৳ 210.00),(60's pack: ৳ 420.00)"
14282,Calcin,allopathic,calcintablet500-mg,Tablet,Calcium Carbonate,500 mg,Renata Limited,"Unit Price: ৳ 5.00,(50's pack: ৳ 250.00),",(50's pack: ৳ 250.00)
14417,Calcifil D,allopathic,calcifil-dtablet500-mg200-iu,Tablet,Calcium Carbonate [Elemental source] + Vitamin D3,500 mg+200 IU,Gaco Pharmaceuticals Ltd.,"Unit Price: ৳ 4.02,(50's pack: ৳ 201.00),",(50's pack: ৳ 201.00)
32942,Calcifil,allopathic,calcifiltablet500-mg,Tablet,Calcium Carbonate,500 mg,Gaco Pharmaceuticals Ltd.,"Unit Price: ৳ 3.27,(20's pack: ৳ 65.40),",(20's pack: ৳ 65.40)
13500,Calciferol,allopathic,calciferolim-injection200000-iuml,IM Injection,Colecalciferol [Vitamin D3],200000 IU/ml,Renata Limited,1 ml ampoule: ৳ 120.00,
27036,Calcid,allopathic,calcidchewable-tablet1000-mg,Chewable Tablet,Calcium Carbonate,1000 mg,Opsonin Pharma Ltd.,"Unit Price: ৳ 2.01,(50's pack: ৳ 100.50),",(50's pack: ৳ 100.50)
14279,Calcicar,allopathic,calcicartablet500-mg,Tablet,Calcium Carbonate,500 mg,Incepta Pharmaceuticals Ltd.,"Unit Price: ৳ 2.50,(100's pack: ৳ 250.00),",(100's pack: ৳ 250.00)
14415,Calcical-D,allopathic,calcical-dtablet500-mg200-iu,Tablet,Calcium Carbonate [Elemental source] + Vitamin D3,500 mg+200 IU,Techno Drugs Ltd.,"Unit Price: ৳ 4.94,(30's pack: ৳ 148.21),",(30's pack: ৳ 148.21)
14414,Calcibost-D,allopathic,calcibost-dtablet500-mg200-iu,Tablet,Calcium Carbonate [Elemental source] + Vitamin D3,500 mg+200 IU,Sharif Pharmaceuticals Ltd.,"Unit Price: ৳ 6.00,(15's pack: ৳ 90.00),,Unit Price: ৳ 6.00,(30's pack: ৳ 180.00),","(15's pack: ৳ 90.00),(30's pack: ৳ 180.00)"
14413,Calcibo D,allopathic,calcibo-dtablet500-mg200-iu,Tablet,Calcium Carbonate [Elemental source] + Vitamin D3,500 mg+200 IU,Astra Biopharmaceuticals Ltd.,"Unit Price: ৳ 4.00,(15's pack: ৳ 60.00),",(15's pack: ৳ 60.00)
25744,Calcibo,allopathic,calcibotablet500-mg,Tablet,Calcium Carbonate,500 mg,Astra Biopharmaceuticals Ltd.,Unit Price: ৳ 3.00,
14416,Calci-D Plus,allopathic,calci-d-plustablet500-mg200-iu,Tablet,Calcium Carbonate [Elemental source] + Vitamin D3,500 mg+200 IU,Rephco Pharmaceuticals Ltd.,"Unit Price: ৳ 4.30,(30's pack: ৳ 129.00),,Unit Price: ৳ 4.30,(50's pack: ৳ 215.00),","(30's pack: ৳ 129.00),(50's pack: ৳ 215.00)"
14280,Calci-D,allopathic,calci-dtablet500-mg,Tablet,Calcium Carbonate,500 mg,Rephco Pharmaceuticals Ltd.,"Unit Price: ৳ 2.00,(50's pack: ৳ 100.00),",(50's pack: ৳ 100.00)
14250,Calci,allopathic,calciinjection100-mg2-ml,Injection,Calcium Pantothenate,100 mg/2 ml,Opsonin Pharma Ltd.,"100 mg ampoule: ৳ 3.52,(50's pack: ৳ 176.00),",(50's pack: ৳ 176.00)
816,Calchek Plus,allopathic,calchek-plustablet5-mg50-mg,Tablet,Amlodipine Besilate + Atenolol,5 mg+50 mg,General Pharmaceuticals Ltd.,"Unit Price: ৳ 6.02,(30's pack: ৳ 180.50),",(30's pack: ৳ 180.50)
668,Calchek,allopathic,calchektablet5-mg,Tablet,Amlodipine Besilate,5 mg,General Pharmaceuticals Ltd.,"Unit Price: ৳ 5.01,(50's pack: ৳ 250.50),",(50's pack: ৳ 250.50)
32401,Calcent,allopathic,calcentcapsule100-mg,Capsule,Acalabrutinib,100 mg,Incepta Pharmaceuticals Ltd.,"Unit Price: ৳ 1,200.00,(12's pack: ৳ 14,400.00),","(12's pack: ৳ 14,400.00)"
29293,Calcefer,allopathic,calcefereffervescent-tablet1000-mg327-mg500-mg,Effervescent Tablet,Calcium Lactate Gluconate + Calcium Carbonate + Vitamin C,1000 mg+327 mg+500 mg,Renata Limited,"Unit Price: ৳ 10.00,(10's pack: ৳ 100.00),",(10's pack: ৳ 100.00)
6044,Acmegra,allopathic,acmegratablet100-mg,Tablet,Sildenafil Citrate,100 mg,ACME Laboratories Ltd.,"Unit Price: ৳ 45.13,(4's pack: ৳ 180.52),",(4's pack: ৳ 180.52)
14293,Calmet,allopathic,calmettablet500-mg,Tablet,Calcium Carbonate,500 mg,Somatec Pharmaceuticals Ltd.,"Unit Price: ৳ 3.00,(50's pack: ৳ 150.00),",(50's pack: ৳ 150.00)
14428,Calmax-D,allopathic,calmax-dtablet500-mg200-iu,Tablet,Calcium Carbonate [Elemental source] + Vitamin D3,500 mg+200 IU,Hudson Pharmaceuticals Ltd.,"Unit Price: ৳ 4.00,(30's pack: ৳ 120.00),",(30's pack: ৳ 120.00)
14292,Calmax,allopathic,calmaxtablet500-mg,Tablet,Calcium Carbonate,500 mg,Hudson Pharmaceuticals Ltd.,"Unit Price: ৳ 2.00,(100's pack: ৳ 200.00),",(100's pack: ৳ 200.00)
4271,Calm,allopathic,calmtablet10-mg,Tablet,Clobazam,10 mg,Biopharma Laboratories Ltd.,"Unit Price: ৳ 2.76,(100's pack: ৳ 276.00),",(100's pack: ৳ 276.00)
14427,Calium Plus,allopathic,calium-plustablet500-mg200-iu,Tablet,Calcium Carbonate [Elemental source] + Vitamin D3,500 mg+200 IU,Pharmadesh Laboratories Ltd.,"Unit Price: ৳ 4.00,(30's pack: ৳ 120.00),",(30's pack: ৳ 120.00)
14291,Calium,allopathic,caliumtablet500-mg,Tablet,Calcium Carbonate,500 mg,Pharmadesh Laboratories Ltd.,"Unit Price: ৳ 2.50,(50's pack: ৳ 125.00),",(50's pack: ৳ 125.00)
28685,Calgum JR,allopathic,calgum-jrchewing-gum-tablet250-mg250-iu,Chewing Gum Tablet,Calcium Carbonate [Elemental source] + Vitamin D3,250 mg+250 IU,Eskayef Pharmaceuticals Ltd.,"Unit Price: ৳ 7.00,(30's pack: ৳ 210.00),",(30's pack: ৳ 210.00)
14426,Calfor-D,allopathic,calfor-dtablet500-mg200-iu,Tablet,Calcium Carbonate [Elemental source] + Vitamin D3,500 mg+200 IU,Asiatic Laboratories Ltd.,"Unit Price: ৳ 4.00,(15's pack: ৳ 60.00),,Unit Price: ৳ 4.00,(30's pack: ৳ 120.00),","(15's pack: ৳ 60.00),(30's pack: ৳ 120.00)"
14290,Calfor,allopathic,calfortablet500-mg,Tablet,Calcium Carbonate,500 mg,Asiatic Laboratories Ltd.,"Unit Price: ৳ 1.82,(50's pack: ৳ 90.90),",(50's pack: ৳ 90.90)
28127,Calfeed-D,allopathic,calfeed-dtablet500-mg200-iu,Tablet,Calcium Carbonate [Elemental source] + Vitamin D3,500 mg+200 IU,Apollo Pharmaceutical Ltd.,"Unit Price: ৳ 4.83,(15's pack: ৳ 72.45),,Unit Price: ৳ 4.83,(30's pack: ৳ 144.90),","(15's pack: ৳ 72.45),(30's pack: ৳ 144.90)"
14289,Calfeed,allopathic,calfeedtablet500-mg,Tablet,Calcium Carbonate,500 mg,Apollo Pharmaceutical Ltd.,"Unit Price: ৳ 2.00,(50's pack: ৳ 100.00),",(50's pack: ৳ 100.00)
32025,Calex-D,allopathic,calex-dtablet500-mg200-iu,Tablet,Calcium Carbonate [Elemental source] + Vitamin D3,500 mg+200 IU,Guardian Healthcare Ltd.,"Unit Price: ৳ 6.00,(30's pack: ৳ 180.00),",(30's pack: ৳ 180.00)
27381,Caletal-D,allopathic,caletal-dtablet500-mg200-iu,Tablet,Calcium Carbonate [Elemental source] + Vitamin D3,500 mg+200 IU,United Pharmaceuticals Ltd.,"Unit Price: ৳ 4.01,(40's pack: ৳ 160.48),",(40's pack: ৳ 160.48)
25762,Caletal,allopathic,caletaltablet500-mg,Tablet,Calcium Carbonate,500 mg,United Pharmaceuticals Ltd.,"Unit Price: ৳ 3.02,(30's pack: ৳ 90.45),",(30's pack: ৳ 90.45)
27563,Caldolin,allopathic,caldolintablet500-mg400-iu,Tablet,Calcium Carbonate [Elemental source] + Vitamin D3,500 mg+400 IU,Chemist Laboratories  Ltd.,"Unit Price: ৳ 5.67,(30's pack: ৳ 170.00),,Unit Price: ৳ 5.00,(20's pack: ৳ 100.00),","(30's pack: ৳ 170.00),(20's pack: ৳ 100.00)"
14423,Caldivit,allopathic,caldivittablet500-mg200-iu,Tablet,Calcium Carbonate [Elemental source] + Vitamin D3,500 mg+200 IU,GlaxoSmithKline,"Unit Price: ৳ 4.00,(30's pack: ৳ 120.00),",(30's pack: ৳ 120.00)
14422,Caldil-Plus,allopathic,caldil-plustablet500-mg200-iu,Tablet,Calcium Carbonate [Elemental source] + Vitamin D3,500 mg+200 IU,Drug International Ltd.,"Unit Price: ৳ 7.00,(100's pack: ৳ 700.00),",(100's pack: ৳ 700.00)
14373,Caldil-OT,allopathic,caldil-ottablet400-mg,Tablet,Calcium Orotate,400 mg,Drug International Ltd.,"Unit Price: ৳ 8.00,(30's pack: ৳ 240.00),",(30's pack: ৳ 240.00)
14288,Caldil,allopathic,caldiltablet500-mg,Tablet,Calcium Carbonate,500 mg,Drug International Ltd.,"Unit Price: ৳ 4.00,(60's pack: ৳ 240.00),,Unit Price: ৳ 4.00,(30's pack: ৳ 120.00),","(60's pack: ৳ 240.00),(30's pack: ৳ 120.00)"
14421,Caldical-D,allopathic,caldical-dtablet500-mg200-iu,Tablet,Calcium Carbonate [Elemental source] + Vitamin D3,500 mg+200 IU,Ziska Pharmaceuticals Ltd.,"Unit Price: ৳ 7.00,(50's pack: ৳ 350.00),",(50's pack: ৳ 350.00)
31058,Caldical,allopathic,caldicaltablet500-mg,Tablet,Calcium Carbonate,500 mg,Ziska Pharmaceuticals Ltd.,"Unit Price: ৳ 2.50,(50's pack: ৳ 125.00),",(50's pack: ৳ 125.00)
29904,CalCor-DX,allopathic,calcor-dxtablet600-mg400-iu,Tablet,Calcium Carbonate [Coral source] + Vitamin D3,600 mg+400 IU,Pacific Pharmaceuticals Ltd.,"Unit Price: ৳ 15.00,(30's pack: ৳ 450.00),",(30's pack: ৳ 450.00)
29903,CalCor-D,allopathic,calcor-dtablet500-mg200-iu,Tablet,Calcium Carbonate [Coral source] + Vitamin D3,500 mg+200 IU,Pacific Pharmaceuticals Ltd.,"Unit Price: ৳ 10.01,(50's pack: ৳ 500.25),",(50's pack: ৳ 500.25)
14286,Calcizen DS,allopathic,calcizen-dstablet500-mg,Tablet,Calcium Carbonate,500 mg,Zenith Pharmaceuticals Ltd.,"Unit Price: ৳ 2.00,(50's pack: ৳ 100.00),",(50's pack: ৳ 100.00)
14256,Calcizen,allopathic,calcizentablet300-mg,Tablet,Calcium Lactate,300 mg,Zenith Pharmaceuticals Ltd.,"Unit Price: ৳ 0.30,(100's pack: ৳ 30.00),",(100's pack: ৳ 30.00)
30890,Calcixen,allopathic,calcixentablet500-mg200-iu,Tablet,Calcium Carbonate [Coral source] + Vitamin D3,500 mg+200 IU,Everest Pharmaceuticals Ltd.,"Unit Price: ৳ 10.00,(30's pack: ৳ 300.00),",(30's pack: ৳ 300.00)
27137,Calcium-Jayson,allopathic,calcium-jaysonimiv-injection500-mg5-ml,IM/IV Injection,Calcium Gluconate,500 mg/5 ml,Jayson Pharmaceuticals Ltd.,"10 ml ampoule: ৳ 9.77,(10's pack: ৳ 97.70),",(10's pack: ৳ 97.70)
14255,Calcium-Jayson,allopathic,calcium-jaysonimiv-injection500-mg5-ml,IM/IV Injection,Calcium Gluconate,500 mg/5 ml,Jayson Pharmaceuticals Ltd.,"5 ml ampoule: ৳ 9.18,(10's pack: ৳ 91.80),",(10's pack: ৳ 91.80)
14284,Calcium-A,allopathic,calcium-atablet500-mg,Tablet,Calcium Carbonate,500 mg,Ad-din Pharmaceuticals Ltd.,"Unit Price: ৳ 3.00,(100's pack: ৳ 300.00),",(100's pack: ৳ 300.00)
17305,Calcium Folinate PhaRes,allopathic,calcium-folinate-pharesimiv-injection10-mgml,IM/IV Injection,Calcium Folinate [Folinic Acid],10 mg/ml,Pharma Resources,"200 mg vial: ৳ 2,119.00,500 mg vial: ৳ 4,239.00",
942,Acmecilin,allopathic,acmecilininjection500-mgvial,Injection,Ampicillin Sodium,500 mg/vial,ACME Laboratories Ltd.,"500 mg vial: ৳ 27.32,(5's pack: ৳ 136.60),",(5's pack: ৳ 136.60)
14523,Calsil M,allopathic,calsil-mtablet,Tablet,Calcium Carbonate + Vitamin D3 + Multimineral,,Silva Pharmaceuticals Ltd.,"Unit Price: ৳ 5.50,(30's pack: ৳ 165.00),",(30's pack: ৳ 165.00)
14296,Calsil,allopathic,calsiltablet500-mg,Tablet,Calcium Carbonate,500 mg,Silva Pharmaceuticals Ltd.,"Unit Price: ৳ 4.00,(60's pack: ৳ 240.00),",(60's pack: ৳ 240.00)
17764,Calsart,allopathic,calsarttablet5-mg20-mg,Tablet,Amlodipine Besilate + Olmesartan Medoxomil,5 mg+20 mg,Globe Pharmaceuticals Ltd.,"Unit Price: ৳ 8.00,(30's pack: ৳ 240.00),",(30's pack: ৳ 240.00)
672,Calpress,allopathic,calpresstablet10-mg,Tablet,Amlodipine Besilate,10 mg,Asiatic Laboratories Ltd.,"Unit Price: ৳ 7.00,(30's pack: ৳ 210.00),",(30's pack: ৳ 210.00)
673,Calpress,allopathic,calpresstablet5-mg,Tablet,Amlodipine Besilate,5 mg,Asiatic Laboratories Ltd.,"Unit Price: ৳ 5.00,(50's pack: ৳ 250.00),",(50's pack: ৳ 250.00)
14431,Calpo-D,allopathic,calpo-dtablet500-mg200-iu,Tablet,Calcium Carbonate [Elemental source] + Vitamin D3,500 mg+200 IU,Medicon Pharmaceuticals Ltd.,"Unit Price: ৳ 3.98,(30's pack: ৳ 119.31),",(30's pack: ৳ 119.31)
14295,Calpo,allopathic,calpotablet500-mg,Tablet,Calcium Carbonate,500 mg,Medicon Pharmaceuticals Ltd.,"Unit Price: ৳ 2.84,(50's pack: ৳ 142.00),",(50's pack: ৳ 142.00)
820,Calpin Plus,allopathic,calpin-plustablet5-mg50-mg,Tablet,Amlodipine Besilate + Atenolol,5 mg+50 mg,Globe Pharmaceuticals Ltd.,"Unit Price: ৳ 6.00,(30's pack: ৳ 180.00),",(30's pack: ৳ 180.00)
671,Calpin,allopathic,calpintablet5-mg,Tablet,Amlodipine Besilate,5 mg,Globe Pharmaceuticals Ltd.,"Unit Price: ৳ 4.50,(50's pack: ৳ 225.00),",(50's pack: ৳ 225.00)
14430,Calos-D,allopathic,calos-dtablet500-mg200-iu,Tablet,Calcium Carbonate [Elemental source] + Vitamin D3,500 mg+200 IU,Modern Pharmaceuticals Ltd.,"Unit Price: ৳ 4.00,(15's pack: ৳ 60.00),,Unit Price: ৳ 4.00,(30's pack: ৳ 120.00),","(15's pack: ৳ 60.00),(30's pack: ৳ 120.00)"
14294,Calos,allopathic,calostablet500-mg,Tablet,Calcium Carbonate,500 mg,Modern Pharmaceuticals Ltd.,"Unit Price: ৳ 4.00,(50's pack: ৳ 200.00),",(50's pack: ৳ 200.00)
32227,Caloren,allopathic,caloreniv-injection1-mcgml,IV Injection,Calcitriol,1 mcg/ml,ACI Limited,1 ml ampoule: ৳ 150.00,
14377,Calorate Kit,allopathic,calorate-kittablet150-mg-400-mg,Tablet,Ibandronic Acid & Calcium Orotate,150 mg & 400 mg,Beximco Pharmaceuticals Ltd.,(1 & 60) tablet kit: ৳ 990.00,
14376,Calorate,allopathic,caloratetablet400-mg,Tablet,Calcium Orotate,400 mg,Beximco Pharmaceuticals Ltd.,"Unit Price: ৳ 8.00,(30's pack: ৳ 240.00),",(30's pack: ৳ 240.00)
18489,Calorate,allopathic,caloratetablet740-mg,Tablet,Calcium Orotate,740 mg,Beximco Pharmaceuticals Ltd.,"Unit Price: ৳ 10.00,(30's pack: ৳ 300.00),",(30's pack: ৳ 300.00)
29122,Caloprid,allopathic,calopridtablet2-mg,Tablet,Prucalopride Succinate,2 mg,Square Pharmaceuticals Ltd.,"Unit Price: ৳ 24.00,(20's pack: ৳ 480.00),",(20's pack: ৳ 480.00)
29121,Caloprid,allopathic,calopridtablet1-mg,Tablet,Prucalopride Succinate,1 mg,Square Pharmaceuticals Ltd.,"Unit Price: ৳ 14.00,(20's pack: ৳ 280.00),",(20's pack: ৳ 280.00)
14761,Calonil,allopathic,caloniltablet8-mg,Tablet,Sucralose,8 mg,Ad-din Pharmaceuticals Ltd.,"Unit Price: ৳ 1.00,(100's pack: ৳ 100.00),",(100's pack: ৳ 100.00)
14375,Calofast,allopathic,calofasttablet400-mg,Tablet,Calcium Orotate,400 mg,Eskayef Pharmaceuticals Ltd.,"Unit Price: ৳ 8.00,(30's pack: ৳ 240.00),",(30's pack: ৳ 240.00)
819,Calock Plus,allopathic,calock-plustablet5-mg50-mg,Tablet,Amlodipine Besilate + Atenolol,5 mg+50 mg,Medimet Pharmaceuticals Ltd.,"Unit Price: ৳ 4.50,(42's pack: ৳ 189.00),",(42's pack: ৳ 189.00)
818,Calock Plus,allopathic,calock-plustablet5-mg50-mg,Tablet,Amlodipine Besilate + Atenolol,5 mg+50 mg,Medimet Pharmaceuticals Ltd.,"Unit Price: ৳ 4.50,(42's pack: ৳ 189.00),",(42's pack: ৳ 189.00)
669,Calock,allopathic,calocktablet10-mg,Tablet,Amlodipine Besilate,10 mg,Medimet Pharmaceuticals Ltd.,"Unit Price: ৳ 3.75,(50's pack: ৳ 187.50),",(50's pack: ৳ 187.50)
670,Calock,allopathic,calocktablet5-mg,Tablet,Amlodipine Besilate,5 mg,Medimet Pharmaceuticals Ltd.,"Unit Price: ৳ 3.50,(50's pack: ৳ 175.00),",(50's pack: ৳ 175.00)
27037,Calnor,allopathic,calnortablet5-mg40-mg,Tablet,Amlodipine Besilate + Olmesartan Medoxomil,5 mg+40 mg,Opsonin Pharma Ltd.,"Unit Price: ৳ 17.00,(42's pack: ৳ 714.00),",(42's pack: ৳ 714.00)
17769,Calnor,allopathic,calnortablet5-mg20-mg,Tablet,Amlodipine Besilate + Olmesartan Medoxomil,5 mg+20 mg,Opsonin Pharma Ltd.,"Unit Price: ৳ 12.00,(42's pack: ৳ 504.00),",(42's pack: ৳ 504.00)
27845,Calmi-M,allopathic,calmi-mtablet,Tablet,Calcium Carbonate + Vitamin D3 + Multimineral,,Alco Pharma Ltd.,"Unit Price: ৳ 5.52,(15's pack: ৳ 82.80),,Unit Price: ৳ 5.52,(30's pack: ৳ 165.50),","(15's pack: ৳ 82.80),(30's pack: ৳ 165.50)"
27844,Calmi-D,allopathic,calmi-dtablet500-mg200-iu,Tablet,Calcium Carbonate [Elemental source] + Vitamin D3,500 mg+200 IU,Alco Pharma Ltd.,"Unit Price: ৳ 5.02,(15's pack: ৳ 75.30),,Unit Price: ৳ 5.02,(30's pack: ৳ 150.60),","(15's pack: ৳ 75.30),(30's pack: ৳ 150.60)"
27843,Calmi,allopathic,calmitablet500-mg,Tablet,Calcium Carbonate,500 mg,Alco Pharma Ltd.,"Unit Price: ৳ 4.01,(50's pack: ৳ 200.50),",(50's pack: ৳ 200.50)
14429,Calmet-D,allopathic,calmet-dtablet500-mg200-iu,Tablet,Calcium Carbonate [Elemental source] + Vitamin D3,500 mg+200 IU,Somatec Pharmaceuticals Ltd.,"Unit Price: ৳ 5.00,(30's pack: ৳ 150.00),,Unit Price: ৳ 5.00,(60's pack: ৳ 300.00),","(30's pack: ৳ 150.00),(60's pack: ৳ 300.00)"
30693,Calmet M,allopathic,calmet-mtablet,Tablet,Calcium Carbonate + Vitamin D3 + Multimineral,,Somatec Pharmaceuticals Ltd.,"Unit Price: ৳ 4.01,(15's pack: ৳ 60.15),,Unit Price: ৳ 4.01,(30's pack: ৳ 120.30),","(15's pack: ৳ 60.15),(30's pack: ৳ 120.30)"
3093,Camoval,allopathic,camovaltablet5-mg160-mg,Tablet,Amlodipine Besilate + Valsartan,5 mg+160 mg,Square Pharmaceuticals Ltd.,"Unit Price: ৳ 16.11,(20's pack: ৳ 322.29),",(20's pack: ৳ 322.29)
3092,Camoval,allopathic,camovaltablet5-mg80-mg,Tablet,Amlodipine Besilate + Valsartan,5 mg+80 mg,Square Pharmaceuticals Ltd.,"Unit Price: ৳ 9.06,(30's pack: ৳ 271.75),",(30's pack: ৳ 271.75)
29856,Camlotel,allopathic,camloteltablet5-mg40-mg,Tablet,Amlodipine Besilate + Telmisartan,5 mg+40 mg,Square Pharmaceuticals Ltd.,"Unit Price: ৳ 12.50,(30's pack: ৳ 375.00),",(30's pack: ৳ 375.00)
30957,Camlotel,allopathic,camloteltablet5-mg80-mg,Tablet,Amlodipine Besilate + Telmisartan,5 mg+80 mg,Square Pharmaceuticals Ltd.,"Unit Price: ৳ 20.00,(30's pack: ৳ 600.00),",(30's pack: ৳ 600.00)
3078,Camlosart,allopathic,camlosarttablet5-mg20-mg,Tablet,Amlodipine Besilate + Olmesartan Medoxomil,5 mg+20 mg,Square Pharmaceuticals Ltd.,"Unit Price: ৳ 12.00,(30's pack: ৳ 360.00),",(30's pack: ৳ 360.00)
3079,Camlosart,allopathic,camlosarttablet5-mg40-mg,Tablet,Amlodipine Besilate + Olmesartan Medoxomil,5 mg+40 mg,Square Pharmaceuticals Ltd.,"Unit Price: ৳ 20.00,(20's pack: ৳ 400.00),",(20's pack: ৳ 400.00)
30585,Camlopril,allopathic,camloprilcapsule10-mg20-mg,Capsule,Amlodipine Besilate + Benazepril Hydrochloride,10 mg+20 mg,Square Pharmaceuticals Ltd.,"Unit Price: ৳ 10.07,(30's pack: ৳ 302.10),",(30's pack: ৳ 302.10)
30584,Camlopril,allopathic,camloprilcapsule5-mg20-mg,Capsule,Amlodipine Besilate + Benazepril Hydrochloride,5 mg+20 mg,Square Pharmaceuticals Ltd.,"Unit Price: ৳ 8.06,(30's pack: ৳ 241.80),",(30's pack: ৳ 241.80)
30583,Camlopril,allopathic,camloprilcapsule5-mg10-mg,Capsule,Amlodipine Besilate + Benazepril Hydrochloride,5 mg+10 mg,Square Pharmaceuticals Ltd.,"Unit Price: ৳ 6.04,(30's pack: ৳ 181.20),",(30's pack: ৳ 181.20)
30582,Camlopril,allopathic,camloprilcapsule25-mg10-mg,Capsule,Amlodipine Besilate + Benazepril Hydrochloride,2.5 mg+10 mg,Square Pharmaceuticals Ltd.,"Unit Price: ৳ 4.03,(30's pack: ৳ 120.90),",(30's pack: ৳ 120.90)
821,Camlodin Plus,allopathic,camlodin-plustablet5-mg25-mg,Tablet,Amlodipine Besilate + Atenolol,5 mg+25 mg,Square Pharmaceuticals Ltd.,"Unit Price: ৳ 5.02,(30's pack: ৳ 150.60),",(30's pack: ৳ 150.60)
822,Camlodin Plus,allopathic,camlodin-plustablet5-mg50-mg,Tablet,Amlodipine Besilate + Atenolol,5 mg+50 mg,Square Pharmaceuticals Ltd.,"Unit Price: ৳ 6.02,(56's pack: ৳ 337.12),",(56's pack: ৳ 337.12)
677,Camlodin,allopathic,camlodintablet5-mg,Tablet,Amlodipine Besilate,5 mg,Square Pharmaceuticals Ltd.,"Unit Price: ৳ 5.02,(60's pack: ৳ 301.20),",(60's pack: ৳ 301.20)
3147,Camiton,allopathic,camitontablet5-mg,Tablet,Vinpocetine,5 mg,Drug International Ltd.,"Unit Price: ৳ 4.05,(98's pack: ৳ 397.00),",(98's pack: ৳ 397.00)
14524,Calvimax Plus,allopathic,calvimax-plustablet,Tablet,Calcium Carbonate + Vitamin D3 + Multimineral,,Incepta Pharmaceuticals Ltd.,"Unit Price: ৳ 5.00,(30's pack: ৳ 150.00),",(30's pack: ৳ 150.00)
14434,Calvimax D,allopathic,calvimax-dtablet500-mg200-iu,Tablet,Calcium Carbonate [Elemental source] + Vitamin D3,500 mg+200 IU,Incepta Pharmaceuticals Ltd.,"Unit Price: ৳ 5.00,(30's pack: ৳ 150.00),",(30's pack: ৳ 150.00)
674,Calvasc,allopathic,calvasctablet5-mg,Tablet,Amlodipine Besilate,5 mg,UniMed UniHealth,"Unit Price: ৳ 5.00,(30's pack: ৳ 150.00),",(30's pack: ৳ 150.00)
675,Calvasc,allopathic,calvasctablet10-mg,Tablet,Amlodipine Besilate,10 mg,UniMed UniHealth,"Unit Price: ৳ 8.00,(30's pack: ৳ 240.00),",(30's pack: ৳ 240.00)
31248,Calumide,allopathic,calumidetablet50-mg,Tablet,Bicalutamide,50 mg,Healthcare Pharmaceuticals Ltd.,"Unit Price: ৳ 80.00,(30's pack: ৳ 2,400.00),","(30's pack: ৳ 2,400.00)"
13513,Caltrol,allopathic,caltrolcapsule025-mcg,Capsule,Calcitriol,0.25 mcg,Pacific Pharmaceuticals Ltd.,"Unit Price: ৳ 10.00,(30's pack: ৳ 300.00),",(30's pack: ৳ 300.00)
28522,Caltrol,allopathic,caltroliv-injection1-mcgml,IV Injection,Calcitriol,1 mcg/ml,Pacific Pharmaceuticals Ltd.,1 ml ampoule: ৳ 155.00,
28198,Caltonic-D,allopathic,caltonic-dtablet500-mg200-iu,Tablet,Calcium Carbonate [Elemental source] + Vitamin D3,500 mg+200 IU,Globex Pharmaceuticals Ltd.,"Unit Price: ৳ 5.00,(30's pack: ৳ 150.00),",(30's pack: ৳ 150.00)
14356,Caltonic,allopathic,caltonictablet500-mg,Tablet,Calcium Carbonate,500 mg,Globex Pharmaceuticals Ltd.,"Unit Price: ৳ 4.00,(100's pack: ৳ 400.00),",(100's pack: ৳ 400.00)
14262,Calton,allopathic,caltontablet300-mg,Tablet,Calcium Lactate,300 mg,Salton Pharmaceuticals Ltd.,"Unit Price: ৳ 0.29,(100's pack: ৳ 29.00),",(100's pack: ৳ 29.00)
14258,Caltate,allopathic,caltatetablet300-mg,Tablet,Calcium Lactate,300 mg,Gaco Pharmaceuticals Ltd.,"Unit Price: ৳ 0.71,(150's pack: ৳ 106.00),",(150's pack: ৳ 106.00)
18471,Caltab,allopathic,caltabtablet300-mg,Tablet,Calcium Lactate,300 mg,Indo Bangla Pharmaceutical,"Unit Price: ৳ 0.27,(100's pack: ৳ 27.00),",(100's pack: ৳ 27.00)
14433,Calsto D,allopathic,calsto-dtablet500-mg200-iu,Tablet,Calcium Carbonate [Elemental source] + Vitamin D3,500 mg+200 IU,Monicopharma Ltd.,"Unit Price: ৳ 5.00,(30's pack: ৳ 150.00),",(30's pack: ৳ 150.00)
14297,Calsto,allopathic,calstotablet500-mg,Tablet,Calcium Carbonate,500 mg,Monicopharma Ltd.,"Unit Price: ৳ 2.00,(50's pack: ৳ 100.00),",(50's pack: ৳ 100.00)
14257,Calson,allopathic,calsontablet300-mg,Tablet,Calcium Lactate,300 mg,Hudson Pharmaceuticals Ltd.,"Unit Price: ৳ 0.29,(100's pack: ৳ 29.00),",(100's pack: ৳ 29.00)
14432,Calsil Plus,allopathic,calsil-plustablet500-mg200-iu,Tablet,Calcium Carbonate [Elemental source] + Vitamin D3,500 mg+200 IU,Silva Pharmaceuticals Ltd.,"Unit Price: ৳ 5.00,(60's pack: ৳ 300.00),",(60's pack: ৳ 300.00)
29679,Majoon ard khurma,herbal,majoon-ard-khurmapowder-for-suspension,Powder for Suspension,Acacia + Dates + Asparagus + Edible Pine,,Hamdard Bangladesh,100 gm container: ৳ 130.00,
10008,Candoral,allopathic,candoraloral-gel2-ww,Oral Gel,Miconazole Nitrate (Oral Gel),2% w/w,Beximco Pharmaceuticals Ltd.,15 gm tube: ৳ 52.00,
9972,Candizol,allopathic,candizolcapsule50-mg,Capsule,Fluconazole,50 mg,S.N. Pharmaceutical Ltd.,"Unit Price: ৳ 7.00,(30's pack: ৳ 210.00),",(30's pack: ৳ 210.00)
29570,Candiver,allopathic,candivercapsule50-mg,Capsule,Fluconazole,50 mg,Veritas Pharmaceuticals Ltd.,"Unit Price: ৳ 9.00,(30's pack: ৳ 270.00),",(30's pack: ৳ 270.00)
29375,Candistin,allopathic,candistinear-drop03100252,Ear Drop,Ofloxacin + Clotrimazole + Beclomethasone + Lidocaine,0.3%+1%+0.025%+2%,UniMed UniHealth,10 ml drop: ৳ 150.00,
29812,Candirox,allopathic,candiroxnail-lacquer8-wv,Nail Lacquer,Ciclopirox Olamine (Nail Lacquer),8% w/v,Incepta Pharmaceuticals Ltd.,3.3 ml bottle: ৳ 160.00,
16373,Candirox,allopathic,candiroxcream077,Cream,Ciclopirox Olamine (Cream),0.77%,Incepta Pharmaceuticals Ltd.,15 gm tube: ৳ 110.00,
9831,Candinil,allopathic,candinilcapsule50-mg,Capsule,Fluconazole,50 mg,Healthcare Pharmaceuticals Ltd.,"Unit Price: ৳ 8.00,(30's pack: ৳ 240.00),",(30's pack: ৳ 240.00)
9832,Candinil,allopathic,candinilcapsule150-mg,Capsule,Fluconazole,150 mg,Healthcare Pharmaceuticals Ltd.,"Unit Price: ৳ 22.00,(12's pack: ৳ 264.00),",(12's pack: ৳ 264.00)
9833,Candinil,allopathic,candinilpowder-for-suspension50-mg5-ml,Powder for Suspension,Fluconazole,50 mg/5 ml,Healthcare Pharmaceuticals Ltd.,35 ml bottle: ৳ 78.00,
26095,Candinil,allopathic,candinilcapsule200-mg,Capsule,Fluconazole,200 mg,Healthcare Pharmaceuticals Ltd.,"Unit Price: ৳ 25.00,(12's pack: ৳ 300.00),",(12's pack: ৳ 300.00)
28199,Candiflu,allopathic,candiflucapsule50-mg,Capsule,Fluconazole,50 mg,Globex Pharmaceuticals Ltd.,"Unit Price: ৳ 8.00,(30's pack: ৳ 240.00),",(30's pack: ৳ 240.00)
9971,Candiflu,allopathic,candiflupowder-for-suspension50-mg5-ml,Powder for Suspension,Fluconazole,50 mg/5 ml,Globex Pharmaceuticals Ltd.,35 ml bottle: ৳ 70.00,
9827,Candid,allopathic,candidtablet50-mg,Tablet,Fluconazole,50 mg,Amico Laboratories Ltd.,"Unit Price: ৳ 8.00,(30's pack: ৳ 240.00),",(30's pack: ৳ 240.00)
9828,Candid,allopathic,candidtablet150-mg,Tablet,Fluconazole,150 mg,Amico Laboratories Ltd.,"Unit Price: ৳ 22.00,(20's pack: ৳ 440.00),",(20's pack: ৳ 440.00)
30949,Candicon,allopathic,candicontablet200-mg,Tablet,Voriconazole,200 mg,Popular Pharmaceuticals Ltd.,"Unit Price: ৳ 130.00,(8's pack: ৳ 1,040.00),","(8's pack: ৳ 1,040.00)"
32657,Candicon,allopathic,candicontablet100-mg,Tablet,Voriconazole,100 mg,Popular Pharmaceuticals Ltd.,"Unit Price: ৳ 70.00,(10's pack: ৳ 700.00),",(10's pack: ৳ 700.00)
29863,Candibac,allopathic,candibacear-drop002551173,Ear Drop,Beclomethasone Dipropionate + Chloramphenicol + Clotrimazole + Lidocaine,0.025%+5%+1%+1.73%,Opsonin Pharma Ltd.,5 ml drop: ৳ 200.00,
9799,Candex,allopathic,candexoral-suspension100000-unitml,Oral Suspension,Nystatin (Oral),100000 Unit/ml,Square Pharmaceuticals Ltd.,30 ml bottle: ৳ 46.84,
31053,Candela,allopathic,candelashampoo1,Shampoo,Ciclopirox Olamine (Shampoo),1%,Incepta Pharmaceuticals Ltd.,100 ml bottle: ৳ 350.00,
9823,Canazole,allopathic,canazoletablet50-mg,Tablet,Fluconazole,50 mg,ACI Limited,"Unit Price: ৳ 8.05,(30's pack: ৳ 241.50),",(30's pack: ৳ 241.50)
9824,Canazole,allopathic,canazoletablet150-mg,Tablet,Fluconazole,150 mg,ACI Limited,"Unit Price: ৳ 22.15,(10's pack: ৳ 221.50),",(10's pack: ৳ 221.50)
9825,Canazole,allopathic,canazoletablet200-mg,Tablet,Fluconazole,200 mg,ACI Limited,"Unit Price: ৳ 25.08,(10's pack: ৳ 250.80),",(10's pack: ৳ 250.80)
9826,Canazole,allopathic,canazolepowder-for-suspension50-mg5-ml,Powder for Suspension,Fluconazole,50 mg/5 ml,ACI Limited,35 ml bottle: ৳ 78.53,
17238,Canasa,allopathic,canasatablet-delayed-release400-mg,Tablet (Delayed Release),Mesalazine [5-aminosalicylic acid],400 mg,Drug International Ltd.,"Unit Price: ৳ 5.00,(30's pack: ৳ 150.00),",(30's pack: ৳ 150.00)
16350,Canarol,allopathic,canaroltablet100-mg,Tablet,Canagliflozin Hemihydrate,100 mg,Drug International Ltd.,"Unit Price: ৳ 60.00,(10's pack: ৳ 600.00),",(10's pack: ৳ 600.00)
31987,Canalia,allopathic,canaliacapsule-delayed-release30-mg,Capsule (Delayed Release),Dexlansoprazole,30 mg,Aristopharma Ltd.,"Unit Price: ৳ 10.00,(60's pack: ৳ 600.00),",(60's pack: ৳ 600.00)
31986,Canalia,allopathic,canaliacapsule-delayed-release60-mg,Capsule (Delayed Release),Dexlansoprazole,60 mg,Aristopharma Ltd.,"Unit Price: ৳ 18.00,(30's pack: ৳ 540.00),",(30's pack: ৳ 540.00)
16349,Canaglif,allopathic,canagliftablet100-mg,Tablet,Canagliflozin Hemihydrate,100 mg,Square Pharmaceuticals Ltd.,"Unit Price: ৳ 40.00,(10's pack: ৳ 400.00),",(10's pack: ৳ 400.00)
15122,Campto,allopathic,camptoiv-infusion20-mgml,IV Infusion,Irinotecan Hydrochloride,20 mg/ml,Pfizer,"40 mg vial: ৳ 4,985.59,100 mg vial: ৳ 10,462.00",
17230,Camphor Plus,allopathic,camphor-pluscream30104,Cream,Methyl Salicylate + Menthol + Camphor,30%+10%+4%,NIPRO JMI Pharma Ltd.,"15 gm tube: ৳ 95.00,25 gm tube: ৳ 120.00",
941,Acmecilin,allopathic,acmecilininjection250-mgvial,Injection,Ampicillin Sodium,250 mg/vial,ACME Laboratories Ltd.,"250 mg vial: ৳ 19.43,(5's pack: ৳ 97.15),",(5's pack: ৳ 97.15)
29917,Carbazine  CR,allopathic,carbazine-crtablet-controlled-release200-mg,Tablet (Controlled Release),Carbamazepine,200 mg,Eskayef Pharmaceuticals Ltd.,"Unit Price: ৳ 4.50,(50's pack: ৳ 225.00),",(50's pack: ৳ 225.00)
4802,Carbazin,allopathic,carbazintablet200-mg,Tablet,Carbamazepine,200 mg,Eskayef Pharmaceuticals Ltd.,"Unit Price: ৳ 4.00,(50's pack: ৳ 200.00),",(50's pack: ৳ 200.00)
18553,Carbate,allopathic,carbateiv-injection100-mcgml,IV Injection,Carbetocin,100 mcg/ml,Incepta Pharmaceuticals Ltd.,1 ml ampoule: ৳ 150.00,
8219,Carbanem,allopathic,carbanemiv-injection-or-infusion1-gmvial,IV Injection or Infusion,Meropenem Trihydrate,1 gm/vial,Synovia pharma plc,"1 gm vial: ৳ 1,303.91",
8218,Carbanem,allopathic,carbanemiv-injection-or-infusion500-mgvial,IV Injection or Infusion,Meropenem Trihydrate,500 mg/vial,Synovia pharma plc,500 mg vial: ৳ 702.11,
8249,Carbabac,allopathic,carbabaciv-injection-or-infusion1-gmvial,IV Injection or Infusion,Meropenem Trihydrate,1 gm/vial,Pharmasia Limited,"1 gm vial: ৳ 1,200.00",
8248,Carbabac,allopathic,carbabaciv-injection-or-infusion500-mgvial,IV Injection or Infusion,Meropenem Trihydrate,500 mg/vial,Pharmasia Limited,500 mg vial: ৳ 654.00,
32908,Captiva,allopathic,captivatablet500-mg,Tablet,Ciprofloxacin,500 mg,Arges Life Science Limited,"Unit Price: ৳ 15.00,(30's pack: ৳ 450.00),",(30's pack: ৳ 450.00)
32909,Captiva,allopathic,captivapowder-for-suspension250-mg5-ml,Powder for Suspension,Ciprofloxacin,250 mg/5 ml,Arges Life Science Limited,60 ml bottle: ৳ 100.00,
15040,Captabine,allopathic,captabinetablet150-mg,Tablet,Capecitabine,150 mg,Techno Drugs Ltd.,"Unit Price: ৳ 30.00,(30's pack: ৳ 900.00),",(30's pack: ৳ 900.00)
15041,Captabine,allopathic,captabinetablet500-mg,Tablet,Capecitabine,500 mg,Techno Drugs Ltd.,"Unit Price: ৳ 90.00,(30's pack: ৳ 2,700.00),","(30's pack: ৳ 2,700.00)"
29049,Capsidox,allopathic,capsidoxcapsule100-mg,Capsule,Doxycycline Hydrochloride,100 mg,Quality Pharmaceuticals Ltd.,"Unit Price: ৳ 1.80,(100's pack: ৳ 180.00),",(100's pack: ৳ 180.00)
26932,Caprolycin,allopathic,caprolycininjection2-gm10-ml,Injection,Aminocaproic acid,2 gm/10 ml,Pacific Pharmaceuticals Ltd.,"10 ml ampoule: ৳ 50.00,(5's pack: ৳ 250.00),",(5's pack: ৳ 250.00)
3366,Caprolex,allopathic,caprolexinjection1-gm5-ml,Injection,Aminocaproic acid,1 gm/5 ml,Techno Drugs Ltd.,"5 ml ampoule: ৳ 24.88,(5's pack: ৳ 124.41),",(5's pack: ৳ 124.41)
3367,Caprolex,allopathic,caprolexinjection2-gm10-ml,Injection,Aminocaproic acid,2 gm/10 ml,Techno Drugs Ltd.,"10 ml ampoule: ৳ 44.46,(5's pack: ৳ 222.31),",(5's pack: ৳ 222.31)
31340,Caprogen DS,allopathic,caprogen-dsim-injection500-mg2-ml,IM Injection,Hydroxyprogesterone Caproate,500 mg/2 ml,Nuvista Pharma Ltd.,2 ml ampoule: ৳ 650.00,
28647,Caprogen,allopathic,caprogenim-injection250-mgml,IM Injection,Hydroxyprogesterone Caproate,250 mg/ml,Nuvista Pharma Ltd.,1 ml ampoule: ৳ 350.00,
27846,Capotril,allopathic,capotriltablet25-mg,Tablet,Captopril,25 mg,Alco Pharma Ltd.,"Unit Price: ৳ 3.00,(40's pack: ৳ 120.00),",(40's pack: ৳ 120.00)
29399,Capecitin,allopathic,capecitintablet500-mg,Tablet,Capecitabine,500 mg,Aristopharma Ltd.,"Unit Price: ৳ 120.00,(30's pack: ৳ 3,600.00),","(30's pack: ৳ 3,600.00)"
29275,Capdol,allopathic,capdoltablet500-mg65-mg,Tablet,Paracetamol + Caffeine,500 mg+65 mg,Novo Healthcare and Pharma Ltd.,"Unit Price: ৳ 2.00,(100's pack: ৳ 200.00),",(100's pack: ৳ 200.00)
29793,Capcitab,allopathic,capcitabtablet500-mg,Tablet,Capecitabine,500 mg,Eskayef Pharmaceuticals Ltd.,"Unit Price: ৳ 125.00,(28's pack: ৳ 3,500.00),","(28's pack: ৳ 3,500.00)"
29792,Capcitab,allopathic,capcitabtablet150-mg,Tablet,Capecitabine,150 mg,Eskayef Pharmaceuticals Ltd.,"Unit Price: ৳ 60.00,(10's pack: ৳ 600.00),",(10's pack: ৳ 600.00)
13910,Capcee TR,allopathic,capcee-trcapsule-timed-release500-mg,Capsule (Timed Release),Vitamin C [Ascorbic acid],500 mg,Silva Pharmaceuticals Ltd.,"Unit Price: ৳ 3.89,(48's pack: ৳ 186.86),",(48's pack: ৳ 186.86)
33086,Caparen,allopathic,caparentablet500-mg,Tablet,Capecitabine,500 mg,Renata Limited,"Unit Price: ৳ 150.00,(24's pack: ৳ 3,600.00),","(24's pack: ৳ 3,600.00)"
29556,Canvo,allopathic,canvotablet200-mg,Tablet,Voriconazole,200 mg,Everest Pharmaceuticals Ltd.,"Unit Price: ৳ 120.00,(6's pack: ৳ 720.00),",(6's pack: ৳ 720.00)
12383,Cantrim,allopathic,cantrimcream1,Cream,Clotrimazole (Topical),1%,Rephco Pharmaceuticals Ltd.,10 gm tube: ৳ 28.00,
19559,Cantina,allopathic,cantinacream1,Cream,Clotrimazole (Topical),1%,Kemiko Pharmaceuticals Ltd.,10 gm tube: ৳ 35.11,
12382,Canten,allopathic,cantencream1,Cream,Clotrimazole (Topical),1%,Pharmadesh Laboratories Ltd.,10 gm tube: ৳ 29.00,
9801,Canstat,allopathic,canstatoral-suspension100000-unitml,Oral Suspension,Nystatin (Oral),100000 unit/ml,Jayson Pharmaceuticals Ltd.,10 ml bottle: ৳ 17.25,
32228,Canider,allopathic,canidertablet10-mg,Tablet,Lercanidipine Hydrochloride,10 mg,ACI Limited,"Unit Price: ৳ 5.02,(30's pack: ৳ 150.60),",(30's pack: ৳ 150.60)
940,Acmecilin,allopathic,acmecilincapsule250-mg,Capsule,Ampicillin Sodium,250 mg,ACME Laboratories Ltd.,"Unit Price: ৳ 3.34,(100's pack: ৳ 334.00),",(100's pack: ৳ 334.00)
2513,Cardex,allopathic,cardextablet125-mg,Tablet,Carvedilol,12.5 mg,Opsonin Pharma Ltd.,"Unit Price: ৳ 5.03,(42's pack: ৳ 211.26),",(42's pack: ৳ 211.26)
2512,Cardex,allopathic,cardextablet625-mg,Tablet,Carvedilol,6.25 mg,Opsonin Pharma Ltd.,"Unit Price: ৳ 3.01,(56's pack: ৳ 168.56),",(56's pack: ৳ 168.56)
2511,Cardex,allopathic,cardextablet3125-mg,Tablet,Carvedilol,3.125 mg,Opsonin Pharma Ltd.,"Unit Price: ৳ 1.52,(112's pack: ৳ 170.24),",(112's pack: ৳ 170.24)
28773,Carceva Plus,allopathic,carceva-plustablet75-mg75-mg,Tablet,Clopidogrel + Aspirin,75 mg+75 mg,NIPRO JMI Pharma Ltd.,"Unit Price: ৳ 11.00,(30's pack: ৳ 330.00),",(30's pack: ৳ 330.00)
26173,Carceva,allopathic,carcevatablet75-mg,Tablet,Clopidogrel Bisulphate,75 mg,NIPRO JMI Pharma Ltd.,"Unit Price: ৳ 10.00,(30's pack: ৳ 300.00),",(30's pack: ৳ 300.00)
29794,Carbotor,allopathic,carbotoriv-infusion10-mgml,IV Infusion,Carboplatin,10 mg/ml,Eskayef Pharmaceuticals Ltd.,"150 mg vial: ৳ 1,600.00,450 mg vial: ৳ 4,400.00",
15093,Carbotin,allopathic,carbotiniv-infusion10-mgml,IV Infusion,Carboplatin,10 mg/ml,Techno Drugs Ltd.,"150 mg vial: ৳ 1,300.00,450 mg vial: ৳ 3,500.00",
4118,Carboten DS,allopathic,carboten-dssyrup250-mg5-ml,Syrup,Carbocisteine,250 mg/5 ml,Amico Laboratories Ltd.,100 ml bottle: ৳ 40.00,
15091,Carboplatin Hexal,allopathic,carboplatin-hexaliv-infusion10-mgml,IV Infusion,Carboplatin,10 mg/ml,SANDOZ (A Novartis Division),"150 mg vial: ৳ 1,800.90,450 mg vial: ৳ 4,482.24",
17277,Carboplatin  Sindan,allopathic,carboplatin-sindaniv-infusion10-mgml,IV Infusion,Carboplatin,10 mg/ml,BOTS Pvt. Limited,"450 mg vial: ৳ 4,140.00,800 mg vial: ৳ 5,520.00",
28936,Carboplatin,allopathic,carboplatiniv-infusion10-mgml,IV Infusion,Carboplatin,10 mg/ml,Pfizer,"450 mg vial: ৳ 3,375.00",
15096,Carboplat,allopathic,carboplativ-infusion10-mgml,IV Infusion,Carboplatin,10 mg/ml,Beacon Pharmaceuticals Ltd.,"150 mg vial: ৳ 1,400.00,450 mg vial: ৳ 3,800.00",
13408,Carbomet,allopathic,carbometcapsule,Capsule,Carbonyl Iron + Folic Acid + Zinc Sulfate + Vitamin B Complex + Vitamin C,,Somatec Pharmaceuticals Ltd.,"Unit Price: ৳ 3.01,(60's pack: ৳ 180.60),",(60's pack: ৳ 180.60)
4117,Carbolin DS,allopathic,carbolin-dssyrup250-mg5-ml,Syrup,Carbocisteine,250 mg/5 ml,Eskayef Pharmaceuticals Ltd.,100 ml bottle: ৳ 40.00,
4116,Carbolin,allopathic,carbolinsyrup125-mg5-ml,Syrup,Carbocisteine,125 mg/5 ml,Eskayef Pharmaceuticals Ltd.,100 ml bottle: ৳ 30.00,
29919,Carbolin,allopathic,carbolincapsule375-mg,Capsule,Carbocisteine,375 mg,Eskayef Pharmaceuticals Ltd.,"Unit Price: ৳ 2.50,(30's pack: ৳ 75.00),",(30's pack: ৳ 75.00)
14525,Carbocal-M,allopathic,carbocal-mtablet,Tablet,Calcium Carbonate + Vitamin D3 + Multimineral,,Globe Pharmaceuticals Ltd.,"Unit Price: ৳ 5.00,(30's pack: ৳ 150.00),",(30's pack: ৳ 150.00)
14435,Carbocal-D,allopathic,carbocal-dtablet500-mg200-iu,Tablet,Calcium Carbonate [Elemental source] + Vitamin D3,500 mg+200 IU,Globe Pharmaceuticals Ltd.,"Unit Price: ৳ 7.00,(30's pack: ৳ 210.00),",(30's pack: ৳ 210.00)
14298,Carbocal,allopathic,carbocaltablet500-mg,Tablet,Calcium Carbonate,500 mg,Globe Pharmaceuticals Ltd.,"Unit Price: ৳ 2.20,(100's pack: ৳ 220.00),",(100's pack: ৳ 220.00)
5738,Carbizol,allopathic,carbizoltablet5-mg,Tablet,Carbimazole,5 mg,Square Pharmaceuticals Ltd.,"Unit Price: ৳ 3.01,(100's pack: ৳ 301.00),",(100's pack: ৳ 301.00)
31197,Carbizol,allopathic,carbizoltablet10-mg,Tablet,Carbimazole,10 mg,Square Pharmaceuticals Ltd.,"Unit Price: ৳ 5.00,(60's pack: ৳ 300.00),",(60's pack: ৳ 300.00)
29243,Carbium,allopathic,carbiumcapsule,Capsule,Iron + Folic Acid + Vitamin B Complex + Vitamine C + Zinc Sulfate,,Al-Madina Pharmaceuticals Ltd.,"Unit Price: ৳ 3.50,(50's pack: ৳ 175.00),",(50's pack: ৳ 175.00)
5737,Carbiroid,allopathic,carbiroidtablet5-mg,Tablet,Carbimazole,5 mg,The White Horse Pharma,"Unit Price: ৳ 4.80,(100's pack: ৳ 480.00),",(100's pack: ৳ 480.00)
26047,Carbestop,allopathic,carbestopinjection250-mcgml,Injection,Carboprost Tromethamine,250 mcg/ml,Incepta Pharmaceuticals Ltd.,1 ml ampoule: ৳ 200.00,
28991,Carbeshot,allopathic,carbeshotiv-injection100-mcgml,IV Injection,Carbetocin,100 mcg/ml,Nuvista Pharma Ltd.,1 ml ampoule: ৳ 149.00,
18488,Carben O,allopathic,carben-otablet400-mg,Tablet,Calcium Orotate,400 mg,Benham Pharmaceuticals Ltd.,"Unit Price: ৳ 8.00,(30's pack: ৳ 240.00),",(30's pack: ৳ 240.00)
27463,Carben DS,allopathic,carben-dstablet600-mg400-iu,Tablet,Calcium Carbonate [Elemental source] + Vitamin D3,600 mg+400 IU,Benham Pharmaceuticals Ltd.,"Unit Price: ৳ 8.00,(30's pack: ৳ 240.00),",(30's pack: ৳ 240.00)
14485,Carben D,allopathic,carben-dtablet500-mg200-iu,Tablet,Calcium Carbonate [Elemental source] + Vitamin D3,500 mg+200 IU,Benham Pharmaceuticals Ltd.,"Unit Price: ৳ 6.50,(30's pack: ৳ 195.00),,Unit Price: ৳ 6.50,(20's pack: ৳ 130.00),","(30's pack: ৳ 195.00),(20's pack: ৳ 130.00)"
27462,Carben C,allopathic,carben-ceffervescent-tablet1000-mg327-mg500-mg,Effervescent Tablet,Calcium Lactate Gluconate + Calcium Carbonate + Vitamin C,1000 mg+327 mg+500 mg,Benham Pharmaceuticals Ltd.,"Unit Price: ৳ 10.00,(10's pack: ৳ 100.00),",(10's pack: ৳ 100.00)
14357,Carben,allopathic,carbentablet500-mg,Tablet,Calcium Carbonate,500 mg,Benham Pharmaceuticals Ltd.,"Unit Price: ৳ 3.50,(50's pack: ৳ 175.00),",(50's pack: ৳ 175.00)
939,Acmecilin,allopathic,acmecilinoral-suspension125-mg5-ml,Oral Suspension,Ampicillin Sodium,125 mg/5 ml,ACME Laboratories Ltd.,100 ml bottle: ৳ 39.71,
3053,Cardizem,allopathic,cardizemtablet60-mg,Tablet,Diltiazem Hydrochloride (FC tablet),60 mg,Drug International Ltd.,"Unit Price: ৳ 5.00,(100's pack: ৳ 500.00),",(100's pack: ৳ 500.00)
3052,Cardizem,allopathic,cardizemtablet30-mg,Tablet,Diltiazem Hydrochloride (FC tablet),30 mg,Drug International Ltd.,"Unit Price: ৳ 3.00,(98's pack: ৳ 294.00),",(98's pack: ৳ 294.00)
14004,Cardivit,allopathic,cardivittablet400-mg400-iu2-mg,Tablet,Vitamin C + Vitamin D3 + Folic acid,400 mg+400 IU+2 mg,Incepta Pharmaceuticals Ltd.,"Unit Price: ৳ 3.00,(30's pack: ৳ 90.00),",(30's pack: ৳ 90.00)
2515,Cardivas,allopathic,cardivastablet125-mg,Tablet,Carvedilol,12.5 mg,Sun Pharmaceutical Ltd.,"Unit Price: ৳ 6.56,(30's pack: ৳ 196.80),",(30's pack: ৳ 196.80)
2514,Cardivas,allopathic,cardivastablet625-mg,Tablet,Carvedilol,6.25 mg,Sun Pharmaceutical Ltd.,"Unit Price: ৳ 4.56,(30's pack: ৳ 136.80),",(30's pack: ৳ 136.80)
3001,Cardival Plus,allopathic,cardival-plustablet80-mg125-mg,Tablet,Valsartan + Hydrochlorothiazide,80 mg+12.5 mg,Drug International Ltd.,"Unit Price: ৳ 8.00,(20's pack: ৳ 160.00),",(20's pack: ৳ 160.00)
3002,Cardival Plus,allopathic,cardival-plustablet160-mg125-mg,Tablet,Valsartan + Hydrochlorothiazide,160 mg+12.5 mg,Drug International Ltd.,"Unit Price: ৳ 16.00,(10's pack: ৳ 160.00),",(10's pack: ৳ 160.00)
2798,Cardival,allopathic,cardivaltablet80-mg,Tablet,Valsartan,80 mg,Drug International Ltd.,"Unit Price: ৳ 10.05,(30's pack: ৳ 301.50),",(30's pack: ৳ 301.50)
1082,Cardisef,allopathic,cardiseftablet50-mg,Tablet,Atenolol,50 mg,Supreme Pharmaceutical Ltd.,"Unit Price: ৳ 0.77,(100's pack: ৳ 77.00),",(100's pack: ৳ 77.00)
1083,Cardisef,allopathic,cardiseftablet100-mg,Tablet,Atenolol,100 mg,Supreme Pharmaceutical Ltd.,"Unit Price: ৳ 1.36,(100's pack: ৳ 136.00),",(100's pack: ৳ 136.00)
2944,Cardisan Plus,allopathic,cardisan-plustablet50-mg125-mg,Tablet,Losartan Potassium + Hydrochlorothiazide,50 mg+12.5 mg,Beacon Pharmaceuticals Ltd.,"Unit Price: ৳ 8.02,(30's pack: ৳ 240.60),",(30's pack: ৳ 240.60)
2707,Cardisan,allopathic,cardisantablet50-mg,Tablet,Losartan Potassium,50 mg,Beacon Pharmaceuticals Ltd.,"Unit Price: ৳ 8.02,(30's pack: ৳ 240.60),",(30's pack: ৳ 240.60)
612,Cardiron,allopathic,cardirontablet200-mg,Tablet,Amiodarone Hydrochloride,200 mg,Drug International Ltd.,"Unit Price: ৳ 8.00,(30's pack: ৳ 240.00),",(30's pack: ৳ 240.00)
825,Cardipin Plus,allopathic,cardipin-plustablet5-mg50-mg,Tablet,Amlodipine Besilate + Atenolol,5 mg+50 mg,Renata Limited,"Unit Price: ৳ 6.00,(60's pack: ৳ 360.00),",(60's pack: ৳ 360.00)
679,Cardipin,allopathic,cardipintablet5-mg,Tablet,Amlodipine Besilate,5 mg,Renata Limited,"Unit Price: ৳ 5.00,(60's pack: ৳ 300.00),",(60's pack: ৳ 300.00)
2498,Cardinor,allopathic,cardinortablet5-mg,Tablet,Bisoprolol Hemifumarate,5 mg,Labaid Pharma Ltd.,"Unit Price: ৳ 10.03,(30's pack: ৳ 300.93),",(30's pack: ৳ 300.93)
2497,Cardinor,allopathic,cardinortablet25-mg,Tablet,Bisoprolol Hemifumarate,2.5 mg,Labaid Pharma Ltd.,"Unit Price: ৳ 6.02,(30's pack: ৳ 180.50),",(30's pack: ৳ 180.50)
3189,Cardinex,allopathic,cardinexsc-injection6000-anti-xa-iu06-ml,SC Injection,Enoxaparin Sodium,6000 Anti-Xa IU/0.6 ml,Drug International Ltd.,0.6 ml pre-filled syringe: ৳ 526.00,
3188,Cardinex,allopathic,cardinexsc-injection4000-anti-xa-iu04-ml,SC Injection,Enoxaparin Sodium,4000 Anti-Xa IU/0.4 ml,Drug International Ltd.,0.4 ml pre-filled syringe: ৳ 351.10,
3190,Cardinex,allopathic,cardinexsc-injection8000-anti-xa-iu08-ml,SC Injection,Enoxaparin Sodium,8000 Anti-Xa IU/0.8 ml,Drug International Ltd.,0.8 ml pre-filled syringe: ৳ 577.00,
26748,Cardimet MR,allopathic,cardimet-mrtablet-modified-release35-mg,Tablet (Modified Release),Trimetazidine Dihydrochloride,35 mg,Eskayef Pharmaceuticals Ltd.,"Unit Price: ৳ 6.00,(30's pack: ৳ 180.00),",(30's pack: ৳ 180.00)
1079,Cardilock,allopathic,cardilocktablet50-mg,Tablet,Atenolol,50 mg,Alco Pharma Ltd.,"Unit Price: ৳ 0.77,(100's pack: ৳ 77.00),",(100's pack: ৳ 77.00)
3050,Cardil,allopathic,cardiltablet30-mg,Tablet,Diltiazem Hydrochloride (FC tablet),30 mg,Ibn Sina Pharmaceuticals Ltd.,"Unit Price: ৳ 2.25,(100's pack: ৳ 225.00),",(100's pack: ৳ 225.00)
3051,Cardil,allopathic,cardiltablet60-mg,Tablet,Diltiazem Hydrochloride (FC tablet),60 mg,Ibn Sina Pharmaceuticals Ltd.,"Unit Price: ৳ 3.84,(100's pack: ৳ 384.00),",(100's pack: ৳ 384.00)
30568,Cardifort Plus,allopathic,cardifort-plustablet5-mg25-mg,Tablet,Amlodipine Besilate + Atenolol,5 mg+25 mg,Nuvista Pharma Ltd.,"Unit Price: ৳ 5.25,(30's pack: ৳ 157.50),",(30's pack: ৳ 157.50)
30569,Cardifort Plus,allopathic,cardifort-plustablet5-mg50-mg,Tablet,Amlodipine Besilate + Atenolol,5 mg+50 mg,Nuvista Pharma Ltd.,"Unit Price: ৳ 6.00,(30's pack: ৳ 180.00),",(30's pack: ৳ 180.00)
30562,Cardifort,allopathic,cardiforttablet5-mg,Tablet,Amlodipine Besilate,5 mg,Nuvista Pharma Ltd.,"Unit Price: ৳ 5.00,(30's pack: ৳ 150.00),",(30's pack: ৳ 150.00)
2496,Cardicor,allopathic,cardicortablet5-mg,Tablet,Bisoprolol Hemifumarate,5 mg,UniMed UniHealth,"Unit Price: ৳ 10.00,(30's pack: ৳ 300.00),",(30's pack: ৳ 300.00)
2495,Cardicor,allopathic,cardicortablet25-mg,Tablet,Bisoprolol Hemifumarate,2.5 mg,UniMed UniHealth,"Unit Price: ৳ 6.00,(30's pack: ৳ 180.00),",(30's pack: ৳ 180.00)
14436,Cardiben-D,allopathic,cardiben-dtablet500-mg200-iu,Tablet,Calcium Carbonate [Elemental source] + Vitamin D3,500 mg+200 IU,Bengal drugs Ltd.,"Unit Price: ৳ 4.00,(15's pack: ৳ 60.00),,Unit Price: ৳ 4.00,(30's pack: ৳ 120.00),","(15's pack: ৳ 60.00),(30's pack: ৳ 120.00)"
23196,Acme's ORS,allopathic,acmes-orsoral-powder1395-gm,Oral Powder,Oral Rehydration Salt [Powder],13.95 gm,ACME Laboratories Ltd.,"Unit Price: ৳ 5.00,(20's pack: ৳ 100.00),",(20's pack: ৳ 100.00)
25196,Cardovan Plus,allopathic,cardovan-plustablet160-mg125-mg,Tablet,Valsartan + Hydrochlorothiazide,160 mg+12.5 mg,Eskayef Pharmaceuticals Ltd.,"Unit Price: ৳ 16.00,(30's pack: ৳ 480.00),",(30's pack: ৳ 480.00)
25188,Cardovan,allopathic,cardovantablet80-mg,Tablet,Valsartan,80 mg,Eskayef Pharmaceuticals Ltd.,"Unit Price: ৳ 10.00,(30's pack: ৳ 300.00),",(30's pack: ৳ 300.00)
25189,Cardovan,allopathic,cardovantablet160-mg,Tablet,Valsartan,160 mg,Eskayef Pharmaceuticals Ltd.,"Unit Price: ৳ 16.00,(30's pack: ৳ 480.00),",(30's pack: ৳ 480.00)
17753,Cardotel,allopathic,cardoteltablet5-mg80-mg,Tablet,Amlodipine Besilate + Telmisartan,5 mg+80 mg,Pharmasia Limited,"Unit Price: ৳ 20.00,(30's pack: ৳ 600.00),",(30's pack: ৳ 600.00)
729,Cardotel,allopathic,cardoteltablet5-mg40-mg,Tablet,Amlodipine Besilate + Telmisartan,5 mg+40 mg,Pharmasia Limited,"Unit Price: ৳ 12.50,(60's pack: ৳ 750.00),",(60's pack: ৳ 750.00)
26987,Cardosia Plus,allopathic,cardosia-plustablet5-mg50-mg,Tablet,Amlodipine Besilate + Atenolol,5 mg+50 mg,Pharmasia Limited,"Unit Price: ৳ 5.50,(30's pack: ৳ 165.00),",(30's pack: ৳ 165.00)
826,Cardosia Plus,allopathic,cardosia-plustablet5-mg25-mg,Tablet,Amlodipine Besilate + Atenolol,5 mg+25 mg,Pharmadesh Laboratories Ltd.,"Unit Price: ৳ 4.52,(30's pack: ৳ 135.60),",(30's pack: ৳ 135.60)
681,Cardosia,allopathic,cardosiatablet5-mg,Tablet,Amlodipine Besilate,5 mg,Pharmasia Limited,"Unit Price: ৳ 4.00,(30's pack: ৳ 120.00),",(30's pack: ৳ 120.00)
30700,Cardopril,allopathic,cardopriltablet50-mg,Tablet,Captopril,50 mg,Beximco Pharmaceuticals Ltd.,"Unit Price: ৳ 6.02,(100's pack: ৳ 602.00),",(100's pack: ৳ 602.00)
2598,Cardopril,allopathic,cardopriltablet25-mg,Tablet,Captopril,25 mg,Beximco Pharmaceuticals Ltd.,"Unit Price: ৳ 3.01,(100's pack: ৳ 301.48),",(100's pack: ৳ 301.48)
21881,Cardoplus,allopathic,cardoplustablet50-mg125-mg,Tablet,Losartan Potassium + Hydrochlorothiazide,50 mg+12.5 mg,Eskayef Pharmaceuticals Ltd.,"Unit Price: ৳ 8.00,(40's pack: ৳ 320.00),",(40's pack: ৳ 320.00)
3180,Cardopa,allopathic,cardopaiv-injection200-mg5-ml,IV Injection,Dopamine Hydrochloride,200 mg/5 ml,ACI Limited,"5 ml ampoule: ৳ 45.31,(5's pack: ৳ 226.55),",(5's pack: ৳ 226.55)
22816,Cardoneb,allopathic,cardonebtablet25-mg,Tablet,Nebivolol Hydrochloride,2.5 mg,Eskayef Pharmaceuticals Ltd.,"Unit Price: ৳ 7.00,(30's pack: ৳ 210.00),",(30's pack: ৳ 210.00)
22817,Cardoneb,allopathic,cardonebtablet5-mg,Tablet,Nebivolol Hydrochloride,5 mg,Eskayef Pharmaceuticals Ltd.,"Unit Price: ৳ 10.00,(30's pack: ৳ 300.00),",(30's pack: ৳ 300.00)
2708,Cardon,allopathic,cardontablet25-mg,Tablet,Losartan Potassium,25 mg,Eskayef Pharmaceuticals Ltd.,"Unit Price: ৳ 4.50,(30's pack: ৳ 135.00),",(30's pack: ৳ 135.00)
2709,Cardon,allopathic,cardontablet50-mg,Tablet,Losartan Potassium,50 mg,Eskayef Pharmaceuticals Ltd.,"Unit Price: ৳ 8.00,(40's pack: ৳ 320.00),",(40's pack: ৳ 320.00)
21848,Cardoloc,allopathic,cardoloctablet50-mg,Tablet,Losartan Potassium,50 mg,Orbit Pharmaceuticals Ltd.,Unit Price: ৳ 6.00,
680,Cardolab,allopathic,cardolabtablet5-mg,Tablet,Amlodipine Besilate,5 mg,Labaid Pharma Ltd.,"Unit Price: ৳ 5.02,(50's pack: ৳ 250.78),",(50's pack: ৳ 250.78)
3271,Cardogrel Plus,allopathic,cardogrel-plustablet75-mg75-mg,Tablet,Clopidogrel + Aspirin,75 mg+75 mg,Pharmasia Limited,"Unit Price: ৳ 11.04,(30's pack: ৳ 331.20),",(30's pack: ৳ 331.20)
3222,Cardogrel,allopathic,cardogreltablet75-mg,Tablet,Clopidogrel Bisulphate,75 mg,Pharmasia Limited,"Unit Price: ৳ 10.04,(30's pack: ৳ 301.20),",(30's pack: ৳ 301.20)
29996,Cardofix,allopathic,cardofixtablet25-mg5-mg,Tablet,Bisoprolol Fumarate + Amlodipine Besilate,2.5 mg+5 mg,Labaid Pharma Ltd.,"Unit Price: ৳ 6.00,(30's pack: ৳ 180.00),",(30's pack: ৳ 180.00)
33026,Cardocal,allopathic,cardocaltablet10-mg,Tablet,Cilnidipine,10 mg,Beximco Pharmaceuticals Ltd.,"Unit Price: ৳ 9.00,(30's pack: ৳ 270.00),",(30's pack: ৳ 270.00)
33025,Cardocal,allopathic,cardocaltablet5-mg,Tablet,Cilnidipine,5 mg,Beximco Pharmaceuticals Ltd.,"Unit Price: ৳ 7.00,(30's pack: ৳ 210.00),",(30's pack: ৳ 210.00)
18288,Cardobis Plus,allopathic,cardobis-plustablet5-mg625-mg,Tablet,Bisoprolol Fumarate + Hydrochlorothiazide,5 mg+6.25 mg,Eskayef Pharmaceuticals Ltd.,"Unit Price: ৳ 10.00,(30's pack: ৳ 300.00),",(30's pack: ৳ 300.00)
18287,Cardobis Plus,allopathic,cardobis-plustablet25-mg625-mg,Tablet,Bisoprolol Fumarate + Hydrochlorothiazide,2.5 mg+6.25 mg,Eskayef Pharmaceuticals Ltd.,"Unit Price: ৳ 6.00,(30's pack: ৳ 180.00),",(30's pack: ৳ 180.00)
28401,Cardobis M,allopathic,cardobis-mtablet25-mg5-mg,Tablet,Bisoprolol Fumarate + Amlodipine Besilate,2.5 mg+5 mg,Eskayef Pharmaceuticals Ltd.,"Unit Price: ৳ 6.00,(30's pack: ৳ 180.00),",(30's pack: ৳ 180.00)
25711,Cardobis,allopathic,cardobistablet5-mg,Tablet,Bisoprolol Hemifumarate,5 mg,Eskayef Pharmaceuticals Ltd.,"Unit Price: ৳ 10.00,(30's pack: ৳ 300.00),",(30's pack: ৳ 300.00)
25710,Cardobis,allopathic,cardobistablet25-mg,Tablet,Bisoprolol Hemifumarate,2.5 mg,Eskayef Pharmaceuticals Ltd.,"Unit Price: ৳ 6.00,(50's pack: ৳ 300.00),",(50's pack: ৳ 300.00)
3055,Cardizem-SR,allopathic,cardizem-srtablet-sustained-release120-mg,Tablet (Sustained Release),Diltiazem Hydrochloride (SR tablet),120 mg,Drug International Ltd.,"Unit Price: ৳ 8.00,(50's pack: ৳ 400.00),",(50's pack: ৳ 400.00)
19917,Cardizem-SR,allopathic,cardizem-srtablet-sustained-release90-mg,Tablet (Sustained Release),Diltiazem Hydrochloride (SR tablet),90 mg,Drug International Ltd.,"Unit Price: ৳ 6.00,(50's pack: ৳ 300.00),",(50's pack: ৳ 300.00)
21944,Acme's Milk of Magnesia,allopathic,acmes-milk-of-magnesiaoral-suspension400-mg5-ml,Oral Suspension,Magnesium Hydroxide,400 mg/5 ml,ACME Laboratories Ltd.,114 ml bottle: ৳ 60.18,
30717,Carofol Z,allopathic,carofol-zcapsule-timed-release50-mg050-mg6180-mg,Capsule (Timed Release),Carbonyl Iron + Folic Acid + Zinc Sulfate,50 mg+0.50 mg+61.80 mg,Beximco Pharmaceuticals Ltd.,"Unit Price: ৳ 5.00,(50's pack: ৳ 250.00),",(50's pack: ৳ 250.00)
30646,Carocet,allopathic,carocettablet6-mg200-mg50-mg,Tablet,Betacarotene + Vitamin C + Vitamin E,6 mg+200 mg+50 mg,Beximco Pharmaceuticals Ltd.,"Unit Price: ৳ 2.54,(20's pack: ৳ 50.80),",(20's pack: ৳ 50.80)
31034,Carnovas HZ,allopathic,carnovas-hztablet5-mg125-mg,Tablet,Nebivolol + Hydrochlorothiazide,5 mg+12.5 mg,Beximco Pharmaceuticals Ltd.,"Unit Price: ৳ 12.00,(30's pack: ৳ 360.00),",(30's pack: ৳ 360.00)
31033,Carnovas,allopathic,carnovastablet10-mg,Tablet,Nebivolol Hydrochloride,10 mg,Beximco Pharmaceuticals Ltd.,"Unit Price: ৳ 15.00,(30's pack: ৳ 450.00),",(30's pack: ৳ 450.00)
31032,Carnovas,allopathic,carnovastablet5-mg,Tablet,Nebivolol Hydrochloride,5 mg,Beximco Pharmaceuticals Ltd.,"Unit Price: ৳ 10.00,(30's pack: ৳ 300.00),",(30's pack: ৳ 300.00)
31031,Carnovas,allopathic,carnovastablet25-mg,Tablet,Nebivolol Hydrochloride,2.5 mg,Beximco Pharmaceuticals Ltd.,"Unit Price: ৳ 7.00,(30's pack: ৳ 210.00),",(30's pack: ৳ 210.00)
3168,Carniten,allopathic,carnitentablet330-mg,Tablet,Levocarnitine,330 mg,Drug International Ltd.,"Unit Price: ৳ 4.00,(49's pack: ৳ 196.00),",(49's pack: ৳ 196.00)
3167,Carnitab,allopathic,carnitabtablet330-mg,Tablet,Levocarnitine,330 mg,Beximco Pharmaceuticals Ltd.,"Unit Price: ৳ 5.00,(30's pack: ৳ 150.00),",(30's pack: ৳ 150.00)
30961,Carnitab,allopathic,carnitaboral-solution500-mg5-ml,Oral Solution,Levocarnitine,500 mg/5 ml,Beximco Pharmaceuticals Ltd.,100 ml bottle: ৳ 100.00,
14486,Carmo D,allopathic,carmo-dtablet500-mg200-iu,Tablet,Calcium Carbonate [Elemental source] + Vitamin D3,500 mg+200 IU,S.N. Pharmaceutical Ltd.,"Unit Price: ৳ 3.30,(30's pack: ৳ 99.00),",(30's pack: ৳ 99.00)
28520,Carmelus-H,allopathic,carmelus-hophthalmic-gel02503,Ophthalmic Gel,Carboxymethylcellulose Sodium + Hypromellose,0.25%+0.3%,Pacific Pharmaceuticals Ltd.,10 ml drop: ৳ 210.00,
28519,Carmelus-G,allopathic,carmelus-gophthalmic-solution0509,Ophthalmic Solution,Carboxymethylcellulose Sodium + Glycerin,0.5%+0.9%,Pacific Pharmaceuticals Ltd.,10 ml drop: ৳ 190.00,
28518,Carmelus,allopathic,carmelusophthalmic-solution1,Ophthalmic Solution,Carboxymethylcellulose Sodium,1%,Pacific Pharmaceuticals Ltd.,10 ml drop: ৳ 275.00,
30704,Carmaz,allopathic,carmaztablet200-mg,Tablet,Carbamazepine,200 mg,Aristopharma Ltd.,"Unit Price: ৳ 4.00,(50's pack: ৳ 200.00),",(50's pack: ৳ 200.00)
30130,Carmapine CR,allopathic,carmapine-crtablet-controlled-release200-mg,Tablet (Controlled Release),Carbamazepine,200 mg,Incepta Pharmaceuticals Ltd.,"Unit Price: ৳ 5.00,(50's pack: ৳ 250.00),",(50's pack: ৳ 250.00)
30129,Carmapine,allopathic,carmapineoral-suspension100-mg5-ml,Oral Suspension,Carbamazepine,100 mg/5 ml,Incepta Pharmaceuticals Ltd.,100 ml bottle: ৳ 250.00,
30128,Carmapine,allopathic,carmapinetablet200-mg,Tablet,Carbamazepine,200 mg,Incepta Pharmaceuticals Ltd.,"Unit Price: ৳ 4.00,(50's pack: ৳ 200.00),",(50's pack: ৳ 200.00)
18495,Carlomed,allopathic,carlomedtablet400-mg,Tablet,Calcium Orotate,400 mg,MedRx Life Science Ltd.,"Unit Price: ৳ 8.00,(30's pack: ৳ 240.00),",(30's pack: ৳ 240.00)
29088,Carlina-M,allopathic,carlina-mtablet25-mg500-mg,Tablet,Linagliptin + Metformin Hydrochloride,2.5 mg+500 mg,Radiant Pharmaceuticals Ltd.,"Unit Price: ৳ 12.00,(24's pack: ৳ 288.00),",(24's pack: ৳ 288.00)
29087,Carlina,allopathic,carlinatablet5-mg,Tablet,Linagliptin,5 mg,Radiant Pharmaceuticals Ltd.,"Unit Price: ৳ 22.00,(20's pack: ৳ 440.00),",(20's pack: ৳ 440.00)
32773,Carlev CR,allopathic,carlev-crtablet-controlled-release200-mg50-mg,Tablet (Controlled Release),Levodopa + Carbidopa (CR tablet),200 mg+50 mg,Opsonin Pharma Ltd.,"Unit Price: ৳ 15.00,(20's pack: ৳ 300.00),",(20's pack: ৳ 300.00)
32772,Carlev,allopathic,carlevtablet100-mg10-mg,Tablet,Levodopa + Carbidopa (FC tablet),100 mg+10 mg,Opsonin Pharma Ltd.,"Unit Price: ৳ 7.00,(50's pack: ৳ 350.00),",(50's pack: ৳ 350.00)
26193,Carilax,allopathic,carilaxtablet250-mg,Tablet,Carisoprodol,250 mg,Incepta Pharmaceuticals Ltd.,"Unit Price: ৳ 6.00,(30's pack: ৳ 180.00),",(30's pack: ৳ 180.00)
30982,Caridol,allopathic,caridoltablet250-mg,Tablet,Carisoprodol,250 mg,Eskayef Pharmaceuticals Ltd.,"Unit Price: ৳ 6.00,(30's pack: ৳ 180.00),",(30's pack: ৳ 180.00)
29063,Care-on,allopathic,care-onsolution033,Solution,Chlorhexidine Gluconate + Cetrimide,0.3%+3%,Ziska Pharmaceuticals Ltd.,"500 ml bottle: ৳ 125.00,1 liter pack: ৳ 220.00,5 liter pack: ৳ 710.00",
29062,Care-on,allopathic,care-oncream0105,Cream,Chlorhexidine Hydrochloride + Cetrimide,0.1%+0.5%,Ziska Pharmaceuticals Ltd.,30 gm tube: ৳ 25.00,
28812,Care-on,allopathic,care-onhand-rub6635,Hand Rub,Ethanol + Isopropyl alcohol,66%+3.5%,Ziska Pharmaceuticals Ltd.,"50 ml bottle: ৳ 100.00,100 ml bottle: ৳ 130.00,200 ml bottle: ৳ 225.00",
14015,Care,allopathic,caretablet6-mg200-mg50-mg,Tablet,Betacarotene + Vitamin C + Vitamin E,6 mg+200 mg+50 mg,Edruc Limited,"Unit Price: ৳ 2.50,(30's pack: ৳ 75.00),",(30's pack: ৳ 75.00)
32230,Cardual,allopathic,cardualtablet5-mg10-mg,Tablet,Amlodipine Besilate + Atorvastatin,5 mg+10 mg,ACI Limited,"Unit Price: ৳ 11.07,(30's pack: ৳ 332.10),",(30's pack: ৳ 332.10)
25195,Cardovan Plus,allopathic,cardovan-plustablet80-mg125-mg,Tablet,Valsartan + Hydrochlorothiazide,80 mg+12.5 mg,Eskayef Pharmaceuticals Ltd.,"Unit Price: ৳ 10.00,(30's pack: ৳ 300.00),",(30's pack: ৳ 300.00)
21972,Acme's Mannitol,allopathic,acmes-mannitoliv-infusion20,IV Infusion,Mannitol,20%,ACME Laboratories Ltd.,500 ml bottle: ৳ 155.47,
18613,Carvetab,allopathic,carvetabtablet625-mg,Tablet,Carvedilol,6.25 mg,Medimet Pharmaceuticals Ltd.,"Unit Price: ৳ 3.00,(50's pack: ৳ 150.00),",(50's pack: ৳ 150.00)
18614,Carvetab,allopathic,carvetabtablet125-mg,Tablet,Carvedilol,12.5 mg,Medimet Pharmaceuticals Ltd.,"Unit Price: ৳ 5.00,(50's pack: ৳ 250.00),",(50's pack: ৳ 250.00)
30723,Carved,allopathic,carvedtablet25-mg,Tablet,Carvedilol,25 mg,Biopharma Laboratories Ltd.,"Unit Price: ৳ 8.00,(30's pack: ৳ 240.00),",(30's pack: ৳ 240.00)
2516,Carved,allopathic,carvedtablet625-mg,Tablet,Carvedilol,6.25 mg,Biopharma Laboratories Ltd.,"Unit Price: ৳ 4.50,(30's pack: ৳ 135.00),",(30's pack: ৳ 135.00)
2517,Carved,allopathic,carvedtablet125-mg,Tablet,Carvedilol,12.5 mg,Biopharma Laboratories Ltd.,"Unit Price: ৳ 6.50,(30's pack: ৳ 195.00),",(30's pack: ৳ 195.00)
3358,Carva,allopathic,carvatablet-enteric-coated75-mg,Tablet (Enteric Coated),Aspirin,75 mg,Square Pharmaceuticals Ltd.,"Unit Price: ৳ 0.63,(200's pack: ৳ 126.00),",(200's pack: ৳ 126.00)
15003,Cartiplus,allopathic,cartiplustablet750-mg50-mg,Tablet,Glucosamine Sulfate + Diacerein,750 mg+50 mg,Pharmasia Limited,"Unit Price: ৳ 12.00,(30's pack: ৳ 360.00),",(30's pack: ৳ 360.00)
31533,Cartine,allopathic,cartinetablet330-mg,Tablet,Levocarnitine,330 mg,ACI Limited,"Unit Price: ৳ 4.00,(30's pack: ৳ 120.00),",(30's pack: ৳ 120.00)
32231,Cartine,allopathic,cartineoral-solution500-mg5-ml,Oral Solution,Levocarnitine,500 mg/5 ml,ACI Limited,100 ml bottle: ৳ 100.68,
14976,Cartimax,allopathic,cartimaxtablet250-mg200-mg,Tablet,Glucosamine Sulfate + Chondroitin,250 mg+200 mg,Virgo Pharmaceuticals Ltd.,"Unit Price: ৳ 6.00,(30's pack: ৳ 180.00),",(30's pack: ৳ 180.00)
26336,Cartilex Plus,allopathic,cartilex-plustablet750-mg600-mg,Tablet,Glucosamine Sulfate + Chondroitin,750 mg+600 mg,ACI Limited,"Unit Price: ৳ 16.00,(30's pack: ৳ 480.00),",(30's pack: ৳ 480.00)
15002,Cartilex D,allopathic,cartilex-dtablet750-mg50-mg,Tablet,Glucosamine Sulfate + Diacerein,750 mg+50 mg,ACI Limited,"Unit Price: ৳ 12.00,(30's pack: ৳ 360.00),",(30's pack: ৳ 360.00)
14975,Cartilex,allopathic,cartilextablet250-mg200-mg,Tablet,Glucosamine Sulfate + Chondroitin,250 mg+200 mg,ACI Limited,"Unit Price: ৳ 8.05,(50's pack: ৳ 402.50),",(50's pack: ৳ 402.50)
14974,Cartilage Plus,allopathic,cartilage-plustablet250-mg200-mg,Tablet,Glucosamine Sulfate + Chondroitin,250 mg+200 mg,Renata Limited,"Unit Price: ৳ 8.03,(30's pack: ৳ 240.90),",(30's pack: ৳ 240.90)
29296,Cartilage Max,allopathic,cartilage-maxtablet750-mg50-mg,Tablet,Glucosamine Sulfate + Diacerein,750 mg+50 mg,Renata Limited,"Unit Price: ৳ 12.00,(30's pack: ৳ 360.00),",(30's pack: ৳ 360.00)
14973,Cartil,allopathic,cartiltablet250-mg200-mg,Tablet,Glucosamine Sulfate + Chondroitin,250 mg+200 mg,Silva Pharmaceuticals Ltd.,"Unit Price: ৳ 8.03,(30's pack: ৳ 240.80),",(30's pack: ৳ 240.80)
30824,Cartigen,allopathic,cartigentablet250-mg200-mg,Tablet,Glucosamine Sulfate + Chondroitin,250 mg+200 mg,Somatec Pharmaceuticals Ltd.,"Unit Price: ৳ 8.03,(30's pack: ৳ 240.90),",(30's pack: ৳ 240.90)
14971,Cartifit,allopathic,cartifittablet250-mg200-mg,Tablet,Glucosamine Sulfate + Chondroitin,250 mg+200 mg,Globe Pharmaceuticals Ltd.,"Unit Price: ৳ 8.00,(48's pack: ৳ 384.00),",(48's pack: ৳ 384.00)
27714,Cartidin,allopathic,cartidintablet750-mg50-mg,Tablet,Glucosamine Sulfate + Diacerein,750 mg+50 mg,Opso Saline Ltd.,"Unit Price: ৳ 12.00,(30's pack: ৳ 360.00),",(30's pack: ৳ 360.00)
29476,Carticel TS,allopathic,carticel-tstablet750-mg600-mg,Tablet,Glucosamine Sulfate + Chondroitin,750 mg+600 mg,Opsonin Pharma Ltd.,"Unit Price: ৳ 15.00,(30's pack: ৳ 450.00),",(30's pack: ৳ 450.00)
14970,Carticel Plus,allopathic,carticel-plustablet250-mg200-mg,Tablet,Glucosamine Sulfate + Chondroitin,250 mg+200 mg,Opsonin Pharma Ltd.,"Unit Price: ৳ 8.00,(30's pack: ৳ 240.00),",(30's pack: ৳ 240.00)
32520,Carticare TS,allopathic,carticare-tstablet750-mg600-mg,Tablet,Glucosamine Sulfate + Chondroitin,750 mg+600 mg,Radiant Pharmaceuticals Ltd.,"Unit Price: ৳ 30.00,(20's pack: ৳ 600.00),",(20's pack: ৳ 600.00)
19798,Carticare Max,allopathic,carticare-maxtablet750-mg50-mg,Tablet,Glucosamine Sulfate + Diacerein,750 mg+50 mg,Radiant Pharmaceuticals Ltd.,"Unit Price: ৳ 20.00,(30's pack: ৳ 600.00),",(30's pack: ৳ 600.00)
20754,Carticare,allopathic,carticaretablet250-mg200-mg,Tablet,Glucosamine Sulfate + Chondroitin,250 mg+200 mg,Radiant Pharmaceuticals Ltd.,"Unit Price: ৳ 19.06,(30's pack: ৳ 571.80),",(30's pack: ৳ 571.80)
19797,Cartibon,allopathic,cartibontablet750-mg50-mg,Tablet,Glucosamine Sulfate + Diacerein,750 mg+50 mg,Popular Pharmaceuticals Ltd.,"Unit Price: ৳ 12.00,(30's pack: ৳ 360.00),",(30's pack: ৳ 360.00)
2630,Cartace,allopathic,cartacetablet25-mg,Tablet,Ramipril,2.5 mg,Ad-din Pharmaceuticals Ltd.,"Unit Price: ৳ 4.60,(40's pack: ৳ 184.00),",(40's pack: ৳ 184.00)
1085,Carsec,allopathic,carsectablet50-mg,Tablet,Atenolol,50 mg,Medimet Pharmaceuticals Ltd.,"Unit Price: ৳ 0.75,(140's pack: ৳ 105.00),",(140's pack: ৳ 105.00)
1084,Carsec,allopathic,carsectablet100-mg,Tablet,Atenolol,100 mg,Medimet Pharmaceuticals Ltd.,"Unit Price: ৳ 1.35,(140's pack: ৳ 189.00),",(140's pack: ৳ 189.00)
18573,Carplatin,allopathic,carplatiniv-infusion10-mgml,IV Infusion,Carboplatin,10 mg/ml,Drug International Ltd.,"150 mg vial: ৳ 1,400.00,450 mg vial: ৳ 3,700.00",
29528,Carol-D,allopathic,carol-dtablet500-mg200-iu,Tablet,Calcium Carbonate [Coral source] + Vitamin D3,500 mg+200 IU,Cosmic Pharma Ltd.,"Unit Price: ৳ 9.00,(30's pack: ৳ 270.00),",(30's pack: ৳ 270.00)
17351,Acme's Hartmann Solution,allopathic,acmes-hartmann-solutioniv-infusion,IV Infusion,Hartmann's Solution,,ACME Laboratories Ltd.,"500 ml bag: ৳ 71.30,1000 ml bag: ৳ 91.99",
2932,Cavazide,allopathic,cavazidetablet300-mg125-mg,Tablet,Irbesartan + Hydrochlorothiazide,300 mg+12.5 mg,UniMed UniHealth,"Unit Price: ৳ 24.00,(10's pack: ৳ 240.00),",(10's pack: ৳ 240.00)
2692,Cavapro,allopathic,cavaprotablet150-mg,Tablet,Irbesartan,150 mg,UniMed UniHealth,"Unit Price: ৳ 12.00,(30's pack: ৳ 360.00),",(30's pack: ৳ 360.00)
2693,Cavapro,allopathic,cavaprotablet300-mg,Tablet,Irbesartan,300 mg,UniMed UniHealth,"Unit Price: ৳ 24.00,(10's pack: ৳ 240.00),",(10's pack: ৳ 240.00)
2691,Cavapro,allopathic,cavaprotablet75-mg,Tablet,Irbesartan,75 mg,UniMed UniHealth,"Unit Price: ৳ 6.00,(30's pack: ৳ 180.00),",(30's pack: ৳ 180.00)
16212,Catrix,allopathic,catrixophthalmic-solution,Ophthalmic Solution,Sodium Succinate + Cytochrome C + Adenosine + Nicotinamide,,Incepta Pharmaceuticals Ltd.,5 ml drop: ৳ 125.00,
28217,Catopil,allopathic,catopiltablet125-mg,Tablet,Captopril,12.5 mg,Zenith Pharmaceuticals Ltd.,"Unit Price: ৳ 1.75,(100's pack: ৳ 175.00),",(100's pack: ৳ 175.00)
2597,Catopil,allopathic,catopiltablet25-mg,Tablet,Captopril,25 mg,Zenith Pharmaceuticals Ltd.,"Unit Price: ৳ 3.00,(100's pack: ৳ 300.00),",(100's pack: ৳ 300.00)
16211,Catnil,allopathic,catnilophthalmic-solution,Ophthalmic Solution,Sodium Succinate + Cytochrome C + Adenosine + Nicotinamide,,ACME Laboratories Ltd.,5 ml drop: ৳ 125.37,
30211,Catium ES,allopathic,catium-esinhalation-capsule110-mcg50-mcg,Inhalation Capsule,Indacaterol + Glycopyrronium,110 mcg+50 mcg,Incepta Pharmaceuticals Ltd.,"Unit Price: ৳ 50.00,(30's pack: ৳ 1,500.00),","(30's pack: ৳ 1,500.00)"
26195,Catium,allopathic,catiuminhalation-capsule275-mcg156-mcg,Inhalation Capsule,Indacaterol + Glycopyrronium,27.5 mcg+15.6 mcg,Incepta Pharmaceuticals Ltd.,"Unit Price: ৳ 20.00,(30's pack: ৳ 600.00),",(30's pack: ৳ 600.00)
26194,Caterol,allopathic,caterolinhalation-capsule150-mcg,Inhalation Capsule,Indacaterol Maleate,150 mcg,Incepta Pharmaceuticals Ltd.,"Unit Price: ৳ 35.00,(30's pack: ৳ 1,050.00),","(30's pack: ৳ 1,050.00)"
21004,Caterol,allopathic,caterolinhalation-capsule75-mcg,Inhalation Capsule,Indacaterol Maleate,75 mcg,Incepta Pharmaceuticals Ltd.,"Unit Price: ৳ 18.00,(30's pack: ৳ 540.00),",(30's pack: ৳ 540.00)
16210,Catavit,allopathic,catavitophthalmic-solution,Ophthalmic Solution,Sodium Succinate + Cytochrome C + Adenosine + Nicotinamide,,Apex Pharmaceuticals Ltd.,5 ml drop: ৳ 120.00,
29139,Catalan,allopathic,catalanophthalmic-solution009,Ophthalmic Solution,Bromfenac Sodium,0.09%,Healthcare Pharmaceuticals Ltd.,5 ml drop: ৳ 110.00,
28084,Casyn,allopathic,casyntablet100-mg,Tablet,Aceclofenac,100 mg,Ethical Drug Ltd.,"Unit Price: ৳ 4.00,(100's pack: ৳ 400.00),",(100's pack: ৳ 400.00)
32234,Castin DS,allopathic,castin-dssyrup250-mg5-ml,Syrup,Carbocisteine,250 mg/5 ml,ACI Limited,100 ml bottle: ৳ 40.00,
32233,Castin,allopathic,castinsyrup125-mg5-ml,Syrup,Carbocisteine,125 mg/5 ml,ACI Limited,100 ml bottle: ৳ 25.00,
32232,Castin,allopathic,castincapsule375-mg,Capsule,Carbocisteine,375 mg,ACI Limited,"Unit Price: ৳ 2.50,(50's pack: ৳ 125.00),",(50's pack: ৳ 125.00)
29539,Caspa,allopathic,caspapowder-for-suspension200-mg5-ml,Powder for Suspension,Voriconazole,200 mg/5 ml,Aristopharma Ltd.,"40 ml bottle: ৳ 1,000.00",
29538,Caspa,allopathic,caspatablet50-mg,Tablet,Voriconazole,50 mg,Aristopharma Ltd.,"Unit Price: ৳ 50.00,(12's pack: ৳ 600.00),",(12's pack: ৳ 600.00)
29537,Caspa,allopathic,caspatablet200-mg,Tablet,Voriconazole,200 mg,Aristopharma Ltd.,"Unit Price: ৳ 120.00,(10's pack: ৳ 1,200.00),","(10's pack: ৳ 1,200.00)"
14392,Casalt-D,allopathic,casalt-dtablet500-mg200-iu,Tablet,Calcium Carbonate [Elemental source] + Vitamin D3,500 mg+200 IU,Kemiko Pharmaceuticals Ltd.,"Unit Price: ৳ 7.00,(30's pack: ৳ 210.00),,Unit Price: ৳ 7.00,(50's pack: ৳ 350.00),","(30's pack: ৳ 210.00),(50's pack: ৳ 350.00)"
14358,Casalt,allopathic,casalttablet500-mg,Tablet,Calcium Carbonate,500 mg,Kemiko Pharmaceuticals Ltd.,"Unit Price: ৳ 4.01,(50's pack: ৳ 200.50),",(50's pack: ৳ 200.50)
29091,Caryon,allopathic,caryontablet10-mg,Tablet,Dydrogesterone,10 mg,Incepta Pharmaceuticals Ltd.,"Unit Price: ৳ 30.00,(30's pack: ৳ 900.00),",(30's pack: ৳ 900.00)
2520,Carvista,allopathic,carvistatablet125-mg,Tablet,Carvedilol,12.5 mg,Incepta Pharmaceuticals Ltd.,"Unit Price: ৳ 5.00,(50's pack: ৳ 250.00),",(50's pack: ৳ 250.00)
2521,Carvista,allopathic,carvistatablet25-mg,Tablet,Carvedilol,25 mg,Incepta Pharmaceuticals Ltd.,"Unit Price: ৳ 8.00,(30's pack: ৳ 240.00),",(30's pack: ৳ 240.00)
2519,Carvista,allopathic,carvistatablet625-mg,Tablet,Carvedilol,6.25 mg,Incepta Pharmaceuticals Ltd.,"Unit Price: ৳ 3.00,(100's pack: ৳ 300.00),",(100's pack: ৳ 300.00)
28244,Carvipress,allopathic,carvipresstablet125-mg,Tablet,Carvedilol,12.5 mg,ACME Laboratories Ltd.,"Unit Price: ৳ 5.03,(30's pack: ৳ 150.90),",(30's pack: ৳ 150.90)
28245,Carvipress,allopathic,carvipresstablet25-mg,Tablet,Carvedilol,25 mg,ACME Laboratories Ltd.,"Unit Price: ৳ 8.07,(30's pack: ৳ 242.10),",(30's pack: ৳ 242.10)
28246,Carvipress,allopathic,carvipresstablet625-mg,Tablet,Carvedilol,6.25 mg,ACME Laboratories Ltd.,"Unit Price: ৳ 3.01,(30's pack: ৳ 90.30),",(30's pack: ৳ 90.30)
24580,Acme's DNS,allopathic,acmes-dnsiv-infusion095,IV Infusion,Sodium Chloride + Dextrose,0.9%+5%,ACME Laboratories Ltd.,"500 ml bag: ৳ 75.89,1000 ml bag: ৳ 101.20",
35,Ceclofen,allopathic,ceclofentablet100-mg,Tablet,Aceclofenac,100 mg,Renata Limited,"Unit Price: ৳ 4.00,(50's pack: ৳ 200.00),",(50's pack: ৳ 200.00)
30771,Ceclav,allopathic,ceclavpowder-for-suspension125-mg3125-mg5-ml,Powder for Suspension,Cefuroxime Axetil + Clavulanic Acid,(125 mg+31.25 mg)/5 ml,Sharif Pharmaceuticals Ltd.,70 ml bottle: ৳ 250.00,
7398,Ceclav,allopathic,ceclavtablet250-mg625-mg,Tablet,Cefuroxime Axetil + Clavulanic Acid,250 mg+62.5 mg,Sharif Pharmaceuticals Ltd.,"Unit Price: ৳ 30.00,(12's pack: ৳ 360.00),",(12's pack: ৳ 360.00)
7399,Ceclav,allopathic,ceclavtablet500-mg125-mg,Tablet,Cefuroxime Axetil + Clavulanic Acid,500 mg+125 mg,Sharif Pharmaceuticals Ltd.,"Unit Price: ৳ 50.00,(8's pack: ৳ 400.00),",(8's pack: ৳ 400.00)
16367,Cebuten,allopathic,cebutencapsule400-mg,Capsule,Ceftibuten Dihydrate,400 mg,Renata Limited,"Unit Price: ৳ 120.00,(14's pack: ৳ 1,680.00),","(14's pack: ৳ 1,680.00)"
18959,Cebumax,allopathic,cebumaxpowder-for-suspension90-mg5-ml,Powder for Suspension,Ceftibuten Dihydrate,90 mg/5 ml,General Pharmaceuticals Ltd.,60 ml bottle: ৳ 480.00,
18958,Cebumax,allopathic,cebumaxcapsule400-mg,Capsule,Ceftibuten Dihydrate,400 mg,General Pharmaceuticals Ltd.,"Unit Price: ৳ 120.00,(8's pack: ৳ 960.00),",(8's pack: ৳ 960.00)
7485,Cebex,allopathic,cebexcapsule400-mg,Capsule,Cefixime Trihydrate,400 mg,Novo Healthcare and Pharma Ltd.,"Unit Price: ৳ 52.50,(8's pack: ৳ 420.00),",(8's pack: ৳ 420.00)
7484,Cebex,allopathic,cebexcapsule200-mg,Capsule,Cefixime Trihydrate,200 mg,Novo Healthcare and Pharma Ltd.,"Unit Price: ৳ 35.00,(12's pack: ৳ 420.00),",(12's pack: ৳ 420.00)
7486,Cebex,allopathic,cebexpowder-for-suspension100-mg5-ml,Powder for Suspension,Cefixime Trihydrate,100 mg/5 ml,Novo Healthcare and Pharma Ltd.,50 ml bottle: ৳ 166.60,
14018,Cebeta,allopathic,cebetatablet6-mg200-mg50-mg,Tablet,Betacarotene + Vitamin C + Vitamin E,6 mg+200 mg+50 mg,Amulet Pharmaceuticals Ltd.,"Unit Price: ৳ 2.50,(30's pack: ৳ 75.00),",(30's pack: ৳ 75.00)
14017,CEB,allopathic,cebtablet6-mg200-mg50-mg,Tablet,Betacarotene + Vitamin C + Vitamin E,6 mg+200 mg+50 mg,Rephco Pharmaceuticals Ltd.,"Unit Price: ৳ 4.00,(30's pack: ৳ 120.00),",(30's pack: ৳ 120.00)
26829,Cdens,allopathic,cdenstablet740-mg,Tablet,Calcium Orotate,740 mg,Synovia pharma plc,"Unit Price: ৳ 12.00,(30's pack: ৳ 360.00),",(30's pack: ৳ 360.00)
664,CCB,allopathic,ccbtablet5-mg,Tablet,Amlodipine Besilate,5 mg,Orion Pharma Ltd.,"Unit Price: ৳ 5.00,(50's pack: ৳ 250.00),",(50's pack: ৳ 250.00)
29480,Cazep,allopathic,cazeptablet200-mg,Tablet,Carbamazepine,200 mg,Opsonin Pharma Ltd.,"Unit Price: ৳ 4.02,(50's pack: ৳ 201.00),",(50's pack: ৳ 201.00)
32809,Cazar,allopathic,cazarcapsule20-mg,Capsule,Cabozantinib,20 mg,Jenphar Bangladesh Ltd.,"Unit Price: ৳ 1,740.00,(90's pack: ৳ 156,600.00),","(90's pack: ৳ 156,600.00)"
32810,Cazar,allopathic,cazarcapsule80-mg,Capsule,Cabozantinib,80 mg,Jenphar Bangladesh Ltd.,"Unit Price: ৳ 5,220.00,(30's pack: ৳ 156,600.00),","(30's pack: ৳ 156,600.00)"
3150,Caviton,allopathic,cavitontablet5-mg,Tablet,Vinpocetine,5 mg,Opsonin Pharma Ltd.,"Unit Price: ৳ 4.00,(50's pack: ৳ 200.00),",(50's pack: ৳ 200.00)
25267,Cavitab,allopathic,cavitabtablet5-mg,Tablet,Vinpocetine,5 mg,Ibn Sina Pharmaceuticals Ltd.,"Unit Price: ৳ 4.00,(50's pack: ৳ 200.00),",(50's pack: ৳ 200.00)
9751,Caviral,allopathic,caviraltablet05-mg,Tablet,Entecavir,0.5 mg,Beacon Pharmaceuticals Ltd.,"Unit Price: ৳ 60.18,(10's pack: ৳ 601.80),",(10's pack: ৳ 601.80)
9737,Cavir,allopathic,cavirtablet05-mg,Tablet,Entecavir,0.5 mg,Square Pharmaceuticals Ltd.,"Unit Price: ৳ 48.14,(10's pack: ৳ 481.40),",(10's pack: ৳ 481.40)
9738,Cavir,allopathic,cavirtablet1-mg,Tablet,Entecavir,1 mg,Square Pharmaceuticals Ltd.,"Unit Price: ৳ 90.27,(10's pack: ৳ 902.70),",(10's pack: ৳ 902.70)
31553,Cavinton,allopathic,cavintontablet5-mg,Tablet,Vinpocetine,5 mg,City Overseas Ltd.,"Unit Price: ৳ 9.78,(50's pack: ৳ 489.00),",(50's pack: ৳ 489.00)
3149,Cavinton,allopathic,cavintoninjection10-mg2-ml,Injection,Vinpocetine,10 mg/2 ml,City Overseas Ltd.,"2 ml ampoule: ৳ 50.20,(10's pack: ৳ 502.00),",(10's pack: ৳ 502.00)
14502,Cavic-C Plus,allopathic,cavic-c-pluseffervescent-tablet1000-mg327-mg500-mg400-iu,Effervescent Tablet,Calcium Lactate Gluconate + Calcium Carbonate + Vitamin C + Vitamin D3,1000 mg+327 mg+500 mg+400 IU,Incepta Pharmaceuticals Ltd.,"Unit Price: ৳ 10.00,(10's pack: ৳ 100.00),,Unit Price: ৳ 10.00,(12's pack: ৳ 120.00),","(10's pack: ৳ 100.00),(12's pack: ৳ 120.00)"
14393,Cavic-C,allopathic,cavic-ceffervescent-tablet1000-mg327-mg500-mg,Effervescent Tablet,Calcium Lactate Gluconate + Calcium Carbonate + Vitamin C,1000 mg+327 mg+500 mg,Incepta Pharmaceuticals Ltd.,"Unit Price: ৳ 10.00,(12's pack: ৳ 120.00),",(12's pack: ৳ 120.00)
2525,Cavelon,allopathic,cavelontablet125-mg,Tablet,Carvedilol,12.5 mg,Drug International Ltd.,"Unit Price: ৳ 6.00,(50's pack: ৳ 300.00),",(50's pack: ৳ 300.00)
2524,Cavelon,allopathic,cavelontablet625-mg,Tablet,Carvedilol,6.25 mg,Drug International Ltd.,"Unit Price: ৳ 3.00,(50's pack: ৳ 150.00),",(50's pack: ৳ 150.00)
2931,Cavazide,allopathic,cavazidetablet150-mg125-mg,Tablet,Irbesartan + Hydrochlorothiazide,150 mg+12.5 mg,UniMed UniHealth,"Unit Price: ৳ 12.00,(30's pack: ৳ 360.00),",(30's pack: ৳ 360.00)
14856,Acme's Dextrose DS,allopathic,acmes-dextrose-dsiv-infusion10,IV Infusion,Dextrose,10%,ACME Laboratories Ltd.,"500 ml bag: ৳ 78.20,1000 ml bag: ৳ 105.80",
14861,Acme's Dextrose,allopathic,acmes-dextroseiv-infusion5,IV Infusion,Dextrose,5%,ACME Laboratories Ltd.,"500 ml bag: ৳ 71.30,1000 ml bag: ৳ 91.99",
7385,Cefaclav,allopathic,cefaclavtablet250-mg625-mg,Tablet,Cefuroxime Axetil + Clavulanic Acid,250 mg+62.5 mg,Incepta Pharmaceuticals Ltd.,"Unit Price: ৳ 30.00,(12's pack: ৳ 360.00),",(12's pack: ৳ 360.00)
8155,Cefa-4,allopathic,cefa-4imiv-injection500-mgvial,IM/IV Injection,Cefepime Hydrochloride,500 mg/vial,Popular Pharmaceuticals Ltd.,500 mg vial: ৳ 300.00,
8157,Cefa-4,allopathic,cefa-4iv-injection2-gmvial,IV Injection,Cefepime Hydrochloride,2 gm/vial,Popular Pharmaceuticals Ltd.,"2 gm vial: ৳ 1,100.00",
30751,Cefa-4,allopathic,cefa-4imiv-injection1-gmvial,IM/IV Injection,Cefepime Hydrochloride,1 gm/vial,Popular Pharmaceuticals Ltd.,1 gm vial: ৳ 550.00,
7523,Cef-Plus,allopathic,cef-pluspowder-for-suspension100-mg5-ml,Powder for Suspension,Cefixime Trihydrate,100 mg/5 ml,Hudson Pharmaceuticals Ltd.,50 ml bottle: ৳ 170.00,
7522,Cef-Plus,allopathic,cef-pluscapsule200-mg,Capsule,Cefixime Trihydrate,200 mg,Hudson Pharmaceuticals Ltd.,"Unit Price: ৳ 28.00,(12's pack: ৳ 336.00),",(12's pack: ৳ 336.00)
30264,Cef-3 Max,allopathic,cef-3-maxpediatric-drops100-mgml,Pediatric Drops,Cefixime Trihydrate,100 mg/ml,Square Pharmaceuticals Ltd.,20 ml bottle: ৳ 250.00,
7494,Cef-3 Forte,allopathic,cef-3-fortepowder-for-suspension200-mg5-ml,Powder for Suspension,Cefixime Trihydrate,200 mg/5 ml,Square Pharmaceuticals Ltd.,50 ml bottle: ৳ 320.00,
7492,Cef-3 DS,allopathic,cef-3-dscapsule400-mg,Capsule,Cefixime Trihydrate,400 mg,Square Pharmaceuticals Ltd.,"Unit Price: ৳ 50.35,(14's pack: ৳ 704.90),",(14's pack: ৳ 704.90)
7491,Cef-3,allopathic,cef-3capsule200-mg,Capsule,Cefixime Trihydrate,200 mg,Square Pharmaceuticals Ltd.,"Unit Price: ৳ 35.11,(14's pack: ৳ 491.54),",(14's pack: ৳ 491.54)
7493,Cef-3,allopathic,cef-3powder-for-suspension100-mg5-ml,Powder for Suspension,Cefixime Trihydrate,100 mg/5 ml,Square Pharmaceuticals Ltd.,"30 ml bottle: ৳ 135.40,50 ml bottle: ৳ 210.63,75 ml bottle: ৳ 250.00",
18808,Cef-3,allopathic,cef-3pediatric-drops25-mgml,Pediatric Drops,Cefixime Trihydrate,25 mg/ml,Square Pharmaceuticals Ltd.,21 ml bottle: ৳ 100.30,
13915,Ceevit Forte,allopathic,ceevit-forteeffervescent-tablet1000-mg,Effervescent Tablet,Vitamin C [Ascorbic acid],1000 mg,Square Pharmaceuticals Ltd.,"Unit Price: ৳ 10.34,(10's pack: ৳ 103.40),",(10's pack: ৳ 103.40)
26177,Ceevit DS,allopathic,ceevit-dschewable-tablet500-mg,Chewable Tablet,Vitamin C [Ascorbic acid],500 mg,Square Pharmaceuticals Ltd.,"Unit Price: ৳ 3.50,(90's pack: ৳ 315.00),",(90's pack: ৳ 315.00)
13914,Ceevit,allopathic,ceevitchewable-tablet250-mg,Chewable Tablet,Vitamin C [Ascorbic acid],250 mg,Square Pharmaceuticals Ltd.,"Unit Price: ৳ 1.90,(250's pack: ৳ 475.00),",(250's pack: ৳ 475.00)
33188,Ceevit,allopathic,ceevitsyrup100-mg5-ml,Syrup,Vitamin C [Ascorbic acid],100 mg/5 ml,Square Pharmaceuticals Ltd.,100 ml bottle: ৳ 40.00,
13944,Ceeta,allopathic,ceetachewable-tablet250-mg,Chewable Tablet,Vitamin C [Ascorbic acid],250 mg,Syntho Laboratories Ltd.,"Unit Price: ৳ 0.82,(200's pack: ৳ 164.00),",(200's pack: ৳ 164.00)
13913,Ceemet,allopathic,ceemetchewable-tablet250-mg,Chewable Tablet,Vitamin C [Ascorbic acid],250 mg,Medimet Pharmaceuticals Ltd.,"Unit Price: ৳ 1.20,(250's pack: ৳ 300.00),",(250's pack: ৳ 300.00)
13943,Ceegram,allopathic,ceegrameffervescent-tablet1000-mg,Effervescent Tablet,Vitamin C [Ascorbic acid],1000 mg,Incepta Pharmaceuticals Ltd.,"Unit Price: ৳ 10.00,(10's pack: ৳ 100.00),",(10's pack: ৳ 100.00)
30290,Cee,allopathic,ceeeffervescent-tablet1000-mg,Effervescent Tablet,Vitamin C [Ascorbic acid],1000 mg,Renata Limited,"Unit Price: ৳ 10.00,(10's pack: ৳ 100.00),",(10's pack: ৳ 100.00)
32236,Cedril,allopathic,cedrilcapsule500-mg,Capsule,Cefadroxil Monohydrate,500 mg,ACI Limited,"Unit Price: ৳ 12.05,(30's pack: ৳ 361.50),",(30's pack: ৳ 361.50)
32235,Cedril,allopathic,cedrilpowder-for-suspension125-mg5-ml,Powder for Suspension,Cefadroxil Monohydrate,125 mg/5 ml,ACI Limited,100 ml bottle: ৳ 70.26,
10086,Cedol,allopathic,cedoloral-suspension200-mg5-ml,Oral Suspension,Metronidazole,200 mg/5 ml,Central Pharmaceuticals Ltd.,60 ml bottle: ৳ 22.00,
10085,Cedol,allopathic,cedoltablet400-mg,Tablet,Metronidazole,400 mg,Central Pharmaceuticals Ltd.,"Unit Price: ৳ 1.00,(100's pack: ৳ 100.00),",(100's pack: ৳ 100.00)
29921,Cednir DS,allopathic,cednir-dspowder-for-suspension250-mg5-ml,Powder for Suspension,Cefdinir,250 mg/5 ml,Eskayef Pharmaceuticals Ltd.,30 ml bottle: ৳ 160.00,
29920,Cednir,allopathic,cednircapsule300-mg,Capsule,Cefdinir,300 mg,Eskayef Pharmaceuticals Ltd.,"Unit Price: ৳ 40.00,(4's pack: ৳ 160.00),",(4's pack: ৳ 160.00)
37,Ceconac,allopathic,ceconactablet100-mg,Tablet,Aceclofenac,100 mg,Hudson Pharmaceuticals Ltd.,"Unit Price: ৳ 3.00,(100's pack: ৳ 300.00),",(100's pack: ৳ 300.00)
32416,Cecon,allopathic,ceconoral-powder500-mg,Oral Powder,Vitamin C [Ascorbic acid],500 mg,ACME Laboratories Ltd.,"500 mg sachet: ৳ 10.00,(20's pack: ৳ 200.00),",(20's pack: ৳ 200.00)
13912,Cecon,allopathic,ceconchewable-tablet250-mg,Chewable Tablet,Vitamin C [Ascorbic acid],250 mg,ACME Laboratories Ltd.,"Unit Price: ৳ 1.90,(100's pack: ৳ 190.00),",(100's pack: ৳ 190.00)
36,Ceclonac,allopathic,ceclonactablet100-mg,Tablet,Aceclofenac,100 mg,Oyster Pharmaceuticals Ltd.,"Unit Price: ৳ 3.00,(50's pack: ৳ 150.00),",(50's pack: ৳ 150.00)
26,Aclovix,allopathic,aclovixtablet100-mg,Tablet,Aceclofenac,100 mg,Aexim Pharmaceuticals Ltd.,"Unit Price: ৳ 2.50,(100's pack: ৳ 250.00),",(100's pack: ৳ 250.00)
30135,Cefazol,allopathic,cefazolimiv-injection500-mgvial,IM/IV Injection,Cefazolin Sodium,500 mg/vial,Incepta Pharmaceuticals Ltd.,500 mg vial: ৳ 125.00,
30136,Cefazol,allopathic,cefazolimiv-injection1-gmvial,IM/IV Injection,Cefazolin Sodium,1 gm/vial,Incepta Pharmaceuticals Ltd.,1 gm vial: ৳ 200.00,
7860,Cefazid,allopathic,cefazidimiv-injection500-mgvial,IM/IV Injection,Ceftazidime Pentahydrate,500 mg/vial,Renata Limited,500 mg vial: ৳ 130.00,
7861,Cefazid,allopathic,cefazidimiv-injection1-gmvial,IM/IV Injection,Ceftazidime Pentahydrate,1 gm/vial,Renata Limited,1 gm vial: ৳ 240.00,
7859,Cefazid,allopathic,cefazidimiv-injection250-mgvial,IM/IV Injection,Ceftazidime Pentahydrate,250 mg/vial,Renata Limited,250 mg vial: ৳ 85.00,
16368,Cefaten,allopathic,cefatencapsule400-mg,Capsule,Ceftibuten Dihydrate,400 mg,Eskayef Pharmaceuticals Ltd.,"Unit Price: ৳ 120.00,(8's pack: ৳ 960.00),",(8's pack: ৳ 960.00)
16369,Cefaten,allopathic,cefatenpowder-for-suspension90-mg5-ml,Powder for Suspension,Ceftibuten Dihydrate,90 mg/5 ml,Eskayef Pharmaceuticals Ltd.,"60 ml bottle: ৳ 465.00,100 ml bottle: ৳ 775.00",
6823,Cefasia DS,allopathic,cefasia-dspowder-for-suspension250-mg5-ml,Powder for Suspension,Cephradine,250 mg/5 ml,Pharmasia Limited,100 ml bottle: ৳ 140.00,
6821,Cefasia,allopathic,cefasiacapsule500-mg,Capsule,Cephradine,500 mg,Pharmasia Limited,"Unit Price: ৳ 13.00,(20's pack: ৳ 260.00),",(20's pack: ৳ 260.00)
6822,Cefasia,allopathic,cefasiapowder-for-suspension125-mg5-ml,Powder for Suspension,Cephradine,125 mg/5 ml,Pharmasia Limited,100 ml bottle: ৳ 80.31,
30134,Cefamax DS,allopathic,cefamax-dspowder-for-suspension180-mg5-ml,Powder for Suspension,Ceftibuten Dihydrate,180 mg/5 ml,Incepta Pharmaceuticals Ltd.,60 ml bottle: ৳ 800.00,
18969,Cefamax,allopathic,cefamaxpowder-for-suspension90-mg5-ml,Powder for Suspension,Ceftibuten Dihydrate,90 mg/5 ml,Incepta Pharmaceuticals Ltd.,60 ml bottle: ৳ 480.00,
18968,Cefamax,allopathic,cefamaxcapsule400-mg,Capsule,Ceftibuten Dihydrate,400 mg,Incepta Pharmaceuticals Ltd.,"Unit Price: ৳ 120.00,(8's pack: ৳ 960.00),",(8's pack: ৳ 960.00)
33130,Cefalin,allopathic,cefalinimiv-injection1-gmvial,IM/IV Injection,Cefazolin Sodium,1 gm/vial,Drug International Ltd.,1 gm vial: ৳ 200.00,
6700,Cefalex,allopathic,cefalexpowder-for-suspension125-mg5-ml,Powder for Suspension,Cephalexin,125 mg/5 ml,Drug International Ltd.,100 ml bottle: ৳ 81.00,
6699,Cefalex,allopathic,cefalexcapsule500-mg,Capsule,Cephalexin,500 mg,Drug International Ltd.,"Unit Price: ৳ 8.25,(50's pack: ৳ 412.50),",(50's pack: ৳ 412.50)
31194,Cefaking,allopathic,cefakingimiv-injection2-gmvial,IM/IV Injection,Cefoperazone Sodium,2 gm/vial,Drug International Ltd.,2 gm vial: ৳ 400.00,
31195,Cefaking,allopathic,cefakingimiv-injection500-mgvial,IM/IV Injection,Cefoperazone Sodium,500 mg/vial,Drug International Ltd.,500 mg vial: ৳ 150.00,
28358,Cefaking,allopathic,cefakingimiv-injection1-gmvial,IM/IV Injection,Cefoperazone Sodium,1 gm/vial,Drug International Ltd.,1 gm vial: ৳ 220.00,
27149,Cefadyl,allopathic,cefadylcapsule400-mg,Capsule,Cefixime Trihydrate,400 mg,Kumudini Pharma Ltd.,"Unit Price: ৳ 48.00,(8's pack: ৳ 384.00),",(8's pack: ৳ 384.00)
7496,Cefadyl,allopathic,cefadylpowder-for-suspension100-mg5-ml,Powder for Suspension,Cefixime Trihydrate,100 mg/5 ml,Kumudini Pharma Ltd.,50 ml bottle: ৳ 180.00,
7495,Cefadyl,allopathic,cefadylcapsule200-mg,Capsule,Cefixime Trihydrate,200 mg,Kumudini Pharma Ltd.,"Unit Price: ৳ 30.00,(8's pack: ৳ 240.00),",(8's pack: ৳ 240.00)
30739,Cefador,allopathic,cefadorcapsule500-mg,Capsule,Cefadroxil Monohydrate,500 mg,Somatec Pharmaceuticals Ltd.,"Unit Price: ৳ 12.05,(20's pack: ৳ 241.00),",(20's pack: ৳ 241.00)
30738,Cefador,allopathic,cefadorpowder-for-suspension125-mg5-ml,Powder for Suspension,Cefadroxil Monohydrate,125 mg/5 ml,Somatec Pharmaceuticals Ltd.,100 ml bottle: ৳ 70.26,
30737,Cefador,allopathic,cefadorpediatric-drops125-mg125-ml,Pediatric Drops,Cefadroxil Monohydrate,125 mg/1.25 ml,Somatec Pharmaceuticals Ltd.,15 ml bottle: ৳ 50.19,
6817,Cefadin,allopathic,cefadincapsule500-mg,Capsule,Cephradine,500 mg,Ziska Pharmaceuticals Ltd.,"Unit Price: ৳ 12.00,(28's pack: ৳ 336.00),",(28's pack: ৳ 336.00)
6818,Cefadin,allopathic,cefadinpowder-for-suspension125-mg5-ml,Powder for Suspension,Cephradine,125 mg/5 ml,Ziska Pharmaceuticals Ltd.,100 ml bottle: ৳ 80.00,
18999,Cefaclav,allopathic,cefaclavpowder-for-suspension125-mg3125-mg5-ml,Powder for Suspension,Cefuroxime Axetil + Clavulanic Acid,(125 mg+31.25 mg)/5 ml,Incepta Pharmaceuticals Ltd.,70 ml bottle: ৳ 250.00,
7384,Cefaclav,allopathic,cefaclavtablet125-mg3125-mg,Tablet,Cefuroxime Axetil + Clavulanic Acid,125 mg+31.25 mg,Incepta Pharmaceuticals Ltd.,"Unit Price: ৳ 18.00,(18's pack: ৳ 324.00),",(18's pack: ৳ 324.00)
19431,Aclosol,allopathic,aclosolcream005,Cream,Clobetasol Propionate (Topical Preparation),0.05%,Ad-din Pharmaceuticals Ltd.,10 gm tube: ৳ 45.00,
25,Aclopain,allopathic,aclopaintablet100-mg,Tablet,Aceclofenac,100 mg,Jenphar Bangladesh Ltd.,"Unit Price: ৳ 4.00,(100's pack: ৳ 400.00),",(100's pack: ৳ 400.00)
18741,Cefiget,allopathic,cefigetpediatric-drops25-mgml,Pediatric Drops,Cefixime Trihydrate,25 mg/ml,Get Well Limited,21 ml bottle: ৳ 90.00,
30744,Cefida,allopathic,cefidacapsule300-mg,Capsule,Cefdinir,300 mg,Beximco Pharmaceuticals Ltd.,"Unit Price: ৳ 45.00,(8's pack: ৳ 360.00),",(8's pack: ৳ 360.00)
30743,Cefida,allopathic,cefidapowder-for-suspension125-mg5-ml,Powder for Suspension,Cefdinir,125 mg/5 ml,Beximco Pharmaceuticals Ltd.,60 ml bottle: ৳ 150.00,
7503,Ceficap,allopathic,ceficappowder-for-suspension100-mg5-ml,Powder for Suspension,Cefixime Trihydrate,100 mg/5 ml,Euro Pharma Ltd.,50 ml bottle: ৳ 195.00,
7502,Ceficap,allopathic,ceficapcapsule400-mg,Capsule,Cefixime Trihydrate,400 mg,Euro Pharma Ltd.,"Unit Price: ৳ 50.00,(8's pack: ৳ 400.00),",(8's pack: ৳ 400.00)
7501,Ceficap,allopathic,ceficapcapsule200-mg,Capsule,Cefixime Trihydrate,200 mg,Euro Pharma Ltd.,"Unit Price: ৳ 35.00,(12's pack: ৳ 420.00),",(12's pack: ৳ 420.00)
7441,Cefexta Forte,allopathic,cefexta-fortepowder-for-suspension250-mg5-ml,Powder for Suspension,Cefdinir,250 mg/5 ml,UniMed UniHealth,30 ml bottle: ৳ 210.00,
7440,Cefexta,allopathic,cefextapowder-for-suspension125-mg5-ml,Powder for Suspension,Cefdinir,125 mg/5 ml,UniMed UniHealth,60 ml bottle: ৳ 225.00,
7439,Cefexta,allopathic,cefextacapsule300-mg,Capsule,Cefdinir,300 mg,UniMed UniHealth,"Unit Price: ৳ 57.00,(8's pack: ৳ 456.00),",(8's pack: ৳ 456.00)
19075,Cefex,allopathic,cefexpowder-for-suspension125-mg5-ml,Powder for Suspension,Cephalexin,125 mg/5 ml,Doctor’s Chemical Works Ltd.,100 ml bottle: ৳ 75.00,
19074,Cefex,allopathic,cefexcapsule250-mg,Capsule,Cephalexin,250 mg,Doctor’s Chemical Works Ltd.,"Unit Price: ৳ 6.50,(100's pack: ৳ 650.00),",(100's pack: ৳ 650.00)
19073,Cefex,allopathic,cefexcapsule500-mg,Capsule,Cephalexin,500 mg,Doctor’s Chemical Works Ltd.,"Unit Price: ৳ 12.00,(50's pack: ৳ 600.00),",(50's pack: ৳ 600.00)
7500,Cefesta,allopathic,cefestapowder-for-suspension100-mg5-ml,Powder for Suspension,Cefixime Trihydrate,100 mg/5 ml,APC Pharma Ltd.,25 ml bottle: ৳ 86.00,
7499,Cefesta,allopathic,cefestacapsule200-mg,Capsule,Cefixime Trihydrate,200 mg,APC Pharma Ltd.,"Unit Price: ৳ 30.00,(8's pack: ৳ 240.00),",(8's pack: ৳ 240.00)
7498,Ceferon,allopathic,ceferonpowder-for-suspension100-mg5-ml,Powder for Suspension,Cefixime Trihydrate,100 mg/5 ml,Aexim Pharmaceuticals Ltd.,"37.5 ml bottle: ৳ 130.00,50 ml bottle: ৳ 160.00",
7497,Ceferon,allopathic,ceferoncapsule200-mg,Capsule,Cefixime Trihydrate,200 mg,Aexim Pharmaceuticals Ltd.,"Unit Price: ৳ 25.00,(12's pack: ৳ 300.00),",(12's pack: ৳ 300.00)
32238,Cefdox DS,allopathic,cefdox-dspowder-for-suspension80-mg5-ml,Powder for Suspension,Cefpodoxime Proxetil,80 mg/5 ml,ACI Limited,50 ml bottle: ৳ 176.19,
7734,Cefdox,allopathic,cefdoxpowder-for-suspension40-mg5-ml,Powder for Suspension,Cefpodoxime Proxetil,40 mg/5 ml,ACI Limited,50 ml bottle: ৳ 98.67,
32239,Cefdox,allopathic,cefdoxpediatric-drops20-mgml,Pediatric Drops,Cefpodoxime Proxetil,20 mg/ml,ACI Limited,15 ml bottle: ৳ 60.41,
32237,Cefdox,allopathic,cefdoxcapsule100-mg,Capsule,Cefpodoxime Proxetil,100 mg,ACI Limited,"Unit Price: ৳ 22.13,(6's pack: ৳ 132.78),",(6's pack: ৳ 132.78)
7849,Cefdox,allopathic,cefdoxtablet200-mg,Tablet,Cefpodoxime Proxetil,200 mg,ACI Limited,"Unit Price: ৳ 37.00,(12's pack: ৳ 444.00),",(12's pack: ৳ 444.00)
33187,Cefditor,allopathic,cefditortablet400-mg,Tablet,Cefditoren,400 mg,Orion Pharma Ltd.,"Unit Price: ৳ 250.00,(4's pack: ৳ 1,000.00),","(4's pack: ৳ 1,000.00)"
7453,Cefditor,allopathic,cefditortablet200-mg,Tablet,Cefditoren,200 mg,Orion Pharma Ltd.,"Unit Price: ৳ 150.45,(8's pack: ৳ 1,203.60),","(8's pack: ৳ 1,203.60)"
29358,Cefdiren,allopathic,cefdirentablet200-mg,Tablet,Cefditoren,200 mg,Ibn Sina Pharmaceuticals Ltd.,"Unit Price: ৳ 150.00,(8's pack: ৳ 1,200.00),","(8's pack: ৳ 1,200.00)"
29359,Cefdiren,allopathic,cefdirentablet400-mg,Tablet,Cefditoren,400 mg,Ibn Sina Pharmaceuticals Ltd.,"Unit Price: ৳ 250.00,(8's pack: ৳ 2,000.00),","(8's pack: ৳ 2,000.00)"
30740,Cefcare,allopathic,cefcarecapsule500-mg,Capsule,Cefadroxil Monohydrate,500 mg,Navana Pharmaceuticals Ltd.,"Unit Price: ৳ 15.00,(12's pack: ৳ 180.00),",(12's pack: ৳ 180.00)
30741,Cefcare,allopathic,cefcarepediatric-drops125-mg125-ml,Pediatric Drops,Cefadroxil Monohydrate,125 mg/1.25 ml,Navana Pharmaceuticals Ltd.,15 ml bottle: ৳ 50.19,
30742,Cefcare,allopathic,cefcarepowder-for-suspension125-mg5-ml,Powder for Suspension,Cefadroxil Monohydrate,125 mg/5 ml,Navana Pharmaceuticals Ltd.,100 ml bottle: ৳ 95.63,
30138,Cefazone,allopathic,cefazoneimiv-injection2-gmvial,IM/IV Injection,Cefoperazone Sodium,2 gm/vial,Incepta Pharmaceuticals Ltd.,2 ml vial: ৳ 400.00,
30137,Cefazone,allopathic,cefazoneimiv-injection1-gmvial,IM/IV Injection,Cefoperazone Sodium,1 gm/vial,Incepta Pharmaceuticals Ltd.,1 gm vial: ৳ 250.00,
24,Aclonac,allopathic,aclonactablet100-mg,Tablet,Aceclofenac,100 mg,Pharmasia Limited,"Unit Price: ৳ 4.00,(50's pack: ৳ 200.00),",(50's pack: ৳ 200.00)
29923,Ceflon,allopathic,cefloncapsule500-mg,Capsule,Cefaclor Monohydrate,500 mg,Eskayef Pharmaceuticals Ltd.,"Unit Price: ৳ 30.00,(8's pack: ৳ 240.00),",(8's pack: ৳ 240.00)
7106,Ceflon,allopathic,ceflonpowder-for-suspension125-mg5-ml,Powder for Suspension,Cefaclor Monohydrate,125 mg/5 ml,Eskayef Pharmaceuticals Ltd.,100 ml bottle: ৳ 200.00,
7107,Ceflon,allopathic,ceflonpediatric-drops125-mg125-ml,Pediatric Drops,Cefaclor Monohydrate,125 mg/1.25 ml,Eskayef Pharmaceuticals Ltd.,15 ml bottle: ৳ 125.00,
6825,Ceflin,allopathic,ceflinpowder-for-suspension125-mg5-ml,Powder for Suspension,Cephradine,125 mg/5 ml,Nipa Pharmaceuticals Ltd.,100 ml bottle: ৳ 80.00,
