brand id,brand name,type,slug,dosage form,generic,strength,manufacturer,package container,Package Size
30958,Levetam,allopathic,levetamtablet250-mg,Tablet,Levetiracetam,250 mg,Eskayef Pharmaceuticals Ltd.,"Unit Price: ৳ 15.00,(30's pack: ৳ 450.00),",(30's pack: ৳ 450.00)
26836,Leveron,allopathic,leveronoral-solution500-mg5-ml,Oral Solution,Levetiracetam,500 mg/5 ml,Synovia pharma plc,100 ml bottle: ৳ 400.00,
4940,Leveron,allopathic,leverontablet250-mg,Tablet,Levetiracetam,250 mg,Synovia pharma plc,"Unit Price: ৳ 16.05,(30's pack: ৳ 481.50),",(30's pack: ৳ 481.50)
4941,Leveron,allopathic,leverontablet500-mg,Tablet,Levetiracetam,500 mg,Synovia pharma plc,"Unit Price: ৳ 30.09,(20's pack: ৳ 601.80),",(20's pack: ৳ 601.80)
32390,Levepro,allopathic,leveprotablet500-mg,Tablet,Levetiracetam,500 mg,Genvio Pharma Ltd.,"Unit Price: ৳ 30.00,(20's pack: ৳ 600.00),",(20's pack: ৳ 600.00)
32391,Levepro,allopathic,leveprotablet250-mg,Tablet,Levetiracetam,250 mg,Genvio Pharma Ltd.,"Unit Price: ৳ 16.00,(30's pack: ৳ 480.00),",(30's pack: ৳ 480.00)
3575,Leventa,allopathic,leventasyrup1-mg5-ml,Syrup,Levosalbutamol (Oral),1 mg/5 ml,Novo Healthcare and Pharma Ltd.,100 ml bottle: ৳ 38.11,
16832,Levemir Flexpen,allopathic,levemir-flexpensc-injection100-iuml,SC Injection,Insulin Detemir,100 IU/ml,Novo Nordisk Pharma (Pvt.) Ltd,"3 ml flexpen: ৳ 1,383.00,(5's pack: ৳ 6,915.00),","(5's pack: ৳ 6,915.00)"
27626,Level-K,allopathic,level-koral-powder15-gmsachet,Oral Powder,Sodium Polystyrene Sulfonate,15 gm/sachet,Incepta Pharmaceuticals Ltd.,15 gm sachet: ৳ 980.00,
21569,Levoair,allopathic,levoairsyrup1-mg5-ml,Syrup,Levosalbutamol (Oral),1 mg/5 ml,Kemiko Pharmaceuticals Ltd.,100 ml bottle: ৳ 45.00,
21499,Levo,allopathic,levotablet500-mg,Tablet,Levofloxacin Hemihydrate,500 mg,Astra Biopharmaceuticals Ltd.,Unit Price: ৳ 15.00,
4942,Levipil,allopathic,levipiltablet500-mg,Tablet,Levetiracetam,500 mg,Sun Pharmaceutical Ltd.,"Unit Price: ৳ 28.00,(30's pack: ৳ 840.00),",(30's pack: ৳ 840.00)
26697,Levipil,allopathic,levipiltablet250-mg,Tablet,Levetiracetam,250 mg,Sun Pharmaceutical Ltd.,"Unit Price: ৳ 15.00,(30's pack: ৳ 450.00),",(30's pack: ৳ 450.00)
32486,Levefix,allopathic,levefixoral-solution500-mg5-ml,Oral Solution,Levetiracetam,500 mg/5 ml,Opsonin Pharma Ltd.,50 ml bottle: ৳ 200.00,
32487,Levefix,allopathic,levefixtablet250-mg,Tablet,Levetiracetam,250 mg,Opsonin Pharma Ltd.,"Unit Price: ৳ 15.00,(30's pack: ৳ 450.00),",(30's pack: ৳ 450.00)
32488,Levefix,allopathic,levefixtablet500-mg,Tablet,Levetiracetam,500 mg,Opsonin Pharma Ltd.,"Unit Price: ৳ 30.00,(10's pack: ৳ 300.00),",(10's pack: ৳ 300.00)
27014,Levat,allopathic,levatcapsule10-mg,Capsule,Lenvatinib Mesylate,10 mg,Jenphar Bangladesh Ltd.,"Unit Price: ৳ 1,730.00,(30's pack: ৳ 51,900.00),","(30's pack: ৳ 51,900.00)"
12165,Levant,allopathic,levanttablet5-mg,Tablet,Levocetirizine Dihydrochloride,5 mg,Bristol Pharmaceuticals Ltd.,"Unit Price: ৳ 2.20,(100's pack: ৳ 220.00),",(100's pack: ৳ 220.00)
32421,Levamolin,allopathic,levamolintablet5-mg,Tablet,S-Amlodipine Besilate (Levamlodipine),5 mg,Pharmasia Limited,"Unit Price: ৳ 9.00,(28's pack: ৳ 252.00),",(28's pack: ৳ 252.00)
32422,Levamolin,allopathic,levamolintablet25-mg,Tablet,S-Amlodipine Besilate (Levamlodipine),2.5 mg,Pharmasia Limited,"Unit Price: ৳ 7.00,(28's pack: ৳ 196.00),",(28's pack: ৳ 196.00)
10306,Levamin,allopathic,levaminsyrup40-mg5-ml,Syrup,Levamisole,40 mg/5 ml,Pharmadesh Laboratories Ltd.,30 ml bottle: ৳ 13.87,
10305,Levamin,allopathic,levamintablet40-mg,Tablet,Levamisole,40 mg,Pharmadesh Laboratories Ltd.,"Unit Price: ৳ 0.46,(100's pack: ৳ 46.00),",(100's pack: ৳ 46.00)
3574,Levair,allopathic,levairsyrup1-mg5-ml,Syrup,Levosalbutamol (Oral),1 mg/5 ml,General Pharmaceuticals Ltd.,100 ml bottle: ৳ 35.24,
9463,Levolex,allopathic,levolextablet500-mg,Tablet,Levofloxacin Hemihydrate,500 mg,Pharmadesh Laboratories Ltd.,"Unit Price: ৳ 14.00,(20's pack: ৳ 280.00),",(20's pack: ৳ 280.00)
21530,Levoking,allopathic,levokingoral-solution125-mg5-ml,Oral Solution,Levofloxacin Hemihydrate,125 mg/5 ml,Renata Limited,100 ml bottle: ৳ 80.00,
9462,Levoking,allopathic,levokingtablet750-mg,Tablet,Levofloxacin Hemihydrate,750 mg,Renata Limited,"Unit Price: ৳ 20.07,(18's pack: ৳ 361.26),",(18's pack: ৳ 361.26)
9461,Levoking,allopathic,levokingtablet500-mg,Tablet,Levofloxacin Hemihydrate,500 mg,Renata Limited,"Unit Price: ৳ 15.06,(30's pack: ৳ 451.80),",(30's pack: ৳ 451.80)
9582,Levogen TS,allopathic,levogen-tsophthalmic-solution15,Ophthalmic Solution,Levofloxacin (Ophthalmic),1.50%,General Pharmaceuticals Ltd.,5 ml drop: ৳ 130.00,
9565,Levogen,allopathic,levogenophthalmic-solution05,Ophthalmic Solution,Levofloxacin (Ophthalmic),0.50%,General Pharmaceuticals Ltd.,5 ml drop: ৳ 90.00,
9455,Levoflox,allopathic,levofloxtablet500-mg,Tablet,Levofloxacin Hemihydrate,500 mg,Drug International Ltd.,"Unit Price: ৳ 15.05,(20's pack: ৳ 301.00),",(20's pack: ৳ 301.00)
9564,Levoflox,allopathic,levofloxophthalmic-solution05,Ophthalmic Solution,Levofloxacin (Ophthalmic),0.50%,Drug International Ltd.,5 ml drop: ৳ 80.25,
9457,Levoflox,allopathic,levofloxiv-infusion500-mg100-ml,IV Infusion,Levofloxacin Hemihydrate,500 mg/100 ml,Drug International Ltd.,100 ml bottle: ৳ 100.00,
9456,Levoflox,allopathic,levofloxtablet750-mg,Tablet,Levofloxacin Hemihydrate,750 mg,Drug International Ltd.,"Unit Price: ৳ 20.10,(10's pack: ৳ 201.00),",(10's pack: ৳ 201.00)
16638,Levofed,allopathic,levofediv-infusion2-mg2-ml,IV Infusion,Norepinephrine,2 mg/2 ml,Beacon Pharmaceuticals Ltd.,2 ml vial: ৳ 250.00,
9454,Levodon,allopathic,levodontablet500-mg,Tablet,Levofloxacin Hemihydrate,500 mg,Apollo Pharmaceutical Ltd.,"Unit Price: ৳ 15.00,(16's pack: ৳ 240.00),",(16's pack: ৳ 240.00)
21579,Levodis,allopathic,levodissyrup1-mg5-ml,Syrup,Levosalbutamol (Oral),1 mg/5 ml,Reliance Pharmaceuticals Ltd.,100 ml bottle: ৳ 45.00,
9548,Levoday,allopathic,levodaytablet500-mg,Tablet,Levofloxacin Hemihydrate,500 mg,Veritas Pharmaceuticals Ltd.,"Unit Price: ৳ 16.00,(30's pack: ৳ 480.00),",(30's pack: ৳ 480.00)
9453,Levocos,allopathic,levocostablet500-mg,Tablet,Levofloxacin Hemihydrate,500 mg,Cosmic Pharma Ltd.,"Unit Price: ৳ 14.40,(30's pack: ৳ 432.00),",(30's pack: ৳ 432.00)
9452,Levocin,allopathic,levocintablet500-mg,Tablet,Levofloxacin Hemihydrate,500 mg,Desh Pharmaceuticals Ltd.,"Unit Price: ৳ 12.00,(30's pack: ৳ 360.00),",(30's pack: ৳ 360.00)
9467,Levomax,allopathic,levomaxtablet750-mg,Tablet,Levofloxacin Hemihydrate,750 mg,Eskayef Pharmaceuticals Ltd.,"Unit Price: ৳ 20.00,(10's pack: ৳ 200.00),",(10's pack: ৳ 200.00)
9465,Levolon,allopathic,levolontablet500-mg,Tablet,Levofloxacin Hemihydrate,500 mg,Peoples Pharma Ltd.,"Unit Price: ৳ 14.00,(30's pack: ৳ 420.00),",(30's pack: ৳ 420.00)
21524,Levolon,allopathic,levolontablet250-mg,Tablet,Levofloxacin Hemihydrate,250 mg,Peoples Pharma Ltd.,"Unit Price: ৳ 7.50,(20's pack: ৳ 150.00),",(20's pack: ৳ 150.00)
28556,Levolo,allopathic,levoloophthalmic-solution05,Ophthalmic Solution,Levofloxacin (Ophthalmic),0.50%,Pacific Pharmaceuticals Ltd.,5 ml drop: ৳ 90.00,
9464,Levolo,allopathic,levolotablet500-mg,Tablet,Levofloxacin Hemihydrate,500 mg,Pacific Pharmaceuticals Ltd.,"Unit Price: ৳ 15.00,(30's pack: ৳ 450.00),",(30's pack: ৳ 450.00)
12166,Levocet,allopathic,levocettablet5-mg,Tablet,Levocetirizine Dihydrochloride,5 mg,Alco Pharma Ltd.,"Unit Price: ৳ 2.01,(50's pack: ৳ 100.50),",(50's pack: ৳ 100.50)
32537,Levocare,allopathic,levocaretablet500-mg,Tablet,Levofloxacin Hemihydrate,500 mg,Doctor TIMS Pharmaceuticals Ltd.,"Unit Price: ৳ 15.00,(30's pack: ৳ 450.00),",(30's pack: ৳ 450.00)
3174,Levocar,allopathic,levocartablet330-mg,Tablet,Levocarnitine,330 mg,Square Pharmaceuticals Ltd.,"Unit Price: ৳ 5.03,(30's pack: ৳ 150.90),",(30's pack: ৳ 150.90)
3175,Levocar,allopathic,levocaroral-solution500-mg5-ml,Oral Solution,Levocarnitine,500 mg/5 ml,Square Pharmaceuticals Ltd.,100 ml bottle: ৳ 100.67,
9581,Levobac TS,allopathic,levobac-tsophthalmic-solution15,Ophthalmic Solution,Levofloxacin (Ophthalmic),1.50%,Popular Pharmaceuticals Ltd.,5 ml drop: ৳ 130.00,
9451,Levobac,allopathic,levobaciv-infusion500-mg100-ml,IV Infusion,Levofloxacin Hemihydrate,500 mg/100 ml,Popular Pharmaceuticals Ltd.,100 ml bottle: ৳ 100.00,
9449,Levobac,allopathic,levobactablet500-mg,Tablet,Levofloxacin Hemihydrate,500 mg,Popular Pharmaceuticals Ltd.,"Unit Price: ৳ 15.06,(24's pack: ৳ 361.44),",(24's pack: ৳ 361.44)
9563,Levobac,allopathic,levobacophthalmic-solution05,Ophthalmic Solution,Levofloxacin (Ophthalmic),0.50%,Popular Pharmaceuticals Ltd.,5 ml drop: ৳ 90.00,
9450,Levobac,allopathic,levobactablet750-mg,Tablet,Levofloxacin Hemihydrate,750 mg,Popular Pharmaceuticals Ltd.,"Unit Price: ৳ 20.08,(24's pack: ৳ 481.92),",(24's pack: ৳ 481.92)
9480,Levostin,allopathic,levostintablet500-mg,Tablet,Levofloxacin Hemihydrate,500 mg,Aexim Pharmaceuticals Ltd.,"Unit Price: ৳ 13.00,(20's pack: ৳ 260.00),",(20's pack: ৳ 260.00)
3578,Levostar,allopathic,levostarsyrup1-mg5-ml,Syrup,Levosalbutamol (Oral),1 mg/5 ml,Square Pharmaceuticals Ltd.,"50 ml bottle: ৳ 30.10,100 ml bottle: ৳ 45.13",
3577,Levostar,allopathic,levostartablet2-mg,Tablet,Levosalbutamol (Oral),2 mg,Square Pharmaceuticals Ltd.,"Unit Price: ৳ 2.00,(50's pack: ৳ 100.00),",(50's pack: ৳ 100.00)
3576,Levostar,allopathic,levostartablet1-mg,Tablet,Levosalbutamol (Oral),1 mg,Square Pharmaceuticals Ltd.,"Unit Price: ৳ 1.00,(100's pack: ৳ 100.00),",(100's pack: ৳ 100.00)
10312,Levosol,allopathic,levosoltablet40-mg,Tablet,Levamisole,40 mg,Seema Pharmaceuticals Ltd.,"Unit Price: ৳ 0.45,(100's pack: ৳ 45.00),",(100's pack: ৳ 45.00)
10313,Levosol,allopathic,levosolsyrup40-mg5-ml,Syrup,Levamisole,40 mg/5 ml,Seema Pharmaceuticals Ltd.,"15 ml bottle: ৳ 9.00,30 ml bottle: ৳ 12.00",
21545,Levosina TS,allopathic,levosina-tsophthalmic-solution15,Ophthalmic Solution,Levofloxacin (Ophthalmic),1.50%,Ibn Sina Pharmaceuticals Ltd.,5 ml drop: ৳ 130.00,
9568,Levosina,allopathic,levosinaophthalmic-solution05,Ophthalmic Solution,Levofloxacin (Ophthalmic),0.50%,Ibn Sina Pharmaceuticals Ltd.,5 ml drop: ৳ 90.00,
9479,Levosina,allopathic,levosinatablet750-mg,Tablet,Levofloxacin Hemihydrate,750 mg,Ibn Sina Pharmaceuticals Ltd.,"Unit Price: ৳ 21.00,(20's pack: ৳ 420.00),",(20's pack: ৳ 420.00)
9478,Levosina,allopathic,levosinatablet500-mg,Tablet,Levofloxacin Hemihydrate,500 mg,Ibn Sina Pharmaceuticals Ltd.,"Unit Price: ৳ 15.50,(20's pack: ৳ 310.00),",(20's pack: ৳ 310.00)
9476,Levoseem,allopathic,levoseemtablet500-mg,Tablet,Levofloxacin Hemihydrate,500 mg,Seema Pharmaceuticals Ltd.,"Unit Price: ৳ 16.00,(20's pack: ৳ 320.00),",(20's pack: ৳ 320.00)
28095,Levosafe,allopathic,levosafetablet500-mg,Tablet,Levofloxacin Hemihydrate,500 mg,Ethical Drug Ltd.,"Unit Price: ৳ 15.00,(20's pack: ৳ 300.00),",(20's pack: ৳ 300.00)
9474,Levora,allopathic,levoratablet500-mg,Tablet,Levofloxacin Hemihydrate,500 mg,Somatec Pharmaceuticals Ltd.,"Unit Price: ৳ 14.05,(20's pack: ৳ 280.90),",(20's pack: ৳ 280.90)
21547,Levoquin TS,allopathic,levoquin-tsophthalmic-solution15,Ophthalmic Solution,Levofloxacin (Ophthalmic),1.50%,Navana Pharmaceuticals Ltd.,5 ml drop: ৳ 130.00,
9473,Levoquin,allopathic,levoquintablet500-mg,Tablet,Levofloxacin Hemihydrate,500 mg,Navana Pharmaceuticals Ltd.,"Unit Price: ৳ 15.10,(24's pack: ৳ 362.42),",(24's pack: ৳ 362.42)
9567,Levoquin,allopathic,levoquinophthalmic-solution05,Ophthalmic Solution,Levofloxacin (Ophthalmic),0.50%,Navana Pharmaceuticals Ltd.,5 ml drop: ৳ 90.27,
9483,Levox,allopathic,levoxtablet750-mg,Tablet,Levofloxacin Hemihydrate,750 mg,Opsonin Pharma Ltd.,"Unit Price: ৳ 20.08,(12's pack: ৳ 240.96),",(12's pack: ৳ 240.96)
9482,Levox,allopathic,levoxtablet500-mg,Tablet,Levofloxacin Hemihydrate,500 mg,Opsonin Pharma Ltd.,"Unit Price: ৳ 15.10,(20's pack: ৳ 302.00),",(20's pack: ৳ 302.00)
9484,Levox,allopathic,levoxoral-solution125-mg5-ml,Oral Solution,Levofloxacin Hemihydrate,125 mg/5 ml,Opsonin Pharma Ltd.,100 ml bottle: ৳ 75.28,
12169,Levotiz,allopathic,levotiztablet5-mg,Tablet,Levocetirizine Dihydrochloride,5 mg,Euro Pharma Ltd.,"Unit Price: ৳ 2.50,(100's pack: ৳ 250.00),",(100's pack: ৳ 250.00)
5103,Levopa,allopathic,levopatablet250-mg25-mg,Tablet,Levodopa + Carbidopa (FC tablet),250 mg+25 mg,ACME Laboratories Ltd.,"Unit Price: ৳ 7.52,(30's pack: ৳ 225.60),",(30's pack: ৳ 225.60)
5102,Levopa,allopathic,levopatablet100-mg10-mg,Tablet,Levodopa + Carbidopa (FC tablet),100 mg+10 mg,ACME Laboratories Ltd.,"Unit Price: ৳ 4.01,(30's pack: ৳ 120.30),",(30's pack: ৳ 120.30)
9471,Levonor,allopathic,levonortablet750-mg,Tablet,Levofloxacin Hemihydrate,750 mg,Novelta Bestway Pharma Ltd.,"Unit Price: ৳ 20.06,(10's pack: ৳ 200.60),",(10's pack: ৳ 200.60)
9470,Levonor,allopathic,levonortablet500-mg,Tablet,Levofloxacin Hemihydrate,500 mg,Novelta Bestway Pharma Ltd.,"Unit Price: ৳ 15.05,(20's pack: ৳ 301.00),",(20's pack: ৳ 301.00)
9469,Levonix,allopathic,levonixtablet500-mg,Tablet,Levofloxacin Hemihydrate,500 mg,Ziska Pharmaceuticals Ltd.,"Unit Price: ৳ 14.00,(21's pack: ৳ 294.00),",(21's pack: ৳ 294.00)
9468,Levonce,allopathic,levoncetablet500-mg,Tablet,Levofloxacin Hemihydrate,500 mg,Bristol Pharmaceuticals Ltd.,"Unit Price: ৳ 15.00,(20's pack: ৳ 300.00),",(20's pack: ৳ 300.00)
9550,Levomet,allopathic,levomettablet250-mg,Tablet,Levofloxacin Hemihydrate,250 mg,Medimet Pharmaceuticals Ltd.,"Unit Price: ৳ 8.00,(20's pack: ৳ 160.00),",(20's pack: ৳ 160.00)
21509,Levomax TS,allopathic,levomax-tsophthalmic-solution15,Ophthalmic Solution,Levofloxacin (Ophthalmic),1.50%,Eskayef Pharmaceuticals Ltd.,5 ml drop: ৳ 130.00,
9566,Levomax,allopathic,levomaxophthalmic-solution05,Ophthalmic Solution,Levofloxacin (Ophthalmic),0.50%,Eskayef Pharmaceuticals Ltd.,5 ml drop: ৳ 90.00,
9496,Lezon,allopathic,lezontablet500-mg,Tablet,Levofloxacin Hemihydrate,500 mg,Euro Pharma Ltd.,"Unit Price: ৳ 15.00,(20's pack: ৳ 300.00),",(20's pack: ৳ 300.00)
4258,Lexotanil,allopathic,lexotaniltablet3-mg,Tablet,Bromazepam,3 mg,Radiant Pharmaceuticals Ltd.,"Unit Price: ৳ 8.00,(70's pack: ৳ 560.00),",(70's pack: ৳ 560.00)
4257,Lexopil,allopathic,lexopiltablet3-mg,Tablet,Bromazepam,3 mg,Healthcare Pharmaceuticals Ltd.,"Unit Price: ৳ 5.00,(50's pack: ৳ 250.00),",(50's pack: ৳ 250.00)
28152,Lexopam,allopathic,lexopamtablet3-mg,Tablet,Bromazepam,3 mg,Apex Pharmaceuticals Ltd.,"Unit Price: ৳ 4.50,(50's pack: ৳ 225.00),",(50's pack: ৳ 225.00)
4256,Lexnil,allopathic,lexniltablet3-mg,Tablet,Bromazepam,3 mg,Asiatic Laboratories Ltd.,"Unit Price: ৳ 4.00,(50's pack: ৳ 200.00),",(50's pack: ৳ 200.00)
28043,Lexlo,allopathic,lexlotablet250-mg,Tablet,Levofloxacin Hemihydrate,250 mg,Ambee Pharmaceuticals Ltd.,"Unit Price: ৳ 8.03,(20's pack: ৳ 160.61),",(20's pack: ৳ 160.61)
9494,Lexlo,allopathic,lexlotablet500-mg,Tablet,Levofloxacin Hemihydrate,500 mg,Ambee Pharmaceuticals Ltd.,"Unit Price: ৳ 13.04,(20's pack: ৳ 260.85),",(20's pack: ৳ 260.85)
15183,Lexel,allopathic,lexeltablet25-mg,Tablet,Letrozole,2.5 mg,Beacon Pharmaceuticals Ltd.,"Unit Price: ৳ 40.00,(30's pack: ৳ 1,200.00),","(30's pack: ৳ 1,200.00)"
9554,Lexazen,allopathic,lexazentablet500-mg,Tablet,Levofloxacin Hemihydrate,500 mg,Zenith Pharmaceuticals Ltd.,"Unit Price: ৳ 17.00,(30's pack: ৳ 510.00),",(30's pack: ৳ 510.00)
9553,Lexazen,allopathic,lexazentablet250-mg,Tablet,Levofloxacin Hemihydrate,250 mg,Zenith Pharmaceuticals Ltd.,"Unit Price: ৳ 8.00,(30's pack: ৳ 240.00),",(30's pack: ৳ 240.00)
15484,Lexaton,allopathic,lexatontablet50-mg,Tablet,Tolperisone Hydrochloride,50 mg,Drug International Ltd.,"Unit Price: ৳ 3.50,(56's pack: ৳ 196.00),",(56's pack: ৳ 196.00)
9552,Lexa,allopathic,lexatablet500-mg,Tablet,Levofloxacin Hemihydrate,500 mg,Globex Pharmaceuticals Ltd.,Unit Price: ৳ 15.00,
9583,Levoxin TS,allopathic,levoxin-tsophthalmic-solution15,Ophthalmic Solution,Levofloxacin (Ophthalmic),1.50%,Incepta Pharmaceuticals Ltd.,5 ml drop: ৳ 130.00,
9486,Levoxin,allopathic,levoxintablet250-mg,Tablet,Levofloxacin Hemihydrate,250 mg,Incepta Pharmaceuticals Ltd.,"Unit Price: ৳ 8.00,(30's pack: ৳ 240.00),",(30's pack: ৳ 240.00)
9569,Levoxin,allopathic,levoxinophthalmic-solution05,Ophthalmic Solution,Levofloxacin (Ophthalmic),0.50%,Incepta Pharmaceuticals Ltd.,5 ml drop: ৳ 90.00,
9489,Levoxin,allopathic,levoxinoral-solution125-mg5-ml,Oral Solution,Levofloxacin Hemihydrate,125 mg/5 ml,Incepta Pharmaceuticals Ltd.,100 ml bottle: ৳ 80.00,
375,Libott-M,allopathic,libott-miv-infusion01843,IV Infusion,Sodium Chloride + Dextrose,0.18%+4.3%,Libra Infusions Ltd.,"500 ml bag: ৳ 71.30,1000 ml bag: ৳ 94.09",
14852,Libott,allopathic,libottiv-infusion5,IV Infusion,Dextrose,5%,Libra Infusions Ltd.,"500 ml bag: ৳ 71.31,1000 ml bag: ৳ 91.99",
14853,Libott,allopathic,libottiv-infusion10,IV Infusion,Dextrose,10%,Libra Infusions Ltd.,"500 ml bag: ৳ 78.20,1000 ml bag: ৳ 105.80",
14854,Libott,allopathic,libottiv-infusion25,IV Infusion,Dextrose,25%,Libra Infusions Ltd.,"100 ml bottle: ৳ 48.14,250 ml bottle: ৳ 73.22",
25815,Libotil,allopathic,libotilpowder-for-suspension125-mg5-ml,Powder for Suspension,Cefuroxime Axetil,125 mg/5 ml,Libra Pharmaceuticls Ltd.,70 ml bottle: ৳ 198.75,
22588,Liam,allopathic,liamchewable-tablet5-mg,Chewable Tablet,Montelukast Sodium,5 mg,Asiatic Laboratories Ltd.,"Unit Price: ৳ 8.00,(30's pack: ৳ 240.00),",(30's pack: ৳ 240.00)
3780,Liam,allopathic,liamtablet10-mg,Tablet,Montelukast Sodium,10 mg,Asiatic Laboratories Ltd.,"Unit Price: ৳ 10.00,(50's pack: ৳ 500.00),",(50's pack: ৳ 500.00)
9490,Levoxin,allopathic,levoxiniv-infusion500-mg100-ml,IV Infusion,Levofloxacin Hemihydrate,500 mg/100 ml,Incepta Pharmaceuticals Ltd.,100 ml bottle: ৳ 100.00,
9487,Levoxin,allopathic,levoxintablet500-mg,Tablet,Levofloxacin Hemihydrate,500 mg,Incepta Pharmaceuticals Ltd.,"Unit Price: ৳ 15.00,(20's pack: ৳ 300.00),,Unit Price: ৳ 15.00,(30's pack: ৳ 450.00),","(20's pack: ৳ 300.00),(30's pack: ৳ 450.00)"
9488,Levoxin,allopathic,levoxintablet750-mg,Tablet,Levofloxacin Hemihydrate,750 mg,Incepta Pharmaceuticals Ltd.,"Unit Price: ৳ 20.00,(10's pack: ৳ 200.00),",(10's pack: ৳ 200.00)
21549,Levox TS,allopathic,levox-tsophthalmic-solution15,Ophthalmic Solution,Levofloxacin (Ophthalmic),1.50%,Opsonin Pharma Ltd.,5 ml drop: ৳ 130.00,
21548,Levox,allopathic,levoxophthalmic-solution05,Ophthalmic Solution,Levofloxacin (Ophthalmic),0.50%,Opsonin Pharma Ltd.,5 ml drop: ৳ 90.00,
12315,Lidocaine,allopathic,lidocaineinjection2,Injection,Lidocaine Hydrochloride (Injection),2%,Medimet Pharmaceuticals Ltd.,"2 ml ampoule: ৳ 2.70,(10's pack: ৳ 27.00),",(10's pack: ৳ 27.00)
12318,Lido,allopathic,lidotopical-spray10-mgspray,Topical Spray,Lidocaine Hydrochloride (Spray),10 mg/spray,Square Pharmaceuticals Ltd.,30 ml bottle: ৳ 300.90,
2438,Liconor,allopathic,liconororal-suspension250-mg5-ml,Oral Suspension,Ursodeoxycholic Acid,250 mg/5 ml,Opsonin Pharma Ltd.,50 ml bottle: ৳ 180.68,
2437,Liconor,allopathic,liconortablet300-mg,Tablet,Ursodeoxycholic Acid,300 mg,Opsonin Pharma Ltd.,"Unit Price: ৳ 21.00,(10's pack: ৳ 210.00),",(10's pack: ৳ 210.00)
2436,Liconor,allopathic,liconortablet150-mg,Tablet,Ursodeoxycholic Acid,150 mg,Opsonin Pharma Ltd.,"Unit Price: ৳ 11.04,(30's pack: ৳ 331.20),",(30's pack: ৳ 331.20)
13558,Licod-M,allopathic,licod-msyrup,Syrup,Multivitamin & Cod Liver Oil,,Cosmic Pharma Ltd.,"100 ml bottle: ৳ 82.00,200 ml bottle: ৳ 149.00",
26813,Licnil,allopathic,licnillotion05,Lotion,Ivermectin (Topical),0.50%,Eskayef Pharmaceuticals Ltd.,"60 gm tube: ৳ 130.00,117 gm tube: ৳ 210.00",
12488,Licerin,allopathic,licerincream5-ww,Cream,Permethrin,5% w/w,Drug International Ltd.,"15 gm tube: ৳ 25.10,30 gm tube: ৳ 50.00",
6768,Licef,allopathic,licefcapsule500-mg,Capsule,Cefadroxil Monohydrate,500 mg,Asiatic Laboratories Ltd.,"Unit Price: ৳ 11.93,(24's pack: ৳ 286.34),",(24's pack: ৳ 286.34)
1712,Libret,allopathic,libretiv-infusion50-mg100-ml,IV Infusion,Ranitidine Hydrochloride,50 mg/100 ml,Libra Infusions Ltd.,100 ml bottle: ৳ 55.37,
10122,Librazol,allopathic,librazoliv-infusion500-mg100-ml,IV Infusion,Metronidazole,500 mg/100 ml,Libra Infusions Ltd.,100 ml bottle: ৳ 49.90,
25911,Libradin,allopathic,libradincapsule500-mg,Capsule,Cephradine,500 mg,Libra Pharmaceuticls Ltd.,"Unit Price: ৳ 12.54,(28's pack: ৳ 351.12),",(28's pack: ৳ 351.12)
25910,Libradin,allopathic,libradinpowder-for-suspension125-mg5-ml,Powder for Suspension,Cephradine,125 mg/5 ml,Libra Pharmaceuticls Ltd.,100 ml bottle: ৳ 80.30,
9299,Libracin,allopathic,libraciniv-infusion400-mg100-ml,IV Infusion,Ciprofloxacin,400 mg/100 ml,Libra Infusions Ltd.,100 ml bottle: ৳ 146.74,
9298,Libracin,allopathic,libraciniv-infusion200-mg100-ml,IV Infusion,Ciprofloxacin,200 mg/100 ml,Libra Infusions Ltd.,100 ml bottle: ৳ 70.48,
385,Libott-S JR,allopathic,libott-s-jriv-infusion0455,IV Infusion,Sodium Chloride + Dextrose,0.45%+5%,Libra Infusions Ltd.,500 ml bag: ৳ 73.60,
28965,Liftear,allopathic,liftearophthalmic-solution5,Ophthalmic Solution,Lifitegrast,5%,Aristopharma Ltd.,"5 ml drop: ৳ 1,800.00",
20538,Lifozin,allopathic,lifozintablet5-mg20-mg,Tablet,Folic Acid + Zinc Sulfate Monohydrate,5 mg+20 mg,Ibn Sina Pharmaceuticals Ltd.,"Unit Price: ৳ 2.00,(100's pack: ৳ 200.00),",(100's pack: ৳ 200.00)
28270,Lifil-A,allopathic,lifil-acapsule50000-iu,Capsule,Vitamin A,50000 IU,ACME Laboratories Ltd.,"Unit Price: ৳ 1.93,(120's pack: ৳ 231.60),",(120's pack: ৳ 231.60)
27862,Life Silver,allopathic,life-silvertablet,Tablet,Multivitamin & Multimineral [A-Z silver preparation],,Alco Pharma Ltd.,"Unit Price: ৳ 6.02,(15's pack: ৳ 90.30),,Unit Price: ৳ 6.02,(30's pack: ৳ 180.60),","(15's pack: ৳ 90.30),(30's pack: ৳ 180.60)"
27861,Life Gold,allopathic,life-goldtablet,Tablet,Multivitamin & Multimineral [A-Z gold preparation],,Alco Pharma Ltd.,"Unit Price: ৳ 6.02,(15's pack: ৳ 90.30),,Unit Price: ৳ 6.02,(30's pack: ৳ 180.60),","(15's pack: ৳ 90.30),(30's pack: ৳ 180.60)"
28897,Lifcin,allopathic,lifciniv-infusion500-mg100-ml,IV Infusion,Levofloxacin Hemihydrate,500 mg/100 ml,Biopharma Laboratories Ltd.,100 ml bottle: ৳ 100.30,
28896,Lifcin,allopathic,lifcintablet750-mg,Tablet,Levofloxacin Hemihydrate,750 mg,Biopharma Laboratories Ltd.,"Unit Price: ৳ 20.14,(12's pack: ৳ 241.68),",(12's pack: ৳ 241.68)
21543,Lifcin,allopathic,lifcinophthalmic-solution15,Ophthalmic Solution,Levofloxacin (Ophthalmic),1.50%,Biopharma Laboratories Ltd.,5 ml drop: ৳ 130.00,
9499,Lifcin,allopathic,lifcinoral-solution125-mg5-ml,Oral Solution,Levofloxacin Hemihydrate,125 mg/5 ml,Biopharma Laboratories Ltd.,100 ml bottle: ৳ 75.28,
9497,Lifcin,allopathic,lifcintablet500-mg,Tablet,Levofloxacin Hemihydrate,500 mg,Biopharma Laboratories Ltd.,"Unit Price: ৳ 15.06,(20's pack: ৳ 301.22),",(20's pack: ৳ 301.22)
25909,Lidocef,allopathic,lidocefpowder-for-suspension125-mg5-ml,Powder for Suspension,Cephradine,125 mg/5 ml,Leon Pharmaceuticals Ltd.,100 ml bottle: ৳ 80.00,
25908,Lidocef,allopathic,lidocefcapsule500-mg,Capsule,Cephradine,500 mg,Leon Pharmaceuticals Ltd.,"Unit Price: ৳ 12.50,(20's pack: ৳ 250.00),",(20's pack: ৳ 250.00)
17457,Lidocaine Plus,allopathic,lidocaine-plusinjection2000125,Injection,Lidocaine + Epinephrine,2%+0.00125%,Techno Drugs Ltd.,50 mg vial: ৳ 65.00,
396,Libott-S,allopathic,libott-siv-infusion095,IV Infusion,Sodium Chloride + Dextrose,0.9%+5%,Libra Infusions Ltd.,"500 ml bag: ৳ 76.22,1000 ml bag: ৳ 101.20",
31225,Limaryl M,allopathic,limaryl-mtablet-extended-release2-mg500-mg,Tablet (Extended Release),Glimepiride + Metformin,2 mg+500 mg,Popular Pharmaceuticals Ltd.,"Unit Price: ৳ 12.00,(30's pack: ৳ 360.00),",(30's pack: ৳ 360.00)
31224,Limaryl M,allopathic,limaryl-mtablet-extended-release1-mg500-mg,Tablet (Extended Release),Glimepiride + Metformin,1 mg+500 mg,Popular Pharmaceuticals Ltd.,"Unit Price: ৳ 9.00,(30's pack: ৳ 270.00),",(30's pack: ৳ 270.00)
5314,Limaryl,allopathic,limaryltablet4-mg,Tablet,Glimepiride,4 mg,Popular Pharmaceuticals Ltd.,"Unit Price: ৳ 15.00,(30's pack: ৳ 450.00),",(30's pack: ৳ 450.00)
5313,Limaryl,allopathic,limaryltablet3-mg,Tablet,Glimepiride,3 mg,Popular Pharmaceuticals Ltd.,"Unit Price: ৳ 12.00,(30's pack: ৳ 360.00),",(30's pack: ৳ 360.00)
5312,Limaryl,allopathic,limaryltablet2-mg,Tablet,Glimepiride,2 mg,Popular Pharmaceuticals Ltd.,"Unit Price: ৳ 9.00,(30's pack: ৳ 270.00),",(30's pack: ৳ 270.00)
5311,Limaryl,allopathic,limaryltablet1-mg,Tablet,Glimepiride,1 mg,Popular Pharmaceuticals Ltd.,"Unit Price: ৳ 6.00,(30's pack: ৳ 180.00),",(30's pack: ৳ 180.00)
26176,Lijenta-MX,allopathic,lijenta-mxtablet-extended-release5-mg1000-mg,Tablet (Extended Release),Linagliptin + Metformin Hydrochloride,5 mg+1000 mg,NIPRO JMI Pharma Ltd.,"Unit Price: ৳ 24.00,(16's pack: ৳ 384.00),",(16's pack: ৳ 384.00)
26175,Lijenta-MX,allopathic,lijenta-mxtablet-extended-release25-mg1000-mg,Tablet (Extended Release),Linagliptin + Metformin Hydrochloride,2.5 mg+1000 mg,NIPRO JMI Pharma Ltd.,"Unit Price: ৳ 17.00,(16's pack: ৳ 272.00),",(16's pack: ৳ 272.00)
17189,Lijenta-M,allopathic,lijenta-mtablet25-mg1000-mg,Tablet,Linagliptin + Metformin Hydrochloride,2.5 mg+1000 mg,NIPRO JMI Pharma Ltd.,"Unit Price: ৳ 15.00,(16's pack: ৳ 240.00),",(16's pack: ৳ 240.00)
17188,Lijenta-M,allopathic,lijenta-mtablet25-mg850-mg,Tablet,Linagliptin + Metformin Hydrochloride,2.5 mg+850 mg,NIPRO JMI Pharma Ltd.,"Unit Price: ৳ 14.00,(32's pack: ৳ 448.00),",(32's pack: ৳ 448.00)
17187,Lijenta-M,allopathic,lijenta-mtablet25-mg500-mg,Tablet,Linagliptin + Metformin Hydrochloride,2.5 mg+500 mg,NIPRO JMI Pharma Ltd.,"Unit Price: ৳ 12.00,(60's pack: ৳ 720.00),",(60's pack: ৳ 720.00)
5479,Lijenta,allopathic,lijentatablet5-mg,Tablet,Linagliptin,5 mg,NIPRO JMI Pharma Ltd.,"Unit Price: ৳ 22.00,(30's pack: ৳ 660.00),",(30's pack: ৳ 660.00)
31200,Liglimet XR,allopathic,liglimet-xrtablet-extended-release5-mg1000-mg,Tablet (Extended Release),Linagliptin + Metformin Hydrochloride,5 mg+1000 mg,Square Pharmaceuticals Ltd.,"Unit Price: ৳ 20.00,(20's pack: ৳ 400.00),",(20's pack: ৳ 400.00)
26267,Liglimet,allopathic,liglimettablet25-mg850-mg,Tablet,Linagliptin + Metformin Hydrochloride,2.5 mg+850 mg,Square Pharmaceuticals Ltd.,"Unit Price: ৳ 14.00,(18's pack: ৳ 252.00),",(18's pack: ৳ 252.00)
26266,Liglimet,allopathic,liglimettablet25-mg500-mg,Tablet,Linagliptin + Metformin Hydrochloride,2.5 mg+500 mg,Square Pharmaceuticals Ltd.,"Unit Price: ৳ 12.00,(18's pack: ৳ 216.00),",(18's pack: ৳ 216.00)
30994,Ligend M,allopathic,ligend-mtablet25-mg500-mg,Tablet,Linagliptin + Metformin Hydrochloride,2.5 mg+500 mg,Euro Pharma Ltd.,"Unit Price: ৳ 12.00,(30's pack: ৳ 360.00),",(30's pack: ৳ 360.00)
32744,Limpa,allopathic,limpatablet25-mg5-mg,Tablet,Empagliflozin + Linagliptin,25 mg+5 mg,Aristopharma Ltd.,"Unit Price: ৳ 40.00,(10's pack: ৳ 400.00),",(10's pack: ৳ 400.00)
12890,Limogel,allopathic,limogelointment15,Ointment,L-Lysine Hydrochloride,15%,Beximco Pharmaceuticals Ltd.,25 gm tube: ৳ 80.00,
26743,Limitrol,allopathic,limitroltablet125-mg5-mg,Tablet,Amitriptyline Hydrochloride + Chlordiazepoxide,12.5 mg+5 mg,Ziska Pharmaceuticals Ltd.,"Unit Price: ৳ 7.00,(30's pack: ৳ 210.00),",(30's pack: ৳ 210.00)
5318,Limerid,allopathic,limeridtablet2-mg,Tablet,Glimepiride,2 mg,Supreme Pharmaceutical Ltd.,"Unit Price: ৳ 5.00,(30's pack: ৳ 150.00),",(30's pack: ৳ 150.00)
5317,Limerid,allopathic,limeridtablet1-mg,Tablet,Glimepiride,1 mg,Supreme Pharmaceutical Ltd.,"Unit Price: ৳ 3.00,(30's pack: ৳ 90.00),",(30's pack: ৳ 90.00)
5316,Limep,allopathic,limeptablet2-mg,Tablet,Glimepiride,2 mg,Kemiko Pharmaceuticals Ltd.,"Unit Price: ৳ 5.02,(50's pack: ৳ 251.00),",(50's pack: ৳ 251.00)
5315,Limep,allopathic,limeptablet1-mg,Tablet,Glimepiride,1 mg,Kemiko Pharmaceuticals Ltd.,"Unit Price: ৳ 3.01,(50's pack: ৳ 150.50),",(50's pack: ৳ 150.50)
17625,Limbix,allopathic,limbixtablet125-mg5-mg,Tablet,Amitriptyline Hydrochloride + Chlordiazepoxide,12.5 mg+5 mg,ACME Laboratories Ltd.,"Unit Price: ৳ 7.50,(50's pack: ৳ 375.00),",(50's pack: ৳ 375.00)
9987,Limastin,allopathic,limastincapsule50-mg,Capsule,Fluconazole,50 mg,Oyster Pharmaceuticals Ltd.,"Unit Price: ৳ 8.00,(30's pack: ৳ 240.00),",(30's pack: ৳ 240.00)
30963,Ligend,allopathic,ligendtablet5-mg,Tablet,Linagliptin,5 mg,Euro Pharma Ltd.,"Unit Price: ৳ 15.00,(20's pack: ৳ 300.00),",(20's pack: ৳ 300.00)
17212,Ligazid M,allopathic,ligazid-mtablet25-mg1000-mg,Tablet,Linagliptin + Metformin Hydrochloride,2.5 mg+1000 mg,Eskayef Pharmaceuticals Ltd.,"Unit Price: ৳ 16.00,(18's pack: ৳ 288.00),",(18's pack: ৳ 288.00)
17211,Ligazid M,allopathic,ligazid-mtablet25-mg850-mg,Tablet,Linagliptin + Metformin Hydrochloride,2.5 mg+850 mg,Eskayef Pharmaceuticals Ltd.,"Unit Price: ৳ 14.00,(18's pack: ৳ 252.00),",(18's pack: ৳ 252.00)
17210,Ligazid M,allopathic,ligazid-mtablet25-mg500-mg,Tablet,Linagliptin + Metformin Hydrochloride,2.5 mg+500 mg,Eskayef Pharmaceuticals Ltd.,"Unit Price: ৳ 12.00,(20's pack: ৳ 240.00),,Unit Price: ৳ 12.00,(30's pack: ৳ 360.00),","(20's pack: ৳ 240.00),(30's pack: ৳ 360.00)"
26769,Ligazid,allopathic,ligazidtablet5-mg,Tablet,Linagliptin,5 mg,Eskayef Pharmaceuticals Ltd.,"Unit Price: ৳ 18.00,(30's pack: ৳ 540.00),",(30's pack: ৳ 540.00)
5485,Linadus,allopathic,linadustablet5-mg,Tablet,Linagliptin,5 mg,Opsonin Pharma Ltd.,"Unit Price: ৳ 19.00,(28's pack: ৳ 532.00),",(28's pack: ৳ 532.00)
28552,Linadi Plus,allopathic,linadi-plustablet25-mg1000-mg,Tablet,Linagliptin + Metformin Hydrochloride,2.5 mg+1000 mg,Pacific Pharmaceuticals Ltd.,"Unit Price: ৳ 16.00,(20's pack: ৳ 320.00),",(20's pack: ৳ 320.00)
28551,Linadi Plus,allopathic,linadi-plustablet25-mg850-mg,Tablet,Linagliptin + Metformin Hydrochloride,2.5 mg+850 mg,Pacific Pharmaceuticals Ltd.,"Unit Price: ৳ 14.00,(28's pack: ৳ 392.00),",(28's pack: ৳ 392.00)
28550,Linadi Plus,allopathic,linadi-plustablet25-mg500-mg,Tablet,Linagliptin + Metformin Hydrochloride,2.5 mg+500 mg,Pacific Pharmaceuticals Ltd.,"Unit Price: ৳ 12.00,(30's pack: ৳ 360.00),",(30's pack: ৳ 360.00)
5484,Linadi,allopathic,linaditablet5-mg,Tablet,Linagliptin,5 mg,Pacific Pharmaceuticals Ltd.,"Unit Price: ৳ 18.00,(30's pack: ৳ 540.00),",(30's pack: ৳ 540.00)
31821,Linacon,allopathic,linacontablet5-mg,Tablet,Linagliptin,5 mg,Concord Pharmaceuticals Ltd.,"Unit Price: ৳ 18.00,(20's pack: ৳ 360.00),",(20's pack: ৳ 360.00)
8845,Linacin,allopathic,linacincapsule300-mg,Capsule,Clindamycin,300 mg,Sharif Pharmaceuticals Ltd.,"Unit Price: ৳ 15.04,(30's pack: ৳ 451.20),",(30's pack: ৳ 451.20)
8844,Linacin,allopathic,linacincapsule150-mg,Capsule,Clindamycin,150 mg,Sharif Pharmaceuticals Ltd.,"Unit Price: ৳ 8.03,(30's pack: ৳ 240.89),",(30's pack: ৳ 240.89)
9570,Lin,allopathic,linophthalmic-solution05,Ophthalmic Solution,Levofloxacin (Ophthalmic),0.50%,Kemiko Pharmaceuticals Ltd.,5 ml drop: ৳ 90.00,
9502,Lin,allopathic,lintablet500-mg,Tablet,Levofloxacin Hemihydrate,500 mg,Kemiko Pharmaceuticals Ltd.,"Unit Price: ৳ 15.05,(20's pack: ৳ 301.00),",(20's pack: ৳ 301.00)
9501,Lin,allopathic,lintablet250-mg,Tablet,Levofloxacin Hemihydrate,250 mg,Kemiko Pharmaceuticals Ltd.,"Unit Price: ৳ 10.00,(30's pack: ৳ 300.00),",(30's pack: ৳ 300.00)
31228,Limpet M,allopathic,limpet-mtablet-extended-release1-mg500-mg,Tablet (Extended Release),Glimepiride + Metformin,1 mg+500 mg,Drug International Ltd.,"Unit Price: ৳ 9.00,(21's pack: ৳ 189.00),",(21's pack: ৳ 189.00)
31227,Limpet M,allopathic,limpet-mtablet-extended-release2-mg500-mg,Tablet (Extended Release),Glimepiride + Metformin,2 mg+500 mg,Drug International Ltd.,"Unit Price: ৳ 12.00,(21's pack: ৳ 252.00),",(21's pack: ৳ 252.00)
20714,Limpet,allopathic,limpettablet4-mg,Tablet,Glimepiride,4 mg,Drug International Ltd.,"Unit Price: ৳ 15.00,(28's pack: ৳ 420.00),",(28's pack: ৳ 420.00)
5321,Limpet,allopathic,limpettablet3-mg,Tablet,Glimepiride,3 mg,Drug International Ltd.,"Unit Price: ৳ 12.00,(28's pack: ৳ 336.00),",(28's pack: ৳ 336.00)
5320,Limpet,allopathic,limpettablet2-mg,Tablet,Glimepiride,2 mg,Drug International Ltd.,"Unit Price: ৳ 9.00,(56's pack: ৳ 504.00),",(56's pack: ৳ 504.00)
27000,Linalit-M,allopathic,linalit-mtablet25-mg850-mg,Tablet,Linagliptin + Metformin Hydrochloride,2.5 mg+850 mg,The White Horse Pharma,"Unit Price: ৳ 14.00,(30's pack: ৳ 420.00),",(30's pack: ৳ 420.00)
26999,Linalit-M,allopathic,linalit-mtablet25-mg500-mg,Tablet,Linagliptin + Metformin Hydrochloride,2.5 mg+500 mg,The White Horse Pharma,"Unit Price: ৳ 12.00,(30's pack: ৳ 360.00),",(30's pack: ৳ 360.00)
5488,Linalit,allopathic,linalittablet5-mg,Tablet,Linagliptin,5 mg,The White Horse Pharma,"Unit Price: ৳ 18.00,(30's pack: ৳ 540.00),",(30's pack: ৳ 540.00)
5487,Linajen,allopathic,linajentablet5-mg,Tablet,Linagliptin,5 mg,Popular Pharmaceuticals Ltd.,"Unit Price: ৳ 20.00,(30's pack: ৳ 600.00),",(30's pack: ৳ 600.00)
5486,Linago,allopathic,linagotablet5-mg,Tablet,Linagliptin,5 mg,Medicon Pharmaceuticals Ltd.,"Unit Price: ৳ 14.77,(20's pack: ৳ 295.43),",(20's pack: ৳ 295.43)
26426,Linaglip-M,allopathic,linaglip-mtablet-extended-release5-mg1000-mg,Tablet (Extended Release),Linagliptin + Metformin Hydrochloride,5 mg+1000 mg,Aristopharma Ltd.,"Unit Price: ৳ 20.00,(28's pack: ৳ 560.00),",(28's pack: ৳ 560.00)
17201,Linaglip-M,allopathic,linaglip-mtablet25-mg850-mg,Tablet,Linagliptin + Metformin Hydrochloride,2.5 mg+850 mg,Aristopharma Ltd.,"Unit Price: ৳ 14.00,(20's pack: ৳ 280.00),",(20's pack: ৳ 280.00)
17200,Linaglip-M,allopathic,linaglip-mtablet25-mg500-mg,Tablet,Linagliptin + Metformin Hydrochloride,2.5 mg+500 mg,Aristopharma Ltd.,"Unit Price: ৳ 12.00,(30's pack: ৳ 360.00),",(30's pack: ৳ 360.00)
5480,Linaglip,allopathic,linagliptablet5-mg,Tablet,Linagliptin,5 mg,Aristopharma Ltd.,"Unit Price: ৳ 20.00,(30's pack: ৳ 600.00),",(30's pack: ৳ 600.00)
29499,Linadus M,allopathic,linadus-mtablet25-mg1000-mg,Tablet,Linagliptin + Metformin Hydrochloride,2.5 mg+1000 mg,Opsonin Pharma Ltd.,"Unit Price: ৳ 16.00,(18's pack: ৳ 288.00),",(18's pack: ৳ 288.00)
29498,Linadus M,allopathic,linadus-mtablet25-mg850-mg,Tablet,Linagliptin + Metformin Hydrochloride,2.5 mg+850 mg,Opsonin Pharma Ltd.,"Unit Price: ৳ 14.00,(18's pack: ৳ 252.00),",(18's pack: ৳ 252.00)
29497,Linadus M,allopathic,linadus-mtablet25-mg500-mg,Tablet,Linagliptin + Metformin Hydrochloride,2.5 mg+500 mg,Opsonin Pharma Ltd.,"Unit Price: ৳ 12.00,(30's pack: ৳ 360.00),",(30's pack: ৳ 360.00)
5319,Limpet,allopathic,limpettablet1-mg,Tablet,Glimepiride,1 mg,Drug International Ltd.,"Unit Price: ৳ 6.00,(56's pack: ৳ 336.00),",(56's pack: ৳ 336.00)
32745,Limpa,allopathic,limpatablet10-mg5-mg,Tablet,Empagliflozin + Linagliptin,10 mg+5 mg,Aristopharma Ltd.,"Unit Price: ৳ 30.00,(30's pack: ৳ 900.00),",(30's pack: ৳ 900.00)
27772,Linatin M,allopathic,linatin-mtablet25-mg850-mg,Tablet,Linagliptin + Metformin Hydrochloride,2.5 mg+850 mg,Delta Pharma Ltd.,"Unit Price: ৳ 8.00,(30's pack: ৳ 240.00),",(30's pack: ৳ 240.00)
17205,Linatin M,allopathic,linatin-mtablet25-mg500-mg,Tablet,Linagliptin + Metformin Hydrochloride,2.5 mg+500 mg,Delta Pharma Ltd.,"Unit Price: ৳ 7.00,(30's pack: ৳ 210.00),",(30's pack: ৳ 210.00)
5492,Linatin,allopathic,linatintablet5-mg,Tablet,Linagliptin,5 mg,Delta Pharma Ltd.,"Unit Price: ৳ 7.00,(30's pack: ৳ 210.00),",(30's pack: ৳ 210.00)
27625,Linatab M ER,allopathic,linatab-m-ertablet-extended-release5-mg1000-mg,Tablet (Extended Release),Linagliptin + Metformin Hydrochloride,5 mg+1000 mg,Incepta Pharmaceuticals Ltd.,"Unit Price: ৳ 18.00,(18's pack: ৳ 324.00),",(18's pack: ৳ 324.00)
26218,Linatab M ER,allopathic,linatab-m-ertablet-extended-release25-mg1000-mg,Tablet (Extended Release),Linagliptin + Metformin Hydrochloride,2.5 mg+1000 mg,Incepta Pharmaceuticals Ltd.,"Unit Price: ৳ 16.00,(18's pack: ৳ 288.00),",(18's pack: ৳ 288.00)
17192,Linatab M,allopathic,linatab-mtablet25-mg1000-mg,Tablet,Linagliptin + Metformin Hydrochloride,2.5 mg+1000 mg,Incepta Pharmaceuticals Ltd.,"Unit Price: ৳ 15.00,(20's pack: ৳ 300.00),",(20's pack: ৳ 300.00)
17191,Linatab M,allopathic,linatab-mtablet25-mg850-mg,Tablet,Linagliptin + Metformin Hydrochloride,2.5 mg+850 mg,Incepta Pharmaceuticals Ltd.,"Unit Price: ৳ 14.00,(20's pack: ৳ 280.00),",(20's pack: ৳ 280.00)
17190,Linatab M,allopathic,linatab-mtablet25-mg500-mg,Tablet,Linagliptin + Metformin Hydrochloride,2.5 mg+500 mg,Incepta Pharmaceuticals Ltd.,"Unit Price: ৳ 12.00,(30's pack: ৳ 360.00),",(30's pack: ৳ 360.00)
32655,Linatab E,allopathic,linatab-etablet25-mg5-mg,Tablet,Empagliflozin + Linagliptin,25 mg+5 mg,Incepta Pharmaceuticals Ltd.,"Unit Price: ৳ 40.00,(30's pack: ৳ 1,200.00),","(30's pack: ৳ 1,200.00)"
32654,Linatab E,allopathic,linatab-etablet10-mg5-mg,Tablet,Empagliflozin + Linagliptin,10 mg+5 mg,Incepta Pharmaceuticals Ltd.,"Unit Price: ৳ 30.00,(30's pack: ৳ 900.00),",(30's pack: ৳ 900.00)
5491,Linatab,allopathic,linatabtablet5-mg,Tablet,Linagliptin,5 mg,Incepta Pharmaceuticals Ltd.,"Unit Price: ৳ 18.00,(20's pack: ৳ 360.00),",(20's pack: ৳ 360.00)
28678,Linastar M,allopathic,linastar-mtablet25-mg850-mg,Tablet,Linagliptin + Metformin Hydrochloride,2.5 mg+850 mg,Orion Pharma Ltd.,"Unit Price: ৳ 14.00,(30's pack: ৳ 420.00),",(30's pack: ৳ 420.00)
28677,Linastar M,allopathic,linastar-mtablet25-mg500-mg,Tablet,Linagliptin + Metformin Hydrochloride,2.5 mg+500 mg,Orion Pharma Ltd.,"Unit Price: ৳ 12.00,(30's pack: ৳ 360.00),",(30's pack: ৳ 360.00)
28676,Linastar,allopathic,linastartablet5-mg,Tablet,Linagliptin,5 mg,Orion Pharma Ltd.,"Unit Price: ৳ 18.00,(30's pack: ৳ 540.00),",(30's pack: ৳ 540.00)
17209,Linarol-M,allopathic,linarol-mtablet25-mg1000-mg,Tablet,Linagliptin + Metformin Hydrochloride,2.5 mg+1000 mg,Drug International Ltd.,"Unit Price: ৳ 16.05,(14's pack: ৳ 224.70),",(14's pack: ৳ 224.70)
17208,Linarol-M,allopathic,linarol-mtablet25-mg850-mg,Tablet,Linagliptin + Metformin Hydrochloride,2.5 mg+850 mg,Drug International Ltd.,"Unit Price: ৳ 14.00,(14's pack: ৳ 196.00),",(14's pack: ৳ 196.00)
21729,Linax Plus,allopathic,linax-plustablet25-mg850-mg,Tablet,Linagliptin + Metformin Hydrochloride,2.5 mg+850 mg,Ibn Sina Pharmaceuticals Ltd.,"Unit Price: ৳ 9.00,(30's pack: ৳ 270.00),",(30's pack: ৳ 270.00)
21728,Linax Plus,allopathic,linax-plustablet25-mg500-mg,Tablet,Linagliptin + Metformin Hydrochloride,2.5 mg+500 mg,Ibn Sina Pharmaceuticals Ltd.,"Unit Price: ৳ 8.00,(30's pack: ৳ 240.00),",(30's pack: ৳ 240.00)
5493,Linax,allopathic,linaxtablet5-mg,Tablet,Linagliptin,5 mg,Ibn Sina Pharmaceuticals Ltd.,"Unit Price: ৳ 7.00,(30's pack: ৳ 210.00),,Unit Price: ৳ 7.00,(60's pack: ৳ 420.00),","(30's pack: ৳ 210.00),(60's pack: ৳ 420.00)"
27773,Linatin M,allopathic,linatin-mtablet25-mg1000-mg,Tablet,Linagliptin + Metformin Hydrochloride,2.5 mg+1000 mg,Delta Pharma Ltd.,"Unit Price: ৳ 10.00,(30's pack: ৳ 300.00),",(30's pack: ৳ 300.00)
17207,Linarol-M,allopathic,linarol-mtablet25-mg500-mg,Tablet,Linagliptin + Metformin Hydrochloride,2.5 mg+500 mg,Drug International Ltd.,"Unit Price: ৳ 12.00,(14's pack: ৳ 168.00),",(14's pack: ৳ 168.00)
5490,Linarol,allopathic,linaroltablet5-mg,Tablet,Linagliptin,5 mg,Drug International Ltd.,"Unit Price: ৳ 18.00,(42's pack: ৳ 756.00),",(42's pack: ৳ 756.00)
26569,Linaptin M,allopathic,linaptin-mtablet25-mg850-mg,Tablet,Linagliptin + Metformin Hydrochloride,2.5 mg+850 mg,General Pharmaceuticals Ltd.,"Unit Price: ৳ 14.00,(20's pack: ৳ 280.00),",(20's pack: ৳ 280.00)
26568,Linaptin M,allopathic,linaptin-mtablet25-mg500-mg,Tablet,Linagliptin + Metformin Hydrochloride,2.5 mg+500 mg,General Pharmaceuticals Ltd.,"Unit Price: ৳ 12.00,(30's pack: ৳ 360.00),",(30's pack: ৳ 360.00)
5489,Linaptin,allopathic,linaptintablet5-mg,Tablet,Linagliptin,5 mg,General Pharmaceuticals Ltd.,"Unit Price: ৳ 18.00,(15's pack: ৳ 270.00),",(15's pack: ৳ 270.00)
17259,Linamide,allopathic,linamidecapsule25-mg,Capsule,Lenalidomide,25 mg,Beacon Pharmaceuticals Ltd.,"Unit Price: ৳ 400.00,(18's pack: ৳ 7,200.00),","(18's pack: ৳ 7,200.00)"
17258,Linamide,allopathic,linamidecapsule10-mg,Capsule,Lenalidomide,10 mg,Beacon Pharmaceuticals Ltd.,"Unit Price: ৳ 200.00,(18's pack: ৳ 3,600.00),","(18's pack: ৳ 3,600.00)"
26474,Linamet,allopathic,linamettablet25-mg1000-mg,Tablet,Linagliptin + Metformin Hydrochloride,2.5 mg+1000 mg,Popular Pharmaceuticals Ltd.,"Unit Price: ৳ 16.00,(20's pack: ৳ 320.00),",(20's pack: ৳ 320.00)
17197,Linamet,allopathic,linamettablet25-mg850-mg,Tablet,Linagliptin + Metformin Hydrochloride,2.5 mg+850 mg,Popular Pharmaceuticals Ltd.,"Unit Price: ৳ 14.00,(20's pack: ৳ 280.00),",(20's pack: ৳ 280.00)
17196,Linamet,allopathic,linamettablet25-mg500-mg,Tablet,Linagliptin + Metformin Hydrochloride,2.5 mg+500 mg,Popular Pharmaceuticals Ltd.,"Unit Price: ৳ 12.00,(30's pack: ৳ 360.00),",(30's pack: ৳ 360.00)
21750,Linexil,allopathic,linexiliv-infusion2-mgml,IV Infusion,Linezolid,2 mg/ml,Opsonin Pharma Ltd.,300 ml solution: ৳ 451.36,
8940,Linexil,allopathic,linexilpowder-for-suspension100-mg5-ml,Powder for Suspension,Linezolid,100 mg/5 ml,Opsonin Pharma Ltd.,100 ml bottle: ৳ 280.00,
8939,Linexil,allopathic,linexiltablet600-mg,Tablet,Linezolid,600 mg,Opsonin Pharma Ltd.,"Unit Price: ৳ 85.00,(10's pack: ৳ 850.00),",(10's pack: ৳ 850.00)
31075,Linera M,allopathic,linera-mtablet25-mg1000-mg,Tablet,Linagliptin + Metformin Hydrochloride,2.5 mg+1000 mg,Ziska Pharmaceuticals Ltd.,"Unit Price: ৳ 16.00,(32's pack: ৳ 512.00),",(32's pack: ৳ 512.00)
31074,Linera M,allopathic,linera-mtablet25-mg850-mg,Tablet,Linagliptin + Metformin Hydrochloride,2.5 mg+850 mg,Ziska Pharmaceuticals Ltd.,"Unit Price: ৳ 14.00,(32's pack: ৳ 448.00),",(32's pack: ৳ 448.00)
31073,Linera M,allopathic,linera-mtablet25-mg500-mg,Tablet,Linagliptin + Metformin Hydrochloride,2.5 mg+500 mg,Ziska Pharmaceuticals Ltd.,"Unit Price: ৳ 12.00,(32's pack: ৳ 384.00),",(32's pack: ৳ 384.00)
30964,Linera,allopathic,lineratablet5-mg,Tablet,Linagliptin,5 mg,Ziska Pharmaceuticals Ltd.,"Unit Price: ৳ 18.00,(30's pack: ৳ 540.00),",(30's pack: ৳ 540.00)
6927,Lindex DS,allopathic,lindex-dspowder-for-suspension250-mg5-ml,Powder for Suspension,Cephradine,250 mg/5 ml,Rangs Pharmaceuticals Ltd.,100 ml bottle: ৳ 130.00,
27807,Lindex,allopathic,lindeximiv-injection1-gmvial,IM/IV Injection,Cephradine,1 gm/vial,Rangs Pharmaceuticals Ltd.,1 gm vial: ৳ 85.00,
6929,Lindex,allopathic,lindeximiv-injection500-mgvial,IM/IV Injection,Cephradine,500 mg/vial,Rangs Pharmaceuticals Ltd.,"500 mg vial: ৳ 55.00,(5's pack: ৳ 275.00),",(5's pack: ৳ 275.00)
6928,Lindex,allopathic,lindexpediatric-drops125-mg125-ml,Pediatric Drops,Cephradine,125 mg/1.25 ml,Rangs Pharmaceuticals Ltd.,15 ml bottle: ৳ 60.00,
6926,Lindex,allopathic,lindexpowder-for-suspension125-mg5-ml,Powder for Suspension,Cephradine,125 mg/5 ml,Rangs Pharmaceuticals Ltd.,100 ml bottle: ৳ 85.00,
6925,Lindex,allopathic,lindexcapsule500-mg,Capsule,Cephradine,500 mg,Rangs Pharmaceuticals Ltd.,"Unit Price: ৳ 13.00,(20's pack: ৳ 260.00),",(20's pack: ৳ 260.00)
6924,Lindex,allopathic,lindexcapsule250-mg,Capsule,Cephradine,250 mg,Rangs Pharmaceuticals Ltd.,"Unit Price: ৳ 7.00,(20's pack: ৳ 140.00),",(20's pack: ৳ 140.00)
13092,Lindamax Plus,allopathic,lindamax-plustopical-gel120025,Topical Gel,Clindamycin + Tretinoin,1.2%+0.025%,Eskayef Pharmaceuticals Ltd.,10 gm tube: ৳ 120.00,
12769,Lindamax,allopathic,lindamaxlotion1,Lotion,Clindamycin (Lotion),1%,Eskayef Pharmaceuticals Ltd.,25 ml bottle: ৳ 125.00,
5495,Linita,allopathic,linitatablet5-mg,Tablet,Linagliptin,5 mg,Square Pharmaceuticals Ltd.,"Unit Price: ৳ 15.05,(30's pack: ৳ 451.50),",(30's pack: ৳ 451.50)
29872,Linez,allopathic,lineztablet400-mg,Tablet,Linezolid,400 mg,Renata Limited,"Unit Price: ৳ 60.00,(12's pack: ৳ 720.00),",(12's pack: ৳ 720.00)
29854,Linez,allopathic,lineztablet600-mg,Tablet,Linezolid,600 mg,Renata Limited,"Unit Price: ৳ 85.00,(12's pack: ৳ 1,020.00),","(12's pack: ৳ 1,020.00)"
31676,Linexil,allopathic,linexiltablet400-mg,Tablet,Linezolid,400 mg,Opsonin Pharma Ltd.,"Unit Price: ৳ 60.00,(20's pack: ৳ 1,200.00),","(20's pack: ৳ 1,200.00)"
8849,Lindamax,allopathic,lindamaxcapsule300-mg,Capsule,Clindamycin,300 mg,Eskayef Pharmaceuticals Ltd.,"Unit Price: ৳ 15.00,(30's pack: ৳ 450.00),",(30's pack: ৳ 450.00)
8848,Lindamax,allopathic,lindamaxcapsule150-mg,Capsule,Clindamycin,150 mg,Eskayef Pharmaceuticals Ltd.,"Unit Price: ৳ 8.00,(30's pack: ৳ 240.00),",(30's pack: ৳ 240.00)
11618,Lindac,allopathic,lindactablet200-mg,Tablet,Sulindac,200 mg,Popular Pharmaceuticals Ltd.,"Unit Price: ৳ 9.54,(50's pack: ৳ 477.00),",(50's pack: ৳ 477.00)
11617,Lindac,allopathic,lindactablet100-mg,Tablet,Sulindac,100 mg,Popular Pharmaceuticals Ltd.,"Unit Price: ৳ 5.02,(50's pack: ৳ 251.00),",(50's pack: ৳ 251.00)
15664,Linda-S DS,allopathic,linda-s-dsimiv-injection10-iuml,IM/IV Injection,Oxytocin,10 IU/ml,Nuvista Pharma Ltd.,"10 IU ampoule: ৳ 25.69,(20's pack: ৳ 513.81),",(20's pack: ৳ 513.81)
8847,Lincocin,allopathic,lincocincapsule300-mg,Capsule,Clindamycin,300 mg,ACME Laboratories Ltd.,"Unit Price: ৳ 15.04,(30's pack: ৳ 451.20),",(30's pack: ৳ 451.20)
8846,Lincocin,allopathic,lincocincapsule150-mg,Capsule,Clindamycin,150 mg,ACME Laboratories Ltd.,"Unit Price: ৳ 8.03,(30's pack: ৳ 240.90),",(30's pack: ৳ 240.90)
5494,Linaxitin,allopathic,linaxitintablet5-mg,Tablet,Linagliptin,5 mg,Pharmasia Limited,"Unit Price: ৳ 15.00,(30's pack: ৳ 450.00),",(30's pack: ৳ 450.00)
32628,Linax Plus,allopathic,linax-plustablet-extended-release5-mg1000-mg,Tablet (Extended Release),Linagliptin + Metformin Hydrochloride,5 mg+1000 mg,Ibn Sina Pharmaceuticals Ltd.,"Unit Price: ৳ 14.00,(30's pack: ৳ 420.00),",(30's pack: ৳ 420.00)
21730,Linax Plus,allopathic,linax-plustablet25-mg1000-mg,Tablet,Linagliptin + Metformin Hydrochloride,2.5 mg+1000 mg,Ibn Sina Pharmaceuticals Ltd.,"Unit Price: ৳ 10.00,(30's pack: ৳ 300.00),",(30's pack: ৳ 300.00)
1189,Lipicon,allopathic,lipicontablet10-mg,Tablet,Atorvastatin Calcium,10 mg,Eskayef Pharmaceuticals Ltd.,"Unit Price: ৳ 10.00,(30's pack: ৳ 300.00),,Unit Price: ৳ 10.00,(40's pack: ৳ 400.00),,Unit Price: ৳ 10.00,(50's pack: ৳ 500.00),","(30's pack: ৳ 300.00),(40's pack: ৳ 400.00),(50's pack: ৳ 500.00)"
30596,Lipichek,allopathic,lipichektablet5-mg10-mg,Tablet,Amlodipine Besilate + Atorvastatin,5 mg+10 mg,General Pharmaceuticals Ltd.,"Unit Price: ৳ 11.03,(20's pack: ৳ 220.60),",(20's pack: ৳ 220.60)
1188,Lipex,allopathic,lipextablet20-mg,Tablet,Atorvastatin Calcium,20 mg,Orion Pharma Ltd.,"Unit Price: ৳ 18.00,(20's pack: ৳ 360.00),",(20's pack: ৳ 360.00)
1187,Lipex,allopathic,lipextablet10-mg,Tablet,Atorvastatin Calcium,10 mg,Orion Pharma Ltd.,"Unit Price: ৳ 10.00,(30's pack: ৳ 300.00),",(30's pack: ৳ 300.00)
11738,Liosal,allopathic,liosaltablet10-mg,Tablet,Baclofen,10 mg,Delta Pharma Ltd.,"Unit Price: ৳ 8.00,(30's pack: ৳ 240.00),",(30's pack: ৳ 240.00)
11737,Lioresal,allopathic,lioresaltablet25-mg,Tablet,Baclofen,25 mg,Novartis (Bangladesh) Ltd.,"Unit Price: ৳ 22.69,(50's pack: ৳ 1,134.27),","(50's pack: ৳ 1,134.27)"
11736,Lioresal,allopathic,lioresaltablet10-mg,Tablet,Baclofen,10 mg,Novartis (Bangladesh) Ltd.,"Unit Price: ৳ 13.01,(50's pack: ৳ 650.46),",(50's pack: ৳ 650.46)
11735,Liorel,allopathic,lioreltablet10-mg,Tablet,Baclofen,10 mg,ACI Limited,"Unit Price: ৳ 8.05,(30's pack: ৳ 241.50),",(30's pack: ৳ 241.50)
11734,Liorel,allopathic,lioreltablet5-mg,Tablet,Baclofen,5 mg,ACI Limited,"Unit Price: ৳ 4.53,(50's pack: ৳ 226.50),",(50's pack: ৳ 226.50)
11781,Liofen,allopathic,liofentablet10-mg,Tablet,Baclofen,10 mg,Sun Pharmaceutical Ltd.,"Unit Price: ৳ 8.03,(30's pack: ৳ 240.90),",(30's pack: ৳ 240.90)
11780,Liofen,allopathic,liofentablet5-mg,Tablet,Baclofen,5 mg,Sun Pharmaceutical Ltd.,"Unit Price: ৳ 4.51,(50's pack: ৳ 225.50),",(50's pack: ৳ 225.50)
21749,Linzolid,allopathic,linzolidtablet400-mg,Tablet,Linezolid,400 mg,Incepta Pharmaceuticals Ltd.,"Unit Price: ৳ 60.00,(10's pack: ৳ 600.00),",(10's pack: ৳ 600.00)
8935,Linzolid,allopathic,linzolidiv-infusion2-mgml,IV Infusion,Linezolid,2 mg/ml,Incepta Pharmaceuticals Ltd.,300 ml solution: ৳ 450.00,
8934,Linzolid,allopathic,linzolidpowder-for-suspension100-mg5-ml,Powder for Suspension,Linezolid,100 mg/5 ml,Incepta Pharmaceuticals Ltd.,100 ml bottle: ৳ 280.00,
8933,Linzolid,allopathic,linzolidtablet600-mg,Tablet,Linezolid,600 mg,Incepta Pharmaceuticals Ltd.,"Unit Price: ৳ 85.00,(10's pack: ৳ 850.00),",(10's pack: ৳ 850.00)
21724,Lintin,allopathic,lintintablet5-mg,Tablet,Linagliptin,5 mg,Kemiko Pharmaceuticals Ltd.,"Unit Price: ৳ 20.00,(20's pack: ৳ 400.00),",(20's pack: ৳ 400.00)
28553,Lipigent,allopathic,lipigenttablet20-mg,Tablet,Atorvastatin Calcium,20 mg,Pacific Pharmaceuticals Ltd.,"Unit Price: ৳ 18.00,(20's pack: ৳ 360.00),",(20's pack: ৳ 360.00)
1194,Lipigent,allopathic,lipigenttablet10-mg,Tablet,Atorvastatin Calcium,10 mg,Pacific Pharmaceuticals Ltd.,"Unit Price: ৳ 10.00,(30's pack: ৳ 300.00),",(30's pack: ৳ 300.00)
3344,Lipidof,allopathic,lipidofcapsule200-mg,Capsule,Fenofibrate,200 mg,ACME Laboratories Ltd.,"Unit Price: ৳ 7.04,(30's pack: ৳ 211.20),,Unit Price: ৳ 7.04,(20's pack: ৳ 140.80),","(30's pack: ৳ 211.20),(20's pack: ৳ 140.80)"
1193,Lipicut,allopathic,lipicuttablet20-mg,Tablet,Atorvastatin Calcium,20 mg,Rangs Pharmaceuticals Ltd.,"Unit Price: ৳ 18.05,(20's pack: ৳ 361.00),",(20's pack: ৳ 361.00)
1192,Lipicut,allopathic,lipicuttablet10-mg,Tablet,Atorvastatin Calcium,10 mg,Rangs Pharmaceuticals Ltd.,"Unit Price: ৳ 10.03,(30's pack: ৳ 300.90),",(30's pack: ৳ 300.90)
29951,Lipicon,allopathic,lipicontablet40-mg,Tablet,Atorvastatin Calcium,40 mg,Eskayef Pharmaceuticals Ltd.,"Unit Price: ৳ 24.00,(10's pack: ৳ 240.00),",(10's pack: ৳ 240.00)
1190,Lipicon,allopathic,lipicontablet20-mg,Tablet,Atorvastatin Calcium,20 mg,Eskayef Pharmaceuticals Ltd.,"Unit Price: ৳ 18.00,(20's pack: ৳ 360.00),,Unit Price: ৳ 18.00,(30's pack: ৳ 540.00),","(20's pack: ৳ 360.00),(30's pack: ৳ 540.00)"
29314,Lino-M XR,allopathic,lino-m-xrtablet-extended-release5-mg1000-mg,Tablet (Extended Release),Linagliptin + Metformin Hydrochloride,5 mg+1000 mg,ACME Laboratories Ltd.,"Unit Price: ৳ 18.00,(30's pack: ৳ 540.00),",(30's pack: ৳ 540.00)
17199,Lino-M,allopathic,lino-mtablet25-mg850-mg,Tablet,Linagliptin + Metformin Hydrochloride,2.5 mg+850 mg,ACME Laboratories Ltd.,"Unit Price: ৳ 14.00,(20's pack: ৳ 280.00),",(20's pack: ৳ 280.00)
17198,Lino-M,allopathic,lino-mtablet25-mg500-mg,Tablet,Linagliptin + Metformin Hydrochloride,2.5 mg+500 mg,ACME Laboratories Ltd.,"Unit Price: ৳ 12.00,(20's pack: ৳ 240.00),",(20's pack: ৳ 240.00)
5496,Lino,allopathic,linotablet5-mg,Tablet,Linagliptin,5 mg,ACME Laboratories Ltd.,"Unit Price: ৳ 18.00,(30's pack: ৳ 540.00),",(30's pack: ৳ 540.00)
29213,Linlid,allopathic,linlidpowder-for-suspension100-mg5-ml,Powder for Suspension,Linezolid,100 mg/5 ml,Team Pharmaceuticals Ltd.,100 ml bottle: ৳ 280.00,
29212,Linlid,allopathic,linlidtablet600-mg,Tablet,Linezolid,600 mg,Team Pharmaceuticals Ltd.,"Unit Price: ৳ 85.00,(10's pack: ৳ 850.00),",(10's pack: ৳ 850.00)
29211,Linlid,allopathic,linlidtablet400-mg,Tablet,Linezolid,400 mg,Team Pharmaceuticals Ltd.,"Unit Price: ৳ 60.00,(20's pack: ৳ 1,200.00),","(20's pack: ৳ 1,200.00)"
1215,Lipovast,allopathic,lipovasttablet10-mg,Tablet,Atorvastatin Calcium,10 mg,Sharif Pharmaceuticals Ltd.,"Unit Price: ৳ 10.03,(30's pack: ৳ 300.90),",(30's pack: ৳ 300.90)
1214,Lipostat,allopathic,lipostattablet20-mg,Tablet,Atorvastatin Calcium,20 mg,Navana Pharmaceuticals Ltd.,"Unit Price: ৳ 15.05,(30's pack: ৳ 451.50),",(30's pack: ৳ 451.50)
1213,Lipostat,allopathic,lipostattablet10-mg,Tablet,Atorvastatin Calcium,10 mg,Navana Pharmaceuticals Ltd.,"Unit Price: ৳ 10.03,(30's pack: ৳ 300.95),",(30's pack: ৳ 300.95)
27313,Lipofit,allopathic,lipofitiv-infusion10,IV Infusion,Intravenous Fat Emulsion,10%,Beacon Pharmaceuticals Ltd.,"500 ml bottle: ৳ 1,100.00",
1212,Lipobi,allopathic,lipobitablet10-mg,Tablet,Atorvastatin Calcium,10 mg,Nipa Pharmaceuticals Ltd.,"Unit Price: ৳ 10.00,(30's pack: ৳ 300.00),",(30's pack: ৳ 300.00)
3380,Liploss,allopathic,liplosstablet2-mg,Tablet,Pitavastatin Calcium,2 mg,Drug International Ltd.,"Unit Price: ৳ 10.05,(20's pack: ৳ 201.00),",(20's pack: ৳ 201.00)
1211,Liplo,allopathic,liplotablet20-mg,Tablet,Atorvastatin Calcium,20 mg,Globe Pharmaceuticals Ltd.,"Unit Price: ৳ 18.00,(10's pack: ৳ 180.00),",(10's pack: ৳ 180.00)
1210,Liplo,allopathic,liplotablet10-mg,Tablet,Atorvastatin Calcium,10 mg,Globe Pharmaceuticals Ltd.,"Unit Price: ৳ 10.00,(10's pack: ৳ 100.00),,Unit Price: ৳ 10.00,(30's pack: ৳ 300.00),","(10's pack: ৳ 100.00),(30's pack: ৳ 300.00)"
17722,Lipiva Plus,allopathic,lipiva-plustablet5-mg10-mg,Tablet,Amlodipine Besilate + Atorvastatin,5 mg+10 mg,Leon Pharmaceuticals Ltd.,"Unit Price: ৳ 11.00,(30's pack: ৳ 330.00),",(30's pack: ৳ 330.00)
25558,Lipiva,allopathic,lipivatablet20-mg,Tablet,Atorvastatin Calcium,20 mg,Leon Pharmaceuticals Ltd.,"Unit Price: ৳ 18.00,(30's pack: ৳ 540.00),",(30's pack: ৳ 540.00)
25557,Lipiva,allopathic,lipivatablet10-mg,Tablet,Atorvastatin Calcium,10 mg,Leon Pharmaceuticals Ltd.,"Unit Price: ৳ 10.00,(30's pack: ৳ 300.00),",(30's pack: ৳ 300.00)
1202,Lipitin,allopathic,lipitintablet20-mg,Tablet,Atorvastatin Calcium,20 mg,General Pharmaceuticals Ltd.,"Unit Price: ৳ 18.12,(20's pack: ৳ 362.31),",(20's pack: ৳ 362.31)
1201,Lipitin,allopathic,lipitintablet10-mg,Tablet,Atorvastatin Calcium,10 mg,General Pharmaceuticals Ltd.,"Unit Price: ৳ 10.07,(30's pack: ৳ 302.15),",(30's pack: ৳ 302.15)
1199,Lipistat,allopathic,lipistattablet10-mg,Tablet,Atorvastatin Calcium,10 mg,Veritas Pharmaceuticals Ltd.,"Unit Price: ৳ 8.00,(30's pack: ৳ 240.00),",(30's pack: ৳ 240.00)
30308,Lipiros,allopathic,lipirostablet10-mg,Tablet,Rosuvastatin,10 mg,Pacific Pharmaceuticals Ltd.,"Unit Price: ৳ 25.00,(30's pack: ৳ 750.00),",(30's pack: ৳ 750.00)
30307,Lipiros,allopathic,lipirostablet5-mg,Tablet,Rosuvastatin,5 mg,Pacific Pharmaceuticals Ltd.,"Unit Price: ৳ 12.50,(30's pack: ৳ 375.00),",(30's pack: ৳ 375.00)
13518,Liquical,allopathic,liquicalcapsule025-mcg,Capsule,Calcitriol,0.25 mcg,Beacon Pharmaceuticals Ltd.,"Unit Price: ৳ 10.06,(30's pack: ৳ 301.80),",(30's pack: ৳ 301.80)
32572,Liptor EZ,allopathic,liptor-eztablet20-mg10-mg,Tablet,Atorvastatin + Ezetimibe,20 mg+10 mg,ACME Laboratories Ltd.,"Unit Price: ৳ 22.00,(30's pack: ৳ 660.00),",(30's pack: ৳ 660.00)
32571,Liptor EZ,allopathic,liptor-eztablet10-mg10-mg,Tablet,Atorvastatin + Ezetimibe,10 mg+10 mg,ACME Laboratories Ltd.,"Unit Price: ৳ 14.00,(30's pack: ৳ 420.00),",(30's pack: ৳ 420.00)
28272,Liptor,allopathic,liptortablet80-mg,Tablet,Atorvastatin Calcium,80 mg,ACME Laboratories Ltd.,"Unit Price: ৳ 30.00,(30's pack: ৳ 900.00),",(30's pack: ৳ 900.00)
25575,Liptor,allopathic,liptortablet40-mg,Tablet,Atorvastatin Calcium,40 mg,ACME Laboratories Ltd.,"Unit Price: ৳ 24.16,(10's pack: ৳ 241.60),",(10's pack: ৳ 241.60)
1205,Liptor,allopathic,liptortablet20-mg,Tablet,Atorvastatin Calcium,20 mg,ACME Laboratories Ltd.,"Unit Price: ৳ 18.11,(20's pack: ৳ 362.20),",(20's pack: ৳ 362.20)
1204,Liptor,allopathic,liptortablet10-mg,Tablet,Atorvastatin Calcium,10 mg,ACME Laboratories Ltd.,"Unit Price: ৳ 10.07,(30's pack: ৳ 302.10),",(30's pack: ৳ 302.10)
2610,Lipril,allopathic,lipriltablet10-mg,Tablet,Lisinopril,10 mg,ACME Laboratories Ltd.,"Unit Price: ৳ 5.53,(30's pack: ৳ 165.90),",(30's pack: ৳ 165.90)
2609,Lipril,allopathic,lipriltablet5-mg,Tablet,Lisinopril,5 mg,ACME Laboratories Ltd.,"Unit Price: ৳ 3.01,(50's pack: ৳ 150.50),",(50's pack: ৳ 150.50)
3346,Lipired,allopathic,lipiredcapsule200-mg,Capsule,Fenofibrate,200 mg,Square Pharmaceuticals Ltd.,"Unit Price: ৳ 7.04,(30's pack: ৳ 211.20),",(30's pack: ৳ 211.20)
1198,Lipinor,allopathic,lipinortablet10-mg,Tablet,Atorvastatin Calcium,10 mg,Rephco Pharmaceuticals Ltd.,"Unit Price: ৳ 7.00,(30's pack: ৳ 210.00),",(30's pack: ৳ 210.00)
1197,Lipiles,allopathic,lipilestablet20-mg,Tablet,Atorvastatin Calcium,20 mg,Pharmasia Limited,"Unit Price: ৳ 18.00,(10's pack: ৳ 180.00),",(10's pack: ৳ 180.00)
1196,Lipiles,allopathic,lipilestablet10-mg,Tablet,Atorvastatin Calcium,10 mg,Pharmasia Limited,"Unit Price: ৳ 10.00,(20's pack: ৳ 200.00),",(20's pack: ৳ 200.00)
28554,Lipigent Plus,allopathic,lipigent-plustablet5-mg10-mg,Tablet,Amlodipine Besilate + Atorvastatin,5 mg+10 mg,Pacific Pharmaceuticals Ltd.,"Unit Price: ৳ 11.00,(30's pack: ৳ 330.00),",(30's pack: ৳ 330.00)
29416,Livacol,allopathic,livacoltablet5-mg,Tablet,Obeticholic Acid,5 mg,Square Pharmaceuticals Ltd.,"Unit Price: ৳ 30.00,(20's pack: ৳ 600.00),",(20's pack: ৳ 600.00)
9571,Livacin,allopathic,livacinophthalmic-solution05,Ophthalmic Solution,Levofloxacin (Ophthalmic),0.50%,Gaco Pharmaceuticals Ltd.,5 ml drop: ৳ 90.27,
9503,Livacin,allopathic,livacintablet500-mg,Tablet,Levofloxacin Hemihydrate,500 mg,Gaco Pharmaceuticals Ltd.,"Unit Price: ৳ 15.05,(20's pack: ৳ 301.00),",(20's pack: ৳ 301.00)
17005,Litrim,allopathic,litrimtablet400-mg80-mg,Tablet,Sulphamethoxazole + Trimethoprim,400 mg+80 mg,Millat Pharmaceuticals Ltd.,"Unit Price: ৳ 2.02,(100's pack: ৳ 202.00),",(100's pack: ৳ 202.00)
9025,Litrim,allopathic,litrimoral-suspension200-mg40-mg5-ml,Oral Suspension,Sulphamethoxazole + Trimethoprim,(200 mg+40 mg)/5 ml,Millat Pharmaceuticals Ltd.,60 ml bottle: ৳ 21.50,
30386,Litizem,allopathic,litizemtablet60-mg,Tablet,Diltiazem Hydrochloride (FC tablet),60 mg,Incepta Pharmaceuticals Ltd.,"Unit Price: ৳ 3.80,(100's pack: ৳ 380.00),",(100's pack: ৳ 380.00)
30385,Litizem,allopathic,litizemtablet30-mg,Tablet,Diltiazem Hydrochloride (FC tablet),30 mg,Incepta Pharmaceuticals Ltd.,"Unit Price: ৳ 2.00,(100's pack: ৳ 200.00),",(100's pack: ৳ 200.00)
21778,Litiam ER,allopathic,litiam-ertablet-extended-release400-mg,Tablet (Extended Release),Lithium Carbonate,400 mg,ACI Limited,"Unit Price: ৳ 4.00,(40's pack: ৳ 160.00),",(40's pack: ৳ 160.00)
4443,Lithosun SR,allopathic,lithosun-srtablet-sustained-release400-mg,Tablet (Sustained Release),Lithium Carbonate,400 mg,Sun Pharmaceutical Ltd.,"Unit Price: ৳ 5.60,(50's pack: ৳ 280.00),,Unit Price: ৳ 5.60,(100's pack: ৳ 560.00),","(50's pack: ৳ 280.00),(100's pack: ৳ 560.00)"
21779,Lithium SR,allopathic,lithium-srtablet-sustained-release400-mg,Tablet (Sustained Release),Lithium Carbonate,400 mg,Innovative Pharma (Albion),"Unit Price: ৳ 6.02,(50's pack: ৳ 301.00),",(50's pack: ৳ 301.00)
4444,Lithin SR,allopathic,lithin-srtablet-sustained-release400-mg,Tablet (Sustained Release),Lithium Carbonate,400 mg,Incepta Pharmaceuticals Ltd.,"Unit Price: ৳ 5.00,(50's pack: ৳ 250.00),",(50's pack: ৳ 250.00)
21159,Lite,allopathic,liteeffervescent-powder35-gmsachet,Effervescent Powder,Ispaghula [Psyllium] Husk,3.5 gm/sachet,Rephco Pharmaceuticals Ltd.,"3.5 gm sachet: ৳ 8.00,(12's pack: ৳ 96.00),",(12's pack: ৳ 96.00)
5579,Lit,allopathic,littablet15-mg,Tablet,Pioglitazone,15 mg,The White Horse Pharma,"Unit Price: ৳ 8.00,(30's pack: ৳ 240.00),",(30's pack: ৳ 240.00)
12884,Listoral Original,allopathic,listoral-originalmouthwash,Mouthwash,Menthol + Thymol + Eucalyptol  + Methyl Salicylate,,ACI Limited,"120 ml bottle: ৳ 75.51,250 ml bottle: ৳ 140.95",
12883,Listoral Coolmint,allopathic,listoral-coolmintmouthwash,Mouthwash,Menthol + Thymol + Eucalyptol  + Methyl Salicylate,,ACI Limited,"120 ml bottle: ৳ 75.51,250 ml bottle: ৳ 140.95",
22057,Listacare Zero,allopathic,listacare-zeromouthwash91-mg42-mg63-mg100-ml,Mouthwash,Eucalyptol+ Menthol + Thymol,(91 mg+42 mg+63 mg)/100 ml,General Pharmaceuticals Ltd.,120 ml bottle: ৳ 80.00,
25163,Livacor,allopathic,livacortablet150-mg,Tablet,Ursodeoxycholic Acid,150 mg,Innovative Pharma (Albion),"Unit Price: ৳ 14.17,(50's pack: ৳ 708.35),",(50's pack: ৳ 708.35)
25162,Livacor,allopathic,livacortablet300-mg,Tablet,Ursodeoxycholic Acid,300 mg,Innovative Pharma (Albion),"Unit Price: ৳ 27.15,(30's pack: ৳ 814.61),",(30's pack: ৳ 814.61)
30943,Livacol,allopathic,livacoltablet10-mg,Tablet,Obeticholic Acid,10 mg,Square Pharmaceuticals Ltd.,"Unit Price: ৳ 55.00,(10's pack: ৳ 550.00),",(10's pack: ৳ 550.00)
16695,Listacare Plus,allopathic,listacare-plusmouthwash0022,Mouthwash,Sodium Fluoride (Mouthwash),0.02%,General Pharmaceuticals Ltd.,120 ml bottle: ৳ 80.00,
22052,Listacare Gold,allopathic,listacare-goldmouthwash,Mouthwash,Menthol + Thymol + Eucalyptol  + Methyl Salicylate,,General Pharmaceuticals Ltd.,"120 ml bottle: ৳ 80.00,250 ml bottle: ৳ 145.00",
12881,Listacare Blue Mint,allopathic,listacare-blue-mintmouthwash,Mouthwash,Menthol + Thymol + Eucalyptol  + Methyl Salicylate,,General Pharmaceuticals Ltd.,"120 ml bottle: ৳ 80.00,250 ml bottle: ৳ 145.00",
2611,Lispril,allopathic,lispriltablet5-mg,Tablet,Lisinopril,5 mg,Medimet Pharmaceuticals Ltd.,"Unit Price: ৳ 2.25,(50's pack: ৳ 112.50),",(50's pack: ৳ 112.50)
12170,Liset,allopathic,lisettablet5-mg,Tablet,Levocetirizine Dihydrochloride,5 mg,MST Pharma,"Unit Price: ৳ 2.00,(50's pack: ৳ 100.00),",(50's pack: ৳ 100.00)
11739,Lirosal,allopathic,lirosaltablet10-mg,Tablet,Baclofen,10 mg,Novelta Bestway Pharma Ltd.,"Unit Price: ৳ 8.00,(30's pack: ৳ 240.00),",(30's pack: ৳ 240.00)
28898,Lirica,allopathic,liricacapsule25-mg,Capsule,Pregabalin,25 mg,Biopharma Laboratories Ltd.,"Unit Price: ৳ 7.00,(30's pack: ৳ 210.00),",(30's pack: ৳ 210.00)
23811,Lirica,allopathic,liricacapsule50-mg,Capsule,Pregabalin,50 mg,Biopharma Laboratories Ltd.,"Unit Price: ৳ 13.00,(30's pack: ৳ 390.00),",(30's pack: ৳ 390.00)
4982,Lirica,allopathic,liricacapsule75-mg,Capsule,Pregabalin,75 mg,Biopharma Laboratories Ltd.,"Unit Price: ৳ 16.00,(30's pack: ৳ 480.00),",(30's pack: ৳ 480.00)
3283,Lirel Plus,allopathic,lirel-plustablet75-mg75-mg,Tablet,Clopidogrel + Aspirin,75 mg+75 mg,Silva Pharmaceuticals Ltd.,"Unit Price: ৳ 11.04,(30's pack: ৳ 331.11),",(30's pack: ৳ 331.11)
3237,Lirel,allopathic,lireltablet75-mg,Tablet,Clopidogrel Bisulphate,75 mg,Silva Pharmaceuticals Ltd.,"Unit Price: ৳ 10.04,(20's pack: ৳ 200.80),",(20's pack: ৳ 200.80)
32472,LM,allopathic,lmtablet5-mg,Tablet,S-Amlodipine Besilate (Levamlodipine),5 mg,ACME Laboratories Ltd.,"Unit Price: ৳ 9.00,(30's pack: ৳ 270.00),",(30's pack: ৳ 270.00)
32471,LM,allopathic,lmtablet25-mg,Tablet,S-Amlodipine Besilate (Levamlodipine),2.5 mg,ACME Laboratories Ltd.,"Unit Price: ৳ 7.00,(30's pack: ৳ 210.00),",(30's pack: ৳ 210.00)
2948,LK Plus,allopathic,lk-plustablet50-mg125-mg,Tablet,Losartan Potassium + Hydrochlorothiazide,50 mg+12.5 mg,Pacific Pharmaceuticals Ltd.,"Unit Price: ৳ 8.00,(30's pack: ৳ 240.00),",(30's pack: ৳ 240.00)
2717,LK,allopathic,lktablet50-mg,Tablet,Losartan Potassium,50 mg,Pacific Pharmaceuticals Ltd.,"Unit Price: ৳ 8.00,(30's pack: ৳ 240.00),",(30's pack: ৳ 240.00)
2716,LK,allopathic,lktablet25-mg,Tablet,Losartan Potassium,25 mg,Pacific Pharmaceuticals Ltd.,"Unit Price: ৳ 4.50,(30's pack: ৳ 135.00),",(30's pack: ৳ 135.00)
8937,Lizen,allopathic,lizenpowder-for-suspension100-mg5-ml,Powder for Suspension,Linezolid,100 mg/5 ml,Zenith Pharmaceuticals Ltd.,100 ml bottle: ৳ 280.00,
8936,Lizen,allopathic,lizentablet600-mg,Tablet,Linezolid,600 mg,Zenith Pharmaceuticals Ltd.,"Unit Price: ৳ 85.00,(30's pack: ৳ 2,550.00),","(30's pack: ৳ 2,550.00)"
15353,Lixidol,allopathic,lixidoltablet10-mg,Tablet,Ketorolac Tromethamine,10 mg,Cosmic Pharma Ltd.,"Unit Price: ৳ 10.00,(30's pack: ৳ 300.00),",(30's pack: ৳ 300.00)
14172,Livwel,allopathic,livwelsyrup,Syrup,Multivitamin & Multimineral [A-Z syrup preparation],,Square Pharmaceuticals Ltd.,"100 ml bottle: ৳ 90.61,200 ml bottle: ৳ 161.08",
2395,Livoton,allopathic,livotonoral-solution335-gm5-ml,Oral Solution,Lactulose,3.35 gm/5 ml,Kemiko Pharmaceuticals Ltd.,"50 ml bottle: ৳ 70.21,100 ml bottle: ৳ 120.35,200 ml bottle: ৳ 230.00",
3580,Livodel,allopathic,livodelsyrup1-mg5-ml,Syrup,Levosalbutamol (Oral),1 mg/5 ml,Popular Pharmaceuticals Ltd.,100 ml bottle: ৳ 35.13,
3284,Livocard Plus,allopathic,livocard-plustablet75-mg75-mg,Tablet,Clopidogrel + Aspirin,75 mg+75 mg,The White Horse Pharma,"Unit Price: ৳ 12.00,(30's pack: ৳ 360.00),",(30's pack: ৳ 360.00)
3238,Livocard,allopathic,livocardtablet75-mg,Tablet,Clopidogrel Bisulphate,75 mg,The White Horse Pharma,"Unit Price: ৳ 12.00,(30's pack: ৳ 360.00),",(30's pack: ৳ 360.00)
13374,Livita,allopathic,livitasyrup,Syrup,Iron Polymaltose Complex + Vitamin B Complex + Zinc,,ACI Limited,100 ml bottle: ৳ 50.34,
25165,Liveric,allopathic,liverictablet300-mg,Tablet,Ursodeoxycholic Acid,300 mg,Beximco Pharmaceuticals Ltd.,"Unit Price: ৳ 20.07,(30's pack: ৳ 602.00),",(30's pack: ৳ 602.00)
25164,Liveric,allopathic,liverictablet150-mg,Tablet,Ursodeoxycholic Acid,150 mg,Beximco Pharmaceuticals Ltd.,"Unit Price: ৳ 11.03,(30's pack: ৳ 331.00),",(30's pack: ৳ 331.00)
9507,Locin,allopathic,locintablet500-mg,Tablet,Levofloxacin Hemihydrate,500 mg,Globe Pharmaceuticals Ltd.,"Unit Price: ৳ 14.00,(20's pack: ৳ 280.00),",(20's pack: ৳ 280.00)
9506,Locin,allopathic,locintablet250-mg,Tablet,Levofloxacin Hemihydrate,250 mg,Globe Pharmaceuticals Ltd.,"Unit Price: ৳ 11.00,(20's pack: ৳ 220.00),",(20's pack: ৳ 220.00)
838,Locard Plus,allopathic,locard-plustablet5-mg50-mg,Tablet,Amlodipine Besilate + Atenolol,5 mg+50 mg,Jayson Pharmaceuticals Ltd.,"Unit Price: ৳ 3.02,(30's pack: ৳ 90.60),",(30's pack: ৳ 90.60)
696,Locard,allopathic,locardtablet5-mg,Tablet,Amlodipine Besilate,5 mg,Jayson Pharmaceuticals Ltd.,"Unit Price: ৳ 3.05,(50's pack: ৳ 152.50),",(50's pack: ৳ 152.50)
21682,Locaine,allopathic,locaineinjection2,Injection,Lidocaine Hydrochloride (Injection),2%,Aristopharma Ltd.,50 ml vial: ৳ 28.74,
25980,LNC,allopathic,lnctablet10-mg,Tablet,Cilnidipine,10 mg,Square Pharmaceuticals Ltd.,"Unit Price: ৳ 9.00,(30's pack: ৳ 270.00),",(30's pack: ৳ 270.00)
25979,LNC,allopathic,lnctablet5-mg,Tablet,Cilnidipine,5 mg,Square Pharmaceuticals Ltd.,"Unit Price: ৳ 7.00,(30's pack: ৳ 210.00),",(30's pack: ৳ 210.00)
32218,Livcare,allopathic,livcaretablet5-mg,Tablet,Obeticholic Acid,5 mg,Aristopharma Ltd.,"Unit Price: ৳ 30.00,(20's pack: ৳ 600.00),",(20's pack: ৳ 600.00)
30390,Livcare,allopathic,livcaretablet10-mg,Tablet,Obeticholic Acid,10 mg,Aristopharma Ltd.,"Unit Price: ৳ 55.00,(10's pack: ৳ 550.00),",(10's pack: ৳ 550.00)
28555,Livax,allopathic,livaxoral-solution335-gm5-ml,Oral Solution,Lactulose,3.35 gm/5 ml,Pacific Pharmaceuticals Ltd.,"60 ml bottle: ৳ 140.00,100 ml bottle: ৳ 250.00",
1207,Livas,allopathic,livastablet20-mg,Tablet,Atorvastatin Calcium,20 mg,Techno Drugs Ltd.,"Unit Price: ৳ 15.00,(20's pack: ৳ 300.00),",(20's pack: ৳ 300.00)
1206,Livas,allopathic,livastablet10-mg,Tablet,Atorvastatin Calcium,10 mg,Techno Drugs Ltd.,"Unit Price: ৳ 10.00,(30's pack: ৳ 300.00),",(30's pack: ৳ 300.00)
32217,Livadox,allopathic,livadoxtablet10-mg,Tablet,Obeticholic Acid,10 mg,Jenphar Bangladesh Ltd.,"Unit Price: ৳ 55.00,(30's pack: ৳ 1,650.00),","(30's pack: ৳ 1,650.00)"
32216,Livadox,allopathic,livadoxtablet5-mg,Tablet,Obeticholic Acid,5 mg,Jenphar Bangladesh Ltd.,"Unit Price: ৳ 30.00,(30's pack: ৳ 900.00),",(30's pack: ৳ 900.00)
3347,Lofat,allopathic,lofatcapsule200-mg,Capsule,Fenofibrate,200 mg,Beximco Pharmaceuticals Ltd.,"Unit Price: ৳ 7.00,(30's pack: ৳ 210.00),",(30's pack: ৳ 210.00)
54,Lofam,allopathic,lofamtablet100-mg,Tablet,Aceclofenac,100 mg,Millat Pharmaceuticals Ltd.,"Unit Price: ৳ 3.00,(100's pack: ৳ 300.00),",(100's pack: ৳ 300.00)
697,Lodipin,allopathic,lodipintablet5-mg,Tablet,Amlodipine Besilate,5 mg,Aristopharma Ltd.,"Unit Price: ৳ 5.00,(60's pack: ৳ 300.00),",(60's pack: ৳ 300.00)
12293,Lodin Plus,allopathic,lodin-plustablet-extended-release10-mg240-mg,Tablet (Extended Release),Loratadine + Pseudoephedrine,10 mg+240 mg,Amico Laboratories Ltd.,"Unit Price: ৳ 6.00,(30's pack: ৳ 180.00),",(30's pack: ৳ 180.00)
839,Lodicard,allopathic,lodicardtablet5-mg50-mg,Tablet,Amlodipine Besilate + Atenolol,5 mg+50 mg,Aristopharma Ltd.,"Unit Price: ৳ 6.00,(60's pack: ৳ 360.00),",(60's pack: ৳ 360.00)
27789,Lodical Plus,allopathic,lodical-plustablet5-mg50-mg,Tablet,Amlodipine Besilate + Atenolol,5 mg+50 mg,Somatec Pharmaceuticals Ltd.,"Unit Price: ৳ 6.00,(30's pack: ৳ 180.00),",(30's pack: ৳ 180.00)
27788,Lodical,allopathic,lodicaltablet5-mg,Tablet,Amlodipine Besilate,5 mg,Somatec Pharmaceuticals Ltd.,"Unit Price: ৳ 5.00,(30's pack: ৳ 150.00),",(30's pack: ৳ 150.00)
29954,Lodiben,allopathic,lodibencapsule5-mg20-mg,Capsule,Amlodipine Besilate + Benazepril Hydrochloride,5 mg+20 mg,Eskayef Pharmaceuticals Ltd.,"Unit Price: ৳ 8.00,(16's pack: ৳ 128.00),",(16's pack: ৳ 128.00)
29953,Lodiben,allopathic,lodibencapsule5-mg10-mg,Capsule,Amlodipine Besilate + Benazepril Hydrochloride,5 mg+10 mg,Eskayef Pharmaceuticals Ltd.,"Unit Price: ৳ 6.00,(24's pack: ৳ 144.00),",(24's pack: ৳ 144.00)
29952,Lodiben,allopathic,lodibencapsule25-mg10-mg,Capsule,Amlodipine Besilate + Benazepril Hydrochloride,2.5 mg+10 mg,Eskayef Pharmaceuticals Ltd.,"Unit Price: ৳ 4.00,(36's pack: ৳ 144.00),",(36's pack: ৳ 144.00)
12412,Loderm,allopathic,lodermcream1,Cream,Clotrimazole (Topical),1%,Ad-din Pharmaceuticals Ltd.,10 gm tube: ৳ 23.00,
16117,Locular Plus,allopathic,locular-plusophthalmic-solution0205,Ophthalmic Solution,Brimonidine Tartrate + Timolol Maleate,0.2%+0.5%,Square Pharmaceuticals Ltd.,5 ml drop: ৳ 110.33,
16062,Locular,allopathic,locularophthalmic-solution02,Ophthalmic Solution,Brimonidine Tartrate,0.20%,Square Pharmaceuticals Ltd.,5 ml drop: ৳ 80.55,
27733,Loctril,allopathic,loctriltablet10-mg,Tablet,Montelukast Sodium,10 mg,Opso Saline Ltd.,"Unit Price: ৳ 15.00,(30's pack: ৳ 450.00),",(30's pack: ৳ 450.00)
2396,Loctoz,allopathic,loctozoral-solution335-gm5-ml,Oral Solution,Lactulose,3.35 gm/5 ml,Amico Laboratories Ltd.,100 ml bottle: ৳ 100.00,
11031,Locopain-TR,allopathic,locopain-trcapsule-timed-release100-mg,Capsule (Timed Release),Diclofenac Sodium,100 mg,Asiatic Laboratories Ltd.,"Unit Price: ৳ 3.00,(100's pack: ৳ 300.00),",(100's pack: ৳ 300.00)
2949,Lok Plus,allopathic,lok-plustablet50-mg125-mg,Tablet,Losartan Potassium + Hydrochlorothiazide,50 mg+12.5 mg,Globe Pharmaceuticals Ltd.,"Unit Price: ৳ 8.00,(30's pack: ৳ 240.00),",(30's pack: ৳ 240.00)
25014,Lograin,allopathic,lograintablet200-mg,Tablet,Tolfenamic acid,200 mg,Ibn Sina Pharmaceuticals Ltd.,"Unit Price: ৳ 10.00,(30's pack: ৳ 300.00),",(30's pack: ৳ 300.00)
18953,Logibac,allopathic,logibaccapsule400-mg,Capsule,Ceftibuten Dihydrate,400 mg,ACME Laboratories Ltd.,"Unit Price: ৳ 120.00,(8's pack: ৳ 960.00),",(8's pack: ৳ 960.00)
18952,Logibac,allopathic,logibacpowder-for-suspension90-mg5-ml,Powder for Suspension,Ceftibuten Dihydrate,90 mg/5 ml,ACME Laboratories Ltd.,60 ml bottle: ৳ 480.00,
31936,Logeva,allopathic,logevatablet,Tablet,Super antioxidant [vitamins & minerals],,Somatec Pharmaceuticals Ltd.,"Unit Price: ৳ 4.00,(30's pack: ৳ 120.00),",(30's pack: ৳ 120.00)
31187,Lofos,allopathic,lofostablet667-mg,Tablet,Calcium Acetate,667 mg,Square Pharmaceuticals Ltd.,"Unit Price: ৳ 6.00,(60's pack: ৳ 360.00),",(60's pack: ৳ 360.00)
9590,Loflox,allopathic,lofloxophthalmic-solution03,Ophthalmic Solution,Lomefloxacin (Ophthalmic),0.30%,Opso Saline Ltd.,5 ml drop: ৳ 70.01,
55,Lofens,allopathic,lofenstablet-sustained-release100-mg,Tablet (Sustained Release),Aceclofenac,100 mg,Zenith Pharmaceuticals Ltd.,"Unit Price: ৳ 8.50,(100's pack: ৳ 850.00),",(100's pack: ৳ 850.00)
11127,Locopain,allopathic,locopainophthalmic-solution01,Ophthalmic Solution,Diclofenac Sodium (Ophthalmic),0.10%,Asiatic Laboratories Ltd.,5 ml drop: ৳ 80.00,
32254,Locoma,allopathic,locomaophthalmic-solution0205,Ophthalmic Solution,Brimonidine Tartrate + Timolol Maleate,0.2%+0.5%,ACI Limited,5 ml drop: ৳ 120.00,
30597,Locol Plus,allopathic,locol-plustablet5-mg10-mg,Tablet,Amlodipine Besilate + Atorvastatin,5 mg+10 mg,Popular Pharmaceuticals Ltd.,"Unit Price: ৳ 11.04,(30's pack: ৳ 331.20),",(30's pack: ৳ 331.20)
1220,Locol,allopathic,locoltablet20-mg,Tablet,Atorvastatin Calcium,20 mg,Popular Pharmaceuticals Ltd.,"Unit Price: ৳ 18.07,(20's pack: ৳ 361.40),",(20's pack: ৳ 361.40)
1219,Locol,allopathic,locoltablet10-mg,Tablet,Atorvastatin Calcium,10 mg,Popular Pharmaceuticals Ltd.,"Unit Price: ৳ 10.04,(30's pack: ৳ 301.21),",(30's pack: ৳ 301.21)
9572,Locin,allopathic,locinophthalmic-solution05,Ophthalmic Solution,Levofloxacin (Ophthalmic),0.50%,Globe Pharmaceuticals Ltd.,5 ml drop: ৳ 90.00,
30615,Lonet,allopathic,lonettablet50-mg,Tablet,Atenolol,50 mg,Beximco Pharmaceuticals Ltd.,"Unit Price: ৳ 0.77,(100's pack: ৳ 77.00),",(100's pack: ৳ 77.00)
30614,Lonet,allopathic,lonettablet100-mg,Tablet,Atenolol,100 mg,Beximco Pharmaceuticals Ltd.,"Unit Price: ৳ 1.37,(100's pack: ৳ 137.00),",(100's pack: ৳ 137.00)
31943,Lonazep MD,allopathic,lonazep-mddispersible-tablet2-mg,Dispersible Tablet,Clonazepam,2 mg,Sun Pharmaceutical Ltd.,"Unit Price: ৳ 10.00,(30's pack: ৳ 300.00),",(30's pack: ৳ 300.00)
31942,Lonazep MD,allopathic,lonazep-mddispersible-tablet1-mg,Dispersible Tablet,Clonazepam,1 mg,Sun Pharmaceutical Ltd.,"Unit Price: ৳ 8.00,(50's pack: ৳ 400.00),",(50's pack: ৳ 400.00)
31941,Lonazep MD,allopathic,lonazep-mddispersible-tablet05-mg,Dispersible Tablet,Clonazepam,0.5 mg,Sun Pharmaceutical Ltd.,"Unit Price: ৳ 7.00,(100's pack: ৳ 700.00),",(100's pack: ৳ 700.00)
4860,Lonazep,allopathic,lonazeptablet2-mg,Tablet,Clonazepam,2 mg,Sun Pharmaceutical Ltd.,"Unit Price: ৳ 8.00,(50's pack: ৳ 400.00),",(50's pack: ৳ 400.00)
4859,Lonazep,allopathic,lonazeptablet05-mg,Tablet,Clonazepam,0.5 mg,Sun Pharmaceutical Ltd.,"Unit Price: ৳ 6.00,(100's pack: ৳ 600.00),",(100's pack: ৳ 600.00)
27774,Lonapam,allopathic,lonapamtablet1-mg,Tablet,Clonazepam,1 mg,Delta Pharma Ltd.,"Unit Price: ৳ 4.00,(30's pack: ৳ 120.00),",(30's pack: ৳ 120.00)
4858,Lonapam,allopathic,lonapamtablet2-mg,Tablet,Clonazepam,2 mg,Delta Pharma Ltd.,"Unit Price: ৳ 5.00,(50's pack: ৳ 250.00),",(50's pack: ৳ 250.00)
4857,Lonapam,allopathic,lonapamtablet05-mg,Tablet,Clonazepam,0.5 mg,Delta Pharma Ltd.,"Unit Price: ৳ 3.00,(50's pack: ৳ 150.00),",(50's pack: ৳ 150.00)
16564,Lomir,allopathic,lomirtablet25-mg,Tablet,Isradipine,2.5 mg,Novartis (Bangladesh) Ltd.,"Unit Price: ৳ 19.39,(28's pack: ৳ 543.00),",(28's pack: ৳ 543.00)
21788,Lomexa,allopathic,lomexaophthalmic-solution03,Ophthalmic Solution,Lomefloxacin (Ophthalmic),0.30%,Opsonin Pharma Ltd.,5 ml drop: ৳ 70.00,
1826,Lomesec,allopathic,lomeseccapsule-delayed-release20-mg,Capsule (Delayed Release),Omeprazole,20 mg,Aexim Pharmaceuticals Ltd.,"Unit Price: ৳ 3.00,(60's pack: ৳ 180.00),",(60's pack: ৳ 180.00)
9596,Lomequin,allopathic,lomequinophthalmic-solution03,Ophthalmic Solution,Lomefloxacin (Ophthalmic),0.30%,Incepta Pharmaceuticals Ltd.,5 ml drop: ৳ 70.00,
9595,Lomegen,allopathic,lomegenophthalmic-solution03,Ophthalmic Solution,Lomefloxacin (Ophthalmic),0.30%,General Pharmaceuticals Ltd.,5 ml drop: ৳ 70.21,
9594,Lomeflox,allopathic,lomefloxophthalmic-solution03,Ophthalmic Solution,Lomefloxacin (Ophthalmic),0.30%,Aristopharma Ltd.,5 ml drop: ৳ 70.00,
1372,Lopan,allopathic,lopantablet10-mg,Tablet,Hyoscine Butylbromide,10 mg,Navana Pharmaceuticals Ltd.,"Unit Price: ৳ 3.43,(100's pack: ৳ 343.00),",(100's pack: ৳ 343.00)
2282,Lopamid,allopathic,lopamidcapsule2-mg,Capsule,Loperamide Hydrochloride,2 mg,ACME Laboratories Ltd.,"Unit Price: ৳ 1.00,(100's pack: ৳ 100.00),",(100's pack: ৳ 100.00)
15448,Lopadol,allopathic,lopadolophthalmic-solution05,Ophthalmic Solution,Ketorolac Tromethamine (Ophthalmic),0.50%,Popular Pharmaceuticals Ltd.,5 ml drop: ৳ 80.30,
22993,Lopadine Max,allopathic,lopadine-maxophthalmic-solution07,Ophthalmic Solution,Olopatadine Hydrochloride (Ophthalmic),0.70%,Incepta Pharmaceuticals Ltd.,5 ml drop: ৳ 200.00,
16002,Lopadine DS,allopathic,lopadine-dsophthalmic-solution02,Ophthalmic Solution,Olopatadine Hydrochloride (Ophthalmic),0.20%,Incepta Pharmaceuticals Ltd.,5 ml drop: ৳ 175.00,
16251,Lopadine,allopathic,lopadinenasal-spray600-mcgspray,Nasal Spray,Olopatadine Hydrochloride (Nasal Spray),600 mcg/spray,Incepta Pharmaceuticals Ltd.,120 metered sprays: ৳ 400.00,
15980,Lopadine,allopathic,lopadineophthalmic-solution01,Ophthalmic Solution,Olopatadine Hydrochloride (Ophthalmic),0.10%,Incepta Pharmaceuticals Ltd.,5 ml drop: ৳ 110.00,
10449,Longpara,allopathic,longparatablet-extended-release665-mg,Tablet (Extended Release),Paracetamol,665 mg,Ibn Sina Pharmaceuticals Ltd.,"Unit Price: ৳ 1.51,(200's pack: ৳ 302.00),",(200's pack: ৳ 302.00)
9586,Lomeflox,allopathic,lomefloxtablet400-mg,Tablet,Lomefloxacin (Oral),400 mg,Aristopharma Ltd.,"Unit Price: ৳ 15.00,(20's pack: ৳ 300.00),",(20's pack: ৳ 300.00)
9593,Lomecin,allopathic,lomecinophthalmic-ointment03,Ophthalmic Ointment,Lomefloxacin (Ophthalmic),0.30%,Reman Drug Laboratories Ltd.,3 gm tube: ৳ 60.00,
9592,Lomecin,allopathic,lomecinophthalmic-solution03,Ophthalmic Solution,Lomefloxacin (Ophthalmic),0.30%,Reman Drug Laboratories Ltd.,5 ml drop: ৳ 70.00,
9591,Lomebac,allopathic,lomebacophthalmic-solution03,Ophthalmic Solution,Lomefloxacin (Ophthalmic),0.30%,Popular Pharmaceuticals Ltd.,5 ml drop: ৳ 70.00,
29929,Lola,allopathic,lolaoral-powder3-gmsachet,Oral Powder,L-Ornithine L-Aspartate,3 gm/sachet,Jenphar Bangladesh Ltd.,"3 gm sachet: ৳ 75.00,(10's pack: ৳ 750.00),",(10's pack: ৳ 750.00)
2718,Lok-50,allopathic,lok-50tablet50-mg,Tablet,Losartan Potassium,50 mg,Globe Pharmaceuticals Ltd.,"Unit Price: ৳ 8.00,(30's pack: ৳ 240.00),",(30's pack: ৳ 240.00)
2727,Lopoten,allopathic,lopotentablet50-mg,Tablet,Losartan Potassium,50 mg,Euro Pharma Ltd.,"Unit Price: ৳ 6.00,(30's pack: ৳ 180.00),",(30's pack: ৳ 180.00)
2726,Lopoten,allopathic,lopotentablet25-mg,Tablet,Losartan Potassium,25 mg,Euro Pharma Ltd.,"Unit Price: ৳ 3.50,(30's pack: ৳ 105.00),",(30's pack: ৳ 105.00)
2952,Lopos Plus,allopathic,lopos-plustablet100-mg25-mg,Tablet,Losartan Potassium + Hydrochlorothiazide,100 mg+25 mg,Zenith Pharmaceuticals Ltd.,"Unit Price: ৳ 10.04,(50's pack: ৳ 502.00),",(50's pack: ৳ 502.00)
2724,Lopos,allopathic,lopostablet50-mg,Tablet,Losartan Potassium,50 mg,Zenith Pharmaceuticals Ltd.,"Unit Price: ৳ 6.00,(100's pack: ৳ 600.00),",(100's pack: ৳ 600.00)
2723,Lopos,allopathic,lopostablet25-mg,Tablet,Losartan Potassium,25 mg,Zenith Pharmaceuticals Ltd.,"Unit Price: ৳ 3.51,(100's pack: ৳ 351.00),",(100's pack: ৳ 351.00)
2950,Lopo Plus,allopathic,lopo-plustablet50-mg125-mg,Tablet,Losartan Potassium + Hydrochlorothiazide,50 mg+12.5 mg,Biopharma Laboratories Ltd.,"Unit Price: ৳ 8.00,(30's pack: ৳ 240.00),",(30's pack: ৳ 240.00)
28899,Lopo,allopathic,lopotablet100-mg,Tablet,Losartan Potassium,100 mg,Biopharma Laboratories Ltd.,"Unit Price: ৳ 10.00,(30's pack: ৳ 300.00),",(30's pack: ৳ 300.00)
2722,Lopo,allopathic,lopotablet50-mg,Tablet,Losartan Potassium,50 mg,Biopharma Laboratories Ltd.,"Unit Price: ৳ 8.00,(30's pack: ৳ 240.00),",(30's pack: ৳ 240.00)
2721,Lopo,allopathic,lopotablet25-mg,Tablet,Losartan Potassium,25 mg,Biopharma Laboratories Ltd.,"Unit Price: ৳ 4.50,(30's pack: ৳ 135.00),",(30's pack: ৳ 135.00)
3286,Loplate Plus,allopathic,loplate-plustablet75-mg75-mg,Tablet,Clopidogrel + Aspirin,75 mg+75 mg,Kemiko Pharmaceuticals Ltd.,"Unit Price: ৳ 11.03,(30's pack: ৳ 330.90),",(30's pack: ৳ 330.90)
19539,Loplate,allopathic,loplatetablet75-mg,Tablet,Clopidogrel Bisulphate,75 mg,Kemiko Pharmaceuticals Ltd.,"Unit Price: ৳ 10.03,(30's pack: ৳ 300.90),",(30's pack: ৳ 300.90)
3285,Lopirel Plus,allopathic,lopirel-plustablet75-mg75-mg,Tablet,Clopidogrel + Aspirin,75 mg+75 mg,Incepta Pharmaceuticals Ltd.,"Unit Price: ৳ 12.00,(30's pack: ৳ 360.00),",(30's pack: ৳ 360.00)
3239,Lopirel,allopathic,lopireltablet75-mg,Tablet,Clopidogrel Bisulphate,75 mg,Incepta Pharmaceuticals Ltd.,"Unit Price: ৳ 12.00,(30's pack: ৳ 360.00),",(30's pack: ৳ 360.00)
840,Lopin Plus,allopathic,lopin-plustablet5-mg25-mg,Tablet,Amlodipine Besilate + Atenolol,5 mg+25 mg,Edruc Limited,"Unit Price: ৳ 4.50,(30's pack: ৳ 135.00),",(30's pack: ৳ 135.00)
698,Lopin,allopathic,lopintablet5-mg,Tablet,Amlodipine Besilate,5 mg,Edruc Limited,"Unit Price: ৳ 3.00,(30's pack: ৳ 90.01),",(30's pack: ৳ 90.01)
21054,Lopidam,allopathic,lopidaminjection370-mgml,Injection,Iopamidol,370 mg/ml,Beximco Pharmaceuticals Ltd.,"50 ml vial: ৳ 1,322.55",
12204,Lora,allopathic,loraoral-suspension5-mg5-ml,Oral Suspension,Loratadine,5 mg/5 ml,Opsonin Pharma Ltd.,60 ml bottle: ৳ 30.11,
12203,Lora,allopathic,loratablet10-mg,Tablet,Loratadine,10 mg,Opsonin Pharma Ltd.,"Unit Price: ৳ 2.51,(100's pack: ৳ 251.00),",(100's pack: ৳ 251.00)
2569,Lopresor,allopathic,lopresortablet50-mg,Tablet,Metoprolol Tartrate,50 mg,Bristol Pharmaceuticals Ltd.,"Unit Price: ৳ 1.30,(100's pack: ৳ 130.00),",(100's pack: ৳ 130.00)
30616,Lopres,allopathic,loprestablet100-mg,Tablet,Atenolol,100 mg,Orion Pharma Ltd.,"Unit Price: ৳ 1.36,(100's pack: ৳ 136.00),",(100's pack: ৳ 136.00)
21907,Loprenol,allopathic,loprenolophthalmic-suspension05,Ophthalmic Suspension,Loteprednol Etabonate,0.50%,Monicopharma Ltd.,5 ml drop: ৳ 175.00,
30283,Lopoten Plus,allopathic,lopoten-plustablet50-mg125-mg,Tablet,Losartan Potassium + Hydrochlorothiazide,50 mg+12.5 mg,Euro Pharma Ltd.,"Unit Price: ৳ 8.00,(30's pack: ৳ 240.00),",(30's pack: ৳ 240.00)
30282,Lopoten Plus,allopathic,lopoten-plustablet100-mg125-mg,Tablet,Losartan Potassium + Hydrochlorothiazide,100 mg+12.5 mg,Euro Pharma Ltd.,"Unit Price: ৳ 10.00,(30's pack: ৳ 300.00),",(30's pack: ৳ 300.00)
21053,Lopidam,allopathic,lopidaminjection370-mgml,Injection,Iopamidol,370 mg/ml,Beximco Pharmaceuticals Ltd.,"100 ml vial: ৳ 2,643.92",
4392,Lopez,allopathic,lopeztablet10-mg,Tablet,Olanzapine,10 mg,General Pharmaceuticals Ltd.,"Unit Price: ৳ 4.54,(50's pack: ৳ 226.78),",(50's pack: ৳ 226.78)
4391,Lopez,allopathic,lopeztablet5-mg,Tablet,Olanzapine,5 mg,General Pharmaceuticals Ltd.,"Unit Price: ৳ 2.52,(50's pack: ৳ 126.06),",(50's pack: ৳ 126.06)
2283,Loperin,allopathic,loperincapsule2-mg,Capsule,Loperamide Hydrochloride,2 mg,Opsonin Pharma Ltd.,"Unit Price: ৳ 1.00,(100's pack: ৳ 100.00),",(100's pack: ৳ 100.00)
27551,Lopenta,allopathic,lopentatablet100-mg,Tablet,Tapentadol Hydrochloride,100 mg,ACI Limited,"Unit Price: ৳ 25.00,(10's pack: ৳ 250.00),",(10's pack: ৳ 250.00)
10763,Lopenta,allopathic,lopentatablet75-mg,Tablet,Tapentadol Hydrochloride,75 mg,ACI Limited,"Unit Price: ৳ 20.00,(10's pack: ৳ 200.00),,Unit Price: ৳ 20.00,(20's pack: ৳ 400.00),","(10's pack: ৳ 200.00),(20's pack: ৳ 400.00)"
10762,Lopenta,allopathic,lopentatablet50-mg,Tablet,Tapentadol Hydrochloride,50 mg,ACI Limited,"Unit Price: ৳ 14.00,(20's pack: ৳ 280.00),",(20's pack: ৳ 280.00)
364,Lorix Plus,allopathic,lorix-pluslotion510,Lotion,Permethrin + Crotamiton,5%+10%,Opsonin Pharma Ltd.,60 ml bottle: ৳ 100.00,
12489,Lorix,allopathic,lorixcream5-ww,Cream,Permethrin,5% w/w,Opsonin Pharma Ltd.,"15 gm tube: ৳ 20.00,30 gm tube: ৳ 55.37",
12216,Lorin,allopathic,lorinoral-suspension5-mg5-ml,Oral Suspension,Loratadine,5 mg/5 ml,General Pharmaceuticals Ltd.,60 ml bottle: ৳ 30.20,
12215,Lorin,allopathic,lorintablet10-mg,Tablet,Loratadine,10 mg,General Pharmaceuticals Ltd.,"Unit Price: ৳ 3.02,(100's pack: ৳ 302.00),",(100's pack: ৳ 302.00)
21824,Loril,allopathic,loriltablet100-mg,Tablet,Losartan Potassium,100 mg,Astra Biopharmaceuticals Ltd.,Unit Price: ৳ 10.00,
21823,Loril,allopathic,loriltablet50-mg,Tablet,Losartan Potassium,50 mg,Astra Biopharmaceuticals Ltd.,Unit Price: ৳ 6.00,
1596,Loridon,allopathic,loridonpediatric-drops5-mgml,Pediatric Drops,Domperidone Maleate,5 mg/ml,Modern Pharmaceuticals Ltd.,15 ml drop: ৳ 20.00,
1595,Loridon,allopathic,loridonoral-suspension5-mg5-ml,Oral Suspension,Domperidone Maleate,5 mg/5 ml,Modern Pharmaceuticals Ltd.,60 ml bottle: ৳ 28.00,
1594,Loridon,allopathic,loridontablet10-mg,Tablet,Domperidone Maleate,10 mg,Modern Pharmaceuticals Ltd.,"Unit Price: ৳ 2.00,(100's pack: ৳ 200.00),",(100's pack: ৳ 200.00)
12214,Lorfast,allopathic,lorfastoral-suspension5-mg5-ml,Oral Suspension,Loratadine,5 mg/5 ml,Biopharma Laboratories Ltd.,60 ml bottle: ৳ 26.11,
12213,Lorfast,allopathic,lorfasttablet10-mg,Tablet,Loratadine,10 mg,Biopharma Laboratories Ltd.,"Unit Price: ৳ 3.01,(50's pack: ৳ 150.74),",(50's pack: ৳ 150.74)
15178,Loreta,allopathic,loretatablet25-mg,Tablet,Letrozole,2.5 mg,Popular Pharmaceuticals Ltd.,"Unit Price: ৳ 40.00,(10's pack: ৳ 400.00),",(10's pack: ৳ 400.00)
12212,Loren,allopathic,lorentablet10-mg,Tablet,Loratadine,10 mg,Pharmadesh Laboratories Ltd.,"Unit Price: ৳ 2.00,(100's pack: ৳ 200.00),",(100's pack: ৳ 200.00)
33127,Lorbrexen,allopathic,lorbrexentablet100-mg,Tablet,Lorlatinib,100 mg,Everest Pharmaceuticals Ltd.,"Unit Price: ৳ 3,200.00,(30's pack: ৳ 96,000.00),","(30's pack: ৳ 96,000.00)"
31201,Loratin Fast,allopathic,loratin-fastdispersible-tablet10-mg,Dispersible Tablet,Loratadine,10 mg,Square Pharmaceuticals Ltd.,"Unit Price: ৳ 3.01,(50's pack: ৳ 150.50),",(50's pack: ৳ 150.50)
12209,Loratin,allopathic,loratintablet10-mg,Tablet,Loratadine,10 mg,Square Pharmaceuticals Ltd.,"Unit Price: ৳ 3.01,(100's pack: ৳ 301.00),",(100's pack: ৳ 301.00)
27863,Losa,allopathic,losatablet25-mg,Tablet,Losartan Potassium,25 mg,Alco Pharma Ltd.,"Unit Price: ৳ 3.51,(30's pack: ৳ 105.30),",(30's pack: ৳ 105.30)
2729,Losa,allopathic,losatablet50-mg,Tablet,Losartan Potassium,50 mg,Alco Pharma Ltd.,"Unit Price: ৳ 6.02,(30's pack: ৳ 180.60),",(30's pack: ৳ 180.60)
12208,Loratec,allopathic,loratectablet10-mg,Tablet,Loratadine,10 mg,Desh Pharmaceuticals Ltd.,"Unit Price: ৳ 2.00,(100's pack: ৳ 200.00),",(100's pack: ৳ 200.00)
31601,Loratamax,allopathic,loratamaxtablet10-mg,Tablet,Loratadine,10 mg,Veritas Pharmaceuticals Ltd.,"Unit Price: ৳ 4.00,(100's pack: ৳ 400.00),",(100's pack: ৳ 400.00)
12207,Lorat,allopathic,lorattablet10-mg,Tablet,Loratadine,10 mg,Drug International Ltd.,"Unit Price: ৳ 3.05,(100's pack: ৳ 305.00),",(100's pack: ৳ 305.00)
21810,Lorastine,allopathic,lorastineoral-suspension5-mg5-ml,Oral Suspension,Loratadine,5 mg/5 ml,United Pharmaceuticals Ltd.,60 ml bottle: ৳ 26.35,
21809,Lorastine,allopathic,lorastinetablet10-mg,Tablet,Loratadine,10 mg,United Pharmaceuticals Ltd.,"Unit Price: ৳ 3.02,(100's pack: ৳ 302.15),",(100's pack: ৳ 302.15)
32387,Lorapam,allopathic,lorapamimiv-injection4-mgml,IM/IV Injection,Lorazepam,4 mg/ml,Popular Pharmaceuticals Ltd.,1 ml vial: ৳ 75.28,
2284,Loramide,allopathic,loramidecapsule2-mg,Capsule,Loperamide Hydrochloride,2 mg,Bristol Pharmaceuticals Ltd.,"Unit Price: ৳ 0.50,(200's pack: ৳ 100.00),",(200's pack: ৳ 100.00)
12263,Lorades,allopathic,loradessyrup25-mg5-ml,Syrup,Desloratadine,2.5 mg/5 ml,Novo Healthcare and Pharma Ltd.,60 ml bottle: ৳ 25.00,
12262,Lorades,allopathic,loradestablet5-mg,Tablet,Desloratadine,5 mg,Novo Healthcare and Pharma Ltd.,"Unit Price: ৳ 2.51,(50's pack: ৳ 125.38),",(50's pack: ৳ 125.38)
29277,Loradale,allopathic,loradaletablet-extended-release10-mg240-mg,Tablet (Extended Release),Loratadine + Pseudoephedrine,10 mg+240 mg,Novo Healthcare and Pharma Ltd.,"Unit Price: ৳ 6.02,(100's pack: ৳ 601.81),",(100's pack: ৳ 601.81)
7125,Loracef,allopathic,loracefpediatric-drops125-mg125-ml,Pediatric Drops,Cefaclor Monohydrate,125 mg/1.25 ml,Square Pharmaceuticals Ltd.,15 ml bottle: ৳ 125.85,
7124,Loracef,allopathic,loracefpowder-for-suspension125-mg5-ml,Powder for Suspension,Cefaclor Monohydrate,125 mg/5 ml,Square Pharmaceuticals Ltd.,100 ml bottle: ৳ 191.30,
2736,Losar,allopathic,losartablet50-mg,Tablet,Losartan Potassium,50 mg,Nipa Pharmaceuticals Ltd.,"Unit Price: ৳ 8.00,(30's pack: ৳ 240.00),",(30's pack: ৳ 240.00)
21827,Losapress,allopathic,losapresstablet50-mg,Tablet,Losartan Potassium,50 mg,Benham Pharmaceuticals Ltd.,"Unit Price: ৳ 8.00,(50's pack: ৳ 400.00),",(50's pack: ৳ 400.00)
21826,Losapress,allopathic,losapresstablet25-mg,Tablet,Losartan Potassium,25 mg,Benham Pharmaceuticals Ltd.,"Unit Price: ৳ 4.05,(50's pack: ৳ 202.50),",(50's pack: ৳ 202.50)
27791,Losapot Plus,allopathic,losapot-plustablet50-mg125-mg,Tablet,Losartan Potassium + Hydrochlorothiazide,50 mg+12.5 mg,Somatec Pharmaceuticals Ltd.,"Unit Price: ৳ 8.00,(30's pack: ৳ 240.00),",(30's pack: ৳ 240.00)
27790,Losapot,allopathic,losapottablet50-mg,Tablet,Losartan Potassium,50 mg,Somatec Pharmaceuticals Ltd.,"Unit Price: ৳ 8.00,(30's pack: ৳ 240.00),",(30's pack: ৳ 240.00)
2735,Losap,allopathic,losaptablet50-mg,Tablet,Losartan Potassium,50 mg,Doctor’s Chemical Works Ltd.,"Unit Price: ৳ 5.97,(30's pack: ৳ 179.10),",(30's pack: ৳ 179.10)
27265,Losanil,allopathic,losaniltablet50-mg,Tablet,Losartan Potassium,50 mg,Medicon Pharmaceuticals Ltd.,"Unit Price: ৳ 7.39,(30's pack: ৳ 221.58),",(30's pack: ৳ 221.58)
2955,Losan Plus,allopathic,losan-plustablet50-mg125-mg,Tablet,Losartan Potassium + Hydrochlorothiazide,50 mg+12.5 mg,Orion Pharma Ltd.,"Unit Price: ৳ 8.02,(30's pack: ৳ 240.60),",(30's pack: ৳ 240.60)
2734,Losan,allopathic,losantablet50-mg,Tablet,Losartan Potassium,50 mg,Orion Pharma Ltd.,"Unit Price: ৳ 8.02,(30's pack: ৳ 240.60),",(30's pack: ৳ 240.60)
2733,Losan,allopathic,losantablet25-mg,Tablet,Losartan Potassium,25 mg,Orion Pharma Ltd.,"Unit Price: ৳ 4.51,(30's pack: ৳ 135.30),",(30's pack: ৳ 135.30)
21899,Losamax-H,allopathic,losamax-htablet50-mg125-mg,Tablet,Losartan Potassium + Hydrochlorothiazide,50 mg+12.5 mg,Veritas Pharmaceuticals Ltd.,"Unit Price: ৳ 8.03,(30's pack: ৳ 240.90),",(30's pack: ৳ 240.90)
21870,Losamax,allopathic,losamaxtablet50-mg,Tablet,Losartan Potassium,50 mg,Veritas Pharmaceuticals Ltd.,"Unit Price: ৳ 8.03,(30's pack: ৳ 240.90),",(30's pack: ৳ 240.90)
2954,Losacor Plus,allopathic,losacor-plustablet50-mg125-mg,Tablet,Losartan Potassium + Hydrochlorothiazide,50 mg+12.5 mg,Healthcare Pharmaceuticals Ltd.,"Unit Price: ৳ 8.00,(30's pack: ৳ 240.00),",(30's pack: ৳ 240.00)
2732,Losacor,allopathic,losacortablet50-mg,Tablet,Losartan Potassium,50 mg,Healthcare Pharmaceuticals Ltd.,"Unit Price: ৳ 8.00,(30's pack: ৳ 240.00),",(30's pack: ৳ 240.00)
2953,Losacard HZ,allopathic,losacard-hztablet50-mg125-mg,Tablet,Losartan Potassium + Hydrochlorothiazide,50 mg+12.5 mg,Novo Healthcare and Pharma Ltd.,"Unit Price: ৳ 8.03,(30's pack: ৳ 240.92),",(30's pack: ৳ 240.92)
2731,Losacard,allopathic,losacardtablet50-mg,Tablet,Losartan Potassium,50 mg,Novo Healthcare and Pharma Ltd.,"Unit Price: ৳ 8.03,(30's pack: ৳ 240.92),",(30's pack: ৳ 240.92)
2742,Losaron,allopathic,losarontablet50-mg,Tablet,Losartan Potassium,50 mg,Amico Laboratories Ltd.,"Unit Price: ৳ 5.00,(30's pack: ৳ 150.00),",(30's pack: ৳ 150.00)
32538,Losark,allopathic,losarktablet50-mg,Tablet,Losartan Potassium,50 mg,Doctor TIMS Pharmaceuticals Ltd.,"Unit Price: ৳ 8.00,(30's pack: ৳ 240.00),",(30's pack: ৳ 240.00)
2959,Losardil,allopathic,losardiltablet100-mg25-mg,Tablet,Losartan Potassium + Hydrochlorothiazide,100 mg+25 mg,Drug International Ltd.,"Unit Price: ৳ 12.05,(20's pack: ৳ 241.00),",(20's pack: ৳ 241.00)
2958,Losardil,allopathic,losardiltablet100-mg125-mg,Tablet,Losartan Potassium + Hydrochlorothiazide,100 mg+12.5 mg,Drug International Ltd.,"Unit Price: ৳ 12.05,(28's pack: ৳ 337.40),,Unit Price: ৳ 12.05,(20's pack: ৳ 241.00),","(28's pack: ৳ 337.40),(20's pack: ৳ 241.00)"
2957,Losardil,allopathic,losardiltablet50-mg125-mg,Tablet,Losartan Potassium + Hydrochlorothiazide,50 mg+12.5 mg,Drug International Ltd.,"Unit Price: ৳ 8.05,(56's pack: ৳ 450.80),",(56's pack: ৳ 450.80)
2956,Losardil,allopathic,losardiltablet25-mg125-mg,Tablet,Losartan Potassium + Hydrochlorothiazide,25 mg+12.5 mg,Drug International Ltd.,"Unit Price: ৳ 5.00,(56's pack: ৳ 280.00),",(56's pack: ৳ 280.00)
2740,Losardil,allopathic,losardiltablet50-mg,Tablet,Losartan Potassium,50 mg,Drug International Ltd.,"Unit Price: ৳ 8.05,(28's pack: ৳ 225.40),,Unit Price: ৳ 8.05,(30's pack: ৳ 241.50),","(28's pack: ৳ 225.40),(30's pack: ৳ 241.50)"
2741,Losardil,allopathic,losardiltablet100-mg,Tablet,Losartan Potassium,100 mg,Drug International Ltd.,"Unit Price: ৳ 12.05,(28's pack: ৳ 337.40),,Unit Price: ৳ 12.05,(20's pack: ৳ 241.00),","(28's pack: ৳ 337.40),(20's pack: ৳ 241.00)"
2739,Losardil,allopathic,losardiltablet25-mg,Tablet,Losartan Potassium,25 mg,Drug International Ltd.,"Unit Price: ৳ 4.55,(56's pack: ৳ 254.80),",(56's pack: ৳ 254.80)
21887,Losarcar Plus,allopathic,losarcar-plustablet50-mg125-mg,Tablet,Losartan Potassium + Hydrochlorothiazide,50 mg+12.5 mg,Medimet Pharmaceuticals Ltd.,"Unit Price: ৳ 6.00,(50's pack: ৳ 300.00),",(50's pack: ৳ 300.00)
2738,Losarcar,allopathic,losarcartablet50-mg,Tablet,Losartan Potassium,50 mg,Medimet Pharmaceuticals Ltd.,"Unit Price: ৳ 6.00,(30's pack: ৳ 180.00),",(30's pack: ৳ 180.00)
2737,Losarcar,allopathic,losarcartablet25-mg,Tablet,Losartan Potassium,25 mg,Medimet Pharmaceuticals Ltd.,"Unit Price: ৳ 3.50,(50's pack: ৳ 175.00),",(50's pack: ৳ 175.00)
2730,Losacard,allopathic,losacardtablet25-mg,Tablet,Losartan Potassium,25 mg,Novo Healthcare and Pharma Ltd.,"Unit Price: ৳ 4.51,(30's pack: ৳ 135.27),",(30's pack: ৳ 135.27)
27864,Losa Plus,allopathic,losa-plustablet50-mg125-mg,Tablet,Losartan Potassium + Hydrochlorothiazide,50 mg+12.5 mg,Alco Pharma Ltd.,"Unit Price: ৳ 8.02,(30's pack: ৳ 240.60),",(30's pack: ৳ 240.60)
1832,Losectil,allopathic,losectiliv-injection40-mgvial,IV Injection,Omeprazole,40 mg/vial,Eskayef Pharmaceuticals Ltd.,40 mg vial: ৳ 90.00,
1831,Losectil,allopathic,losectiloral-powder40-mgsachet,Oral Powder,Omeprazole,40 mg/sachet,Eskayef Pharmaceuticals Ltd.,"40 mg sachet: ৳ 10.00,(30's pack: ৳ 300.00),",(30's pack: ৳ 300.00)
1830,Losectil,allopathic,losectiloral-powder20-mgsachet,Oral Powder,Omeprazole,20 mg/sachet,Eskayef Pharmaceuticals Ltd.,"20 mg sachet: ৳ 6.00,(50's pack: ৳ 300.00),",(50's pack: ৳ 300.00)
1829,Losectil,allopathic,losectilcapsule-delayed-release40-mg,Capsule (Delayed Release),Omeprazole,40 mg,Eskayef Pharmaceuticals Ltd.,"Unit Price: ৳ 9.00,(60's pack: ৳ 540.00),",(60's pack: ৳ 540.00)
1828,Losectil,allopathic,losectilcapsule-delayed-release10-mg,Capsule (Delayed Release),Omeprazole,10 mg,Eskayef Pharmaceuticals Ltd.,"Unit Price: ৳ 2.00,(60's pack: ৳ 120.00),",(60's pack: ৳ 120.00)
1827,Losectil,allopathic,losectilcapsule-delayed-release20-mg,Capsule (Delayed Release),Omeprazole,20 mg,Eskayef Pharmaceuticals Ltd.,"Unit Price: ৳ 5.00,(120's pack: ৳ 600.00),",(120's pack: ৳ 600.00)
2963,Losatan HZ,allopathic,losatan-hztablet50-mg125-mg,Tablet,Losartan Potassium + Hydrochlorothiazide,50 mg+12.5 mg,Popular Pharmaceuticals Ltd.,"Unit Price: ৳ 8.00,(30's pack: ৳ 240.00),",(30's pack: ৳ 240.00)
2749,Losatan,allopathic,losatantablet50-mg,Tablet,Losartan Potassium,50 mg,Popular Pharmaceuticals Ltd.,"Unit Price: ৳ 8.00,(30's pack: ৳ 240.00),",(30's pack: ৳ 240.00)
2748,Losatan,allopathic,losatantablet25-mg,Tablet,Losartan Potassium,25 mg,Popular Pharmaceuticals Ltd.,"Unit Price: ৳ 4.50,(30's pack: ৳ 135.00),",(30's pack: ৳ 135.00)
17225,Losarva Plus,allopathic,losarva-plustablet50-mg125-mg,Tablet,Losartan Potassium + Hydrochlorothiazide,50 mg+12.5 mg,NIPRO JMI Pharma Ltd.,"Unit Price: ৳ 6.00,(50's pack: ৳ 300.00),",(50's pack: ৳ 300.00)
17223,Losarva,allopathic,losarvatablet50-mg,Tablet,Losartan Potassium,50 mg,NIPRO JMI Pharma Ltd.,"Unit Price: ৳ 5.00,(50's pack: ৳ 250.00),",(50's pack: ৳ 250.00)
17222,Losarva,allopathic,losarvatablet25-mg,Tablet,Losartan Potassium,25 mg,NIPRO JMI Pharma Ltd.,"Unit Price: ৳ 3.00,(50's pack: ৳ 150.00),",(50's pack: ৳ 150.00)
27810,Losartium-H,allopathic,losartium-htablet50-mg125-mg,Tablet,Losartan Potassium + Hydrochlorothiazide,50 mg+12.5 mg,Rangs Pharmaceuticals Ltd.,"Unit Price: ৳ 8.03,(30's pack: ৳ 240.90),",(30's pack: ৳ 240.90)
27809,Losartium,allopathic,losartiumtablet50-mg,Tablet,Losartan Potassium,50 mg,Rangs Pharmaceuticals Ltd.,"Unit Price: ৳ 8.03,(30's pack: ৳ 240.90),",(30's pack: ৳ 240.90)
31479,Losart-P,allopathic,losart-ptablet50-mg,Tablet,Losartan Potassium,50 mg,Silco Pharmaceutical Ltd.,"Unit Price: ৳ 8.00,(50's pack: ৳ 400.00),",(50's pack: ৳ 400.00)
2962,Losart Plus,allopathic,losart-plustablet100-mg25-mg,Tablet,Losartan Potassium + Hydrochlorothiazide,100 mg+25 mg,ACME Laboratories Ltd.,"Unit Price: ৳ 12.03,(30's pack: ৳ 360.90),",(30's pack: ৳ 360.90)
1834,Losek,allopathic,losekcapsule-delayed-release40-mg,Capsule (Delayed Release),Omeprazole,40 mg,Bristol Pharmaceuticals Ltd.,"Unit Price: ৳ 7.00,(30's pack: ৳ 210.00),",(30's pack: ৳ 210.00)
1833,Losek,allopathic,losekcapsule-delayed-release20-mg,Capsule (Delayed Release),Omeprazole,20 mg,Bristol Pharmaceuticals Ltd.,"Unit Price: ৳ 4.00,(60's pack: ৳ 240.00),",(60's pack: ৳ 240.00)
26771,Losectil V,allopathic,losectil-vcapsule-delayed-release40-mg,Capsule (Delayed Release),Omeprazole,40 mg,Eskayef Pharmaceuticals Ltd.,"Unit Price: ৳ 8.00,(60's pack: ৳ 480.00),",(60's pack: ৳ 480.00)
26770,Losectil V,allopathic,losectil-vcapsule-delayed-release20-mg,Capsule (Delayed Release),Omeprazole,20 mg,Eskayef Pharmaceuticals Ltd.,"Unit Price: ৳ 5.00,(100's pack: ৳ 500.00),",(100's pack: ৳ 500.00)
23031,Losectil MUPS,allopathic,losectil-mupsmups-tablet20-mg,MUPS Tablet,Omeprazole (MUPS tablet),20 mg,Eskayef Pharmaceuticals Ltd.,"Unit Price: ৳ 7.00,(50's pack: ৳ 350.00),",(50's pack: ৳ 350.00)
23030,Losectil MUPS,allopathic,losectil-mupsmups-tablet40-mg,MUPS Tablet,Omeprazole (MUPS tablet),40 mg,Eskayef Pharmaceuticals Ltd.,"Unit Price: ৳ 10.00,(24's pack: ৳ 240.00),",(24's pack: ৳ 240.00)
29955,Losectil DR,allopathic,losectil-drtablet-enteric-coated20-mg,Tablet (Enteric Coated),Omeprazole,20 mg,Eskayef Pharmaceuticals Ltd.,"Unit Price: ৳ 4.00,(60's pack: ৳ 240.00),",(60's pack: ৳ 240.00)
2961,Losart Plus,allopathic,losart-plustablet100-mg125-mg,Tablet,Losartan Potassium + Hydrochlorothiazide,100 mg+12.5 mg,ACME Laboratories Ltd.,"Unit Price: ৳ 12.03,(30's pack: ৳ 360.90),",(30's pack: ৳ 360.90)
2960,Losart Plus,allopathic,losart-plustablet50-mg125-mg,Tablet,Losartan Potassium + Hydrochlorothiazide,50 mg+12.5 mg,ACME Laboratories Ltd.,"Unit Price: ৳ 8.03,(50's pack: ৳ 401.50),",(50's pack: ৳ 401.50)
2747,Losart,allopathic,losarttablet100-mg,Tablet,Losartan Potassium,100 mg,ACME Laboratories Ltd.,"Unit Price: ৳ 12.03,(30's pack: ৳ 360.90),",(30's pack: ৳ 360.90)
2746,Losart,allopathic,losarttablet50-mg,Tablet,Losartan Potassium,50 mg,ACME Laboratories Ltd.,"Unit Price: ৳ 8.03,(50's pack: ৳ 401.50),",(50's pack: ৳ 401.50)
2745,Losart,allopathic,losarttablet25-mg,Tablet,Losartan Potassium,25 mg,ACME Laboratories Ltd.,"Unit Price: ৳ 4.51,(50's pack: ৳ 225.50),",(50's pack: ৳ 225.50)
21877,Losarpex Plus,allopathic,losarpex-plustablet50-mg125-mg,Tablet,Losartan Potassium + Hydrochlorothiazide,50 mg+12.5 mg,Apex Pharmaceuticals Ltd.,"Unit Price: ৳ 8.00,(30's pack: ৳ 240.00),",(30's pack: ৳ 240.00)
2744,Losarpex,allopathic,losarpextablet50-mg,Tablet,Losartan Potassium,50 mg,Apex Pharmaceuticals Ltd.,"Unit Price: ৳ 8.00,(30's pack: ৳ 240.00),",(30's pack: ৳ 240.00)
21908,Lotemic,allopathic,lotemicophthalmic-suspension05,Ophthalmic Suspension,Loteprednol Etabonate,0.50%,Opso Saline Ltd.,5 ml drop: ৳ 175.00,
30432,Lotem,allopathic,lotemtablet10-mg,Tablet,Montelukast Sodium,10 mg,Techno Drugs Ltd.,"Unit Price: ৳ 15.00,(30's pack: ৳ 450.00),",(30's pack: ৳ 450.00)
30431,Lotem,allopathic,lotemdispersible-tablet5-mg,Dispersible Tablet,Montelukast Sodium,5 mg,Techno Drugs Ltd.,"Unit Price: ৳ 8.00,(30's pack: ৳ 240.00),",(30's pack: ৳ 240.00)
30430,Lotem,allopathic,lotemdispersible-tablet4-mg,Dispersible Tablet,Montelukast Sodium,4 mg,Techno Drugs Ltd.,"Unit Price: ৳ 7.00,(30's pack: ৳ 210.00),",(30's pack: ৳ 210.00)
15905,Loteflam T,allopathic,loteflam-tophthalmic-suspension0503,Ophthalmic Suspension,Loteprednol Etabonate + Tobramycin,0.5%+0.3%,General Pharmaceuticals Ltd.,5 ml drop: ৳ 200.61,
26570,Loteflam G,allopathic,loteflam-gophthalmic-suspension0503,Ophthalmic Suspension,Loteprednol Etabonate + Gatifloxacin,0.5%+0.3%,General Pharmaceuticals Ltd.,5 ml drop: ৳ 250.00,
21904,Loteflam,allopathic,loteflamophthalmic-gel05,Ophthalmic Gel,Loteprednol Etabonate,0.50%,General Pharmaceuticals Ltd.,3 gm tube: ৳ 150.00,
15898,Loteflam,allopathic,loteflamophthalmic-suspension05,Ophthalmic Suspension,Loteprednol Etabonate,0.50%,General Pharmaceuticals Ltd.,5 ml drop: ৳ 175.53,
15904,Loteba,allopathic,lotebaophthalmic-suspension0503,Ophthalmic Suspension,Loteprednol Etabonate + Tobramycin,0.5%+0.3%,Navana Pharmaceuticals Ltd.,5 ml drop: ৳ 200.59,
28044,Lotas,allopathic,lotastablet50-mg,Tablet,Losartan Potassium,50 mg,Ambee Pharmaceuticals Ltd.,"Unit Price: ৳ 5.69,(30's pack: ৳ 170.70),",(30's pack: ৳ 170.70)
31226,Losucon M,allopathic,losucon-mtablet-extended-release2-mg500-mg,Tablet (Extended Release),Glimepiride + Metformin,2 mg+500 mg,Incepta Pharmaceuticals Ltd.,"Unit Price: ৳ 12.00,(20's pack: ৳ 240.00),",(20's pack: ৳ 240.00)
26219,Losucon M,allopathic,losucon-mtablet-extended-release1-mg500-mg,Tablet (Extended Release),Glimepiride + Metformin,1 mg+500 mg,Incepta Pharmaceuticals Ltd.,"Unit Price: ৳ 9.00,(20's pack: ৳ 180.00),",(20's pack: ৳ 180.00)
5325,Losucon,allopathic,losucontablet4-mg,Tablet,Glimepiride,4 mg,Incepta Pharmaceuticals Ltd.,"Unit Price: ৳ 15.00,(30's pack: ৳ 450.00),",(30's pack: ৳ 450.00)
5324,Losucon,allopathic,losucontablet3-mg,Tablet,Glimepiride,3 mg,Incepta Pharmaceuticals Ltd.,"Unit Price: ৳ 12.00,(30's pack: ৳ 360.00),",(30's pack: ৳ 360.00)
5323,Losucon,allopathic,losucontablet2-mg,Tablet,Glimepiride,2 mg,Incepta Pharmaceuticals Ltd.,"Unit Price: ৳ 9.00,(50's pack: ৳ 450.00),",(50's pack: ৳ 450.00)
5322,Losucon,allopathic,losucontablet1-mg,Tablet,Glimepiride,1 mg,Incepta Pharmaceuticals Ltd.,"Unit Price: ৳ 6.00,(50's pack: ৳ 300.00),",(50's pack: ৳ 300.00)
28557,Lotenate,allopathic,lotenateophthalmic-suspension05,Ophthalmic Suspension,Loteprednol Etabonate,0.50%,Pacific Pharmaceuticals Ltd.,5 ml drop: ৳ 175.00,
15910,Lotemycin,allopathic,lotemycinophthalmic-suspension0503,Ophthalmic Suspension,Loteprednol Etabonate + Tobramycin,0.5%+0.3%,ACME Laboratories Ltd.,5 ml drop: ৳ 200.00,
21914,Lotemic T,allopathic,lotemic-tophthalmic-suspension0503,Ophthalmic Suspension,Loteprednol Etabonate + Tobramycin,0.5%+0.3%,Opso Saline Ltd.,5 ml drop: ৳ 200.00,
2753,Lospre,allopathic,lospretablet50-mg,Tablet,Losartan Potassium,50 mg,Kumudini Pharma Ltd.,"Unit Price: ৳ 6.00,(30's pack: ৳ 180.00),",(30's pack: ৳ 180.00)
2965,Lospil Plus,allopathic,lospil-plustablet50-mg125-mg,Tablet,Losartan Potassium + Hydrochlorothiazide,50 mg+12.5 mg,The White Horse Pharma,"Unit Price: ৳ 8.00,(50's pack: ৳ 400.00),",(50's pack: ৳ 400.00)
2752,Lospil,allopathic,lospiltablet50-mg,Tablet,Losartan Potassium,50 mg,The White Horse Pharma,"Unit Price: ৳ 8.00,(50's pack: ৳ 400.00),",(50's pack: ৳ 400.00)
31912,Lospan,allopathic,lospantablet25-mg,Tablet,Baclofen,25 mg,Beximco Pharmaceuticals Ltd.,"Unit Price: ৳ 16.00,(30's pack: ৳ 480.00),",(30's pack: ৳ 480.00)
11740,Lospan,allopathic,lospantablet10-mg,Tablet,Baclofen,10 mg,Beximco Pharmaceuticals Ltd.,"Unit Price: ৳ 8.00,(30's pack: ৳ 240.12),",(30's pack: ৳ 240.12)
28727,Losium Plus,allopathic,losium-plustablet100-mg125-mg,Tablet,Losartan Potassium + Hydrochlorothiazide,100 mg+12.5 mg,Ibn Sina Pharmaceuticals Ltd.,"Unit Price: ৳ 12.00,(30's pack: ৳ 360.00),",(30's pack: ৳ 360.00)
2964,Losium Plus,allopathic,losium-plustablet50-mg125-mg,Tablet,Losartan Potassium + Hydrochlorothiazide,50 mg+12.5 mg,Ibn Sina Pharmaceuticals Ltd.,"Unit Price: ৳ 8.50,(30's pack: ৳ 255.00),",(30's pack: ৳ 255.00)
2751,Losium,allopathic,losiumtablet50-mg,Tablet,Losartan Potassium,50 mg,Ibn Sina Pharmaceuticals Ltd.,"Unit Price: ৳ 8.50,(30's pack: ৳ 255.00),",(30's pack: ৳ 255.00)
26773,Losita,allopathic,lositatablet20-mg,Tablet,Escitalopram Oxalate,20 mg,Eskayef Pharmaceuticals Ltd.,"Unit Price: ৳ 16.00,(20's pack: ৳ 320.00),",(20's pack: ৳ 320.00)
4472,Losita,allopathic,lositatablet10-mg,Tablet,Escitalopram Oxalate,10 mg,Eskayef Pharmaceuticals Ltd.,"Unit Price: ৳ 12.00,(20's pack: ৳ 240.00),",(20's pack: ৳ 240.00)
4471,Losita,allopathic,lositatablet5-mg,Tablet,Escitalopram Oxalate,5 mg,Eskayef Pharmaceuticals Ltd.,"Unit Price: ৳ 6.00,(40's pack: ৳ 240.00),",(40's pack: ৳ 240.00)
12490,Lotrix,allopathic,lotrixcream5-ww,Cream,Permethrin,5% w/w,GlaxoSmithKline,30 gm tube: ৳ 55.37,
15911,Lotrel T,allopathic,lotrel-tophthalmic-suspension0503,Ophthalmic Suspension,Loteprednol Etabonate + Tobramycin,0.5%+0.3%,Eskayef Pharmaceuticals Ltd.,5 ml drop: ৳ 200.00,
21917,Lotrel G,allopathic,lotrel-gophthalmic-suspension0503,Ophthalmic Suspension,Loteprednol Etabonate + Gatifloxacin,0.5%+0.3%,Eskayef Pharmaceuticals Ltd.,5 ml drop: ৳ 250.00,
15903,Lotrel,allopathic,lotrelophthalmic-suspension05,Ophthalmic Suspension,Loteprednol Etabonate,0.50%,Eskayef Pharmaceuticals Ltd.,5 ml drop: ৳ 175.00,
9555,Lotor,allopathic,lotortablet500-mg,Tablet,Levofloxacin Hemihydrate,500 mg,Leon Pharmaceuticals Ltd.,"Unit Price: ৳ 15.00,(20's pack: ৳ 300.00),",(20's pack: ৳ 300.00)
21913,Loterex-T,allopathic,loterex-tophthalmic-suspension0503,Ophthalmic Suspension,Loteprednol Etabonate + Tobramycin,0.5%+0.3%,Ibn Sina Pharmaceuticals Ltd.,5 ml drop: ৳ 200.00,
32629,Loterex-G,allopathic,loterex-gophthalmic-suspension0503,Ophthalmic Suspension,Loteprednol Etabonate + Gatifloxacin,0.5%+0.3%,Ibn Sina Pharmaceuticals Ltd.,5 ml drop: ৳ 250.00,
21906,Loterex,allopathic,loterexophthalmic-suspension05,Ophthalmic Suspension,Loteprednol Etabonate,0.50%,Ibn Sina Pharmaceuticals Ltd.,5 ml drop: ৳ 175.00,
15908,Lotepro Plus,allopathic,lotepro-plusophthalmic-suspension0503,Ophthalmic Suspension,Loteprednol Etabonate + Tobramycin,0.5%+0.3%,Incepta Pharmaceuticals Ltd.,5 ml drop: ৳ 200.00,
21918,Lotepro G,allopathic,lotepro-gophthalmic-suspension0503,Ophthalmic Suspension,Loteprednol Etabonate + Gatifloxacin,0.5%+0.3%,Incepta Pharmaceuticals Ltd.,5 ml drop: ৳ 250.00,
30209,Lotepro DS,allopathic,lotepro-dsophthalmic-suspension1,Ophthalmic Suspension,Loteprednol Etabonate,1%,Incepta Pharmaceuticals Ltd.,5 ml drop: ৳ 230.00,
15901,Lotepro,allopathic,loteproophthalmic-suspension05,Ophthalmic Suspension,Loteprednol Etabonate,0.50%,Incepta Pharmaceuticals Ltd.,5 ml drop: ৳ 175.00,
15907,Lotepred Plus,allopathic,lotepred-plusophthalmic-suspension0503,Ophthalmic Suspension,Loteprednol Etabonate + Tobramycin,0.5%+0.3%,Aristopharma Ltd.,5 ml drop: ৳ 200.00,
32129,Lotepred DS,allopathic,lotepred-dsophthalmic-suspension1,Ophthalmic Suspension,Loteprednol Etabonate,1%,Aristopharma Ltd.,5 ml drop: ৳ 230.00,
21901,Lotepred,allopathic,lotepredophthalmic-gel05,Ophthalmic Gel,Loteprednol Etabonate,0.50%,Aristopharma Ltd.,5 gm tube: ৳ 200.00,
15900,Lotepred,allopathic,lotepredophthalmic-suspension05,Ophthalmic Suspension,Loteprednol Etabonate,0.50%,Aristopharma Ltd.,5 ml drop: ৳ 175.00,
793,Lovask-A,allopathic,lovask-atablet5-mg25-mg,Tablet,Amlodipine Besilate + Atenolol,5 mg+25 mg,Beacon Pharmaceuticals Ltd.,"Unit Price: ৳ 6.00,(28's pack: ৳ 168.00),",(28's pack: ৳ 168.00)
653,Lovask,allopathic,lovasktablet5-mg,Tablet,Amlodipine Besilate,5 mg,Beacon Pharmaceuticals Ltd.,"Unit Price: ৳ 5.00,(28's pack: ৳ 140.00),",(28's pack: ৳ 140.00)
17224,Lovapres,allopathic,lovaprestablet5-mg,Tablet,Amlodipine Besilate,5 mg,NIPRO JMI Pharma Ltd.,"Unit Price: ৳ 5.00,(50's pack: ৳ 250.00),",(50's pack: ৳ 250.00)
30239,Lovanzo,allopathic,lovanzocapsule-delayed-release40-mg,Capsule (Delayed Release),Omeprazole,40 mg,Everest Pharmaceuticals Ltd.,"Unit Price: ৳ 7.00,(50's pack: ৳ 350.00),",(50's pack: ৳ 350.00)
30238,Lovanzo,allopathic,lovanzocapsule-delayed-release20-mg,Capsule (Delayed Release),Omeprazole,20 mg,Everest Pharmaceuticals Ltd.,"Unit Price: ৳ 4.50,(50's pack: ৳ 225.00),",(50's pack: ৳ 225.00)
1598,Loval,allopathic,lovaloral-suspension5-mg5-ml,Oral Suspension,Domperidone Maleate,5 mg/5 ml,Jayson Pharmaceuticals Ltd.,60 ml bottle: ৳ 28.19,
1597,Loval,allopathic,lovaltablet10-mg,Tablet,Domperidone Maleate,10 mg,Jayson Pharmaceuticals Ltd.,"Unit Price: ৳ 2.01,(100's pack: ৳ 201.00),",(100's pack: ৳ 201.00)
32229,Lotensyl,allopathic,lotensyltablet10-mg,Tablet,Lercanidipine Hydrochloride,10 mg,Sun Pharmaceutical Ltd.,"Unit Price: ৳ 5.56,(50's pack: ৳ 278.00),",(50's pack: ৳ 278.00)
15906,Lotenol T,allopathic,lotenol-tophthalmic-suspension0503,Ophthalmic Suspension,Loteprednol Etabonate + Tobramycin,0.5%+0.3%,Popular Pharmaceuticals Ltd.,5 ml drop: ৳ 200.75,
21919,Lotenol G,allopathic,lotenol-gophthalmic-suspension0503,Ophthalmic Suspension,Loteprednol Etabonate + Gatifloxacin,0.5%+0.3%,Popular Pharmaceuticals Ltd.,5 ml drop: ৳ 250.00,
28454,Lotenol,allopathic,lotenolophthalmic-gel05,Ophthalmic Gel,Loteprednol Etabonate,0.50%,Popular Pharmaceuticals Ltd.,5 gm tube: ৳ 200.00,
15899,Lotenol,allopathic,lotenolophthalmic-suspension05,Ophthalmic Suspension,Loteprednol Etabonate,0.50%,Popular Pharmaceuticals Ltd.,5 ml drop: ৳ 175.00,
31189,Lotenib,allopathic,lotenibcapsule100-mg,Capsule,Larotrectinib,100 mg,Drug International Ltd.,Price Unavailable,
28558,Lotenate Plus,allopathic,lotenate-plusophthalmic-suspension0503,Ophthalmic Suspension,Loteprednol Etabonate + Tobramycin,0.5%+0.3%,Pacific Pharmaceuticals Ltd.,5 ml drop: ৳ 200.00,
27983,Lubicon,allopathic,lubiconcapsule24-mcg,Capsule,Lubiprostone,24 mcg,Jenphar Bangladesh Ltd.,"Unit Price: ৳ 40.00,(12's pack: ৳ 480.00),",(12's pack: ৳ 480.00)
27982,Lubicon,allopathic,lubiconcapsule8-mcg,Capsule,Lubiprostone,8 mcg,Jenphar Bangladesh Ltd.,"Unit Price: ৳ 15.00,(30's pack: ৳ 450.00),",(30's pack: ৳ 450.00)
18585,Lubgel,allopathic,lubgelophthalmic-solution1,Ophthalmic Solution,Carboxymethylcellulose Sodium,1%,Square Pharmaceuticals Ltd.,10 ml drop: ৳ 275.00,
25482,Luban DS,allopathic,luban-dschewable-tablet400-mg,Chewable Tablet,Albendazole,400 mg,Rephco Pharmaceuticals Ltd.,Unit Price: ৳ 3.30,
12217,Ltdin,allopathic,ltdintablet10-mg,Tablet,Loratadine,10 mg,Modern Pharmaceuticals Ltd.,"Unit Price: ৳ 3.01,(100's pack: ৳ 301.00),",(100's pack: ৳ 301.00)
12171,Lozin,allopathic,lozintablet5-mg,Tablet,Levocetirizine Dihydrochloride,5 mg,Kemiko Pharmaceuticals Ltd.,"Unit Price: ৳ 3.01,(100's pack: ৳ 301.00),",(100's pack: ৳ 301.00)
5252,Lozide,allopathic,lozidetablet80-mg,Tablet,Gliclazide,80 mg,ACI Limited,"Unit Price: ৳ 7.02,(40's pack: ৳ 280.80),",(40's pack: ৳ 280.80)
32386,Lozicum,allopathic,lozicumimiv-injection4-mgml,IM/IV Injection,Lorazepam,4 mg/ml,Incepta Pharmaceuticals Ltd.,1 ml vial: ৳ 75.00,
4288,Lozicum,allopathic,lozicumtablet1-mg,Tablet,Lorazepam,1 mg,Incepta Pharmaceuticals Ltd.,"Unit Price: ৳ 2.00,(100's pack: ৳ 200.00),",(100's pack: ৳ 200.00)
5986,Lozana,allopathic,lozanacapsule200-mg,Capsule,Danazol,200 mg,Incepta Pharmaceuticals Ltd.,"Unit Price: ৳ 38.00,(16's pack: ৳ 608.00),",(16's pack: ৳ 608.00)
5985,Lozana,allopathic,lozanacapsule100-mg,Capsule,Danazol,100 mg,Incepta Pharmaceuticals Ltd.,"Unit Price: ৳ 20.00,(20's pack: ৳ 400.00),",(20's pack: ৳ 400.00)
6558,Loxyl,allopathic,loxylcapsule500-mg,Capsule,Amoxicillin Trihydrate,500 mg,Asiatic Laboratories Ltd.,"Unit Price: ৳ 6.76,(50's pack: ৳ 338.00),",(50's pack: ৳ 338.00)
32688,Loxodol,allopathic,loxodoltablet4-mg,Tablet,Lornoxicam,4 mg,Navana Pharmaceuticals Ltd.,"Unit Price: ৳ 6.50,(30's pack: ৳ 195.00),",(30's pack: ৳ 195.00)
9509,Loxin,allopathic,loxintablet500-mg,Tablet,Levofloxacin Hemihydrate,500 mg,Medicon Pharmaceuticals Ltd.,"Unit Price: ৳ 11.93,(20's pack: ৳ 238.62),",(20's pack: ৳ 238.62)
26363,Loxetine,allopathic,loxetinetablet-delayed-release30-mg,Tablet (Delayed Release),Duloxetine Hydrochloride,30 mg,ACI Limited,"Unit Price: ৳ 10.00,(30's pack: ৳ 300.00),",(30's pack: ৳ 300.00)
26362,Loxetine,allopathic,loxetinetablet-delayed-release20-mg,Tablet (Delayed Release),Duloxetine Hydrochloride,20 mg,ACI Limited,"Unit Price: ৳ 7.00,(30's pack: ৳ 210.00),",(30's pack: ৳ 210.00)
20948,Lubrex,allopathic,lubrexophthalmic-solution020361,Ophthalmic Solution,Glycerol + Hypromellose + Polyethylene Glycol 400,0.2%+0.36%+1%,Opso Saline Ltd.,10 ml drop: ৳ 250.00,
20185,Lubistone,allopathic,lubistonecapsule8-mcg,Capsule,Lubiprostone,8 mcg,Incepta Pharmaceuticals Ltd.,"Unit Price: ৳ 15.00,(20's pack: ৳ 300.00),",(20's pack: ৳ 300.00)
20184,Lubistone,allopathic,lubistonecapsule24-mcg,Capsule,Lubiprostone,24 mcg,Incepta Pharmaceuticals Ltd.,"Unit Price: ৳ 40.00,(20's pack: ৳ 800.00),",(20's pack: ৳ 800.00)
20183,Lubilax,allopathic,lubilaxcapsule24-mcg,Capsule,Lubiprostone,24 mcg,Beacon Pharmaceuticals Ltd.,"Unit Price: ৳ 40.12,(20's pack: ৳ 802.40),",(20's pack: ৳ 802.40)
2411,Lubilax,allopathic,lubilaxcapsule8-mcg,Capsule,Lubiprostone,8 mcg,Beacon Pharmaceuticals Ltd.,"Unit Price: ৳ 15.05,(30's pack: ৳ 451.50),,Unit Price: ৳ 15.05,(20's pack: ৳ 301.00),","(30's pack: ৳ 451.50),(20's pack: ৳ 301.00)"
26731,Lubigut,allopathic,lubigutcapsule24-mcg,Capsule,Lubiprostone,24 mcg,Ziska Pharmaceuticals Ltd.,"Unit Price: ৳ 40.00,(20's pack: ৳ 800.00),",(20's pack: ৳ 800.00)
26730,Lubigut,allopathic,lubigutcapsule8-mcg,Capsule,Lubiprostone,8 mcg,Ziska Pharmaceuticals Ltd.,"Unit Price: ৳ 15.00,(30's pack: ৳ 450.00),",(30's pack: ৳ 450.00)
30826,Lox-D,allopathic,lox-dophthalmic-solution0301,Ophthalmic Solution,Ciprofloxacin + Dexamethasone,0.3%+0.1%,Apex Pharmaceuticals Ltd.,5 ml drop: ৳ 75.00,
28153,Lox,allopathic,loxtablet500-mg,Tablet,Ciprofloxacin,500 mg,Apex Pharmaceuticals Ltd.,"Unit Price: ৳ 14.00,(30's pack: ৳ 420.00),",(30's pack: ৳ 420.00)
9127,Lox,allopathic,loxophthalmic-solution03,Ophthalmic Solution,Ciprofloxacin (Ophthalmic),0.30%,Apex Pharmaceuticals Ltd.,5 ml drop: ৳ 35.00,
23206,Lowet,allopathic,lowetcapsule120-mg,Capsule,Orlistat,120 mg,Innovative Pharma (Albion),"Unit Price: ৳ 70.84,(20's pack: ৳ 1,416.71),","(20's pack: ৳ 1,416.71)"
9573,Lovicin,allopathic,lovicinophthalmic-solution05,Ophthalmic Solution,Levofloxacin (Ophthalmic),0.50%,Nipa Pharmaceuticals Ltd.,5 ml drop: ৳ 90.00,
9508,Lovicin,allopathic,lovicintablet500-mg,Tablet,Levofloxacin Hemihydrate,500 mg,Nipa Pharmaceuticals Ltd.,"Unit Price: ৳ 15.00,(30's pack: ৳ 450.00),",(30's pack: ৳ 450.00)
1332,Loverin,allopathic,loverintablet10-mg,Tablet,Dicycloverine Hydrochloride,10 mg,Beximco Pharmaceuticals Ltd.,"Unit Price: ৳ 2.01,(50's pack: ৳ 100.72),",(50's pack: ৳ 100.72)
15700,Lucrin Depot,allopathic,lucrin-depotimsc-injection1125-mg,IM/SC Injection,Leuprorelin Acetate,11.25 mg,Abbott Laboratories,"11.25 mg vial: ৳ 37,512.00",
15699,Lucrin Depot,allopathic,lucrin-depotimsc-injection375-mg,IM/SC Injection,Leuprorelin Acetate,3.75 mg,Abbott Laboratories,"3.75 mg vial: ৳ 17,317.00",
9938,Lucon,allopathic,luconcapsule150-mg,Capsule,Fluconazole,150 mg,Navana Pharmaceuticals Ltd.,"Unit Price: ৳ 22.15,(10's pack: ৳ 221.45),",(10's pack: ৳ 221.45)
9937,Lucon,allopathic,luconcapsule50-mg,Capsule,Fluconazole,50 mg,Navana Pharmaceuticals Ltd.,"Unit Price: ৳ 8.06,(30's pack: ৳ 241.74),",(30's pack: ৳ 241.74)
25048,Lucidol,allopathic,lucidolimiv-injection100-mg2-ml,IM/IV Injection,Tramadol Hydrochloride,100 mg/2 ml,Beximco Pharmaceuticals Ltd.,"2 ml ampoule: ৳ 20.00,(5's pack: ৳ 100.00),",(5's pack: ৳ 100.00)
10705,Lucidol,allopathic,lucidolsuppository100-mg,Suppository,Tramadol Hydrochloride,100 mg,Beximco Pharmaceuticals Ltd.,"Unit Price: ৳ 15.00,(5's pack: ৳ 75.00),",(5's pack: ৳ 75.00)
10704,Lucidol,allopathic,lucidolcapsule50-mg,Capsule,Tramadol Hydrochloride,50 mg,Beximco Pharmaceuticals Ltd.,"Unit Price: ৳ 7.50,(30's pack: ৳ 225.00),",(30's pack: ৳ 225.00)
5159,Lucetum,allopathic,lucetumtablet1200-mg,Tablet,Piracetam,1200 mg,EGIS Pharmaceuticals Ltd.,"Unit Price: ৳ 15.75,(20's pack: ৳ 315.00),",(20's pack: ৳ 315.00)
5150,Lucetam,allopathic,lucetamtablet1200-mg,Tablet,Piracetam,1200 mg,City Overseas Ltd.,"Unit Price: ৳ 15.75,(20's pack: ৳ 315.00),",(20's pack: ৳ 315.00)
16219,Lucentis,allopathic,lucentisintravitreal-injection05-mg005-ml,Intravitreal Injection,Ranibizumab,0.5 mg/0.05 ml,Novartis (Bangladesh) Ltd.,"0.23 ml vial: ৳ 37,978.00",
13519,Lucent,allopathic,lucentcapsule025-mcg,Capsule,Calcitriol,0.25 mcg,Renata Limited,"Unit Price: ৳ 10.00,(30's pack: ৳ 300.00),",(30's pack: ৳ 300.00)
29788,Lucazol,allopathic,lucazolcream1,Cream,Luliconazole,1%,Incepta Pharmaceuticals Ltd.,10 gm tube: ৳ 100.00,
26638,Lucan-R,allopathic,lucan-rcapsule200-mg,Capsule,Fluconazole,200 mg,Renata Limited,"Unit Price: ৳ 25.00,(12's pack: ৳ 300.00),",(12's pack: ৳ 300.00)
9936,Lucan-R,allopathic,lucan-rpowder-for-suspension50-mg5-ml,Powder for Suspension,Fluconazole,50 mg/5 ml,Renata Limited,35 ml bottle: ৳ 78.30,
9935,Lucan-R,allopathic,lucan-rcapsule150-mg,Capsule,Fluconazole,150 mg,Renata Limited,"Unit Price: ৳ 22.08,(12's pack: ৳ 264.96),",(12's pack: ৳ 264.96)
9934,Lucan-R,allopathic,lucan-rcapsule50-mg,Capsule,Fluconazole,50 mg,Renata Limited,"Unit Price: ৳ 8.03,(40's pack: ৳ 321.20),,Unit Price: ৳ 8.03,(50's pack: ৳ 401.50),","(40's pack: ৳ 321.20),(50's pack: ৳ 401.50)"
6362,Luf,allopathic,lufpowder-for-suspension125-mg5-ml,Powder for Suspension,Flucloxacillin Sodium,125 mg/5 ml,Apex Pharmaceuticals Ltd.,100 ml bottle: ৳ 60.00,
6361,Luf,allopathic,lufcapsule500-mg,Capsule,Flucloxacillin Sodium,500 mg,Apex Pharmaceuticals Ltd.,"Unit Price: ৳ 10.00,(28's pack: ৳ 280.00),",(28's pack: ৳ 280.00)
6360,Luf,allopathic,lufcapsule250-mg,Capsule,Flucloxacillin Sodium,250 mg,Apex Pharmaceuticals Ltd.,"Unit Price: ৳ 5.50,(28's pack: ৳ 154.00),",(28's pack: ৳ 154.00)
4457,Ludiomil,allopathic,ludiomiltablet25-mg,Tablet,Maprotiline Hydrochloride,25 mg,SANDOZ (A Novartis Division),"Unit Price: ৳ 6.50,(50's pack: ৳ 325.00),",(50's pack: ৳ 325.00)
26398,Lucza,allopathic,luczacapsule150-mg,Capsule,Fluconazole,150 mg,Beacon Pharmaceuticals Ltd.,"Unit Price: ৳ 22.15,(8's pack: ৳ 177.20),",(8's pack: ৳ 177.20)
9968,Lucza,allopathic,luczaiv-infusion200-mg100-ml,IV Infusion,Fluconazole,200 mg/100 ml,Beacon Pharmaceuticals Ltd.,100 ml bottle: ৳ 200.60,
9967,Lucza,allopathic,luczacapsule50-mg,Capsule,Fluconazole,50 mg,Beacon Pharmaceuticals Ltd.,"Unit Price: ৳ 8.05,(30's pack: ৳ 241.50),",(30's pack: ৳ 241.50)
16142,Lubtear,allopathic,lubtearophthalmic-solution0103,Ophthalmic Solution,Dextran + Hypromellose,0.1%+0.3%,Square Pharmaceuticals Ltd.,10 ml drop: ৳ 90.27,
18575,Lubrimax,allopathic,lubrimaxophthalmic-solution1,Ophthalmic Solution,Carboxymethylcellulose Sodium,1%,ACI Limited,10 ml drop: ৳ 275.00,
27732,Lubrigel,allopathic,lubrigelophthalmic-solution0403,Ophthalmic Solution,Polyethylene Glycol + Propylene Glycol,0.4%+0.3%,Opso Saline Ltd.,10 ml drop: ৳ 200.00,
16150,Lubric Gel,allopathic,lubric-gelviscoelastic-solution2,Viscoelastic Solution,Hydroxypropyl Methylcellulose,2%,Incepta Pharmaceuticals Ltd.,3 ml pre-filled syringe: ৳ 120.00,
16355,Lubric Extra,allopathic,lubric-extraophthalmic-gel02503,Ophthalmic Gel,Carboxymethylcellulose Sodium + Hypromellose,0.25%+0.3%,Incepta Pharmaceuticals Ltd.,10 ml drop: ৳ 210.00,
16141,Lubric D,allopathic,lubric-dophthalmic-solution0103,Ophthalmic Solution,Dextran + Hypromellose,0.1%+0.3%,Incepta Pharmaceuticals Ltd.,10 ml drop: ৳ 90.00,
16145,Lubric,allopathic,lubricophthalmic-solution05,Ophthalmic Solution,Hypromellose,0.50%,Incepta Pharmaceuticals Ltd.,10 ml drop: ৳ 140.00,
15356,Lupelac,allopathic,lupelactablet10-mg,Tablet,Ketorolac Tromethamine,10 mg,Novelta Bestway Pharma Ltd.,"Unit Price: ৳ 10.00,(20's pack: ৳ 200.00),",(20's pack: ৳ 200.00)
16197,Lunox,allopathic,lunoxeye-capsule,Eye Capsule,"Vitamin C, Vitamin E, Lutein, Copper & Zinc",,Drug International Ltd.,"Unit Price: ৳ 8.05,(30's pack: ৳ 241.50),",(30's pack: ৳ 241.50)
20411,Lunarzin,allopathic,lunarzintablet5-mg,Tablet,Flunarizine,5 mg,Ibn Sina Pharmaceuticals Ltd.,"Unit Price: ৳ 3.00,(30's pack: ৳ 90.00),",(30's pack: ৳ 90.00)
20410,Lunarzin,allopathic,lunarzintablet10-mg,Tablet,Flunarizine,10 mg,Ibn Sina Pharmaceuticals Ltd.,"Unit Price: ৳ 5.00,(30's pack: ৳ 150.00),",(30's pack: ৳ 150.00)
26775,Lumona FT,allopathic,lumona-ftflash-tablet5-mg,Flash Tablet,Montelukast Sodium,5 mg,Eskayef Pharmaceuticals Ltd.,"Unit Price: ৳ 8.00,(30's pack: ৳ 240.00),",(30's pack: ৳ 240.00)
3785,Lumona FT,allopathic,lumona-ftflash-tablet4-mg,Flash Tablet,Montelukast Sodium,4 mg,Eskayef Pharmaceuticals Ltd.,"Unit Price: ৳ 6.00,(30's pack: ৳ 180.00),",(30's pack: ৳ 180.00)
29957,Lumona,allopathic,lumonachewable-tablet4-mg,Chewable Tablet,Montelukast Sodium,4 mg,Eskayef Pharmaceuticals Ltd.,"Unit Price: ৳ 6.00,(30's pack: ৳ 180.00),",(30's pack: ৳ 180.00)
29956,Lumona,allopathic,lumonachewable-tablet5-mg,Chewable Tablet,Montelukast Sodium,5 mg,Eskayef Pharmaceuticals Ltd.,"Unit Price: ৳ 7.00,(30's pack: ৳ 210.00),",(30's pack: ৳ 210.00)
26776,Lumona,allopathic,lumonaoral-powder4-mg35-gm,Oral Powder,Montelukast Sodium,4 mg/3.5 gm,Eskayef Pharmaceuticals Ltd.,"3.5 gm sachet: ৳ 8.00,(30's pack: ৳ 240.00),",(30's pack: ৳ 240.00)
3784,Lumona,allopathic,lumonatablet10-mg,Tablet,Montelukast Sodium,10 mg,Eskayef Pharmaceuticals Ltd.,"Unit Price: ৳ 16.00,(42's pack: ৳ 672.00),",(42's pack: ৳ 672.00)
32709,Luminus,allopathic,luminustablet10-mg,Tablet,Montelukast Sodium,10 mg,DBL Pharmaceuticals Ltd.,"Unit Price: ৳ 16.00,(21's pack: ৳ 336.00),",(21's pack: ৳ 336.00)
28455,Luminor,allopathic,luminorophthalmic-solution0025,Ophthalmic Solution,Brimonidine Tartrate,0.03%,Popular Pharmaceuticals Ltd.,5 ml drop: ৳ 115.00,
26821,Lumigan,allopathic,lumiganophthalmic-solution003,Ophthalmic Solution,Bimatoprost,0.03%,"Allergan, Inc.","3 ml drop: ৳ 1,305.00",
4349,Lumexit,allopathic,lumexittablet05-mg10-mg,Tablet,Flupentixol + Melitracen,0.5 mg+10 mg,Kumudini Pharma Ltd.,"Unit Price: ৳ 4.00,(50's pack: ৳ 200.00),",(50's pack: ৳ 200.00)
9597,Lumex,allopathic,lumexophthalmic-solution03,Ophthalmic Solution,Lomefloxacin (Ophthalmic),0.30%,Gaco Pharmaceuticals Ltd.,5 ml drop: ৳ 65.00,
1009,Lumertam,allopathic,lumertamtablet20-mg120-mg,Tablet,Artemether + Lumefantrine,20 mg+120 mg,Square Pharmaceuticals Ltd.,"Unit Price: ৳ 20.13,(24's pack: ৳ 483.12),",(24's pack: ৳ 483.12)
27518,Luraprex,allopathic,luraprextablet20-mg,Tablet,Lurasidone Hydrochloride,20 mg,Square Pharmaceuticals Ltd.,"Unit Price: ৳ 20.00,(20's pack: ৳ 400.00),",(20's pack: ৳ 400.00)
16574,Luraprex,allopathic,luraprextablet40-mg,Tablet,Lurasidone Hydrochloride,40 mg,Square Pharmaceuticals Ltd.,"Unit Price: ৳ 35.00,(6's pack: ৳ 210.00),",(6's pack: ৳ 210.00)
21921,Luradox,allopathic,luradoxtablet40-mg,Tablet,Lurasidone Hydrochloride,40 mg,Incepta Pharmaceuticals Ltd.,"Unit Price: ৳ 35.00,(30's pack: ৳ 1,050.00),","(30's pack: ৳ 1,050.00)"
21920,Luradox,allopathic,luradoxtablet20-mg,Tablet,Lurasidone Hydrochloride,20 mg,Incepta Pharmaceuticals Ltd.,"Unit Price: ৳ 20.00,(30's pack: ৳ 600.00),",(30's pack: ৳ 600.00)
12172,Lupron,allopathic,luprontablet5-mg,Tablet,Levocetirizine Dihydrochloride,5 mg,Kumudini Pharma Ltd.,"Unit Price: ৳ 2.50,(100's pack: ৳ 250.00),",(100's pack: ৳ 250.00)
30207,Lupred,allopathic,lupredophthalmic-emulsion005,Ophthalmic Emulsion,Difluprednate,0.05%,Incepta Pharmaceuticals Ltd.,5 ml drop: ৳ 180.00,
31482,Lupravir,allopathic,lupravircapsule200-mg,Capsule,Molnupiravir,200 mg,Renata Limited,"Unit Price: ৳ 50.00,(10's pack: ৳ 500.00),",(10's pack: ৳ 500.00)
3782,Lumenta,allopathic,lumentatablet10-mg,Tablet,Montelukast Sodium,10 mg,SANDOZ (A Novartis Division),"Unit Price: ৳ 16.00,(28's pack: ৳ 448.00),",(28's pack: ৳ 448.00)
3781,Lumenta,allopathic,lumentachewable-tablet5-mg,Chewable Tablet,Montelukast Sodium,5 mg,SANDOZ (A Novartis Division),"Unit Price: ৳ 9.00,(20's pack: ৳ 180.00),",(20's pack: ৳ 180.00)
26814,Lulizol,allopathic,lulizolcream1,Cream,Luliconazole,1%,Eskayef Pharmaceuticals Ltd.,"10 gm tube: ৳ 100.00,20 gm tube: ৳ 180.00",
31234,Lulitop,allopathic,lulitopcream1,Cream,Luliconazole,1%,Square Pharmaceuticals Ltd.,"10 gm tube: ৳ 100.00,20 gm tube: ৳ 180.00",
26921,Lulider,allopathic,lulidercream1,Cream,Luliconazole,1%,Navana Pharmaceuticals Ltd.,"10 gm tube: ৳ 100.00,30 gm tube: ৳ 280.00",
30483,Lulexa,allopathic,lulexacream1,Cream,Luliconazole,1%,Beximco Pharmaceuticals Ltd.,10 gm tube: ৳ 100.00,
22635,Lukas,allopathic,lukastablet10-mg,Tablet,Montelukast Sodium,10 mg,Premier Pharmaceuticals Ltd.,"Unit Price: ৳ 14.00,(30's pack: ৳ 420.00),",(30's pack: ৳ 420.00)
32704,Lyrinex CR,allopathic,lyrinex-crtablet-extended-release825-mg,Tablet (Extended Release),Pregabalin,82.5 mg,NIPRO JMI Pharma Ltd.,"Unit Price: ৳ 12.00,(30's pack: ৳ 360.00),",(30's pack: ৳ 360.00)
17234,Lyrinex,allopathic,lyrinexcapsule150-mg,Capsule,Pregabalin,150 mg,NIPRO JMI Pharma Ltd.,"Unit Price: ৳ 30.00,(20's pack: ৳ 600.00),",(20's pack: ৳ 600.00)
17233,Lyrinex,allopathic,lyrinexcapsule75-mg,Capsule,Pregabalin,75 mg,NIPRO JMI Pharma Ltd.,"Unit Price: ৳ 16.00,(30's pack: ৳ 480.00),",(30's pack: ৳ 480.00)
17232,Lyrinex,allopathic,lyrinexcapsule50-mg,Capsule,Pregabalin,50 mg,NIPRO JMI Pharma Ltd.,"Unit Price: ৳ 12.00,(30's pack: ৳ 360.00),",(30's pack: ৳ 360.00)
29217,Lyric,allopathic,lyriccapsule150-mg,Capsule,Pregabalin,150 mg,Healthcare Pharmaceuticals Ltd.,"Unit Price: ৳ 30.00,(24's pack: ৳ 720.00),",(24's pack: ৳ 720.00)
4985,Lyric,allopathic,lyriccapsule75-mg,Capsule,Pregabalin,75 mg,Healthcare Pharmaceuticals Ltd.,"Unit Price: ৳ 18.00,(30's pack: ৳ 540.00),",(30's pack: ৳ 540.00)
4984,Lyric,allopathic,lyriccapsule50-mg,Capsule,Pregabalin,50 mg,Healthcare Pharmaceuticals Ltd.,"Unit Price: ৳ 14.00,(30's pack: ৳ 420.00),",(30's pack: ৳ 420.00)
4983,Lyric,allopathic,lyriccapsule25-mg,Capsule,Pregabalin,25 mg,Healthcare Pharmaceuticals Ltd.,"Unit Price: ৳ 8.00,(20's pack: ৳ 160.00),",(20's pack: ৳ 160.00)
26600,Lyovit,allopathic,lyovittablet,Tablet,Multivitamin with L-Lysine,,Ibn Sina Pharmaceuticals Ltd.,"Unit Price: ৳ 4.00,(30's pack: ৳ 120.00),",(30's pack: ৳ 120.00)
21923,Lynotril,allopathic,lynotriltablet5-mg,Tablet,Lynestrenol,5 mg,ACI Limited,"Unit Price: ৳ 12.00,(30's pack: ৳ 360.00),",(30's pack: ৳ 360.00)
6112,Lynes,allopathic,lynestablet005-mg25-mg,Tablet,Ethinyl Estradiol + Lynestrenol (0.05 mg),0.05 mg+2.5 mg,Nuvista Pharma Ltd.,22 tablet pack: ৳ 130.00,
16575,Lymeclin,allopathic,lymeclincapsule408-mg,Capsule,Lymecycline,408 mg,Incepta Pharmaceuticals Ltd.,"Unit Price: ৳ 30.00,(12's pack: ৳ 360.00),",(12's pack: ৳ 360.00)
28442,Lyfovit,allopathic,lyfovittablet,Tablet,Multivitamin with L-Lysine,,Labaid Pharma Ltd.,"Unit Price: ৳ 4.00,(30's pack: ৳ 120.00),",(30's pack: ৳ 120.00)
9598,Lyflox,allopathic,lyfloxophthalmic-solution03,Ophthalmic Solution,Lomefloxacin (Ophthalmic),0.30%,Ibn Sina Pharmaceuticals Ltd.,5 ml drop: ৳ 70.00,
12173,LVC,allopathic,lvctablet5-mg,Tablet,Levocetirizine Dihydrochloride,5 mg,Organic Health Care Ltd.,"Unit Price: ৳ 3.01,(100's pack: ৳ 301.00),",(100's pack: ৳ 301.00)
26220,Lutisone,allopathic,lutisonenebuliser-suspension2-mg2-ml,Nebuliser Suspension,Fluticasone Propionate (Nebuliser Suspension),2 mg/2 ml,Incepta Pharmaceuticals Ltd.,"2 ml ampoule: ৳ 100.00,(5's pack: ৳ 500.00),",(5's pack: ৳ 500.00)
13796,Lysovita-B,allopathic,lysovita-btablet,Tablet,Vitamin B complex,,Desh Pharmaceuticals Ltd.,"Unit Price: ৳ 0.44,(100's pack: ৳ 44.00),",(100's pack: ৳ 44.00)
13797,Lysovita,allopathic,lysovitasyrup,Syrup,Vitamin B complex,,Desh Pharmaceuticals Ltd.,200 ml bottle: ৳ 38.00,
13795,Lysovita,allopathic,lysovitacapsule,Capsule,Vitamin B complex,,Desh Pharmaceuticals Ltd.,"Unit Price: ৳ 0.57,(200's pack: ৳ 114.00),",(200's pack: ৳ 114.00)
27519,Lysivin,allopathic,lysivintablet,Tablet,Multivitamin with L-Lysine,,Square Pharmaceuticals Ltd.,"Unit Price: ৳ 4.00,(30's pack: ৳ 120.00),",(30's pack: ৳ 120.00)
30894,Lyroxen,allopathic,lyroxencapsule50-mg,Capsule,Pregabalin,50 mg,Everest Pharmaceuticals Ltd.,"Unit Price: ৳ 13.00,(30's pack: ৳ 390.00),",(30's pack: ৳ 390.00)
30893,Lyroxen,allopathic,lyroxencapsule25-mg,Capsule,Pregabalin,25 mg,Everest Pharmaceuticals Ltd.,"Unit Price: ৳ 9.00,(30's pack: ৳ 270.00),",(30's pack: ৳ 270.00)
32705,Lyrinex CR,allopathic,lyrinex-crtablet-extended-release165-mg,Tablet (Extended Release),Pregabalin,165 mg,NIPRO JMI Pharma Ltd.,"Unit Price: ৳ 20.00,(24's pack: ৳ 480.00),",(24's pack: ৳ 480.00)
20497,Lutisone,allopathic,lutisonenebuliser-suspension05-mg2-ml,Nebuliser Suspension,Fluticasone Propionate (Nebuliser Suspension),0.5 mg/2 ml,Incepta Pharmaceuticals Ltd.,"2 ml ampoule: ৳ 45.00,(5's pack: ৳ 225.00),",(5's pack: ৳ 225.00)
13036,Lutisone,allopathic,lutisonenasal-spray50-mcgspray,Nasal Spray,Fluticasone Propionate (Nasal Spray),50 mcg/spray,Incepta Pharmaceuticals Ltd.,120 metered sprays: ৳ 250.00,
12641,Lutisone,allopathic,lutisoneointment0005,Ointment,Fluticasone Propionate (Topical),0.01%,Incepta Pharmaceuticals Ltd.,10 gm tube: ৳ 50.00,
16198,Lutin Plus,allopathic,lutin-pluseye-capsule,Eye Capsule,"Vitamin C, Vitamin E, Lutein, Copper & Zinc",,General Pharmaceuticals Ltd.,"Unit Price: ৳ 10.00,(32's pack: ৳ 320.00),",(32's pack: ৳ 320.00)
4150,Lurex,allopathic,lurexsyrup30-mg100-mg125-mg5-ml,Syrup,Pseudoephedrine + Guaiphenasine + Triprolidine,(30 mg+100 mg+1.25 mg)/5 ml,Kemiko Pharmaceuticals Ltd.,100 ml bottle: ৳ 55.00,
2853,Luretic,allopathic,luretictablet5-mg,Tablet,Torasemide,5 mg,Drug International Ltd.,"Unit Price: ৳ 3.50,(50's pack: ৳ 175.00),",(50's pack: ৳ 175.00)
2852,Luretic,allopathic,luretictablet25-mg,Tablet,Torasemide,2.5 mg,Drug International Ltd.,"Unit Price: ৳ 2.00,(50's pack: ৳ 100.00),",(50's pack: ৳ 100.00)
3793,M-lucas,allopathic,m-lucastablet10-mg,Tablet,Montelukast Sodium,10 mg,Popular Pharmaceuticals Ltd.,"Unit Price: ৳ 15.00,(30's pack: ৳ 450.00),",(30's pack: ৳ 450.00)
3792,M-lucas,allopathic,m-lucaschewable-tablet5-mg,Chewable Tablet,Montelukast Sodium,5 mg,Popular Pharmaceuticals Ltd.,"Unit Price: ৳ 8.00,(30's pack: ৳ 240.00),",(30's pack: ৳ 240.00)
3791,M-lucas,allopathic,m-lucaschewable-tablet4-mg,Chewable Tablet,Montelukast Sodium,4 mg,Popular Pharmaceuticals Ltd.,"Unit Price: ৳ 6.00,(30's pack: ৳ 180.00),",(30's pack: ৳ 180.00)
28373,M-Kast,allopathic,m-kastchewable-tablet10-mg,Chewable Tablet,Montelukast Sodium,10 mg,Drug International Ltd.,"Unit Price: ৳ 12.05,(28's pack: ৳ 337.40),",(28's pack: ৳ 337.40)
3790,M-Kast,allopathic,m-kasttablet10-mg,Tablet,Montelukast Sodium,10 mg,Drug International Ltd.,"Unit Price: ৳ 15.00,(42's pack: ৳ 630.00),",(42's pack: ৳ 630.00)
3789,M-Kast,allopathic,m-kastchewable-tablet5-mg,Chewable Tablet,Montelukast Sodium,5 mg,Drug International Ltd.,"Unit Price: ৳ 8.00,(42's pack: ৳ 336.00),",(42's pack: ৳ 336.00)
3788,M-Kast,allopathic,m-kastchewable-tablet4-mg,Chewable Tablet,Montelukast Sodium,4 mg,Drug International Ltd.,"Unit Price: ৳ 6.00,(42's pack: ৳ 252.00),",(42's pack: ৳ 252.00)
22081,M-Fort,allopathic,m-forttablet850-mg,Tablet,Metformin Hydrochloride,850 mg,Innovative Pharma (Albion),"Unit Price: ৳ 7.08,(100's pack: ৳ 708.35),",(100's pack: ৳ 708.35)
22080,M-Fort,allopathic,m-forttablet500-mg,Tablet,Metformin Hydrochloride,500 mg,Innovative Pharma (Albion),"Unit Price: ৳ 4.72,(100's pack: ৳ 472.24),",(100's pack: ৳ 472.24)
5451,M-Form,allopathic,m-formtablet850-mg,Tablet,Metformin Hydrochloride,850 mg,Central Pharmaceuticals Ltd.,"Unit Price: ৳ 5.50,(100's pack: ৳ 550.00),",(100's pack: ৳ 550.00)
28618,M-Dazole,allopathic,m-dazoleoral-suspension200-mg5-ml,Oral Suspension,Metronidazole,200 mg/5 ml,Modern Pharmaceuticals Ltd.,60 ml bottle: ৳ 25.67,
10125,M-Dazole,allopathic,m-dazoletablet400-mg,Tablet,Metronidazole,400 mg,Modern Pharmaceuticals Ltd.,"Unit Price: ৳ 1.20,(100's pack: ৳ 120.00),",(100's pack: ৳ 120.00)
10124,M-Dazole,allopathic,m-dazoletablet200-mg,Tablet,Metronidazole,200 mg,Modern Pharmaceuticals Ltd.,"Unit Price: ৳ 0.61,(100's pack: ৳ 61.00),",(100's pack: ৳ 61.00)
699,M-Card,allopathic,m-cardtablet5-mg,Tablet,Amlodipine Besilate,5 mg,Zenith Pharmaceuticals Ltd.,"Unit Price: ৳ 4.00,(50's pack: ৳ 200.00),",(50's pack: ৳ 200.00)
28457,M-beg,allopathic,m-begtablet-extended-release50-mg,Tablet (Extended Release),Mirabegron,50 mg,Popular Pharmaceuticals Ltd.,"Unit Price: ৳ 55.00,(10's pack: ৳ 550.00),",(10's pack: ৳ 550.00)
28456,M-beg,allopathic,m-begtablet-extended-release25-mg,Tablet (Extended Release),Mirabegron,25 mg,Popular Pharmaceuticals Ltd.,"Unit Price: ৳ 30.00,(20's pack: ৳ 600.00),",(20's pack: ৳ 600.00)
22577,M-Son,allopathic,m-sonnasal-spray50-mcgspray,Nasal Spray,Mometasone Furoate (Nasal Spray),50 mcg/spray,Drug International Ltd.,120 metered sprays: ৳ 250.00,
10451,M-Pol,allopathic,m-poloral-suspension120-mg5-ml,Oral Suspension,Paracetamol,120 mg/5 ml,Modern Pharmaceuticals Ltd.,60 ml bottle: ৳ 20.00,
10450,M-Pol,allopathic,m-poltablet500-mg,Tablet,Paracetamol,500 mg,Modern Pharmaceuticals Ltd.,"Unit Price: ৳ 0.80,(200's pack: ৳ 160.00),",(200's pack: ৳ 160.00)
13803,M-Plex,allopathic,m-plexsyrup,Syrup,Vitamin B complex,,Modern Pharmaceuticals Ltd.,"100 ml bottle: ৳ 20.84,200 ml bottle: ৳ 38.04",
13802,M-Plex,allopathic,m-plextablet,Tablet,Vitamin B complex,,Modern Pharmaceuticals Ltd.,"Unit Price: ৳ 0.52,(45's pack: ৳ 23.40),",(45's pack: ৳ 23.40)
5453,M-min,allopathic,m-mintablet850-mg,Tablet,Metformin Hydrochloride,850 mg,Sharif Pharmaceuticals Ltd.,"Unit Price: ৳ 4.51,(30's pack: ৳ 135.30),",(30's pack: ৳ 135.30)
5452,M-min,allopathic,m-mintablet500-mg,Tablet,Metformin Hydrochloride,500 mg,Sharif Pharmaceuticals Ltd.,"Unit Price: ৳ 3.01,(50's pack: ৳ 150.50),",(50's pack: ৳ 150.50)
10123,M-400,allopathic,m-400tablet400-mg,Tablet,Metronidazole,400 mg,Pharmasia Limited,"Unit Price: ৳ 1.14,(100's pack: ৳ 114.00),",(100's pack: ৳ 114.00)
4053,M Boss,allopathic,m-bosssyrup15-mg5-ml,Syrup,Ambroxol Hydrochloride,15 mg/5 ml,Central Pharmaceuticals Ltd.,100 ml bottle: ৳ 40.00,
4050,Lytex SR,allopathic,lytex-srcapsule-sustained-release75-mg,Capsule (Sustained Release),Ambroxol Hydrochloride,75 mg,Ibn Sina Pharmaceuticals Ltd.,"Unit Price: ৳ 5.50,(30's pack: ৳ 165.00),",(30's pack: ৳ 165.00)
4052,Lytex,allopathic,lytexpediatric-drops6-mgml,Pediatric Drops,Ambroxol Hydrochloride,6 mg/ml,Ibn Sina Pharmaceuticals Ltd.,15 ml bottle: ৳ 35.00,
4051,Lytex,allopathic,lytexsyrup15-mg5-ml,Syrup,Ambroxol Hydrochloride,15 mg/5 ml,Ibn Sina Pharmaceuticals Ltd.,100 ml bottle: ৳ 50.00,
30170,Lyta 28,allopathic,lyta-28tablet003-mg015-mg75-mg,Tablet,Ethinyl Estradiol + Levonorgestrel + Ferrous Fumarate,0.03 mg+0.15 mg+75 mg,Incepta Pharmaceuticals Ltd.,(21 white+7 brown) tablet: ৳ 23.52,
14689,Lysozinc,allopathic,lysozincsyrup,Syrup,Vitamin B Complex + Zinc,,Desh Pharmaceuticals Ltd.,"100 ml bottle: ৳ 45.00,200 ml bottle: ৳ 80.00",
28097,Maclid,allopathic,maclidpowder-for-suspension200-mg5-ml,Powder for Suspension,Azithromycin Dihydrate,200 mg/5 ml,Ethical Drug Ltd.,"15 ml bottle: ৳ 90.00,35 ml bottle: ৳ 130.00,50 ml bottle: ৳ 185.00",
28096,Maclid,allopathic,maclidcapsule500-mg,Capsule,Azithromycin Dihydrate,500 mg,Ethical Drug Ltd.,"Unit Price: ৳ 35.00,(9's pack: ৳ 315.00),",(9's pack: ৳ 315.00)
25614,Maclid,allopathic,maclidcapsule250-mg,Capsule,Azithromycin Dihydrate,250 mg,Ethical Drug Ltd.,"Unit Price: ৳ 25.00,(6's pack: ৳ 150.00),",(6's pack: ৳ 150.00)
8772,Maclar,allopathic,maclariv-injection500-mgvial,IV Injection,Clarithromycin,500 mg/vial,Techno Drugs Ltd.,500 mg vial: ৳ 600.00,
8771,Maclar,allopathic,maclarpowder-for-suspension125-mg5-ml,Powder for Suspension,Clarithromycin,125 mg/5 ml,Techno Drugs Ltd.,60 ml bottle: ৳ 330.00,
8770,Maclar,allopathic,maclartablet500-mg,Tablet,Clarithromycin,500 mg,Techno Drugs Ltd.,"Unit Price: ৳ 40.00,(6's pack: ৳ 240.00),",(6's pack: ৳ 240.00)
8769,Maclar,allopathic,maclartablet250-mg,Tablet,Clarithromycin,250 mg,Techno Drugs Ltd.,"Unit Price: ৳ 30.00,(6's pack: ৳ 180.00),",(6's pack: ৳ 180.00)
32600,Macipah,allopathic,macipahtablet10-mg,Tablet,Macitentan,10 mg,UniMed UniHealth,"Unit Price: ৳ 150.00,(10's pack: ৳ 1,500.00),","(10's pack: ৳ 1,500.00)"
8533,Macin,allopathic,macinpowder-for-suspension125-mg5-ml,Powder for Suspension,Erythromycin (Oral),125 mg/5 ml,Hallmark Pharmaceuticals Ltd.,100 ml bottle: ৳ 60.00,
28561,Macery,allopathic,macerypowder-for-suspension125-mg5-ml,Powder for Suspension,Erythromycin (Oral),125 mg/5 ml,Pacific Pharmaceuticals Ltd.,100 ml bottle: ৳ 84.00,
28560,Macery,allopathic,macerytablet500-mg,Tablet,Erythromycin (Oral),500 mg,Pacific Pharmaceuticals Ltd.,"Unit Price: ৳ 10.00,(30's pack: ৳ 300.00),",(30's pack: ৳ 300.00)
28559,Macery,allopathic,macerytablet250-mg,Tablet,Erythromycin (Oral),250 mg,Pacific Pharmaceuticals Ltd.,"Unit Price: ৳ 5.00,(50's pack: ৳ 250.00),",(50's pack: ৳ 250.00)
8647,Macazi,allopathic,macazipowder-for-suspension200-mg5-ml,Powder for Suspension,Azithromycin Dihydrate,200 mg/5 ml,Pacific Pharmaceuticals Ltd.,"15 ml bottle: ৳ 90.00,35 ml bottle: ৳ 135.00,50 ml bottle: ৳ 185.00",
8646,Macazi,allopathic,macazitablet500-mg,Tablet,Azithromycin Dihydrate,500 mg,Pacific Pharmaceuticals Ltd.,"Unit Price: ৳ 35.00,(6's pack: ৳ 210.00),,Unit Price: ৳ 35.00,(12's pack: ৳ 420.00),","(6's pack: ৳ 210.00),(12's pack: ৳ 420.00)"
8497,Macas,allopathic,macaspowder-for-suspension125-mg5-ml,Powder for Suspension,Erythromycin (Oral),125 mg/5 ml,Asiatic Laboratories Ltd.,100 ml bottle: ৳ 56.86,
26086,Mabthera,allopathic,mabtherasc-injection1400-mg117-ml,SC Injection,Rituximab,1400 mg/11.7 ml,Roche Bangladesh Ltd.,"1400 mg vial: ৳ 65,500.00",
28458,Macrosol,allopathic,macrosoloral-solution,Oral Solution,Macrogol [Polypropylene glycol] + Electrolytes,,Popular Pharmaceuticals Ltd.,100 ml bottle: ৳ 160.00,
28341,Macrocin-T,allopathic,macrocin-tlotion2,Lotion,Erythromycin (Lotion),2%,Synovia pharma plc,30 ml bottle: ৳ 200.61,
8649,Macrobac,allopathic,macrobacpowder-for-suspension200-mg5-ml,Powder for Suspension,Azithromycin Dihydrate,200 mg/5 ml,Concord Pharmaceuticals Ltd.,"15 ml bottle: ৳ 85.26,25 ml bottle: ৳ 120.36,35 ml bottle: ৳ 135.41,50 ml bottle: ৳ 185.56",
8648,Macrobac,allopathic,macrobactablet500-mg,Tablet,Azithromycin Dihydrate,500 mg,Concord Pharmaceuticals Ltd.,"Unit Price: ৳ 35.11,(12's pack: ৳ 421.32),",(12's pack: ৳ 421.32)
28320,Macolax,allopathic,macolaxoral-solution,Oral Solution,Macrogol [Polypropylene glycol] + Electrolytes,,Opsonin Pharma Ltd.,100 ml bottle: ৳ 160.00,
13432,Maclon,allopathic,maclontablet500-mcg,Tablet,Mecobalamin,500 mcg,The White Horse Pharma,"Unit Price: ৳ 4.00,(50's pack: ৳ 200.00),",(50's pack: ৳ 200.00)
29131,Maclixine,allopathic,maclixinetablet25-mg50-mg,Tablet,Meclizine + Pyridoxine,25 mg+50 mg,General Pharmaceuticals Ltd.,"Unit Price: ৳ 3.01,(50's pack: ৳ 150.54),",(50's pack: ৳ 150.54)
15167,Mabthera,allopathic,mabtheraiv-infusion10-mgml,IV Infusion,Rituximab,10 mg/ml,Roche Bangladesh Ltd.,"100 mg vial: ৳ 11,000.00,500 mg vial: ৳ 54,700.00",
28184,Mabic,allopathic,mabictablet100-mg,Tablet,Dasatinib,100 mg,Genvio Pharma Ltd.,"Unit Price: ৳ 400.00,(30's pack: ৳ 12,000.00),","(30's pack: ৳ 12,000.00)"
28183,Mabic,allopathic,mabictablet20-mg,Tablet,Dasatinib,20 mg,Genvio Pharma Ltd.,"Unit Price: ৳ 80.00,(30's pack: ৳ 2,400.00),","(30's pack: ৳ 2,400.00)"
14749,M.M Gold,allopathic,mm-goldtablet,Tablet,Multivitamin & Multimineral [A-Z gold preparation],,Zenith Pharmaceuticals Ltd.,"Unit Price: ৳ 6.00,(15's pack: ৳ 90.00),,Unit Price: ৳ 6.00,(30's pack: ৳ 180.00),","(15's pack: ৳ 90.00),(30's pack: ৳ 180.00)"
9033,M-Trim DS,allopathic,m-trim-dstablet800-mg160-mg,Tablet,Sulphamethoxazole + Trimethoprim,800 mg+160 mg,Modern Pharmaceuticals Ltd.,"Unit Price: ৳ 2.02,(100's pack: ৳ 202.00),",(100's pack: ৳ 202.00)
9034,M-Trim,allopathic,m-trimoral-suspension200-mg40-mg5-ml,Oral Suspension,Sulphamethoxazole + Trimethoprim,(200 mg+40 mg)/5 ml,Modern Pharmaceuticals Ltd.,60 ml bottle: ৳ 21.24,
9032,M-Trim,allopathic,m-trimtablet400-mg80-mg,Tablet,Sulphamethoxazole + Trimethoprim,400 mg+80 mg,Modern Pharmaceuticals Ltd.,"Unit Price: ৳ 1.46,(100's pack: ৳ 146.00),",(100's pack: ৳ 146.00)
31190,MagniLife DB,allopathic,magnilife-dbcream,Cream,Apis mellifica + Gelsemium sempervirens + Gnaphalium,,Beacon Pharmaceuticals Ltd.,"113 gm Jar: ৳ 3,500.00",
32271,Magnide,allopathic,magnidetablet365-mg,Tablet,Magnesium Oxide,365 mg,Square Pharmaceuticals Ltd.,"Unit Price: ৳ 5.00,(30's pack: ৳ 150.00),",(30's pack: ৳ 150.00)
27145,Magnason,allopathic,magnasonoral-suspension400-mg5-ml,Oral Suspension,Magnesium Hydroxide,400 mg/5 ml,Jayson Pharmaceuticals Ltd.,100 ml bottle: ৳ 50.15,
21961,Magnamilk,allopathic,magnamilkoral-suspension400-mg5-ml,Oral Suspension,Magnesium Hydroxide,400 mg/5 ml,United Pharmaceuticals Ltd.,"100 ml bottle: ৳ 45.00,200 ml bottle: ৳ 60.00",
21955,Magmil,allopathic,magmiloral-suspension400-mg5-ml,Oral Suspension,Magnesium Hydroxide,400 mg/5 ml,Pacific Pharmaceuticals Ltd.,"100 ml bottle: ৳ 80.00,200 ml bottle: ৳ 120.00",
26221,Magfin,allopathic,magfinoral-emulsion300-mg125-ml5-ml,Oral Emulsion,Magnesium Hydroxide + Liquid Paraffin,(300 mg+1.25 ml)/5 ml,Incepta Pharmaceuticals Ltd.,100 ml bottle: ৳ 95.00,
26657,Magasol,allopathic,magasoloral-suspension480-mg20-mg5-ml,Oral Suspension,Magaldrate + Simethicone,(480 mg+20 mg)/5 ml,Globe Pharmaceuticals Ltd.,200 ml bottle: ৳ 110.00,
16598,Magaplus-X,allopathic,magaplus-xoral-suspension480-mg20-mg5-ml,Oral Suspension,Magaldrate + Simethicone,(480 mg+20 mg)/5 ml,Kemiko Pharmaceuticals Ltd.,"100 ml bottle: ৳ 55.00,200 ml bottle: ৳ 100.30",
28876,Magaplus,allopathic,magaplusoral-suspension400-mg5-ml,Oral Suspension,Magaldrate,400 mg/5 ml,Kemiko Pharmaceuticals Ltd.,200 ml bottle: ৳ 54.20,
16589,Maganta Plus,allopathic,maganta-plusoral-suspension480-mg20-mg5-ml,Oral Suspension,Magaldrate + Simethicone,(480 mg+20 mg)/5 ml,Square Pharmaceuticals Ltd.,200 ml bottle: ৳ 110.00,
16588,Maganta Plus,allopathic,maganta-pluschewable-tablet480-mg20-mg,Chewable Tablet,Magaldrate + Simethicone,480 mg+20 mg,Square Pharmaceuticals Ltd.,"Unit Price: ৳ 3.01,(100's pack: ৳ 301.00),",(100's pack: ৳ 301.00)
16597,Magalrat Plus,allopathic,magalrat-pluschewable-tablet480-mg20-mg,Chewable Tablet,Magaldrate + Simethicone,480 mg+20 mg,Ibn Sina Pharmaceuticals Ltd.,"Unit Price: ৳ 3.00,(100's pack: ৳ 300.00),",(100's pack: ৳ 300.00)
16596,Magalrat Plus,allopathic,magalrat-plusoral-suspension480-mg20-mg5-ml,Oral Suspension,Magaldrate + Simethicone,(480 mg+20 mg)/5 ml,Ibn Sina Pharmaceuticals Ltd.,200 ml bottle: ৳ 100.00,
16595,Magalcon Plus,allopathic,magalcon-plusoral-suspension480-mg20-mg5-ml,Oral Suspension,Magaldrate + Simethicone,(480 mg+20 mg)/5 ml,Ethical Drug Ltd.,200 ml bottle: ৳ 100.00,
17520,Magadrox Plus,allopathic,magadrox-plusoral-suspension400-mg400-mg30-mg5-ml,Oral Suspension,Aluminium Hydroxide + Magnesium Hydroxide + Simethicone,(400 mg+400 mg+30 mg)/5 ml,Gaco Pharmaceuticals Ltd.,200 ml bottle: ৳ 75.23,
505,Magadrox Plus,allopathic,magadrox-pluschewable-tablet200-mg200-mg30-mg,Chewable Tablet,Aluminium Hydroxide + Magnesium Hydroxide + Simethicone,200 mg+200 mg+30 mg,Gaco Pharmaceuticals Ltd.,"Unit Price: ৳ 0.90,(100's pack: ৳ 90.00),",(100's pack: ৳ 90.00)
28120,Magnogel,allopathic,magnogeloral-suspension175-mg225-mg5-ml,Oral Suspension,Aluminium Hydroxide + Magnesium Hydroxide,(175 mg+225 mg)/5 ml,Amico Laboratories Ltd.,200 ml bottle: ৳ 32.00,
477,Magnogel,allopathic,magnogelchewable-tablet250-mg400-mg,Chewable Tablet,Aluminium Hydroxide + Magnesium Hydroxide,250 mg+400 mg,Amico Laboratories Ltd.,"Unit Price: ৳ 0.73,(200's pack: ৳ 146.00),",(200's pack: ৳ 146.00)
30950,Magnito,allopathic,magnitotablet365-mg,Tablet,Magnesium Oxide,365 mg,Everest Pharmaceuticals Ltd.,"Unit Price: ৳ 7.00,(50's pack: ৳ 350.00),",(50's pack: ৳ 350.00)
16578,Magadrate Plus,allopathic,magadrate-plusoral-suspension400-mg5-ml,Oral Suspension,Magaldrate,400 mg/5 ml,Aexim Pharmaceuticals Ltd.,200 ml bottle: ৳ 50.00,
21935,Magacil Plus,allopathic,magacil-pluschewable-tablet480-mg20-mg,Chewable Tablet,Magaldrate + Simethicone,480 mg+20 mg,Opsonin Pharma Ltd.,"Unit Price: ৳ 3.01,(50's pack: ৳ 150.50),",(50's pack: ৳ 150.50)
16594,Magacil Plus,allopathic,magacil-plusoral-suspension480-mg20-mg5-ml,Oral Suspension,Magaldrate + Simethicone,(480 mg+20 mg)/5 ml,Opsonin Pharma Ltd.,200 ml bottle: ৳ 110.00,
16577,Magacil,allopathic,magaciloral-suspension400-mg5-ml,Oral Suspension,Magaldrate,400 mg/5 ml,Opsonin Pharma Ltd.,200 ml bottle: ৳ 50.00,
31170,Madhuvas,allopathic,madhuvassyrup5-gm20-gm100-ml,Syrup,Adhatoda vasica + Centella asiatica,(5 gm+20 gm)/100 ml,Drug International Ltd.,100 ml bottle: ৳ 100.00,
8657,Maczith,allopathic,maczithpowder-for-suspension200-mg5-ml,Powder for Suspension,Azithromycin Dihydrate,200 mg/5 ml,Biopharma Laboratories Ltd.,"15 ml bottle: ৳ 95.00,35 ml bottle: ৳ 160.60,50 ml bottle: ৳ 180.00",
8656,Maczith,allopathic,maczithtablet500-mg,Tablet,Azithromycin Dihydrate,500 mg,Biopharma Laboratories Ltd.,"Unit Price: ৳ 35.00,(12's pack: ৳ 420.00),",(12's pack: ৳ 420.00)
8655,Maczith,allopathic,maczithcapsule250-mg,Capsule,Azithromycin Dihydrate,250 mg,Biopharma Laboratories Ltd.,"Unit Price: ৳ 25.00,(6's pack: ৳ 150.00),",(6's pack: ৳ 150.00)
8653,Macrozith,allopathic,macrozithpowder-for-suspension200-mg5-ml,Powder for Suspension,Azithromycin Dihydrate,200 mg/5 ml,Silva Pharmaceuticals Ltd.,"15 ml bottle: ৳ 90.00,35 ml bottle: ৳ 135.00",
8652,Macrozith,allopathic,macrozithtablet500-mg,Tablet,Azithromycin Dihydrate,500 mg,Silva Pharmaceuticals Ltd.,"Unit Price: ৳ 34.00,(12's pack: ৳ 408.00),",(12's pack: ৳ 408.00)
8650,Macrozith,allopathic,macrozithcapsule250-mg,Capsule,Azithromycin Dihydrate,250 mg,Silva Pharmaceuticals Ltd.,"Unit Price: ৳ 20.00,(6's pack: ৳ 120.00),",(6's pack: ৳ 120.00)
9300,Maprocin,allopathic,maprocintablet500-mg,Tablet,Ciprofloxacin,500 mg,Orion Pharma Ltd.,"Unit Price: ৳ 15.00,(30's pack: ৳ 450.00),",(30's pack: ৳ 450.00)
4259,Mapez,allopathic,mapeztablet3-mg,Tablet,Bromazepam,3 mg,Kumudini Pharma Ltd.,"Unit Price: ৳ 4.00,(50's pack: ৳ 200.00),",(50's pack: ৳ 200.00)
29989,Mantadin,allopathic,mantadincapsule100-mg,Capsule,Amantadine Hydrochloride,100 mg,Renata Limited,"Unit Price: ৳ 10.00,(28's pack: ৳ 280.00),",(28's pack: ৳ 280.00)
2904,Mannitol,allopathic,mannitoliv-infusion20,IV Infusion,Mannitol,20%,Opso Saline Ltd.,500 ml bottle: ৳ 155.00,
24768,Manlee,allopathic,manleetablet10-mg,Tablet,Tadalafil,10 mg,Kumudini Pharma Ltd.,"Unit Price: ৳ 25.00,(4's pack: ৳ 100.00),",(4's pack: ৳ 100.00)
24767,Manlee,allopathic,manleetablet20-mg,Tablet,Tadalafil,20 mg,Kumudini Pharma Ltd.,"Unit Price: ৳ 50.00,(4's pack: ৳ 200.00),",(4's pack: ৳ 200.00)
2903,Manisol,allopathic,manisoliv-infusion20,IV Infusion,Mannitol,20%,Orion Infusion Ltd.,500 ml bottle: ৳ 155.47,
32460,Maltofer,allopathic,maltoferiv-injection-or-infusion750-mg15-ml,IV Injection or Infusion,Ferric Carboxymaltose,750 mg/15 ml,Incepta Pharmaceuticals Ltd.,"15 ml vial: ৳ 1,000.00",
26224,Maltofer,allopathic,maltoferiv-injection-or-infusion1-gm20-ml,IV Injection or Infusion,Ferric Carboxymaltose,1 gm/20 ml,Incepta Pharmaceuticals Ltd.,"20 ml vial: ৳ 1,300.00",
26223,Maltofer,allopathic,maltoferiv-injection-or-infusion500-mg10-ml,IV Injection or Infusion,Ferric Carboxymaltose,500 mg/10 ml,Incepta Pharmaceuticals Ltd.,10 ml vial: ৳ 700.00,
26222,Maltofer,allopathic,maltoferiv-injection-or-infusion100-mg2-ml,IV Injection or Infusion,Ferric Carboxymaltose,100 mg/2 ml,Incepta Pharmaceuticals Ltd.,2 ml vial: ৳ 400.00,
30813,Malorin,allopathic,malorinsyrup80-mg5-ml,Syrup,Chloroquine Phosphate,80 mg/5 ml,Innovative Pharma (Albion),60 ml bottle: ৳ 12.50,
13559,Mallto Seas,allopathic,mallto-seassyrup,Syrup,Multivitamin & Cod Liver Oil,,Desh Pharmaceuticals Ltd.,"100 ml bottle: ৳ 80.00,200 ml bottle: ৳ 145.00",
10294,Malex,allopathic,malextablet500-mg25-mg,Tablet,Sulphadoxine + Pyrimethamine,500 mg+25 mg,Ibn Sina Pharmaceuticals Ltd.,"Unit Price: ৳ 4.10,(30's pack: ৳ 123.00),",(30's pack: ৳ 123.00)
32162,Maldrox,allopathic,maldroxoral-suspension480-mg20-mg5-ml,Oral Suspension,Magaldrate + Simethicone,(480 mg+20 mg)/5 ml,Drug International Ltd.,200 ml bottle: ৳ 110.00,
10293,Malason,allopathic,malasontablet500-mg25-mg,Tablet,Sulphadoxine + Pyrimethamine,500 mg+25 mg,Hudson Pharmaceuticals Ltd.,"Unit Price: ৳ 3.80,(100's pack: ৳ 380.00),",(100's pack: ৳ 380.00)
30171,MarinCal-DX,allopathic,marincal-dxtablet600-mg400-iu,Tablet,Calcium Carbonate [Coral source] + Vitamin D3,600 mg+400 IU,Incepta Pharmaceuticals Ltd.,"Unit Price: ৳ 15.00,(40's pack: ৳ 600.00),",(40's pack: ৳ 600.00)
14491,MarinCal-D,allopathic,marincal-dtablet500-mg200-iu,Tablet,Calcium Carbonate [Coral source] + Vitamin D3,500 mg+200 IU,Incepta Pharmaceuticals Ltd.,"Unit Price: ৳ 10.00,(50's pack: ৳ 500.00),",(50's pack: ৳ 500.00)
26455,MarinCal Kit,allopathic,marincal-kittablet150-mg500-mg200-iu,Tablet,Ibandronic Acid + Calcium Carbonate + Vitamin D3,150 mg+500 mg+200 IU,Incepta Pharmaceuticals Ltd.,(1 & 60) tablet kit: ৳ 990.00,
12396,Maret,allopathic,maretcream1,Cream,Clotrimazole (Topical),1%,Mystic Pharmaceuticals Ltd.,10 gm tube: ৳ 30.00,
8381,Mardox,allopathic,mardoxcapsule100-mg,Capsule,Doxycycline Hydrochloride,100 mg,Marksman Pharmaceuticals Ltd.,"Unit Price: ৳ 2.00,(100's pack: ৳ 200.00),",(100's pack: ৳ 200.00)
9304,Maprocin DS,allopathic,maprocin-dsiv-infusion400-mg100-ml,IV Infusion,Ciprofloxacin,400 mg/100 ml,Orion Infusion Ltd.,100 ml bottle: ৳ 149.87,
9303,Maprocin,allopathic,maprociniv-infusion200-mg100-ml,IV Infusion,Ciprofloxacin,200 mg/100 ml,Orion Infusion Ltd.,100 ml bottle: ৳ 95.50,
9302,Maprocin,allopathic,maprocinpowder-for-suspension250-mg5-ml,Powder for Suspension,Ciprofloxacin,250 mg/5 ml,Orion Pharma Ltd.,60 ml bottle: ৳ 100.00,
8504,Makcin,allopathic,makcinpowder-for-suspension125-mg5-ml,Powder for Suspension,Erythromycin (Oral),125 mg/5 ml,Techno Drugs Ltd.,100 ml bottle: ৳ 60.00,
14545,Magsum,allopathic,magsumimiv-injection25-gm5-ml,IM/IV Injection,Magnesium Sulfate,2.5 gm/5 ml,Renata Limited,"5 ml ampoule: ৳ 18.06,(5's pack: ৳ 90.30),",(5's pack: ৳ 90.30)
30477,Magnum,allopathic,magnumtablet365-mg,Tablet,Magnesium Oxide,365 mg,Opsonin Pharma Ltd.,"Unit Price: ৳ 12.00,(30's pack: ৳ 360.00),",(30's pack: ৳ 360.00)
30860,Magnox,allopathic,magnoxtablet365-mg,Tablet,Magnesium Oxide,365 mg,Nuvista Pharma Ltd.,"Unit Price: ৳ 5.00,(60's pack: ৳ 300.00),",(60's pack: ৳ 300.00)
8195,Magnova,allopathic,magnovaimiv-injection1-gmvial,IM/IV Injection,Cefepime Hydrochloride,1 gm/vial,Orion Pharma Ltd.,1 gm vial: ৳ 551.65,
8194,Magnova,allopathic,magnovaimiv-injection500-mgvial,IM/IV Injection,Cefepime Hydrochloride,500 mg/vial,Orion Pharma Ltd.,500 mg vial: ৳ 300.90,
27811,Maxbac,allopathic,maxbacimiv-injection1-gmvial,IM/IV Injection,Ceftazidime Pentahydrate,1 gm/vial,Rangs Pharmaceuticals Ltd.,1 gm vial: ৳ 240.72,
26997,Maxbac,allopathic,maxbacimiv-injection500-mgvial,IM/IV Injection,Ceftazidime Pentahydrate,500 mg/vial,Rangs Pharmaceuticals Ltd.,500 mg vial: ৳ 130.39,
26996,Maxbac,allopathic,maxbacimiv-injection250-mgvial,IM/IV Injection,Ceftazidime Pentahydrate,250 mg/vial,Rangs Pharmaceuticals Ltd.,250 mg vial: ৳ 85.26,
3787,Maxair,allopathic,maxairtablet10-mg,Tablet,Montelukast Sodium,10 mg,Jenphar Bangladesh Ltd.,"Unit Price: ৳ 15.00,(20's pack: ৳ 300.00),",(20's pack: ৳ 300.00)
3786,Maxair,allopathic,maxairchewable-tablet5-mg,Chewable Tablet,Montelukast Sodium,5 mg,Jenphar Bangladesh Ltd.,"Unit Price: ৳ 8.00,(30's pack: ৳ 240.00),",(30's pack: ৳ 240.00)
31113,Max Coral DX,allopathic,max-coral-dxtablet600-mg400-iu,Tablet,Calcium Carbonate [Coral source] + Vitamin D3,600 mg+400 IU,Biogen Pharmaceuticals Ltd.,"Unit Price: ৳ 14.00,(60's pack: ৳ 840.00),",(60's pack: ৳ 840.00)
31112,Max Coral D,allopathic,max-coral-dtablet500-mg200-iu,Tablet,Calcium Carbonate [Coral source] + Vitamin D3,500 mg+200 IU,Biogen Pharmaceuticals Ltd.,"Unit Price: ৳ 9.00,(60's pack: ৳ 540.00),",(60's pack: ৳ 540.00)
28849,Mavixen,allopathic,mavixentablet100-mg40-mg,Tablet,Glecaprevir + Pibrentasvir,100 mg+40 mg,Everest Pharmaceuticals Ltd.,"Unit Price: ৳ 4,000.00,(21's pack: ৳ 84,000.00),","(21's pack: ৳ 84,000.00)"
31551,Mavira,allopathic,maviracapsule200-mg,Capsule,Molnupiravir,200 mg,Drug International Ltd.,"Unit Price: ৳ 50.00,(40's pack: ৳ 2,000.00),","(40's pack: ৳ 2,000.00)"
1414,Mave SR,allopathic,mave-srcapsule-sustained-release200-mg,Capsule (Sustained Release),Mebeverine Hydrochloride,200 mg,Opsonin Pharma Ltd.,"Unit Price: ৳ 10.07,(30's pack: ৳ 302.10),",(30's pack: ৳ 302.10)
1413,Mave,allopathic,mavetablet135-mg,Tablet,Mebeverine Hydrochloride,135 mg,Opsonin Pharma Ltd.,"Unit Price: ৳ 7.00,(50's pack: ৳ 350.00),",(50's pack: ৳ 350.00)
16404,Maturex,allopathic,maturextablet60-mg,Tablet,Dapoxetine Hydrochloride,60 mg,Incepta Pharmaceuticals Ltd.,"Unit Price: ৳ 50.00,(10's pack: ৳ 500.00),",(10's pack: ৳ 500.00)
16403,Maturex,allopathic,maturextablet30-mg,Tablet,Dapoxetine Hydrochloride,30 mg,Incepta Pharmaceuticals Ltd.,"Unit Price: ৳ 30.00,(20's pack: ৳ 600.00),",(20's pack: ৳ 600.00)
16027,Matropin,allopathic,matropinophthalmic-solution2,Ophthalmic Solution,Homatropine Hydrobromide,2%,Aristopharma Ltd.,10 ml drop: ৳ 56.70,
16007,Mastguard,allopathic,mastguardophthalmic-solution4,Ophthalmic Solution,Sodium Cromoglicate [4%],4%,Incepta Pharmaceuticals Ltd.,10 ml drop: ৳ 100.00,
12278,Mastel MR,allopathic,mastel-mrtablet-modified-release10-mg,Tablet (Modified Release),Mizolastine,10 mg,ACI Limited,"Unit Price: ৳ 6.50,(30's pack: ৳ 195.00),",(30's pack: ৳ 195.00)
26838,Maxbuten,allopathic,maxbutenpowder-for-suspension90-mg5-ml,Powder for Suspension,Ceftibuten Dihydrate,90 mg/5 ml,Synovia pharma plc,60 ml bottle: ৳ 480.00,
26837,Maxbuten,allopathic,maxbutencapsule400-mg,Capsule,Ceftibuten Dihydrate,400 mg,Synovia pharma plc,"Unit Price: ৳ 120.00,(8's pack: ৳ 960.00),",(8's pack: ৳ 960.00)
26268,Maxbon Kit,allopathic,maxbon-kittablet150-mg-400-mg,Tablet,Ibandronic Acid & Calcium Orotate,150 mg & 400 mg,Square Pharmaceuticals Ltd.,(1 & 60) tablet kit: ৳ 990.00,
20956,Maxbon,allopathic,maxbontablet150-mg,Tablet,Ibandronic Acid,150 mg,Square Pharmaceuticals Ltd.,1 tablet kit: ৳ 510.00,
14982,Maso Plus,allopathic,maso-plustablet250-mg200-mg,Tablet,Glucosamine Sulfate + Chondroitin,250 mg+200 mg,Kemiko Pharmaceuticals Ltd.,"Unit Price: ৳ 7.02,(50's pack: ৳ 351.00),",(50's pack: ৳ 351.00)
27737,Masfen,allopathic,masfentablet1-mg,Tablet,Ketotifen Fumarate (Oral),1 mg,Opso Saline Ltd.,"Unit Price: ৳ 2.00,(100's pack: ৳ 200.01),",(100's pack: ৳ 200.01)
15958,Masfen,allopathic,masfenophthalmic-solution0025,Ophthalmic Solution,Ketotifen Fumarate (Ophthalmic),0.03%,Opso Saline Ltd.,5 ml drop: ৳ 100.00,
16692,Marvelta,allopathic,marveltaoral-suspension500-mg100-mg5-ml,Oral Suspension,Sodium Alginate + Potassium Bicarbonate,(500 mg+100 mg)/5 ml,Orion Pharma Ltd.,200 ml bottle: ৳ 125.38,
30056,Marvelouse Plus,allopathic,marvelouse-plustablet003-mg015-mg75-mg,Tablet,Ethinyl Estradiol + Desogestrel + Ferrous Fumarate,0.03 mg+0.15 mg+75 mg,Techno Drugs Ltd.,28 tablet pack: ৳ 105.00,
6106,Marvelon,allopathic,marvelontablet003-mg015-mg,Tablet,Ethinyl Estradiol + Desogestrel (0.03 mg),0.03 mg+0.15 mg,Nuvista Pharma Ltd.,21 tablet pack: ৳ 105.00,
16600,Marlox Plus,allopathic,marlox-pluschewable-tablet480-mg20-mg,Chewable Tablet,Magaldrate + Simethicone,480 mg+20 mg,Incepta Pharmaceuticals Ltd.,"Unit Price: ৳ 3.00,(100's pack: ৳ 300.00),",(100's pack: ৳ 300.00)
16599,Marlox Plus,allopathic,marlox-plusoral-suspension480-mg20-mg5-ml,Oral Suspension,Magaldrate + Simethicone,(480 mg+20 mg)/5 ml,Incepta Pharmaceuticals Ltd.,200 ml bottle: ৳ 110.00,
16580,Marlox,allopathic,marloxchewable-tablet400-mg,Chewable Tablet,Magaldrate,400 mg,Incepta Pharmaceuticals Ltd.,"Unit Price: ৳ 1.00,(200's pack: ৳ 200.00),",(200's pack: ৳ 200.00)
28219,Mariprist,allopathic,maripristtablet200-mg200-mcg,Tablet,Mifepristone + Misoprostol,200 mg+200 mcg,ACME Laboratories Ltd.,5 tablet kit: ৳ 300.00,
7875,Maxidim,allopathic,maxidimimiv-injection500-mgvial,IM/IV Injection,Ceftazidime Pentahydrate,500 mg/vial,Beximco Pharmaceuticals Ltd.,500 mg vial: ৳ 130.00,
7874,Maxidim,allopathic,maxidimimiv-injection250-mgvial,IM/IV Injection,Ceftazidime Pentahydrate,250 mg/vial,Beximco Pharmaceuticals Ltd.,250 mg vial: ৳ 85.00,
21939,Maxicon,allopathic,maxiconoral-suspension480-mg20-mg5-ml,Oral Suspension,Magaldrate + Simethicone,(480 mg+20 mg)/5 ml,Aristopharma Ltd.,200 ml bottle: ৳ 110.00,
14541,Maxical-M,allopathic,maxical-mtablet,Tablet,Calcium + Vitamin D3 + Vitamin C + Vitamin E + Multimineral,,Orion Pharma Ltd.,"Unit Price: ৳ 5.03,(30's pack: ৳ 150.90),",(30's pack: ৳ 150.90)
18450,Maxical-DX,allopathic,maxical-dxtablet600-mg400-iu,Tablet,Calcium Carbonate [Elemental source] + Vitamin D3,600 mg+400 IU,Orion Pharma Ltd.,"Unit Price: ৳ 8.00,(28's pack: ৳ 224.00),",(28's pack: ৳ 224.00)
14446,Maxical-D,allopathic,maxical-dtablet500-mg200-iu,Tablet,Calcium Carbonate [Elemental source] + Vitamin D3,500 mg+200 IU,Orion Pharma Ltd.,"Unit Price: ৳ 5.00,(30's pack: ৳ 150.00),",(30's pack: ৳ 150.00)
14268,Maxical,allopathic,maxicaltablet500-mg,Tablet,Calcium Carbonate,500 mg,Orion Pharma Ltd.,"Unit Price: ৳ 3.52,(100's pack: ৳ 352.00),",(100's pack: ৳ 352.00)
15588,Maxflo-U,allopathic,maxflo-ucapsule-modified-release04-mg,Capsule (Modified Release),Tamsulosin  Hydrochloride,0.4 mg,Rangs Pharmaceuticals Ltd.,"Unit Price: ৳ 10.03,(28's pack: ৳ 280.84),",(28's pack: ৳ 280.84)
30921,Maxfer,allopathic,maxferiv-injection-or-infusion1-gm20-ml,IV Injection or Infusion,Ferric Carboxymaltose,1 gm/20 ml,Eskayef Pharmaceuticals Ltd.,"20 ml vial: ৳ 1,300.00",
28410,Maxfer,allopathic,maxferiv-injection-or-infusion500-mg10-ml,IV Injection or Infusion,Ferric Carboxymaltose,500 mg/10 ml,Eskayef Pharmaceuticals Ltd.,10 ml vial: ৳ 700.00,
28176,Maxdol,allopathic,maxdolimiv-injection60-mg2-ml,IM/IV Injection,Ketorolac Tromethamine,60 mg/2 ml,Concord Pharmaceuticals Ltd.,2 ml ampoule: ৳ 90.00,
21242,Maxdol,allopathic,maxdolimiv-injection30-mgml,IM/IV Injection,Ketorolac Tromethamine,30 mg/ml,Concord Pharmaceuticals Ltd.,1 ml ampoule: ৳ 55.00,
15357,Maxdol,allopathic,maxdoltablet10-mg,Tablet,Ketorolac Tromethamine,10 mg,Concord Pharmaceuticals Ltd.,"Unit Price: ৳ 10.03,(30's pack: ৳ 300.90),",(30's pack: ৳ 300.90)
19327,MaxD,allopathic,maxdcapsule40000-iu,Capsule,Colecalciferol [Vitamin D3],40000 IU,Ziska Pharmaceuticals Ltd.,"Unit Price: ৳ 35.00,(7's pack: ৳ 245.00),",(7's pack: ৳ 245.00)
19325,MaxD,allopathic,maxdcapsule20000-iu,Capsule,Colecalciferol [Vitamin D3],20000 IU,Ziska Pharmaceuticals Ltd.,"Unit Price: ৳ 20.00,(16's pack: ৳ 320.00),",(16's pack: ৳ 320.00)
13506,MaxD,allopathic,maxdtablet1000-iu,Tablet,Colecalciferol [Vitamin D3],1000 IU,Ziska Pharmaceuticals Ltd.,"Unit Price: ৳ 2.00,(50's pack: ৳ 100.00),",(50's pack: ৳ 100.00)
2074,Maxima,allopathic,maximacapsule-delayed-release40-mg,Capsule (Delayed Release),Esomeprazole,40 mg,ACME Laboratories Ltd.,"Unit Price: ৳ 10.00,(40's pack: ৳ 400.00),",(40's pack: ৳ 400.00)
2073,Maxima,allopathic,maximacapsule-delayed-release20-mg,Capsule (Delayed Release),Esomeprazole,20 mg,ACME Laboratories Ltd.,"Unit Price: ৳ 7.00,(70's pack: ৳ 490.00),,Unit Price: ৳ 7.00,(140's pack: ৳ 980.00),","(70's pack: ৳ 490.00),(140's pack: ৳ 980.00)"
27052,Maxilax,allopathic,maxilaxoral-solution10-gm15-ml,Oral Solution,Lactitol Monohydrate,10 gm/15 ml,Opsonin Pharma Ltd.,"50 ml bottle: ৳ 65.00,100 ml bottle: ৳ 120.00",
2371,Maxilax,allopathic,maxilaxoral-powder10-gmsachet,Oral Powder,Lactitol Monohydrate,10 gm/sachet,Opsonin Pharma Ltd.,"10 gm sachet: ৳ 12.00,(10's pack: ৳ 120.00),",(10's pack: ৳ 120.00)
9635,Maxiflox,allopathic,maxifloxophthalmic-solution05,Ophthalmic Solution,Moxifloxacin Hydrochloride (Ophthalmic),0.50%,ACI Limited,5 ml drop: ৳ 100.68,
9615,Maxiflox,allopathic,maxifloxtablet400-mg,Tablet,Moxifloxacin Hydrochloride (Tablet),400 mg,ACI Limited,"Unit Price: ৳ 35.00,(10's pack: ৳ 350.00),",(10's pack: ৳ 350.00)
13149,Maxifer,allopathic,maxiferiv-injection-or-infusion100-mg5-ml,IV Injection or Infusion,Iron Sucrose Injection [Elemental Iron],100 mg/5 ml,Globe Pharmaceuticals Ltd.,5 ml ampoule: ৳ 300.00,
7876,Maxidim,allopathic,maxidimimiv-injection1-gmvial,IM/IV Injection,Ceftazidime Pentahydrate,1 gm/vial,Beximco Pharmaceuticals Ltd.,1 gm vial: ৳ 240.00,
27866,Maxclin,allopathic,maxclincapsule300-mg,Capsule,Clindamycin,300 mg,Alco Pharma Ltd.,"Unit Price: ৳ 15.00,(30's pack: ৳ 450.00),",(30's pack: ৳ 450.00)
27865,Maxclin,allopathic,maxclincapsule150-mg,Capsule,Clindamycin,150 mg,Alco Pharma Ltd.,"Unit Price: ৳ 8.00,(30's pack: ৳ 240.00),",(30's pack: ৳ 240.00)
7717,Maxcef,allopathic,maxcefimiv-injection250-mg5-ml,IM/IV Injection,Cefotaxime,250 mg/5 ml,Square Pharmaceuticals Ltd.,250 mg vial: ৳ 70.21,
14492,Maxcal-D,allopathic,maxcal-dtablet500-mg200-iu,Tablet,Calcium Carbonate [Elemental source] + Vitamin D3,500 mg+200 IU,Novus Pharmaceuticals Ltd.,"Unit Price: ৳ 5.00,(30's pack: ৳ 150.00),",(30's pack: ৳ 150.00)
14310,Maxcal,allopathic,maxcaltablet500-mg,Tablet,Calcium Carbonate,500 mg,Novus Pharmaceuticals Ltd.,"Unit Price: ৳ 3.25,(50's pack: ৳ 162.50),",(50's pack: ৳ 162.50)
26839,Maxbuten DS,allopathic,maxbuten-dspowder-for-suspension180-mg5-ml,Powder for Suspension,Ceftibuten Dihydrate,180 mg/5 ml,Synovia pharma plc,60 ml bottle: ৳ 800.00,
8170,Maxpime,allopathic,maxpimeimiv-injection500-mgvial,IM/IV Injection,Cefepime Hydrochloride,500 mg/vial,Square Pharmaceuticals Ltd.,500 mg vial: ৳ 300.90,
17379,Maxpain,allopathic,maxpaintablet100-mg,Tablet,Aceclofenac,100 mg,Guardian Healthcare Ltd.,Unit Price: ৳ 3.50,
23004,MaxOmega,allopathic,maxomegacapsule1000-mg,Capsule,Omega-3 Acid Ethyl Esters [Salmon Fish Oil],1000 mg,UniMed UniHealth,"Unit Price: ৳ 10.00,(30's pack: ৳ 300.00),",(30's pack: ৳ 300.00)
11743,Maxolax,allopathic,maxolaxtablet10-mg,Tablet,Baclofen,10 mg,Renata Limited,"Unit Price: ৳ 8.00,(30's pack: ৳ 240.00),",(30's pack: ৳ 240.00)
11742,Maxolax,allopathic,maxolaxtablet5-mg,Tablet,Baclofen,5 mg,Renata Limited,"Unit Price: ৳ 5.00,(30's pack: ৳ 150.00),",(30's pack: ৳ 150.00)
4697,Maxocol,allopathic,maxocolsyrup5-mg5-ml,Syrup,Metoclopramide Hydrochloride,5 mg/5 ml,Medimet Pharmaceuticals Ltd.,100 ml bottle: ৳ 15.77,
4696,Maxocol,allopathic,maxocoltablet10-mg,Tablet,Metoclopramide Hydrochloride,10 mg,Medimet Pharmaceuticals Ltd.,"Unit Price: ৳ 0.34,(100's pack: ৳ 34.00),",(100's pack: ৳ 34.00)
29218,Maxnor,allopathic,maxnoriv-infusion4-mg4-ml,IV Infusion,Norepinephrine,4 mg/4 ml,Healthcare Pharmaceuticals Ltd.,4 ml vial: ৳ 480.00,
9510,Maxlev,allopathic,maxlevtablet500-mg,Tablet,Levofloxacin Hemihydrate,500 mg,Novus Pharmaceuticals Ltd.,"Unit Price: ৳ 12.00,(20's pack: ৳ 240.00),",(20's pack: ৳ 240.00)
15843,Maxitrol,allopathic,maxitrolophthalmic-solution1-mg3500-iu6000-iuml,Ophthalmic Solution,Dexamethasone + Neomycin Sulphate + Polymyxin B Sulphate,(1 mg+3500 IU+6000 IU)/ml,S.A. Alcon-Couvreur N.V.,5 ml drop: ৳ 90.00,
13416,Maxirom,allopathic,maxiromcapsule,Capsule,Carbonyl Iron + Folic Acid + Zinc Sulfate + Vitamin B Complex + Vitamin C,,Apex Pharmaceuticals Ltd.,"Unit Price: ৳ 3.50,(30's pack: ৳ 105.00),",(30's pack: ৳ 105.00)
8213,Maxipen,allopathic,maxipeniv-injection500-mg500-mgvial,IV Injection,Imipenem + Cilastatin,(500 mg+500 mg)/vial,Opsonin Pharma Ltd.,"500 mg vial: ৳ 1,298.89",
29847,Maxipass,allopathic,maxipasscapsule-modified-release04-mg,Capsule (Modified Release),Tamsulosin  Hydrochloride,0.4 mg,Renata Limited,"Unit Price: ৳ 10.00,(30's pack: ৳ 300.00),",(30's pack: ৳ 300.00)
22809,Maxineb,allopathic,maxinebtablet5-mg,Tablet,Nebivolol Hydrochloride,5 mg,Aristopharma Ltd.,"Unit Price: ৳ 10.00,(30's pack: ৳ 300.00),",(30's pack: ৳ 300.00)
22808,Maxineb,allopathic,maxinebtablet25-mg,Tablet,Nebivolol Hydrochloride,2.5 mg,Aristopharma Ltd.,"Unit Price: ৳ 7.00,(30's pack: ৳ 210.00),",(30's pack: ৳ 210.00)
32483,Maximox,allopathic,maximoxiv-infusion400-mg250-ml,IV Infusion,Moxifloxacin Hydrochloride (Injection),400 mg/250 ml,Orion Infusion Ltd.,250 ml bottle: ৳ 250.00,
28962,Maxpro MUPS,allopathic,maxpro-mupsmups-tablet20-mg,MUPS Tablet,Esomeprazole (MUPS tablet),20 mg,Renata Limited,"Unit Price: ৳ 10.00,(56's pack: ৳ 560.00),",(56's pack: ৳ 560.00)
26639,Maxpro Hp,allopathic,maxpro-hptablet20-mg1000-mg500-mg,Tablet,Esomeprazole + Amoxicillin + Clarithromycin,20 mg+1000 mg+500 mg,Renata Limited,"4 tablet strip: ৳ 55.00,(14's pack: ৳ 770.00),",(14's pack: ৳ 770.00)
2080,Maxpro,allopathic,maxproiv-injection40-mgvial,IV Injection,Esomeprazole,40 mg/vial,Renata Limited,40 mg vial: ৳ 90.00,
2079,Maxpro,allopathic,maxprocapsule-delayed-release40-mg,Capsule (Delayed Release),Esomeprazole,40 mg,Renata Limited,"Unit Price: ৳ 10.00,(100's pack: ৳ 1,000.00),","(100's pack: ৳ 1,000.00)"
2078,Maxpro,allopathic,maxprocapsule-delayed-release20-mg,Capsule (Delayed Release),Esomeprazole,20 mg,Renata Limited,"Unit Price: ৳ 7.00,(140's pack: ৳ 980.00),",(140's pack: ৳ 980.00)
2077,Maxpro,allopathic,maxprotablet-enteric-coated40-mg,Tablet (Enteric Coated),Esomeprazole,40 mg,Renata Limited,"Unit Price: ৳ 9.00,(60's pack: ৳ 540.00),",(60's pack: ৳ 540.00)
2076,Maxpro,allopathic,maxprotablet-enteric-coated20-mg,Tablet (Enteric Coated),Esomeprazole,20 mg,Renata Limited,"Unit Price: ৳ 7.00,(140's pack: ৳ 980.00),",(140's pack: ৳ 980.00)
8171,Maxpime,allopathic,maxpimeimiv-injection1-gmvial,IM/IV Injection,Cefepime Hydrochloride,1 gm/vial,Square Pharmaceuticals Ltd.,1 gm vial: ৳ 551.65,
9616,Maximox,allopathic,maximoxtablet400-mg,Tablet,Moxifloxacin Hydrochloride (Tablet),400 mg,Orion Pharma Ltd.,"Unit Price: ৳ 40.00,(10's pack: ৳ 400.00),",(10's pack: ৳ 400.00)
30224,Maxima MUPS,allopathic,maxima-mupsmups-tablet40-mg,MUPS Tablet,Esomeprazole (MUPS tablet),40 mg,ACME Laboratories Ltd.,"Unit Price: ৳ 14.00,(30's pack: ৳ 420.00),",(30's pack: ৳ 420.00)
28273,Maxima MUPS,allopathic,maxima-mupsmups-tablet20-mg,MUPS Tablet,Esomeprazole (MUPS tablet),20 mg,ACME Laboratories Ltd.,"Unit Price: ৳ 10.00,(30's pack: ৳ 300.00),",(30's pack: ৳ 300.00)
26521,Maxima,allopathic,maximatablet-enteric-coated40-mg,Tablet (Enteric Coated),Esomeprazole,40 mg,ACME Laboratories Ltd.,"Unit Price: ৳ 8.00,(40's pack: ৳ 320.00),",(40's pack: ৳ 320.00)
26125,Maxima,allopathic,maximatablet-enteric-coated20-mg,Tablet (Enteric Coated),Esomeprazole,20 mg,ACME Laboratories Ltd.,"Unit Price: ৳ 5.00,(140's pack: ৳ 700.00),",(140's pack: ৳ 700.00)
2075,Maxima,allopathic,maximaiv-injection40-mgvial,IV Injection,Esomeprazole,40 mg/vial,ACME Laboratories Ltd.,40 mg vial: ৳ 90.27,
27015,Maxwel,allopathic,maxweltablet,Tablet,Multivitamin & Multimineral,,Jenphar Bangladesh Ltd.,"Unit Price: ৳ 9.00,(30's pack: ৳ 270.00),",(30's pack: ৳ 270.00)
30822,Maxvit D,allopathic,maxvit-dcapsule20000-iu,Capsule,Colecalciferol [Vitamin D3],20000 IU,Concord Pharmaceuticals Ltd.,"Unit Price: ৳ 20.00,(10's pack: ৳ 200.00),",(10's pack: ৳ 200.00)
30821,Maxvit D,allopathic,maxvit-dcapsule40000-iu,Capsule,Colecalciferol [Vitamin D3],40000 IU,Concord Pharmaceuticals Ltd.,"Unit Price: ৳ 35.00,(10's pack: ৳ 350.00),",(10's pack: ৳ 350.00)
14058,Maxvit Ace,allopathic,maxvit-acetablet6-mg200-mg50-mg,Tablet,Betacarotene + Vitamin C + Vitamin E,6 mg+200 mg+50 mg,Concord Pharmaceuticals Ltd.,"Unit Price: ৳ 2.51,(20's pack: ৳ 50.20),",(20's pack: ৳ 50.20)
24788,Maxtra,allopathic,maxtratablet04-mg,Tablet,Tamsulosin  Hydrochloride,0.4 mg,Beacon Pharmaceuticals Ltd.,"Unit Price: ৳ 10.00,(30's pack: ৳ 300.00),",(30's pack: ৳ 300.00)
26228,Maxsulin R,allopathic,maxsulin-rsc-injection100-iuml,SC Injection,Insulin Human [Fast-Acting],100 IU/ml,Incepta Pharmaceuticals Ltd.,"3 ml cartridge: ৳ 220.00,(4's pack: ৳ 880.00),",(4's pack: ৳ 880.00)
16773,Maxsulin R,allopathic,maxsulin-rsc-injection100-iuml,SC Injection,Insulin Human [Fast-Acting],100 IU/ml,Incepta Pharmaceuticals Ltd.,10 ml vial: ৳ 415.00,
16772,Maxsulin R,allopathic,maxsulin-rsc-injection40-iuml,SC Injection,Insulin Human [Fast-Acting],40 IU/ml,Incepta Pharmaceuticals Ltd.,10 ml vial: ৳ 195.00,
26227,Maxsulin N,allopathic,maxsulin-nsc-injection100-iuml,SC Injection,Insulin Human [Long-Acting],100 IU/ml,Incepta Pharmaceuticals Ltd.,"3 ml cartridge: ৳ 222.00,(4's pack: ৳ 888.00),",(4's pack: ৳ 888.00)
16801,Maxsulin N,allopathic,maxsulin-nsc-injection100-iuml,SC Injection,Insulin Human [Long-Acting],100 IU/ml,Incepta Pharmaceuticals Ltd.,10 ml vial: ৳ 415.00,
16800,Maxsulin N,allopathic,maxsulin-nsc-injection40-iuml,SC Injection,Insulin Human [Long-Acting],40 IU/ml,Incepta Pharmaceuticals Ltd.,10 ml vial: ৳ 195.00,
26226,Maxsulin,allopathic,maxsulinsc-injection5050-in-100-iuml,SC Injection,Insulin Human [rDNA] + Isophane Insulin Human,50%+50% in 100 IU/ml,Incepta Pharmaceuticals Ltd.,"3 ml cartridge: ৳ 222.00,(4's pack: ৳ 888.00),",(4's pack: ৳ 888.00)
26225,Maxsulin,allopathic,maxsulinsc-injection3070-in-100-iuml,SC Injection,Insulin Human [rDNA] + Isophane Insulin Human,30%+70% in 100 IU/ml,Incepta Pharmaceuticals Ltd.,"3 ml cartridge: ৳ 222.00,(4's pack: ৳ 888.00),",(4's pack: ৳ 888.00)
16827,Maxsulin,allopathic,maxsulinsc-injection5050-in-100-iuml,SC Injection,Insulin Human [rDNA] + Isophane Insulin Human,50%+50% in 100 IU/ml,Incepta Pharmaceuticals Ltd.,10 ml vial: ৳ 415.00,
16826,Maxsulin,allopathic,maxsulinsc-injection3070-in-100-iuml,SC Injection,Insulin Human [rDNA] + Isophane Insulin Human,30%+70% in 100 IU/ml,Incepta Pharmaceuticals Ltd.,10 ml vial: ৳ 415.00,
16825,Maxsulin,allopathic,maxsulinsc-injection3070-in-40-iuml,SC Injection,Insulin Human [rDNA] + Isophane Insulin Human,30%+70% in 40 IU/ml,Incepta Pharmaceuticals Ltd.,10 ml vial: ৳ 195.00,
13433,MB 12,allopathic,mb-12tablet500-mcg,Tablet,Mecobalamin,500 mcg,ACME Laboratories Ltd.,"Unit Price: ৳ 4.03,(30's pack: ৳ 120.90),",(30's pack: ৳ 120.90)
8659,Mazith,allopathic,mazithpowder-for-suspension200-mg5-ml,Powder for Suspension,Azithromycin Dihydrate,200 mg/5 ml,Hallmark Pharmaceuticals Ltd.,35 ml bottle: ৳ 130.39,
8658,Mazith,allopathic,mazithtablet500-mg,Tablet,Azithromycin Dihydrate,500 mg,Hallmark Pharmaceuticals Ltd.,"Unit Price: ৳ 30.15,(12's pack: ৳ 361.80),",(12's pack: ৳ 361.80)
14563,Mazic Jr,allopathic,mazic-jrsyrup405-mg5-ml,Syrup,Zinc Sulfate Monohydrate,4.05 mg/5 ml,Renata Limited,100 ml bottle: ৳ 38.00,
14565,Mazic DS,allopathic,mazic-dssyrup20-mg5-ml,Syrup,Zinc Sulfate Monohydrate,20 mg/5 ml,Renata Limited,100 ml bottle: ৳ 55.00,
14564,Mazic,allopathic,mazicsyrup10-mg5-ml,Syrup,Zinc Sulfate Monohydrate,10 mg/5 ml,Renata Limited,100 ml bottle: ৳ 35.00,
29176,Mayapill,allopathic,mayapilltablet003-mg015-mg75-mg,Tablet,Ethinyl Estradiol + Levonorgestrel + Ferrous Fumarate,0.03 mg+0.15 mg+75 mg,ACME Laboratories Ltd.,( 21 white+7 brown) tablet: ৳ 23.52,
27085,Maxzon,allopathic,maxzoniv-injection2-gmvial,IV Injection,Ceftriaxone Sodium,2 gm/vial,Apex Pharmaceuticals Ltd.,2 gm vial: ৳ 300.00,
27084,Maxzon,allopathic,maxzoniv-injection1-gmvial,IV Injection,Ceftriaxone Sodium,1 gm/vial,Apex Pharmaceuticals Ltd.,1 gm vial: ৳ 190.00,
27083,Maxzon,allopathic,maxzonim-injection250-mgvial,IM Injection,Ceftriaxone Sodium,250 mg/vial,Apex Pharmaceuticals Ltd.,250 mg vial: ৳ 100.00,
27082,Maxzon,allopathic,maxzonim-injection500-mgvial,IM Injection,Ceftriaxone Sodium,500 mg/vial,Apex Pharmaceuticals Ltd.,500 mg vial: ৳ 130.00,
24800,Maxrin D,allopathic,maxrin-dcapsule04-mg05-mg,Capsule,Tamsulosin Hydrochloride + Dutasteride,0.4 mg+0.5 mg,Square Pharmaceuticals Ltd.,"Unit Price: ৳ 20.00,(20's pack: ৳ 400.00),",(20's pack: ৳ 400.00)
26269,Maxrin,allopathic,maxrincapsule-modified-release04-mg,Capsule (Modified Release),Tamsulosin  Hydrochloride,0.4 mg,Square Pharmaceuticals Ltd.,"Unit Price: ৳ 10.07,(30's pack: ৳ 302.10),",(30's pack: ৳ 302.10)
32860,Maxpro MUPS,allopathic,maxpro-mupsmups-tablet40-mg,MUPS Tablet,Esomeprazole (MUPS tablet),40 mg,Renata Limited,"Unit Price: ৳ 14.00,(30's pack: ৳ 420.00),",(30's pack: ৳ 420.00)
13435,Mecobal,allopathic,mecobaltablet500-mcg,Tablet,Mecobalamin,500 mcg,General Pharmaceuticals Ltd.,"Unit Price: ৳ 4.04,(50's pack: ৳ 202.00),",(50's pack: ৳ 202.00)
4649,Mecliz Plus,allopathic,mecliz-plustablet25-mg50-mg,Tablet,Meclizine + Pyridoxine,25 mg+50 mg,NIPRO JMI Pharma Ltd.,"Unit Price: ৳ 3.50,(50's pack: ৳ 175.00),",(50's pack: ৳ 175.00)
4699,Meclid,allopathic,meclidinjection10-mg2-ml,Injection,Metoclopramide Hydrochloride,10 mg/2 ml,Jayson Pharmaceuticals Ltd.,"2 ml ampoule: ৳ 3.77,(10's pack: ৳ 37.70),",(10's pack: ৳ 37.70)
10332,Mebrex,allopathic,mebrexoral-suspension100-mg5-ml,Oral Suspension,Mebendazole,100 mg/5 ml,Medimet Pharmaceuticals Ltd.,30 ml bottle: ৳ 14.83,
10331,Mebrex,allopathic,mebrexchewable-tablet100-mg,Chewable Tablet,Mebendazole,100 mg,Medimet Pharmaceuticals Ltd.,"Unit Price: ৳ 0.74,(60's pack: ৳ 44.40),",(60's pack: ৳ 44.40)
21367,Mebolos,allopathic,mebolosoral-solution335-gm5-ml,Oral Solution,Lactulose,3.35 gm/5 ml,Millat Pharmaceuticals Ltd.,"100 ml bottle: ৳ 75.00,200 ml bottle: ৳ 140.00",
11896,Mebolin,allopathic,mebolintablet50-mg,Tablet,Mebhydrolin Napadisylate,50 mg,ACME Laboratories Ltd.,"Unit Price: ৳ 2.01,(100's pack: ৳ 201.00),",(100's pack: ৳ 201.00)
30423,Mebo S,allopathic,mebo-sointment701515,Ointment,Sesame oil + Cactus extract + Beeswax,70%+15%+15%,Gulf pharmaceutical industries,30 gm tube: ৳ 972.40,
1415,Mebiz SR,allopathic,mebiz-srcapsule-sustained-release200-mg,Capsule (Sustained Release),Mebeverine Hydrochloride,200 mg,Sun Pharmaceutical Ltd.,"Unit Price: ৳ 10.03,(50's pack: ৳ 501.50),",(50's pack: ৳ 501.50)
11895,Mebidal,allopathic,mebidaltablet50-mg,Tablet,Mebhydrolin Napadisylate,50 mg,Eskayef Pharmaceuticals Ltd.,"Unit Price: ৳ 3.00,(200's pack: ৳ 600.00),",(200's pack: ৳ 600.00)
28141,Mebendox,allopathic,mebendoxchewable-tablet100-mg,Chewable Tablet,Mebendazole,100 mg,Indo Bangla Pharmaceutical,"Unit Price: ৳ 0.74,(30's pack: ৳ 22.20),",(30's pack: ৳ 22.20)
21975,Mebendox,allopathic,mebendoxoral-suspension100-mg5-ml,Oral Suspension,Mebendazole,100 mg/5 ml,Indo Bangla Pharmaceutical,30 ml bottle: ৳ 14.00,
10330,Mebendol,allopathic,mebendoloral-suspension100-mg5-ml,Oral Suspension,Mebendazole,100 mg/5 ml,Doctor’s Chemical Works Ltd.,30 ml bottle: ৳ 13.65,
10329,Mebendol,allopathic,mebendolchewable-tablet100-mg,Chewable Tablet,Mebendazole,100 mg,Doctor’s Chemical Works Ltd.,"Unit Price: ৳ 0.70,(60's pack: ৳ 42.00),",(60's pack: ৳ 42.00)
325,Mebel DS,allopathic,mebel-dschewable-tablet400-mg,Chewable Tablet,Albendazole,400 mg,Medicon Pharmaceuticals Ltd.,"Unit Price: ৳ 5.00,(50's pack: ৳ 249.98),",(50's pack: ৳ 249.98)
324,Mebel,allopathic,mebeloral-suspension200-mg5-ml,Oral Suspension,Albendazole,200 mg/5 ml,Medicon Pharmaceuticals Ltd.,10 ml bottle: ৳ 19.32,
13442,Mecopen,allopathic,mecopentablet500-mcg,Tablet,Mecobalamin,500 mcg,Eskayef Pharmaceuticals Ltd.,"Unit Price: ৳ 4.00,(50's pack: ৳ 200.00),",(50's pack: ৳ 200.00)
13441,Mecomin,allopathic,mecomintablet500-mcg,Tablet,Mecobalamin,500 mcg,Peoples Pharma Ltd.,"Unit Price: ৳ 4.00,(50's pack: ৳ 200.00),",(50's pack: ৳ 200.00)
13440,Mecolin,allopathic,mecolintablet500-mcg,Tablet,Mecobalamin,500 mcg,Drug International Ltd.,"Unit Price: ৳ 4.05,(50's pack: ৳ 202.50),",(50's pack: ৳ 202.50)
13439,Mecolagin,allopathic,mecolaginimiv-injection500-mcgml,IM/IV Injection,Mecobalamin,500 mcg/ml,Incepta Pharmaceuticals Ltd.,"1 ml ampoule: ৳ 30.00,(5's pack: ৳ 150.00),",(5's pack: ৳ 150.00)
13438,Mecolagin,allopathic,mecolaginchewable-tablet500-mcg,Chewable Tablet,Mecobalamin,500 mcg,Incepta Pharmaceuticals Ltd.,"Unit Price: ৳ 4.00,(60's pack: ৳ 240.00),",(60's pack: ৳ 240.00)
13437,Mecol,allopathic,mecoltablet500-mcg,Tablet,Mecobalamin,500 mcg,Aristopharma Ltd.,"Unit Price: ৳ 4.00,(50's pack: ৳ 200.00),",(50's pack: ৳ 200.00)
13436,Mecobal,allopathic,mecobalimiv-injection500-mcgml,IM/IV Injection,Mecobalamin,500 mcg/ml,General Pharmaceuticals Ltd.,"1 ml ampoule: ৳ 30.10,(5's pack: ৳ 150.50),",(5's pack: ৳ 150.50)
11894,Mebastin,allopathic,mebastintablet50-mg,Tablet,Mebhydrolin Napadisylate,50 mg,Incepta Pharmaceuticals Ltd.,"Unit Price: ৳ 2.00,(100's pack: ৳ 200.00),",(100's pack: ৳ 200.00)
10328,Mebantrin,allopathic,mebantrinoral-suspension100-mg5-ml,Oral Suspension,Mebendazole,100 mg/5 ml,Pharmadesh Laboratories Ltd.,30 ml bottle: ৳ 15.00,
10327,Mebantrin,allopathic,mebantrinchewable-tablet100-mg,Chewable Tablet,Mebendazole,100 mg,Pharmadesh Laboratories Ltd.,"Unit Price: ৳ 0.75,(30's pack: ৳ 22.50),",(30's pack: ৳ 22.50)
12338,Mebalon,allopathic,mebalontopical-powder5-mg250-iugm,Topical Powder,Neomycin Sulfate + Bacitracin Zinc,(5 mg+250 IU)/gm,Medicon Pharmaceuticals Ltd.,"5 gm pack: ৳ 13.64,10 gm pack: ৳ 18.18",
25505,Mbroxol,allopathic,mbroxolsyrup15-mg5-ml,Syrup,Ambroxol Hydrochloride,15 mg/5 ml,Benham Pharmaceuticals Ltd.,100 ml bottle: ৳ 45.00,
28274,MB 12,allopathic,mb-12tablet15-mg,Tablet,Mecobalamin,1.5 mg,ACME Laboratories Ltd.,"Unit Price: ৳ 9.00,(100's pack: ৳ 900.00),",(100's pack: ৳ 900.00)
13434,MB 12,allopathic,mb-12imiv-injection500-mcgml,IM/IV Injection,Mecobalamin,500 mcg/ml,ACME Laboratories Ltd.,"1 ml ampoule: ৳ 30.20,(5's pack: ৳ 151.00),",(5's pack: ৳ 151.00)
12369,Medizen,allopathic,medizencream1,Cream,Silver Sulfadiazine,1%,Pharmasia Limited,25 gm tube: ৳ 35.00,
14207,Medivit-M,allopathic,medivit-mtablet,Tablet,Multivitamin & Multimineral,,Medicon Pharmaceuticals Ltd.,"Unit Price: ৳ 1.79,(30's pack: ৳ 53.81),",(30's pack: ৳ 53.81)
13798,Medivit,allopathic,medivittablet,Tablet,Vitamin B complex,,Medicon Pharmaceuticals Ltd.,"Unit Price: ৳ 0.57,(100's pack: ৳ 56.81),",(100's pack: ৳ 56.81)
9028,Meditrim,allopathic,meditrimoral-suspension200-mg40-mg5-ml,Oral Suspension,Sulphamethoxazole + Trimethoprim,(200 mg+40 mg)/5 ml,Medimet Pharmaceuticals Ltd.,60 ml bottle: ৳ 20.00,
9027,Meditrim,allopathic,meditrimtablet800-mg160-mg,Tablet,Sulphamethoxazole + Trimethoprim,800 mg+160 mg,Medimet Pharmaceuticals Ltd.,"Unit Price: ৳ 2.60,(50's pack: ৳ 130.00),",(50's pack: ৳ 130.00)
9026,Meditrim,allopathic,meditrimtablet400-mg80-mg,Tablet,Sulphamethoxazole + Trimethoprim,400 mg+80 mg,Medimet Pharmaceuticals Ltd.,"Unit Price: ৳ 1.48,(100's pack: ৳ 148.00),",(100's pack: ৳ 148.00)
14805,Medimet's ORS,allopathic,medimets-orsoral-powder1395-gm,Oral Powder,Oral Rehydration Salt [Powder],13.95 gm,Medimet Pharmaceuticals Ltd.,"Unit Price: ৳ 4.50,(12's pack: ৳ 54.00),",(12's pack: ৳ 54.00)
22615,Medikast,allopathic,medikasttablet10-mg,Tablet,Montelukast Sodium,10 mg,Leon Pharmaceuticals Ltd.,"Unit Price: ৳ 15.00,(20's pack: ৳ 300.00),",(20's pack: ৳ 300.00)
22614,Medikast,allopathic,medikastchewable-tablet5-mg,Chewable Tablet,Montelukast Sodium,5 mg,Leon Pharmaceuticals Ltd.,"Unit Price: ৳ 8.00,(20's pack: ৳ 160.00),",(20's pack: ৳ 160.00)
22613,Medikast,allopathic,medikastchewable-tablet4-mg,Chewable Tablet,Montelukast Sodium,4 mg,Leon Pharmaceuticals Ltd.,"Unit Price: ৳ 6.00,(20's pack: ৳ 120.00),",(20's pack: ৳ 120.00)
24457,Medigra,allopathic,medigratablet100-mg,Tablet,Sildenafil Citrate,100 mg,MedRx Life Science Ltd.,Unit Price: ৳ 70.00,
24456,Medigra,allopathic,medigratablet50-mg,Tablet,Sildenafil Citrate,50 mg,MedRx Life Science Ltd.,Unit Price: ৳ 40.00,
11033,Medifen TR,allopathic,medifen-trcapsule-timed-release100-mg,Capsule (Timed Release),Diclofenac Sodium,100 mg,Medicon Pharmaceuticals Ltd.,"Unit Price: ৳ 2.73,(50's pack: ৳ 136.35),",(50's pack: ৳ 136.35)
11032,Medifen,allopathic,medifengel1-ww,Gel,Diclofenac Sodium,1% w/w,Medicon Pharmaceuticals Ltd.,10 gm tube: ৳ 12.95,
977,Medicon Oralsaline,allopathic,medicon-oralsalineoral-powder1995-gm,Oral Powder,Oral Rehydration Salt [Powder],19.95 gm,Medicon Pharmaceuticals Ltd.,"Unit Price: ৳ 4.32,(25's pack: ৳ 107.95),",(25's pack: ৳ 107.95)
6932,Medicef,allopathic,medicefpowder-for-suspension125-mg5-ml,Powder for Suspension,Cephradine,125 mg/5 ml,Medicon Pharmaceuticals Ltd.,100 ml bottle: ৳ 75.00,
5913,Medogen,allopathic,medogentablet5-mg,Tablet,Medroxyprogesterone Acetate (Tablet),5 mg,Incepta Pharmaceuticals Ltd.,"Unit Price: ৳ 5.38,(60's pack: ৳ 322.80),",(60's pack: ৳ 322.80)
10130,Medizol,allopathic,medizoloral-suspension200-mg5-ml,Oral Suspension,Metronidazole,200 mg/5 ml,Medicon Pharmaceuticals Ltd.,60 ml bottle: ৳ 23.86,
10129,Medizol,allopathic,medizoltablet400-mg,Tablet,Metronidazole,400 mg,Medicon Pharmaceuticals Ltd.,"Unit Price: ৳ 1.14,(100's pack: ৳ 113.63),",(100's pack: ৳ 113.63)
6931,Medicef,allopathic,medicefcapsule500-mg,Capsule,Cephradine,500 mg,Medicon Pharmaceuticals Ltd.,"Unit Price: ৳ 11.93,(20's pack: ৳ 238.62),",(20's pack: ৳ 238.62)
13650,Medibion,allopathic,medibiontablet100-mg200-mg200-mcg,Tablet,"Vitamin B1, B6 & B12",100 mg+200 mg+200 mcg,Medicon Pharmaceuticals Ltd.,"Unit Price: ৳ 7.39,(50's pack: ৳ 369.29),",(50's pack: ৳ 369.29)
14173,Medi Gold,allopathic,medi-goldsyrup,Syrup,Multivitamin & Multimineral [A-Z syrup preparation],,Medicon Pharmaceuticals Ltd.,"100 ml bottle: ৳ 86.36,200 ml bottle: ৳ 154.53",
14102,Medi Gold,allopathic,medi-goldtablet,Tablet,Multivitamin & Multimineral [A-Z gold preparation],,Medicon Pharmaceuticals Ltd.,"Unit Price: ৳ 6.82,(15's pack: ৳ 102.27),,Unit Price: ৳ 6.82,(30's pack: ৳ 204.53),","(15's pack: ৳ 102.27),(30's pack: ৳ 204.53)"
13095,Mederma,allopathic,medermagel20-gm,Gel,Emollient [Cepalin+Allantoin],20 gm,MERZ Pharma GmbH & Co.,20 gm tube: ৳ 990.00,
14311,Med Cal,allopathic,med-caltablet500-mg,Tablet,Calcium Carbonate,500 mg,Medimet Pharmaceuticals Ltd.,"Unit Price: ৳ 2.00,(50's pack: ৳ 100.00),",(50's pack: ৳ 100.00)
4614,Meczin,allopathic,meczintablet50-mg,Tablet,Meclizine Hydrochloride,50 mg,Ad-din Pharmaceuticals Ltd.,"Unit Price: ৳ 2.50,(50's pack: ৳ 125.00),",(50's pack: ৳ 125.00)
30367,Mectin,allopathic,mectintablet6-mg,Tablet,Ivermectin (Tablet),6 mg,Renata Limited,"Unit Price: ৳ 10.00,(30's pack: ৳ 300.00),",(30's pack: ৳ 300.00)
30366,Mectin,allopathic,mectintablet12-mg,Tablet,Ivermectin (Tablet),12 mg,Renata Limited,"Unit Price: ৳ 20.00,(20's pack: ৳ 400.00),",(20's pack: ৳ 400.00)
10128,Mecozol,allopathic,mecozoloral-suspension200-mg5-ml,Oral Suspension,Metronidazole,200 mg/5 ml,Amico Laboratories Ltd.,60 ml bottle: ৳ 25.00,
10127,Mecozol,allopathic,mecozoltablet400-mg,Tablet,Metronidazole,400 mg,Amico Laboratories Ltd.,"Unit Price: ৳ 1.00,(100's pack: ৳ 100.00),",(100's pack: ৳ 100.00)
27390,Mefin,allopathic,mefintablet850-mg,Tablet,Metformin Hydrochloride,850 mg,United Pharmaceuticals Ltd.,"Unit Price: ৳ 4.00,(50's pack: ৳ 200.00),",(50's pack: ৳ 200.00)
27389,Mefin,allopathic,mefintablet500-mg,Tablet,Metformin Hydrochloride,500 mg,United Pharmaceuticals Ltd.,"Unit Price: ৳ 3.01,(100's pack: ৳ 301.48),",(100's pack: ৳ 301.48)
29531,Mefalgin,allopathic,mefalgintablet500-mg,Tablet,Mefenamic acid,500 mg,Cosmic Pharma Ltd.,"Unit Price: ৳ 4.00,(100's pack: ৳ 400.00),",(100's pack: ৳ 400.00)
11399,Mefalgin,allopathic,mefalginoral-suspension50-mg5-ml,Oral Suspension,Mefenamic acid,50 mg/5 ml,Cosmic Pharma Ltd.,60 ml bottle: ৳ 30.00,
11397,Mefalgin,allopathic,mefalgintablet250-mg,Tablet,Mefenamic acid,250 mg,Cosmic Pharma Ltd.,"Unit Price: ৳ 1.80,(100's pack: ৳ 180.00),",(100's pack: ৳ 180.00)
11406,Mefa,allopathic,mefatablet250-mg,Tablet,Mefenamic acid,250 mg,Salton Pharmaceuticals Ltd.,"Unit Price: ৳ 1.25,(100's pack: ৳ 125.00),",(100's pack: ৳ 125.00)
11404,Mefa,allopathic,mefaoral-suspension50-mg5-ml,Oral Suspension,Mefenamic acid,50 mg/5 ml,Salton Pharmaceuticals Ltd.,100 ml bottle: ৳ 28.10,
18417,Meera SR,allopathic,meera-srtablet-sustained-release50-mg,Tablet (Sustained Release),Butamirate Citrate,50 mg,Delta Pharma Ltd.,"Unit Price: ৳ 10.00,(20's pack: ৳ 200.00),",(20's pack: ৳ 200.00)
27775,Meera,allopathic,meerasyrup75-mg5-ml,Syrup,Butamirate Citrate,7.5 mg/5 ml,Delta Pharma Ltd.,100 ml bottle: ৳ 80.00,
22419,Meenazole,allopathic,meenazoletablet400-mg,Tablet,Metronidazole,400 mg,Pharmik Laboratories Ltd.,Unit Price: ৳ 1.27,
25635,Medzith,allopathic,medzithpowder-for-suspension200-mg5-ml,Powder for Suspension,Azithromycin Dihydrate,200 mg/5 ml,MedRx Life Science Ltd.,30 ml bottle: ৳ 140.00,
28459,Medroxy,allopathic,medroxyim-injection150-mgml,IM Injection,Medroxyprogesterone Acetate (Injection),150 mg/ml,Popular Pharmaceuticals Ltd.,"1 ml vial: ৳ 48.00,(10's pack: ৳ 480.00),",(10's pack: ৳ 480.00)
5906,Medroxy,allopathic,medroxytablet10-mg,Tablet,Medroxyprogesterone Acetate (Tablet),10 mg,Popular Pharmaceuticals Ltd.,"Unit Price: ৳ 10.07,(30's pack: ৳ 302.12),",(30's pack: ৳ 302.12)
5905,Medroxy,allopathic,medroxytablet5-mg,Tablet,Medroxyprogesterone Acetate (Tablet),5 mg,Popular Pharmaceuticals Ltd.,"Unit Price: ৳ 5.40,(60's pack: ৳ 324.00),",(60's pack: ৳ 324.00)
11897,Medrolin,allopathic,medrolintablet50-mg,Tablet,Mebhydrolin Napadisylate,50 mg,Opsonin Pharma Ltd.,"Unit Price: ৳ 1.51,(100's pack: ৳ 151.00),",(100's pack: ৳ 151.00)
28932,Medrol,allopathic,medroltablet16-mg,Tablet,Methylprednisolone,16 mg,Pfizer,"Unit Price: ৳ 23.43,(14's pack: ৳ 328.00),",(14's pack: ৳ 328.00)
30173,Mefoglip,allopathic,mefogliptablet25-mg500-mg,Tablet,Glipizide + Metformin Hydrochloride,2.5 mg+500 mg,Incepta Pharmaceuticals Ltd.,"Unit Price: ৳ 2.80,(30's pack: ৳ 84.00),",(30's pack: ৳ 84.00)
30172,Mefoglip,allopathic,mefogliptablet25-mg250-mg,Tablet,Glipizide + Metformin Hydrochloride,2.5 mg+250 mg,Incepta Pharmaceuticals Ltd.,"Unit Price: ৳ 1.90,(50's pack: ৳ 95.00),",(50's pack: ৳ 95.00)
31539,Meflon,allopathic,meflontablet250-mg,Tablet,Mefloquine,250 mg,ACI Limited,"Unit Price: ৳ 39.61,(100's pack: ৳ 3,961.00),","(100's pack: ৳ 3,961.00)"
9599,Meflocin,allopathic,meflocinophthalmic-solution03,Ophthalmic Solution,Lomefloxacin (Ophthalmic),0.30%,Asiatic Laboratories Ltd.,5 ml drop: ৳ 70.00,
28931,Medrol,allopathic,medroltablet4-mg,Tablet,Methylprednisolone,4 mg,Pfizer,"Unit Price: ৳ 7.52,(100's pack: ৳ 752.00),",(100's pack: ৳ 752.00)
22231,Medrol,allopathic,medrolinjection80-mg2-ml,Injection,Methylprednisolone Acetate,80 mg/2 ml,Techno Drugs Ltd.,80 mg vial: ৳ 100.00,
22230,Medrol,allopathic,medrolinjection40-mgml,Injection,Methylprednisolone Acetate,40 mg/ml,Techno Drugs Ltd.,"40 mg vial: ৳ 75.25,(5's pack: ৳ 376.25),",(5's pack: ৳ 376.25)
5904,Medrogest,allopathic,medrogesttablet10-mg,Tablet,Medroxyprogesterone Acetate (Tablet),10 mg,Renata Limited,"Unit Price: ৳ 10.00,(30's pack: ৳ 300.00),",(30's pack: ৳ 300.00)
5903,Medrogest,allopathic,medrogesttablet5-mg,Tablet,Medroxyprogesterone Acetate (Tablet),5 mg,Renata Limited,"Unit Price: ৳ 5.38,(30's pack: ৳ 161.40),",(30's pack: ৳ 161.40)
5902,Medrina,allopathic,medrinatablet5-mg,Tablet,Medroxyprogesterone Acetate (Tablet),5 mg,Beacon Pharmaceuticals Ltd.,"Unit Price: ৳ 4.70,(30's pack: ৳ 141.00),",(30's pack: ৳ 141.00)
20117,Medricox,allopathic,medricoxtablet120-mg,Tablet,Etoricoxib,120 mg,MedRx Life Science Ltd.,Unit Price: ৳ 14.00,
20116,Medricox,allopathic,medricoxtablet90-mg,Tablet,Etoricoxib,90 mg,MedRx Life Science Ltd.,Unit Price: ৳ 12.00,
5915,Medogen,allopathic,medogenim-injection150-mgml,IM Injection,Medroxyprogesterone Acetate (Injection),150 mg/ml,Incepta Pharmaceuticals Ltd.,1 ml vial: ৳ 38.00,
5914,Medogen,allopathic,medogentablet10-mg,Tablet,Medroxyprogesterone Acetate (Tablet),10 mg,Incepta Pharmaceuticals Ltd.,"Unit Price: ৳ 10.00,(30's pack: ৳ 300.00),",(30's pack: ৳ 300.00)
29805,Meganor,allopathic,meganortablet160-mg,Tablet,Megestrol Acetate,160 mg,Eskayef Pharmaceuticals Ltd.,"Unit Price: ৳ 90.00,(30's pack: ৳ 2,700.00),","(30's pack: ৳ 2,700.00)"
6081,Megafil,allopathic,megafiltablet20-mg,Tablet,Tadalafil,20 mg,ACME Laboratories Ltd.,"Unit Price: ৳ 60.18,(4's pack: ৳ 240.72),,Unit Price: ৳ 60.18,(10's pack: ৳ 601.80),","(4's pack: ৳ 240.72),(10's pack: ৳ 601.80)"
6080,Megafil,allopathic,megafiltablet10-mg,Tablet,Tadalafil,10 mg,ACME Laboratories Ltd.,"Unit Price: ৳ 35.11,(4's pack: ৳ 140.44),,Unit Price: ৳ 35.11,(20's pack: ৳ 702.20),","(4's pack: ৳ 140.44),(20's pack: ৳ 702.20)"
11035,Megafen-SR,allopathic,megafen-srtablet-sustained-release100-mg,Tablet (Sustained Release),Diclofenac Sodium,100 mg,Jayson Pharmaceuticals Ltd.,"Unit Price: ৳ 3.02,(50's pack: ৳ 151.00),",(50's pack: ৳ 151.00)
11037,Megafen Plus,allopathic,megafen-plusim-injection75-mg20-mg2-ml,IM Injection,Diclofenac Sodium + Lidocaine Hydrochloride,(75 mg+20 mg)/2 ml,Jayson Pharmaceuticals Ltd.,"2 ml ampoule: ৳ 15.05,(10's pack: ৳ 150.50),",(10's pack: ৳ 150.50)
11036,Megafen,allopathic,megafenim-injection75-mg3-ml,IM Injection,Diclofenac Sodium,75 mg/3 ml,Jayson Pharmaceuticals Ltd.,"3 ml ampoule: ৳ 10.18,(20's pack: ৳ 203.60),",(20's pack: ৳ 203.60)
11034,Megafen,allopathic,megafentablet50-mg,Tablet,Diclofenac Sodium,50 mg,Jayson Pharmaceuticals Ltd.,"Unit Price: ৳ 0.81,(100's pack: ৳ 81.00),",(100's pack: ৳ 81.00)
8361,Megadox,allopathic,megadoxcapsule100-mg,Capsule,Doxycycline Hydrochloride,100 mg,Beximco Pharmaceuticals Ltd.,"Unit Price: ৳ 2.16,(100's pack: ৳ 216.11),",(100's pack: ৳ 216.11)
6675,Megacilin,allopathic,megaciliniv-infusion4-gm05-gmvial,IV Infusion,Piperacillin + Tazobactam,(4 gm+0.5 gm)/vial,Popular Pharmaceuticals Ltd.,"4.5 gm vial: ৳ 1,003.77",
28807,Megabac,allopathic,megabacimiv-injection2-miu,IM/IV Injection,Colistimethate Sodium,2 MIU,Incepta Pharmaceuticals Ltd.,2 MIU vial: ৳ 700.00,
28806,Megabac,allopathic,megabacimiv-injection1-miu,IM/IV Injection,Colistimethate Sodium,1 MIU,Incepta Pharmaceuticals Ltd.,1 MIU vial: ৳ 400.00,
26229,Megabac,allopathic,megabacimiv-injection3-miu,IM/IV Injection,Colistimethate Sodium,3 MIU,Incepta Pharmaceuticals Ltd.,"3 MIU vial: ৳ 1,000.00",
13931,Mega-C,allopathic,mega-cinjection500-mg5-ml,Injection,Vitamin C [Ascorbic acid],500 mg/5 ml,Edruc Limited,"5 ml ampoule: ৳ 6.00,(10's pack: ৳ 60.00),",(10's pack: ৳ 60.00)
13930,Mega-C,allopathic,mega-cchewable-tablet250-mg,Chewable Tablet,Vitamin C [Ascorbic acid],250 mg,Edruc Limited,"Unit Price: ৳ 1.31,(200's pack: ৳ 262.00),",(200's pack: ৳ 262.00)
9662,Mega Flox,allopathic,mega-floxtablet200-mg,Tablet,Sparfloxacin,200 mg,Hudson Pharmaceuticals Ltd.,"Unit Price: ৳ 15.00,(20's pack: ৳ 300.00),",(20's pack: ৳ 300.00)
6937,Mega Cef,allopathic,mega-cefpowder-for-suspension125-mg5-ml,Powder for Suspension,Cephradine,125 mg/5 ml,Hudson Pharmaceuticals Ltd.,100 ml bottle: ৳ 81.00,
8175,Megapime,allopathic,megapimeiv-injection2-gmvial,IV Injection,Cefepime Hydrochloride,2 gm/vial,Eskayef Pharmaceuticals Ltd.,"2 gm vial: ৳ 1,100.00",
8174,Megapime,allopathic,megapimeimiv-injection1-gmvial,IM/IV Injection,Cefepime Hydrochloride,1 gm/vial,Eskayef Pharmaceuticals Ltd.,1 gm vial: ৳ 550.00,
8173,Megapime,allopathic,megapimeimiv-injection500-mgvial,IM/IV Injection,Cefepime Hydrochloride,500 mg/vial,Eskayef Pharmaceuticals Ltd.,500 mg vial: ৳ 300.00,
6936,Mega Cef,allopathic,mega-cefcapsule500-mg,Capsule,Cephradine,500 mg,Hudson Pharmaceuticals Ltd.,"Unit Price: ৳ 11.90,(30's pack: ৳ 357.00),",(30's pack: ৳ 357.00)
25916,Mefrad,allopathic,mefradpowder-for-suspension250-mg5-ml,Powder for Suspension,Cephradine,250 mg/5 ml,Modern Pharmaceuticals Ltd.,100 ml bottle: ৳ 100.00,
6933,Mefrad,allopathic,mefradcapsule500-mg,Capsule,Cephradine,500 mg,Modern Pharmaceuticals Ltd.,"Unit Price: ৳ 12.55,(20's pack: ৳ 251.00),",(20's pack: ৳ 251.00)
27929,Mefotrix DS,allopathic,mefotrix-dstablet500-mg,Tablet,Mefenamic acid,500 mg,The White Horse Pharma,"Unit Price: ৳ 5.00,(50's pack: ৳ 250.00),",(50's pack: ৳ 250.00)
5418,Meformin,allopathic,meformintablet850-mg,Tablet,Metformin Hydrochloride,850 mg,Organic Health Care Ltd.,"Unit Price: ৳ 3.01,(50's pack: ৳ 150.50),",(50's pack: ৳ 150.50)
5417,Meformin,allopathic,meformintablet500-mg,Tablet,Metformin Hydrochloride,500 mg,Organic Health Care Ltd.,"Unit Price: ৳ 2.00,(100's pack: ৳ 200.00),",(100's pack: ৳ 200.00)
5415,Meforin,allopathic,meforintablet850-mg,Tablet,Metformin Hydrochloride,850 mg,Jenphar Bangladesh Ltd.,"Unit Price: ৳ 6.00,(50's pack: ৳ 300.00),",(50's pack: ৳ 300.00)
5414,Meforin,allopathic,meforintablet500-mg,Tablet,Metformin Hydrochloride,500 mg,Jenphar Bangladesh Ltd.,"Unit Price: ৳ 4.00,(50's pack: ৳ 200.00),",(50's pack: ৳ 200.00)
5413,Meforex,allopathic,meforextablet850-mg,Tablet,Metformin Hydrochloride,850 mg,Jayson Pharmaceuticals Ltd.,"Unit Price: ৳ 3.01,(30's pack: ৳ 90.30),",(30's pack: ৳ 90.30)
5412,Meforex,allopathic,meforextablet500-mg,Tablet,Metformin Hydrochloride,500 mg,Jayson Pharmaceuticals Ltd.,"Unit Price: ৳ 2.00,(50's pack: ৳ 100.00),",(50's pack: ৳ 100.00)
30174,Mefoglip DS,allopathic,mefoglip-dstablet5-mg500-mg,Tablet,Glipizide + Metformin Hydrochloride,5 mg+500 mg,Incepta Pharmaceuticals Ltd.,"Unit Price: ৳ 3.70,(30's pack: ৳ 111.00),",(30's pack: ৳ 111.00)
11407,Melcam,allopathic,melcamtablet15-mg,Tablet,Meloxicam,15 mg,Square Pharmaceuticals Ltd.,"Unit Price: ৳ 4.03,(50's pack: ৳ 201.50),",(50's pack: ৳ 201.50)
12806,Melatrin,allopathic,melatrincream0014005,Cream,Fluocinolone Acetonide + Hydroquinone + Tretinoin,0.01%+4%+0.05%,Ziska Pharmaceuticals Ltd.,30 gm tube: ৳ 200.00,
4679,Melatil,allopathic,melatilinjection125-mgml,Injection,Prochlorperazine Maleate,12.5 mg/ml,Gaco Pharmaceuticals Ltd.,1 ml ampoule: ৳ 3.55,
4678,Melatil,allopathic,melatiltablet5-mg,Tablet,Prochlorperazine Maleate,5 mg,Gaco Pharmaceuticals Ltd.,"Unit Price: ৳ 0.45,(100's pack: ৳ 45.00),",(100's pack: ৳ 45.00)
20419,Melasin,allopathic,melasincream0014005,Cream,Fluocinolone Acetonide + Hydroquinone + Tretinoin,0.01%+4%+0.05%,Pharmasia Limited,"15 gm tube: ৳ 110.00,30 gm tube: ৳ 195.00",
20446,Melanxit,allopathic,melanxittablet05-mg10-mg,Tablet,Flupentixol + Melitracen,0.5 mg+10 mg,Organic Health Care Ltd.,"Unit Price: ৳ 4.02,(50's pack: ৳ 201.00),",(50's pack: ৳ 201.00)
27520,Melano,allopathic,melanocream0014005,Cream,Fluocinolone Acetonide + Hydroquinone + Tretinoin,0.01%+4%+0.05%,Square Pharmaceuticals Ltd.,30 gm tube: ৳ 200.00,
10132,Melagyl,allopathic,melagyloral-suspension200-mg5-ml,Oral Suspension,Metronidazole,200 mg/5 ml,Reliance Pharmaceuticals Ltd.,60 ml bottle: ৳ 25.75,
10131,Melagyl,allopathic,melagyltablet400-mg,Tablet,Metronidazole,400 mg,Reliance Pharmaceuticals Ltd.,"Unit Price: ৳ 1.02,(100's pack: ৳ 102.00),",(100's pack: ৳ 102.00)
28125,Melafresh,allopathic,melafreshcream0014005,Cream,Fluocinolone Acetonide + Hydroquinone + Tretinoin,0.01%+4%+0.05%,Cosmic Pharma Ltd.,30 gm tube: ৳ 190.00,
13098,Melacare,allopathic,melacarecream0014005,Cream,Fluocinolone Acetonide + Hydroquinone + Tretinoin,0.01%+4%+0.05%,Chemist Laboratories  Ltd.,"15 gm tube: ৳ 110.00,30 gm tube: ৳ 180.00",
22165,Meglu ER,allopathic,meglu-ertablet-extended-release1000-mg,Tablet (Extended Release),Metformin Hydrochloride,1000 mg,UniMed UniHealth,"Unit Price: ৳ 9.00,(28's pack: ৳ 252.00),",(28's pack: ৳ 252.00)
22164,Meglu ER,allopathic,meglu-ertablet-extended-release750-mg,Tablet (Extended Release),Metformin Hydrochloride,750 mg,UniMed UniHealth,"Unit Price: ৳ 8.00,(30's pack: ৳ 240.00),",(30's pack: ৳ 240.00)
5421,Meglu ER,allopathic,meglu-ertablet-extended-release500-mg,Tablet (Extended Release),Metformin Hydrochloride,500 mg,UniMed UniHealth,"Unit Price: ৳ 6.00,(30's pack: ৳ 180.00),",(30's pack: ৳ 180.00)
5420,Meglu,allopathic,meglutablet850-mg,Tablet,Metformin Hydrochloride,850 mg,UniMed UniHealth,"Unit Price: ৳ 5.00,(30's pack: ৳ 150.00),",(30's pack: ৳ 150.00)
5419,Meglu,allopathic,meglutablet500-mg,Tablet,Metformin Hydrochloride,500 mg,UniMed UniHealth,"Unit Price: ৳ 4.00,(30's pack: ৳ 120.00),",(30's pack: ৳ 120.00)
32300,Meloderm,allopathic,melodermointment01,Ointment,Mometasone Furoate (Topical),0.10%,ACI Limited,5 gm tube: ৳ 100.30,
12691,Meloderm,allopathic,melodermcream01,Cream,Mometasone Furoate (Topical),0.10%,ACI Limited,5 gm tube: ৳ 100.30,
22019,Melizin,allopathic,melizintablet50-mg,Tablet,Meclizine Hydrochloride,50 mg,Pacific Pharmaceuticals Ltd.,"Unit Price: ৳ 2.50,(50's pack: ৳ 125.00),",(50's pack: ৳ 125.00)
4350,Melixol,allopathic,melixoltablet05-mg10-mg,Tablet,Flupentixol + Melitracen,0.5 mg+10 mg,Square Pharmaceuticals Ltd.,"Unit Price: ৳ 5.02,(50's pack: ৳ 251.00),",(50's pack: ৳ 251.00)
4473,Meliva,allopathic,melivatablet10-mg,Tablet,Escitalopram Oxalate,10 mg,Jayson Pharmaceuticals Ltd.,"Unit Price: ৳ 8.06,(30's pack: ৳ 241.80),",(30's pack: ৳ 241.80)
20441,Melit,allopathic,melittablet05-mg10-mg,Tablet,Flupentixol + Melitracen,0.5 mg+10 mg,Ethical Drug Ltd.,"Unit Price: ৳ 4.00,(50's pack: ৳ 200.00),",(50's pack: ৳ 200.00)
4517,Melev,allopathic,melevtablet20-mg,Tablet,Paroxetine Hydrochloride,20 mg,Beximco Pharmaceuticals Ltd.,"Unit Price: ৳ 9.54,(30's pack: ৳ 286.20),",(30's pack: ৳ 286.20)
22045,Megestol,allopathic,megestoloral-suspension200-mg5-ml,Oral Suspension,Megestrol Acetate,200 mg/5 ml,Ziska Pharmaceuticals Ltd.,100 ml bottle: ৳ 500.00,
22044,Megestol,allopathic,megestoltablet160-mg,Tablet,Megestrol Acetate,160 mg,Ziska Pharmaceuticals Ltd.,"Unit Price: ৳ 70.00,(16's pack: ৳ 1,120.00),","(16's pack: ৳ 1,120.00)"
30976,Megenox,allopathic,megenoxoral-suspension200-mg5-ml,Oral Suspension,Megestrol Acetate,200 mg/5 ml,ACME Laboratories Ltd.,100 ml bottle: ৳ 500.00,
12174,Megatrol,allopathic,megatroltablet5-mg,Tablet,Levocetirizine Dihydrochloride,5 mg,Peoples Pharma Ltd.,"Unit Price: ৳ 2.00,(100's pack: ৳ 200.00),",(100's pack: ৳ 200.00)
9030,Megatrim DS,allopathic,megatrim-dstablet800-mg160-mg,Tablet,Sulphamethoxazole + Trimethoprim,800 mg+160 mg,Beximco Pharmaceuticals Ltd.,"Unit Price: ৳ 2.65,(150's pack: ৳ 398.20),",(150's pack: ৳ 398.20)
9031,Megatrim,allopathic,megatrimoral-suspension200-mg40-mg5-ml,Oral Suspension,Sulphamethoxazole + Trimethoprim,(200 mg+40 mg)/5 ml,Beximco Pharmaceuticals Ltd.,60 ml bottle: ৳ 22.17,
16604,Megasim,allopathic,megasimoral-suspension480-mg20-mg5-ml,Oral Suspension,Magaldrate + Simethicone,(480 mg+20 mg)/5 ml,Medicon Pharmaceuticals Ltd.,200 ml bottle: ৳ 95.45,
22064,Menem,allopathic,menemiv-injection-or-infusion500-mgvial,IV Injection or Infusion,Meropenem Trihydrate,500 mg/vial,Astra Biopharmaceuticals Ltd.,500 mg vial: ৳ 700.00,
22063,Menem,allopathic,menemiv-injection-or-infusion1-gmvial,IV Injection or Infusion,Meropenem Trihydrate,1 gm/vial,Astra Biopharmaceuticals Ltd.,"1 gm vial: ৳ 1,300.00",
26659,Mendil,allopathic,mendilsyrup14-mg2-mg5-ml,Syrup,Diphenhydramine + Levomenthol,(14 mg+2 mg)/5 ml,Globe Pharmaceuticals Ltd.,"100 ml bottle: ৳ 45.00,200 ml bottle: ৳ 70.00",
18181,Menaril,allopathic,menariltablet16-mg,Tablet,Betahistine Dihydrochloride,16 mg,Incepta Pharmaceuticals Ltd.,"Unit Price: ৳ 5.00,(50's pack: ৳ 250.00),",(50's pack: ৳ 250.00)
4689,Menaril,allopathic,menariltablet8-mg,Tablet,Betahistine Dihydrochloride,8 mg,Incepta Pharmaceuticals Ltd.,"Unit Price: ৳ 3.00,(100's pack: ৳ 300.00),",(100's pack: ৳ 300.00)
30883,Menaquin,allopathic,menaquincapsule200-mcg,Capsule,Menaquinone-7,200 mcg,Radiant Nutraceuticals Ltd.,"Unit Price: ৳ 25.00,(30's pack: ৳ 750.00),",(30's pack: ৳ 750.00)
28343,Menactra,allopathic,menactrasc-injection05-mlvial,SC Injection,Polysaccharide Diphtheria Toxoid Conjugate Vaccine,0.5 ml/vial,Synovia pharma plc,"0.5 ml vial: ৳ 3,804.00",
5152,Memopil,allopathic,memopilsyrup500-mg5-ml,Syrup,Piracetam,500 mg/5 ml,ACI Limited,100 ml bottle: ৳ 151.02,
5151,Memopil,allopathic,memopiltablet800-mg,Tablet,Piracetam,800 mg,ACI Limited,"Unit Price: ৳ 6.04,(50's pack: ৳ 302.00),",(50's pack: ৳ 302.00)
32193,Memogen,allopathic,memogentablet10-mg,Tablet,Memantine Hydrochloride,10 mg,Orion Pharma Ltd.,"Unit Price: ৳ 10.03,(30's pack: ৳ 300.90),",(30's pack: ৳ 300.90)
26778,Memanto,allopathic,memantotablet5-mg,Tablet,Memantine Hydrochloride,5 mg,Eskayef Pharmaceuticals Ltd.,"Unit Price: ৳ 10.00,(30's pack: ৳ 300.00),",(30's pack: ৳ 300.00)
26777,Memanto,allopathic,memantotablet10-mg,Tablet,Memantine Hydrochloride,10 mg,Eskayef Pharmaceuticals Ltd.,"Unit Price: ৳ 18.00,(20's pack: ৳ 360.00),",(20's pack: ৳ 360.00)
4352,Melxit,allopathic,melxittablet05-mg10-mg,Tablet,Flupentixol + Melitracen,0.5 mg+10 mg,Ziska Pharmaceuticals Ltd.,"Unit Price: ৳ 5.00,(50's pack: ৳ 250.00),",(50's pack: ৳ 250.00)
4351,Meltix,allopathic,meltixtablet05-mg10-mg,Tablet,Flupentixol + Melitracen,0.5 mg+10 mg,Navana Pharmaceuticals Ltd.,"Unit Price: ৳ 5.00,(100's pack: ৳ 500.00),",(100's pack: ৳ 500.00)
22259,Melpred,allopathic,melpredtablet16-mg,Tablet,Methylprednisolone,16 mg,Pharmasia Limited,"Unit Price: ৳ 20.00,(30's pack: ৳ 600.00),",(30's pack: ৳ 600.00)
22258,Melpred,allopathic,melpredtablet8-mg,Tablet,Methylprednisolone,8 mg,Pharmasia Limited,"Unit Price: ৳ 10.00,(30's pack: ৳ 300.00),",(30's pack: ৳ 300.00)
10136,Menol,allopathic,menoloral-suspension200-mg5-ml,Oral Suspension,Metronidazole,200 mg/5 ml,Supreme Pharmaceutical Ltd.,60 ml bottle: ৳ 25.75,
10135,Menol,allopathic,menoltablet400-mg,Tablet,Metronidazole,400 mg,Supreme Pharmaceutical Ltd.,"Unit Price: ৳ 1.14,(100's pack: ৳ 114.00),",(100's pack: ৳ 114.00)
5918,Menogia,allopathic,menogiatablet5-mg,Tablet,Norethisterone Acetate,5 mg,ACI Limited,"Unit Price: ৳ 6.00,(60's pack: ৳ 360.00),",(60's pack: ৳ 360.00)
26163,Menofactor,allopathic,menofactorimsc-injection75-iuvial,IM/SC Injection,Human Menopausal Gonadotrophin,75 IU/vial,ZAS Corporation,75 IU vial: ৳ 895.00,
10133,Menilet,allopathic,menilettablet400-mg,Tablet,Metronidazole,400 mg,Alco Pharma Ltd.,"Unit Price: ৳ 1.57,(100's pack: ৳ 157.00),",(100's pack: ৳ 157.00)
10205,Menida,allopathic,menidaoral-suspension200-mg5-ml,Oral Suspension,Metronidazole,200 mg/5 ml,Oyster Pharmaceuticals Ltd.,60 ml bottle: ৳ 25.00,
10204,Menida,allopathic,menidatablet400-mg,Tablet,Metronidazole,400 mg,Oyster Pharmaceuticals Ltd.,"Unit Price: ৳ 1.00,(100's pack: ৳ 100.00),",(100's pack: ৳ 100.00)
22257,Melpred,allopathic,melpredtablet4-mg,Tablet,Methylprednisolone,4 mg,Pharmasia Limited,"Unit Price: ৳ 5.00,(30's pack: ৳ 150.00),",(30's pack: ৳ 150.00)
22256,Melpred,allopathic,melpredtablet2-mg,Tablet,Methylprednisolone,2 mg,Pharmasia Limited,"Unit Price: ৳ 3.00,(30's pack: ৳ 90.00),",(30's pack: ৳ 90.00)
5872,Melpred,allopathic,melpredimiv-injection500-mgvial,IM/IV Injection,Methylprednisolone Sodium Succcinate,500 mg/vial,Pharmasia Limited,500 mg vial: ৳ 600.00,
5871,Melpred,allopathic,melpredimiv-injection1-gmvial,IM/IV Injection,Methylprednisolone Sodium Succcinate,1 gm/vial,Pharmasia Limited,"1 gm vial: ৳ 1,000.00",
10350,Melphin,allopathic,melphinoral-suspension50-mgml,Oral Suspension,Pyrantel Pamoate,50 mg/ml,Beximco Pharmaceuticals Ltd.,"10 ml bottle: ৳ 16.10,(12's pack: ৳ 193.22),",(12's pack: ৳ 193.22)
10349,Melphin,allopathic,melphintablet125-mg,Tablet,Pyrantel Pamoate,125 mg,Beximco Pharmaceuticals Ltd.,"Unit Price: ৳ 1.66,(100's pack: ৳ 165.84),",(100's pack: ৳ 165.84)
31393,Melonin,allopathic,melonintablet3-mg,Tablet,Melatonin,3 mg,Eskayef Pharmaceuticals Ltd.,"Unit Price: ৳ 3.00,(30's pack: ৳ 90.00),",(30's pack: ৳ 90.00)
8228,Merocar,allopathic,merocariv-injection-or-infusion500-mgvial,IV Injection or Infusion,Meropenem Trihydrate,500 mg/vial,Globe Pharmaceuticals Ltd.,500 mg vial: ৳ 650.00,
8227,Merobac,allopathic,merobaciv-injection-or-infusion1-gmvial,IV Injection or Infusion,Meropenem Trihydrate,1 gm/vial,Popular Pharmaceuticals Ltd.,"1 gm vial: ৳ 1,204.53",
8226,Merobac,allopathic,merobaciv-injection-or-infusion500-mgvial,IV Injection or Infusion,Meropenem Trihydrate,500 mg/vial,Popular Pharmaceuticals Ltd.,500 mg vial: ৳ 652.44,
13400,Merivit,allopathic,merivitcapsule,Capsule,Iron Polymaltose Complex + Folic Acid + Zinc + Vitamin B-Complex,,Sharif Pharmaceuticals Ltd.,"Unit Price: ৳ 3.51,(50's pack: ৳ 175.50),",(50's pack: ৳ 175.50)
4693,Merison,allopathic,merisontablet6-mg,Tablet,Betahistine Mesylate,6 mg,Square Pharmaceuticals Ltd.,"Unit Price: ৳ 2.01,(100's pack: ৳ 201.00),",(100's pack: ৳ 201.00)
1600,Merin,allopathic,merinoral-suspension5-mg5-ml,Oral Suspension,Domperidone Maleate,5 mg/5 ml,Edruc Limited,100 ml bottle: ৳ 38.00,
1599,Merin,allopathic,merintablet10-mg,Tablet,Domperidone Maleate,10 mg,Edruc Limited,"Unit Price: ৳ 2.00,(100's pack: ৳ 200.00),",(100's pack: ৳ 200.00)
5739,Mercazole,allopathic,mercazoletablet5-mg,Tablet,Carbimazole,5 mg,Renata Limited,"Unit Price: ৳ 3.00,(60's pack: ৳ 180.00),",(60's pack: ৳ 180.00)
15770,Meradexon,allopathic,meradexonophthalmic-solution01,Ophthalmic Solution,Dexamethasone (Ophthalmic),0.10%,Gaco Pharmaceuticals Ltd.,5 ml drop: ৳ 50.16,
5770,Meradexon,allopathic,meradexonimiv-injection5-mgml,IM/IV Injection,Dexamethasone,5 mg/ml,Gaco Pharmaceuticals Ltd.,1 ml ampoule: ৳ 9.84,
23061,Mepra,allopathic,mepracapsule-delayed-release20-mg,Capsule (Delayed Release),Omeprazole,20 mg,Marksman Pharmaceuticals Ltd.,"Unit Price: ৳ 4.00,(60's pack: ৳ 240.00),",(60's pack: ৳ 240.00)
31992,Mepira,allopathic,mepiracapsule200-mg,Capsule,Molnupiravir,200 mg,ACI Limited,"Unit Price: ৳ 40.00,(10's pack: ৳ 400.00),",(10's pack: ৳ 400.00)
28901,Mepen,allopathic,mepeniv-injection-or-infusion1-gmvial,IV Injection or Infusion,Meropenem Trihydrate,1 gm/vial,Biopharma Laboratories Ltd.,"1 gm vial: ৳ 1,200.00",
28900,Mepen,allopathic,mepeniv-injection-or-infusion500-mgvial,IV Injection or Infusion,Meropenem Trihydrate,500 mg/vial,Biopharma Laboratories Ltd.,500 mg vial: ৳ 650.00,
22246,Mepcort,allopathic,mepcorttablet16-mg,Tablet,Methylprednisolone,16 mg,Globe Pharmaceuticals Ltd.,"Unit Price: ৳ 18.00,(20's pack: ৳ 360.00),",(20's pack: ৳ 360.00)
22245,Mepcort,allopathic,mepcorttablet8-mg,Tablet,Methylprednisolone,8 mg,Globe Pharmaceuticals Ltd.,"Unit Price: ৳ 10.00,(30's pack: ৳ 300.00),",(30's pack: ৳ 300.00)
8256,Merocil,allopathic,merociliv-injection-or-infusion500-mgvial,IV Injection or Infusion,Meropenem Trihydrate,500 mg/vial,Pharmacil Limited,500 mg vial: ৳ 852.56,
7290,Merocef,allopathic,merocefimiv-injection750-mgvial,IM/IV Injection,Cefuroxime Axetil,750 mg/vial,Ibn Sina Pharmaceuticals Ltd.,750 mg vial: ৳ 130.00,
7289,Merocef,allopathic,merocefpowder-for-suspension125-mg5-ml,Powder for Suspension,Cefuroxime Axetil,125 mg/5 ml,Ibn Sina Pharmaceuticals Ltd.,70 ml bottle: ৳ 200.00,
7288,Merocef,allopathic,meroceftablet500-mg,Tablet,Cefuroxime Axetil,500 mg,Ibn Sina Pharmaceuticals Ltd.,"Unit Price: ৳ 46.00,(20's pack: ৳ 920.00),",(20's pack: ৳ 920.00)
7287,Merocef,allopathic,meroceftablet250-mg,Tablet,Cefuroxime Axetil,250 mg,Ibn Sina Pharmaceuticals Ltd.,"Unit Price: ৳ 26.00,(20's pack: ৳ 520.00),",(20's pack: ৳ 520.00)
8229,Merocar,allopathic,merocariv-injection-or-infusion1-gmvial,IV Injection or Infusion,Meropenem Trihydrate,1 gm/vial,Globe Pharmaceuticals Ltd.,"1 gm vial: ৳ 1,200.00",
22244,Mepcort,allopathic,mepcorttablet4-mg,Tablet,Methylprednisolone,4 mg,Globe Pharmaceuticals Ltd.,"Unit Price: ৳ 5.00,(30's pack: ৳ 150.00),",(30's pack: ৳ 150.00)
5874,Mepcort,allopathic,mepcortimiv-injection500-mgvial,IM/IV Injection,Methylprednisolone Sodium Succcinate,500 mg/vial,Globe Pharmaceuticals Ltd.,500 mg vial: ৳ 600.00,
5873,Mepcort,allopathic,mepcortimiv-injection1-gmvial,IM/IV Injection,Methylprednisolone Sodium Succcinate,1 gm/vial,Globe Pharmaceuticals Ltd.,"1 gm vial: ৳ 1,000.00",
32186,Mepal,allopathic,mepaltablet-enteric-coated20-mg,Tablet (Enteric Coated),Esomeprazole,20 mg,Royal Pharmaceutical Ltd.,"Unit Price: ৳ 6.00,(60's pack: ৳ 360.00),",(60's pack: ৳ 360.00)
10851,Meoral,allopathic,meoraloral-solution51,Oral Solution,Rhubarb Extract + Salicylic Acid,5%+1%,Opsonin Pharma Ltd.,"6 ml pack: ৳ 60.18,10 ml pack: ৳ 120.00",
29883,Mensil N,allopathic,mensil-ntablet5-mg,Tablet,Norethisterone Acetate,5 mg,Healthcare Pharmaceuticals Ltd.,"Unit Price: ৳ 7.50,(56's pack: ৳ 420.00),",(56's pack: ৳ 420.00)
5928,Menorest,allopathic,menoresttablet25-mg,Tablet,Tibolone,2.5 mg,Renata Limited,"Unit Price: ৳ 20.07,(28's pack: ৳ 561.96),",(28's pack: ৳ 561.96)
5919,Menoral,allopathic,menoraltablet5-mg,Tablet,Norethisterone Acetate,5 mg,Square Pharmaceuticals Ltd.,"Unit Price: ৳ 6.50,(60's pack: ৳ 390.00),",(60's pack: ৳ 390.00)
8253,Merotrax,allopathic,merotraxiv-injection-or-infusion1-gmvial,IV Injection or Infusion,Meropenem Trihydrate,1 gm/vial,Ibn Sina Pharmaceuticals Ltd.,"1 gm vial: ৳ 1,300.00",
8252,Merotrax,allopathic,merotraxiv-injection-or-infusion500-mgvial,IV Injection or Infusion,Meropenem Trihydrate,500 mg/vial,Ibn Sina Pharmaceuticals Ltd.,500 mg vial: ৳ 700.00,
27812,Merotic,allopathic,meroticiv-injection-or-infusion1-gmvial,IV Injection or Infusion,Meropenem Trihydrate,1 gm/vial,Rangs Pharmaceuticals Ltd.,"1 gm vial: ৳ 1,300.00",
22069,Meropen,allopathic,meropeniv-injection-or-infusion250-mgvial,IV Injection or Infusion,Meropenem Trihydrate,250 mg/vial,Renata Limited,250 mg vial: ৳ 400.00,
8239,Meropen,allopathic,meropeniv-injection-or-infusion1-gmvial,IV Injection or Infusion,Meropenem Trihydrate,1 gm/vial,Renata Limited,"1 gm vial: ৳ 1,300.00",
8238,Meropen,allopathic,meropeniv-injection-or-infusion500-mgvial,IV Injection or Infusion,Meropenem Trihydrate,500 mg/vial,Renata Limited,500 mg vial: ৳ 700.00,
8237,Meronix,allopathic,meronixiv-injection-or-infusion1-gmvial,IV Injection or Infusion,Meropenem Trihydrate,1 gm/vial,Novo Healthcare and Pharma Ltd.,"1 gm vial: ৳ 1,200.00",
8236,Meronix,allopathic,meronixiv-injection-or-infusion500-mgvial,IV Injection or Infusion,Meropenem Trihydrate,500 mg/vial,Novo Healthcare and Pharma Ltd.,500 mg vial: ৳ 650.00,
8235,Meromax,allopathic,meromaxiv-injection-or-infusion1-gmvial,IV Injection or Infusion,Meropenem Trihydrate,1 gm/vial,Orion Pharma Ltd.,"1 gm vial: ৳ 1,250.00",
8234,Meromax,allopathic,meromaxiv-injection-or-infusion500-mgvial,IV Injection or Infusion,Meropenem Trihydrate,500 mg/vial,Orion Pharma Ltd.,500 mg vial: ৳ 700.00,
8233,Merom,allopathic,meromiv-injection-or-infusion1-gmvial,IV Injection or Infusion,Meropenem Trihydrate,1 gm/vial,Techno Drugs Ltd.,"1 gm vial: ৳ 1,300.00",
8232,Merom,allopathic,meromiv-injection-or-infusion500-mgvial,IV Injection or Infusion,Meropenem Trihydrate,500 mg/vial,Techno Drugs Ltd.,500 mg vial: ৳ 700.00,
22068,Merolab,allopathic,merolabiv-injection-or-infusion500-mgvial,IV Injection or Infusion,Meropenem Trihydrate,500 mg/vial,Labaid Pharma Ltd.,500 mg vial: ৳ 790.00,
22067,Merolab,allopathic,merolabiv-injection-or-infusion1-gmvial,IV Injection or Infusion,Meropenem Trihydrate,1 gm/vial,Labaid Pharma Ltd.,"1 gm vial: ৳ 1,365.00",
8231,Meroject,allopathic,merojectiv-injection-or-infusion1-gmvial,IV Injection or Infusion,Meropenem Trihydrate,1 gm/vial,Eskayef Pharmaceuticals Ltd.,"1 gm vial: ৳ 1,300.00",
8230,Meroject,allopathic,merojectiv-injection-or-infusion500-mgvial,IV Injection or Infusion,Meropenem Trihydrate,500 mg/vial,Eskayef Pharmaceuticals Ltd.,500 mg vial: ৳ 700.00,
16843,Mervan SR,allopathic,mervan-srtablet-sustained-release200-mg,Tablet (Sustained Release),Aceclofenac,200 mg,Aristopharma Ltd.,"Unit Price: ৳ 7.00,(50's pack: ৳ 350.00),",(50's pack: ৳ 350.00)
56,Mervan,allopathic,mervantablet100-mg,Tablet,Aceclofenac,100 mg,Aristopharma Ltd.,"Unit Price: ৳ 5.00,(100's pack: ৳ 500.00),",(100's pack: ৳ 500.00)
16621,Merozolyn,allopathic,merozolyntablet5-mg,Tablet,Metolazone,5 mg,UniMed UniHealth,"Unit Price: ৳ 25.00,(10's pack: ৳ 250.00),",(10's pack: ৳ 250.00)
17236,Meroxin,allopathic,meroxiniv-injection-or-infusion1-gmvial,IV Injection or Infusion,Meropenem Trihydrate,1 gm/vial,NIPRO JMI Pharma Ltd.,"1 gm vial: ৳ 1,200.00",
17235,Meroxin,allopathic,meroxiniv-injection-or-infusion500-mgvial,IV Injection or Infusion,Meropenem Trihydrate,500 mg/vial,NIPRO JMI Pharma Ltd.,500 mg vial: ৳ 650.00,
31079,Merogit,allopathic,merogitiv-injection-or-infusion1-gmvial,IV Injection or Infusion,Meropenem Trihydrate,1 gm/vial,Ziska Pharmaceuticals Ltd.,"1 gm vial: ৳ 1,300.00",
31078,Merogit,allopathic,merogitiv-injection-or-infusion500-mgvial,IV Injection or Infusion,Meropenem Trihydrate,500 mg/vial,Ziska Pharmaceuticals Ltd.,500 mg vial: ৳ 700.00,
31077,Merogit,allopathic,merogitiv-injection-or-infusion250-mgvial,IV Injection or Infusion,Meropenem Trihydrate,250 mg/vial,Ziska Pharmaceuticals Ltd.,250 mg vial: ৳ 400.00,
8259,Merocon,allopathic,meroconiv-injection-or-infusion1-gmvial,IV Injection or Infusion,Meropenem Trihydrate,1 gm/vial,Beacon Pharmaceuticals Ltd.,"1 gm vial: ৳ 1,303.91",
8258,Merocon,allopathic,meroconiv-injection-or-infusion500-mgvial,IV Injection or Infusion,Meropenem Trihydrate,500 mg/vial,Beacon Pharmaceuticals Ltd.,500 mg vial: ৳ 702.11,
29065,Meroclav,allopathic,meroclavpowder-for-suspension125-mg3125-mg5-ml,Powder for Suspension,Cefuroxime Axetil + Clavulanic Acid,(125 mg+31.25 mg)/5 ml,Ibn Sina Pharmaceuticals Ltd.,70 ml bottle: ৳ 250.00,
29058,Meroclav,allopathic,meroclavtablet500-mg125-mg,Tablet,Cefuroxime Axetil + Clavulanic Acid,500 mg+125 mg,Ibn Sina Pharmaceuticals Ltd.,"Unit Price: ৳ 50.00,(10's pack: ৳ 500.00),,Unit Price: ৳ 50.00,(20's pack: ৳ 1,000.00),","(10's pack: ৳ 500.00),(20's pack: ৳ 1,000.00)"
29057,Meroclav,allopathic,meroclavtablet250-mg625-mg,Tablet,Cefuroxime Axetil + Clavulanic Acid,250 mg+62.5 mg,Ibn Sina Pharmaceuticals Ltd.,"Unit Price: ৳ 30.00,(20's pack: ৳ 600.00),",(20's pack: ৳ 600.00)
8257,Merocil,allopathic,merociliv-injection-or-infusion1-gmvial,IV Injection or Infusion,Meropenem Trihydrate,1 gm/vial,Pharmacil Limited,"1 gm vial: ৳ 1,594.78",
15893,Metalone Plus,allopathic,metalone-plusophthalmic-solution010025,Ophthalmic Solution,Fluorometholone + Tetrahydrozoline,0.1%+0.025%,Incepta Pharmaceuticals Ltd.,5 ml drop: ৳ 110.00,
15878,Metalone,allopathic,metaloneophthalmic-suspension01,Ophthalmic Suspension,Fluorometholone Acetate,0.10%,Incepta Pharmaceuticals Ltd.,5 ml drop: ৳ 100.00,
31719,Metaloc,allopathic,metaloctablet100-mg,Tablet,Metoprolol Tartrate,100 mg,Renata Limited,"Unit Price: ৳ 2.51,(50's pack: ৳ 125.50),",(50's pack: ৳ 125.50)
31718,Metaloc,allopathic,metaloctablet50-mg,Tablet,Metoprolol Tartrate,50 mg,Renata Limited,"Unit Price: ৳ 1.31,(100's pack: ৳ 131.00),",(100's pack: ৳ 131.00)
15793,Metadaxan,allopathic,metadaxantablet05-mg,Tablet,Dexamethasone,0.5 mg,Incepta Pharmaceuticals Ltd.,"Unit Price: ৳ 1.00,(100's pack: ৳ 100.00),",(100's pack: ৳ 100.00)
15784,Metadaxan,allopathic,metadaxanimiv-injection5-mgml,IM/IV Injection,Dexamethasone,5 mg/ml,Incepta Pharmaceuticals Ltd.,"1 ml ampoule: ৳ 22.00,(10's pack: ৳ 220.00),",(10's pack: ৳ 220.00)
15771,Metadaxan,allopathic,metadaxanophthalmic-solution01,Ophthalmic Solution,Dexamethasone (Ophthalmic),0.10%,Incepta Pharmaceuticals Ltd.,5 ml drop: ৳ 70.00,
3137,Metacard MR,allopathic,metacard-mrtablet-modified-release35-mg,Tablet (Modified Release),Trimetazidine Dihydrochloride,35 mg,Aristopharma Ltd.,"Unit Price: ৳ 8.00,(60's pack: ৳ 480.00),,Unit Price: ৳ 8.00,(70's pack: ৳ 560.00),","(60's pack: ৳ 480.00),(70's pack: ৳ 560.00)"
13312,Meta-Z TR,allopathic,meta-z-trcapsule-timed-release150-mg05-mg618-mg,Capsule (Timed Release),Ferrous Sulfate + Folic Acid + Zinc Sulfate,150 mg+0.5 mg+61.8 mg,Millat Pharmaceuticals Ltd.,"Unit Price: ৳ 2.93,(30's pack: ৳ 87.90),",(30's pack: ৳ 87.90)
13206,Meta Plus TR,allopathic,meta-plus-trcapsule-timed-release150-mg05-mg,Capsule (Timed Release),Ferrous Sulfate + Folic Acid,150 mg+0.5 mg,Millat Pharmaceuticals Ltd.,"Unit Price: ৳ 2.40,(50's pack: ৳ 120.00),",(50's pack: ৳ 120.00)
22135,Met XR,allopathic,met-xrtablet-extended-release1000-mg,Tablet (Extended Release),Metformin Hydrochloride,1000 mg,Opsonin Pharma Ltd.,"Unit Price: ৳ 9.00,(30's pack: ৳ 270.00),",(30's pack: ৳ 270.00)
5425,Met XR,allopathic,met-xrtablet-extended-release750-mg,Tablet (Extended Release),Metformin Hydrochloride,750 mg,Opsonin Pharma Ltd.,"Unit Price: ৳ 8.00,(30's pack: ৳ 240.00),",(30's pack: ৳ 240.00)
5424,Met XR,allopathic,met-xrtablet-extended-release500-mg,Tablet (Extended Release),Metformin Hydrochloride,500 mg,Opsonin Pharma Ltd.,"Unit Price: ৳ 6.00,(50's pack: ৳ 300.00),",(50's pack: ৳ 300.00)
5423,Met,allopathic,mettablet850-mg,Tablet,Metformin Hydrochloride,850 mg,Opsonin Pharma Ltd.,"Unit Price: ৳ 6.00,(30's pack: ৳ 180.00),",(30's pack: ৳ 180.00)
5422,Met,allopathic,mettablet500-mg,Tablet,Metformin Hydrochloride,500 mg,Opsonin Pharma Ltd.,"Unit Price: ৳ 4.00,(30's pack: ৳ 120.00),",(30's pack: ৳ 120.00)
27968,Mesta Care,allopathic,mesta-carecream0014005,Cream,Fluocinolone Acetonide + Hydroquinone + Tretinoin,0.01%+4%+0.05%,Sharif Pharmaceuticals Ltd.,30 gm tube: ৳ 200.00,
10137,Metason,allopathic,metasontablet400-mg,Tablet,Metronidazole,400 mg,Jayson Pharmaceuticals Ltd.,"Unit Price: ৳ 1.50,(100's pack: ৳ 150.00),",(100's pack: ৳ 150.00)
5427,Metarin,allopathic,metarintablet850-mg,Tablet,Metformin Hydrochloride,850 mg,Popular Pharmaceuticals Ltd.,"Unit Price: ৳ 6.00,(60's pack: ৳ 360.00),",(60's pack: ৳ 360.00)
5426,Metarin,allopathic,metarintablet500-mg,Tablet,Metformin Hydrochloride,500 mg,Popular Pharmaceuticals Ltd.,"Unit Price: ৳ 4.00,(60's pack: ৳ 240.00),",(60's pack: ৳ 240.00)
26627,Metanib,allopathic,metanibtablet400-mg,Tablet,Imatinib Mesylate,400 mg,Drug International Ltd.,"Unit Price: ৳ 250.00,(28's pack: ৳ 7,000.00),","(28's pack: ৳ 7,000.00)"
32481,Metanase,allopathic,metanasenasal-spray50-mcgspray,Nasal Spray,Mometasone Furoate (Nasal Spray),50 mcg/spray,Eskayef Pharmaceuticals Ltd.,120 metered sprays: ৳ 250.00,
30005,Metalyse,allopathic,metalyseiv-injection5-mgml,IV Injection,Tenecteplase,5 mg/ml,Boehringer Ingelheim,"50 mg vial: ৳ 64,500.00",
15025,Mesna,allopathic,mesnaiv-injection400-mg4-ml,IV Injection,Mesna,400 mg/4 ml,Techno Drugs Ltd.,400 mg vial: ৳ 190.00,
17239,Meslamin DR,allopathic,meslamin-drtablet-delayed-release400-mg,Tablet (Delayed Release),Mesalazine [5-aminosalicylic acid],400 mg,Ibn Sina Pharmaceuticals Ltd.,"Unit Price: ৳ 7.58,(50's pack: ৳ 379.00),",(50's pack: ৳ 379.00)
27925,Mesartin Plus,allopathic,mesartin-plustablet5-mg20-mg,Tablet,Amlodipine Besilate + Olmesartan Medoxomil,5 mg+20 mg,The White Horse Pharma,"Unit Price: ৳ 8.00,(30's pack: ৳ 240.00),",(30's pack: ৳ 240.00)
27924,Mesartin,allopathic,mesartintablet20-mg,Tablet,Olmesartan Medoxomil,20 mg,The White Horse Pharma,"Unit Price: ৳ 8.00,(30's pack: ৳ 240.00),",(30's pack: ৳ 240.00)
17240,Mesala,allopathic,mesalatablet-delayed-release400-mg,Tablet (Delayed Release),Mesalazine [5-aminosalicylic acid],400 mg,NIPRO JMI Pharma Ltd.,"Unit Price: ৳ 7.00,(50's pack: ৳ 350.00),",(50's pack: ৳ 350.00)
17237,Mesagut,allopathic,mesaguttablet-delayed-release400-mg,Tablet (Delayed Release),Mesalazine [5-aminosalicylic acid],400 mg,Aristopharma Ltd.,"Unit Price: ৳ 7.60,(30's pack: ৳ 228.00),",(30's pack: ৳ 228.00)
103,Mesacol,allopathic,mesacoltablet-delayed-release400-mg,Tablet (Delayed Release),Mesalazine [5-aminosalicylic acid],400 mg,Sun Pharmaceutical Ltd.,"Unit Price: ৳ 7.58,(50's pack: ৳ 379.00),",(50's pack: ৳ 379.00)
22079,Mes-D,allopathic,mes-div-injection400-mg4-ml,IV Injection,Mesna,400 mg/4 ml,Drug International Ltd.,400 mg vial: ৳ 190.00,
31080,Metforal,allopathic,metforaltablet500-mg,Tablet,Metformin Hydrochloride,500 mg,Ziska Pharmaceuticals Ltd.,"Unit Price: ৳ 4.00,(100's pack: ৳ 400.00),",(100's pack: ৳ 400.00)
22089,Metfomin,allopathic,metfomintablet850-mg,Tablet,Metformin Hydrochloride,850 mg,Astra Biopharmaceuticals Ltd.,Unit Price: ৳ 4.00,
22088,Metfomin,allopathic,metfomintablet500-mg,Tablet,Metformin Hydrochloride,500 mg,Astra Biopharmaceuticals Ltd.,Unit Price: ৳ 3.00,
32539,Metfolin,allopathic,metfolintablet25-mg500-mg,Tablet,Linagliptin + Metformin Hydrochloride,2.5 mg+500 mg,Doctor TIMS Pharmaceuticals Ltd.,"Unit Price: ৳ 12.00,(20's pack: ৳ 240.00),",(20's pack: ৳ 240.00)
22138,Metfo XR,allopathic,metfo-xrtablet-extended-release1000-mg,Tablet (Extended Release),Metformin Hydrochloride,1000 mg,Pacific Pharmaceuticals Ltd.,"Unit Price: ৳ 10.00,(30's pack: ৳ 300.00),",(30's pack: ৳ 300.00)
22137,Metfo XR,allopathic,metfo-xrtablet-extended-release750-mg,Tablet (Extended Release),Metformin Hydrochloride,750 mg,Pacific Pharmaceuticals Ltd.,"Unit Price: ৳ 9.00,(30's pack: ৳ 270.00),",(30's pack: ৳ 270.00)
5435,Metfo XR,allopathic,metfo-xrtablet-extended-release500-mg,Tablet (Extended Release),Metformin Hydrochloride,500 mg,Pacific Pharmaceuticals Ltd.,"Unit Price: ৳ 7.00,(50's pack: ৳ 350.00),",(50's pack: ৳ 350.00)
5434,Metfo,allopathic,metfotablet850-mg,Tablet,Metformin Hydrochloride,850 mg,Pacific Pharmaceuticals Ltd.,"Unit Price: ৳ 6.00,(30's pack: ৳ 180.00),,Unit Price: ৳ 6.00,(100's pack: ৳ 600.00),","(30's pack: ৳ 180.00),(100's pack: ৳ 600.00)"
5433,Metfo,allopathic,metfotablet500-mg,Tablet,Metformin Hydrochloride,500 mg,Pacific Pharmaceuticals Ltd.,"Unit Price: ৳ 4.00,(50's pack: ৳ 200.00),,Unit Price: ৳ 4.00,(100's pack: ৳ 400.00),","(50's pack: ৳ 200.00),(100's pack: ৳ 400.00)"
32068,Metflu,allopathic,metflutablet05-mg10-mg,Tablet,Flupentixol + Melitracen,0.5 mg+10 mg,MST Pharma,"Unit Price: ৳ 4.01,(30's pack: ৳ 120.30),",(30's pack: ৳ 120.30)
10142,Metfil,allopathic,metfiltablet400-mg,Tablet,Metronidazole,400 mg,Bristol Pharmaceuticals Ltd.,"Unit Price: ৳ 1.00,(100's pack: ৳ 100.00),",(100's pack: ৳ 100.00)
5432,Metfen,allopathic,metfentablet850-mg,Tablet,Metformin Hydrochloride,850 mg,Doctor’s Chemical Works Ltd.,"Unit Price: ৳ 2.50,(50's pack: ৳ 125.00),",(50's pack: ৳ 125.00)
27928,Metfar SR,allopathic,metfar-srtablet-sustained-release1000-mg,Tablet (Sustained Release),Metformin Hydrochloride,1000 mg,The White Horse Pharma,"Unit Price: ৳ 9.00,(30's pack: ৳ 270.00),",(30's pack: ৳ 270.00)
27927,Metfar SR,allopathic,metfar-srtablet-sustained-release500-mg,Tablet (Sustained Release),Metformin Hydrochloride,500 mg,The White Horse Pharma,"Unit Price: ৳ 6.00,(30's pack: ৳ 180.00),",(30's pack: ৳ 180.00)
27926,Metfar,allopathic,metfartablet500-mg,Tablet,Metformin Hydrochloride,500 mg,The White Horse Pharma,"Unit Price: ৳ 4.00,(50's pack: ৳ 200.00),",(50's pack: ৳ 200.00)
5429,Metfar,allopathic,metfartablet850-mg,Tablet,Metformin Hydrochloride,850 mg,The White Horse Pharma,"Unit Price: ৳ 6.00,(50's pack: ৳ 300.00),",(50's pack: ৳ 300.00)
5437,Metform,allopathic,metformtablet850-mg,Tablet,Metformin Hydrochloride,850 mg,ACI Limited,"Unit Price: ৳ 6.00,(50's pack: ৳ 300.00),",(50's pack: ৳ 300.00)
5436,Metform,allopathic,metformtablet500-mg,Tablet,Metformin Hydrochloride,500 mg,ACI Limited,"Unit Price: ৳ 4.00,(100's pack: ৳ 400.00),",(100's pack: ৳ 400.00)
31082,Metforal SR,allopathic,metforal-srtablet-sustained-release500-mg,Tablet (Sustained Release),Metformin Hydrochloride,500 mg,Ziska Pharmaceuticals Ltd.,"Unit Price: ৳ 6.00,(50's pack: ৳ 300.00),",(50's pack: ৳ 300.00)
31081,Metforal,allopathic,metforaltablet850-mg,Tablet,Metformin Hydrochloride,850 mg,Ziska Pharmaceuticals Ltd.,"Unit Price: ৳ 6.00,(50's pack: ৳ 300.00),",(50's pack: ৳ 300.00)
22104,Metcure,allopathic,metcuretablet850-mg,Tablet,Metformin Hydrochloride,850 mg,Desh Pharmaceuticals Ltd.,Unit Price: ৳ 5.50,
22103,Metcure,allopathic,metcuretablet500-mg,Tablet,Metformin Hydrochloride,500 mg,Desh Pharmaceuticals Ltd.,Unit Price: ৳ 3.80,
10141,Metco,allopathic,metcoiv-infusion500-mg100-ml,IV Infusion,Metronidazole,500 mg/100 ml,Eskayef Pharmaceuticals Ltd.,100 ml bottle: ৳ 60.18,
10140,Metco,allopathic,metcooral-suspension200-mg5-ml,Oral Suspension,Metronidazole,200 mg/5 ml,Eskayef Pharmaceuticals Ltd.,60 ml bottle: ৳ 29.89,
10139,Metco,allopathic,metcotablet400-mg,Tablet,Metronidazole,400 mg,Eskayef Pharmaceuticals Ltd.,"Unit Price: ৳ 1.26,(100's pack: ৳ 126.00),",(100's pack: ৳ 126.00)
3139,Metazine MR,allopathic,metazine-mrtablet-modified-release35-mg,Tablet (Modified Release),Trimetazidine Dihydrochloride,35 mg,Beximco Pharmaceuticals Ltd.,"Unit Price: ৳ 6.00,(30's pack: ৳ 180.00),",(30's pack: ৳ 180.00)
3138,Metavas MR,allopathic,metavas-mrtablet-modified-release35-mg,Tablet (Modified Release),Trimetazidine Dihydrochloride,35 mg,NIPRO JMI Pharma Ltd.,"Unit Price: ৳ 6.90,(60's pack: ৳ 414.00),",(60's pack: ৳ 414.00)
20230,Metaton,allopathic,metatonsyrup200-mg5-ml,Syrup,Ferrous Sulfate,200 mg/5 ml,Alkad Laboratories,200 ml bottle: ৳ 26.15,
3884,Metaspray,allopathic,metaspraynasal-spray50-mcgspray,Nasal Spray,Mometasone Furoate (Nasal Spray),50 mcg/spray,Square Pharmaceuticals Ltd.,120 metered sprays: ৳ 251.00,
10138,Metason,allopathic,metasonoral-suspension200-mg5-ml,Oral Suspension,Metronidazole,200 mg/5 ml,Jayson Pharmaceuticals Ltd.,60 ml bottle: ৳ 25.17,
22240,Methipred,allopathic,methipredtablet4-mg,Tablet,Methylprednisolone,4 mg,General Pharmaceuticals Ltd.,"Unit Price: ৳ 5.01,(75's pack: ৳ 375.75),",(75's pack: ৳ 375.75)
22239,Methipred,allopathic,methipredtablet2-mg,Tablet,Methylprednisolone,2 mg,General Pharmaceuticals Ltd.,"Unit Price: ৳ 3.01,(60's pack: ৳ 180.60),",(60's pack: ৳ 180.60)
26274,Methigic,allopathic,methigictablet16-mg,Tablet,Methylprednisolone,16 mg,Square Pharmaceuticals Ltd.,"Unit Price: ৳ 20.50,(20's pack: ৳ 410.00),",(20's pack: ৳ 410.00)
26273,Methigic,allopathic,methigictablet8-mg,Tablet,Methylprednisolone,8 mg,Square Pharmaceuticals Ltd.,"Unit Price: ৳ 10.50,(30's pack: ৳ 315.00),",(30's pack: ৳ 315.00)
26272,Methigic,allopathic,methigictablet4-mg,Tablet,Methylprednisolone,4 mg,Square Pharmaceuticals Ltd.,"Unit Price: ৳ 5.00,(50's pack: ৳ 250.00),",(50's pack: ৳ 250.00)
26271,Methigic,allopathic,methigictablet2-mg,Tablet,Methylprednisolone,2 mg,Square Pharmaceuticals Ltd.,"Unit Price: ৳ 3.00,(50's pack: ৳ 150.00),",(50's pack: ৳ 150.00)
13443,Methicol,allopathic,methicoltablet500-mcg,Tablet,Mecobalamin,500 mcg,Square Pharmaceuticals Ltd.,"Unit Price: ৳ 4.03,(60's pack: ৳ 241.80),",(60's pack: ৳ 241.80)
27055,Metherspan,allopathic,metherspanimiv-injection200-mcgml,IM/IV Injection,Methylergonovine Maleate,200 mcg/ml,Opsonin Pharma Ltd.,"1 ml ampoule: ৳ 3.01,(25's pack: ৳ 75.25),",(25's pack: ৳ 75.25)
27054,Metherspan,allopathic,metherspantablet125-mcg,Tablet,Methylergonovine Maleate,125 mcg,Opsonin Pharma Ltd.,"Unit Price: ৳ 0.55,(100's pack: ৳ 55.00),",(100's pack: ৳ 55.00)
32485,Methebac,allopathic,methebactablet1-gm,Tablet,Methenamine Hippurate,1 gm,Navana Pharmaceuticals Ltd.,"Unit Price: ৳ 25.00,(30's pack: ৳ 750.00),",(30's pack: ৳ 750.00)
13014,Methasol-N,allopathic,methasol-nophthalmic-solution0105,Ophthalmic Solution,Betamethasone + Neomycin Sulphate (E/E),0.1%+0.5%,Gaco Pharmaceuticals Ltd.,5 ml drop: ৳ 35.11,
13013,Methasol-N,allopathic,methasol-nophthalmic-ointment0105,Ophthalmic Ointment,Betamethasone + Neomycin Sulphate (E/E),0.1%+0.5%,Gaco Pharmaceuticals Ltd.,5 gm tube: ৳ 14.00,
32949,Methasol,allopathic,methasolophthalmic-solution01,Ophthalmic Solution,Betamethasone Sodium Phosphate,0.10%,Gaco Pharmaceuticals Ltd.,5 ml drop: ৳ 31.80,
22170,Meth,allopathic,methtablet10-mg,Tablet,Methotrexate,10 mg,Drug International Ltd.,"Unit Price: ৳ 12.00,(28's pack: ৳ 336.00),",(28's pack: ৳ 336.00)
22169,Meth,allopathic,methtablet25-mg,Tablet,Methotrexate,2.5 mg,Drug International Ltd.,"Unit Price: ৳ 4.00,(28's pack: ৳ 112.00),",(28's pack: ৳ 112.00)
22112,Metguard,allopathic,metguardtablet500-mg,Tablet,Metformin Hydrochloride,500 mg,Guardian Healthcare Ltd.,"Unit Price: ৳ 3.00,(60's pack: ৳ 180.00),",(60's pack: ৳ 180.00)
15055,Methotrax,allopathic,methotraxtablet25-mg,Tablet,Methotrexate,2.5 mg,Delta Pharma Ltd.,"Unit Price: ৳ 5.00,(30's pack: ৳ 150.00),",(30's pack: ৳ 150.00)
15879,Metholone,allopathic,metholoneophthalmic-suspension01,Ophthalmic Suspension,Fluorometholone Acetate,0.10%,Kemiko Pharmaceuticals Ltd.,5 ml drop: ৳ 110.00,
11345,Methocid,allopathic,methocidcapsule25-mg,Capsule,Indomethacin (Oral),25 mg,Gaco Pharmaceuticals Ltd.,"Unit Price: ৳ 0.56,(100's pack: ৳ 55.65),",(100's pack: ৳ 55.65)
26572,Methipred,allopathic,methipredimiv-injection500-mgvial,IM/IV Injection,Methylprednisolone Sodium Succcinate,500 mg/vial,General Pharmaceuticals Ltd.,500 mg vial: ৳ 600.00,
26571,Methipred,allopathic,methipredimiv-injection1-gmvial,IM/IV Injection,Methylprednisolone Sodium Succcinate,1 gm/vial,General Pharmaceuticals Ltd.,"1 gm vial: ৳ 1,000.00",
22242,Methipred,allopathic,methipredtablet16-mg,Tablet,Methylprednisolone,16 mg,General Pharmaceuticals Ltd.,"Unit Price: ৳ 20.06,(20's pack: ৳ 401.20),",(20's pack: ৳ 401.20)
22241,Methipred,allopathic,methipredtablet8-mg,Tablet,Methylprednisolone,8 mg,General Pharmaceuticals Ltd.,"Unit Price: ৳ 10.03,(30's pack: ৳ 300.90),",(30's pack: ৳ 300.90)
20747,Metglip Plus,allopathic,metglip-plustablet25-mg500-mg,Tablet,Glipizide + Metformin Hydrochloride,2.5 mg+500 mg,Pacific Pharmaceuticals Ltd.,"Unit Price: ৳ 4.00,(30's pack: ৳ 120.00),",(30's pack: ৳ 120.00)
5631,Metglip DS,allopathic,metglip-dstablet5-mg500-mg,Tablet,Glipizide + Metformin Hydrochloride,5 mg+500 mg,Pacific Pharmaceuticals Ltd.,"Unit Price: ৳ 5.00,(30's pack: ৳ 150.00),",(30's pack: ৳ 150.00)
5630,Metglip,allopathic,metgliptablet25-mg250-mg,Tablet,Glipizide + Metformin Hydrochloride,2.5 mg+250 mg,Pacific Pharmaceuticals Ltd.,"Unit Price: ৳ 2.50,(50's pack: ৳ 125.00),",(50's pack: ৳ 125.00)
31481,Metfosil,allopathic,metfosiltablet850-mg,Tablet,Metformin Hydrochloride,850 mg,Silco Pharmaceutical Ltd.,"Unit Price: ৳ 6.00,(50's pack: ৳ 300.00),",(50's pack: ৳ 300.00)
31480,Metfosil,allopathic,metfosiltablet500-mg,Tablet,Metformin Hydrochloride,500 mg,Silco Pharmaceutical Ltd.,"Unit Price: ৳ 4.00,(50's pack: ৳ 200.00),",(50's pack: ৳ 200.00)
32306,Metform ER,allopathic,metform-ertablet-extended-release1000-mg,Tablet (Extended Release),Metformin Hydrochloride,1000 mg,ACI Limited,"Unit Price: ৳ 9.00,(32's pack: ৳ 288.00),",(32's pack: ৳ 288.00)
5438,Metform ER,allopathic,metform-ertablet-extended-release500-mg,Tablet (Extended Release),Metformin Hydrochloride,500 mg,ACI Limited,"Unit Price: ৳ 6.00,(50's pack: ৳ 300.00),",(50's pack: ৳ 300.00)
2572,Metocard,allopathic,metocardiv-injection5-mg5-ml,IV Injection,Metoprolol Tartrate,5 mg/5 ml,Popular Pharmaceuticals Ltd.,"5 ml ampoule: ৳ 120.45,(5's pack: ৳ 602.25),",(5's pack: ৳ 602.25)
22127,Metnor,allopathic,metnortablet500-mg,Tablet,Metformin Hydrochloride,500 mg,Monicopharma Ltd.,Unit Price: ৳ 3.00,
5445,Metnil,allopathic,metniltablet500-mg,Tablet,Metformin Hydrochloride,500 mg,Medicon Pharmaceuticals Ltd.,"Unit Price: ৳ 2.84,(100's pack: ৳ 284.07),",(100's pack: ৳ 284.07)
27867,Metmin XR,allopathic,metmin-xrtablet-extended-release500-mg,Tablet (Extended Release),Metformin Hydrochloride,500 mg,Alco Pharma Ltd.,"Unit Price: ৳ 6.00,(30's pack: ৳ 180.00),",(30's pack: ৳ 180.00)
27868,Metmin,allopathic,metmintablet500-mg,Tablet,Metformin Hydrochloride,500 mg,Alco Pharma Ltd.,"Unit Price: ৳ 4.00,(50's pack: ৳ 200.00),",(50's pack: ৳ 200.00)
5444,Metmin,allopathic,metmintablet850-mg,Tablet,Metformin Hydrochloride,850 mg,Alco Pharma Ltd.,"Unit Price: ৳ 5.50,(100's pack: ৳ 550.00),",(100's pack: ৳ 550.00)
5442,Metlife,allopathic,metlifetablet850-mg,Tablet,Metformin Hydrochloride,850 mg,Silva Pharmaceuticals Ltd.,"Unit Price: ৳ 4.01,(50's pack: ৳ 200.67),",(50's pack: ৳ 200.67)
5441,Metlife,allopathic,metlifetablet500-mg,Tablet,Metformin Hydrochloride,500 mg,Silva Pharmaceuticals Ltd.,"Unit Price: ৳ 3.01,(100's pack: ৳ 301.01),",(100's pack: ৳ 301.01)
27172,Metle,allopathic,metletablet500-mg,Tablet,Metformin Hydrochloride,500 mg,Apex Pharmaceuticals Ltd.,"Unit Price: ৳ 4.00,(100's pack: ৳ 400.00),",(100's pack: ৳ 400.00)
30955,Metirox,allopathic,metiroxtablet10-mg,Tablet,Methimazole,10 mg,Renata Limited,"Unit Price: ৳ 11.00,(70's pack: ৳ 770.00),",(70's pack: ৳ 770.00)
30954,Metirox,allopathic,metiroxtablet5-mg,Tablet,Methimazole,5 mg,Renata Limited,"Unit Price: ৳ 6.00,(90's pack: ৳ 540.00),",(90's pack: ৳ 540.00)
22162,Metin,allopathic,metintablet500-mg,Tablet,Metformin Hydrochloride,500 mg,Supreme Pharmaceutical Ltd.,"Unit Price: ৳ 3.00,(50's pack: ৳ 150.00),",(50's pack: ৳ 150.00)
5440,Metin,allopathic,metintablet850-mg,Tablet,Metformin Hydrochloride,850 mg,Supreme Pharmaceutical Ltd.,"Unit Price: ৳ 4.96,(30's pack: ৳ 148.80),",(30's pack: ৳ 148.80)
29132,Methyphen,allopathic,methyphentablet10-mg,Tablet,Methylphenidate Hydrochloride,10 mg,General Pharmaceuticals Ltd.,"Unit Price: ৳ 15.00,(30's pack: ৳ 450.00),",(30's pack: ৳ 450.00)
26230,Methsolon,allopathic,methsoloninjection40-mgml,Injection,Methylprednisolone Acetate,40 mg/ml,Incepta Pharmaceuticals Ltd.,40 mg vial: ৳ 100.00,
22251,Methsolon,allopathic,methsolontablet16-mg,Tablet,Methylprednisolone,16 mg,Incepta Pharmaceuticals Ltd.,"Unit Price: ৳ 20.00,(20's pack: ৳ 400.00),",(20's pack: ৳ 400.00)
5446,Metomin,allopathic,metomintablet500-mg,Tablet,Metformin Hydrochloride,500 mg,Somatec Pharmaceuticals Ltd.,"Unit Price: ৳ 3.00,(100's pack: ৳ 300.00),",(100's pack: ৳ 300.00)
19760,Metodex,allopathic,metodexsyrup10-mg5-ml,Syrup,Dextromethorphan Hydrobromide,10 mg/5 ml,Ad-din Pharmaceuticals Ltd.,100 ml bottle: ৳ 30.00,
4701,Metocol,allopathic,metocolpediatric-drops1-mgml,Pediatric Drops,Metoclopramide Hydrochloride,1 mg/ml,Opsonin Pharma Ltd.,15 ml bottle: ৳ 10.65,
4700,Metocol,allopathic,metocolsyrup5-mg5-ml,Syrup,Metoclopramide Hydrochloride,5 mg/5 ml,Opsonin Pharma Ltd.,100 ml bottle: ৳ 15.83,
22250,Methsolon,allopathic,methsolontablet4-mg,Tablet,Methylprednisolone,4 mg,Incepta Pharmaceuticals Ltd.,"Unit Price: ৳ 5.00,(50's pack: ৳ 250.00),",(50's pack: ৳ 250.00)
22236,Methsolon,allopathic,methsolonimiv-injection500-mgvial,IM/IV Injection,Methylprednisolone Sodium Succcinate,500 mg/vial,Incepta Pharmaceuticals Ltd.,500 mg vial: ৳ 600.00,
22235,Methsolon,allopathic,methsolonimiv-injection1-gmvial,IM/IV Injection,Methylprednisolone Sodium Succcinate,1 gm/vial,Incepta Pharmaceuticals Ltd.,"1 gm vial: ৳ 1,000.00",
15058,Methox,allopathic,methoxtablet10-mg,Tablet,Methotrexate,10 mg,Popular Pharmaceuticals Ltd.,"Unit Price: ৳ 15.06,(30's pack: ৳ 451.80),",(30's pack: ৳ 451.80)
15057,Methox,allopathic,methoxtablet25-mg,Tablet,Methotrexate,2.5 mg,Popular Pharmaceuticals Ltd.,"Unit Price: ৳ 5.52,(30's pack: ৳ 165.60),",(30's pack: ৳ 165.60)
2559,Methovate-R,allopathic,methovate-rrectal-ointment0050125,Rectal Ointment,Betamethasone + Phenylephrine + Lignocaine,0.05%+0.1%+2.5%,Gaco Pharmaceuticals Ltd.,15 mg tube: ৳ 30.09,
12534,Methovate-N,allopathic,methovate-nointment0105,Ointment,Betamethasone + Neomycin Sulphate (Topical),0.1%+0.5%,Gaco Pharmaceuticals Ltd.,5 gm tube: ৳ 18.57,
12533,Methovate-N,allopathic,methovate-ncream0105,Cream,Betamethasone + Neomycin Sulphate (Topical),0.1%+0.5%,Gaco Pharmaceuticals Ltd.,10 gm tube: ৳ 22.07,
32861,Methotrax,allopathic,methotraxtablet15-mg,Tablet,Methotrexate,15 mg,Delta Pharma Ltd.,"Unit Price: ৳ 20.00,(10's pack: ৳ 200.00),",(10's pack: ৳ 200.00)
15056,Methotrax,allopathic,methotraxtablet10-mg,Tablet,Methotrexate,10 mg,Delta Pharma Ltd.,"Unit Price: ৳ 15.00,(30's pack: ৳ 450.00),",(30's pack: ৳ 450.00)
10211,Metrolin,allopathic,metrolintablet400-mg,Tablet,Metronidazole,400 mg,City Overseas Ltd.,"Unit Price: ৳ 1.14,(100's pack: ৳ 114.00),",(100's pack: ৳ 114.00)
10210,Metrol,allopathic,metroltablet400-mg,Tablet,Metronidazole,400 mg,Indo Bangla Pharmaceutical,"Unit Price: ৳ 1.00,(100's pack: ৳ 100.00),",(100's pack: ৳ 100.00)
10209,Metrol,allopathic,metroloral-suspension200-mg5-ml,Oral Suspension,Metronidazole,200 mg/5 ml,Indo Bangla Pharmaceutical,60 ml bottle: ৳ 21.00,
22430,Metrogyl,allopathic,metrogyloral-suspension200-mg5-ml,Oral Suspension,Metronidazole,200 mg/5 ml,Rephco Pharmaceuticals Ltd.,60 ml bottle: ৳ 25.00,
22429,Metrogyl,allopathic,metrogyltablet200-mg,Tablet,Metronidazole,200 mg,Rephco Pharmaceuticals Ltd.,Unit Price: ৳ 1.25,
10154,Metrogyl,allopathic,metrogyltablet400-mg,Tablet,Metronidazole,400 mg,Rephco Pharmaceuticals Ltd.,"Unit Price: ৳ 1.10,(100's pack: ৳ 110.00),",(100's pack: ৳ 110.00)
22377,Metrogard,allopathic,metrogardtablet400-mg,Tablet,Metronidazole,400 mg,Guardian Healthcare Ltd.,Unit Price: ৳ 1.26,
22339,Metrodol,allopathic,metrodoloral-suspension200-mg5-ml,Oral Suspension,Metronidazole,200 mg/5 ml,Aristopharma Ltd.,60 ml bottle: ৳ 19.98,
22338,Metrodol,allopathic,metrodoltablet400-mg,Tablet,Metronidazole,400 mg,Aristopharma Ltd.,"Unit Price: ৳ 1.00,(100's pack: ৳ 100.00),",(100's pack: ৳ 100.00)
10153,Metrocon,allopathic,metrocontablet400-mg,Tablet,Metronidazole,400 mg,Concord Pharmaceuticals Ltd.,"Unit Price: ৳ 2.00,(100's pack: ৳ 200.00),",(100's pack: ৳ 200.00)
11340,Metrocin,allopathic,metrocincapsule25-mg,Capsule,Indomethacin (Oral),25 mg,Salton Pharmaceuticals Ltd.,"Unit Price: ৳ 0.60,(100's pack: ৳ 60.00),",(100's pack: ৳ 60.00)
10208,Metrobac,allopathic,metrobaciv-infusion500-mg100-ml,IV Infusion,Metronidazole,500 mg/100 ml,Ziska Pharmaceuticals Ltd.,100 ml bottle: ৳ 53.00,
10207,Metro,allopathic,metrooral-suspension200-mg5-ml,Oral Suspension,Metronidazole,200 mg/5 ml,Ziska Pharmaceuticals Ltd.,60 ml bottle: ৳ 25.00,
10206,Metro,allopathic,metrotablet400-mg,Tablet,Metronidazole,400 mg,Ziska Pharmaceuticals Ltd.,"Unit Price: ৳ 1.05,(100's pack: ৳ 105.00),",(100's pack: ৳ 105.00)
10152,Metro,allopathic,metroiv-infusion500-mg100-ml,IV Infusion,Metronidazole,500 mg/100 ml,Opso Saline Ltd.,100 ml bottle: ৳ 53.95,
10151,Metrizol,allopathic,metrizoltablet400-mg,Tablet,Metronidazole,400 mg,Cosmo Pharma Ltd.,"Unit Price: ৳ 1.01,(100's pack: ৳ 101.00),",(100's pack: ৳ 101.00)
22344,Metrona,allopathic,metronaoral-suspension200-mg5-ml,Oral Suspension,Metronidazole,200 mg/5 ml,Aztec Pharmaceuticals Ltd.,60 ml bottle: ৳ 24.00,
10213,Metron,allopathic,metrontablet400-mg,Tablet,Metronidazole,400 mg,Leon Pharmaceuticals Ltd.,"Unit Price: ৳ 1.00,(100's pack: ৳ 100.00),",(100's pack: ৳ 100.00)
10156,Metromax,allopathic,metromaxiv-infusion500-mg100-ml,IV Infusion,Metronidazole,500 mg/100 ml,Novo Healthcare and Pharma Ltd.,100 ml bottle: ৳ 52.16,
10155,Metromax,allopathic,metromaxtablet400-mg,Tablet,Metronidazole,400 mg,Novo Healthcare and Pharma Ltd.,"Unit Price: ৳ 1.35,(100's pack: ৳ 135.40),",(100's pack: ৳ 135.40)
10150,Metrion,allopathic,metrioniv-infusion500-mg100-ml,IV Infusion,Metronidazole,500 mg/100 ml,General Pharmaceuticals Ltd.,100 ml bottle: ৳ 80.24,
10148,Metrion,allopathic,metriontablet400-mg,Tablet,Metronidazole,400 mg,General Pharmaceuticals Ltd.,"Unit Price: ৳ 2.01,(100's pack: ৳ 200.60),",(100's pack: ৳ 200.60)
31898,Metrinor,allopathic,metrinortablet2-mg,Tablet,Dienogest,2 mg,Popular Pharmaceuticals Ltd.,"Unit Price: ৳ 50.00,(10's pack: ৳ 500.00),",(10's pack: ৳ 500.00)
10147,Metra,allopathic,metraoral-suspension200-mg5-ml,Oral Suspension,Metronidazole,200 mg/5 ml,Ad-din Pharmaceuticals Ltd.,60 ml bottle: ৳ 24.00,
10146,Metra,allopathic,metratablet400-mg,Tablet,Metronidazole,400 mg,Ad-din Pharmaceuticals Ltd.,"Unit Price: ৳ 1.05,(100's pack: ৳ 105.00),",(100's pack: ৳ 105.00)
28289,Metorax,allopathic,metoraxtablet10-mg,Tablet,Methotrexate,10 mg,Renata Limited,"Unit Price: ৳ 15.00,(30's pack: ৳ 450.00),",(30's pack: ৳ 450.00)
31881,Metoprol-XL,allopathic,metoprol-xltablet-extended-release100-mg,Tablet (Extended Release),Metoprolol Tartrate,100 mg,Beximco Pharmaceuticals Ltd.,"Unit Price: ৳ 5.00,(50's pack: ৳ 250.00),",(50's pack: ৳ 250.00)
31880,Metoprol-XL,allopathic,metoprol-xltablet-extended-release50-mg,Tablet (Extended Release),Metoprolol Tartrate,50 mg,Beximco Pharmaceuticals Ltd.,"Unit Price: ৳ 3.00,(50's pack: ৳ 150.00),",(50's pack: ৳ 150.00)
10145,Metonid,allopathic,metonidiv-infusion500-mg100-ml,IV Infusion,Metronidazole,500 mg/100 ml,Popular Pharmaceuticals Ltd.,100 ml bottle: ৳ 75.00,
5447,Metomin,allopathic,metomintablet850-mg,Tablet,Metformin Hydrochloride,850 mg,Somatec Pharmaceuticals Ltd.,"Unit Price: ৳ 5.00,(50's pack: ৳ 250.00),",(50's pack: ৳ 250.00)
1417,Meverine,allopathic,meverinetablet135-mg,Tablet,Mebeverine Hydrochloride,135 mg,Drug International Ltd.,"Unit Price: ৳ 6.05,(50's pack: ৳ 302.50),",(50's pack: ৳ 302.50)
22381,Metsina,allopathic,metsinaiv-infusion500-mg100-ml,IV Infusion,Metronidazole,500 mg/100 ml,Ibn Sina Pharmaceuticals Ltd.,100 ml bottle: ৳ 75.00,
10173,Metsina,allopathic,metsinaoral-suspension200-mg5-ml,Oral Suspension,Metronidazole,200 mg/5 ml,Ibn Sina Pharmaceuticals Ltd.,60 ml bottle: ৳ 29.50,
10172,Metsina,allopathic,metsinatablet400-mg,Tablet,Metronidazole,400 mg,Ibn Sina Pharmaceuticals Ltd.,"Unit Price: ৳ 1.55,(100's pack: ৳ 155.00),",(100's pack: ৳ 155.00)
26840,Metsa XR,allopathic,metsa-xrtablet-extended-release1000-mg,Tablet (Extended Release),Metformin Hydrochloride,1000 mg,Synovia pharma plc,"Unit Price: ৳ 9.00,(30's pack: ৳ 270.00),",(30's pack: ৳ 270.00)
5450,Metsa XR,allopathic,metsa-xrtablet-extended-release500-mg,Tablet (Extended Release),Metformin Hydrochloride,500 mg,Synovia pharma plc,"Unit Price: ৳ 6.02,(50's pack: ৳ 301.00),",(50's pack: ৳ 301.00)
5449,Metsa,allopathic,metsatablet850-mg,Tablet,Metformin Hydrochloride,850 mg,Synovia pharma plc,"Unit Price: ৳ 5.02,(50's pack: ৳ 251.00),",(50's pack: ৳ 251.00)
5448,Metsa,allopathic,metsatablet500-mg,Tablet,Metformin Hydrochloride,500 mg,Synovia pharma plc,"Unit Price: ৳ 3.01,(100's pack: ৳ 301.00),",(100's pack: ৳ 301.00)
10170,Metryl,allopathic,metryliv-infusion500-mg100-ml,IV Infusion,Metronidazole,500 mg/100 ml,Opsonin Pharma Ltd.,100 ml bottle: ৳ 53.57,
10169,Metryl,allopathic,metryloral-suspension200-mg5-ml,Oral Suspension,Metronidazole,200 mg/5 ml,Opsonin Pharma Ltd.,60 ml bottle: ৳ 29.59,
10168,Metryl,allopathic,metryltablet500-mg,Tablet,Metronidazole,500 mg,Opsonin Pharma Ltd.,"Unit Price: ৳ 1.91,(100's pack: ৳ 191.00),",(100's pack: ৳ 191.00)
10167,Metryl,allopathic,metryltablet400-mg,Tablet,Metronidazole,400 mg,Opsonin Pharma Ltd.,"Unit Price: ৳ 1.27,(210's pack: ৳ 266.70),",(210's pack: ৳ 266.70)
10166,Metryl,allopathic,metryltablet200-mg,Tablet,Metronidazole,200 mg,Opsonin Pharma Ltd.,"Unit Price: ৳ 0.67,(100's pack: ৳ 67.00),",(100's pack: ৳ 67.00)
10165,Metrozen,allopathic,metrozenoral-suspension200-mg5-ml,Oral Suspension,Metronidazole,200 mg/5 ml,Zenith Pharmaceuticals Ltd.,60 ml bottle: ৳ 21.44,
10164,Metrozen,allopathic,metrozentablet400-mg,Tablet,Metronidazole,400 mg,Zenith Pharmaceuticals Ltd.,"Unit Price: ৳ 1.07,(100's pack: ৳ 107.00),",(100's pack: ৳ 107.00)
10163,Metroson,allopathic,metrosonoral-suspension200-mg5-ml,Oral Suspension,Metronidazole,200 mg/5 ml,Hudson Pharmaceuticals Ltd.,60 ml bottle: ৳ 18.00,
31978,Mexclav,allopathic,mexclavpowder-for-suspension125-mg3125-mg5-ml,Powder for Suspension,Cefuroxime Axetil + Clavulanic Acid,(125 mg+31.25 mg)/5 ml,Biopharma Laboratories Ltd.,70 ml bottle: ৳ 250.00,
7427,Mexclav,allopathic,mexclavtablet500-mg125-mg,Tablet,Cefuroxime Axetil + Clavulanic Acid,500 mg+125 mg,Biopharma Laboratories Ltd.,"Unit Price: ৳ 50.00,(7's pack: ৳ 350.00),",(7's pack: ৳ 350.00)
7426,Mexclav,allopathic,mexclavtablet250-mg625-mg,Tablet,Cefuroxime Axetil + Clavulanic Acid,250 mg+62.5 mg,Biopharma Laboratories Ltd.,"Unit Price: ৳ 30.00,(14's pack: ৳ 420.00),",(14's pack: ৳ 420.00)
31202,Mevin SR,allopathic,mevin-srcapsule-sustained-release200-mg,Capsule (Sustained Release),Mebeverine Hydrochloride,200 mg,Square Pharmaceuticals Ltd.,"Unit Price: ৳ 10.03,(30's pack: ৳ 300.90),",(30's pack: ৳ 300.90)
1419,Mevin,allopathic,mevintablet135-mg,Tablet,Mebeverine Hydrochloride,135 mg,Square Pharmaceuticals Ltd.,"Unit Price: ৳ 6.02,(50's pack: ৳ 301.00),",(50's pack: ৳ 301.00)
29043,Mevigut SR,allopathic,mevigut-srcapsule-sustained-release200-mg,Capsule (Sustained Release),Mebeverine Hydrochloride,200 mg,NIPRO JMI Pharma Ltd.,"Unit Price: ৳ 10.00,(30's pack: ৳ 300.00),",(30's pack: ৳ 300.00)
1418,Meverine SR,allopathic,meverine-srcapsule-sustained-release200-mg,Capsule (Sustained Release),Mebeverine Hydrochloride,200 mg,Drug International Ltd.,"Unit Price: ৳ 10.05,(30's pack: ৳ 301.50),",(30's pack: ৳ 301.50)
10162,Metroson,allopathic,metrosontablet400-mg,Tablet,Metronidazole,400 mg,Hudson Pharmaceuticals Ltd.,"Unit Price: ৳ 1.05,(100's pack: ৳ 105.00),",(100's pack: ৳ 105.00)
10161,Metrosil,allopathic,metrosiloral-suspension200-mg5-ml,Oral Suspension,Metronidazole,200 mg/5 ml,Silva Pharmaceuticals Ltd.,60 ml bottle: ৳ 19.00,
10160,Metrosil,allopathic,metrosiltablet400-mg,Tablet,Metronidazole,400 mg,Silva Pharmaceuticals Ltd.,"Unit Price: ৳ 1.00,(100's pack: ৳ 100.38),",(100's pack: ৳ 100.38)
10159,Metropill,allopathic,metropilloral-suspension200-mg5-ml,Oral Suspension,Metronidazole,200 mg/5 ml,Medimet Pharmaceuticals Ltd.,60 ml bottle: ৳ 22.00,
10158,Metropill,allopathic,metropilltablet400-mg,Tablet,Metronidazole,400 mg,Medimet Pharmaceuticals Ltd.,"Unit Price: ৳ 1.10,(100's pack: ৳ 110.00),",(100's pack: ৳ 110.00)
10157,Metropill,allopathic,metropilltablet200-mg,Tablet,Metronidazole,200 mg,Medimet Pharmaceuticals Ltd.,"Unit Price: ৳ 0.60,(100's pack: ৳ 60.00),",(100's pack: ৳ 60.00)
22345,Metrona,allopathic,metronatablet400-mg,Tablet,Metronidazole,400 mg,Aztec Pharmaceuticals Ltd.,Unit Price: ৳ 1.00,
14503,Micac,allopathic,micaceffervescent-tablet1000-mg327-mg500-mg,Effervescent Tablet,Calcium Lactate Gluconate + Calcium Carbonate + Vitamin C,1000 mg+327 mg+500 mg,Millat Pharmaceuticals Ltd.,"Unit Price: ৳ 7.80,(10's pack: ৳ 78.00),",(10's pack: ৳ 78.00)
12681,Mic-HC,allopathic,mic-hccream21,Cream,Miconazole Nitrate + Hydrocortisone,2%+1%,Globe Pharmaceuticals Ltd.,10 gm tube: ৳ 40.00,
10028,MIC,allopathic,miccream2,Cream,Miconazole Nitrate (Topical),2%,Globe Pharmaceuticals Ltd.,10 gm tube: ৳ 35.00,
32336,Miaz,allopathic,miazcream2,Cream,Miconazole Nitrate (Topical),2%,Al-Madina Pharmaceuticals Ltd.,10 gm tube: ৳ 35.00,
14919,Miacalcic,allopathic,miacalcicinjection100-iuml,Injection,Salmon Calcitonin,100 IU/ml,Novartis (Bangladesh) Ltd.,"1 ml ampoule: ৳ 591.00,(5's pack: ৳ 2,955.00),","(5's pack: ৳ 2,955.00)"
27969,MHC,allopathic,mhccream21,Cream,Miconazole Nitrate + Hydrocortisone,2%+1%,Sharif Pharmaceuticals Ltd.,10 gm tube: ৳ 40.12,
22686,MFC-XG,allopathic,mfc-xgophthalmic-solution0504,Ophthalmic Solution,Moxifloxacin Hydrochloride + Xanthan Gum,0.5%+0.4%,Nipa Pharmaceuticals Ltd.,5 ml drop: ৳ 145.00,
9634,MFC,allopathic,mfcophthalmic-solution05,Ophthalmic Solution,Moxifloxacin Hydrochloride (Ophthalmic),0.50%,Nipa Pharmaceuticals Ltd.,5 ml drop: ৳ 100.00,
28842,Mezoxia,allopathic,mezoxiatablet160-mg,Tablet,Megestrol Acetate,160 mg,Everest Pharmaceuticals Ltd.,"Unit Price: ৳ 80.00,(14's pack: ৳ 1,120.00),,Unit Price: ৳ 80.00,(30's pack: ৳ 2,400.00),","(14's pack: ৳ 1,120.00),(30's pack: ৳ 2,400.00)"
22043,Mezest,allopathic,mezesttablet40-mg,Tablet,Megestrol Acetate,40 mg,Beacon Pharmaceuticals Ltd.,"Unit Price: ৳ 35.00,(20's pack: ৳ 700.00),",(20's pack: ৳ 700.00)
22042,Mezest,allopathic,mezesttablet160-mg,Tablet,Megestrol Acetate,160 mg,Beacon Pharmaceuticals Ltd.,"Unit Price: ৳ 90.00,(30's pack: ৳ 2,700.00),","(30's pack: ৳ 2,700.00)"
10175,Mez,allopathic,meziv-infusion500-mg100-ml,IV Infusion,Metronidazole,500 mg/100 ml,Renata Limited,100 ml bottle: ৳ 70.00,
7295,Mextil DS,allopathic,mextil-dspowder-for-suspension250-mg5-ml,Powder for Suspension,Cefuroxime Axetil,250 mg/5 ml,Biopharma Laboratories Ltd.,50 ml bottle: ৳ 250.94,
7297,Mextil,allopathic,mextilimiv-injection750-mgvial,IM/IV Injection,Cefuroxime Axetil,750 mg/vial,Biopharma Laboratories Ltd.,750 mg vial: ৳ 125.00,
7294,Mextil,allopathic,mextilpowder-for-suspension125-mg5-ml,Powder for Suspension,Cefuroxime Axetil,125 mg/5 ml,Biopharma Laboratories Ltd.,70 ml bottle: ৳ 200.75,
7293,Mextil,allopathic,mextiltablet500-mg,Tablet,Cefuroxime Axetil,500 mg,Biopharma Laboratories Ltd.,"Unit Price: ৳ 45.17,(12's pack: ৳ 542.00),",(12's pack: ৳ 542.00)
11039,Miclofen TR,allopathic,miclofen-trcapsule-timed-release100-mg,Capsule (Timed Release),Diclofenac Sodium,100 mg,Millat Pharmaceuticals Ltd.,"Unit Price: ৳ 3.03,(50's pack: ৳ 151.50),",(50's pack: ৳ 151.50)
11038,Miclofen,allopathic,miclofentablet50-mg,Tablet,Diclofenac Sodium,50 mg,Millat Pharmaceuticals Ltd.,"Unit Price: ৳ 0.84,(100's pack: ৳ 84.00),",(100's pack: ৳ 84.00)
6196,Miclocin,allopathic,miclocinpowder-for-suspension125-mg5-ml,Powder for Suspension,Cloxacillin Sodium,125 mg/5 ml,Millat Pharmaceuticals Ltd.,100 ml bottle: ৳ 44.67,
6195,Miclocin,allopathic,miclocincapsule500-mg,Capsule,Cloxacillin Sodium,500 mg,Millat Pharmaceuticals Ltd.,"Unit Price: ৳ 5.95,(100's pack: ৳ 595.00),",(100's pack: ৳ 595.00)
12610,Miclo,allopathic,micloointment005,Ointment,Clobetasone Butyrate,0.05%,General Pharmaceuticals Ltd.,10 gm tube: ৳ 40.27,
12609,Miclo,allopathic,miclocream005,Cream,Clobetasone Butyrate,0.05%,General Pharmaceuticals Ltd.,10 gm tube: ৳ 40.27,
7292,Mextil,allopathic,mextiltablet250-mg,Tablet,Cefuroxime Axetil,250 mg,Biopharma Laboratories Ltd.,"Unit Price: ৳ 25.09,(20's pack: ৳ 501.85),",(20's pack: ৳ 501.85)
9600,Mexlo,allopathic,mexloophthalmic-solution03,Ophthalmic Solution,Lomefloxacin (Ophthalmic),0.30%,Square Pharmaceuticals Ltd.,5 ml drop: ৳ 70.21,
30678,Mexilyt,allopathic,mexilytsyrup4-mg5-ml,Syrup,Bromhexine Hydrochloride,4 mg/5 ml,Pharmadesh Laboratories Ltd.,"60 ml bottle: ৳ 18.06,100 ml bottle: ৳ 25.09",
12536,Mexiderm-N,allopathic,mexiderm-nointment0105,Ointment,Betamethasone + Neomycin Sulphate (Topical),0.1%+0.5%,Biopharma Laboratories Ltd.,10 gm tube: ৳ 22.00,
12535,Mexiderm-N,allopathic,mexiderm-ncream0105,Cream,Betamethasone + Neomycin Sulphate (Topical),0.1%+0.5%,Biopharma Laboratories Ltd.,10 gm tube: ৳ 22.00,
18230,Mexiderm-F,allopathic,mexiderm-fcream201,Cream,Fucidic Acid + Betamethasone,2%+0.1%,Biopharma Laboratories Ltd.,10 gm tube: ৳ 150.00,
18192,Mexiderm,allopathic,mexidermointment01,Ointment,Betamethasone Valerate,0.10%,Biopharma Laboratories Ltd.,15 gm tube: ৳ 34.00,
18191,Mexiderm,allopathic,mexidermcream01,Cream,Betamethasone Valerate,0.10%,Biopharma Laboratories Ltd.,15 gm tube: ৳ 25.00,
31822,Microcef DS,allopathic,microcef-dspowder-for-suspension200-mg5-ml,Powder for Suspension,Cefixime Trihydrate,200 mg/5 ml,Concord Pharmaceuticals Ltd.,50 ml bottle: ৳ 300.00,
7598,Microcef,allopathic,microcefpowder-for-suspension100-mg5-ml,Powder for Suspension,Cefixime Trihydrate,100 mg/5 ml,Concord Pharmaceuticals Ltd.,"30 ml bottle: ৳ 130.39,50 ml bottle: ৳ 195.59",
7597,Microcef,allopathic,microcefcapsule400-mg,Capsule,Cefixime Trihydrate,400 mg,Concord Pharmaceuticals Ltd.,"Unit Price: ৳ 50.15,(7's pack: ৳ 351.05),",(7's pack: ৳ 351.05)
7596,Microcef,allopathic,microcefcapsule200-mg,Capsule,Cefixime Trihydrate,200 mg,Concord Pharmaceuticals Ltd.,"Unit Price: ৳ 30.09,(14's pack: ৳ 421.26),",(14's pack: ৳ 421.26)
25451,Micro,allopathic,microoral-suspension200-mg5-ml,Oral Suspension,Albendazole,200 mg/5 ml,Alkad Laboratories,,
12685,Micozol-HC,allopathic,micozol-hccream21,Cream,Miconazole Nitrate + Hydrocortisone,2%+1%,Gaco Pharmaceuticals Ltd.,10 gm tube: ৳ 40.12,
12684,Micosone,allopathic,micosoneointment21,Ointment,Miconazole Nitrate + Hydrocortisone,2%+1%,ACI Limited,10 gm tube: ৳ 40.27,
12683,Micosone,allopathic,micosonecream21,Cream,Miconazole Nitrate + Hydrocortisone,2%+1%,ACI Limited,10 gm tube: ৳ 40.27,
10022,Micosina,allopathic,micosinaoral-gel2-ww,Oral Gel,Miconazole Nitrate (Oral Gel),2% w/w,Ibn Sina Pharmaceuticals Ltd.,15 gm tube: ৳ 60.00,
10012,Micoral,allopathic,micoraloral-gel2-ww,Oral Gel,Miconazole Nitrate (Oral Gel),2% w/w,ACI Limited,"15 gm tube: ৳ 60.18,30 gm tube: ৳ 100.30",
14209,Micoplex-M,allopathic,micoplex-mtablet,Tablet,Multivitamin & Multimineral,,Millat Pharmaceuticals Ltd.,"Unit Price: ৳ 1.80,(30's pack: ৳ 54.00),",(30's pack: ৳ 54.00)
13800,Micoplex-B,allopathic,micoplex-bsyrup,Syrup,Vitamin B complex,,Millat Pharmaceuticals Ltd.,"100 ml bottle: ৳ 20.92,200 ml bottle: ৳ 38.00",
13799,Micoplex-B,allopathic,micoplex-btablet,Tablet,Vitamin B complex,,Millat Pharmaceuticals Ltd.,"Unit Price: ৳ 0.43,(45's pack: ৳ 19.35),",(45's pack: ৳ 19.35)
12682,Miconil,allopathic,miconilcream21,Cream,Miconazole Nitrate + Hydrocortisone,2%+1%,Nipa Pharmaceuticals Ltd.,10 gm tube: ৳ 40.00,
10029,Miconex,allopathic,miconexcream2,Cream,Miconazole Nitrate (Topical),2%,ACI Limited,10 gm tube: ৳ 39.00,
32292,Micoheal,allopathic,micohealcream2,Cream,Miconazole Nitrate (Topical),2%,Al-Madina Pharmaceuticals Ltd.,"15 gm tube: ৳ 50.00,30 gm tube: ৳ 90.00",
20076,Microlon,allopathic,microlontablet002-mg015-mg,Tablet,Ethinyl Estradiol + Desogestrel (0.02 mg),0.02 mg+0.15 mg,Nuvista Pharma Ltd.,21 tablet pack: ৳ 90.30,
29301,Microgest,allopathic,microgestvaginal-pessary400-mg,Vaginal Pessary,Progesterone (Vaginal Pessary),400 mg,Renata Limited,"Unit Price: ৳ 50.00,(10's pack: ৳ 500.00),",(10's pack: ৳ 500.00)
5892,Microgest,allopathic,microgestcapsule200-mg,Capsule,Progesterone (Capsule),200 mg,Renata Limited,"Unit Price: ৳ 30.00,(30's pack: ৳ 900.00),",(30's pack: ৳ 900.00)
5891,Microgest,allopathic,microgestcapsule100-mg,Capsule,Progesterone (Capsule),100 mg,Renata Limited,"Unit Price: ৳ 15.00,(30's pack: ৳ 450.00),",(30's pack: ৳ 450.00)
22373,Micogyl,allopathic,micogyliv-infusion500-mg100-ml,IV Infusion,Metronidazole,500 mg/100 ml,Globe Pharmaceuticals Ltd.,100 ml bottle: ৳ 53.41,
10177,Micogyl,allopathic,micogyloral-suspension200-mg5-ml,Oral Suspension,Metronidazole,200 mg/5 ml,Globe Pharmaceuticals Ltd.,60 ml bottle: ৳ 29.88,
10176,Micogyl,allopathic,micogyltablet400-mg,Tablet,Metronidazole,400 mg,Globe Pharmaceuticals Ltd.,"Unit Price: ৳ 1.20,(100's pack: ৳ 120.00),",(100's pack: ৳ 120.00)
22476,Micofun-HC,allopathic,micofun-hccream21,Cream,Miconazole Nitrate + Hydrocortisone,2%+1%,Navana Pharmaceuticals Ltd.,10 gm tube: ৳ 40.00,
29405,Micofun,allopathic,micofunoral-gel2-ww,Oral Gel,Miconazole Nitrate (Oral Gel),2% w/w,Navana Pharmaceuticals Ltd.,15 gm tube: ৳ 60.00,
22471,Micoderm-HC,allopathic,micoderm-hccream21,Cream,Miconazole Nitrate + Hydrocortisone,2%+1%,Drug International Ltd.,10 gm tube: ৳ 40.00,
22468,Micoderm,allopathic,micodermcream2,Cream,Miconazole Nitrate (Topical),2%,Drug International Ltd.,10 gm tube: ৳ 40.00,
10011,Micoderm,allopathic,micodermoral-gel2-ww,Oral Gel,Miconazole Nitrate (Oral Gel),2% w/w,Drug International Ltd.,15 gm tube: ৳ 60.00,
11648,Miclofenac,allopathic,miclofenactablet75-mg200-mcg,Tablet,Diclofenac Sodium + Misoprostol,75 mg+200 mcg,Square Pharmaceuticals Ltd.,"Unit Price: ৳ 11.07,(30's pack: ৳ 332.18),",(30's pack: ৳ 332.18)
11647,Miclofenac,allopathic,miclofenactablet50-mg200-mcg,Tablet,Diclofenac Sodium + Misoprostol,50 mg+200 mcg,Square Pharmaceuticals Ltd.,"Unit Price: ৳ 10.07,(30's pack: ৳ 302.16),",(30's pack: ৳ 302.16)
20406,Migon,allopathic,migontablet5-mg,Tablet,Flunarizine,5 mg,Drug International Ltd.,"Unit Price: ৳ 3.00,(56's pack: ৳ 168.00),",(56's pack: ৳ 168.00)
10807,Migofen,allopathic,migofentablet15-mg,Tablet,Pizotifen,1.5 mg,Techno Drugs Ltd.,"Unit Price: ৳ 6.00,(30's pack: ৳ 180.00),",(30's pack: ৳ 180.00)
10806,Migofen,allopathic,migofentablet05-mg,Tablet,Pizotifen,0.5 mg,Techno Drugs Ltd.,"Unit Price: ৳ 3.00,(30's pack: ৳ 90.00),",(30's pack: ৳ 90.00)
29628,Migesic,allopathic,migesictablet200-mg,Tablet,Tolfenamic acid,200 mg,Renata Limited,"Unit Price: ৳ 10.00,(30's pack: ৳ 300.00),",(30's pack: ৳ 300.00)
20409,Miganil,allopathic,miganiltablet10-mg,Tablet,Flunarizine,10 mg,Globe Pharmaceuticals Ltd.,"Unit Price: ৳ 5.00,(30's pack: ৳ 150.00),",(30's pack: ৳ 150.00)
20408,Miganil,allopathic,miganiltablet5-mg,Tablet,Flunarizine,5 mg,Globe Pharmaceuticals Ltd.,"Unit Price: ৳ 3.00,(50's pack: ৳ 150.00),",(50's pack: ৳ 150.00)
16624,Mifeston,allopathic,mifestontablet200-mg,Tablet,Mifepristone,200 mg,Incepta Pharmaceuticals Ltd.,"Unit Price: ৳ 175.00,(3's pack: ৳ 525.00),",(3's pack: ৳ 525.00)
11650,Mifenac,allopathic,mifenactablet75-mg200-mcg,Tablet,Diclofenac Sodium + Misoprostol,75 mg+200 mcg,Rephco Pharmaceuticals Ltd.,"Unit Price: ৳ 10.00,(100's pack: ৳ 1,000.00),","(100's pack: ৳ 1,000.00)"
11649,Mifenac,allopathic,mifenactablet50-mg200-mcg,Tablet,Diclofenac Sodium + Misoprostol,50 mg+200 mcg,Rephco Pharmaceuticals Ltd.,"Unit Price: ৳ 8.00,(100's pack: ৳ 800.00),",(100's pack: ৳ 800.00)
16623,MIF,allopathic,miftablet200-mg,Tablet,Mifepristone,200 mg,Renata Limited,"Unit Price: ৳ 175.00,(3's pack: ৳ 525.00),",(3's pack: ৳ 525.00)
22524,Midzo,allopathic,midzoimiv-injection15-mg3-ml,IM/IV Injection,Midazolam,15 mg/3 ml,Renata Limited,3 ml ampoule: ৳ 75.00,
22523,Midzo,allopathic,midzotablet75-mg,Tablet,Midazolam,7.5 mg,Renata Limited,"Unit Price: ৳ 8.00,(30's pack: ৳ 240.00),",(30's pack: ৳ 240.00)
16711,Midothal,allopathic,midothalcapsule50-mg,Capsule,Thalidomide,50 mg,Incepta Pharmaceuticals Ltd.,"Unit Price: ৳ 30.00,(30's pack: ৳ 900.00),",(30's pack: ৳ 900.00)
32392,Midoria,allopathic,midoriaintracameral-injection0020311,Intracameral Injection,Tropicamide + Phenylephrine + Lidocaine,0.02%+0.31%+1%,Incepta Pharmaceuticals Ltd.,0.6 ml ampoule: ৳ 200.00,
27487,Midorest,allopathic,midoresttablet75-mg,Tablet,Midazolam,7.5 mg,Benham Pharmaceuticals Ltd.,"Unit Price: ৳ 8.00,(30's pack: ৳ 240.00),",(30's pack: ৳ 240.00)
27486,Midorest,allopathic,midoresttablet15-mg,Tablet,Midazolam,15 mg,Benham Pharmaceuticals Ltd.,"Unit Price: ৳ 15.00,(30's pack: ৳ 450.00),",(30's pack: ৳ 450.00)
11641,Migrex,allopathic,migrextablet200-mg,Tablet,Tolfenamic acid,200 mg,Incepta Pharmaceuticals Ltd.,"Unit Price: ৳ 10.00,(30's pack: ৳ 300.00),",(30's pack: ৳ 300.00)
11640,Migratol,allopathic,migratoltablet200-mg,Tablet,Tolfenamic acid,200 mg,Beacon Pharmaceuticals Ltd.,"Unit Price: ৳ 10.00,(30's pack: ৳ 300.00),",(30's pack: ৳ 300.00)
10811,Migranil,allopathic,migraniltablet15-mg,Tablet,Pizotifen,1.5 mg,Square Pharmaceuticals Ltd.,"Unit Price: ৳ 7.04,(30's pack: ৳ 211.20),",(30's pack: ৳ 211.20)
10810,Migranil,allopathic,migraniltablet05-mg,Tablet,Pizotifen,0.5 mg,Square Pharmaceuticals Ltd.,"Unit Price: ৳ 3.01,(50's pack: ৳ 150.50),",(50's pack: ৳ 150.50)
10809,Migranex,allopathic,migranextablet15-mg,Tablet,Pizotifen,1.5 mg,Edruc Limited,"Unit Price: ৳ 7.01,(30's pack: ৳ 210.21),",(30's pack: ৳ 210.21)
10808,Migranex,allopathic,migranextablet05-mg,Tablet,Pizotifen,0.5 mg,Edruc Limited,"Unit Price: ৳ 3.00,(50's pack: ৳ 150.00),",(50's pack: ৳ 150.00)
20407,Migon,allopathic,migontablet10-mg,Tablet,Flunarizine,10 mg,Drug International Ltd.,"Unit Price: ৳ 5.00,(56's pack: ৳ 280.00),",(56's pack: ৳ 280.00)
4188,Midolam,allopathic,midolamimiv-injection15-mg3-ml,IM/IV Injection,Midazolam,15 mg/3 ml,Opsonin Pharma Ltd.,3 ml ampoule: ৳ 75.28,
4187,Midolam,allopathic,midolamimiv-injection5-mgml,IM/IV Injection,Midazolam,5 mg/ml,Opsonin Pharma Ltd.,1 ml ampoule: ৳ 50.19,
4186,Midolam,allopathic,midolamtablet15-mg,Tablet,Midazolam,15 mg,Opsonin Pharma Ltd.,"Unit Price: ৳ 15.06,(20's pack: ৳ 301.20),",(20's pack: ৳ 301.20)
4185,Midolam,allopathic,midolamtablet75-mg,Tablet,Midazolam,7.5 mg,Opsonin Pharma Ltd.,"Unit Price: ৳ 8.03,(30's pack: ৳ 240.90),",(30's pack: ৳ 240.90)
33182,Midita,allopathic,miditatablet100-mg,Tablet,Lasmiditan Hemisuccinate,100 mg,Beximco Pharmaceuticals Ltd.,,
33181,Midita,allopathic,miditatablet50-mg,Tablet,Lasmiditan Hemisuccinate,50 mg,Beximco Pharmaceuticals Ltd.,,
26450,Mictrol,allopathic,mictrolcapsule-modified-release04-mg,Capsule (Modified Release),Tamsulosin  Hydrochloride,0.4 mg,Radiant Pharmaceuticals Ltd.,"Unit Price: ৳ 10.00,(30's pack: ৳ 300.00),",(30's pack: ৳ 300.00)
28934,Minipress XL,allopathic,minipress-xltablet-extended-release5-mg,Tablet (Extended Release),Prazosin Hydrochloride,5 mg,Pfizer,"Unit Price: ৳ 21.18,(30's pack: ৳ 635.40),",(30's pack: ৳ 635.40)
28933,Minipress XL,allopathic,minipress-xltablet-extended-release25-mg,Tablet (Extended Release),Prazosin Hydrochloride,2.5 mg,Pfizer,"Unit Price: ৳ 13.60,(30's pack: ৳ 408.00),",(30's pack: ৳ 408.00)
30055,Minipil,allopathic,minipiltablet0075-mg,Tablet,Norgestrel,0.075 mg,Techno Drugs Ltd.,"28 tablet: ৳ 39.20,(10's pack: ৳ 392.00),",(10's pack: ৳ 392.00)
13561,Minicod,allopathic,minicodsyrup,Syrup,Multivitamin & Cod Liver Oil,,Zenith Pharmaceuticals Ltd.,"100 ml bottle: ৳ 80.00,200 ml bottle: ৳ 140.00",
31185,Minibet,allopathic,minibettablet100-mg,Tablet,Ciprofibrate,100 mg,Square Pharmaceuticals Ltd.,"Unit Price: ৳ 15.00,(30's pack: ৳ 450.00),",(30's pack: ৳ 450.00)
3735,Minia,allopathic,miniasyrup1-mg5-ml,Syrup,Ketotifen Fumarate (Oral),1 mg/5 ml,Novo Healthcare and Pharma Ltd.,100 ml bottle: ৳ 45.13,
27475,Mimi Kit,allopathic,mimi-kittablet200-mg200-mcg,Tablet,Mifepristone + Misoprostol,200 mg+200 mcg,Benham Pharmaceuticals Ltd.,5 tablet kit: ৳ 300.00,
30484,Miltefos,allopathic,miltefoscapsule50-mg,Capsule,Miltefosine,50 mg,Popular Pharmaceuticals Ltd.,Unit Price: ৳ 165.00,
16626,Milran,allopathic,milrantablet50-mg,Tablet,Milnacipran Hydrochloride,50 mg,Beacon Pharmaceuticals Ltd.,"Unit Price: ৳ 15.05,(20's pack: ৳ 301.00),",(20's pack: ৳ 301.00)
16625,Milran,allopathic,milrantablet125-mg,Tablet,Milnacipran Hydrochloride,12.5 mg,Beacon Pharmaceuticals Ltd.,"Unit Price: ৳ 6.02,(50's pack: ৳ 301.00),",(50's pack: ৳ 301.00)
14801,Millat's ORS,allopathic,millats-orsoral-powder1395-gm,Oral Powder,Oral Rehydration Salt [Powder],13.95 gm,Millat Pharmaceuticals Ltd.,"Unit Price: ৳ 3.43,(20's pack: ৳ 68.60),",(20's pack: ৳ 68.60)
28862,Millat malam,allopathic,millat-malamointment0112,Ointment,Dithranol + Boric Acid + Salicylic Acid,0.1%+1%+2%,Millat Pharmaceuticals Ltd.,6.5 gm tube: ৳ 6.00,
26520,Milk of Magnesia Plus,allopathic,milk-of-magnesia-plusoral-emulsion300-mg125-ml5-ml,Oral Emulsion,Magnesium Hydroxide + Liquid Paraffin,(300 mg+1.25 ml)/5 ml,ACME Laboratories Ltd.,120 ml bottle: ৳ 95.29,
21959,Milk of Magnesia,allopathic,milk-of-magnesiaoral-suspension400-mg5-ml,Oral Suspension,Magnesium Hydroxide,400 mg/5 ml,Seema Pharmaceuticals Ltd.,,
21954,Milk of Magnesia,allopathic,milk-of-magnesiaoral-suspension400-mg5-ml,Oral Suspension,Magnesium Hydroxide,400 mg/5 ml,Orion Pharma Ltd.,100 ml bottle: ৳ 50.15,
21947,Milk Of Magnesia,allopathic,milk-of-magnesiaoral-suspension400-mg5-ml,Oral Suspension,Magnesium Hydroxide,400 mg/5 ml,Doctor’s Chemical Works Ltd.,114 ml bottle: ৳ 40.00,
21946,Milk Of Magnesia,allopathic,milk-of-magnesiaoral-suspension400-mg5-ml,Oral Suspension,Magnesium Hydroxide,400 mg/5 ml,Alkad Laboratories,100 ml bottle: ৳ 38.00,
30215,Milk Aid,allopathic,milk-aidchewable-tablet9000-iu,Chewable Tablet,Lactase,9000 IU,ACI Limited,"Unit Price: ৳ 15.00,(24's pack: ৳ 360.00),",(24's pack: ৳ 360.00)
30240,Milium,allopathic,miliumtablet10-mg,Tablet,Domperidone Maleate,10 mg,Everest Pharmaceuticals Ltd.,"Unit Price: ৳ 2.50,(50's pack: ৳ 125.00),",(50's pack: ৳ 125.00)
24309,Milast-A,allopathic,milast-atablet500-mcg,Tablet,Roflumilast,500 mcg,ACME Laboratories Ltd.,"Unit Price: ৳ 13.54,(30's pack: ৳ 406.20),",(30's pack: ৳ 406.20)
4191,Milam,allopathic,milamimiv-injection15-mg3-ml,IM/IV Injection,Midazolam,15 mg/3 ml,Eskayef Pharmaceuticals Ltd.,3 ml ampoule: ৳ 120.00,
4190,Milam,allopathic,milamtablet15-mg,Tablet,Midazolam,15 mg,Eskayef Pharmaceuticals Ltd.,"Unit Price: ৳ 20.00,(20's pack: ৳ 400.00),",(20's pack: ৳ 400.00)
4189,Milam,allopathic,milamtablet75-mg,Tablet,Midazolam,7.5 mg,Eskayef Pharmaceuticals Ltd.,"Unit Price: ৳ 12.00,(40's pack: ৳ 480.00),",(40's pack: ৳ 480.00)
17025,Mikotrim,allopathic,mikotrimoral-suspension200-mg40-mg5-ml,Oral Suspension,Sulphamethoxazole + Trimethoprim,(200 mg+40 mg)/5 ml,Pharmik Laboratories Ltd.,60 ml bottle: ৳ 21.25,
12686,Miki-H,allopathic,miki-hcream21,Cream,Miconazole Nitrate + Hydrocortisone,2%+1%,Orion Pharma Ltd.,10 gm tube: ৳ 40.27,
30549,Mikacin,allopathic,mikacinimiv-injection500-mg2-ml,IM/IV Injection,Amikacin,500 mg/2 ml,Aristopharma Ltd.,"2 ml ampoule: ৳ 45.00,(5's pack: ৳ 225.00),",(5's pack: ৳ 225.00)
30548,Mikacin,allopathic,mikacinimiv-injection100-mg2-ml,IM/IV Injection,Amikacin,100 mg/2 ml,Aristopharma Ltd.,"2 ml ampoule: ৳ 15.00,(10's pack: ৳ 150.00),",(10's pack: ৳ 150.00)
10847,Migrium,allopathic,migriumtablet10-mg,Tablet,Flunarizine,10 mg,Opso Saline Ltd.,"Unit Price: ৳ 5.00,(50's pack: ৳ 250.00),",(50's pack: ৳ 250.00)
10846,Migrium,allopathic,migriumtablet5-mg,Tablet,Flunarizine,5 mg,Opso Saline Ltd.,"Unit Price: ৳ 3.50,(50's pack: ৳ 175.00),",(50's pack: ৳ 175.00)
16340,Migrin,allopathic,migrintablet1-mg100-mg,Tablet,Ergotamine Tartrate + Caffeine,1 mg+100 mg,Skylab Pharmaceuticals Ltd.,"Unit Price: ৳ 5.00,(50's pack: ৳ 250.00),",(50's pack: ৳ 250.00)
16628,Mirabeg ER,allopathic,mirabeg-ertablet-extended-release25-mg,Tablet (Extended Release),Mirabegron,25 mg,General Pharmaceuticals Ltd.,"Unit Price: ৳ 30.00,(20's pack: ৳ 600.00),",(20's pack: ৳ 600.00)
29739,Miptol,allopathic,miptoltablet200-mg,Tablet,Misoprostol,200 mg,ACME Laboratories Ltd.,"Unit Price: ৳ 15.04,(30's pack: ৳ 451.20),",(30's pack: ৳ 451.20)
13651,Miovit,allopathic,miovittablet100-mg200-mg200-mcg,Tablet,"Vitamin B1, B6 & B12",100 mg+200 mg+200 mcg,Somatec Pharmaceuticals Ltd.,"Unit Price: ৳ 7.00,(60's pack: ৳ 420.00),",(60's pack: ৳ 420.00)
10794,Miotrol,allopathic,miotroltablet25-mg,Tablet,Zolmitriptan,2.5 mg,Drug International Ltd.,"Unit Price: ৳ 17.00,(50's pack: ৳ 850.00),",(50's pack: ৳ 850.00)
25299,Minzin,allopathic,minzinsyrup,Syrup,Vitamin B Complex + Zinc,,Orbit Pharmaceuticals Ltd.,100 ml bottle: ৳ 45.00,
33149,Minoxil,allopathic,minoxilscalp-solution2,Scalp Solution,Minoxidil,2%,Opsonin Pharma Ltd.,60 ml bottle: ৳ 500.00,
31146,Minoxil,allopathic,minoxilscalp-solution5,Scalp Solution,Minoxidil,5%,Opsonin Pharma Ltd.,60 ml bottle: ৳ 600.00,
25015,Minopa,allopathic,minopatablet200-mg,Tablet,Tolfenamic acid,200 mg,Medicon Pharmaceuticals Ltd.,"Unit Price: ৳ 8.00,(30's pack: ৳ 240.00),",(30's pack: ৳ 240.00)
28562,Minomal SR,allopathic,minomal-srtablet-sustained-release600-mg,Tablet (Sustained Release),Aminophylline,600 mg,Pacific Pharmaceuticals Ltd.,"Unit Price: ৳ 3.59,(20's pack: ৳ 71.81),",(20's pack: ৳ 71.81)
607,Minomal R,allopathic,minomal-rretard-tablet175-mg,Retard Tablet,Aminophylline,175 mg,Pacific Pharmaceuticals Ltd.,"Unit Price: ৳ 1.23,(100's pack: ৳ 123.00),",(100's pack: ৳ 123.00)
606,Minomal R,allopathic,minomal-rretard-tablet350-mg,Retard Tablet,Aminophylline,350 mg,Pacific Pharmaceuticals Ltd.,"Unit Price: ৳ 2.20,(50's pack: ৳ 110.00),",(50's pack: ৳ 110.00)
32307,Minolac,allopathic,minolacimiv-injection10-mgml,IM/IV Injection,Ketorolac Tromethamine,10 mg/ml,ACI Limited,"1 ml ampoule: ৳ 33.10,(10's pack: ৳ 331.00),",(10's pack: ৳ 331.00)
21227,Minolac,allopathic,minolacimiv-injection60-mg2-ml,IM/IV Injection,Ketorolac Tromethamine,60 mg/2 ml,ACI Limited,"2 ml ampoule: ৳ 95.65,(5's pack: ৳ 478.25),",(5's pack: ৳ 478.25)
15359,Minolac,allopathic,minolacimiv-injection30-mgml,IM/IV Injection,Ketorolac Tromethamine,30 mg/ml,ACI Limited,"1 ml ampoule: ৳ 55.38,(5's pack: ৳ 276.90),",(5's pack: ৳ 276.90)
15358,Minolac,allopathic,minolactablet10-mg,Tablet,Ketorolac Tromethamine,10 mg,ACI Limited,"Unit Price: ৳ 10.07,(40's pack: ৳ 402.80),",(40's pack: ৳ 402.80)
28966,Minocin,allopathic,minocincapsule50-mg,Capsule,Minocycline Hydrochloride,50 mg,UniMed UniHealth,"Unit Price: ৳ 25.00,(30's pack: ৳ 750.00),",(30's pack: ৳ 750.00)
32841,Miraclon,allopathic,miraclontablet05-mg,Tablet,Clonazepam,0.5 mg,Beacon Pharmaceuticals Ltd.,"Unit Price: ৳ 6.00,(50's pack: ৳ 300.00),",(50's pack: ৳ 300.00)
30687,Miracit,allopathic,miracitsyrup75-mg5-ml,Syrup,Butamirate Citrate,7.5 mg/5 ml,Aristopharma Ltd.,100 ml bottle: ৳ 80.00,
14529,Miracal-M,allopathic,miracal-mtablet,Tablet,Calcium Carbonate + Vitamin D3 + Multimineral,,Navana Pharmaceuticals Ltd.,"Unit Price: ৳ 5.36,(15's pack: ৳ 80.44),",(15's pack: ৳ 80.44)
14312,Miracal-J,allopathic,miracal-jchewable-tablet250-mg,Chewable Tablet,Calcium Carbonate,250 mg,Navana Pharmaceuticals Ltd.,"Unit Price: ৳ 2.00,(50's pack: ৳ 100.05),",(50's pack: ৳ 100.05)
14448,Miracal-D,allopathic,miracal-dtablet500-mg200-iu,Tablet,Calcium Carbonate [Elemental source] + Vitamin D3,500 mg+200 IU,Navana Pharmaceuticals Ltd.,"Unit Price: ৳ 6.50,(15's pack: ৳ 97.50),,Unit Price: ৳ 6.50,(30's pack: ৳ 195.00),,Unit Price: ৳ 6.50,(50's pack: ৳ 325.00),","(15's pack: ৳ 97.50),(30's pack: ৳ 195.00),(50's pack: ৳ 325.00)"
14313,Miracal,allopathic,miracaltablet500-mg,Tablet,Calcium Carbonate,500 mg,Navana Pharmaceuticals Ltd.,"Unit Price: ৳ 4.50,(50's pack: ৳ 225.00),",(50's pack: ৳ 225.00)
22549,Mirabeg ER,allopathic,mirabeg-ertablet-extended-release50-mg,Tablet (Extended Release),Mirabegron,50 mg,General Pharmaceuticals Ltd.,"Unit Price: ৳ 55.00,(20's pack: ৳ 1,100.00),","(20's pack: ৳ 1,100.00)"
10840,Minium,allopathic,miniumtablet10-mg,Tablet,Flunarizine,10 mg,Opsonin Pharma Ltd.,"Unit Price: ৳ 5.02,(50's pack: ৳ 251.00),",(50's pack: ৳ 251.00)
10839,Minium,allopathic,miniumtablet5-mg,Tablet,Flunarizine,5 mg,Opsonin Pharma Ltd.,"Unit Price: ৳ 3.51,(50's pack: ৳ 175.50),",(50's pack: ৳ 175.50)
12908,Minista,allopathic,ministatablet10-mg,Tablet,Rupatadine Fumarate,10 mg,Radiant Pharmaceuticals Ltd.,"Unit Price: ৳ 12.04,(30's pack: ৳ 361.20),",(30's pack: ৳ 361.20)
30017,Minirin Melt,allopathic,minirin-meltsublingual-tablet120-mcg,Sublingual Tablet,Desmopressin Acetate,120 mcg,Ferring Pharmaceuticals Ltd.,"Unit Price: ৳ 90.00,(30's pack: ৳ 2,700.00),","(30's pack: ৳ 2,700.00)"
30016,Minirin Melt,allopathic,minirin-meltsublingual-tablet60-mcg,Sublingual Tablet,Desmopressin Acetate,60 mcg,Ferring Pharmaceuticals Ltd.,"Unit Price: ৳ 53.00,(30's pack: ৳ 1,590.00),","(30's pack: ৳ 1,590.00)"
22151,Minirfor,allopathic,minirfortablet850-mg,Tablet,Metformin Hydrochloride,850 mg,Rephco Pharmaceuticals Ltd.,Unit Price: ৳ 6.00,
22150,Minirfor,allopathic,minirfortablet500-mg,Tablet,Metformin Hydrochloride,500 mg,Rephco Pharmaceuticals Ltd.,Unit Price: ৳ 4.00,
4562,Mirtaz,allopathic,mirtaztablet75-mg,Tablet,Mirtazapine,7.5 mg,Sun Pharmaceutical Ltd.,"Unit Price: ৳ 6.50,(50's pack: ৳ 325.00),",(50's pack: ৳ 325.00)
4561,Mirtaz,allopathic,mirtaztablet30-mg,Tablet,Mirtazapine,30 mg,Sun Pharmaceutical Ltd.,"Unit Price: ৳ 18.00,(50's pack: ৳ 900.00),",(50's pack: ৳ 900.00)
4556,Mirtaz,allopathic,mirtaztablet15-mg,Tablet,Mirtazapine,15 mg,Sun Pharmaceutical Ltd.,"Unit Price: ৳ 10.00,(50's pack: ৳ 500.00),",(50's pack: ৳ 500.00)
30492,Mirolast,allopathic,mirolastophthalmic-solution01,Ophthalmic Solution,Pemirolast Potassium,0.10%,Incepta Pharmaceuticals Ltd.,10 ml drop: ৳ 75.00,
22556,Mirez,allopathic,mireztablet75-mg,Tablet,Mirtazapine,7.5 mg,Healthcare Pharmaceuticals Ltd.,"Unit Price: ৳ 6.50,(30's pack: ৳ 195.00),",(30's pack: ৳ 195.00)
4560,Mirez,allopathic,mireztablet30-mg,Tablet,Mirtazapine,30 mg,Healthcare Pharmaceuticals Ltd.,"Unit Price: ৳ 15.00,(30's pack: ৳ 450.00),",(30's pack: ৳ 450.00)
4559,Mirez,allopathic,mireztablet15-mg,Tablet,Mirtazapine,15 mg,Healthcare Pharmaceuticals Ltd.,"Unit Price: ৳ 8.00,(30's pack: ৳ 240.00),",(30's pack: ৳ 240.00)
13488,Mircera,allopathic,mirceraivsc-injection100-μg03-ml,IV/SC Injection,Methoxy Polyethylene Glycol-Epoetin Beta,100 µg/0.3 ml,Roche Bangladesh Ltd.,"100 µg pre-filled syringe: ৳ 9,300.00",
13487,Mircera,allopathic,mirceraivsc-injection75-μg03-ml,IV/SC Injection,Methoxy Polyethylene Glycol-Epoetin Beta,75 µg/0.3 ml,Roche Bangladesh Ltd.,"75 µg pre-filled syringe: ৳ 7,100.00",
13486,Mircera,allopathic,mirceraivsc-injection50-μg03-ml,IV/SC Injection,Methoxy Polyethylene Glycol-Epoetin Beta,50 µg/0.3 ml,Roche Bangladesh Ltd.,"50 µg pre-filled syringe: ৳ 4,750.00",
18419,Miraten,allopathic,miratenpediatric-drops5-mgml,Pediatric Drops,Butamirate Citrate,5 mg/ml,Eskayef Pharmaceuticals Ltd.,15 ml bottle: ৳ 50.00,
3988,Miraten,allopathic,miratensyrup75-mg5-ml,Syrup,Butamirate Citrate,7.5 mg/5 ml,Eskayef Pharmaceuticals Ltd.,"100 ml bottle: ৳ 80.00,200 ml bottle: ৳ 150.00",
29002,Mirasol XR,allopathic,mirasol-xrtablet-extended-release50-mg,Tablet (Extended Release),Mirabegron,50 mg,Beximco Pharmaceuticals Ltd.,"Unit Price: ৳ 55.00,(10's pack: ৳ 550.00),",(10's pack: ৳ 550.00)
29001,Mirasol XR,allopathic,mirasol-xrtablet-extended-release25-mg,Tablet (Extended Release),Mirabegron,25 mg,Beximco Pharmaceuticals Ltd.,"Unit Price: ৳ 30.00,(20's pack: ৳ 600.00),",(20's pack: ৳ 600.00)
26275,Mirapro,allopathic,miraprotablet15-mg,Tablet,Mirtazapine,15 mg,Square Pharmaceuticals Ltd.,"Unit Price: ৳ 9.00,(30's pack: ৳ 270.00),",(30's pack: ৳ 270.00)
22560,Mirapro,allopathic,miraprotablet75-mg,Tablet,Mirtazapine,7.5 mg,Square Pharmaceuticals Ltd.,"Unit Price: ৳ 6.00,(30's pack: ৳ 180.00),",(30's pack: ৳ 180.00)
11663,Misofenac,allopathic,misofenactablet50-mg200-mcg,Tablet,Diclofenac Sodium + Misoprostol,50 mg+200 mcg,ACME Laboratories Ltd.,"Unit Price: ৳ 10.07,(30's pack: ৳ 302.10),",(30's pack: ৳ 302.10)
11652,Misoclo,allopathic,misoclotablet75-mg200-mcg,Tablet,Diclofenac Sodium + Misoprostol,75 mg+200 mcg,General Pharmaceuticals Ltd.,"Unit Price: ৳ 11.07,(20's pack: ৳ 221.40),",(20's pack: ৳ 221.40)
11651,Misoclo,allopathic,misoclotablet50-mg200-mcg,Tablet,Diclofenac Sodium + Misoprostol,50 mg+200 mcg,General Pharmaceuticals Ltd.,"Unit Price: ৳ 10.07,(20's pack: ৳ 201.39),",(20's pack: ৳ 201.39)
4564,Mirzalux,allopathic,mirzaluxtablet30-mg,Tablet,Mirtazapine,30 mg,SANDOZ (A Novartis Division),"Unit Price: ৳ 18.00,(20's pack: ৳ 360.00),",(20's pack: ৳ 360.00)
4563,Mirzalux,allopathic,mirzaluxtablet15-mg,Tablet,Mirtazapine,15 mg,SANDOZ (A Novartis Division),"Unit Price: ৳ 10.00,(40's pack: ৳ 400.01),",(40's pack: ৳ 400.01)
4558,Mirapin,allopathic,mirapintablet15-mg,Tablet,Mirtazapine,15 mg,Beacon Pharmaceuticals Ltd.,"Unit Price: ৳ 9.03,(30's pack: ৳ 270.90),",(30's pack: ৳ 270.90)
3973,Mirakof SR,allopathic,mirakof-srtablet-sustained-release50-mg,Tablet (Sustained Release),Butamirate Citrate,50 mg,Square Pharmaceuticals Ltd.,"Unit Price: ৳ 10.07,(30's pack: ৳ 302.10),",(30's pack: ৳ 302.10)
18428,Mirakof,allopathic,mirakofpediatric-drops5-mgml,Pediatric Drops,Butamirate Citrate,5 mg/ml,Square Pharmaceuticals Ltd.,15 ml bottle: ৳ 50.00,
3987,Mirakof,allopathic,mirakofsyrup75-mg5-ml,Syrup,Butamirate Citrate,7.5 mg/5 ml,Square Pharmaceuticals Ltd.,100 ml bottle: ৳ 80.24,
22546,Miragon PR,allopathic,miragon-prtablet-prolonged-release25-mg,Tablet (Prolonged Release),Mirabegron,25 mg,ACI Limited,"Unit Price: ৳ 30.00,(30's pack: ৳ 900.00),",(30's pack: ৳ 900.00)
28411,Miraflo,allopathic,miraflotablet-extended-release25-mg,Tablet (Extended Release),Mirabegron,25 mg,Eskayef Pharmaceuticals Ltd.,"Unit Price: ৳ 30.00,(10's pack: ৳ 300.00),",(10's pack: ৳ 300.00)
32272,Mirader,allopathic,miradertablet-extended-release25-mg,Tablet (Extended Release),Mirabegron,25 mg,Square Pharmaceuticals Ltd.,"Unit Price: ৳ 30.00,(20's pack: ৳ 600.00),",(20's pack: ৳ 600.00)
32843,Miraclon,allopathic,miraclontablet2-mg,Tablet,Clonazepam,2 mg,Beacon Pharmaceuticals Ltd.,"Unit Price: ৳ 12.00,(50's pack: ৳ 600.00),",(50's pack: ৳ 600.00)
32842,Miraclon,allopathic,miraclontablet1-mg,Tablet,Clonazepam,1 mg,Beacon Pharmaceuticals Ltd.,"Unit Price: ৳ 9.00,(50's pack: ৳ 450.00),",(50's pack: ৳ 450.00)
4565,Mitaprex,allopathic,mitaprextablet15-mg,Tablet,Mirtazapine,15 mg,Incepta Pharmaceuticals Ltd.,"Unit Price: ৳ 8.00,(30's pack: ৳ 240.00),",(30's pack: ৳ 240.00)
1799,Misotol,allopathic,misotoltablet200-mcg,Tablet,Misoprostol,200 mcg,Ziska Pharmaceuticals Ltd.,"Unit Price: ৳ 15.00,(20's pack: ৳ 300.00),",(20's pack: ৳ 300.00)
22533,Misotab,allopathic,misotabtablet200-mcg,Tablet,Misoprostol,200 mcg,Euro Pharma Ltd.,"Unit Price: ৳ 15.00,(30's pack: ৳ 450.00),",(30's pack: ৳ 450.00)
1798,Misotab,allopathic,misotabtablet600-mcg,Tablet,Misoprostol,600 mcg,Euro Pharma Ltd.,"Unit Price: ৳ 38.00,(10's pack: ৳ 380.00),",(10's pack: ৳ 380.00)
1796,Misopa,allopathic,misopatablet200-mcg,Tablet,Misoprostol,200 mcg,Beximco Pharmaceuticals Ltd.,"Unit Price: ৳ 15.00,(30's pack: ৳ 450.00),",(30's pack: ৳ 450.00)
13562,Mixavit,allopathic,mixavitsyrup,Syrup,Multivitamin & Cod Liver Oil,,Eskayef Pharmaceuticals Ltd.,100 ml bottle: ৳ 80.00,
8508,Mitrocin DS,allopathic,mitrocin-dspowder-for-suspension250-mg5-ml,Powder for Suspension,Erythromycin (Oral),250 mg/5 ml,Millat Pharmaceuticals Ltd.,100 ml bottle: ৳ 103.00,
8507,Mitrocin,allopathic,mitrocinpowder-for-suspension125-mg5-ml,Powder for Suspension,Erythromycin (Oral),125 mg/5 ml,Millat Pharmaceuticals Ltd.,100 ml bottle: ৳ 60.00,
8506,Mitrocin,allopathic,mitrocintablet500-mg,Tablet,Erythromycin (Oral),500 mg,Millat Pharmaceuticals Ltd.,"Unit Price: ৳ 8.51,(20's pack: ৳ 170.20),",(20's pack: ৳ 170.20)
8505,Mitrocin,allopathic,mitrocintablet250-mg,Tablet,Erythromycin (Oral),250 mg,Millat Pharmaceuticals Ltd.,"Unit Price: ৳ 3.45,(30's pack: ৳ 103.50),",(30's pack: ৳ 103.50)
22555,Mitrazin,allopathic,mitrazintablet75-mg,Tablet,Mirtazapine,7.5 mg,General Pharmaceuticals Ltd.,"Unit Price: ৳ 6.50,(50's pack: ৳ 325.00),",(50's pack: ৳ 325.00)
22554,Mitrazin,allopathic,mitrazintablet15-mg,Tablet,Mirtazapine,15 mg,General Pharmaceuticals Ltd.,"Unit Price: ৳ 8.04,(30's pack: ৳ 241.32),",(30's pack: ৳ 241.32)
4567,Mitrazin,allopathic,mitrazintablet30-mg,Tablet,Mirtazapine,30 mg,General Pharmaceuticals Ltd.,"Unit Price: ৳ 15.03,(30's pack: ৳ 451.00),",(30's pack: ৳ 451.00)
2998,Mitosan Plus,allopathic,mitosan-plustablet80-mg125-mg,Tablet,Telmisartan + Hydrochlorothiazide,80 mg+12.5 mg,SANDOZ (A Novartis Division),"Unit Price: ৳ 21.00,(20's pack: ৳ 420.00),",(20's pack: ৳ 420.00)
2997,Mitosan Plus,allopathic,mitosan-plustablet40-mg125-mg,Tablet,Telmisartan + Hydrochlorothiazide,40 mg+12.5 mg,SANDOZ (A Novartis Division),"Unit Price: ৳ 13.00,(20's pack: ৳ 260.00),",(20's pack: ৳ 260.00)
2794,Mitosan,allopathic,mitosantablet80-mg,Tablet,Telmisartan,80 mg,SANDOZ (A Novartis Division),"Unit Price: ৳ 21.00,(30's pack: ৳ 630.00),",(30's pack: ৳ 630.00)
16820,Mixtard 30,allopathic,mixtard-30sc-injection3070-in-40-iuml,SC Injection,Insulin Human [rDNA] + Isophane Insulin Human,30%+70% in 40 IU/ml,Eskayef Pharmaceuticals Ltd.,10 ml vial: ৳ 268.00,
4353,Mixit,allopathic,mixittablet05-mg10-mg,Tablet,Flupentixol + Melitracen,0.5 mg+10 mg,Apex Pharmaceuticals Ltd.,"Unit Price: ৳ 4.00,(50's pack: ৳ 200.00),",(50's pack: ৳ 200.00)
2793,Mitosan,allopathic,mitosantablet40-mg,Tablet,Telmisartan,40 mg,SANDOZ (A Novartis Division),"Unit Price: ৳ 13.00,(30's pack: ৳ 390.00),",(30's pack: ৳ 390.00)
15039,Mitomycin-C,allopathic,mitomycin-ctablet1-mg,Tablet,Mitomycin C,1 mg,Kyowa Hakko Kogyo,"Unit Price: ৳ 1.61,(1000's pack: ৳ 1,607.00),","(1000's pack: ৳ 1,607.00)"
15038,Mitomycin,allopathic,mitomycininjection10-mgvial,Injection,Mitomycin C,10 mg/vial,Kyowa Hakko Kogyo,10 mg vial: ৳ 230.55,
15037,Mitomycin,allopathic,mitomycininjection2-mgvial,Injection,Mitomycin C,2 mg/vial,Kyowa Hakko Kogyo,2 mg vial: ৳ 51.25,
10030,Mitigal,allopathic,mitigalcream2,Cream,Miconazole Nitrate (Topical),2%,Ad-din Pharmaceuticals Ltd.,10 gm tube: ৳ 30.00,
12492,Mithin,allopathic,mithincream5-ww,Cream,Permethrin,5% w/w,Edruc Limited,"15 gm tube: ৳ 25.00,30 gm tube: ৳ 40.00",
4659,Mitargan,allopathic,mitarganoral-solution5-mg5-ml,Oral Solution,Promethazine Hydrochloride,5 mg/5 ml,Millat Pharmaceuticals Ltd.,100 ml bottle: ৳ 15.50,
32370,Mitapro,allopathic,mitaprotablet75-mg,Tablet,Mirtazapine,7.5 mg,Renata Limited,"Unit Price: ৳ 6.50,(30's pack: ৳ 195.00),",(30's pack: ৳ 195.00)
32369,Mitapro,allopathic,mitaprotablet30-mg,Tablet,Mirtazapine,30 mg,Renata Limited,"Unit Price: ৳ 15.00,(30's pack: ৳ 450.00),",(30's pack: ৳ 450.00)
32368,Mitapro,allopathic,mitaprotablet15-mg,Tablet,Mirtazapine,15 mg,Renata Limited,"Unit Price: ৳ 10.00,(30's pack: ৳ 300.00),",(30's pack: ৳ 300.00)
22557,Mitaprex,allopathic,mitaprextablet75-mg,Tablet,Mirtazapine,7.5 mg,Incepta Pharmaceuticals Ltd.,"Unit Price: ৳ 6.00,(30's pack: ৳ 180.00),",(30's pack: ৳ 180.00)
4566,Mitaprex,allopathic,mitaprextablet30-mg,Tablet,Mirtazapine,30 mg,Incepta Pharmaceuticals Ltd.,"Unit Price: ৳ 15.00,(30's pack: ৳ 450.00),",(30's pack: ৳ 450.00)
4507,Modipran,allopathic,modiprancapsule20-mg,Capsule,Fluoxetine Hydrochloride,20 mg,Beximco Pharmaceuticals Ltd.,"Unit Price: ৳ 2.98,(100's pack: ৳ 298.00),",(100's pack: ৳ 298.00)
30176,Modesto XR,allopathic,modesto-xrtablet-extended-release6-mg,Tablet (Extended Release),Paliperidone,6 mg,Incepta Pharmaceuticals Ltd.,"Unit Price: ৳ 16.00,(30's pack: ৳ 480.00),",(30's pack: ৳ 480.00)
30175,Modesto XR,allopathic,modesto-xrtablet-extended-release3-mg,Tablet (Extended Release),Paliperidone,3 mg,Incepta Pharmaceuticals Ltd.,"Unit Price: ৳ 11.00,(15's pack: ৳ 165.00),,Unit Price: ৳ 11.00,(30's pack: ৳ 330.00),","(15's pack: ৳ 165.00),(30's pack: ৳ 330.00)"
12461,Modern's Whitfield,allopathic,moderns-whitfieldointment63,Ointment,Benzoic Acid + Salicylic Acid,6%+3%,Modern Pharmaceuticals Ltd.,"15 gm pot: ৳ 8.00,25 gm pot: ৳ 11.00",
21951,Modern's Milk of Magnesia,allopathic,moderns-milk-of-magnesiaoral-suspension400-mg5-ml,Oral Suspension,Magnesium Hydroxide,400 mg/5 ml,Modern Pharmaceuticals Ltd.,100 ml bottle: ৳ 60.00,
4302,Modecate,allopathic,modecateimsc-injection25-mgml,IM/SC Injection,Fluphenazine Decanoate,25 mg/ml,Bristol Myers Squibb,1 ml ampoule: ৳ 116.55,
32309,Mobifen SR,allopathic,mobifen-srcapsule-sustained-release100-mg,Capsule (Sustained Release),Diclofenac Sodium,100 mg,ACI Limited,"Unit Price: ৳ 3.02,(100's pack: ৳ 302.00),",(100's pack: ৳ 302.00)
11041,Mobifen Plus,allopathic,mobifen-plusim-injection75-mg20-mg2-ml,IM Injection,Diclofenac Sodium + Lidocaine Hydrochloride,(75 mg+20 mg)/2 ml,ACI Limited,"2 ml ampoule: ৳ 9.57,(10's pack: ৳ 95.70),",(10's pack: ৳ 95.70)
32308,Mobifen,allopathic,mobifenophthalmic-solution01,Ophthalmic Solution,Diclofenac Sodium (Ophthalmic),0.10%,ACI Limited,5 ml drop: ৳ 75.51,
26368,Mobifen,allopathic,mobifensuppository50-mg,Suppository,Diclofenac Sodium,50 mg,ACI Limited,"Unit Price: ৳ 15.00,(20's pack: ৳ 300.00),",(20's pack: ৳ 300.00)
26367,Mobifen,allopathic,mobifensuppository25-mg,Suppository,Diclofenac Sodium,25 mg,ACI Limited,"Unit Price: ৳ 12.00,(20's pack: ৳ 240.00),",(20's pack: ৳ 240.00)
26366,Mobifen,allopathic,mobifensuppository125-mg,Suppository,Diclofenac Sodium,12.5 mg,ACI Limited,"Unit Price: ৳ 9.00,(20's pack: ৳ 180.00),",(20's pack: ৳ 180.00)
11040,Mobifen,allopathic,mobifentablet50-mg,Tablet,Diclofenac Sodium,50 mg,ACI Limited,"Unit Price: ৳ 0.88,(100's pack: ৳ 88.00),",(100's pack: ৳ 88.00)
11626,Mobicam,allopathic,mobicamtablet20-mg,Tablet,Tenoxicam,20 mg,Beximco Pharmaceuticals Ltd.,"Unit Price: ৳ 8.00,(30's pack: ৳ 240.00),",(30's pack: ৳ 240.00)
30571,MMF,allopathic,mmftablet500-mg,Tablet,Mycophenolate Mofetil,500 mg,Beacon Pharmaceuticals Ltd.,"Unit Price: ৳ 65.00,(30's pack: ৳ 1,950.00),","(30's pack: ৳ 1,950.00)"
26732,MM Kit,allopathic,mm-kittablet200-mg200-mcg,Tablet,Mifepristone + Misoprostol,200 mg+200 mcg,Ziska Pharmaceuticals Ltd.,5 tablet kit: ৳ 300.00,
3798,Molukat,allopathic,molukattablet10-mg,Tablet,Montelukast Sodium,10 mg,Kemiko Pharmaceuticals Ltd.,"Unit Price: ৳ 12.04,(20's pack: ৳ 240.80),",(20's pack: ৳ 240.80)
3797,Molukat,allopathic,molukatchewable-tablet5-mg,Chewable Tablet,Montelukast Sodium,5 mg,Kemiko Pharmaceuticals Ltd.,"Unit Price: ৳ 8.02,(20's pack: ৳ 160.40),",(20's pack: ৳ 160.40)
3796,Molukat,allopathic,molukatchewable-tablet4-mg,Chewable Tablet,Montelukast Sodium,4 mg,Kemiko Pharmaceuticals Ltd.,"Unit Price: ৳ 6.02,(20's pack: ৳ 120.40),",(20's pack: ৳ 120.40)
22634,Molicust,allopathic,molicusttablet10-mg,Tablet,Montelukast Sodium,10 mg,Pharmik Laboratories Ltd.,Unit Price: ৳ 14.00,
31403,Molenzavir,allopathic,molenzavircapsule200-mg,Capsule,Molnupiravir,200 mg,Incepta Pharmaceuticals Ltd.,"Unit Price: ৳ 45.00,(20's pack: ৳ 900.00),",(20's pack: ৳ 900.00)
3795,Mokast,allopathic,mokasttablet10-mg,Tablet,Montelukast Sodium,10 mg,Alco Pharma Ltd.,"Unit Price: ৳ 10.03,(30's pack: ৳ 300.90),",(30's pack: ৳ 300.90)
3794,Mokast,allopathic,mokastchewable-tablet4-mg,Chewable Tablet,Montelukast Sodium,4 mg,Alco Pharma Ltd.,"Unit Price: ৳ 6.02,(20's pack: ৳ 120.40),",(20's pack: ৳ 120.40)
4192,Mizolam,allopathic,mizolamtablet75-mg,Tablet,Midazolam,7.5 mg,ACME Laboratories Ltd.,"Unit Price: ৳ 8.07,(30's pack: ৳ 242.10),",(30's pack: ৳ 242.10)
29791,Mizol HC,allopathic,mizol-hccream21,Cream,Miconazole Nitrate + Hydrocortisone,2%+1%,Medicon Pharmaceuticals Ltd.,10 gm tube: ৳ 40.00,
10013,Mizol,allopathic,mizoloral-gel2-ww,Oral Gel,Miconazole Nitrate (Oral Gel),2% w/w,Medicon Pharmaceuticals Ltd.,15 gm tube: ৳ 56.81,
16823,Mixtard 50,allopathic,mixtard-50sc-injection5050-in-100-iuml,SC Injection,Insulin Human [rDNA] + Isophane Insulin Human,50%+50% in 100 IU/ml,Novo Nordisk Pharma (Pvt.) Ltd,"3 ml penfill: ৳ 419.00,(5's pack: ৳ 2,095.00),","(5's pack: ৳ 2,095.00)"
28405,Mixtard 30,allopathic,mixtard-30sc-injection3070-in-100-iuml,SC Injection,Insulin Human [rDNA] + Isophane Insulin Human,30%+70% in 100 IU/ml,Novo Nordisk Pharma (Pvt.) Ltd,"3 ml flexpen: ৳ 421.00,(5's pack: ৳ 2,105.00),","(5's pack: ৳ 2,105.00)"
26703,Mixtard 30,allopathic,mixtard-30sc-injection3070-in-100-iuml,SC Injection,Insulin Human [rDNA] + Isophane Insulin Human,30%+70% in 100 IU/ml,Novo Nordisk Pharma (Pvt.) Ltd,"3 ml penfill: ৳ 419.00,(5's pack: ৳ 2,095.00),","(5's pack: ৳ 2,095.00)"
16821,Mixtard 30,allopathic,mixtard-30sc-injection3070-in-100-iuml,SC Injection,Insulin Human [rDNA] + Isophane Insulin Human,30%+70% in 100 IU/ml,Eskayef Pharmaceuticals Ltd.,10 ml vial: ৳ 415.00,
22652,Monalast,allopathic,monalasttablet10-mg,Tablet,Montelukast Sodium,10 mg,Ziska Pharmaceuticals Ltd.,"Unit Price: ৳ 15.00,(30's pack: ৳ 450.00),",(30's pack: ৳ 450.00)
12728,Monacom,allopathic,monacomcream,Cream,Triamcinolone + Neomycin + Nystatin + Gramicidin,,Amico Laboratories Ltd.,"5 gm tube: ৳ 30.00,10 gm tube: ৳ 40.00",
6365,Monaclox-F,allopathic,monaclox-fpowder-for-suspension125-mg5-ml,Powder for Suspension,Flucloxacillin Sodium,125 mg/5 ml,Amico Laboratories Ltd.,100 ml bottle: ৳ 65.00,
6364,Monaclox-F,allopathic,monaclox-fcapsule500-mg,Capsule,Flucloxacillin Sodium,500 mg,Amico Laboratories Ltd.,"Unit Price: ৳ 10.00,(28's pack: ৳ 280.00),",(28's pack: ৳ 280.00)
6363,Monaclox-F,allopathic,monaclox-fcapsule250-mg,Capsule,Flucloxacillin Sodium,250 mg,Amico Laboratories Ltd.,"Unit Price: ৳ 5.50,(40's pack: ৳ 220.00),",(40's pack: ৳ 220.00)
22599,Mon-X,allopathic,mon-xtablet10-mg,Tablet,Montelukast Sodium,10 mg,Desh Pharmaceuticals Ltd.,Unit Price: ৳ 13.00,
22593,Mon,allopathic,montablet10-mg,Tablet,Montelukast Sodium,10 mg,Benham Pharmaceuticals Ltd.,"Unit Price: ৳ 15.00,(30's pack: ৳ 450.00),",(30's pack: ৳ 450.00)
22592,Mon,allopathic,montablet5-mg,Tablet,Montelukast Sodium,5 mg,Benham Pharmaceuticals Ltd.,"Unit Price: ৳ 8.00,(30's pack: ৳ 240.00),",(30's pack: ৳ 240.00)
31937,Momvit Plus,allopathic,momvit-plustablet,Tablet,Multivitamin & Multimineral [For nursing mother],,Beximco Pharmaceuticals Ltd.,"Unit Price: ৳ 3.00,(60's pack: ৳ 180.00),",(60's pack: ৳ 180.00)
14165,Momvit,allopathic,momvittablet,Tablet,Multivitamin & Multimineral Essentials [For nursing mother],,Beximco Pharmaceuticals Ltd.,"Unit Price: ৳ 3.00,(60's pack: ৳ 180.00),",(60's pack: ৳ 180.00)
22580,Momtas,allopathic,momtascream01,Cream,Mometasone Furoate (Topical),0.10%,Globe Pharmaceuticals Ltd.,10 gm tube: ৳ 180.00,
33115,Momodol Extra,allopathic,momodol-extratablet500-mg65-mg,Tablet,Paracetamol + Caffeine,500 mg+65 mg,Drug International Ltd.,"Unit Price: ৳ 2.50,(60's pack: ৳ 150.00),",(60's pack: ৳ 150.00)
13417,Momneed,allopathic,momneedcapsule,Capsule,Carbonyl Iron + Folic Acid + Zinc Sulfate + Vitamin B Complex + Vitamin C,,ACME Laboratories Ltd.,"Unit Price: ৳ 3.52,(50's pack: ৳ 176.00),",(50's pack: ৳ 176.00)
12694,Mometa,allopathic,mometacream01,Cream,Mometasone Furoate (Topical),0.10%,Popular Pharmaceuticals Ltd.,10 gm tube: ৳ 180.68,
26922,Momespray,allopathic,momespraynasal-spray50-mcgspray,Nasal Spray,Mometasone Furoate (Nasal Spray),50 mcg/spray,Navana Pharmaceuticals Ltd.,120 metered sprays: ৳ 250.00,
12693,Momeson,allopathic,momesoncream01,Cream,Mometasone Furoate (Topical),0.10%,Incepta Pharmaceuticals Ltd.,5 gm tube: ৳ 100.00,
8418,Monamycin,allopathic,monamycincream03,Cream,Gentamicin Sulfate (Topical),0.30%,Amico Laboratories Ltd.,15 mg tube: ৳ 16.75,
6564,Monamox,allopathic,monamoxpediatric-drops125-mg125-ml,Pediatric Drops,Amoxicillin Trihydrate,125 mg/1.25 ml,Amico Laboratories Ltd.,15 ml bottle: ৳ 28.00,
6562,Monamox,allopathic,monamoxpowder-for-suspension125-mg5-ml,Powder for Suspension,Amoxicillin Trihydrate,125 mg/5 ml,Amico Laboratories Ltd.,100 ml bottle: ৳ 47.40,
6561,Monamox,allopathic,monamoxcapsule500-mg,Capsule,Amoxicillin Trihydrate,500 mg,Amico Laboratories Ltd.,"Unit Price: ৳ 6.00,(50's pack: ৳ 300.00),",(50's pack: ৳ 300.00)
6560,Monamox,allopathic,monamoxcapsule250-mg,Capsule,Amoxicillin Trihydrate,250 mg,Amico Laboratories Ltd.,"Unit Price: ৳ 3.00,(100's pack: ৳ 300.00),",(100's pack: ৳ 300.00)
31083,Monalast ODT,allopathic,monalast-odtdispersible-tablet4-mg,Dispersible Tablet,Montelukast Sodium,4 mg,Ziska Pharmaceuticals Ltd.,"Unit Price: ৳ 7.00,(30's pack: ৳ 210.00),",(30's pack: ৳ 210.00)
22653,Monalast,allopathic,monalasttablet5-mg,Tablet,Montelukast Sodium,5 mg,Ziska Pharmaceuticals Ltd.,"Unit Price: ৳ 8.00,(30's pack: ৳ 240.00),",(30's pack: ৳ 240.00)
3883,Momeson,allopathic,momesonnasal-spray50-mcgspray,Nasal Spray,Mometasone Furoate (Nasal Spray),50 mcg/spray,Incepta Pharmaceuticals Ltd.,120 metered sprays: ৳ 250.00,
3882,Momeson,allopathic,momesoninhalation-capsule220-mcg,Inhalation Capsule,Mometasone Furoate (Inhalation Capsule),220 mcg,Incepta Pharmaceuticals Ltd.,"Unit Price: ৳ 10.00,(30's pack: ৳ 300.00),",(30's pack: ৳ 300.00)
12265,Momento,allopathic,momentosyrup25-mg5-ml,Syrup,Desloratadine,2.5 mg/5 ml,Beximco Pharmaceuticals Ltd.,60 ml bottle: ৳ 25.00,
12264,Momento,allopathic,momentotablet5-mg,Tablet,Desloratadine,5 mg,Beximco Pharmaceuticals Ltd.,"Unit Price: ৳ 2.50,(100's pack: ৳ 250.00),",(100's pack: ৳ 250.00)
31213,Momenex,allopathic,momenexnasal-spray50-mcgspray,Nasal Spray,Mometasone Furoate (Nasal Spray),50 mcg/spray,Opso Saline Ltd.,120 metered sprays: ৳ 250.00,
21953,Mom,allopathic,momoral-suspension400-mg5-ml,Oral Suspension,Magnesium Hydroxide,400 mg/5 ml,Opsonin Pharma Ltd.,100 ml bottle: ৳ 60.18,
31404,Molvir,allopathic,molvircapsule200-mg,Capsule,Molnupiravir,200 mg,Square Pharmaceuticals Ltd.,"Unit Price: ৳ 50.00,(10's pack: ৳ 500.00),",(10's pack: ৳ 500.00)
3808,Monocast,allopathic,monocastoral-powder4-mg35-gm,Oral Powder,Montelukast Sodium,4 mg/3.5 gm,Beximco Pharmaceuticals Ltd.,"3.5 gm sachet: ৳ 8.00,(30's pack: ৳ 240.00),",(30's pack: ৳ 240.00)
3807,Monocast,allopathic,monocasttablet10-mg,Tablet,Montelukast Sodium,10 mg,Beximco Pharmaceuticals Ltd.,"Unit Price: ৳ 15.00,(20's pack: ৳ 300.00),",(20's pack: ৳ 300.00)
3047,Monocard-SR,allopathic,monocard-srcapsule-sustained-release50-mg,Capsule (Sustained Release),Isosorbide Mononitrate,50 mg,Drug International Ltd.,"Unit Price: ৳ 7.05,(42's pack: ৳ 296.10),",(42's pack: ৳ 296.10)
3046,Monocard,allopathic,monocardtablet20-mg,Tablet,Isosorbide Mononitrate,20 mg,Drug International Ltd.,"Unit Price: ৳ 1.43,(100's pack: ৳ 143.00),",(100's pack: ৳ 143.00)
14382,Monocal Gold,allopathic,monocal-goldtablet400-mg,Tablet,Calcium Orotate,400 mg,Concord Pharmaceuticals Ltd.,"Unit Price: ৳ 8.00,(30's pack: ৳ 240.00),",(30's pack: ৳ 240.00)
14449,Monocal D,allopathic,monocal-dtablet500-mg200-iu,Tablet,Calcium Carbonate [Elemental source] + Vitamin D3,500 mg+200 IU,Concord Pharmaceuticals Ltd.,"Unit Price: ৳ 5.02,(30's pack: ৳ 150.60),,Unit Price: ৳ 5.02,(60's pack: ৳ 301.20),","(30's pack: ৳ 150.60),(60's pack: ৳ 301.20)"
14361,Monocal,allopathic,monocaltablet500-mg,Tablet,Calcium Carbonate,500 mg,Concord Pharmaceuticals Ltd.,"Unit Price: ৳ 4.01,(50's pack: ৳ 200.50),",(50's pack: ৳ 200.50)
31408,Monlumax,allopathic,monlumaxcapsule200-mg,Capsule,Molnupiravir,200 mg,ACME Laboratories Ltd.,"Unit Price: ৳ 40.00,(10's pack: ৳ 400.00),",(10's pack: ৳ 400.00)
22583,Monkon,allopathic,monkontablet10-mg,Tablet,Montelukast Sodium,10 mg,Innovative Pharma (Albion),"Unit Price: ৳ 20.07,(20's pack: ৳ 401.40),",(20's pack: ৳ 401.40)
22582,Monkon,allopathic,monkonchewable-tablet5-mg,Chewable Tablet,Montelukast Sodium,5 mg,Innovative Pharma (Albion),"Unit Price: ৳ 9.44,(50's pack: ৳ 472.24),",(50's pack: ৳ 472.24)
22581,Monkon,allopathic,monkonchewable-tablet4-mg,Chewable Tablet,Montelukast Sodium,4 mg,Innovative Pharma (Albion),"Unit Price: ৳ 7.08,(30's pack: ৳ 212.51),",(30's pack: ৳ 212.51)
24969,Monivis,allopathic,monivistablet50-mg,Tablet,Tiemonium Methylsulphate,50 mg,Organic Health Care Ltd.,"Unit Price: ৳ 6.02,(50's pack: ৳ 301.00),",(50's pack: ৳ 301.00)
4594,Monitol,allopathic,monitoltablet05-mg10-mg,Tablet,Fluphenazine + Nortriptyline,0.5 mg+10 mg,Skylab Pharmaceuticals Ltd.,"Unit Price: ৳ 0.80,(100's pack: ৳ 80.00),",(100's pack: ৳ 80.00)
15705,Monipro-E,allopathic,monipro-eophthalmic-solution03,Ophthalmic Solution,Ciprofloxacin (Ophthalmic),0.30%,Monicopharma Ltd.,10 ml drop: ৳ 50.00,
9306,Monipro,allopathic,monipropowder-for-suspension250-mg5-ml,Powder for Suspension,Ciprofloxacin,250 mg/5 ml,Monicopharma Ltd.,60 ml bottle: ৳ 90.00,
9305,Monipro,allopathic,moniprotablet500-mg,Tablet,Ciprofloxacin,500 mg,Monicopharma Ltd.,"Unit Price: ৳ 14.00,(24's pack: ৳ 336.00),",(24's pack: ৳ 336.00)
31076,Monofocin,allopathic,monofocinoral-powder3-gmsachet,Oral Powder,Fosfomycin Trometamol,3 gm/sachet,Opsonin Pharma Ltd.,3 gm sachet: ৳ 350.00,
27569,Monofast,allopathic,monofasttablet5-mg,Tablet,Montelukast Sodium,5 mg,Chemist Laboratories  Ltd.,"Unit Price: ৳ 7.00,(30's pack: ৳ 210.00),",(30's pack: ৳ 210.00)
27568,Monofast,allopathic,monofasttablet10-mg,Tablet,Montelukast Sodium,10 mg,Chemist Laboratories  Ltd.,"Unit Price: ৳ 12.00,(30's pack: ৳ 360.00),",(30's pack: ৳ 360.00)
26308,Monocast,allopathic,monocastchewable-tablet5-mg,Chewable Tablet,Montelukast Sodium,5 mg,Beximco Pharmaceuticals Ltd.,"Unit Price: ৳ 8.00,(20's pack: ৳ 160.00),",(20's pack: ৳ 160.00)
26307,Monocast,allopathic,monocastchewable-tablet4-mg,Chewable Tablet,Montelukast Sodium,4 mg,Beximco Pharmaceuticals Ltd.,"Unit Price: ৳ 6.00,(20's pack: ৳ 120.00),",(20's pack: ৳ 120.00)
27099,MoniMix,allopathic,monimixoral-powder1-gmsachet,Oral Powder,Iron + Folic Acid + Vitamin A + Vitamin C + Zinc,1 gm/sachet,Renata Limited,"1 gm sachet: ৳ 2.50,(30's pack: ৳ 75.00),",(30's pack: ৳ 75.00)
31484,Moneka,allopathic,monekatablet10-mg,Tablet,Montelukast Sodium,10 mg,Silco Pharmaceutical Ltd.,"Unit Price: ৳ 15.00,(30's pack: ৳ 450.00),",(30's pack: ৳ 450.00)
31483,Moneka,allopathic,monekatablet5-mg,Tablet,Montelukast Sodium,5 mg,Silco Pharmaceutical Ltd.,"Unit Price: ৳ 8.00,(30's pack: ৳ 240.00),",(30's pack: ৳ 240.00)
26523,Monas OFT,allopathic,monas-oftflash-tablet5-mg,Flash Tablet,Montelukast Sodium,5 mg,ACME Laboratories Ltd.,"Unit Price: ৳ 9.00,(30's pack: ৳ 270.00),",(30's pack: ৳ 270.00)
26522,Monas OFT,allopathic,monas-oftflash-tablet4-mg,Flash Tablet,Montelukast Sodium,4 mg,ACME Laboratories Ltd.,"Unit Price: ৳ 7.00,(30's pack: ৳ 210.00),",(30's pack: ৳ 210.00)
3802,Monas,allopathic,monastablet10-mg,Tablet,Montelukast Sodium,10 mg,ACME Laboratories Ltd.,"Unit Price: ৳ 16.00,(30's pack: ৳ 480.00),",(30's pack: ৳ 480.00)
3801,Monas,allopathic,monaschewable-tablet5-mg,Chewable Tablet,Montelukast Sodium,5 mg,ACME Laboratories Ltd.,"Unit Price: ৳ 8.07,(30's pack: ৳ 242.10),",(30's pack: ৳ 242.10)
3800,Monas,allopathic,monaschewable-tablet4-mg,Chewable Tablet,Montelukast Sodium,4 mg,ACME Laboratories Ltd.,"Unit Price: ৳ 6.04,(30's pack: ৳ 181.20),",(30's pack: ৳ 181.20)
3799,Monark,allopathic,monarktablet10-mg,Tablet,Montelukast Sodium,10 mg,Hallmark Pharmaceuticals Ltd.,"Unit Price: ৳ 14.10,(20's pack: ৳ 282.00),",(20's pack: ৳ 282.00)
27776,Montela,allopathic,montelachewable-tablet4-mg,Chewable Tablet,Montelukast Sodium,4 mg,Delta Pharma Ltd.,"Unit Price: ৳ 4.00,(30's pack: ৳ 120.00),",(30's pack: ৳ 120.00)
3819,Montela,allopathic,montelatablet10-mg,Tablet,Montelukast Sodium,10 mg,Delta Pharma Ltd.,"Unit Price: ৳ 10.00,(30's pack: ৳ 300.00),",(30's pack: ৳ 300.00)
3818,Montela,allopathic,montelachewable-tablet5-mg,Chewable Tablet,Montelukast Sodium,5 mg,Delta Pharma Ltd.,"Unit Price: ৳ 6.00,(30's pack: ৳ 180.00),",(30's pack: ৳ 180.00)
28563,Montekast,allopathic,montekastchewable-tablet4-mg,Chewable Tablet,Montelukast Sodium,4 mg,Pacific Pharmaceuticals Ltd.,"Unit Price: ৳ 7.00,(30's pack: ৳ 210.00),",(30's pack: ৳ 210.00)
3815,Montekast,allopathic,montekasttablet10-mg,Tablet,Montelukast Sodium,10 mg,Pacific Pharmaceuticals Ltd.,"Unit Price: ৳ 15.00,(30's pack: ৳ 450.00),",(30's pack: ৳ 450.00)
31946,Montek,allopathic,montekchewable-tablet5-mg,Chewable Tablet,Montelukast Sodium,5 mg,Sun Pharmaceutical Ltd.,"Unit Price: ৳ 8.00,(30's pack: ৳ 240.00),",(30's pack: ৳ 240.00)
31094,Montek,allopathic,montekchewable-tablet4-mg,Chewable Tablet,Montelukast Sodium,4 mg,Sun Pharmaceutical Ltd.,"Unit Price: ৳ 6.02,(30's pack: ৳ 180.60),",(30's pack: ৳ 180.60)
3817,Montek,allopathic,montekchewable-tablet10-mg,Chewable Tablet,Montelukast Sodium,10 mg,Sun Pharmaceutical Ltd.,"Unit Price: ৳ 15.05,(30's pack: ৳ 451.50),",(30's pack: ৳ 451.50)
26232,Montair ODT,allopathic,montair-odtdispersible-tablet5-mg,Dispersible Tablet,Montelukast Sodium,5 mg,Incepta Pharmaceuticals Ltd.,"Unit Price: ৳ 8.00,(30's pack: ৳ 240.00),",(30's pack: ৳ 240.00)
26231,Montair ODT,allopathic,montair-odtdispersible-tablet4-mg,Dispersible Tablet,Montelukast Sodium,4 mg,Incepta Pharmaceuticals Ltd.,"Unit Price: ৳ 7.00,(30's pack: ৳ 210.00),,Unit Price: ৳ 7.00,(50's pack: ৳ 350.00),","(30's pack: ৳ 210.00),(50's pack: ৳ 350.00)"
30178,Montair,allopathic,montairchewable-tablet5-mg,Chewable Tablet,Montelukast Sodium,5 mg,Incepta Pharmaceuticals Ltd.,"Unit Price: ৳ 8.00,(30's pack: ৳ 240.00),",(30's pack: ৳ 240.00)
30177,Montair,allopathic,montairchewable-tablet4-mg,Chewable Tablet,Montelukast Sodium,4 mg,Incepta Pharmaceuticals Ltd.,"Unit Price: ৳ 6.00,(30's pack: ৳ 180.00),",(30's pack: ৳ 180.00)
3813,Montair,allopathic,montairtablet10-mg,Tablet,Montelukast Sodium,10 mg,Incepta Pharmaceuticals Ltd.,"Unit Price: ৳ 16.00,(30's pack: ৳ 480.00),",(30's pack: ৳ 480.00)
3839,Mont-R,allopathic,mont-rtablet10-mg,Tablet,Montelukast Sodium,10 mg,Rephco Pharmaceuticals Ltd.,"Unit Price: ৳ 15.00,(30's pack: ৳ 450.00),",(30's pack: ৳ 450.00)
3837,Mont-R,allopathic,mont-rtablet4-mg,Tablet,Montelukast Sodium,4 mg,Rephco Pharmaceuticals Ltd.,"Unit Price: ৳ 6.00,(30's pack: ৳ 180.00),",(30's pack: ৳ 180.00)
3810,Monprox,allopathic,monproxtablet10-mg,Tablet,Montelukast Sodium,10 mg,Rangs Pharmaceuticals Ltd.,"Unit Price: ৳ 15.05,(10's pack: ৳ 150.50),,Unit Price: ৳ 15.05,(30's pack: ৳ 451.50),","(10's pack: ৳ 150.50),(30's pack: ৳ 451.50)"
3823,Montene,allopathic,montenechewable-tablet4-mg,Chewable Tablet,Montelukast Sodium,4 mg,Square Pharmaceuticals Ltd.,"Unit Price: ৳ 6.02,(20's pack: ৳ 120.40),",(20's pack: ৳ 120.40)
22622,Montenaaf,allopathic,montenaaftablet10-mg,Tablet,Montelukast Sodium,10 mg,Naafco Pharma Ltd.,"Unit Price: ৳ 14.00,(30's pack: ৳ 420.00),",(30's pack: ৳ 420.00)
32541,Montemax,allopathic,montemaxdispersible-tablet5-mg,Dispersible Tablet,Montelukast Sodium,5 mg,Doctor TIMS Pharmaceuticals Ltd.,"Unit Price: ৳ 8.00,(30's pack: ৳ 240.00),",(30's pack: ৳ 240.00)
32540,Montemax,allopathic,montemaxtablet10-mg,Tablet,Montelukast Sodium,10 mg,Doctor TIMS Pharmaceuticals Ltd.,"Unit Price: ৳ 16.00,(20's pack: ৳ 320.00),",(20's pack: ৳ 320.00)
3822,Monteluk,allopathic,monteluktablet10-mg,Tablet,Montelukast Sodium,10 mg,Astra Biopharmaceuticals Ltd.,"Unit Price: ৳ 15.00,(10's pack: ৳ 150.00),",(10's pack: ৳ 150.00)
3821,Monteluk,allopathic,monteluktablet5-mg,Tablet,Montelukast Sodium,5 mg,Astra Biopharmaceuticals Ltd.,"Unit Price: ৳ 8.00,(10's pack: ৳ 80.00),",(10's pack: ৳ 80.00)
22587,Montelon Kidz,allopathic,montelon-kidztablet4-mg,Tablet,Montelukast Sodium,4 mg,Apex Pharmaceuticals Ltd.,"Unit Price: ৳ 4.50,(30's pack: ৳ 135.00),",(30's pack: ৳ 135.00)
3820,Montelon,allopathic,montelontablet10-mg,Tablet,Montelukast Sodium,10 mg,Apex Pharmaceuticals Ltd.,"Unit Price: ৳ 7.50,(30's pack: ৳ 225.00),",(30's pack: ৳ 225.00)
14690,Monovit,allopathic,monovitsyrup,Syrup,Vitamin B Complex + Zinc,,Zenith Pharmaceuticals Ltd.,100 ml bottle: ৳ 45.16,
3809,Monovas,allopathic,monovastablet10-mg,Tablet,Montelukast Sodium,10 mg,The White Horse Pharma,"Unit Price: ৳ 13.50,(30's pack: ৳ 405.00),",(30's pack: ৳ 405.00)
30937,Monotate,allopathic,monotatetablet50-mg,Tablet,Isosorbide Mononitrate,50 mg,Sun Pharmaceutical Ltd.,"Unit Price: ৳ 4.00,(30's pack: ৳ 120.00),",(30's pack: ৳ 120.00)
30936,Monotate,allopathic,monotatetablet20-mg,Tablet,Isosorbide Mononitrate,20 mg,Sun Pharmaceutical Ltd.,"Unit Price: ৳ 1.50,(50's pack: ৳ 75.00),",(50's pack: ৳ 75.00)
12479,Monosol,allopathic,monosolsolution25,Solution,Monosulfiram,25%,Gaco Pharmaceuticals Ltd.,30 ml bottle: ৳ 50.58,
13801,Monoplex,allopathic,monoplextablet,Tablet,Vitamin B complex,,Monicopharma Ltd.,"Unit Price: ৳ 0.45,(45's pack: ৳ 20.25),",(45's pack: ৳ 20.25)
17184,Montiva,allopathic,montivadispersible-tablet5-mg,Dispersible Tablet,Montelukast Sodium,5 mg,NIPRO JMI Pharma Ltd.,"Unit Price: ৳ 8.00,(30's pack: ৳ 240.00),",(30's pack: ৳ 240.00)
17183,Montiva,allopathic,montivadispersible-tablet4-mg,Dispersible Tablet,Montelukast Sodium,4 mg,NIPRO JMI Pharma Ltd.,"Unit Price: ৳ 6.00,(30's pack: ৳ 180.00),",(30's pack: ৳ 180.00)
3833,Montiva,allopathic,montivatablet10-mg,Tablet,Montelukast Sodium,10 mg,NIPRO JMI Pharma Ltd.,"Unit Price: ৳ 15.00,(30's pack: ৳ 450.00),",(30's pack: ৳ 450.00)
3764,Montinex,allopathic,montinextablet10-mg,Tablet,Montelukast Sodium,10 mg,Beacon Pharmaceuticals Ltd.,"Unit Price: ৳ 15.03,(30's pack: ৳ 451.00),",(30's pack: ৳ 451.00)
3763,Montinex,allopathic,montinexchewable-tablet5-mg,Chewable Tablet,Montelukast Sodium,5 mg,Beacon Pharmaceuticals Ltd.,"Unit Price: ৳ 8.02,(30's pack: ৳ 240.60),",(30's pack: ৳ 240.60)
3762,Montinex,allopathic,montinexchewable-tablet4-mg,Chewable Tablet,Montelukast Sodium,4 mg,Beacon Pharmaceuticals Ltd.,"Unit Price: ৳ 6.02,(30's pack: ৳ 180.60),",(30's pack: ৳ 180.60)
3832,Montilet,allopathic,montilettablet10-mg,Tablet,Montelukast Sodium,10 mg,Amulet Pharmaceuticals Ltd.,"Unit Price: ৳ 15.05,(10's pack: ৳ 150.50),",(10's pack: ৳ 150.50)
22612,Montilab,allopathic,montilabchewable-tablet4-mg,Chewable Tablet,Montelukast Sodium,4 mg,Labaid Pharma Ltd.,"Unit Price: ৳ 6.00,(30's pack: ৳ 180.00),",(30's pack: ৳ 180.00)
22611,Montilab,allopathic,montilabchewable-tablet5-mg,Chewable Tablet,Montelukast Sodium,5 mg,Labaid Pharma Ltd.,"Unit Price: ৳ 8.50,(30's pack: ৳ 255.00),",(30's pack: ৳ 255.00)
3831,Montilab,allopathic,montilabtablet10-mg,Tablet,Montelukast Sodium,10 mg,Labaid Pharma Ltd.,"Unit Price: ৳ 16.00,(30's pack: ৳ 480.00),",(30's pack: ৳ 480.00)
3830,Montifast,allopathic,montifasttablet10-mg,Tablet,Montelukast Sodium,10 mg,Globe Pharmaceuticals Ltd.,"Unit Price: ৳ 15.00,(20's pack: ৳ 300.00),",(20's pack: ৳ 300.00)
3829,Montifast,allopathic,montifasttablet5-mg,Tablet,Montelukast Sodium,5 mg,Globe Pharmaceuticals Ltd.,"Unit Price: ৳ 7.50,(20's pack: ৳ 150.00),",(20's pack: ৳ 150.00)
3828,Montifast,allopathic,montifastchewable-tablet4-mg,Chewable Tablet,Montelukast Sodium,4 mg,Globe Pharmaceuticals Ltd.,"Unit Price: ৳ 7.00,(20's pack: ৳ 140.00),",(20's pack: ৳ 140.00)
22606,Montica,allopathic,monticatablet10-mg,Tablet,Montelukast Sodium,10 mg,Euro Pharma Ltd.,"Unit Price: ৳ 14.00,(30's pack: ৳ 420.00),",(30's pack: ৳ 420.00)
22605,Montica,allopathic,monticachewable-tablet5-mg,Chewable Tablet,Montelukast Sodium,5 mg,Euro Pharma Ltd.,"Unit Price: ৳ 8.00,(30's pack: ৳ 240.00),",(30's pack: ৳ 240.00)
22604,Montica,allopathic,monticachewable-tablet4-mg,Chewable Tablet,Montelukast Sodium,4 mg,Euro Pharma Ltd.,"Unit Price: ৳ 6.00,(30's pack: ৳ 180.00),",(30's pack: ৳ 180.00)
11042,Moov SR,allopathic,moov-srcapsule-sustained-release100-mg,Capsule (Sustained Release),Diclofenac Sodium,100 mg,Astra Biopharmaceuticals Ltd.,"Unit Price: ৳ 2.50,(50's pack: ৳ 125.00),",(50's pack: ৳ 125.00)
11112,Moov,allopathic,moovgel1-ww,Gel,Diclofenac Sodium,1% w/w,Astra Biopharmaceuticals Ltd.,10 gm tube: ৳ 60.00,
30252,Moodnor,allopathic,moodnortablet10-mg,Tablet,Nortriptyline,10 mg,Ibn Sina Pharmaceuticals Ltd.,"Unit Price: ৳ 0.63,(200's pack: ৳ 126.00),",(200's pack: ৳ 126.00)
31402,Monuvir,allopathic,monuvircapsule200-mg,Capsule,Molnupiravir,200 mg,Eskayef Pharmaceuticals Ltd.,"Unit Price: ৳ 50.00,(10's pack: ৳ 500.00),",(10's pack: ৳ 500.00)
3836,Montril,allopathic,montriltablet10-mg,Tablet,Montelukast Sodium,10 mg,Aristopharma Ltd.,"Unit Price: ৳ 15.00,(30's pack: ৳ 450.00),",(30's pack: ৳ 450.00)
3835,Montril,allopathic,montrilchewable-tablet5-mg,Chewable Tablet,Montelukast Sodium,5 mg,Aristopharma Ltd.,"Unit Price: ৳ 8.00,(30's pack: ৳ 240.00),",(30's pack: ৳ 240.00)
3834,Montril,allopathic,montrilchewable-tablet4-mg,Chewable Tablet,Montelukast Sodium,4 mg,Aristopharma Ltd.,"Unit Price: ৳ 7.00,(30's pack: ৳ 210.00),",(30's pack: ৳ 210.00)
28763,Montezen,allopathic,montezenchewable-tablet5-mg,Chewable Tablet,Montelukast Sodium,5 mg,Zenith Pharmaceuticals Ltd.,"Unit Price: ৳ 7.00,(30's pack: ৳ 210.00),",(30's pack: ৳ 210.00)
28762,Montezen,allopathic,montezentablet10-mg,Tablet,Montelukast Sodium,10 mg,Zenith Pharmaceuticals Ltd.,"Unit Price: ৳ 12.00,(30's pack: ৳ 360.00),",(30's pack: ৳ 360.00)
22608,Montex,allopathic,montexchewable-tablet4-mg,Chewable Tablet,Montelukast Sodium,4 mg,Ibn Sina Pharmaceuticals Ltd.,"Unit Price: ৳ 6.00,(30's pack: ৳ 180.00),",(30's pack: ৳ 180.00)
3827,Montex,allopathic,montextablet10-mg,Tablet,Montelukast Sodium,10 mg,Ibn Sina Pharmaceuticals Ltd.,"Unit Price: ৳ 16.00,(20's pack: ৳ 320.00),",(20's pack: ৳ 320.00)
3826,Montex,allopathic,montexchewable-tablet5-mg,Chewable Tablet,Montelukast Sodium,5 mg,Ibn Sina Pharmaceuticals Ltd.,"Unit Price: ৳ 8.00,(20's pack: ৳ 160.00),",(20's pack: ৳ 160.00)
3825,Montene,allopathic,montenetablet10-mg,Tablet,Montelukast Sodium,10 mg,Square Pharmaceuticals Ltd.,"Unit Price: ৳ 16.00,(30's pack: ৳ 480.00),",(30's pack: ৳ 480.00)
3824,Montene,allopathic,montenechewable-tablet5-mg,Chewable Tablet,Montelukast Sodium,5 mg,Square Pharmaceuticals Ltd.,"Unit Price: ৳ 8.03,(20's pack: ৳ 160.60),",(20's pack: ৳ 160.60)
1613,Motinorm,allopathic,motinormtablet10-mg,Tablet,Domperidone Maleate,10 mg,Sharif Pharmaceuticals Ltd.,"Unit Price: ৳ 2.00,(100's pack: ৳ 200.00),",(100's pack: ৳ 200.00)
28342,Motilon,allopathic,motiloninjection10-mg2-ml,Injection,Metoclopramide Hydrochloride,10 mg/2 ml,Synovia pharma plc,"2 ml ampoule: ৳ 3.77,(10's pack: ৳ 37.70),",(10's pack: ৳ 37.70)
4704,Motilon,allopathic,motilonpediatric-drops1-mgml,Pediatric Drops,Metoclopramide Hydrochloride,1 mg/ml,Synovia pharma plc,15 ml bottle: ৳ 9.80,
4703,Motilon,allopathic,motilonsyrup5-mg5-ml,Syrup,Metoclopramide Hydrochloride,5 mg/5 ml,Synovia pharma plc,100 ml bottle: ৳ 15.83,
4702,Motilon,allopathic,motilontablet10-mg,Tablet,Metoclopramide Hydrochloride,10 mg,Synovia pharma plc,"Unit Price: ৳ 0.34,(500's pack: ৳ 170.00),",(500's pack: ৳ 170.00)
28099,Motilium,allopathic,motiliumoral-suspension5-mg5-ml,Oral Suspension,Domperidone Maleate,5 mg/5 ml,Ethical Drug Ltd.,60 ml bottle: ৳ 35.00,
28098,Motilium,allopathic,motiliumtablet10-mg,Tablet,Domperidone Maleate,10 mg,Ethical Drug Ltd.,"Unit Price: ৳ 2.00,(100's pack: ৳ 200.00),",(100's pack: ৳ 200.00)
1612,Motilex,allopathic,motilexoral-suspension5-mg5-ml,Oral Suspension,Domperidone Maleate,5 mg/5 ml,Techno Drugs Ltd.,60 ml bottle: ৳ 35.00,
1611,Motilex,allopathic,motilextablet10-mg,Tablet,Domperidone Maleate,10 mg,Techno Drugs Ltd.,"Unit Price: ৳ 3.00,(100's pack: ৳ 300.00),",(100's pack: ৳ 300.00)
1610,Motil,allopathic,motiloral-suspension5-mg5-ml,Oral Suspension,Domperidone Maleate,5 mg/5 ml,Hallmark Pharmaceuticals Ltd.,60 ml bottle: ৳ 28.00,
1609,Motil,allopathic,motiltablet10-mg,Tablet,Domperidone Maleate,10 mg,Hallmark Pharmaceuticals Ltd.,"Unit Price: ৳ 2.02,(100's pack: ৳ 202.00),",(100's pack: ৳ 202.00)
1608,Motigut,allopathic,motigutpediatric-drops5-mgml,Pediatric Drops,Domperidone Maleate,5 mg/ml,Square Pharmaceuticals Ltd.,15 ml drop: ৳ 25.08,
1607,Motigut,allopathic,motigutoral-suspension5-mg5-ml,Oral Suspension,Domperidone Maleate,5 mg/5 ml,Square Pharmaceuticals Ltd.,60 ml bottle: ৳ 40.00,
1606,Motigut,allopathic,motiguttablet10-mg,Tablet,Domperidone Maleate,10 mg,Square Pharmaceuticals Ltd.,"Unit Price: ৳ 3.50,(100's pack: ৳ 350.00),",(100's pack: ৳ 350.00)
1605,Motigen,allopathic,motigenoral-suspension5-mg5-ml,Oral Suspension,Domperidone Maleate,5 mg/5 ml,Novo Healthcare and Pharma Ltd.,60 ml bottle: ৳ 28.08,
1604,Motigen,allopathic,motigentablet10-mg,Tablet,Domperidone Maleate,10 mg,Novo Healthcare and Pharma Ltd.,"Unit Price: ৳ 2.01,(100's pack: ৳ 200.61),",(100's pack: ৳ 200.61)
59,Movex,allopathic,movextablet100-mg,Tablet,Aceclofenac,100 mg,Opsonin Pharma Ltd.,"Unit Price: ৳ 4.00,(100's pack: ৳ 400.00),",(100's pack: ৳ 400.00)
32766,Moventa,allopathic,moventatopical-gel022,Topical Gel,Mucopolysaccharide Polysulphate + Salicylic Acid,0.2%+2%,Ziska Pharmaceuticals Ltd.,30 gm tube: ৳ 200.00,
29066,Mouthcare,allopathic,mouthcaremouthwash3-gm100-ml,Mouthwash,Clove oil,3 gm/100 ml,ACME Laboratories Ltd.,"100 ml bottle: ৳ 75.00,200 ml bottle: ৳ 140.00",
1602,Motodon,allopathic,motodontablet10-mg,Tablet,Domperidone Maleate,10 mg,Medimet Pharmaceuticals Ltd.,"Unit Price: ৳ 1.50,(100's pack: ৳ 150.00),",(100's pack: ৳ 150.00)
1601,Motodon,allopathic,motodontablet10-mg,Tablet,Domperidone Maleate,10 mg,Medimet Pharmaceuticals Ltd.,"Unit Price: ৳ 1.50,(100's pack: ৳ 150.00),",(100's pack: ৳ 150.00)
1615,Motiper,allopathic,motiperoral-suspension5-mg5-ml,Oral Suspension,Domperidone Maleate,5 mg/5 ml,Mystic Pharmaceuticals Ltd.,60 ml bottle: ৳ 28.00,
1614,Motiper,allopathic,motipertablet10-mg,Tablet,Domperidone Maleate,10 mg,Mystic Pharmaceuticals Ltd.,"Unit Price: ৳ 2.00,(50's pack: ৳ 100.00),",(50's pack: ৳ 100.00)
58,Motifen,allopathic,motifentablet100-mg,Tablet,Aceclofenac,100 mg,Pharmadesh Laboratories Ltd.,"Unit Price: ৳ 3.50,(50's pack: ৳ 175.00),",(50's pack: ৳ 175.00)
30344,Motelity,allopathic,motelitytablet2-mg,Tablet,Prucalopride Succinate,2 mg,Nuvista Pharma Ltd.,"Unit Price: ৳ 24.00,(20's pack: ৳ 480.00),",(20's pack: ৳ 480.00)
30291,Motelity,allopathic,motelitytablet1-mg,Tablet,Prucalopride Succinate,1 mg,Nuvista Pharma Ltd.,"Unit Price: ৳ 14.00,(20's pack: ৳ 280.00),",(20's pack: ৳ 280.00)
11969,Moset,allopathic,mosetsyrup5-mg5-ml,Syrup,Cetirizine Hydrochloride,5 mg/5 ml,Monicopharma Ltd.,60 ml bottle: ৳ 25.00,
11968,Moset,allopathic,mosettablet10-mg,Tablet,Cetirizine Hydrochloride,10 mg,Monicopharma Ltd.,"Unit Price: ৳ 2.50,(50's pack: ৳ 125.00),",(50's pack: ৳ 125.00)
13239,Moriamin-M,allopathic,moriamin-mcapsule,Capsule,Iron + Folic acid + Vitamin B complex + Vitamin C,,Desh Pharmaceuticals Ltd.,"Unit Price: ৳ 3.00,(60's pack: ৳ 180.00),",(60's pack: ৳ 180.00)
10871,Mooverix,allopathic,mooverixcream30104,Cream,Methyl Salicylate + Menthol + Camphor,30%+10%+4%,Incepta Pharmaceuticals Ltd.,20 gm tube: ৳ 100.00,
924,Moxaclav,allopathic,moxaclavtablet250-mg125-mg,Tablet,Amoxicillin + Clavulanic Acid,250 mg+125 mg,Square Pharmaceuticals Ltd.,"Unit Price: ৳ 25.00,(24's pack: ৳ 600.00),",(24's pack: ৳ 600.00)
921,Moxaclav,allopathic,moxaclavpowder-for-suspension125-mg3125-mg5-ml,Powder for Suspension,Amoxicillin + Clavulanic Acid,(125 mg+31.25 mg)/5 ml,Square Pharmaceuticals Ltd.,100 ml bottle: ৳ 220.00,
918,Moxaclav,allopathic,moxaclaviv-injection1-gm200-mg20-ml,IV Injection,Amoxicillin + Clavulanic Acid,(1 gm+200 mg)/20 ml,Square Pharmaceuticals Ltd.,1.2 gm vial: ৳ 300.00,
916,Moxaclav,allopathic,moxaclavtablet875-mg125-mg,Tablet,Amoxicillin + Clavulanic Acid,875 mg+125 mg,Square Pharmaceuticals Ltd.,"Unit Price: ৳ 45.00,(12's pack: ৳ 540.00),",(12's pack: ৳ 540.00)
6575,Moxacil,allopathic,moxacilpediatric-drops125-mg125-ml,Pediatric Drops,Amoxicillin Trihydrate,125 mg/1.25 ml,Square Pharmaceuticals Ltd.,15 ml bottle: ৳ 30.20,
6573,Moxacil,allopathic,moxacilpowder-for-suspension125-mg5-ml,Powder for Suspension,Amoxicillin Trihydrate,125 mg/5 ml,Square Pharmaceuticals Ltd.,100 ml bottle: ৳ 47.61,
6570,Moxacil,allopathic,moxacilcapsule500-mg,Capsule,Amoxicillin Trihydrate,500 mg,Square Pharmaceuticals Ltd.,"Unit Price: ৳ 6.79,(100's pack: ৳ 679.00),",(100's pack: ৳ 679.00)
6569,Moxacil,allopathic,moxacilcapsule250-mg,Capsule,Amoxicillin Trihydrate,250 mg,Square Pharmaceuticals Ltd.,"Unit Price: ৳ 3.61,(100's pack: ৳ 361.00),",(100's pack: ৳ 361.00)
6600,Mox-plus,allopathic,mox-pluspowder-for-suspension250-mg5-ml,Powder for Suspension,Amoxicillin Trihydrate,250 mg/5 ml,Hudson Pharmaceuticals Ltd.,100 ml bottle: ৳ 65.00,
28165,Mox,allopathic,moxpediatric-drops125-mg125-ml,Pediatric Drops,Amoxicillin Trihydrate,125 mg/1.25 ml,Astra Biopharmaceuticals Ltd.,15 ml bottle: ৳ 30.00,
28164,Mox,allopathic,moxpowder-for-suspension125-mg5-ml,Powder for Suspension,Amoxicillin Trihydrate,125 mg/5 ml,Astra Biopharmaceuticals Ltd.,100 ml bottle: ৳ 47.00,
28163,Mox,allopathic,moxcapsule250-mg,Capsule,Amoxicillin Trihydrate,250 mg,Astra Biopharmaceuticals Ltd.,Unit Price: ৳ 3.60,
6565,Mox,allopathic,moxcapsule500-mg,Capsule,Amoxicillin Trihydrate,500 mg,Astra Biopharmaceuticals Ltd.,"Unit Price: ৳ 6.00,(50's pack: ৳ 300.00),",(50's pack: ৳ 300.00)
27970,Movonac TR,allopathic,movonac-trcapsule-timed-release100-mg,Capsule (Timed Release),Diclofenac Sodium,100 mg,Sharif Pharmaceuticals Ltd.,"Unit Price: ৳ 3.01,(50's pack: ৳ 150.50),",(50's pack: ৳ 150.50)
60,Movon,allopathic,movontablet100-mg,Tablet,Aceclofenac,100 mg,Hallmark Pharmaceuticals Ltd.,"Unit Price: ৳ 3.01,(50's pack: ৳ 150.50),",(50's pack: ৳ 150.50)
16648,Movilax,allopathic,movilaxoral-solution,Oral Solution,Polyethylene Glycol 3350 + Electrolytes,,Incepta Pharmaceuticals Ltd.,100 ml bottle: ৳ 160.00,
9636,Moxibac,allopathic,moxibacophthalmic-solution05,Ophthalmic Solution,Moxifloxacin Hydrochloride (Ophthalmic),0.50%,Popular Pharmaceuticals Ltd.,5 ml drop: ৳ 140.00,
9609,Moxibac,allopathic,moxibactablet400-mg,Tablet,Moxifloxacin Hydrochloride (Tablet),400 mg,Popular Pharmaceuticals Ltd.,"Unit Price: ৳ 70.00,(10's pack: ৳ 700.00),",(10's pack: ৳ 700.00)
9608,Moxibac,allopathic,moxibaciv-infusion400-mg250-ml,IV Infusion,Moxifloxacin Hydrochloride (Injection),400 mg/250 ml,Popular Pharmaceuticals Ltd.,250 ml bottle: ৳ 350.00,
27971,Moxarif,allopathic,moxarifcapsule500-mg,Capsule,Amoxicillin Trihydrate,500 mg,Sharif Pharmaceuticals Ltd.,"Unit Price: ৳ 6.00,(50's pack: ৳ 300.00),",(50's pack: ৳ 300.00)
6578,Moxapen,allopathic,moxapencapsule500-mg,Capsule,Amoxicillin Trihydrate,500 mg,Nipa Pharmaceuticals Ltd.,"Unit Price: ৳ 6.00,(30's pack: ৳ 180.00),",(30's pack: ৳ 180.00)
6577,Moxapen,allopathic,moxapencapsule250-mg,Capsule,Amoxicillin Trihydrate,250 mg,Nipa Pharmaceuticals Ltd.,"Unit Price: ৳ 3.50,(100's pack: ৳ 350.00),",(100's pack: ৳ 350.00)
926,Moxaclav Forte,allopathic,moxaclav-fortepowder-for-suspension400-mg5750-mg5-ml,Powder for Suspension,Amoxicillin + Clavulanic Acid,(400 mg+57.50 mg)/5 ml,Square Pharmaceuticals Ltd.,50 ml bottle: ৳ 230.00,
925,Moxaclav,allopathic,moxaclavtablet500-mg125-mg,Tablet,Amoxicillin + Clavulanic Acid,500 mg+125 mg,Square Pharmaceuticals Ltd.,"Unit Price: ৳ 32.00,(30's pack: ৳ 960.00),",(30's pack: ৳ 960.00)
16646,Movilax,allopathic,movilaxoral-powder,Oral Powder,Polyethylene Glycol 3350 + Electrolytes,,Incepta Pharmaceuticals Ltd.,"7.5 gm sachet: ৳ 35.00,(10's pack: ৳ 350.00),",(10's pack: ৳ 350.00)
27268,Movifast,allopathic,movifastoral-solution,Oral Solution,Macrogol [Polypropylene glycol] + Electrolytes,,Ziska Pharmaceuticals Ltd.,100 ml bottle: ৳ 160.00,
21930,Movifast,allopathic,movifastoral-powder,Oral Powder,Macrogol [Polypropylene glycol] + Electrolytes,,Ziska Pharmaceuticals Ltd.,"13.7 gm sachet: ৳ 25.00,(8's pack: ৳ 200.00),",(8's pack: ৳ 200.00)
31120,Movicol,allopathic,movicoloral-solution,Oral Solution,Macrogol [Polypropylene glycol] + Electrolytes,,Mundipharma (BD) Pvt. Ltd.,200 ml bottle: ৳ 305.00,
27027,Movicol,allopathic,movicoloral-powder,Oral Powder,Macrogol [Polypropylene glycol] + Electrolytes,,Mundipharma (BD) Pvt. Ltd.,"13.7 gm sachet: ৳ 25.00,(10's pack: ৳ 250.00),",(10's pack: ৳ 250.00)
17380,Movex SR,allopathic,movex-srtablet-sustained-release200-mg,Tablet (Sustained Release),Aceclofenac,200 mg,Opsonin Pharma Ltd.,"Unit Price: ৳ 7.00,(30's pack: ৳ 210.00),",(30's pack: ৳ 210.00)
30884,Moxilocin XG,allopathic,moxilocin-xgophthalmic-solution0504,Ophthalmic Solution,Moxifloxacin Hydrochloride + Xanthan Gum,0.5%+0.4%,Opsonin Pharma Ltd.,5 ml drop: ৳ 140.00,
29505,Moxilocin D,allopathic,moxilocin-dophthalmic-solution0501,Ophthalmic Solution,Moxifloxacin Hydrochloride + Dexamethasone,0.5%+0.1%,Opsonin Pharma Ltd.,5 ml drop: ৳ 200.00,
31353,Moxilocin,allopathic,moxilociniv-infusion400-mg250-ml,IV Infusion,Moxifloxacin Hydrochloride (Injection),400 mg/250 ml,Opsonin Pharma Ltd.,250 ml bottle: ৳ 350.00,
22678,Moxilocin,allopathic,moxilocintablet400-mg,Tablet,Moxifloxacin Hydrochloride (Tablet),400 mg,Opsonin Pharma Ltd.,"Unit Price: ৳ 40.00,(10's pack: ৳ 400.00),",(10's pack: ৳ 400.00)
9641,Moxilocin,allopathic,moxilocinophthalmic-solution05,Ophthalmic Solution,Moxifloxacin Hydrochloride (Ophthalmic),0.50%,Opsonin Pharma Ltd.,5 ml drop: ৳ 115.00,
6587,Moxilin,allopathic,moxilinpowder-for-suspension125-mg5-ml,Powder for Suspension,Amoxicillin Trihydrate,125 mg/5 ml,ACME Laboratories Ltd.,100 ml bottle: ৳ 47.60,
6586,Moxilin,allopathic,moxilincapsule500-mg,Capsule,Amoxicillin Trihydrate,500 mg,ACME Laboratories Ltd.,"Unit Price: ৳ 6.77,(50's pack: ৳ 338.50),",(50's pack: ৳ 338.50)
6585,Moxilin,allopathic,moxilincapsule250-mg,Capsule,Amoxicillin Trihydrate,250 mg,ACME Laboratories Ltd.,"Unit Price: ৳ 3.62,(100's pack: ৳ 362.00),",(100's pack: ৳ 362.00)
9640,Moxikem,allopathic,moxikemophthalmic-solution05,Ophthalmic Solution,Moxifloxacin Hydrochloride (Ophthalmic),0.50%,Kemiko Pharmaceuticals Ltd.,5 ml drop: ৳ 100.30,
9639,Moxigram,allopathic,moxigramophthalmic-solution05,Ophthalmic Solution,Moxifloxacin Hydrochloride (Ophthalmic),0.50%,Apex Pharmaceuticals Ltd.,5 ml drop: ৳ 100.00,
22683,Moxigen XG,allopathic,moxigen-xgophthalmic-solution0504,Ophthalmic Solution,Moxifloxacin Hydrochloride + Xanthan Gum,0.5%+0.4%,General Pharmaceuticals Ltd.,5 ml drop: ৳ 150.00,
26573,Moxigen D,allopathic,moxigen-dophthalmic-solution0501,Ophthalmic Solution,Moxifloxacin Hydrochloride + Dexamethasone,0.5%+0.1%,General Pharmaceuticals Ltd.,5 ml drop: ৳ 200.00,
27695,Moxigen,allopathic,moxigenophthalmic-ointment05,Ophthalmic Ointment,Moxifloxacin Hydrochloride (Ophthalmic),0.50%,General Pharmaceuticals Ltd.,5 gm tube: ৳ 130.00,
22675,Moxigen,allopathic,moxigentablet400-mg,Tablet,Moxifloxacin Hydrochloride (Tablet),400 mg,General Pharmaceuticals Ltd.,"Unit Price: ৳ 40.00,(10's pack: ৳ 400.00),",(10's pack: ৳ 400.00)
9638,Moxigen,allopathic,moxigenophthalmic-solution05,Ophthalmic Solution,Moxifloxacin Hydrochloride (Ophthalmic),0.50%,General Pharmaceuticals Ltd.,5 ml drop: ৳ 140.00,
9610,Moxiflox,allopathic,moxifloxtablet400-mg,Tablet,Moxifloxacin Hydrochloride (Tablet),400 mg,Alco Pharma Ltd.,"Unit Price: ৳ 50.15,(12's pack: ৳ 601.80),",(12's pack: ৳ 601.80)
6594,Moxin,allopathic,moxintablet875-mg,Tablet,Amoxicillin Trihydrate,875 mg,Opsonin Pharma Ltd.,"Unit Price: ৳ 11.64,(20's pack: ৳ 232.80),",(20's pack: ৳ 232.80)
6593,Moxin,allopathic,moxintablet250-mg,Tablet,Amoxicillin Trihydrate,250 mg,Opsonin Pharma Ltd.,"Unit Price: ৳ 3.48,(100's pack: ৳ 348.00),",(100's pack: ৳ 348.00)
6592,Moxin,allopathic,moxincapsule500-mg,Capsule,Amoxicillin Trihydrate,500 mg,Opsonin Pharma Ltd.,"Unit Price: ৳ 6.74,(50's pack: ৳ 337.00),",(50's pack: ৳ 337.00)
9612,Moxifix,allopathic,moxifixtablet400-mg,Tablet,Moxifloxacin Hydrochloride (Tablet),400 mg,ACME Laboratories Ltd.,"Unit Price: ৳ 40.00,(8's pack: ৳ 320.00),",(8's pack: ৳ 320.00)
31979,Moxif,allopathic,moxiftablet400-mg,Tablet,Moxifloxacin Hydrochloride (Tablet),400 mg,Biopharma Laboratories Ltd.,"Unit Price: ৳ 40.00,(10's pack: ৳ 400.00),",(10's pack: ৳ 400.00)
9637,Moxif,allopathic,moxifophthalmic-solution05,Ophthalmic Solution,Moxifloxacin Hydrochloride (Ophthalmic),0.50%,Biopharma Laboratories Ltd.,5 ml drop: ৳ 115.00,
29078,Moxier,allopathic,moxiertablet400-mg,Tablet,Moxifloxacin Hydrochloride (Tablet),400 mg,Euro Pharma Ltd.,"Unit Price: ৳ 40.00,(12's pack: ৳ 480.00),",(12's pack: ৳ 480.00)
26475,Moxidex,allopathic,moxidexophthalmic-solution0501,Ophthalmic Solution,Moxifloxacin Hydrochloride + Dexamethasone,0.5%+0.1%,Popular Pharmaceuticals Ltd.,5 ml drop: ৳ 200.00,
6584,Moxico DS,allopathic,moxico-dspowder-for-suspension250-mg5-ml,Powder for Suspension,Amoxicillin Trihydrate,250 mg/5 ml,Supreme Pharmaceutical Ltd.,100 ml bottle: ৳ 65.00,
6583,Moxico,allopathic,moxicopowder-for-suspension125-mg5-ml,Powder for Suspension,Amoxicillin Trihydrate,125 mg/5 ml,Supreme Pharmaceutical Ltd.,100 ml bottle: ৳ 46.00,
6582,Moxico,allopathic,moxicocapsule500-mg,Capsule,Amoxicillin Trihydrate,500 mg,Supreme Pharmaceutical Ltd.,"Unit Price: ৳ 6.00,(50's pack: ৳ 300.00),",(50's pack: ৳ 300.00)
6581,Moxico,allopathic,moxicocapsule250-mg,Capsule,Amoxicillin Trihydrate,250 mg,Supreme Pharmaceutical Ltd.,"Unit Price: ৳ 3.60,(100's pack: ৳ 360.00),",(100's pack: ৳ 360.00)
22682,Moxichem,allopathic,moxichemophthalmic-solution05,Ophthalmic Solution,Moxifloxacin Hydrochloride (Ophthalmic),0.50%,Chemist Laboratories  Ltd.,5 ml drop: ৳ 100.00,
28460,Moxibac XG,allopathic,moxibac-xgophthalmic-solution0504,Ophthalmic Solution,Moxifloxacin Hydrochloride + Xanthan Gum,0.5%+0.4%,Popular Pharmaceuticals Ltd.,5 ml drop: ৳ 150.00,
27352,Mtrex,allopathic,mtrextablet25-mg,Tablet,Methotrexate,2.5 mg,Techno Drugs Ltd.,"Unit Price: ৳ 5.00,(30's pack: ৳ 150.00),",(30's pack: ৳ 150.00)
15059,Mtrex,allopathic,mtrexinjection50-mg2-ml,Injection,Methotrexate,50 mg/2 ml,Techno Drugs Ltd.,"50 mg vial: ৳ 110.00,(5's pack: ৳ 550.00),",(5's pack: ৳ 550.00)
15689,MTP Kit,allopathic,mtp-kittablet200-mg200-mcg,Tablet,Mifepristone + Misoprostol,200 mg+200 mcg,Sharif Pharmaceuticals Ltd.,5 tablet kit: ৳ 300.90,
22669,MSL Retard,allopathic,msl-retardtablet15-mg,Tablet,Morphine Sulfate,15 mg,UniMed UniHealth,"Unit Price: ৳ 14.00,(30's pack: ৳ 420.00),",(30's pack: ৳ 420.00)
22671,MSL,allopathic,msloral-solution5-mg5-ml,Oral Solution,Morphine Sulfate,5 mg/5 ml,UniMed UniHealth,100 ml bottle: ৳ 80.00,
10673,MSL,allopathic,msltablet10-mg,Tablet,Morphine Sulfate,10 mg,UniMed UniHealth,"Unit Price: ৳ 9.00,(30's pack: ৳ 270.00),",(30's pack: ৳ 270.00)
27242,MR Kit,allopathic,mr-kittablet200-mg200-mcg,Tablet,Mifepristone + Misoprostol,200 mg+200 mcg,Euro Pharma Ltd.,5 tablet kit: ৳ 300.00,
31485,MQ-4,allopathic,mq-4tablet400-mg,Tablet,Moxifloxacin Hydrochloride (Tablet),400 mg,Silco Pharmaceutical Ltd.,"Unit Price: ৳ 40.00,(8's pack: ৳ 320.00),",(8's pack: ৳ 320.00)
9644,Moxquin XG,allopathic,moxquin-xgophthalmic-solution0504,Ophthalmic Solution,Moxifloxacin Hydrochloride + Xanthan Gum,0.5%+0.4%,Incepta Pharmaceuticals Ltd.,5 ml drop: ৳ 150.00,
27627,Moxquin D,allopathic,moxquin-dophthalmic-solution0501,Ophthalmic Solution,Moxifloxacin Hydrochloride + Dexamethasone,0.5%+0.1%,Incepta Pharmaceuticals Ltd.,5 ml drop: ৳ 200.00,
9643,Moxquin,allopathic,moxquinophthalmic-solution05,Ophthalmic Solution,Moxifloxacin Hydrochloride (Ophthalmic),0.50%,Incepta Pharmaceuticals Ltd.,5 ml drop: ৳ 160.00,
9623,Moxquin,allopathic,moxquiniv-infusion400-mg250-ml,IV Infusion,Moxifloxacin Hydrochloride (Injection),400 mg/250 ml,Incepta Pharmaceuticals Ltd.,250 ml bottle: ৳ 350.00,
9611,Moxquin,allopathic,moxquintablet400-mg,Tablet,Moxifloxacin Hydrochloride (Tablet),400 mg,Incepta Pharmaceuticals Ltd.,"Unit Price: ৳ 40.00,(8's pack: ৳ 320.00),",(8's pack: ৳ 320.00)
28565,Moxlocin XG,allopathic,moxlocin-xgophthalmic-solution0504,Ophthalmic Solution,Moxifloxacin Hydrochloride + Xanthan Gum,0.5%+0.4%,Pacific Pharmaceuticals Ltd.,5 ml drop: ৳ 150.00,
28564,Moxlocin D,allopathic,moxlocin-dophthalmic-solution0501,Ophthalmic Solution,Moxifloxacin Hydrochloride + Dexamethasone,0.5%+0.1%,Pacific Pharmaceuticals Ltd.,5 ml drop: ৳ 200.00,
22687,Moxlocin,allopathic,moxlocinophthalmic-solution05,Ophthalmic Solution,Moxifloxacin Hydrochloride (Ophthalmic),0.50%,Pacific Pharmaceuticals Ltd.,5 ml drop: ৳ 100.00,
31486,Mucin-R,allopathic,mucin-rtablet150-mg,Tablet,Ranitidine Hydrochloride,150 mg,Silco Pharmaceutical Ltd.,"Unit Price: ৳ 2.00,(100's pack: ৳ 200.00),",(100's pack: ৳ 200.00)
4055,Mubrox,allopathic,mubroxpediatric-drops6-mgml,Pediatric Drops,Ambroxol Hydrochloride,6 mg/ml,Hallmark Pharmaceuticals Ltd.,15 ml bottle: ৳ 20.00,
4054,Mubrox,allopathic,mubroxsyrup15-mg5-ml,Syrup,Ambroxol Hydrochloride,15 mg/5 ml,Hallmark Pharmaceuticals Ltd.,100 ml bottle: ৳ 30.20,
15066,MTX,allopathic,mtxinjection50-mg2-ml,Injection,Methotrexate,50 mg/2 ml,Choongwae Pharma Corporation,50 mg vial: ৳ 130.00,
15065,MTX,allopathic,mtxtablet25-mg,Tablet,Methotrexate,2.5 mg,Choongwae Pharma Corporation,"Unit Price: ৳ 5.40,(100's pack: ৳ 540.00),",(100's pack: ৳ 540.00)
22616,MTS,allopathic,mtstablet10-mg,Tablet,Montelukast Sodium,10 mg,Medicon Pharmaceuticals Ltd.,"Unit Price: ৳ 9.37,(20's pack: ৳ 187.49),",(20's pack: ৳ 187.49)
27353,Mtrex,allopathic,mtrextablet10-mg,Tablet,Methotrexate,10 mg,Techno Drugs Ltd.,"Unit Price: ৳ 15.00,(30's pack: ৳ 450.00),",(30's pack: ৳ 450.00)
30067,Moxivin Dx,allopathic,moxivin-dxophthalmic-solution0501,Ophthalmic Solution,Moxifloxacin Hydrochloride + Dexamethasone,0.5%+0.1%,Healthcare Pharmaceuticals Ltd.,5 ml drop: ৳ 200.00,
9642,Moxivin,allopathic,moxivinophthalmic-solution05,Ophthalmic Solution,Moxifloxacin Hydrochloride (Ophthalmic),0.50%,Healthcare Pharmaceuticals Ltd.,5 ml drop: ৳ 100.00,
6596,Moxin DS,allopathic,moxin-dspowder-for-suspension250-mg5-ml,Powder for Suspension,Amoxicillin Trihydrate,250 mg/5 ml,Opsonin Pharma Ltd.,100 ml bottle: ৳ 78.13,
6599,Moxin,allopathic,moxinimiv-injection500-mgvial,IM/IV Injection,Amoxicillin Trihydrate,500 mg/vial,Opsonin Pharma Ltd.,"500 mg vial: ৳ 26.17,(4's pack: ৳ 104.68),",(4's pack: ৳ 104.68)
6598,Moxin,allopathic,moxinimiv-injection250-mgvial,IM/IV Injection,Amoxicillin Trihydrate,250 mg/vial,Opsonin Pharma Ltd.,"250 mg vial: ৳ 19.07,(4's pack: ৳ 76.28),",(4's pack: ৳ 76.28)
6597,Moxin,allopathic,moxinpediatric-drops125-mg125-ml,Pediatric Drops,Amoxicillin Trihydrate,125 mg/1.25 ml,Opsonin Pharma Ltd.,15 ml bottle: ৳ 30.20,
6595,Moxin,allopathic,moxinpowder-for-suspension125-mg5-ml,Powder for Suspension,Amoxicillin Trihydrate,125 mg/5 ml,Opsonin Pharma Ltd.,100 ml bottle: ৳ 47.61,
14074,Multi 7,allopathic,multi-7pediatric-drops,Pediatric Drops,Multivitamin [Pediatric preparation],,Apollo Pharmaceutical Ltd.,15 ml bottle: ৳ 14.37,
31472,Mukof,allopathic,mukofdispersible-tablet600-mg,Dispersible Tablet,Acetylcysteine,600 mg,Drug International Ltd.,"Unit Price: ৳ 15.00,(30's pack: ৳ 450.00),",(30's pack: ৳ 450.00)
25526,Muex,allopathic,muexsyrup15-mg5-ml,Syrup,Ambroxol Hydrochloride,15 mg/5 ml,Orbit Pharmaceuticals Ltd.,100 ml bottle: ৳ 30.00,
4528,Mudiral,allopathic,mudiraltablet50-mg,Tablet,Sertraline Hydrochloride,50 mg,Opsonin Pharma Ltd.,"Unit Price: ৳ 6.02,(50's pack: ৳ 301.00),",(50's pack: ৳ 301.00)
4527,Mudiral,allopathic,mudiraltablet25-mg,Tablet,Sertraline Hydrochloride,25 mg,Opsonin Pharma Ltd.,"Unit Price: ৳ 3.01,(50's pack: ৳ 150.50),",(50's pack: ৳ 150.50)
20466,Mudibak,allopathic,mudibaktablet05-mg10-mg,Tablet,Fluphenazine + Nortriptyline,0.5 mg+10 mg,Rephco Pharmaceuticals Ltd.,"Unit Price: ৳ 0.75,(100's pack: ৳ 75.00),",(100's pack: ৳ 75.00)
26658,Muderm,allopathic,mudermointment2-ww,Ointment,Mupirocin,2% w/w,Globe Pharmaceuticals Ltd.,10 gm tube: ৳ 140.00,
4105,Mucut,allopathic,mucutsyrup4-mg5-ml,Syrup,Bromhexine Hydrochloride,4 mg/5 ml,Biopharma Laboratories Ltd.,100 ml bottle: ৳ 40.00,
4060,Mucovan,allopathic,mucovansyrup15-mg5-ml,Syrup,Ambroxol Hydrochloride,15 mg/5 ml,Ad-din Pharmaceuticals Ltd.,100 ml bottle: ৳ 40.00,
18368,Mucoten,allopathic,mucotensyrup4-mg5-ml,Syrup,Bromhexine Hydrochloride,4 mg/5 ml,Eskayef Pharmaceuticals Ltd.,100 ml bottle: ৳ 40.00,
18375,Mucotec,allopathic,mucotecsyrup4-mg5-ml,Syrup,Bromhexine Hydrochloride,4 mg/5 ml,Globex Pharmaceuticals Ltd.,100 ml bottle: ৳ 35.00,
4104,Mucospel,allopathic,mucospelsyrup4-mg5-ml,Syrup,Bromhexine Hydrochloride,4 mg/5 ml,Square Pharmaceuticals Ltd.,100 ml bottle: ৳ 40.13,
4059,Mucosol,allopathic,mucosolpediatric-drops6-mgml,Pediatric Drops,Ambroxol Hydrochloride,6 mg/ml,Beximco Pharmaceuticals Ltd.,15 ml bottle: ৳ 30.00,
4058,Mucosol,allopathic,mucosolsyrup15-mg5-ml,Syrup,Ambroxol Hydrochloride,15 mg/5 ml,Beximco Pharmaceuticals Ltd.,100 ml bottle: ৳ 40.00,
4102,Mucopront,allopathic,mucoprontsyrup4-mg5-ml,Syrup,Bromhexine Hydrochloride,4 mg/5 ml,Cosmic Pharma Ltd.,100 ml bottle: ৳ 40.00,
4101,Muconil,allopathic,muconilsyrup4-mg5-ml,Syrup,Bromhexine Hydrochloride,4 mg/5 ml,Ziska Pharmaceuticals Ltd.,100 ml bottle: ৳ 30.00,
14103,Multi Gold,allopathic,multi-goldtablet,Tablet,Multivitamin & Multimineral [A-Z gold preparation],,Silva Pharmaceuticals Ltd.,"Unit Price: ৳ 6.03,(30's pack: ৳ 180.90),",(30's pack: ৳ 180.90)
114,Mucomist DT,allopathic,mucomist-dtdispersible-tablet600-mg,Dispersible Tablet,Acetylcysteine,600 mg,Beximco Pharmaceuticals Ltd.,"Unit Price: ৳ 15.00,(30's pack: ৳ 450.00),",(30's pack: ৳ 450.00)
112,Mucomist,allopathic,mucomistnebuliser-solution600-mg3-ml,Nebuliser Solution,Acetylcysteine,600 mg/3 ml,Beximco Pharmaceuticals Ltd.,"3 ml ampoule: ৳ 30.00,(5's pack: ৳ 150.00),",(5's pack: ৳ 150.00)
4100,Mucolyt,allopathic,mucolytsyrup4-mg5-ml,Syrup,Bromhexine Hydrochloride,4 mg/5 ml,Incepta Pharmaceuticals Ltd.,"100 ml bottle: ৳ 40.00,200 ml bottle: ৳ 75.00",
4099,Mucolyt,allopathic,mucolyttablet8-mg,Tablet,Bromhexine Hydrochloride,8 mg,Incepta Pharmaceuticals Ltd.,"Unit Price: ৳ 2.00,(100's pack: ৳ 200.00),",(100's pack: ৳ 200.00)
4125,Mucolex DS,allopathic,mucolex-dssyrup250-mg5-ml,Syrup,Carbocisteine,250 mg/5 ml,General Pharmaceuticals Ltd.,100 ml bottle: ৳ 40.00,
4124,Mucolex,allopathic,mucolexsyrup125-mg5-ml,Syrup,Carbocisteine,125 mg/5 ml,General Pharmaceuticals Ltd.,100 ml bottle: ৳ 30.00,
4098,Mucola,allopathic,mucolasyrup4-mg5-ml,Syrup,Bromhexine Hydrochloride,4 mg/5 ml,Amico Laboratories Ltd.,100 ml bottle: ৳ 25.00,
17532,Mucogel,allopathic,mucogeloral-suspension175-mg225-mg5-ml,Oral Suspension,Aluminium Hydroxide + Magnesium Hydroxide,(175 mg+225 mg)/5 ml,Medicon Pharmaceuticals Ltd.,200 ml bottle: ৳ 53.41,
18387,Mucof,allopathic,mucofsyrup4-mg5-ml,Syrup,Bromhexine Hydrochloride,4 mg/5 ml,Salton Pharmaceuticals Ltd.,100 ml bottle: ৳ 30.11,
4097,Mucodil,allopathic,mucodilsyrup4-mg5-ml,Syrup,Bromhexine Hydrochloride,4 mg/5 ml,NIPRO JMI Pharma Ltd.,100 ml bottle: ৳ 40.12,
32542,Mucoclean,allopathic,mucocleansyrup15-mg5-ml,Syrup,Ambroxol Hydrochloride,15 mg/5 ml,Doctor TIMS Pharmaceuticals Ltd.,100 ml bottle: ৳ 40.00,
4057,Mucobrox,allopathic,mucobroxpediatric-drops6-mgml,Pediatric Drops,Ambroxol Hydrochloride,6 mg/ml,Somatec Pharmaceuticals Ltd.,15 ml bottle: ৳ 30.00,
4056,Mucobrox,allopathic,mucobroxsyrup15-mg5-ml,Syrup,Ambroxol Hydrochloride,15 mg/5 ml,Somatec Pharmaceuticals Ltd.,100 ml bottle: ৳ 40.00,
10706,Murtrum,allopathic,murtrumimiv-injection100-mg2-ml,IM/IV Injection,Tramadol Hydrochloride,100 mg/2 ml,Monicopharma Ltd.,"2 mg ampoule: ৳ 20.00,(5's pack: ৳ 100.00),",(5's pack: ৳ 100.00)
12330,Muron,allopathic,muronointment2-ww,Ointment,Mupirocin,2% w/w,Drug International Ltd.,"10 gm tube: ৳ 130.46,15 gm tube: ৳ 140.00",
12329,Muroderm,allopathic,murodermointment2-ww,Ointment,Mupirocin,2% w/w,General Pharmaceuticals Ltd.,10 gm tube: ৳ 140.96,
27086,Murein,allopathic,mureincapsule500-mg,Capsule,Flucloxacillin Sodium,500 mg,Apex Pharmaceuticals Ltd.,"Unit Price: ৳ 10.50,(28's pack: ৳ 294.00),",(28's pack: ৳ 294.00)
22695,Mupitas,allopathic,mupitasointment2-ww,Ointment,Mupirocin,2% w/w,Kumudini Pharma Ltd.,10 gm tube: ৳ 135.00,
12328,Mupiron,allopathic,mupironointment2-ww,Ointment,Mupirocin,2% w/w,Eskayef Pharmaceuticals Ltd.,"10 gm tube: ৳ 140.00,20 gm tube: ৳ 220.00",
12327,Mupiderm,allopathic,mupidermointment2-ww,Ointment,Mupirocin,2% w/w,Healthcare Pharmaceuticals Ltd.,10 gm tube: ৳ 140.00,
12326,Mupibac,allopathic,mupibacointment2-ww,Ointment,Mupirocin,2% w/w,Pharmasia Limited,10 gm tube: ৳ 130.00,
12325,Mupi,allopathic,mupiointment2-ww,Ointment,Mupirocin,2% w/w,Alco Pharma Ltd.,"5 gm tube: ৳ 80.24,10 gm tube: ৳ 140.42",
4107,Munil,allopathic,munilsyrup4-mg5-ml,Syrup,Bromhexine Hydrochloride,4 mg/5 ml,Opsonin Pharma Ltd.,100 ml bottle: ৳ 40.00,
6603,Mumox,allopathic,mumoxpowder-for-suspension125-mg5-ml,Powder for Suspension,Amoxicillin Trihydrate,125 mg/5 ml,Marker Pharma Ltd.,100 ml bottle: ৳ 45.00,
6602,Mumox,allopathic,mumoxcapsule500-mg,Capsule,Amoxicillin Trihydrate,500 mg,Marker Pharma Ltd.,"Unit Price: ৳ 6.00,(50's pack: ৳ 300.00),",(50's pack: ৳ 300.00)
6601,Mumox,allopathic,mumoxcapsule250-mg,Capsule,Amoxicillin Trihydrate,250 mg,Marker Pharma Ltd.,"Unit Price: ৳ 3.00,(100's pack: ৳ 300.00),",(100's pack: ৳ 300.00)
4106,Mulyt,allopathic,mulytsyrup4-mg5-ml,Syrup,Bromhexine Hydrochloride,4 mg/5 ml,Gaco Pharmaceuticals Ltd.,100 ml bottle: ৳ 40.12,
14212,Multivita Forte,allopathic,multivita-fortetablet,Tablet,Multivitamin & Multimineral,,Aexim Pharmaceuticals Ltd.,"Unit Price: ৳ 1.50,(30's pack: ৳ 45.00),",(30's pack: ৳ 45.00)
14211,Multivit Plus,allopathic,multivit-plustablet,Tablet,Multivitamin & Multimineral,,Square Pharmaceuticals Ltd.,"Unit Price: ৳ 1.80,(30's pack: ৳ 54.00),",(30's pack: ৳ 54.00)
15485,Musclex,allopathic,musclextablet50-mg,Tablet,Tolperisone Hydrochloride,50 mg,Aristopharma Ltd.,"Unit Price: ৳ 5.00,(50's pack: ৳ 250.00),",(50's pack: ৳ 250.00)
14174,Multitonic,allopathic,multitonicsyrup,Syrup,Multivitamin & Multimineral [A-Z syrup preparation],,Silva Pharmaceuticals Ltd.,"100 ml bottle: ৳ 85.32,200 ml bottle: ৳ 150.57",
14075,Multisina,allopathic,multisinapediatric-drops,Pediatric Drops,Multivitamin [Pediatric preparation],,Ibn Sina Pharmaceuticals Ltd.,15 ml bottle: ৳ 20.00,
13563,Multicod,allopathic,multicodsyrup,Syrup,Multivitamin & Cod Liver Oil,,Pacific Pharmaceuticals Ltd.,100 ml bottle: ৳ 100.00,
6941,Multicef,allopathic,multicefpediatric-drops125-mg125-ml,Pediatric Drops,Cephradine,125 mg/1.25 ml,Desh Pharmaceuticals Ltd.,15 ml bottle: ৳ 60.00,
6940,Multicef,allopathic,multicefpowder-for-suspension125-mg5-ml,Powder for Suspension,Cephradine,125 mg/5 ml,Desh Pharmaceuticals Ltd.,100 ml bottle: ৳ 85.00,
6939,Multicef,allopathic,multicefcapsule500-mg,Capsule,Cephradine,500 mg,Desh Pharmaceuticals Ltd.,"Unit Price: ৳ 15.00,(20's pack: ৳ 300.00),",(20's pack: ৳ 300.00)
6938,Multicef,allopathic,multicefcapsule250-mg,Capsule,Cephradine,250 mg,Desh Pharmaceuticals Ltd.,"Unit Price: ৳ 8.00,(30's pack: ৳ 240.00),",(30's pack: ৳ 240.00)
14530,Multical,allopathic,multicaltablet,Tablet,Calcium Carbonate + Vitamin D3 + Multimineral,,Zenith Pharmaceuticals Ltd.,"Unit Price: ৳ 4.00,(30's pack: ৳ 120.00),",(30's pack: ৳ 120.00)
14147,Multi Silver,allopathic,multi-silvertablet,Tablet,Multivitamin & Multimineral [A-Z silver preparation],,Silva Pharmaceuticals Ltd.,"Unit Price: ৳ 6.02,(30's pack: ৳ 180.60),",(30's pack: ৳ 180.60)
13564,Multi Seas,allopathic,multi-seassyrup,Syrup,Multivitamin & Cod Liver Oil,,General Pharmaceuticals Ltd.,"100 ml bottle: ৳ 80.55,200 ml bottle: ৳ 145.98",
13533,Multi Seas,allopathic,multi-seascapsule600-iu85-iu03-iu,Capsule,Cod Liver Oil,600 IU+85 IU+0.3 IU,General Pharmaceuticals Ltd.,"Unit Price: ৳ 3.01,(100's pack: ৳ 301.00),",(100's pack: ৳ 301.00)
14210,Multi M,allopathic,multi-mtablet,Tablet,Multivitamin & Multimineral,,Apollo Pharmaceutical Ltd.,"Unit Price: ৳ 1.50,(30's pack: ৳ 45.00),",(30's pack: ৳ 45.00)
32700,Multi Kids,allopathic,multi-kidssyrup,Syrup,Multivitamin & Multimineral [A-Z juniors syrup preparation],,Ethical Drug Ltd.,"100 ml bottle: ৳ 85.00,200 ml bottle: ৳ 160.00",
10035,Mycofin,allopathic,mycofintablet250-mg,Tablet,Terbinafine Hydrochloride,250 mg,Eskayef Pharmaceuticals Ltd.,"Unit Price: ৳ 40.00,(10's pack: ৳ 400.00),",(10's pack: ৳ 400.00)
9941,Mycoder,allopathic,mycoderpowder-for-suspension50-mg5-ml,Powder for Suspension,Fluconazole,50 mg/5 ml,UniMed UniHealth,35 ml bottle: ৳ 70.00,
9940,Mycoder,allopathic,mycodertablet150-mg,Tablet,Fluconazole,150 mg,UniMed UniHealth,"Unit Price: ৳ 20.00,(10's pack: ৳ 200.00),",(10's pack: ৳ 200.00)
9939,Mycoder,allopathic,mycodertablet50-mg,Tablet,Fluconazole,50 mg,UniMed UniHealth,"Unit Price: ৳ 7.00,(30's pack: ৳ 210.00),",(30's pack: ৳ 210.00)
9805,Mycocin,allopathic,mycocinoral-suspension100000-unitml,Oral Suspension,Nystatin (Oral),100000 unit/ml,Ibn Sina Pharmaceuticals Ltd.,12 ml bottle: ৳ 22.50,
10015,Myco OG,allopathic,myco-ogoral-gel2-ww,Oral Gel,Miconazole Nitrate (Oral Gel),2% w/w,Pharmasia Limited,15 gm tube: ৳ 55.00,
12687,Myco HC,allopathic,myco-hccream21,Cream,Miconazole Nitrate + Hydrocortisone,2%+1%,Pharmasia Limited,10 gm tube: ৳ 40.15,
8510,Mycin,allopathic,mycinpowder-for-suspension125-mg5-ml,Powder for Suspension,Erythromycin (Oral),125 mg/5 ml,Ambee Pharmaceuticals Ltd.,100 ml bottle: ৳ 60.20,
8509,Mycin,allopathic,mycintablet500-mg,Tablet,Erythromycin (Oral),500 mg,Ambee Pharmaceuticals Ltd.,"Unit Price: ৳ 8.03,(50's pack: ৳ 401.54),",(50's pack: ৳ 401.54)
28046,Mycef DS,allopathic,mycef-dspowder-for-suspension250-mg5-ml,Powder for Suspension,Cephradine,250 mg/5 ml,Ambee Pharmaceuticals Ltd.,100 ml bottle: ৳ 120.00,
6945,Mycef,allopathic,mycefpediatric-drops125-mg125-ml,Pediatric Drops,Cephradine,125 mg/1.25 ml,Ambee Pharmaceuticals Ltd.,15 ml bottle: ৳ 50.18,
6943,Mycef,allopathic,mycefpowder-for-suspension125-mg5-ml,Powder for Suspension,Cephradine,125 mg/5 ml,Ambee Pharmaceuticals Ltd.,100 ml bottle: ৳ 80.27,
6942,Mycef,allopathic,mycefcapsule500-mg,Capsule,Cephradine,500 mg,Ambee Pharmaceuticals Ltd.,"Unit Price: ৳ 12.54,(20's pack: ৳ 250.74),",(20's pack: ৳ 250.74)
14450,Mycal-D,allopathic,mycal-dtablet500-mg200-iu,Tablet,Calcium Carbonate [Elemental source] + Vitamin D3,500 mg+200 IU,Organic Health Care Ltd.,"Unit Price: ৳ 6.00,(50's pack: ৳ 300.00),,Unit Price: ৳ 6.00,(30's pack: ৳ 180.00),","(50's pack: ৳ 300.00),(30's pack: ৳ 180.00)"
14314,Mycal,allopathic,mycaltablet500-mg,Tablet,Calcium Carbonate,500 mg,Organic Health Care Ltd.,"Unit Price: ৳ 3.01,(50's pack: ৳ 150.50),",(50's pack: ৳ 150.50)
32544,My-Azi,allopathic,my-azipowder-for-suspension200-mg5-ml,Powder for Suspension,Azithromycin Dihydrate,200 mg/5 ml,Doctor TIMS Pharmaceuticals Ltd.,"15 ml bottle: ৳ 85.00,35 ml bottle: ৳ 140.00",
33077,Mycofree-OC,allopathic,mycofree-occream00507521,Cream,Clobetasol Propionate + Ofloxacin + Ornidazole + Terbinafine,0.05%+0.75%+2%+1%,Drug International Ltd.,,
10050,Mycofree,allopathic,mycofreecream1,Cream,Terbinafine Hydrochloride,1%,Drug International Ltd.,15 gm tube: ৳ 80.00,
10041,Mycofree,allopathic,mycofreetablet250-mg,Tablet,Terbinafine Hydrochloride,250 mg,Drug International Ltd.,"Unit Price: ৳ 32.00,(10's pack: ৳ 320.00),",(10's pack: ৳ 320.00)
10049,Mycofin,allopathic,mycofincream1,Cream,Terbinafine Hydrochloride,1%,Eskayef Pharmaceuticals Ltd.,"5 gm tube: ৳ 50.00,10 gm tube: ৳ 70.00",
32543,My-Azi,allopathic,my-azitablet500-mg,Tablet,Azithromycin Dihydrate,500 mg,Doctor TIMS Pharmaceuticals Ltd.,"Unit Price: ৳ 35.00,(12's pack: ৳ 420.00),",(12's pack: ৳ 420.00)
31823,My Zinc,allopathic,my-zinctablet20-mg,Tablet,Zinc Sulfate Monohydrate,20 mg,Concord Pharmaceuticals Ltd.,"Unit Price: ৳ 1.75,(30's pack: ৳ 52.50),",(30's pack: ৳ 52.50)
29178,MY Jelly,allopathic,my-jellygel1125,Gel,Glycerol,11.25%,Sharif Pharmaceuticals Ltd.,"15 gm gel: ৳ 55.00,(10's pack: ৳ 550.00),,50 gm gel: ৳ 170.00",(10's pack: ৳ 550.00)
31487,MV-COD,allopathic,mv-codsyrup,Syrup,Multivitamin & Cod Liver Oil,,Silco Pharmaceutical Ltd.,100 ml bottle: ৳ 80.00,
25501,Mutex,allopathic,mutexsyrup15-mg5-ml,Syrup,Ambroxol Hydrochloride,15 mg/5 ml,Astra Biopharmaceuticals Ltd.,100 ml bottle: ৳ 40.00,
16864,Muterol,allopathic,muteroloral-solution5-mg5-ml,Oral Solution,Bambuterol Hydrochloride,5 mg/5 ml,ACME Laboratories Ltd.,60 ml bottle: ৳ 20.13,
16863,Muterol,allopathic,muteroltablet20-mg,Tablet,Bambuterol Hydrochloride,20 mg,ACME Laboratories Ltd.,"Unit Price: ৳ 3.01,(50's pack: ৳ 150.50),",(50's pack: ৳ 150.50)
16862,Muterol,allopathic,muteroltablet10-mg,Tablet,Bambuterol Hydrochloride,10 mg,ACME Laboratories Ltd.,"Unit Price: ৳ 1.51,(100's pack: ৳ 151.00),",(100's pack: ৳ 151.00)
18361,Mute,allopathic,mutesyrup4-mg5-ml,Syrup,Bromhexine Hydrochloride,4 mg/5 ml,Astra Biopharmaceuticals Ltd.,100 ml bottle: ৳ 40.00,
24187,Mutac,allopathic,mutactablet150-mg,Tablet,Ranitidine Hydrochloride,150 mg,Salton Pharmaceuticals Ltd.,"Unit Price: ৳ 2.03,(100's pack: ৳ 203.00),",(100's pack: ৳ 203.00)
11744,Mylofen,allopathic,mylofentablet5-mg,Tablet,Baclofen,5 mg,Popular Pharmaceuticals Ltd.,"Unit Price: ৳ 4.50,(50's pack: ৳ 225.00),",(50's pack: ৳ 225.00)
32711,Mylo,allopathic,myloim-injection100-mg100-mg1-mg3-ml,IM Injection,"Vitamin B1, B6 & B12",(100 mg+100 mg+1 mg)/3 ml,Navana Pharmaceuticals Ltd.,"3 ml ampoule: ৳ 25.08,(10's pack: ৳ 250.80),",(10's pack: ৳ 250.80)
16339,Myleran,allopathic,mylerantablet2-mg,Tablet,Busulfan,2 mg,"Excella, Germany","Unit Price: ৳ 10.30,(100's pack: ৳ 1,030.00),","(100's pack: ৳ 1,030.00)"
30671,Mylastin,allopathic,mylastintablet20-mg,Tablet,Bilastine,20 mg,Drug International Ltd.,"Unit Price: ৳ 15.00,(28's pack: ৳ 420.00),",(28's pack: ৳ 420.00)
2397,Mylac,allopathic,mylacoral-solution335-gm5-ml,Oral Solution,Lactulose,3.35 gm/5 ml,Mystic Pharmaceuticals Ltd.,"100 ml bottle: ৳ 75.00,200 ml bottle: ৳ 140.00",
25009,Mygan,allopathic,mygantablet200-mg,Tablet,Tolfenamic acid,200 mg,Chemist Laboratories  Ltd.,"Unit Price: ৳ 10.00,(30's pack: ৳ 300.00),",(30's pack: ৳ 300.00)
15163,Myfortic,allopathic,myfortictablet-delayed-release360-mg,Tablet (Delayed Release),Mycophenolic acid,360 mg,Novartis (Bangladesh) Ltd.,"Unit Price: ৳ 150.00,(120's pack: ৳ 18,000.00),","(120's pack: ৳ 18,000.00)"
15162,Myfortic,allopathic,myfortictablet-delayed-release180-mg,Tablet (Delayed Release),Mycophenolic acid,180 mg,Novartis (Bangladesh) Ltd.,"Unit Price: ৳ 75.00,(120's pack: ৳ 9,000.00),","(120's pack: ৳ 9,000.00)"
32285,Myfocin,allopathic,myfocintablet500-mg,Tablet,Mefenamic acid,500 mg,Incepta Pharmaceuticals Ltd.,"Unit Price: ৳ 5.00,(50's pack: ৳ 250.00),",(50's pack: ৳ 250.00)
13653,Myelin,allopathic,myelinim-injection100-mg100-mg1-mg3-ml,IM Injection,"Vitamin B1, B6 & B12",(100 mg+100 mg+1 mg)/3 ml,Opsonin Pharma Ltd.,"3 ml ampoule: ৳ 25.09,(5's pack: ৳ 125.45),",(5's pack: ৳ 125.45)
13652,Myelin,allopathic,myelintablet100-mg200-mg200-mcg,Tablet,"Vitamin B1, B6 & B12",100 mg+200 mg+200 mcg,Opsonin Pharma Ltd.,"Unit Price: ৳ 8.00,(30's pack: ৳ 240.00),",(30's pack: ৳ 240.00)
16021,Mydripine,allopathic,mydripineophthalmic-ointment1,Ophthalmic Ointment,Atropine Sulfate,1%,Gaco Pharmaceuticals Ltd.,5 gm tube: ৳ 14.31,
16020,Mydripine,allopathic,mydripineophthalmic-solution1,Ophthalmic Solution,Atropine Sulfate,1%,Gaco Pharmaceuticals Ltd.,10 ml drop: ৳ 25.89,
16045,Mydrimide Plus,allopathic,mydrimide-plusophthalmic-solution085,Ophthalmic Solution,Tropicamide + Phenylephrine Hydrochloride,0.8%+5%,Reman Drug Laboratories Ltd.,5 ml drop: ৳ 90.00,
16033,Mydrimide,allopathic,mydrimideophthalmic-solution05,Ophthalmic Solution,Tropicamide,0.50%,Reman Drug Laboratories Ltd.,5 ml drop: ৳ 70.26,
16032,Mydrimide,allopathic,mydrimideophthalmic-solution1,Ophthalmic Solution,Tropicamide,1%,Reman Drug Laboratories Ltd.,5 ml drop: ৳ 85.23,
13401,Mylovit-Z,allopathic,mylovit-zcapsule,Capsule,Iron Polymaltose Complex + Folic Acid + Zinc + Vitamin B-Complex,,ACI Limited,"Unit Price: ৳ 3.52,(50's pack: ৳ 176.00),",(50's pack: ৳ 176.00)
16882,Mylostat,allopathic,mylostatcapsule500-mg,Capsule,Hydroxyurea,500 mg,Drug International Ltd.,"Unit Price: ৳ 14.00,(28's pack: ৳ 392.00),",(28's pack: ৳ 392.00)
31176,Mylomid,allopathic,mylomidcapsule25-mg,Capsule,Lenalidomide,25 mg,Drug International Ltd.,"Unit Price: ৳ 400.00,(21's pack: ৳ 8,400.00),","(21's pack: ৳ 8,400.00)"
31175,Mylomid,allopathic,mylomidcapsule10-mg,Capsule,Lenalidomide,10 mg,Drug International Ltd.,"Unit Price: ৳ 200.00,(28's pack: ৳ 5,600.00),","(28's pack: ৳ 5,600.00)"
11745,Mylofen,allopathic,mylofentablet10-mg,Tablet,Baclofen,10 mg,Popular Pharmaceuticals Ltd.,"Unit Price: ৳ 8.00,(50's pack: ৳ 400.00),",(50's pack: ৳ 400.00)
16016,Mydri Atropine,allopathic,mydri-atropineophthalmic-ointment1,Ophthalmic Ointment,Atropine Sulfate,1%,Reman Drug Laboratories Ltd.,4 gm tube: ৳ 25.00,
16015,Mydri Atropine,allopathic,mydri-atropineophthalmic-solution1,Ophthalmic Solution,Atropine Sulfate,1%,Reman Drug Laboratories Ltd.,5 ml drop: ৳ 30.00,
30473,Mydrate,allopathic,mydrateophthalmic-solution10-mgml,Ophthalmic Solution,Cyclopentolate Hydrochloride,10 mg/ml,Beximco Pharmaceuticals Ltd.,5 ml drop: ৳ 120.00,
15486,Mydocalm,allopathic,mydocalmtablet50-mg,Tablet,Tolperisone Hydrochloride,50 mg,"Gedeon Richter, Hungary","Unit Price: ৳ 10.00,(30's pack: ৳ 300.00),",(30's pack: ৳ 300.00)
25974,Mydipin,allopathic,mydipintablet10-mg,Tablet,Cilnidipine,10 mg,Drug International Ltd.,"Unit Price: ৳ 8.00,(28's pack: ৳ 224.00),",(28's pack: ৳ 224.00)
25973,Mydipin,allopathic,mydipintablet5-mg,Tablet,Cilnidipine,5 mg,Drug International Ltd.,"Unit Price: ৳ 5.00,(42's pack: ৳ 210.00),",(42's pack: ৳ 210.00)
9988,Mycorest,allopathic,mycorestcapsule50-mg,Capsule,Fluconazole,50 mg,Marksman Pharmaceuticals Ltd.,"Unit Price: ৳ 6.00,(30's pack: ৳ 180.00),",(30's pack: ৳ 180.00)
15159,Mycophenolat-Mofetil,allopathic,mycophenolat-mofetiltablet500-mg,Tablet,Mycophenolate Mofetil,500 mg,SANDOZ (A Novartis Division),"Unit Price: ৳ 68.14,(50's pack: ৳ 3,406.84),","(50's pack: ৳ 3,406.84)"
10014,Mycon,allopathic,myconoral-gel2-ww,Oral Gel,Miconazole Nitrate (Oral Gel),2% w/w,Aristopharma Ltd.,15 gm tube: ৳ 60.00,
18271,Mypart,allopathic,mypartsc-injection100-iuml,SC Injection,Protamine Crystallised Insulin Aspart,100 IU/ml,Drug International Ltd.,"3 ml PenSet: ৳ 550.00,(3's pack: ৳ 1,650.00),","(3's pack: ৳ 1,650.00)"
15491,Myoxant,allopathic,myoxanttablet50-mg,Tablet,Tolperisone Hydrochloride,50 mg,UniMed UniHealth,"Unit Price: ৳ 5.00,(30's pack: ৳ 150.00),",(30's pack: ৳ 150.00)
15501,Myoxan,allopathic,myoxantablet50-mg,Tablet,Tolperisone Hydrochloride,50 mg,Globe Pharmaceuticals Ltd.,"Unit Price: ৳ 4.00,(50's pack: ৳ 200.00),",(50's pack: ৳ 200.00)
4861,Myotril,allopathic,myotriltablet05-mg,Tablet,Clonazepam,0.5 mg,Ibn Sina Pharmaceuticals Ltd.,"Unit Price: ৳ 5.00,(50's pack: ৳ 250.00),",(50's pack: ৳ 250.00)
15500,Myotol,allopathic,myotoltablet50-mg,Tablet,Tolperisone Hydrochloride,50 mg,Kumudini Pharma Ltd.,"Unit Price: ৳ 5.00,(50's pack: ৳ 250.00),",(50's pack: ৳ 250.00)
27164,Myospa,allopathic,myospatablet10-mg,Tablet,Baclofen,10 mg,Kumudini Pharma Ltd.,"Unit Price: ৳ 7.00,(30's pack: ৳ 210.00),",(30's pack: ৳ 210.00)
15490,Myoson,allopathic,myosontablet100-mg,Tablet,Tolperisone Hydrochloride,100 mg,Ibn Sina Pharmaceuticals Ltd.,"Unit Price: ৳ 8.00,(50's pack: ৳ 400.00),",(50's pack: ৳ 400.00)
15489,Myoson,allopathic,myosontablet50-mg,Tablet,Tolperisone Hydrochloride,50 mg,Ibn Sina Pharmaceuticals Ltd.,"Unit Price: ৳ 4.00,(50's pack: ৳ 200.00),",(50's pack: ৳ 200.00)
33196,Myosit,allopathic,myosittablet750-mg,Tablet,Inositol Nicotinate,750 mg,Renata Limited,Price Unavailable,
11749,Myorel,allopathic,myoreltablet10-mg,Tablet,Baclofen,10 mg,Healthcare Pharmaceuticals Ltd.,"Unit Price: ৳ 8.25,(30's pack: ৳ 247.50),",(30's pack: ৳ 247.50)
11748,Myorel,allopathic,myoreltablet5-mg,Tablet,Baclofen,5 mg,Healthcare Pharmaceuticals Ltd.,"Unit Price: ৳ 5.00,(30's pack: ৳ 150.00),",(30's pack: ৳ 150.00)
11786,Myonil,allopathic,myoniltablet50-mg,Tablet,Eperisone Hydrochloride,50 mg,Square Pharmaceuticals Ltd.,"Unit Price: ৳ 3.01,(50's pack: ৳ 150.50),",(50's pack: ৳ 150.50)
3183,Myomine,allopathic,myomineiv-injection200-mg5-ml,IV Injection,Dopamine Hydrochloride,200 mg/5 ml,Incepta Pharmaceuticals Ltd.,"5 ml ampoule: ৳ 45.00,(5's pack: ৳ 225.00),",(5's pack: ৳ 225.00)
15503,Myolax Plus,allopathic,myolax-plusim-injection100-mg25-mgml,IM Injection,Tolperisone + Lidocaine,(100 mg+2.5 mg)/ml,Incepta Pharmaceuticals Ltd.,"1 ml ampoule: ৳ 34.00,(5's pack: ৳ 170.00),",(5's pack: ৳ 170.00)
15488,Myolax,allopathic,myolaxtablet100-mg,Tablet,Tolperisone Hydrochloride,100 mg,Incepta Pharmaceuticals Ltd.,"Unit Price: ৳ 12.00,(50's pack: ৳ 600.00),",(50's pack: ৳ 600.00)
15487,Myolax,allopathic,myolaxtablet50-mg,Tablet,Tolperisone Hydrochloride,50 mg,Incepta Pharmaceuticals Ltd.,"Unit Price: ৳ 7.00,(70's pack: ৳ 490.00),",(70's pack: ৳ 490.00)
33120,Mypart Mix,allopathic,mypart-mixsc-injection3070,SC Injection,Insulin Aspart + Insulin Aspart Protamine,30%+70%,Drug International Ltd.,"3 ml cartridge: ৳ 550.00,(3's pack: ৳ 1,650.00),","(3's pack: ৳ 1,650.00)"
28376,Mypart,allopathic,mypartsc-injection100-iuml,SC Injection,Protamine Crystallised Insulin Aspart,100 IU/ml,Drug International Ltd.,3 ml vial: ৳ 450.00,
1617,Myodon,allopathic,myodonoral-suspension5-mg5-ml,Oral Suspension,Domperidone Maleate,5 mg/5 ml,Peoples Pharma Ltd.,60 ml bottle: ৳ 25.00,
1616,Myodon,allopathic,myodontablet10-mg,Tablet,Domperidone Maleate,10 mg,Peoples Pharma Ltd.,"Unit Price: ৳ 2.00,(100's pack: ৳ 200.00),",(100's pack: ৳ 200.00)
28902,Myocor,allopathic,myocortablet5-mg,Tablet,Bisoprolol Hemifumarate,5 mg,Biopharma Laboratories Ltd.,"Unit Price: ৳ 10.00,(30's pack: ৳ 300.00),",(30's pack: ৳ 300.00)
2502,Myocor,allopathic,myocortablet25-mg,Tablet,Bisoprolol Hemifumarate,2.5 mg,Biopharma Laboratories Ltd.,"Unit Price: ৳ 6.00,(30's pack: ৳ 180.00),",(30's pack: ৳ 180.00)
28903,Myoclop,allopathic,myocloptablet75-mg,Tablet,Clopidogrel Bisulphate,75 mg,Biopharma Laboratories Ltd.,"Unit Price: ৳ 10.00,(30's pack: ৳ 300.00),",(30's pack: ৳ 300.00)
25713,Myocard,allopathic,myocardtablet5-mg,Tablet,Bisoprolol Hemifumarate,5 mg,General Pharmaceuticals Ltd.,"Unit Price: ৳ 10.03,(30's pack: ৳ 300.95),",(30's pack: ৳ 300.95)
25712,Myocard,allopathic,myocardtablet25-mg,Tablet,Bisoprolol Hemifumarate,2.5 mg,General Pharmaceuticals Ltd.,"Unit Price: ৳ 6.02,(30's pack: ৳ 180.50),",(30's pack: ৳ 180.50)
14315,Myocal-D,allopathic,myocal-dtablet500-mg200-iu,Tablet,Calcium Carbonate [Elemental source] + Vitamin D3,500 mg+200 IU,Nipa Pharmaceuticals Ltd.,"Unit Price: ৳ 7.00,(30's pack: ৳ 210.00),",(30's pack: ৳ 210.00)
27531,Myocal,allopathic,myocaltablet500-mg,Tablet,Calcium Carbonate,500 mg,Nipa Pharmaceuticals Ltd.,"Unit Price: ৳ 2.64,(30's pack: ৳ 79.21),",(30's pack: ৳ 79.21)
13655,Myobion,allopathic,myobiontablet100-mg200-mg200-mcg,Tablet,"Vitamin B1, B6 & B12",100 mg+200 mg+200 mcg,Kumudini Pharma Ltd.,"Unit Price: ৳ 5.00,(50's pack: ৳ 250.00),",(50's pack: ৳ 250.00)
11747,Myobac,allopathic,myobactablet10-mg,Tablet,Baclofen,10 mg,Navana Pharmaceuticals Ltd.,"Unit Price: ৳ 7.02,(30's pack: ৳ 210.50),",(30's pack: ৳ 210.50)
11746,Myobac,allopathic,myobactablet5-mg,Tablet,Baclofen,5 mg,Navana Pharmaceuticals Ltd.,"Unit Price: ৳ 5.02,(30's pack: ৳ 150.47),",(30's pack: ৳ 150.47)
28491,N-bion,allopathic,n-bionim-injection100-mg100-mg1-mg3-ml,IM Injection,"Vitamin B1, B6 & B12",(100 mg+100 mg+1 mg)/3 ml,Navana Pharmaceuticals Ltd.,"3 ml ampoule: ৳ 25.08,(10's pack: ৳ 250.80),",(10's pack: ৳ 250.80)
13654,N-bion,allopathic,n-biontablet100-mg200-mg200-mcg,Tablet,"Vitamin B1, B6 & B12",100 mg+200 mg+200 mcg,Navana Pharmaceuticals Ltd.,"Unit Price: ৳ 7.50,(50's pack: ৳ 375.00),",(50's pack: ৳ 375.00)
8662,N Zith,allopathic,n-zithtablet500-mg,Tablet,Azithromycin Dihydrate,500 mg,Novus Pharmaceuticals Ltd.,"Unit Price: ৳ 30.00,(6's pack: ৳ 180.00),",(6's pack: ৳ 180.00)
30679,N Hexin,allopathic,n-hexinsyrup4-mg5-ml,Syrup,Bromhexine Hydrochloride,4 mg/5 ml,Nipa Pharmaceuticals Ltd.,100 ml bottle: ৳ 30.00,
8661,Myzid,allopathic,myzidtablet500-mg,Tablet,Azithromycin Dihydrate,500 mg,Ambee Pharmaceuticals Ltd.,"Unit Price: ৳ 30.00,(12's pack: ৳ 360.00),",(12's pack: ৳ 360.00)
8660,Myzid,allopathic,myzidtablet250-mg,Tablet,Azithromycin Dihydrate,250 mg,Ambee Pharmaceuticals Ltd.,"Unit Price: ৳ 20.00,(12's pack: ৳ 240.00),",(12's pack: ৳ 240.00)
28379,Mysulin 50/50,allopathic,mysulin-5050sc-injection100-iuml,SC Injection,Insulin Human [Long-Acting],100 IU/ml,Drug International Ltd.,"3 ml cartridge: ৳ 222.00,(3's pack: ৳ 666.00),",(3's pack: ৳ 666.00)
28378,Mysulin 50/50,allopathic,mysulin-5050sc-injection100-iuml,SC Injection,Insulin Human [Long-Acting],100 IU/ml,Drug International Ltd.,10 ml vial: ৳ 415.00,
28377,Mysulin 30/70,allopathic,mysulin-3070sc-injection100-iuml,SC Injection,Insulin Human [Long-Acting],100 IU/ml,Drug International Ltd.,10 ml vial: ৳ 415.00,
24683,Mysulin 30/70,allopathic,mysulin-3070sc-injection100-iuml,SC Injection,Insulin Human [Long-Acting],100 IU/ml,Drug International Ltd.,"3 ml cartridge: ৳ 222.00,(3's pack: ৳ 666.00),",(3's pack: ৳ 666.00)
14105,Mystrum,allopathic,mystrumtablet,Tablet,Multivitamin & Multimineral [A-Z gold preparation],,Mystic Pharmaceuticals Ltd.,"Unit Price: ৳ 4.83,(30's pack: ৳ 144.90),",(30's pack: ৳ 144.90)
14316,Mystocal,allopathic,mystocaltablet500-mg,Tablet,Calcium Carbonate,500 mg,Mystic Pharmaceuticals Ltd.,"Unit Price: ৳ 2.54,(50's pack: ৳ 127.00),",(50's pack: ৳ 127.00)
9815,Mystatin,allopathic,mystatinoral-suspension100000-unitml,Oral Suspension,Nystatin (Oral),100000 unit/ml,Skylab Pharmaceuticals Ltd.,12 ml bottle: ৳ 23.00,
9814,Mystatin,allopathic,mystatintablet500000-unit,Tablet,Nystatin (Oral),500000 unit,Skylab Pharmaceuticals Ltd.,"Unit Price: ৳ 5.00,(30's pack: ৳ 150.00),",(30's pack: ৳ 150.00)
30818,Mystacin,allopathic,mystacinsyrup2-mg5-ml,Syrup,Chlorpheniramine Maleate,2 mg/5 ml,Mystic Pharmaceuticals Ltd.,100 ml bottle: ৳ 14.14,
11839,Mystacin,allopathic,mystacintablet10-mg,Tablet,Chlorpheniramine Maleate,10 mg,Mystic Pharmaceuticals Ltd.,"Unit Price: ৳ 2.50,(100's pack: ৳ 250.00),",(100's pack: ৳ 250.00)
14873,N-Sol,allopathic,n-solnasal-drop09,Nasal Drop,Sodium Chloride (Nasal preparation),0.90%,Popular Pharmaceuticals Ltd.,10 ml drop: ৳ 20.00,
32548,N-Proton,allopathic,n-protontablet-delayed-release500-mg20-mg,Tablet (Delayed Release),Naproxen Sodium + Esomeprazole Magnesium,500 mg+20 mg,Doctor TIMS Pharmaceuticals Ltd.,"Unit Price: ৳ 10.00,(30's pack: ৳ 300.00),",(30's pack: ৳ 300.00)
15717,N-Mycin,allopathic,n-mycinophthalmic-suspension5,Ophthalmic Suspension,Natamycin,5%,Aristopharma Ltd.,5 ml drop: ৳ 100.00,
29365,N-Fenac TS,allopathic,n-fenac-tsophthalmic-suspension03,Ophthalmic Suspension,Nepafenac,0.30%,Pacific Pharmaceuticals Ltd.,5 ml drop: ৳ 225.00,
3364,Mysprin,allopathic,mysprintablet-enteric-coated75-mg,Tablet (Enteric Coated),Aspirin,75 mg,Pacific Pharmaceuticals Ltd.,"Unit Price: ৳ 0.58,(100's pack: ৳ 58.00),",(100's pack: ৳ 58.00)
32311,Myrox SR,allopathic,myrox-srcapsule-sustained-release75-mg,Capsule (Sustained Release),Ambroxol Hydrochloride,75 mg,ACI Limited,"Unit Price: ৳ 5.04,(30's pack: ৳ 151.20),",(30's pack: ৳ 151.20)
4062,Myrox,allopathic,myroxpediatric-drops6-mgml,Pediatric Drops,Ambroxol Hydrochloride,6 mg/ml,ACI Limited,15 ml bottle: ৳ 30.09,
4061,Myrox,allopathic,myroxsyrup15-mg5-ml,Syrup,Ambroxol Hydrochloride,15 mg/5 ml,ACI Limited,100 ml bottle: ৳ 45.00,
30097,Myrica,allopathic,myricacapsule25-mg,Capsule,Pregabalin,25 mg,UniMed UniHealth,"Unit Price: ৳ 9.00,(28's pack: ৳ 252.00),",(28's pack: ৳ 252.00)
4989,Myrica,allopathic,myricacapsule100-mg,Capsule,Pregabalin,100 mg,UniMed UniHealth,"Unit Price: ৳ 20.00,(28's pack: ৳ 560.00),",(28's pack: ৳ 560.00)
4988,Myrica,allopathic,myricacapsule75-mg,Capsule,Pregabalin,75 mg,UniMed UniHealth,"Unit Price: ৳ 16.00,(28's pack: ৳ 448.00),",(28's pack: ৳ 448.00)
4987,Myrica,allopathic,myricacapsule50-mg,Capsule,Pregabalin,50 mg,UniMed UniHealth,"Unit Price: ৳ 12.00,(28's pack: ৳ 336.00),",(28's pack: ৳ 336.00)
24068,Mypril,allopathic,mypriltablet5-mg,Tablet,Ramipril,5 mg,Eskayef Pharmaceuticals Ltd.,"Unit Price: ৳ 8.00,(40's pack: ৳ 320.00),",(40's pack: ৳ 320.00)
24067,Mypril,allopathic,mypriltablet25-mg,Tablet,Ramipril,2.5 mg,Eskayef Pharmaceuticals Ltd.,"Unit Price: ৳ 5.00,(40's pack: ৳ 200.00),",(40's pack: ৳ 200.00)
20344,Nafex,allopathic,nafextablet180-mg,Tablet,Fexofenadine Hydrochloride,180 mg,Desh Pharmaceuticals Ltd.,Unit Price: ৳ 9.50,
9806,Naf,allopathic,naforal-suspension100000-unitml,Oral Suspension,Nystatin (Oral),100000 unit/ml,Opsonin Pharma Ltd.,12 ml bottle: ৳ 20.47,
115,Nacsol,allopathic,nacsoleffervescent-tablet600-mg,Effervescent Tablet,Acetylcysteine,600 mg,NIPRO JMI Pharma Ltd.,"Unit Price: ৳ 15.00,(10's pack: ৳ 150.00),",(10's pack: ৳ 150.00)
3695,Nacrom,allopathic,nacromophthalmic-solution2,Ophthalmic Solution,Sodium Cromoglicate [2%],2%,Navana Pharmaceuticals Ltd.,15 ml drop: ৳ 65.20,
1669,Nacid,allopathic,nacidtablet20-mg,Tablet,Famotidine,20 mg,Sonear Laboratories Ltd.,"Unit Price: ৳ 2.05,(100's pack: ৳ 205.00),",(100's pack: ৳ 205.00)
31433,Nabuton,allopathic,nabutontablet500-mg,Tablet,Nabumetone,500 mg,Navana Pharmaceuticals Ltd.,"Unit Price: ৳ 15.00,(20's pack: ৳ 300.00),",(20's pack: ৳ 300.00)
31432,Nabuton,allopathic,nabutontablet750-mg,Tablet,Nabumetone,750 mg,Navana Pharmaceuticals Ltd.,"Unit Price: ৳ 22.00,(20's pack: ৳ 440.00),",(20's pack: ৳ 440.00)
28413,Nabumet,allopathic,nabumettablet750-mg,Tablet,Nabumetone,750 mg,Eskayef Pharmaceuticals Ltd.,"Unit Price: ৳ 22.00,(24's pack: ৳ 528.00),",(24's pack: ৳ 528.00)
28412,Nabumet,allopathic,nabumettablet500-mg,Tablet,Nabumetone,500 mg,Eskayef Pharmaceuticals Ltd.,"Unit Price: ৳ 15.00,(30's pack: ৳ 450.00),",(30's pack: ৳ 450.00)
32805,Nabumax,allopathic,nabumaxtablet750-mg,Tablet,Nabumetone,750 mg,Popular Pharmaceuticals Ltd.,"Unit Price: ৳ 22.00,(20's pack: ৳ 440.00),",(20's pack: ৳ 440.00)
32804,Nabumax,allopathic,nabumaxtablet500-mg,Tablet,Nabumetone,500 mg,Popular Pharmaceuticals Ltd.,"Unit Price: ৳ 15.00,(30's pack: ৳ 450.00),",(30's pack: ৳ 450.00)
10680,Nabulex,allopathic,nabuleximiv-injection20-mg2-ml,IM/IV Injection,Nalbuphine,20 mg/2 ml,General Pharmaceuticals Ltd.,2 ml ampoule: ৳ 100.30,
31431,Nabu,allopathic,nabutablet750-mg,Tablet,Nabumetone,750 mg,ACI Limited,"Unit Price: ৳ 22.00,(20's pack: ৳ 440.00),",(20's pack: ৳ 440.00)
31430,Nabu,allopathic,nabutablet500-mg,Tablet,Nabumetone,500 mg,ACI Limited,"Unit Price: ৳ 15.00,(30's pack: ৳ 450.00),",(30's pack: ৳ 450.00)
17260,Nab-Xelpac,allopathic,nab-xelpaciv-infusion100-mgvial,IV Infusion,Nab-Paclitaxel [Nanoparticle Albumin-Bound Paclitaxel],100 mg/vial,Beacon Pharmaceuticals Ltd.,"100 mg vial: ৳ 25,000.00",
28790,Naafzinc-DS,allopathic,naafzinc-dssyrup20-mg5-ml,Syrup,Zinc Sulfate Monohydrate,20 mg/5 ml,Naafco Pharma Ltd.,100 ml bottle: ৳ 45.00,
31249,Naftifun,allopathic,naftifuncream2,Cream,Naftifine Hydrochloride,2%,Kumudini Pharma Ltd.,10 gm tube: ৳ 80.00,
32268,Nafodil,allopathic,nafodilcapsule100-mg,Capsule,Naftidrofuryl Oxalate,100 mg,Square Pharmaceuticals Ltd.,"Unit Price: ৳ 12.00,(30's pack: ৳ 360.00),",(30's pack: ৳ 360.00)
26058,Nafgal,allopathic,nafgalcream2,Cream,Naftifine Hydrochloride,2%,Navana Pharmaceuticals Ltd.,"10 gm tube: ৳ 80.00,30 gm tube: ৳ 230.00",
20345,Nafex,allopathic,nafextablet120-mg,Tablet,Fexofenadine Hydrochloride,120 mg,Desh Pharmaceuticals Ltd.,Unit Price: ৳ 7.00,
28789,Naafzinc-DS,allopathic,naafzinc-dstablet20-mg,Tablet,Zinc Sulfate Monohydrate,20 mg,Naafco Pharma Ltd.,"Unit Price: ৳ 1.75,(50's pack: ৳ 87.50),",(50's pack: ৳ 87.50)
25293,Naafvit BZ,allopathic,naafvit-bzsyrup,Syrup,Vitamin B Complex + Zinc,,Naafco Pharma Ltd.,100 ml bottle: ৳ 45.00,
28063,Naafvit AZ,allopathic,naafvit-aztablet,Tablet,Multivitamin & Multimineral [A-Z gold preparation],,Naafco Pharma Ltd.,"Unit Price: ৳ 7.50,(30's pack: ৳ 225.00),",(30's pack: ৳ 225.00)
23200,Naafco Orsaline,allopathic,naafco-orsalineoral-powder1395-gm,Oral Powder,Oral Rehydration Salt [Powder],13.95 gm,Naafco Pharma Ltd.,"Unit Price: ৳ 5.00,(20's pack: ৳ 100.00),",(20's pack: ৳ 100.00)
18449,Naafcal-DS,allopathic,naafcal-dstablet600-mg400-iu,Tablet,Calcium Carbonate [Elemental source] + Vitamin D3,600 mg+400 IU,Naafco Pharma Ltd.,"Unit Price: ৳ 8.00,(30's pack: ৳ 240.00),",(30's pack: ৳ 240.00)
25752,Naafcal-D,allopathic,naafcal-dtablet500-mg200-iu,Tablet,Calcium Carbonate [Elemental source] + Vitamin D3,500 mg+200 IU,Naafco Pharma Ltd.,"Unit Price: ৳ 7.00,(30's pack: ৳ 210.00),",(30's pack: ৳ 210.00)
28788,Naafcal,allopathic,naafcaltablet500-mg,Tablet,Calcium Carbonate,500 mg,Naafco Pharma Ltd.,"Unit Price: ৳ 4.00,(100's pack: ৳ 400.00),",(100's pack: ৳ 400.00)
28802,Naafboost,allopathic,naafboostsyrup,Syrup,Multivitamin & Cod Liver Oil,,Naafco Pharma Ltd.,100 ml bottle: ৳ 80.00,
13685,N-Vit,allopathic,n-vittablet100-mg200-mg200-mcg,Tablet,"Vitamin B1, B6 & B12",100 mg+200 mg+200 mcg,MST Pharma,"Unit Price: ৳ 5.00,(30's pack: ৳ 150.00),",(30's pack: ৳ 150.00)
28463,N-Sol 5,allopathic,n-sol-5ophthalmic-solution5,Ophthalmic Solution,Sodium Chloride (Ophthalmic Solution),5%,Popular Pharmaceuticals Ltd.,5 ml drop: ৳ 70.00,
11637,Namitol,allopathic,namitoltablet200-mg,Tablet,Tolfenamic acid,200 mg,ACI Limited,"Unit Price: ৳ 10.00,(30's pack: ৳ 300.00),",(30's pack: ৳ 300.00)
9601,Namicin,allopathic,namicinophthalmic-solution03,Ophthalmic Solution,Lomefloxacin (Ophthalmic),0.30%,Nipa Pharmaceuticals Ltd.,5 ml drop: ৳ 70.00,
11548,Nameso,allopathic,namesotablet-delayed-release500-mg20-mg,Tablet (Delayed Release),Naproxen Sodium + Esomeprazole Magnesium,500 mg+20 mg,Opsonin Pharma Ltd.,"Unit Price: ৳ 10.03,(30's pack: ৳ 300.90),",(30's pack: ৳ 300.90)
11547,Nameso,allopathic,namesotablet-delayed-release375-mg20-mg,Tablet (Delayed Release),Naproxen Sodium + Esomeprazole Magnesium,375 mg+20 mg,Opsonin Pharma Ltd.,"Unit Price: ৳ 8.03,(30's pack: ৳ 240.90),",(30's pack: ৳ 240.90)
29550,Nalzin,allopathic,nalzintablet10-mg,Tablet,Flunarizine,10 mg,Radiant Pharmaceuticals Ltd.,"Unit Price: ৳ 5.00,(70's pack: ৳ 350.00),",(70's pack: ৳ 350.00)
29549,Nalzin,allopathic,nalzintablet5-mg,Tablet,Flunarizine,5 mg,Radiant Pharmaceuticals Ltd.,"Unit Price: ৳ 3.50,(100's pack: ৳ 350.00),",(100's pack: ৳ 350.00)
28276,Nalphin,allopathic,nalphinimiv-injection20-mgml,IM/IV Injection,Nalbuphine,20 mg/ml,ACME Laboratories Ltd.,"1 ml ampoule: ৳ 90.61,(5's pack: ৳ 453.05),",(5's pack: ৳ 453.05)
26524,Nalphin,allopathic,nalphinimiv-injection20-mg2-ml,IM/IV Injection,Nalbuphine,20 mg/2 ml,ACME Laboratories Ltd.,"2 ml ampoule: ৳ 100.30,(5's pack: ৳ 501.50),",(5's pack: ৳ 501.50)
10677,Nalphin,allopathic,nalphinimiv-injection10-mgml,IM/IV Injection,Nalbuphine,10 mg/ml,ACME Laboratories Ltd.,"1 ml ampoule: ৳ 54.36,(5's pack: ৳ 271.80),",(5's pack: ৳ 271.80)
15548,Nalitrum,allopathic,nalitrumoral-suspension300-mg5-ml,Oral Suspension,Nalidixic Acid,300 mg/5 ml,Salton Pharmaceuticals Ltd.,50 ml bottle: ৳ 30.00,
24619,Nalipsy,allopathic,nalipsytablet200-mg,Tablet,Sodium Valproate,200 mg,Drug International Ltd.,"Unit Price: ৳ 3.00,(100's pack: ৳ 300.00),",(100's pack: ৳ 300.00)
15545,Naligram,allopathic,naligramoral-suspension300-mg5-ml,Oral Suspension,Nalidixic Acid,300 mg/5 ml,ACME Laboratories Ltd.,"50 ml bottle: ৳ 43.13,100 ml bottle: ৳ 86.36",
15544,Naligram,allopathic,naligramtablet500-mg,Tablet,Nalidixic Acid,500 mg,ACME Laboratories Ltd.,"Unit Price: ৳ 4.89,(100's pack: ৳ 489.00),",(100's pack: ৳ 489.00)
15541,Nalidixin,allopathic,nalidixinoral-suspension300-mg5-ml,Oral Suspension,Nalidixic Acid,300 mg/5 ml,Pharmadesh Laboratories Ltd.,50 ml bottle: ৳ 30.75,
15540,Nalidixin,allopathic,nalidixintablet500-mg,Tablet,Nalidixic Acid,500 mg,Pharmadesh Laboratories Ltd.,"Unit Price: ৳ 4.67,(50's pack: ৳ 233.50),",(50's pack: ৳ 233.50)
15539,Nalidex,allopathic,nalidexoral-suspension250-mg5-ml,Oral Suspension,Nalidixic Acid,250 mg/5 ml,Ambee Pharmaceuticals Ltd.,50 ml bottle: ৳ 30.44,
10452,Napa,allopathic,napatablet500-mg,Tablet,Paracetamol,500 mg,Beximco Pharmaceuticals Ltd.,"Unit Price: ৳ 1.20,(510's pack: ৳ 612.00),",(510's pack: ৳ 612.00)
22724,Nandron,allopathic,nandronim-injection25-mgml,IM Injection,Nandrolone Phenylpropionate,25 mg/ml,Renata Limited,"1 ml ampoule: ৳ 75.00,(5's pack: ৳ 375.00),",(5's pack: ৳ 375.00)
5949,Nandron,allopathic,nandronim-injection50-mgml,IM Injection,Nandrolone Decanoate,50 mg/ml,Renata Limited,1 ml ampoule: ৳ 195.00,
11428,NAN,allopathic,nantablet500-mg,Tablet,Naproxen Sodium,500 mg,Reliance Pharmaceuticals Ltd.,"Unit Price: ৳ 7.73,(50's pack: ৳ 386.50),",(50's pack: ৳ 386.50)
15538,Nalidex,allopathic,nalidextablet500-mg,Tablet,Nalidixic Acid,500 mg,Ambee Pharmaceuticals Ltd.,"Unit Price: ৳ 4.07,(100's pack: ৳ 406.85),",(100's pack: ৳ 406.85)
15543,Nalid,allopathic,nalidoral-suspension300-mg5-ml,Oral Suspension,Nalidixic Acid,300 mg/5 ml,Square Pharmaceuticals Ltd.,50 ml bottle: ৳ 41.86,
14546,Nalepsin,allopathic,nalepsiniv-infusion4-gm100-ml,IV Infusion,Magnesium Sulfate Heptahydrate,4 gm/100 ml,Beximco Pharmaceuticals Ltd.,100 ml bottle: ৳ 70.80,
32312,Nalbutin,allopathic,nalbutinimiv-injection20-mg2-ml,IM/IV Injection,Nalbuphine,20 mg/2 ml,ACI Limited,"2 ml ampoule: ৳ 100.30,(5's pack: ৳ 501.50),",(5's pack: ৳ 501.50)
10676,Nalbutin,allopathic,nalbutinimiv-injection10-mgml,IM/IV Injection,Nalbuphine,10 mg/ml,ACI Limited,"1 ml ampoule: ৳ 60.18,(5's pack: ৳ 300.90),",(5's pack: ৳ 300.90)
22701,Nalbun DS,allopathic,nalbun-dsimiv-injection20-mgml,IM/IV Injection,Nalbuphine,20 mg/ml,Incepta Pharmaceuticals Ltd.,1 ml ampoule: ৳ 100.00,
28275,Nalbun,allopathic,nalbunimiv-injection20-mg2-ml,IM/IV Injection,Nalbuphine,20 mg/2 ml,Incepta Pharmaceuticals Ltd.,"2 ml ampoule: ৳ 100.00,(5's pack: ৳ 500.00),",(5's pack: ৳ 500.00)
10675,Nalbun,allopathic,nalbunimiv-injection10-mgml,IM/IV Injection,Nalbuphine,10 mg/ml,Incepta Pharmaceuticals Ltd.,"1 ml ampoule: ৳ 60.00,(5's pack: ৳ 300.00),",(5's pack: ৳ 300.00)
11427,Naid,allopathic,naidtablet500-mg,Tablet,Naproxen Sodium,500 mg,Pacific Pharmaceuticals Ltd.,"Unit Price: ৳ 7.52,(50's pack: ৳ 376.00),",(50's pack: ৳ 376.00)
11426,Naid,allopathic,naidtablet250-mg,Tablet,Naproxen Sodium,250 mg,Pacific Pharmaceuticals Ltd.,"Unit Price: ৳ 4.00,(50's pack: ৳ 200.00),",(50's pack: ৳ 200.00)
17081,Naphen,allopathic,naphenophthalmic-solution002503,Ophthalmic Solution,Naphazoline + Pheniramine,0.025%+0.3%,Techno Drugs Ltd.,10 ml drop: ৳ 70.00,
16008,Naphalon,allopathic,naphalonophthalmic-solution0005002,Ophthalmic Solution,Naphazoline + Zinc Sulfate,0.005%+0.02%,Reman Drug Laboratories Ltd.,10 ml drop: ৳ 80.00,
12751,Napguard,allopathic,napguardointment40,Ointment,Zinc Oxide,40%,Incepta Pharmaceuticals Ltd.,25 gm tube: ৳ 50.00,
31136,Napgin Plus,allopathic,napgin-plustablet-delayed-release500-mg20-mg,Tablet (Delayed Release),Naproxen Sodium + Esomeprazole Magnesium,500 mg+20 mg,Biopharma Laboratories Ltd.,"Unit Price: ৳ 10.00,(30's pack: ৳ 300.00),",(30's pack: ৳ 300.00)
28928,Napgin,allopathic,napgintablet500-mg,Tablet,Naproxen Sodium,500 mg,Biopharma Laboratories Ltd.,"Unit Price: ৳ 7.00,(50's pack: ৳ 350.00),",(50's pack: ৳ 350.00)
11594,Napexa,allopathic,napexatablet-delayed-release500-mg20-mg,Tablet (Delayed Release),Naproxen Sodium + Esomeprazole Magnesium,500 mg+20 mg,UniMed UniHealth,"Unit Price: ৳ 16.00,(28's pack: ৳ 448.00),",(28's pack: ৳ 448.00)
11593,Napexa,allopathic,napexatablet-delayed-release375-mg20-mg,Tablet (Delayed Release),Naproxen Sodium + Esomeprazole Magnesium,375 mg+20 mg,UniMed UniHealth,"Unit Price: ৳ 12.00,(28's pack: ৳ 336.00),",(28's pack: ৳ 336.00)
17080,Napcon,allopathic,napconophthalmic-solution002503,Ophthalmic Solution,Naphazoline + Pheniramine,0.025%+0.3%,ACI Limited,10 ml drop: ৳ 70.00,
11535,Napasin,allopathic,napasintablet250-mg,Tablet,Naproxen Sodium,250 mg,Skylab Pharmaceuticals Ltd.,"Unit Price: ৳ 4.20,(50's pack: ৳ 210.00),",(50's pack: ৳ 210.00)
10768,NapaDol,allopathic,napadoltablet325-mg375-mg,Tablet,Paracetamol + Tramadol Hydrochloride,325 mg+37.5 mg,Beximco Pharmaceuticals Ltd.,"Unit Price: ৳ 8.00,(30's pack: ৳ 240.00),,Unit Price: ৳ 8.00,(48's pack: ৳ 384.00),","(30's pack: ৳ 240.00),(48's pack: ৳ 384.00)"
23405,Napa Rapid,allopathic,napa-rapidtablet500-mg,Tablet,Paracetamol,500 mg,Beximco Pharmaceuticals Ltd.,"Unit Price: ৳ 1.30,(270's pack: ৳ 351.00),",(270's pack: ৳ 351.00)
28639,Napa One,allopathic,napa-onetablet1000-mg,Tablet,Paracetamol,1000 mg,Beximco Pharmaceuticals Ltd.,"Unit Price: ৳ 2.25,(200's pack: ৳ 450.00),",(200's pack: ৳ 450.00)
10592,Napa Extra,allopathic,napa-extratablet500-mg65-mg,Tablet,Paracetamol + Caffeine,500 mg+65 mg,Beximco Pharmaceuticals Ltd.,"Unit Price: ৳ 2.49,(240's pack: ৳ 598.70),",(240's pack: ৳ 598.70)
10454,Napa Extend,allopathic,napa-extendtablet-extended-release665-mg,Tablet (Extended Release),Paracetamol,665 mg,Beximco Pharmaceuticals Ltd.,"Unit Price: ৳ 2.00,(120's pack: ৳ 240.00),",(120's pack: ৳ 240.00)
28439,Napa,allopathic,napasyrup120-mg5-ml,Syrup,Paracetamol,120 mg/5 ml,Beximco Pharmaceuticals Ltd.,"60 ml bottle: ৳ 35.00,100 ml bottle: ৳ 50.00",
23402,Napa,allopathic,napasuppository500-mg,Suppository,Paracetamol,500 mg,Beximco Pharmaceuticals Ltd.,"Unit Price: ৳ 8.00,(20's pack: ৳ 160.00),",(20's pack: ৳ 160.00)
27870,Napren,allopathic,naprentablet500-mg,Tablet,Naproxen Sodium,500 mg,Alco Pharma Ltd.,"Unit Price: ৳ 9.03,(30's pack: ৳ 270.89),",(30's pack: ৳ 270.89)
27869,Napren,allopathic,naprentablet250-mg,Tablet,Naproxen Sodium,250 mg,Alco Pharma Ltd.,"Unit Price: ৳ 5.02,(30's pack: ৳ 150.59),",(30's pack: ৳ 150.59)
22738,Napoxol,allopathic,napoxoltablet500-mg,Tablet,Naproxen Sodium,500 mg,Centeon Pharma Ltd.,"Unit Price: ৳ 15.00,(30's pack: ৳ 450.00),",(30's pack: ৳ 450.00)
11434,Napoxen,allopathic,napoxentablet500-mg,Tablet,Naproxen Sodium,500 mg,Edruc Limited,"Unit Price: ৳ 7.00,(30's pack: ৳ 210.00),",(30's pack: ৳ 210.00)
11433,Napoxen,allopathic,napoxentablet250-mg,Tablet,Naproxen Sodium,250 mg,Edruc Limited,"Unit Price: ৳ 4.00,(50's pack: ৳ 200.00),",(50's pack: ৳ 200.00)
11432,Napix,allopathic,napixtablet500-mg,Tablet,Naproxen Sodium,500 mg,Modern Pharmaceuticals Ltd.,"Unit Price: ৳ 7.00,(20's pack: ৳ 140.00),",(20's pack: ৳ 140.00)
11431,Napium,allopathic,napiumtablet500-mg,Tablet,Naproxen Sodium,500 mg,Kumudini Pharma Ltd.,"Unit Price: ৳ 7.00,(30's pack: ৳ 210.00),",(30's pack: ৳ 210.00)
11430,Napium,allopathic,napiumtablet250-mg,Tablet,Naproxen Sodium,250 mg,Kumudini Pharma Ltd.,"Unit Price: ৳ 4.00,(50's pack: ৳ 200.00),",(50's pack: ৳ 200.00)
11429,Napier,allopathic,napiertablet500-mg,Tablet,Naproxen Sodium,500 mg,Concord Pharmaceuticals Ltd.,"Unit Price: ৳ 7.02,(50's pack: ৳ 351.00),",(50's pack: ৳ 351.00)
10461,Napa,allopathic,napaiv-infusion10-mgml,IV Infusion,Paracetamol (IV Infusion),10 mg/ml,Beximco Pharmaceuticals Ltd.,100 ml bottle: ৳ 150.00,
10460,Napa,allopathic,napasuppository250-mg,Suppository,Paracetamol,250 mg,Beximco Pharmaceuticals Ltd.,"Unit Price: ৳ 5.00,(20's pack: ৳ 100.00),",(20's pack: ৳ 100.00)
10459,Napa,allopathic,napasuppository125-mg,Suppository,Paracetamol,125 mg,Beximco Pharmaceuticals Ltd.,"Unit Price: ৳ 4.00,(20's pack: ৳ 80.00),",(20's pack: ৳ 80.00)
10457,Napa,allopathic,napapediatric-drops80-mgml,Pediatric Drops,Paracetamol,80 mg/ml,Beximco Pharmaceuticals Ltd.,15 ml bottle: ৳ 20.00,
10456,Napa,allopathic,napaoral-suspension120-mg5-ml,Oral Suspension,Paracetamol,120 mg/5 ml,Beximco Pharmaceuticals Ltd.,60 ml bottle: ৳ 35.00,
11554,Naprosyn Plus,allopathic,naprosyn-plustablet-delayed-release500-mg20-mg,Tablet (Delayed Release),Naproxen Sodium + Esomeprazole Magnesium,500 mg+20 mg,Radiant Pharmaceuticals Ltd.,"Unit Price: ৳ 20.06,(40's pack: ৳ 802.40),",(40's pack: ৳ 802.40)
11553,Naprosyn Plus,allopathic,naprosyn-plustablet-delayed-release375-mg20-mg,Tablet (Delayed Release),Naproxen Sodium + Esomeprazole Magnesium,375 mg+20 mg,Radiant Pharmaceuticals Ltd.,"Unit Price: ৳ 16.05,(50's pack: ৳ 802.50),",(50's pack: ৳ 802.50)
11448,Naprosyn,allopathic,naprosynoral-suspension125-mg5-ml,Oral Suspension,Naproxen Sodium,125 mg/5 ml,Radiant Pharmaceuticals Ltd.,50 ml bottle: ৳ 120.36,
11447,Naprosyn,allopathic,naprosyntablet500-mg,Tablet,Naproxen Sodium,500 mg,Radiant Pharmaceuticals Ltd.,"Unit Price: ৳ 15.04,(50's pack: ৳ 752.00),",(50's pack: ৳ 752.00)
11446,Naprosyn,allopathic,naprosyntablet250-mg,Tablet,Naproxen Sodium,250 mg,Radiant Pharmaceuticals Ltd.,"Unit Price: ৳ 8.02,(50's pack: ৳ 401.00),",(50's pack: ৳ 401.00)
11445,Naproson,allopathic,naprosontablet500-mg,Tablet,Naproxen Sodium,500 mg,Jayson Pharmaceuticals Ltd.,"Unit Price: ৳ 7.06,(30's pack: ৳ 211.80),",(30's pack: ৳ 211.80)
11444,Naproson,allopathic,naprosontablet250-mg,Tablet,Naproxen Sodium,250 mg,Jayson Pharmaceuticals Ltd.,"Unit Price: ৳ 4.07,(50's pack: ৳ 203.50),",(50's pack: ৳ 203.50)
11443,Napropain,allopathic,napropaintablet500-mg,Tablet,Naproxen Sodium,500 mg,Jenphar Bangladesh Ltd.,"Unit Price: ৳ 8.00,(30's pack: ৳ 240.00),",(30's pack: ৳ 240.00)
11442,Napropain,allopathic,napropaintablet250-mg,Tablet,Naproxen Sodium,250 mg,Jenphar Bangladesh Ltd.,"Unit Price: ৳ 6.00,(50's pack: ৳ 300.00),",(50's pack: ৳ 300.00)
11600,Napronil Plus,allopathic,napronil-plustablet-delayed-release500-mg20-mg,Tablet (Delayed Release),Naproxen Sodium + Esomeprazole Magnesium,500 mg+20 mg,Pharmasia Limited,"Unit Price: ৳ 10.00,(28's pack: ৳ 280.00),,Unit Price: ৳ 10.00,(30's pack: ৳ 300.00),","(28's pack: ৳ 280.00),(30's pack: ৳ 300.00)"
11599,Napronil Plus,allopathic,napronil-plustablet-delayed-release375-mg20-mg,Tablet (Delayed Release),Naproxen Sodium + Esomeprazole Magnesium,375 mg+20 mg,Pharmasia Limited,"Unit Price: ৳ 8.00,(28's pack: ৳ 224.00),,Unit Price: ৳ 8.00,(30's pack: ৳ 240.00),","(28's pack: ৳ 224.00),(30's pack: ৳ 240.00)"
11441,Napronil,allopathic,naproniltablet500-mg,Tablet,Naproxen Sodium,500 mg,Pharmasia Limited,"Unit Price: ৳ 7.00,(30's pack: ৳ 210.00),",(30's pack: ৳ 210.00)
13663,Napronex,allopathic,napronextablet-delayed-release500-mg20-mg,Tablet (Delayed Release),Naproxen Sodium + Esomeprazole Magnesium,500 mg+20 mg,Apex Pharmaceuticals Ltd.,"Unit Price: ৳ 10.00,(30's pack: ৳ 300.00),",(30's pack: ৳ 300.00)
13447,Napronex,allopathic,napronextablet-delayed-release375-mg20-mg,Tablet (Delayed Release),Naproxen Sodium + Esomeprazole Magnesium,375 mg+20 mg,Apex Pharmaceuticals Ltd.,"Unit Price: ৳ 8.00,(30's pack: ৳ 240.00),",(30's pack: ৳ 240.00)
11552,Naproflex,allopathic,naproflextablet-delayed-release500-mg20-mg,Tablet (Delayed Release),Naproxen Sodium + Esomeprazole Magnesium,500 mg+20 mg,Somatec Pharmaceuticals Ltd.,"Unit Price: ৳ 10.00,(32's pack: ৳ 320.00),",(32's pack: ৳ 320.00)
11551,Naproflex,allopathic,naproflextablet-delayed-release375-mg20-mg,Tablet (Delayed Release),Naproxen Sodium + Esomeprazole Magnesium,375 mg+20 mg,Somatec Pharmaceuticals Ltd.,"Unit Price: ৳ 8.00,(32's pack: ৳ 256.00),",(32's pack: ৳ 256.00)
11449,Naprox,allopathic,naproxtablet250-mg,Tablet,Naproxen Sodium,250 mg,Eskayef Pharmaceuticals Ltd.,"Unit Price: ৳ 7.00,(50's pack: ৳ 350.00),",(50's pack: ৳ 350.00)
11556,Naprotec,allopathic,naprotectablet-delayed-release500-mg20-mg,Tablet (Delayed Release),Naproxen Sodium + Esomeprazole Magnesium,500 mg+20 mg,Sharif Pharmaceuticals Ltd.,"Unit Price: ৳ 12.00,(30's pack: ৳ 360.00),",(30's pack: ৳ 360.00)
11555,Naprotec,allopathic,naprotectablet-delayed-release375-mg20-mg,Tablet (Delayed Release),Naproxen Sodium + Esomeprazole Magnesium,375 mg+20 mg,Sharif Pharmaceuticals Ltd.,"Unit Price: ৳ 10.00,(30's pack: ৳ 300.00),",(30's pack: ৳ 300.00)
11440,Naprocid,allopathic,naprocidtablet500-mg,Tablet,Naproxen Sodium,500 mg,Gaco Pharmaceuticals Ltd.,"Unit Price: ৳ 7.02,(30's pack: ৳ 210.60),",(30's pack: ৳ 210.60)
11439,Naprocid,allopathic,naprocidtablet250-mg,Tablet,Naproxen Sodium,250 mg,Gaco Pharmaceuticals Ltd.,"Unit Price: ৳ 4.00,(30's pack: ৳ 120.00),",(30's pack: ৳ 120.00)
22779,Naproben Plus,allopathic,naproben-plustablet-delayed-release500-mg20-mg,Tablet (Delayed Release),Naproxen Sodium + Esomeprazole Magnesium,500 mg+20 mg,Benham Pharmaceuticals Ltd.,"Unit Price: ৳ 10.00,(30's pack: ৳ 300.00),",(30's pack: ৳ 300.00)
11523,Naproben,allopathic,naprobentablet500-mg,Tablet,Naproxen Sodium,500 mg,Benham Pharmaceuticals Ltd.,"Unit Price: ৳ 7.00,(30's pack: ৳ 210.00),",(30's pack: ৳ 210.00)
11550,Napro-A Plus,allopathic,napro-a-plustablet-delayed-release500-mg20-mg,Tablet (Delayed Release),Naproxen Sodium + Esomeprazole Magnesium,500 mg+20 mg,ACME Laboratories Ltd.,"Unit Price: ৳ 11.00,(30's pack: ৳ 330.00),",(30's pack: ৳ 330.00)
11549,Napro-A Plus,allopathic,napro-a-plustablet-delayed-release375-mg20-mg,Tablet (Delayed Release),Naproxen Sodium + Esomeprazole Magnesium,375 mg+20 mg,ACME Laboratories Ltd.,"Unit Price: ৳ 8.50,(30's pack: ৳ 255.00),",(30's pack: ৳ 255.00)
11438,Napro-A,allopathic,napro-atablet500-mg,Tablet,Naproxen Sodium,500 mg,ACME Laboratories Ltd.,"Unit Price: ৳ 8.00,(30's pack: ৳ 240.00),",(30's pack: ৳ 240.00)
11437,Napro-A,allopathic,napro-atablet250-mg,Tablet,Naproxen Sodium,250 mg,ACME Laboratories Ltd.,"Unit Price: ৳ 5.00,(100's pack: ৳ 500.00),",(100's pack: ৳ 500.00)
11436,Napro,allopathic,naprotablet500-mg,Tablet,Naproxen Sodium,500 mg,Aristopharma Ltd.,"Unit Price: ৳ 7.00,(30's pack: ৳ 210.00),",(30's pack: ৳ 210.00)
29079,Napreso,allopathic,napresotablet-delayed-release500-mg20-mg,Tablet (Delayed Release),Naproxen Sodium + Esomeprazole Magnesium,500 mg+20 mg,Euro Pharma Ltd.,"Unit Price: ৳ 10.00,(50's pack: ৳ 500.00),",(50's pack: ৳ 500.00)
11435,Napro,allopathic,naprotablet250-mg,Tablet,Naproxen Sodium,250 mg,Aristopharma Ltd.,"Unit Price: ৳ 4.20,(50's pack: ৳ 210.00),",(50's pack: ৳ 210.00)
11561,Napsec,allopathic,napsectablet-delayed-release375-mg20-mg,Tablet (Delayed Release),Naproxen Sodium + Esomeprazole Magnesium,375 mg+20 mg,Drug International Ltd.,"Unit Price: ৳ 8.05,(30's pack: ৳ 241.50),",(30's pack: ৳ 241.50)
32746,Napryn SR,allopathic,napryn-srtablet-sustained-release500-mg,Tablet (Sustained Release),Naproxen Sodium,500 mg,Healthcare Pharmaceuticals Ltd.,"Unit Price: ৳ 14.00,(30's pack: ৳ 420.00),",(30's pack: ৳ 420.00)
22747,Napryn,allopathic,naprynoral-suspension125-mg5-ml,Oral Suspension,Naproxen Sodium,125 mg/5 ml,Healthcare Pharmaceuticals Ltd.,50 ml bottle: ৳ 90.00,
11459,Napryn,allopathic,napryngel10-ww,Gel,Naproxen Sodium,10% w/w,Healthcare Pharmaceuticals Ltd.,15 gm tube: ৳ 70.00,
11458,Napryn,allopathic,napryntablet500-mg,Tablet,Naproxen Sodium,500 mg,Healthcare Pharmaceuticals Ltd.,"Unit Price: ৳ 11.00,(50's pack: ৳ 550.00),",(50's pack: ৳ 550.00)
11457,Napryn,allopathic,napryntablet250-mg,Tablet,Naproxen Sodium,250 mg,Healthcare Pharmaceuticals Ltd.,"Unit Price: ৳ 7.00,(50's pack: ৳ 350.00),",(50's pack: ৳ 350.00)
11602,Naprozol,allopathic,naprozoltablet-delayed-release500-mg20-mg,Tablet (Delayed Release),Naproxen Sodium + Esomeprazole Magnesium,500 mg+20 mg,General Pharmaceuticals Ltd.,"Unit Price: ৳ 10.03,(40's pack: ৳ 401.20),",(40's pack: ৳ 401.20)
11601,Naprozol,allopathic,naprozoltablet-delayed-release375-mg20-mg,Tablet (Delayed Release),Naproxen Sodium + Esomeprazole Magnesium,375 mg+20 mg,General Pharmaceuticals Ltd.,"Unit Price: ৳ 8.03,(40's pack: ৳ 321.20),",(40's pack: ৳ 321.20)
22774,Naproxzia Plus,allopathic,naproxzia-plustablet-delayed-release500-mg20-mg,Tablet (Delayed Release),Naproxen Sodium + Esomeprazole Magnesium,500 mg+20 mg,Amico Laboratories Ltd.,"Unit Price: ৳ 10.00,(30's pack: ৳ 300.00),",(30's pack: ৳ 300.00)
11456,Naproxin,allopathic,naproxintablet500-mg,Tablet,Naproxen Sodium,500 mg,Ambee Pharmaceuticals Ltd.,"Unit Price: ৳ 8.00,(30's pack: ৳ 240.12),",(30's pack: ৳ 240.12)
11455,Naproxin,allopathic,naproxintablet250-mg,Tablet,Naproxen Sodium,250 mg,Ambee Pharmaceuticals Ltd.,"Unit Price: ৳ 4.26,(30's pack: ৳ 127.65),",(30's pack: ৳ 127.65)
11470,Naproxen SR,allopathic,naproxen-srtablet-sustained-release500-mg,Tablet (Sustained Release),Naproxen Sodium,500 mg,Zenith Pharmaceuticals Ltd.,"Unit Price: ৳ 10.00,(30's pack: ৳ 300.00),",(30's pack: ৳ 300.00)
11560,Naproxen Plus,allopathic,naproxen-plustablet-delayed-release500-mg20-mg,Tablet (Delayed Release),Naproxen Sodium + Esomeprazole Magnesium,500 mg+20 mg,Zenith Pharmaceuticals Ltd.,"Unit Price: ৳ 10.00,(30's pack: ৳ 300.00),",(30's pack: ৳ 300.00)
11559,Naproxen Plus,allopathic,naproxen-plustablet-delayed-release375-mg20-mg,Tablet (Delayed Release),Naproxen Sodium + Esomeprazole Magnesium,375 mg+20 mg,Zenith Pharmaceuticals Ltd.,"Unit Price: ৳ 8.00,(30's pack: ৳ 240.00),",(30's pack: ৳ 240.00)
22746,Naproxen,allopathic,naproxentablet500-mg,Tablet,Naproxen Sodium,500 mg,Guardian Healthcare Ltd.,"Unit Price: ৳ 7.00,(50's pack: ৳ 350.00),",(50's pack: ৳ 350.00)
11502,Naproxen,allopathic,naproxentablet250-mg,Tablet,Naproxen Sodium,250 mg,Zenith Pharmaceuticals Ltd.,"Unit Price: ৳ 5.00,(30's pack: ৳ 150.00),",(30's pack: ৳ 150.00)
11564,Napxon,allopathic,napxontablet-delayed-release500-mg20-mg,Tablet (Delayed Release),Naproxen Sodium + Esomeprazole Magnesium,500 mg+20 mg,Ziska Pharmaceuticals Ltd.,"Unit Price: ৳ 13.00,(32's pack: ৳ 416.00),",(32's pack: ৳ 416.00)
11563,Napxon,allopathic,napxontablet-delayed-release375-mg20-mg,Tablet (Delayed Release),Naproxen Sodium + Esomeprazole Magnesium,375 mg+20 mg,Ziska Pharmaceuticals Ltd.,"Unit Price: ৳ 11.00,(32's pack: ৳ 352.00),",(32's pack: ৳ 352.00)
30915,Naptodin Plus,allopathic,naptodin-plustablet-delayed-release500-mg20-mg,Tablet (Delayed Release),Naproxen Sodium + Esomeprazole Magnesium,500 mg+20 mg,Desh Pharmaceuticals Ltd.,"Unit Price: ৳ 10.00,(30's pack: ৳ 300.00),",(30's pack: ৳ 300.00)
11462,Naptodin,allopathic,naptodintablet500-mg,Tablet,Naproxen Sodium,500 mg,Desh Pharmaceuticals Ltd.,"Unit Price: ৳ 9.00,(50's pack: ৳ 450.00),",(50's pack: ৳ 450.00)
11461,Napsod,allopathic,napsodtablet550-mg,Tablet,Naproxen Sodium,550 mg,UniMed UniHealth,"Unit Price: ৳ 9.00,(30's pack: ৳ 270.00),",(30's pack: ৳ 270.00)
11460,Napsod,allopathic,napsodtablet275-mg,Tablet,Naproxen Sodium,275 mg,UniMed UniHealth,"Unit Price: ৳ 5.00,(30's pack: ৳ 150.00),",(30's pack: ৳ 150.00)
11562,Napsec,allopathic,napsectablet-delayed-release500-mg20-mg,Tablet (Delayed Release),Naproxen Sodium + Esomeprazole Magnesium,500 mg+20 mg,Drug International Ltd.,"Unit Price: ৳ 10.05,(30's pack: ৳ 301.50),",(30's pack: ৳ 301.50)
11454,Naproxen,allopathic,naproxentablet500-mg,Tablet,Naproxen Sodium,500 mg,Organic Health Care Ltd.,"Unit Price: ৳ 7.02,(30's pack: ৳ 210.60),",(30's pack: ৳ 210.60)
11453,Naproxen,allopathic,naproxentablet500-mg,Tablet,Naproxen Sodium,500 mg,Amico Laboratories Ltd.,"Unit Price: ৳ 10.22,(30's pack: ৳ 306.70),",(30's pack: ৳ 306.70)
11558,Naprox Plus,allopathic,naprox-plustablet-delayed-release500-mg20-mg,Tablet (Delayed Release),Naproxen Sodium + Esomeprazole Magnesium,500 mg+20 mg,Eskayef Pharmaceuticals Ltd.,"Unit Price: ৳ 13.00,(40's pack: ৳ 520.00),",(40's pack: ৳ 520.00)
11557,Naprox Plus,allopathic,naprox-plustablet-delayed-release375-mg20-mg,Tablet (Delayed Release),Naproxen Sodium + Esomeprazole Magnesium,375 mg+20 mg,Eskayef Pharmaceuticals Ltd.,"Unit Price: ৳ 11.00,(30's pack: ৳ 330.00),",(30's pack: ৳ 330.00)
11452,Naprox,allopathic,naproxgel10-ww,Gel,Naproxen Sodium,10% w/w,Eskayef Pharmaceuticals Ltd.,15 gm tube: ৳ 70.00,
11451,Naprox,allopathic,naproxoral-suspension125-mg5-ml,Oral Suspension,Naproxen Sodium,125 mg/5 ml,Eskayef Pharmaceuticals Ltd.,50 ml bottle: ৳ 70.00,
11450,Naprox,allopathic,naproxtablet500-mg,Tablet,Naproxen Sodium,500 mg,Eskayef Pharmaceuticals Ltd.,"Unit Price: ৳ 11.00,(50's pack: ৳ 550.00),",(50's pack: ৳ 550.00)
29024,Natfol,allopathic,natfoltablet5-mg,Tablet,Calcium Folinate [Folinic Acid],5 mg,Somatec Pharmaceuticals Ltd.,"Unit Price: ৳ 9.00,(30's pack: ৳ 270.00),",(30's pack: ৳ 270.00)
27016,Natcal DX,allopathic,natcal-dxtablet600-mg400-iu,Tablet,Calcium Carbonate [Coral source] + Vitamin D3,600 mg+400 IU,Jenphar Bangladesh Ltd.,"Unit Price: ৳ 15.00,(30's pack: ৳ 450.00),",(30's pack: ৳ 450.00)
16292,Natazol,allopathic,natazolnasal-drop0025,Nasal Drop,Oxymetazoline Hydrochloride (Nasal Preparation),0.03%,Ibn Sina Pharmaceuticals Ltd.,10 ml drop: ৳ 40.00,
16286,Natazol,allopathic,natazolnasal-drop005,Nasal Drop,Oxymetazoline Hydrochloride (Nasal Preparation),0.05%,Ibn Sina Pharmaceuticals Ltd.,10 ml drop: ৳ 45.00,
27421,Natavit TR,allopathic,natavit-trcapsule-timed-release,Capsule (Timed Release),Iron + Folic acid + Vitamin B complex + Vitamin C,,Jayson Pharmaceuticals Ltd.,"Unit Price: ৳ 3.01,(30's pack: ৳ 90.30),",(30's pack: ৳ 90.30)
15714,Natapro,allopathic,nataproophthalmic-suspension5,Ophthalmic Suspension,Natamycin,5%,Popular Pharmaceuticals Ltd.,5 ml drop: ৳ 100.00,
14166,Natal-16,allopathic,natal-16tablet,Tablet,Multivitamin & Multimineral [For nursing mother],,Opsonin Pharma Ltd.,"Unit Price: ৳ 3.01,(30's pack: ৳ 90.30),",(30's pack: ৳ 90.30)
22805,Natagen,allopathic,natagenophthalmic-suspension5,Ophthalmic Suspension,Natamycin,5%,General Pharmaceuticals Ltd.,5 ml drop: ৳ 100.00,
15713,Natadrop,allopathic,natadropophthalmic-suspension5,Ophthalmic Suspension,Natamycin,5%,Reman Drug Laboratories Ltd.,5 ml drop: ৳ 100.00,
15712,Natacin,allopathic,natacinophthalmic-suspension5,Ophthalmic Suspension,Natamycin,5%,Gaco Pharmaceuticals Ltd.,5 ml drop: ৳ 80.24,
26477,Naspro Plus,allopathic,naspro-plustablet-delayed-release500-mg20-mg,Tablet (Delayed Release),Naproxen Sodium + Esomeprazole Magnesium,500 mg+20 mg,Popular Pharmaceuticals Ltd.,"Unit Price: ৳ 10.00,(30's pack: ৳ 300.00),",(30's pack: ৳ 300.00)
26476,Naspro Plus,allopathic,naspro-plustablet-delayed-release375-mg20-mg,Tablet (Delayed Release),Naproxen Sodium + Esomeprazole Magnesium,375 mg+20 mg,Popular Pharmaceuticals Ltd.,"Unit Price: ৳ 8.00,(30's pack: ৳ 240.00),",(30's pack: ৳ 240.00)
11465,Naspro,allopathic,nasprotablet500-mg,Tablet,Naproxen Sodium,500 mg,Popular Pharmaceuticals Ltd.,"Unit Price: ৳ 9.03,(30's pack: ৳ 270.90),",(30's pack: ৳ 270.90)
11464,Naspro,allopathic,nasprotablet250-mg,Tablet,Naproxen Sodium,250 mg,Popular Pharmaceuticals Ltd.,"Unit Price: ৳ 5.02,(50's pack: ৳ 251.00),",(50's pack: ৳ 251.00)
11463,Nasox,allopathic,nasoxtablet500-mg,Tablet,Naproxen Sodium,500 mg,Seema Pharmaceuticals Ltd.,"Unit Price: ৳ 3.88,(20's pack: ৳ 77.52),",(20's pack: ৳ 77.52)
11566,Nasopain,allopathic,nasopaintablet-delayed-release500-mg20-mg,Tablet (Delayed Release),Naproxen Sodium + Esomeprazole Magnesium,500 mg+20 mg,Jenphar Bangladesh Ltd.,"Unit Price: ৳ 15.00,(30's pack: ৳ 450.00),",(30's pack: ৳ 450.00)
4713,Naurif,allopathic,nauriftablet1-mg,Tablet,Granisetron,1 mg,Square Pharmaceuticals Ltd.,"Unit Price: ৳ 28.19,(20's pack: ৳ 563.80),",(20's pack: ৳ 563.80)
32169,Natrixam,allopathic,natrixamtablet-modified-release15-mg5-mg,Tablet (Modified Release),Indapamide + Amlodipine,1.5 mg+5 mg,Servier Bangladesh Operation,"Unit Price: ৳ 15.00,(30's pack: ৳ 450.00),",(30's pack: ৳ 450.00)
2825,Natrilix SR,allopathic,natrilix-srtablet-sustained-release15-mg,Tablet (Sustained Release),Indapamide,1.5 mg,Servier Bangladesh Operation,"Unit Price: ৳ 9.03,(30's pack: ৳ 270.90),",(30's pack: ৳ 270.90)
15715,Natoph,allopathic,natophophthalmic-suspension5,Ophthalmic Suspension,Natamycin,5%,Ibn Sina Pharmaceuticals Ltd.,5 ml drop: ৳ 100.00,
11565,Nasopain,allopathic,nasopaintablet-delayed-release375-mg20-mg,Tablet (Delayed Release),Naproxen Sodium + Esomeprazole Magnesium,375 mg+20 mg,Jenphar Bangladesh Ltd.,"Unit Price: ৳ 12.00,(30's pack: ৳ 360.00),",(30's pack: ৳ 360.00)
3886,Nasonex,allopathic,nasonexnasal-spray50-mcgspray,Nasal Spray,Mometasone Furoate (Nasal Spray),50 mcg/spray,Opsonin Pharma Ltd.,120 metered sprays: ৳ 250.00,
3885,Nasomet,allopathic,nasometnasal-spray50-mcgspray,Nasal Spray,Mometasone Furoate (Nasal Spray),50 mcg/spray,Beximco Pharmaceuticals Ltd.,120 metered sprays: ৳ 250.00,
32480,Nasogurd,allopathic,nasogurdnasal-spray275-mcgspray,Nasal Spray,Fluticasone Furoate,27.5 mcg/spray,Eskayef Pharmaceuticals Ltd.,120 metered sprays: ৳ 250.00,
3697,Nasochrom,allopathic,nasochromophthalmic-solution2,Ophthalmic Solution,Sodium Cromoglicate [2%],2%,Drug International Ltd.,10 ml drop: ৳ 60.20,
11045,Nasida SR,allopathic,nasida-srcapsule-sustained-release100-mg,Capsule (Sustained Release),Diclofenac Sodium,100 mg,Delta Pharma Ltd.,"Unit Price: ৳ 2.50,(100's pack: ৳ 250.00),",(100's pack: ৳ 250.00)
16275,Nasalox,allopathic,nasaloxnasal-drop0025,Nasal Drop,Oxymetazoline Hydrochloride (Nasal Preparation),0.03%,General Pharmaceuticals Ltd.,10 ml drop: ৳ 40.11,
16274,Nasalox,allopathic,nasaloxnasal-drop005,Nasal Drop,Oxymetazoline Hydrochloride (Nasal Preparation),0.05%,General Pharmaceuticals Ltd.,10 ml drop: ৳ 45.13,
32768,Napxon-P,allopathic,napxon-ptablet500-mg,Tablet,Naproxen Sodium,500 mg,Ziska Pharmaceuticals Ltd.,"Unit Price: ৳ 8.00,(30's pack: ৳ 240.00),",(30's pack: ৳ 240.00)
32767,Napxon-P,allopathic,napxon-ptablet250-mg,Tablet,Naproxen Sodium,250 mg,Ziska Pharmaceuticals Ltd.,"Unit Price: ৳ 4.50,(50's pack: ৳ 225.00),",(50's pack: ৳ 225.00)
29767,Naxin,allopathic,naxingel10-ww,Gel,Naproxen Sodium,10% w/w,Opsonin Pharma Ltd.,30 gm tube: ৳ 116.00,
11467,Naxin,allopathic,naxintablet500-mg,Tablet,Naproxen Sodium,500 mg,Opsonin Pharma Ltd.,"Unit Price: ৳ 9.03,(30's pack: ৳ 270.90),",(30's pack: ৳ 270.90)
11466,Naxin,allopathic,naxintablet250-mg,Tablet,Naproxen Sodium,250 mg,Opsonin Pharma Ltd.,"Unit Price: ৳ 5.02,(50's pack: ৳ 251.00),",(50's pack: ৳ 251.00)
4108,Naxcel,allopathic,naxcelsyrup4-mg5-ml,Syrup,Bromhexine Hydrochloride,4 mg/5 ml,Kumudini Pharma Ltd.,100 ml bottle: ৳ 40.00,
11527,Nax-N,allopathic,nax-ntablet500-mg,Tablet,Naproxen Sodium,500 mg,Novus Pharmaceuticals Ltd.,"Unit Price: ৳ 7.00,(30's pack: ৳ 210.00),",(30's pack: ৳ 210.00)
11526,Nax-N,allopathic,nax-ntablet250-mg,Tablet,Naproxen Sodium,250 mg,Novus Pharmaceuticals Ltd.,"Unit Price: ৳ 4.00,(50's pack: ৳ 200.00),",(50's pack: ৳ 200.00)
22796,Nax Plus,allopathic,nax-plustablet-delayed-release500-mg20-mg,Tablet (Delayed Release),Naproxen Sodium + Esomeprazole Magnesium,500 mg+20 mg,Premier Pharmaceuticals Ltd.,"Unit Price: ৳ 10.00,(30's pack: ৳ 300.00),",(30's pack: ৳ 300.00)
3291,Navix Plus,allopathic,navix-plustablet75-mg75-mg,Tablet,Clopidogrel + Aspirin,75 mg+75 mg,Navana Pharmaceuticals Ltd.,"Unit Price: ৳ 12.80,(30's pack: ৳ 384.00),",(30's pack: ৳ 384.00)
3245,Navix,allopathic,navixtablet75-mg,Tablet,Clopidogrel Bisulphate,75 mg,Navana Pharmaceuticals Ltd.,"Unit Price: ৳ 11.00,(30's pack: ৳ 330.00),",(30's pack: ৳ 330.00)
32683,Naviscon,allopathic,navisconoral-suspension500-mg267-mg160-mg10-ml,Oral Suspension,Sodium Alginate + Sodium Bicarbonate + Calcium Carbonate,(500 mg+267 mg+160 mg)/10 ml,Navana Pharmaceuticals Ltd.,200 ml bottle: ৳ 250.00,
6609,Navamox,allopathic,navamoxpowder-for-suspension125-mg5-ml,Powder for Suspension,Amoxicillin Trihydrate,125 mg/5 ml,Navana Pharmaceuticals Ltd.,100 ml bottle: ৳ 47.14,
6608,Navamox,allopathic,navamoxcapsule500-mg,Capsule,Amoxicillin Trihydrate,500 mg,Navana Pharmaceuticals Ltd.,"Unit Price: ৳ 6.78,(50's pack: ৳ 338.82),",(50's pack: ৳ 338.82)
6607,Navamox,allopathic,navamoxcapsule250-mg,Capsule,Amoxicillin Trihydrate,250 mg,Navana Pharmaceuticals Ltd.,"Unit Price: ৳ 3.52,(100's pack: ৳ 352.14),",(100's pack: ৳ 352.14)
30799,Navalexin,allopathic,navalexinpowder-for-suspension125-mg5-ml,Powder for Suspension,Cephalexin,125 mg/5 ml,Navana Pharmaceuticals Ltd.,100 ml bottle: ৳ 80.00,
30798,Navalexin,allopathic,navalexincapsule500-mg,Capsule,Cephalexin,500 mg,Navana Pharmaceuticals Ltd.,"Unit Price: ৳ 9.00,(50's pack: ৳ 450.00),",(50's pack: ৳ 450.00)
30797,Navalexin,allopathic,navalexincapsule250-mg,Capsule,Cephalexin,250 mg,Navana Pharmaceuticals Ltd.,"Unit Price: ৳ 5.00,(100's pack: ৳ 500.00),",(100's pack: ৳ 500.00)
31488,Naxsil,allopathic,naxsiltablet500-mg,Tablet,Naproxen Sodium,500 mg,Silco Pharmaceutical Ltd.,"Unit Price: ৳ 7.00,(30's pack: ৳ 210.00),",(30's pack: ৳ 210.00)
11469,Naxo,allopathic,naxotablet500-mg,Tablet,Naproxen Sodium,500 mg,Navana Pharmaceuticals Ltd.,"Unit Price: ৳ 8.03,(50's pack: ৳ 401.51),",(50's pack: ৳ 401.51)
11468,Naxo,allopathic,naxotablet250-mg,Tablet,Naproxen Sodium,250 mg,Navana Pharmaceuticals Ltd.,"Unit Price: ৳ 4.02,(50's pack: ৳ 200.76),",(50's pack: ৳ 200.76)
22756,Naxin SR,allopathic,naxin-srtablet-sustained-release500-mg,Tablet (Sustained Release),Naproxen Sodium,500 mg,Opsonin Pharma Ltd.,"Unit Price: ৳ 14.05,(30's pack: ৳ 421.50),",(30's pack: ৳ 421.50)
27778,Navafil,allopathic,navafiltablet100-mg,Tablet,Avanafil,100 mg,Delta Pharma Ltd.,"Unit Price: ৳ 60.00,(8's pack: ৳ 480.00),",(8's pack: ৳ 480.00)
27777,Navafil,allopathic,navafiltablet50-mg,Tablet,Avanafil,50 mg,Delta Pharma Ltd.,"Unit Price: ৳ 50.00,(8's pack: ৳ 400.00),",(8's pack: ৳ 400.00)
7129,Navacef,allopathic,navacefpediatric-drops125-mg125-ml,Pediatric Drops,Cefaclor Monohydrate,125 mg/1.25 ml,Navana Pharmaceuticals Ltd.,15 ml bottle: ৳ 125.82,
7128,Navacef,allopathic,navacefpowder-for-suspension125-mg5-ml,Powder for Suspension,Cefaclor Monohydrate,125 mg/5 ml,Navana Pharmaceuticals Ltd.,"60 ml bottle: ৳ 130.87,100 ml bottle: ৳ 190.27",
7127,Navacef,allopathic,navacefcapsule500-mg,Capsule,Cefaclor Monohydrate,500 mg,Navana Pharmaceuticals Ltd.,"Unit Price: ৳ 40.26,(24's pack: ৳ 966.24),",(24's pack: ৳ 966.24)
7126,Navacef,allopathic,navacefcapsule250-mg,Capsule,Cefaclor Monohydrate,250 mg,Navana Pharmaceuticals Ltd.,"Unit Price: ৳ 21.13,(24's pack: ৳ 507.14),",(24's pack: ৳ 507.14)
23165,Nauset,allopathic,nausetimiv-injection8-mg4-ml,IM/IV Injection,Ondansetron,8 mg/4 ml,Navana Pharmaceuticals Ltd.,"4 ml ampoule: ৳ 30.10,(5's pack: ৳ 150.48),",(5's pack: ৳ 150.48)
23164,Nauset,allopathic,nausettablet8-mg,Tablet,Ondansetron,8 mg,Navana Pharmaceuticals Ltd.,"Unit Price: ৳ 10.03,(30's pack: ৳ 300.93),",(30's pack: ৳ 300.93)
23163,Nauset,allopathic,nausetoral-solution4-mg5-ml,Oral Solution,Ondansetron,4 mg/5 ml,Navana Pharmaceuticals Ltd.,50 ml bottle: ৳ 45.13,
4714,Naurif,allopathic,naurifinjection1-mgml,Injection,Granisetron,1 mg/ml,Square Pharmaceuticals Ltd.,"1 ml ampoule: ৳ 48.33,(5's pack: ৳ 241.65),",(5's pack: ৳ 241.65)
30144,Nebiren,allopathic,nebirentablet25-mg,Tablet,Nebivolol Hydrochloride,2.5 mg,Renata Limited,"Unit Price: ৳ 5.00,(30's pack: ৳ 150.00),",(30's pack: ৳ 150.00)
26575,Nebipres,allopathic,nebiprestablet5-mg,Tablet,Nebivolol Hydrochloride,5 mg,General Pharmaceuticals Ltd.,"Unit Price: ৳ 12.01,(30's pack: ৳ 360.18),",(30's pack: ৳ 360.18)
26574,Nebipres,allopathic,nebiprestablet25-mg,Tablet,Nebivolol Hydrochloride,2.5 mg,General Pharmaceuticals Ltd.,"Unit Price: ৳ 7.00,(30's pack: ৳ 210.11),",(30's pack: ৳ 210.11)
22813,Nebinor,allopathic,nebinortablet5-mg,Tablet,Nebivolol Hydrochloride,5 mg,Delta Pharma Ltd.,"Unit Price: ৳ 12.00,(30's pack: ৳ 360.00),",(30's pack: ৳ 360.00)
22820,Nebilol,allopathic,nebiloltablet5-mg,Tablet,Nebivolol Hydrochloride,5 mg,Opsonin Pharma Ltd.,"Unit Price: ৳ 8.06,(42's pack: ৳ 338.52),",(42's pack: ৳ 338.52)
22819,Nebilol,allopathic,nebiloltablet25-mg,Tablet,Nebivolol Hydrochloride,2.5 mg,Opsonin Pharma Ltd.,"Unit Price: ৳ 5.03,(42's pack: ৳ 211.26),",(42's pack: ৳ 211.26)
22815,Nebifast,allopathic,nebifasttablet25-mg,Tablet,Nebivolol Hydrochloride,2.5 mg,Drug International Ltd.,"Unit Price: ৳ 6.00,(28's pack: ৳ 168.00),",(28's pack: ৳ 168.00)
22814,Nebifast,allopathic,nebifasttablet5-mg,Tablet,Nebivolol Hydrochloride,5 mg,Drug International Ltd.,"Unit Price: ৳ 8.00,(28's pack: ৳ 224.00),",(28's pack: ৳ 224.00)
2585,Nebicard,allopathic,nebicardtablet5-mg,Tablet,Nebivolol Hydrochloride,5 mg,UniMed UniHealth,"Unit Price: ৳ 12.00,(28's pack: ৳ 336.00),,Unit Price: ৳ 12.00,(30's pack: ৳ 360.00),","(28's pack: ৳ 336.00),(30's pack: ৳ 360.00)"
2584,Nebicard,allopathic,nebicardtablet25-mg,Tablet,Nebivolol Hydrochloride,2.5 mg,UniMed UniHealth,"Unit Price: ৳ 7.00,(28's pack: ৳ 196.00),,Unit Price: ৳ 7.00,(30's pack: ৳ 210.00),","(28's pack: ৳ 196.00),(30's pack: ৳ 210.00)"
12344,Nebazin,allopathic,nebazinointment5-mg500-iugm,Ointment,Neomycin Sulfate + Bacitracin Zinc,(5 mg+500 IU)/gm,Incepta Pharmaceuticals Ltd.,20 gm tube: ৳ 43.90,
12343,Nebason,allopathic,nebasonointment5-mg500-iugm,Ointment,Neomycin Sulfate + Bacitracin Zinc,(5 mg+500 IU)/gm,Jayson Pharmaceuticals Ltd.,10 gm tube: ৳ 17.41,
12342,Nebanol Plus,allopathic,nebanol-plusointment35-mg400-iu5000-iugm,Ointment,Neomycin Sulfate + Bacitracin Zinc + Polymyxin B Sulfate,(3.5 mg+400 IU+5000 IU)/gm,Square Pharmaceuticals Ltd.,10 gm tube: ৳ 30.20,
18058,Nebanol,allopathic,nebanoltopical-powder5-mg250-iugm,Topical Powder,Neomycin Sulfate + Bacitracin Zinc,(5 mg+250 IU)/gm,Square Pharmaceuticals Ltd.,"10 gm pack: ৳ 20.13,(12's pack: ৳ 241.56),",(12's pack: ৳ 241.56)
18057,Nebanol,allopathic,nebanolointment5-mg500-iugm,Ointment,Neomycin Sulfate + Bacitracin Zinc,(5 mg+500 IU)/gm,Square Pharmaceuticals Ltd.,20 gm tube: ৳ 44.20,
18055,Nebacin,allopathic,nebacinointment5-mg500-iugm,Ointment,Neomycin Sulfate + Bacitracin Zinc,(5 mg+500 IU)/gm,Pharmadesh Laboratories Ltd.,10 gm tube: ৳ 18.25,
23461,Nebs Plus,allopathic,nebs-plustablet500-mg65-mg,Tablet,Paracetamol + Caffeine,500 mg+65 mg,Ethical Drug Ltd.,"Unit Price: ৳ 2.00,(100's pack: ৳ 200.00),",(100's pack: ৳ 200.00)
23462,Nebs,allopathic,nebsoral-suspension120-mg5-ml,Oral Suspension,Paracetamol,120 mg/5 ml,Ethical Drug Ltd.,60 ml bottle: ৳ 20.63,
4282,Nebium,allopathic,nebiumtablet10-mg,Tablet,Clobazam,10 mg,Globe Pharmaceuticals Ltd.,"Unit Price: ৳ 2.55,(100's pack: ৳ 255.00),",(100's pack: ৳ 255.00)
26276,Nebita Plus,allopathic,nebita-plustablet5-mg125-mg,Tablet,Nebivolol + Hydrochlorothiazide,5 mg+12.5 mg,Square Pharmaceuticals Ltd.,"Unit Price: ৳ 12.00,(30's pack: ৳ 360.00),",(30's pack: ৳ 360.00)
22824,Nebita,allopathic,nebitatablet5-mg,Tablet,Nebivolol Hydrochloride,5 mg,Square Pharmaceuticals Ltd.,"Unit Price: ৳ 10.03,(30's pack: ৳ 300.90),",(30's pack: ৳ 300.90)
22823,Nebita,allopathic,nebitatablet25-mg,Tablet,Nebivolol Hydrochloride,2.5 mg,Square Pharmaceuticals Ltd.,"Unit Price: ৳ 7.02,(50's pack: ৳ 351.00),",(50's pack: ৳ 351.00)
30145,Nebiren,allopathic,nebirentablet5-mg,Tablet,Nebivolol Hydrochloride,5 mg,Renata Limited,"Unit Price: ৳ 8.00,(30's pack: ৳ 240.00),",(30's pack: ৳ 240.00)
16187,NCL,allopathic,nclophthalmic-solution5,Ophthalmic Solution,Sodium Chloride (Ophthalmic Solution),5%,Aristopharma Ltd.,10 ml drop: ৳ 70.00,
24569,Nazosol,allopathic,nazosolnasal-drop09,Nasal Drop,Sodium Chloride (Nasal preparation),0.90%,Incepta Pharmaceuticals Ltd.,"10 ml drop: ৳ 25.00,(10's pack: ৳ 250.00),",(10's pack: ৳ 250.00)
16276,Nazolin,allopathic,nazolinnasal-spray005,Nasal Spray,Oxymetazoline Hydrochloride (Nasal Preparation),0.05%,Beximco Pharmaceuticals Ltd.,200 metered sprays: ৳ 130.00,
16009,Nazin,allopathic,nazinophthalmic-solution0005002,Ophthalmic Solution,Naphazoline + Zinc Sulfate,0.005%+0.02%,Aristopharma Ltd.,10 ml drop: ৳ 80.00,
9990,Naz,allopathic,nazophthalmic-solution03,Ophthalmic Solution,Fluconazole (Ophthalmic),0.30%,Reman Drug Laboratories Ltd.,5 ml drop: ৳ 100.50,
31490,Naxsil E,allopathic,naxsil-etablet-delayed-release500-mg20-mg,Tablet (Delayed Release),Naproxen Sodium + Esomeprazole Magnesium,500 mg+20 mg,Silco Pharmaceutical Ltd.,"Unit Price: ৳ 10.00,(30's pack: ৳ 300.00),",(30's pack: ৳ 300.00)
31489,Naxsil E,allopathic,naxsil-etablet-delayed-release375-mg20-mg,Tablet (Delayed Release),Naproxen Sodium + Esomeprazole Magnesium,375 mg+20 mg,Silco Pharmaceutical Ltd.,"Unit Price: ৳ 8.00,(30's pack: ৳ 240.00),",(30's pack: ৳ 240.00)
12347,Neobacin,allopathic,neobacinointment5-mg500-iugm,Ointment,Neomycin Sulfate + Bacitracin Zinc,(5 mg+500 IU)/gm,Kemiko Pharmaceuticals Ltd.,20 gm tube: ৳ 44.03,
27736,Neobac,allopathic,neobacointment5-mg500-iugm,Ointment,Neomycin Sulfate + Bacitracin Zinc,(5 mg+500 IU)/gm,Opso Saline Ltd.,3 gm tube: ৳ 12.84,
12969,Neobac,allopathic,neobacointment5-mg500-iugm,Ointment,Neomycin Sulfate + Bacitracin Zinc,(5 mg+500 IU)/gm,Rephco Pharmaceuticals Ltd.,10 gm tube: ৳ 25.00,
15840,Neo-DP,allopathic,neo-dpophthalmic-solution1-mg3500-iu6000-iuml,Ophthalmic Solution,Dexamethasone + Neomycin Sulphate + Polymyxin B Sulphate,(1 mg+3500 IU+6000 IU)/ml,Drug International Ltd.,5 ml drop: ৳ 90.30,
18042,Neo-B,allopathic,neo-bointment5-mg500-iugm,Ointment,Neomycin Sulfate + Bacitracin Zinc,(5 mg+500 IU)/gm,Drug International Ltd.,15 gm tube: ৳ 32.60,
31106,Neo zinc B,allopathic,neo-zinc-btablet,Tablet,Vitamin B Complex + Zinc,,Techno Drugs Ltd.,"Unit Price: ৳ 3.00,(30's pack: ৳ 90.00),",(30's pack: ৳ 90.00)
31105,Neo zinc B,allopathic,neo-zinc-bsyrup,Syrup,Vitamin B Complex + Zinc,,Techno Drugs Ltd.,100 ml bottle: ৳ 47.00,
31108,Neo zinc,allopathic,neo-zincsyrup10-mg5-ml,Syrup,Zinc Sulfate Monohydrate,10 mg/5 ml,Techno Drugs Ltd.,100 ml bottle: ৳ 30.00,
31107,Neo zinc,allopathic,neo-zinctablet20-mg,Tablet,Zinc Sulfate Monohydrate,20 mg,Techno Drugs Ltd.,"Unit Price: ৳ 1.50,(100's pack: ৳ 150.00),",(100's pack: ৳ 150.00)
13656,Nenvit,allopathic,nenvittablet100-mg200-mg200-mcg,Tablet,"Vitamin B1, B6 & B12",100 mg+200 mg+200 mcg,Euro Pharma Ltd.,"Unit Price: ৳ 6.50,(60's pack: ৳ 390.00),",(60's pack: ৳ 390.00)
27871,Nenol,allopathic,nenoltopical-powder5-mg250-iugm,Topical Powder,Neomycin Sulfate + Bacitracin Zinc,(5 mg+250 IU)/gm,Alco Pharma Ltd.,5 gm pack: ৳ 15.55,
30986,Nemus Hair Serum,allopathic,nemus-hair-serumtopical-solution3030050110,Topical Solution,Copper Peptide + Procapil + Niacinamide + Biotin + L-Arginine,3.0%+3.0%+0.5%+0.1%+1.0%,NEMUS Pharmaceutical Pvt. Ltd.,"45 ml bottle: ৳ 1,500.00",
328,Nematox DS,allopathic,nematox-dschewable-tablet400-mg,Chewable Tablet,Albendazole,400 mg,Chemist Laboratories  Ltd.,"Unit Price: ৳ 3.54,(50's pack: ৳ 177.00),",(50's pack: ৳ 177.00)
701,Nelod,allopathic,nelodtablet10-mg,Tablet,Amlodipine Besilate,10 mg,Kemiko Pharmaceuticals Ltd.,"Unit Price: ৳ 8.02,(50's pack: ৳ 401.00),",(50's pack: ৳ 401.00)
700,Nelod,allopathic,nelodtablet5-mg,Tablet,Amlodipine Besilate,5 mg,Kemiko Pharmaceuticals Ltd.,"Unit Price: ৳ 5.02,(50's pack: ৳ 251.00),",(50's pack: ৳ 251.00)
4605,Negaron,allopathic,negarontablet30-mg,Tablet,Cinnarizine,30 mg,Gaco Pharmaceuticals Ltd.,"Unit Price: ৳ 0.50,(100's pack: ৳ 50.35),",(100's pack: ৳ 50.35)
14317,Neocal,allopathic,neocaltablet500-mg,Tablet,Calcium Carbonate,500 mg,The White Horse Pharma,"Unit Price: ৳ 2.50,(50's pack: ৳ 125.00),",(50's pack: ৳ 125.00)
32275,Neocafen,allopathic,neocafeniv-injection20-mgml,IV Injection,Caffeine Citrate,20 mg/ml,Incepta Pharmaceuticals Ltd.,Price Unavailable,
4063,Neobrox,allopathic,neobroxsyrup15-mg5-ml,Syrup,Ambroxol Hydrochloride,15 mg/5 ml,Concord Pharmaceuticals Ltd.,100 ml bottle: ৳ 40.00,
13658,Neobion,allopathic,neobionim-injection100-mg100-mg1-mg3-ml,IM Injection,"Vitamin B1, B6 & B12",(100 mg+100 mg+1 mg)/3 ml,Aristopharma Ltd.,"3 ml ampoule: ৳ 26.00,(10's pack: ৳ 260.00),",(10's pack: ৳ 260.00)
13657,Neobion,allopathic,neobiontablet100-mg200-mg200-mcg,Tablet,"Vitamin B1, B6 & B12",100 mg+200 mg+200 mcg,Aristopharma Ltd.,"Unit Price: ৳ 8.00,(60's pack: ৳ 480.00),",(60's pack: ৳ 480.00)
33083,Neobetrin,allopathic,neobetrinointment5-mg500-iugm,Ointment,Neomycin Sulfate + Bacitracin Zinc,(5 mg+500 IU)/gm,DBL Pharmaceuticals Ltd.,20 gm tube: ৳ 44.00,
12537,Neobet,allopathic,neobetcream0105,Cream,Betamethasone + Neomycin Sulphate (Topical),0.1%+0.5%,ACME Laboratories Ltd.,"5 gm tube: ৳ 15.33,10 gm tube: ৳ 22.15,15 gm tube: ৳ 27.00",
27996,Neobastin,allopathic,neobastintablet10-mg,Tablet,Ebastine,10 mg,One Pharma Ltd.,"Unit Price: ৳ 6.00,(30's pack: ৳ 180.00),",(30's pack: ৳ 180.00)
12348,Neobacrin,allopathic,neobacrinointment5-mg500-iugm,Ointment,Neomycin Sulfate + Bacitracin Zinc,(5 mg+500 IU)/gm,GlaxoSmithKline,20 gm tube: ৳ 44.00,
19944,Nefrofer,allopathic,nefroferiv-injection-or-infusion100-mg5-ml,IV Injection or Infusion,Iron Sucrose Injection [Elemental Iron],100 mg/5 ml,Chemist Laboratories  Ltd.,5 ml ampoule: ৳ 300.00,
20369,Nefoxen,allopathic,nefoxentablet180-mg,Tablet,Fexofenadine Hydrochloride,180 mg,Nipa Pharmaceuticals Ltd.,"Unit Price: ৳ 9.00,(30's pack: ৳ 270.00),",(30's pack: ৳ 270.00)
20368,Nefoxen,allopathic,nefoxentablet120-mg,Tablet,Fexofenadine Hydrochloride,120 mg,Nipa Pharmaceuticals Ltd.,"Unit Price: ৳ 7.00,(50's pack: ৳ 350.00),",(50's pack: ৳ 350.00)
12493,Neeper,allopathic,neepercream5-ww,Cream,Permethrin,5% w/w,Kemiko Pharmaceuticals Ltd.,"15 gm tube: ৳ 28.08,30 gm tube: ৳ 40.12",
4128,Nectar,allopathic,nectarsyrup075-ml193-ml5-ml,Syrup,Glycerol + Liquid Sugar,(0.75 ml+1.93 ml)/5 ml,Square Pharmaceuticals Ltd.,100 ml bottle: ৳ 40.27,
28655,Neoclomide,allopathic,neoclomidetablet50-mg,Tablet,Cyclophosphamide,50 mg,Healthcare Pharmaceuticals Ltd.,"Unit Price: ৳ 31.00,(30's pack: ৳ 930.00),",(30's pack: ৳ 930.00)
19648,Neoclomide,allopathic,neoclomideiv-infusion1-gmvial,IV Infusion,Cyclophosphamide,1 gm/vial,Healthcare Pharmaceuticals Ltd.,1 gm vial: ৳ 800.00,
28116,Neoclav,allopathic,neoclavtablet500-mg125-mg,Tablet,Cefuroxime Axetil + Clavulanic Acid,500 mg+125 mg,Jenphar Bangladesh Ltd.,"Unit Price: ৳ 50.00,(6's pack: ৳ 300.00),",(6's pack: ৳ 300.00)
28115,Neoclav,allopathic,neoclavtablet250-mg625-mg,Tablet,Cefuroxime Axetil + Clavulanic Acid,250 mg+62.5 mg,Jenphar Bangladesh Ltd.,"Unit Price: ৳ 30.00,(12's pack: ৳ 360.00),",(12's pack: ৳ 360.00)
12352,Neocitrin,allopathic,neocitrintopical-powder5-mg250-iugm,Topical Powder,Neomycin Sulfate + Bacitracin Zinc,(5 mg+250 IU)/gm,ACI Limited,"5 gm pack: ৳ 10.37,10 gm pack: ৳ 20.14",
16627,Neocipran,allopathic,neociprantablet50-mg,Tablet,Milnacipran Hydrochloride,50 mg,Ibn Sina Pharmaceuticals Ltd.,"Unit Price: ৳ 15.00,(30's pack: ৳ 450.00),",(30's pack: ৳ 450.00)
12351,Neocin Plus,allopathic,neocin-plusointment35-mg400-iu5000-iugm,Ointment,Neomycin Sulfate + Bacitracin Zinc + Polymyxin B Sulfate,(3.5 mg+400 IU+5000 IU)/gm,Opsonin Pharma Ltd.,10 gm tube: ৳ 30.11,
12350,Neocin,allopathic,neocintopical-powder5-mg250-iugm,Topical Powder,Neomycin Sulfate + Bacitracin Zinc,(5 mg+250 IU)/gm,Opsonin Pharma Ltd.,"5 gm pack: ৳ 15.43,(5's pack: ৳ 77.15),",(5's pack: ৳ 77.15)
12349,Neocin,allopathic,neocinointment5-mg500-iugm,Ointment,Neomycin Sulfate + Bacitracin Zinc,(5 mg+500 IU)/gm,Opsonin Pharma Ltd.,10 gm tube: ৳ 17.36,
12267,Neocilor,allopathic,neocilorsyrup25-mg5-ml,Syrup,Desloratadine,2.5 mg/5 ml,Incepta Pharmaceuticals Ltd.,50 ml bottle: ৳ 25.00,
12266,Neocilor,allopathic,neocilortablet5-mg,Tablet,Desloratadine,5 mg,Incepta Pharmaceuticals Ltd.,"Unit Price: ৳ 2.50,(100's pack: ৳ 250.00),",(100's pack: ৳ 250.00)
1719,Neoceptin R,allopathic,neoceptin-riv-infusion50-mg100-ml,IV Infusion,Ranitidine Hydrochloride,50 mg/100 ml,Beximco Pharmaceuticals Ltd.,100 ml bottle: ৳ 101.00,
1718,Neoceptin R,allopathic,neoceptin-rimiv-injection50-mg2-ml,IM/IV Injection,Ranitidine Hydrochloride,50 mg/2 ml,Beximco Pharmaceuticals Ltd.,"2 ml ampoule: ৳ 10.01,(10's pack: ৳ 100.05),",(10's pack: ৳ 100.05)
1717,Neoceptin R,allopathic,neoceptin-rsyrup75-mg5-ml,Syrup,Ranitidine Hydrochloride,75 mg/5 ml,Beximco Pharmaceuticals Ltd.,100 ml bottle: ৳ 50.00,
1715,Neoceptin R,allopathic,neoceptin-rtablet150-mg,Tablet,Ranitidine Hydrochloride,150 mg,Beximco Pharmaceuticals Ltd.,"Unit Price: ৳ 3.00,(168's pack: ৳ 504.25),",(168's pack: ৳ 504.25)
30382,Neocard,allopathic,neocardtablet60-mg,Tablet,Diltiazem Hydrochloride (FC tablet),60 mg,Beximco Pharmaceuticals Ltd.,"Unit Price: ৳ 3.80,(100's pack: ৳ 380.00),",(100's pack: ৳ 380.00)
11046,Neofenac,allopathic,neofenactablet50-mg,Tablet,Diclofenac Sodium,50 mg,Ad-din Pharmaceuticals Ltd.,"Unit Price: ৳ 0.60,(100's pack: ৳ 60.00),",(100's pack: ৳ 60.00)
32545,Neofen SR,allopathic,neofen-srtablet-sustained-release100-mg,Tablet (Sustained Release),Diclofenac Sodium,100 mg,Doctor TIMS Pharmaceuticals Ltd.,"Unit Price: ৳ 3.00,(100's pack: ৳ 300.00),",(100's pack: ৳ 300.00)
24154,Neofast-S,allopathic,neofast-stablet150-mg,Tablet,Ranitidine Hydrochloride,150 mg,Incepta Pharmaceuticals Ltd.,"Unit Price: ৳ 2.00,(100's pack: ৳ 200.00),",(100's pack: ৳ 200.00)
1302,Neodrop,allopathic,neodroppediatric-drops67-mgml,Pediatric Drops,Simethicone,67 mg/ml,Beximco Pharmaceuticals Ltd.,15 ml drop: ৳ 30.00,
29435,Neodin,allopathic,neodinmouthwash1-wv,Mouthwash,Povidone Iodine,1% w/v,The White Horse Pharma,100 ml bottle: ৳ 35.00,
27931,Neocox,allopathic,neocoxtablet90-mg,Tablet,Etoricoxib,90 mg,The White Horse Pharma,"Unit Price: ৳ 12.00,(30's pack: ৳ 360.00),",(30's pack: ৳ 360.00)
27930,Neocox,allopathic,neocoxtablet60-mg,Tablet,Etoricoxib,60 mg,The White Horse Pharma,"Unit Price: ৳ 7.00,(30's pack: ৳ 210.00),",(30's pack: ৳ 210.00)
30669,Neocort,allopathic,neocortcream0105,Cream,Betamethasone + Neomycin Sulphate (Topical),0.1%+0.5%,Ibn Sina Pharmaceuticals Ltd.,5 gm tube: ৳ 15.00,
18249,Neocort,allopathic,neocortointment0105,Ointment,Betamethasone + Neomycin Sulphate (Topical),0.1%+0.5%,Ibn Sina Pharmaceuticals Ltd.,5 gm tube: ৳ 18.53,
28657,Neoclomide,allopathic,neoclomideiv-infusion500-mgvial,IV Infusion,Cyclophosphamide,500 mg/vial,Healthcare Pharmaceuticals Ltd.,500 mg vial: ৳ 464.00,
28656,Neoclomide,allopathic,neoclomideiv-infusion200-mgvial,IV Infusion,Cyclophosphamide,200 mg/vial,Healthcare Pharmaceuticals Ltd.,200 mg vial: ৳ 197.00,
30381,Neocard,allopathic,neocardtablet30-mg,Tablet,Diltiazem Hydrochloride (FC tablet),30 mg,Beximco Pharmaceuticals Ltd.,"Unit Price: ৳ 2.00,(100's pack: ৳ 200.00),",(100's pack: ৳ 200.00)
29037,Neocal M Vita,allopathic,neocal-m-vitaeffervescent-tablet,Effervescent Tablet,Calcium Carbonate + Vitamin D3 + Multimineral,,The White Horse Pharma,"Unit Price: ৳ 20.00,(10's pack: ৳ 200.00),",(10's pack: ৳ 200.00)
14451,Neocal D,allopathic,neocal-dtablet500-mg200-iu,Tablet,Calcium Carbonate [Elemental source] + Vitamin D3,500 mg+200 IU,The White Horse Pharma,"Unit Price: ৳ 6.50,(30's pack: ৳ 195.00),",(30's pack: ৳ 195.00)
9314,Neofloxin,allopathic,neofloxiniv-infusion200-mg100-ml,IV Infusion,Ciprofloxacin,200 mg/100 ml,Beximco Pharmaceuticals Ltd.,100 ml bottle: ৳ 146.50,
9313,Neofloxin,allopathic,neofloxinpowder-for-suspension250-mg5-ml,Powder for Suspension,Ciprofloxacin,250 mg/5 ml,Beximco Pharmaceuticals Ltd.,60 ml bottle: ৳ 100.00,
9310,Neofloxin,allopathic,neofloxintablet750-mg,Tablet,Ciprofloxacin,750 mg,Beximco Pharmaceuticals Ltd.,"Unit Price: ৳ 18.00,(30's pack: ৳ 540.00),",(30's pack: ৳ 540.00)
9309,Neofloxin,allopathic,neofloxintablet500-mg,Tablet,Ciprofloxacin,500 mg,Beximco Pharmaceuticals Ltd.,"Unit Price: ৳ 15.00,(50's pack: ৳ 750.00),",(50's pack: ৳ 750.00)
9308,Neofloxin,allopathic,neofloxintablet250-mg,Tablet,Ciprofloxacin,250 mg,Beximco Pharmaceuticals Ltd.,"Unit Price: ৳ 8.50,(50's pack: ৳ 425.00),",(50's pack: ৳ 425.00)
9128,Neofloxin,allopathic,neofloxinophthalmic-solution03,Ophthalmic Solution,Ciprofloxacin (Ophthalmic),0.30%,Beximco Pharmaceuticals Ltd.,5 ml drop: ৳ 40.00,
9307,Neoflox,allopathic,neofloxtablet500-mg,Tablet,Ciprofloxacin,500 mg,Central Pharmaceuticals Ltd.,"Unit Price: ৳ 12.00,(30's pack: ৳ 360.00),",(30's pack: ৳ 360.00)
11301,Neoflam,allopathic,neoflamtablet400-mg,Tablet,Ibuprofen,400 mg,Aexim Pharmaceuticals Ltd.,"Unit Price: ৳ 1.40,(100's pack: ৳ 140.00),",(100's pack: ৳ 140.00)
7602,Neofix,allopathic,neofixpowder-for-suspension100-mg5-ml,Powder for Suspension,Cefixime Trihydrate,100 mg/5 ml,Modern Pharmaceuticals Ltd.,50 ml bottle: ৳ 180.00,
7601,Neofix,allopathic,neofixcapsule200-mg,Capsule,Cefixime Trihydrate,200 mg,Modern Pharmaceuticals Ltd.,"Unit Price: ৳ 35.00,(8's pack: ৳ 280.00),",(8's pack: ৳ 280.00)
7600,Neofexim,allopathic,neofeximpowder-for-suspension100-mg5-ml,Powder for Suspension,Cefixime Trihydrate,100 mg/5 ml,Doctor’s Chemical Works Ltd.,50 ml bottle: ৳ 175.00,
7599,Neofexim,allopathic,neofeximcapsule200-mg,Capsule,Cefixime Trihydrate,200 mg,Doctor’s Chemical Works Ltd.,"Unit Price: ৳ 25.00,(8's pack: ৳ 200.00),",(8's pack: ৳ 200.00)
11050,Neofenac SR,allopathic,neofenac-srcapsule-sustained-release100-mg,Capsule (Sustained Release),Diclofenac Sodium,100 mg,Modern Pharmaceuticals Ltd.,"Unit Price: ৳ 3.00,(40's pack: ৳ 120.00),",(40's pack: ৳ 120.00)
28619,Neofenac,allopathic,neofenactablet50-mg,Tablet,Diclofenac Sodium,50 mg,Modern Pharmaceuticals Ltd.,"Unit Price: ৳ 0.84,(100's pack: ৳ 84.00),",(100's pack: ৳ 84.00)
11113,Neofenac,allopathic,neofenacgel1-ww,Gel,Diclofenac Sodium,1% w/w,Ad-din Pharmaceuticals Ltd.,10 gm tube: ৳ 12.90,
11048,Neofenac,allopathic,neofenacsuppository50-mg,Suppository,Diclofenac Sodium,50 mg,Ad-din Pharmaceuticals Ltd.,"Unit Price: ৳ 12.00,(10's pack: ৳ 120.00),",(10's pack: ৳ 120.00)
10462,Neopara,allopathic,neoparatablet500-mg,Tablet,Paracetamol,500 mg,Bristol Pharmaceuticals Ltd.,"Unit Price: ৳ 0.50,(100's pack: ৳ 50.00),",(100's pack: ৳ 50.00)
2149,Neopanta,allopathic,neopantatablet-enteric-coated40-mg,Tablet (Enteric Coated),Pantoprazole Sodium Sesquihydrate,40 mg,Supreme Pharmaceutical Ltd.,"Unit Price: ৳ 6.00,(50's pack: ৳ 300.00),",(50's pack: ৳ 300.00)
2148,Neopanta,allopathic,neopantatablet-enteric-coated20-mg,Tablet (Enteric Coated),Pantoprazole Sodium Sesquihydrate,20 mg,Supreme Pharmaceutical Ltd.,"Unit Price: ৳ 4.00,(30's pack: ৳ 120.00),",(30's pack: ৳ 120.00)
23036,Neome,allopathic,neomecapsule-delayed-release20-mg,Capsule (Delayed Release),Omeprazole,20 mg,FnF Pharmaceuticals Ltd.,Unit Price: ৳ 4.00,
12268,Neolor,allopathic,neolortablet5-mg,Tablet,Desloratadine,5 mg,Supreme Pharmaceutical Ltd.,"Unit Price: ৳ 3.00,(50's pack: ৳ 150.00),",(50's pack: ৳ 150.00)
9556,Neolev,allopathic,neolevtablet500-mg,Tablet,Levofloxacin Hemihydrate,500 mg,Marksman Pharmaceuticals Ltd.,"Unit Price: ৳ 12.00,(20's pack: ৳ 240.00),",(20's pack: ৳ 240.00)
10179,Neogyl,allopathic,neogyloral-suspension200-mg5-ml,Oral Suspension,Metronidazole,200 mg/5 ml,Millat Pharmaceuticals Ltd.,60 ml bottle: ৳ 24.88,
10178,Neogyl,allopathic,neogyltablet400-mg,Tablet,Metronidazole,400 mg,Millat Pharmaceuticals Ltd.,"Unit Price: ৳ 1.14,(100's pack: ৳ 114.00),",(100's pack: ৳ 114.00)
19889,Neogest,allopathic,neogesttablet2-mg,Tablet,Dienogest,2 mg,Renata Limited,"Unit Price: ৳ 50.00,(10's pack: ৳ 500.00),",(10's pack: ৳ 500.00)
12353,Neogen Plus,allopathic,neogen-plusointment35-mg400-iu5000-iugm,Ointment,Neomycin Sulfate + Bacitracin Zinc + Polymyxin B Sulfate,(3.5 mg+400 IU+5000 IU)/gm,General Pharmaceuticals Ltd.,10 gm tube: ৳ 30.20,
15828,Neofloxin-D,allopathic,neofloxin-dophthalmic-solution0301,Ophthalmic Solution,Ciprofloxacin + Dexamethasone,0.3%+0.1%,Beximco Pharmaceuticals Ltd.,5 ml drop: ৳ 75.00,
9312,Neofloxin XR,allopathic,neofloxin-xrtablet-extended-release1000-mg,Tablet (Extended Release),Ciprofloxacin,1000 mg,Beximco Pharmaceuticals Ltd.,"Unit Price: ৳ 25.00,(10's pack: ৳ 250.00),",(10's pack: ৳ 250.00)
26309,Neofloxin,allopathic,neofloxinoral-powder250-mgsachet,Oral Powder,Ciprofloxacin,250 mg/sachet,Beximco Pharmaceuticals Ltd.,"250 mg sachet: ৳ 10.00,(14's pack: ৳ 140.00),",(14's pack: ৳ 140.00)
11047,Neofenac,allopathic,neofenacsuppository125-mg,Suppository,Diclofenac Sodium,12.5 mg,Ad-din Pharmaceuticals Ltd.,"Unit Price: ৳ 7.50,(10's pack: ৳ 75.00),",(10's pack: ৳ 75.00)
15477,Neosuxa,allopathic,neosuxaimiv-injection100-mg2-ml,IM/IV Injection,Suxamethonium Chloride,100 mg/2 ml,Popular Pharmaceuticals Ltd.,"2 ml ampoule: ৳ 8.43,(10's pack: ৳ 84.30),",(10's pack: ৳ 84.30)
15507,Neostig,allopathic,neostiginjection05-mgml,Injection,Neostigmine Methyl Sulphate,0.5 mg/ml,Popular Pharmaceuticals Ltd.,"1 ml ampoule: ৳ 6.07,(5's pack: ৳ 30.35),,1 ml ampoule: ৳ 6.07,(10's pack: ৳ 60.70),","(5's pack: ৳ 30.35),(10's pack: ৳ 60.70)"
12407,Neosten VT,allopathic,neosten-vtvaginal-tablet200-mg,Vaginal Tablet,Clotrimazole (Vaginal tablet),200 mg,Beximco Pharmaceuticals Ltd.,"Unit Price: ৳ 20.00,(3's pack: ৳ 60.00),",(3's pack: ৳ 60.00)
12676,Neosten HC,allopathic,neosten-hccream11,Cream,Clotrimazole + Hydrocortisone,1%+1%,Beximco Pharmaceuticals Ltd.,"10 gm tube: ৳ 35.00,20 gm tube: ৳ 55.00",
12397,Neosten,allopathic,neostencream1,Cream,Clotrimazole (Topical),1%,Beximco Pharmaceuticals Ltd.,20 gm tube: ৳ 45.00,
10372,Neospin,allopathic,neospintablet-enteric-coated75-mg,Tablet (Enteric Coated),Aspirin,75 mg,Edruc Limited,"Unit Price: ৳ 0.37,(100's pack: ৳ 37.00),",(100's pack: ৳ 37.00)
389,Neosol DS,allopathic,neosol-dsiv-infusion0455,IV Infusion,Sodium Chloride + Dextrose,0.45%+5%,Beximco Pharmaceuticals Ltd.,"250 ml bag: ৳ 55.20,500 ml bag: ৳ 73.60",
14864,Neosol,allopathic,neosoliv-infusion02255,IV Infusion,Sodium Chloride + Dextrose,0.225%+5%,Beximco Pharmaceuticals Ltd.,250 ml bag: ৳ 55.20,
1721,Neosetin R,allopathic,neosetin-rtablet150-mg,Tablet,Ranitidine Hydrochloride,150 mg,Bristol Pharmaceuticals Ltd.,"Unit Price: ৳ 1.50,(100's pack: ৳ 150.00),",(100's pack: ৳ 150.00)
14802,Neosaline,allopathic,neosalineoral-powder1025-gm,Oral Powder,Oral Rehydration Salt [Powder],10.25 gm,Eskayef Pharmaceuticals Ltd.,"Unit Price: ৳ 5.00,(20's pack: ৳ 100.00),,Unit Price: ৳ 5.00,(50's pack: ৳ 250.00),","(20's pack: ৳ 100.00),(50's pack: ৳ 250.00)"
15506,Neos-R,allopathic,neos-rinjection05-mgml,Injection,Neostigmine Methyl Sulphate,0.5 mg/ml,Renata Limited,"1 ml ampoule: ৳ 8.00,(5's pack: ৳ 40.00),,5 ml ampoule: ৳ 35.00,(5's pack: ৳ 175.00),","(5's pack: ৳ 40.00),(5's pack: ৳ 175.00)"
14830,Neorice,allopathic,neoriceoral-powder,Oral Powder,Oral Rehydration Salt [Rice Based],,Eskayef Pharmaceuticals Ltd.,"250 ml sachet: ৳ 12.00,(10's pack: ৳ 120.00),",(10's pack: ৳ 120.00)
29960,Neorex,allopathic,neorexpowder-for-suspension125-mg5-ml,Powder for Suspension,Cephalexin,125 mg/5 ml,Eskayef Pharmaceuticals Ltd.,100 ml bottle: ৳ 83.50,
29959,Neorex,allopathic,neorexcapsule500-mg,Capsule,Cephalexin,500 mg,Eskayef Pharmaceuticals Ltd.,"Unit Price: ৳ 12.50,(50's pack: ৳ 625.00),",(50's pack: ৳ 625.00)
29958,Neorex,allopathic,neorexcapsule250-mg,Capsule,Cephalexin,250 mg,Eskayef Pharmaceuticals Ltd.,"Unit Price: ৳ 6.60,(100's pack: ৳ 660.00),",(100's pack: ৳ 660.00)
7780,Neoprox,allopathic,neoproxpediatric-drops20-mgml,Pediatric Drops,Cefpodoxime Proxetil,20 mg/ml,Somatec Pharmaceuticals Ltd.,15 ml bottle: ৳ 60.23,
16162,Neotear,allopathic,neotearophthalmic-solution0509,Ophthalmic Solution,Carboxymethylcellulose Sodium + Glycerin,0.5%+0.9%,Aristopharma Ltd.,10 ml drop: ৳ 190.00,
1725,Neotack,allopathic,neotackimiv-injection50-mg2-ml,IM/IV Injection,Ranitidine Hydrochloride,50 mg/2 ml,Square Pharmaceuticals Ltd.,"2 ml ampoule: ৳ 10.03,(10's pack: ৳ 100.31),",(10's pack: ৳ 100.31)
1724,Neotack,allopathic,neotacksyrup75-mg5-ml,Syrup,Ranitidine Hydrochloride,75 mg/5 ml,Square Pharmaceuticals Ltd.,100 ml bottle: ৳ 50.14,
1723,Neotack,allopathic,neotacktablet300-mg,Tablet,Ranitidine Hydrochloride,300 mg,Square Pharmaceuticals Ltd.,"Unit Price: ৳ 4.50,(100's pack: ৳ 450.00),",(100's pack: ৳ 450.00)
1722,Neotack,allopathic,neotacktablet150-mg,Tablet,Ranitidine Hydrochloride,150 mg,Square Pharmaceuticals Ltd.,"Unit Price: ৳ 3.00,(180's pack: ৳ 540.29),",(180's pack: ৳ 540.29)
7778,Neoprox,allopathic,neoproxpowder-for-suspension40-mg5-ml,Powder for Suspension,Cefpodoxime Proxetil,40 mg/5 ml,Somatec Pharmaceuticals Ltd.,50 ml bottle: ৳ 98.37,
15869,Neopred,allopathic,neopredophthalmic-emulsion005,Ophthalmic Emulsion,Difluprednate,0.05%,Aristopharma Ltd.,5 ml drop: ৳ 180.00,
1835,Neopra,allopathic,neopracapsule-delayed-release20-mg,Capsule (Delayed Release),Omeprazole,20 mg,Supreme Pharmaceutical Ltd.,"Unit Price: ৳ 5.00,(30's pack: ৳ 150.00),",(30's pack: ৳ 150.00)
19355,Neoplat,allopathic,neoplativ-infusion1-mgml,IV Infusion,Cisplatin,1 mg/ml,Drug International Ltd.,"10 mg vial: ৳ 250.00,50 mg vial: ৳ 817.00",
1720,Neopep,allopathic,neopeptablet150-mg,Tablet,Ranitidine Hydrochloride,150 mg,Central Pharmaceuticals Ltd.,"Unit Price: ৳ 2.00,(100's pack: ৳ 200.00),",(100's pack: ৳ 200.00)
22073,Neopenem,allopathic,neopenemiv-injection-or-infusion250-mgvial,IV Injection or Infusion,Meropenem Trihydrate,250 mg/vial,Healthcare Pharmaceuticals Ltd.,250 mg vial: ৳ 450.00,
8241,Neopenem,allopathic,neopenemiv-injection-or-infusion1-gmvial,IV Injection or Infusion,Meropenem Trihydrate,1 gm/vial,Healthcare Pharmaceuticals Ltd.,"1 gm vial: ৳ 1,350.00",
8240,Neopenem,allopathic,neopenemiv-injection-or-infusion500-mgvial,IV Injection or Infusion,Meropenem Trihydrate,500 mg/vial,Healthcare Pharmaceuticals Ltd.,500 mg vial: ৳ 750.00,
10593,Neopara Plus,allopathic,neopara-plustablet500-mg65-mg,Tablet,Paracetamol + Caffeine,500 mg+65 mg,Bristol Pharmaceuticals Ltd.,"Unit Price: ৳ 1.50,(100's pack: ৳ 150.00),",(100's pack: ৳ 150.00)
32400,Nepanil TS,allopathic,nepanil-tsophthalmic-suspension03,Ophthalmic Suspension,Nepafenac,0.30%,Incepta Pharmaceuticals Ltd.,5 ml drop: ৳ 225.00,
32399,Nepanil,allopathic,nepanilophthalmic-suspension01,Ophthalmic Suspension,Nepafenac,0.10%,Incepta Pharmaceuticals Ltd.,5 ml drop: ৳ 150.00,
22837,Nepagen TS,allopathic,nepagen-tsophthalmic-suspension03,Ophthalmic Suspension,Nepafenac,0.30%,General Pharmaceuticals Ltd.,5 ml drop: ৳ 225.00,
22836,Nepagen,allopathic,nepagenophthalmic-suspension01,Ophthalmic Suspension,Nepafenac,0.10%,General Pharmaceuticals Ltd.,5 ml drop: ৳ 150.00,
31133,Nepafix TS,allopathic,nepafix-tsophthalmic-suspension03,Ophthalmic Suspension,Nepafenac,0.30%,Healthcare Pharmaceuticals Ltd.,5 ml drop: ৳ 225.00,
31132,Nepafix,allopathic,nepafixophthalmic-suspension01,Ophthalmic Suspension,Nepafenac,0.10%,Healthcare Pharmaceuticals Ltd.,5 ml drop: ৳ 150.00,
27734,Nepafen,allopathic,nepafenophthalmic-suspension01,Ophthalmic Suspension,Nepafenac,0.10%,Opso Saline Ltd.,5 ml drop: ৳ 150.00,
22839,Nep TS,allopathic,nep-tsophthalmic-suspension03,Ophthalmic Suspension,Nepafenac,0.30%,Ibn Sina Pharmaceuticals Ltd.,5 ml drop: ৳ 225.00,
25633,Neozith,allopathic,neozithtablet500-mg,Tablet,Azithromycin Dihydrate,500 mg,Marksman Pharmaceuticals Ltd.,"Unit Price: ৳ 35.00,(3's pack: ৳ 105.00),",(3's pack: ৳ 105.00)
25632,Neozith,allopathic,neozithpowder-for-suspension200-mg5-ml,Powder for Suspension,Azithromycin Dihydrate,200 mg/5 ml,Marksman Pharmaceuticals Ltd.,15 ml bottle: ৳ 85.00,
12370,Neozine,allopathic,neozinecream1,Cream,Silver Sulfadiazine,1%,Opsonin Pharma Ltd.,"25 gm tube: ৳ 30.11,250 gm tube: ৳ 225.85,500 gm tube: ৳ 399.00",
4354,Neoxit,allopathic,neoxittablet05-mg10-mg,Tablet,Flupentixol + Melitracen,0.5 mg+10 mg,Novo Healthcare and Pharma Ltd.,"Unit Price: ৳ 4.02,(30's pack: ৳ 120.46),",(30's pack: ৳ 120.46)
9511,Neovox,allopathic,neovoxtablet500-mg,Tablet,Levofloxacin Hemihydrate,500 mg,Jenphar Bangladesh Ltd.,"Unit Price: ৳ 16.00,(20's pack: ৳ 320.00),",(20's pack: ৳ 320.00)
30942,Neovera,allopathic,neoveratablet6-mg,Tablet,Ivermectin (Tablet),6 mg,Concord Pharmaceuticals Ltd.,"Unit Price: ৳ 10.00,(20's pack: ৳ 200.00),",(20's pack: ৳ 200.00)
30941,Neovera,allopathic,neoveratablet12-mg,Tablet,Ivermectin (Tablet),12 mg,Concord Pharmaceuticals Ltd.,"Unit Price: ৳ 20.00,(10's pack: ৳ 200.00),",(10's pack: ৳ 200.00)
9085,Neotrim,allopathic,neotrimoral-suspension200-mg40-mg5-ml,Oral Suspension,Sulphamethoxazole + Trimethoprim,(200 mg+40 mg)/5 ml,Medicon Pharmaceuticals Ltd.,60 ml bottle: ৳ 19.32,
23846,Nepco,allopathic,nepcocapsule100-mg,Capsule,Pregabalin,100 mg,Pacific Pharmaceuticals Ltd.,"Unit Price: ৳ 22.00,(20's pack: ৳ 440.00),",(20's pack: ৳ 440.00)
23845,Nepco,allopathic,nepcocapsule75-mg,Capsule,Pregabalin,75 mg,Pacific Pharmaceuticals Ltd.,"Unit Price: ৳ 19.00,(30's pack: ৳ 570.00),",(30's pack: ৳ 570.00)
23844,Nepco,allopathic,nepcocapsule50-mg,Capsule,Pregabalin,50 mg,Pacific Pharmaceuticals Ltd.,"Unit Price: ৳ 14.00,(30's pack: ৳ 420.00),",(30's pack: ৳ 420.00)
23843,Nepco,allopathic,nepcocapsule25-mg,Capsule,Pregabalin,25 mg,Pacific Pharmaceuticals Ltd.,"Unit Price: ৳ 10.00,(30's pack: ৳ 300.00),",(30's pack: ৳ 300.00)
22840,Neparact TS,allopathic,neparact-tsophthalmic-suspension03,Ophthalmic Suspension,Nepafenac,0.30%,Navana Pharmaceuticals Ltd.,"3 ml drop: ৳ 145.00,5 ml drop: ৳ 225.00",
10316,Neotrax,allopathic,neotraxsyrup40-mg5-ml,Syrup,Levamisole,40 mg/5 ml,ACME Laboratories Ltd.,30 ml bottle: ৳ 24.00,
10315,Neotrax,allopathic,neotraxtablet40-mg,Tablet,Levamisole,40 mg,ACME Laboratories Ltd.,"Unit Price: ৳ 0.43,(200's pack: ৳ 86.00),",(200's pack: ৳ 86.00)
12355,Neotracin,allopathic,neotracintopical-powder5-mg250-iugm,Topical Powder,Neomycin Sulfate + Bacitracin Zinc,(5 mg+250 IU)/gm,ACME Laboratories Ltd.,"5 gm pack: ৳ 10.18,10 gm pack: ৳ 20.13",
12354,Neotracin,allopathic,neotracinointment5-mg500-iugm,Ointment,Neomycin Sulfate + Bacitracin Zinc,(5 mg+500 IU)/gm,ACME Laboratories Ltd.,10 gm tube: ৳ 17.48,
27631,Neotison,allopathic,neotisoninhalation-capsule200-mcg,Inhalation Capsule,Fluticasone Furoate,200 mcg,Incepta Pharmaceuticals Ltd.,"Unit Price: ৳ 10.00,(30's pack: ৳ 300.00),",(30's pack: ৳ 300.00)
27630,Neotison,allopathic,neotisoninhalation-capsule100-mcg,Inhalation Capsule,Fluticasone Furoate,100 mcg,Incepta Pharmaceuticals Ltd.,"Unit Price: ৳ 8.00,(30's pack: ৳ 240.00),",(30's pack: ৳ 240.00)
16313,Neotison,allopathic,neotisonnasal-spray275-mcgspray,Nasal Spray,Fluticasone Furoate,27.5 mcg/spray,Incepta Pharmaceuticals Ltd.,120 metered sprays: ৳ 260.00,
1727,Neotin,allopathic,neotintablet150-mg,Tablet,Ranitidine Hydrochloride,150 mg,Nipa Pharmaceuticals Ltd.,"Unit Price: ৳ 2.50,(100's pack: ৳ 250.00),",(100's pack: ৳ 250.00)
1726,Neotid,allopathic,neotidtablet150-mg,Tablet,Ranitidine Hydrochloride,150 mg,Modern Pharmaceuticals Ltd.,"Unit Price: ৳ 3.75,(100's pack: ৳ 375.00),",(100's pack: ৳ 375.00)
13444,Nervex,allopathic,nervextablet500-mcg,Tablet,Mecobalamin,500 mcg,Orion Pharma Ltd.,"Unit Price: ৳ 4.03,(50's pack: ৳ 201.50),",(50's pack: ৳ 201.50)
32598,Nervalin CR,allopathic,nervalin-crtablet-extended-release165-mg,Tablet (Extended Release),Pregabalin,165 mg,Beximco Pharmaceuticals Ltd.,"Unit Price: ৳ 35.00,(20's pack: ৳ 700.00),",(20's pack: ৳ 700.00)
32597,Nervalin CR,allopathic,nervalin-crtablet-extended-release825-mg,Tablet (Extended Release),Pregabalin,82.5 mg,Beximco Pharmaceuticals Ltd.,"Unit Price: ৳ 25.00,(20's pack: ৳ 500.00),",(20's pack: ৳ 500.00)
32017,Nervalin CR,allopathic,nervalin-crtablet-extended-release330-mg,Tablet (Extended Release),Pregabalin,330 mg,Beximco Pharmaceuticals Ltd.,"Unit Price: ৳ 45.00,(10's pack: ৳ 450.00),",(10's pack: ৳ 450.00)
32476,Nervalin,allopathic,nervalinoral-solution100-mg5-ml,Oral Solution,Pregabalin,100 mg/5 ml,Beximco Pharmaceuticals Ltd.,100 ml bottle: ৳ 220.00,
23809,Nervalin,allopathic,nervalincapsule25-mg,Capsule,Pregabalin,25 mg,Beximco Pharmaceuticals Ltd.,"Unit Price: ৳ 8.00,(30's pack: ৳ 240.00),",(30's pack: ৳ 240.00)
4993,Nervalin,allopathic,nervalincapsule75-mg,Capsule,Pregabalin,75 mg,Beximco Pharmaceuticals Ltd.,"Unit Price: ৳ 16.00,(30's pack: ৳ 480.00),",(30's pack: ৳ 480.00)
4992,Nervalin,allopathic,nervalincapsule50-mg,Capsule,Pregabalin,50 mg,Beximco Pharmaceuticals Ltd.,"Unit Price: ৳ 11.00,(30's pack: ৳ 330.00),",(30's pack: ৳ 330.00)
28114,Nervaid,allopathic,nervaidcapsule75-mg,Capsule,Pregabalin,75 mg,Jenphar Bangladesh Ltd.,"Unit Price: ৳ 12.00,(30's pack: ৳ 360.00),",(30's pack: ৳ 360.00)
28113,Nervaid,allopathic,nervaidcapsule50-mg,Capsule,Pregabalin,50 mg,Jenphar Bangladesh Ltd.,"Unit Price: ৳ 10.00,(30's pack: ৳ 300.00),",(30's pack: ৳ 300.00)
13660,Nerva,allopathic,nervatablet100-mg200-mg200-mcg,Tablet,"Vitamin B1, B6 & B12",100 mg+200 mg+200 mcg,Pharmadesh Laboratories Ltd.,"Unit Price: ৳ 4.50,(30's pack: ৳ 135.00),",(30's pack: ৳ 135.00)
32950,Nerv B,allopathic,nerv-btablet100-mg200-mg200-mcg,Tablet,"Vitamin B1, B6 & B12",100 mg+200 mg+200 mcg,Gaco Pharmaceuticals Ltd.,"Unit Price: ৳ 7.00,(30's pack: ৳ 210.00),",(30's pack: ৳ 210.00)
24399,Nerupa,allopathic,nerupatablet10-mg,Tablet,Rupatadine Fumarate,10 mg,Team Pharmaceuticals Ltd.,"Unit Price: ৳ 9.50,(30's pack: ৳ 285.00),",(30's pack: ৳ 285.00)
15522,Nerkein,allopathic,nerkeininjection05,Injection,Bupivacaine Hydrochloride,0.50%,Beximco Pharmaceuticals Ltd.,30 ml vial: ৳ 60.00,
30266,Nerfid,allopathic,nerfidcapsule150-mg,Capsule,Pregabalin,150 mg,The White Horse Pharma,Unit Price: ৳ 30.00,
23865,Nerfid,allopathic,nerfidcapsule50-mg,Capsule,Pregabalin,50 mg,The White Horse Pharma,"Unit Price: ৳ 12.00,(30's pack: ৳ 360.00),",(30's pack: ৳ 360.00)
29579,Nescom,allopathic,nescomtablet-delayed-release500-mg20-mg,Tablet (Delayed Release),Naproxen Sodium + Esomeprazole Magnesium,500 mg+20 mg,Veritas Pharmaceuticals Ltd.,"Unit Price: ৳ 10.00,(30's pack: ৳ 300.00),",(30's pack: ৳ 300.00)
23803,Nervopex,allopathic,nervopextablet100-mg200-mg200-mcg,Tablet,"Vitamin B1, B6 & B12",100 mg+200 mg+200 mcg,Apex Pharmaceuticals Ltd.,"Unit Price: ৳ 7.00,(50's pack: ৳ 350.00),",(50's pack: ৳ 350.00)
13446,Nerviton,allopathic,nervitonimiv-injection500-mcgml,IM/IV Injection,Mecobalamin,500 mcg/ml,Opsonin Pharma Ltd.,"1 ml ampoule: ৳ 30.11,(5's pack: ৳ 150.55),",(5's pack: ৳ 150.55)
13445,Nerviton,allopathic,nervitontablet500-mcg,Tablet,Mecobalamin,500 mcg,Opsonin Pharma Ltd.,"Unit Price: ৳ 4.02,(50's pack: ৳ 201.00),",(50's pack: ৳ 201.00)
13662,Nerviplex,allopathic,nerviplexim-injection100-mg100-mg1-mg3-ml,IM Injection,"Vitamin B1, B6 & B12",(100 mg+100 mg+1 mg)/3 ml,Jayson Pharmaceuticals Ltd.,"3 ml ampoule: ৳ 25.17,(5's pack: ৳ 125.85),",(5's pack: ৳ 125.85)
13661,Nerviplex,allopathic,nerviplextablet100-mg200-mg200-mcg,Tablet,"Vitamin B1, B6 & B12",100 mg+200 mg+200 mcg,Jayson Pharmaceuticals Ltd.,"Unit Price: ৳ 6.00,(30's pack: ৳ 180.00),",(30's pack: ৳ 180.00)
13630,Nervin,allopathic,nervininjection100-mg50-mg100-mg2-ml,Injection,"Vitamin B1, B2 & B6",(100 mg+50 mg+100 mg)/2 ml,Jayson Pharmaceuticals Ltd.,"2 ml ampoule: ৳ 11.00,(10's pack: ৳ 110.00),",(10's pack: ৳ 110.00)
4991,Nerfid,allopathic,nerfidcapsule75-mg,Capsule,Pregabalin,75 mg,The White Horse Pharma,"Unit Price: ৳ 16.00,(30's pack: ৳ 480.00),",(30's pack: ৳ 480.00)
13659,Nerbo,allopathic,nerbotablet100-mg200-mg200-mcg,Tablet,"Vitamin B1, B6 & B12",100 mg+200 mg+200 mcg,Sharif Pharmaceuticals Ltd.,"Unit Price: ৳ 7.00,(60's pack: ৳ 420.00),",(60's pack: ৳ 420.00)
2082,Neptor,allopathic,neptorcapsule-delayed-release40-mg,Capsule (Delayed Release),Esomeprazole,40 mg,SANDOZ (A Novartis Division),"Unit Price: ৳ 12.00,(40's pack: ৳ 480.00),",(40's pack: ৳ 480.00)
2081,Neptor,allopathic,neptorcapsule-delayed-release20-mg,Capsule (Delayed Release),Esomeprazole,20 mg,SANDOZ (A Novartis Division),"Unit Price: ৳ 8.50,(80's pack: ৳ 680.01),",(80's pack: ৳ 680.01)
4916,Nepsy,allopathic,nepsytablet300-mg,Tablet,Gabapentin,300 mg,Eskayef Pharmaceuticals Ltd.,"Unit Price: ৳ 16.00,(20's pack: ৳ 320.00),",(20's pack: ৳ 320.00)
27632,Nepofer,allopathic,nepoferiv-infusion272-mg5-ml,IV Infusion,Ferric Pyrophosphate Citrate,27.2 mg/5 ml,Incepta Pharmaceuticals Ltd.,5 ml ampoule: ৳ 500.00,
28566,Nepco,allopathic,nepcocapsule150-mg,Capsule,Pregabalin,150 mg,Pacific Pharmaceuticals Ltd.,"Unit Price: ৳ 35.00,(10's pack: ৳ 350.00),",(10's pack: ৳ 350.00)
32521,Neugalin XR,allopathic,neugalin-xrtablet-extended-release825-mg,Tablet (Extended Release),Pregabalin,82.5 mg,ACME Laboratories Ltd.,"Unit Price: ৳ 25.00,(30's pack: ৳ 750.00),",(30's pack: ৳ 750.00)
33016,Neugalin,allopathic,neugalincapsule150-mg,Capsule,Pregabalin,150 mg,ACME Laboratories Ltd.,"Unit Price: ৳ 30.10,(30's pack: ৳ 903.00),",(30's pack: ৳ 903.00)
23802,Neugalin,allopathic,neugalincapsule25-mg,Capsule,Pregabalin,25 mg,ACME Laboratories Ltd.,"Unit Price: ৳ 8.00,(30's pack: ৳ 240.00),",(30's pack: ৳ 240.00)
4998,Neugalin,allopathic,neugalincapsule75-mg,Capsule,Pregabalin,75 mg,ACME Laboratories Ltd.,"Unit Price: ৳ 16.04,(30's pack: ৳ 481.20),",(30's pack: ৳ 481.20)
4997,Neugalin,allopathic,neugalincapsule50-mg,Capsule,Pregabalin,50 mg,ACME Laboratories Ltd.,"Unit Price: ৳ 12.70,(30's pack: ৳ 381.00),",(30's pack: ৳ 381.00)
23860,Neugaba,allopathic,neugabacapsule25-mg,Capsule,Pregabalin,25 mg,Sun Pharmaceutical Ltd.,"Unit Price: ৳ 9.00,(50's pack: ৳ 450.00),",(50's pack: ৳ 450.00)
4996,Neugaba,allopathic,neugabacapsule150-mg,Capsule,Pregabalin,150 mg,Sun Pharmaceutical Ltd.,"Unit Price: ৳ 30.10,(30's pack: ৳ 902.85),",(30's pack: ৳ 902.85)
4995,Neugaba,allopathic,neugabacapsule75-mg,Capsule,Pregabalin,75 mg,Sun Pharmaceutical Ltd.,"Unit Price: ৳ 16.05,(30's pack: ৳ 481.50),",(30's pack: ৳ 481.50)
4994,Neugaba,allopathic,neugabacapsule50-mg,Capsule,Pregabalin,50 mg,Sun Pharmaceutical Ltd.,"Unit Price: ৳ 14.00,(50's pack: ৳ 700.00),",(50's pack: ৳ 700.00)
28653,Neufil,allopathic,neufilivsc-injection120-mcg02-ml,IV/SC Injection,Filgrastim,120 mcg/0.2 ml,Healthcare Pharmaceuticals Ltd.,"0.2 ml pre-filled syringe: ৳ 1,450.00",
17292,Neufil,allopathic,neufilivsc-injection300-mcg05-ml,IV/SC Injection,Filgrastim,300 mcg/0.5 ml,Healthcare Pharmaceuticals Ltd.,"0.5 ml pre-filled syringe: ৳ 3,200.00",
13667,Neucos-B,allopathic,neucos-btablet100-mg200-mg200-mcg,Tablet,"Vitamin B1, B6 & B12",100 mg+200 mg+200 mcg,Radiant Pharmaceuticals Ltd.,"Unit Price: ৳ 11.03,(50's pack: ৳ 551.50),",(50's pack: ৳ 551.50)
13666,Neubin,allopathic,neubinim-injection100-mg100-mg1-mg3-ml,IM Injection,"Vitamin B1, B6 & B12",(100 mg+100 mg+1 mg)/3 ml,Ziska Pharmaceuticals Ltd.,"3 ml ampoule: ৳ 25.00,(10's pack: ৳ 250.00),",(10's pack: ৳ 250.00)
13665,Neubin,allopathic,neubintablet100-mg200-mg200-mcg,Tablet,"Vitamin B1, B6 & B12",100 mg+200 mg+200 mcg,Ziska Pharmaceuticals Ltd.,"Unit Price: ৳ 8.00,(40's pack: ৳ 320.00),",(40's pack: ৳ 320.00)
13664,Neu-3,allopathic,neu-3tablet100-mg200-mg200-mcg,Tablet,"Vitamin B1, B6 & B12",100 mg+200 mg+200 mcg,Cosmic Pharma Ltd.,"Unit Price: ৳ 7.00,(30's pack: ৳ 210.00),",(30's pack: ৳ 210.00)
31535,Netis,allopathic,netisoral-solution25-mg5-ml,Oral Solution,Levocetirizine Dihydrochloride,2.5 mg/5 ml,Opsonin Pharma Ltd.,60 ml bottle: ৳ 50.00,
3656,Neulyn,allopathic,neulyntablet-sustained-release400-mg,Tablet (Sustained Release),Theophylline,400 mg,Orion Pharma Ltd.,"Unit Price: ৳ 2.52,(100's pack: ৳ 252.00),",(100's pack: ৳ 252.00)
15198,Neugrastim,allopathic,neugrastimivsc-injection300-mcg05-ml,IV/SC Injection,Filgrastim,300 mcg/0.5 ml,Techno Drugs Ltd.,"0.5 ml pre-filled syringe: ৳ 2,800.00",
32522,Neugalin XR,allopathic,neugalin-xrtablet-extended-release165-mg,Tablet (Extended Release),Pregabalin,165 mg,ACME Laboratories Ltd.,"Unit Price: ৳ 35.00,(30's pack: ৳ 1,050.00),","(30's pack: ৳ 1,050.00)"
31399,Netis,allopathic,netistablet5-mg,Tablet,Levocetirizine Dihydrochloride,5 mg,Opsonin Pharma Ltd.,"Unit Price: ৳ 3.50,(100's pack: ৳ 350.00),",(100's pack: ৳ 350.00)
24185,Netac-R,allopathic,netac-rtablet150-mg,Tablet,Ranitidine Hydrochloride,150 mg,RN Pharmaceuticals,Unit Price: ৳ 1.55,
30373,Nesudil Plus,allopathic,nesudil-plusophthalmic-solution002-0005,Ophthalmic Solution,Netarsudil + Latanoprost,0.02% + 0.005%,Aristopharma Ltd.,3 ml drop: ৳ 750.00,
31288,Nesudil,allopathic,nesudilophthalmic-solution002,Ophthalmic Solution,Netarsudil Dimesylate,0.02%,Aristopharma Ltd.,3 ml drop: ৳ 750.00,
3388,Nestor,allopathic,nestortablet10-mg,Tablet,Rosuvastatin,10 mg,Navana Pharmaceuticals Ltd.,"Unit Price: ৳ 20.06,(20's pack: ৳ 401.28),",(20's pack: ৳ 401.28)
3387,Nestor,allopathic,nestortablet5-mg,Tablet,Rosuvastatin,5 mg,Navana Pharmaceuticals Ltd.,"Unit Price: ৳ 10.03,(30's pack: ৳ 300.93),",(30's pack: ৳ 300.93)
22801,Nesotem,allopathic,nesotemtablet-delayed-release375-mg20-mg,Tablet (Delayed Release),Naproxen Sodium + Esomeprazole Magnesium,375 mg+20 mg,Team Pharmaceuticals Ltd.,"Unit Price: ৳ 7.50,(20's pack: ৳ 150.00),",(20's pack: ৳ 150.00)
22800,Nesotem,allopathic,nesotemtablet-delayed-release500-mg20-mg,Tablet (Delayed Release),Naproxen Sodium + Esomeprazole Magnesium,500 mg+20 mg,Team Pharmaceuticals Ltd.,"Unit Price: ৳ 9.50,(20's pack: ৳ 190.00),",(20's pack: ৳ 190.00)
11568,Neso,allopathic,nesotablet-delayed-release500-mg20-mg,Tablet (Delayed Release),Naproxen Sodium + Esomeprazole Magnesium,500 mg+20 mg,Aristopharma Ltd.,"Unit Price: ৳ 14.00,(50's pack: ৳ 700.00),",(50's pack: ৳ 700.00)
11567,Neso,allopathic,nesotablet-delayed-release375-mg20-mg,Tablet (Delayed Release),Naproxen Sodium + Esomeprazole Magnesium,375 mg+20 mg,Aristopharma Ltd.,"Unit Price: ৳ 12.00,(50's pack: ৳ 600.00),",(50's pack: ৳ 600.00)
27056,Nesifin,allopathic,nesifinoral-emulsion300-mg125-ml5-ml,Oral Emulsion,Magnesium Hydroxide + Liquid Paraffin,(300 mg+1.25 ml)/5 ml,Opsonin Pharma Ltd.,"50 ml bottle: ৳ 55.00,100 ml bottle: ৳ 95.00",
32389,Neurocet,allopathic,neurocettablet-extended-release500-mg,Tablet (Extended Release),Levetiracetam,500 mg,Incepta Pharmaceuticals Ltd.,"Unit Price: ৳ 30.00,(20's pack: ৳ 600.00),",(20's pack: ৳ 600.00)
32388,Neurocet,allopathic,neurocettablet-extended-release750-mg,Tablet (Extended Release),Levetiracetam,750 mg,Incepta Pharmaceuticals Ltd.,"Unit Price: ৳ 40.00,(20's pack: ৳ 800.00),",(20's pack: ৳ 800.00)
30960,Neurocet,allopathic,neurocetiv-infusion500-mg5-ml,IV Infusion,Levetiracetam,500 mg/5 ml,Incepta Pharmaceuticals Ltd.,"5 ml ampoule: ৳ 40.00,(5's pack: ৳ 200.00),",(5's pack: ৳ 200.00)
30179,Neurocet,allopathic,neurocetoral-solution500-mg5-ml,Oral Solution,Levetiracetam,500 mg/5 ml,Incepta Pharmaceuticals Ltd.,60 ml bottle: ৳ 240.00,
21482,Neurocet,allopathic,neurocettablet500-mg,Tablet,Levetiracetam,500 mg,Incepta Pharmaceuticals Ltd.,"Unit Price: ৳ 25.00,(30's pack: ৳ 750.00),",(30's pack: ৳ 750.00)
21481,Neurocet,allopathic,neurocettablet250-mg,Tablet,Levetiracetam,250 mg,Incepta Pharmaceuticals Ltd.,"Unit Price: ৳ 15.00,(30's pack: ৳ 450.00),",(30's pack: ৳ 450.00)
13677,Neurocare,allopathic,neurocaretablet100-mg200-mg200-mcg,Tablet,"Vitamin B1, B6 & B12",100 mg+200 mg+200 mcg,Beximco Pharmaceuticals Ltd.,"Unit Price: ৳ 8.00,(30's pack: ৳ 240.00),",(30's pack: ৳ 240.00)
13676,Neurobest,allopathic,neurobestim-injection100-mg100-mg1-mg3-ml,IM Injection,"Vitamin B1, B6 & B12",(100 mg+100 mg+1 mg)/3 ml,Renata Limited,"3 ml ampoule: ৳ 30.00,(10's pack: ৳ 300.00),",(10's pack: ৳ 300.00)
13675,Neurobest,allopathic,neurobesttablet100-mg200-mg200-mcg,Tablet,"Vitamin B1, B6 & B12",100 mg+200 mg+200 mcg,Renata Limited,"Unit Price: ৳ 8.00,(60's pack: ৳ 480.00),",(60's pack: ৳ 480.00)
13672,Neuroaid,allopathic,neuroaidtablet100-mg200-mg200-mcg,Tablet,"Vitamin B1, B6 & B12",100 mg+200 mg+200 mcg,Novo Healthcare and Pharma Ltd.,"Unit Price: ৳ 5.02,(50's pack: ৳ 250.75),",(50's pack: ৳ 250.75)
13674,Neuro-B,allopathic,neuro-bim-injection100-mg100-mg1-mg3-ml,IM Injection,"Vitamin B1, B6 & B12",(100 mg+100 mg+1 mg)/3 ml,Square Pharmaceuticals Ltd.,"3 ml ampoule: ৳ 25.17,(10's pack: ৳ 251.70),",(10's pack: ৳ 251.70)
13673,Neuro-B,allopathic,neuro-btablet100-mg200-mg200-mcg,Tablet,"Vitamin B1, B6 & B12",100 mg+200 mg+200 mcg,Square Pharmaceuticals Ltd.,"Unit Price: ৳ 8.00,(30's pack: ৳ 240.00),",(30's pack: ৳ 240.00)
27408,Neuro Vitamin,allopathic,neuro-vitamintablet100-mg200-mg200-mcg,Tablet,"Vitamin B1, B6 & B12",100 mg+200 mg+200 mcg,Premier Pharmaceuticals Ltd.,"50 tablet strip: ৳ 350.00,30 tablet pot: ৳ 210.00",
33011,Neurica,allopathic,neuricacapsule150-mg,Capsule,Pregabalin,150 mg,Globe Pharmaceuticals Ltd.,"Unit Price: ৳ 30.00,(20's pack: ৳ 600.00),",(20's pack: ৳ 600.00)
23822,Neurica,allopathic,neuricacapsule50-mg,Capsule,Pregabalin,50 mg,Globe Pharmaceuticals Ltd.,"Unit Price: ৳ 10.00,(30's pack: ৳ 300.00),",(30's pack: ৳ 300.00)
5052,Neurica,allopathic,neuricacapsule75-mg,Capsule,Pregabalin,75 mg,Globe Pharmaceuticals Ltd.,"Unit Price: ৳ 16.00,(30's pack: ৳ 480.00),",(30's pack: ৳ 480.00)
13679,Neurodol,allopathic,neurodoltablet100-mg200-mg200-mcg,Tablet,"Vitamin B1, B6 & B12",100 mg+200 mg+200 mcg,Rangs Pharmaceuticals Ltd.,"Unit Price: ৳ 6.00,(30's pack: ৳ 180.00),",(30's pack: ৳ 180.00)
25333,Neurocone,allopathic,neuroconetablet100-mg200-mg200-mcg,Tablet,"Vitamin B1, B6 & B12",100 mg+200 mg+200 mcg,Pharmik Laboratories Ltd.,Unit Price: ৳ 7.00,
13678,Neurocon,allopathic,neurocontablet100-mg200-mg200-mcg,Tablet,"Vitamin B1, B6 & B12",100 mg+200 mg+200 mcg,Novelta Bestway Pharma Ltd.,"Unit Price: ৳ 5.00,(50's pack: ৳ 250.00),",(50's pack: ৳ 250.00)
13671,Neurex-B,allopathic,neurex-btablet100-mg200-mg200-mcg,Tablet,"Vitamin B1, B6 & B12",100 mg+200 mg+200 mcg,Silva Pharmaceuticals Ltd.,"Unit Price: ৳ 7.00,(60's pack: ৳ 420.00),",(60's pack: ৳ 420.00)
13670,Neurep,allopathic,neureptablet100-mg200-mg200-mcg,Tablet,"Vitamin B1, B6 & B12",100 mg+200 mg+200 mcg,Biopharma Laboratories Ltd.,"Unit Price: ৳ 8.00,(60's pack: ৳ 480.00),",(60's pack: ৳ 480.00)
5004,Neurega,allopathic,neuregacapsule100-mg,Capsule,Pregabalin,100 mg,Ibn Sina Pharmaceuticals Ltd.,"Unit Price: ৳ 22.00,(12's pack: ৳ 264.00),",(12's pack: ৳ 264.00)
5003,Neurega,allopathic,neuregacapsule75-mg,Capsule,Pregabalin,75 mg,Ibn Sina Pharmaceuticals Ltd.,"Unit Price: ৳ 17.00,(20's pack: ৳ 340.00),",(20's pack: ৳ 340.00)
5002,Neurega,allopathic,neuregacapsule50-mg,Capsule,Pregabalin,50 mg,Ibn Sina Pharmaceuticals Ltd.,"Unit Price: ৳ 13.00,(20's pack: ৳ 260.00),",(20's pack: ৳ 260.00)
5001,Neurega,allopathic,neuregacapsule25-mg,Capsule,Pregabalin,25 mg,Ibn Sina Pharmaceuticals Ltd.,"Unit Price: ৳ 8.00,(20's pack: ৳ 160.00),",(20's pack: ৳ 160.00)
5161,Neuratam,allopathic,neuratamsyrup500-mg5-ml,Syrup,Piracetam,500 mg/5 ml,Ibn Sina Pharmaceuticals Ltd.,100 ml bottle: ৳ 150.00,
5160,Neuratam,allopathic,neuratamtablet800-mg,Tablet,Piracetam,800 mg,Ibn Sina Pharmaceuticals Ltd.,"Unit Price: ৳ 6.00,(50's pack: ৳ 300.00),",(50's pack: ৳ 300.00)
13669,Neuralgin,allopathic,neuralginim-injection100-mg100-mg1-mg3-ml,IM Injection,"Vitamin B1, B6 & B12",(100 mg+100 mg+1 mg)/3 ml,Ibn Sina Pharmaceuticals Ltd.,"3 ml ampoule: ৳ 26.00,(10's pack: ৳ 260.00),",(10's pack: ৳ 260.00)
13668,Neuralgin,allopathic,neuralgintablet100-mg200-mg200-mcg,Tablet,"Vitamin B1, B6 & B12",100 mg+200 mg+200 mcg,Ibn Sina Pharmaceuticals Ltd.,"Unit Price: ৳ 5.00,(60's pack: ৳ 300.00),",(60's pack: ৳ 300.00)
13448,Neural,allopathic,neuraltablet500-mcg,Tablet,Mecobalamin,500 mcg,Healthcare Pharmaceuticals Ltd.,"Unit Price: ৳ 4.25,(60's pack: ৳ 255.00),",(60's pack: ৳ 255.00)
13680,Neuvital,allopathic,neuvitaltablet100-mg200-mg200-mcg,Tablet,"Vitamin B1, B6 & B12",100 mg+200 mg+200 mcg,UniMed UniHealth,"Unit Price: ৳ 5.00,(30's pack: ৳ 150.00),",(30's pack: ৳ 150.00)
25340,Neuvit Plus,allopathic,neuvit-plustablet100-mg200-mg200-mcg,Tablet,"Vitamin B1, B6 & B12",100 mg+200 mg+200 mcg,United Pharmaceuticals Ltd.,"Unit Price: ৳ 7.00,(30's pack: ৳ 210.00),",(30's pack: ৳ 210.00)
27391,Neuvit,allopathic,neuvittablet100-mg,Tablet,Thiamine Hydrochloride,100 mg,United Pharmaceuticals Ltd.,"Unit Price: ৳ 0.75,(250's pack: ৳ 186.76),",(250's pack: ৳ 186.76)
17525,Neutral S,allopathic,neutral-soral-suspension200-mg400-mg30-mg5-ml,Oral Suspension,Aluminium Hydroxide + Magnesium Hydroxide + Simethicone,(200 mg+400 mg+30 mg)/5 ml,Hallmark Pharmaceuticals Ltd.,200 ml bottle: ৳ 75.23,
506,Neutral S,allopathic,neutral-schewable-tablet200-mg200-mg30-mg,Chewable Tablet,Aluminium Hydroxide + Magnesium Hydroxide + Simethicone,200 mg+200 mg+30 mg,Hallmark Pharmaceuticals Ltd.,"Unit Price: ৳ 0.79,(200's pack: ৳ 158.00),",(200's pack: ৳ 158.00)
28826,Neuroxen,allopathic,neuroxentablet100-mg200-mg200-mcg,Tablet,"Vitamin B1, B6 & B12",100 mg+200 mg+200 mcg,Everest Pharmaceuticals Ltd.,"Unit Price: ৳ 8.00,(30's pack: ৳ 240.00),",(30's pack: ৳ 240.00)
13590,Neurovit,allopathic,neurovitimiv-injection100-mgml,IM/IV Injection,Thiamine Hydrochloride,100 mg/ml,Medimet Pharmaceuticals Ltd.,"1 ml ampoule: ৳ 4.00,(10's pack: ৳ 40.00),",(10's pack: ৳ 40.00)
13589,Neurovit,allopathic,neurovittablet100-mg,Tablet,Thiamine Hydrochloride,100 mg,Medimet Pharmaceuticals Ltd.,"Unit Price: ৳ 0.74,(100's pack: ৳ 74.00),",(100's pack: ৳ 74.00)
33009,Neurovan,allopathic,neurovancapsule150-mg,Capsule,Pregabalin,150 mg,Aristopharma Ltd.,"Unit Price: ৳ 30.00,(30's pack: ৳ 900.00),",(30's pack: ৳ 900.00)
23805,Neurovan,allopathic,neurovancapsule25-mg,Capsule,Pregabalin,25 mg,Aristopharma Ltd.,"Unit Price: ৳ 8.00,(30's pack: ৳ 240.00),",(30's pack: ৳ 240.00)
5009,Neurovan,allopathic,neurovancapsule75-mg,Capsule,Pregabalin,75 mg,Aristopharma Ltd.,"Unit Price: ৳ 18.00,(30's pack: ৳ 540.00),",(30's pack: ৳ 540.00)
5008,Neurovan,allopathic,neurovancapsule50-mg,Capsule,Pregabalin,50 mg,Aristopharma Ltd.,"Unit Price: ৳ 14.00,(30's pack: ৳ 420.00),",(30's pack: ৳ 420.00)
13724,Neurotonic,allopathic,neurotonictablet100-mg200-mg200-mcg,Tablet,"Vitamin B1, B6 & B12",100 mg+200 mg+200 mcg,Globex Pharmaceuticals Ltd.,"Unit Price: ৳ 5.00,(30's pack: ৳ 150.00),",(30's pack: ৳ 150.00)
13723,Neurotonic,allopathic,neurotonicim-injection100-mg100-mg1-mg3-ml,IM Injection,"Vitamin B1, B6 & B12",(100 mg+100 mg+1 mg)/3 ml,Globex Pharmaceuticals Ltd.,3 ml ampoule: ৳ 25.00,
4918,Neurotin,allopathic,neurotintablet300-mg,Tablet,Gabapentin,300 mg,Silva Pharmaceuticals Ltd.,"Unit Price: ৳ 15.05,(30's pack: ৳ 451.50),",(30's pack: ৳ 451.50)
25321,Neuroson,allopathic,neurosontablet100-mg200-mg200-mcg,Tablet,"Vitamin B1, B6 & B12",100 mg+200 mg+200 mcg,Hudson Pharmaceuticals Ltd.,Unit Price: ৳ 8.00,
32176,Nevirax,allopathic,neviraxtablet150-mg100-mg,Tablet,Nirmatrelvir + Ritonavir,150 mg+100 mg,ACI Limited,"6 tablet combipack: ৳ 3,200.00",
1149,Nevan TS,allopathic,nevan-tsophthalmic-suspension03,Ophthalmic Suspension,Nepafenac,0.30%,Aristopharma Ltd.,5 ml drop: ৳ 225.00,
1148,Nevan,allopathic,nevanophthalmic-suspension01,Ophthalmic Suspension,Nepafenac,0.10%,Aristopharma Ltd.,5 ml drop: ৳ 150.00,
13721,Neuroprax,allopathic,neuropraxtablet100-mg200-mg200-mcg,Tablet,"Vitamin B1, B6 & B12",100 mg+200 mg+200 mcg,Concord Pharmaceuticals Ltd.,"Unit Price: ৳ 8.00,(60's pack: ৳ 480.00),,Unit Price: ৳ 8.00,(30's pack: ৳ 240.00),","(60's pack: ৳ 480.00),(30's pack: ৳ 240.00)"
4917,Neuropen,allopathic,neuropentablet300-mg,Tablet,Gabapentin,300 mg,Drug International Ltd.,"Unit Price: ৳ 16.05,(30's pack: ৳ 481.50),",(30's pack: ৳ 481.50)
13720,Neuromate,allopathic,neuromatetablet100-mg200-mg200-mcg,Tablet,"Vitamin B1, B6 & B12",100 mg+200 mg+200 mcg,Labaid Pharma Ltd.,"Unit Price: ৳ 7.00,(50's pack: ৳ 350.18),",(50's pack: ৳ 350.18)
33014,Neurolin,allopathic,neurolincapsule150-mg,Capsule,Pregabalin,150 mg,Square Pharmaceuticals Ltd.,"Unit Price: ৳ 30.20,(10's pack: ৳ 302.00),",(10's pack: ৳ 302.00)
23859,Neurolin,allopathic,neurolincapsule25-mg,Capsule,Pregabalin,25 mg,Square Pharmaceuticals Ltd.,"Unit Price: ৳ 10.00,(30's pack: ৳ 300.00),",(30's pack: ৳ 300.00)
5006,Neurolin,allopathic,neurolincapsule75-mg,Capsule,Pregabalin,75 mg,Square Pharmaceuticals Ltd.,"Unit Price: ৳ 18.00,(30's pack: ৳ 540.00),",(30's pack: ৳ 540.00)
5005,Neurolin,allopathic,neurolincapsule50-mg,Capsule,Pregabalin,50 mg,Square Pharmaceuticals Ltd.,"Unit Price: ৳ 14.00,(30's pack: ৳ 420.00),",(30's pack: ৳ 420.00)
5154,Neurolep,allopathic,neurolepsyrup500-mg5-ml,Syrup,Piracetam,500 mg/5 ml,Square Pharmaceuticals Ltd.,100 ml bottle: ৳ 151.02,
5153,Neurolep,allopathic,neuroleptablet800-mg,Tablet,Piracetam,800 mg,Square Pharmaceuticals Ltd.,"Unit Price: ৳ 6.04,(50's pack: ৳ 302.00),",(50's pack: ৳ 302.00)
31491,Neurogin,allopathic,neurogintablet100-mg200-mg200-mcg,Tablet,"Vitamin B1, B6 & B12",100 mg+200 mg+200 mcg,Silco Pharmaceutical Ltd.,"Unit Price: ৳ 6.50,(30's pack: ৳ 195.00),,Unit Price: ৳ 6.50,(50's pack: ৳ 325.00),","(30's pack: ৳ 195.00),(50's pack: ৳ 325.00)"
11285,Neurofen,allopathic,neurofentablet400-mg,Tablet,Ibuprofen,400 mg,Globe Pharmaceuticals Ltd.,"Unit Price: ৳ 1.42,(100's pack: ৳ 142.00),",(100's pack: ৳ 142.00)
4065,Nexol,allopathic,nexolpediatric-drops6-mgml,Pediatric Drops,Ambroxol Hydrochloride,6 mg/ml,Aristopharma Ltd.,15 ml bottle: ৳ 30.00,
4064,Nexol,allopathic,nexolsyrup15-mg5-ml,Syrup,Ambroxol Hydrochloride,15 mg/5 ml,Aristopharma Ltd.,100 ml bottle: ৳ 40.00,
4477,Nexito,allopathic,nexitotablet10-mg,Tablet,Escitalopram Oxalate,10 mg,Sun Pharmaceutical Ltd.,"Unit Price: ৳ 10.53,(50's pack: ৳ 526.28),",(50's pack: ৳ 526.28)
4476,Nexito,allopathic,nexitotablet5-mg,Tablet,Escitalopram Oxalate,5 mg,Sun Pharmaceutical Ltd.,"Unit Price: ৳ 6.02,(50's pack: ৳ 301.00),",(50's pack: ৳ 301.00)
28154,Nexe,allopathic,nexeiv-injection40-mgvial,IV Injection,Esomeprazole,40 mg/vial,Apex Pharmaceuticals Ltd.,40 mg vial: ৳ 90.00,
26138,Nexe,allopathic,nexecapsule-delayed-release20-mg,Capsule (Delayed Release),Esomeprazole,20 mg,Apex Pharmaceuticals Ltd.,"Unit Price: ৳ 6.00,(60's pack: ৳ 360.00),",(60's pack: ৳ 360.00)
2086,Nexe,allopathic,nexecapsule-delayed-release40-mg,Capsule (Delayed Release),Esomeprazole,40 mg,Apex Pharmaceuticals Ltd.,"Unit Price: ৳ 8.00,(30's pack: ৳ 240.00),",(30's pack: ৳ 240.00)
2085,Nexe,allopathic,nexetablet-enteric-coated20-mg,Tablet (Enteric Coated),Esomeprazole,20 mg,Apex Pharmaceuticals Ltd.,"Unit Price: ৳ 5.00,(60's pack: ৳ 300.00),",(60's pack: ৳ 300.00)
31023,Nexdex,allopathic,nexdexcapsule-delayed-release60-mg,Capsule (Delayed Release),Dexlansoprazole,60 mg,Renata Limited,"Unit Price: ৳ 16.00,(30's pack: ৳ 480.00),",(30's pack: ৳ 480.00)
31021,Nexdex,allopathic,nexdexcapsule-delayed-release30-mg,Capsule (Delayed Release),Dexlansoprazole,30 mg,Renata Limited,"Unit Price: ৳ 9.00,(60's pack: ৳ 540.00),",(60's pack: ৳ 540.00)
4475,Nexcital,allopathic,nexcitaltablet10-mg,Tablet,Escitalopram Oxalate,10 mg,UniMed UniHealth,"Unit Price: ৳ 12.00,(30's pack: ৳ 360.00),",(30's pack: ৳ 360.00)
4474,Nexcital,allopathic,nexcitaltablet5-mg,Tablet,Escitalopram Oxalate,5 mg,UniMed UniHealth,"Unit Price: ৳ 7.00,(30's pack: ৳ 210.00),",(30's pack: ৳ 210.00)
2084,NexCap,allopathic,nexcapcapsule-delayed-release40-mg,Capsule (Delayed Release),Esomeprazole,40 mg,UniMed UniHealth,"Unit Price: ৳ 10.00,(28's pack: ৳ 280.00),,Unit Price: ৳ 10.00,(30's pack: ৳ 300.00),","(28's pack: ৳ 280.00),(30's pack: ৳ 300.00)"
2083,NexCap,allopathic,nexcapcapsule-delayed-release20-mg,Capsule (Delayed Release),Esomeprazole,20 mg,UniMed UniHealth,"Unit Price: ৳ 7.00,(56's pack: ৳ 392.00),",(56's pack: ৳ 392.00)
31597,Nexcal-D,allopathic,nexcal-dtablet500-mg200-iu,Tablet,Calcium Carbonate [Coral source] + Vitamin D3,500 mg+200 IU,Asiatic Laboratories Ltd.,"Unit Price: ৳ 10.00,(30's pack: ৳ 300.00),",(30's pack: ৳ 300.00)
28843,Nexataf,allopathic,nexataftablet25-mg,Tablet,Tenofovir Alafenamide,25 mg,Everest Pharmaceuticals Ltd.,"Unit Price: ৳ 90.00,(30's pack: ৳ 2,700.00),","(30's pack: ৳ 2,700.00)"
24050,Nexrab,allopathic,nexrabcapsule-delayed-release20-mg,Capsule (Delayed Release),Rabeprazole Sodium,20 mg,UniMed UniHealth,"Unit Price: ৳ 8.00,(28's pack: ৳ 224.00),,Unit Price: ৳ 8.00,(30's pack: ৳ 240.00),","(28's pack: ৳ 224.00),(30's pack: ৳ 240.00)"
29220,Nexovas,allopathic,nexovastablet10-mg,Tablet,Cilnidipine,10 mg,Healthcare Pharmaceuticals Ltd.,"Unit Price: ৳ 9.00,(30's pack: ৳ 270.00),",(30's pack: ৳ 270.00)
29219,Nexovas,allopathic,nexovastablet5-mg,Tablet,Cilnidipine,5 mg,Healthcare Pharmaceuticals Ltd.,"Unit Price: ৳ 7.00,(30's pack: ৳ 210.00),",(30's pack: ৳ 210.00)
30287,Nexopan Plus,allopathic,nexopan-plustablet-delayed-release500-mg20-mg,Tablet (Delayed Release),Naproxen Sodium + Esomeprazole Magnesium,500 mg+20 mg,The White Horse Pharma,"Unit Price: ৳ 13.00,(30's pack: ৳ 390.00),",(30's pack: ৳ 390.00)
30408,Nexolid,allopathic,nexolidtablet200-mg,Tablet,Tedizolid Phosphate,200 mg,Renata Limited,"Unit Price: ৳ 300.00,(6's pack: ৳ 1,800.00),","(6's pack: ৳ 1,800.00)"
24668,Nexanib,allopathic,nexanibtablet200-mg,Tablet,Sorafenib Tosylate,200 mg,Jenphar Bangladesh Ltd.,"Unit Price: ৳ 250.00,(28's pack: ৳ 7,000.00),","(28's pack: ৳ 7,000.00)"
13580,Newseas,allopathic,newseassyrup,Syrup,Multivitamin & Cod Liver Oil,,Sharif Pharmaceuticals Ltd.,"100 ml bottle: ৳ 80.24,200 ml bottle: ৳ 150.00",
9315,Newcip,allopathic,newciptablet500-mg,Tablet,Ciprofloxacin,500 mg,Bengal drugs Ltd.,"Unit Price: ৳ 14.00,(30's pack: ৳ 420.00),",(30's pack: ৳ 420.00)
14738,Newage,allopathic,newagetablet,Tablet,Multivitamins & Multiminerals [A-Z prenatal preparation],,Orion Pharma Ltd.,"Unit Price: ৳ 5.03,(30's pack: ৳ 150.90),",(30's pack: ৳ 150.90)
14806,New Orsa-A,allopathic,new-orsa-aoral-powder1025-gm,Oral Powder,Oral Rehydration Salt [Powder],10.25 gm,Ad-din Pharmaceuticals Ltd.,"Unit Price: ৳ 4.00,(20's pack: ৳ 80.00),",(20's pack: ৳ 80.00)
13725,Nevrona,allopathic,nevronatablet100-mg200-mg200-mcg,Tablet,"Vitamin B1, B6 & B12",100 mg+200 mg+200 mcg,One Pharma Ltd.,"Unit Price: ৳ 8.00,(30's pack: ৳ 240.00),",(30's pack: ৳ 240.00)
32718,Nevralip,allopathic,nevralipretard-tablet600-mg,Retard Tablet,Alpha Lipoic Acid,600 mg,River Pharma,"Unit Price: ৳ 54.67,(15's pack: ৳ 820.00),",(15's pack: ৳ 820.00)
16431,Nevola,allopathic,nevolatablet-extended-release50-mg,Tablet (Extended Release),Desvenlafaxine,50 mg,Ziska Pharmaceuticals Ltd.,"Unit Price: ৳ 10.00,(30's pack: ৳ 300.00),",(30's pack: ৳ 300.00)
16430,Nevola,allopathic,nevolatablet-extended-release100-mg,Tablet (Extended Release),Desvenlafaxine,100 mg,Ziska Pharmaceuticals Ltd.,"Unit Price: ৳ 15.00,(20's pack: ৳ 300.00),",(20's pack: ৳ 300.00)
3420,Nicosit,allopathic,nicosittablet750-mg,Tablet,Inositol Nicotinate,750 mg,Incepta Pharmaceuticals Ltd.,"Unit Price: ৳ 7.00,(20's pack: ৳ 140.00),",(20's pack: ৳ 140.00)
3419,Nicosit,allopathic,nicosittablet500-mg,Tablet,Inositol Nicotinate,500 mg,Incepta Pharmaceuticals Ltd.,"Unit Price: ৳ 5.00,(20's pack: ৳ 100.00),",(20's pack: ৳ 100.00)
22848,Nicor,allopathic,nicortablet10-mg,Tablet,Nicorandil,10 mg,Orion Pharma Ltd.,"Unit Price: ৳ 3.00,(50's pack: ৳ 150.00),",(50's pack: ৳ 150.00)
29876,Niconic,allopathic,niconictablet-extended-release50-mg,Tablet (Extended Release),Nicotinic Acid [Niacin],50 mg,Pacific Pharmaceuticals Ltd.,"Unit Price: ৳ 2.00,(100's pack: ৳ 200.00),",(100's pack: ৳ 200.00)
8914,Nicol,allopathic,nicolophthalmic-solution05,Ophthalmic Solution,Chloramphenicol (Ophthalmic),0.50%,Rephco Pharmaceuticals Ltd.,10 ml drop: ৳ 25.00,
15807,Nicodex,allopathic,nicodexophthalmic-solution0105,Ophthalmic Solution,Dexamethasone + Chloramphenicol,0.1%+0.5%,Rephco Pharmaceuticals Ltd.,5 ml drop: ৳ 60.00,
15716,Nicin,allopathic,nicinophthalmic-suspension5,Ophthalmic Suspension,Natamycin,5%,Nipa Pharmaceuticals Ltd.,5 ml drop: ৳ 100.00,
32818,Nibalap,allopathic,nibalaptablet250-mg,Tablet,Lapatinib,250 mg,Jenphar Bangladesh Ltd.,"Unit Price: ৳ 350.00,(12's pack: ৳ 4,200.00),","(12's pack: ৳ 4,200.00)"
2301,Niazid,allopathic,niazidpowder-for-suspension100-mg5-ml,Powder for Suspension,Nitazoxanide,100 mg/5 ml,Apex Pharmaceuticals Ltd.,"30 ml bottle: ৳ 35.00,60 ml bottle: ৳ 50.00",
2300,Niazid,allopathic,niazidtablet500-mg,Tablet,Nitazoxanide,500 mg,Apex Pharmaceuticals Ltd.,"Unit Price: ৳ 10.00,(28's pack: ৳ 280.00),",(28's pack: ৳ 280.00)
13621,Niapid,allopathic,niapidtablet-extended-release500-mg,Tablet (Extended Release),Nicotinic Acid [Niacin],500 mg,Drug International Ltd.,"Unit Price: ৳ 6.00,(30's pack: ৳ 180.00),",(30's pack: ৳ 180.00)
6017,Niagra,allopathic,niagratablet100-mg,Tablet,Sildenafil Citrate,100 mg,Delta Pharma Ltd.,"Unit Price: ৳ 20.00,(8's pack: ৳ 160.00),",(8's pack: ৳ 160.00)
6016,Niagra,allopathic,niagratablet50-mg,Tablet,Sildenafil Citrate,50 mg,Delta Pharma Ltd.,"Unit Price: ৳ 15.00,(8's pack: ৳ 120.00),",(8's pack: ৳ 120.00)
15880,NGS,allopathic,ngsophthalmic-suspension01,Ophthalmic Suspension,Fluorometholone Acetate,0.10%,Opso Saline Ltd.,5 ml drop: ৳ 100.00,
27814,Ngcef DS,allopathic,ngcef-dspowder-for-suspension200-mg5-ml,Powder for Suspension,Cefixime Trihydrate,200 mg/5 ml,Rangs Pharmaceuticals Ltd.,50 ml bottle: ৳ 300.00,
27813,Ngcef,allopathic,ngcefcapsule400-mg,Capsule,Cefixime Trihydrate,400 mg,Rangs Pharmaceuticals Ltd.,"Unit Price: ৳ 50.00,(6's pack: ৳ 300.00),",(6's pack: ৳ 300.00)
14566,Nid,allopathic,nidtablet20-mg,Tablet,Zinc Sulfate Monohydrate,20 mg,Opsonin Pharma Ltd.,"Unit Price: ৳ 2.75,(30's pack: ৳ 82.50),",(30's pack: ৳ 82.50)
2302,Nicud,allopathic,nicudpowder-for-suspension100-mg5-ml,Powder for Suspension,Nitazoxanide,100 mg/5 ml,Monicopharma Ltd.,30 ml bottle: ৳ 35.00,
30667,Nictoris,allopathic,nictoristablet20-mg,Tablet,Nicorandil,20 mg,Opsonin Pharma Ltd.,"Unit Price: ৳ 10.00,(28's pack: ৳ 280.00),",(28's pack: ৳ 280.00)
30666,Nictoris,allopathic,nictoristablet10-mg,Tablet,Nicorandil,10 mg,Opsonin Pharma Ltd.,"Unit Price: ৳ 6.00,(42's pack: ৳ 252.00),",(42's pack: ৳ 252.00)
7604,Ngcef,allopathic,ngcefpowder-for-suspension100-mg5-ml,Powder for Suspension,Cefixime Trihydrate,100 mg/5 ml,Rangs Pharmaceuticals Ltd.,"37.5 ml bottle: ৳ 130.00,50 ml bottle: ৳ 200.00",
7603,Ngcef,allopathic,ngcefcapsule200-mg,Capsule,Cefixime Trihydrate,200 mg,Rangs Pharmaceuticals Ltd.,"Unit Price: ৳ 35.00,(6's pack: ৳ 210.00),,Unit Price: ৳ 35.00,(12's pack: ৳ 420.00),","(6's pack: ৳ 210.00),(12's pack: ৳ 420.00)"
32838,NFT,allopathic,nftoral-suspension25-mg5-ml,Oral Suspension,Nitrofurantoin,25 mg/5 ml,Healthcare Pharmaceuticals Ltd.,100 ml bottle: ৳ 80.00,
32837,NFT,allopathic,nftcapsule-sustained-release100-mg,Capsule (Sustained Release),Nitrofurantoin,100 mg,Healthcare Pharmaceuticals Ltd.,"Unit Price: ৳ 20.00,(30's pack: ৳ 600.00),",(30's pack: ৳ 600.00)
25084,Nexyl,allopathic,nexylcapsule500-mg,Capsule,Tranexamic Acid,500 mg,Ibn Sina Pharmaceuticals Ltd.,"Unit Price: ৳ 15.00,(20's pack: ৳ 300.00),",(20's pack: ৳ 300.00)
26277,Nexum MUPS,allopathic,nexum-mupsmups-tablet40-mg,MUPS Tablet,Esomeprazole (MUPS tablet),40 mg,Square Pharmaceuticals Ltd.,"Unit Price: ৳ 14.00,(30's pack: ৳ 420.00),",(30's pack: ৳ 420.00)
25948,Nexum MUPS,allopathic,nexum-mupsmups-tablet20-mg,MUPS Tablet,Esomeprazole (MUPS tablet),20 mg,Square Pharmaceuticals Ltd.,"Unit Price: ৳ 10.00,(80's pack: ৳ 800.00),",(80's pack: ৳ 800.00)
2091,Nexum,allopathic,nexumiv-injection40-mgvial,IV Injection,Esomeprazole,40 mg/vial,Square Pharmaceuticals Ltd.,40 mg vial: ৳ 90.27,
2090,Nexum,allopathic,nexumcapsule-delayed-release40-mg,Capsule (Delayed Release),Esomeprazole,40 mg,Square Pharmaceuticals Ltd.,"Unit Price: ৳ 10.03,(30's pack: ৳ 300.90),",(30's pack: ৳ 300.90)
2089,Nexum,allopathic,nexumcapsule-delayed-release20-mg,Capsule (Delayed Release),Esomeprazole,20 mg,Square Pharmaceuticals Ltd.,"Unit Price: ৳ 7.02,(60's pack: ৳ 421.20),",(60's pack: ৳ 421.20)
28102,Nilicon,allopathic,niliconiv-injection500-mgvial,IV Injection,Ceftriaxone Sodium,500 mg/vial,Ethical Drug Ltd.,500 mg vial: ৳ 120.00,
28101,Nilicon,allopathic,niliconiv-injection1-gmvial,IV Injection,Ceftriaxone Sodium,1 gm/vial,Ethical Drug Ltd.,1 gm vial: ৳ 180.00,
28100,Nilicon,allopathic,niliconiv-injection2-gmvial,IV Injection,Ceftriaxone Sodium,2 gm/vial,Ethical Drug Ltd.,2 gm vial: ৳ 300.00,
19563,Nilfun,allopathic,nilfuncream1,Cream,Clotrimazole (Topical),1%,Team Pharmaceuticals Ltd.,10 gm tube: ৳ 35.00,
21942,Nilcid,allopathic,nilcidoral-suspension480-mg20-mg5-ml,Oral Suspension,Magaldrate + Simethicone,(480 mg+20 mg)/5 ml,Organic Health Care Ltd.,200 ml bottle: ৳ 100.30,
4162,Nikethamide,allopathic,nikethamideinjection250-mgml,Injection,Nikethamide,250 mg/ml,Jayson Pharmaceuticals Ltd.,"2 ml ampoule: ৳ 12.04,(10's pack: ৳ 120.40),",(10's pack: ৳ 120.40)
4260,Nightus,allopathic,nightustablet3-mg,Tablet,Bromazepam,3 mg,Beximco Pharmaceuticals Ltd.,"Unit Price: ৳ 3.00,(100's pack: ৳ 300.00),",(100's pack: ৳ 300.00)
26576,Night Fresh,allopathic,night-freshophthalmic-ointment57342502,Ophthalmic Ointment,White soft paraffin + Liquid paraffin + Wool alcohol,57.3%+42.5%+0.2%,General Pharmaceuticals Ltd.,5 gm tube: ৳ 250.00,
12973,Nifura,allopathic,nifuracream02,Cream,Nitrofurazone,0.20%,Supreme Pharmaceutical Ltd.,20 gm tube: ৳ 17.00,
3111,Nifin,allopathic,nifintablet-sustained-release10-mg,Tablet (Sustained Release),Nifedipine,10 mg,ACME Laboratories Ltd.,"Unit Price: ৳ 0.35,(100's pack: ৳ 35.00),",(100's pack: ৳ 35.00)
29374,Nifev,allopathic,nifevcapsule150-mg,Capsule,Nintedanib,150 mg,UniMed UniHealth,"Unit Price: ৳ 450.00,(10's pack: ৳ 4,500.00),","(10's pack: ৳ 4,500.00)"
29373,Nifev,allopathic,nifevcapsule100-mg,Capsule,Nintedanib,100 mg,UniMed UniHealth,"Unit Price: ৳ 300.00,(10's pack: ৳ 3,000.00),","(10's pack: ৳ 3,000.00)"
3110,Nifecap,allopathic,nifecapcapsule10-mg,Capsule,Nifedipine,10 mg,Drug International Ltd.,"Unit Price: ৳ 2.11,(30's pack: ৳ 63.30),",(30's pack: ৳ 63.30)
2306,Nidozox,allopathic,nidozoxpowder-for-suspension100-mg5-ml,Powder for Suspension,Nitazoxanide,100 mg/5 ml,ACME Laboratories Ltd.,"30 ml bottle: ৳ 40.12,60 ml bottle: ৳ 50.00",
2305,Nidozox,allopathic,nidozoxtablet500-mg,Tablet,Nitazoxanide,500 mg,ACME Laboratories Ltd.,"Unit Price: ৳ 10.07,(18's pack: ৳ 181.26),",(18's pack: ৳ 181.26)
2304,Nidor,allopathic,nidorpowder-for-suspension100-mg5-ml,Powder for Suspension,Nitazoxanide,100 mg/5 ml,Pharmasia Limited,"30 ml bottle: ৳ 35.00,60 ml bottle: ৳ 50.00",
2303,Nidor,allopathic,nidortablet500-mg,Tablet,Nitazoxanide,500 mg,Pharmasia Limited,"Unit Price: ৳ 10.04,(18's pack: ৳ 180.72),,Unit Price: ৳ 10.04,(30's pack: ৳ 301.20),","(18's pack: ৳ 180.72),(30's pack: ৳ 301.20)"
3018,Nidocard Retard,allopathic,nidocard-retardretard-tablet64-mg,Retard Tablet,Nitroglycerin (Oral preparation),6.4 mg,Drug International Ltd.,"Unit Price: ৳ 7.05,(56's pack: ৳ 394.80),",(56's pack: ৳ 394.80)
3017,Nidocard Retard,allopathic,nidocard-retardretard-tablet26-mg,Retard Tablet,Nitroglycerin (Oral preparation),2.6 mg,Drug International Ltd.,"Unit Price: ৳ 5.00,(56's pack: ৳ 280.00),",(56's pack: ৳ 280.00)
3020,Nidocard,allopathic,nidocardiv-infusion50-mg10-ml,IV Infusion,Nitroglycerin (IV Infusion),50 mg/10 ml,Drug International Ltd.,10 ml ampoule: ৳ 100.30,
3019,Nidocard,allopathic,nidocardtopical-spray400-mcgspray,Topical Spray,Nitroglycerin (Sublingual Spray),400 mcg/spray,Drug International Ltd.,200 metered spray: ৳ 250.75,
3109,Nidipine SR,allopathic,nidipine-srtablet-sustained-release20-mg,Tablet (Sustained Release),Nifedipine,20 mg,Square Pharmaceuticals Ltd.,"Unit Price: ৳ 0.64,(100's pack: ৳ 64.00),",(100's pack: ৳ 64.00)
28568,Nidependiol D,allopathic,nidependiol-dophthalmic-solution0105,Ophthalmic Solution,Dexamethasone + Chloramphenicol,0.1%+0.5%,Pacific Pharmaceuticals Ltd.,5 ml drop: ৳ 70.00,
28567,Nidependiol,allopathic,nidependiolophthalmic-solution05,Ophthalmic Solution,Chloramphenicol (Ophthalmic),0.50%,Pacific Pharmaceuticals Ltd.,10 ml drop: ৳ 34.00,
26896,Nidazyl,allopathic,nidazyliv-infusion500-mg100-ml,IV Infusion,Metronidazole,500 mg/100 ml,Orion Infusion Ltd.,100 ml bottle: ৳ 52.36,
10182,Nidazyl,allopathic,nidazyloral-suspension200-mg5-ml,Oral Suspension,Metronidazole,200 mg/5 ml,Orion Pharma Ltd.,60 ml bottle: ৳ 29.89,
10181,Nidazyl,allopathic,nidazyltablet400-mg,Tablet,Metronidazole,400 mg,Orion Pharma Ltd.,"Unit Price: ৳ 1.15,(100's pack: ৳ 115.00),",(100's pack: ৳ 115.00)
5896,Nidagest,allopathic,nidagesttablet5-mg,Tablet,Allylestrenol,5 mg,Chemist Laboratories  Ltd.,"Unit Price: ৳ 8.00,(30's pack: ৳ 240.00),",(30's pack: ৳ 240.00)
10180,Nida,allopathic,nidatablet400-mg,Tablet,Metronidazole,400 mg,Sonear Laboratories Ltd.,"Unit Price: ৳ 0.82,(100's pack: ৳ 82.00),",(100's pack: ৳ 82.00)
14567,Nid,allopathic,nidsyrup10-mg5-ml,Syrup,Zinc Sulfate Monohydrate,10 mg/5 ml,Opsonin Pharma Ltd.,100 ml bottle: ৳ 35.00,
20036,Nipotin,allopathic,nipotinivsc-injection10000-iu,IV/SC Injection,Erythropoietin,10000 IU,Aristopharma Ltd.,"10000 IU pre-filled syringe: ৳ 4,200.00",
13485,Nipotin,allopathic,nipotinivsc-injection5000-iu,IV/SC Injection,Erythropoietin,5000 IU,Aristopharma Ltd.,"5000 IU pre-filled syringe: ৳ 2,150.00",
13474,Nipotin,allopathic,nipotinivsc-injection4000-iu,IV/SC Injection,Erythropoietin,4000 IU,Aristopharma Ltd.,"4000 IU pre-filled syringe: ৳ 1,900.00",
13473,Nipotin,allopathic,nipotinivsc-injection3000-iu,IV/SC Injection,Erythropoietin,3000 IU,Aristopharma Ltd.,"3000 IU pre-filled syringe: ৳ 1,400.00",
13472,Nipotin,allopathic,nipotinivsc-injection2000-iu,IV/SC Injection,Erythropoietin,2000 IU,Aristopharma Ltd.,"2000 IU pre-filled syringe: ৳ 1,100.00",
14213,Nipavit-M,allopathic,nipavit-mtablet,Tablet,Multivitamin & Multimineral,,Nipa Pharmaceuticals Ltd.,"Unit Price: ৳ 1.00,(30's pack: ৳ 30.00),",(30's pack: ৳ 30.00)
13805,Nipaplex,allopathic,nipaplexsyrup,Syrup,Vitamin B complex,,Nipa Pharmaceuticals Ltd.,200 ml bottle: ৳ 62.00,
15561,Nintoin SR,allopathic,nintoin-srcapsule-sustained-release100-mg,Capsule (Sustained Release),Nitrofurantoin,100 mg,Incepta Pharmaceuticals Ltd.,"Unit Price: ৳ 20.00,(20's pack: ৳ 400.00),",(20's pack: ৳ 400.00)
26233,Nintoin,allopathic,nintoincapsule50-mg,Capsule,Nitrofurantoin,50 mg,Incepta Pharmaceuticals Ltd.,"Unit Price: ৳ 4.00,(30's pack: ৳ 120.00),",(30's pack: ৳ 120.00)
15554,Nintoin,allopathic,nintoinoral-suspension25-mg5-ml,Oral Suspension,Nitrofurantoin,25 mg/5 ml,Incepta Pharmaceuticals Ltd.,100 ml bottle: ৳ 80.00,
15553,Nintoin,allopathic,nintointablet100-mg,Tablet,Nitrofurantoin,100 mg,Incepta Pharmaceuticals Ltd.,"Unit Price: ৳ 6.00,(30's pack: ৳ 180.00),",(30's pack: ৳ 180.00)
25311,Nins,allopathic,ninstablet100-mg200-mg200-mcg,Tablet,"Vitamin B1, B6 & B12",100 mg+200 mg+200 mcg,Benham Pharmaceuticals Ltd.,"Unit Price: ৳ 7.00,(50's pack: ৳ 350.00),",(50's pack: ৳ 350.00)
13565,Nine Seas,allopathic,nine-seassyrup,Syrup,Multivitamin & Cod Liver Oil,,Aristopharma Ltd.,"100 ml bottle: ৳ 90.00,200 ml bottle: ৳ 150.00",
28808,Ninavir,allopathic,ninaviriv-infusion5-mgml,IV Infusion,Remdesivir,5 mg/ml,Incepta Pharmaceuticals Ltd.,"100 mg vial: ৳ 3,500.00",
31152,Ninacent,allopathic,ninacentcapsule100-mg,Capsule,Nintedanib,100 mg,Incepta Pharmaceuticals Ltd.,"Unit Price: ৳ 235.00,(10's pack: ৳ 2,350.00),","(10's pack: ৳ 2,350.00)"
31151,Ninacent,allopathic,ninacentcapsule150-mg,Capsule,Nintedanib,150 mg,Incepta Pharmaceuticals Ltd.,"Unit Price: ৳ 350.00,(10's pack: ৳ 3,500.00),","(10's pack: ৳ 3,500.00)"
14568,Nipozin,allopathic,nipozinsyrup10-mg5-ml,Syrup,Zinc Sulfate Monohydrate,10 mg/5 ml,NIPRO JMI Pharma Ltd.,100 ml bottle: ৳ 35.11,
11472,Nipoxen SR,allopathic,nipoxen-srtablet-sustained-release500-mg,Tablet (Sustained Release),Naproxen Sodium,500 mg,NIPRO JMI Pharma Ltd.,"Unit Price: ৳ 14.04,(30's pack: ৳ 421.20),",(30's pack: ৳ 421.20)
11471,Nipoxen,allopathic,nipoxentablet250-mg,Tablet,Naproxen Sodium,250 mg,NIPRO JMI Pharma Ltd.,"Unit Price: ৳ 5.02,(50's pack: ৳ 251.00),",(50's pack: ৳ 251.00)
11603,Nimovo,allopathic,nimovotablet-delayed-release500-mg20-mg,Tablet (Delayed Release),Naproxen Sodium + Esomeprazole Magnesium,500 mg+20 mg,NIPRO JMI Pharma Ltd.,"Unit Price: ৳ 10.00,(40's pack: ৳ 400.00),",(40's pack: ৳ 400.00)
29961,Nimodi,allopathic,nimoditablet30-mg,Tablet,Nimodipine,30 mg,Eskayef Pharmaceuticals Ltd.,"Unit Price: ৳ 5.00,(30's pack: ৳ 150.00),",(30's pack: ৳ 150.00)
3112,Nimocal,allopathic,nimocaltablet30-mg,Tablet,Nimodipine,30 mg,Square Pharmaceuticals Ltd.,"Unit Price: ৳ 5.00,(30's pack: ৳ 150.00),",(30's pack: ৳ 150.00)
30022,Nimenrix,allopathic,nimenrixim-injection05-mlprefilled-syringe,IM Injection,Meningococcal Conjugate Vaccine,0.5 ml/prefilled syringe,Pfizer,"0.5 ml prefilled syringe: ৳ 3,854.00",
30368,Niloren,allopathic,nilorencapsule200-mg,Capsule,Nilotinib,200 mg,Renata Limited,"Unit Price: ৳ 800.00,(12's pack: ৳ 9,600.00),","(12's pack: ৳ 9,600.00)"
33089,Nilonib,allopathic,nilonibcapsule200-mg,Capsule,Nilotinib,200 mg,Drug International Ltd.,,
28047,Nilkof,allopathic,nilkofsyrup10-mg30-mg125-mg5-ml,Syrup,Dextromethorphan + Pseudoephedrine + Triprolidine,(10 mg+30 mg+1.25 mg)/5 ml,Ambee Pharmaceuticals Ltd.,100 ml bottle: ৳ 50.18,
32702,Nilicon,allopathic,niliconim-injection1-gmvial,IM Injection,Ceftriaxone Sodium,1 gm/vial,Ethical Drug Ltd.,1 gm vial: ৳ 180.00,
32701,Nilicon,allopathic,niliconim-injection500-mgvial,IM Injection,Ceftriaxone Sodium,500 mg/vial,Ethical Drug Ltd.,500 mg vial: ৳ 120.00,
28104,Nilicon,allopathic,niliconim-injection250-mgvial,IM Injection,Ceftriaxone Sodium,250 mg/vial,Ethical Drug Ltd.,250 mg vial: ৳ 90.00,
28103,Nilicon,allopathic,niliconiv-injection250-mgvial,IV Injection,Ceftriaxone Sodium,250 mg/vial,Ethical Drug Ltd.,250 mg vial: ৳ 90.00,
22876,Nitamed,allopathic,nitamedpowder-for-suspension100-mg5-ml,Powder for Suspension,Nitazoxanide,100 mg/5 ml,MedRx Life Science Ltd.,30 ml bottle: ৳ 35.00,
2307,Nitalet,allopathic,nitalettablet500-mg,Tablet,Nitazoxanide,500 mg,Amulet Pharmaceuticals Ltd.,"Unit Price: ৳ 10.03,(12's pack: ৳ 120.36),",(12's pack: ৳ 120.36)
22869,Nitacure,allopathic,nitacurepowder-for-suspension100-mg5-ml,Powder for Suspension,Nitazoxanide,100 mg/5 ml,Benham Pharmaceuticals Ltd.,60 ml bottle: ৳ 50.00,
22868,Nitacure,allopathic,nitacuretablet500-mg,Tablet,Nitazoxanide,500 mg,Benham Pharmaceuticals Ltd.,"Unit Price: ৳ 10.00,(30's pack: ৳ 300.00),",(30's pack: ৳ 300.00)
9991,Nispore,allopathic,nisporeophthalmic-solution03,Ophthalmic Solution,Fluconazole (Ophthalmic),0.30%,Incepta Pharmaceuticals Ltd.,5 ml drop: ৳ 80.00,
9945,Nispore,allopathic,nisporepowder-for-suspension50-mg5-ml,Powder for Suspension,Fluconazole,50 mg/5 ml,Incepta Pharmaceuticals Ltd.,35 ml bottle: ৳ 78.00,
9944,Nispore,allopathic,nisporecapsule200-mg,Capsule,Fluconazole,200 mg,Incepta Pharmaceuticals Ltd.,"Unit Price: ৳ 25.00,(10's pack: ৳ 250.00),",(10's pack: ৳ 250.00)
9943,Nispore,allopathic,nisporecapsule150-mg,Capsule,Fluconazole,150 mg,Incepta Pharmaceuticals Ltd.,"Unit Price: ৳ 22.00,(10's pack: ৳ 220.00),",(10's pack: ৳ 220.00)
9942,Nispore,allopathic,nisporecapsule50-mg,Capsule,Fluconazole,50 mg,Incepta Pharmaceuticals Ltd.,"Unit Price: ৳ 8.00,(30's pack: ৳ 240.00),",(30's pack: ৳ 240.00)
24762,Nirvana,allopathic,nirvanatablet20-mg,Tablet,Tadalafil,20 mg,Healthcare Pharmaceuticals Ltd.,"Unit Price: ৳ 60.00,(4's pack: ৳ 240.00),",(4's pack: ৳ 240.00)
24761,Nirvana,allopathic,nirvanatablet10-mg,Tablet,Tadalafil,10 mg,Healthcare Pharmaceuticals Ltd.,"Unit Price: ৳ 38.00,(4's pack: ৳ 152.00),",(4's pack: ৳ 152.00)
24760,Nirvana,allopathic,nirvanatablet5-mg,Tablet,Tadalafil,5 mg,Healthcare Pharmaceuticals Ltd.,"Unit Price: ৳ 24.00,(4's pack: ৳ 96.00),",(4's pack: ৳ 96.00)
30485,Niranib,allopathic,niranibcapsule100-mg,Capsule,Niraparib,100 mg,Everest Pharmaceuticals Ltd.,"Unit Price: ৳ 833.33,(30's pack: ৳ 25,000.00),","(30's pack: ৳ 25,000.00)"
19293,Niramin,allopathic,niramintablet4-mg,Tablet,Chlorpheniramine Maleate,4 mg,United Pharmaceuticals Ltd.,"Unit Price: ৳ 0.23,(500's pack: ৳ 115.32),",(500's pack: ৳ 115.32)
19292,Niramin,allopathic,niraminsyrup2-mg5-ml,Syrup,Chlorpheniramine Maleate,2 mg/5 ml,United Pharmaceuticals Ltd.,100 ml bottle: ৳ 22.00,
2398,Niprolac,allopathic,niprolacoral-solution335-gm5-ml,Oral Solution,Lactulose,3.35 gm/5 ml,NIPRO JMI Pharma Ltd.,"100 ml bottle: ৳ 120.36,200 ml bottle: ৳ 220.00",
2317,Nitazox,allopathic,nitazoxtablet500-mg,Tablet,Nitazoxanide,500 mg,Incepta Pharmaceuticals Ltd.,"Unit Price: ৳ 10.00,(30's pack: ৳ 300.00),",(30's pack: ৳ 300.00)
2316,Nitazet,allopathic,nitazetpowder-for-suspension100-mg5-ml,Powder for Suspension,Nitazoxanide,100 mg/5 ml,Organic Health Care Ltd.,"30 ml bottle: ৳ 35.11,60 ml bottle: ৳ 50.15",
2315,Nitazet,allopathic,nitazettablet500-mg,Tablet,Nitazoxanide,500 mg,Organic Health Care Ltd.,"Unit Price: ৳ 10.03,(30's pack: ৳ 300.90),",(30's pack: ৳ 300.90)
2314,Nitaxide,allopathic,nitaxidepowder-for-suspension100-mg5-ml,Powder for Suspension,Nitazoxanide,100 mg/5 ml,Beximco Pharmaceuticals Ltd.,"30 ml bottle: ৳ 35.00,60 ml bottle: ৳ 50.00",
22875,Nitaxen,allopathic,nitaxenpowder-for-suspension100-mg5-ml,Powder for Suspension,Nitazoxanide,100 mg/5 ml,Leon Pharmaceuticals Ltd.,30 ml bottle: ৳ 35.00,
22874,Nitaxen,allopathic,nitaxentablet500-mg,Tablet,Nitazoxanide,500 mg,Leon Pharmaceuticals Ltd.,"Unit Price: ৳ 10.00,(28's pack: ৳ 280.00),",(28's pack: ৳ 280.00)
22870,Nitax,allopathic,nitaxtablet500-mg,Tablet,Nitazoxanide,500 mg,Delta Pharma Ltd.,"Unit Price: ৳ 9.00,(30's pack: ৳ 270.00),",(30's pack: ৳ 270.00)
2311,Nitasol,allopathic,nitasolpowder-for-suspension100-mg5-ml,Powder for Suspension,Nitazoxanide,100 mg/5 ml,Ibn Sina Pharmaceuticals Ltd.,"30 ml bottle: ৳ 36.00,60 ml bottle: ৳ 50.00",
2310,Nitasol,allopathic,nitasoltablet500-mg,Tablet,Nitazoxanide,500 mg,Ibn Sina Pharmaceuticals Ltd.,"Unit Price: ৳ 11.00,(12's pack: ৳ 132.00),",(12's pack: ৳ 132.00)
2309,Nitanid,allopathic,nitanidpowder-for-suspension100-mg5-ml,Powder for Suspension,Nitazoxanide,100 mg/5 ml,Drug International Ltd.,60 ml bottle: ৳ 50.20,
2308,Nitanid,allopathic,nitanidtablet500-mg,Tablet,Nitazoxanide,500 mg,Drug International Ltd.,"Unit Price: ৳ 10.05,(20's pack: ৳ 201.00),",(20's pack: ৳ 201.00)
22877,Nitamed,allopathic,nitamedtablet500-mg,Tablet,Nitazoxanide,500 mg,MedRx Life Science Ltd.,Unit Price: ৳ 10.00,
13581,Nipro Seas,allopathic,nipro-seassyrup,Syrup,Multivitamin & Cod Liver Oil,,NIPRO JMI Pharma Ltd.,100 ml bottle: ৳ 80.24,
14106,Nipro Gold,allopathic,nipro-goldtablet,Tablet,Multivitamin & Multimineral [A-Z gold preparation],,NIPRO JMI Pharma Ltd.,"Unit Price: ৳ 8.00,(30's pack: ৳ 240.00),",(30's pack: ৳ 240.00)
3032,Nitrovas,allopathic,nitrovasointment04,Ointment,Nitroglycerin (Ointment),0.40%,Popular Pharmaceuticals Ltd.,30 gm tube: ৳ 130.50,
20774,Nitrosol SR,allopathic,nitrosol-srtablet-sustained-release26-mg,Tablet (Sustained Release),Nitroglycerin (Oral preparation),2.6 mg,Beximco Pharmaceuticals Ltd.,"Unit Price: ৳ 5.00,(30's pack: ৳ 150.00),",(30's pack: ৳ 150.00)
3029,Nitrosol,allopathic,nitrosoltopical-spray400-mcgspray,Topical Spray,Nitroglycerin (Sublingual Spray),400 mcg/spray,Beximco Pharmaceuticals Ltd.,200 metered spray: ৳ 260.00,
32137,Nitroren SR,allopathic,nitroren-srtablet-sustained-release26-mg,Tablet (Sustained Release),Nitroglycerin (Oral preparation),2.6 mg,Renata Limited,"Unit Price: ৳ 5.00,(30's pack: ৳ 150.00),",(30's pack: ৳ 150.00)
3027,Nitromint Retard,allopathic,nitromint-retardretard-tablet26-mg,Retard Tablet,Nitroglycerin (Oral preparation),2.6 mg,EGIS Pharmaceuticals Ltd.,"Unit Price: ৳ 6.50,(30's pack: ৳ 195.00),",(30's pack: ৳ 195.00)
29472,Nitromint,allopathic,nitrominttopical-spray400-mcgspray,Topical Spray,Nitroglycerin (Sublingual Spray),400 mcg/spray,EGIS Pharmaceuticals Ltd.,200 metered spray: ৳ 250.00,
17220,Nitrogina SR,allopathic,nitrogina-srtablet-sustained-release26-mg,Tablet (Sustained Release),Nitroglycerin (Oral preparation),2.6 mg,NIPRO JMI Pharma Ltd.,"Unit Price: ৳ 4.00,(50's pack: ৳ 200.00),",(50's pack: ৳ 200.00)
26373,Nitrofur SR,allopathic,nitrofur-srcapsule-sustained-release50-mg,Capsule (Sustained Release),Nitrofurantoin,50 mg,ACI Limited,"Unit Price: ৳ 4.00,(30's pack: ৳ 120.00),",(30's pack: ৳ 120.00)
26372,Nitrofur SR,allopathic,nitrofur-srcapsule-sustained-release100-mg,Capsule (Sustained Release),Nitrofurantoin,100 mg,ACI Limited,"Unit Price: ৳ 20.00,(30's pack: ৳ 600.00),",(30's pack: ৳ 600.00)
26374,Nitrofur,allopathic,nitrofuroral-suspension25-mg5-ml,Oral Suspension,Nitrofurantoin,25 mg/5 ml,ACI Limited,100 ml bottle: ৳ 80.00,
20782,Nitrofix SR,allopathic,nitrofix-srtablet-sustained-release26-mg,Tablet (Sustained Release),Nitroglycerin (Oral preparation),2.6 mg,Opsonin Pharma Ltd.,"Unit Price: ৳ 4.00,(30's pack: ৳ 120.00),",(30's pack: ৳ 120.00)
3026,Nitrocontin,allopathic,nitrocontintablet-controlled-release64-mg,Tablet (Controlled Release),Nitroglycerin (Oral preparation),6.4 mg,Mundipharma (BD) Pvt. Ltd.,"Unit Price: ৳ 8.03,(30's pack: ৳ 240.90),",(30's pack: ৳ 240.90)
3025,Nitrocontin,allopathic,nitrocontintablet-controlled-release26-mg,Tablet (Controlled Release),Nitroglycerin (Oral preparation),2.6 mg,Mundipharma (BD) Pvt. Ltd.,"Unit Price: ৳ 5.38,(30's pack: ৳ 161.40),",(30's pack: ৳ 161.40)
20772,Nitrocard SR,allopathic,nitrocard-srtablet-sustained-release26-mg,Tablet (Sustained Release),Nitroglycerin (Oral preparation),2.6 mg,Aristopharma Ltd.,"Unit Price: ৳ 5.00,(60's pack: ৳ 300.00),",(60's pack: ৳ 300.00)
26427,Nitrocard,allopathic,nitrocardtopical-spray400-mcgspray,Topical Spray,Nitroglycerin (Sublingual Spray),400 mcg/spray,Aristopharma Ltd.,200 metered spray: ৳ 250.00,
31717,Nitrobac,allopathic,nitrobacoral-suspension25-mg5-ml,Oral Suspension,Nitrofurantoin,25 mg/5 ml,Ibn Sina Pharmaceuticals Ltd.,100 ml bottle: ৳ 80.00,
30060,Nivomab,allopathic,nivomabiv-infusion40-mg4-ml,IV Infusion,Nivolumab,40 mg/4 ml,Beacon Pharmaceuticals Ltd.,"40 mg vial: ৳ 67,000.00",
9512,Nivoloc,allopathic,nivoloctablet500-mg,Tablet,Levofloxacin Hemihydrate,500 mg,Kumudini Pharma Ltd.,"Unit Price: ৳ 15.00,(20's pack: ৳ 300.00),",(20's pack: ৳ 300.00)
3031,Nitrovas SR,allopathic,nitrovas-srtablet-sustained-release26-mg,Tablet (Sustained Release),Nitroglycerin (Oral preparation),2.6 mg,Popular Pharmaceuticals Ltd.,"Unit Price: ৳ 5.00,(50's pack: ৳ 250.00),",(50's pack: ৳ 250.00)
31716,Nitrobac,allopathic,nitrobaccapsule-sustained-release100-mg,Capsule (Sustained Release),Nitrofurantoin,100 mg,Ibn Sina Pharmaceuticals Ltd.,"Unit Price: ৳ 20.00,(20's pack: ৳ 400.00),",(20's pack: ৳ 400.00)
3030,Nitro SR,allopathic,nitro-srtablet-sustained-release26-mg,Tablet (Sustained Release),Nitroglycerin (Oral preparation),2.6 mg,UniMed UniHealth,"Unit Price: ৳ 5.00,(30's pack: ৳ 150.00),",(30's pack: ৳ 150.00)
32599,Nitro,allopathic,nitrotopical-spray400-mcgspray,Topical Spray,Nitroglycerin (Sublingual Spray),400 mcg/spray,UniMed UniHealth,200 metered spray: ৳ 270.00,
3021,Nitrin SR,allopathic,nitrin-srcapsule-sustained-release26-mg,Capsule (Sustained Release),Nitroglycerin (Oral preparation),2.6 mg,Healthcare Pharmaceuticals Ltd.,"Unit Price: ৳ 5.00,(60's pack: ৳ 300.00),",(60's pack: ৳ 300.00)
20777,Nitrin,allopathic,nitrintopical-spray400-mcgspray,Topical Spray,Nitroglycerin (Sublingual Spray),400 mcg/spray,Healthcare Pharmaceuticals Ltd.,200 metered spray: ৳ 270.00,
4198,Nitrest,allopathic,nitresttablet10-mg,Tablet,Zolpidem Tartrate,10 mg,Sun Pharmaceutical Ltd.,"Unit Price: ৳ 4.96,(30's pack: ৳ 148.80),",(30's pack: ৳ 148.80)
2322,Nitoxin,allopathic,nitoxinpowder-for-suspension100-mg5-ml,Powder for Suspension,Nitazoxanide,100 mg/5 ml,Aristopharma Ltd.,"30 ml bottle: ৳ 36.00,60 ml bottle: ৳ 50.00",
2321,Nitoxin,allopathic,nitoxintablet500-mg,Tablet,Nitazoxanide,500 mg,Aristopharma Ltd.,"Unit Price: ৳ 10.00,(30's pack: ৳ 300.00),",(30's pack: ৳ 300.00)
2320,Nitide,allopathic,nitidepowder-for-suspension100-mg5-ml,Powder for Suspension,Nitazoxanide,100 mg/5 ml,NIPRO JMI Pharma Ltd.,"30 ml bottle: ৳ 35.11,60 ml bottle: ৳ 50.15",
2319,Nitide,allopathic,nitidetablet500-mg,Tablet,Nitazoxanide,500 mg,NIPRO JMI Pharma Ltd.,"Unit Price: ৳ 10.03,(30's pack: ৳ 300.90),",(30's pack: ৳ 300.90)
2318,Nitazox,allopathic,nitazoxpowder-for-suspension100-mg5-ml,Powder for Suspension,Nitazoxanide,100 mg/5 ml,Incepta Pharmaceuticals Ltd.,"30 ml bottle: ৳ 35.00,60 ml bottle: ৳ 50.00",
11975,No-Trol,allopathic,no-troltablet10-mg,Tablet,Cetirizine Hydrochloride,10 mg,Aexim Pharmaceuticals Ltd.,"Unit Price: ৳ 1.50,(100's pack: ৳ 150.00),",(100's pack: ৳ 150.00)
1391,No-Spa,allopathic,no-spainjection40-mg2-ml,Injection,Drotaverine,40 mg/2 ml,Ambee Pharmaceuticals Ltd.,"2 ml ampoule: ৳ 7.98,(10's pack: ৳ 79.77),",(10's pack: ৳ 79.77)
1390,No-Spa,allopathic,no-spatablet40-mg,Tablet,Drotaverine,40 mg,Ambee Pharmaceuticals Ltd.,"Unit Price: ৳ 1.82,(200's pack: ৳ 364.18),",(200's pack: ৳ 364.18)
2329,Nizox,allopathic,nizoxpowder-for-suspension100-mg5-ml,Powder for Suspension,Nitazoxanide,100 mg/5 ml,Somatec Pharmaceuticals Ltd.,30 ml bottle: ৳ 35.00,
2328,Nizox,allopathic,nizoxtablet500-mg,Tablet,Nitazoxanide,500 mg,Somatec Pharmaceuticals Ltd.,"Unit Price: ৳ 10.03,(12's pack: ৳ 120.36),",(12's pack: ৳ 120.36)
10004,Nizoral,allopathic,nizoralshampoo2,Shampoo,Ketoconazole (Shampoo),2%,Janssen-Cilag,"60 ml bottle: ৳ 450.00,100 ml bottle: ৳ 750.00",
2327,Nizonid,allopathic,nizonidpowder-for-suspension100-mg5-ml,Powder for Suspension,Nitazoxanide,100 mg/5 ml,Medicon Pharmaceuticals Ltd.,30 ml bottle: ৳ 34.09,
2326,Nizonid,allopathic,nizonidtablet500-mg,Tablet,Nitazoxanide,500 mg,Medicon Pharmaceuticals Ltd.,"Unit Price: ৳ 9.94,(12's pack: ৳ 119.31),",(12's pack: ৳ 119.31)
10003,Nizoder,allopathic,nizodercream2-ww,Cream,Ketoconazole (Cream),2% w/w,UniMed UniHealth,"15 gm tube: ৳ 50.00,30 gm tube: ৳ 90.00",
10002,Nizoder,allopathic,nizodershampoo2,Shampoo,Ketoconazole (Shampoo),2%,UniMed UniHealth,"120 ml bottle: ৳ 300.00,100 ml bottle: ৳ 230.00,60 ml bottle: ৳ 150.00",
22872,Niz,allopathic,niztablet500-mg,Tablet,Nitazoxanide,500 mg,Ethical Drug Ltd.,"Unit Price: ৳ 10.00,(18's pack: ৳ 180.00),",(18's pack: ৳ 180.00)
22871,Niz,allopathic,nizpowder-for-suspension100-mg5-ml,Powder for Suspension,Nitazoxanide,100 mg/5 ml,Ethical Drug Ltd.,"30 ml bottle: ৳ 35.00,60 ml bottle: ৳ 50.00",
23306,Nixpan,allopathic,nixpantablet-enteric-coated40-mg,Tablet (Enteric Coated),Pantoprazole Sodium Sesquihydrate,40 mg,Ad-din Pharmaceuticals Ltd.,"Unit Price: ৳ 5.70,(30's pack: ৳ 171.00),",(30's pack: ৳ 171.00)
2150,Nixpan,allopathic,nixpantablet-enteric-coated20-mg,Tablet (Enteric Coated),Pantoprazole Sodium Sesquihydrate,20 mg,Ad-din Pharmaceuticals Ltd.,"Unit Price: ৳ 3.45,(30's pack: ৳ 103.50),",(30's pack: ৳ 103.50)
17177,Nixon,allopathic,nixoniv-injection2-gmvial,IV Injection,Ceftriaxone Sodium,2 gm/vial,NIPRO JMI Pharma Ltd.,2 gm vial with WFI: ৳ 320.96,
17176,Nixon,allopathic,nixoniv-injection1-gmvial,IV Injection,Ceftriaxone Sodium,1 gm/vial,NIPRO JMI Pharma Ltd.,1 gm vial with WFI: ৳ 220.66,
1158,Nobac,allopathic,nobactablet400-mg,Tablet,Pefloxacin Mesylate Dihydrate,400 mg,Ibn Sina Pharmaceuticals Ltd.,"Unit Price: ৳ 12.00,(20's pack: ৳ 240.00),",(20's pack: ৳ 240.00)
20448,Noanxit,allopathic,noanxittablet05-mg10-mg,Tablet,Flupentixol + Melitracen,0.5 mg+10 mg,Reliance Pharmaceuticals Ltd.,Unit Price: ৳ 5.00,
19426,Noanxit,allopathic,noanxittablet10-mg,Tablet,Clobazam,10 mg,Rephco Pharmaceuticals Ltd.,"Unit Price: ৳ 3.20,(100's pack: ৳ 320.00),",(100's pack: ৳ 320.00)
61,Noak,allopathic,noaktablet100-mg,Tablet,Aceclofenac,100 mg,Orion Pharma Ltd.,"Unit Price: ৳ 4.01,(50's pack: ৳ 200.50),",(50's pack: ৳ 200.50)
17175,Nixon,allopathic,nixonim-injection1-gmvial,IM Injection,Ceftriaxone Sodium,1 gm/vial,NIPRO JMI Pharma Ltd.,1 gm vial: ৳ 220.66,
17174,Nixon,allopathic,nixoniv-injection500-mgvial,IV Injection,Ceftriaxone Sodium,500 mg/vial,NIPRO JMI Pharma Ltd.,500 mg vial with WFI: ৳ 150.45,
17173,Nixon,allopathic,nixonim-injection500-mgvial,IM Injection,Ceftriaxone Sodium,500 mg/vial,NIPRO JMI Pharma Ltd.,500 mg vial: ৳ 150.45,
17172,Nixon,allopathic,nixoniv-injection250-mgvial,IV Injection,Ceftriaxone Sodium,250 mg/vial,NIPRO JMI Pharma Ltd.,250 mg vial with WFI: ৳ 110.33,
17171,Nixon,allopathic,nixonim-injection250-mgvial,IM Injection,Ceftriaxone Sodium,250 mg/vial,NIPRO JMI Pharma Ltd.,250 mg vial: ৳ 110.33,
29506,Nixcof,allopathic,nixcofsyrup100-mg11-mg14-mg5-ml,Syrup,Guaifenesin + Levomenthol + Diphenhydramine,(100 mg+1.1 mg+14 mg)/5 ml,Opsonin Pharma Ltd.,100 ml bottle: ৳ 80.00,
2324,Nixar,allopathic,nixarpowder-for-suspension100-mg5-ml,Powder for Suspension,Nitazoxanide,100 mg/5 ml,Sharif Pharmaceuticals Ltd.,30 ml bottle: ৳ 35.11,
2323,Nixar,allopathic,nixartablet500-mg,Tablet,Nitazoxanide,500 mg,Sharif Pharmaceuticals Ltd.,"Unit Price: ৳ 10.03,(20's pack: ৳ 200.60),",(20's pack: ৳ 200.60)
29080,Nixamid,allopathic,nixamidtablet500-mg,Tablet,Nitazoxanide,500 mg,Euro Pharma Ltd.,"Unit Price: ৳ 10.00,(30's pack: ৳ 300.00),",(30's pack: ৳ 300.00)
30061,Nivomab,allopathic,nivomabiv-infusion100-mg10-ml,IV Infusion,Nivolumab,100 mg/10 ml,Beacon Pharmaceuticals Ltd.,"100 mg vial: ৳ 146,000.00",
32546,Nok,allopathic,noktablet15-mg,Tablet,Midazolam,15 mg,Doctor TIMS Pharmaceuticals Ltd.,"Unit Price: ৳ 15.00,(20's pack: ৳ 300.00),",(20's pack: ৳ 300.00)
12802,Noir,allopathic,noircream4,Cream,Hydroquinone,4%,Pharmasia Limited,10 gm tube: ৳ 50.19,
28155,Nohist,allopathic,nohisttablet10-mg,Tablet,Cetirizine Hydrochloride,10 mg,Apex Pharmaceuticals Ltd.,"Unit Price: ৳ 3.00,(100's pack: ৳ 300.00),",(100's pack: ৳ 300.00)
9947,Nogal,allopathic,nogaltablet150-mg,Tablet,Fluconazole,150 mg,Kumudini Pharma Ltd.,"Unit Price: ৳ 22.00,(10's pack: ৳ 220.00),",(10's pack: ৳ 220.00)
9946,Nogal,allopathic,nogaltablet50-mg,Tablet,Fluconazole,50 mg,Kumudini Pharma Ltd.,"Unit Price: ৳ 8.00,(20's pack: ৳ 160.00),",(20's pack: ৳ 160.00)
31939,Noflash,allopathic,noflashtablet01-mg,Tablet,Clonidine Hydrochloride,0.1 mg,Veritas Pharmaceuticals Ltd.,"Unit Price: ৳ 8.00,(60's pack: ৳ 480.00),",(60's pack: ৳ 480.00)
3349,Noficon,allopathic,noficoncapsule200-mg,Capsule,Fenofibrate,200 mg,Eskayef Pharmaceuticals Ltd.,"Unit Price: ৳ 7.00,(40's pack: ৳ 280.00),",(40's pack: ৳ 280.00)
3348,Nofiate,allopathic,nofiatecapsule200-mg,Capsule,Fenofibrate,200 mg,Incepta Pharmaceuticals Ltd.,"Unit Price: ৳ 7.00,(30's pack: ৳ 210.00),",(30's pack: ৳ 210.00)
62,Nofenac,allopathic,nofenactablet100-mg,Tablet,Aceclofenac,100 mg,Drug International Ltd.,"Unit Price: ৳ 4.05,(50's pack: ৳ 202.50),",(50's pack: ৳ 202.50)
28964,Nodia,allopathic,nodiatablet100-mg,Tablet,Leflunomide,100 mg,Incepta Pharmaceuticals Ltd.,"Unit Price: ৳ 20.00,(3's pack: ৳ 60.00),",(3's pack: ৳ 60.00)
28963,Nodia,allopathic,nodiatablet20-mg,Tablet,Leflunomide,20 mg,Incepta Pharmaceuticals Ltd.,"Unit Price: ৳ 5.00,(50's pack: ৳ 250.00),",(50's pack: ৳ 250.00)
11666,Nodia,allopathic,nodiatablet10-mg,Tablet,Leflunomide,10 mg,Incepta Pharmaceuticals Ltd.,"Unit Price: ৳ 3.00,(100's pack: ৳ 300.00),",(100's pack: ৳ 300.00)
4509,Nodepress,allopathic,nodepresscapsule20-mg,Capsule,Fluoxetine Hydrochloride,20 mg,Kemiko Pharmaceuticals Ltd.,"Unit Price: ৳ 2.60,(50's pack: ৳ 130.00),",(50's pack: ৳ 130.00)
4508,Nodep,allopathic,nodepcapsule20-mg,Capsule,Fluoxetine Hydrochloride,20 mg,General Pharmaceuticals Ltd.,"Unit Price: ৳ 2.81,(50's pack: ৳ 140.74),",(50's pack: ৳ 140.74)
4195,Noctin,allopathic,noctintablet5-mg,Tablet,Nitrazepam,5 mg,Ambee Pharmaceuticals Ltd.,"Unit Price: ৳ 1.00,(100's pack: ৳ 100.05),",(100's pack: ৳ 100.05)
3287,Noclog Plus,allopathic,noclog-plustablet75-mg75-mg,Tablet,Clopidogrel + Aspirin,75 mg+75 mg,Eskayef Pharmaceuticals Ltd.,"Unit Price: ৳ 12.00,(20's pack: ৳ 240.00),,Unit Price: ৳ 12.00,(30's pack: ৳ 360.00),,Unit Price: ৳ 12.00,(40's pack: ৳ 480.00),","(20's pack: ৳ 240.00),(30's pack: ৳ 360.00),(40's pack: ৳ 480.00)"
12127,Nolargy,allopathic,nolargytablet120-mg,Tablet,Fexofenadine Hydrochloride,120 mg,Edruc Limited,"Unit Price: ৳ 6.50,(30's pack: ৳ 195.00),",(30's pack: ৳ 195.00)
30714,Nokof DS,allopathic,nokof-dssyrup250-mg5-ml,Syrup,Carbocisteine,250 mg/5 ml,Beximco Pharmaceuticals Ltd.,100 ml bottle: ৳ 40.00,
30715,Nokof,allopathic,nokofcapsule375-mg,Capsule,Carbocisteine,375 mg,Beximco Pharmaceuticals Ltd.,"Unit Price: ৳ 2.50,(30's pack: ৳ 75.00),",(30's pack: ৳ 75.00)
30713,Nokof,allopathic,nokofsyrup125-mg5-ml,Syrup,Carbocisteine,125 mg/5 ml,Beximco Pharmaceuticals Ltd.,100 ml bottle: ৳ 30.00,
32547,Nok,allopathic,noktablet75-mg,Tablet,Midazolam,7.5 mg,Doctor TIMS Pharmaceuticals Ltd.,"Unit Price: ৳ 8.00,(30's pack: ৳ 240.00),",(30's pack: ৳ 240.00)
3240,Noclog,allopathic,noclogtablet75-mg,Tablet,Clopidogrel Bisulphate,75 mg,Eskayef Pharmaceuticals Ltd.,"Unit Price: ৳ 12.00,(20's pack: ৳ 240.00),,Unit Price: ৳ 12.00,(30's pack: ৳ 360.00),,Unit Price: ৳ 12.00,(40's pack: ৳ 480.00),","(20's pack: ৳ 240.00),(30's pack: ৳ 360.00),(40's pack: ৳ 480.00)"
507,Nocid Plus,allopathic,nocid-pluschewable-tablet200-mg200-mg30-mg,Chewable Tablet,Aluminium Hydroxide + Magnesium Hydroxide + Simethicone,200 mg+200 mg+30 mg,Medimet Pharmaceuticals Ltd.,"Unit Price: ৳ 0.90,(200's pack: ৳ 180.00),",(200's pack: ৳ 180.00)
478,Nocid,allopathic,nocidchewable-tablet250-mg400-mg,Chewable Tablet,Aluminium Hydroxide + Magnesium Hydroxide,250 mg+400 mg,Medimet Pharmaceuticals Ltd.,"Unit Price: ৳ 1.40,(200's pack: ৳ 280.00),",(200's pack: ৳ 280.00)
1618,Noburn,allopathic,noburntablet10-mg,Tablet,Domperidone Maleate,10 mg,Beacon Pharmaceuticals Ltd.,"Unit Price: ৳ 3.00,(100's pack: ৳ 300.00),",(100's pack: ৳ 300.00)
24666,Nobokin,allopathic,nobokintablet200-mg,Tablet,Sorafenib Tosylate,200 mg,Genvio Pharma Ltd.,"Unit Price: ৳ 300.00,(32's pack: ৳ 9,600.00),","(32's pack: ৳ 9,600.00)"
22116,Nobesit XR,allopathic,nobesit-xrtablet-extended-release1000-mg,Tablet (Extended Release),Metformin Hydrochloride,1000 mg,Incepta Pharmaceuticals Ltd.,"Unit Price: ৳ 9.00,(30's pack: ৳ 270.00),",(30's pack: ৳ 270.00)
22114,Nobesit XR,allopathic,nobesit-xrtablet-extended-release500-mg,Tablet (Extended Release),Metformin Hydrochloride,500 mg,Incepta Pharmaceuticals Ltd.,"Unit Price: ৳ 6.00,(50's pack: ৳ 300.00),",(50's pack: ৳ 300.00)
5455,Nobesit,allopathic,nobesittablet850-mg,Tablet,Metformin Hydrochloride,850 mg,Incepta Pharmaceuticals Ltd.,"Unit Price: ৳ 6.00,(60's pack: ৳ 360.00),",(60's pack: ৳ 360.00)
5454,Nobesit,allopathic,nobesittablet500-mg,Tablet,Metformin Hydrochloride,500 mg,Incepta Pharmaceuticals Ltd.,"Unit Price: ৳ 4.00,(60's pack: ৳ 240.00),",(60's pack: ৳ 240.00)
14030,Norad SG,allopathic,norad-sgcapsule6-mg200-mg50-mg,Capsule,Betacarotene + Vitamin C + Vitamin E,6 mg+200 mg+50 mg,Pacific Pharmaceuticals Ltd.,"Unit Price: ৳ 4.00,(30's pack: ৳ 120.00),",(30's pack: ৳ 120.00)
14727,Norad Plus,allopathic,norad-pluscapsule,Capsule,Super antioxidant [vitamins & minerals],,Pacific Pharmaceuticals Ltd.,"Unit Price: ৳ 5.00,(50's pack: ৳ 250.00),",(50's pack: ৳ 250.00)
14029,Norad,allopathic,noradtablet6-mg200-mg50-mg,Tablet,Betacarotene + Vitamin C + Vitamin E,6 mg+200 mg+50 mg,Pacific Pharmaceuticals Ltd.,"Unit Price: ৳ 4.00,(20's pack: ৳ 80.00),",(20's pack: ৳ 80.00)
15473,Nor Q,allopathic,nor-qiv-injection10-mgvial,IV Injection,Vecuronium Bromide,10 mg/vial,Incepta Pharmaceuticals Ltd.,10 mg vial: ৳ 185.00,
10594,Nor Plus,allopathic,nor-plustablet500-mg65-mg,Tablet,Paracetamol + Caffeine,500 mg+65 mg,Novelta Bestway Pharma Ltd.,"Unit Price: ৳ 1.90,(200's pack: ৳ 380.00),",(200's pack: ৳ 380.00)
702,Nopidin,allopathic,nopidintablet5-mg,Tablet,Amlodipine Besilate,5 mg,Ad-din Pharmaceuticals Ltd.,"Unit Price: ৳ 3.00,(50's pack: ৳ 150.00),",(50's pack: ৳ 150.00)
13681,Nopath,allopathic,nopathtablet100-mg200-mg200-mcg,Tablet,"Vitamin B1, B6 & B12",100 mg+200 mg+200 mcg,Amulet Pharmaceuticals Ltd.,"Unit Price: ৳ 5.02,(30's pack: ৳ 150.60),",(30's pack: ৳ 150.60)
11655,Nopain Extra,allopathic,nopain-extratablet75-mg200-mcg,Tablet,Diclofenac Sodium + Misoprostol,75 mg+200 mcg,Drug International Ltd.,"Unit Price: ৳ 11.05,(30's pack: ৳ 331.50),",(30's pack: ৳ 331.50)
11654,Nopain Extra,allopathic,nopain-extratablet50-mg200-mcg,Tablet,Diclofenac Sodium + Misoprostol,50 mg+200 mcg,Drug International Ltd.,"Unit Price: ৳ 10.05,(20's pack: ৳ 201.00),",(20's pack: ৳ 201.00)
11140,Nopain,allopathic,nopaintablet50-mg,Tablet,Diclofenac Potassium,50 mg,Drug International Ltd.,"Unit Price: ৳ 4.00,(50's pack: ৳ 200.00),",(50's pack: ৳ 200.00)
11139,Nopain,allopathic,nopaintablet25-mg,Tablet,Diclofenac Potassium,25 mg,Drug International Ltd.,"Unit Price: ৳ 2.05,(100's pack: ৳ 205.00),",(100's pack: ৳ 205.00)
11129,Nopain,allopathic,nopainophthalmic-solution01,Ophthalmic Solution,Diclofenac Sodium (Ophthalmic),0.10%,Drug International Ltd.,5 ml drop: ৳ 75.25,
28048,Nop,allopathic,noptablet5-mg,Tablet,Lisinopril,5 mg,Ambee Pharmaceuticals Ltd.,"Unit Price: ৳ 3.55,(50's pack: ৳ 177.52),",(50's pack: ৳ 177.52)
4615,Nomosic,allopathic,nomosictablet50-mg,Tablet,Meclizine Hydrochloride,50 mg,Drug International Ltd.,"Unit Price: ৳ 2.55,(50's pack: ৳ 127.50),",(50's pack: ৳ 127.50)
29417,Nomos,allopathic,nomoscream125,Cream,Ethyl Butylacetylaminopropionate,12.50%,Beximco Pharmaceuticals Ltd.,50 gm tube: ৳ 120.00,
5548,Nomopil,allopathic,nomopiltablet2-mg,Tablet,Repaglinide,2 mg,Incepta Pharmaceuticals Ltd.,"Unit Price: ৳ 5.00,(50's pack: ৳ 250.00),",(50's pack: ৳ 250.00)
5920,Norcolut,allopathic,norcoluttablet5-mg,Tablet,Norethisterone Acetate,5 mg,City Overseas Ltd.,"Unit Price: ৳ 7.25,(20's pack: ৳ 145.00),",(20's pack: ৳ 145.00)
2450,Norbit,allopathic,norbitcapsule100-mg,Capsule,Disopyramide Phosphate,100 mg,Incepta Pharmaceuticals Ltd.,"Unit Price: ৳ 8.00,(30's pack: ৳ 240.00),",(30's pack: ৳ 240.00)
30212,Norash,allopathic,norashointment5,Ointment,Dexpanthenol,5%,Incepta Pharmaceuticals Ltd.,50 gm tube: ৳ 125.00,
1836,Norain,allopathic,noraincapsule-delayed-release20-mg,Capsule (Delayed Release),Omeprazole,20 mg,GlaxoSmithKline,"Unit Price: ৳ 5.00,(100's pack: ৳ 500.00),",(100's pack: ৳ 500.00)
5547,Nomopil,allopathic,nomopiltablet1-mg,Tablet,Repaglinide,1 mg,Incepta Pharmaceuticals Ltd.,"Unit Price: ৳ 3.00,(100's pack: ৳ 300.00),",(100's pack: ৳ 300.00)
5546,Nomopil,allopathic,nomopiltablet05-mg,Tablet,Repaglinide,0.5 mg,Incepta Pharmaceuticals Ltd.,"Unit Price: ৳ 2.00,(100's pack: ৳ 200.00),",(100's pack: ৳ 200.00)
10796,Nomiten,allopathic,nomitentablet25-mg,Tablet,Zolmitriptan,2.5 mg,Rephco Pharmaceuticals Ltd.,"Unit Price: ৳ 20.00,(50's pack: ৳ 1,000.00),","(50's pack: ৳ 1,000.00)"
31931,Nomi,allopathic,nominasal-spray25-mgspray,Nasal Spray,Zolmitriptan,2.5 mg/spray,Square Pharmaceuticals Ltd.,14 metered spray: ৳ 450.00,
10795,Nomi,allopathic,nomitablet25-mg,Tablet,Zolmitriptan,2.5 mg,Square Pharmaceuticals Ltd.,"Unit Price: ৳ 25.17,(12's pack: ৳ 302.04),",(12's pack: ৳ 302.04)
4636,Nomesis,allopathic,nomesistablet25-mg50-mg,Tablet,Meclizine + Pyridoxine,25 mg+50 mg,Healthcare Pharmaceuticals Ltd.,"Unit Price: ৳ 3.50,(50's pack: ৳ 175.00),",(50's pack: ৳ 175.00)
13093,Nomark,allopathic,nomarkgel0125,Gel,Adapalene + Benzoyl peroxide,0.1%+2.5%,Opsonin Pharma Ltd.,10 gm tube: ৳ 160.00,
11971,Noler,allopathic,nolertablet10-mg,Tablet,Cetirizine Hydrochloride,10 mg,Alco Pharma Ltd.,"Unit Price: ৳ 2.51,(50's pack: ৳ 125.50),",(50's pack: ৳ 125.50)
12129,Nolargy,allopathic,nolargyoral-suspension30-mg5-ml,Oral Suspension,Fexofenadine Hydrochloride,30 mg/5 ml,Edruc Limited,50 ml bottle: ৳ 48.00,
12128,Nolargy,allopathic,nolargytablet180-mg,Tablet,Fexofenadine Hydrochloride,180 mg,Edruc Limited,"Unit Price: ৳ 8.00,(30's pack: ৳ 240.00),",(30's pack: ৳ 240.00)
14865,Normalin,allopathic,normaliniv-infusion09,IV Infusion,Sodium Chloride (Intravenous Solution),0.90%,Popular Pharmaceuticals Ltd.,"100 ml bag: ৳ 47.14,250 ml bag: ৳ 56.18,500 ml bag: ৳ 67.85,1000 ml bag: ৳ 87.39,2000 ml bag: ৳ 117.29",
14874,Normal Saline,allopathic,normal-salineiv-infusion09,IV Infusion,Sodium Chloride (Intravenous Solution),0.90%,ACME Laboratories Ltd.,"500 ml bag: ৳ 67.85,1000 ml bag: ৳ 87.39",
14868,Normal Saline,allopathic,normal-salineiv-infusion09,IV Infusion,Sodium Chloride (Intravenous Solution),0.90%,Opso Saline Ltd.,"500 ml bag: ৳ 67.64,1000 ml bag: ৳ 87.14",
14867,Normal Saline,allopathic,normal-salineiv-infusion09,IV Infusion,Sodium Chloride (Intravenous Solution),0.90%,Institute of Public Health (IPH),"Not for sale,Not for sale",
1730,Normacid,allopathic,normacidimiv-injection50-mg2-ml,IM/IV Injection,Ranitidine Hydrochloride,50 mg/2 ml,Kemiko Pharmaceuticals Ltd.,"2 ml ampoule: ৳ 6.02,(10's pack: ৳ 60.20),",(10's pack: ৳ 60.20)
1729,Normacid,allopathic,normacidsyrup75-mg5-ml,Syrup,Ranitidine Hydrochloride,75 mg/5 ml,Kemiko Pharmaceuticals Ltd.,100 ml bottle: ৳ 45.13,
1728,Normacid,allopathic,normacidtablet150-mg,Tablet,Ranitidine Hydrochloride,150 mg,Kemiko Pharmaceuticals Ltd.,"Unit Price: ৳ 2.51,(100's pack: ৳ 251.00),",(100's pack: ৳ 251.00)
1731,Norma-H,allopathic,norma-htablet150-mg,Tablet,Ranitidine Hydrochloride,150 mg,Renata Limited,"Unit Price: ৳ 2.50,(100's pack: ৳ 250.00),",(100's pack: ৳ 250.00)
22904,Norline,allopathic,norlineiv-infusion2-mg2-ml,IV Infusion,Norepinephrine,2 mg/2 ml,Radiant Pharmaceuticals Ltd.,2 ml vial: ৳ 250.00,
12022,Noriz,allopathic,norizsyrup5-mg5-ml,Syrup,Cetirizine Hydrochloride,5 mg/5 ml,Skylab Pharmaceuticals Ltd.,"60 ml bottle: ৳ 16.00,100 ml bottle: ৳ 25.00",
12021,Noriz,allopathic,noriztablet10-mg,Tablet,Cetirizine Hydrochloride,10 mg,Skylab Pharmaceuticals Ltd.,"Unit Price: ৳ 2.20,(100's pack: ৳ 220.00),",(100's pack: ৳ 220.00)
29880,Norix 1,allopathic,norix-1tablet15-mg,Tablet,Levonorgestrel,1.5 mg,Jenphar Bangladesh Ltd.,1 tablet pack: ৳ 60.00,
27100,Norix,allopathic,norixtablet075-mg,Tablet,Levonorgestrel,0.75 mg,Jenphar Bangladesh Ltd.,2 tablet pack: ৳ 60.00,
10842,Norium,allopathic,noriumtablet10-mg,Tablet,Flunarizine,10 mg,Eskayef Pharmaceuticals Ltd.,"Unit Price: ৳ 7.00,(60's pack: ৳ 420.00),",(60's pack: ৳ 420.00)
10841,Norium,allopathic,noriumtablet5-mg,Tablet,Flunarizine,5 mg,Eskayef Pharmaceuticals Ltd.,"Unit Price: ৳ 4.00,(100's pack: ৳ 400.00),",(100's pack: ৳ 400.00)
20682,Norglic,allopathic,norglictablet80-mg,Tablet,Gliclazide,80 mg,Monicopharma Ltd.,"Unit Price: ৳ 6.00,(30's pack: ৳ 180.00),",(30's pack: ৳ 180.00)
30617,Normaten,allopathic,normatentablet50-mg,Tablet,Atenolol,50 mg,Navana Pharmaceuticals Ltd.,"Unit Price: ৳ 0.76,(100's pack: ৳ 76.00),",(100's pack: ৳ 76.00)
14869,Normasol,allopathic,normasoliv-infusion09,IV Infusion,Sodium Chloride (Intravenous Solution),0.90%,Libra Infusions Ltd.,"100 ml bag: ৳ 47.88,250 ml bag: ৳ 53.63,500 ml bag: ৳ 67.85,1000 ml bag: ৳ 87.39",
2422,Normanal,allopathic,normanaltablet450-mg50-mg,Tablet,Micronised Diosmin + Hesperidin,450 mg+50 mg,Renata Limited,"Unit Price: ৳ 8.03,(30's pack: ৳ 240.90),",(30's pack: ৳ 240.90)
22913,Norgest,allopathic,norgesttablet003-mg015-mg75-mg,Tablet,Ethinyl Estradiol + Levonorgestrel + Ferrous Fumarate,0.03 mg+0.15 mg+75 mg,Techno Drugs Ltd.,(21 white+7 brown) tablet: ৳ 19.95,
4589,Norflu,allopathic,norflutablet05-mg10-mg,Tablet,Fluphenazine + Nortriptyline,0.5 mg+10 mg,ACME Laboratories Ltd.,"Unit Price: ৳ 1.06,(100's pack: ৳ 106.00),",(100's pack: ৳ 106.00)
11053,Norfen-SR,allopathic,norfen-srcapsule-sustained-release100-mg,Capsule (Sustained Release),Diclofenac Sodium,100 mg,Kumudini Pharma Ltd.,"Unit Price: ৳ 4.00,(50's pack: ৳ 200.00),",(50's pack: ৳ 200.00)
11052,Norfen,allopathic,norfentablet50-mg,Tablet,Diclofenac Sodium,50 mg,Kumudini Pharma Ltd.,"Unit Price: ৳ 1.00,(100's pack: ৳ 100.00),",(100's pack: ৳ 100.00)
20084,Noret 28,allopathic,noret-28tablet003-mg015-mg75-mg,Tablet,Ethinyl Estradiol + Levonorgestrel + Ferrous Fumarate,0.03 mg+0.15 mg+75 mg,Jenphar Bangladesh Ltd.,( 21 white+7 brown) tablet: ৳ 23.00,
5926,Norestin,allopathic,norestintablet5-mg,Tablet,Norethisterone Acetate,5 mg,Beximco Pharmaceuticals Ltd.,"Unit Price: ৳ 6.84,(60's pack: ৳ 410.61),",(60's pack: ৳ 410.61)
3632,Nordrine,allopathic,nordrineinjection25-mg5-ml,Injection,Ephedrine Hydrochloride,25 mg/5 ml,Incepta Pharmaceuticals Ltd.,"5 ml ampoule: ৳ 25.00,(10's pack: ৳ 250.00),",(10's pack: ৳ 250.00)
10769,Nordol,allopathic,nordoltablet325-mg375-mg,Tablet,Paracetamol + Tramadol Hydrochloride,325 mg+37.5 mg,Novelta Bestway Pharma Ltd.,"Unit Price: ৳ 8.03,(30's pack: ৳ 240.90),",(30's pack: ৳ 240.90)
28406,Norditropin SimpleXx,allopathic,norditropin-simplexxsc-injection5-mg15-ml,SC Injection,Somatropin,5 mg/1.5 ml,Novo Nordisk Pharma (Pvt.) Ltd,"1.5 ml cartridge: ৳ 10,440.00",
28935,Nordette 28,allopathic,nordette-28tablet003-mg015-mg75-mg,Tablet,Ethinyl Estradiol + Levonorgestrel + Ferrous Fumarate,0.03 mg+0.15 mg+75 mg,Pfizer,(21 white+7 brown) tablet: ৳ 36.00,
27102,Nordette 28,allopathic,nordette-28tablet003-mg015-mg75-mg,Tablet,Ethinyl Estradiol + Levonorgestrel + Ferrous Fumarate,0.03 mg+0.15 mg+75 mg,Jenphar Bangladesh Ltd.,(21 white+7 brown) tablet: ৳ 13.64,
14876,Nosomist,allopathic,nosomistnasal-spray09,Nasal Spray,Sodium Chloride (Nasal preparation),0.90%,Opsonin Pharma Ltd.,200 metered sprays: ৳ 98.00,
12218,Noseral,allopathic,noseraltablet10-mg,Tablet,Loratadine,10 mg,Peoples Pharma Ltd.,"Unit Price: ৳ 3.00,(50's pack: ৳ 150.00),",(50's pack: ৳ 150.00)
11974,Nosemin,allopathic,noseminsyrup5-mg5-ml,Syrup,Cetirizine Hydrochloride,5 mg/5 ml,Ibn Sina Pharmaceuticals Ltd.,60 ml bottle: ৳ 20.00,
11973,Nosemin,allopathic,nosemintablet10-mg,Tablet,Cetirizine Hydrochloride,10 mg,Ibn Sina Pharmaceuticals Ltd.,"Unit Price: ৳ 3.00,(100's pack: ৳ 300.00),",(100's pack: ৳ 300.00)
12131,Nosedex,allopathic,nosedexoral-suspension30-mg5-ml,Oral Suspension,Fexofenadine Hydrochloride,30 mg/5 ml,Orion Pharma Ltd.,40 ml bottle: ৳ 40.00,
12130,Nosedex,allopathic,nosedextablet120-mg,Tablet,Fexofenadine Hydrochloride,120 mg,Orion Pharma Ltd.,"Unit Price: ৳ 7.00,(30's pack: ৳ 210.00),",(30's pack: ৳ 210.00)
12494,Noscab,allopathic,noscabcream5-ww,Cream,Permethrin,5% w/w,Beximco Pharmaceuticals Ltd.,25 gm tube: ৳ 35.00,
4590,Norzin,allopathic,norzintablet05-mg10-mg,Tablet,Fluphenazine + Nortriptyline,0.5 mg+10 mg,Aristopharma Ltd.,"Unit Price: ৳ 1.05,(250's pack: ৳ 262.50),",(250's pack: ৳ 262.50)
20438,Norxit,allopathic,norxittablet05-mg10-mg,Tablet,Flupentixol + Melitracen,0.5 mg+10 mg,Concord Pharmaceuticals Ltd.,"Unit Price: ৳ 5.00,(50's pack: ৳ 250.00),",(50's pack: ৳ 250.00)
1438,Norvis,allopathic,norvisimiv-injection5-mg2-ml,IM/IV Injection,Tiemonium Methylsulphate,5 mg/2 ml,Square Pharmaceuticals Ltd.,"2 ml ampoule: ৳ 29.00,(10's pack: ৳ 290.00),",(10's pack: ৳ 290.00)
1437,Norvis,allopathic,norvissyrup10-mg5-ml,Syrup,Tiemonium Methylsulphate,10 mg/5 ml,Square Pharmaceuticals Ltd.,100 ml bottle: ৳ 87.26,
1436,Norvis,allopathic,norvistablet50-mg,Tablet,Tiemonium Methylsulphate,50 mg,Square Pharmaceuticals Ltd.,"Unit Price: ৳ 8.00,(50's pack: ৳ 400.00),",(50's pack: ৳ 400.00)
4459,Nortin,allopathic,nortincapsule25-mg,Capsule,Nortriptyline,25 mg,Navana Pharmaceuticals Ltd.,"Unit Price: ৳ 1.51,(100's pack: ৳ 150.73),",(100's pack: ৳ 150.73)
4458,Nortin,allopathic,nortincapsule10-mg,Capsule,Nortriptyline,10 mg,Navana Pharmaceuticals Ltd.,"Unit Price: ৳ 1.00,(100's pack: ৳ 100.00),",(100's pack: ৳ 100.00)
14877,Norsol,allopathic,norsolnasal-drop09,Nasal Drop,Sodium Chloride (Nasal preparation),0.90%,Opso Saline Ltd.,25 ml drop: ৳ 25.08,
4261,Norry,allopathic,norrytablet3-mg,Tablet,Bromazepam,3 mg,Renata Limited,"Unit Price: ৳ 5.00,(50's pack: ৳ 250.00),",(50's pack: ৳ 250.00)
63,Nostrin,allopathic,nostrintablet100-mg,Tablet,Aceclofenac,100 mg,Monicopharma Ltd.,"Unit Price: ৳ 3.00,(50's pack: ৳ 150.00),",(50's pack: ৳ 150.00)
14983,Nostis,allopathic,nostistablet250-mg200-mg,Tablet,Glucosamine Sulfate + Chondroitin,250 mg+200 mg,Ambee Pharmaceuticals Ltd.,"Unit Price: ৳ 8.03,(50's pack: ৳ 401.54),",(50's pack: ৳ 401.54)
13099,Nospot,allopathic,nospotcream0014005,Cream,Fluocinolone Acetonide + Hydroquinone + Tretinoin,0.01%+4%+0.05%,Eskayef Pharmaceuticals Ltd.,30 gm tube: ৳ 200.00,
27057,Nosomist,allopathic,nosomistnasal-drop09,Nasal Drop,Sodium Chloride (Nasal preparation),0.90%,Opsonin Pharma Ltd.,15 ml drop: ৳ 20.00,
28877,Norpress,allopathic,norpresstablet100-mg,Tablet,Atenolol,100 mg,Kemiko Pharmaceuticals Ltd.,"Unit Price: ৳ 1.25,(60's pack: ৳ 75.00),",(60's pack: ৳ 75.00)
1093,Norpress,allopathic,norpresstablet50-mg,Tablet,Atenolol,50 mg,Kemiko Pharmaceuticals Ltd.,"Unit Price: ৳ 0.75,(100's pack: ৳ 75.00),",(100's pack: ৳ 75.00)
6103,Norpill 1,allopathic,norpill-1tablet15-mg,Tablet,Levonorgestrel,1.5 mg,Square Pharmaceuticals Ltd.,"1 tablet pack: ৳ 70.00,(5's pack: ৳ 350.00),",(5's pack: ৳ 350.00)
29881,Norpill,allopathic,norpilltablet075-mg,Tablet,Levonorgestrel,0.75 mg,Square Pharmaceuticals Ltd.,"2 tablet pack: ৳ 70.00,(5's pack: ৳ 350.00),",(5's pack: ৳ 350.00)
1620,Normogut,allopathic,normogutoral-suspension5-mg5-ml,Oral Suspension,Domperidone Maleate,5 mg/5 ml,Rangs Pharmaceuticals Ltd.,100 ml bottle: ৳ 40.00,
1619,Normogut,allopathic,normoguttablet10-mg,Tablet,Domperidone Maleate,10 mg,Rangs Pharmaceuticals Ltd.,"Unit Price: ৳ 2.25,(50's pack: ৳ 112.50),",(50's pack: ৳ 112.50)
30180,Normoglobin,allopathic,normoglobiniv-injection-or-infusion25-gm50-ml,IV Injection or Infusion,Human Immunoglobulin-G [IgG],2.5 gm/50 ml,Incepta Pharmaceuticals Ltd.,"50 ml vial: ৳ 14,000.00",
27628,Normoglobin,allopathic,normoglobiniv-injection-or-infusion500-mg10-ml,IV Injection or Infusion,Human Immunoglobulin-G [IgG],500 mg/10 ml,Incepta Pharmaceuticals Ltd.,"10 ml vial: ৳ 2,800.00",
26278,Normo-K,allopathic,normo-koral-powder15-gmsachet,Oral Powder,Sodium Polystyrene Sulfonate,15 gm/sachet,Square Pharmaceuticals Ltd.,"15 gm sachet: ৳ 145.00,(10's pack: ৳ 1,450.00),","(10's pack: ৳ 1,450.00)"
5921,Normens,allopathic,normenstablet5-mg,Tablet,Norethisterone Acetate,5 mg,Renata Limited,"Unit Price: ৳ 6.00,(100's pack: ৳ 600.00),",(100's pack: ৳ 600.00)
11604,Novaxen Plus,allopathic,novaxen-plustablet-delayed-release500-mg20-mg,Tablet (Delayed Release),Naproxen Sodium + Esomeprazole Magnesium,500 mg+20 mg,Leon Pharmaceuticals Ltd.,"Unit Price: ৳ 10.00,(28's pack: ৳ 280.00),",(28's pack: ৳ 280.00)
11528,Novaxen,allopathic,novaxentablet500-mg,Tablet,Naproxen Sodium,500 mg,Leon Pharmaceuticals Ltd.,"Unit Price: ৳ 8.00,(50's pack: ৳ 400.00),",(50's pack: ৳ 400.00)
27188,Novavit Silver,allopathic,novavit-silvertablet,Tablet,Multivitamin & Multimineral [A-Z silver preparation],,Leon Pharmaceuticals Ltd.,"Unit Price: ৳ 7.00,(30's pack: ৳ 210.00),",(30's pack: ৳ 210.00)
27187,Novavit Gold,allopathic,novavit-goldtablet,Tablet,Multivitamin & Multimineral [A-Z gold preparation],,Leon Pharmaceuticals Ltd.,"Unit Price: ৳ 7.00,(15's pack: ৳ 105.00),,Unit Price: ৳ 7.00,(30's pack: ৳ 210.00),","(15's pack: ৳ 105.00),(30's pack: ৳ 210.00)"
23181,Novatron,allopathic,novatronimiv-injection8-mg4-ml,IM/IV Injection,Ondansetron,8 mg/4 ml,Radiant Pharmaceuticals Ltd.,"4 ml ampoule: ৳ 30.00,(5's pack: ৳ 150.00),",(5's pack: ৳ 150.00)
23180,Novatron,allopathic,novatrontablet8-mg,Tablet,Ondansetron,8 mg,Radiant Pharmaceuticals Ltd.,"Unit Price: ৳ 12.00,(30's pack: ৳ 360.00),",(30's pack: ৳ 360.00)
24502,Novastin,allopathic,novastintablet10-mg,Tablet,Simvastatin,10 mg,Drug International Ltd.,"Unit Price: ৳ 11.05,(30's pack: ৳ 331.50),",(30's pack: ৳ 331.50)
11054,Novarin SR,allopathic,novarin-srcapsule-sustained-release100-mg,Capsule (Sustained Release),Diclofenac Sodium,100 mg,Amico Laboratories Ltd.,"Unit Price: ৳ 2.50,(100's pack: ৳ 250.00),",(100's pack: ৳ 250.00)
11055,Novarin,allopathic,novaringel1-ww,Gel,Diclofenac Sodium,1% w/w,Amico Laboratories Ltd.,10 gm tube: ৳ 12.90,
23344,Novapan,allopathic,novapantablet-enteric-coated40-mg,Tablet (Enteric Coated),Pantoprazole Sodium Sesquihydrate,40 mg,Novus Pharmaceuticals Ltd.,"Unit Price: ৳ 3.00,(30's pack: ৳ 90.00),",(30's pack: ৳ 90.00)
6019,Novagra,allopathic,novagratablet25-mg,Tablet,Sildenafil Citrate,25 mg,Novelta Bestway Pharma Ltd.,Unit Price: ৳ 20.26,
27190,Novaflox,allopathic,novafloxpowder-for-suspension250-mg5-ml,Powder for Suspension,Ciprofloxacin,250 mg/5 ml,Leon Pharmaceuticals Ltd.,60 ml bottle: ৳ 90.00,
27189,Novaflox,allopathic,novafloxtablet500-mg,Tablet,Ciprofloxacin,500 mg,Leon Pharmaceuticals Ltd.,"Unit Price: ৳ 14.00,(20's pack: ৳ 280.00),",(20's pack: ৳ 280.00)
6947,Novadin,allopathic,novadinpowder-for-suspension125-mg5-ml,Powder for Suspension,Cephradine,125 mg/5 ml,Aexim Pharmaceuticals Ltd.,100 ml bottle: ৳ 80.00,
6946,Novadin,allopathic,novadincapsule500-mg,Capsule,Cephradine,500 mg,Aexim Pharmaceuticals Ltd.,"Unit Price: ৳ 12.00,(20's pack: ৳ 240.00),",(20's pack: ৳ 240.00)
9316,Novacin,allopathic,novacintablet500-mg,Tablet,Ciprofloxacin,500 mg,Novus Pharmaceuticals Ltd.,"Unit Price: ৳ 14.00,(20's pack: ৳ 280.00),",(20's pack: ৳ 280.00)
25630,Novazith,allopathic,novazithpowder-for-suspension200-mg5-ml,Powder for Suspension,Azithromycin Dihydrate,200 mg/5 ml,Leon Pharmaceuticals Ltd.,"15 ml bottle: ৳ 80.00,35 ml bottle: ৳ 135.00,50 ml bottle: ৳ 185.00",
25629,Novazith,allopathic,novazithtablet500-mg,Tablet,Azithromycin Dihydrate,500 mg,Leon Pharmaceuticals Ltd.,"Unit Price: ৳ 35.00,(12's pack: ৳ 420.00),",(12's pack: ৳ 420.00)
11605,Novaxen Plus,allopathic,novaxen-plustablet-delayed-release375-mg20-mg,Tablet (Delayed Release),Naproxen Sodium + Esomeprazole Magnesium,375 mg+20 mg,Leon Pharmaceuticals Ltd.,"Unit Price: ৳ 8.00,(28's pack: ৳ 224.00),",(28's pack: ৳ 224.00)
7606,Novacef,allopathic,novacefpowder-for-suspension100-mg5-ml,Powder for Suspension,Cefixime Trihydrate,100 mg/5 ml,Novus Pharmaceuticals Ltd.,50 ml bottle: ৳ 195.00,
7605,Novacef,allopathic,novacefcapsule200-mg,Capsule,Cefixime Trihydrate,200 mg,Novus Pharmaceuticals Ltd.,"Unit Price: ৳ 30.00,(12's pack: ৳ 360.00),",(12's pack: ৳ 360.00)
14494,Novacal-D,allopathic,novacal-dtablet500-mg200-iu,Tablet,Calcium Carbonate [Elemental source] + Vitamin D3,500 mg+200 IU,Leon Pharmaceuticals Ltd.,"Unit Price: ৳ 5.00,(15's pack: ৳ 75.00),,Unit Price: ৳ 5.00,(30's pack: ৳ 150.00),,Unit Price: ৳ 5.00,(50's pack: ৳ 250.00),","(15's pack: ৳ 75.00),(30's pack: ৳ 150.00),(50's pack: ৳ 250.00)"
14495,Novacal DX,allopathic,novacal-dxtablet500-mg400-iu,Tablet,Calcium Carbonate [Elemental source] + Vitamin D3,500 mg+400 IU,Novelta Bestway Pharma Ltd.,Unit Price: ৳ 5.02,
10595,Nova Plus,allopathic,nova-plustablet500-mg65-mg,Tablet,Paracetamol + Caffeine,500 mg+65 mg,Cosmic Pharma Ltd.,"Unit Price: ৳ 2.50,(100's pack: ৳ 250.00),",(100's pack: ৳ 250.00)
10467,Nova,allopathic,novaoral-suspension120-mg5-ml,Oral Suspension,Paracetamol,120 mg/5 ml,Cosmic Pharma Ltd.,60 ml bottle: ৳ 20.00,
10466,Nova,allopathic,novatablet500-mg,Tablet,Paracetamol,500 mg,Cosmic Pharma Ltd.,"Unit Price: ৳ 0.80,(200's pack: ৳ 160.00),",(200's pack: ৳ 160.00)
32913,Nouranz,allopathic,nouranztablet10-mg,Tablet,Ketorolac Tromethamine,10 mg,Arges Life Science Limited,"Unit Price: ৳ 10.00,(20's pack: ৳ 200.00),",(20's pack: ৳ 200.00)
5922,Noteron,allopathic,noterontablet5-mg,Tablet,Norethisterone Acetate,5 mg,Incepta Pharmaceuticals Ltd.,"Unit Price: ৳ 5.50,(60's pack: ৳ 330.00),",(60's pack: ৳ 330.00)
4262,Notens,allopathic,notenstablet3-mg,Tablet,Bromazepam,3 mg,Aristopharma Ltd.,"Unit Price: ৳ 5.00,(50's pack: ৳ 250.00),",(50's pack: ৳ 250.00)
29328,Notafol,allopathic,notafolcapsule140-mg,Capsule,Ibrutinib,140 mg,Genvio Pharma Ltd.,"Unit Price: ৳ 750.00,(90's pack: ৳ 67,500.00),","(90's pack: ৳ 67,500.00)"
11570,Novoxen,allopathic,novoxentablet-delayed-release500-mg20-mg,Tablet (Delayed Release),Naproxen Sodium + Esomeprazole Magnesium,500 mg+20 mg,Orion Pharma Ltd.,"Unit Price: ৳ 10.03,(20's pack: ৳ 200.60),",(20's pack: ৳ 200.60)
11569,Novoxen,allopathic,novoxentablet-delayed-release375-mg20-mg,Tablet (Delayed Release),Naproxen Sodium + Esomeprazole Magnesium,375 mg+20 mg,Orion Pharma Ltd.,"Unit Price: ৳ 8.02,(20's pack: ৳ 160.40),",(20's pack: ৳ 160.40)
19475,Novotril,allopathic,novotriltablet2-mg,Tablet,Clonazepam,2 mg,Concord Pharmaceuticals Ltd.,"Unit Price: ৳ 7.00,(50's pack: ৳ 350.00),",(50's pack: ৳ 350.00)
19474,Novotril,allopathic,novotriltablet05-mg,Tablet,Clonazepam,0.5 mg,Concord Pharmaceuticals Ltd.,"Unit Price: ৳ 5.00,(50's pack: ৳ 250.00),",(50's pack: ৳ 250.00)
17075,NovoSeven,allopathic,novoseveniv-injection1-mgvial,IV Injection,Coagulation Factor VIIa [Eptacog Alfa],1 mg/vial,Novo Nordisk Pharma (Pvt.) Ltd,"1 mg vial: ৳ 81,200.00",
16775,NovoRapid,allopathic,novorapidsc-injection100-iuml,SC Injection,Protamine Crystallised Insulin Aspart,100 IU/ml,Novo Nordisk Pharma (Pvt.) Ltd,"3 ml penfill: ৳ 730.00,(5's pack: ৳ 3,650.00),","(5's pack: ৳ 3,650.00)"
16774,NovoRapid,allopathic,novorapidsc-injection100-iuml,SC Injection,Protamine Crystallised Insulin Aspart,100 IU/ml,Novo Nordisk Pharma (Pvt.) Ltd,"3 ml flexpen: ৳ 865.00,(5's pack: ৳ 4,325.00),","(5's pack: ৳ 4,325.00)"
16829,NovoMix,allopathic,novomixsc-injection3070,SC Injection,Biphasic Insulin Aspart [rDNA],30%+70%,Novo Nordisk Pharma (Pvt.) Ltd,"3 ml flexpen: ৳ 865.00,(5's pack: ৳ 4,325.00),","(5's pack: ৳ 4,325.00)"
16828,NovoMix,allopathic,novomixsc-injection3070,SC Injection,Biphasic Insulin Aspart [rDNA],30%+70%,Novo Nordisk Pharma (Pvt.) Ltd,"3 ml penfill: ৳ 720.00,(5's pack: ৳ 3,600.00),","(5's pack: ৳ 3,600.00)"
10770,Novodol,allopathic,novodoltablet325-mg375-mg,Tablet,Paracetamol + Tramadol Hydrochloride,325 mg+37.5 mg,Orion Pharma Ltd.,"Unit Price: ৳ 8.02,(50's pack: ৳ 401.00),",(50's pack: ৳ 401.00)
27735,Novocaine,allopathic,novocaineophthalmic-solution04,Ophthalmic Solution,Oxybuprocaine Hydrochloride,0.40%,Opso Saline Ltd.,10 ml drop: ৳ 42.16,
14803,NOVO ORS,allopathic,novo-orsoral-powder1395-gm,Oral Powder,Oral Rehydration Salt [Powder],13.95 gm,Novo Healthcare and Pharma Ltd.,"Unit Price: ৳ 4.51,(30's pack: ৳ 135.27),",(30's pack: ৳ 135.27)
17430,Novirax HC,allopathic,novirax-hccream51,Cream,Acyclovir + Hydrocortisone,5%+1%,Drug International Ltd.,10 gm tube: ৳ 70.00,
151,Novirax,allopathic,noviraxtablet400-mg,Tablet,Acyclovir (Oral),400 mg,Drug International Ltd.,"Unit Price: ৳ 22.10,(20's pack: ৳ 442.00),",(20's pack: ৳ 442.00)
150,Novirax,allopathic,noviraxtablet200-mg,Tablet,Acyclovir (Oral),200 mg,Drug International Ltd.,"Unit Price: ৳ 14.50,(30's pack: ৳ 435.00),",(30's pack: ৳ 435.00)
122,Novirax,allopathic,noviraxcream5-ww,Cream,Acyclovir (Topical),5% w/w,Drug International Ltd.,5 gm tube: ৳ 40.15,
29509,Noxarin,allopathic,noxarinsc-injection6000-anti-xa-iu06-ml,SC Injection,Enoxaparin Sodium,6000 Anti-Xa IU/0.6 ml,Opsonin Pharma Ltd.,0.6 ml pre-filled syringe: ৳ 525.00,
29508,Noxarin,allopathic,noxarinsc-injection4000-anti-xa-iu04-ml,SC Injection,Enoxaparin Sodium,4000 Anti-Xa IU/0.4 ml,Opsonin Pharma Ltd.,0.4 ml pre-filled syringe: ৳ 400.00,
29507,Noxarin,allopathic,noxarinsc-injection2000-anti-xa-iu02-ml,SC Injection,Enoxaparin Sodium,2000 Anti-Xa IU/0.2 ml,Opsonin Pharma Ltd.,0.2 ml pre-filled syringe: ৳ 200.00,
27872,Nox,allopathic,noxtablet6-mg200-mg50-mg,Tablet,Betacarotene + Vitamin C + Vitamin E,6 mg+200 mg+50 mg,Alco Pharma Ltd.,"Unit Price: ৳ 2.54,(20's pack: ৳ 50.80),",(20's pack: ৳ 50.80)
16260,Novin,allopathic,novinnasal-drop01,Nasal Drop,Xylometazoline Hydrochloride,0.10%,Gaco Pharmaceuticals Ltd.,"10 ml drop: ৳ 7.53,(12's pack: ৳ 90.36),",(12's pack: ৳ 90.36)
16259,Novin,allopathic,novinnasal-drop005,Nasal Drop,Xylometazoline Hydrochloride,0.05%,Gaco Pharmaceuticals Ltd.,"10 ml drop: ৳ 6.91,(12's pack: ৳ 82.92),",(12's pack: ৳ 82.92)
32359,Novelta Power,allopathic,novelta-poweroral-suspension500-mg267-mg160-mg10-ml,Oral Suspension,Sodium Alginate + Sodium Bicarbonate + Calcium Carbonate,(500 mg+267 mg+160 mg)/10 ml,Orion Pharma Ltd.,200 ml bottle: ৳ 250.00,
16591,Novelta,allopathic,noveltachewable-tablet480-mg20-mg,Chewable Tablet,Magaldrate + Simethicone,480 mg+20 mg,Orion Pharma Ltd.,"Unit Price: ৳ 3.01,(100's pack: ৳ 301.00),",(100's pack: ৳ 301.00)
16590,Novelta,allopathic,noveltaoral-suspension480-mg20-mg5-ml,Oral Suspension,Magaldrate + Simethicone,(480 mg+20 mg)/5 ml,Orion Pharma Ltd.,200 ml bottle: ৳ 110.00,
20080,Novelon Lite,allopathic,novelon-litetablet002-mg3-mg,Tablet,Ethinyl Estradiol + Drospirenone (24 tablet),0.02 mg+3 mg,Renata Limited,(24 pink+4 white) tablet: ৳ 425.00,
6107,Novelon,allopathic,novelontablet003-mg3-mg,Tablet,Ethinyl Estradiol + Drospirenone (21 tablet),0.03 mg+3 mg,Renata Limited,(21 light yellow+7 white) tablet: ৳ 399.00,
32623,Novelip,allopathic,noveliptablet180-mg,Tablet,Bempedoic acid,180 mg,Renata Limited,"Unit Price: ৳ 30.00,(10's pack: ৳ 300.00),",(10's pack: ৳ 300.00)
33134,Novefos,allopathic,novefosoral-powder3-gmsachet,Oral Powder,Fosfomycin Trometamol,3 gm/sachet,Nuvista Pharma Ltd.,3 gm sachet: ৳ 350.00,
32163,Novea,allopathic,noveatablet-delayed-release10-mg10-mg,Tablet (Delayed Release),Pyridoxine Hydrochloride + Doxylamine Succinate,10 mg+10 mg,Healthcare Pharmaceuticals Ltd.,"Unit Price: ৳ 5.00,(60's pack: ৳ 300.00),",(60's pack: ৳ 300.00)
30917,Nuloc,allopathic,nulociv-injection40-mgvial,IV Injection,Esomeprazole,40 mg/vial,Monicopharma Ltd.,40 mg vial: ৳ 90.00,
28065,Nuloc,allopathic,nuloctablet-enteric-coated20-mg,Tablet (Enteric Coated),Esomeprazole,20 mg,Monicopharma Ltd.,"Unit Price: ৳ 5.00,(100's pack: ৳ 500.00),",(100's pack: ৳ 500.00)
13682,Nugesic,allopathic,nugesictablet100-mg200-mg200-mcg,Tablet,"Vitamin B1, B6 & B12",100 mg+200 mg+200 mcg,Orion Pharma Ltd.,"Unit Price: ৳ 8.00,(30's pack: ৳ 240.00),",(30's pack: ৳ 240.00)
30801,Nufex,allopathic,nufexcapsule500-mg,Capsule,Cephalexin,500 mg,General Pharmaceuticals Ltd.,"Unit Price: ৳ 9.06,(20's pack: ৳ 181.20),",(20's pack: ৳ 181.20)
30800,Nufex,allopathic,nufexpowder-for-suspension125-mg5-ml,Powder for Suspension,Cephalexin,125 mg/5 ml,General Pharmaceuticals Ltd.,100 ml bottle: ৳ 78.52,
1621,Nudon,allopathic,nudontablet10-mg,Tablet,Domperidone Maleate,10 mg,Organic Health Care Ltd.,"Unit Price: ৳ 2.00,(100's pack: ৳ 200.00),",(100's pack: ৳ 200.00)
32928,Nudom,allopathic,nudomtablet10-mg,Tablet,Domperidone Maleate,10 mg,FnF Pharmaceuticals Ltd.,"Unit Price: ৳ 2.00,(100's pack: ৳ 200.00),",(100's pack: ৳ 200.00)
32927,Nucip,allopathic,nuciptablet500-mg,Tablet,Ciprofloxacin,500 mg,FnF Pharmaceuticals Ltd.,Unit Price: ৳ 14.00,
23557,Nuceta Plus,allopathic,nuceta-plustablet500-mg65-mg,Tablet,Paracetamol + Caffeine,500 mg+65 mg,FnF Pharmaceuticals Ltd.,Unit Price: ৳ 1.90,
25732,Nubis,allopathic,nubistablet5-mg,Tablet,Bisoprolol Hemifumarate,5 mg,Nuvista Pharma Ltd.,"Unit Price: ৳ 10.00,(30's pack: ৳ 300.00),",(30's pack: ৳ 300.00)
25731,Nubis,allopathic,nubistablet25-mg,Tablet,Bisoprolol Hemifumarate,2.5 mg,Nuvista Pharma Ltd.,"Unit Price: ৳ 6.00,(30's pack: ৳ 180.00),",(30's pack: ৳ 180.00)
12358,Nuba Plus,allopathic,nuba-plusointment35-mg400-iu5000-iugm,Ointment,Neomycin Sulfate + Bacitracin Zinc + Polymyxin B Sulfate,(3.5 mg+400 IU+5000 IU)/gm,Biopharma Laboratories Ltd.,10 gm tube: ৳ 30.11,
12357,Nuba,allopathic,nubaointment5-mg500-iugm,Ointment,Neomycin Sulfate + Bacitracin Zinc,(5 mg+500 IU)/gm,Biopharma Laboratories Ltd.,20 gm tube: ৳ 40.15,
2330,NTZ,allopathic,ntzpowder-for-suspension100-mg5-ml,Powder for Suspension,Nitazoxanide,100 mg/5 ml,Asiatic Laboratories Ltd.,"30 ml bottle: ৳ 35.00,60 ml bottle: ৳ 50.00",
27815,NT-Par,allopathic,nt-paroral-suspension200-mg5-ml,Oral Suspension,Albendazole,200 mg/5 ml,Rangs Pharmaceuticals Ltd.,10 ml bottle: ৳ 15.05,
327,NT-Par,allopathic,nt-parchewable-tablet400-mg,Chewable Tablet,Albendazole,400 mg,Rangs Pharmaceuticals Ltd.,"Unit Price: ৳ 4.50,(50's pack: ৳ 225.00),",(50's pack: ৳ 225.00)
11474,Nuprafen,allopathic,nuprafentablet250-mg,Tablet,Naproxen Sodium,250 mg,Beximco Pharmaceuticals Ltd.,"Unit Price: ৳ 4.20,(100's pack: ৳ 420.21),",(100's pack: ৳ 420.21)
31505,Nupiravir,allopathic,nupiravircapsule200-mg,Capsule,Molnupiravir,200 mg,Pharmasia Limited,"Unit Price: ৳ 40.00,(20's pack: ৳ 800.00),",(20's pack: ৳ 800.00)
13242,Nuovit-F,allopathic,nuovit-fcapsule,Capsule,Iron + Folic acid + Vitamin B complex + Vitamin C,,Novus Pharmaceuticals Ltd.,"Unit Price: ৳ 3.00,(50's pack: ৳ 150.00),",(50's pack: ৳ 150.00)
22744,Nunap,allopathic,nunaptablet250-mg,Tablet,Naproxen Sodium,250 mg,FnF Pharmaceuticals Ltd.,Unit Price: ৳ 4.00,
32378,NSC,allopathic,nscnasal-drop09,Nasal Drop,Sodium Chloride (Nasal preparation),0.90%,Gaco Pharmaceuticals Ltd.,"10 ml drop: ৳ 20.00,(12's pack: ৳ 240.00),",(12's pack: ৳ 240.00)
12356,NSB,allopathic,nsbointment5-mg500-iugm,Ointment,Neomycin Sulfate + Bacitracin Zinc,(5 mg+500 IU)/gm,Mystic Pharmaceuticals Ltd.,10 gm tube: ৳ 12.55,
14857,NRG,allopathic,nrgoral-powder100,Oral Powder,Dextrose,100%,Eskayef Pharmaceuticals Ltd.,"10 gm sachet: ৳ 5.00,(20's pack: ৳ 100.00),",(20's pack: ৳ 100.00)
26733,NPV,allopathic,npvtablet-delayed-release10-mg10-mg,Tablet (Delayed Release),Pyridoxine Hydrochloride + Doxylamine Succinate,10 mg+10 mg,Ziska Pharmaceuticals Ltd.,"Unit Price: ৳ 5.00,(30's pack: ৳ 150.00),",(30's pack: ৳ 150.00)
15894,NPH,allopathic,nphear-drop10-mg3400-units10000-unitsml,Ear Drop,Hydrocortisone + Neomycin Sulphate + Polymixin B,(10 mg+3400 Units+10000 Units)/ml,Reman Drug Laboratories Ltd.,5 ml drop: ৳ 60.23,
27221,Nozma,allopathic,nozmatablet10-mg,Tablet,Montelukast Sodium,10 mg,Organic Health Care Ltd.,"Unit Price: ৳ 15.00,(20's pack: ৳ 300.00),",(20's pack: ৳ 300.00)
11530,Nozee,allopathic,nozeetablet500-mg,Tablet,Naproxen Sodium,500 mg,Syntho Laboratories Ltd.,"Unit Price: ৳ 6.00,(30's pack: ৳ 180.00),",(30's pack: ৳ 180.00)
11473,Nozee,allopathic,nozeetablet500-mg,Tablet,Naproxen Sodium,500 mg,MST Pharma,"Unit Price: ৳ 7.00,(30's pack: ৳ 210.00),",(30's pack: ৳ 210.00)
30651,Noxid,allopathic,noxidtablet6-mg200-mg50-mg,Tablet,Betacarotene + Vitamin C + Vitamin E,6 mg+200 mg+50 mg,Navana Pharmaceuticals Ltd.,"Unit Price: ৳ 2.51,(20's pack: ৳ 50.20),",(20's pack: ৳ 50.20)
29510,Noxarin,allopathic,noxarinsc-injection8000-anti-xa-iu08-ml,SC Injection,Enoxaparin Sodium,8000 Anti-Xa IU/0.8 ml,Opsonin Pharma Ltd.,0.8 ml pre-filled syringe: ৳ 650.00,
13934,Nutrivit-C,allopathic,nutrivit-csyrup100-mg5-ml,Syrup,Vitamin C [Ascorbic acid],100 mg/5 ml,ACI Limited,100 ml bottle: ৳ 33.45,
13932,Nutrivit-C,allopathic,nutrivit-cchewable-tablet250-mg,Chewable Tablet,Vitamin C [Ascorbic acid],250 mg,ACI Limited,"Unit Price: ৳ 1.90,(200's pack: ৳ 380.00),",(200's pack: ৳ 380.00)
13807,Nutrivit-B,allopathic,nutrivit-bsyrup,Syrup,Vitamin B complex,,ACI Limited,200 ml bottle: ৳ 62.19,
13806,Nutrivit-B,allopathic,nutrivit-btablet,Tablet,Vitamin B complex,,ACI Limited,"Unit Price: ৳ 0.62,(45's pack: ৳ 27.90),",(45's pack: ৳ 27.90)
586,Nutrimin-D,allopathic,nutrimin-div-infusion710,IV Infusion,Amino Acid + Glucose + Electrolytes,7%+10%,Beximco Pharmaceuticals Ltd.,500 ml bottle: ৳ 410.00,
14776,Nutrimin,allopathic,nutriminiv-infusion5,IV Infusion,Amino Acid + D-Sorbitol + Electrolytes,5%,Beximco Pharmaceuticals Ltd.,500 ml bottle: ৳ 350.00,
14778,Nutrilive,allopathic,nutriliveiv-infusion5,IV Infusion,Amino Acid + D-Sorbitol + Electrolytes,5%,Healthcare Pharmaceuticals Ltd.,500 ml bottle: ৳ 350.00,
14859,Nutridex,allopathic,nutridexiv-infusion25,IV Infusion,Dextrose,25%,Beximco Pharmaceuticals Ltd.,"100 ml vial: ৳ 37.55,250 ml vial: ৳ 61.00",
14496,Nutribon,allopathic,nutribontablet500-mg200-iu,Tablet,Calcium Carbonate [Elemental source] + Vitamin D3,500 mg+200 IU,Veritas Pharmaceuticals Ltd.,"Unit Price: ৳ 6.01,(30's pack: ৳ 180.30),,Unit Price: ৳ 6.01,(60's pack: ৳ 360.60),","(30's pack: ৳ 180.30),(60's pack: ৳ 360.60)"
14060,Nutriace,allopathic,nutriacetablet6-mg200-mg50-mg,Tablet,Betacarotene + Vitamin C + Vitamin E,6 mg+200 mg+50 mg,Marksman Pharmaceuticals Ltd.,"Unit Price: ৳ 2.50,(20's pack: ৳ 50.00),",(20's pack: ৳ 50.00)
4712,Nutramid,allopathic,nutramidsyrup5-mg5-ml,Syrup,Metoclopramide Hydrochloride,5 mg/5 ml,ACME Laboratories Ltd.,60 ml bottle: ৳ 10.68,
4711,Nutramid,allopathic,nutramidtablet10-mg,Tablet,Metoclopramide Hydrochloride,10 mg,ACME Laboratories Ltd.,"Unit Price: ৳ 0.35,(100's pack: ৳ 35.00),",(100's pack: ৳ 35.00)
4710,Nutramid,allopathic,nutramidpediatric-drops1-mgml,Pediatric Drops,Metoclopramide Hydrochloride,1 mg/ml,ACME Laboratories Ltd.,15 ml bottle: ৳ 9.64,
25329,Nuropa,allopathic,nuropatablet100-mg200-mg200-mcg,Tablet,"Vitamin B1, B6 & B12",100 mg+200 mg+200 mcg,Nipa Pharmaceuticals Ltd.,"Unit Price: ৳ 7.00,(30's pack: ৳ 210.00),",(30's pack: ৳ 210.00)
28793,Nuronaaf,allopathic,nuronaaftablet100-mg200-mg200-mcg,Tablet,"Vitamin B1, B6 & B12",100 mg+200 mg+200 mcg,Naafco Pharma Ltd.,"Unit Price: ৳ 8.00,(30's pack: ৳ 240.00),",(30's pack: ৳ 240.00)
25320,Nuroguard,allopathic,nuroguardtablet100-mg200-mg200-mcg,Tablet,"Vitamin B1, B6 & B12",100 mg+200 mg+200 mcg,Guardian Healthcare Ltd.,"Unit Price: ৳ 5.00,(60's pack: ৳ 300.00),",(60's pack: ৳ 300.00)
28210,Nutrona Silver,allopathic,nutrona-silvertablet,Tablet,Multivitamin & Multimineral [A-Z silver preparation],,Rephco Pharmaceuticals Ltd.,"Unit Price: ৳ 6.00,(30's pack: ৳ 180.00),",(30's pack: ৳ 180.00)
28209,Nutrona Gold,allopathic,nutrona-goldtablet,Tablet,Multivitamin & Multimineral [A-Z gold preparation],,Rephco Pharmaceuticals Ltd.,"Unit Price: ৳ 6.00,(30's pack: ৳ 180.00),",(30's pack: ৳ 180.00)
14078,Nutrivit-MV,allopathic,nutrivit-mvpediatric-drops,Pediatric Drops,Multivitamin [Pediatric preparation],,ACI Limited,15 ml bottle: ৳ 16.06,
32347,Nutrivit-C,allopathic,nutrivit-ceffervescent-tablet1000-mg,Effervescent Tablet,Vitamin C [Ascorbic acid],1000 mg,ACI Limited,"Unit Price: ৳ 12.04,(10's pack: ৳ 120.40),",(10's pack: ৳ 120.40)
25313,Nurobix Plus,allopathic,nurobix-plustablet100-mg200-mg200-mcg,Tablet,"Vitamin B1, B6 & B12",100 mg+200 mg+200 mcg,Chemist Laboratories  Ltd.,"Unit Price: ৳ 5.00,(30's pack: ৳ 150.00),",(30's pack: ৳ 150.00)
13684,Nurobix Plus,allopathic,nurobix-plusim-injection100-mg100-mg1-mg3-ml,IM Injection,"Vitamin B1, B6 & B12",(100 mg+100 mg+1 mg)/3 ml,Chemist Laboratories  Ltd.,"3 ml ampoule: ৳ 25.00,(5's pack: ৳ 125.00),",(5's pack: ৳ 125.00)
23823,Nurela,allopathic,nurelacapsule50-mg,Capsule,Pregabalin,50 mg,Guardian Healthcare Ltd.,"Unit Price: ৳ 12.00,(30's pack: ৳ 360.00),",(30's pack: ৳ 360.00)
12518,Nuprin,allopathic,nuprincream35-mg10000-iu10-mggm,Cream,Neomycin Sulphate + Polymyxin B Sulphate + Pramoxine,(3.5 mg+10000 IU+10 mg)/gm,Alco Pharma Ltd.,"5 gm tube: ৳ 40.11,10 gm tube: ৳ 75.22,30 gm tube: ৳ 140.42",
1837,Nuprazol,allopathic,nuprazolcapsule-delayed-release20-mg,Capsule (Delayed Release),Omeprazole,20 mg,Nuvista Pharma Ltd.,"Unit Price: ৳ 5.00,(50's pack: ৳ 250.00),",(50's pack: ৳ 250.00)
11572,Nupralgin Plus,allopathic,nupralgin-plustablet-delayed-release500-mg20-mg,Tablet (Delayed Release),Naproxen Sodium + Esomeprazole Magnesium,500 mg+20 mg,Ibn Sina Pharmaceuticals Ltd.,"Unit Price: ৳ 10.00,(30's pack: ৳ 300.00),",(30's pack: ৳ 300.00)
11571,Nupralgin Plus,allopathic,nupralgin-plustablet-delayed-release375-mg20-mg,Tablet (Delayed Release),Naproxen Sodium + Esomeprazole Magnesium,375 mg+20 mg,Ibn Sina Pharmaceuticals Ltd.,"Unit Price: ৳ 8.00,(30's pack: ৳ 240.00),",(30's pack: ৳ 240.00)
11477,Nupralgin,allopathic,nupralgintablet500-mg,Tablet,Naproxen Sodium,500 mg,Ibn Sina Pharmaceuticals Ltd.,"Unit Price: ৳ 9.00,(24's pack: ৳ 216.00),",(24's pack: ৳ 216.00)
11476,Nupralgin,allopathic,nupralgintablet250-mg,Tablet,Naproxen Sodium,250 mg,Ibn Sina Pharmaceuticals Ltd.,"Unit Price: ৳ 5.00,(48's pack: ৳ 240.00),",(48's pack: ৳ 240.00)
11475,Nuprafen,allopathic,nuprafentablet500-mg,Tablet,Naproxen Sodium,500 mg,Beximco Pharmaceuticals Ltd.,"Unit Price: ৳ 7.84,(50's pack: ৳ 392.20),",(50's pack: ৳ 392.20)
28414,Nycof D,allopathic,nycof-dsyrup14-mg65-mg2-mg5-ml,Syrup,Diphenhydramine + Dextromethorphan + Levomenthol,(14 mg+6.5 mg+2 mg)/5 ml,Eskayef Pharmaceuticals Ltd.,100 ml bottle: ৳ 80.00,
19448,Nyclobate NN,allopathic,nyclobate-nnointment05-mg5-mg1-lac-iugm,Ointment,Clobetasol Propionate + Neomycin Sulphate + Nystatin,(0.5 mg+5 mg+1 Lac IU)/gm,Incepta Pharmaceuticals Ltd.,10 gm tube: ৳ 50.00,
12619,Nyclobate NN,allopathic,nyclobate-nncream05-mg5-mg1-lac-iugm,Cream,Clobetasol Propionate + Neomycin Sulphate + Nystatin,(0.5 mg+5 mg+1 Lac IU)/gm,Incepta Pharmaceuticals Ltd.,"10 gm tube: ৳ 60.00,20 gm tube: ৳ 80.00",
27629,Nyclobate,allopathic,nyclobatelotion005,Lotion,Clobetasol Propionate (Scalp Preparation),0.05%,Incepta Pharmaceuticals Ltd.,60 ml bottle: ৳ 200.00,
26234,Nyclobate,allopathic,nyclobatetopical-spray005,Topical Spray,Clobetasol Propionate (Scalp Preparation),0.05%,Incepta Pharmaceuticals Ltd.,60 ml bottle: ৳ 450.00,
19434,Nyclobate,allopathic,nyclobateshampoo005,Shampoo,Clobetasol Propionate (Scalp Preparation),0.05%,Incepta Pharmaceuticals Ltd.,60 ml bottle: ৳ 350.00,
12603,Nyclobate,allopathic,nyclobatescalp-solution005,Scalp Solution,Clobetasol Propionate (Scalp Preparation),0.05%,Incepta Pharmaceuticals Ltd.,30 ml bottle: ৳ 200.00,
12585,Nyclobate,allopathic,nyclobateointment005,Ointment,Clobetasol Propionate (Topical Preparation),0.05%,Incepta Pharmaceuticals Ltd.,"10 gm tube: ৳ 50.00,20 gm tube: ৳ 80.00",
12584,Nyclobate,allopathic,nyclobatecream005,Cream,Clobetasol Propionate (Topical Preparation),0.05%,Incepta Pharmaceuticals Ltd.,"10 gm tube: ৳ 45.00,20 gm tube: ৳ 70.00",
22753,NX-1,allopathic,nx-1tablet500-mg,Tablet,Naproxen Sodium,500 mg,One Pharma Ltd.,"Unit Price: ৳ 11.00,(30's pack: ৳ 330.00),",(30's pack: ৳ 330.00)
27088,NX Plus,allopathic,nx-plustablet-delayed-release375-mg20-mg,Tablet (Delayed Release),Naproxen Sodium + Esomeprazole Magnesium,375 mg+20 mg,One Pharma Ltd.,"Unit Price: ৳ 10.00,(30's pack: ৳ 300.00),",(30's pack: ৳ 300.00)
27087,NX Plus,allopathic,nx-plustablet-delayed-release500-mg20-mg,Tablet (Delayed Release),Naproxen Sodium + Esomeprazole Magnesium,500 mg+20 mg,One Pharma Ltd.,"Unit Price: ৳ 13.00,(30's pack: ৳ 390.00),",(30's pack: ৳ 390.00)
4637,NVP,allopathic,nvptablet25-mg50-mg,Tablet,Meclizine + Pyridoxine,25 mg+50 mg,ACME Laboratories Ltd.,"Unit Price: ৳ 3.01,(50's pack: ৳ 150.50),",(50's pack: ৳ 150.50)
5458,NVmet SR,allopathic,nvmet-srtablet-sustained-release500-mg,Tablet (Sustained Release),Metformin Hydrochloride,500 mg,Navana Pharmaceuticals Ltd.,"Unit Price: ৳ 6.00,(50's pack: ৳ 300.15),",(50's pack: ৳ 300.15)
5457,NVmet,allopathic,nvmettablet850-mg,Tablet,Metformin Hydrochloride,850 mg,Navana Pharmaceuticals Ltd.,"Unit Price: ৳ 6.00,(50's pack: ৳ 300.15),",(50's pack: ৳ 300.15)
5456,NVmet,allopathic,nvmettablet500-mg,Tablet,Metformin Hydrochloride,500 mg,Navana Pharmaceuticals Ltd.,"Unit Price: ৳ 4.00,(50's pack: ৳ 200.10),",(50's pack: ৳ 200.10)
9808,Nyst,allopathic,nystoral-suspension100000-unitml,Oral Suspension,Nystatin (Oral),100000 unit/ml,Somatec Pharmaceuticals Ltd.,12 ml bottle: ৳ 22.65,
9807,Nysol,allopathic,nysoloral-suspension100000-unitml,Oral Suspension,Nystatin (Oral),100000 unit/ml,Edruc Limited,12 ml bottle: ৳ 23.00,
21943,Nygas,allopathic,nygasoral-suspension480-mg20-mg5-ml,Oral Suspension,Magaldrate + Simethicone,(480 mg+20 mg)/5 ml,Team Pharmaceuticals Ltd.,200 ml bottle: ৳ 105.00,
32989,Nuviron,allopathic,nuvirontablet48-mg05-mg225-mg,Tablet,Ferrous Ascorbate + Folic Acid + Zinc Sulfate,48 mg+0.5 mg+22.5 mg,Nuvista Pharma Ltd.,"Unit Price: ৳ 5.00,(60's pack: ৳ 300.00),",(60's pack: ৳ 300.00)
19700,Nuvicort,allopathic,nuvicorttablet6-mg,Tablet,Deflazacort,6 mg,Nuvista Pharma Ltd.,"Unit Price: ৳ 8.00,(30's pack: ৳ 240.00),",(30's pack: ৳ 240.00)
14728,Nutrum Super,allopathic,nutrum-supertablet,Tablet,Super antioxidant [vitamins & minerals],,ACME Laboratories Ltd.,"Unit Price: ৳ 4.03,(30's pack: ৳ 120.90),",(30's pack: ৳ 120.90)
14739,Nutrum PN,allopathic,nutrum-pntablet,Tablet,Multivitamins & Multiminerals [A-Z prenatal preparation],,ACME Laboratories Ltd.,"Unit Price: ৳ 5.03,(30's pack: ৳ 150.90),",(30's pack: ৳ 150.90)
29393,Nutrum Kids,allopathic,nutrum-kidssyrup,Syrup,Multivitamin & Cod Liver Oil,,ACME Laboratories Ltd.,"100 ml bottle: ৳ 90.00,200 ml bottle: ৳ 145.00",
14175,Nutrum Junior,allopathic,nutrum-juniorsyrup,Syrup,Multivitamin & Multimineral [A-Z juniors syrup preparation],,ACME Laboratories Ltd.,100 ml bottle: ৳ 90.00,
14108,Nutrum Gold,allopathic,nutrum-goldtablet,Tablet,Multivitamin & Multimineral [A-Z gold preparation],,ACME Laboratories Ltd.,"Unit Price: ৳ 8.00,(15's pack: ৳ 120.00),,Unit Price: ৳ 8.00,(30's pack: ৳ 240.00),","(15's pack: ৳ 120.00),(30's pack: ৳ 240.00)"
16205,Nutrum Eye,allopathic,nutrum-eyeeye-capsule,Eye Capsule,"Vitamin C, Vitamin E, Lutein, Copper & Zinc",,ACME Laboratories Ltd.,"Unit Price: ৳ 10.00,(30's pack: ৳ 300.00),",(30's pack: ৳ 300.00)
14531,Nutrum Bone,allopathic,nutrum-bonetablet,Tablet,Calcium Carbonate + Vitamin D3 + Multimineral,,ACME Laboratories Ltd.,"Unit Price: ৳ 4.03,(30's pack: ৳ 120.90),",(30's pack: ৳ 120.90)
14148,Nutrum 50+,allopathic,nutrum-50tablet,Tablet,Multivitamin & Multimineral [A-Z silver preparation],,ACME Laboratories Ltd.,"Unit Price: ৳ 6.04,(15's pack: ৳ 90.60),,Unit Price: ৳ 6.04,(30's pack: ৳ 181.20),","(15's pack: ৳ 90.60),(30's pack: ৳ 181.20)"
13808,Nutrovita,allopathic,nutrovitasyrup,Syrup,Vitamin B complex,,Asiatic Laboratories Ltd.,"100 ml bottle: ৳ 20.91,200 ml bottle: ৳ 38.17",
32831,Ocaliva,allopathic,ocalivatablet10-mg,Tablet,Obeticholic Acid,10 mg,Biopharma Laboratories Ltd.,"Unit Price: ৳ 55.00,(10's pack: ৳ 550.00),",(10's pack: ৳ 550.00)
32830,Ocaliva,allopathic,ocalivatablet5-mg,Tablet,Obeticholic Acid,5 mg,Biopharma Laboratories Ltd.,"Unit Price: ৳ 30.00,(20's pack: ৳ 600.00),",(20's pack: ৳ 600.00)
1840,OC-20,allopathic,oc-20capsule-delayed-release20-mg,Capsule (Delayed Release),Omeprazole,20 mg,Central Pharmaceuticals Ltd.,"Unit Price: ৳ 4.00,(60's pack: ৳ 240.00),",(60's pack: ৳ 240.00)
5462,Obid,allopathic,obidtablet850-mg,Tablet,Metformin Hydrochloride,850 mg,Delta Pharma Ltd.,"Unit Price: ৳ 5.00,(30's pack: ৳ 150.00),",(30's pack: ৳ 150.00)
5461,Obid,allopathic,obidtablet500-mg,Tablet,Metformin Hydrochloride,500 mg,Delta Pharma Ltd.,"Unit Price: ৳ 3.00,(100's pack: ৳ 300.00),",(100's pack: ৳ 300.00)
32215,Obetic,allopathic,obetictablet10-mg,Tablet,Obeticholic Acid,10 mg,Drug International Ltd.,"Unit Price: ৳ 55.00,(10's pack: ৳ 550.00),",(10's pack: ৳ 550.00)
32214,Obetic,allopathic,obetictablet5-mg,Tablet,Obeticholic Acid,5 mg,Drug International Ltd.,"Unit Price: ৳ 30.00,(20's pack: ৳ 600.00),",(20's pack: ৳ 600.00)
5460,Obemet,allopathic,obemettablet850-mg,Tablet,Metformin Hydrochloride,850 mg,Euro Pharma Ltd.,"Unit Price: ৳ 6.00,(50's pack: ৳ 300.00),",(50's pack: ৳ 300.00)
5459,Obemet,allopathic,obemettablet500-mg,Tablet,Metformin Hydrochloride,500 mg,Euro Pharma Ltd.,"Unit Price: ৳ 4.00,(100's pack: ৳ 400.00),",(100's pack: ৳ 400.00)
28845,Obeliva,allopathic,obelivatablet10-mg,Tablet,Obeticholic Acid,10 mg,Everest Pharmaceuticals Ltd.,"Unit Price: ৳ 55.00,(30's pack: ৳ 1,650.00),","(30's pack: ৳ 1,650.00)"
28844,Obeliva,allopathic,obelivatablet5-mg,Tablet,Obeticholic Acid,5 mg,Everest Pharmaceuticals Ltd.,"Unit Price: ৳ 30.00,(30's pack: ৳ 900.00),",(30's pack: ৳ 900.00)
28464,Obecol,allopathic,obecoltablet10-mg,Tablet,Obeticholic Acid,10 mg,Popular Pharmaceuticals Ltd.,"Unit Price: ৳ 55.00,(10's pack: ৳ 550.00),",(10's pack: ৳ 550.00)
26552,Obecol,allopathic,obecoltablet5-mg,Tablet,Obeticholic Acid,5 mg,Popular Pharmaceuticals Ltd.,"Unit Price: ৳ 30.00,(20's pack: ৳ 600.00),",(20's pack: ৳ 600.00)
15718,Obactin,allopathic,obactinophthalmic-solution03,Ophthalmic Solution,Ofloxacin (Ophthalmic),0.30%,Ibn Sina Pharmaceuticals Ltd.,5 ml drop: ৳ 85.00,
32171,O3,allopathic,o3capsule1000-mg,Capsule,Omega-3 Acid Ethyl Esters [Salmon Fish Oil],1000 mg,Purnava Limited,"Unit Price: ৳ 10.00,(30's pack: ৳ 300.00),",(30's pack: ৳ 300.00)
16641,O-Morphon,allopathic,o-morphoninjection1-mgml,Injection,Oxymorphone Hydrochloride,1 mg/ml,Ziska Pharmaceuticals Ltd.,"1 ml ampoule: ৳ 50.00,(5's pack: ৳ 250.00),",(5's pack: ৳ 250.00)
26578,Oceancal-D,allopathic,oceancal-dtablet500-mg200-iu,Tablet,Calcium Carbonate [Coral source] + Vitamin D3,500 mg+200 IU,General Pharmaceuticals Ltd.,"Unit Price: ৳ 10.00,(30's pack: ৳ 300.00),",(30's pack: ৳ 300.00)
21488,Ocarnix,allopathic,ocarnixoral-solution500-mg5-ml,Oral Solution,Levocarnitine,500 mg/5 ml,Incepta Pharmaceuticals Ltd.,100 ml bottle: ৳ 100.00,
3176,Ocarnix,allopathic,ocarnixtablet330-mg,Tablet,Levocarnitine,330 mg,Incepta Pharmaceuticals Ltd.,"Unit Price: ৳ 5.00,(30's pack: ৳ 150.00),",(30's pack: ৳ 150.00)
16640,O-Morphon,allopathic,o-morphontablet10-mg,Tablet,Oxymorphone Hydrochloride,10 mg,Ziska Pharmaceuticals Ltd.,"Unit Price: ৳ 20.00,(20's pack: ৳ 400.00),",(20's pack: ৳ 400.00)
26526,O-Cal Kit,allopathic,o-cal-kittablet150-mg-740-mg,Tablet,Ibandronic Acid & Calcium Orotate,150 mg & 740 mg,ACME Laboratories Ltd.,(1 & 60) tablet kit: ৳ 990.00,
18487,O-Cal,allopathic,o-caltablet740-mg,Tablet,Calcium Orotate,740 mg,ACME Laboratories Ltd.,"Unit Price: ৳ 10.00,(30's pack: ৳ 300.00),",(30's pack: ৳ 300.00)
1839,O-40,allopathic,o-40capsule-delayed-release40-mg,Capsule (Delayed Release),Omeprazole,40 mg,Asiatic Laboratories Ltd.,"Unit Price: ৳ 7.00,(20's pack: ৳ 140.00),",(20's pack: ৳ 140.00)
1838,O-20,allopathic,o-20capsule-delayed-release20-mg,Capsule (Delayed Release),Omeprazole,20 mg,Asiatic Laboratories Ltd.,"Unit Price: ৳ 5.00,(100's pack: ৳ 500.00),",(100's pack: ৳ 500.00)
14810,O Saline N,allopathic,o-saline-noral-powder1025-gm,Oral Powder,Oral Rehydration Salt [Powder],10.25 gm,Zenith Pharmaceuticals Ltd.,"Unit Price: ৳ 3.22,(20's pack: ৳ 64.40),",(20's pack: ৳ 64.40)
14823,O Fruity Saline,allopathic,o-fruity-salineoral-powder,Oral Powder,Oral Rehydration Salt [Flavored],,Zenith Pharmaceuticals Ltd.,"Unit Price: ৳ 4.50,(20's pack: ৳ 90.00),",(20's pack: ৳ 90.00)
27300,Nytkof,allopathic,nytkofsyrup10-mg30-mg125-mg5-ml,Syrup,Dextromethorphan + Pseudoephedrine + Triprolidine,(10 mg+30 mg+1.25 mg)/5 ml,Beacon Pharmaceuticals Ltd.,100 ml bottle: ৳ 100.00,
29334,Nystat Plus,allopathic,nystat-plustablet1100000-iu,Tablet,Chlorhexidine hydrochloride + Nystatin,1%+100000 IU,ACME Laboratories Ltd.,30 gm tube: ৳ 130.00,
9810,Nystat,allopathic,nystatoral-suspension100000-unitml,Oral Suspension,Nystatin (Oral),100000 unit/ml,ACME Laboratories Ltd.,30 ml bottle: ৳ 46.84,
9809,Nystat,allopathic,nystattablet500000-unit,Tablet,Nystatin (Oral),500000 unit,ACME Laboratories Ltd.,"Unit Price: ৳ 6.27,(50's pack: ৳ 313.50),",(50's pack: ৳ 313.50)
16166,Oculant,allopathic,oculantophthalmic-solution0403,Ophthalmic Solution,Polyethylene Glycol + Propylene Glycol,0.4%+0.3%,Square Pharmaceuticals Ltd.,10 ml drop: ৳ 150.44,
16158,Ocugel,allopathic,ocugelviscoelastic-solution2,Viscoelastic Solution,Hydroxypropyl Methylcellulose,2%,Aristopharma Ltd.,3 ml pre-filled syringe: ৳ 120.00,
21782,Ocuflox,allopathic,ocufloxophthalmic-solution03,Ophthalmic Solution,Lomefloxacin (Ophthalmic),0.30%,Biopharma Laboratories Ltd.,5 ml drop: ৳ 70.00,
15772,Ocudex,allopathic,ocudexophthalmic-solution01,Ophthalmic Solution,Dexamethasone (Ophthalmic),0.10%,Asiatic Laboratories Ltd.,5 ml drop: ৳ 70.00,
15702,Ocuclor,allopathic,ocuclorophthalmic-ointment1,Ophthalmic Ointment,Chloramphenicol (Ophthalmic),1%,General Pharmaceuticals Ltd.,3 gm tube: ৳ 8.52,
8916,Ocuclor,allopathic,ocuclorophthalmic-solution05,Ophthalmic Solution,Chloramphenicol (Ophthalmic),0.50%,General Pharmaceuticals Ltd.,10 ml drop: ৳ 34.36,
18357,Ocubrom,allopathic,ocubromophthalmic-solution007,Ophthalmic Solution,Bromfenac Sodium,0.07%,Square Pharmaceuticals Ltd.,5 ml drop: ৳ 90.00,
17158,Ocubrin,allopathic,ocubrinophthalmic-suspension1,Ophthalmic Suspension,Brinzolamide,1%,Asiatic Laboratories Ltd.,5 ml drop: ৳ 500.00,
15808,Ocubac-D,allopathic,ocubac-dophthalmic-solution0105,Ophthalmic Solution,Dexamethasone + Chloramphenicol,0.1%+0.5%,Apex Pharmaceuticals Ltd.,5 ml drop: ৳ 60.00,
8915,Ocubac,allopathic,ocubacophthalmic-solution05,Ophthalmic Solution,Chloramphenicol (Ophthalmic),0.50%,Apex Pharmaceuticals Ltd.,10 ml drop: ৳ 34.50,
31948,Octreotide,allopathic,octreotideinjection50-mcgml,Injection,Octreotide Acetate,50 mcg/ml,Sun Pharmaceutical Ltd.,1 ml ampoule: ৳ 560.00,
31947,Octreotide,allopathic,octreotideinjection100-mcgml,Injection,Octreotide Acetate,100 mcg/ml,Sun Pharmaceutical Ltd.,"1 ml ampoule: ৳ 1,012.00",
4197,Octon,allopathic,octontablet5-mg,Tablet,Nitrazepam,5 mg,Gaco Pharmaceuticals Ltd.,"Unit Price: ৳ 1.01,(100's pack: ৳ 100.70),",(100's pack: ৳ 100.70)
9317,Octabid,allopathic,octabidtablet500-mg,Tablet,Ciprofloxacin,500 mg,Rephco Pharmaceuticals Ltd.,"Unit Price: ৳ 12.00,(30's pack: ৳ 360.00),",(30's pack: ৳ 360.00)
33193,Ocoral D,allopathic,ocoral-dtablet500-mg200-iu,Tablet,Calcium Carbonate [Coral source] + Vitamin D3,500 mg+200 IU,Kumudini Pharma Ltd.,"Unit Price: ৳ 10.00,(30's pack: ৳ 300.00),",(30's pack: ৳ 300.00)
27165,Ocoral,allopathic,ocoraltablet500-mg200-iu,Tablet,Calcium Carbonate [Coral source] + Vitamin D3,500 mg+200 IU,Kumudini Pharma Ltd.,"Unit Price: ৳ 10.00,(30's pack: ৳ 300.00),",(30's pack: ৳ 300.00)
8917,Ocuram,allopathic,ocuramophthalmic-solution05,Ophthalmic Solution,Chloramphenicol (Ophthalmic),0.50%,Navana Pharmaceuticals Ltd.,10 ml drop: ৳ 34.10,
24990,Ocupres,allopathic,ocupresophthalmic-solution05,Ophthalmic Solution,Timolol Maleate,0.50%,Popular Pharmaceuticals Ltd.,5 ml drop: ৳ 70.26,
9645,Ocumox,allopathic,ocumoxophthalmic-solution05,Ophthalmic Solution,Moxifloxacin Hydrochloride (Ophthalmic),0.50%,Reman Drug Laboratories Ltd.,5 ml drop: ৳ 100.38,
16010,Oculogen,allopathic,oculogenophthalmic-solution0005002,Ophthalmic Solution,Naphazoline + Zinc Sulfate,0.005%+0.02%,General Pharmaceuticals Ltd.,10 ml drop: ৳ 80.24,
20944,Oculax,allopathic,oculaxophthalmic-solution020361,Ophthalmic Solution,Glycerol + Hypromellose + Polyethylene Glycol 400,0.2%+0.36%+1%,ACI Limited,10 ml drop: ৳ 250.00,
23955,Ocof,allopathic,ocofsyrup20-mg10-mg25-mg5-ml,Syrup,Dextromethorphan + Phenylephrine + Triprolidine,(20 mg+10 mg+2.5 mg)/5 ml,Square Pharmaceuticals Ltd.,100 ml bottle: ৳ 100.00,
28576,Ocluma B,allopathic,ocluma-bophthalmic-suspension102,Ophthalmic Suspension,Brinzolamide + Brimonidine Tartrate,1%+0.2%,Pacific Pharmaceuticals Ltd.,5 ml drop: ৳ 550.00,
23701,Oclube,allopathic,oclubeophthalmic-solution0403,Ophthalmic Solution,Polyethylene Glycol + Propylene Glycol,0.4%+0.3%,ACI Limited,10 ml drop: ৳ 150.00,
5254,Oclazid MR,allopathic,oclazid-mrtablet-modified-release30-mg,Tablet (Modified Release),Gliclazide,30 mg,Orion Pharma Ltd.,"Unit Price: ৳ 6.04,(30's pack: ৳ 181.20),",(30's pack: ৳ 181.20)
5253,Oclazid,allopathic,oclazidtablet80-mg,Tablet,Gliclazide,80 mg,Orion Pharma Ltd.,"Unit Price: ৳ 7.02,(50's pack: ৳ 351.00),",(50's pack: ৳ 351.00)
15665,Ocin,allopathic,ocinimiv-injection5-iuml,IM/IV Injection,Oxytocin,5 IU/ml,Opsonin Pharma Ltd.,"5 IU ampoule: ৳ 15.00,(25's pack: ৳ 375.00),",(25's pack: ৳ 375.00)
27090,Ocimax,allopathic,ocimaxpowder-for-suspension250-mg5-ml,Powder for Suspension,Ciprofloxacin,250 mg/5 ml,One Pharma Ltd.,60 ml bottle: ৳ 100.00,
27089,Ocimax,allopathic,ocimaxtablet500-mg,Tablet,Ciprofloxacin,500 mg,One Pharma Ltd.,"Unit Price: ৳ 15.00,(30's pack: ৳ 450.00),",(30's pack: ৳ 450.00)
26579,Oceancal-DX,allopathic,oceancal-dxtablet600-mg400-iu,Tablet,Calcium Carbonate [Coral source] + Vitamin D3,600 mg+400 IU,General Pharmaceuticals Ltd.,"Unit Price: ৳ 15.00,(30's pack: ৳ 450.00),",(30's pack: ৳ 450.00)
15794,Odeson,allopathic,odesontablet05-mg,Tablet,Dexamethasone,0.5 mg,Beximco Pharmaceuticals Ltd.,"Unit Price: ৳ 1.15,(200's pack: ৳ 230.00),",(200's pack: ৳ 230.00)
5771,Odeson,allopathic,odesonimiv-injection4-mgml,IM/IV Injection,Dexamethasone,4 mg/ml,Beximco Pharmaceuticals Ltd.,"1 ml ampoule: ৳ 15.00,(10's pack: ৳ 150.00),",(10's pack: ৳ 150.00)
25577,Odazyth,allopathic,odazythcapsule250-mg,Capsule,Azithromycin Dihydrate,250 mg,ACI Limited,"Unit Price: ৳ 25.08,(12's pack: ৳ 300.96),",(12's pack: ৳ 300.96)
8667,Odazyth,allopathic,odazythpowder-for-suspension200-mg5-ml,Powder for Suspension,Azithromycin Dihydrate,200 mg/5 ml,ACI Limited,"15 ml bottle: ৳ 85.58,30 ml bottle: ৳ 130.88,50 ml bottle: ৳ 186.26",
8666,Odazyth,allopathic,odazythtablet500-mg,Tablet,Azithromycin Dihydrate,500 mg,ACI Limited,"Unit Price: ৳ 35.11,(15's pack: ৳ 526.65),",(15's pack: ৳ 526.65)
8665,Odazin,allopathic,odazintablet500-mg,Tablet,Azithromycin Dihydrate,500 mg,Bengal drugs Ltd.,"Unit Price: ৳ 30.00,(12's pack: ৳ 360.00),",(12's pack: ৳ 360.00)
8664,Odaz,allopathic,odazpowder-for-suspension200-mg5-ml,Powder for Suspension,Azithromycin Dihydrate,200 mg/5 ml,UniMed UniHealth,"15 ml bottle: ৳ 100.00,30 ml bottle: ৳ 150.00",
8663,Odaz,allopathic,odaztablet500-mg,Tablet,Azithromycin Dihydrate,500 mg,UniMed UniHealth,"Unit Price: ৳ 40.00,(6's pack: ৳ 240.00),",(6's pack: ৳ 240.00)
29877,Odatron,allopathic,odatronoral-solution4-mg5-ml,Oral Solution,Ondansetron,4 mg/5 ml,Pacific Pharmaceuticals Ltd.,50 ml bottle: ৳ 46.00,
28572,Odatron,allopathic,odatronimiv-injection8-mg4-ml,IM/IV Injection,Ondansetron,8 mg/4 ml,Pacific Pharmaceuticals Ltd.,"4 ml ampoule: ৳ 32.00,(5's pack: ৳ 160.00),",(5's pack: ৳ 160.00)
28571,Odatron,allopathic,odatronimiv-injection2-mgml,IM/IV Injection,Ondansetron,2 mg/ml,Pacific Pharmaceuticals Ltd.,"1 ml ampoule: ৳ 30.00,(5's pack: ৳ 150.00),",(5's pack: ৳ 150.00)
28570,Odatron,allopathic,odatrontablet8-mg,Tablet,Ondansetron,8 mg,Pacific Pharmaceuticals Ltd.,"Unit Price: ৳ 10.00,(30's pack: ৳ 300.00),",(30's pack: ৳ 300.00)
28569,Odatron,allopathic,odatrontablet4-mg,Tablet,Ondansetron,4 mg,Pacific Pharmaceuticals Ltd.,"Unit Price: ৳ 6.00,(30's pack: ৳ 180.00),",(30's pack: ৳ 180.00)
8026,Odatrix,allopathic,odatrixiv-injection2-gmvial,IV Injection,Ceftriaxone Sodium,2 gm/vial,UniMed UniHealth,2 gm vial: ৳ 300.00,
8025,Odatrix,allopathic,odatrixiv-injection1-gmvial,IV Injection,Ceftriaxone Sodium,1 gm/vial,UniMed UniHealth,1 gm vial: ৳ 160.00,
8021,Odatrix,allopathic,odatrixim-injection500-mgvial,IM Injection,Ceftriaxone Sodium,500 mg/vial,UniMed UniHealth,500 mg vial: ৳ 120.00,
12134,Odafen,allopathic,odafenoral-suspension30-mg5-ml,Oral Suspension,Fexofenadine Hydrochloride,30 mg/5 ml,Navana Pharmaceuticals Ltd.,50 ml bottle: ৳ 48.14,
12133,Odafen,allopathic,odafentablet180-mg,Tablet,Fexofenadine Hydrochloride,180 mg,Navana Pharmaceuticals Ltd.,"Unit Price: ৳ 8.50,(30's pack: ৳ 255.00),",(30's pack: ৳ 255.00)
12132,Odafen,allopathic,odafentablet120-mg,Tablet,Fexofenadine Hydrochloride,120 mg,Navana Pharmaceuticals Ltd.,"Unit Price: ৳ 6.50,(50's pack: ৳ 325.00),",(50's pack: ৳ 325.00)
7609,Odacef,allopathic,odacefpowder-for-suspension100-mg5-ml,Powder for Suspension,Cefixime Trihydrate,100 mg/5 ml,UniMed UniHealth,"30 ml bottle: ৳ 120.00,50 ml bottle: ৳ 195.00",
7608,Odacef,allopathic,odacefcapsule400-mg,Capsule,Cefixime Trihydrate,400 mg,UniMed UniHealth,"Unit Price: ৳ 50.00,(4's pack: ৳ 200.00),",(4's pack: ৳ 200.00)
7607,Odacef,allopathic,odacefcapsule200-mg,Capsule,Cefixime Trihydrate,200 mg,UniMed UniHealth,"Unit Price: ৳ 30.00,(8's pack: ৳ 240.00),",(8's pack: ৳ 240.00)
16199,Ocuvit,allopathic,ocuviteye-capsule,Eye Capsule,"Vitamin C, Vitamin E, Lutein, Copper & Zinc",,Asiatic Laboratories Ltd.,"Unit Price: ৳ 10.00,(30's pack: ৳ 300.00),",(30's pack: ৳ 300.00)
8918,Ocutrex,allopathic,ocutrexophthalmic-solution05,Ophthalmic Solution,Chloramphenicol (Ophthalmic),0.50%,Beximco Pharmaceuticals Ltd.,10 ml drop: ৳ 34.50,
15740,Ocutob,allopathic,ocutobophthalmic-solution03,Ophthalmic Solution,Tobramycin (Ophthalmic),0.30%,Globe Pharmaceuticals Ltd.,5 ml drop: ৳ 85.00,
15952,Ocutifen,allopathic,ocutifenophthalmic-solution0025,Ophthalmic Solution,Ketotifen Fumarate (Ophthalmic),0.03%,General Pharmaceuticals Ltd.,5 ml drop: ৳ 95.29,
15951,Ocutif,allopathic,ocutifophthalmic-solution0025,Ophthalmic Solution,Ketotifen Fumarate (Ophthalmic),0.03%,Asiatic Laboratories Ltd.,5 ml drop: ৳ 95.00,
16135,Ocutear,allopathic,ocutearophthalmic-solution03,Ophthalmic Solution,Hypromellose,0.30%,Asiatic Laboratories Ltd.,10 ml drop: ৳ 65.00,
15927,Ocustin,allopathic,ocustinophthalmic-solution15,Ophthalmic Solution,Bepotastine Besilate,1.50%,Popular Pharmaceuticals Ltd.,5 ml drop: ৳ 300.00,
15915,Ocusol,allopathic,ocusolophthalmic-suspension1,Ophthalmic Suspension,Prednisolone Acetate,1%,Popular Pharmaceuticals Ltd.,5 ml drop: ৳ 100.00,
15360,Ofpain,allopathic,ofpaintablet10-mg,Tablet,Ketorolac Tromethamine,10 mg,Kemiko Pharmaceuticals Ltd.,"Unit Price: ৳ 10.03,(20's pack: ৳ 200.60),",(20's pack: ৳ 200.60)
29069,Ofmit,allopathic,ofmitimiv-injection8-mg4-ml,IM/IV Injection,Ondansetron,8 mg/4 ml,Nuvista Pharma Ltd.,"4 ml ampoule: ৳ 30.00,(10's pack: ৳ 300.00),",(10's pack: ৳ 300.00)
23169,Ofmit,allopathic,ofmittablet8-mg,Tablet,Ondansetron,8 mg,Nuvista Pharma Ltd.,"Unit Price: ৳ 11.00,(30's pack: ৳ 330.00),",(30's pack: ৳ 330.00)
9653,Oflacin,allopathic,oflacintablet400-mg,Tablet,Ofloxacin (Oral & Injection),400 mg,Drug International Ltd.,"Unit Price: ৳ 22.10,(20's pack: ৳ 442.00),",(20's pack: ৳ 442.00)
9652,Oflacin,allopathic,oflacintablet200-mg,Tablet,Ofloxacin (Oral & Injection),200 mg,Drug International Ltd.,"Unit Price: ৳ 12.05,(20's pack: ৳ 241.00),",(20's pack: ৳ 241.00)
4021,Ofkof,allopathic,ofkofsyrup10-mg30-mg125-mg5-ml,Syrup,Dextromethorphan + Pseudoephedrine + Triprolidine,(10 mg+30 mg+1.25 mg)/5 ml,Square Pharmaceuticals Ltd.,100 ml bottle: ৳ 80.00,
1733,Off-H,allopathic,off-htablet150-mg,Tablet,Ranitidine Hydrochloride,150 mg,Organic Health Care Ltd.,"Unit Price: ৳ 2.51,(100's pack: ৳ 251.00),",(100's pack: ৳ 251.00)
7612,Ofex,allopathic,ofexpowder-for-suspension100-mg5-ml,Powder for Suspension,Cefixime Trihydrate,100 mg/5 ml,Delta Pharma Ltd.,50 ml bottle: ৳ 195.00,
7611,Ofex,allopathic,ofexcapsule400-mg,Capsule,Cefixime Trihydrate,400 mg,Delta Pharma Ltd.,"Unit Price: ৳ 40.00,(8's pack: ৳ 320.00),",(8's pack: ৳ 320.00)
7610,Ofex,allopathic,ofexcapsule200-mg,Capsule,Cefixime Trihydrate,200 mg,Delta Pharma Ltd.,"Unit Price: ৳ 25.00,(12's pack: ৳ 300.00),",(12's pack: ৳ 300.00)
31903,Odycin D,allopathic,odycin-dophthalmic-solution0501,Ophthalmic Solution,Moxifloxacin Hydrochloride + Dexamethasone,0.5%+0.1%,Beximco Pharmaceuticals Ltd.,5 ml drop: ৳ 200.00,
29097,Odycin,allopathic,odycintablet400-mg,Tablet,Moxifloxacin Hydrochloride (Tablet),400 mg,Beximco Pharmaceuticals Ltd.,"Unit Price: ৳ 40.00,(10's pack: ৳ 400.00),",(10's pack: ৳ 400.00)
9646,Odycin,allopathic,odycinophthalmic-solution05,Ophthalmic Solution,Moxifloxacin Hydrochloride (Ophthalmic),0.50%,Beximco Pharmaceuticals Ltd.,5 ml drop: ৳ 140.00,
3288,Odrel Plus,allopathic,odrel-plustablet75-mg75-mg,Tablet,Clopidogrel + Aspirin,75 mg+75 mg,Beximco Pharmaceuticals Ltd.,"Unit Price: ৳ 12.00,(30's pack: ৳ 360.00),",(30's pack: ৳ 360.00)
3241,Odrel,allopathic,odreltablet75-mg,Tablet,Clopidogrel Bisulphate,75 mg,Beximco Pharmaceuticals Ltd.,"Unit Price: ৳ 12.00,(30's pack: ৳ 360.00),",(30's pack: ৳ 360.00)
20339,Odofex,allopathic,odofextablet120-mg,Tablet,Fexofenadine Hydrochloride,120 mg,Cosmic Pharma Ltd.,"Unit Price: ৳ 8.00,(50's pack: ৳ 400.00),",(50's pack: ৳ 400.00)
15555,Ofuran SR,allopathic,ofuran-srtablet-sustained-release100-mg,Tablet (Sustained Release),Nitrofurantoin,100 mg,Pacific Pharmaceuticals Ltd.,"Unit Price: ৳ 20.00,(30's pack: ৳ 600.00),",(30's pack: ৳ 600.00)
4735,Ofran,allopathic,ofranimiv-injection8-mg4-ml,IM/IV Injection,Ondansetron,8 mg/4 ml,Square Pharmaceuticals Ltd.,"4 ml ampoule: ৳ 32.00,(6's pack: ৳ 192.00),",(6's pack: ৳ 192.00)
4734,Ofran,allopathic,ofranoral-solution4-mg5-ml,Oral Solution,Ondansetron,4 mg/5 ml,Square Pharmaceuticals Ltd.,50 ml bottle: ৳ 45.00,
4733,Ofran,allopathic,ofrantablet8-mg,Tablet,Ondansetron,8 mg,Square Pharmaceuticals Ltd.,"Unit Price: ৳ 10.07,(30's pack: ৳ 302.10),",(30's pack: ৳ 302.10)
21261,Ofpain,allopathic,ofpainimiv-injection60-mg2-ml,IM/IV Injection,Ketorolac Tromethamine,60 mg/2 ml,Kemiko Pharmaceuticals Ltd.,2 ml ampoule: ৳ 95.29,
15449,Ofpain,allopathic,ofpainophthalmic-solution05,Ophthalmic Solution,Ketorolac Tromethamine (Ophthalmic),0.50%,Kemiko Pharmaceuticals Ltd.,5 ml drop: ৳ 80.24,
15361,Ofpain,allopathic,ofpainimiv-injection30-mgml,IM/IV Injection,Ketorolac Tromethamine,30 mg/ml,Kemiko Pharmaceuticals Ltd.,1 ml ampoule: ৳ 55.16,
3842,Odmon,allopathic,odmontablet10-mg,Tablet,Montelukast Sodium,10 mg,Renata Limited,"Unit Price: ৳ 15.00,(30's pack: ৳ 450.00),",(30's pack: ৳ 450.00)
3841,Odmon,allopathic,odmonchewable-tablet4-mg,Chewable Tablet,Montelukast Sodium,4 mg,Renata Limited,"Unit Price: ৳ 6.00,(30's pack: ৳ 180.00),",(30's pack: ৳ 180.00)
3840,Odmon,allopathic,odmonchewable-tablet5-mg,Chewable Tablet,Montelukast Sodium,5 mg,Renata Limited,"Unit Price: ৳ 8.00,(30's pack: ৳ 240.00),",(30's pack: ৳ 240.00)
31723,Oditen,allopathic,oditencapsule200-mg,Capsule,Ceftibuten Dihydrate,200 mg,Opsonin Pharma Ltd.,"Unit Price: ৳ 70.00,(14's pack: ৳ 980.00),",(14's pack: ৳ 980.00)
16371,Oditen,allopathic,oditencapsule400-mg,Capsule,Ceftibuten Dihydrate,400 mg,Opsonin Pharma Ltd.,"Unit Price: ৳ 120.37,(6's pack: ৳ 722.22),",(6's pack: ৳ 722.22)
16370,Oditen,allopathic,oditenpowder-for-suspension90-mg5-ml,Powder for Suspension,Ceftibuten Dihydrate,90 mg/5 ml,Opsonin Pharma Ltd.,"60 ml bottle: ৳ 481.44,120 ml bottle: ৳ 800.00",
28105,Odessy,allopathic,odessyshampoo2,Shampoo,Ketoconazole (Shampoo),2%,Ethical Drug Ltd.,60 ml bottle: ৳ 165.00,
33095,Olay,allopathic,olaytablet10-mg,Tablet,Olanzapine,10 mg,The White Horse Pharma,Unit Price: ৳ 4.50,
32762,Olarigen,allopathic,olarigencapsule50-mg,Capsule,Olaparib,50 mg,General Pharmaceuticals Ltd.,"Unit Price: ৳ 535.71,(112's pack: ৳ 60,000.00),","(112's pack: ৳ 60,000.00)"
32761,Olarigen,allopathic,olarigentablet150-mg,Tablet,Olaparib,150 mg,General Pharmaceuticals Ltd.,"Unit Price: ৳ 833.33,(120's pack: ৳ 100,000.00),","(120's pack: ৳ 100,000.00)"
28907,Olarif DS,allopathic,olarif-dsophthalmic-solution02,Ophthalmic Solution,Olopatadine Hydrochloride (Ophthalmic),0.20%,Biopharma Laboratories Ltd.,5 ml drop: ৳ 150.00,
15997,Olarif,allopathic,olarifophthalmic-solution01,Ophthalmic Solution,Olopatadine Hydrochloride (Ophthalmic),0.10%,Biopharma Laboratories Ltd.,5 ml drop: ৳ 110.00,
27299,Olapar,allopathic,olapartablet150-mg,Tablet,Olaparib,150 mg,Beacon Pharmaceuticals Ltd.,"Unit Price: ৳ 1,700.00,(28's pack: ৳ 47,600.00),","(28's pack: ৳ 47,600.00)"
27298,Olapar,allopathic,olapartablet100-mg,Tablet,Olaparib,100 mg,Beacon Pharmaceuticals Ltd.,"Unit Price: ৳ 1,150.00,(24's pack: ৳ 27,600.00),","(24's pack: ৳ 27,600.00)"
22941,Olanza,allopathic,olanzatablet5-mg,Tablet,Olanzapine,5 mg,Innovative Pharma (Albion),"Unit Price: ৳ 3.07,(50's pack: ৳ 153.48),",(50's pack: ৳ 153.48)
22940,Olanza,allopathic,olanzatablet10-mg,Tablet,Olanzapine,10 mg,Innovative Pharma (Albion),"Unit Price: ৳ 5.43,(50's pack: ৳ 271.54),",(50's pack: ৳ 271.54)
22943,Olanor,allopathic,olanortablet10-mg,Tablet,Olanzapine,10 mg,Beacon Pharmaceuticals Ltd.,"Unit Price: ৳ 4.50,(30's pack: ৳ 135.00),",(30's pack: ৳ 135.00)
22942,Olanor,allopathic,olanortablet5-mg,Tablet,Olanzapine,5 mg,Beacon Pharmaceuticals Ltd.,"Unit Price: ৳ 2.50,(30's pack: ৳ 75.00),",(30's pack: ৳ 75.00)
28832,Olanib,allopathic,olanibtablet150-mg,Tablet,Olaparib,150 mg,Everest Pharmaceuticals Ltd.,"Unit Price: ৳ 833.33,(30's pack: ৳ 25,000.00),,Unit Price: ৳ 833.33,(120's pack: ৳ 100,000.00),","(30's pack: ৳ 25,000.00),(120's pack: ৳ 100,000.00)"
32395,Olanap ODT,allopathic,olanap-odtdispersible-tablet5-mg,Dispersible Tablet,Olanzapine,5 mg,Incepta Pharmaceuticals Ltd.,"Unit Price: ৳ 2.50,(30's pack: ৳ 75.00),",(30's pack: ৳ 75.00)
32394,Olanap ODT,allopathic,olanap-odtdispersible-tablet10-mg,Dispersible Tablet,Olanzapine,10 mg,Incepta Pharmaceuticals Ltd.,"Unit Price: ৳ 4.50,(30's pack: ৳ 135.00),",(30's pack: ৳ 135.00)
4394,Olanap,allopathic,olanaptablet10-mg,Tablet,Olanzapine,10 mg,Incepta Pharmaceuticals Ltd.,"Unit Price: ৳ 4.50,(50's pack: ৳ 225.00),",(50's pack: ৳ 225.00)
4393,Olanap,allopathic,olanaptablet5-mg,Tablet,Olanzapine,5 mg,Incepta Pharmaceuticals Ltd.,"Unit Price: ৳ 2.50,(50's pack: ৳ 125.00),",(50's pack: ৳ 125.00)
5168,Olistat,allopathic,olistatcapsule120-mg,Capsule,Orlistat,120 mg,Square Pharmaceuticals Ltd.,"Unit Price: ৳ 50.00,(20's pack: ৳ 1,000.00),","(20's pack: ৳ 1,000.00)"
9949,Olif,allopathic,olifcapsule150-mg,Capsule,Fluconazole,150 mg,Kemiko Pharmaceuticals Ltd.,"Unit Price: ৳ 22.06,(10's pack: ৳ 220.60),",(10's pack: ৳ 220.60)
9948,Olif,allopathic,olifcapsule50-mg,Capsule,Fluconazole,50 mg,Kemiko Pharmaceuticals Ltd.,"Unit Price: ৳ 8.02,(50's pack: ৳ 401.00),",(50's pack: ৳ 401.00)
4396,Oleanz,allopathic,oleanztablet10-mg,Tablet,Olanzapine,10 mg,Sun Pharmaceutical Ltd.,"Unit Price: ৳ 4.56,(50's pack: ৳ 228.00),",(50's pack: ৳ 228.00)
4395,Oleanz,allopathic,oleanztablet5-mg,Tablet,Olanzapine,5 mg,Sun Pharmaceutical Ltd.,"Unit Price: ৳ 2.56,(50's pack: ৳ 128.00),,Unit Price: ৳ 2.56,(100's pack: ৳ 256.00),","(50's pack: ৳ 128.00),(100's pack: ৳ 256.00)"
9513,Olcin,allopathic,olcintablet500-mg,Tablet,Levofloxacin Hemihydrate,500 mg,Delta Pharma Ltd.,"Unit Price: ৳ 15.00,(20's pack: ৳ 300.00),",(20's pack: ৳ 300.00)
33096,Olay,allopathic,olaytablet5-mg,Tablet,Olanzapine,5 mg,The White Horse Pharma,Unit Price: ৳ 2.50,
28574,Olacing DS,allopathic,olacing-dsophthalmic-solution02,Ophthalmic Solution,Olopatadine Hydrochloride (Ophthalmic),0.20%,Pacific Pharmaceuticals Ltd.,5 ml drop: ৳ 150.00,
33164,Olacent,allopathic,olacenttablet150-mg,Tablet,Olaparib,150 mg,Incepta Pharmaceuticals Ltd.,"Unit Price: ৳ 350.00,(20's pack: ৳ 7,000.00),","(20's pack: ৳ 7,000.00)"
33163,Olacent,allopathic,olacenttablet100-mg,Tablet,Olaparib,100 mg,Incepta Pharmaceuticals Ltd.,"Unit Price: ৳ 250.00,(20's pack: ৳ 5,000.00),","(20's pack: ৳ 5,000.00)"
26541,Okical-DX,allopathic,okical-dxtablet600-mg400-iu,Tablet,Calcium Carbonate [Coral source] + Vitamin D3,600 mg+400 IU,UniMed UniHealth,"Unit Price: ৳ 15.00,(30's pack: ৳ 450.00),",(30's pack: ৳ 450.00)
26540,Okical-D,allopathic,okical-dtablet500-mg400-iu,Tablet,Calcium Carbonate [Coral source] + Vitamin D3,500 mg+400 IU,UniMed UniHealth,"Unit Price: ৳ 10.00,(30's pack: ৳ 300.00),",(30's pack: ৳ 300.00)
5581,Ogli,allopathic,oglitablet15-mg,Tablet,Pioglitazone,15 mg,Kemiko Pharmaceuticals Ltd.,"Unit Price: ৳ 8.03,(30's pack: ৳ 240.90),",(30's pack: ৳ 240.90)
28804,Ogivri,allopathic,ogivriiv-infusion440-mg20-ml,IV Infusion,Trastuzumab,440 mg/20 ml,Beximco Pharmaceuticals Ltd.,"440 mg vial: ৳ 60,190.00",
32101,Olmenor,allopathic,olmenortablet40-mg,Tablet,Olmesartan Medoxomil,40 mg,Delta Pharma Ltd.,"Unit Price: ৳ 8.00,(30's pack: ৳ 240.00),",(30's pack: ৳ 240.00)
32100,Olmenor,allopathic,olmenortablet20-mg,Tablet,Olmesartan Medoxomil,20 mg,Delta Pharma Ltd.,"Unit Price: ৳ 5.00,(30's pack: ৳ 150.00),",(30's pack: ৳ 150.00)
30587,Olmefast-AM,allopathic,olmefast-amtablet5-mg40-mg,Tablet,Amlodipine Besilate + Olmesartan Medoxomil,5 mg+40 mg,Goodman Pharmaceuticals Ltd.,"Unit Price: ৳ 15.00,(30's pack: ৳ 450.00),",(30's pack: ৳ 450.00)
30586,Olmefast-AM,allopathic,olmefast-amtablet5-mg20-mg,Tablet,Amlodipine Besilate + Olmesartan Medoxomil,5 mg+20 mg,Goodman Pharmaceuticals Ltd.,"Unit Price: ৳ 8.00,(30's pack: ৳ 240.00),",(30's pack: ৳ 240.00)
30928,Olmefast H,allopathic,olmefast-htablet20-mg125-mg,Tablet,Olmesartan Medoxomil + Hydrochlorothiazide,20 mg+12.5 mg,Goodman Pharmaceuticals Ltd.,"Unit Price: ৳ 8.50,(30's pack: ৳ 255.00),",(30's pack: ৳ 255.00)
22981,Olmedip,allopathic,olmediptablet5-mg40-mg,Tablet,Amlodipine Besilate + Olmesartan Medoxomil,5 mg+40 mg,Ibn Sina Pharmaceuticals Ltd.,"Unit Price: ৳ 8.00,(30's pack: ৳ 240.00),",(30's pack: ৳ 240.00)
22980,Olmedip,allopathic,olmediptablet5-mg20-mg,Tablet,Amlodipine Besilate + Olmesartan Medoxomil,5 mg+20 mg,Ibn Sina Pharmaceuticals Ltd.,"Unit Price: ৳ 5.00,(50's pack: ৳ 250.00),",(50's pack: ৳ 250.00)
2982,Olmecar Plus,allopathic,olmecar-plustablet20-mg125-mg,Tablet,Olmesartan Medoxomil + Hydrochlorothiazide,20 mg+12.5 mg,Square Pharmaceuticals Ltd.,"Unit Price: ৳ 10.00,(30's pack: ৳ 300.00),",(30's pack: ৳ 300.00)
31595,Olmecar,allopathic,olmecartablet10-mg,Tablet,Olmesartan Medoxomil,10 mg,Square Pharmaceuticals Ltd.,"Unit Price: ৳ 6.00,(30's pack: ৳ 180.00),",(30's pack: ৳ 180.00)
2780,Olmecar,allopathic,olmecartablet40-mg,Tablet,Olmesartan Medoxomil,40 mg,Square Pharmaceuticals Ltd.,"Unit Price: ৳ 18.00,(30's pack: ৳ 540.00),",(30's pack: ৳ 540.00)
2779,Olmecar,allopathic,olmecartablet20-mg,Tablet,Olmesartan Medoxomil,20 mg,Square Pharmaceuticals Ltd.,"Unit Price: ৳ 10.00,(30's pack: ৳ 300.00),",(30's pack: ৳ 300.00)
30927,Olmeben Plus,allopathic,olmeben-plustablet20-mg125-mg,Tablet,Olmesartan Medoxomil + Hydrochlorothiazide,20 mg+12.5 mg,Navana Pharmaceuticals Ltd.,"Unit Price: ৳ 8.00,(30's pack: ৳ 240.00),",(30's pack: ৳ 240.00)
32707,Olmeben,allopathic,olmebentablet40-mg,Tablet,Olmesartan Medoxomil,40 mg,Navana Pharmaceuticals Ltd.,"Unit Price: ৳ 15.00,(30's pack: ৳ 450.00),",(30's pack: ৳ 450.00)
32706,Olmeben,allopathic,olmebentablet20-mg,Tablet,Olmesartan Medoxomil,20 mg,Navana Pharmaceuticals Ltd.,"Unit Price: ৳ 8.00,(30's pack: ৳ 240.00),",(30's pack: ৳ 240.00)
22976,Olme-H,allopathic,olme-htablet20-mg125-mg,Tablet,Olmesartan Medoxomil + Hydrochlorothiazide,20 mg+12.5 mg,Innovative Pharma (Albion),"Unit Price: ৳ 10.63,(30's pack: ৳ 318.76),",(30's pack: ৳ 318.76)
17756,Olme-AM,allopathic,olme-amtablet5-mg20-mg,Tablet,Amlodipine Besilate + Olmesartan Medoxomil,5 mg+20 mg,Innovative Pharma (Albion),"Unit Price: ৳ 11.81,(30's pack: ৳ 354.18),",(30's pack: ৳ 354.18)
22962,Olmepres,allopathic,olmeprestablet20-mg,Tablet,Olmesartan Medoxomil,20 mg,General Pharmaceuticals Ltd.,"Unit Price: ৳ 8.00,(30's pack: ৳ 240.00),",(30's pack: ৳ 240.00)
32708,Olmepin,allopathic,olmepintablet5-mg40-mg,Tablet,Amlodipine Besilate + Olmesartan Medoxomil,5 mg+40 mg,Navana Pharmaceuticals Ltd.,"Unit Price: ৳ 15.00,(30's pack: ৳ 450.00),",(30's pack: ৳ 450.00)
30588,Olmepin,allopathic,olmepintablet5-mg20-mg,Tablet,Amlodipine Besilate + Olmesartan Medoxomil,5 mg+20 mg,Navana Pharmaceuticals Ltd.,"Unit Price: ৳ 8.00,(30's pack: ৳ 240.00),",(30's pack: ৳ 240.00)
31426,Olmenor Plus,allopathic,olmenor-plustablet5-mg40-mg,Tablet,Amlodipine Besilate + Olmesartan Medoxomil,5 mg+40 mg,Delta Pharma Ltd.,"Unit Price: ৳ 8.00,(30's pack: ৳ 240.00),",(30's pack: ৳ 240.00)
31425,Olmenor Plus,allopathic,olmenor-plustablet5-mg20-mg,Tablet,Amlodipine Besilate + Olmesartan Medoxomil,5 mg+20 mg,Delta Pharma Ltd.,"Unit Price: ৳ 5.00,(30's pack: ৳ 150.00),",(30's pack: ৳ 150.00)
22952,Olme,allopathic,olmetablet10-mg,Tablet,Olmesartan Medoxomil,10 mg,Innovative Pharma (Albion),"Unit Price: ৳ 5.90,(30's pack: ৳ 177.00),",(30's pack: ৳ 177.00)
22951,Olme,allopathic,olmetablet40-mg,Tablet,Olmesartan Medoxomil,40 mg,Innovative Pharma (Albion),"Unit Price: ৳ 17.71,(30's pack: ৳ 531.27),",(30's pack: ৳ 531.27)
22950,Olme,allopathic,olmetablet20-mg,Tablet,Olmesartan Medoxomil,20 mg,Innovative Pharma (Albion),"Unit Price: ৳ 9.44,(30's pack: ৳ 283.34),",(30's pack: ৳ 283.34)
33092,Olixar,allopathic,olixartablet20-mg,Tablet,Olanzapine,20 mg,Everest Pharmaceuticals Ltd.,"Unit Price: ৳ 8.00,(30's pack: ৳ 240.00),",(30's pack: ৳ 240.00)
30413,Olixar,allopathic,olixartablet10-mg,Tablet,Olanzapine,10 mg,Everest Pharmaceuticals Ltd.,"Unit Price: ৳ 4.50,(50's pack: ৳ 225.00),",(50's pack: ৳ 225.00)
30412,Olixar,allopathic,olixartablet5-mg,Tablet,Olanzapine,5 mg,Everest Pharmaceuticals Ltd.,"Unit Price: ৳ 2.50,(50's pack: ৳ 125.00),",(50's pack: ৳ 125.00)
27297,Oliver,allopathic,olivertablet150-mg,Tablet,L-Ornithine L-Aspartate,150 mg,Beacon Pharmaceuticals Ltd.,"Unit Price: ৳ 15.00,(56's pack: ৳ 840.00),",(56's pack: ৳ 840.00)
32674,Olivan TS,allopathic,olivan-tsophthalmic-suspension03,Ophthalmic Suspension,Nepafenac,0.30%,Opsonin Pharma Ltd.,5 ml drop: ৳ 225.00,
5169,Olistat,allopathic,olistatcapsule60-mg,Capsule,Orlistat,60 mg,Square Pharmaceuticals Ltd.,"Unit Price: ৳ 30.00,(20's pack: ৳ 600.00),",(20's pack: ৳ 600.00)
2984,Olmetic Plus,allopathic,olmetic-plustablet20-mg125-mg,Tablet,Olmesartan Medoxomil + Hydrochlorothiazide,20 mg+12.5 mg,Drug International Ltd.,"Unit Price: ৳ 9.00,(42's pack: ৳ 378.00),",(42's pack: ৳ 378.00)
2785,Olmetic,allopathic,olmetictablet20-mg,Tablet,Olmesartan Medoxomil,20 mg,Drug International Ltd.,"Unit Price: ৳ 9.00,(42's pack: ৳ 378.00),",(42's pack: ৳ 378.00)
31996,Olmetab Plus,allopathic,olmetab-plustablet20-mg125-mg,Tablet,Olmesartan Medoxomil + Hydrochlorothiazide,20 mg+12.5 mg,Ibn Sina Pharmaceuticals Ltd.,"Unit Price: ৳ 7.00,(50's pack: ৳ 350.00),",(50's pack: ৳ 350.00)
31995,Olmetab Plus,allopathic,olmetab-plustablet40-mg125-mg,Tablet,Olmesartan Medoxomil + Hydrochlorothiazide,40 mg+12.5 mg,Ibn Sina Pharmaceuticals Ltd.,"Unit Price: ৳ 12.00,(30's pack: ৳ 360.00),",(30's pack: ৳ 360.00)
32630,Olmetab,allopathic,olmetabtablet40-mg,Tablet,Olmesartan Medoxomil,40 mg,Ibn Sina Pharmaceuticals Ltd.,"Unit Price: ৳ 9.00,(50's pack: ৳ 450.00),",(50's pack: ৳ 450.00)
30285,Olmetab,allopathic,olmetabtablet20-mg,Tablet,Olmesartan Medoxomil,20 mg,Ibn Sina Pharmaceuticals Ltd.,"Unit Price: ৳ 6.00,(50's pack: ৳ 300.00),",(50's pack: ৳ 300.00)
30284,Olmetab,allopathic,olmetabtablet10-mg,Tablet,Olmesartan Medoxomil,10 mg,Ibn Sina Pharmaceuticals Ltd.,"Unit Price: ৳ 4.00,(50's pack: ৳ 200.00),",(50's pack: ৳ 200.00)
22977,Olmesta Plus,allopathic,olmesta-plustablet20-mg125-mg,Tablet,Olmesartan Medoxomil + Hydrochlorothiazide,20 mg+12.5 mg,Eskayef Pharmaceuticals Ltd.,"Unit Price: ৳ 8.00,(30's pack: ৳ 240.00),",(30's pack: ৳ 240.00)
29962,Olmesta M,allopathic,olmesta-mtablet5-mg40-mg,Tablet,Amlodipine Besilate + Olmesartan Medoxomil,5 mg+40 mg,Eskayef Pharmaceuticals Ltd.,"Unit Price: ৳ 14.00,(28's pack: ৳ 392.00),",(28's pack: ৳ 392.00)
17762,Olmesta M,allopathic,olmesta-mtablet5-mg20-mg,Tablet,Amlodipine Besilate + Olmesartan Medoxomil,5 mg+20 mg,Eskayef Pharmaceuticals Ltd.,"Unit Price: ৳ 8.00,(30's pack: ৳ 240.00),",(30's pack: ৳ 240.00)
22961,Olmesta,allopathic,olmestatablet40-mg,Tablet,Olmesartan Medoxomil,40 mg,Eskayef Pharmaceuticals Ltd.,"Unit Price: ৳ 15.00,(20's pack: ৳ 300.00),",(20's pack: ৳ 300.00)
22960,Olmesta,allopathic,olmestatablet20-mg,Tablet,Olmesartan Medoxomil,20 mg,Eskayef Pharmaceuticals Ltd.,"Unit Price: ৳ 8.00,(30's pack: ৳ 240.00),",(30's pack: ৳ 240.00)
22959,Olmesta,allopathic,olmestatablet10-mg,Tablet,Olmesartan Medoxomil,10 mg,Eskayef Pharmaceuticals Ltd.,"Unit Price: ৳ 5.00,(30's pack: ৳ 150.00),",(30's pack: ৳ 150.00)
2983,Olmesan Plus,allopathic,olmesan-plustablet20-mg125-mg,Tablet,Olmesartan Medoxomil + Hydrochlorothiazide,20 mg+12.5 mg,Beximco Pharmaceuticals Ltd.,"Unit Price: ৳ 10.00,(30's pack: ৳ 300.00),",(30's pack: ৳ 300.00)
22955,Olmesan,allopathic,olmesantablet10-mg,Tablet,Olmesartan Medoxomil,10 mg,Beximco Pharmaceuticals Ltd.,"Unit Price: ৳ 6.00,(30's pack: ৳ 180.00),",(30's pack: ৳ 180.00)
2782,Olmesan,allopathic,olmesantablet40-mg,Tablet,Olmesartan Medoxomil,40 mg,Beximco Pharmaceuticals Ltd.,"Unit Price: ৳ 18.00,(30's pack: ৳ 540.00),",(30's pack: ৳ 540.00)
32610,Olmetor-AM,allopathic,olmetor-amtablet5-mg40-mg,Tablet,Amlodipine Besilate + Olmesartan Medoxomil,5 mg+40 mg,Euro Pharma Ltd.,"Unit Price: ৳ 15.00,(30's pack: ৳ 450.00),",(30's pack: ৳ 450.00)
32609,Olmetor-AM,allopathic,olmetor-amtablet5-mg20-mg,Tablet,Amlodipine Besilate + Olmesartan Medoxomil,5 mg+20 mg,Euro Pharma Ltd.,"Unit Price: ৳ 10.00,(30's pack: ৳ 300.00),",(30's pack: ৳ 300.00)
32612,Olmetor Plus,allopathic,olmetor-plustablet40-mg125-mg,Tablet,Olmesartan Medoxomil + Hydrochlorothiazide,40 mg+12.5 mg,Euro Pharma Ltd.,"Unit Price: ৳ 15.00,(30's pack: ৳ 450.00),",(30's pack: ৳ 450.00)
32611,Olmetor Plus,allopathic,olmetor-plustablet20-mg125-mg,Tablet,Olmesartan Medoxomil + Hydrochlorothiazide,20 mg+12.5 mg,Euro Pharma Ltd.,"Unit Price: ৳ 8.00,(30's pack: ৳ 240.00),",(30's pack: ৳ 240.00)
32608,Olmetor,allopathic,olmetortablet40-mg,Tablet,Olmesartan Medoxomil,40 mg,Euro Pharma Ltd.,"Unit Price: ৳ 15.00,(30's pack: ৳ 450.00),",(30's pack: ৳ 450.00)
32607,Olmetor,allopathic,olmetortablet20-mg,Tablet,Olmesartan Medoxomil,20 mg,Euro Pharma Ltd.,"Unit Price: ৳ 8.00,(30's pack: ৳ 240.00),",(30's pack: ৳ 240.00)
32606,Olmetor,allopathic,olmetortablet10-mg,Tablet,Olmesartan Medoxomil,10 mg,Euro Pharma Ltd.,"Unit Price: ৳ 5.00,(30's pack: ৳ 150.00),",(30's pack: ৳ 150.00)
2781,Olmesan,allopathic,olmesantablet20-mg,Tablet,Olmesartan Medoxomil,20 mg,Beximco Pharmaceuticals Ltd.,"Unit Price: ৳ 10.00,(30's pack: ৳ 300.00),",(30's pack: ৳ 300.00)
26889,Olmesafe-HT,allopathic,olmesafe-httablet20-mg125-mg,Tablet,Olmesartan Medoxomil + Hydrochlorothiazide,20 mg+12.5 mg,Orion Pharma Ltd.,"Unit Price: ৳ 8.00,(30's pack: ৳ 240.00),",(30's pack: ৳ 240.00)
26888,Olmesafe AM,allopathic,olmesafe-amtablet5-mg20-mg,Tablet,Amlodipine Besilate + Olmesartan Medoxomil,5 mg+20 mg,Orion Pharma Ltd.,"Unit Price: ৳ 10.00,(30's pack: ৳ 300.00),",(30's pack: ৳ 300.00)
4741,Olmesafe,allopathic,olmesafetablet20-mg,Tablet,Olmesartan Medoxomil,20 mg,Orion Pharma Ltd.,"Unit Price: ৳ 8.00,(30's pack: ৳ 240.00),",(30's pack: ৳ 240.00)
30453,Olmepres AM,allopathic,olmepres-amtablet5-mg40-mg,Tablet,Amlodipine Besilate + Olmesartan Medoxomil,5 mg+40 mg,General Pharmaceuticals Ltd.,"Unit Price: ৳ 15.00,(30's pack: ৳ 450.00),",(30's pack: ৳ 450.00)
17763,Olmepres AM,allopathic,olmepres-amtablet5-mg20-mg,Tablet,Amlodipine Besilate + Olmesartan Medoxomil,5 mg+20 mg,General Pharmaceuticals Ltd.,"Unit Price: ৳ 8.00,(30's pack: ৳ 240.00),",(30's pack: ৳ 240.00)
22963,Olmepres,allopathic,olmeprestablet40-mg,Tablet,Olmesartan Medoxomil,40 mg,General Pharmaceuticals Ltd.,"Unit Price: ৳ 15.00,(30's pack: ৳ 450.00),",(30's pack: ৳ 450.00)
28961,Olpadin 7,allopathic,olpadin-7ophthalmic-solution07,Ophthalmic Solution,Olopatadine Hydrochloride (Ophthalmic),0.70%,Aristopharma Ltd.,5 ml drop: ৳ 250.00,
15988,Olpadin,allopathic,olpadinophthalmic-solution01,Ophthalmic Solution,Olopatadine Hydrochloride (Ophthalmic),0.10%,Aristopharma Ltd.,5 ml drop: ৳ 110.00,
22994,Olorid,allopathic,oloridophthalmic-solution01,Ophthalmic Solution,Olopatadine Hydrochloride (Ophthalmic),0.10%,Monicopharma Ltd.,5 ml drop: ৳ 100.58,
22991,Olopta DS,allopathic,olopta-dsophthalmic-solution02,Ophthalmic Solution,Olopatadine Hydrochloride (Ophthalmic),0.20%,Gaco Pharmaceuticals Ltd.,5 ml drop: ৳ 150.00,
15987,Olopta,allopathic,oloptaophthalmic-solution01,Ophthalmic Solution,Olopatadine Hydrochloride (Ophthalmic),0.10%,Gaco Pharmaceuticals Ltd.,5 ml drop: ৳ 100.00,
33024,Olopan Pro,allopathic,olopan-proophthalmic-solution07,Ophthalmic Solution,Olopatadine Hydrochloride (Ophthalmic),0.70%,Beximco Pharmaceuticals Ltd.,5 ml drop: ৳ 250.00,
15986,Olopan DS,allopathic,olopan-dsophthalmic-solution02,Ophthalmic Solution,Olopatadine Hydrochloride (Ophthalmic),0.20%,Beximco Pharmaceuticals Ltd.,5 ml drop: ৳ 160.00,
16252,Olopan,allopathic,olopannasal-spray600-mcgspray,Nasal Spray,Olopatadine Hydrochloride (Nasal Spray),600 mcg/spray,Beximco Pharmaceuticals Ltd.,120 metered sprays: ৳ 400.00,
15985,Olopan,allopathic,olopanophthalmic-solution01,Ophthalmic Solution,Olopatadine Hydrochloride (Ophthalmic),0.10%,Beximco Pharmaceuticals Ltd.,5 ml drop: ৳ 110.00,
15984,Olon-DS,allopathic,olon-dsophthalmic-solution02,Ophthalmic Solution,Olopatadine Hydrochloride (Ophthalmic),0.20%,Kemiko Pharmaceuticals Ltd.,5 ml drop: ৳ 150.00,
22992,Ologen Max,allopathic,ologen-maxophthalmic-solution07,Ophthalmic Solution,Olopatadine Hydrochloride (Ophthalmic),0.70%,General Pharmaceuticals Ltd.,5 ml drop: ৳ 225.00,
15983,Ologen DS,allopathic,ologen-dsophthalmic-solution02,Ophthalmic Solution,Olopatadine Hydrochloride (Ophthalmic),0.20%,General Pharmaceuticals Ltd.,5 ml drop: ৳ 175.00,
15982,Ologen,allopathic,ologenophthalmic-solution01,Ophthalmic Solution,Olopatadine Hydrochloride (Ophthalmic),0.10%,General Pharmaceuticals Ltd.,5 ml drop: ৳ 110.00,
27742,Olofix DS,allopathic,olofix-dsophthalmic-solution02,Ophthalmic Solution,Olopatadine Hydrochloride (Ophthalmic),0.20%,Opso Saline Ltd.,5 ml drop: ৳ 170.00,
27741,Olofix,allopathic,olofixophthalmic-solution01,Ophthalmic Solution,Olopatadine Hydrochloride (Ophthalmic),0.10%,Opso Saline Ltd.,5 ml drop: ৳ 110.02,
23000,Olodin DS,allopathic,olodin-dsophthalmic-solution02,Ophthalmic Solution,Olopatadine Hydrochloride (Ophthalmic),0.20%,Reman Drug Laboratories Ltd.,5 ml drop: ৳ 150.00,
32024,Olpres,allopathic,olprestablet40-mg,Tablet,Olmesartan Medoxomil,40 mg,Ziska Pharmaceuticals Ltd.,"Unit Price: ৳ 15.00,(30's pack: ৳ 450.00),",(30's pack: ৳ 450.00)
32021,Olpres,allopathic,olprestablet20-mg,Tablet,Olmesartan Medoxomil,20 mg,Ziska Pharmaceuticals Ltd.,"Unit Price: ৳ 8.00,(30's pack: ৳ 240.00),",(30's pack: ৳ 240.00)
32020,Olpres,allopathic,olprestablet10-mg,Tablet,Olmesartan Medoxomil,10 mg,Ziska Pharmaceuticals Ltd.,"Unit Price: ৳ 5.00,(30's pack: ৳ 150.00),",(30's pack: ৳ 150.00)
15989,Olpadin DS,allopathic,olpadin-dsophthalmic-solution02,Ophthalmic Solution,Olopatadine Hydrochloride (Ophthalmic),0.20%,Aristopharma Ltd.,5 ml drop: ৳ 175.00,
15981,Olodin,allopathic,olodinophthalmic-solution01,Ophthalmic Solution,Olopatadine Hydrochloride (Ophthalmic),0.10%,Reman Drug Laboratories Ltd.,5 ml drop: ৳ 100.38,
2985,Olmezest H,allopathic,olmezest-htablet20-mg125-mg,Tablet,Olmesartan Medoxomil + Hydrochlorothiazide,20 mg+12.5 mg,Sun Pharmaceutical Ltd.,"Unit Price: ৳ 8.52,(50's pack: ৳ 426.00),",(50's pack: ৳ 426.00)
22982,Olmezest AM,allopathic,olmezest-amtablet5-mg20-mg,Tablet,Amlodipine Besilate + Olmesartan Medoxomil,5 mg+20 mg,Sun Pharmaceutical Ltd.,"Unit Price: ৳ 10.00,(50's pack: ৳ 500.00),",(50's pack: ৳ 500.00)
3081,Olmezest AM,allopathic,olmezest-amtablet5-mg40-mg,Tablet,Amlodipine Besilate + Olmesartan Medoxomil,5 mg+40 mg,Sun Pharmaceutical Ltd.,"Unit Price: ৳ 16.00,(30's pack: ৳ 480.00),",(30's pack: ৳ 480.00)
2788,Olmezest,allopathic,olmezesttablet40-mg,Tablet,Olmesartan Medoxomil,40 mg,Sun Pharmaceutical Ltd.,"Unit Price: ৳ 15.05,(30's pack: ৳ 451.50),",(30's pack: ৳ 451.50)
2787,Olmezest,allopathic,olmezesttablet20-mg,Tablet,Olmesartan Medoxomil,20 mg,Sun Pharmaceutical Ltd.,"Unit Price: ৳ 9.05,(50's pack: ৳ 452.73),",(50's pack: ৳ 452.73)
2786,Olmezest,allopathic,olmezesttablet10-mg,Tablet,Olmesartan Medoxomil,10 mg,Sun Pharmaceutical Ltd.,"Unit Price: ৳ 5.02,(30's pack: ৳ 150.60),,Unit Price: ৳ 5.02,(50's pack: ৳ 250.80),","(30's pack: ৳ 150.60),(50's pack: ৳ 250.80)"
29412,Olmevas AM,allopathic,olmevas-amtablet5-mg40-mg,Tablet,Amlodipine Besilate + Olmesartan Medoxomil,5 mg+40 mg,Popular Pharmaceuticals Ltd.,"Unit Price: ৳ 20.00,(30's pack: ৳ 600.00),",(30's pack: ৳ 600.00)
17770,Olmevas AM,allopathic,olmevas-amtablet5-mg20-mg,Tablet,Amlodipine Besilate + Olmesartan Medoxomil,5 mg+20 mg,Popular Pharmaceuticals Ltd.,"Unit Price: ৳ 10.00,(30's pack: ৳ 300.00),",(30's pack: ৳ 300.00)
22969,Olmevas,allopathic,olmevastablet20-mg,Tablet,Olmesartan Medoxomil,20 mg,Popular Pharmaceuticals Ltd.,"Unit Price: ৳ 9.00,(30's pack: ৳ 270.00),",(30's pack: ৳ 270.00)
9952,Omastin,allopathic,omastincapsule200-mg,Capsule,Fluconazole,200 mg,Beximco Pharmaceuticals Ltd.,"Unit Price: ৳ 25.00,(10's pack: ৳ 250.00),",(10's pack: ৳ 250.00)
9951,Omastin,allopathic,omastincapsule150-mg,Capsule,Fluconazole,150 mg,Beximco Pharmaceuticals Ltd.,"Unit Price: ৳ 22.00,(20's pack: ৳ 440.00),",(20's pack: ৳ 440.00)
9950,Omastin,allopathic,omastincapsule50-mg,Capsule,Fluconazole,50 mg,Beximco Pharmaceuticals Ltd.,"Unit Price: ৳ 8.00,(50's pack: ৳ 400.00),",(50's pack: ৳ 400.00)
1842,Omaprin,allopathic,omaprincapsule-delayed-release20-mg,Capsule (Delayed Release),Omeprazole,20 mg,Doctor’s Chemical Works Ltd.,"Unit Price: ৳ 4.00,(40's pack: ৳ 160.00),",(40's pack: ৳ 160.00)
1841,Omag-DR,allopathic,omag-drtablet-enteric-coated20-mg,Tablet (Enteric Coated),Omeprazole,20 mg,Rangs Pharmaceuticals Ltd.,"Unit Price: ৳ 2.00,(100's pack: ৳ 200.00),",(100's pack: ৳ 200.00)
1844,OM,allopathic,omcapsule-delayed-release40-mg,Capsule (Delayed Release),Omeprazole,40 mg,Ambee Pharmaceuticals Ltd.,"Unit Price: ৳ 6.00,(20's pack: ৳ 120.00),",(20's pack: ৳ 120.00)
1843,OM,allopathic,omcapsule-delayed-release20-mg,Capsule (Delayed Release),Omeprazole,20 mg,Ambee Pharmaceuticals Ltd.,"Unit Price: ৳ 3.02,(40's pack: ৳ 120.70),",(40's pack: ৳ 120.70)
32916,Olzep,allopathic,olzepcapsule-delayed-release20-mg,Capsule (Delayed Release),Omeprazole,20 mg,Arges Life Science Limited,"Unit Price: ৳ 5.00,(60's pack: ৳ 300.00),",(60's pack: ৳ 300.00)
30003,Olzap,allopathic,olzaptablet10-mg,Tablet,Olanzapine,10 mg,Opsonin Pharma Ltd.,"Unit Price: ৳ 4.54,(42's pack: ৳ 190.68),",(42's pack: ৳ 190.68)
30002,Olzap,allopathic,olzaptablet5-mg,Tablet,Olanzapine,5 mg,Opsonin Pharma Ltd.,"Unit Price: ৳ 2.51,(70's pack: ৳ 175.70),",(70's pack: ৳ 175.70)
31442,Olvance-AM,allopathic,olvance-amtablet5-mg20-mg,Tablet,Amlodipine Besilate + Olmesartan Medoxomil,5 mg+20 mg,Biopharma Laboratories Ltd.,"Unit Price: ৳ 10.00,(30's pack: ৳ 300.00),",(30's pack: ৳ 300.00)
28906,Olvance,allopathic,olvancetablet20-mg,Tablet,Olmesartan Medoxomil,20 mg,Biopharma Laboratories Ltd.,"Unit Price: ৳ 8.00,(30's pack: ৳ 240.00),",(30's pack: ৳ 240.00)
31493,Oltan-A,allopathic,oltan-atablet5-mg40-mg,Tablet,Amlodipine Besilate + Olmesartan Medoxomil,5 mg+40 mg,Silco Pharmaceutical Ltd.,"Unit Price: ৳ 14.00,(30's pack: ৳ 420.00),",(30's pack: ৳ 420.00)
31492,Oltan-A,allopathic,oltan-atablet5-mg20-mg,Tablet,Amlodipine Besilate + Olmesartan Medoxomil,5 mg+20 mg,Silco Pharmaceutical Ltd.,"Unit Price: ৳ 12.00,(30's pack: ৳ 360.00),",(30's pack: ৳ 360.00)
2987,Olsart Plus,allopathic,olsart-plustablet40-mg125-mg,Tablet,Olmesartan Medoxomil + Hydrochlorothiazide,40 mg+12.5 mg,Opsonin Pharma Ltd.,"Unit Price: ৳ 15.06,(30's pack: ৳ 451.80),",(30's pack: ৳ 451.80)
2986,Olsart Plus,allopathic,olsart-plustablet20-mg125-mg,Tablet,Olmesartan Medoxomil + Hydrochlorothiazide,20 mg+12.5 mg,Opsonin Pharma Ltd.,"Unit Price: ৳ 9.00,(30's pack: ৳ 270.00),",(30's pack: ৳ 270.00)
23016,Omeben,allopathic,omebencapsule-delayed-release20-mg,Capsule (Delayed Release),Omeprazole,20 mg,Benham Pharmaceuticals Ltd.,"Unit Price: ৳ 5.00,(100's pack: ৳ 500.00),",(100's pack: ৳ 500.00)
1846,OME,allopathic,omecapsule-delayed-release40-mg,Capsule (Delayed Release),Omeprazole,40 mg,Somatec Pharmaceuticals Ltd.,"Unit Price: ৳ 8.00,(30's pack: ৳ 240.00),",(30's pack: ৳ 240.00)
1845,OME,allopathic,omecapsule-delayed-release20-mg,Capsule (Delayed Release),Omeprazole,20 mg,Somatec Pharmaceuticals Ltd.,"Unit Price: ৳ 5.00,(60's pack: ৳ 300.00),",(60's pack: ৳ 300.00)
28851,Omazif-CI,allopathic,omazif-cicapsule-timed-release50-mg050-mg6180-mg,Capsule (Timed Release),Carbonyl Iron + Folic Acid + Zinc Sulfate,50 mg+0.50 mg+61.80 mg,One Pharma Ltd.,"Unit Price: ৳ 3.50,(60's pack: ৳ 210.00),",(60's pack: ৳ 210.00)
29406,Omazif,allopathic,omaziftablet5-mg20-mg,Tablet,Folic Acid + Zinc Sulfate Monohydrate,5 mg+20 mg,One Pharma Ltd.,"Unit Price: ৳ 2.30,(100's pack: ৳ 230.00),",(100's pack: ৳ 230.00)
9954,Omastin,allopathic,omastiniv-infusion200-mg100-ml,IV Infusion,Fluconazole,200 mg/100 ml,Beximco Pharmaceuticals Ltd.,100 ml bottle: ৳ 200.00,
9953,Omastin,allopathic,omastinpowder-for-suspension50-mg5-ml,Powder for Suspension,Fluconazole,50 mg/5 ml,Beximco Pharmaceuticals Ltd.,35 ml bottle: ৳ 78.00,
22967,Olsart,allopathic,olsarttablet10-mg,Tablet,Olmesartan Medoxomil,10 mg,Opsonin Pharma Ltd.,"Unit Price: ৳ 5.00,(30's pack: ৳ 150.00),",(30's pack: ৳ 150.00)
2790,Olsart,allopathic,olsarttablet40-mg,Tablet,Olmesartan Medoxomil,40 mg,Opsonin Pharma Ltd.,"Unit Price: ৳ 16.00,(20's pack: ৳ 320.00),",(20's pack: ৳ 320.00)
2789,Olsart,allopathic,olsarttablet20-mg,Tablet,Olmesartan Medoxomil,20 mg,Opsonin Pharma Ltd.,"Unit Price: ৳ 9.00,(30's pack: ৳ 270.00),",(30's pack: ৳ 270.00)
32023,Olpres HZ,allopathic,olpres-hztablet20-mg125-mg,Tablet,Olmesartan Medoxomil + Hydrochlorothiazide,20 mg+12.5 mg,Ziska Pharmaceuticals Ltd.,"Unit Price: ৳ 8.00,(30's pack: ৳ 240.00),",(30's pack: ৳ 240.00)
32022,Olpres HZ,allopathic,olpres-hztablet40-mg125-mg,Tablet,Olmesartan Medoxomil + Hydrochlorothiazide,40 mg+12.5 mg,Ziska Pharmaceuticals Ltd.,"Unit Price: ৳ 15.00,(30's pack: ৳ 450.00),",(30's pack: ৳ 450.00)
32019,Olpres A,allopathic,olpres-atablet5-mg40-mg,Tablet,Amlodipine Besilate + Olmesartan Medoxomil,5 mg+40 mg,Ziska Pharmaceuticals Ltd.,"Unit Price: ৳ 18.00,(30's pack: ৳ 540.00),",(30's pack: ৳ 540.00)
32018,Olpres A,allopathic,olpres-atablet5-mg20-mg,Tablet,Amlodipine Besilate + Olmesartan Medoxomil,5 mg+20 mg,Ziska Pharmaceuticals Ltd.,"Unit Price: ৳ 10.00,(30's pack: ৳ 300.00),",(30's pack: ৳ 300.00)
23066,Omenaaf,allopathic,omenaafcapsule-delayed-release20-mg,Capsule (Delayed Release),Omeprazole,20 mg,Naafco Pharma Ltd.,"Unit Price: ৳ 5.00,(60's pack: ৳ 300.00),",(60's pack: ৳ 300.00)
23064,Omemed,allopathic,omemedcapsule-delayed-release40-mg,Capsule (Delayed Release),Omeprazole,40 mg,MedRx Life Science Ltd.,Unit Price: ৳ 8.00,
23063,Omemed,allopathic,omemedcapsule-delayed-release20-mg,Capsule (Delayed Release),Omeprazole,20 mg,MedRx Life Science Ltd.,"Unit Price: ৳ 5.00,(100's pack: ৳ 500.00),",(100's pack: ৳ 500.00)
23075,Omelock,allopathic,omelockcapsule-delayed-release40-mg,Capsule (Delayed Release),Omeprazole,40 mg,One Pharma Ltd.,"Unit Price: ৳ 8.00,(30's pack: ৳ 240.00),",(30's pack: ৳ 240.00)
23074,Omelock,allopathic,omelockcapsule-delayed-release20-mg,Capsule (Delayed Release),Omeprazole,20 mg,One Pharma Ltd.,"Unit Price: ৳ 5.00,(60's pack: ৳ 300.00),",(60's pack: ৳ 300.00)
1857,Omelet,allopathic,omeletcapsule-delayed-release40-mg,Capsule (Delayed Release),Omeprazole,40 mg,Amulet Pharmaceuticals Ltd.,"Unit Price: ৳ 7.02,(30's pack: ৳ 210.60),",(30's pack: ৳ 210.60)
1856,Omelet,allopathic,omeletcapsule-delayed-release20-mg,Capsule (Delayed Release),Omeprazole,20 mg,Amulet Pharmaceuticals Ltd.,"Unit Price: ৳ 5.02,(60's pack: ৳ 301.20),",(60's pack: ৳ 301.20)
23062,Omel,allopathic,omelcapsule-delayed-release40-mg,Capsule (Delayed Release),Omeprazole,40 mg,Medicon Pharmaceuticals Ltd.,"Unit Price: ৳ 7.07,(30's pack: ৳ 212.00),",(30's pack: ৳ 212.00)
1855,Omel,allopathic,omelcapsule-delayed-release20-mg,Capsule (Delayed Release),Omeprazole,20 mg,Medicon Pharmaceuticals Ltd.,"Unit Price: ৳ 4.55,(100's pack: ৳ 454.51),",(100's pack: ৳ 454.51)
1854,Omegut,allopathic,omegutiv-injection40-mgvial,IV Injection,Omeprazole,40 mg/vial,Popular Pharmaceuticals Ltd.,40 mg vial: ৳ 80.00,
1853,Omegut,allopathic,omegutcapsule-delayed-release40-mg,Capsule (Delayed Release),Omeprazole,40 mg,Popular Pharmaceuticals Ltd.,"Unit Price: ৳ 7.03,(50's pack: ৳ 351.51),",(50's pack: ৳ 351.51)
1852,Omegut,allopathic,omegutcapsule-delayed-release20-mg,Capsule (Delayed Release),Omeprazole,20 mg,Popular Pharmaceuticals Ltd.,"Unit Price: ৳ 5.00,(100's pack: ৳ 500.00),",(100's pack: ৳ 500.00)
28701,Omegaven,allopathic,omegaveniv-infusion10,IV Infusion,Intravenous Fat Emulsion,10%,Radiant Pharmaceuticals Ltd.,"500 ml bottle: ৳ 1,413.00",
23111,Omectil,allopathic,omectilcapsule-delayed-release20-mg,Capsule (Delayed Release),Omeprazole,20 mg,United Pharmaceuticals Ltd.,"Unit Price: ৳ 4.00,(60's pack: ৳ 240.00),",(60's pack: ৳ 240.00)
1851,Omecron,allopathic,omecroncapsule-delayed-release40-mg,Capsule (Delayed Release),Omeprazole,40 mg,NIPRO JMI Pharma Ltd.,"Unit Price: ৳ 8.02,(40's pack: ৳ 320.80),",(40's pack: ৳ 320.80)
1850,Omecron,allopathic,omecroncapsule-delayed-release20-mg,Capsule (Delayed Release),Omeprazole,20 mg,NIPRO JMI Pharma Ltd.,"Unit Price: ৳ 5.00,(50's pack: ৳ 250.00),",(50's pack: ৳ 250.00)
23053,Omenta,allopathic,omentacapsule-delayed-release20-mg,Capsule (Delayed Release),Omeprazole,20 mg,Jenphar Bangladesh Ltd.,"Unit Price: ৳ 5.00,(100's pack: ৳ 500.00),",(100's pack: ৳ 500.00)
1862,Omenta,allopathic,omentaiv-injection40-mgvial,IV Injection,Omeprazole,40 mg/vial,Jenphar Bangladesh Ltd.,40 mg vial: ৳ 90.00,
23049,Omenix,allopathic,omenixiv-injection40-mgvial,IV Injection,Omeprazole,40 mg/vial,Incepta Pharmaceuticals Ltd.,40 mg vial: ৳ 90.00,
1861,Omenix,allopathic,omenixoral-powder40-mgsachet,Oral Powder,Omeprazole,40 mg/sachet,Incepta Pharmaceuticals Ltd.,"40 mg sachet: ৳ 10.00,(30's pack: ৳ 300.00),",(30's pack: ৳ 300.00)
1860,Omenix,allopathic,omenixoral-powder20-mgsachet,Oral Powder,Omeprazole,20 mg/sachet,Incepta Pharmaceuticals Ltd.,"20 mg sachet: ৳ 6.00,(30's pack: ৳ 180.00),",(30's pack: ৳ 180.00)
1859,Omenix,allopathic,omenixcapsule-delayed-release40-mg,Capsule (Delayed Release),Omeprazole,40 mg,Incepta Pharmaceuticals Ltd.,"Unit Price: ৳ 8.00,(30's pack: ৳ 240.00),",(30's pack: ৳ 240.00)
1858,Omenix,allopathic,omenixcapsule-delayed-release20-mg,Capsule (Delayed Release),Omeprazole,20 mg,Incepta Pharmaceuticals Ltd.,"Unit Price: ৳ 5.00,(80's pack: ৳ 400.00),",(80's pack: ৳ 400.00)
23022,Omecent,allopathic,omecentcapsule-delayed-release40-mg,Capsule (Delayed Release),Omeprazole,40 mg,Centeon Pharma Ltd.,"Unit Price: ৳ 8.00,(30's pack: ৳ 240.00),",(30's pack: ৳ 240.00)
23021,Omecent,allopathic,omecentcapsule-delayed-release20-mg,Capsule (Delayed Release),Omeprazole,20 mg,Centeon Pharma Ltd.,"Unit Price: ৳ 6.00,(100's pack: ৳ 600.00),",(100's pack: ৳ 600.00)
1849,Omecare,allopathic,omecarecapsule-delayed-release40-mg,Capsule (Delayed Release),Omeprazole,40 mg,Novelta Bestway Pharma Ltd.,"Unit Price: ৳ 8.03,(30's pack: ৳ 240.90),",(30's pack: ৳ 240.90)
23023,Omecap,allopathic,omecapiv-injection40-mgvial,IV Injection,Omeprazole,40 mg/vial,Chemist Laboratories  Ltd.,40 mg vial: ৳ 75.00,
1847,Omecap,allopathic,omecapcapsule-delayed-release20-mg,Capsule (Delayed Release),Omeprazole,20 mg,Chemist Laboratories  Ltd.,"Unit Price: ৳ 5.00,(150's pack: ৳ 750.00),",(150's pack: ৳ 750.00)
27485,Omeben MUPS,allopathic,omeben-mupsmups-tablet20-mg,MUPS Tablet,Omeprazole (MUPS tablet),20 mg,Benham Pharmaceuticals Ltd.,"Unit Price: ৳ 7.00,(50's pack: ৳ 350.00),",(50's pack: ৳ 350.00)
23017,Omeben,allopathic,omebencapsule-delayed-release40-mg,Capsule (Delayed Release),Omeprazole,40 mg,Benham Pharmaceuticals Ltd.,"Unit Price: ৳ 8.00,(30's pack: ৳ 240.00),",(30's pack: ৳ 240.00)
23012,Ometor,allopathic,ometoriv-injection40-mgvial,IV Injection,Omeprazole,40 mg/vial,Astra Biopharmaceuticals Ltd.,40 mg vial: ৳ 80.00,
23011,Ometor,allopathic,ometorcapsule-delayed-release40-mg,Capsule (Delayed Release),Omeprazole,40 mg,Astra Biopharmaceuticals Ltd.,Unit Price: ৳ 8.00,
1888,Ometor,allopathic,ometorcapsule-delayed-release20-mg,Capsule (Delayed Release),Omeprazole,20 mg,Astra Biopharmaceuticals Ltd.,"Unit Price: ৳ 4.00,(28's pack: ৳ 112.00),",(28's pack: ৳ 112.00)
1887,Ometop,allopathic,ometopcapsule-delayed-release20-mg,Capsule (Delayed Release),Omeprazole,20 mg,Novus Pharmaceuticals Ltd.,"Unit Price: ৳ 4.00,(30's pack: ৳ 120.00),",(30's pack: ৳ 120.00)
33132,Ometid MUPS,allopathic,ometid-mupsmups-tablet40-mg,MUPS Tablet,Omeprazole (MUPS tablet),40 mg,Opsonin Pharma Ltd.,"Unit Price: ৳ 10.00,(30's pack: ৳ 300.00),",(30's pack: ৳ 300.00)
33131,Ometid MUPS,allopathic,ometid-mupsmups-tablet20-mg,MUPS Tablet,Omeprazole (MUPS tablet),20 mg,Opsonin Pharma Ltd.,"Unit Price: ৳ 7.00,(50's pack: ৳ 350.00),",(50's pack: ৳ 350.00)
1886,Ometid,allopathic,ometidiv-injection40-mgvial,IV Injection,Omeprazole,40 mg/vial,Opsonin Pharma Ltd.,40 mg vial: ৳ 90.27,
1885,Ometid,allopathic,ometidcapsule-delayed-release40-mg,Capsule (Delayed Release),Omeprazole,40 mg,Opsonin Pharma Ltd.,"Unit Price: ৳ 7.03,(30's pack: ৳ 210.90),",(30's pack: ৳ 210.90)
1884,Ometid,allopathic,ometidcapsule-delayed-release20-mg,Capsule (Delayed Release),Omeprazole,20 mg,Opsonin Pharma Ltd.,"Unit Price: ৳ 5.02,(90's pack: ৳ 451.80),",(90's pack: ৳ 451.80)
23107,Ometem,allopathic,ometemcapsule-delayed-release40-mg,Capsule (Delayed Release),Omeprazole,40 mg,Team Pharmaceuticals Ltd.,"Unit Price: ৳ 7.50,(20's pack: ৳ 150.00),",(20's pack: ৳ 150.00)
23106,Ometem,allopathic,ometemcapsule-delayed-release20-mg,Capsule (Delayed Release),Omeprazole,20 mg,Team Pharmaceuticals Ltd.,"Unit Price: ৳ 4.75,(100's pack: ৳ 475.00),",(100's pack: ৳ 475.00)
1883,Ometac,allopathic,ometaccapsule-delayed-release40-mg,Capsule (Delayed Release),Omeprazole,40 mg,Navana Pharmaceuticals Ltd.,"Unit Price: ৳ 7.00,(24's pack: ৳ 168.00),",(24's pack: ৳ 168.00)
1882,Ometac,allopathic,ometaccapsule-delayed-release20-mg,Capsule (Delayed Release),Omeprazole,20 mg,Navana Pharmaceuticals Ltd.,"Unit Price: ৳ 5.00,(100's pack: ৳ 500.00),",(100's pack: ৳ 500.00)
1881,Omet,allopathic,ometcapsule-delayed-release20-mg,Capsule (Delayed Release),Omeprazole,20 mg,Pharmadesh Laboratories Ltd.,"Unit Price: ৳ 3.50,(60's pack: ৳ 210.00),",(60's pack: ৳ 210.00)
3422,Omesoft,allopathic,omesoftcapsule1000-mg,Capsule,Omega-3 Acid Ethyl Esters [Salmon Fish Oil],1000 mg,Pacific Pharmaceuticals Ltd.,"Unit Price: ৳ 10.00,(50's pack: ৳ 500.00),,Unit Price: ৳ 10.00,(60's pack: ৳ 600.00),","(50's pack: ৳ 500.00),(60's pack: ৳ 600.00)"
1874,Omesil,allopathic,omesilcapsule-delayed-release40-mg,Capsule (Delayed Release),Omeprazole,40 mg,Silva Pharmaceuticals Ltd.,"Unit Price: ৳ 8.00,(20's pack: ৳ 160.00),",(20's pack: ৳ 160.00)
23055,Omex,allopathic,omexiv-injection40-mgvial,IV Injection,Omeprazole,40 mg/vial,Kemiko Pharmaceuticals Ltd.,40 mg vial: ৳ 90.00,
1891,Omex,allopathic,omexcapsule-delayed-release40-mg,Capsule (Delayed Release),Omeprazole,40 mg,Kemiko Pharmaceuticals Ltd.,"Unit Price: ৳ 7.02,(20's pack: ৳ 140.40),",(20's pack: ৳ 140.40)
1890,Omex,allopathic,omexcapsule-delayed-release20-mg,Capsule (Delayed Release),Omeprazole,20 mg,Kemiko Pharmaceuticals Ltd.,"Unit Price: ৳ 5.02,(60's pack: ৳ 301.20),,Unit Price: ৳ 5.02,(120's pack: ৳ 602.40),","(60's pack: ৳ 301.20),(120's pack: ৳ 602.40)"
1889,Omevir,allopathic,omevircapsule-delayed-release20-mg,Capsule (Delayed Release),Omeprazole,20 mg,Virgo Pharmaceuticals Ltd.,"Unit Price: ৳ 5.00,(60's pack: ৳ 300.00),",(60's pack: ৳ 300.00)
1873,Omesil,allopathic,omesilcapsule-delayed-release20-mg,Capsule (Delayed Release),Omeprazole,20 mg,Silva Pharmaceuticals Ltd.,"Unit Price: ৳ 5.02,(100's pack: ৳ 502.00),",(100's pack: ৳ 502.00)
1872,Omeprol,allopathic,omeproliv-injection40-mgvial,IV Injection,Omeprazole,40 mg/vial,Ziska Pharmaceuticals Ltd.,40 mg vial: ৳ 90.00,
1871,Omeprol,allopathic,omeprolcapsule-delayed-release40-mg,Capsule (Delayed Release),Omeprazole,40 mg,Ziska Pharmaceuticals Ltd.,"Unit Price: ৳ 6.13,(32's pack: ৳ 196.00),",(32's pack: ৳ 196.00)
1870,Omeprol,allopathic,omeprolcapsule-delayed-release20-mg,Capsule (Delayed Release),Omeprazole,20 mg,Ziska Pharmaceuticals Ltd.,"Unit Price: ৳ 5.00,(56's pack: ৳ 280.00),",(56's pack: ৳ 280.00)
1868,Omepra,allopathic,omepracapsule-delayed-release40-mg,Capsule (Delayed Release),Omeprazole,40 mg,Alco Pharma Ltd.,"Unit Price: ৳ 7.02,(30's pack: ৳ 210.60),",(30's pack: ৳ 210.60)
1867,Omepra,allopathic,omepracapsule-delayed-release20-mg,Capsule (Delayed Release),Omeprazole,20 mg,Alco Pharma Ltd.,"Unit Price: ৳ 4.01,(50's pack: ৳ 200.50),",(50's pack: ৳ 200.50)
1866,Omep,allopathic,omepiv-injection40-mgvial,IV Injection,Omeprazole,40 mg/vial,Aristopharma Ltd.,40 mg vial: ৳ 80.00,
1865,Omep,allopathic,omepcapsule-delayed-release40-mg,Capsule (Delayed Release),Omeprazole,40 mg,Aristopharma Ltd.,"Unit Price: ৳ 8.00,(30's pack: ৳ 240.00),",(30's pack: ৳ 240.00)
1864,Omep,allopathic,omepcapsule-delayed-release20-mg,Capsule (Delayed Release),Omeprazole,20 mg,Aristopharma Ltd.,"Unit Price: ৳ 5.00,(100's pack: ৳ 500.00),",(100's pack: ৳ 500.00)
1863,Omep,allopathic,omepcapsule-delayed-release10-mg,Capsule (Delayed Release),Omeprazole,10 mg,Aristopharma Ltd.,"Unit Price: ৳ 2.00,(48's pack: ৳ 96.00),",(48's pack: ৳ 96.00)
5972,Omnitrope,allopathic,omnitropesc-injection5-mg15-ml,SC Injection,Somatropin,5 mg/1.5 ml,SANDOZ (A Novartis Division),"1 Kit Pen: ৳ 20,690.03",
5971,Omnitrope,allopathic,omnitropesc-injection5-mg15-ml,SC Injection,Somatropin,5 mg/1.5 ml,SANDOZ (A Novartis Division),"1.5 ml cartridge: ৳ 9,090.29,(5's pack: ৳ 45,451.45),","(5's pack: ৳ 45,451.45)"
25926,Omnisef,allopathic,omnisefcapsule500-mg,Capsule,Cephradine,500 mg,Orbit Pharmaceuticals Ltd.,Unit Price: ৳ 14.00,
25925,Omnisef,allopathic,omnisefpowder-for-suspension125-mg5-ml,Powder for Suspension,Cephradine,125 mg/5 ml,Orbit Pharmaceuticals Ltd.,100 ml bottle: ৳ 80.00,
8281,Omnimycin,allopathic,omnimycincapsule500-mg,Capsule,Tetracycline Hydrochloride (Oral),500 mg,Desh Pharmaceuticals Ltd.,"Unit Price: ৳ 2.15,(100's pack: ৳ 215.00),",(100's pack: ৳ 215.00)
32165,Omniderm,allopathic,omnidermcream101,Cream,Econazole Nitrate + Triamcinolone Acetonide,1%+0.1%,Popular Pharmaceuticals Ltd.,15 gm tube: ৳ 65.00,
21049,Omniclear,allopathic,omnicleariv-injection350-mgml,IV Injection,Iohexol,350 mg/ml,Incepta Pharmaceuticals Ltd.,"50 ml bottle: ৳ 1,000.00,100 ml bottle: ৳ 1,900.00",
1903,Omizit,allopathic,omizitcapsule-delayed-release20-mg,Capsule (Delayed Release),Omeprazole,20 mg,The White Horse Pharma,"Unit Price: ৳ 4.00,(60's pack: ৳ 240.00),,Unit Price: ৳ 4.00,(100's pack: ৳ 400.00),","(60's pack: ৳ 240.00),(100's pack: ৳ 400.00)"
23006,Omixen,allopathic,omixencapsule-delayed-release20-mg,Capsule (Delayed Release),Omeprazole,20 mg,Allied Pharmaceuticals Ltd.,Unit Price: ৳ 5.00,
1902,Omitin,allopathic,omitincapsule-delayed-release40-mg,Capsule (Delayed Release),Omeprazole,40 mg,Nipa Pharmaceuticals Ltd.,"Unit Price: ৳ 7.00,(30's pack: ৳ 210.00),",(30's pack: ৳ 210.00)
1901,Omitin,allopathic,omitincapsule-delayed-release20-mg,Capsule (Delayed Release),Omeprazole,20 mg,Nipa Pharmaceuticals Ltd.,"Unit Price: ৳ 4.00,(100's pack: ৳ 400.00),",(100's pack: ৳ 400.00)
1900,Omitac,allopathic,omitaccapsule-delayed-release20-mg,Capsule (Delayed Release),Omeprazole,20 mg,Gaco Pharmaceuticals Ltd.,"Unit Price: ৳ 5.00,(100's pack: ৳ 500.00),",(100's pack: ৳ 500.00)
1899,Omirex,allopathic,omirexcapsule-delayed-release40-mg,Capsule (Delayed Release),Omeprazole,40 mg,Jayson Pharmaceuticals Ltd.,"Unit Price: ৳ 8.02,(20's pack: ৳ 160.40),",(20's pack: ৳ 160.40)
1898,Omirex,allopathic,omirexcapsule-delayed-release20-mg,Capsule (Delayed Release),Omeprazole,20 mg,Jayson Pharmaceuticals Ltd.,"Unit Price: ৳ 5.01,(100's pack: ৳ 501.00),",(100's pack: ৳ 501.00)
1897,Omiloc,allopathic,omiloccapsule-delayed-release20-mg,Capsule (Delayed Release),Omeprazole,20 mg,Kumudini Pharma Ltd.,"Unit Price: ৳ 5.00,(100's pack: ৳ 500.00),",(100's pack: ৳ 500.00)
23089,Omilux,allopathic,omiluxcapsule-delayed-release20-mg,Capsule (Delayed Release),Omeprazole,20 mg,Quality Pharmaceuticals Ltd.,"Unit Price: ৳ 5.00,(100's pack: ৳ 500.00),",(100's pack: ৳ 500.00)
1906,Omrazol,allopathic,omrazolcapsule-delayed-release40-mg,Capsule (Delayed Release),Omeprazole,40 mg,Ad-din Pharmaceuticals Ltd.,"Unit Price: ৳ 7.00,(20's pack: ৳ 140.00),",(20's pack: ৳ 140.00)
1905,Omrazol,allopathic,omrazolcapsule-delayed-release20-mg,Capsule (Delayed Release),Omeprazole,20 mg,Ad-din Pharmaceuticals Ltd.,"Unit Price: ৳ 4.50,(100's pack: ৳ 450.00),",(100's pack: ৳ 450.00)
1904,Ompa,allopathic,ompacapsule-delayed-release20-mg,Capsule (Delayed Release),Omeprazole,20 mg,Seema Pharmaceuticals Ltd.,"Unit Price: ৳ 5.00,(60's pack: ৳ 300.00),",(60's pack: ৳ 300.00)
30719,Omnivit,allopathic,omnivitcapsule,Capsule,Carbonyl Iron + Folic Acid + Zinc Sulfate + Vitamin B Complex + Vitamin C,,Beximco Pharmaceuticals Ltd.,"Unit Price: ৳ 3.50,(50's pack: ৳ 175.00),",(50's pack: ৳ 175.00)
23043,Omilant,allopathic,omilantcapsule-delayed-release20-mg,Capsule (Delayed Release),Omeprazole,20 mg,Guardian Healthcare Ltd.,"Unit Price: ৳ 5.02,(100's pack: ৳ 502.00),",(100's pack: ৳ 502.00)
1624,Omidon D,allopathic,omidon-ddispersible-tablet10-mg,Dispersible Tablet,Domperidone Maleate,10 mg,Incepta Pharmaceuticals Ltd.,"Unit Price: ৳ 2.00,(100's pack: ৳ 200.00),",(100's pack: ৳ 200.00)
1627,Omidon,allopathic,omidonoral-suspension5-mg5-ml,Oral Suspension,Domperidone Maleate,5 mg/5 ml,Incepta Pharmaceuticals Ltd.,"60 ml bottle: ৳ 35.00,100 ml bottle: ৳ 38.00",
1626,Omidon,allopathic,omidonpediatric-drops5-mgml,Pediatric Drops,Domperidone Maleate,5 mg/ml,Incepta Pharmaceuticals Ltd.,15 ml drop: ৳ 25.00,
1625,Omidon,allopathic,omidontablet10-mg,Tablet,Domperidone Maleate,10 mg,Incepta Pharmaceuticals Ltd.,"Unit Price: ৳ 3.00,(100's pack: ৳ 300.00),",(100's pack: ৳ 300.00)
1895,Omidex,allopathic,omidexcapsule-delayed-release20-mg,Capsule (Delayed Release),Omeprazole,20 mg,Modern Pharmaceuticals Ltd.,"Unit Price: ৳ 5.00,(100's pack: ৳ 500.00),",(100's pack: ৳ 500.00)
1623,Omid,allopathic,omidoral-suspension5-mg5-ml,Oral Suspension,Domperidone Maleate,5 mg/5 ml,Desh Pharmaceuticals Ltd.,60 ml bottle: ৳ 28.00,
1622,Omid,allopathic,omidtablet10-mg,Tablet,Domperidone Maleate,10 mg,Desh Pharmaceuticals Ltd.,"Unit Price: ৳ 1.50,(100's pack: ৳ 150.00),",(100's pack: ৳ 150.00)
3423,OMG-3,allopathic,omg-3capsule1000-mg,Capsule,Omega-3 Acid Ethyl Esters [Salmon Fish Oil],1000 mg,Drug International Ltd.,"Unit Price: ৳ 6.05,(30's pack: ৳ 181.50),",(30's pack: ৳ 181.50)
1892,Omezole,allopathic,omezolecapsule-delayed-release20-mg,Capsule (Delayed Release),Omeprazole,20 mg,Medimet Pharmaceuticals Ltd.,"Unit Price: ৳ 4.00,(50's pack: ৳ 200.00),,Unit Price: ৳ 4.00,(56's pack: ৳ 224.00),,Unit Price: ৳ 4.00,(100's pack: ৳ 400.00),","(50's pack: ৳ 200.00),(56's pack: ৳ 224.00),(100's pack: ৳ 400.00)"
14497,Onecal-D,allopathic,onecal-dtablet500-mg200-iu,Tablet,Calcium Carbonate [Elemental source] + Vitamin D3,500 mg+200 IU,One Pharma Ltd.,"Unit Price: ৳ 7.00,(30's pack: ৳ 210.00),",(30's pack: ৳ 210.00)
28000,One Gold,allopathic,one-goldtablet,Tablet,Multivitamin & Multimineral [A-Z gold preparation],,Apex Pharmaceuticals Ltd.,"Unit Price: ৳ 9.00,(30's pack: ৳ 270.00),",(30's pack: ৳ 270.00)
424,One Alpha,allopathic,one-alphacapsule025-mcg,Capsule,Alfacalcidol,0.25 mcg,Leo Pharmaceuticals Ltd.,"Unit Price: ৳ 15.00,(100's pack: ৳ 1,500.00),","(100's pack: ৳ 1,500.00)"
23144,Ondason,allopathic,ondasontablet8-mg,Tablet,Ondansetron,8 mg,Drug International Ltd.,"Unit Price: ৳ 10.05,(30's pack: ৳ 301.50),",(30's pack: ৳ 301.50)
4750,Ondason,allopathic,ondasonimiv-injection8-mg4-ml,IM/IV Injection,Ondansetron,8 mg/4 ml,Drug International Ltd.,"4 ml ampoule: ৳ 30.10,(3's pack: ৳ 90.30),",(3's pack: ৳ 90.30)
4749,Ondason,allopathic,ondasonoral-solution4-mg5-ml,Oral Solution,Ondansetron,4 mg/5 ml,Drug International Ltd.,50 ml bottle: ৳ 45.00,
30098,Ondan,allopathic,ondantablet8-mg,Tablet,Ondansetron,8 mg,UniMed UniHealth,"Unit Price: ৳ 11.00,(30's pack: ৳ 330.00),",(30's pack: ৳ 330.00)
27793,Ondamax,allopathic,ondamaxoral-solution4-mg5-ml,Oral Solution,Ondansetron,4 mg/5 ml,Somatec Pharmaceuticals Ltd.,50 ml bottle: ৳ 40.00,
27792,Ondamax,allopathic,ondamaxtablet8-mg,Tablet,Ondansetron,8 mg,Somatec Pharmaceuticals Ltd.,"Unit Price: ৳ 10.00,(30's pack: ৳ 300.00),",(30's pack: ৳ 300.00)
23147,Ondagen,allopathic,ondagenimiv-injection8-mg4-ml,IM/IV Injection,Ondansetron,8 mg/4 ml,General Pharmaceuticals Ltd.,"4 ml ampoule: ৳ 30.00,(5's pack: ৳ 150.00),",(5's pack: ৳ 150.00)
4747,Oncodex,allopathic,oncodeximiv-injection8-mg4-ml,IM/IV Injection,Ondansetron,8 mg/4 ml,Jayson Pharmaceuticals Ltd.,"4 ml ampoule: ৳ 25.17,(5's pack: ৳ 125.85),",(5's pack: ৳ 125.85)
4746,Oncodex,allopathic,oncodextablet8-mg,Tablet,Ondansetron,8 mg,Jayson Pharmaceuticals Ltd.,"Unit Price: ৳ 8.06,(30's pack: ৳ 241.80),",(30's pack: ৳ 241.80)
4745,Oncodex,allopathic,oncodextablet4-mg,Tablet,Ondansetron,4 mg,Jayson Pharmaceuticals Ltd.,"Unit Price: ৳ 4.54,(30's pack: ৳ 136.20),",(30's pack: ৳ 136.20)
27999,Onclav,allopathic,onclavtablet500-mg125-mg,Tablet,Amoxicillin + Clavulanic Acid,500 mg+125 mg,Apex Pharmaceuticals Ltd.,"Unit Price: ৳ 25.00,(20's pack: ৳ 500.00),",(20's pack: ৳ 500.00)
27998,Onclav,allopathic,onclavpowder-for-suspension125-mg3125-mg5-ml,Powder for Suspension,Amoxicillin + Clavulanic Acid,(125 mg+31.25 mg)/5 ml,Apex Pharmaceuticals Ltd.,100 ml bottle: ৳ 170.00,
3623,Onbrez Breezhaler,allopathic,onbrez-breezhalerinhalation-capsule150-mcg,Inhalation Capsule,Indacaterol Maleate,150 mcg,Novartis (Bangladesh) Ltd.,"Unit Price: ৳ 93.55,(30's pack: ৳ 2,806.58),","(30's pack: ৳ 2,806.58)"
14362,Onecal-M,allopathic,onecal-mtablet,Tablet,Calcium Carbonate + Vitamin D3 + Multimineral,,One Pharma Ltd.,"Unit Price: ৳ 6.50,(30's pack: ৳ 195.00),",(30's pack: ৳ 195.00)
28819,Onaxen,allopathic,onaxenoral-solution4-mg5-ml,Oral Solution,Ondansetron,4 mg/5 ml,Everest Pharmaceuticals Ltd.,50 ml bottle: ৳ 45.00,
4744,Onatron,allopathic,onatronoral-solution4-mg5-ml,Oral Solution,Ondansetron,4 mg/5 ml,Novelta Bestway Pharma Ltd.,50 ml bottle: ৳ 45.00,
4743,Onatron,allopathic,onatrontablet8-mg,Tablet,Ondansetron,8 mg,Novelta Bestway Pharma Ltd.,"Unit Price: ৳ 10.03,(30's pack: ৳ 300.90),",(30's pack: ৳ 300.90)
26890,Onasia,allopathic,onasiaoral-solution4-mg5-ml,Oral Solution,Ondansetron,4 mg/5 ml,Orion Pharma Ltd.,50 ml bottle: ৳ 45.14,
4742,Onasia,allopathic,onasiaimiv-injection8-mg4-ml,IM/IV Injection,Ondansetron,8 mg/4 ml,Orion Pharma Ltd.,"4 ml ampoule: ৳ 25.08,(5's pack: ৳ 125.40),",(5's pack: ৳ 125.40)
4740,Onasia,allopathic,onasiatablet8-mg,Tablet,Ondansetron,8 mg,Orion Pharma Ltd.,"Unit Price: ৳ 10.00,(30's pack: ৳ 300.00),",(30's pack: ৳ 300.00)
23153,Onaseron ODT,allopathic,onaseron-odtdispersible-tablet4-mg,Dispersible Tablet,Ondansetron,4 mg,Incepta Pharmaceuticals Ltd.,"Unit Price: ৳ 5.00,(30's pack: ৳ 150.00),",(30's pack: ৳ 150.00)
4739,Onaseron,allopathic,onaseronimiv-injection8-mg4-ml,IM/IV Injection,Ondansetron,8 mg/4 ml,Incepta Pharmaceuticals Ltd.,"4 ml ampoule: ৳ 25.00,(5's pack: ৳ 125.00),",(5's pack: ৳ 125.00)
4738,Onaseron,allopathic,onaseronoral-solution4-mg5-ml,Oral Solution,Ondansetron,4 mg/5 ml,Incepta Pharmaceuticals Ltd.,50 ml bottle: ৳ 45.00,
4737,Onaseron,allopathic,onaserontablet8-mg,Tablet,Ondansetron,8 mg,Incepta Pharmaceuticals Ltd.,"Unit Price: ৳ 10.00,(30's pack: ৳ 300.00),",(30's pack: ৳ 300.00)
24325,Onamis,allopathic,onamistablet8-mg,Tablet,Ondansetron,8 mg,Apex Pharmaceuticals Ltd.,"Unit Price: ৳ 10.00,(30's pack: ৳ 300.00),",(30's pack: ৳ 300.00)
1908,Omsec,allopathic,omseciv-injection40-mgvial,IV Injection,Omeprazole,40 mg/vial,Techno Drugs Ltd.,40 mg vial: ৳ 69.68,
1907,Omsec,allopathic,omseccapsule-delayed-release20-mg,Capsule (Delayed Release),Omeprazole,20 mg,Techno Drugs Ltd.,"Unit Price: ৳ 4.98,(60's pack: ৳ 298.80),",(60's pack: ৳ 298.80)
20999,Onriva Plus,allopathic,onriva-plusinhalation-capsule110-mcg50-mcg,Inhalation Capsule,Indacaterol + Glycopyrronium,110 mcg+50 mcg,Beximco Pharmaceuticals Ltd.,"Unit Price: ৳ 70.00,(30's pack: ৳ 2,100.00),","(30's pack: ৳ 2,100.00)"
21003,Onriva,allopathic,onrivainhalation-capsule150-mcg,Inhalation Capsule,Indacaterol Maleate,150 mcg,Beximco Pharmaceuticals Ltd.,"Unit Price: ৳ 35.00,(30's pack: ৳ 1,050.00),","(30's pack: ৳ 1,050.00)"
21002,Onriva,allopathic,onrivainhalation-capsule75-mcg,Inhalation Capsule,Indacaterol Maleate,75 mcg,Beximco Pharmaceuticals Ltd.,"Unit Price: ৳ 18.00,(30's pack: ৳ 540.00),",(30's pack: ৳ 540.00)
22120,Onmet,allopathic,onmettablet500-mg,Tablet,Metformin Hydrochloride,500 mg,Leon Pharmaceuticals Ltd.,"Unit Price: ৳ 3.00,(50's pack: ৳ 150.00),",(50's pack: ৳ 150.00)
22119,Onmet,allopathic,onmettablet850-mg,Tablet,Metformin Hydrochloride,850 mg,Leon Pharmaceuticals Ltd.,"Unit Price: ৳ 5.00,(30's pack: ৳ 150.00),",(30's pack: ৳ 150.00)
21372,Onlac,allopathic,onlacoral-solution335-gm5-ml,Oral Solution,Lactulose,3.35 gm/5 ml,One Pharma Ltd.,"100 ml bottle: ৳ 140.00,200 ml bottle: ৳ 240.00",
1441,Onium,allopathic,oniumsyrup10-mg5-ml,Syrup,Tiemonium Methylsulphate,10 mg/5 ml,Orion Pharma Ltd.,100 ml bottle: ৳ 85.26,
1440,Onium,allopathic,oniumimiv-injection5-mg2-ml,IM/IV Injection,Tiemonium Methylsulphate,5 mg/2 ml,Orion Pharma Ltd.,"2 ml ampoule: ৳ 25.08,(5's pack: ৳ 125.40),",(5's pack: ৳ 125.40)
1439,Onium,allopathic,oniumtablet50-mg,Tablet,Tiemonium Methylsulphate,50 mg,Orion Pharma Ltd.,"Unit Price: ৳ 6.02,(50's pack: ৳ 301.00),",(50's pack: ৳ 301.00)
10185,Onida,allopathic,onidaoral-suspension200-mg5-ml,Oral Suspension,Metronidazole,200 mg/5 ml,Mystic Pharmaceuticals Ltd.,60 ml bottle: ৳ 21.00,
10184,Onida,allopathic,onidatablet400-mg,Tablet,Metronidazole,400 mg,Mystic Pharmaceuticals Ltd.,"Unit Price: ৳ 1.00,(100's pack: ৳ 100.00),",(100's pack: ৳ 100.00)
9956,Onicon,allopathic,oniconpowder-for-suspension50-mg5-ml,Powder for Suspension,Fluconazole,50 mg/5 ml,Zenith Pharmaceuticals Ltd.,35 ml bottle: ৳ 65.00,
9955,Onicon,allopathic,onicontablet50-mg,Tablet,Fluconazole,50 mg,Zenith Pharmaceuticals Ltd.,"Unit Price: ৳ 6.00,(30's pack: ৳ 180.00),",(30's pack: ৳ 180.00)
13591,Onevit,allopathic,onevittablet100-mg,Tablet,Thiamine Hydrochloride,100 mg,Ad-din Pharmaceuticals Ltd.,"Unit Price: ৳ 0.74,(100's pack: ৳ 74.00),",(100's pack: ৳ 74.00)
28850,Onesol Advance,allopathic,onesol-advancehand-rub0570,Hand Rub,Chlorhexidine Gluconate + Isopropyl alcohol,0.5%+70%,One Pharma Ltd.,"100 ml bottle: ৳ 52.00,250 ml bottle: ৳ 130.00,500 ml bottle: ৳ 196.00,1000 ml bottle: ৳ 326.00",
28852,Onesol,allopathic,onesolhand-rub6635,Hand Rub,Ethanol + Isopropyl alcohol,66%+3.5%,One Pharma Ltd.,"100 ml bottle: ৳ 180.00,200 ml bottle: ৳ 270.00",
23131,Onsat OSF,allopathic,onsat-osforal-soluble-film4-mg,Oral Soluble Film,Ondansetron,4 mg,Beximco Pharmaceuticals Ltd.,"Unit Price: ৳ 12.00,(10's pack: ৳ 120.00),",(10's pack: ৳ 120.00)
4752,Onsat,allopathic,onsatimiv-injection8-mg4-ml,IM/IV Injection,Ondansetron,8 mg/4 ml,Beximco Pharmaceuticals Ltd.,"4 ml ampoule: ৳ 25.00,(5's pack: ৳ 125.00),",(5's pack: ৳ 125.00)
4751,Onsat,allopathic,onsattablet8-mg,Tablet,Ondansetron,8 mg,Beximco Pharmaceuticals Ltd.,"Unit Price: ৳ 10.00,(30's pack: ৳ 300.00),",(30's pack: ৳ 300.00)
32967,Onriva Trio,allopathic,onriva-trioinhalation-capsule150-mcg50-mcg160-mcg,Inhalation Capsule,Indacaterol + Glycopyrronium + Mometasone Furoate,150 mcg+50 mcg+160 mcg,Beximco Pharmaceuticals Ltd.,"30 capsule & 1 bexihaler device combipack: ৳ 2,300.00",
27092,Onepro,allopathic,oneprotablet-enteric-coated40-mg,Tablet (Enteric Coated),Esomeprazole,40 mg,One Pharma Ltd.,"Unit Price: ৳ 8.00,(30's pack: ৳ 240.00),",(30's pack: ৳ 240.00)
27091,Onepro,allopathic,oneprocapsule-delayed-release40-mg,Capsule (Delayed Release),Esomeprazole,40 mg,One Pharma Ltd.,"Unit Price: ৳ 9.00,(30's pack: ৳ 270.00),",(30's pack: ৳ 270.00)
26135,Onepro,allopathic,oneprotablet-enteric-coated20-mg,Tablet (Enteric Coated),Esomeprazole,20 mg,One Pharma Ltd.,"Unit Price: ৳ 5.00,(60's pack: ৳ 300.00),",(60's pack: ৳ 300.00)
26134,Onepro,allopathic,oneprocapsule-delayed-release20-mg,Capsule (Delayed Release),Esomeprazole,20 mg,One Pharma Ltd.,"Unit Price: ৳ 7.00,(60's pack: ৳ 420.00),",(60's pack: ৳ 420.00)
18779,Onefix,allopathic,onefixpowder-for-suspension100-mg5-ml,Powder for Suspension,Cefixime Trihydrate,100 mg/5 ml,NIPRO JMI Pharma Ltd.,"30 ml bottle: ৳ 135.00,50 ml bottle: ৳ 195.00",
18778,Onefix,allopathic,onefixcapsule400-mg,Capsule,Cefixime Trihydrate,400 mg,NIPRO JMI Pharma Ltd.,"Unit Price: ৳ 50.00,(8's pack: ৳ 400.00),",(8's pack: ৳ 400.00)
18777,Onefix,allopathic,onefixcapsule200-mg,Capsule,Cefixime Trihydrate,200 mg,NIPRO JMI Pharma Ltd.,"Unit Price: ৳ 35.00,(12's pack: ৳ 420.00),",(12's pack: ৳ 420.00)
32086,Onedex,allopathic,onedexcapsule-delayed-release60-mg,Capsule (Delayed Release),Dexlansoprazole,60 mg,One Pharma Ltd.,"Unit Price: ৳ 17.00,(30's pack: ৳ 510.00),",(30's pack: ৳ 510.00)
32085,Onedex,allopathic,onedexcapsule-delayed-release30-mg,Capsule (Delayed Release),Dexlansoprazole,30 mg,One Pharma Ltd.,"Unit Price: ৳ 10.00,(40's pack: ৳ 400.00),",(40's pack: ৳ 400.00)
25524,Onecof,allopathic,onecofsyrup15-mg5-ml,Syrup,Ambroxol Hydrochloride,15 mg/5 ml,One Pharma Ltd.,100 ml bottle: ৳ 45.00,
1150,Opanac,allopathic,opanacophthalmic-suspension01,Ophthalmic Suspension,Nepafenac,0.10%,Beximco Pharmaceuticals Ltd.,5 ml drop: ৳ 150.00,
25054,Opalgic,allopathic,opalgiccapsule50-mg,Capsule,Tramadol Hydrochloride,50 mg,Euro Pharma Ltd.,"Unit Price: ৳ 8.00,(50's pack: ৳ 400.00),",(50's pack: ৳ 400.00)
1915,Opal,allopathic,opaliv-injection40-mgvial,IV Injection,Omeprazole,40 mg/vial,Healthcare Pharmaceuticals Ltd.,40 mg vial: ৳ 95.00,
1914,Opal,allopathic,opalcapsule-delayed-release40-mg,Capsule (Delayed Release),Omeprazole,40 mg,Healthcare Pharmaceuticals Ltd.,"Unit Price: ৳ 8.00,(32's pack: ৳ 256.00),",(32's pack: ৳ 256.00)
1913,Opal,allopathic,opalcapsule-delayed-release20-mg,Capsule (Delayed Release),Omeprazole,20 mg,Healthcare Pharmaceuticals Ltd.,"Unit Price: ৳ 5.00,(60's pack: ৳ 300.00),,Unit Price: ৳ 5.00,(100's pack: ৳ 500.00),","(60's pack: ৳ 300.00),(100's pack: ৳ 500.00)"
1912,OP-40,allopathic,op-40iv-injection40-mgvial,IV Injection,Omeprazole,40 mg/vial,Globe Pharmaceuticals Ltd.,40 mg vial: ৳ 70.00,
1911,OP-40,allopathic,op-40capsule-delayed-release40-mg,Capsule (Delayed Release),Omeprazole,40 mg,Globe Pharmaceuticals Ltd.,"Unit Price: ৳ 8.00,(40's pack: ৳ 320.00),",(40's pack: ৳ 320.00)
1910,OP-20,allopathic,op-20capsule-delayed-release20-mg,Capsule (Delayed Release),Omeprazole,20 mg,Globe Pharmaceuticals Ltd.,"Unit Price: ৳ 4.75,(60's pack: ৳ 285.00),",(60's pack: ৳ 285.00)
1919,OP max,allopathic,op-maxcapsule-delayed-release40-mg,Capsule (Delayed Release),Omeprazole,40 mg,Concord Pharmaceuticals Ltd.,"Unit Price: ৳ 7.02,(40's pack: ৳ 280.80),",(40's pack: ৳ 280.80)
1918,OP max,allopathic,op-maxcapsule-delayed-release20-mg,Capsule (Delayed Release),Omeprazole,20 mg,Concord Pharmaceuticals Ltd.,"Unit Price: ৳ 5.02,(100's pack: ৳ 502.00),",(100's pack: ৳ 502.00)
27191,Onzid,allopathic,onzidtablet-modified-release30-mg,Tablet (Modified Release),Gliclazide,30 mg,Leon Pharmaceuticals Ltd.,"Unit Price: ৳ 6.00,(50's pack: ৳ 300.00),",(50's pack: ৳ 300.00)
5274,Onzid,allopathic,onzidtablet80-mg,Tablet,Gliclazide,80 mg,Leon Pharmaceuticals Ltd.,"Unit Price: ৳ 8.00,(50's pack: ৳ 400.00),",(50's pack: ৳ 400.00)
32213,Onvicon Plus,allopathic,onvicon-plusoral-suspension500-mg267-mg160-mg10-ml,Oral Suspension,Sodium Alginate + Sodium Bicarbonate + Calcium Carbonate,(500 mg+267 mg+160 mg)/10 ml,One Pharma Ltd.,200 ml bottle: ৳ 250.00,
27997,Onvicon,allopathic,onviconoral-suspension500-mg100-mg5-ml,Oral Suspension,Sodium Alginate + Potassium Bicarbonate,(500 mg+100 mg)/5 ml,One Pharma Ltd.,200 ml bottle: ৳ 150.00,
25565,Onvas,allopathic,onvastablet20-mg,Tablet,Atorvastatin Calcium,20 mg,One Pharma Ltd.,"Unit Price: ৳ 18.00,(20's pack: ৳ 360.00),",(20's pack: ৳ 360.00)
25564,Onvas,allopathic,onvastablet10-mg,Tablet,Atorvastatin Calcium,10 mg,One Pharma Ltd.,"Unit Price: ৳ 10.00,(30's pack: ৳ 300.00),",(30's pack: ৳ 300.00)
6134,Open,allopathic,opentablet250-mg,Tablet,Phenoxymethyl Penicillin [Penicillin V],250 mg,Opsonin Pharma Ltd.,"Unit Price: ৳ 2.28,(100's pack: ৳ 228.00),",(100's pack: ৳ 228.00)
24224,Opegus,allopathic,opeguscapsule200-mg,Capsule,Ribavirin,200 mg,Drug International Ltd.,"Unit Price: ৳ 25.00,(21's pack: ৳ 525.00),",(21's pack: ৳ 525.00)
15829,Opdex,allopathic,opdexophthalmic-solution0301,Ophthalmic Solution,Ciprofloxacin + Dexamethasone,0.3%+0.1%,Nipa Pharmaceuticals Ltd.,5 ml drop: ৳ 75.00,
16174,Opcol,allopathic,opcolophthalmic-solution0403,Ophthalmic Solution,Polyethylene Glycol + Propylene Glycol,0.4%+0.3%,ACME Laboratories Ltd.,10 ml drop: ৳ 150.44,
32631,Opcet,allopathic,opcetophthalmic-solution024,Ophthalmic Solution,Cetirizine Hydrochloride (Ophthalmic),0.24%,Ibn Sina Pharmaceuticals Ltd.,5 ml drop: ৳ 140.00,
19727,Opcare,allopathic,opcareophthalmic-solution0105,Ophthalmic Solution,Dexamethasone + Chloramphenicol,0.1%+0.5%,Chemist Laboratories  Ltd.,5 ml drop: ৳ 65.00,
22998,Opatin DS,allopathic,opatin-dsophthalmic-solution02,Ophthalmic Solution,Olopatadine Hydrochloride (Ophthalmic),0.20%,Opsonin Pharma Ltd.,5 ml drop: ৳ 150.57,
22996,Opatin,allopathic,opatinophthalmic-solution01,Ophthalmic Solution,Olopatadine Hydrochloride (Ophthalmic),0.10%,Opsonin Pharma Ltd.,5 ml drop: ৳ 110.00,
11977,Ontin,allopathic,ontinsyrup5-mg5-ml,Syrup,Cetirizine Hydrochloride,5 mg/5 ml,Eskayef Pharmaceuticals Ltd.,60 ml bottle: ৳ 30.00,
11976,Ontin,allopathic,ontintablet10-mg,Tablet,Cetirizine Hydrochloride,10 mg,Eskayef Pharmaceuticals Ltd.,"Unit Price: ৳ 3.00,(100's pack: ৳ 300.00),",(100's pack: ৳ 300.00)
23284,Ontaxel,allopathic,ontaxeliv-infusion6-mgml,IV Infusion,Paclitaxel,6 mg/ml,Drug International Ltd.,"30 mg vial: ৳ 1,500.00,100 mg vial: ৳ 2,500.00,300 mg vial: ৳ 7,500.00",
26872,Onstar ODT,allopathic,onstar-odtdispersible-tablet8-mg,Dispersible Tablet,Ondansetron,8 mg,Biopharma Laboratories Ltd.,"Unit Price: ৳ 10.00,(30's pack: ৳ 300.00),",(30's pack: ৳ 300.00)
26871,Onstar,allopathic,onstaroral-solution4-mg5-ml,Oral Solution,Ondansetron,4 mg/5 ml,Biopharma Laboratories Ltd.,50 ml bottle: ৳ 45.00,
23132,Onsat OSF,allopathic,onsat-osforal-soluble-film8-mg,Oral Soluble Film,Ondansetron,8 mg,Beximco Pharmaceuticals Ltd.,"Unit Price: ৳ 18.00,(10's pack: ৳ 180.00),",(10's pack: ৳ 180.00)
14692,Opsovit Z,allopathic,opsovit-zsyrup,Syrup,Vitamin B Complex + Zinc,,Opsonin Pharma Ltd.,"100 ml bottle: ৳ 50.15,200 ml bottle: ৳ 95.00",
14691,Opsovit Z,allopathic,opsovit-ztablet,Tablet,Vitamin B Complex + Zinc,,Opsonin Pharma Ltd.,"Unit Price: ৳ 3.00,(30's pack: ৳ 90.00),",(30's pack: ৳ 90.00)
14217,Opsovit MM,allopathic,opsovit-mmtablet,Tablet,Multivitamin & Multimineral,,Opsonin Pharma Ltd.,"Unit Price: ৳ 1.51,(30's pack: ৳ 45.30),",(30's pack: ৳ 45.30)
14215,Opsovit C,allopathic,opsovit-ccapsule,Capsule,Vitamin B complex + Vitamin C,,Opsonin Pharma Ltd.,"Unit Price: ৳ 3.01,(60's pack: ৳ 180.60),",(60's pack: ৳ 180.60)
13811,Opsovit,allopathic,opsovitimiv-injection,IM/IV Injection,Vitamin B complex,,Opsonin Pharma Ltd.,"2 ml ampoule: ৳ 10.00,(50's pack: ৳ 500.00),",(50's pack: ৳ 500.00)
13810,Opsovit,allopathic,opsovitsyrup,Syrup,Vitamin B complex,,Opsonin Pharma Ltd.,"100 ml bottle: ৳ 25.59,200 ml bottle: ৳ 42.77",
13809,Opsovit,allopathic,opsovittablet,Tablet,Vitamin B complex,,Opsonin Pharma Ltd.,"Unit Price: ৳ 0.62,(45's pack: ৳ 27.90),",(45's pack: ৳ 27.90)
8900,Opsophenicol,allopathic,opsophenicolophthalmic-ointment1,Ophthalmic Ointment,Chloramphenicol (Ophthalmic),1%,Opso Saline Ltd.,3 gm tube: ৳ 8.52,
8899,Opsophenicol,allopathic,opsophenicolophthalmic-solution05,Ophthalmic Solution,Chloramphenicol (Ophthalmic),0.50%,Opso Saline Ltd.,10 ml drop: ৳ 34.37,
4298,Opsonil,allopathic,opsonilim-injection50-mg2-ml,IM Injection,Chlorpromazine Hydrochloride,50 mg/2 ml,Opsonin Pharma Ltd.,"2 ml ampoule: ৳ 4.02,(25's pack: ৳ 100.50),",(25's pack: ৳ 100.50)
4297,Opsonil,allopathic,opsoniltablet100-mg,Tablet,Chlorpromazine Hydrochloride,100 mg,Opsonin Pharma Ltd.,"Unit Price: ৳ 1.01,(100's pack: ৳ 101.00),",(100's pack: ৳ 101.00)
4296,Opsonil,allopathic,opsoniltablet50-mg,Tablet,Chlorpromazine Hydrochloride,50 mg,Opsonin Pharma Ltd.,"Unit Price: ৳ 0.60,(100's pack: ৳ 60.00),",(100's pack: ৳ 60.00)
8880,Opsomycetin,allopathic,opsomycetinoral-suspension125-mg5-ml,Oral Suspension,Chloramphenicol (Oral),125 mg/5 ml,Opsonin Pharma Ltd.,60 ml bottle: ৳ 44.71,
3699,Opsocrom,allopathic,opsocromophthalmic-solution2,Ophthalmic Solution,Sodium Cromoglicate [2%],2%,Opso Saline Ltd.,10 ml drop: ৳ 65.00,
27738,Opso-Rinse,allopathic,opso-rinseirrigation-solution,Irrigation Solution,Balanced Salt Solution,,Opso Saline Ltd.,"100 ml bottle: ৳ 35.00,500 ml bottle: ৳ 45.00",
1920,Opra,allopathic,opracapsule-delayed-release20-mg,Capsule (Delayed Release),Omeprazole,20 mg,Cosmo Pharma Ltd.,"Unit Price: ৳ 4.03,(60's pack: ৳ 242.00),",(60's pack: ৳ 242.00)
16074,Optacarpine,allopathic,optacarpineophthalmic-solution2,Ophthalmic Solution,Pilocarpine Hydrochloride (Ophthalmic),2%,Popular Pharmaceuticals Ltd.,5 ml drop: ৳ 200.00,
8901,Optabac,allopathic,optabacophthalmic-solution05,Ophthalmic Solution,Chloramphenicol (Ophthalmic),0.50%,Popular Pharmaceuticals Ltd.,10 ml drop: ৳ 34.27,
13376,Opsovit ZI,allopathic,opsovit-zisyrup,Syrup,Iron Polymaltose Complex + Vitamin B Complex + Zinc,,Opsonin Pharma Ltd.,100 ml bottle: ৳ 50.35,
15773,Opler,allopathic,oplerophthalmic-solution01,Ophthalmic Solution,Dexamethasone (Ophthalmic),0.10%,Monicopharma Ltd.,5 ml drop: ৳ 70.00,
32917,Opiren,allopathic,opirencapsule-delayed-release30-mg,Capsule (Delayed Release),Dexlansoprazole,30 mg,Arges Life Science Limited,"Unit Price: ৳ 9.00,(30's pack: ৳ 270.00),",(30's pack: ৳ 270.00)
15462,Opifen,allopathic,opifeninjection100-mcg2-ml,Injection,Fentanyl Citrate,100 mcg/2 ml,Incepta Pharmaceuticals Ltd.,"2 ml ampoule: ৳ 40.00,(5's pack: ৳ 200.00),",(5's pack: ৳ 200.00)
15460,Opifen,allopathic,opifentablet100-mcg,Tablet,Fentanyl Citrate,100 mcg,Incepta Pharmaceuticals Ltd.,"Unit Price: ৳ 25.00,(30's pack: ৳ 750.00),",(30's pack: ৳ 750.00)
10742,Opidol,allopathic,opidolcapsule50-mg,Capsule,Tramadol Hydrochloride,50 mg,Navana Pharmaceuticals Ltd.,"Unit Price: ৳ 6.02,(30's pack: ৳ 180.60),",(30's pack: ৳ 180.60)
28764,Opezen-S,allopathic,opezen-soral-powder20-mgsachet,Oral Powder,Omeprazole,20 mg/sachet,Zenith Pharmaceuticals Ltd.,"20 mg sachet: ৳ 5.00,(20's pack: ৳ 100.00),",(20's pack: ৳ 100.00)
27824,Opezen,allopathic,opezentablet-enteric-coated40-mg,Tablet (Enteric Coated),Omeprazole,40 mg,Zenith Pharmaceuticals Ltd.,"Unit Price: ৳ 7.00,(20's pack: ৳ 140.00),",(20's pack: ৳ 140.00)
23115,Opezen,allopathic,opezentablet-enteric-coated20-mg,Tablet (Enteric Coated),Omeprazole,20 mg,Zenith Pharmaceuticals Ltd.,"Unit Price: ৳ 4.00,(60's pack: ৳ 240.00),",(60's pack: ৳ 240.00)
31423,Opexa,allopathic,opexatablet20-mg,Tablet,Bilastine,20 mg,Renata Limited,"Unit Price: ৳ 15.00,(30's pack: ৳ 450.00),",(30's pack: ৳ 450.00)
6136,Open,allopathic,openpowder-for-suspension125-mg5-ml,Powder for Suspension,Phenoxymethyl Penicillin [Penicillin V],125 mg/5 ml,Opsonin Pharma Ltd.,50 ml bottle: ৳ 24.73,
6135,Open,allopathic,opentablet500-mg,Tablet,Phenoxymethyl Penicillin [Penicillin V],500 mg,Opsonin Pharma Ltd.,"Unit Price: ৳ 4.59,(100's pack: ৳ 459.00),",(100's pack: ৳ 459.00)
9618,Optimox,allopathic,optimoxtablet400-mg,Tablet,Moxifloxacin Hydrochloride (Tablet),400 mg,Aristopharma Ltd.,"Unit Price: ৳ 40.00,(10's pack: ৳ 400.00),",(10's pack: ৳ 400.00)
4638,Optimin,allopathic,optimintablet25-mg50-mg,Tablet,Meclizine + Pyridoxine,25 mg+50 mg,Cosmic Pharma Ltd.,"Unit Price: ৳ 3.10,(50's pack: ৳ 155.00),",(50's pack: ৳ 155.00)
30497,Optimide,allopathic,optimideophthalmic-solution20,Ophthalmic Solution,Sulfacetamide sodium,20%,Jayson Pharmaceuticals Ltd.,10 ml drop: ৳ 22.40,
32727,Optilom,allopathic,optilomophthalmic-solution03,Ophthalmic Solution,Lomefloxacin (Ophthalmic),0.30%,Healthcare Pharmaceuticals Ltd.,5 ml drop: ৳ 80.00,
9604,Optiflox,allopathic,optifloxophthalmic-solution03,Ophthalmic Solution,Lomefloxacin (Ophthalmic),0.30%,Jayson Pharmaceuticals Ltd.,5 ml drop: ৳ 50.33,
18352,Optifen,allopathic,optifenophthalmic-solution009,Ophthalmic Solution,Bromfenac Sodium,0.09%,Globe Pharmaceuticals Ltd.,5 ml drop: ৳ 100.00,
15811,Opticol-D,allopathic,opticol-dophthalmic-solution0105,Ophthalmic Solution,Dexamethasone + Chloramphenicol,0.1%+0.5%,Asiatic Laboratories Ltd.,5 ml drop: ৳ 70.00,
8906,Opticol,allopathic,opticolophthalmic-solution05,Ophthalmic Solution,Chloramphenicol (Ophthalmic),0.50%,Asiatic Laboratories Ltd.,10 ml drop: ৳ 34.40,
27422,Optichlor,allopathic,optichlorophthalmic-ointment1,Ophthalmic Ointment,Chloramphenicol (Ophthalmic),1%,Jayson Pharmaceuticals Ltd.,5 gm tube: ৳ 12.09,
8905,Optichlor,allopathic,optichlorophthalmic-solution05,Ophthalmic Solution,Chloramphenicol (Ophthalmic),0.50%,Jayson Pharmaceuticals Ltd.,10 ml drop: ৳ 34.00,
16053,Optibet,allopathic,optibetophthalmic-solution025,Ophthalmic Solution,Betaxolol Hydrochloride,0.25%,Jayson Pharmaceuticals Ltd.,5 ml drop: ৳ 151.00,
28967,Opti Fusion,allopathic,opti-fusionophthalmic-solution0105,Ophthalmic Solution,Sodium Hyaluronate + Carboxymethylcellulose Sodium,0.1%+0.5%,Aristopharma Ltd.,10 ml drop: ৳ 220.00,
30601,Opthamet,allopathic,opthametophthalmic-solution005004,Ophthalmic Solution,Antazoline + Tetryzoline,0.05%+0.04%,Drug International Ltd.,10 ml drop: ৳ 110.35,
9603,Opthaflox,allopathic,opthafloxophthalmic-solution03,Ophthalmic Solution,Lomefloxacin (Ophthalmic),0.30%,Drug International Ltd.,5 ml drop: ৳ 60.20,
8904,Opthacol,allopathic,opthacolophthalmic-solution05,Ophthalmic Solution,Chloramphenicol (Ophthalmic),0.50%,Drug International Ltd.,10 ml drop: ৳ 30.10,
16177,Optear,allopathic,optearophthalmic-solution5-vv,Ophthalmic Solution,Povidone Iodine,5% v/v,Ibn Sina Pharmaceuticals Ltd.,10 ml drop: ৳ 90.00,
16201,Optavit,allopathic,optaviteye-capsule,Eye Capsule,"Vitamin C, Vitamin E, Lutein, Copper & Zinc",,Popular Pharmaceuticals Ltd.,"Unit Price: ৳ 10.00,(60's pack: ৳ 600.00),",(60's pack: ৳ 600.00)
8903,Optaphenicol,allopathic,optaphenicolophthalmic-ointment1,Ophthalmic Ointment,Chloramphenicol (Ophthalmic),1%,Reman Drug Laboratories Ltd.,3 gm tube: ৳ 10.00,
8902,Optaphenicol,allopathic,optaphenicolophthalmic-solution05,Ophthalmic Solution,Chloramphenicol (Ophthalmic),0.50%,Reman Drug Laboratories Ltd.,10 ml drop: ৳ 34.00,
16052,Optaloc,allopathic,optalocophthalmic-solution05,Ophthalmic Solution,Betaxolol Hydrochloride,0.50%,Popular Pharmaceuticals Ltd.,5 ml drop: ৳ 200.75,
16200,Optagold,allopathic,optagoldeye-capsule,Eye Capsule,"Vitamin C, Vitamin E, Lutein, Copper & Zinc",,Ibn Sina Pharmaceuticals Ltd.,"Unit Price: ৳ 10.00,(32's pack: ৳ 320.00),",(32's pack: ৳ 320.00)
16151,Optagel,allopathic,optagelviscoelastic-solution2,Viscoelastic Solution,Hydroxypropyl Methylcellulose,2%,Popular Pharmaceuticals Ltd.,"3 ml pre-filled syringe: ৳ 120.45,5 ml vial: ৳ 120.45",
16136,Optafresh,allopathic,optafreshophthalmic-solution0202,Ophthalmic Solution,Dextran + Hypromellose,0.2%+0.2%,Apex Pharmaceuticals Ltd.,10 ml drop: ৳ 80.00,
1153,Optafenac TS,allopathic,optafenac-tsophthalmic-suspension03,Ophthalmic Suspension,Nepafenac,0.30%,Popular Pharmaceuticals Ltd.,5 ml drop: ৳ 225.00,
1152,Optafenac,allopathic,optafenacophthalmic-suspension01,Ophthalmic Suspension,Nepafenac,0.10%,Popular Pharmaceuticals Ltd.,5 ml drop: ৳ 150.00,
22989,Optadin-DS,allopathic,optadin-dsophthalmic-solution02,Ophthalmic Solution,Olopatadine Hydrochloride (Ophthalmic),0.20%,Asiatic Laboratories Ltd.,5 ml drop: ৳ 150.00,
15990,Optadin,allopathic,optadinophthalmic-solution01,Ophthalmic Solution,Olopatadine Hydrochloride (Ophthalmic),0.10%,Asiatic Laboratories Ltd.,5 ml drop: ৳ 100.00,
15809,Optadex,allopathic,optadexophthalmic-solution0105,Ophthalmic Solution,Dexamethasone + Chloramphenicol,0.1%+0.5%,Reman Drug Laboratories Ltd.,5 ml drop: ৳ 70.26,
3700,Optacrom,allopathic,optacromophthalmic-solution2,Ophthalmic Solution,Sodium Cromoglicate [2%],2%,Reman Drug Laboratories Ltd.,10 ml drop: ৳ 60.23,
1272,Optacid,allopathic,optacidophthalmic-solution20,Ophthalmic Solution,Sulfacetamide sodium,20%,Reman Drug Laboratories Ltd.,10 ml drop: ৳ 45.00,
6140,Ora K,allopathic,ora-ktablet250-mg,Tablet,Phenoxymethyl Penicillin [Penicillin V],250 mg,Desh Pharmaceuticals Ltd.,"Unit Price: ৳ 1.70,(500's pack: ৳ 850.00),",(500's pack: ৳ 850.00)
25372,Or-C,allopathic,or-cchewable-tablet250-mg,Chewable Tablet,Vitamin C [Ascorbic acid],250 mg,Orbit Pharmaceuticals Ltd.,Unit Price: ৳ 1.31,
10236,OR,allopathic,ortablet500-mg,Tablet,Ornidazole,500 mg,Zenith Pharmaceuticals Ltd.,"Unit Price: ৳ 6.52,(30's pack: ৳ 195.60),",(30's pack: ৳ 195.60)
11979,Opzin,allopathic,opzinsyrup5-mg5-ml,Syrup,Cetirizine Hydrochloride,5 mg/5 ml,Pharmadesh Laboratories Ltd.,60 ml bottle: ৳ 22.00,
11978,Opzin,allopathic,opzintablet10-mg,Tablet,Cetirizine Hydrochloride,10 mg,Pharmadesh Laboratories Ltd.,"Unit Price: ৳ 1.50,(100's pack: ৳ 150.00),",(100's pack: ৳ 150.00)
26311,Opton,allopathic,optoniv-injection40-mgvial,IV Injection,Esomeprazole,40 mg/vial,Beximco Pharmaceuticals Ltd.,40 mg vial: ৳ 110.00,
26310,Opton,allopathic,optoncapsule-delayed-release40-mg,Capsule (Delayed Release),Esomeprazole,40 mg,Beximco Pharmaceuticals Ltd.,"Unit Price: ৳ 10.00,(30's pack: ৳ 300.00),",(30's pack: ৳ 300.00)
26126,Opton,allopathic,optoncapsule-delayed-release20-mg,Capsule (Delayed Release),Esomeprazole,20 mg,Beximco Pharmaceuticals Ltd.,"Unit Price: ৳ 7.00,(60's pack: ৳ 420.00),,Unit Price: ৳ 7.00,(100's pack: ৳ 700.00),","(60's pack: ৳ 420.00),(100's pack: ৳ 700.00)"
2093,Opton,allopathic,optontablet-enteric-coated40-mg,Tablet (Enteric Coated),Esomeprazole,40 mg,Beximco Pharmaceuticals Ltd.,"Unit Price: ৳ 8.00,(30's pack: ৳ 240.00),",(30's pack: ৳ 240.00)
2092,Opton,allopathic,optontablet-enteric-coated20-mg,Tablet (Enteric Coated),Esomeprazole,20 mg,Beximco Pharmaceuticals Ltd.,"Unit Price: ৳ 5.00,(60's pack: ৳ 300.00),",(60's pack: ৳ 300.00)
28908,Optivir,allopathic,optivirophthalmic-ointment3,Ophthalmic Ointment,Acyclovir (Ophthalmic),3%,Biopharma Laboratories Ltd.,5 gm tube: ৳ 100.00,
25547,Optivas,allopathic,optivastablet20-mg,Tablet,Atorvastatin Calcium,20 mg,Concord Pharmaceuticals Ltd.,"Unit Price: ৳ 18.05,(20's pack: ৳ 361.00),",(20's pack: ৳ 361.00)
25546,Optivas,allopathic,optivastablet10-mg,Tablet,Atorvastatin Calcium,10 mg,Concord Pharmaceuticals Ltd.,"Unit Price: ৳ 10.03,(30's pack: ৳ 300.90),",(30's pack: ৳ 300.90)
13017,Optison-N,allopathic,optison-nophthalmic-solution0105,Ophthalmic Solution,Betamethasone + Neomycin Sulphate (E/E),0.1%+0.5%,Opso Saline Ltd.,5 ml drop: ৳ 30.00,
13016,Optison-N,allopathic,optison-nophthalmic-ointment0105,Ophthalmic Ointment,Betamethasone + Neomycin Sulphate (E/E),0.1%+0.5%,Opso Saline Ltd.,3 gm tube: ৳ 10.54,
16178,Optirex,allopathic,optirexophthalmic-solution5-vv,Ophthalmic Solution,Povidone Iodine,5% v/v,Jayson Pharmaceuticals Ltd.,10 ml drop: ৳ 80.55,
25721,Orabis,allopathic,orabistablet5-mg,Tablet,Bisoprolol Hemifumarate,5 mg,Ibn Sina Pharmaceuticals Ltd.,"Unit Price: ৳ 10.00,(30's pack: ৳ 300.00),",(30's pack: ৳ 300.00)
25720,Orabis,allopathic,orabistablet25-mg,Tablet,Bisoprolol Hemifumarate,2.5 mg,Ibn Sina Pharmaceuticals Ltd.,"Unit Price: ৳ 6.00,(30's pack: ৳ 180.00),",(30's pack: ৳ 180.00)
28507,Orabex,allopathic,orabeximiv-injection,IM/IV Injection,Vitamin B complex,,Jayson Pharmaceuticals Ltd.,10 ml vial: ৳ 30.09,
13814,Orabex,allopathic,orabeximiv-injection,IM/IV Injection,Vitamin B complex,,Jayson Pharmaceuticals Ltd.,"2 ml ampoule: ৳ 11.31,(10's pack: ৳ 113.10),",(10's pack: ৳ 113.10)
13813,Orabex,allopathic,orabextablet,Tablet,Vitamin B complex,,Jayson Pharmaceuticals Ltd.,"Unit Price: ৳ 0.62,(100's pack: ৳ 62.00),",(100's pack: ৳ 62.00)
13812,Orabex,allopathic,orabexcapsule,Capsule,Vitamin B complex,,Jayson Pharmaceuticals Ltd.,"Unit Price: ৳ 1.00,(200's pack: ৳ 200.00),",(200's pack: ৳ 200.00)
6141,Ora K,allopathic,ora-kpowder-for-suspension125-mg5-ml,Powder for Suspension,Phenoxymethyl Penicillin [Penicillin V],125 mg/5 ml,Desh Pharmaceuticals Ltd.,50 ml bottle: ৳ 18.00,
9767,Optipeg-A,allopathic,optipeg-asc-injection180-mcg05-ml,SC Injection,Peginterferon alfa-2a [Pegylated Interferon alfa-2a],180 mcg/0.5 ml,Incepta Pharmaceuticals Ltd.,"0.5 ml pre-filled syringe: ৳ 9,800.00",
9766,Optipeg-A,allopathic,optipeg-asc-injection135-mcg05-ml,SC Injection,Peginterferon alfa-2a [Pegylated Interferon alfa-2a],135 mcg/0.5 ml,Incepta Pharmaceuticals Ltd.,"0.5 ml pre-filled syringe: ৳ 8,800.00",
3701,Optipan,allopathic,optipanophthalmic-solution2,Ophthalmic Solution,Sodium Cromoglicate [2%],2%,Jayson Pharmaceuticals Ltd.,10 ml drop: ৳ 50.92,
9648,Optimox XG,allopathic,optimox-xgophthalmic-solution0504,Ophthalmic Solution,Moxifloxacin Hydrochloride + Xanthan Gum,0.5%+0.4%,Aristopharma Ltd.,5 ml drop: ৳ 150.00,
32482,Optimox,allopathic,optimoxiv-infusion400-mg250-ml,IV Infusion,Moxifloxacin Hydrochloride (Injection),400 mg/250 ml,Aristopharma Ltd.,250 ml bottle: ৳ 350.00,
22681,Optimox,allopathic,optimoxophthalmic-ointment05,Ophthalmic Ointment,Moxifloxacin Hydrochloride (Ophthalmic),0.50%,Aristopharma Ltd.,5 gm tube: ৳ 130.00,
9647,Optimox,allopathic,optimoxophthalmic-solution05,Ophthalmic Solution,Moxifloxacin Hydrochloride (Ophthalmic),0.50%,Aristopharma Ltd.,5 ml drop: ৳ 140.00,
14693,Oral ZB,allopathic,oral-zbsyrup,Syrup,Vitamin B Complex + Zinc,,ACI Limited,100 ml bottle: ৳ 55.00,
15241,Oral Varelon,allopathic,oral-varelonpediatric-drops1-dose2-drop01-ml,Pediatric Drops,Oral Polio Vaccine,1 dose=2 drop=0.1 ml,CSL Behring,"5 dose ampoule: ৳ 96.53,(10's pack: ৳ 965.25),",(10's pack: ৳ 965.25)
32859,Oragon,allopathic,oragontablet150-mg,Tablet,Elagolix,150 mg,Renata Limited,"Unit Price: ৳ 170.00,(12's pack: ৳ 2,040.00),","(12's pack: ৳ 2,040.00)"
10016,Oragel-M,allopathic,oragel-moral-gel2-ww,Oral Gel,Miconazole Nitrate (Oral Gel),2% w/w,UniMed UniHealth,15 gm tube: ৳ 50.00,
11056,Orafen SR,allopathic,orafen-srtablet-sustained-release100-mg,Tablet (Sustained Release),Diclofenac Sodium,100 mg,Rangs Pharmaceuticals Ltd.,"Unit Price: ৳ 3.01,(50's pack: ৳ 150.50),",(50's pack: ৳ 150.50)
27817,Orafen Plus,allopathic,orafen-plusim-injection75-mg20-mg2-ml,IM Injection,Diclofenac Sodium + Lidocaine Hydrochloride,(75 mg+20 mg)/2 ml,Rangs Pharmaceuticals Ltd.,"2 ml ampoule: ৳ 15.05,(10's pack: ৳ 150.50),",(10's pack: ৳ 150.50)
9959,Oraf,allopathic,orafpowder-for-suspension50-mg5-ml,Powder for Suspension,Fluconazole,50 mg/5 ml,Hallmark Pharmaceuticals Ltd.,35 ml bottle: ৳ 70.21,
9958,Oraf,allopathic,orafcapsule150-mg,Capsule,Fluconazole,150 mg,Hallmark Pharmaceuticals Ltd.,"Unit Price: ৳ 20.06,(20's pack: ৳ 401.20),",(20's pack: ৳ 401.20)
9957,Oraf,allopathic,orafcapsule50-mg,Capsule,Fluconazole,50 mg,Hallmark Pharmaceuticals Ltd.,"Unit Price: ৳ 8.02,(30's pack: ৳ 240.60),",(30's pack: ৳ 240.60)
27579,Oradol,allopathic,oradolimiv-injection60-mg2-ml,IM/IV Injection,Ketorolac Tromethamine,60 mg/2 ml,Aristopharma Ltd.,2 ml ampoule: ৳ 95.00,
15363,Oradol,allopathic,oradolimiv-injection30-mgml,IM/IV Injection,Ketorolac Tromethamine,30 mg/ml,Aristopharma Ltd.,1 ml ampoule: ৳ 55.00,
15362,Oradol,allopathic,oradoltablet10-mg,Tablet,Ketorolac Tromethamine,10 mg,Aristopharma Ltd.,"Unit Price: ৳ 10.00,(30's pack: ৳ 300.00),",(30's pack: ৳ 300.00)
12297,Oradin Plus,allopathic,oradin-plustablet-extended-release10-mg240-mg,Tablet (Extended Release),Loratadine + Pseudoephedrine,10 mg+240 mg,Eskayef Pharmaceuticals Ltd.,"Unit Price: ৳ 7.00,(40's pack: ৳ 280.00),",(40's pack: ৳ 280.00)
12221,Oradin FT,allopathic,oradin-ftdispersible-tablet10-mg,Dispersible Tablet,Loratadine,10 mg,Eskayef Pharmaceuticals Ltd.,"Unit Price: ৳ 4.00,(40's pack: ৳ 160.00),",(40's pack: ৳ 160.00)
12220,Oradin,allopathic,oradinoral-suspension5-mg5-ml,Oral Suspension,Loratadine,5 mg/5 ml,Eskayef Pharmaceuticals Ltd.,60 ml bottle: ৳ 30.00,
12219,Oradin,allopathic,oradintablet10-mg,Tablet,Loratadine,10 mg,Eskayef Pharmaceuticals Ltd.,"Unit Price: ৳ 4.00,(100's pack: ৳ 400.00),",(100's pack: ৳ 400.00)
29518,Oralis,allopathic,oralismouthwash,Mouthwash,Menthol + Thymol + Eucalyptol  + Methyl Salicylate,,Opsonin Pharma Ltd.,"120 ml bottle: ৳ 75.22,250 ml bottle: ৳ 140.42",
29432,Oralis,allopathic,oralisoral-paste,Oral Paste,TTO Thermal Toothpaste,,"JEO MED, Turkey",75 gm tube: ৳ 650.00,
30829,Oralfresh,allopathic,oralfreshmouthwash,Mouthwash,Menthol + Thymol + Eucalyptol  + Methyl Salicylate,,Pharmasia Limited,"120 ml bottle: ৳ 80.00,250 ml bottle: ৳ 140.00",
2399,Oralax,allopathic,oralaxoral-solution335-gm5-ml,Oral Solution,Lactulose,3.35 gm/5 ml,Somatec Pharmaceuticals Ltd.,100 ml bottle: ৳ 140.00,
14571,Oral-Z,allopathic,oral-ztablet20-mg,Tablet,Zinc Sulfate Monohydrate,20 mg,ACI Limited,"Unit Price: ৳ 1.51,(50's pack: ৳ 75.50),",(50's pack: ৳ 75.50)
14570,Oral-Z,allopathic,oral-zsyrup10-mg5-ml,Syrup,Zinc Sulfate Monohydrate,10 mg/5 ml,ACI Limited,100 ml bottle: ৳ 26.18,
12841,Oral-C,allopathic,oral-cmouthwash02,Mouthwash,Chlorhexidine Gluconate [0.2%],0.20%,UniMed UniHealth,125 ml bottle: ৳ 75.00,
5772,Oradexon,allopathic,oradexontablet05-mg,Tablet,Dexamethasone,0.5 mg,Nuvista Pharma Ltd.,"Unit Price: ৳ 1.15,(500's pack: ৳ 575.00),",(500's pack: ৳ 575.00)
6139,Oracyn-K,allopathic,oracyn-kpowder-for-suspension125-mg5-ml,Powder for Suspension,Phenoxymethyl Penicillin [Penicillin V],125 mg/5 ml,Synovia pharma plc,50 ml bottle: ৳ 18.46,
6138,Oracyn-K,allopathic,oracyn-ktablet500-mg,Tablet,Phenoxymethyl Penicillin [Penicillin V],500 mg,Synovia pharma plc,"Unit Price: ৳ 4.44,(250's pack: ৳ 1,110.00),","(250's pack: ৳ 1,110.00)"
6137,Oracyn-K,allopathic,oracyn-ktablet250-mg,Tablet,Phenoxymethyl Penicillin [Penicillin V],250 mg,Synovia pharma plc,"Unit Price: ৳ 2.30,(300's pack: ৳ 690.00),,Unit Price: ৳ 2.30,(500's pack: ৳ 1,150.00),","(300's pack: ৳ 690.00),(500's pack: ৳ 1,150.00)"
14532,Oracal M,allopathic,oracal-mtablet,Tablet,Calcium Carbonate + Vitamin D3 + Multimineral,,Amico Laboratories Ltd.,"Unit Price: ৳ 4.00,(15's pack: ৳ 60.00),",(15's pack: ৳ 60.00)
14452,Oracal D,allopathic,oracal-dtablet500-mg200-iu,Tablet,Calcium Carbonate [Elemental source] + Vitamin D3,500 mg+200 IU,Amico Laboratories Ltd.,"Unit Price: ৳ 5.00,(30's pack: ৳ 150.00),",(30's pack: ৳ 150.00)
