brand id,brand name,type,slug,dosage form,generic,strength,manufacturer,package container,Package Size
14318,Oracal,allopathic,oracaltablet500-mg,Tablet,Calcium Carbonate,500 mg,Amico Laboratories Ltd.,"Unit Price: ৳ 2.00,(50's pack: ৳ 100.00),",(50's pack: ৳ 100.00)
22948,Orbas,allopathic,orbastablet20-mg,Tablet,Olmesartan Medoxomil,20 mg,ACME Laboratories Ltd.,"Unit Price: ৳ 8.03,(30's pack: ৳ 240.90),",(30's pack: ৳ 240.90)
17755,Orbapin,allopathic,orbapintablet5-mg40-mg,Tablet,Amlodipine Besilate + Olmesartan Medoxomil,5 mg+40 mg,ACME Laboratories Ltd.,"Unit Price: ৳ 15.00,(30's pack: ৳ 450.00),",(30's pack: ৳ 450.00)
17754,Orbapin,allopathic,orbapintablet5-mg20-mg,Tablet,Amlodipine Besilate + Olmesartan Medoxomil,5 mg+20 mg,ACME Laboratories Ltd.,"Unit Price: ৳ 9.50,(50's pack: ৳ 475.00),",(50's pack: ৳ 475.00)
13377,Orazinc-B,allopathic,orazinc-bsyrup,Syrup,Iron Polymaltose Complex + Vitamin B Complex + Zinc,,Navana Pharmaceuticals Ltd.,100 ml bottle: ৳ 50.35,
14574,Orazinc,allopathic,orazincsyrup10-mg5-ml,Syrup,Zinc Sulfate Monohydrate,10 mg/5 ml,Navana Pharmaceuticals Ltd.,100 ml bottle: ৳ 34.00,
14573,Orazinc,allopathic,orazinctablet20-mg,Tablet,Zinc Sulfate Monohydrate,20 mg,Navana Pharmaceuticals Ltd.,"Unit Price: ৳ 1.52,(30's pack: ৳ 45.61),",(30's pack: ৳ 45.61)
5255,Orazid,allopathic,orazidtablet80-mg,Tablet,Gliclazide,80 mg,Somatec Pharmaceuticals Ltd.,"Unit Price: ৳ 7.00,(30's pack: ৳ 210.00),",(30's pack: ৳ 210.00)
16326,Oratics,allopathic,oraticsdental-gel20-ww,Dental Gel,Benzocaine,20% w/w,ACME Laboratories Ltd.,5 gm tube: ৳ 40.12,
20624,Orasquin,allopathic,orasquintablet320-mg,Tablet,Gemifloxacin,320 mg,Incepta Pharmaceuticals Ltd.,"Unit Price: ৳ 65.00,(8's pack: ৳ 520.00),",(8's pack: ৳ 520.00)
14804,Orasol Saline,allopathic,orasol-salineoral-powder1395-gm,Oral Powder,Oral Rehydration Salt [Powder],13.95 gm,Sonear Laboratories Ltd.,"Unit Price: ৳ 3.20,(10's pack: ৳ 32.00),",(10's pack: ৳ 32.00)
3322,Oranex,allopathic,oranexcapsule500-mg,Capsule,Tranexamic Acid,500 mg,Orion Pharma Ltd.,"Unit Price: ৳ 15.04,(20's pack: ৳ 300.80),",(20's pack: ৳ 300.80)
23262,Oramycin,allopathic,oramycincapsule250-mg,Capsule,Oxytetracycline,250 mg,Desh Pharmaceuticals Ltd.,Unit Price: ৳ 1.40,
8323,Oramycin,allopathic,oramycintablet500-mg,Tablet,Oxytetracycline,500 mg,Desh Pharmaceuticals Ltd.,"Unit Price: ৳ 3.00,(20's pack: ৳ 60.00),",(20's pack: ৳ 60.00)
5466,Oramet-SR,allopathic,oramet-srtablet-sustained-release1000-mg,Tablet (Sustained Release),Metformin Hydrochloride,1000 mg,Drug International Ltd.,"Unit Price: ৳ 7.05,(30's pack: ৳ 211.50),",(30's pack: ৳ 211.50)
5465,Oramet-SR,allopathic,oramet-srtablet-sustained-release500-mg,Tablet (Sustained Release),Metformin Hydrochloride,500 mg,Drug International Ltd.,"Unit Price: ৳ 6.00,(50's pack: ৳ 300.00),",(50's pack: ৳ 300.00)
5662,Oramet Plus,allopathic,oramet-plustablet2-mg500-mg,Tablet,Rosiglitazone + Metformin Hydrochloride,2 mg+500 mg,Drug International Ltd.,"Unit Price: ৳ 7.00,(50's pack: ৳ 350.00),",(50's pack: ৳ 350.00)
15837,Orbidex G,allopathic,orbidex-gophthalmic-solution0301,Ophthalmic Solution,Gatifloxacin + Dexamethasone,0.3%+0.1%,Popular Pharmaceuticals Ltd.,5 ml drop: ৳ 120.00,
15812,Orbidex C,allopathic,orbidex-cophthalmic-solution0105,Ophthalmic Solution,Dexamethasone + Chloramphenicol,0.1%+0.5%,Popular Pharmaceuticals Ltd.,5 ml drop: ৳ 70.00,
19853,Orbidex,allopathic,orbidexophthalmic-ointment005,Ophthalmic Ointment,Dexamethasone (Ophthalmic),0.05%,Popular Pharmaceuticals Ltd.,3 gm tube: ৳ 60.00,
15774,Orbidex,allopathic,orbidexophthalmic-solution01,Ophthalmic Solution,Dexamethasone (Ophthalmic),0.10%,Popular Pharmaceuticals Ltd.,5 ml drop: ৳ 70.00,
25756,Orbical,allopathic,orbicaltablet500-mg,Tablet,Calcium Carbonate,500 mg,Orbit Pharmaceuticals Ltd.,Unit Price: ৳ 2.10,
25478,Orben,allopathic,orbenchewable-tablet400-mg,Chewable Tablet,Albendazole,400 mg,Orbit Pharmaceuticals Ltd.,Unit Price: ৳ 3.76,
22975,Orbas Plus,allopathic,orbas-plustablet20-mg125-mg,Tablet,Olmesartan Medoxomil + Hydrochlorothiazide,20 mg+12.5 mg,ACME Laboratories Ltd.,"Unit Price: ৳ 8.03,(30's pack: ৳ 240.90),",(30's pack: ৳ 240.90)
22949,Orbas,allopathic,orbastablet40-mg,Tablet,Olmesartan Medoxomil,40 mg,ACME Laboratories Ltd.,"Unit Price: ৳ 15.04,(30's pack: ৳ 451.20),",(30's pack: ৳ 451.20)
5464,Oramet,allopathic,oramettablet850-mg,Tablet,Metformin Hydrochloride,850 mg,Drug International Ltd.,"Unit Price: ৳ 6.00,(50's pack: ৳ 300.00),",(50's pack: ৳ 300.00)
5463,Oramet,allopathic,oramettablet500-mg,Tablet,Metformin Hydrochloride,500 mg,Drug International Ltd.,"Unit Price: ৳ 4.00,(50's pack: ৳ 200.00),",(50's pack: ৳ 200.00)
12843,Oralon,allopathic,oralonoral-gel1,Oral Gel,Chlorhexidine Gluconate [1%],1%,ACI Limited,30 gm tube: ৳ 55.17,
12842,Oralon,allopathic,oralonmouthwash02,Mouthwash,Chlorhexidine Gluconate [0.2%],0.20%,ACI Limited,100 ml bottle: ৳ 60.00,
29519,Oralis TTO,allopathic,oralis-ttotopical-spray,Topical Spray,Tea tree oil + Echinacea + Geothermal water,,"JEO MED, Turkey",25 ml bottle: ৳ 360.00,
28321,Oralis Cavicare,allopathic,oralis-cavicaremouthwash0022,Mouthwash,Sodium Fluoride (Mouthwash),0.02%,Opsonin Pharma Ltd.,"120 ml bottle: ৳ 80.24,250 ml bottle: ৳ 145.43",
27337,Orcon,allopathic,orconcapsule150-mg,Capsule,Fluconazole,150 mg,Team Pharmaceuticals Ltd.,"Unit Price: ৳ 22.00,(10's pack: ৳ 220.00),",(10's pack: ৳ 220.00)
27336,Orcon,allopathic,orconcapsule50-mg,Capsule,Fluconazole,50 mg,Team Pharmaceuticals Ltd.,"Unit Price: ৳ 7.50,(50's pack: ৳ 375.00),",(50's pack: ৳ 375.00)
9318,Orcipro,allopathic,orciprotablet500-mg,Tablet,Ciprofloxacin,500 mg,Organic Health Care Ltd.,"Unit Price: ৳ 14.05,(30's pack: ৳ 421.50),",(30's pack: ৳ 421.50)
18494,Orcical,allopathic,orcicaltablet740-mg,Tablet,Calcium Orotate,740 mg,Ibn Sina Pharmaceuticals Ltd.,"Unit Price: ৳ 10.00,(30's pack: ৳ 300.00),",(30's pack: ৳ 300.00)
14387,Orcical,allopathic,orcicaltablet400-mg,Tablet,Calcium Orotate,400 mg,Ibn Sina Pharmaceuticals Ltd.,"Unit Price: ৳ 8.00,(30's pack: ৳ 240.00),",(30's pack: ৳ 240.00)
64,Orcenac,allopathic,orcenactablet100-mg,Tablet,Aceclofenac,100 mg,Organic Health Care Ltd.,"Unit Price: ৳ 4.02,(50's pack: ৳ 201.00),",(50's pack: ৳ 201.00)
18798,Orcef DS,allopathic,orcef-dspowder-for-suspension200-mg5-ml,Powder for Suspension,Cefixime Trihydrate,200 mg/5 ml,Renata Limited,50 ml bottle: ৳ 280.00,
31420,Orcef,allopathic,orcefpediatric-drops25-mgml,Pediatric Drops,Cefixime Trihydrate,25 mg/ml,Renata Limited,21 ml bottle: ৳ 100.00,
18797,Orcef,allopathic,orcefcapsule400-mg,Capsule,Cefixime Trihydrate,400 mg,Renata Limited,"Unit Price: ৳ 50.00,(12's pack: ৳ 600.00),",(12's pack: ৳ 600.00)
7616,Orcef,allopathic,orcefpowder-for-suspension100-mg5-ml,Powder for Suspension,Cefixime Trihydrate,100 mg/5 ml,Renata Limited,"30 ml bottle: ৳ 135.51,40 ml bottle: ৳ 155.58,50 ml bottle: ৳ 195.74,70 ml bottle: ৳ 225.00",
7615,Orcef,allopathic,orcefcapsule200-mg,Capsule,Cefixime Trihydrate,200 mg,Renata Limited,"Unit Price: ৳ 35.00,(16's pack: ৳ 560.00),",(16's pack: ৳ 560.00)
7614,Orcef,allopathic,orceftablet400-mg,Tablet,Cefixime Trihydrate,400 mg,Renata Limited,"Unit Price: ৳ 50.19,(12's pack: ৳ 602.28),",(12's pack: ৳ 602.28)
7613,Orcef,allopathic,orceftablet200-mg,Tablet,Cefixime Trihydrate,200 mg,Renata Limited,"Unit Price: ৳ 35.00,(12's pack: ৳ 420.00),",(12's pack: ৳ 420.00)
26923,Orc,allopathic,orcimiv-injection60-mg2-ml,IM/IV Injection,Ketorolac Tromethamine,60 mg/2 ml,Navana Pharmaceuticals Ltd.,"2 ml ampoule: ৳ 95.30,(3's pack: ৳ 285.90),",(3's pack: ৳ 285.90)
15365,Orc,allopathic,orcimiv-injection30-mgml,IM/IV Injection,Ketorolac Tromethamine,30 mg/ml,Navana Pharmaceuticals Ltd.,"1 ml ampoule: ৳ 55.16,(6's pack: ৳ 330.97),",(6's pack: ৳ 330.97)
15364,Orc,allopathic,orctablet10-mg,Tablet,Ketorolac Tromethamine,10 mg,Navana Pharmaceuticals Ltd.,"Unit Price: ৳ 10.07,(30's pack: ৳ 302.15),",(30's pack: ৳ 302.15)
18772,Orfix DS,allopathic,orfix-dspowder-for-suspension200-mg5-ml,Powder for Suspension,Cefixime Trihydrate,200 mg/5 ml,Mystic Pharmaceuticals Ltd.,50 ml bottle: ৳ 250.00,
7617,Orfix,allopathic,orfixcapsule200-mg,Capsule,Cefixime Trihydrate,200 mg,Mystic Pharmaceuticals Ltd.,"Unit Price: ৳ 45.00,(4's pack: ৳ 180.00),",(4's pack: ৳ 180.00)
11059,Orfenac TR,allopathic,orfenac-trcapsule-timed-release100-mg,Capsule (Timed Release),Diclofenac Sodium,100 mg,Orion Pharma Ltd.,"Unit Price: ৳ 3.01,(50's pack: ৳ 150.50),",(50's pack: ৳ 150.50)
11060,Orfenac Plus,allopathic,orfenac-plusim-injection75-mg20-mg2-ml,IM Injection,Diclofenac Sodium + Lidocaine Hydrochloride,(75 mg+20 mg)/2 ml,Orion Pharma Ltd.,"2 ml ampoule: ৳ 9.06,(10's pack: ৳ 90.60),",(10's pack: ৳ 90.60)
7300,Orextil,allopathic,orextiltablet500-mg,Tablet,Cefuroxime Axetil,500 mg,Monicopharma Ltd.,"Unit Price: ৳ 45.00,(12's pack: ৳ 540.00),",(12's pack: ৳ 540.00)
7299,Orextil,allopathic,orextiltablet250-mg,Tablet,Cefuroxime Axetil,250 mg,Monicopharma Ltd.,"Unit Price: ৳ 25.00,(12's pack: ৳ 300.00),",(12's pack: ৳ 300.00)
27582,Orbuten,allopathic,orbutenpowder-for-suspension90-mg5-ml,Powder for Suspension,Ceftibuten Dihydrate,90 mg/5 ml,Aristopharma Ltd.,60 ml bottle: ৳ 480.00,
27581,Orbuten,allopathic,orbutencapsule400-mg,Capsule,Ceftibuten Dihydrate,400 mg,Aristopharma Ltd.,"Unit Price: ৳ 120.00,(8's pack: ৳ 960.00),",(8's pack: ৳ 960.00)
22411,Orbizol,allopathic,orbizoloral-suspension200-mg5-ml,Oral Suspension,Metronidazole,200 mg/5 ml,Orbit Pharmaceuticals Ltd.,60 ml bottle: ৳ 25.00,
22410,Orbizol,allopathic,orbizoltablet400-mg,Tablet,Metronidazole,400 mg,Orbit Pharmaceuticals Ltd.,Unit Price: ৳ 1.00,
18782,Orbixim,allopathic,orbiximpowder-for-suspension100-mg5-ml,Powder for Suspension,Cefixime Trihydrate,100 mg/5 ml,Orbit Pharmaceuticals Ltd.,50 ml bottle: ৳ 160.00,
18780,Orbixim,allopathic,orbiximcapsule200-mg,Capsule,Cefixime Trihydrate,200 mg,Orbit Pharmaceuticals Ltd.,Unit Price: ৳ 25.00,
19738,Orbidex T,allopathic,orbidex-tophthalmic-solution0103,Ophthalmic Solution,Dexamethasone + Tobramycin,0.1%+0.3%,Popular Pharmaceuticals Ltd.,5 ml drop: ৳ 150.00,
15850,Orbidex T,allopathic,orbidex-tophthalmic-ointment0103,Ophthalmic Ointment,Dexamethasone + Tobramycin,0.1%+0.3%,Popular Pharmaceuticals Ltd.,3 gm tube: ৳ 90.00,
8030,Oricef,allopathic,oricefiv-injection250-mgvial,IV Injection,Ceftriaxone Sodium,250 mg/vial,Healthcare Pharmaceuticals Ltd.,250 mg: ৳ 130.00,
8029,Oricef,allopathic,oricefim-injection1-gmvial,IM Injection,Ceftriaxone Sodium,1 gm/vial,Healthcare Pharmaceuticals Ltd.,1 gm vial: ৳ 320.00,
8028,Oricef,allopathic,oricefim-injection500-mgvial,IM Injection,Ceftriaxone Sodium,500 mg/vial,Healthcare Pharmaceuticals Ltd.,500 mg vial: ৳ 200.00,
8027,Oricef,allopathic,oricefim-injection250-mgvial,IM Injection,Ceftriaxone Sodium,250 mg/vial,Healthcare Pharmaceuticals Ltd.,250 mg: ৳ 130.00,
11981,Orgy,allopathic,orgysyrup5-mg5-ml,Syrup,Cetirizine Hydrochloride,5 mg/5 ml,Kumudini Pharma Ltd.,60 ml bottle: ৳ 20.00,
11980,Orgy,allopathic,orgytablet10-mg,Tablet,Cetirizine Hydrochloride,10 mg,Kumudini Pharma Ltd.,"Unit Price: ৳ 3.00,(100's pack: ৳ 300.00),",(100's pack: ৳ 300.00)
20690,Orgic,allopathic,orgictablet80-mg,Tablet,Gliclazide,80 mg,Orbit Pharmaceuticals Ltd.,Unit Price: ৳ 5.00,
25648,Orgazith,allopathic,orgazithtablet500-mg,Tablet,Azithromycin Dihydrate,500 mg,Organic Health Care Ltd.,"Unit Price: ৳ 34.00,(12's pack: ৳ 408.00),",(12's pack: ৳ 408.00)
8670,Orgazith,allopathic,orgazithpowder-for-suspension200-mg5-ml,Powder for Suspension,Azithromycin Dihydrate,200 mg/5 ml,Organic Health Care Ltd.,"20 ml bottle: ৳ 85.26,35 ml bottle: ৳ 130.39,50 ml bottle: ৳ 185.56",
8668,Orgazith,allopathic,orgazithcapsule250-mg,Capsule,Azithromycin Dihydrate,250 mg,Organic Health Care Ltd.,"Unit Price: ৳ 20.06,(12's pack: ৳ 240.72),",(12's pack: ৳ 240.72)
14575,Orgazinc,allopathic,orgazincsyrup10-mg5-ml,Syrup,Zinc Sulfate Monohydrate,10 mg/5 ml,Organic Health Care Ltd.,100 ml bottle: ৳ 35.11,
7621,Orgaxim,allopathic,orgaximpowder-for-suspension100-mg5-ml,Powder for Suspension,Cefixime Trihydrate,100 mg/5 ml,Organic Health Care Ltd.,"50 ml bottle: ৳ 195.59,75 ml bottle: ৳ 240.72",
7620,Orgaxim,allopathic,orgaximcapsule400-mg,Capsule,Cefixime Trihydrate,400 mg,Organic Health Care Ltd.,"Unit Price: ৳ 50.15,(8's pack: ৳ 401.20),",(8's pack: ৳ 401.20)
7619,Orgaxim,allopathic,orgaximcapsule200-mg,Capsule,Cefixime Trihydrate,200 mg,Organic Health Care Ltd.,"Unit Price: ৳ 35.00,(12's pack: ৳ 420.00),",(12's pack: ৳ 420.00)
5899,Orgatril,allopathic,orgatriltablet5-mg,Tablet,Lynestrenol,5 mg,Nuvista Pharma Ltd.,"Unit Price: ৳ 11.58,(30's pack: ৳ 347.40),",(30's pack: ৳ 347.40)
6611,Orgamox,allopathic,orgamoxcapsule500-mg,Capsule,Amoxicillin Trihydrate,500 mg,Organic Health Care Ltd.,"Unit Price: ৳ 6.76,(50's pack: ৳ 338.00),",(50's pack: ৳ 338.00)
11210,Oricox,allopathic,oricoxtablet90-mg,Tablet,Etoricoxib,90 mg,Incepta Pharmaceuticals Ltd.,"Unit Price: ৳ 12.00,(30's pack: ৳ 360.00),",(30's pack: ৳ 360.00)
11209,Oricox,allopathic,oricoxtablet60-mg,Tablet,Etoricoxib,60 mg,Incepta Pharmaceuticals Ltd.,"Unit Price: ৳ 7.00,(30's pack: ৳ 210.00),",(30's pack: ৳ 210.00)
26107,Oricef,allopathic,oricefiv-injection2-gmvial,IV Injection,Ceftriaxone Sodium,2 gm/vial,Healthcare Pharmaceuticals Ltd.,2 gm vial: ৳ 490.00,
8032,Oricef,allopathic,oricefiv-injection1-gmvial,IV Injection,Ceftriaxone Sodium,1 gm/vial,Healthcare Pharmaceuticals Ltd.,1 gm vial: ৳ 320.00,
8031,Oricef,allopathic,oricefiv-injection500-mgvial,IV Injection,Ceftriaxone Sodium,500 mg/vial,Healthcare Pharmaceuticals Ltd.,500 mg: ৳ 200.00,
6610,Orgamox,allopathic,orgamoxcapsule250-mg,Capsule,Amoxicillin Trihydrate,250 mg,Organic Health Care Ltd.,"Unit Price: ৳ 3.54,(100's pack: ৳ 354.00),",(100's pack: ৳ 354.00)
9514,Orgalev,allopathic,orgalevtablet500-mg,Tablet,Levofloxacin Hemihydrate,500 mg,Organic Health Care Ltd.,"Unit Price: ৳ 15.05,(30's pack: ৳ 451.50),",(30's pack: ৳ 451.50)
6368,Orgaflu,allopathic,orgaflucapsule500-mg,Capsule,Flucloxacillin Sodium,500 mg,Organic Health Care Ltd.,"Unit Price: ৳ 10.53,(40's pack: ৳ 421.20),",(40's pack: ৳ 421.20)
6367,Orgaflu,allopathic,orgaflucapsule250-mg,Capsule,Flucloxacillin Sodium,250 mg,Organic Health Care Ltd.,"Unit Price: ৳ 5.58,(60's pack: ৳ 334.80),",(60's pack: ৳ 334.80)
11061,Orgafen TR,allopathic,orgafen-trcapsule-timed-release100-mg,Capsule (Timed Release),Diclofenac Sodium,100 mg,Organic Health Care Ltd.,"Unit Price: ৳ 3.01,(100's pack: ৳ 301.00),",(100's pack: ৳ 301.00)
6950,Orgacef,allopathic,orgacefpowder-for-suspension125-mg5-ml,Powder for Suspension,Cephradine,125 mg/5 ml,Organic Health Care Ltd.,100 ml bottle: ৳ 80.24,
6949,Orgacef,allopathic,orgacefcapsule500-mg,Capsule,Cephradine,500 mg,Organic Health Care Ltd.,"Unit Price: ৳ 12.54,(20's pack: ৳ 250.80),",(20's pack: ৳ 250.80)
6948,Orgacef,allopathic,orgacefcapsule250-mg,Capsule,Cephradine,250 mg,Organic Health Care Ltd.,"Unit Price: ৳ 6.52,(28's pack: ৳ 182.56),",(28's pack: ৳ 182.56)
13686,Orgabion,allopathic,orgabiontablet100-mg200-mg200-mcg,Tablet,"Vitamin B1, B6 & B12",100 mg+200 mg+200 mcg,Organic Health Care Ltd.,"Unit Price: ৳ 7.00,(50's pack: ৳ 350.00),",(50's pack: ৳ 350.00)
21806,Orlo,allopathic,orlooral-suspension5-mg5-ml,Oral Suspension,Loratadine,5 mg/5 ml,Orbit Pharmaceuticals Ltd.,60 ml bottle: ৳ 25.00,
21805,Orlo,allopathic,orlotablet10-mg,Tablet,Loratadine,10 mg,Orbit Pharmaceuticals Ltd.,Unit Price: ৳ 2.60,
32966,Orlifit,allopathic,orlifitcapsule60-mg,Capsule,Orlistat,60 mg,Opsonin Pharma Ltd.,"Unit Price: ৳ 30.00,(24's pack: ৳ 720.00),",(24's pack: ৳ 720.00)
27061,Orlifit,allopathic,orlifitcapsule120-mg,Capsule,Orlistat,120 mg,Opsonin Pharma Ltd.,"Unit Price: ৳ 50.00,(12's pack: ৳ 600.00),",(12's pack: ৳ 600.00)
27754,Orlev,allopathic,orlevtablet500-mg,Tablet,Levofloxacin Hemihydrate,500 mg,Orion Pharma Ltd.,"Unit Price: ৳ 15.10,(20's pack: ৳ 302.00),",(20's pack: ৳ 302.00)
26898,Orlev,allopathic,orlevtablet500-mg,Tablet,Levofloxacin Hemihydrate,500 mg,Orion Infusion Ltd.,"Unit Price: ৳ 15.01,(20's pack: ৳ 300.28),",(20's pack: ৳ 300.28)
26897,Orlev,allopathic,orlevtablet250-mg,Tablet,Levofloxacin Hemihydrate,250 mg,Orion Infusion Ltd.,"Unit Price: ৳ 7.99,(20's pack: ৳ 159.83),",(20's pack: ৳ 159.83)
9516,Orlev,allopathic,orleviv-infusion500-mg100-ml,IV Infusion,Levofloxacin Hemihydrate,500 mg/100 ml,Orion Infusion Ltd.,100 ml bottle: ৳ 100.00,
27616,Orizone,allopathic,orizoneiv-injection2-gmvial,IV Injection,Ceftriaxone Sodium,2 gm/vial,Pharmacil Limited,"2 gm vial: ৳ 501.50,(5's pack: ৳ 2,507.50),","(5's pack: ৳ 2,507.50)"
27615,Orizone,allopathic,orizoneiv-injection1-gmvial,IV Injection,Ceftriaxone Sodium,1 gm/vial,Pharmacil Limited,"1 gm vial: ৳ 290.87,(5's pack: ৳ 1,454.35),","(5's pack: ৳ 1,454.35)"
27614,Orizone,allopathic,orizoneiv-injection500-mgvial,IV Injection,Ceftriaxone Sodium,500 mg/vial,Pharmacil Limited,"500 mg vial: ৳ 200.60,(5's pack: ৳ 1,003.00),","(5's pack: ৳ 1,003.00)"
14218,Orioplex-M,allopathic,orioplex-mtablet,Tablet,Multivitamin & Multimineral,,Orion Pharma Ltd.,"Unit Price: ৳ 1.81,(30's pack: ৳ 54.30),",(30's pack: ৳ 54.30)
13816,Orioplex,allopathic,orioplexsyrup,Syrup,Vitamin B complex,,Orion Pharma Ltd.,"100 ml bottle: ৳ 35.65,200 ml bottle: ৳ 62.19",
13815,Orioplex,allopathic,orioplextablet,Tablet,Vitamin B complex,,Orion Pharma Ltd.,"Unit Price: ৳ 0.51,(45's pack: ৳ 22.95),",(45's pack: ৳ 22.95)
8364,Oriodox,allopathic,oriodoxcapsule100-mg,Capsule,Doxycycline Hydrochloride,100 mg,Orion Pharma Ltd.,"Unit Price: ৳ 2.12,(100's pack: ৳ 212.00),",(100's pack: ৳ 212.00)
19804,Orinil,allopathic,oriniltablet5-mg,Tablet,Diazepam,5 mg,Doctor’s Chemical Works Ltd.,"Unit Price: ৳ 0.21,(100's pack: ৳ 21.00),",(100's pack: ৳ 21.00)
5467,Ormin,allopathic,ormintablet500-mg,Tablet,Metformin Hydrochloride,500 mg,Orion Pharma Ltd.,"Unit Price: ৳ 3.01,(50's pack: ৳ 150.50),",(50's pack: ৳ 150.50)
10017,Ormico,allopathic,ormicooral-gel2-ww,Oral Gel,Miconazole Nitrate (Oral Gel),2% w/w,Pacific Pharmaceuticals Ltd.,15 gm tube: ৳ 60.00,
10216,Ormet,allopathic,ormettablet400-mg,Tablet,Metronidazole,400 mg,Belsen Pharmaceuticals Ltd.,"Unit Price: ৳ 1.12,(100's pack: ৳ 112.00),",(100's pack: ৳ 112.00)
10215,Ormet,allopathic,ormetoral-suspension200-mg5-ml,Oral Suspension,Metronidazole,200 mg/5 ml,Belsen Pharmaceuticals Ltd.,60 ml bottle: ৳ 20.00,
12269,Orinex,allopathic,orinextablet5-mg,Tablet,Desloratadine,5 mg,ACME Laboratories Ltd.,"Unit Price: ৳ 2.52,(100's pack: ৳ 252.00),",(100's pack: ৳ 252.00)
21798,Orin,allopathic,orinoral-suspension5-mg5-ml,Oral Suspension,Loratadine,5 mg/5 ml,ACME Laboratories Ltd.,"60 ml bottle: ৳ 26.17,100 ml bottle: ৳ 40.00",
12222,Orin,allopathic,orintablet10-mg,Tablet,Loratadine,10 mg,ACME Laboratories Ltd.,"Unit Price: ৳ 3.01,(100's pack: ৳ 301.00),",(100's pack: ৳ 301.00)
32270,Orili,allopathic,orilitablet200-mg,Tablet,Elagolix,200 mg,Square Pharmaceuticals Ltd.,"Unit Price: ৳ 235.00,(12's pack: ৳ 2,820.00),","(12's pack: ৳ 2,820.00)"
32858,Origolix,allopathic,origolixtablet150-mg,Tablet,Elagolix,150 mg,Incepta Pharmaceuticals Ltd.,Unit Price: ৳ 180.00,
32857,Origolix,allopathic,origolixtablet200-mg,Tablet,Elagolix,200 mg,Incepta Pharmaceuticals Ltd.,"Unit Price: ৳ 235.00,(10's pack: ৳ 2,350.00),","(10's pack: ৳ 2,350.00)"
26236,Origano DR,allopathic,origano-drtablet-delayed-release360-mg,Tablet (Delayed Release),Mycophenolic acid,360 mg,Incepta Pharmaceuticals Ltd.,"Unit Price: ৳ 90.00,(12's pack: ৳ 1,080.00),","(12's pack: ৳ 1,080.00)"
26235,Origano DR,allopathic,origano-drtablet-delayed-release180-mg,Tablet (Delayed Release),Mycophenolic acid,180 mg,Incepta Pharmaceuticals Ltd.,"Unit Price: ৳ 50.00,(16's pack: ৳ 800.00),",(16's pack: ৳ 800.00)
65,Orifen,allopathic,orifentablet100-mg,Tablet,Aceclofenac,100 mg,Silva Pharmaceuticals Ltd.,"Unit Price: ৳ 2.51,(100's pack: ৳ 251.00),",(100's pack: ৳ 251.00)
11211,Oricox,allopathic,oricoxtablet120-mg,Tablet,Etoricoxib,120 mg,Incepta Pharmaceuticals Ltd.,"Unit Price: ৳ 14.00,(20's pack: ৳ 280.00),",(20's pack: ৳ 280.00)
12887,Orostar Cool Mint,allopathic,orostar-cool-mintmouthwash,Mouthwash,Menthol + Thymol + Eucalyptol  + Methyl Salicylate,,Square Pharmaceuticals Ltd.,120 ml bottle: ৳ 80.24,
30217,Ororinse,allopathic,ororinsemouthwash02,Mouthwash,Chlorhexidine Gluconate [0.2%],0.20%,Incepta Pharmaceuticals Ltd.,120 ml bottle: ৳ 60.00,
22075,Oropem,allopathic,oropemiv-injection-or-infusion1-gmvial,IV Injection or Infusion,Meropenem Trihydrate,1 gm/vial,Euro Pharma Ltd.,"1 gm vial: ৳ 1,300.00",
29439,Oromax,allopathic,oromaxoral-gel2-ww,Oral Gel,Miconazole Nitrate (Oral Gel),2% w/w,The White Horse Pharma,15 gm tube: ৳ 50.00,
10020,Orogurd,allopathic,orogurdoral-gel2-ww,Oral Gel,Miconazole Nitrate (Oral Gel),2% w/w,Eskayef Pharmaceuticals Ltd.,15 gm tube: ৳ 60.00,
20949,Orogel,allopathic,orogeldental-gel20,Dental Gel,Benzocaine,20%,Square Pharmaceuticals Ltd.,5 gm tube: ৳ 50.14,
10850,Orofresh OS,allopathic,orofresh-osoral-solution51,Oral Solution,Rhubarb Extract + Salicylic Acid,5%+1%,Ziska Pharmaceuticals Ltd.,"6 ml pack: ৳ 60.00,10 ml pack: ৳ 120.00",
16548,Orofer,allopathic,orofertablet47-mg05-mg225-mg,Tablet,Iron Polymaltose Complex + Folic Acid + Zinc Sulfate,47 mg+0.5 mg+22.5 mg,UniMed UniHealth,"Unit Price: ৳ 3.50,(30's pack: ৳ 105.00),",(30's pack: ৳ 105.00)
400,Orofer,allopathic,orofersyrup,Syrup,Iron Polymaltose Complex + Vitamin B Complex + Zinc,,UniMed UniHealth,100 ml bottle: ৳ 50.00,
1303,Orocure,allopathic,orocurepediatric-drops67-mgml,Pediatric Drops,Simethicone,67 mg/ml,Edruc Limited,15 ml drop: ৳ 30.00,
10019,Oroconazol,allopathic,oroconazoloral-gel2-ww,Oral Gel,Miconazole Nitrate (Oral Gel),2% w/w,Incepta Pharmaceuticals Ltd.,15 gm tube: ৳ 60.00,
12886,Oroclean Original,allopathic,oroclean-originalmouthwash,Mouthwash,Menthol + Thymol + Eucalyptol  + Methyl Salicylate,,Incepta Pharmaceuticals Ltd.,"120 ml bottle: ৳ 75.00,250 ml bottle: ৳ 140.00",
12885,Oroclean Coolmint,allopathic,oroclean-coolmintmouthwash,Mouthwash,Menthol + Thymol + Eucalyptol  + Methyl Salicylate,,Incepta Pharmaceuticals Ltd.,"120 ml bottle: ৳ 75.00,250 ml bottle: ৳ 140.00",
10018,Orocare,allopathic,orocareoral-gel2-ww,Oral Gel,Miconazole Nitrate (Oral Gel),2% w/w,Novo Healthcare and Pharma Ltd.,15 gm tube: ৳ 50.15,
31084,Orocal Kit,allopathic,orocal-kittablet150-mg-740-mg,Tablet,Ibandronic Acid & Calcium Orotate,150 mg & 740 mg,Ziska Pharmaceuticals Ltd.,(1 & 60) tablet kit: ৳ 990.00,
26734,Orocal Kit,allopathic,orocal-kittablet150-mg-400-mg,Tablet,Ibandronic Acid & Calcium Orotate,150 mg & 400 mg,Ziska Pharmaceuticals Ltd.,(1 & 60) tablet kit: ৳ 800.00,
23079,Orpra,allopathic,orpracapsule-delayed-release20-mg,Capsule (Delayed Release),Omeprazole,20 mg,Orbit Pharmaceuticals Ltd.,Unit Price: ৳ 5.00,
10596,Orpa Plus,allopathic,orpa-plustablet500-mg65-mg,Tablet,Paracetamol + Caffeine,500 mg+65 mg,Belsen Pharmaceuticals Ltd.,"Unit Price: ৳ 1.90,(100's pack: ৳ 190.00),",(100's pack: ৳ 190.00)
22424,Orozole,allopathic,orozoletablet400-mg,Tablet,Metronidazole,400 mg,Quality Pharmaceuticals Ltd.,"Unit Price: ৳ 1.27,(100's pack: ৳ 127.00),",(100's pack: ৳ 127.00)
15968,Orotifen,allopathic,orotifensyrup1-mg5-ml,Syrup,Ketotifen Fumarate (Oral),1 mg/5 ml,General Pharmaceuticals Ltd.,100 ml bottle: ৳ 40.11,
15967,Orotifen,allopathic,orotifentablet1-mg,Tablet,Ketotifen Fumarate (Oral),1 mg,General Pharmaceuticals Ltd.,"Unit Price: ৳ 1.51,(100's pack: ৳ 150.74),",(100's pack: ৳ 150.74)
16495,Orostar Plus,allopathic,orostar-plusmouthwash,Mouthwash,Eucalyptol + Menthol + Methyl Salicylate + Thymol + Sodium Fluoride,,Square Pharmaceuticals Ltd.,"120 ml bottle: ৳ 85.26,250 ml bottle: ৳ 150.45",
12888,Orostar Original,allopathic,orostar-originalmouthwash,Mouthwash,Menthol + Thymol + Eucalyptol  + Methyl Salicylate,,Square Pharmaceuticals Ltd.,120 ml bottle: ৳ 80.24,
33161,Orobac,allopathic,orobactablet200-mg,Tablet,Cefditoren,200 mg,Incepta Pharmaceuticals Ltd.,"Unit Price: ৳ 150.00,(8's pack: ৳ 1,200.00),","(8's pack: ৳ 1,200.00)"
9811,Ornys,allopathic,ornysoral-suspension100000-unitml,Oral Suspension,Nystatin (Oral),100000 unit/ml,Kemiko Pharmaceuticals Ltd.,12 ml bottle: ৳ 20.46,
10239,Ornizol,allopathic,ornizoltablet500-mg,Tablet,Ornidazole,500 mg,Alco Pharma Ltd.,"Unit Price: ৳ 6.02,(30's pack: ৳ 180.60),",(30's pack: ৳ 180.60)
10238,Ornil,allopathic,orniltablet500-mg,Tablet,Ornidazole,500 mg,Opsonin Pharma Ltd.,"Unit Price: ৳ 7.00,(20's pack: ৳ 140.00),",(20's pack: ৳ 140.00)
10237,Ornid,allopathic,ornidtablet500-mg,Tablet,Ornidazole,500 mg,Drug International Ltd.,"Unit Price: ৳ 7.00,(50's pack: ৳ 350.00),",(50's pack: ৳ 350.00)
5170,Ornical,allopathic,ornicalcapsule120-mg,Capsule,Orlistat,120 mg,ACI Limited,"Unit Price: ৳ 55.00,(20's pack: ৳ 1,100.00),","(20's pack: ৳ 1,100.00)"
5468,Ormin,allopathic,ormintablet850-mg,Tablet,Metformin Hydrochloride,850 mg,Orion Pharma Ltd.,"Unit Price: ৳ 5.01,(50's pack: ৳ 250.50),",(50's pack: ৳ 250.50)
1228,Orvatin,allopathic,orvatintablet20-mg,Tablet,Atorvastatin Calcium,20 mg,Kemiko Pharmaceuticals Ltd.,"Unit Price: ৳ 18.00,(20's pack: ৳ 360.00),",(20's pack: ৳ 360.00)
1227,Orvatin,allopathic,orvatintablet10-mg,Tablet,Atorvastatin Calcium,10 mg,Kemiko Pharmaceuticals Ltd.,"Unit Price: ৳ 10.03,(20's pack: ৳ 200.60),",(20's pack: ৳ 200.60)
1225,Orva,allopathic,orvatablet20-mg,Tablet,Atorvastatin Calcium,20 mg,Synovia pharma plc,"Unit Price: ৳ 20.01,(30's pack: ৳ 600.30),",(30's pack: ৳ 600.30)
1224,Orva,allopathic,orvatablet10-mg,Tablet,Atorvastatin Calcium,10 mg,Synovia pharma plc,"Unit Price: ৳ 12.04,(30's pack: ৳ 361.20),",(30's pack: ৳ 361.20)
27062,Ortical,allopathic,orticaltablet740-mg,Tablet,Calcium Orotate,740 mg,Opsonin Pharma Ltd.,"Unit Price: ৳ 10.00,(30's pack: ৳ 300.00),",(30's pack: ৳ 300.00)
14383,Ortical,allopathic,orticaltablet400-mg,Tablet,Calcium Orotate,400 mg,Opsonin Pharma Ltd.,"Unit Price: ৳ 8.03,(30's pack: ৳ 240.90),",(30's pack: ৳ 240.90)
18490,Orthorate,allopathic,orthoratetablet400-mg,Tablet,Calcium Orotate,400 mg,Biopharma Laboratories Ltd.,"Unit Price: ৳ 8.00,(30's pack: ৳ 240.00),",(30's pack: ৳ 240.00)
32375,Orthogen,allopathic,orthogentablet20-mg750-mg50-mg075-mg,Tablet,Undenatured Type II Collagen + Glucosamine sulfate + Boswellia serrata + Boron,20 mg+750 mg+50 mg+0.75 mg,ACME Laboratories Ltd.,"Unit Price: ৳ 25.00,(30's pack: ৳ 750.00),",(30's pack: ৳ 750.00)
14453,Orthocal-D,allopathic,orthocal-dtablet500-mg200-iu,Tablet,Calcium Carbonate [Elemental source] + Vitamin D3,500 mg+200 IU,Biopharma Laboratories Ltd.,"Unit Price: ৳ 6.00,(15's pack: ৳ 90.00),,Unit Price: ৳ 6.00,(30's pack: ৳ 180.00),","(15's pack: ৳ 90.00),(30's pack: ৳ 180.00)"
14319,Orthocal,allopathic,orthocaltablet500-mg,Tablet,Calcium Carbonate,500 mg,Biopharma Laboratories Ltd.,"Unit Price: ৳ 4.00,(50's pack: ৳ 200.00),",(50's pack: ৳ 200.00)
31982,Ortho-D3,allopathic,ortho-d3tablet2000-iu,Tablet,Colecalciferol [Vitamin D3],2000 IU,Biopharma Laboratories Ltd.,"Unit Price: ৳ 2.50,(30's pack: ৳ 75.00),",(30's pack: ৳ 75.00)
31981,Ortho-D3,allopathic,ortho-d3oral-solution1000-iu5-ml,Oral Solution,Colecalciferol [Vitamin D3],1000 IU/5 ml,Biopharma Laboratories Ltd.,100 ml bottle: ৳ 75.00,
31980,Ortho-D3,allopathic,ortho-d3tablet1000-iu,Tablet,Colecalciferol [Vitamin D3],1000 IU,Biopharma Laboratories Ltd.,"Unit Price: ৳ 2.00,(50's pack: ৳ 100.00),",(50's pack: ৳ 100.00)
29085,Ortho-D3,allopathic,ortho-d3capsule40000-iu,Capsule,Colecalciferol [Vitamin D3],40000 IU,Biopharma Laboratories Ltd.,"Unit Price: ৳ 35.00,(10's pack: ৳ 350.00),",(10's pack: ৳ 350.00)
24170,Ortac,allopathic,ortacimiv-injection50-mg2-ml,IM/IV Injection,Ranitidine Hydrochloride,50 mg/2 ml,Orion Pharma Ltd.,"2 ml ampoule: ৳ 6.04,(10's pack: ৳ 60.40),",(10's pack: ৳ 60.40)
1734,Ortac,allopathic,ortactablet150-mg,Tablet,Ranitidine Hydrochloride,150 mg,Orion Pharma Ltd.,"Unit Price: ৳ 2.01,(100's pack: ৳ 201.00),",(100's pack: ৳ 201.00)
8035,Oryx,allopathic,oryxim-injection1-gmvial,IM Injection,Ceftriaxone Sodium,1 gm/vial,Rangs Pharmaceuticals Ltd.,1 gm vial: ৳ 200.61,
8034,Oryx,allopathic,oryxim-injection500-mgvial,IM Injection,Ceftriaxone Sodium,500 mg/vial,Rangs Pharmaceuticals Ltd.,500 mg vial: ৳ 150.45,
8033,Oryx,allopathic,oryxim-injection250-mgvial,IM Injection,Ceftriaxone Sodium,250 mg/vial,Rangs Pharmaceuticals Ltd.,250 mg vial: ৳ 100.30,
22758,Orxen,allopathic,orxentablet500-mg,Tablet,Naproxen Sodium,500 mg,Orbit Pharmaceuticals Ltd.,Unit Price: ৳ 7.00,
22757,Orxen,allopathic,orxentablet250-mg,Tablet,Naproxen Sodium,250 mg,Orbit Pharmaceuticals Ltd.,Unit Price: ৳ 4.00,
31410,Orsema,allopathic,orsemasc-injection025-mgdose,SC Injection,Semaglutide (Injection),0.25 mg/dose,Incepta Pharmaceuticals Ltd.,0.25 mg pre-filled syringe: ৳ 350.00,
31409,Orsema,allopathic,orsemasc-injection050-mgdose,SC Injection,Semaglutide (Injection),0.50 mg/dose,Incepta Pharmaceuticals Ltd.,0.50 mg pre-filled syringe: ৳ 600.00,
14821,ORSaline-N,allopathic,orsaline-noral-powder1025-gm,Oral Powder,Oral Rehydration Salt [Powder],10.25 gm,ACME Laboratories Ltd.,"Unit Price: ৳ 5.00,(20's pack: ৳ 100.00),",(20's pack: ৳ 100.00)
14807,Orsaline-N,allopathic,orsaline-noral-powder1395-gm,Oral Powder,Oral Rehydration Salt [Powder],13.95 gm,Bristol Pharmaceuticals Ltd.,"Unit Price: ৳ 3.00,(20's pack: ৳ 60.00),",(20's pack: ৳ 60.00)
14828,ORSaline Fruity,allopathic,orsaline-fruityoral-powder,Oral Powder,Oral Rehydration Salt [Flavored],,Jenphar Bangladesh Ltd.,"13.4 gm sachet: ৳ 5.00,(20's pack: ৳ 100.00),",(20's pack: ৳ 100.00)
3476,Orsal,allopathic,orsalsyrup2-mg5-ml,Syrup,Salbutamol,2 mg/5 ml,Orion Pharma Ltd.,100 ml bottle: ৳ 22.92,
27423,ORS-Jayson,allopathic,ors-jaysonoral-powder1025-gm,Oral Powder,Oral Rehydration Salt [Powder],10.25 gm,Jayson Pharmaceuticals Ltd.,"Unit Price: ৳ 5.00,(20's pack: ৳ 100.00),",(20's pack: ৳ 100.00)
972,ORS,allopathic,orsoral-powder1025-gm,Oral Powder,Oral Rehydration Salt [Powder],10.25 gm,Popular Pharmaceuticals Ltd.,"Unit Price: ৳ 4.59,(25's pack: ৳ 114.76),",(25's pack: ৳ 114.76)
23080,Orpra,allopathic,orpracapsule-delayed-release40-mg,Capsule (Delayed Release),Omeprazole,40 mg,Orbit Pharmaceuticals Ltd.,Unit Price: ৳ 8.00,
23093,Osecton,allopathic,osectoncapsule-delayed-release20-mg,Capsule (Delayed Release),Omeprazole,20 mg,Salton Pharmaceuticals Ltd.,"Unit Price: ৳ 3.50,(60's pack: ৳ 210.00),",(60's pack: ৳ 210.00)
2970,Oscard,allopathic,oscardtablet50-mg125-mg,Tablet,Losartan Potassium + Hydrochlorothiazide,50 mg+12.5 mg,Sharif Pharmaceuticals Ltd.,"Unit Price: ৳ 6.01,(30's pack: ৳ 180.31),",(30's pack: ৳ 180.31)
14533,Oscal-M,allopathic,oscal-mtablet,Tablet,Calcium Carbonate + Vitamin D3 + Multimineral,,UniMed UniHealth,"Unit Price: ৳ 5.00,(30's pack: ৳ 150.00),",(30's pack: ৳ 150.00)
18452,Oscal-D Forte,allopathic,oscal-d-fortetablet600-mg400-iu,Tablet,Calcium Carbonate [Elemental source] + Vitamin D3,600 mg+400 IU,UniMed UniHealth,"Unit Price: ৳ 6.00,(30's pack: ৳ 180.00),",(30's pack: ৳ 180.00)
14454,Oscal-D,allopathic,oscal-dtablet500-mg400-iu,Tablet,Calcium Carbonate [Elemental source] + Vitamin D3,500 mg+400 IU,UniMed UniHealth,"Unit Price: ৳ 5.00,(30's pack: ৳ 150.00),",(30's pack: ৳ 150.00)
14320,Oscal,allopathic,oscaltablet500-mg,Tablet,Calcium Carbonate,500 mg,UniMed UniHealth,"Unit Price: ৳ 3.50,(30's pack: ৳ 105.00),",(30's pack: ৳ 105.00)
21883,Osartil Plus,allopathic,osartil-plustablet100-mg25-mg,Tablet,Losartan Potassium + Hydrochlorothiazide,100 mg+25 mg,Incepta Pharmaceuticals Ltd.,"Unit Price: ৳ 12.00,(30's pack: ৳ 360.00),",(30's pack: ৳ 360.00)
2969,Osartil Plus,allopathic,osartil-plustablet100-mg125-mg,Tablet,Losartan Potassium + Hydrochlorothiazide,100 mg+12.5 mg,Incepta Pharmaceuticals Ltd.,"Unit Price: ৳ 12.00,(30's pack: ৳ 360.00),",(30's pack: ৳ 360.00)
2968,Osartil Plus,allopathic,osartil-plustablet50-mg125-mg,Tablet,Losartan Potassium + Hydrochlorothiazide,50 mg+12.5 mg,Incepta Pharmaceuticals Ltd.,"Unit Price: ৳ 8.00,(50's pack: ৳ 400.00),",(50's pack: ৳ 400.00)
2761,Osartil,allopathic,osartiltablet100-mg,Tablet,Losartan Potassium,100 mg,Incepta Pharmaceuticals Ltd.,"Unit Price: ৳ 12.00,(30's pack: ৳ 360.00),",(30's pack: ৳ 360.00)
2760,Osartil,allopathic,osartiltablet50-mg,Tablet,Losartan Potassium,50 mg,Incepta Pharmaceuticals Ltd.,"Unit Price: ৳ 8.00,(50's pack: ৳ 400.00),",(50's pack: ৳ 400.00)
2759,Osartil,allopathic,osartiltablet25-mg,Tablet,Losartan Potassium,25 mg,Incepta Pharmaceuticals Ltd.,"Unit Price: ৳ 4.50,(50's pack: ৳ 225.00),",(50's pack: ৳ 225.00)
2758,Osartek,allopathic,osartektablet50-mg,Tablet,Losartan Potassium,50 mg,Pharmadesh Laboratories Ltd.,"Unit Price: ৳ 8.00,(30's pack: ৳ 240.00),",(30's pack: ৳ 240.00)
2757,Osartek,allopathic,osartektablet25-mg,Tablet,Losartan Potassium,25 mg,Pharmadesh Laboratories Ltd.,"Unit Price: ৳ 3.50,(50's pack: ৳ 175.00),",(50's pack: ৳ 175.00)
2967,Osartan-HZ,allopathic,osartan-hztablet50-mg125-mg,Tablet,Losartan Potassium + Hydrochlorothiazide,50 mg+12.5 mg,Aristopharma Ltd.,"Unit Price: ৳ 8.00,(30's pack: ৳ 240.00),",(30's pack: ৳ 240.00)
2756,Osartan,allopathic,osartantablet50-mg,Tablet,Losartan Potassium,50 mg,Aristopharma Ltd.,"Unit Price: ৳ 8.00,(30's pack: ৳ 240.00),",(30's pack: ৳ 240.00)
4755,Osetron,allopathic,osetronimiv-injection8-mg4-ml,IM/IV Injection,Ondansetron,8 mg/4 ml,ACI Limited,"4 ml ampoule: ৳ 25.17,(5's pack: ৳ 125.85),",(5's pack: ৳ 125.85)
4754,Osetron,allopathic,osetronoral-solution4-mg5-ml,Oral Solution,Ondansetron,4 mg/5 ml,ACI Limited,50 ml bottle: ৳ 30.20,
4753,Osetron,allopathic,osetrontablet8-mg,Tablet,Ondansetron,8 mg,ACI Limited,"Unit Price: ৳ 10.07,(50's pack: ৳ 503.50),,Unit Price: ৳ 10.07,(30's pack: ৳ 302.10),","(50's pack: ৳ 503.50),(30's pack: ৳ 302.10)"
9773,Oseflu,allopathic,oseflucapsule75-mg,Capsule,Oseltamivir,75 mg,Beximco Pharmaceuticals Ltd.,"Unit Price: ৳ 150.00,(10's pack: ৳ 1,500.00),","(10's pack: ৳ 1,500.00)"
29081,Osedan,allopathic,osedantablet8-mg,Tablet,Ondansetron,8 mg,Euro Pharma Ltd.,"Unit Price: ৳ 10.00,(30's pack: ৳ 300.00),",(30's pack: ৳ 300.00)
2755,Osartan,allopathic,osartantablet25-mg,Tablet,Losartan Potassium,25 mg,Aristopharma Ltd.,"Unit Price: ৳ 4.50,(50's pack: ৳ 225.00),",(50's pack: ৳ 225.00)
27740,Orzolol,allopathic,orzololophthalmic-solution205,Ophthalmic Solution,Dorzolamide + Timolol,2%+0.5%,Opso Saline Ltd.,5 ml drop: ৳ 550.00,
25647,Orzith,allopathic,orzithtablet500-mg,Tablet,Azithromycin Dihydrate,500 mg,Orbit Pharmaceuticals Ltd.,Unit Price: ৳ 30.00,
25646,Orzith,allopathic,orzithpowder-for-suspension200-mg5-ml,Powder for Suspension,Azithromycin Dihydrate,200 mg/5 ml,Orbit Pharmaceuticals Ltd.,30 ml bottle: ৳ 130.00,
27633,Oryza,allopathic,oryzamouthwash015,Mouthwash,Benzydamine Hydrochloride,0.15%,Incepta Pharmaceuticals Ltd.,"120 ml bottle: ৳ 120.00,250 ml bottle: ৳ 225.00",
27816,Oryx,allopathic,oryxiv-injection2-gmvial,IV Injection,Ceftriaxone Sodium,2 gm/vial,Rangs Pharmaceuticals Ltd.,2 gm vial: ৳ 351.06,
8038,Oryx,allopathic,oryxiv-injection1-gmvial,IV Injection,Ceftriaxone Sodium,1 gm/vial,Rangs Pharmaceuticals Ltd.,1 gm vial: ৳ 200.61,
8037,Oryx,allopathic,oryxiv-injection500-mgvial,IV Injection,Ceftriaxone Sodium,500 mg/vial,Rangs Pharmaceuticals Ltd.,500 mg vial: ৳ 150.45,
8036,Oryx,allopathic,oryxiv-injection250-mgvial,IV Injection,Ceftriaxone Sodium,250 mg/vial,Rangs Pharmaceuticals Ltd.,250 mg vial: ৳ 100.30,
28818,Ostelin-D,allopathic,ostelin-dtablet500-mg200-iu,Tablet,Calcium Carbonate [Elemental source] + Vitamin D3,500 mg+200 IU,Everest Pharmaceuticals Ltd.,"Unit Price: ৳ 7.00,(30's pack: ৳ 210.00),",(30's pack: ৳ 210.00)
15366,Ostelac,allopathic,ostelactablet10-mg,Tablet,Ketorolac Tromethamine,10 mg,Supreme Pharmaceutical Ltd.,"Unit Price: ৳ 10.00,(30's pack: ৳ 300.00),",(30's pack: ৳ 300.00)
421,Ostel-D,allopathic,ostel-dtablet70-mg2800-iu,Tablet,Alendronic Acid + Vitamin D3,70 mg+2800 IU,Square Pharmaceuticals Ltd.,"Unit Price: ৳ 30.20,(8's pack: ৳ 241.60),",(8's pack: ৳ 241.60)
33072,Ostan Plus,allopathic,ostan-plustablet100-mg25-mg,Tablet,Losartan Potassium + Hydrochlorothiazide,100 mg+25 mg,Renata Limited,"Unit Price: ৳ 12.00,(30's pack: ৳ 360.00),",(30's pack: ৳ 360.00)
2971,Ostan Plus,allopathic,ostan-plustablet50-mg125-mg,Tablet,Losartan Potassium + Hydrochlorothiazide,50 mg+12.5 mg,Renata Limited,"Unit Price: ৳ 10.00,(30's pack: ৳ 300.00),",(30's pack: ৳ 300.00)
26642,Ostan,allopathic,ostantablet50-mg,Tablet,Losartan Potassium,50 mg,Renata Limited,"Unit Price: ৳ 8.00,(50's pack: ৳ 400.00),",(50's pack: ৳ 400.00)
26641,Ostan,allopathic,ostantablet25-mg,Tablet,Losartan Potassium,25 mg,Renata Limited,"Unit Price: ৳ 4.50,(30's pack: ৳ 135.00),",(30's pack: ৳ 135.00)
14458,Ostacid-D,allopathic,ostacid-dtablet500-mg200-iu,Tablet,Calcium Carbonate [Elemental source] + Vitamin D3,500 mg+200 IU,Rangs Pharmaceuticals Ltd.,"Unit Price: ৳ 6.00,(15's pack: ৳ 90.00),,Unit Price: ৳ 6.00,(30's pack: ৳ 180.00),","(15's pack: ৳ 90.00),(30's pack: ৳ 180.00)"
14322,Ostacid,allopathic,ostacidtablet500-mg,Tablet,Calcium Carbonate,500 mg,Rangs Pharmaceuticals Ltd.,"Unit Price: ৳ 4.00,(50's pack: ৳ 200.00),",(50's pack: ৳ 200.00)
13687,OST,allopathic,osttablet100-mg200-mg200-mcg,Tablet,"Vitamin B1, B6 & B12",100 mg+200 mg+200 mcg,Central Pharmaceuticals Ltd.,"Unit Price: ৳ 4.00,(50's pack: ৳ 200.00),",(50's pack: ৳ 200.00)
14457,Ossi D,allopathic,ossi-dtablet500-mg200-iu,Tablet,Calcium Carbonate [Elemental source] + Vitamin D3,500 mg+200 IU,Kumudini Pharma Ltd.,"Unit Price: ৳ 5.00,(15's pack: ৳ 75.00),,Unit Price: ৳ 5.00,(30's pack: ৳ 150.00),","(15's pack: ৳ 75.00),(30's pack: ৳ 150.00)"
27166,Ossi,allopathic,ossitablet500-mg,Tablet,Calcium Carbonate,500 mg,Kumudini Pharma Ltd.,"Unit Price: ৳ 3.00,(50's pack: ৳ 150.00),",(50's pack: ৳ 150.00)
28156,Osovast,allopathic,osovasttablet10-mg,Tablet,Rosuvastatin,10 mg,Apex Pharmaceuticals Ltd.,"Unit Price: ৳ 20.00,(20's pack: ৳ 400.00),",(20's pack: ৳ 400.00)
28465,Osmotic,allopathic,osmoticiv-infusion20,IV Infusion,Mannitol,20%,Popular Pharmaceuticals Ltd.,500 ml bottle: ৳ 155.00,
2905,Osmosol,allopathic,osmosoliv-infusion20,IV Infusion,Mannitol,20%,Beximco Pharmaceuticals Ltd.,500 ml bottle: ৳ 155.00,
2400,Osmolax,allopathic,osmolaxoral-solution335-gm5-ml,Oral Solution,Lactulose,3.35 gm/5 ml,Square Pharmaceuticals Ltd.,"100 ml bottle: ৳ 140.00,200 ml bottle: ৳ 250.00",
26781,Ostiban,allopathic,ostibantablet150-mg,Tablet,Ibandronic Acid,150 mg,Eskayef Pharmaceuticals Ltd.,1 tablet kit: ৳ 510.00,
20950,Osteonil,allopathic,osteoniltablet150-mg,Tablet,Ibandronic Acid,150 mg,Innovative Pharma (Albion),"1 tablet kit: ৳ 1,770.00",
27635,Osteo-D,allopathic,osteo-dcapsule40000-iu,Capsule,Colecalciferol [Vitamin D3],40000 IU,Incepta Pharmaceuticals Ltd.,"Unit Price: ৳ 35.00,(10's pack: ৳ 350.00),",(10's pack: ৳ 350.00)
27634,Osteo-D,allopathic,osteo-dcapsule20000-iu,Capsule,Colecalciferol [Vitamin D3],20000 IU,Incepta Pharmaceuticals Ltd.,"Unit Price: ৳ 20.00,(10's pack: ৳ 200.00),",(10's pack: ৳ 200.00)
19320,Osteo-D,allopathic,osteo-ddispersible-tablet1000-iu,Dispersible Tablet,Colecalciferol [Vitamin D3],1000 IU,Incepta Pharmaceuticals Ltd.,"Unit Price: ৳ 6.00,(70's pack: ৳ 420.00),",(70's pack: ৳ 420.00)
13508,Osteo-D,allopathic,osteo-dim-injection200000-iuml,IM Injection,Colecalciferol [Vitamin D3],200000 IU/ml,Incepta Pharmaceuticals Ltd.,1 ml ampoule: ৳ 120.00,
13507,Osteo-D,allopathic,osteo-dpediatric-drops200-iuml,Pediatric Drops,Colecalciferol [Vitamin D3],200 IU/ml,Incepta Pharmaceuticals Ltd.,15 ml bottle: ৳ 75.00,
30486,Osmina,allopathic,osminatablet60-mg,Tablet,Ospemifene,60 mg,Navana Pharmaceuticals Ltd.,"Unit Price: ৳ 30.00,(20's pack: ৳ 600.00),",(20's pack: ৳ 600.00)
14456,Osmin-D,allopathic,osmin-dtablet500-mg200-iu,Tablet,Calcium Carbonate [Elemental source] + Vitamin D3,500 mg+200 IU,Marker Pharma Ltd.,"Unit Price: ৳ 3.33,(15's pack: ৳ 50.00),,Unit Price: ৳ 3.33,(30's pack: ৳ 100.00),","(15's pack: ৳ 50.00),(30's pack: ৳ 100.00)"
32760,Osmigen,allopathic,osmigentablet80-mg,Tablet,Osimertinib,80 mg,General Pharmaceuticals Ltd.,"Unit Price: ৳ 425.00,(30's pack: ৳ 12,750.00),","(30's pack: ৳ 12,750.00)"
30487,Osmifen,allopathic,osmifentablet60-mg,Tablet,Ospemifene,60 mg,Nuvista Pharma Ltd.,"Unit Price: ৳ 30.00,(30's pack: ৳ 900.00),",(30's pack: ৳ 900.00)
23225,Osinib,allopathic,osinibtablet80-mg,Tablet,Osimertinib,80 mg,Drug International Ltd.,"Unit Price: ৳ 425.00,(30's pack: ৳ 12,750.00),","(30's pack: ৳ 12,750.00)"
28833,Osimert,allopathic,osimerttablet80-mg,Tablet,Osimertinib,80 mg,Everest Pharmaceuticals Ltd.,"Unit Price: ৳ 425.00,(30's pack: ৳ 12,750.00),","(30's pack: ৳ 12,750.00)"
17316,Osicent,allopathic,osicenttablet80-mg,Tablet,Osimertinib,80 mg,Incepta Pharmaceuticals Ltd.,"Unit Price: ৳ 500.00,(10's pack: ৳ 5,000.00),,Unit Price: ৳ 500.00,(30's pack: ৳ 15,000.00),","(10's pack: ৳ 5,000.00),(30's pack: ৳ 15,000.00)"
27063,Ostogen D Forte,allopathic,ostogen-d-fortetablet600-mg400-iu,Tablet,Calcium Carbonate [Elemental source] + Vitamin D3,600 mg+400 IU,Opsonin Pharma Ltd.,"Unit Price: ৳ 7.00,(30's pack: ৳ 210.00),",(30's pack: ৳ 210.00)
14463,Ostogen D,allopathic,ostogen-dtablet500-mg200-iu,Tablet,Calcium Carbonate [Elemental source] + Vitamin D3,500 mg+200 IU,Opsonin Pharma Ltd.,"Unit Price: ৳ 7.00,(30's pack: ৳ 210.00),",(30's pack: ৳ 210.00)
14504,Ostogen C Plus,allopathic,ostogen-c-pluseffervescent-tablet1000-mg327-mg500-mg400-iu,Effervescent Tablet,Calcium Lactate Gluconate + Calcium Carbonate + Vitamin C + Vitamin D3,1000 mg+327 mg+500 mg+400 IU,Opsonin Pharma Ltd.,"Unit Price: ৳ 10.00,(14's pack: ৳ 140.00),",(14's pack: ৳ 140.00)
14395,Ostogen C,allopathic,ostogen-ceffervescent-tablet1000-mg327-mg500-mg,Effervescent Tablet,Calcium Lactate Gluconate + Calcium Carbonate + Vitamin C,1000 mg+327 mg+500 mg,Opsonin Pharma Ltd.,"Unit Price: ৳ 10.00,(14's pack: ৳ 140.00),",(14's pack: ৳ 140.00)
14542,Ostogen Bone,allopathic,ostogen-bonetablet,Tablet,Calcium + Vitamin D3 + Vitamin C + Vitamin E + Multimineral,,Opsonin Pharma Ltd.,"Unit Price: ৳ 5.02,(30's pack: ৳ 150.60),",(30's pack: ৳ 150.60)
14328,Ostogen,allopathic,ostogentablet500-mg,Tablet,Calcium Carbonate,500 mg,Opsonin Pharma Ltd.,"Unit Price: ৳ 3.26,(100's pack: ৳ 326.00),",(100's pack: ৳ 326.00)
66,Ostoflex,allopathic,ostoflextablet100-mg,Tablet,Aceclofenac,100 mg,Somatec Pharmaceuticals Ltd.,"Unit Price: ৳ 4.00,(100's pack: ৳ 400.00),",(100's pack: ৳ 400.00)
14984,Ostofid Plus,allopathic,ostofid-plustablet250-mg200-mg,Tablet,Glucosamine Sulfate + Chondroitin,250 mg+200 mg,The White Horse Pharma,"Unit Price: ৳ 7.00,(30's pack: ৳ 210.00),",(30's pack: ৳ 210.00)
14327,Ostocurb,allopathic,ostocurbtablet500-mg,Tablet,Calcium Carbonate,500 mg,Aexim Pharmaceuticals Ltd.,"Unit Price: ৳ 1.60,(50's pack: ৳ 80.00),",(50's pack: ৳ 80.00)
10852,Ostocin,allopathic,ostocincream0025-ww,Cream,Capsaicin,0.025% w/w,General Pharmaceuticals Ltd.,20 gm tube: ৳ 49.95,
30049,Ostocal-C,allopathic,ostocal-ceffervescent-tablet1000-mg327-mg500-mg,Effervescent Tablet,Calcium Lactate Gluconate + Calcium Carbonate + Vitamin C,1000 mg+327 mg+500 mg,Eskayef Pharmaceuticals Ltd.,"Unit Price: ৳ 15.00,(10's pack: ৳ 150.00),",(10's pack: ৳ 150.00)
29963,Ostocal Vita,allopathic,ostocal-vitaeffervescent-tablet1358196-mg600-mg400-iu,Effervescent Tablet,Calcium Lactate Gluconate + Calcium Carbonate + Vitamin D3,1358.196 mg+600 mg+400 IU,Eskayef Pharmaceuticals Ltd.,"Unit Price: ৳ 17.00,(10's pack: ৳ 170.00),",(10's pack: ৳ 170.00)
14534,Ostocal M,allopathic,ostocal-mtablet,Tablet,Calcium Carbonate + Vitamin D3 + Multimineral,,Eskayef Pharmaceuticals Ltd.,"Unit Price: ৳ 7.00,(30's pack: ৳ 210.00),",(30's pack: ৳ 210.00)
14325,Ostocal JR,allopathic,ostocal-jrchewable-tablet250-mg,Chewable Tablet,Calcium Carbonate,250 mg,Eskayef Pharmaceuticals Ltd.,"Unit Price: ৳ 3.00,(30's pack: ৳ 90.00),",(30's pack: ৳ 90.00)
18444,Ostocal GX,allopathic,ostocal-gxtablet600-mg400-iu,Tablet,Calcium Carbonate [Coral source] + Vitamin D3,600 mg+400 IU,Eskayef Pharmaceuticals Ltd.,"Unit Price: ৳ 15.00,(30's pack: ৳ 450.00),",(30's pack: ৳ 450.00)
26783,Ostocal G,allopathic,ostocal-gtablet500-mg200-iu,Tablet,Calcium Carbonate [Coral source] + Vitamin D3,500 mg+200 IU,Eskayef Pharmaceuticals Ltd.,"Unit Price: ৳ 10.00,(30's pack: ৳ 300.00),,Unit Price: ৳ 10.00,(40's pack: ৳ 400.00),","(30's pack: ৳ 300.00),(40's pack: ৳ 400.00)"
357,Ostomax,allopathic,ostomaxtablet10-mg,Tablet,Alendronic acid,10 mg,Eskayef Pharmaceuticals Ltd.,"Unit Price: ৳ 5.00,(40's pack: ৳ 200.00),",(40's pack: ৳ 200.00)
14535,Ostogen Plus,allopathic,ostogen-plustablet,Tablet,Calcium Carbonate + Vitamin D3 + Multimineral,,Opsonin Pharma Ltd.,"Unit Price: ৳ 5.03,(30's pack: ৳ 150.90),",(30's pack: ৳ 150.90)
27064,Ostogen Jr.,allopathic,ostogen-jrchewable-tablet250-mg,Chewable Tablet,Calcium Carbonate,250 mg,Opsonin Pharma Ltd.,"Unit Price: ৳ 2.01,(50's pack: ৳ 100.50),",(50's pack: ৳ 100.50)
26782,Ostocal DX,allopathic,ostocal-dxchewable-tablet600-mg400-iu,Chewable Tablet,Calcium Carbonate [Elemental source] + Vitamin D3,600 mg+400 IU,Eskayef Pharmaceuticals Ltd.,"Unit Price: ৳ 8.00,(20's pack: ৳ 160.00),,Unit Price: ৳ 8.00,(30's pack: ৳ 240.00),","(20's pack: ৳ 160.00),(30's pack: ৳ 240.00)"
18445,Ostocal DX,allopathic,ostocal-dxtablet600-mg400-iu,Tablet,Calcium Carbonate [Elemental source] + Vitamin D3,600 mg+400 IU,Eskayef Pharmaceuticals Ltd.,"Unit Price: ৳ 8.00,(30's pack: ৳ 240.00),,Unit Price: ৳ 8.00,(36's pack: ৳ 288.00),","(30's pack: ৳ 240.00),(36's pack: ৳ 288.00)"
27544,Ostocal D,allopathic,ostocal-dchewable-tablet500-mg200-iu,Chewable Tablet,Calcium Carbonate [Elemental source] + Vitamin D3,500 mg+200 IU,Eskayef Pharmaceuticals Ltd.,"Unit Price: ৳ 7.00,(20's pack: ৳ 140.00),,Unit Price: ৳ 7.00,(30's pack: ৳ 210.00),","(20's pack: ৳ 140.00),(30's pack: ৳ 210.00)"
14462,Ostocal D,allopathic,ostocal-dtablet500-mg200-iu,Tablet,Calcium Carbonate [Elemental source] + Vitamin D3,500 mg+200 IU,Eskayef Pharmaceuticals Ltd.,"Unit Price: ৳ 7.00,(20's pack: ৳ 140.00),,Unit Price: ৳ 7.00,(30's pack: ৳ 210.00),","(20's pack: ৳ 140.00),(30's pack: ৳ 210.00)"
14324,Ostocal,allopathic,ostocaltablet500-mg,Tablet,Calcium Carbonate,500 mg,Eskayef Pharmaceuticals Ltd.,"Unit Price: ৳ 4.00,(100's pack: ৳ 400.00),",(100's pack: ৳ 400.00)
14109,Ostium Gold,allopathic,ostium-goldtablet,Tablet,Multivitamin & Multimineral [A-Z gold preparation],,APC Pharma Ltd.,"Unit Price: ৳ 6.00,(15's pack: ৳ 90.00),,Unit Price: ৳ 6.00,(30's pack: ৳ 180.00),","(15's pack: ৳ 90.00),(30's pack: ৳ 180.00)"
14460,Ostimet-D,allopathic,ostimet-dtablet500-mg200-iu,Tablet,Calcium Carbonate [Elemental source] + Vitamin D3,500 mg+200 IU,Virgo Pharmaceuticals Ltd.,"Unit Price: ৳ 5.00,(15's pack: ৳ 75.00),,Unit Price: ৳ 5.00,(30's pack: ৳ 150.00),","(15's pack: ৳ 75.00),(30's pack: ৳ 150.00)"
14326,Ostimet,allopathic,ostimettablet500-mg,Tablet,Calcium Carbonate,500 mg,Virgo Pharmaceuticals Ltd.,"Unit Price: ৳ 3.00,(30's pack: ৳ 90.00),",(30's pack: ৳ 90.00)
14459,Ostim-D,allopathic,ostim-dtablet500-mg200-iu,Tablet,Calcium Carbonate [Elemental source] + Vitamin D3,500 mg+200 IU,Hallmark Pharmaceuticals Ltd.,"Unit Price: ৳ 5.01,(30's pack: ৳ 150.30),",(30's pack: ৳ 150.30)
14323,Ostim,allopathic,ostimtablet500-mg,Tablet,Calcium Carbonate,500 mg,Hallmark Pharmaceuticals Ltd.,"Unit Price: ৳ 2.52,(50's pack: ৳ 126.00),",(50's pack: ৳ 126.00)
15010,Osticare,allopathic,osticaretablet750-mg50-mg,Tablet,Glucosamine Sulfate + Diacerein,750 mg+50 mg,Eskayef Pharmaceuticals Ltd.,"Unit Price: ৳ 12.00,(30's pack: ৳ 360.00),",(30's pack: ৳ 360.00)
15881,Otholon,allopathic,otholonophthalmic-suspension01,Ophthalmic Suspension,Fluorometholone Acetate,0.10%,Navana Pharmaceuticals Ltd.,5 ml drop: ৳ 95.00,
32993,Othera,allopathic,otheraiv-injection40-mgvial,IV Injection,Esomeprazole (MUPS tablet),40 mg/vial,ACI Limited,40 mg vial: ৳ 100.00,
30008,Othera,allopathic,otheramups-tablet40-mg,MUPS Tablet,Esomeprazole (MUPS tablet),40 mg,ACI Limited,"Unit Price: ৳ 15.50,(30's pack: ৳ 465.00),",(30's pack: ৳ 465.00)
29905,Othera,allopathic,otheramups-tablet20-mg,MUPS Tablet,Esomeprazole (MUPS tablet),20 mg,ACI Limited,"Unit Price: ৳ 11.00,(50's pack: ৳ 550.00),",(50's pack: ৳ 550.00)
25991,Otelast,allopathic,otelasttablet30-mg,Tablet,Apremilast,30 mg,Square Pharmaceuticals Ltd.,"Unit Price: ৳ 60.00,(20's pack: ৳ 1,200.00),","(20's pack: ৳ 1,200.00)"
25990,Otelast,allopathic,otelasttablet10-mg,Tablet,Apremilast,10 mg,Square Pharmaceuticals Ltd.,"Unit Price: ৳ 25.00,(20's pack: ৳ 500.00),",(20's pack: ৳ 500.00)
1921,Osyn-20,allopathic,osyn-20capsule-delayed-release20-mg,Capsule (Delayed Release),Omeprazole,20 mg,MST Pharma,"Unit Price: ৳ 4.00,(60's pack: ৳ 240.00),",(60's pack: ৳ 240.00)
13524,Ostriol,allopathic,ostriolcapsule025-mcg,Capsule,Calcitriol,0.25 mcg,NIPRO JMI Pharma Ltd.,"Unit Price: ৳ 10.03,(30's pack: ৳ 300.90),",(30's pack: ৳ 300.90)
29964,Ostovit D,allopathic,ostovit-deffervescent-tablet1000-mg327-mg500-mg400-iu,Effervescent Tablet,Calcium Lactate Gluconate + Calcium Carbonate + Vitamin C + Vitamin D3,1000 mg+327 mg+500 mg+400 IU,Eskayef Pharmaceuticals Ltd.,"Unit Price: ৳ 8.00,(10's pack: ৳ 80.00),",(10's pack: ৳ 80.00)
28418,Ostovit D,allopathic,ostovit-dcapsule40000-iu,Capsule,Colecalciferol [Vitamin D3],40000 IU,Eskayef Pharmaceuticals Ltd.,"Unit Price: ৳ 35.00,(12's pack: ৳ 420.00),",(12's pack: ৳ 420.00)
28417,Ostovit D,allopathic,ostovit-dcapsule20000-iu,Capsule,Colecalciferol [Vitamin D3],20000 IU,Eskayef Pharmaceuticals Ltd.,"Unit Price: ৳ 20.00,(10's pack: ৳ 200.00),",(10's pack: ৳ 200.00)
28416,Ostovit D,allopathic,ostovit-dtablet1000-iu,Tablet,Colecalciferol [Vitamin D3],1000 IU,Eskayef Pharmaceuticals Ltd.,"Unit Price: ৳ 2.00,(50's pack: ৳ 100.00),",(50's pack: ৳ 100.00)
19794,Ostorin,allopathic,ostorintablet750-mg50-mg,Tablet,Glucosamine Sulfate + Diacerein,750 mg+50 mg,Ibn Sina Pharmaceuticals Ltd.,"Unit Price: ৳ 12.00,(30's pack: ৳ 360.00),",(30's pack: ৳ 360.00)
30868,Ostoref DX,allopathic,ostoref-dxtablet600-mg400-iu,Tablet,Calcium Carbonate [Coral source] + Vitamin D3,600 mg+400 IU,Opsonin Pharma Ltd.,"Unit Price: ৳ 15.00,(30's pack: ৳ 450.00),",(30's pack: ৳ 450.00)
27065,Ostoref D,allopathic,ostoref-dtablet500-mg200-iu,Tablet,Calcium Carbonate [Coral source] + Vitamin D3,500 mg+200 IU,Opsonin Pharma Ltd.,"Unit Price: ৳ 10.00,(30's pack: ৳ 300.00),",(30's pack: ৳ 300.00)
18497,Ostorate,allopathic,ostoratetablet740-mg,Tablet,Calcium Orotate,740 mg,Opso Saline Ltd.,"Unit Price: ৳ 10.00,(30's pack: ৳ 300.00),",(30's pack: ৳ 300.00)
16233,OTO-Plus,allopathic,oto-plusear-drop51,Ear Drop,Chloramphenicol + Lidocaine Hydrochloride,5%+1%,Edruc Limited,10 ml drop: ৳ 20.00,
18638,Oticlor,allopathic,oticlorcapsule500-mg,Capsule,Cefaclor Monohydrate,500 mg,Incepta Pharmaceuticals Ltd.,"Unit Price: ৳ 40.00,(12's pack: ৳ 480.00),",(12's pack: ৳ 480.00)
7131,Oticlor,allopathic,oticlorpediatric-drops125-mg125-ml,Pediatric Drops,Cefaclor Monohydrate,125 mg/1.25 ml,Incepta Pharmaceuticals Ltd.,15 ml bottle: ৳ 125.00,
7130,Oticlor,allopathic,oticlorpowder-for-suspension125-mg5-ml,Powder for Suspension,Cefaclor Monohydrate,125 mg/5 ml,Incepta Pharmaceuticals Ltd.,100 ml bottle: ৳ 180.00,
27873,Oticef,allopathic,oticefcapsule500-mg,Capsule,Cefaclor Monohydrate,500 mg,Alco Pharma Ltd.,"Unit Price: ৳ 40.12,(12's pack: ৳ 481.44),",(12's pack: ৳ 481.44)
7143,Oticef,allopathic,oticefpediatric-drops125-mg125-ml,Pediatric Drops,Cefaclor Monohydrate,125 mg/1.25 ml,Alco Pharma Ltd.,15 ml bottle: ৳ 125.38,
7142,Oticef,allopathic,oticefpowder-for-suspension125-mg5-ml,Powder for Suspension,Cefaclor Monohydrate,125 mg/5 ml,Alco Pharma Ltd.,100 ml bottle: ৳ 200.60,
18496,Ostorate,allopathic,ostoratetablet400-mg,Tablet,Calcium Orotate,400 mg,Opso Saline Ltd.,"Unit Price: ৳ 8.00,(30's pack: ৳ 240.00),",(30's pack: ৳ 240.00)
14464,Ostoplus-D,allopathic,ostoplus-dtablet500-mg200-iu,Tablet,Calcium Carbonate [Elemental source] + Vitamin D3,500 mg+200 IU,Desh Pharmaceuticals Ltd.,"Unit Price: ৳ 4.00,(15's pack: ৳ 60.00),,Unit Price: ৳ 4.00,(30's pack: ৳ 120.00),,Unit Price: ৳ 4.00,(50's pack: ৳ 200.00),","(15's pack: ৳ 60.00),(30's pack: ৳ 120.00),(50's pack: ৳ 200.00)"
32765,Ostoplus-Coral DX,allopathic,ostoplus-coral-dxtablet600-mg400-iu,Tablet,Calcium Carbonate [Coral source] + Vitamin D3,600 mg+400 IU,Desh Pharmaceuticals Ltd.,"Unit Price: ৳ 14.00,(30's pack: ৳ 420.00),",(30's pack: ৳ 420.00)
14330,Ostoplus,allopathic,ostoplustablet500-mg,Tablet,Calcium Carbonate,500 mg,Desh Pharmaceuticals Ltd.,"Unit Price: ৳ 2.00,(50's pack: ৳ 100.00),",(50's pack: ৳ 100.00)
14950,Ostometa,allopathic,ostometaiv-infusion4-mg5-ml,IV Infusion,Zoledronic Acid [For hypercalcemia],4 mg/5 ml,Techno Drugs Ltd.,"4 mg vial: ৳ 5,000.00",
422,Ostomax D,allopathic,ostomax-dtablet70-mg2800-iu,Tablet,Alendronic Acid + Vitamin D3,70 mg+2800 IU,Eskayef Pharmaceuticals Ltd.,"Unit Price: ৳ 25.00,(8's pack: ৳ 200.00),",(8's pack: ৳ 200.00)
30521,Ostomax,allopathic,ostomaxtablet70-mg,Tablet,Alendronic acid,70 mg,Eskayef Pharmaceuticals Ltd.,Unit Price: ৳ 25.00,
5960,Ovuclon,allopathic,ovuclontablet100-mg,Tablet,Clomiphene Citrate,100 mg,Incepta Pharmaceuticals Ltd.,"Unit Price: ৳ 18.00,(20's pack: ৳ 360.00),",(20's pack: ৳ 360.00)
5959,Ovuclon,allopathic,ovuclontablet50-mg,Tablet,Clomiphene Citrate,50 mg,Incepta Pharmaceuticals Ltd.,"Unit Price: ৳ 10.00,(30's pack: ৳ 300.00),",(30's pack: ৳ 300.00)
20082,Ovostat Gold,allopathic,ovostat-goldtablet00375-mg075-mg,Tablet,Ethinyl Estradiol + Lynestrenol (0.0375 mg),0.0375 mg+0.75 mg,Nuvista Pharma Ltd.,22 tablet pack: ৳ 70.18,
28005,Ovocal-DX,allopathic,ovocal-dxtablet600-mg400-iu,Tablet,Calcium Carbonate [Eggshell Source] + Vitamin D3,600 mg+400 IU,Beacon Pharmaceuticals Ltd.,"Unit Price: ৳ 15.00,(30's pack: ৳ 450.00),",(30's pack: ৳ 450.00)
28004,Ovocal-D,allopathic,ovocal-dtablet500-mg200-iu,Tablet,Calcium Carbonate [Eggshell Source] + Vitamin D3,500 mg+200 IU,Beacon Pharmaceuticals Ltd.,"Unit Price: ৳ 10.00,(30's pack: ৳ 300.00),",(30's pack: ৳ 300.00)
29520,Ovit-A,allopathic,ovit-acapsule200000-iu,Capsule,Vitamin A,200000 IU,Opsonin Pharma Ltd.,"Unit Price: ৳ 6.33,(100's pack: ৳ 633.00),",(100's pack: ৳ 633.00)
13494,Ovit-A,allopathic,ovit-acapsule50000-iu,Capsule,Vitamin A,50000 IU,Opsonin Pharma Ltd.,"Unit Price: ৳ 1.93,(100's pack: ৳ 193.00),",(100's pack: ৳ 193.00)
5955,Ovidrel,allopathic,ovidrelinjection250-mcg05-ml,Injection,Choriogonadotropin Alpha,250 mcg/0.5 ml,Merck,"0.5 ml pre-filled syringe: ৳ 2,383.00",
5879,Ovestin,allopathic,ovestinvaginal-cream01,Vaginal Cream,Estriol (Vaginal),0.10%,Nuvista Pharma Ltd.,"15 gm tube: ৳ 1,265.00",
5878,Ovestin,allopathic,ovestintablet1-mg,Tablet,Estriol (Oral),1 mg,Nuvista Pharma Ltd.,"Unit Price: ৳ 9.93,(30's pack: ৳ 297.90),",(30's pack: ৳ 297.90)
9584,Ovel TS,allopathic,ovel-tsophthalmic-solution15,Ophthalmic Solution,Levofloxacin (Ophthalmic),1.50%,Aristopharma Ltd.,5 ml drop: ৳ 130.00,
9574,Ovel,allopathic,ovelophthalmic-solution05,Ophthalmic Solution,Levofloxacin (Ophthalmic),0.50%,Aristopharma Ltd.,5 ml drop: ৳ 90.00,
9517,Ovel,allopathic,oveltablet500-mg,Tablet,Levofloxacin Hemihydrate,500 mg,Aristopharma Ltd.,"Unit Price: ৳ 15.00,(30's pack: ৳ 450.00),",(30's pack: ৳ 450.00)
26375,Ovazol,allopathic,ovazoltablet25-mg,Tablet,Letrozole,2.5 mg,ACI Limited,"Unit Price: ৳ 40.00,(5's pack: ৳ 200.00),",(5's pack: ৳ 200.00)
32816,Ovaxa,allopathic,ovaxacapsule100-mg,Capsule,Niraparib,100 mg,Jenphar Bangladesh Ltd.,,
21470,Ovanil,allopathic,ovanilsyrup40-mg5-ml,Syrup,Levamisole,40 mg/5 ml,Pharmik Laboratories Ltd.,"15 ml bottle: ৳ 14.00,30 ml bottle: ৳ 17.00",
30151,Oxagon,allopathic,oxagoniv-injection100-mcgml,IV Injection,Carbetocin,100 mcg/ml,Healthcare Pharmaceuticals Ltd.,1 ml ampoule: ৳ 150.00,
6370,Oxacol,allopathic,oxacolcapsule500-mg,Capsule,Flucloxacillin Sodium,500 mg,Ad-din Pharmaceuticals Ltd.,"Unit Price: ৳ 9.00,(30's pack: ৳ 270.00),",(30's pack: ৳ 270.00)
8329,Oxacin,allopathic,oxacincapsule250-mg,Capsule,Oxytetracycline,250 mg,Doctor’s Chemical Works Ltd.,"Unit Price: ৳ 5.50,(100's pack: ৳ 550.00),",(100's pack: ৳ 550.00)
29420,Oxaban,allopathic,oxabantablet10-mg,Tablet,Rivaroxaban,10 mg,UniMed UniHealth,"Unit Price: ৳ 25.00,(20's pack: ৳ 500.00),",(20's pack: ৳ 500.00)
5962,Ovulet,allopathic,ovulettablet100-mg,Tablet,Clomiphene Citrate,100 mg,Renata Limited,"Unit Price: ৳ 18.06,(5's pack: ৳ 90.30),",(5's pack: ৳ 90.30)
5961,Ovulet,allopathic,ovulettablet50-mg,Tablet,Clomiphene Citrate,50 mg,Renata Limited,"Unit Price: ৳ 10.04,(10's pack: ৳ 100.40),",(10's pack: ৳ 100.40)
27101,Ovacon Gold,allopathic,ovacon-goldtablet00375-mg075-mg,Tablet,Ethinyl Estradiol + Lynestrenol (0.0375 mg),0.0375 mg+0.75 mg,Jenphar Bangladesh Ltd.,22 tablet pack: ৳ 66.21,
12831,OTsol,allopathic,otsolhand-rub0570,Hand Rub,Chlorhexidine Gluconate + Isopropyl alcohol,0.5%+70%,Medicon Pharmaceuticals Ltd.,"50 ml bottle: ৳ 38.63,250 ml bottle: ৳ 127.26",
15895,Otosporin,allopathic,otosporinear-drop10-mg3400-units10000-unitsml,Ear Drop,Hydrocortisone + Neomycin Sulphate + Polymixin B,(10 mg+3400 Units+10000 Units)/ml,GlaxoSmithKline,5 ml drop: ৳ 60.00,
23927,Otosil,allopathic,otosiltablet10-mg,Tablet,Promethazine Hydrochloride,10 mg,Opsonin Pharma Ltd.,"Unit Price: ৳ 0.31,(100's pack: ৳ 31.00),",(100's pack: ৳ 31.00)
23926,Otosil,allopathic,otosiltablet25-mg,Tablet,Promethazine Hydrochloride,25 mg,Opsonin Pharma Ltd.,"Unit Price: ৳ 0.44,(100's pack: ৳ 44.00),",(100's pack: ৳ 44.00)
4662,Otosil,allopathic,otosiloral-solution5-mg5-ml,Oral Solution,Promethazine Hydrochloride,5 mg/5 ml,Opsonin Pharma Ltd.,"60 ml bottle: ৳ 14.73,100 ml bottle: ৳ 24.55",
2152,Otonix,allopathic,otonixtablet-enteric-coated40-mg,Tablet (Enteric Coated),Pantoprazole Sodium Sesquihydrate,40 mg,Peoples Pharma Ltd.,"Unit Price: ৳ 5.00,(50's pack: ৳ 250.00),",(50's pack: ৳ 250.00)
2151,Otonix,allopathic,otonixtablet-enteric-coated20-mg,Tablet (Enteric Coated),Pantoprazole Sodium Sesquihydrate,20 mg,Peoples Pharma Ltd.,"Unit Price: ৳ 3.00,(50's pack: ৳ 150.00),",(50's pack: ৳ 150.00)
12449,Oxifun,allopathic,oxifuncream1,Cream,Oxiconazole Nitrate,1%,Square Pharmaceuticals Ltd.,10 gm tube: ৳ 50.35,
11634,Oxiflam,allopathic,oxiflamtablet20-mg,Tablet,Tenoxicam,20 mg,Ibn Sina Pharmaceuticals Ltd.,"Unit Price: ৳ 8.00,(30's pack: ৳ 240.00),",(30's pack: ৳ 240.00)
30652,Oxid,allopathic,oxidtablet6-mg200-mg50-mg,Tablet,Betacarotene + Vitamin C + Vitamin E,6 mg+200 mg+50 mg,Medicon Pharmaceuticals Ltd.,"Unit Price: ৳ 2.50,(20's pack: ৳ 50.00),",(20's pack: ৳ 50.00)
11627,Oxicam,allopathic,oxicamtablet20-mg,Tablet,Tenoxicam,20 mg,ACI Limited,"Unit Price: ৳ 8.05,(30's pack: ৳ 241.50),",(30's pack: ৳ 241.50)
14032,Oxfort,allopathic,oxforttablet6-mg200-mg50-mg,Tablet,Betacarotene + Vitamin C + Vitamin E,6 mg+200 mg+50 mg,Reman Drug Laboratories Ltd.,"Unit Price: ৳ 2.50,(20's pack: ৳ 50.00),",(20's pack: ৳ 50.00)
4947,Oxetol,allopathic,oxetoltablet300-mg,Tablet,Oxcarbazepine,300 mg,Sun Pharmaceutical Ltd.,"Unit Price: ৳ 11.83,(50's pack: ৳ 591.50),",(50's pack: ৳ 591.50)
4946,Oxetol,allopathic,oxetoltablet150-mg,Tablet,Oxcarbazepine,150 mg,Sun Pharmaceutical Ltd.,"Unit Price: ৳ 7.02,(50's pack: ৳ 351.00),",(50's pack: ৳ 351.00)
4510,Oxetin,allopathic,oxetincapsule20-mg,Capsule,Fluoxetine Hydrochloride,20 mg,Decent Pharma Laboratories Ltd.,"Unit Price: ৳ 2.90,(50's pack: ৳ 145.00),",(50's pack: ৳ 145.00)
8324,Oxecylin,allopathic,oxecylincapsule250-mg,Capsule,Oxytetracycline,250 mg,ACME Laboratories Ltd.,"Unit Price: ৳ 2.00,(100's pack: ৳ 200.00),",(100's pack: ৳ 200.00)
26528,Oxecone-S,allopathic,oxecone-soral-suspension400-mg400-mg30-mg5-ml,Oral Suspension,Aluminium Hydroxide + Magnesium Hydroxide + Simethicone,(400 mg+400 mg+30 mg)/5 ml,ACME Laboratories Ltd.,200 ml bottle: ৳ 75.22,
16605,Oxecone-MS,allopathic,oxecone-msoral-suspension480-mg20-mg5-ml,Oral Suspension,Magaldrate + Simethicone,(480 mg+20 mg)/5 ml,ACME Laboratories Ltd.,200 ml bottle: ৳ 100.30,
16582,Oxecone-M,allopathic,oxecone-moral-suspension400-mg5-ml,Oral Suspension,Magaldrate,400 mg/5 ml,ACME Laboratories Ltd.,200 ml bottle: ৳ 54.36,
26527,Oxecone,allopathic,oxeconeoral-suspension250-mg400-mg5-ml,Oral Suspension,Aluminium Hydroxide + Magnesium Hydroxide,(250 mg+400 mg)/5 ml,ACME Laboratories Ltd.,200 ml bottle: ৳ 57.50,
33075,Oxcarb XR,allopathic,oxcarb-xrtablet-extended-release600-mg,Tablet (Extended Release),Oxcarbazepine,600 mg,Renata Limited,Unit Price: ৳ 30.00,
33074,Oxcarb XR,allopathic,oxcarb-xrtablet-extended-release300-mg,Tablet (Extended Release),Oxcarbazepine,300 mg,Renata Limited,Unit Price: ৳ 18.00,
33073,Oxcarb XR,allopathic,oxcarb-xrtablet-extended-release150-mg,Tablet (Extended Release),Oxcarbazepine,150 mg,Renata Limited,Unit Price: ৳ 10.00,
26376,Oxima,allopathic,oximainhalation-capsule150-mcg,Inhalation Capsule,Indacaterol Maleate,150 mcg,ACI Limited,"Unit Price: ৳ 35.00,(20's pack: ৳ 700.00),",(20's pack: ৳ 700.00)
26542,Oxigel Wash,allopathic,oxigel-washtopical-gel5,Topical Gel,Benzoyl Peroxide,5%,UniMed UniHealth,50 gm tube: ৳ 400.00,
12776,Oxigel,allopathic,oxigeltopical-gel5,Topical Gel,Benzoyl Peroxide,5%,UniMed UniHealth,20 gm tube: ৳ 200.00,
12775,Oxigel,allopathic,oxigeltopical-gel25,Topical Gel,Benzoyl Peroxide,2.50%,UniMed UniHealth,20 gm tube: ৳ 150.00,
3165,Oxifyl CR,allopathic,oxifyl-crtablet-controlled-release400-mg,Tablet (Controlled Release),Pentoxifylline,400 mg,Square Pharmaceuticals Ltd.,"Unit Price: ৳ 7.04,(30's pack: ৳ 211.20),",(30's pack: ৳ 211.20)
23238,Oxifun,allopathic,oxifunlotion1,Lotion,Oxiconazole Nitrate,1%,Square Pharmaceuticals Ltd.,30 ml bottle: ৳ 135.00,
29806,Oxator,allopathic,oxatoriv-infusion5-mgml,IV Infusion,Oxaliplatin,5 mg/ml,Eskayef Pharmaceuticals Ltd.,"50 mg vial: ৳ 3,000.00,100 mg vial: ৳ 5,500.00",
4518,Oxat,allopathic,oxattablet20-mg,Tablet,Paroxetine Hydrochloride,20 mg,Square Pharmaceuticals Ltd.,"Unit Price: ৳ 12.03,(40's pack: ৳ 481.20),",(40's pack: ৳ 481.20)
4479,Oxapro,allopathic,oxaprotablet10-mg,Tablet,Escitalopram Oxalate,10 mg,Square Pharmaceuticals Ltd.,"Unit Price: ৳ 12.00,(30's pack: ৳ 360.00),",(30's pack: ৳ 360.00)
4478,Oxapro,allopathic,oxaprotablet5-mg,Tablet,Escitalopram Oxalate,5 mg,Square Pharmaceuticals Ltd.,"Unit Price: ৳ 7.00,(30's pack: ৳ 210.00),",(30's pack: ৳ 210.00)
15130,Oxalotin,allopathic,oxalotiniv-infusion5-mgml,IV Infusion,Oxaliplatin,5 mg/ml,Techno Drugs Ltd.,"50 mg vial: ৳ 3,000.00,100 mg vial: ৳ 5,500.00",
17341,Oxaliplatin SANDOZ,allopathic,oxaliplatin-sandoziv-infusion5-mgml,IV Infusion,Oxaliplatin,5 mg/ml,SANDOZ (A Novartis Division),"50 mg vial: ৳ 3,592.90,100 mg vial: ৳ 6,592.92",
17347,Oxaliplatin AqVida,allopathic,oxaliplatin-aqvidaiv-infusion5-mgml,IV Infusion,Oxaliplatin,5 mg/ml,AqVida GmbH,"50 mg vial: ৳ 3,693.00,100 mg vial: ৳ 6,249.00",
23228,Oxaliplat,allopathic,oxaliplativ-infusion5-mgml,IV Infusion,Oxaliplatin,5 mg/ml,Healthcare Pharmaceuticals Ltd.,"50 mg vial: ৳ 2,998.00,100 mg vial: ৳ 5,498.00",
32798,Oxyface,allopathic,oxyfacecream1,Cream,Oxymetazoline Hydrochloride (Cream),1%,Navana Pharmaceuticals Ltd.,50 gm tube: ৳ 350.00,
16288,Oxydrop,allopathic,oxydropnasal-drop0025,Nasal Drop,Oxymetazoline Hydrochloride (Nasal Preparation),0.03%,NIPRO JMI Pharma Ltd.,10 ml drop: ৳ 40.00,
16287,Oxydrop,allopathic,oxydropnasal-drop005,Nasal Drop,Oxymetazoline Hydrochloride (Nasal Preparation),0.05%,NIPRO JMI Pharma Ltd.,10 ml drop: ৳ 45.00,
2440,Oxycol,allopathic,oxycoltablet300-mg,Tablet,Ursodeoxycholic Acid,300 mg,UniMed UniHealth,"Unit Price: ৳ 36.00,(20's pack: ৳ 720.00),",(20's pack: ৳ 720.00)
2439,Oxycol,allopathic,oxycoltablet150-mg,Tablet,Ursodeoxycholic Acid,150 mg,UniMed UniHealth,"Unit Price: ৳ 20.00,(20's pack: ৳ 400.00),",(20's pack: ৳ 400.00)
16228,Oxycaine,allopathic,oxycaineophthalmic-solution04,Ophthalmic Solution,Oxybuprocaine Hydrochloride,0.40%,Reman Drug Laboratories Ltd.,10 ml drop: ৳ 50.43,
23246,Oxrin,allopathic,oxrinnasal-drop0025,Nasal Drop,Oxymetazoline Hydrochloride (Nasal Preparation),0.03%,Globe Pharmaceuticals Ltd.,10 ml drop: ৳ 40.00,
23245,Oxrin,allopathic,oxrinnasal-drop005,Nasal Drop,Oxymetazoline Hydrochloride (Nasal Preparation),0.05%,Globe Pharmaceuticals Ltd.,10 ml drop: ৳ 45.00,
27393,Oxpro,allopathic,oxprotablet500-mg,Tablet,Ciprofloxacin,500 mg,United Pharmaceuticals Ltd.,"Unit Price: ৳ 12.00,(30's pack: ৳ 360.00),",(30's pack: ৳ 360.00)
27392,Oxpro,allopathic,oxprotablet250-mg,Tablet,Ciprofloxacin,250 mg,United Pharmaceuticals Ltd.,"Unit Price: ৳ 7.00,(30's pack: ৳ 210.11),",(30's pack: ৳ 210.11)
26097,Oxofyline,allopathic,oxofylinetablet400-mg,Tablet,Doxophylline,400 mg,Healthcare Pharmaceuticals Ltd.,"Unit Price: ৳ 10.00,(50's pack: ৳ 500.00),",(50's pack: ৳ 500.00)
26096,Oxofyline,allopathic,oxofylinetablet200-mg,Tablet,Doxophylline,200 mg,Healthcare Pharmaceuticals Ltd.,"Unit Price: ৳ 6.00,(50's pack: ৳ 300.00),",(50's pack: ৳ 300.00)
30885,Oxizol,allopathic,oxizollotion1,Lotion,Oxiconazole Nitrate,1%,Incepta Pharmaceuticals Ltd.,30 ml bottle: ৳ 135.00,
30782,Oxizol,allopathic,oxizolcream1,Cream,Oxiconazole Nitrate,1%,Incepta Pharmaceuticals Ltd.,10 gm tube: ৳ 50.00,
14035,Oxivit,allopathic,oxivittablet6-mg200-mg50-mg,Tablet,Betacarotene + Vitamin C + Vitamin E,6 mg+200 mg+50 mg,Pharmadesh Laboratories Ltd.,"Unit Price: ৳ 3.75,(20's pack: ৳ 75.00),",(20's pack: ৳ 75.00)
14034,Oxitab,allopathic,oxitabtablet6-mg200-mg50-mg,Tablet,Betacarotene + Vitamin C + Vitamin E,6 mg+200 mg+50 mg,MST Pharma,"Unit Price: ৳ 2.50,(20's pack: ৳ 50.00),",(20's pack: ৳ 50.00)
16279,Oxynex,allopathic,oxynexnasal-drop005,Nasal Drop,Oxymetazoline Hydrochloride (Nasal Preparation),0.05%,Opsonin Pharma Ltd.,10 ml drop: ৳ 45.00,
23250,Oxymet,allopathic,oxymetnasal-drop0025,Nasal Drop,Oxymetazoline Hydrochloride (Nasal Preparation),0.03%,Opso Saline Ltd.,10 ml drop: ৳ 40.00,
23249,Oxymet,allopathic,oxymetnasal-drop005,Nasal Drop,Oxymetazoline Hydrochloride (Nasal Preparation),0.05%,Opso Saline Ltd.,10 ml drop: ৳ 45.00,
32428,Oxyfer,allopathic,oxyferiv-injection-or-infusion1-gm20-ml,IV Injection or Infusion,Ferric Carboxymaltose,1 gm/20 ml,Ibn Sina Pharmaceuticals Ltd.,"20 ml vial: ৳ 1,300.00",
32427,Oxyfer,allopathic,oxyferiv-injection-or-infusion750-mg15-ml,IV Injection or Infusion,Ferric Carboxymaltose,750 mg/15 ml,Ibn Sina Pharmaceuticals Ltd.,"15 ml vial: ৳ 1,000.00",
32426,Oxyfer,allopathic,oxyferiv-injection-or-infusion500-mg10-ml,IV Injection or Infusion,Ferric Carboxymaltose,500 mg/10 ml,Ibn Sina Pharmaceuticals Ltd.,10 ml vial: ৳ 700.00,
30956,OxyFast,allopathic,oxyfastnasal-spray005,Nasal Spray,Oxymetazoline Hydrochloride (Nasal Preparation),0.05%,NIPRO JMI Pharma Ltd.,200 metered spray: ৳ 100.00,
28682,Oxiquin,allopathic,oxiquintablet400-mg,Tablet,Hydroxychloroquine Sulphate,400 mg,Orion Pharma Ltd.,"Unit Price: ৳ 23.00,(30's pack: ৳ 690.00),",(30's pack: ৳ 690.00)
28681,Oxiquin,allopathic,oxiquintablet200-mg,Tablet,Hydroxychloroquine Sulphate,200 mg,Orion Pharma Ltd.,"Unit Price: ৳ 15.00,(30's pack: ৳ 450.00),",(30's pack: ৳ 450.00)
23227,Oxiplat,allopathic,oxiplativ-infusion5-mgml,IV Infusion,Oxaliplatin,5 mg/ml,Drug International Ltd.,"50 mg vial: ৳ 2,500.00,100 mg vial: ৳ 5,000.00",
23235,Oxipin,allopathic,oxipintablet300-mg,Tablet,Oxcarbazepine,300 mg,Innovative Pharma (Albion),"Unit Price: ৳ 13.00,(50's pack: ৳ 650.00),",(50's pack: ৳ 650.00)
31540,Oxima Plus,allopathic,oxima-plusinhalation-capsule110-mcg50-mcg,Inhalation Capsule,Indacaterol + Glycopyrronium,110 mcg+50 mcg,ACI Limited,"Unit Price: ৳ 35.00,(20's pack: ৳ 700.00),",(20's pack: ৳ 700.00)
27552,Oxima,allopathic,oximainhalation-capsule75-mcg,Inhalation Capsule,Indacaterol Maleate,75 mcg,ACI Limited,"Unit Price: ৳ 18.00,(30's pack: ৳ 540.00),",(30's pack: ৳ 540.00)
26377,Oxima,allopathic,oximainhalation-capsule300-mcg,Inhalation Capsule,Indacaterol Maleate,300 mcg,ACI Limited,"Unit Price: ৳ 65.00,(10's pack: ৳ 650.00),",(10's pack: ৳ 650.00)
10860,P-Cool,allopathic,p-coolcream1510,Cream,Methyl Salicylate + Menthol,15%+10%,Alco Pharma Ltd.,"10 gm tube: ৳ 27.00,25 gm tube: ৳ 45.00",
6953,P-Cef DS,allopathic,p-cef-dspowder-for-suspension250-mg5-ml,Powder for Suspension,Cephradine,250 mg/5 ml,Pharmadesh Laboratories Ltd.,100 ml bottle: ৳ 120.45,
6954,P-Cef,allopathic,p-cefpediatric-drops125-mg125-ml,Pediatric Drops,Cephradine,125 mg/1.25 ml,Pharmadesh Laboratories Ltd.,15 ml bottle: ৳ 50.18,
6952,P-Cef,allopathic,p-cefpowder-for-suspension125-mg5-ml,Powder for Suspension,Cephradine,125 mg/5 ml,Pharmadesh Laboratories Ltd.,100 ml bottle: ৳ 78.00,
6951,P-Cef,allopathic,p-cefcapsule500-mg,Capsule,Cephradine,500 mg,Pharmadesh Laboratories Ltd.,"Unit Price: ৳ 12.05,(20's pack: ৳ 241.00),",(20's pack: ৳ 241.00)
16230,P-caine,allopathic,p-caineophthalmic-solution05,Ophthalmic Solution,Proparacaine Hydrochloride,0.50%,Popular Pharmaceuticals Ltd.,10 ml drop: ৳ 150.00,
2154,P-40,allopathic,p-40tablet-enteric-coated40-mg,Tablet (Enteric Coated),Pantoprazole Sodium Sesquihydrate,40 mg,Asiatic Laboratories Ltd.,"Unit Price: ৳ 6.00,(50's pack: ৳ 300.00),",(50's pack: ৳ 300.00)
2153,P-20,allopathic,p-20tablet-enteric-coated20-mg,Tablet (Enteric Coated),Pantoprazole Sodium Sesquihydrate,20 mg,Asiatic Laboratories Ltd.,"Unit Price: ৳ 4.00,(50's pack: ৳ 200.00),",(50's pack: ৳ 200.00)
10278,P Phos,allopathic,p-phostablet15-mg,Tablet,Primaquine Phosphate,15 mg,Hudson Pharmaceuticals Ltd.,"Unit Price: ৳ 0.62,(100's pack: ৳ 62.00),",(100's pack: ৳ 62.00)
2401,P Lac,allopathic,p-lacoral-solution335-gm5-ml,Oral Solution,Lactulose,3.35 gm/5 ml,Pharmadesh Laboratories Ltd.,100 ml bottle: ৳ 93.12,
1922,Ozole,allopathic,ozolecapsule-delayed-release20-mg,Capsule (Delayed Release),Omeprazole,20 mg,Peoples Pharma Ltd.,"Unit Price: ৳ 4.50,(90's pack: ৳ 405.00),",(90's pack: ৳ 405.00)
25298,Ozink-B,allopathic,ozink-bsyrup,Syrup,Vitamin B Complex + Zinc,,One Pharma Ltd.,100 ml bottle: ৳ 45.00,
27093,Ozink,allopathic,ozinksyrup10-mg5-ml,Syrup,Zinc Sulfate Monohydrate,10 mg/5 ml,One Pharma Ltd.,100 ml bottle: ৳ 35.00,
33094,Ozil,allopathic,oziltablet10-mg,Tablet,Olanzapine,10 mg,Goodman Pharmaceuticals Ltd.,"Unit Price: ৳ 4.50,(30's pack: ৳ 135.00),",(30's pack: ৳ 135.00)
33093,Ozil,allopathic,oziltablet5-mg,Tablet,Olanzapine,5 mg,Goodman Pharmaceuticals Ltd.,"Unit Price: ৳ 2.50,(50's pack: ৳ 125.00),",(50's pack: ৳ 125.00)
32952,Oxyzolin,allopathic,oxyzolinnasal-drop005,Nasal Drop,Oxymetazoline Hydrochloride (Nasal Preparation),0.05%,Gaco Pharmaceuticals Ltd.,10 ml drop: ৳ 43.00,
2146,P-Gut,allopathic,p-gutiv-injection40-mgvial,IV Injection,Pantoprazole Sodium Sesquihydrate,40 mg/vial,Globe Pharmaceuticals Ltd.,40 mg vial: ৳ 70.00,
2145,P-Gut,allopathic,p-guttablet-enteric-coated40-mg,Tablet (Enteric Coated),Pantoprazole Sodium Sesquihydrate,40 mg,Globe Pharmaceuticals Ltd.,"Unit Price: ৳ 6.00,(30's pack: ৳ 180.00),",(30's pack: ৳ 180.00)
2144,P-Gut,allopathic,p-guttablet-enteric-coated20-mg,Tablet (Enteric Coated),Pantoprazole Sodium Sesquihydrate,20 mg,Globe Pharmaceuticals Ltd.,"Unit Price: ৳ 4.00,(70's pack: ৳ 280.00),",(70's pack: ৳ 280.00)
1631,P-Don,allopathic,p-donoral-suspension5-mg5-ml,Oral Suspension,Domperidone Maleate,5 mg/5 ml,Pharmadesh Laboratories Ltd.,60 ml bottle: ৳ 27.00,
1630,P-Don,allopathic,p-dontablet10-mg,Tablet,Domperidone Maleate,10 mg,Pharmadesh Laboratories Ltd.,"Unit Price: ৳ 1.50,(100's pack: ৳ 150.00),",(100's pack: ৳ 150.00)
10772,P-Dol,allopathic,p-doltablet325-mg375-mg,Tablet,Paracetamol + Tramadol Hydrochloride,325 mg+37.5 mg,Popular Pharmaceuticals Ltd.,"Unit Price: ৳ 5.00,(30's pack: ৳ 150.00),",(30's pack: ৳ 150.00)
22284,P-Cort,allopathic,p-corttablet5-mg,Tablet,Prednisolone,5 mg,Globe Pharmaceuticals Ltd.,"Unit Price: ৳ 1.70,(100's pack: ৳ 170.00),",(100's pack: ৳ 170.00)
5816,P-Cort,allopathic,p-cortoral-solution5-mg5-ml,Oral Solution,Prednisolone,5 mg/5 ml,Globe Pharmaceuticals Ltd.,50 ml bottle: ৳ 60.00,
32951,Oxyzolin,allopathic,oxyzolinnasal-drop0025,Nasal Drop,Oxymetazoline Hydrochloride (Nasal Preparation),0.03%,Gaco Pharmaceuticals Ltd.,10 ml drop: ৳ 38.00,
29303,Oxyton DS,allopathic,oxyton-dsimiv-injection10-iuml,IM/IV Injection,Oxytocin,10 IU/ml,Renata Limited,"10 IU ampoule: ৳ 25.69,(10's pack: ৳ 256.90),",(10's pack: ৳ 256.90)
15666,Oxyton,allopathic,oxytonimiv-injection5-iuml,IM/IV Injection,Oxytocin,5 IU/ml,Renata Limited,"5 IU ampoule: ৳ 10.00,(10's pack: ৳ 100.00),",(10's pack: ৳ 100.00)
8325,Oxytetracycline,allopathic,oxytetracyclinecapsule250-mg,Capsule,Oxytetracycline,250 mg,Reliance Pharmaceuticals Ltd.,"Unit Price: ৳ 1.50,(60's pack: ৳ 90.00),",(60's pack: ৳ 90.00)
16281,Oxynex,allopathic,oxynexnasal-spray005,Nasal Spray,Oxymetazoline Hydrochloride (Nasal Preparation),0.05%,Opsonin Pharma Ltd.,200 metered sprays: ৳ 80.00,
16280,Oxynex,allopathic,oxynexnasal-drop0025,Nasal Drop,Oxymetazoline Hydrochloride (Nasal Preparation),0.03%,Opsonin Pharma Ltd.,10 ml drop: ৳ 40.00,
2156,Pagerd,allopathic,pagerdtablet-enteric-coated40-mg,Tablet (Enteric Coated),Pantoprazole Sodium Sesquihydrate,40 mg,Organic Health Care Ltd.,"Unit Price: ৳ 6.02,(50's pack: ৳ 301.00),",(50's pack: ৳ 301.00)
2155,Pagerd,allopathic,pagerdtablet-enteric-coated20-mg,Tablet (Enteric Coated),Pantoprazole Sodium Sesquihydrate,20 mg,Organic Health Care Ltd.,"Unit Price: ৳ 4.02,(50's pack: ৳ 201.00),",(50's pack: ৳ 201.00)
24395,Paftrol,allopathic,paftroloral-solution5-mg5-ml,Oral Solution,Rupatadine Fumarate,5 mg/5 ml,Navana Pharmaceuticals Ltd.,50 ml bottle: ৳ 60.00,
12281,Paftrol,allopathic,paftroltablet10-mg,Tablet,Rupatadine Fumarate,10 mg,Navana Pharmaceuticals Ltd.,"Unit Price: ৳ 10.03,(30's pack: ৳ 300.93),",(30's pack: ৳ 300.93)
3033,Pactorin Retard,allopathic,pactorin-retardretard-tablet26-mg,Retard Tablet,Nitroglycerin (Oral preparation),2.6 mg,ACI Limited,"Unit Price: ৳ 5.00,(50's pack: ৳ 250.00),",(50's pack: ৳ 250.00)
20770,Pactorin,allopathic,pactorintopical-spray400-mcgspray,Topical Spray,Nitroglycerin (Sublingual Spray),400 mcg/spray,ACI Limited,200 metered spray: ৳ 250.00,
29807,Paclitor,allopathic,paclitoriv-infusion6-mgml,IV Infusion,Paclitaxel,6 mg/ml,Eskayef Pharmaceuticals Ltd.,"30 mg vial: ৳ 1,700.00,100 mg vial: ৳ 5,000.00,300 mg vial: ৳ 11,500.00",
15136,Paclitex,allopathic,paclitexiv-infusion6-mgml,IV Infusion,Paclitaxel,6 mg/ml,Techno Drugs Ltd.,"30 mg vial: ৳ 1,400.00,100 mg vial: ৳ 4,500.00,300 mg vial: ৳ 10,000.00",
15135,Paclitaxel SANDOZ,allopathic,paclitaxel-sandoziv-infusion6-mgml,IV Infusion,Paclitaxel,6 mg/ml,SANDOZ (A Novartis Division),"30 mg vial: ৳ 5,536.10,100 mg vial: ৳ 1,428.86",
17300,Paclitaxel PhaRes,allopathic,paclitaxel-pharesiv-infusion6-mgml,IV Infusion,Paclitaxel,6 mg/ml,Pharma Resources,"30 mg vial: ৳ 1,978.00,100 mg vial: ৳ 4,522.00",
17346,Paclitaxel AqVida,allopathic,paclitaxel-aqvidaiv-infusion6-mgml,IV Infusion,Paclitaxel,6 mg/ml,AqVida GmbH,"30 mg vial: ৳ 2,012.00,100 mg vial: ৳ 4,800.00",
17272,Paclitaxel Actavis,allopathic,paclitaxel-actavisiv-infusion6-mgml,IV Infusion,Paclitaxel,6 mg/ml,BOTS Pvt. Limited,"100 mg vial: ৳ 5,200.00,260 mg vial: ৳ 14,200.00",
31436,Pacli,allopathic,pacliiv-infusion6-mgml,IV Infusion,Paclitaxel,6 mg/ml,Beximco Pharmaceuticals Ltd.,"30 mg vial: ৳ 2,300.00,100 mg vial: ৳ 5,300.00,300 mg vial: ৳ 11,500.00",
6142,Pacin-V,allopathic,pacin-vtablet250-mg,Tablet,Phenoxymethyl Penicillin [Penicillin V],250 mg,Zenith Pharmaceuticals Ltd.,"Unit Price: ৳ 2.16,(100's pack: ৳ 216.00),",(100's pack: ৳ 216.00)
28584,Pacibion,allopathic,pacibionim-injection100-mg100-mg1-mg3-ml,IM Injection,"Vitamin B1, B6 & B12",(100 mg+100 mg+1 mg)/3 ml,Pacific Pharmaceuticals Ltd.,"3 ml ampoule: ৳ 25.00,(5's pack: ৳ 125.00),",(5's pack: ৳ 125.00)
13688,Pacibion,allopathic,pacibiontablet100-mg200-mg200-mcg,Tablet,"Vitamin B1, B6 & B12",100 mg+200 mg+200 mcg,Pacific Pharmaceuticals Ltd.,"Unit Price: ৳ 7.00,(50's pack: ৳ 350.00),",(50's pack: ৳ 350.00)
11606,Paincare,allopathic,paincaretablet-delayed-release375-mg20-mg,Tablet (Delayed Release),Naproxen Sodium + Esomeprazole Magnesium,375 mg+20 mg,Labaid Pharma Ltd.,"Unit Price: ৳ 12.00,(30's pack: ৳ 360.00),",(30's pack: ৳ 360.00)
32182,Painac-TR,allopathic,painac-trcapsule-timed-release100-mg,Capsule (Timed Release),Diclofenac Sodium,100 mg,Royal Pharmaceutical Ltd.,"Unit Price: ৳ 3.00,(100's pack: ৳ 300.00),",(100's pack: ৳ 300.00)
11062,Pain Zero TR,allopathic,pain-zero-trcapsule-timed-release100-mg,Capsule (Timed Release),Diclofenac Sodium,100 mg,Reliance Pharmaceuticals Ltd.,"Unit Price: ৳ 3.00,(50's pack: ৳ 150.00),",(50's pack: ৳ 150.00)
616,Pacet,allopathic,pacettablet100-mg,Tablet,Amiodarone Hydrochloride,100 mg,Beximco Pharmaceuticals Ltd.,"Unit Price: ৳ 5.03,(30's pack: ৳ 150.88),",(30's pack: ৳ 150.88)
615,Pacet,allopathic,pacettablet200-mg,Tablet,Amiodarone Hydrochloride,200 mg,Beximco Pharmaceuticals Ltd.,"Unit Price: ৳ 10.05,(30's pack: ৳ 301.35),",(30's pack: ৳ 301.35)
10644,Pace,allopathic,pacetablet500-mg65-mg,Tablet,Paracetamol + Caffeine,500 mg+65 mg,Marksman Pharmaceuticals Ltd.,"Unit Price: ৳ 1.51,(200's pack: ৳ 302.00),",(200's pack: ৳ 302.00)
10597,PAC,allopathic,pactablet500-mg65-mg,Tablet,Paracetamol + Caffeine,500 mg+65 mg,Ibn Sina Pharmaceuticals Ltd.,"Unit Price: ৳ 2.50,(200's pack: ৳ 500.00),",(200's pack: ৳ 500.00)
10608,P+C,allopathic,pctablet500-mg65-mg,Tablet,Paracetamol + Caffeine,500 mg+65 mg,Alco Pharma Ltd.,"Unit Price: ৳ 2.50,(100's pack: ৳ 250.01),",(100's pack: ৳ 250.01)
28761,P-Zink,allopathic,p-zinktablet20-mg,Tablet,Zinc Sulfate Monohydrate,20 mg,Popular Pharmaceuticals Ltd.,"Unit Price: ৳ 2.00,(30's pack: ৳ 60.00),",(30's pack: ৳ 60.00)
32550,P-Proton,allopathic,p-protontablet-enteric-coated20-mg,Tablet (Enteric Coated),Pantoprazole Sodium Sesquihydrate,20 mg,Doctor TIMS Pharmaceuticals Ltd.,"Unit Price: ৳ 5.02,(30's pack: ৳ 150.48),",(30's pack: ৳ 150.48)
13890,P-Plex,allopathic,p-plextablet,Tablet,Vitamin B complex,,Prime Pharmaceuticals Ltd.,Unit Price: ৳ 0.44,
23346,P-lock,allopathic,p-locktablet-enteric-coated20-mg,Tablet (Enteric Coated),Pantoprazole Sodium Sesquihydrate,20 mg,One Pharma Ltd.,"Unit Price: ৳ 5.00,(60's pack: ৳ 300.00),",(60's pack: ৳ 300.00)
23345,P-lock,allopathic,p-locktablet-enteric-coated40-mg,Tablet (Enteric Coated),Pantoprazole Sodium Sesquihydrate,40 mg,One Pharma Ltd.,"Unit Price: ৳ 7.00,(30's pack: ৳ 210.00),",(30's pack: ৳ 210.00)
30099,P-L Jelly,allopathic,p-l-jellytopical-gel1-gm-13-gm50-gm,Topical Gel,Hydroxyethyl Cellulose + Glycerin,(1 gm + 1.3 gm)/50 gm,UniMed UniHealth,50 gm tube: ৳ 175.00,
32763,Palcigen,allopathic,palcigencapsule125-mg,Capsule,Palbociclib,125 mg,General Pharmaceuticals Ltd.,"Unit Price: ৳ 400.00,(21's pack: ৳ 8,400.00),","(21's pack: ৳ 8,400.00)"
30747,Palcef DS,allopathic,palcef-dspowder-for-suspension250-mg5-ml,Powder for Suspension,Cefdinir,250 mg/5 ml,Renata Limited,30 ml bottle: ৳ 161.77,
30746,Palcef,allopathic,palcefpowder-for-suspension125-mg5-ml,Powder for Suspension,Cefdinir,125 mg/5 ml,Renata Limited,60 ml bottle: ৳ 176.95,
30745,Palcef,allopathic,palcefcapsule300-mg,Capsule,Cefdinir,300 mg,Renata Limited,"Unit Price: ৳ 45.00,(10's pack: ৳ 450.00),",(10's pack: ৳ 450.00)
33114,Palboxen,allopathic,palboxencapsule125-mg,Capsule,Palbociclib,125 mg,Everest Pharmaceuticals Ltd.,"Unit Price: ৳ 400.00,(21's pack: ৳ 8,400.00),","(21's pack: ৳ 8,400.00)"
26017,Palbocent,allopathic,palbocentcapsule125-mg,Capsule,Palbociclib,125 mg,Incepta Pharmaceuticals Ltd.,"Unit Price: ৳ 400.00,(21's pack: ৳ 8,400.00),","(21's pack: ৳ 8,400.00)"
31178,Palbo,allopathic,palbocapsule125-mg,Capsule,Palbociclib,125 mg,Drug International Ltd.,"Unit Price: ৳ 400.00,(21's pack: ৳ 8,400.00),","(21's pack: ৳ 8,400.00)"
23292,Palanomed,allopathic,palanomedtablet05-mg,Tablet,Palonosetron,0.5 mg,MedRx Life Science Ltd.,Unit Price: ৳ 20.00,
11479,Pairox,allopathic,pairoxtablet500-mg,Tablet,Naproxen Sodium,500 mg,Asiatic Laboratories Ltd.,"Unit Price: ৳ 8.00,(30's pack: ৳ 240.00),",(30's pack: ৳ 240.00)
11478,Pairox,allopathic,pairoxtablet250-mg,Tablet,Naproxen Sodium,250 mg,Asiatic Laboratories Ltd.,"Unit Price: ৳ 5.00,(50's pack: ৳ 250.00),",(50's pack: ৳ 250.00)
15451,Pair,allopathic,pairophthalmic-solution05,Ophthalmic Solution,Ketorolac Tromethamine (Ophthalmic),0.50%,Drug International Ltd.,5 ml drop: ৳ 70.25,
15368,Pair,allopathic,pairimiv-injection30-mgml,IM/IV Injection,Ketorolac Tromethamine,30 mg/ml,Drug International Ltd.,1 ml ampoule: ৳ 55.20,
15367,Pair,allopathic,pairtablet10-mg,Tablet,Ketorolac Tromethamine,10 mg,Drug International Ltd.,"Unit Price: ৳ 12.00,(30's pack: ৳ 360.00),",(30's pack: ৳ 360.00)
17382,Paino,allopathic,painotablet100-mg,Tablet,Aceclofenac,100 mg,Eskayef Pharmaceuticals Ltd.,"Unit Price: ৳ 4.00,(100's pack: ৳ 400.00),",(100's pack: ৳ 400.00)
29166,Painmove,allopathic,painmovecream308,Cream,Methyl Salicylate + Menthol,30%+8%,The White Horse Pharma,25 gm tube: ৳ 60.00,
15436,Painlok,allopathic,painloktablet10-mg,Tablet,Ketorolac Tromethamine,10 mg,Novus Pharmaceuticals Ltd.,"Unit Price: ৳ 10.00,(20's pack: ৳ 200.00),",(20's pack: ৳ 200.00)
4779,Palon,allopathic,palontablet05-mg,Tablet,Palonosetron,0.5 mg,Pharmasia Limited,"Unit Price: ৳ 20.00,(10's pack: ৳ 200.00),",(10's pack: ৳ 200.00)
4778,Palnox,allopathic,palnoxtablet05-mg,Tablet,Palonosetron,0.5 mg,Drug International Ltd.,"Unit Price: ৳ 11.00,(42's pack: ৳ 462.00),",(42's pack: ৳ 462.00)
4776,Palnox,allopathic,palnoxiv-injection025-mg5-ml,IV Injection,Palonosetron,0.25 mg/5 ml,Drug International Ltd.,"5 ml ampoule: ৳ 100.30,(3's pack: ৳ 300.90),",(3's pack: ৳ 300.90)
26016,Palker,allopathic,palkercapsule125-mg,Capsule,Palbociclib,125 mg,Beacon Pharmaceuticals Ltd.,"Unit Price: ৳ 400.00,(21's pack: ৳ 8,400.00),","(21's pack: ৳ 8,400.00)"
25947,Palimax ER,allopathic,palimax-ertablet-extended-release3-mg,Tablet (Extended Release),Paliperidone,3 mg,ACI Limited,"Unit Price: ৳ 7.00,(50's pack: ৳ 350.00),",(50's pack: ৳ 350.00)
25946,Palimax ER,allopathic,palimax-ertablet-extended-release15-mg,Tablet (Extended Release),Paliperidone,1.5 mg,ACI Limited,"Unit Price: ৳ 4.00,(50's pack: ৳ 200.00),",(50's pack: ৳ 200.00)
25945,Palimax ER,allopathic,palimax-ertablet-extended-release6-mg,Tablet (Extended Release),Paliperidone,6 mg,ACI Limited,"Unit Price: ৳ 10.00,(30's pack: ৳ 300.00),",(30's pack: ৳ 300.00)
17381,Painkil,allopathic,painkiltablet100-mg,Tablet,Aceclofenac,100 mg,Veritas Pharmaceuticals Ltd.,"Unit Price: ৳ 4.02,(100's pack: ৳ 402.00),",(100's pack: ৳ 402.00)
10598,Painil Plus,allopathic,painil-plustablet500-mg65-mg,Tablet,Paracetamol + Caffeine,500 mg+65 mg,Kumudini Pharma Ltd.,"Unit Price: ৳ 2.00,(200's pack: ৳ 400.00),",(200's pack: ৳ 400.00)
10469,Painil,allopathic,painiloral-suspension120-mg5-ml,Oral Suspension,Paracetamol,120 mg/5 ml,Kumudini Pharma Ltd.,60 ml bottle: ৳ 20.63,
10468,Painil,allopathic,painiltablet500-mg,Tablet,Paracetamol,500 mg,Kumudini Pharma Ltd.,"Unit Price: ৳ 0.65,(500's pack: ৳ 325.00),",(500's pack: ৳ 325.00)
21284,Painfree,allopathic,painfreetablet10-mg,Tablet,Ketorolac Tromethamine,10 mg,Quality Pharmaceuticals Ltd.,"Unit Price: ৳ 10.00,(40's pack: ৳ 400.00),",(40's pack: ৳ 400.00)
67,Painex,allopathic,painextablet100-mg,Tablet,Aceclofenac,100 mg,Chemist Laboratories  Ltd.,"Unit Price: ৳ 4.00,(100's pack: ৳ 400.00),",(100's pack: ৳ 400.00)
11607,Paincare,allopathic,paincaretablet-delayed-release500-mg20-mg,Tablet (Delayed Release),Naproxen Sodium + Esomeprazole Magnesium,500 mg+20 mg,Labaid Pharma Ltd.,"Unit Price: ৳ 15.00,(30's pack: ৳ 450.00),",(30's pack: ৳ 450.00)
4775,Paloxi,allopathic,paloxiiv-injection025-mg5-ml,IV Injection,Palonosetron,0.25 mg/5 ml,Beacon Pharmaceuticals Ltd.,5 ml ampoule: ৳ 100.30,
4774,Paloxi,allopathic,paloxiiv-injection0075-mg15-ml,IV Injection,Palonosetron,0.075 mg/1.5 ml,Beacon Pharmaceuticals Ltd.,1.5 ml ampoule: ৳ 75.23,
4773,Paloxi,allopathic,paloxicapsule05-mg,Capsule,Palonosetron,0.5 mg,Beacon Pharmaceuticals Ltd.,"Unit Price: ৳ 22.00,(20's pack: ৳ 440.00),",(20's pack: ৳ 440.00)
29022,Palotic,allopathic,paloticiv-injection025-mg5-ml,IV Injection,Palonosetron,0.25 mg/5 ml,Popular Pharmaceuticals Ltd.,5 ml ampoule: ৳ 345.00,
26479,Palotic,allopathic,palotictablet05-mg,Tablet,Palonosetron,0.5 mg,Popular Pharmaceuticals Ltd.,"Unit Price: ৳ 20.00,(20's pack: ৳ 400.00),",(20's pack: ৳ 400.00)
26478,Palotic,allopathic,paloticiv-injection0075-mg15-ml,IV Injection,Palonosetron,0.075 mg/1.5 ml,Popular Pharmaceuticals Ltd.,"1.5 ml ampoule: ৳ 75.00,(5's pack: ৳ 375.00),",(5's pack: ৳ 375.00)
23291,Palostat,allopathic,palostativ-injection025-mg5-ml,IV Injection,Palonosetron,0.25 mg/5 ml,Ibn Sina Pharmaceuticals Ltd.,5 ml ampoule: ৳ 100.00,
23290,Palostat,allopathic,palostativ-injection0075-mg15-ml,IV Injection,Palonosetron,0.075 mg/1.5 ml,Ibn Sina Pharmaceuticals Ltd.,1.5 ml ampoule: ৳ 75.00,
4786,Palostat,allopathic,palostattablet05-mg,Tablet,Palonosetron,0.5 mg,Ibn Sina Pharmaceuticals Ltd.,"Unit Price: ৳ 20.00,(10's pack: ৳ 200.00),",(10's pack: ৳ 200.00)
23294,Palostar,allopathic,palostartablet05-mg,Tablet,Palonosetron,0.5 mg,Orion Pharma Ltd.,"Unit Price: ৳ 20.00,(20's pack: ৳ 400.00),",(20's pack: ৳ 400.00)
23293,Palostar,allopathic,palostariv-injection0075-mg15-ml,IV Injection,Palonosetron,0.075 mg/1.5 ml,Orion Pharma Ltd.,"1.5 ml ampoule: ৳ 75.00,(5's pack: ৳ 375.00),",(5's pack: ৳ 375.00)
28419,Palosis,allopathic,palosisiv-injection025-mg5-ml,IV Injection,Palonosetron,0.25 mg/5 ml,Eskayef Pharmaceuticals Ltd.,"5 ml ampoule: ৳ 100.00,(3's pack: ৳ 300.00),",(3's pack: ৳ 300.00)
26786,Palosis,allopathic,palosisiv-injection0075-mg15-ml,IV Injection,Palonosetron,0.075 mg/1.5 ml,Eskayef Pharmaceuticals Ltd.,"1.5 ml ampoule: ৳ 75.00,(5's pack: ৳ 375.00),",(5's pack: ৳ 375.00)
23289,Palosis,allopathic,palosiscapsule05-mg,Capsule,Palonosetron,0.5 mg,Eskayef Pharmaceuticals Ltd.,"Unit Price: ৳ 20.00,(20's pack: ৳ 400.00),",(20's pack: ৳ 400.00)
23288,Palosis,allopathic,palosistablet05-mg,Tablet,Palonosetron,0.5 mg,Eskayef Pharmaceuticals Ltd.,"Unit Price: ৳ 20.00,(20's pack: ৳ 400.00),",(20's pack: ৳ 400.00)
4785,Paloset,allopathic,palosettablet05-mg,Tablet,Palonosetron,0.5 mg,Square Pharmaceuticals Ltd.,"Unit Price: ৳ 20.00,(20's pack: ৳ 400.00),",(20's pack: ৳ 400.00)
4788,Paloxiron,allopathic,paloxironiv-injection025-mg5-ml,IV Injection,Palonosetron,0.25 mg/5 ml,Incepta Pharmaceuticals Ltd.,"5 ml ampoule: ৳ 100.00,(5's pack: ৳ 500.00),",(5's pack: ৳ 500.00)
4787,Paloxiron,allopathic,paloxironiv-injection0075-mg15-ml,IV Injection,Palonosetron,0.075 mg/1.5 ml,Incepta Pharmaceuticals Ltd.,1.5 ml ampoule: ৳ 75.00,
27281,Paloxi DT,allopathic,paloxi-dtdispersible-tablet05-mg,Dispersible Tablet,Palonosetron,0.5 mg,Beacon Pharmaceuticals Ltd.,"Unit Price: ৳ 22.00,(30's pack: ৳ 660.00),",(30's pack: ৳ 660.00)
26394,Paloxi,allopathic,paloxitablet05-mg,Tablet,Palonosetron,0.5 mg,Beacon Pharmaceuticals Ltd.,"Unit Price: ৳ 20.06,(30's pack: ৳ 601.80),,Unit Price: ৳ 20.06,(20's pack: ৳ 401.20),","(30's pack: ৳ 601.80),(20's pack: ৳ 401.20)"
4783,Paloset,allopathic,palosetiv-injection0075-mg15-ml,IV Injection,Palonosetron,0.075 mg/1.5 ml,Square Pharmaceuticals Ltd.,"1.5 ml ampoule: ৳ 75.22,(5's pack: ৳ 376.10),",(5's pack: ৳ 376.10)
31085,Paloron ODT,allopathic,paloron-odtdispersible-tablet05-mg,Dispersible Tablet,Palonosetron,0.5 mg,Ziska Pharmaceuticals Ltd.,"Unit Price: ৳ 22.00,(30's pack: ৳ 660.00),",(30's pack: ৳ 660.00)
4772,Paloron,allopathic,palorontablet05-mg,Tablet,Palonosetron,0.5 mg,Ziska Pharmaceuticals Ltd.,"Unit Price: ৳ 20.00,(30's pack: ৳ 600.00),",(30's pack: ৳ 600.00)
4771,Paloron,allopathic,paloroniv-injection025-mg5-ml,IV Injection,Palonosetron,0.25 mg/5 ml,Ziska Pharmaceuticals Ltd.,"5 ml ampoule: ৳ 100.00,(4's pack: ৳ 400.00),",(4's pack: ৳ 400.00)
4770,Paloron,allopathic,paloroniv-injection0075-mg15-ml,IV Injection,Palonosetron,0.075 mg/1.5 ml,Ziska Pharmaceuticals Ltd.,"1.5 ml ampoule: ৳ 75.00,(4's pack: ৳ 300.00),",(4's pack: ৳ 300.00)
4782,Palorex,allopathic,palorextablet05-mg,Tablet,Palonosetron,0.5 mg,Jenphar Bangladesh Ltd.,"Unit Price: ৳ 20.00,(20's pack: ৳ 400.00),",(20's pack: ৳ 400.00)
32277,Palopag,allopathic,palopagtablet400-mg,Tablet,Selexipag,400 mg,Incepta Pharmaceuticals Ltd.,Price Unavailable,
32276,Palopag,allopathic,palopagtablet200-mg,Tablet,Selexipag,200 mg,Incepta Pharmaceuticals Ltd.,Price Unavailable,
4781,Palon,allopathic,paloniv-injection025-mg5-ml,IV Injection,Palonosetron,0.25 mg/5 ml,Pharmasia Limited,5 ml ampoule: ৳ 100.00,
4780,Palon,allopathic,paloniv-injection0075-mg15-ml,IV Injection,Palonosetron,0.075 mg/1.5 ml,Pharmasia Limited,1.5 ml ampoule: ৳ 75.00,
28578,Panfre Plus,allopathic,panfre-plustablet50-mg200-mcg,Tablet,Diclofenac Sodium + Misoprostol,50 mg+200 mcg,Pacific Pharmaceuticals Ltd.,"Unit Price: ৳ 10.00,(30's pack: ৳ 300.00),",(30's pack: ৳ 300.00)
28585,Panfre,allopathic,panfreim-injection75-mg3-ml,IM Injection,Diclofenac Sodium,75 mg/3 ml,Pacific Pharmaceuticals Ltd.,"3 ml ampoule: ৳ 15.00,(10's pack: ৳ 150.00),",(10's pack: ৳ 150.00)
28582,Panfre,allopathic,panfregel1-ww,Gel,Diclofenac Sodium,1% w/w,Pacific Pharmaceuticals Ltd.,10 gm tube: ৳ 15.00,
23338,Panfast,allopathic,panfastiv-injection40-mgvial,IV Injection,Pantoprazole Sodium Sesquihydrate,40 mg/vial,Monicopharma Ltd.,40 mg vial: ৳ 90.00,
17228,Pandura,allopathic,panduratablet2-mg,Tablet,Clonazepam,2 mg,NIPRO JMI Pharma Ltd.,"Unit Price: ৳ 10.00,(30's pack: ৳ 300.00),",(30's pack: ৳ 300.00)
17227,Pandura,allopathic,panduratablet1-mg,Tablet,Clonazepam,1 mg,NIPRO JMI Pharma Ltd.,"Unit Price: ৳ 8.00,(50's pack: ৳ 400.00),",(50's pack: ৳ 400.00)
17226,Pandura,allopathic,panduratablet05-mg,Tablet,Clonazepam,0.5 mg,NIPRO JMI Pharma Ltd.,"Unit Price: ৳ 6.00,(50's pack: ৳ 300.00),",(50's pack: ৳ 300.00)
28853,Pandovir,allopathic,pandoviriv-infusion5-mgml,IV Infusion,Remdesivir,5 mg/ml,Beacon Pharmaceuticals Ltd.,"100 mg vial: ৳ 4,500.00",
19332,Pancil,allopathic,panciltablet100-mg,Tablet,Cilostazol,100 mg,Drug International Ltd.,"Unit Price: ৳ 12.00,(28's pack: ৳ 336.00),",(28's pack: ৳ 336.00)
10334,Panamox,allopathic,panamoxoral-suspension100-mg5-ml,Oral Suspension,Mebendazole,100 mg/5 ml,Jayson Pharmaceuticals Ltd.,30 ml bottle: ৳ 14.79,
10333,Panamox,allopathic,panamoxchewable-tablet100-mg,Chewable Tablet,Mebendazole,100 mg,Jayson Pharmaceuticals Ltd.,"Unit Price: ৳ 1.00,(120's pack: ৳ 120.00),",(120's pack: ৳ 120.00)
15467,Panalon,allopathic,panaloninjection4-mg2-ml,Injection,Pancuronium Bromide,4 mg/2 ml,Techno Drugs Ltd.,"2 ml ampoule: ৳ 55.00,(5's pack: ৳ 275.00),",(5's pack: ৳ 275.00)
10646,Panalgin Plus,allopathic,panalgin-plustablet500-mg65-mg,Tablet,Paracetamol + Caffeine,500 mg+65 mg,S.N. Pharmaceutical Ltd.,"Unit Price: ৳ 1.80,(100's pack: ৳ 180.00),",(100's pack: ৳ 180.00)
6050,Panagra,allopathic,panagratablet100-mg,Tablet,Sildenafil Citrate,100 mg,Concord Pharmaceuticals Ltd.,"Unit Price: ৳ 50.00,(4's pack: ৳ 200.00),",(4's pack: ৳ 200.00)
6049,Panagra,allopathic,panagratablet50-mg,Tablet,Sildenafil Citrate,50 mg,Concord Pharmaceuticals Ltd.,"Unit Price: ৳ 30.00,(4's pack: ৳ 120.00),",(4's pack: ৳ 120.00)
10645,Panadol Extra,allopathic,panadol-extratablet500-mg65-mg,Tablet,Paracetamol + Caffeine,500 mg+65 mg,GlaxoSmithKline,"Unit Price: ৳ 2.50,(200's pack: ৳ 500.00),",(200's pack: ৳ 500.00)
1442,Panium,allopathic,paniumtablet50-mg,Tablet,Tiemonium Methylsulphate,50 mg,Navana Pharmaceuticals Ltd.,"Unit Price: ৳ 5.02,(50's pack: ৳ 250.78),",(50's pack: ৳ 250.78)
23376,Panirid,allopathic,paniridtablet20-mg,Tablet,Paroxetine Hydrochloride,20 mg,Incepta Pharmaceuticals Ltd.,"Unit Price: ৳ 9.50,(30's pack: ৳ 285.00),",(30's pack: ৳ 285.00)
29871,Pangesic,allopathic,pangesictablet325-mg375-mg,Tablet,Paracetamol + Tramadol Hydrochloride,325 mg+37.5 mg,Renata Limited,"Unit Price: ৳ 8.00,(30's pack: ৳ 240.00),",(30's pack: ৳ 240.00)
11063,Panfre SR,allopathic,panfre-srcapsule-sustained-release100-mg,Capsule (Sustained Release),Diclofenac Sodium,100 mg,Pacific Pharmaceuticals Ltd.,"Unit Price: ৳ 3.00,(50's pack: ৳ 150.00),",(50's pack: ৳ 150.00)
28493,Pamulin,allopathic,pamulinointment1,Ointment,Retapamulin,1%,Navana Pharmaceuticals Ltd.,10 gm tube: ৳ 200.00,
26735,Pamix Extra,allopathic,pamix-extratablet500-mg65-mg,Tablet,Paracetamol + Caffeine,500 mg+65 mg,Ziska Pharmaceuticals Ltd.,"Unit Price: ৳ 2.50,(200's pack: ৳ 500.00),",(200's pack: ৳ 500.00)
10478,Pamix,allopathic,pamixoral-suspension120-mg5-ml,Oral Suspension,Paracetamol,120 mg/5 ml,Ziska Pharmaceuticals Ltd.,60 ml bottle: ৳ 20.70,
10477,Pamix,allopathic,pamixtablet500-mg,Tablet,Paracetamol,500 mg,Ziska Pharmaceuticals Ltd.,"Unit Price: ৳ 0.80,(200's pack: ৳ 160.00),",(200's pack: ৳ 160.00)
2158,Pamel,allopathic,pameltablet-enteric-coated40-mg,Tablet (Enteric Coated),Pantoprazole Sodium Sesquihydrate,40 mg,Medicon Pharmaceuticals Ltd.,"Unit Price: ৳ 5.11,(50's pack: ৳ 255.66),",(50's pack: ৳ 255.66)
2157,Pamel,allopathic,pameltablet-enteric-coated20-mg,Tablet (Enteric Coated),Pantoprazole Sodium Sesquihydrate,20 mg,Medicon Pharmaceuticals Ltd.,"Unit Price: ৳ 3.41,(50's pack: ৳ 170.44),",(50's pack: ৳ 170.44)
4792,Palzen,allopathic,palzentablet05-mg,Tablet,Palonosetron,0.5 mg,Healthcare Pharmaceuticals Ltd.,"Unit Price: ৳ 25.00,(20's pack: ৳ 500.00),",(20's pack: ৳ 500.00)
4791,Palzen,allopathic,palzeniv-injection025-mg5-ml,IV Injection,Palonosetron,0.25 mg/5 ml,Healthcare Pharmaceuticals Ltd.,"5 ml ampoule: ৳ 125.00,(3's pack: ৳ 375.00),",(3's pack: ৳ 375.00)
4790,Palzen,allopathic,palzeniv-injection0075-mg15-ml,IV Injection,Palonosetron,0.075 mg/1.5 ml,Healthcare Pharmaceuticals Ltd.,"1.5 ml ampoule: ৳ 90.00,(5's pack: ৳ 450.00),",(5's pack: ৳ 450.00)
4789,Paloxiron,allopathic,paloxirontablet05-mg,Tablet,Palonosetron,0.5 mg,Incepta Pharmaceuticals Ltd.,"Unit Price: ৳ 20.00,(10's pack: ৳ 200.00),",(10's pack: ৳ 200.00)
2166,Panpro,allopathic,panproiv-injection40-mgvial,IV Injection,Pantoprazole Sodium Sesquihydrate,40 mg/vial,Biopharma Laboratories Ltd.,40 mg vial: ৳ 70.00,
2165,Panpro,allopathic,panprotablet-enteric-coated40-mg,Tablet (Enteric Coated),Pantoprazole Sodium Sesquihydrate,40 mg,Biopharma Laboratories Ltd.,"Unit Price: ৳ 6.00,(50's pack: ৳ 300.00),",(50's pack: ৳ 300.00)
2164,Panpro,allopathic,panprotablet-enteric-coated20-mg,Tablet (Enteric Coated),Pantoprazole Sodium Sesquihydrate,20 mg,Biopharma Laboratories Ltd.,"Unit Price: ৳ 5.00,(100's pack: ৳ 500.00),",(100's pack: ৳ 500.00)
23320,Panprin,allopathic,panprintablet-enteric-coated40-mg,Tablet (Enteric Coated),Pantoprazole Sodium Sesquihydrate,40 mg,Doctor’s Chemical Works Ltd.,"Unit Price: ৳ 5.00,(50's pack: ৳ 250.00),",(50's pack: ৳ 250.00)
23319,Panprin,allopathic,panprintablet-enteric-coated20-mg,Tablet (Enteric Coated),Pantoprazole Sodium Sesquihydrate,20 mg,Doctor’s Chemical Works Ltd.,"Unit Price: ৳ 3.00,(50's pack: ৳ 150.00),",(50's pack: ৳ 150.00)
23351,Panprazo,allopathic,panprazotablet-enteric-coated20-mg,Tablet (Enteric Coated),Pantoprazole Sodium Sesquihydrate,20 mg,Pacific Pharmaceuticals Ltd.,"Unit Price: ৳ 4.00,(50's pack: ৳ 200.00),",(50's pack: ৳ 200.00)
2163,Panoz,allopathic,panoztablet-enteric-coated20-mg,Tablet (Enteric Coated),Pantoprazole Sodium Sesquihydrate,20 mg,Astra Biopharmaceuticals Ltd.,"Unit Price: ৳ 4.00,(30's pack: ৳ 120.00),",(30's pack: ৳ 120.00)
24654,Panovir,allopathic,panovirtablet400-mg100-mg,Tablet,Sofosbuvir + Velpatasvir,400 mg+100 mg,Incepta Pharmaceuticals Ltd.,"Unit Price: ৳ 1,000.00,(6's pack: ৳ 6,000.00),","(6's pack: ৳ 6,000.00)"
23365,Panotem,allopathic,panotemtablet-enteric-coated40-mg,Tablet (Enteric Coated),Pantoprazole Sodium Sesquihydrate,40 mg,Team Pharmaceuticals Ltd.,"Unit Price: ৳ 6.50,(50's pack: ৳ 325.00),",(50's pack: ৳ 325.00)
23364,Panotem,allopathic,panotemtablet-enteric-coated20-mg,Tablet (Enteric Coated),Pantoprazole Sodium Sesquihydrate,20 mg,Team Pharmaceuticals Ltd.,"Unit Price: ৳ 4.50,(50's pack: ৳ 225.00),",(50's pack: ৳ 225.00)
4795,Panoset,allopathic,panosettablet05-mg,Tablet,Palonosetron,0.5 mg,Opsonin Pharma Ltd.,"Unit Price: ৳ 20.00,(10's pack: ৳ 200.00),",(10's pack: ৳ 200.00)
4794,Panoset,allopathic,panosetiv-injection0075-mg15-ml,IV Injection,Palonosetron,0.075 mg/1.5 ml,Opsonin Pharma Ltd.,"1.5 ml ampoule: ৳ 75.00,(4's pack: ৳ 300.00),",(4's pack: ৳ 300.00)
4793,Panoset,allopathic,panosetiv-injection025-mg5-ml,IV Injection,Palonosetron,0.25 mg/5 ml,Opsonin Pharma Ltd.,"5 ml ampoule: ৳ 100.00,(3's pack: ৳ 300.00),",(3's pack: ৳ 300.00)
31495,Panosa,allopathic,panosatablet-enteric-coated40-mg,Tablet (Enteric Coated),Pantoprazole Sodium Sesquihydrate,40 mg,Silco Pharmaceutical Ltd.,"Unit Price: ৳ 7.00,(50's pack: ৳ 350.00),",(50's pack: ৳ 350.00)
31494,Panosa,allopathic,panosatablet-enteric-coated20-mg,Tablet (Enteric Coated),Pantoprazole Sodium Sesquihydrate,20 mg,Silco Pharmaceutical Ltd.,"Unit Price: ৳ 5.00,(100's pack: ৳ 500.00),",(100's pack: ৳ 500.00)
2162,Panoral,allopathic,panoraltablet-enteric-coated40-mg,Tablet (Enteric Coated),Pantoprazole Sodium Sesquihydrate,40 mg,Eskayef Pharmaceuticals Ltd.,"Unit Price: ৳ 7.00,(40's pack: ৳ 280.00),",(40's pack: ৳ 280.00)
2169,Pansec,allopathic,panseciv-injection40-mgvial,IV Injection,Pantoprazole Sodium Sesquihydrate,40 mg/vial,Drug International Ltd.,40 mg vial: ৳ 90.30,
2168,Pansec,allopathic,pansectablet-enteric-coated40-mg,Tablet (Enteric Coated),Pantoprazole Sodium Sesquihydrate,40 mg,Drug International Ltd.,"Unit Price: ৳ 7.05,(56's pack: ৳ 394.80),",(56's pack: ৳ 394.80)
2167,Pansec,allopathic,pansectablet-enteric-coated20-mg,Tablet (Enteric Coated),Pantoprazole Sodium Sesquihydrate,20 mg,Drug International Ltd.,"Unit Price: ৳ 5.05,(56's pack: ৳ 282.80),",(56's pack: ৳ 282.80)
2161,Panoral,allopathic,panoraltablet-enteric-coated20-mg,Tablet (Enteric Coated),Pantoprazole Sodium Sesquihydrate,20 mg,Eskayef Pharmaceuticals Ltd.,"Unit Price: ৳ 5.00,(40's pack: ৳ 200.00),",(40's pack: ৳ 200.00)
10771,Panol-T,allopathic,panol-ttablet325-mg375-mg,Tablet,Paracetamol + Tramadol Hydrochloride,325 mg+37.5 mg,Virgo Pharmaceuticals Ltd.,"Unit Price: ৳ 8.00,(30's pack: ৳ 240.00),",(30's pack: ৳ 240.00)
10600,Panol Plus,allopathic,panol-plustablet500-mg65-mg,Tablet,Paracetamol + Caffeine,500 mg+65 mg,Virgo Pharmaceuticals Ltd.,"Unit Price: ৳ 1.90,(200's pack: ৳ 380.00),",(200's pack: ৳ 380.00)
10471,Panol,allopathic,panoloral-suspension120-mg5-ml,Oral Suspension,Paracetamol,120 mg/5 ml,Virgo Pharmaceuticals Ltd.,"60 ml bottle: ৳ 20.00,100 ml bottle: ৳ 30.00",
10470,Panol,allopathic,panoltablet500-mg,Tablet,Paracetamol,500 mg,Virgo Pharmaceuticals Ltd.,"Unit Price: ৳ 0.65,(500's pack: ৳ 325.00),",(500's pack: ৳ 325.00)
11148,Panodin SR,allopathic,panodin-srtablet-sustained-release600-mg,Tablet (Sustained Release),Etodolac,600 mg,Square Pharmaceuticals Ltd.,"Unit Price: ৳ 15.10,(30's pack: ৳ 453.00),",(30's pack: ৳ 453.00)
2160,Panloc,allopathic,panloctablet-enteric-coated40-mg,Tablet (Enteric Coated),Pantoprazole Sodium Sesquihydrate,40 mg,Kumudini Pharma Ltd.,"Unit Price: ৳ 6.00,(30's pack: ৳ 180.00),",(30's pack: ৳ 180.00)
2159,Panloc,allopathic,panloctablet-enteric-coated20-mg,Tablet (Enteric Coated),Pantoprazole Sodium Sesquihydrate,20 mg,Kumudini Pharma Ltd.,"Unit Price: ৳ 4.00,(50's pack: ৳ 200.00),",(50's pack: ৳ 200.00)
28586,Panlid,allopathic,panlidim-injection75-mg20-mg2-ml,IM Injection,Diclofenac Sodium + Lidocaine Hydrochloride,(75 mg+20 mg)/2 ml,Pacific Pharmaceuticals Ltd.,"2 ml ampoule: ৳ 15.00,(10's pack: ৳ 150.00),",(10's pack: ৳ 150.00)
28492,Panium,allopathic,paniumsyrup10-mg5-ml,Syrup,Tiemonium Methylsulphate,10 mg/5 ml,Navana Pharmaceuticals Ltd.,100 ml bottle: ৳ 90.00,
24967,Panium,allopathic,paniumimiv-injection5-mg2-ml,IM/IV Injection,Tiemonium Methylsulphate,5 mg/2 ml,Navana Pharmaceuticals Ltd.,"2 ml ampoule: ৳ 20.06,(5's pack: ৳ 100.32),",(5's pack: ৳ 100.32)
23360,Pantofast,allopathic,pantofasttablet-enteric-coated20-mg,Tablet (Enteric Coated),Pantoprazole Sodium Sesquihydrate,20 mg,S.N. Pharmaceutical Ltd.,"Unit Price: ৳ 3.00,(30's pack: ৳ 90.00),",(30's pack: ৳ 90.00)
2188,Pantodac,allopathic,pantodactablet-enteric-coated40-mg,Tablet (Enteric Coated),Pantoprazole Sodium Sesquihydrate,40 mg,Ziska Pharmaceuticals Ltd.,"Unit Price: ৳ 6.00,(30's pack: ৳ 180.00),",(30's pack: ৳ 180.00)
2187,Pantodac,allopathic,pantodactablet-enteric-coated20-mg,Tablet (Enteric Coated),Pantoprazole Sodium Sesquihydrate,20 mg,Ziska Pharmaceuticals Ltd.,"Unit Price: ৳ 4.00,(60's pack: ৳ 240.00),",(60's pack: ৳ 240.00)
23359,Pantocure,allopathic,pantocuretablet-enteric-coated20-mg,Tablet (Enteric Coated),Pantoprazole Sodium Sesquihydrate,20 mg,Rangs Pharmaceuticals Ltd.,"Unit Price: ৳ 5.00,(100's pack: ৳ 500.00),",(100's pack: ৳ 500.00)
2185,Pantochem,allopathic,pantochemtablet-enteric-coated20-mg,Tablet (Enteric Coated),Pantoprazole Sodium Sesquihydrate,20 mg,Chemist Laboratories  Ltd.,"Unit Price: ৳ 3.00,(50's pack: ৳ 150.00),",(50's pack: ৳ 150.00)
23315,Pantobio,allopathic,pantobiotablet-enteric-coated20-mg,Tablet (Enteric Coated),Pantoprazole Sodium Sesquihydrate,20 mg,Biogen Pharmaceuticals Ltd.,"Unit Price: ৳ 4.75,(100's pack: ৳ 475.00),",(100's pack: ৳ 475.00)
2184,Pantobex,allopathic,pantobexiv-injection40-mgvial,IV Injection,Pantoprazole Sodium Sesquihydrate,40 mg/vial,Beximco Pharmaceuticals Ltd.,40 mg vial: ৳ 110.00,
2183,Pantobex,allopathic,pantobextablet-enteric-coated40-mg,Tablet (Enteric Coated),Pantoprazole Sodium Sesquihydrate,40 mg,Beximco Pharmaceuticals Ltd.,"Unit Price: ৳ 7.00,(100's pack: ৳ 700.00),",(100's pack: ৳ 700.00)
2182,Pantobex,allopathic,pantobextablet-enteric-coated20-mg,Tablet (Enteric Coated),Pantoprazole Sodium Sesquihydrate,20 mg,Beximco Pharmaceuticals Ltd.,"Unit Price: ৳ 5.00,(100's pack: ৳ 500.00),",(100's pack: ৳ 500.00)
23361,Panto SP,allopathic,panto-sptablet-enteric-coated40-mg,Tablet (Enteric Coated),Pantoprazole Sodium Sesquihydrate,40 mg,Seema Pharmaceuticals Ltd.,,
2204,Panto SP,allopathic,panto-sptablet-enteric-coated20-mg,Tablet (Enteric Coated),Pantoprazole Sodium Sesquihydrate,20 mg,Seema Pharmaceuticals Ltd.,"Unit Price: ৳ 3.00,(50's pack: ৳ 150.00),",(50's pack: ৳ 150.00)
2181,Panto,allopathic,pantotablet-enteric-coated40-mg,Tablet (Enteric Coated),Pantoprazole Sodium Sesquihydrate,40 mg,Somatec Pharmaceuticals Ltd.,"Unit Price: ৳ 6.00,(30's pack: ৳ 180.00),",(30's pack: ৳ 180.00)
2180,Panto,allopathic,pantotablet-enteric-coated20-mg,Tablet (Enteric Coated),Pantoprazole Sodium Sesquihydrate,20 mg,Somatec Pharmaceuticals Ltd.,"Unit Price: ৳ 4.00,(50's pack: ৳ 200.00),",(50's pack: ৳ 200.00)
23358,Pantium,allopathic,pantiumtablet-enteric-coated40-mg,Tablet (Enteric Coated),Pantoprazole Sodium Sesquihydrate,40 mg,Radiant Pharmaceuticals Ltd.,"Unit Price: ৳ 10.03,(24's pack: ৳ 240.72),",(24's pack: ৳ 240.72)
2179,Pantium,allopathic,pantiumtablet-enteric-coated20-mg,Tablet (Enteric Coated),Pantoprazole Sodium Sesquihydrate,20 mg,Radiant Pharmaceuticals Ltd.,"Unit Price: ৳ 7.02,(60's pack: ৳ 421.20),",(60's pack: ৳ 421.20)
2178,Pantid,allopathic,pantidiv-injection40-mgvial,IV Injection,Pantoprazole Sodium Sesquihydrate,40 mg/vial,Opsonin Pharma Ltd.,40 mg vial: ৳ 90.27,
2192,Pantogut,allopathic,pantoguttablet-enteric-coated40-mg,Tablet (Enteric Coated),Pantoprazole Sodium Sesquihydrate,40 mg,Popular Pharmaceuticals Ltd.,"Unit Price: ৳ 7.00,(50's pack: ৳ 350.00),",(50's pack: ৳ 350.00)
2191,Pantogut,allopathic,pantoguttablet-enteric-coated20-mg,Tablet (Enteric Coated),Pantoprazole Sodium Sesquihydrate,20 mg,Popular Pharmaceuticals Ltd.,"Unit Price: ৳ 5.00,(100's pack: ৳ 500.00),",(100's pack: ৳ 500.00)
2190,Pantogen,allopathic,pantogentablet-enteric-coated40-mg,Tablet (Enteric Coated),Pantoprazole Sodium Sesquihydrate,40 mg,General Pharmaceuticals Ltd.,"Unit Price: ৳ 7.03,(50's pack: ৳ 351.50),",(50's pack: ৳ 351.50)
2189,Pantogen,allopathic,pantogentablet-enteric-coated20-mg,Tablet (Enteric Coated),Pantoprazole Sodium Sesquihydrate,20 mg,General Pharmaceuticals Ltd.,"Unit Price: ৳ 5.01,(50's pack: ৳ 250.50),",(50's pack: ৳ 250.50)
2177,Pantid,allopathic,pantidtablet-enteric-coated40-mg,Tablet (Enteric Coated),Pantoprazole Sodium Sesquihydrate,40 mg,Opsonin Pharma Ltd.,"Unit Price: ৳ 7.90,(56's pack: ৳ 442.40),",(56's pack: ৳ 442.40)
2176,Pantid,allopathic,pantidtablet-enteric-coated20-mg,Tablet (Enteric Coated),Pantoprazole Sodium Sesquihydrate,20 mg,Opsonin Pharma Ltd.,"Unit Price: ৳ 5.52,(98's pack: ৳ 540.96),",(98's pack: ৳ 540.96)
23305,Pantex,allopathic,pantexiv-injection40-mgvial,IV Injection,Pantoprazole Sodium Sesquihydrate,40 mg/vial,ACI Limited,40 mg vial: ৳ 70.47,
23304,Pantex,allopathic,pantextablet-enteric-coated20-mg,Tablet (Enteric Coated),Pantoprazole Sodium Sesquihydrate,20 mg,ACI Limited,"Unit Price: ৳ 5.02,(50's pack: ৳ 251.00),",(50's pack: ৳ 251.00)
2175,Pantex,allopathic,pantextablet-enteric-coated40-mg,Tablet (Enteric Coated),Pantoprazole Sodium Sesquihydrate,40 mg,ACI Limited,"Unit Price: ৳ 7.02,(30's pack: ৳ 210.60),",(30's pack: ৳ 210.60)
2174,Pantaloc,allopathic,pantaloctablet-enteric-coated40-mg,Tablet (Enteric Coated),Pantoprazole Sodium Sesquihydrate,40 mg,Aexim Pharmaceuticals Ltd.,"Unit Price: ৳ 3.50,(30's pack: ৳ 105.00),",(30's pack: ৳ 105.00)
2173,Pantac,allopathic,pantactablet-enteric-coated40-mg,Tablet (Enteric Coated),Pantoprazole Sodium Sesquihydrate,40 mg,Navana Pharmaceuticals Ltd.,"Unit Price: ৳ 6.02,(30's pack: ৳ 180.49),",(30's pack: ৳ 180.49)
2172,Pantac,allopathic,pantactablet-enteric-coated20-mg,Tablet (Enteric Coated),Pantoprazole Sodium Sesquihydrate,20 mg,Navana Pharmaceuticals Ltd.,"Unit Price: ৳ 4.02,(60's pack: ৳ 240.90),",(60's pack: ৳ 240.90)
2171,Pansos,allopathic,pansostablet-enteric-coated40-mg,Tablet (Enteric Coated),Pantoprazole Sodium Sesquihydrate,40 mg,NIPRO JMI Pharma Ltd.,"Unit Price: ৳ 5.02,(50's pack: ৳ 251.00),",(50's pack: ৳ 251.00)
2170,Pansos,allopathic,pansostablet-enteric-coated20-mg,Tablet (Enteric Coated),Pantoprazole Sodium Sesquihydrate,20 mg,NIPRO JMI Pharma Ltd.,"Unit Price: ৳ 3.01,(50's pack: ৳ 150.50),",(50's pack: ৳ 150.50)
23314,Pantotop,allopathic,pantotoptablet-enteric-coated40-mg,Tablet (Enteric Coated),Pantoprazole Sodium Sesquihydrate,40 mg,Benham Pharmaceuticals Ltd.,"Unit Price: ৳ 7.00,(70's pack: ৳ 490.00),",(70's pack: ৳ 490.00)
23313,Pantotop,allopathic,pantotoptablet-enteric-coated20-mg,Tablet (Enteric Coated),Pantoprazole Sodium Sesquihydrate,20 mg,Benham Pharmaceuticals Ltd.,"Unit Price: ৳ 5.00,(70's pack: ৳ 350.00),",(70's pack: ৳ 350.00)
2206,Pantosil,allopathic,pantosiltablet-enteric-coated40-mg,Tablet (Enteric Coated),Pantoprazole Sodium Sesquihydrate,40 mg,Silva Pharmaceuticals Ltd.,"Unit Price: ৳ 5.02,(50's pack: ৳ 250.84),",(50's pack: ৳ 250.84)
2205,Pantosil,allopathic,pantosiltablet-enteric-coated20-mg,Tablet (Enteric Coated),Pantoprazole Sodium Sesquihydrate,20 mg,Silva Pharmaceuticals Ltd.,"Unit Price: ৳ 4.50,(50's pack: ৳ 225.00),",(50's pack: ৳ 225.00)
23366,Pantosec,allopathic,pantoseciv-injection40-mgvial,IV Injection,Pantoprazole Sodium Sesquihydrate,40 mg/vial,Techno Drugs Ltd.,40 mg vial: ৳ 69.67,
23357,Pantoraz,allopathic,pantoraztablet-enteric-coated40-mg,Tablet (Enteric Coated),Pantoprazole Sodium Sesquihydrate,40 mg,Premier Pharmaceuticals Ltd.,"Unit Price: ৳ 5.00,(50's pack: ৳ 250.00),",(50's pack: ৳ 250.00)
23356,Pantoraz,allopathic,pantoraztablet-enteric-coated20-mg,Tablet (Enteric Coated),Pantoprazole Sodium Sesquihydrate,20 mg,Premier Pharmaceuticals Ltd.,"Unit Price: ৳ 3.00,(50's pack: ৳ 150.00),",(50's pack: ৳ 150.00)
28112,Pantoprox,allopathic,pantoproxtablet-enteric-coated20-mg,Tablet (Enteric Coated),Pantoprazole Sodium Sesquihydrate,20 mg,Jenphar Bangladesh Ltd.,"Unit Price: ৳ 4.00,(60's pack: ৳ 240.00),",(60's pack: ৳ 240.00)
2203,Pantopra,allopathic,pantopratablet-enteric-coated40-mg,Tablet (Enteric Coated),Pantoprazole Sodium Sesquihydrate,40 mg,Alco Pharma Ltd.,"Unit Price: ৳ 6.50,(42's pack: ৳ 273.00),",(42's pack: ৳ 273.00)
2202,Pantopra,allopathic,pantopratablet-enteric-coated20-mg,Tablet (Enteric Coated),Pantoprazole Sodium Sesquihydrate,20 mg,Alco Pharma Ltd.,"Unit Price: ৳ 4.50,(42's pack: ৳ 189.00),",(42's pack: ৳ 189.00)
27394,Pantopan,allopathic,pantopantablet-enteric-coated20-mg,Tablet (Enteric Coated),Pantoprazole Sodium Sesquihydrate,20 mg,United Pharmaceuticals Ltd.,"Unit Price: ৳ 5.00,(50's pack: ৳ 250.00),",(50's pack: ৳ 250.00)
2201,Pantonix,allopathic,pantonixiv-injection40-mgvial,IV Injection,Pantoprazole Sodium Sesquihydrate,40 mg/vial,Incepta Pharmaceuticals Ltd.,40 mg vial: ৳ 90.00,
2200,Pantonix,allopathic,pantonixtablet-enteric-coated40-mg,Tablet (Enteric Coated),Pantoprazole Sodium Sesquihydrate,40 mg,Incepta Pharmaceuticals Ltd.,"Unit Price: ৳ 9.00,(98's pack: ৳ 882.00),",(98's pack: ৳ 882.00)
2199,Pantonix,allopathic,pantonixtablet-enteric-coated20-mg,Tablet (Enteric Coated),Pantoprazole Sodium Sesquihydrate,20 mg,Incepta Pharmaceuticals Ltd.,"Unit Price: ৳ 6.75,(98's pack: ৳ 661.50),",(98's pack: ৳ 661.50)
2198,Panton-AX,allopathic,panton-axtablet-enteric-coated40-mg,Tablet (Enteric Coated),Pantoprazole Sodium Sesquihydrate,40 mg,Bristol Pharmaceuticals Ltd.,"Unit Price: ৳ 9.00,(50's pack: ৳ 450.00),",(50's pack: ৳ 450.00)
2197,Panton-AX,allopathic,panton-axtablet-enteric-coated20-mg,Tablet (Enteric Coated),Pantoprazole Sodium Sesquihydrate,20 mg,Bristol Pharmaceuticals Ltd.,"Unit Price: ৳ 4.00,(50's pack: ৳ 200.00),",(50's pack: ৳ 200.00)
26698,Panzer,allopathic,panzertablet-enteric-coated40-mg,Tablet (Enteric Coated),Pantoprazole Sodium Sesquihydrate,40 mg,Sun Pharmaceutical Ltd.,"Unit Price: ৳ 6.02,(50's pack: ৳ 301.00),",(50's pack: ৳ 301.00)
2210,Panzer,allopathic,panzertablet-enteric-coated20-mg,Tablet (Enteric Coated),Pantoprazole Sodium Sesquihydrate,20 mg,Sun Pharmaceutical Ltd.,"Unit Price: ৳ 4.02,(50's pack: ৳ 201.00),",(50's pack: ৳ 201.00)
28157,Pantrol,allopathic,pantroltablet-enteric-coated40-mg,Tablet (Enteric Coated),Pantoprazole Sodium Sesquihydrate,40 mg,Apex Pharmaceuticals Ltd.,"Unit Price: ৳ 7.00,(30's pack: ৳ 210.00),",(30's pack: ৳ 210.00)
2209,Pantrol,allopathic,pantroltablet-enteric-coated20-mg,Tablet (Enteric Coated),Pantoprazole Sodium Sesquihydrate,20 mg,Apex Pharmaceuticals Ltd.,"Unit Price: ৳ 4.50,(60's pack: ৳ 270.00),",(60's pack: ৳ 270.00)
2208,Pantozol,allopathic,pantozoltablet-enteric-coated40-mg,Tablet (Enteric Coated),Pantoprazole Sodium Sesquihydrate,40 mg,Gaco Pharmaceuticals Ltd.,"Unit Price: ৳ 5.02,(20's pack: ৳ 100.40),",(20's pack: ৳ 100.40)
2207,Pantozol,allopathic,pantozoltablet-enteric-coated20-mg,Tablet (Enteric Coated),Pantoprazole Sodium Sesquihydrate,20 mg,Gaco Pharmaceuticals Ltd.,"Unit Price: ৳ 3.01,(20's pack: ৳ 60.20),",(20's pack: ৳ 60.20)
23368,Pantover,allopathic,pantovertablet-enteric-coated20-mg,Tablet (Enteric Coated),Pantoprazole Sodium Sesquihydrate,20 mg,Veritas Pharmaceuticals Ltd.,"Unit Price: ৳ 5.00,(60's pack: ৳ 300.00),",(60's pack: ৳ 300.00)
23367,Pantover,allopathic,pantoveriv-injection40-mgvial,IV Injection,Pantoprazole Sodium Sesquihydrate,40 mg/vial,Veritas Pharmaceuticals Ltd.,40 mg vial: ৳ 85.00,
23354,Pantomax,allopathic,pantomaxiv-injection40-mgvial,IV Injection,Pantoprazole Sodium Sesquihydrate,40 mg/vial,Pharmacil Limited,40 mg vial: ৳ 90.27,
2196,Pantolok,allopathic,pantolokiv-injection40-mgvial,IV Injection,Pantoprazole Sodium Sesquihydrate,40 mg/vial,Ibn Sina Pharmaceuticals Ltd.,40 mg vial: ৳ 80.00,
2195,Pantolok,allopathic,pantoloktablet-enteric-coated40-mg,Tablet (Enteric Coated),Pantoprazole Sodium Sesquihydrate,40 mg,Ibn Sina Pharmaceuticals Ltd.,"Unit Price: ৳ 7.00,(50's pack: ৳ 350.00),",(50's pack: ৳ 350.00)
2194,Pantolok,allopathic,pantoloktablet-enteric-coated20-mg,Tablet (Enteric Coated),Pantoprazole Sodium Sesquihydrate,20 mg,Ibn Sina Pharmaceuticals Ltd.,"Unit Price: ৳ 5.00,(100's pack: ৳ 500.00),",(100's pack: ৳ 500.00)
23347,Pantolam,allopathic,pantolamtablet-enteric-coated20-mg,Tablet (Enteric Coated),Pantoprazole Sodium Sesquihydrate,20 mg,Orbit Pharmaceuticals Ltd.,Unit Price: ৳ 3.00,
2193,Pantogut,allopathic,pantogutiv-injection40-mgvial,IV Injection,Pantoprazole Sodium Sesquihydrate,40 mg/vial,Popular Pharmaceuticals Ltd.,40 mg vial: ৳ 70.26,
10479,Paramol,allopathic,paramoloral-suspension120-mg5-ml,Oral Suspension,Paracetamol,120 mg/5 ml,Seema Pharmaceuticals Ltd.,60 ml bottle: ৳ 20.90,
28809,Parakil,allopathic,parakiltablet6-mg,Tablet,Ivermectin (Tablet),6 mg,Incepta Pharmaceuticals Ltd.,"Unit Price: ৳ 15.00,(10's pack: ৳ 150.00),",(10's pack: ৳ 150.00)
10562,Parajor Plus,allopathic,parajor-plustablet500-mg65-mg,Tablet,Paracetamol + Caffeine,500 mg+65 mg,Sharif Pharmaceuticals Ltd.,"Unit Price: ৳ 2.00,(200's pack: ৳ 400.00),",(200's pack: ৳ 400.00)
10403,Parajor,allopathic,parajororal-suspension120-mg5-ml,Oral Suspension,Paracetamol,120 mg/5 ml,Sharif Pharmaceuticals Ltd.,60 ml bottle: ৳ 20.64,
10402,Parajor,allopathic,parajortablet500-mg,Tablet,Paracetamol,500 mg,Sharif Pharmaceuticals Ltd.,"Unit Price: ৳ 0.80,(200's pack: ৳ 160.00),",(200's pack: ৳ 160.00)
23569,Paragesic-C,allopathic,paragesic-ctablet500-mg65-mg,Tablet,Paracetamol + Caffeine,500 mg+65 mg,Jenphar Bangladesh Ltd.,"Unit Price: ৳ 2.50,(100's pack: ৳ 250.00),",(100's pack: ৳ 250.00)
23534,Paragesic,allopathic,paragesictablet500-mg,Tablet,Paracetamol,500 mg,Jenphar Bangladesh Ltd.,"Unit Price: ৳ 0.80,(100's pack: ৳ 80.00),",(100's pack: ৳ 80.00)
26577,Parafresh,allopathic,parafreshophthalmic-ointment57342502,Ophthalmic Ointment,White soft paraffin + Liquid paraffin + Wool alcohol,57.3%+42.5%+0.2%,Ibn Sina Pharmaceuticals Ltd.,5 gm tube: ৳ 250.00,
23549,Parafol,allopathic,parafoloral-suspension120-mg5-ml,Oral Suspension,Paracetamol,120 mg/5 ml,United Pharmaceuticals Ltd.,60 ml bottle: ৳ 20.61,
23552,Paradil Extra,allopathic,paradil-extratablet500-mg65-mg,Tablet,Paracetamol + Caffeine,500 mg+65 mg,Biogen Pharmaceuticals Ltd.,"Unit Price: ৳ 2.00,(100's pack: ৳ 200.00),",(100's pack: ৳ 200.00)
23408,Paradil,allopathic,paradiloral-suspension120-mg5-ml,Oral Suspension,Paracetamol,120 mg/5 ml,Biogen Pharmaceuticals Ltd.,60 ml bottle: ৳ 20.00,
23377,Paraciv,allopathic,paraciviv-infusion10-mgml,IV Infusion,Paracetamol (IV Infusion),10 mg/ml,Beacon Pharmaceuticals Ltd.,100 ml bottle: ৳ 120.36,
10604,Paracin,allopathic,paracintablet500-mg65-mg,Tablet,Paracetamol + Caffeine,500 mg+65 mg,Pharmadesh Laboratories Ltd.,"Unit Price: ৳ 1.50,(200's pack: ৳ 300.00),",(200's pack: ৳ 300.00)
27932,Paracet Plus,allopathic,paracet-plustablet500-mg65-mg,Tablet,Paracetamol + Caffeine,500 mg+65 mg,The White Horse Pharma,"Unit Price: ৳ 1.50,(100's pack: ৳ 150.00),",(100's pack: ৳ 150.00)
10605,Para Fast,allopathic,para-fasttablet500-mg65-mg,Tablet,Paracetamol + Caffeine,500 mg+65 mg,APC Pharma Ltd.,"Unit Price: ৳ 1.50,(100's pack: ৳ 150.00),",(100's pack: ৳ 150.00)
10602,Para Caf,allopathic,para-caftablet500-mg65-mg,Tablet,Paracetamol + Caffeine,500 mg+65 mg,Seema Pharmaceuticals Ltd.,"Unit Price: ৳ 1.90,(100's pack: ৳ 190.00),",(100's pack: ৳ 190.00)
10606,Paraxia Plus,allopathic,paraxia-plustablet500-mg65-mg,Tablet,Paracetamol + Caffeine,500 mg+65 mg,Pharmasia Limited,"Unit Price: ৳ 1.90,(100's pack: ৳ 190.00),",(100's pack: ৳ 190.00)
10483,Paraxia,allopathic,paraxiaoral-suspension120-mg5-ml,Oral Suspension,Paracetamol,120 mg/5 ml,Pharmasia Limited,60 ml bottle: ৳ 20.50,
10482,Paraxia,allopathic,paraxiatablet500-mg,Tablet,Paracetamol,500 mg,Pharmasia Limited,"Unit Price: ৳ 0.80,(200's pack: ৳ 160.00),",(200's pack: ৳ 160.00)
23579,Paratadol,allopathic,paratadoltablet325-mg375-mg,Tablet,Paracetamol + Tramadol Hydrochloride,325 mg+37.5 mg,Euro Pharma Ltd.,"Unit Price: ৳ 8.00,(50's pack: ৳ 400.00),",(50's pack: ৳ 400.00)
10481,Parapyrol,allopathic,parapyroloral-suspension120-mg5-ml,Oral Suspension,Paracetamol,120 mg/5 ml,GlaxoSmithKline,100 ml bottle: ৳ 30.00,
10480,Parapyrol,allopathic,parapyroltablet500-mg,Tablet,Paracetamol,500 mg,GlaxoSmithKline,"Unit Price: ৳ 1.00,(500's pack: ৳ 500.00),",(500's pack: ৳ 500.00)
23531,Paramol,allopathic,paramoltablet500-mg,Tablet,Paracetamol,500 mg,Seema Pharmaceuticals Ltd.,,
10601,Para C,allopathic,para-ctablet500-mg65-mg,Tablet,Paracetamol + Caffeine,500 mg+65 mg,Amico Laboratories Ltd.,"Unit Price: ৳ 1.90,(100's pack: ৳ 190.00),",(100's pack: ৳ 190.00)
10474,Para,allopathic,parapediatric-drops80-mgml,Pediatric Drops,Paracetamol,80 mg/ml,Amico Laboratories Ltd.,15 ml bottle: ৳ 12.00,
10473,Para,allopathic,paraoral-suspension120-mg5-ml,Oral Suspension,Paracetamol,120 mg/5 ml,Amico Laboratories Ltd.,60 ml bottle: ৳ 20.00,
10472,Para,allopathic,paratablet500-mg,Tablet,Paracetamol,500 mg,Amico Laboratories Ltd.,"Unit Price: ৳ 0.80,(200's pack: ৳ 160.00),",(200's pack: ৳ 160.00)
33071,Papilovax,allopathic,papilovaxim-injection05-mldose,IM Injection,Human Papillomavirus Bivalent (Types 16 & 18),0.5 ml/dose,Incepta Pharmaceuticals Ltd.,"0.5 ml pre-filled syringe: ৳ 2,500.00",
2213,Panzol,allopathic,panzoltablet-enteric-coated40-mg,Tablet (Enteric Coated),Pantoprazole Sodium Sesquihydrate,40 mg,Amico Laboratories Ltd.,"Unit Price: ৳ 5.50,(30's pack: ৳ 165.00),",(30's pack: ৳ 165.00)
2212,Panzol,allopathic,panzoltablet-enteric-coated20-mg,Tablet (Enteric Coated),Pantoprazole Sodium Sesquihydrate,20 mg,Amico Laboratories Ltd.,"Unit Price: ৳ 3.50,(30's pack: ৳ 105.00),",(30's pack: ৳ 105.00)
29456,Parix,allopathic,pariximiv-injection40-mgvial,IM/IV Injection,Parecoxib,40 mg/vial,Eskayef Pharmaceuticals Ltd.,40 mg vial: ৳ 200.00,
3214,Parinox,allopathic,parinoxsc-injection8000-anti-xa-iu08-ml,SC Injection,Enoxaparin Sodium,8000 Anti-Xa IU/0.8 ml,Incepta Pharmaceuticals Ltd.,0.8 ml pre-filled syringe: ৳ 650.00,
3213,Parinox,allopathic,parinoxsc-injection6000-anti-xa-iu06-ml,SC Injection,Enoxaparin Sodium,6000 Anti-Xa IU/0.6 ml,Incepta Pharmaceuticals Ltd.,0.6 ml pre-filled syringe: ৳ 575.00,
3212,Parinox,allopathic,parinoxsc-injection4000-anti-xa-iu04-ml,SC Injection,Enoxaparin Sodium,4000 Anti-Xa IU/0.4 ml,Incepta Pharmaceuticals Ltd.,0.4 ml pre-filled syringe: ৳ 450.00,
3211,Parinox,allopathic,parinoxsc-injection2000-anti-xa-iu02-ml,SC Injection,Enoxaparin Sodium,2000 Anti-Xa IU/0.2 ml,Incepta Pharmaceuticals Ltd.,0.2 ml pre-filled syringe: ৳ 200.00,
26621,Parillex,allopathic,parillextablet50-mg,Tablet,Tiemonium Methylsulphate,50 mg,Drug International Ltd.,"Unit Price: ৳ 4.00,(50's pack: ৳ 200.00),",(50's pack: ৳ 200.00)
1629,Paridon,allopathic,paridonoral-suspension5-mg5-ml,Oral Suspension,Domperidone Maleate,5 mg/5 ml,Drug International Ltd.,100 ml bottle: ৳ 38.00,
1628,Paridon,allopathic,paridontablet10-mg,Tablet,Domperidone Maleate,10 mg,Drug International Ltd.,"Unit Price: ৳ 2.50,(98's pack: ৳ 245.00),",(98's pack: ৳ 245.00)
2260,Paricel,allopathic,paricelcapsule-delayed-release20-mg,Capsule (Delayed Release),Rabeprazole Sodium,20 mg,ACI Limited,"Unit Price: ৳ 8.00,(50's pack: ৳ 400.00),",(50's pack: ৳ 400.00)
2259,Paricel,allopathic,pariceltablet-enteric-coated10-mg,Tablet (Enteric Coated),Rabeprazole Sodium,10 mg,ACI Limited,"Unit Price: ৳ 3.51,(60's pack: ৳ 210.60),",(60's pack: ৳ 210.60)
2258,Paricel,allopathic,pariceltablet-enteric-coated20-mg,Tablet (Enteric Coated),Rabeprazole Sodium,20 mg,ACI Limited,"Unit Price: ৳ 6.00,(100's pack: ৳ 600.00),",(100's pack: ৳ 600.00)
23372,Paricap,allopathic,paricapcapsule1-mcg,Capsule,Paricalcitol,1 mcg,Drug International Ltd.,"Unit Price: ৳ 25.00,(10's pack: ৳ 250.00),",(10's pack: ৳ 250.00)
31167,Parib,allopathic,paribtablet150-mg,Tablet,Olaparib,150 mg,Drug International Ltd.,Price Unavailable,
31166,Parib,allopathic,paribcapsule50-mg,Capsule,Olaparib,50 mg,Drug International Ltd.,Price Unavailable,
10648,Paret Plus,allopathic,paret-plustablet500-mg65-mg,Tablet,Paracetamol + Caffeine,500 mg+65 mg,Oyster Pharmaceuticals Ltd.,"Unit Price: ৳ 2.00,(100's pack: ৳ 200.00),",(100's pack: ৳ 200.00)
23503,Paret,allopathic,parettablet500-mg,Tablet,Paracetamol,500 mg,Oyster Pharmaceuticals Ltd.,"Unit Price: ৳ 0.80,(250's pack: ৳ 200.00),",(250's pack: ৳ 200.00)
31697,Parkitrol,allopathic,parkitroltablet5-mg,Tablet,Trihexyphenidyl Hydrochloride,5 mg,Sun Pharmaceutical Ltd.,"Unit Price: ৳ 10.00,(50's pack: ৳ 500.00),",(50's pack: ৳ 500.00)
31696,Parkitrol,allopathic,parkitroltablet2-mg,Tablet,Trihexyphenidyl Hydrochloride,2 mg,Sun Pharmaceutical Ltd.,"Unit Price: ৳ 5.00,(50's pack: ৳ 250.00),",(50's pack: ৳ 250.00)
31223,Parkinor,allopathic,parkinortablet100-mg10-mg,Tablet,Levodopa + Carbidopa (FC tablet),100 mg+10 mg,Popular Pharmaceuticals Ltd.,"Unit Price: ৳ 7.00,(30's pack: ৳ 210.00),",(30's pack: ৳ 210.00)
25129,Parkifen,allopathic,parkifentablet5-mg,Tablet,Trihexyphenidyl Hydrochloride,5 mg,UniMed UniHealth,"Unit Price: ৳ 12.00,(30's pack: ৳ 360.00),",(30's pack: ৳ 360.00)
25128,Parkifen,allopathic,parkifentablet2-mg,Tablet,Trihexyphenidyl Hydrochloride,2 mg,UniMed UniHealth,"Unit Price: ৳ 5.00,(30's pack: ৳ 150.00),",(30's pack: ৳ 150.00)
5116,Parixol,allopathic,parixoltablet180-mcg,Tablet,Pramipexole,180 mcg,ACI Limited,"Unit Price: ৳ 6.04,(30's pack: ৳ 181.20),",(30's pack: ৳ 181.20)
5115,Parixol,allopathic,parixoltablet88-mcg,Tablet,Pramipexole,88 mcg,ACI Limited,"Unit Price: ৳ 3.01,(30's pack: ৳ 90.30),",(30's pack: ৳ 90.30)
27424,Parcef,allopathic,parcefiv-injection2-gmvial,IV Injection,Ceftriaxone Sodium,2 gm/vial,Jayson Pharmaceuticals Ltd.,2 gm vial: ৳ 300.00,
8045,Parcef,allopathic,parcefiv-injection1-gmvial,IV Injection,Ceftriaxone Sodium,1 gm/vial,Jayson Pharmaceuticals Ltd.,1 gm vial: ৳ 160.48,
8044,Parcef,allopathic,parcefiv-injection500-mgvial,IV Injection,Ceftriaxone Sodium,500 mg/vial,Jayson Pharmaceuticals Ltd.,500 mg vial: ৳ 120.36,
8043,Parcef,allopathic,parcefiv-injection250-mgvial,IV Injection,Ceftriaxone Sodium,250 mg/vial,Jayson Pharmaceuticals Ltd.,250 mg vial: ৳ 80.24,
8042,Parcef,allopathic,parcefim-injection1-gmvial,IM Injection,Ceftriaxone Sodium,1 gm/vial,Jayson Pharmaceuticals Ltd.,1 gm vial: ৳ 160.48,
8041,Parcef,allopathic,parcefim-injection500-mgvial,IM Injection,Ceftriaxone Sodium,500 mg/vial,Jayson Pharmaceuticals Ltd.,500 mg vial: ৳ 110.00,
8040,Parcef,allopathic,parcefim-injection250-mgvial,IM Injection,Ceftriaxone Sodium,250 mg/vial,Jayson Pharmaceuticals Ltd.,250 mg vial: ৳ 75.00,
23286,Patron,allopathic,patroniv-injection025-mg5-ml,IV Injection,Palonosetron,0.25 mg/5 ml,ACME Laboratories Ltd.,"5 ml ampoule: ৳ 100.00,(3's pack: ৳ 300.00),",(3's pack: ৳ 300.00)
23285,Patron,allopathic,patroniv-injection0075-mg15-ml,IV Injection,Palonosetron,0.075 mg/1.5 ml,ACME Laboratories Ltd.,1.5 ml ampoule: ৳ 75.00,
30767,Pathozil,allopathic,pathozilpowder-for-suspension250-mg5-ml,Powder for Suspension,Cefprozil,250 mg/5 ml,Eskayef Pharmaceuticals Ltd.,50 ml bottle: ৳ 275.00,
30766,Pathozil,allopathic,pathozilcapsule500-mg,Capsule,Cefprozil,500 mg,Eskayef Pharmaceuticals Ltd.,Unit Price: ৳ 55.00,
27532,Patanix,allopathic,patanixtablet-enteric-coated20-mg,Tablet (Enteric Coated),Pantoprazole Sodium Sesquihydrate,20 mg,Nipa Pharmaceuticals Ltd.,"Unit Price: ৳ 4.60,(60's pack: ৳ 276.00),",(60's pack: ৳ 276.00)
32632,Patalon Max,allopathic,patalon-maxophthalmic-solution07,Ophthalmic Solution,Olopatadine Hydrochloride (Ophthalmic),0.70%,Ibn Sina Pharmaceuticals Ltd.,5 ml drop: ৳ 225.00,
15994,Patalon DS,allopathic,patalon-dsophthalmic-solution02,Ophthalmic Solution,Olopatadine Hydrochloride (Ophthalmic),0.20%,Ibn Sina Pharmaceuticals Ltd.,5 ml drop: ৳ 150.00,
15993,Patalon,allopathic,patalonophthalmic-solution01,Ophthalmic Solution,Olopatadine Hydrochloride (Ophthalmic),0.10%,Ibn Sina Pharmaceuticals Ltd.,5 ml drop: ৳ 110.00,
28466,Patadin Max,allopathic,patadin-maxophthalmic-solution07,Ophthalmic Solution,Olopatadine Hydrochloride (Ophthalmic),0.70%,Popular Pharmaceuticals Ltd.,5 ml drop: ৳ 230.00,
15992,Patadin DS,allopathic,patadin-dsophthalmic-solution02,Ophthalmic Solution,Olopatadine Hydrochloride (Ophthalmic),0.20%,Popular Pharmaceuticals Ltd.,5 ml drop: ৳ 175.00,
15991,Patadin,allopathic,patadinophthalmic-solution01,Ophthalmic Solution,Olopatadine Hydrochloride (Ophthalmic),0.10%,Popular Pharmaceuticals Ltd.,5 ml drop: ৳ 100.38,
1373,Pasmodil,allopathic,pasmodiltablet20-mg,Tablet,Hyoscine Butylbromide,20 mg,S.N. Pharmaceutical Ltd.,"Unit Price: ৳ 3.40,(50's pack: ৳ 170.00),",(50's pack: ৳ 170.00)
4866,Pase,allopathic,pasepediatric-drops25-mgml,Pediatric Drops,Clonazepam,2.5 mg/ml,Opsonin Pharma Ltd.,10 ml drop: ৳ 80.30,
4865,Pase,allopathic,pasetablet2-mg,Tablet,Clonazepam,2 mg,Opsonin Pharma Ltd.,"Unit Price: ৳ 10.00,(60's pack: ৳ 600.00),",(60's pack: ৳ 600.00)
4864,Pase,allopathic,pasetablet1-mg,Tablet,Clonazepam,1 mg,Opsonin Pharma Ltd.,"Unit Price: ৳ 8.00,(60's pack: ৳ 480.00),",(60's pack: ৳ 480.00)
4863,Pase,allopathic,pasetablet05-mg,Tablet,Clonazepam,0.5 mg,Opsonin Pharma Ltd.,"Unit Price: ৳ 6.00,(105's pack: ৳ 630.00),,Unit Price: ৳ 6.00,(100's pack: ৳ 600.00),","(105's pack: ৳ 630.00),(100's pack: ৳ 600.00)"
31182,Pazonib,allopathic,pazonibtablet200-mg,Tablet,Pazopanib Hydrochloride,200 mg,Drug International Ltd.,Price Unavailable,
32278,Pazocent,allopathic,pazocenttablet200-mg,Tablet,Pazopanib Hydrochloride,200 mg,Incepta Pharmaceuticals Ltd.,"Unit Price: ৳ 250.00,(10's pack: ৳ 2,500.00),","(10's pack: ৳ 2,500.00)"
31871,Paxovir,allopathic,paxovirtablet150-mg100-mg,Tablet,Nirmatrelvir + Ritonavir,150 mg+100 mg,Eskayef Pharmaceuticals Ltd.,"6 tablet combipack: ৳ 3,200.00",
17285,Paxel,allopathic,paxeliv-infusion6-mgml,IV Infusion,Paclitaxel,6 mg/ml,Healthcare Pharmaceuticals Ltd.,"30 mg vial: ৳ 2,080.00,100 mg vial: ৳ 5,330.00,300 mg vial: ৳ 11,350.00",
10607,Pax,allopathic,paxtablet500-mg65-mg,Tablet,Paracetamol + Caffeine,500 mg+65 mg,Marker Pharma Ltd.,"Unit Price: ৳ 1.50,(200's pack: ৳ 300.00),",(200's pack: ৳ 300.00)
3381,Pavigard,allopathic,pavigardtablet2-mg,Tablet,Pitavastatin Calcium,2 mg,ACME Laboratories Ltd.,"Unit Price: ৳ 10.03,(20's pack: ৳ 200.60),",(20's pack: ৳ 200.60)
23287,Patron,allopathic,patrontablet05-mg,Tablet,Palonosetron,0.5 mg,ACME Laboratories Ltd.,"Unit Price: ৳ 20.00,(20's pack: ৳ 400.00),",(20's pack: ৳ 400.00)
2973,Parten Plus,allopathic,parten-plustablet50-mg125-mg,Tablet,Losartan Potassium + Hydrochlorothiazide,50 mg+12.5 mg,Jayson Pharmaceuticals Ltd.,"Unit Price: ৳ 6.04,(30's pack: ৳ 181.20),",(30's pack: ৳ 181.20)
2765,Parten,allopathic,partentablet50-mg,Tablet,Losartan Potassium,50 mg,Jayson Pharmaceuticals Ltd.,"Unit Price: ৳ 5.03,(30's pack: ৳ 150.90),",(30's pack: ৳ 150.90)
4521,Paroxet,allopathic,paroxettablet20-mg,Tablet,Paroxetine Hydrochloride,20 mg,Jayson Pharmaceuticals Ltd.,"Unit Price: ৳ 9.06,(30's pack: ৳ 271.80),",(30's pack: ৳ 271.80)
4520,Parotin,allopathic,parotintablet20-mg,Tablet,Paroxetine Hydrochloride,20 mg,ACI Limited,"Unit Price: ৳ 10.07,(30's pack: ৳ 302.10),",(30's pack: ৳ 302.10)
4519,Parotin,allopathic,parotintablet10-mg,Tablet,Paroxetine Hydrochloride,10 mg,ACI Limited,"Unit Price: ৳ 6.04,(30's pack: ৳ 181.20),",(30's pack: ৳ 181.20)
330,Parnil DS,allopathic,parnil-dschewable-tablet400-mg,Chewable Tablet,Albendazole,400 mg,Euro Pharma Ltd.,"Unit Price: ৳ 5.00,(50's pack: ৳ 250.00),",(50's pack: ৳ 250.00)
29965,Parlox,allopathic,parloxtablet200-mg,Tablet,Sparfloxacin,200 mg,Eskayef Pharmaceuticals Ltd.,"Unit Price: ৳ 15.00,(10's pack: ৳ 150.00),",(10's pack: ৳ 150.00)
22278,Pednisol,allopathic,pednisoltablet5-mg,Tablet,Prednisolone,5 mg,Drug International Ltd.,"Unit Price: ৳ 1.72,(100's pack: ৳ 172.00),",(100's pack: ৳ 172.00)
15916,Pednisol,allopathic,pednisolophthalmic-suspension1,Ophthalmic Suspension,Prednisolone Acetate,1%,Drug International Ltd.,5 ml drop: ৳ 90.30,
14577,Pedizinc,allopathic,pedizincsyrup10-mg5-ml,Syrup,Zinc Sulfate Monohydrate,10 mg/5 ml,Rangs Pharmaceuticals Ltd.,100 ml bottle: ৳ 35.00,
381,Pedisol DS,allopathic,pedisol-dsiv-infusion022510,IV Infusion,Sodium Chloride + Dextrose,0.225%+10%,Popular Pharmaceuticals Ltd.,500 ml bag: ৳ 80.00,
386,Pedisol,allopathic,pedisoliv-infusion02255,IV Infusion,Sodium Chloride + Dextrose,0.225%+5%,Popular Pharmaceuticals Ltd.,500 ml bag: ৳ 72.00,
5817,Pedipred,allopathic,pedipredoral-solution5-mg5-ml,Oral Solution,Prednisolone,5 mg/5 ml,Ziska Pharmaceuticals Ltd.,"50 ml bottle: ৳ 60.00,100 ml bottle: ৳ 95.00",
11878,Pediphen,allopathic,pediphensyrup10-mg5-ml,Syrup,Diphenhydramine Hydrochloride,10 mg/5 ml,Somatec Pharmaceuticals Ltd.,100 ml bottle: ৳ 38.00,
8792,Pedilid,allopathic,pedilidpowder-for-suspension50-mg5-ml,Powder for Suspension,Roxithromycin,50 mg/5 ml,Incepta Pharmaceuticals Ltd.,50 ml bottle: ৳ 80.00,
8791,Pedilid,allopathic,pedilidtablet300-mg,Tablet,Roxithromycin,300 mg,Incepta Pharmaceuticals Ltd.,"Unit Price: ৳ 14.00,(30's pack: ৳ 420.00),",(30's pack: ৳ 420.00)
8790,Pedilid,allopathic,pedilidtablet150-mg,Tablet,Roxithromycin,150 mg,Incepta Pharmaceuticals Ltd.,"Unit Price: ৳ 7.00,(50's pack: ৳ 350.00),",(50's pack: ৳ 350.00)
11877,Pedilar,allopathic,pedilarsyrup10-mg5-ml,Syrup,Diphenhydramine Hydrochloride,10 mg/5 ml,Popular Pharmaceuticals Ltd.,100 ml bottle: ৳ 45.17,
1306,Pedigas,allopathic,pedigaspediatric-drops67-mgml,Pediatric Drops,Simethicone,67 mg/ml,Globe Pharmaceuticals Ltd.,15 ml drop: ৳ 30.00,
1304,Pedicon,allopathic,pediconpediatric-drops67-mgml,Pediatric Drops,Simethicone,67 mg/ml,Orion Pharma Ltd.,15 ml drop: ৳ 30.20,
8512,Pedicin,allopathic,pedicinpowder-for-suspension125-mg5-ml,Powder for Suspension,Erythromycin (Oral),125 mg/5 ml,Rangs Pharmaceuticals Ltd.,100 ml bottle: ৳ 84.75,
7782,Pedicef DS,allopathic,pedicef-dspowder-for-suspension80-mg5-ml,Powder for Suspension,Cefpodoxime Proxetil,80 mg/5 ml,Orion Pharma Ltd.,50 ml bottle: ৳ 176.19,
7783,Pedicef,allopathic,pedicefpediatric-drops20-mgml,Pediatric Drops,Cefpodoxime Proxetil,20 mg/ml,Orion Pharma Ltd.,15 ml bottle: ৳ 60.39,
22279,Pednisol,allopathic,pednisoltablet10-mg,Tablet,Prednisolone,10 mg,Drug International Ltd.,"Unit Price: ৳ 3.23,(100's pack: ৳ 323.00),",(100's pack: ৳ 323.00)
7781,Pedicef,allopathic,pedicefpowder-for-suspension40-mg5-ml,Powder for Suspension,Cefpodoxime Proxetil,40 mg/5 ml,Orion Pharma Ltd.,50 ml bottle: ৳ 98.66,
13566,Pediavit,allopathic,pediavitsyrup,Syrup,Multivitamin & Cod Liver Oil,,UniMed UniHealth,100 ml bottle: ৳ 80.00,
28138,Pediasure Premium,allopathic,pediasure-premiumoral-powder,Oral Powder,"Protein, Fat, Carbohydrate, Vitamin & Mineral",,Abbott Laboratories,400 gm jar: ৳ 755.00,
28137,Pediasure Delight,allopathic,pediasure-delightoral-powder,Oral Powder,"Protein, Fat, Carbohydrate, Vitamin & Mineral",,Abbott Laboratories,"400 gm jar: ৳ 755.00,1000 gm jar: ৳ 1,645.00",
17098,Pediasure Classic,allopathic,pediasure-classicoral-powder,Oral Powder,"Protein, Fat, Carbohydrate, Vitamin & Mineral",,Abbott Laboratories,"400 gm jar: ৳ 1,025.00,900 gm jar: ৳ 1,820.00",
13449,Pedial,allopathic,pedialtablet500-mcg,Tablet,Mecobalamin,500 mcg,Globe Pharmaceuticals Ltd.,"Unit Price: ৳ 4.00,(50's pack: ৳ 200.00),",(50's pack: ৳ 200.00)
14576,Pedi-Z,allopathic,pedi-zsyrup10-mg5-ml,Syrup,Zinc Sulfate Monohydrate,10 mg/5 ml,Supreme Pharmaceutical Ltd.,100 ml bottle: ৳ 30.00,
11876,Pedeamin,allopathic,pedeaminsyrup10-mg5-ml,Syrup,Diphenhydramine Hydrochloride,10 mg/5 ml,Beximco Pharmaceuticals Ltd.,100 ml bottle: ৳ 45.00,
23088,Pear,allopathic,pearcapsule-delayed-release20-mg,Capsule (Delayed Release),Omeprazole,20 mg,Prime Pharmaceuticals Ltd.,Unit Price: ৳ 4.50,
28177,Peacepil,allopathic,peacepiltablet3-mg,Tablet,Bromazepam,3 mg,Concord Pharmaceuticals Ltd.,"Unit Price: ৳ 5.00,(50's pack: ৳ 250.00),",(50's pack: ৳ 250.00)
27739,PDS,allopathic,pdsdialysis-solution1000-ml,Dialysis Solution,Peritoneal Dialysis solutions,1000 ml,Opso Saline Ltd.,1000 ml bag: ৳ 70.80,
2216,PC-20,allopathic,pc-20tablet-enteric-coated20-mg,Tablet (Enteric Coated),Pantoprazole Sodium Sesquihydrate,20 mg,Central Pharmaceuticals Ltd.,"Unit Price: ৳ 4.00,(50's pack: ৳ 200.00),",(50's pack: ৳ 200.00)
33090,Pazoren,allopathic,pazorentablet200-mg,Tablet,Pazopanib Hydrochloride,200 mg,Renata Limited,Price Unavailable,
23316,Pelican,allopathic,pelicantablet-enteric-coated20-mg,Tablet (Enteric Coated),Pantoprazole Sodium Sesquihydrate,20 mg,Delta Pharma Ltd.,"Unit Price: ৳ 3.00,(50's pack: ৳ 150.00),",(50's pack: ৳ 150.00)
16643,PegNeufil,allopathic,pegneufilsc-injection6-mg06-ml,SC Injection,Pegfilgrastim [Pegylated Filgrastim],6 mg/0.6 ml,Healthcare Pharmaceuticals Ltd.,"0.6 ml pre-filled syringe: ৳ 20,300.00",
23416,Pegin,allopathic,peginsc-injection135-mcg05-ml,SC Injection,Peginterferon alfa-2a [Pegylated Interferon alfa-2a],135 mcg/0.5 ml,Beacon Pharmaceuticals Ltd.,"0.5 ml pre-filled syringe: ৳ 8,800.00",
9768,Pegin,allopathic,peginsc-injection180-mcg05-ml,SC Injection,Peginterferon alfa-2a [Pegylated Interferon alfa-2a],180 mcg/0.5 ml,Beacon Pharmaceuticals Ltd.,"0.5 ml pre-filled syringe: ৳ 9,800.00",
17261,Pegfilgrast,allopathic,pegfilgrastsc-injection6-mg06-ml,SC Injection,Pegfilgrastim [Pegylated Filgrastim],6 mg/0.6 ml,Beacon Pharmaceuticals Ltd.,"0.6 ml pre-filled syringe: ৳ 18,000.00",
23418,Pegferon,allopathic,pegferonsc-injection180-mcg05-ml,SC Injection,Peginterferon alfa-2a [Pegylated Interferon alfa-2a],180 mcg/0.5 ml,Healthcare Pharmaceuticals Ltd.,"0.5 ml pre-filled syringe: ৳ 15,000.00",
5017,Pegaron,allopathic,pegaroncapsule75-mg,Capsule,Pregabalin,75 mg,Jenphar Bangladesh Ltd.,"Unit Price: ৳ 18.00,(30's pack: ৳ 540.00),",(30's pack: ৳ 540.00)
5016,Pegaron,allopathic,pegaroncapsule50-mg,Capsule,Pregabalin,50 mg,Jenphar Bangladesh Ltd.,"Unit Price: ৳ 14.00,(30's pack: ৳ 420.00),",(30's pack: ৳ 420.00)
5055,Pegamax,allopathic,pegamaxcapsule75-mg,Capsule,Pregabalin,75 mg,Astra Biopharmaceuticals Ltd.,Unit Price: ৳ 16.00,
5054,Pegamax,allopathic,pegamaxcapsule50-mg,Capsule,Pregabalin,50 mg,Astra Biopharmaceuticals Ltd.,Unit Price: ৳ 11.00,
32652,Pegalin ER,allopathic,pegalin-ertablet-extended-release330-mg,Tablet (Extended Release),Pregabalin,330 mg,Popular Pharmaceuticals Ltd.,"Unit Price: ৳ 45.00,(10's pack: ৳ 450.00),",(10's pack: ৳ 450.00)
32651,Pegalin ER,allopathic,pegalin-ertablet-extended-release165-mg,Tablet (Extended Release),Pregabalin,165 mg,Popular Pharmaceuticals Ltd.,"Unit Price: ৳ 35.00,(30's pack: ৳ 1,050.00),","(30's pack: ৳ 1,050.00)"
32650,Pegalin ER,allopathic,pegalin-ertablet-extended-release825-mg,Tablet (Extended Release),Pregabalin,82.5 mg,Popular Pharmaceuticals Ltd.,"Unit Price: ৳ 25.00,(30's pack: ৳ 750.00),",(30's pack: ৳ 750.00)
5015,Pegalin,allopathic,pegalincapsule150-mg,Capsule,Pregabalin,150 mg,Popular Pharmaceuticals Ltd.,"Unit Price: ৳ 34.00,(20's pack: ৳ 680.00),",(20's pack: ৳ 680.00)
5014,Pegalin,allopathic,pegalincapsule100-mg,Capsule,Pregabalin,100 mg,Popular Pharmaceuticals Ltd.,"Unit Price: ৳ 22.08,(30's pack: ৳ 662.40),",(30's pack: ৳ 662.40)
5013,Pegalin,allopathic,pegalincapsule75-mg,Capsule,Pregabalin,75 mg,Popular Pharmaceuticals Ltd.,"Unit Price: ৳ 18.00,(30's pack: ৳ 540.00),",(30's pack: ৳ 540.00)
16005,Pemast,allopathic,pemastophthalmic-solution01,Ophthalmic Solution,Pemirolast Potassium,0.10%,Opso Saline Ltd.,10 ml drop: ৳ 75.00,
520,Pelverin,allopathic,pelverintablet60-mg,Tablet,Alverine Citrate,60 mg,Popular Pharmaceuticals Ltd.,"Unit Price: ৳ 5.00,(50's pack: ৳ 250.00),",(50's pack: ৳ 250.00)
30901,Pelsone,allopathic,pelsonecream101,Cream,Econazole Nitrate + Triamcinolone Acetonide,1%+0.1%,Innovative Pharma (Albion),10 gm tube: ৳ 48.00,
5012,Pegalin,allopathic,pegalincapsule50-mg,Capsule,Pregabalin,50 mg,Popular Pharmaceuticals Ltd.,"Unit Price: ৳ 14.50,(30's pack: ৳ 435.00),,Unit Price: ৳ 14.50,(50's pack: ৳ 725.00),","(30's pack: ৳ 435.00),(50's pack: ৳ 725.00)"
5011,Pegalin,allopathic,pegalincapsule25-mg,Capsule,Pregabalin,25 mg,Popular Pharmaceuticals Ltd.,"Unit Price: ৳ 10.00,(30's pack: ৳ 300.00),,Unit Price: ৳ 10.00,(50's pack: ৳ 500.00),","(30's pack: ৳ 300.00),(50's pack: ৳ 500.00)"
17314,PEG-Filastin,allopathic,peg-filastinsc-injection6-mg06-ml,SC Injection,Pegfilgrastim [Pegylated Filgrastim],6 mg/0.6 ml,Incepta Pharmaceuticals Ltd.,"0.6 ml pre-filled syringe: ৳ 15,000.00",
29503,PEG-Epo,allopathic,peg-epoivsc-injection75-mcg03-ml,IV/SC Injection,Pegylated Erythropoietin,75 mcg/0.3 ml,Incepta Pharmaceuticals Ltd.,"0.3 ml pre-filled syringe: ৳ 5,500.00",
29502,PEG-Epo,allopathic,peg-epoivsc-injection50-mcg03-ml,IV/SC Injection,Pegylated Erythropoietin,50 mcg/0.3 ml,Incepta Pharmaceuticals Ltd.,"0.3 ml pre-filled syringe: ৳ 4,000.00",
1161,Peflox,allopathic,pefloxtablet400-mg,Tablet,Pefloxacin Mesylate Dihydrate,400 mg,Drug International Ltd.,"Unit Price: ৳ 11.05,(20's pack: ৳ 221.00),",(20's pack: ৳ 221.00)
1160,Peflon,allopathic,peflontablet400-mg,Tablet,Pefloxacin Mesylate Dihydrate,400 mg,GlaxoSmithKline,"Unit Price: ৳ 14.00,(50's pack: ৳ 700.00),",(50's pack: ৳ 700.00)
28344,Peflacine,allopathic,peflacinetablet400-mg,Tablet,Pefloxacin Mesylate Dihydrate,400 mg,Synovia pharma plc,"Unit Price: ৳ 15.28,(30's pack: ৳ 458.40),",(30's pack: ৳ 458.40)
1159,Pefla,allopathic,peflatablet400-mg,Tablet,Pefloxacin Mesylate Dihydrate,400 mg,Sonear Laboratories Ltd.,"Unit Price: ৳ 15.38,(20's pack: ৳ 307.60),",(20's pack: ৳ 307.60)
11881,Pedryl,allopathic,pedrylsyrup10-mg5-ml,Syrup,Diphenhydramine Hydrochloride,10 mg/5 ml,Oyster Pharmaceuticals Ltd.,100 ml bottle: ৳ 20.00,
22280,Pednisol,allopathic,pednisoltablet20-mg,Tablet,Prednisolone,20 mg,Drug International Ltd.,"Unit Price: ৳ 6.27,(50's pack: ৳ 313.50),",(50's pack: ৳ 313.50)
2920,Pendoril Plus,allopathic,pendoril-plustablet125-mg4-mg,Tablet,Indapamide + Perindopril Arginine,1.25 mg+4 mg,Renata Limited,"Unit Price: ৳ 15.00,(20's pack: ৳ 300.00),",(20's pack: ৳ 300.00)
2919,Pendoril Plus,allopathic,pendoril-plustablet0625-mg2-mg,Tablet,Indapamide + Perindopril Arginine,0.625 mg+2 mg,Renata Limited,"Unit Price: ৳ 10.00,(20's pack: ৳ 200.00),",(20's pack: ৳ 200.00)
2619,Pendoril,allopathic,pendoriltablet2-mg,Tablet,Perindopril Arginine,2 mg,Renata Limited,"Unit Price: ৳ 9.00,(20's pack: ৳ 180.00),",(20's pack: ৳ 180.00)
2618,Pendoril,allopathic,pendoriltablet4-mg,Tablet,Perindopril Arginine,4 mg,Renata Limited,"Unit Price: ৳ 14.00,(20's pack: ৳ 280.00),",(20's pack: ৳ 280.00)
10707,Pendol,allopathic,pendolcapsule50-mg,Capsule,Tramadol Hydrochloride,50 mg,Alco Pharma Ltd.,"Unit Price: ৳ 6.02,(30's pack: ৳ 180.60),",(30's pack: ৳ 180.60)
6198,Penclox,allopathic,pencloxpowder-for-suspension125-mg5-ml,Powder for Suspension,Cloxacillin Sodium,125 mg/5 ml,Central Pharmaceuticals Ltd.,100 ml bottle: ৳ 43.00,
6197,Penclox,allopathic,pencloxcapsule500-mg,Capsule,Cloxacillin Sodium,500 mg,Central Pharmaceuticals Ltd.,"Unit Price: ৳ 5.80,(100's pack: ৳ 580.00),",(100's pack: ৳ 580.00)
6162,Penci-V,allopathic,penci-vpowder-for-suspension125-mg5-ml,Powder for Suspension,Phenoxymethyl Penicillin [Penicillin V],125 mg/5 ml,Skylab Pharmaceuticals Ltd.,50 ml bottle: ৳ 18.00,
6161,Penci-V,allopathic,penci-vtablet250-mg,Tablet,Phenoxymethyl Penicillin [Penicillin V],250 mg,Skylab Pharmaceuticals Ltd.,"Unit Price: ৳ 1.53,(100's pack: ৳ 153.00),",(100's pack: ৳ 153.00)
11840,Penamin,allopathic,penamintablet4-mg,Tablet,Chlorpheniramine Maleate,4 mg,APC Pharma Ltd.,"Unit Price: ৳ 0.20,(500's pack: ৳ 100.00),",(500's pack: ৳ 100.00)
8672,Penalox,allopathic,penaloxpowder-for-suspension200-mg5-ml,Powder for Suspension,Azithromycin Dihydrate,200 mg/5 ml,Rephco Pharmaceuticals Ltd.,"15 ml bottle: ৳ 95.00,30 ml bottle: ৳ 130.00,50 ml bottle: ৳ 185.00",
8671,Penalox,allopathic,penaloxcapsule500-mg,Capsule,Azithromycin Dihydrate,500 mg,Rephco Pharmaceuticals Ltd.,"Unit Price: ৳ 30.00,(8's pack: ৳ 240.00),",(8's pack: ৳ 240.00)
71,Penac-AC,allopathic,penac-actablet100-mg,Tablet,Aceclofenac,100 mg,APC Pharma Ltd.,"Unit Price: ৳ 3.00,(100's pack: ৳ 300.00),",(100's pack: ৳ 300.00)
11065,Penac TR,allopathic,penac-trcapsule-timed-release100-mg,Capsule (Timed Release),Diclofenac Sodium,100 mg,APC Pharma Ltd.,"Unit Price: ৳ 3.00,(50's pack: ৳ 150.00),",(50's pack: ৳ 150.00)
11064,Penac,allopathic,penactablet50-mg,Tablet,Diclofenac Sodium,50 mg,APC Pharma Ltd.,"Unit Price: ৳ 0.85,(100's pack: ৳ 85.00),",(100's pack: ৳ 85.00)
6123,Pen-G,allopathic,pen-ginjection10-lac-unitvial,Injection,Benzyl Penicillin,10 lac unit/vial,Opsonin Pharma Ltd.,"10 lac unit vial: ৳ 16.74,(10's pack: ৳ 167.40),",(10's pack: ৳ 167.40)
6157,Penicillin-V,allopathic,penicillin-vpowder-for-suspension125-mg5-ml,Powder for Suspension,Phenoxymethyl Penicillin [Penicillin V],125 mg/5 ml,Indo Bangla Pharmaceutical,50 ml bottle: ৳ 18.00,
6156,Penicillin-V,allopathic,penicillin-vtablet250-mg,Tablet,Phenoxymethyl Penicillin [Penicillin V],250 mg,Indo Bangla Pharmaceutical,"Unit Price: ৳ 1.50,(100's pack: ৳ 150.00),",(100's pack: ৳ 150.00)
6145,Penicillin,allopathic,penicillintablet250-mg,Tablet,Phenoxymethyl Penicillin [Penicillin V],250 mg,Bristol Pharmaceuticals Ltd.,"Unit Price: ৳ 2.28,(100's pack: ৳ 228.00),",(100's pack: ৳ 228.00)
24745,Penfil,allopathic,penfiltablet10-mg,Tablet,Tadalafil,10 mg,Biopharma Laboratories Ltd.,"Unit Price: ৳ 30.00,(4's pack: ৳ 120.00),",(4's pack: ৳ 120.00)
6122,Pen-G,allopathic,pen-ginjection5-lac-unitvial,Injection,Benzyl Penicillin,5 lac unit/vial,Opsonin Pharma Ltd.,"5 lac unit vial: ৳ 11.29,(10's pack: ৳ 112.90),",(10's pack: ৳ 112.90)
30058,Pemro,allopathic,pemroiv-infusion100-mg4-ml,IV Infusion,Pembrolizumab,100 mg/4 ml,Beacon Pharmaceuticals Ltd.,"100 mg vial: ৳ 195,000.00",
6616,Pemox,allopathic,pemoxpediatric-drops125-mg125-ml,Pediatric Drops,Amoxicillin Trihydrate,125 mg/1.25 ml,APC Pharma Ltd.,15 ml bottle: ৳ 28.00,
6615,Pemox,allopathic,pemoxpowder-for-suspension125-mg5-ml,Powder for Suspension,Amoxicillin Trihydrate,125 mg/5 ml,APC Pharma Ltd.,100 ml bottle: ৳ 45.00,
6614,Pemox,allopathic,pemoxcapsule500-mg,Capsule,Amoxicillin Trihydrate,500 mg,APC Pharma Ltd.,"Unit Price: ৳ 6.00,(50's pack: ৳ 300.00),",(50's pack: ৳ 300.00)
23419,Pemetrex,allopathic,pemetrexiv-infusion500-mgvial,IV Infusion,Pemetrexed,500 mg/vial,Beacon Pharmaceuticals Ltd.,"500 mg vial: ৳ 25,000.00",
15075,Pemetrex,allopathic,pemetrexiv-infusion100-mgvial,IV Infusion,Pemetrexed,100 mg/vial,Beacon Pharmaceuticals Ltd.,"100 mg vial: ৳ 5,000.00",
28712,Pemetor,allopathic,pemetoriv-infusion500-mgvial,IV Infusion,Pemetrexed,500 mg/vial,Eskayef Pharmaceuticals Ltd.,"500 mg vial: ৳ 25,000.00",
28711,Pemetor,allopathic,pemetoriv-infusion100-mgvial,IV Infusion,Pemetrexed,100 mg/vial,Eskayef Pharmaceuticals Ltd.,"100 mg vial: ৳ 5,000.00",
28380,Pemeta,allopathic,pemetaiv-infusion100-mgvial,IV Infusion,Pemetrexed,100 mg/vial,Drug International Ltd.,"100 mg vial: ৳ 4,500.00",
14465,Peocal D,allopathic,peocal-dtablet500-mg200-iu,Tablet,Calcium Carbonate [Elemental source] + Vitamin D3,500 mg+200 IU,Peoples Pharma Ltd.,"Unit Price: ৳ 3.00,(15's pack: ৳ 45.00),,Unit Price: ৳ 3.00,(30's pack: ৳ 90.00),","(15's pack: ৳ 45.00),(30's pack: ৳ 90.00)"
4356,Penxit,allopathic,penxittablet05-mg10-mg,Tablet,Flupentixol + Melitracen,0.5 mg+10 mg,Peoples Pharma Ltd.,"Unit Price: ৳ 3.00,(50's pack: ৳ 150.00),",(50's pack: ৳ 150.00)
6150,Penvik Forte,allopathic,penvik-fortepowder-for-suspension250-mg5-ml,Powder for Suspension,Phenoxymethyl Penicillin [Penicillin V],250 mg/5 ml,Square Pharmaceuticals Ltd.,100 ml bottle: ৳ 58.64,
6148,Penvik DS,allopathic,penvik-dstablet500-mg,Tablet,Phenoxymethyl Penicillin [Penicillin V],500 mg,Square Pharmaceuticals Ltd.,"Unit Price: ৳ 4.44,(100's pack: ৳ 444.00),",(100's pack: ৳ 444.00)
6147,Penvik,allopathic,penviktablet250-mg,Tablet,Phenoxymethyl Penicillin [Penicillin V],250 mg,Square Pharmaceuticals Ltd.,"Unit Price: ৳ 2.30,(100's pack: ৳ 230.00),",(100's pack: ৳ 230.00)
2218,Pentosa,allopathic,pentosatablet-enteric-coated40-mg,Tablet (Enteric Coated),Pantoprazole Sodium Sesquihydrate,40 mg,Pharmasia Limited,"Unit Price: ৳ 6.00,(30's pack: ৳ 180.00),",(30's pack: ৳ 180.00)
2217,Pentosa,allopathic,pentosatablet-enteric-coated20-mg,Tablet (Enteric Coated),Pantoprazole Sodium Sesquihydrate,20 mg,Pharmasia Limited,"Unit Price: ৳ 5.00,(30's pack: ৳ 150.00),",(30's pack: ৳ 150.00)
4355,Pentixol,allopathic,pentixoltablet05-mg10-mg,Tablet,Flupentixol + Melitracen,0.5 mg+10 mg,Techno Drugs Ltd.,"Unit Price: ৳ 3.00,(30's pack: ৳ 90.00),",(30's pack: ৳ 90.00)
20442,Penticin,allopathic,penticintablet05-mg10-mg,Tablet,Flupentixol + Melitracen,0.5 mg+10 mg,Euro Pharma Ltd.,"Unit Price: ৳ 5.00,(50's pack: ৳ 250.00),",(50's pack: ৳ 250.00)
23421,Pentazo,allopathic,pentazoinjection30-mgml,Injection,Pentazocine Hydrochloride,30 mg/ml,General Pharmaceuticals Ltd.,"1 ml ampoule: ৳ 30.00,(10's pack: ৳ 300.00),",(10's pack: ৳ 300.00)
30012,Pentasa,allopathic,pentasamicrogranules2-gmsachet,Microgranules,Mesalazine [5-aminosalicylic acid],2 gm/sachet,Ferring Pharmaceuticals Ltd.,"2 gm sachet: ৳ 140.00,(60's pack: ৳ 8,400.00),","(60's pack: ৳ 8,400.00)"
30011,Pentasa,allopathic,pentasamicrogranules1-gmsachet,Microgranules,Mesalazine [5-aminosalicylic acid],1 gm/sachet,Ferring Pharmaceuticals Ltd.,"1 gm sachet: ৳ 72.00,(50's pack: ৳ 3,600.00),","(50's pack: ৳ 3,600.00)"
15262,Pentaglobin,allopathic,pentaglobiniv-injection-or-infusion500-mg10-ml,IV Injection or Infusion,Human Immunoglobulin-G [IgG],500 mg/10 ml,Biotest,"10 ml vial: ৳ 4,478.28",
24810,Pentadol,allopathic,pentadoltablet100-mg,Tablet,Tapentadol Hydrochloride,100 mg,Square Pharmaceuticals Ltd.,"Unit Price: ৳ 25.08,(10's pack: ৳ 250.80),",(10's pack: ৳ 250.80)
10755,Pentadol,allopathic,pentadoltablet75-mg,Tablet,Tapentadol Hydrochloride,75 mg,Square Pharmaceuticals Ltd.,"Unit Price: ৳ 20.07,(10's pack: ৳ 200.65),",(10's pack: ৳ 200.65)
10754,Pentadol,allopathic,pentadoltablet50-mg,Tablet,Tapentadol Hydrochloride,50 mg,Square Pharmaceuticals Ltd.,"Unit Price: ৳ 14.05,(20's pack: ৳ 280.92),",(20's pack: ৳ 280.92)
14579,Pep-2,allopathic,pep-2syrup10-mg5-ml,Syrup,Zinc Sulfate Monohydrate,10 mg/5 ml,Orion Pharma Ltd.,"100 ml bottle: ৳ 38.00,200 ml bottle: ৳ 60.18",
1015,Pep Sweet,allopathic,pep-sweettablet25-mg,Tablet,Aspartame,25 mg,Sonear Laboratories Ltd.,"Unit Price: ৳ 0.70,(50's pack: ৳ 35.00),",(50's pack: ৳ 35.00)
14695,Pep Plus,allopathic,pep-plussyrup,Syrup,Vitamin B Complex + Zinc,,Orion Pharma Ltd.,"100 ml bottle: ৳ 52.00,200 ml bottle: ৳ 90.27",
14694,Pep Plus,allopathic,pep-plustablet,Tablet,Vitamin B Complex + Zinc,,Orion Pharma Ltd.,"Unit Price: ৳ 3.00,(30's pack: ৳ 90.00),",(30's pack: ৳ 90.00)
14578,Pep,allopathic,pepsyrup405-mg5-ml,Syrup,Zinc Sulfate Monohydrate,4.05 mg/5 ml,Orion Pharma Ltd.,100 ml bottle: ৳ 36.00,
13817,Peoplex,allopathic,peoplexsyrup,Syrup,Vitamin B complex,,Peoples Pharma Ltd.,"100 ml bottle: ৳ 17.00,200 ml bottle: ৳ 30.00",
28148,Peoflox,allopathic,peofloxtablet500-mg,Tablet,Ciprofloxacin,500 mg,Peoples Pharma Ltd.,"Unit Price: ৳ 12.00,(30's pack: ৳ 360.00),",(30's pack: ৳ 360.00)
6146,Pentab,allopathic,pentabtablet250-mg,Tablet,Phenoxymethyl Penicillin [Penicillin V],250 mg,Sonear Laboratories Ltd.,"Unit Price: ৳ 2.29,(100's pack: ৳ 229.00),",(100's pack: ৳ 229.00)
10862,Penrif,allopathic,penrifcream308,Cream,Methyl Salicylate + Menthol,30%+8%,Square Pharmaceuticals Ltd.,20 gm tube: ৳ 60.40,
22077,Penomer,allopathic,penomeriv-injection-or-infusion500-mgvial,IV Injection or Infusion,Meropenem Trihydrate,500 mg/vial,Beximco Pharmaceuticals Ltd.,500 mg vial: ৳ 700.00,
22076,Penomer,allopathic,penomeriv-injection-or-infusion1-gmvial,IV Injection or Infusion,Meropenem Trihydrate,1 gm/vial,Beximco Pharmaceuticals Ltd.,"1 gm vial: ৳ 1,300.00",
30435,Penmox,allopathic,penmoximiv-injection500-mgvial,IM/IV Injection,Amoxicillin Trihydrate,500 mg/vial,Techno Drugs Ltd.,500 mg vial: ৳ 162.50,
6618,Penmox,allopathic,penmoxpowder-for-suspension125-mg5-ml,Powder for Suspension,Amoxicillin Trihydrate,125 mg/5 ml,Techno Drugs Ltd.,100 ml bottle: ৳ 47.50,
6617,Penmox,allopathic,penmoxcapsule500-mg,Capsule,Amoxicillin Trihydrate,500 mg,Techno Drugs Ltd.,"Unit Price: ৳ 10.83,(30's pack: ৳ 325.00),",(30's pack: ৳ 325.00)
27194,Pepzol,allopathic,pepzolcapsule-delayed-release20-mg,Capsule (Delayed Release),Esomeprazole,20 mg,Leon Pharmaceuticals Ltd.,"Unit Price: ৳ 7.00,(60's pack: ৳ 420.00),",(60's pack: ৳ 420.00)
23057,Peptral,allopathic,peptralcapsule-delayed-release40-mg,Capsule (Delayed Release),Omeprazole,40 mg,Labaid Pharma Ltd.,"Unit Price: ৳ 9.03,(30's pack: ৳ 270.92),",(30's pack: ৳ 270.92)
1923,Peptral,allopathic,peptralcapsule-delayed-release20-mg,Capsule (Delayed Release),Omeprazole,20 mg,Labaid Pharma Ltd.,"Unit Price: ৳ 6.00,(60's pack: ৳ 360.18),",(60's pack: ৳ 360.18)
1741,Peptonil-R,allopathic,peptonil-rtablet150-mg,Tablet,Ranitidine Hydrochloride,150 mg,Decent Pharma Laboratories Ltd.,"Unit Price: ৳ 2.00,(100's pack: ৳ 200.00),",(100's pack: ৳ 200.00)
27067,Peptofit,allopathic,peptofitoral-suspension875-mg5-ml,Oral Suspension,Bismuth Subsalicylate,87.5 mg/5 ml,Opsonin Pharma Ltd.,200 ml bottle: ৳ 100.00,
18276,Peptocid,allopathic,peptocidoral-suspension875-mg5-ml,Oral Suspension,Bismuth Subsalicylate,87.5 mg/5 ml,Incepta Pharmaceuticals Ltd.,200 ml bottle: ৳ 95.00,
16329,Pepto-Care,allopathic,pepto-careoral-suspension875-mg5-ml,Oral Suspension,Bismuth Subsalicylate,87.5 mg/5 ml,UniMed UniHealth,200 ml bottle: ৳ 150.00,
31147,Pepto,allopathic,peptooral-suspension875-mg5-ml,Oral Suspension,Bismuth Subsalicylate,87.5 mg/5 ml,Opso Saline Ltd.,200 ml bottle: ৳ 100.00,
14583,Peptin-DS,allopathic,peptin-dssyrup10-mg5-ml,Syrup,Zinc Sulfate Monohydrate,10 mg/5 ml,Nipa Pharmaceuticals Ltd.,100 ml bottle: ৳ 35.00,
14582,Peptin,allopathic,peptinsyrup405-mg5-ml,Syrup,Zinc Sulfate Monohydrate,4.05 mg/5 ml,Nipa Pharmaceuticals Ltd.,100 ml bottle: ৳ 25.28,
1740,Peptil H,allopathic,peptil-himiv-injection50-mg2-ml,IM/IV Injection,Ranitidine Hydrochloride,50 mg/2 ml,Eskayef Pharmaceuticals Ltd.,"2 ml ampoule: ৳ 9.00,(10's pack: ৳ 90.00),",(10's pack: ৳ 90.00)
1739,Peptil H,allopathic,peptil-hsyrup75-mg5-ml,Syrup,Ranitidine Hydrochloride,75 mg/5 ml,Eskayef Pharmaceuticals Ltd.,100 ml bottle: ৳ 45.00,
1738,Peptil H,allopathic,peptil-htablet150-mg,Tablet,Ranitidine Hydrochloride,150 mg,Eskayef Pharmaceuticals Ltd.,"Unit Price: ৳ 2.00,(150's pack: ৳ 300.00),,Unit Price: ৳ 2.00,(210's pack: ৳ 420.00),","(150's pack: ৳ 300.00),(210's pack: ৳ 420.00)"
32759,Peptid,allopathic,peptidiv-injection10-mgml,IV Injection,Famotidine,10 mg/ml,Opsonin Pharma Ltd.,"2 ml vial: ৳ 20.00,(10's pack: ৳ 200.00),",(10's pack: ৳ 200.00)
32649,Peptid,allopathic,peptidpowder-for-suspension40-mg5-ml,Powder for Suspension,Famotidine,40 mg/5 ml,Opsonin Pharma Ltd.,50 ml bottle: ৳ 50.00,
29521,Peptid,allopathic,peptidtablet40-mg,Tablet,Famotidine,40 mg,Opsonin Pharma Ltd.,"Unit Price: ৳ 3.81,(70's pack: ৳ 266.70),",(70's pack: ৳ 266.70)
30511,Peranel,allopathic,peraneltablet4-mg,Tablet,Perampanel,4 mg,Square Pharmaceuticals Ltd.,"Unit Price: ৳ 25.00,(20's pack: ৳ 500.00),",(20's pack: ৳ 500.00)
30510,Peranel,allopathic,peraneltablet2-mg,Tablet,Perampanel,2 mg,Square Pharmaceuticals Ltd.,"Unit Price: ৳ 15.00,(20's pack: ৳ 300.00),",(20's pack: ৳ 300.00)
27195,Pepzol,allopathic,pepzolcapsule-delayed-release40-mg,Capsule (Delayed Release),Esomeprazole,40 mg,Leon Pharmaceuticals Ltd.,"Unit Price: ৳ 10.00,(30's pack: ৳ 300.00),",(30's pack: ৳ 300.00)
16504,Peptid,allopathic,peptidtablet20-mg,Tablet,Famotidine,20 mg,Opsonin Pharma Ltd.,"Unit Price: ৳ 1.92,(140's pack: ৳ 268.80),",(140's pack: ৳ 268.80)
31614,Peptex,allopathic,peptexcapsule-delayed-release40-mg,Capsule (Delayed Release),Esomeprazole,40 mg,DBL Pharmaceuticals Ltd.,"Unit Price: ৳ 10.00,(28's pack: ৳ 280.00),",(28's pack: ৳ 280.00)
31613,Peptex,allopathic,peptexcapsule-delayed-release20-mg,Capsule (Delayed Release),Esomeprazole,20 mg,DBL Pharmaceuticals Ltd.,"Unit Price: ৳ 8.00,(28's pack: ৳ 224.00),",(28's pack: ৳ 224.00)
28121,Peptacid,allopathic,peptacidoral-suspension400-mg400-mg30-mg5-ml,Oral Suspension,Aluminium Hydroxide + Magnesium Hydroxide + Simethicone,(400 mg+400 mg+30 mg)/5 ml,Amico Laboratories Ltd.,200 ml bottle: ৳ 55.00,
510,Peptacid,allopathic,peptacidchewable-tablet200-mg200-mg30-mg,Chewable Tablet,Aluminium Hydroxide + Magnesium Hydroxide + Simethicone,200 mg+200 mg+30 mg,Amico Laboratories Ltd.,"Unit Price: ৳ 1.00,(100's pack: ৳ 100.00),",(100's pack: ৳ 100.00)
31497,Peplo,allopathic,peplocapsule-delayed-release40-mg,Capsule (Delayed Release),Omeprazole,40 mg,Silco Pharmaceutical Ltd.,"Unit Price: ৳ 8.00,(60's pack: ৳ 480.00),",(60's pack: ৳ 480.00)
31496,Peplo,allopathic,peplocapsule-delayed-release20-mg,Capsule (Delayed Release),Omeprazole,20 mg,Silco Pharmaceutical Ltd.,"Unit Price: ৳ 5.00,(100's pack: ৳ 500.00),",(100's pack: ৳ 500.00)
16608,Pepcon Plus,allopathic,pepcon-plusoral-suspension480-mg20-mg5-ml,Oral Suspension,Magaldrate + Simethicone,(480 mg+20 mg)/5 ml,Leon Pharmaceuticals Ltd.,200 ml bottle: ৳ 110.00,
16607,Pepcon Plus,allopathic,pepcon-pluschewable-tablet480-mg20-mg,Chewable Tablet,Magaldrate + Simethicone,480 mg+20 mg,Leon Pharmaceuticals Ltd.,"Unit Price: ৳ 3.00,(100's pack: ৳ 300.00),",(100's pack: ৳ 300.00)
14581,Pep-20,allopathic,pep-20syrup20-mg5-ml,Syrup,Zinc Sulfate Monohydrate,20 mg/5 ml,Orion Pharma Ltd.,100 ml bottle: ৳ 57.00,
14580,Pep-20,allopathic,pep-20tablet20-mg,Tablet,Zinc Sulfate Monohydrate,20 mg,Orion Pharma Ltd.,"Unit Price: ৳ 2.75,(30's pack: ৳ 82.50),",(30's pack: ৳ 82.50)
13037,Perinase,allopathic,perinasenasal-spray50-mcgspray,Nasal Spray,Fluticasone Propionate (Nasal Spray),50 mcg/spray,Beximco Pharmaceuticals Ltd.,120 metered sprays: ৳ 250.00,
12270,Perilor,allopathic,perilortablet5-mg,Tablet,Desloratadine,5 mg,Bristol Pharmaceuticals Ltd.,"Unit Price: ৳ 2.50,(100's pack: ৳ 250.00),",(100's pack: ৳ 250.00)
28910,Perilac,allopathic,perilacimiv-injection60-mg2-ml,IM/IV Injection,Ketorolac Tromethamine,60 mg/2 ml,Biopharma Laboratories Ltd.,"2 ml ampoule: ৳ 95.00,(5's pack: ৳ 475.00),",(5's pack: ৳ 475.00)
15371,Perilac,allopathic,perilacimiv-injection30-mgml,IM/IV Injection,Ketorolac Tromethamine,30 mg/ml,Biopharma Laboratories Ltd.,"1 ml ampoule: ৳ 60.00,(5's pack: ৳ 300.00),",(5's pack: ৳ 300.00)
15369,Perilac,allopathic,perilactablet10-mg,Tablet,Ketorolac Tromethamine,10 mg,Biopharma Laboratories Ltd.,"Unit Price: ৳ 11.00,(30's pack: ৳ 330.00),",(30's pack: ৳ 330.00)
27193,Perigut,allopathic,periguttablet10-mg,Tablet,Domperidone Maleate,10 mg,Leon Pharmaceuticals Ltd.,"Unit Price: ৳ 2.50,(100's pack: ৳ 250.00),",(100's pack: ৳ 250.00)
27192,Perigut,allopathic,perigutoral-suspension5-mg5-ml,Oral Suspension,Domperidone Maleate,5 mg/5 ml,Leon Pharmaceuticals Ltd.,60 ml bottle: ৳ 28.00,
20836,Perigen,allopathic,perigenim-injection5-mgml,IM Injection,Haloperidol,5 mg/ml,General Pharmaceuticals Ltd.,"1 ml ampoule: ৳ 12.03,(10's pack: ৳ 120.30),",(10's pack: ৳ 120.30)
4386,Perigen,allopathic,perigentablet5-mg,Tablet,Haloperidol,5 mg,General Pharmaceuticals Ltd.,"Unit Price: ৳ 1.00,(100's pack: ৳ 100.05),",(100's pack: ৳ 100.05)
1634,Peridone,allopathic,peridonetablet10-mg,Tablet,Domperidone Maleate,10 mg,Astra Biopharmaceuticals Ltd.,"Unit Price: ৳ 2.00,(30's pack: ৳ 60.00),",(30's pack: ৳ 60.00)
13526,Pericon,allopathic,periconcapsule1-mcg,Capsule,Paricalcitol,1 mcg,Beacon Pharmaceuticals Ltd.,"Unit Price: ৳ 45.14,(10's pack: ৳ 451.40),",(10's pack: ৳ 451.40)
1633,Peri,allopathic,perioral-suspension5-mg5-ml,Oral Suspension,Domperidone Maleate,5 mg/5 ml,Hudson Pharmaceuticals Ltd.,100 ml bottle: ৳ 35.00,
1632,Peri,allopathic,peritablet10-mg,Tablet,Domperidone Maleate,10 mg,Hudson Pharmaceuticals Ltd.,"Unit Price: ৳ 2.00,(100's pack: ৳ 200.00),",(100's pack: ৳ 200.00)
28940,Pergoveris,allopathic,pergoverisivsc-injection150-iu75-iuvial,IV/SC Injection,Follitropin Alfa + Lutropin Alfa,(150 IU+75 IU)/vial,Merck,"Unit Price: ৳ 5,004.00",
27411,Pergel,allopathic,pergeltablet-enteric-coated20-mg,Tablet (Enteric Coated),Esomeprazole,20 mg,Premier Pharmaceuticals Ltd.,"Unit Price: ৳ 5.00,(50's pack: ৳ 250.00),",(50's pack: ৳ 250.00)
6008,Performax,allopathic,performaxtablet100-mg,Tablet,Sildenafil Citrate,100 mg,Renata Limited,"Unit Price: ৳ 50.00,(4's pack: ৳ 200.00),",(4's pack: ৳ 200.00)
23118,Periset,allopathic,perisettablet8-mg,Tablet,Ondansetron,8 mg,ACME Laboratories Ltd.,"Unit Price: ৳ 10.03,(30's pack: ৳ 300.90),",(30's pack: ৳ 300.90)
23117,Periset,allopathic,perisetimiv-injection8-mg4-ml,IM/IV Injection,Ondansetron,8 mg/4 ml,ACME Laboratories Ltd.,"4 ml ampoule: ৳ 30.10,(5's pack: ৳ 150.50),",(5's pack: ৳ 150.50)
4756,Periset,allopathic,perisetoral-solution4-mg5-ml,Oral Solution,Ondansetron,4 mg/5 ml,ACME Laboratories Ltd.,50 ml bottle: ৳ 45.00,
1636,Perion,allopathic,perionoral-suspension5-mg5-ml,Oral Suspension,Domperidone Maleate,5 mg/5 ml,Globe Pharmaceuticals Ltd.,"60 ml bottle: ৳ 30.00,100 ml bottle: ৳ 38.00",
1635,Perion,allopathic,periontablet10-mg,Tablet,Domperidone Maleate,10 mg,Globe Pharmaceuticals Ltd.,"Unit Price: ৳ 2.00,(100's pack: ৳ 200.00),",(100's pack: ৳ 200.00)
17943,Perinem,allopathic,perinemiv-infusion500-mgvial,IV Infusion,Doripenem,500 mg/vial,Drug International Ltd.,"500 mg vial: ৳ 2,000.00",
2924,Perindal 4 Plus,allopathic,perindal-4-plustablet125-mg4-mg,Tablet,Indapamide + Perindopril Arginine,1.25 mg+4 mg,Opsonin Pharma Ltd.,"Unit Price: ৳ 12.05,(20's pack: ৳ 241.00),",(20's pack: ৳ 241.00)
2923,Perindal 2 Plus,allopathic,perindal-2-plustablet0625-mg2-mg,Tablet,Indapamide + Perindopril Arginine,0.625 mg+2 mg,Opsonin Pharma Ltd.,"Unit Price: ৳ 7.03,(30's pack: ৳ 210.90),",(30's pack: ৳ 210.90)
6007,Performax,allopathic,performaxtablet50-mg,Tablet,Sildenafil Citrate,50 mg,Renata Limited,"Unit Price: ৳ 30.00,(4's pack: ৳ 120.00),",(4's pack: ৳ 120.00)
27296,Perfex,allopathic,perfextablet60-mg,Tablet,Fexofenadine Hydrochloride,60 mg,Beacon Pharmaceuticals Ltd.,"Unit Price: ৳ 5.00,(50's pack: ৳ 250.00),",(50's pack: ৳ 250.00)
27295,Perfex,allopathic,perfextablet180-mg,Tablet,Fexofenadine Hydrochloride,180 mg,Beacon Pharmaceuticals Ltd.,"Unit Price: ৳ 10.00,(20's pack: ৳ 200.00),",(20's pack: ৳ 200.00)
27294,Perfex,allopathic,perfextablet120-mg,Tablet,Fexofenadine Hydrochloride,120 mg,Beacon Pharmaceuticals Ltd.,"Unit Price: ৳ 8.00,(30's pack: ৳ 240.00),",(30's pack: ৳ 240.00)
14036,Perex,allopathic,perextablet6-mg200-mg50-mg,Tablet,Betacarotene + Vitamin C + Vitamin E,6 mg+200 mg+50 mg,Central Pharmaceuticals Ltd.,"Unit Price: ৳ 2.50,(20's pack: ৳ 50.00),",(20's pack: ৳ 50.00)
23435,Perclear,allopathic,perclearcream5-ww,Cream,Permethrin,5% w/w,Amulet Pharmaceuticals Ltd.,30 gm tube: ৳ 40.13,
12498,Permet,allopathic,permetcream5-ww,Cream,Permethrin,5% w/w,Gaco Pharmaceuticals Ltd.,15 gm tube: ৳ 25.08,
12497,Permenin,allopathic,permenincream5-ww,Cream,Permethrin,5% w/w,Medicon Pharmaceuticals Ltd.,"15 gm tube: ৳ 23.86,30 gm tube: ৳ 38.63",
12496,Perma,allopathic,permacream5-ww,Cream,Permethrin,5% w/w,Alco Pharma Ltd.,"15 gm tube: ৳ 24.07,30 gm tube: ৳ 35.11",
5916,Perlutex,allopathic,perlutextablet5-mg,Tablet,Medroxyprogesterone Acetate (Tablet),5 mg,Leo Pharmaceuticals Ltd.,"Unit Price: ৳ 10.62,(20's pack: ৳ 212.40),",(20's pack: ৳ 212.40)
12495,Perls,allopathic,perlscream5-ww,Cream,Permethrin,5% w/w,Globe Pharmaceuticals Ltd.,30 gm tube: ৳ 40.00,
5118,Perkirol,allopathic,perkiroltablet2-mg,Tablet,Ropinirole,2 mg,Square Pharmaceuticals Ltd.,"Unit Price: ৳ 6.04,(30's pack: ৳ 181.20),",(30's pack: ৳ 181.20)
5117,Perkirol,allopathic,perkiroltablet025-mg,Tablet,Ropinirole,0.25 mg,Square Pharmaceuticals Ltd.,"Unit Price: ৳ 2.01,(50's pack: ৳ 100.50),",(50's pack: ৳ 100.50)
5139,Perkinil,allopathic,perkinilimiv-injection10-mg2-ml,IM/IV Injection,Procyclidine Hydrochloride,10 mg/2 ml,Square Pharmaceuticals Ltd.,2 ml ampoule: ৳ 35.00,
5138,Perkinil,allopathic,perkiniltablet5-mg,Tablet,Procyclidine Hydrochloride,5 mg,Square Pharmaceuticals Ltd.,"Unit Price: ৳ 1.00,(200's pack: ৳ 200.00),",(200's pack: ৳ 200.00)
21493,Perkidopa,allopathic,perkidopatablet100-mg10-mg,Tablet,Levodopa + Carbidopa (FC tablet),100 mg+10 mg,Square Pharmaceuticals Ltd.,"Unit Price: ৳ 7.00,(30's pack: ৳ 210.00),",(30's pack: ৳ 210.00)
21492,Perkidopa,allopathic,perkidopatablet250-mg25-mg,Tablet,Levodopa + Carbidopa (FC tablet),250 mg+25 mg,Square Pharmaceuticals Ltd.,"Unit Price: ৳ 10.00,(30's pack: ৳ 300.00),",(30's pack: ৳ 300.00)
26087,Perjeta,allopathic,perjetaiv-infusion420-mg14-ml,IV Infusion,Pertuzumab,420 mg/14 ml,Roche Bangladesh Ltd.,"14 ml vial: ৳ 175,000.00",
23059,Perizol,allopathic,perizolcapsule-delayed-release40-mg,Capsule (Delayed Release),Omeprazole,40 mg,Leon Pharmaceuticals Ltd.,"Unit Price: ৳ 8.00,(40's pack: ৳ 320.00),",(40's pack: ৳ 320.00)
23058,Perizol,allopathic,perizolcapsule-delayed-release20-mg,Capsule (Delayed Release),Omeprazole,20 mg,Leon Pharmaceuticals Ltd.,"Unit Price: ৳ 5.00,(100's pack: ৳ 500.00),",(100's pack: ৳ 500.00)
8052,Perix,allopathic,perixiv-injection2-gmvial,IV Injection,Ceftriaxone Sodium,2 gm/vial,Monicopharma Ltd.,2 gm vial: ৳ 300.00,
8051,Perix,allopathic,perixiv-injection1-gmvial,IV Injection,Ceftriaxone Sodium,1 gm/vial,Monicopharma Ltd.,1 gm vial: ৳ 160.00,
28051,Perol,allopathic,perolim-injection5-mgml,IM Injection,Haloperidol,5 mg/ml,Ambee Pharmaceuticals Ltd.,"1 ml ampoule: ৳ 10.04,(10's pack: ৳ 100.40),",(10's pack: ৳ 100.40)
4387,Perol,allopathic,peroltablet5-mg,Tablet,Haloperidol,5 mg,Ambee Pharmaceuticals Ltd.,"Unit Price: ৳ 0.51,(100's pack: ৳ 50.51),",(100's pack: ৳ 50.51)
4591,Permival,allopathic,permivaltablet05-mg10-mg,Tablet,Fluphenazine + Nortriptyline,0.5 mg+10 mg,Opsonin Pharma Ltd.,"Unit Price: ৳ 1.00,(200's pack: ৳ 200.00),",(200's pack: ৳ 200.00)
19631,Permisol Max,allopathic,permisol-maxlotion510,Lotion,Permethrin + Crotamiton,5%+10%,ACI Limited,60 ml bottle: ৳ 100.00,
12501,Permisol,allopathic,permisolcream5-ww,Cream,Permethrin,5% w/w,ACI Limited,"15 gm tube: ৳ 30.09,30 gm tube: ৳ 45.14",
12500,Permin,allopathic,permincream5-ww,Cream,Permethrin,5% w/w,ACME Laboratories Ltd.,"15 gm tube: ৳ 25.17,30 gm tube: ৳ 40.27",
12499,Permethi,allopathic,permethicream5-ww,Cream,Permethrin,5% w/w,Pharmasia Limited,30 gm tube: ৳ 50.00,
8050,Perix,allopathic,perixiv-injection500-mgvial,IV Injection,Ceftriaxone Sodium,500 mg/vial,Monicopharma Ltd.,500 mg vial: ৳ 120.00,
8049,Perix,allopathic,perixiv-injection250-mgvial,IV Injection,Ceftriaxone Sodium,250 mg/vial,Monicopharma Ltd.,250 mg vial: ৳ 90.00,
8048,Perix,allopathic,perixim-injection1-gmvial,IM Injection,Ceftriaxone Sodium,1 gm/vial,Monicopharma Ltd.,1 gm vial: ৳ 160.00,
8047,Perix,allopathic,perixim-injection500-mgvial,IM Injection,Ceftriaxone Sodium,500 mg/vial,Monicopharma Ltd.,500 mg vial: ৳ 120.00,
8046,Perix,allopathic,perixim-injection250-mgvial,IM Injection,Ceftriaxone Sodium,250 mg/vial,Monicopharma Ltd.,250 mg vial: ৳ 90.00,
31499,Peristal,allopathic,peristaloral-suspension5-mg5-ml,Oral Suspension,Domperidone Maleate,5 mg/5 ml,Silco Pharmaceutical Ltd.,60 ml bottle: ৳ 35.00,
31498,Peristal,allopathic,peristaltablet10-mg,Tablet,Domperidone Maleate,10 mg,Silco Pharmaceutical Ltd.,"Unit Price: ৳ 2.00,(100's pack: ৳ 200.00),",(100's pack: ৳ 200.00)
30965,Phacomin,allopathic,phacominophthalmic-solution,Ophthalmic Solution,Sodium Succinate + Cytochrome C + Adenosine + Nicotinamide,,Opso Saline Ltd.,5 ml drop: ৳ 125.00,
5585,PGT,allopathic,pgttablet15-mg,Tablet,Pioglitazone,15 mg,Central Pharmaceuticals Ltd.,"Unit Price: ৳ 8.00,(30's pack: ৳ 240.00),",(30's pack: ৳ 240.00)
29925,PG,allopathic,pgcapsule150-mg,Capsule,Pregabalin,150 mg,Eskayef Pharmaceuticals Ltd.,"Unit Price: ৳ 30.00,(12's pack: ৳ 360.00),",(12's pack: ৳ 360.00)
23819,PG,allopathic,pgcapsule25-mg,Capsule,Pregabalin,25 mg,Eskayef Pharmaceuticals Ltd.,"Unit Price: ৳ 10.00,(24's pack: ৳ 240.00),,Unit Price: ৳ 10.00,(30's pack: ৳ 300.00),","(24's pack: ৳ 240.00),(30's pack: ৳ 300.00)"
5019,PG,allopathic,pgcapsule75-mg,Capsule,Pregabalin,75 mg,Eskayef Pharmaceuticals Ltd.,"Unit Price: ৳ 18.00,(30's pack: ৳ 540.00),",(30's pack: ৳ 540.00)
5018,PG,allopathic,pgcapsule50-mg,Capsule,Pregabalin,50 mg,Eskayef Pharmaceuticals Ltd.,"Unit Price: ৳ 15.00,(30's pack: ৳ 450.00),",(30's pack: ৳ 450.00)
12718,Pevitin,allopathic,pevitincream101,Cream,Econazole Nitrate + Triamcinolone Acetonide,1%+0.1%,Square Pharmaceuticals Ltd.,"10 gm tube: ৳ 45.00,15 gm tube: ৳ 65.00",
12717,Pevisone,allopathic,pevisonecream101,Cream,Econazole Nitrate + Triamcinolone Acetonide,1%+0.1%,Synovia pharma plc,"10 gm tube: ৳ 55.00,20 gm tube: ৳ 75.51",
12716,Pevisia,allopathic,pevisiacream101,Cream,Econazole Nitrate + Triamcinolone Acetonide,1%+0.1%,Asiatic Laboratories Ltd.,10 gm tube: ৳ 34.00,
12715,Peviderm,allopathic,pevidermcream101,Cream,Econazole Nitrate + Triamcinolone Acetonide,1%+0.1%,Pharmasia Limited,10 gm tube: ৳ 40.00,
12714,Pevicort,allopathic,pevicortcream101,Cream,Econazole Nitrate + Triamcinolone Acetonide,1%+0.1%,Cosmic Pharma Ltd.,10 gm tube: ৳ 27.00,
12441,Pevaryl,allopathic,pevarylcream1,Cream,Econazole Nitrate,1%,Synovia pharma plc,10 gm tube: ৳ 32.59,
16730,Peuli,allopathic,peulitablet30-mg,Tablet,Ulipristal Acetate [For emergency contraception],30 mg,Ziska Pharmaceuticals Ltd.,Unit Price: ৳ 195.00,
15437,Petrolac,allopathic,petrolactablet10-mg,Tablet,Ketorolac Tromethamine,10 mg,Prime Pharmaceuticals Ltd.,Unit Price: ৳ 10.00,
12954,Petracin,allopathic,petracinointment30013,Ointment,Oxytetracycline + Polymixin B Sulphate,3%+0.013%,Peoples Pharma Ltd.,5 gm tube: ৳ 9.10,
21280,Petorolac,allopathic,petorolactablet10-mg,Tablet,Ketorolac Tromethamine,10 mg,Pharmik Laboratories Ltd.,Unit Price: ৳ 10.00,
16214,Phacovit,allopathic,phacovitophthalmic-solution,Ophthalmic Solution,Sodium Succinate + Cytochrome C + Adenosine + Nicotinamide,,Aristopharma Ltd.,5 ml drop: ৳ 125.00,
23594,Pethidine 50,allopathic,pethidine-50injection50-mgml,Injection,Pethidine Hydrochloride,50 mg/ml,Rephco Pharmaceuticals Ltd.,1 ml ampoule: ৳ 5.20,
12503,Pesimex,allopathic,pesimexcream5-ww,Cream,Permethrin,5% w/w,Pharmadesh Laboratories Ltd.,"15 gm tube: ৳ 25.09,30 gm tube: ৳ 40.15",
26053,Pertuza,allopathic,pertuzaiv-infusion420-mg14-ml,IV Infusion,Pertuzumab,420 mg/14 ml,Incepta Pharmaceuticals Ltd.,"14 ml vial: ৳ 70,000.00",
2974,Pertilos Plus,allopathic,pertilos-plustablet50-mg125-mg,Tablet,Losartan Potassium + Hydrochlorothiazide,50 mg+12.5 mg,Navana Pharmaceuticals Ltd.,"Unit Price: ৳ 8.03,(30's pack: ৳ 240.90),",(30's pack: ৳ 240.90)
21844,Pertilos,allopathic,pertilostablet50-mg,Tablet,Losartan Potassium,50 mg,Navana Pharmaceuticals Ltd.,"Unit Price: ৳ 8.03,(30's pack: ৳ 240.90),",(30's pack: ৳ 240.90)
28494,Perscab,allopathic,perscabcream5-ww,Cream,Permethrin,5% w/w,Navana Pharmaceuticals Ltd.,30 gm tube: ৳ 55.00,
6373,Perpen,allopathic,perpenpowder-for-suspension125-mg5-ml,Powder for Suspension,Flucloxacillin Sodium,125 mg/5 ml,Rangs Pharmaceuticals Ltd.,100 ml bottle: ৳ 60.18,
6372,Perpen,allopathic,perpencapsule500-mg,Capsule,Flucloxacillin Sodium,500 mg,Rangs Pharmaceuticals Ltd.,"Unit Price: ৳ 10.57,(28's pack: ৳ 295.96),",(28's pack: ৳ 295.96)
6371,Perpen,allopathic,perpencapsule250-mg,Capsule,Flucloxacillin Sodium,250 mg,Rangs Pharmaceuticals Ltd.,"Unit Price: ৳ 5.52,(40's pack: ৳ 220.80),",(40's pack: ৳ 220.80)
12502,Perosa,allopathic,perosacream5-ww,Cream,Permethrin,5% w/w,Eskayef Pharmaceuticals Ltd.,30 gm tube: ৳ 50.00,
31104,Peron,allopathic,perontablet10-mg,Tablet,Prednisolone,10 mg,Techno Drugs Ltd.,"Unit Price: ৳ 3.20,(60's pack: ৳ 192.00),",(60's pack: ৳ 192.00)
31103,Peron,allopathic,perontablet5-mg,Tablet,Prednisolone,5 mg,Techno Drugs Ltd.,"Unit Price: ৳ 1.70,(120's pack: ৳ 204.00),",(120's pack: ৳ 204.00)
31102,Peron,allopathic,perontablet20-mg,Tablet,Prednisolone,20 mg,Techno Drugs Ltd.,"Unit Price: ৳ 6.25,(60's pack: ৳ 375.00),",(60's pack: ৳ 375.00)
4972,Phenoson,allopathic,phenosontablet30-mg,Tablet,Phenobarbital,30 mg,Jayson Pharmaceuticals Ltd.,"Unit Price: ৳ 0.78,(100's pack: ৳ 78.00),",(100's pack: ৳ 78.00)
11841,Phenomark,allopathic,phenomarksyrup2-mg5-ml,Syrup,Chlorpheniramine Maleate,2 mg/5 ml,Hallmark Pharmaceuticals Ltd.,100 ml bottle: ৳ 21.67,
15161,Phenocept,allopathic,phenocepttablet500-mg,Tablet,Mycophenolate Mofetil,500 mg,Renata Limited,"Unit Price: ৳ 65.00,(30's pack: ৳ 1,950.00),","(30's pack: ৳ 1,950.00)"
4973,Phenobarbitone,allopathic,phenobarbitonetablet30-mg,Tablet,Phenobarbital,30 mg,Seema Pharmaceuticals Ltd.,"Unit Price: ৳ 0.60,(100's pack: ৳ 60.00),",(100's pack: ৳ 60.00)
23928,Phenergan,allopathic,phenergantablet10-mg,Tablet,Promethazine Hydrochloride,10 mg,Synovia pharma plc,"Unit Price: ৳ 1.36,(250's pack: ৳ 340.00),",(250's pack: ৳ 340.00)
23919,Phenergan,allopathic,phenerganoral-solution5-mg5-ml,Oral Solution,Promethazine Hydrochloride,5 mg/5 ml,Synovia pharma plc,125 ml bottle: ৳ 28.05,
27425,Phenerex,allopathic,phenerexinjection25-mgml,Injection,Promethazine Hydrochloride (Injection),25 mg/ml,Jayson Pharmaceuticals Ltd.,"1 ml ampoule: ৳ 3.38,(10's pack: ৳ 33.80),",(10's pack: ৳ 33.80)
4665,Phenerex,allopathic,phenerexinjection50-mg2-ml,Injection,Promethazine Hydrochloride (Injection),50 mg/2 ml,Jayson Pharmaceuticals Ltd.,"2 ml ampoule: ৳ 4.18,(10's pack: ৳ 41.80),",(10's pack: ৳ 41.80)
4663,Phenerex,allopathic,phenerexoral-solution5-mg5-ml,Oral Solution,Promethazine Hydrochloride,5 mg/5 ml,Jayson Pharmaceuticals Ltd.,100 ml bottle: ৳ 24.03,
11882,Phendrin,allopathic,phendrinsyrup10-mg5-ml,Syrup,Diphenhydramine Hydrochloride,10 mg/5 ml,Salton Pharmaceuticals Ltd.,100 ml bottle: ৳ 22.08,
11879,Phenadryl,allopathic,phenadrylsyrup10-mg5-ml,Syrup,Diphenhydramine Hydrochloride,10 mg/5 ml,ACME Laboratories Ltd.,100 ml bottle: ৳ 40.00,
6624,Pharmoxyl,allopathic,pharmoxylpediatric-drops125-mg125-ml,Pediatric Drops,Amoxicillin Trihydrate,125 mg/1.25 ml,Pharmadesh Laboratories Ltd.,15 ml bottle: ৳ 30.11,
6623,Pharmoxyl,allopathic,pharmoxylpowder-for-suspension125-mg5-ml,Powder for Suspension,Amoxicillin Trihydrate,125 mg/5 ml,Pharmadesh Laboratories Ltd.,100 ml bottle: ৳ 47.43,
6622,Pharmoxyl,allopathic,pharmoxylcapsule500-mg,Capsule,Amoxicillin Trihydrate,500 mg,Pharmadesh Laboratories Ltd.,"Unit Price: ৳ 5.86,(50's pack: ৳ 293.00),",(50's pack: ৳ 293.00)
6621,Pharmoxyl,allopathic,pharmoxylcapsule250-mg,Capsule,Amoxicillin Trihydrate,250 mg,Pharmadesh Laboratories Ltd.,"Unit Price: ৳ 3.25,(100's pack: ৳ 325.00),",(100's pack: ৳ 325.00)
28979,Pharmik Hand Rub,allopathic,pharmik-hand-rubhand-rub0570,Hand Rub,Chlorhexidine Gluconate + Isopropyl alcohol,0.5%+70%,Pharmik Laboratories Ltd.,"50 ml bottle: ৳ 40.00,100 ml bottle: ৳ 52.00,250 ml bottle: ৳ 130.00,500 ml bottle: ৳ 215.00",
6158,Phenoxymethyl,allopathic,phenoxymethyltablet250-mg,Tablet,Phenoxymethyl Penicillin [Penicillin V],250 mg,APC Pharma Ltd.,"Unit Price: ৳ 1.50,(100's pack: ৳ 150.00),",(100's pack: ৳ 150.00)
14246,Pharmavit,allopathic,pharmavitpediatric-drops,Pediatric Drops,Multivitamin [Pediatric preparation],,Pharmadesh Laboratories Ltd.,15 ml bottle: ৳ 25.00,
9041,Pharmatrim DS,allopathic,pharmatrim-dstablet800-mg160-mg,Tablet,Sulphamethoxazole + Trimethoprim,800 mg+160 mg,Pharmadesh Laboratories Ltd.,"Unit Price: ৳ 2.60,(100's pack: ৳ 260.00),",(100's pack: ৳ 260.00)
9042,Pharmatrim,allopathic,pharmatrimoral-suspension200-mg40-mg5-ml,Oral Suspension,Sulphamethoxazole + Trimethoprim,(200 mg+40 mg)/5 ml,Pharmadesh Laboratories Ltd.,60 ml bottle: ৳ 21.58,
9040,Pharmatrim,allopathic,pharmatrimtablet400-mg80-mg,Tablet,Sulphamethoxazole + Trimethoprim,400 mg+80 mg,Pharmadesh Laboratories Ltd.,"Unit Price: ৳ 1.30,(100's pack: ৳ 130.00),",(100's pack: ৳ 130.00)
6152,Pharmapen,allopathic,pharmapenpowder-for-suspension125-mg5-ml,Powder for Suspension,Phenoxymethyl Penicillin [Penicillin V],125 mg/5 ml,Pharmadesh Laboratories Ltd.,60 ml bottle: ৳ 18.40,
6151,Pharmapen,allopathic,pharmapentablet250-mg,Tablet,Phenoxymethyl Penicillin [Penicillin V],250 mg,Pharmadesh Laboratories Ltd.,"Unit Price: ৳ 2.20,(100's pack: ৳ 220.00),",(100's pack: ৳ 220.00)
4228,Pharmapam,allopathic,pharmapamtablet5-mg,Tablet,Diazepam,5 mg,Pharmadesh Laboratories Ltd.,"Unit Price: ৳ 0.25,(250's pack: ৳ 62.50),",(250's pack: ৳ 62.50)
512,Pharmacid Plus,allopathic,pharmacid-plusoral-suspension200-mg400-mg30-mg5-ml,Oral Suspension,Aluminium Hydroxide + Magnesium Hydroxide + Simethicone,(200 mg+400 mg+30 mg)/5 ml,Pharmadesh Laboratories Ltd.,200 ml bottle: ৳ 63.00,
511,Pharmacid Plus,allopathic,pharmacid-pluschewable-tablet400-mg400-mg30-mg,Chewable Tablet,Aluminium Hydroxide + Magnesium Hydroxide + Simethicone,400 mg+400 mg+30 mg,Pharmadesh Laboratories Ltd.,"Unit Price: ৳ 1.13,(200's pack: ৳ 226.00),",(200's pack: ৳ 226.00)
482,Pharmacid,allopathic,pharmacidchewable-tablet250-mg400-mg,Chewable Tablet,Aluminium Hydroxide + Magnesium Hydroxide,250 mg+400 mg,Pharmadesh Laboratories Ltd.,"Unit Price: ৳ 1.80,(200's pack: ৳ 360.00),",(200's pack: ৳ 360.00)
14812,Pharma Saline,allopathic,pharma-salineoral-powder1395-gm,Oral Powder,Oral Rehydration Salt [Powder],13.95 gm,Pharmadesh Laboratories Ltd.,"Unit Price: ৳ 4.50,(20's pack: ৳ 90.00),",(20's pack: ৳ 90.00)
8674,Phagocin,allopathic,phagocinpowder-for-suspension200-mg5-ml,Powder for Suspension,Azithromycin Dihydrate,200 mg/5 ml,Marker Pharma Ltd.,15 ml bottle: ৳ 85.26,
8673,Phagocin,allopathic,phagocintablet500-mg,Tablet,Azithromycin Dihydrate,500 mg,Marker Pharma Ltd.,"Unit Price: ৳ 30.09,(8's pack: ৳ 240.72),",(8's pack: ৳ 240.72)
23040,Piazol,allopathic,piazolcapsule-delayed-release20-mg,Capsule (Delayed Release),Omeprazole,20 mg,Globex Pharmaceuticals Ltd.,"Unit Price: ৳ 5.00,(60's pack: ৳ 300.00),",(60's pack: ৳ 300.00)
16353,Physiogel,allopathic,physiogellotion,Lotion,Caprylic + Capric Triglyceride,,GlaxoSmithKline,150 ml bottle: ৳ 960.00,
16352,Physiogel,allopathic,physiogelcream,Cream,Caprylic + Capric Triglyceride,,GlaxoSmithKline,75 ml tube: ৳ 499.00,
6377,Phylopen Forte,allopathic,phylopen-fortepowder-for-suspension250-mg5-ml,Powder for Suspension,Flucloxacillin Sodium,250 mg/5 ml,Square Pharmaceuticals Ltd.,100 ml bottle: ৳ 110.75,
6375,Phylopen DS,allopathic,phylopen-dscapsule500-mg,Capsule,Flucloxacillin Sodium,500 mg,Square Pharmaceuticals Ltd.,"Unit Price: ৳ 10.57,(42's pack: ৳ 443.94),",(42's pack: ৳ 443.94)
6378,Phylopen,allopathic,phylopenimiv-injection500-mgvial,IM/IV Injection,Flucloxacillin Sodium,500 mg/vial,Square Pharmaceuticals Ltd.,"500 mg vial: ৳ 45.30,(5's pack: ৳ 226.50),",(5's pack: ৳ 226.50)
6376,Phylopen,allopathic,phylopenpowder-for-suspension125-mg5-ml,Powder for Suspension,Flucloxacillin Sodium,125 mg/5 ml,Square Pharmaceuticals Ltd.,100 ml bottle: ৳ 60.40,
6374,Phylopen,allopathic,phylopencapsule250-mg,Capsule,Flucloxacillin Sodium,250 mg,Square Pharmaceuticals Ltd.,"Unit Price: ৳ 5.54,(100's pack: ৳ 554.00),",(100's pack: ৳ 554.00)
27477,Phydox,allopathic,phydoxtablet400-mg,Tablet,Doxophylline,400 mg,Benham Pharmaceuticals Ltd.,"Unit Price: ৳ 10.00,(30's pack: ৳ 300.00),",(30's pack: ৳ 300.00)
27476,Phydox,allopathic,phydoxtablet200-mg,Tablet,Doxophylline,200 mg,Benham Pharmaceuticals Ltd.,"Unit Price: ৳ 6.00,(50's pack: ৳ 300.00),",(50's pack: ৳ 300.00)
2414,Phosphoprep,allopathic,phosphopreporal-solution2711-gm12-gm5-ml,Oral Solution,Sodium Dihydrogen Phosphate + Disodium Hydrogen Phosphate,(2.711 gm+1.2 gm)/5 ml,UniMed UniHealth,45 ml bottle: ৳ 230.00,
29017,Phoscon,allopathic,phoscontablet210-mg,Tablet,Ferric Citrate,210 mg,Navana Pharmaceuticals Ltd.,"Unit Price: ৳ 25.00,(30's pack: ৳ 750.00),",(30's pack: ৳ 750.00)
24176,Phoenix Ranitidine,allopathic,phoenix-ranitidinetablet150-mg,Tablet,Ranitidine Hydrochloride,150 mg,Phoenix Chemical Laboratory,Unit Price: ৳ 2.00,
23565,Phoenix Paracetamol Plus,allopathic,phoenix-paracetamol-plustablet500-mg65-mg,Tablet,Paracetamol + Caffeine,500 mg+65 mg,Phoenix Chemical Laboratory,Unit Price: ৳ 1.50,
23086,Phoenix Omeprazole,allopathic,phoenix-omeprazolecapsule-delayed-release20-mg,Capsule (Delayed Release),Omeprazole,20 mg,Phoenix Chemical Laboratory,Unit Price: ৳ 4.00,
21281,Phoenix Ketorolac,allopathic,phoenix-ketorolactablet10-mg,Tablet,Ketorolac Tromethamine,10 mg,Phoenix Chemical Laboratory,Unit Price: ৳ 10.00,
30235,Pico Plus,allopathic,pico-plusoral-solution5-mg5-ml,Oral Solution,Sodium Picosulfate,5 mg/5 ml,Everest Pharmaceuticals Ltd.,"50 ml bottle: ৳ 85.00,100 ml bottle: ৳ 150.00",
27210,Picloza,allopathic,piclozatablet100-mg,Tablet,Clozapine,100 mg,Innovative Pharma (Albion),"Unit Price: ৳ 11.33,(50's pack: ৳ 566.68),",(50's pack: ৳ 566.68)
27209,Picloza,allopathic,piclozatablet25-mg,Tablet,Clozapine,25 mg,Innovative Pharma (Albion),"Unit Price: ৳ 3.07,(50's pack: ৳ 153.48),",(50's pack: ৳ 153.48)
31210,Picaso,allopathic,picasooral-solution5-mg5-ml,Oral Solution,Sodium Picosulfate,5 mg/5 ml,Sharif Pharmaceuticals Ltd.,100 ml bottle: ৳ 150.00,
31209,Picaso,allopathic,picasotablet10-mg,Tablet,Sodium Picosulfate,10 mg,Sharif Pharmaceuticals Ltd.,"Unit Price: ৳ 10.00,(30's pack: ৳ 300.00),",(30's pack: ৳ 300.00)
20985,Phoenix Ibuprofen,allopathic,phoenix-ibuprofentablet400-mg,Tablet,Ibuprofen,400 mg,Phoenix Chemical Laboratory,Unit Price: ৳ 1.43,
19163,Phoenix Cetirizine,allopathic,phoenix-cetirizinetablet10-mg,Tablet,Cetirizine Hydrochloride,10 mg,Phoenix Chemical Laboratory,"Unit Price: ৳ 2.50,(100's pack: ৳ 250.00),",(100's pack: ৳ 250.00)
25757,Phoenix Calcium,allopathic,phoenix-calciumtablet500-mg,Tablet,Calcium Carbonate,500 mg,Phoenix Chemical Laboratory,Unit Price: ৳ 2.00,
25653,Phoenix Azithromycin,allopathic,phoenix-azithromycintablet500-mg,Tablet,Azithromycin Dihydrate,500 mg,Phoenix Chemical Laboratory,Unit Price: ৳ 4.00,
10188,Phidazole,allopathic,phidazoleoral-suspension200-mg5-ml,Oral Suspension,Metronidazole,200 mg/5 ml,Pharmadesh Laboratories Ltd.,60 ml bottle: ৳ 24.50,
10187,Phidazole,allopathic,phidazoletablet400-mg,Tablet,Metronidazole,400 mg,Pharmadesh Laboratories Ltd.,"Unit Price: ৳ 1.10,(200's pack: ৳ 220.00),",(200's pack: ৳ 220.00)
11843,Pheramin,allopathic,pheraminsyrup2-mg5-ml,Syrup,Chlorpheniramine Maleate,2 mg/5 ml,Amico Laboratories Ltd.,60 ml bottle: ৳ 14.90,
11842,Pheramin,allopathic,pheramintablet4-mg,Tablet,Chlorpheniramine Maleate,4 mg,Amico Laboratories Ltd.,"Unit Price: ৳ 0.20,(500's pack: ৳ 100.00),",(500's pack: ৳ 100.00)
23905,Phensilex,allopathic,phensilexoral-solution5-mg5-ml,Oral Solution,Promethazine Hydrochloride,5 mg/5 ml,Aztec Pharmaceuticals Ltd.,"60 ml bottle: ৳ 10.00,100 ml bottle: ৳ 15.00",
26736,Pilosol,allopathic,pilosolrectal-ointment420025,Rectal Ointment,Calcium Dobesilate + Lidocaine + Dexamethasone,4%+2%+0.025%,Ziska Pharmaceuticals Ltd.,30 gm tube: ৳ 160.00,
16085,Piloma,allopathic,pilomaophthalmic-solution2,Ophthalmic Solution,Pilocarpine Hydrochloride (Ophthalmic),2%,Opsonin Pharma Ltd.,10 ml drop: ৳ 200.00,
2431,Pilogen,allopathic,pilogentablet5-mg,Tablet,Pilocarpine Hydrochloride (Oral),5 mg,Aristopharma Ltd.,"Unit Price: ৳ 10.00,(30's pack: ৳ 300.00),",(30's pack: ৳ 300.00)
16076,Pilocarpine,allopathic,pilocarpineophthalmic-solution2,Ophthalmic Solution,Pilocarpine Hydrochloride (Ophthalmic),2%,Opso Saline Ltd.,10 ml drop: ৳ 74.28,
16075,Pilocarpine,allopathic,pilocarpineophthalmic-solution1,Ophthalmic Solution,Pilocarpine Hydrochloride (Ophthalmic),1%,Opso Saline Ltd.,10 ml drop: ৳ 47.46,
16081,Pilo Drop,allopathic,pilo-dropophthalmic-solution4,Ophthalmic Solution,Pilocarpine Hydrochloride (Ophthalmic),4%,Reman Drug Laboratories Ltd.,10 ml drop: ৳ 212.00,
16080,Pilo Drop,allopathic,pilo-dropophthalmic-solution2,Ophthalmic Solution,Pilocarpine Hydrochloride (Ophthalmic),2%,Reman Drug Laboratories Ltd.,10 ml drop: ৳ 172.25,
16079,Pilo Drop,allopathic,pilo-dropophthalmic-solution1,Ophthalmic Solution,Pilocarpine Hydrochloride (Ophthalmic),1%,Reman Drug Laboratories Ltd.,10 ml drop: ৳ 74.20,
27095,Pileus,allopathic,pileuscapsule150-mg,Capsule,Fluconazole,150 mg,One Pharma Ltd.,"Unit Price: ৳ 22.00,(10's pack: ৳ 220.00),",(10's pack: ৳ 220.00)
27094,Pileus,allopathic,pileuscapsule50-mg,Capsule,Fluconazole,50 mg,One Pharma Ltd.,"Unit Price: ৳ 8.00,(20's pack: ৳ 160.00),",(20's pack: ৳ 160.00)
2423,Pilestop,allopathic,pilestoptablet450-mg50-mg,Tablet,Micronised Diosmin + Hesperidin,450 mg+50 mg,ACME Laboratories Ltd.,"Unit Price: ৳ 8.07,(20's pack: ৳ 161.40),",(20's pack: ৳ 161.40)
5587,Piglit,allopathic,piglittablet15-mg,Tablet,Pioglitazone,15 mg,Pacific Pharmaceuticals Ltd.,"Unit Price: ৳ 8.00,(30's pack: ৳ 240.00),",(30's pack: ৳ 240.00)
10813,Pifen,allopathic,pifentablet15-mg,Tablet,Pizotifen,1.5 mg,Opsonin Pharma Ltd.,"Unit Price: ৳ 7.03,(30's pack: ৳ 210.90),",(30's pack: ৳ 210.90)
10812,Pifen,allopathic,pifentablet05-mg,Tablet,Pizotifen,0.5 mg,Opsonin Pharma Ltd.,"Unit Price: ৳ 3.01,(50's pack: ৳ 150.50),",(50's pack: ৳ 150.50)
5586,Pidus,allopathic,pidustablet15-mg,Tablet,Pioglitazone,15 mg,ACME Laboratories Ltd.,"Unit Price: ৳ 8.07,(30's pack: ৳ 242.10),",(30's pack: ৳ 242.10)
30859,Pidogrel Plus,allopathic,pidogrel-plustablet75-mg75-mg,Tablet,Clopidogrel + Aspirin,75 mg+75 mg,Radiant Pharmaceuticals Ltd.,"Unit Price: ৳ 12.50,(40's pack: ৳ 500.00),",(40's pack: ৳ 500.00)
21204,Pimponil,allopathic,pimponiltopical-gel120025,Topical Gel,Clindamycin + Tretinoin,1.2%+0.025%,Kumudini Pharma Ltd.,15 gm tube: ৳ 140.00,
28913,Pimplex,allopathic,pimplexcream01,Cream,Adapalene,0.10%,Biopharma Laboratories Ltd.,10 gm tube: ৳ 60.00,
5470,Pimin,allopathic,pimintablet850-mg,Tablet,Metformin Hydrochloride,850 mg,Pharmadesh Laboratories Ltd.,"Unit Price: ৳ 3.51,(30's pack: ৳ 105.30),",(30's pack: ৳ 105.30)
5469,Pimin,allopathic,pimintablet500-mg,Tablet,Metformin Hydrochloride,500 mg,Pharmadesh Laboratories Ltd.,"Unit Price: ৳ 2.50,(100's pack: ৳ 250.00),",(100's pack: ৳ 250.00)
8177,Pime-4,allopathic,pime-4imiv-injection1-gmvial,IM/IV Injection,Cefepime Hydrochloride,1 gm/vial,ACI Limited,1 gm vial: ৳ 553.73,
8176,Pime-4,allopathic,pime-4imiv-injection500-mgvial,IM/IV Injection,Cefepime Hydrochloride,500 mg/vial,ACI Limited,500 mg vial: ৳ 302.04,
32549,Pimacef,allopathic,pimacefimiv-injection1-gmvial,IM/IV Injection,Cefepime Hydrochloride,1 gm/vial,Doctor TIMS Pharmaceuticals Ltd.,1 gm vial: ৳ 550.00,
30857,Pidogrel,allopathic,pidogreltablet75-mg,Tablet,Clopidogrel Bisulphate,75 mg,Radiant Pharmaceuticals Ltd.,"Unit Price: ৳ 12.00,(40's pack: ৳ 480.00),",(40's pack: ৳ 480.00)
32604,Picolax,allopathic,picolaxoral-solution5-mg5-ml,Oral Solution,Sodium Picosulfate,5 mg/5 ml,Somatec Pharmaceuticals Ltd.,100 ml bottle: ৳ 150.00,
31211,Picolax,allopathic,picolaxtablet10-mg,Tablet,Sodium Picosulfate,10 mg,Somatec Pharmaceuticals Ltd.,"Unit Price: ৳ 10.00,(30's pack: ৳ 300.00),",(30's pack: ৳ 300.00)
7303,Picocef,allopathic,picocefpowder-for-suspension125-mg5-ml,Powder for Suspension,Cefuroxime Axetil,125 mg/5 ml,Concord Pharmaceuticals Ltd.,70 ml bottle: ৳ 198.60,
7302,Picocef,allopathic,picoceftablet500-mg,Tablet,Cefuroxime Axetil,500 mg,Concord Pharmaceuticals Ltd.,"Unit Price: ৳ 45.14,(14's pack: ৳ 631.96),",(14's pack: ৳ 631.96)
7301,Picocef,allopathic,picoceftablet250-mg,Tablet,Cefuroxime Axetil,250 mg,Concord Pharmaceuticals Ltd.,"Unit Price: ৳ 25.08,(14's pack: ৳ 351.12),",(14's pack: ৳ 351.12)
31089,Pico Plus,allopathic,pico-plustablet10-mg,Tablet,Sodium Picosulfate,10 mg,Everest Pharmaceuticals Ltd.,"Unit Price: ৳ 10.00,(30's pack: ৳ 300.00),",(30's pack: ৳ 300.00)
11844,Piriton,allopathic,piritontablet4-mg,Tablet,Chlorpheniramine Maleate,4 mg,GlaxoSmithKline,"Unit Price: ৳ 0.50,(500's pack: ৳ 250.00),",(500's pack: ৳ 250.00)
32961,Pirfinex,allopathic,pirfinextablet267-mg,Tablet,Pirfenidone,267 mg,Everest Pharmaceuticals Ltd.,"Unit Price: ৳ 45.00,(30's pack: ৳ 1,350.00),","(30's pack: ৳ 1,350.00)"
26925,Pires-M,allopathic,pires-msyrup100-mg11-mg14-mg5-ml,Syrup,Guaifenesin + Levomenthol + Diphenhydramine,(100 mg+1.1 mg+14 mg)/5 ml,Navana Pharmaceuticals Ltd.,100 ml bottle: ৳ 80.00,
26926,Pires-D,allopathic,pires-dsyrup14-mg65-mg2-mg5-ml,Syrup,Diphenhydramine + Dextromethorphan + Levomenthol,(14 mg+6.5 mg+2 mg)/5 ml,Navana Pharmaceuticals Ltd.,100 ml bottle: ৳ 80.00,
28698,Piravix,allopathic,piravixtablet200-mg,Tablet,Favipiravir,200 mg,Radiant Pharmaceuticals Ltd.,"Unit Price: ৳ 200.00,(20's pack: ৳ 4,000.00),","(20's pack: ৳ 4,000.00)"
28724,Piravir,allopathic,piravirtablet200-mg,Tablet,Favipiravir,200 mg,ACME Laboratories Ltd.,"Unit Price: ৳ 200.00,(10's pack: ৳ 2,000.00),","(10's pack: ৳ 2,000.00)"
5157,Piratam,allopathic,piratamsyrup500-mg5-ml,Syrup,Piracetam,500 mg/5 ml,General Pharmaceuticals Ltd.,100 ml bottle: ৳ 151.00,
5156,Piratam,allopathic,piratamtablet800-mg,Tablet,Piracetam,800 mg,General Pharmaceuticals Ltd.,"Unit Price: ৳ 6.04,(40's pack: ৳ 241.60),",(40's pack: ৳ 241.60)
2638,Piramil,allopathic,piramiltablet5-mg,Tablet,Ramipril,5 mg,SANDOZ (A Novartis Division),"Unit Price: ৳ 10.00,(30's pack: ৳ 300.00),",(30's pack: ৳ 300.00)
2637,Piramil,allopathic,piramiltablet25-mg,Tablet,Ramipril,2.5 mg,SANDOZ (A Novartis Division),"Unit Price: ৳ 7.00,(30's pack: ৳ 210.00),",(30's pack: ৳ 210.00)
5652,Piozena Plus,allopathic,piozena-plustablet15-mg850-mg,Tablet,Pioglitazone + Metformin Hydrochloride,15 mg+850 mg,Drug International Ltd.,"Unit Price: ৳ 11.00,(20's pack: ৳ 220.00),",(20's pack: ৳ 220.00)
5651,Piozena Plus,allopathic,piozena-plustablet15-mg500-mg,Tablet,Pioglitazone + Metformin Hydrochloride,15 mg+500 mg,Drug International Ltd.,"Unit Price: ৳ 10.00,(20's pack: ৳ 200.00),",(20's pack: ৳ 200.00)
5599,Piozena,allopathic,piozenatablet30-mg,Tablet,Pioglitazone,30 mg,Drug International Ltd.,"Unit Price: ৳ 13.00,(30's pack: ৳ 390.00),",(30's pack: ৳ 390.00)
5598,Piozena,allopathic,piozenatablet15-mg,Tablet,Pioglitazone,15 mg,Drug International Ltd.,"Unit Price: ৳ 8.00,(50's pack: ৳ 400.00),",(50's pack: ৳ 400.00)
5650,Piomin,allopathic,piomintablet15-mg850-mg,Tablet,Pioglitazone + Metformin Hydrochloride,15 mg+850 mg,Pacific Pharmaceuticals Ltd.,"Unit Price: ৳ 11.50,(30's pack: ৳ 345.00),",(30's pack: ৳ 345.00)
5649,Piomin,allopathic,piomintablet15-mg500-mg,Tablet,Pioglitazone + Metformin Hydrochloride,15 mg+500 mg,Pacific Pharmaceuticals Ltd.,"Unit Price: ৳ 10.00,(30's pack: ৳ 300.00),",(30's pack: ৳ 300.00)
12965,Pirocin,allopathic,pirocinointment2-ww,Ointment,Mupirocin,2% w/w,Medicon Pharmaceuticals Ltd.,10 gm tube: ৳ 130.67,
22696,Piroban,allopathic,pirobanointment2-ww,Ointment,Mupirocin,2% w/w,Navana Pharmaceuticals Ltd.,10 gm tube: ৳ 140.00,
11845,Piriton,allopathic,piritonsyrup2-mg5-ml,Syrup,Chlorpheniramine Maleate,2 mg/5 ml,GlaxoSmithKline,100 ml bottle: ৳ 22.00,
5648,PioMet,allopathic,piomettablet15-mg850-mg,Tablet,Pioglitazone + Metformin Hydrochloride,15 mg+850 mg,Silva Pharmaceuticals Ltd.,"Unit Price: ৳ 10.03,(30's pack: ৳ 301.00),",(30's pack: ৳ 301.00)
5647,PioMet,allopathic,piomettablet15-mg500-mg,Tablet,Pioglitazone + Metformin Hydrochloride,15 mg+500 mg,Silva Pharmaceuticals Ltd.,"Unit Price: ৳ 9.03,(30's pack: ৳ 270.90),",(30's pack: ৳ 270.90)
5597,Piolit,allopathic,piolittablet15-mg,Tablet,Pioglitazone,15 mg,Alco Pharma Ltd.,"Unit Price: ৳ 8.02,(30's pack: ৳ 240.60),",(30's pack: ৳ 240.60)
12860,Piodin,allopathic,piodinointment6-ww,Ointment,Povidone Iodine,6% w/w,Pharmasia Limited,25 gm tube: ৳ 35.00,
5591,Piodar,allopathic,piodartablet15-mg,Tablet,Pioglitazone,15 mg,Incepta Pharmaceuticals Ltd.,"Unit Price: ৳ 8.00,(30's pack: ৳ 240.00),",(30's pack: ৳ 240.00)
9666,Piocin,allopathic,piocintablet200-mg,Tablet,Sparfloxacin,200 mg,Millat Pharmaceuticals Ltd.,"Unit Price: ৳ 18.00,(6's pack: ৳ 108.00),",(6's pack: ৳ 108.00)
26924,Pintus,allopathic,pintussyrup75-mg5-ml,Syrup,Butamirate Citrate,7.5 mg/5 ml,Navana Pharmaceuticals Ltd.,100 ml bottle: ৳ 80.00,
4454,Pinor,allopathic,pinortablet25-mg,Tablet,Imipramine Hydrochloride,25 mg,Aristopharma Ltd.,"Unit Price: ৳ 4.00,(100's pack: ৳ 400.00),",(100's pack: ৳ 400.00)
16330,Pink-Bismol,allopathic,pink-bismoloral-suspension875-mg5-ml,Oral Suspension,Bismuth Subsalicylate,87.5 mg/5 ml,Ziska Pharmaceuticals Ltd.,200 ml bottle: ৳ 120.00,
32526,Pink Pill,allopathic,pink-pilltablet100-mg,Tablet,Flibanserin,100 mg,ACME Laboratories Ltd.,"Unit Price: ৳ 50.00,(10's pack: ৳ 500.00),",(10's pack: ৳ 500.00)
6685,Pinam,allopathic,pinamtablet200-mg,Tablet,Pivmecillinam,200 mg,Kemiko Pharmaceuticals Ltd.,"Unit Price: ৳ 12.00,(30's pack: ৳ 360.00),",(30's pack: ৳ 360.00)
13818,Placent-B,allopathic,placent-btablet,Tablet,Vitamin B complex,,Navana Pharmaceuticals Ltd.,"Unit Price: ৳ 0.51,(45's pack: ৳ 22.81),",(45's pack: ৳ 22.81)
27395,Pizzi,allopathic,pizzitablet15-mg,Tablet,Pioglitazone,15 mg,United Pharmaceuticals Ltd.,"Unit Price: ৳ 5.07,(30's pack: ৳ 152.00),",(30's pack: ৳ 152.00)
10820,Pizotin,allopathic,pizotintablet15-mg,Tablet,Pizotifen,1.5 mg,Nipa Pharmaceuticals Ltd.,"Unit Price: ৳ 7.00,(30's pack: ৳ 210.00),",(30's pack: ৳ 210.00)
10819,Pizotin,allopathic,pizotintablet05-mg,Tablet,Pizotifen,0.5 mg,Nipa Pharmaceuticals Ltd.,"Unit Price: ৳ 3.00,(100's pack: ৳ 300.00),",(100's pack: ৳ 300.00)
10818,Pizofen TS,allopathic,pizofen-tstablet15-mg,Tablet,Pizotifen,1.5 mg,Navana Pharmaceuticals Ltd.,"Unit Price: ৳ 7.02,(50's pack: ৳ 350.83),",(50's pack: ৳ 350.83)
10817,Pizofen,allopathic,pizofentablet05-mg,Tablet,Pizotifen,0.5 mg,Navana Pharmaceuticals Ltd.,"Unit Price: ৳ 3.01,(100's pack: ৳ 301.46),",(100's pack: ৳ 301.46)
10816,Pizo-A,allopathic,pizo-atablet15-mg,Tablet,Pizotifen,1.5 mg,ACME Laboratories Ltd.,"Unit Price: ৳ 7.04,(50's pack: ৳ 352.00),",(50's pack: ৳ 352.00)
10815,Pizo-A,allopathic,pizo-atablet05-mg,Tablet,Pizotifen,0.5 mg,ACME Laboratories Ltd.,"Unit Price: ৳ 3.01,(100's pack: ৳ 301.00),",(100's pack: ৳ 301.00)
5354,Pizide,allopathic,pizidetablet5-mg,Tablet,Glipizide,5 mg,Kemiko Pharmaceuticals Ltd.,"Unit Price: ৳ 2.00,(100's pack: ৳ 200.00),",(100's pack: ৳ 200.00)
26046,Pixorel,allopathic,pixoreltablet5-mg,Tablet,Apixaban,5 mg,Incepta Pharmaceuticals Ltd.,"Unit Price: ৳ 25.00,(10's pack: ৳ 250.00),",(10's pack: ৳ 250.00)
26045,Pixorel,allopathic,pixoreltablet25-mg,Tablet,Apixaban,2.5 mg,Incepta Pharmaceuticals Ltd.,"Unit Price: ৳ 15.00,(20's pack: ৳ 300.00),",(20's pack: ৳ 300.00)
26662,Pixan,allopathic,pixantablet5-mg,Tablet,Apixaban,5 mg,Globe Pharmaceuticals Ltd.,"Unit Price: ৳ 25.00,(20's pack: ৳ 500.00),",(20's pack: ৳ 500.00)
26661,Pixan,allopathic,pixantablet25-mg,Tablet,Apixaban,2.5 mg,Globe Pharmaceuticals Ltd.,"Unit Price: ৳ 15.00,(30's pack: ৳ 450.00),",(30's pack: ৳ 450.00)
6686,Pivicil,allopathic,piviciltablet200-mg,Tablet,Pivmecillinam,200 mg,General Pharmaceuticals Ltd.,"Unit Price: ৳ 12.09,(20's pack: ৳ 241.80),",(20's pack: ৳ 241.80)
27818,Pivcilin,allopathic,pivcilintablet200-mg,Tablet,Pivmecillinam,200 mg,Rangs Pharmaceuticals Ltd.,"Unit Price: ৳ 12.03,(20's pack: ৳ 240.60),",(20's pack: ৳ 240.60)
23678,Pivasta,allopathic,pivastatablet2-mg,Tablet,Pitavastatin Calcium,2 mg,Eskayef Pharmaceuticals Ltd.,"Unit Price: ৳ 10.00,(20's pack: ৳ 200.00),",(20's pack: ৳ 200.00)
13052,Planex,allopathic,planexointment0005-ww,Ointment,Calcipotriol Monohydrate,0.005% w/w,Incepta Pharmaceuticals Ltd.,10 gm tube: ৳ 250.00,
32267,Plan A,allopathic,plan-avaginal-gel18104,Vaginal Gel,Lactic acid + Citric acid + Potassium bitartrate,1.8%+1%+0.4%,Square Pharmaceuticals Ltd.,2 alu tubes (5 gm each): ৳ 120.00,
3290,Plagrin Plus,allopathic,plagrin-plustablet75-mg75-mg,Tablet,Clopidogrel + Aspirin,75 mg+75 mg,Renata Limited,"Unit Price: ৳ 12.00,(30's pack: ৳ 360.00),",(30's pack: ৳ 360.00)
3243,Plagrin,allopathic,plagrintablet75-mg,Tablet,Clopidogrel Bisulphate,75 mg,Renata Limited,"Unit Price: ৳ 12.00,(30's pack: ৳ 360.00),",(30's pack: ৳ 360.00)
3289,Pladex-A,allopathic,pladex-atablet75-mg75-mg,Tablet,Clopidogrel + Aspirin,75 mg+75 mg,UniMed UniHealth,"Unit Price: ৳ 12.50,(30's pack: ৳ 375.00),",(30's pack: ৳ 375.00)
3242,Pladex,allopathic,pladextablet75-mg,Tablet,Clopidogrel Bisulphate,75 mg,UniMed UniHealth,"Unit Price: ৳ 12.00,(30's pack: ৳ 360.00),",(30's pack: ৳ 360.00)
483,Placid,allopathic,placidchewable-tablet250-mg400-mg,Chewable Tablet,Aluminium Hydroxide + Magnesium Hydroxide,250 mg+400 mg,Salton Pharmaceuticals Ltd.,"Unit Price: ৳ 1.02,(200's pack: ৳ 204.00),",(200's pack: ৳ 204.00)
14219,Placent-M,allopathic,placent-mtablet,Tablet,Multivitamin & Multimineral,,Navana Pharmaceuticals Ltd.,"Unit Price: ৳ 1.80,(30's pack: ৳ 54.05),",(30's pack: ৳ 54.05)
13819,Placent-B,allopathic,placent-bsyrup,Syrup,Vitamin B complex,,Navana Pharmaceuticals Ltd.,"100 ml bottle: ৳ 35.11,200 ml bottle: ৳ 62.19",
3383,Pivalo,allopathic,pivalotablet2-mg,Tablet,Pitavastatin Calcium,2 mg,Square Pharmaceuticals Ltd.,"Unit Price: ৳ 10.03,(30's pack: ৳ 300.90),",(30's pack: ৳ 300.90)
10814,Pitofen,allopathic,pitofentablet05-mg,Tablet,Pizotifen,0.5 mg,Medicon Pharmaceuticals Ltd.,"Unit Price: ৳ 2.95,(100's pack: ৳ 295.43),",(100's pack: ৳ 295.43)
15668,Pitocin DS,allopathic,pitocin-dsimiv-injection10-iuml,IM/IV Injection,Oxytocin,10 IU/ml,Chemist Laboratories  Ltd.,"10 IU ampoule: ৳ 25.00,(20's pack: ৳ 500.00),",(20's pack: ৳ 500.00)
15667,Pitocin,allopathic,pitocinimiv-injection5-iuml,IM/IV Injection,Oxytocin,5 IU/ml,Chemist Laboratories  Ltd.,"5 IU ampoule: ৳ 15.00,(20's pack: ৳ 300.00),",(20's pack: ৳ 300.00)
3382,Pitavas,allopathic,pitavastablet2-mg,Tablet,Pitavastatin Calcium,2 mg,Aristopharma Ltd.,"Unit Price: ৳ 10.00,(30's pack: ৳ 300.00),",(30's pack: ৳ 300.00)
10486,Pol,allopathic,poloral-suspension120-mg5-ml,Oral Suspension,Paracetamol,120 mg/5 ml,Globe Pharmaceuticals Ltd.,60 ml bottle: ৳ 20.56,
10485,Pol,allopathic,poltablet500-mg,Tablet,Paracetamol,500 mg,Globe Pharmaceuticals Ltd.,"Unit Price: ৳ 0.80,(200's pack: ৳ 160.00),",(200's pack: ৳ 160.00)
13567,Pogo,allopathic,pogosyrup,Syrup,Multivitamin & Cod Liver Oil,,Healthcare Pharmaceuticals Ltd.,100 ml bottle: ৳ 100.00,
15276,Pofol,allopathic,pofolemulsion-for-infusion200-mg20-ml,Emulsion for infusion,Propofol,200 mg/20 ml,Popular Pharmaceuticals Ltd.,"20 ml vial: ৳ 250.00,(5's pack: ৳ 1,250.00),","(5's pack: ৳ 1,250.00)"
7787,Podoxi,allopathic,podoxipowder-for-suspension40-mg5-ml,Powder for Suspension,Cefpodoxime Proxetil,40 mg/5 ml,Chemist Laboratories  Ltd.,50 ml bottle: ৳ 90.00,
7785,Podo,allopathic,podopowder-for-suspension40-mg5-ml,Powder for Suspension,Cefpodoxime Proxetil,40 mg/5 ml,Kemiko Pharmaceuticals Ltd.,50 ml bottle: ৳ 98.29,
28958,Pneumovax 23,allopathic,pneumovax-23imsc-injection05-ml,IM/SC Injection,Polysaccharide Pneumococcal Vaccine,0.5 ml,MSD,"0.5 ml pre-filled syringe: ৳ 2,470.00",
33079,Pneumoclar,allopathic,pneumoclarpowder-for-suspension125-mg5-ml,Powder for Suspension,Clarithromycin,125 mg/5 ml,DBL Pharmaceuticals Ltd.,60 ml bottle: ৳ 380.00,
31471,Pmec,allopathic,pmeccream1,Cream,Pimecrolimus,1%,Navana Pharmaceuticals Ltd.,"10 gm tube: ৳ 1,000.00",
10643,PM Plus,allopathic,pm-plustablet500-mg65-mg,Tablet,Paracetamol + Caffeine,500 mg+65 mg,Reliance Pharmaceuticals Ltd.,"Unit Price: ৳ 1.50,(100's pack: ৳ 150.00),",(100's pack: ৳ 150.00)
10484,PM,allopathic,pmoral-suspension120-mg5-ml,Oral Suspension,Paracetamol,120 mg/5 ml,Reliance Pharmaceuticals Ltd.,60 ml bottle: ৳ 20.00,
16405,Plezer,allopathic,plezertablet30-mg,Tablet,Dapoxetine Hydrochloride,30 mg,Delta Pharma Ltd.,"Unit Price: ৳ 20.00,(8's pack: ৳ 160.00),",(8's pack: ৳ 160.00)
14220,Plexivit M,allopathic,plexivit-mtablet,Tablet,Multivitamin & Multimineral,,Syntho Laboratories Ltd.,"Unit Price: ৳ 1.00,(30's pack: ৳ 30.00),",(30's pack: ৳ 30.00)
13891,Plexivit,allopathic,plexivitsyrup,Syrup,Vitamin B complex,,Syntho Laboratories Ltd.,"100 ml bottle: ৳ 20.80,200 ml bottle: ৳ 38.00",
19519,Plavas Plus,allopathic,plavas-plustablet75-mg75-mg,Tablet,Clopidogrel + Aspirin,75 mg+75 mg,Concord Pharmaceuticals Ltd.,"Unit Price: ৳ 12.04,(30's pack: ৳ 361.20),",(30's pack: ৳ 361.20)
15102,Platosin,allopathic,platosiniv-infusion1-mgml,IV Infusion,Cisplatin,1 mg/ml,Pharmachemie BV,"10 mg vial: ৳ 1,687.00",
9043,Politrim,allopathic,politrimtablet400-mg80-mg,Tablet,Sulphamethoxazole + Trimethoprim,400 mg+80 mg,ACME Laboratories Ltd.,"Unit Price: ৳ 1.43,(100's pack: ৳ 143.00),",(100's pack: ৳ 143.00)
22100,Polimet,allopathic,polimettablet850-mg,Tablet,Metformin Hydrochloride,850 mg,Concord Pharmaceuticals Ltd.,"Unit Price: ৳ 6.00,(50's pack: ৳ 300.00),",(50's pack: ৳ 300.00)
22099,Polimet,allopathic,polimettablet500-mg,Tablet,Metformin Hydrochloride,500 mg,Concord Pharmaceuticals Ltd.,"Unit Price: ৳ 4.00,(50's pack: ৳ 200.00),",(50's pack: ৳ 200.00)
5654,Polimet,allopathic,polimettablet15-mg850-mg,Tablet,Pioglitazone + Metformin Hydrochloride,15 mg+850 mg,Rephco Pharmaceuticals Ltd.,"Unit Price: ৳ 10.00,(100's pack: ৳ 1,000.00),","(100's pack: ৳ 1,000.00)"
5653,Polimet,allopathic,polimettablet15-mg500-mg,Tablet,Pioglitazone + Metformin Hydrochloride,15 mg+500 mg,Rephco Pharmaceuticals Ltd.,"Unit Price: ৳ 8.00,(100's pack: ৳ 800.00),",(100's pack: ৳ 800.00)
12175,Polan,allopathic,polantablet5-mg,Tablet,Levocetirizine Dihydrochloride,5 mg,Globe Pharmaceuticals Ltd.,"Unit Price: ৳ 3.00,(50's pack: ৳ 150.00),",(50's pack: ৳ 150.00)
10611,Pol Plus,allopathic,pol-plustablet500-mg65-mg,Tablet,Paracetamol + Caffeine,500 mg+65 mg,Globe Pharmaceuticals Ltd.,"Unit Price: ৳ 2.00,(100's pack: ৳ 200.00),",(100's pack: ৳ 200.00)
19515,Plator Plus,allopathic,plator-plustablet75-mg75-mg,Tablet,Clopidogrel + Aspirin,75 mg+75 mg,Innovative Pharma (Albion),"Unit Price: ৳ 15.35,(50's pack: ৳ 767.38),",(50's pack: ৳ 767.38)
19532,Plator,allopathic,platortablet75-mg,Tablet,Clopidogrel Bisulphate,75 mg,Innovative Pharma (Albion),"Unit Price: ৳ 14.17,(50's pack: ৳ 708.35),",(50's pack: ৳ 708.35)
15104,Platinex,allopathic,platinexiv-infusion1-mgml,IV Infusion,Cisplatin,1 mg/ml,Beacon Pharmaceuticals Ltd.,"10 mg vial: ৳ 250.00,50 mg vial: ৳ 815.00",
14916,Plasmex,allopathic,plasmexiv-infusion609,IV Infusion,Hydroxyethyl Starch + Sodium Chloride,6%+0.9%,Beacon Pharmaceuticals Ltd.,500 ml bottle: ৳ 654.41,
14915,Plasmasol,allopathic,plasmasoliv-infusion609,IV Infusion,Hydroxyethyl Starch + Sodium Chloride,6%+0.9%,Orion Infusion Ltd.,500 ml bottle: ৳ 654.41,
30100,Plarit,allopathic,plarittablet90-mg,Tablet,Ticagrelor,90 mg,UniMed UniHealth,"Unit Price: ৳ 75.00,(10's pack: ৳ 750.00),",(10's pack: ৳ 750.00)
18219,Planex Plus,allopathic,planex-plusointment0050005,Ointment,Betamethasone + Calcipotriol,0.05%+0.005%,Incepta Pharmaceuticals Ltd.,20 gm tube: ৳ 380.00,
16168,Polysol,allopathic,polysolophthalmic-solution0403,Ophthalmic Solution,Polyethylene Glycol + Propylene Glycol,0.4%+0.3%,Apex Pharmaceuticals Ltd.,10 ml drop: ৳ 150.00,
13130,Polyron,allopathic,polyronsyrup50-mg5-ml,Syrup,Iron Polymaltose Complex,50 mg/5 ml,ACI Limited,100 ml bottle: ৳ 40.12,
28583,Polypro,allopathic,polyproophthalmic-solution0403,Ophthalmic Solution,Polyethylene Glycol + Propylene Glycol,0.4%+0.3%,Pacific Pharmaceuticals Ltd.,10 ml drop: ৳ 150.00,
17385,Polynac,allopathic,polynactablet100-mg,Tablet,Aceclofenac,100 mg,Leon Pharmaceuticals Ltd.,"Unit Price: ৳ 4.00,(100's pack: ৳ 400.00),",(100's pack: ৳ 400.00)
15897,Polymix H,allopathic,polymix-hear-drop10-mg3400-units10000-unitsml,Ear Drop,Hydrocortisone + Neomycin Sulphate + Polymixin B,(10 mg+3400 Units+10000 Units)/ml,Opso Saline Ltd.,5 ml drop: ৳ 40.15,
15744,Polymix G,allopathic,polymix-gophthalmic-solution25-iu1700-iu5000-iuml,Ophthalmic Solution,Gramacidin + Neomycin + Polymixin B,(25 IU+1700 IU+5000 IU)/ml,Opso Saline Ltd.,5 ml drop: ৳ 30.10,
12970,Polymix,allopathic,polymixophthalmic-ointment500-iu10000-iugm,Ophthalmic Ointment,Bacitracin Zinc + Polymyxin B Sulfate,(500 IU+10000 IU)/gm,Opso Saline Ltd.,3 gm tube: ৳ 35.13,
30181,Polymax-B,allopathic,polymax-binjection500000-unitsvial,Injection,Polymyxin B Sulfate,500000 units/vial,Incepta Pharmaceuticals Ltd.,500000 units vial: ৳ 400.00,
31500,Polylac,allopathic,polylacoral-solution335-gm5-ml,Oral Solution,Lactulose,3.35 gm/5 ml,Silco Pharmaceutical Ltd.,100 ml bottle: ৳ 120.00,
16167,Polygel,allopathic,polygelophthalmic-solution0403,Ophthalmic Solution,Polyethylene Glycol + Propylene Glycol,0.4%+0.3%,Ibn Sina Pharmaceuticals Ltd.,10 ml drop: ৳ 150.00,
16631,Polyforte,allopathic,polyforteophthalmic-suspension5-mg35-mg10000-iuml,Ophthalmic Suspension,Prednisolone + Neomycin Sulphate + Polymixin B Sulphate,(5 mg+3.5 mg+10000 IU)/ml,Aristopharma Ltd.,5 ml drop: ৳ 150.00,
26660,Polyfiz,allopathic,polyfiztablet47-mg05-mg225-mg,Tablet,Iron Polymaltose Complex + Folic Acid + Zinc Sulfate,47 mg+0.5 mg+22.5 mg,Globe Pharmaceuticals Ltd.,"Unit Price: ৳ 3.50,(50's pack: ৳ 175.00),",(50's pack: ৳ 175.00)
12849,Polydin,allopathic,polydinsolution10-wv,Solution,Povidone Iodine,10% w/v,Chemist Laboratories  Ltd.,"1 Litter bottle: ৳ 700.00,100 ml bottle: ৳ 100.00,20 ml bottle: ৳ 28.00,(12's pack: ৳ 336.00),",(12's pack: ৳ 336.00)
15841,Polydex-N,allopathic,polydex-nophthalmic-solution1-mg3500-iu6000-iuml,Ophthalmic Solution,Dexamethasone + Neomycin Sulphate + Polymyxin B Sulphate,(1 mg+3500 IU+6000 IU)/ml,Aristopharma Ltd.,5 ml drop: ৳ 90.00,
15896,Polycort,allopathic,polycortear-drop10-mg3400-units10000-unitsml,Ear Drop,Hydrocortisone + Neomycin Sulphate + Polymixin B,(10 mg+3400 Units+10000 Units)/ml,Gaco Pharmaceuticals Ltd.,5 ml drop: ৳ 45.14,
6959,Polycef DS,allopathic,polycef-dspowder-for-suspension250-mg5-ml,Powder for Suspension,Cephradine,250 mg/5 ml,Renata Limited,100 ml bottle: ৳ 132.00,
18759,Polyxim,allopathic,polyximcapsule200-mg,Capsule,Cefixime Trihydrate,200 mg,Leon Pharmaceuticals Ltd.,"Unit Price: ৳ 35.00,(12's pack: ৳ 420.00),",(12's pack: ৳ 420.00)
12971,Polytracin,allopathic,polytracinophthalmic-ointment500-iu10000-iugm,Ophthalmic Ointment,Bacitracin Zinc + Polymyxin B Sulfate,(500 IU+10000 IU)/gm,Ibn Sina Pharmaceuticals Ltd.,5 gm tube: ৳ 65.00,
12955,Polytetra,allopathic,polytetraointment30013,Ointment,Oxytetracycline + Polymixin B Sulphate,3%+0.013%,Pharmadesh Laboratories Ltd.,5 gm tube: ৳ 25.00,
16649,Polytar,allopathic,polytarshampoo1,Shampoo,Coal Tar Solution,1%,Stiefel Laboratories Ltd.,150 ml bottle: ৳ 650.00,
13379,Polytamin,allopathic,polytaminsyrup,Syrup,Iron Polymaltose Complex + Vitamin B Complex + Zinc,,NIPRO JMI Pharma Ltd.,100 ml bottle: ৳ 50.15,
6962,Polycef,allopathic,polycefimiv-injection1-gmvial,IM/IV Injection,Cephradine,1 gm/vial,Renata Limited,1 gm vial: ৳ 90.00,
6961,Polycef,allopathic,polycefimiv-injection500-mgvial,IM/IV Injection,Cephradine,500 mg/vial,Renata Limited,500 mg vial: ৳ 65.00,
6958,Polycef,allopathic,polycefpediatric-drops125-mg125-ml,Pediatric Drops,Cephradine,125 mg/1.25 ml,Renata Limited,15 ml bottle: ৳ 62.00,
6957,Polycef,allopathic,polycefpowder-for-suspension125-mg5-ml,Powder for Suspension,Cephradine,125 mg/5 ml,Renata Limited,100 ml bottle: ৳ 90.00,
6956,Polycef,allopathic,polycefcapsule500-mg,Capsule,Cephradine,500 mg,Renata Limited,"Unit Price: ৳ 12.54,(28's pack: ৳ 351.12),",(28's pack: ৳ 351.12)
6955,Polycef,allopathic,polycefcapsule250-mg,Capsule,Cephradine,250 mg,Renata Limited,"Unit Price: ৳ 6.52,(20's pack: ৳ 130.40),",(20's pack: ৳ 130.40)
26822,Poly-Pred,allopathic,poly-predophthalmic-suspension5-mg35-mg10000-iuml,Ophthalmic Suspension,Prednisolone + Neomycin Sulphate + Polymixin B Sulphate,(5 mg+3.5 mg+10000 IU)/ml,"Allergan, Inc.",5 ml drop: ৳ 223.75,
9044,Politrim DS,allopathic,politrim-dstablet800-mg160-mg,Tablet,Sulphamethoxazole + Trimethoprim,800 mg+160 mg,ACME Laboratories Ltd.,"Unit Price: ৳ 2.64,(100's pack: ৳ 264.00),",(100's pack: ৳ 264.00)
9046,Politrim,allopathic,politrimoral-suspension200-mg40-mg5-ml,Oral Suspension,Sulphamethoxazole + Trimethoprim,(200 mg+40 mg)/5 ml,ACME Laboratories Ltd.,60 ml bottle: ৳ 21.65,
12851,Povidon-I,allopathic,povidon-isolution10-wv,Solution,Povidone Iodine,10% w/v,Ziska Pharmaceuticals Ltd.,"100 ml bottle: ৳ 100.00,1000 ml bottle: ৳ 700.00",
23745,Povidon,allopathic,povidonointment5-ww,Ointment,Povidone Iodine,5% w/w,Eskayef Pharmaceuticals Ltd.,20 gm tube: ৳ 40.00,
23744,Povidon,allopathic,povidonsolution10-wv,Solution,Povidone Iodine,10% w/v,Eskayef Pharmaceuticals Ltd.,"30 ml bottle: ৳ 55.00,100 ml bottle: ৳ 100.00,1000 ml bottle: ৳ 700.00",
12861,Povidine,allopathic,povidineointment5-ww,Ointment,Povidone Iodine,5% w/w,Alco Pharma Ltd.,15 gm tube: ৳ 34.10,
29222,Povidex,allopathic,povidexsolution10-wv,Solution,Povidone Iodine,10% w/v,Healthcare Pharmaceuticals Ltd.,100 ml bottle: ৳ 110.00,
23756,Povidex,allopathic,povidexointment5-ww,Ointment,Povidone Iodine,5% w/w,Healthcare Pharmaceuticals Ltd.,25 gm tube: ৳ 55.00,
23755,Povidex,allopathic,povidexcream6-ww,Cream,Povidone Iodine,6% w/w,Healthcare Pharmaceuticals Ltd.,20 gm tube: ৳ 50.00,
23772,Poviclean,allopathic,povicleanointment5-ww,Ointment,Povidone Iodine,5% w/w,Rephco Pharmaceuticals Ltd.,"10 gm tube: ৳ 25.00,20 gm tube: ৳ 38.00",
23754,Poviclean,allopathic,povicleansolution10-wv,Solution,Povidone Iodine,10% w/v,Greenland Pharmaceuticals Ltd.,100 ml bottle: ৳ 28.00,
23742,Povicid,allopathic,povicidointment5-ww,Ointment,Povidone Iodine,5% w/w,Drug International Ltd.,15 gm tube: ৳ 40.00,
23723,Potacit,allopathic,potacitoral-solution1500-mg250-mg5-ml,Oral Solution,Potassium Citrate + Citric Acid,(1500 mg+250 mg)/5 ml,Healthcare Pharmaceuticals Ltd.,200 ml bottle: ৳ 200.00,
6104,Postinor,allopathic,postinortablet075-mg,Tablet,Levonorgestrel,0.75 mg,"Gedeon Richter, Hungary",2 tablet pack: ৳ 80.00,
31844,Posanox,allopathic,posanoxtablet-delayed-release100-mg,Tablet (Delayed Release),Posaconazole,100 mg,Opsonin Pharma Ltd.,"Unit Price: ৳ 200.00,(10's pack: ৳ 2,000.00),","(10's pack: ৳ 2,000.00)"
28797,Porishkar,allopathic,porishkarhand-rub750125145,Hand Rub,Isopropyl Alcohol + Hydrogen Peroxide + Glycerol,75%+0.125%+1.45%,Naafco Pharma Ltd.,"50 ml bottle: ৳ 50.00,200 ml bottle: ৳ 200.00",
28980,Popular Hand Sanitizer,allopathic,popular-hand-sanitizerhand-rub750125145,Hand Rub,Isopropyl Alcohol + Hydrogen Peroxide + Glycerol,75%+0.125%+1.45%,Popular Pharmaceuticals Ltd.,200 ml bottle: ৳ 200.00,
6097,POP-D,allopathic,pop-dtablet0075-mg,Tablet,Desogestrel,0.075 mg,Incepta Pharmaceuticals Ltd.,28 tablet pack: ৳ 60.00,
23762,Povimed,allopathic,povimedcream6-ww,Cream,Povidone Iodine,6% w/w,MedRx Life Science Ltd.,25 gm tube: ৳ 50.00,
23761,Povimed,allopathic,povimedsolution10-wv,Solution,Povidone Iodine,10% w/v,MedRx Life Science Ltd.,"100 ml bottle: ৳ 35.00,500 ml bottle: ৳ 175.00,1000 ml bottle: ৳ 341.00",
23733,Povilect,allopathic,povilectophthalmic-solution5-vv,Ophthalmic Solution,Povidone Iodine,5% v/v,Kemiko Pharmaceuticals Ltd.,10 ml drop: ৳ 90.00,
30979,Povikil,allopathic,povikilsolution10-wv,Solution,Povidone Iodine,10% w/v,Veritas Pharmaceuticals Ltd.,100 ml bottle: ৳ 95.00,
12862,Povigerm,allopathic,povigermointment5-ww,Ointment,Povidone Iodine,5% w/w,Edruc Limited,20 gm tube: ৳ 25.00,
29886,Povidye,allopathic,povidyeophthalmic-solution5-vv,Ophthalmic Solution,Povidone Iodine,5% v/v,Pacific Pharmaceuticals Ltd.,10 ml drop: ৳ 90.00,
23737,Povidone,allopathic,povidonecream6-ww,Cream,Povidone Iodine,6% w/w,Amico Laboratories Ltd.,"5 gm tube: ৳ 22.00,10 gm tube: ৳ 40.00,20 gm tube: ৳ 65.00,25 gm tube: ৳ 80.00,125 gm tube: ৳ 300.00",
12850,Povidone,allopathic,povidonesolution10-wv,Solution,Povidone Iodine,10% w/v,Amico Laboratories Ltd.,100 ml bottle: ৳ 31.59,
17386,Ponos,allopathic,ponostablet100-mg,Tablet,Aceclofenac,100 mg,One Pharma Ltd.,"Unit Price: ৳ 5.00,(50's pack: ৳ 250.00),",(50's pack: ৳ 250.00)
27293,Ponatinix,allopathic,ponatinixtablet45-mg,Tablet,Ponatinib Hydrochloride,45 mg,Beacon Pharmaceuticals Ltd.,"Unit Price: ৳ 1,937.60,(30's pack: ৳ 58,128.00),","(30's pack: ৳ 58,128.00)"
27292,Ponatinix,allopathic,ponatinixtablet15-mg,Tablet,Ponatinib Hydrochloride,15 mg,Beacon Pharmaceuticals Ltd.,"Unit Price: ৳ 656.60,(60's pack: ৳ 39,396.00),","(60's pack: ৳ 39,396.00)"
18762,Polyxim DS,allopathic,polyxim-dspowder-for-suspension200-mg5-ml,Powder for Suspension,Cefixime Trihydrate,200 mg/5 ml,Leon Pharmaceuticals Ltd.,50 ml bottle: ৳ 320.00,
18761,Polyxim,allopathic,polyximpowder-for-suspension100-mg5-ml,Powder for Suspension,Cefixime Trihydrate,100 mg/5 ml,Leon Pharmaceuticals Ltd.,50 ml bottle: ৳ 195.00,
18760,Polyxim,allopathic,polyximcapsule400-mg,Capsule,Cefixime Trihydrate,400 mg,Leon Pharmaceuticals Ltd.,"Unit Price: ৳ 50.00,(8's pack: ৳ 400.00),",(8's pack: ৳ 400.00)
1926,PPI,allopathic,ppiiv-injection40-mgvial,IV Injection,Omeprazole,40 mg/vial,ACME Laboratories Ltd.,40 mg vial: ৳ 90.00,
1925,PPI,allopathic,ppicapsule-delayed-release40-mg,Capsule (Delayed Release),Omeprazole,40 mg,ACME Laboratories Ltd.,"Unit Price: ৳ 8.03,(40's pack: ৳ 321.20),",(40's pack: ৳ 321.20)
1924,PPI,allopathic,ppicapsule-delayed-release20-mg,Capsule (Delayed Release),Omeprazole,20 mg,ACME Laboratories Ltd.,"Unit Price: ৳ 5.01,(70's pack: ৳ 350.70),,Unit Price: ৳ 5.01,(140's pack: ৳ 701.40),","(70's pack: ৳ 350.70),(140's pack: ৳ 701.40)"
14779,Powersol,allopathic,powersoliv-infusion5,IV Infusion,Amino Acid + D-Sorbitol + Electrolytes,5%,General Pharmaceuticals Ltd.,500 ml bottle: ৳ 351.06,
8057,Powercef,allopathic,powercefiv-injection1-gmvial,IV Injection,Ceftriaxone Sodium,1 gm/vial,Chemist Laboratories  Ltd.,1 gm vial: ৳ 187.00,
8056,Powercef,allopathic,powercefiv-injection2-gmvial,IV Injection,Ceftriaxone Sodium,2 gm/vial,Chemist Laboratories  Ltd.,2 gm vial: ৳ 300.00,
8055,Powercef,allopathic,powercefim-injection1-gmvial,IM Injection,Ceftriaxone Sodium,1 gm/vial,Chemist Laboratories  Ltd.,1 gm vial: ৳ 187.00,
8054,Powercef,allopathic,powercefim-injection500-mgvial,IM Injection,Ceftriaxone Sodium,500 mg/vial,Chemist Laboratories  Ltd.,500 mg vial: ৳ 130.00,
8053,Powercef,allopathic,powercefim-injection250-mgvial,IM Injection,Ceftriaxone Sodium,250 mg/vial,Chemist Laboratories  Ltd.,250 mg vial: ৳ 98.00,
14149,Power Silver,allopathic,power-silvertablet,Tablet,Multivitamin & Multimineral [A-Z silver preparation],,The White Horse Pharma,"Unit Price: ৳ 7.00,(15's pack: ৳ 105.00),,Unit Price: ৳ 7.00,(30's pack: ৳ 210.00),","(15's pack: ৳ 105.00),(30's pack: ৳ 210.00)"
14110,Power Gold,allopathic,power-goldtablet,Tablet,Multivitamin & Multimineral [A-Z gold preparation],,The White Horse Pharma,"Unit Price: ৳ 6.00,(15's pack: ৳ 90.00),,Unit Price: ৳ 6.00,(30's pack: ৳ 180.00),","(15's pack: ৳ 90.00),(30's pack: ৳ 180.00)"
27478,Povitic,allopathic,poviticsolution10-wv,Solution,Povidone Iodine,10% w/v,Benham Pharmaceuticals Ltd.,100 ml bottle: ৳ 100.00,
13690,Povital,allopathic,povitalim-injection100-mg100-mg1-mg3-ml,IM Injection,"Vitamin B1, B6 & B12",(100 mg+100 mg+1 mg)/3 ml,ACI Limited,"3 ml ampoule: ৳ 25.17,(10's pack: ৳ 251.70),",(10's pack: ৳ 251.70)
13689,Povital,allopathic,povitaltablet100-mg200-mg200-mcg,Tablet,"Vitamin B1, B6 & B12",100 mg+200 mg+200 mcg,ACI Limited,"Unit Price: ৳ 8.00,(50's pack: ৳ 400.00),",(50's pack: ৳ 400.00)
15678,Povisep,allopathic,povisepvaginal-gel10-ww,Vaginal Gel,Povidone Iodine,10% w/w,Jayson Pharmaceuticals Ltd.,30 gm tube: ৳ 80.24,
12876,Povisep,allopathic,povisepophthalmic-solution125-vv,Ophthalmic Solution,Povidone Iodine,1.25% v/v,Jayson Pharmaceuticals Ltd.,5 ml drop: ৳ 48.33,
16318,Pradox,allopathic,pradoxiv-injection-or-infusion1000-mgml,IV Injection or Infusion,Pralidoxime Chloride,1000 mg/ml,Beacon Pharmaceuticals Ltd.,1 ml vial: ৳ 501.50,
30010,Pradaxa,allopathic,pradaxacapsule150-mg,Capsule,Dabigatran Etexilate Mesylate,150 mg,Boehringer Ingelheim,"Unit Price: ৳ 95.00,(60's pack: ৳ 5,700.00),","(60's pack: ৳ 5,700.00)"
30009,Pradaxa,allopathic,pradaxacapsule110-mg,Capsule,Dabigatran Etexilate Mesylate,110 mg,Boehringer Ingelheim,"Unit Price: ৳ 95.00,(60's pack: ৳ 5,700.00),","(60's pack: ৳ 5,700.00)"
12875,Povisep,allopathic,povisepsurgical-scrub75-wv,Surgical Scrub,Povidone Iodine,7.5% w/v,Jayson Pharmaceuticals Ltd.,"250 ml bottle: ৳ 325.98,500 ml bottle: ৳ 601.80,5 Litter bottle: ৳ 5,015.04",
12873,Povisep,allopathic,poviseporal-powder5-ww,Oral Powder,Povidone Iodine,5% w/w,Jayson Pharmaceuticals Ltd.,10 gm pack: ৳ 30.09,
12870,Povisep,allopathic,povisepmouthwash1-wv,Mouthwash,Povidone Iodine,1% w/v,Jayson Pharmaceuticals Ltd.,100 ml bottle: ৳ 35.11,
12864,Povisep,allopathic,povisepcream6-ww,Cream,Povidone Iodine,6% w/w,Jayson Pharmaceuticals Ltd.,"5 gm tube: ৳ 22.07,25 gm tube: ৳ 50.15",
12854,Povisep,allopathic,povisepsolution10-wv,Solution,Povidone Iodine,10% w/v,Jayson Pharmaceuticals Ltd.,"30 ml bottle: ৳ 55.17,100 ml bottle: ৳ 100.30,1 Litter pack: ৳ 702.11,5 Litter pack: ৳ 3,259.78",
12853,Povisep,allopathic,povisepsolution5-wv,Solution,Povidone Iodine,5% w/v,Jayson Pharmaceuticals Ltd.,"20 ml bottle: ৳ 25.07,100 ml bottle: ৳ 80.24",
31814,Povin,allopathic,povintopical-spray25-vv,Topical Spray,Povidone Iodine,2.5% v/v,Opsonin Pharma Ltd.,50 ml spray: ৳ 250.00,
16179,Povin,allopathic,povinophthalmic-solution5-vv,Ophthalmic Solution,Povidone Iodine,5% v/v,Opsonin Pharma Ltd.,10 ml drop: ৳ 90.00,
12869,Povin,allopathic,povinmouthwash1-wv,Mouthwash,Povidone Iodine,1% w/v,Opsonin Pharma Ltd.,100 ml bottle: ৳ 35.00,
12863,Povin,allopathic,povinointment5-ww,Ointment,Povidone Iodine,5% w/w,Opsonin Pharma Ltd.,"10 gm tube: ৳ 15.10,25 gm tube: ৳ 50.00",
12852,Povin,allopathic,povinsolution10-wv,Solution,Povidone Iodine,10% w/v,Opsonin Pharma Ltd.,"100 ml bottle: ৳ 100.00,1 Litter bottle: ৳ 700.00",
23098,Prazomax,allopathic,prazomaxcapsule-delayed-release20-mg,Capsule (Delayed Release),Omeprazole,20 mg,Jenphar Bangladesh Ltd.,"Unit Price: ৳ 4.00,(100's pack: ৳ 400.00),",(100's pack: ৳ 400.00)
31220,Prazolok ER,allopathic,prazolok-ertablet-extended-release5-mg,Tablet (Extended Release),Prazosin Hydrochloride,5 mg,Square Pharmaceuticals Ltd.,"Unit Price: ৳ 15.00,(30's pack: ৳ 450.00),",(30's pack: ৳ 450.00)
31219,Prazolok ER,allopathic,prazolok-ertablet-extended-release25-mg,Tablet (Extended Release),Prazosin Hydrochloride,2.5 mg,Square Pharmaceuticals Ltd.,"Unit Price: ৳ 10.00,(30's pack: ৳ 300.00),",(30's pack: ৳ 300.00)
23798,Prazolok,allopathic,prazoloktablet2-mg,Tablet,Prazosin Hydrochloride,2 mg,Square Pharmaceuticals Ltd.,"Unit Price: ৳ 6.00,(30's pack: ৳ 180.00),",(30's pack: ৳ 180.00)
23797,Prazolok,allopathic,prazoloktablet1-mg,Tablet,Prazosin Hydrochloride,1 mg,Square Pharmaceuticals Ltd.,"Unit Price: ৳ 4.00,(30's pack: ৳ 120.00),",(30's pack: ৳ 120.00)
2222,Prazolin,allopathic,prazolintablet-enteric-coated40-mg,Tablet (Enteric Coated),Pantoprazole Sodium Sesquihydrate,40 mg,Rephco Pharmaceuticals Ltd.,"Unit Price: ৳ 6.00,(50's pack: ৳ 300.00),",(50's pack: ৳ 300.00)
2221,Prazolin,allopathic,prazolintablet-enteric-coated20-mg,Tablet (Enteric Coated),Pantoprazole Sodium Sesquihydrate,20 mg,Rephco Pharmaceuticals Ltd.,"Unit Price: ৳ 4.00,(50's pack: ৳ 200.00),",(50's pack: ৳ 200.00)
1932,Prazole,allopathic,prazolecapsule-delayed-release20-mg,Capsule (Delayed Release),Omeprazole,20 mg,Renata Limited,"Unit Price: ৳ 5.00,(70's pack: ৳ 350.00),",(70's pack: ৳ 350.00)
28620,Prazo,allopathic,prazotablet-enteric-coated20-mg,Tablet (Enteric Coated),Omeprazole,20 mg,Pacific Pharmaceuticals Ltd.,"Unit Price: ৳ 2.50,(100's pack: ৳ 250.00),",(100's pack: ৳ 250.00)
1929,Prazo,allopathic,prazocapsule-delayed-release20-mg,Capsule (Delayed Release),Omeprazole,20 mg,Pacific Pharmaceuticals Ltd.,"Unit Price: ৳ 5.00,(100's pack: ৳ 500.00),",(100's pack: ৳ 500.00)
29764,Prazia,allopathic,praziacapsule-delayed-release40-mg,Capsule (Delayed Release),Esomeprazole,40 mg,Amico Laboratories Ltd.,"Unit Price: ৳ 10.00,(50's pack: ৳ 500.00),",(50's pack: ৳ 500.00)
29763,Prazia,allopathic,praziacapsule-delayed-release20-mg,Capsule (Delayed Release),Esomeprazole,20 mg,Amico Laboratories Ltd.,Unit Price: ৳ 7.00,
29762,Prazia,allopathic,praziatablet-enteric-coated20-mg,Tablet (Enteric Coated),Esomeprazole,20 mg,Amico Laboratories Ltd.,Unit Price: ৳ 5.00,
3267,Prasuva,allopathic,prasuvatablet10-mg,Tablet,Prasugrel Hydrochloride,10 mg,Beximco Pharmaceuticals Ltd.,"Unit Price: ৳ 20.00,(20's pack: ৳ 400.00),",(20's pack: ৳ 400.00)
3266,Prasuva,allopathic,prasuvatablet5-mg,Tablet,Prasugrel Hydrochloride,5 mg,Beximco Pharmaceuticals Ltd.,"Unit Price: ৳ 12.00,(30's pack: ৳ 360.00),",(30's pack: ৳ 360.00)
3265,Prasurel,allopathic,prasureltablet10-mg,Tablet,Prasugrel Hydrochloride,10 mg,Incepta Pharmaceuticals Ltd.,"Unit Price: ৳ 20.00,(20's pack: ৳ 400.00),",(20's pack: ৳ 400.00)
2589,Prazopress,allopathic,prazopresstablet2-mg,Tablet,Prazosin Hydrochloride,2 mg,UniMed UniHealth,"Unit Price: ৳ 6.00,(30's pack: ৳ 180.00),",(30's pack: ৳ 180.00)
2588,Prazopress,allopathic,prazopresstablet1-mg,Tablet,Prazosin Hydrochloride,1 mg,UniMed UniHealth,"Unit Price: ৳ 4.00,(30's pack: ৳ 120.00),",(30's pack: ৳ 120.00)
28109,Prazomax,allopathic,prazomaxcapsule-delayed-release40-mg,Capsule (Delayed Release),Omeprazole,40 mg,Social Marketing Company,"Unit Price: ৳ 6.00,(30's pack: ৳ 180.00),",(30's pack: ৳ 180.00)
3264,Prasurel,allopathic,prasureltablet5-mg,Tablet,Prasugrel Hydrochloride,5 mg,Incepta Pharmaceuticals Ltd.,"Unit Price: ৳ 12.00,(30's pack: ৳ 360.00),",(30's pack: ৳ 360.00)
3263,Prasulet,allopathic,prasulettablet10-mg,Tablet,Prasugrel Hydrochloride,10 mg,Beacon Pharmaceuticals Ltd.,"Unit Price: ৳ 20.06,(30's pack: ৳ 601.80),",(30's pack: ৳ 601.80)
3262,Prasulet,allopathic,prasulettablet5-mg,Tablet,Prasugrel Hydrochloride,5 mg,Beacon Pharmaceuticals Ltd.,"Unit Price: ৳ 12.04,(30's pack: ৳ 361.20),",(30's pack: ৳ 361.20)
3261,Prapid,allopathic,prapidtablet10-mg,Tablet,Prasugrel Hydrochloride,10 mg,Drug International Ltd.,"Unit Price: ৳ 20.10,(10's pack: ৳ 201.00),",(10's pack: ৳ 201.00)
3260,Prapid,allopathic,prapidtablet5-mg,Tablet,Prasugrel Hydrochloride,5 mg,Drug International Ltd.,"Unit Price: ৳ 12.05,(20's pack: ৳ 241.00),",(20's pack: ৳ 241.00)
5549,Prandil,allopathic,prandiltablet1-mg,Tablet,Repaglinide,1 mg,UniMed UniHealth,"Unit Price: ৳ 3.00,(30's pack: ৳ 90.00),",(30's pack: ৳ 90.00)
4455,Pramin,allopathic,pramintablet25-mg,Tablet,Imipramine Hydrochloride,25 mg,Incepta Pharmaceuticals Ltd.,"Unit Price: ৳ 4.00,(50's pack: ৳ 200.00),",(50's pack: ৳ 200.00)
2220,Pramax,allopathic,pramaxtablet-enteric-coated40-mg,Tablet (Enteric Coated),Pantoprazole Sodium Sesquihydrate,40 mg,Concord Pharmaceuticals Ltd.,"Unit Price: ৳ 6.02,(30's pack: ৳ 180.60),",(30's pack: ৳ 180.60)
2219,Pramax,allopathic,pramaxtablet-enteric-coated20-mg,Tablet (Enteric Coated),Pantoprazole Sodium Sesquihydrate,20 mg,Concord Pharmaceuticals Ltd.,"Unit Price: ৳ 4.01,(50's pack: ৳ 200.50),",(50's pack: ৳ 200.50)
23778,Pralidox,allopathic,pralidoxiv-injection-or-infusion1000-mgml,IV Injection or Infusion,Pralidoxime Chloride,1000 mg/ml,Incepta Pharmaceuticals Ltd.,1 ml vial: ৳ 500.00,
23777,Pralidot,allopathic,pralidotiv-injection-or-infusion1000-mgml,IV Injection or Infusion,Pralidoxime Chloride,1000 mg/ml,Globe Pharmaceuticals Ltd.,1 ml vial: ৳ 500.00,
3292,Preclot AS,allopathic,preclot-astablet75-mg75-mg,Tablet,Clopidogrel + Aspirin,75 mg+75 mg,Popular Pharmaceuticals Ltd.,"Unit Price: ৳ 12.00,(30's pack: ৳ 360.00),",(30's pack: ৳ 360.00)
3246,Preclot,allopathic,preclottablet75-mg,Tablet,Clopidogrel Bisulphate,75 mg,Popular Pharmaceuticals Ltd.,"Unit Price: ৳ 12.00,(30's pack: ৳ 360.00),",(30's pack: ৳ 360.00)
1095,Precinol,allopathic,precinoltablet50-mg,Tablet,Atenolol,50 mg,Doctor’s Chemical Works Ltd.,"Unit Price: ৳ 0.73,(100's pack: ৳ 73.00),",(100's pack: ৳ 73.00)
32972,Precid,allopathic,precidpowder-for-suspension40-mg5-ml,Powder for Suspension,Famotidine,40 mg/5 ml,Pharmasia Limited,50 ml bottle: ৳ 48.00,
31524,Precid,allopathic,precidtablet20-mg,Tablet,Famotidine,20 mg,Pharmasia Limited,"Unit Price: ৳ 1.50,(100's pack: ৳ 150.00),",(100's pack: ৳ 150.00)
14740,Precare,allopathic,precaretablet,Tablet,Multivitamins & Multiminerals [A-Z prenatal preparation],,Incepta Pharmaceuticals Ltd.,"Unit Price: ৳ 5.00,(30's pack: ৳ 150.00),",(30's pack: ৳ 150.00)
27438,Precal-D,allopathic,precal-dtablet500-mg200-iu,Tablet,Calcium Carbonate [Elemental source] + Vitamin D3,500 mg+200 IU,Premier Pharmaceuticals Ltd.,"Unit Price: ৳ 5.00,(60's pack: ৳ 300.00),",(60's pack: ৳ 300.00)
14498,Precal-D,allopathic,precal-dtablet500-mg200-iu,Tablet,Calcium Carbonate [Elemental source] + Vitamin D3,500 mg+200 IU,Premier Pharmaceuticals Ltd.,30 tablet pot: ৳ 150.00,
27437,Precal,allopathic,precaltablet500-mg,Tablet,Calcium Carbonate,500 mg,Premier Pharmaceuticals Ltd.,30 tablet pot: ৳ 75.90,
14364,Precal,allopathic,precaltablet500-mg,Tablet,Calcium Carbonate,500 mg,Premier Pharmaceuticals Ltd.,"Unit Price: ৳ 2.53,(100's pack: ৳ 253.00),",(100's pack: ৳ 253.00)
32873,Prebinit,allopathic,prebinitcapsule150-mg,Capsule,Pregabalin,150 mg,Genvio Pharma Ltd.,"Unit Price: ৳ 30.00,(18's pack: ৳ 540.00),",(18's pack: ৳ 540.00)
32872,Prebinit,allopathic,prebinitcapsule75-mg,Capsule,Pregabalin,75 mg,Genvio Pharma Ltd.,"Unit Price: ৳ 18.00,(30's pack: ৳ 540.00),",(30's pack: ৳ 540.00)
32871,Prebinit,allopathic,prebinitcapsule50-mg,Capsule,Pregabalin,50 mg,Genvio Pharma Ltd.,"Unit Price: ৳ 14.00,(30's pack: ৳ 420.00),",(30's pack: ৳ 420.00)
32870,Prebinit,allopathic,prebinitcapsule25-mg,Capsule,Pregabalin,25 mg,Genvio Pharma Ltd.,"Unit Price: ৳ 8.00,(50's pack: ৳ 400.00),",(50's pack: ৳ 400.00)
30392,Prebichol,allopathic,prebicholtablet5-mg,Tablet,Obeticholic Acid,5 mg,Incepta Pharmaceuticals Ltd.,"Unit Price: ৳ 30.00,(20's pack: ৳ 600.00),",(20's pack: ৳ 600.00)
30391,Prebichol,allopathic,prebicholtablet10-mg,Tablet,Obeticholic Acid,10 mg,Incepta Pharmaceuticals Ltd.,"Unit Price: ৳ 55.00,(10's pack: ৳ 550.00),",(10's pack: ৳ 550.00)
27068,Precodil,allopathic,precodiltablet2-mg,Tablet,Prednisolone,2 mg,Opsonin Pharma Ltd.,"Unit Price: ৳ 0.75,(200's pack: ৳ 150.00),",(200's pack: ৳ 150.00)
5822,Precodil,allopathic,precodiloral-solution15-mg5-ml,Oral Solution,Prednisolone,15 mg/5 ml,Opsonin Pharma Ltd.,"50 ml bottle: ৳ 80.30,100 ml bottle: ৳ 130.88",
5821,Precodil,allopathic,precodiloral-solution5-mg5-ml,Oral Solution,Prednisolone,5 mg/5 ml,Opsonin Pharma Ltd.,"50 ml bottle: ৳ 65.19,100 ml bottle: ৳ 95.29",
5820,Precodil,allopathic,precodiltablet20-mg,Tablet,Prednisolone,20 mg,Opsonin Pharma Ltd.,"Unit Price: ৳ 6.27,(60's pack: ৳ 376.20),",(60's pack: ৳ 376.20)
5819,Precodil,allopathic,precodiltablet10-mg,Tablet,Prednisolone,10 mg,Opsonin Pharma Ltd.,"Unit Price: ৳ 3.24,(100's pack: ৳ 324.00),",(100's pack: ৳ 324.00)
5818,Precodil,allopathic,precodiltablet5-mg,Tablet,Prednisolone,5 mg,Opsonin Pharma Ltd.,"Unit Price: ৳ 1.72,(200's pack: ৳ 344.00),,Unit Price: ৳ 1.72,(240's pack: ৳ 412.80),","(200's pack: ৳ 344.00),(240's pack: ৳ 412.80)"
32077,Prebalin,allopathic,prebalincapsule150-mg,Capsule,Pregabalin,150 mg,General Pharmaceuticals Ltd.,"Unit Price: ৳ 30.20,(20's pack: ৳ 604.00),",(20's pack: ৳ 604.00)
23820,Prebalin,allopathic,prebalincapsule25-mg,Capsule,Pregabalin,25 mg,General Pharmaceuticals Ltd.,"Unit Price: ৳ 9.00,(30's pack: ৳ 270.00),",(30's pack: ৳ 270.00)
5022,Prebalin,allopathic,prebalincapsule75-mg,Capsule,Pregabalin,75 mg,General Pharmaceuticals Ltd.,"Unit Price: ৳ 18.00,(30's pack: ৳ 540.00),",(30's pack: ৳ 540.00)
5021,Prebalin,allopathic,prebalincapsule50-mg,Capsule,Pregabalin,50 mg,General Pharmaceuticals Ltd.,"Unit Price: ৳ 13.50,(30's pack: ৳ 405.00),",(30's pack: ৳ 405.00)
23114,Prazover DR,allopathic,prazover-drtablet-enteric-coated20-mg,Tablet (Enteric Coated),Omeprazole,20 mg,Veritas Pharmaceuticals Ltd.,"Unit Price: ৳ 4.02,(100's pack: ৳ 402.00),",(100's pack: ৳ 402.00)
23112,Prazover,allopathic,prazovercapsule-delayed-release20-mg,Capsule (Delayed Release),Omeprazole,20 mg,Veritas Pharmaceuticals Ltd.,"Unit Price: ৳ 5.01,(100's pack: ৳ 501.00),",(100's pack: ৳ 501.00)
23800,Prazopress ER,allopathic,prazopress-ertablet-extended-release5-mg,Tablet (Extended Release),Prazosin Hydrochloride,5 mg,UniMed UniHealth,"Unit Price: ৳ 15.00,(20's pack: ৳ 300.00),,Unit Price: ৳ 15.00,(30's pack: ৳ 450.00),","(20's pack: ৳ 300.00),(30's pack: ৳ 450.00)"
23799,Prazopress ER,allopathic,prazopress-ertablet-extended-release25-mg,Tablet (Extended Release),Prazosin Hydrochloride,2.5 mg,UniMed UniHealth,"Unit Price: ৳ 10.00,(20's pack: ৳ 200.00),,Unit Price: ৳ 10.00,(30's pack: ৳ 300.00),","(20's pack: ৳ 200.00),(30's pack: ৳ 300.00)"
23482,Prefer,allopathic,preferoral-suspension120-mg5-ml,Oral Suspension,Paracetamol,120 mg/5 ml,Marksman Pharmaceuticals Ltd.,60 ml bottle: ৳ 12.00,
23481,Prefer,allopathic,prefertablet500-mg,Tablet,Paracetamol,500 mg,Marksman Pharmaceuticals Ltd.,"Unit Price: ৳ 0.55,(300's pack: ৳ 165.00),",(300's pack: ৳ 165.00)
10488,Preduet,allopathic,preduetoral-suspension120-mg5-ml,Oral Suspension,Paracetamol,120 mg/5 ml,Silva Pharmaceuticals Ltd.,60 ml bottle: ৳ 16.34,
10487,Preduet,allopathic,preduettablet500-mg,Tablet,Paracetamol,500 mg,Silva Pharmaceuticals Ltd.,"Unit Price: ৳ 0.80,(250's pack: ৳ 200.67),",(250's pack: ৳ 200.67)
22275,Prednol,allopathic,prednolophthalmic-suspension1,Ophthalmic Suspension,Prednisolone Acetate,1%,Reman Drug Laboratories Ltd.,5 ml drop: ৳ 100.00,
15919,Prednol,allopathic,prednolophthalmic-suspension1,Ophthalmic Suspension,Prednisolone Acetate,1%,Reman Drug Laboratories Ltd.,5 ml drop: ৳ 100.00,
28049,Prednisolone,allopathic,prednisolonetablet5-mg,Tablet,Methylprednisolone,5 mg,Ambee Pharmaceuticals Ltd.,"Unit Price: ৳ 1.20,(200's pack: ৳ 240.00),",(200's pack: ৳ 240.00)
5827,Prednelan,allopathic,prednelantablet20-mg,Tablet,Prednisolone,20 mg,GlaxoSmithKline,"Unit Price: ৳ 4.02,(100's pack: ৳ 402.00),",(100's pack: ৳ 402.00)
5826,Prednelan,allopathic,prednelantablet5-mg,Tablet,Prednisolone,5 mg,GlaxoSmithKline,"Unit Price: ৳ 1.70,(500's pack: ৳ 850.00),",(500's pack: ৳ 850.00)
22262,Predixa,allopathic,predixatablet16-mg,Tablet,Methylprednisolone,16 mg,UniMed UniHealth,"Unit Price: ৳ 24.00,(10's pack: ৳ 240.00),",(10's pack: ৳ 240.00)
22261,Predixa,allopathic,predixatablet8-mg,Tablet,Methylprednisolone,8 mg,UniMed UniHealth,"Unit Price: ৳ 12.00,(20's pack: ৳ 240.00),",(20's pack: ৳ 240.00)
22260,Predixa,allopathic,predixatablet4-mg,Tablet,Methylprednisolone,4 mg,UniMed UniHealth,"Unit Price: ৳ 6.00,(30's pack: ৳ 180.00),",(30's pack: ৳ 180.00)
20380,Predine,allopathic,predinetablet120-mg,Tablet,Fexofenadine Hydrochloride,120 mg,Premier Pharmaceuticals Ltd.,"Unit Price: ৳ 7.00,(50's pack: ৳ 350.00),",(50's pack: ৳ 350.00)
29396,Predimax,allopathic,predimaxtablet20-mg,Tablet,Prednisolone,20 mg,ACME Laboratories Ltd.,"Unit Price: ৳ 6.27,(50's pack: ৳ 313.50),",(50's pack: ৳ 313.50)
29395,Predimax,allopathic,predimaxtablet10-mg,Tablet,Prednisolone,10 mg,ACME Laboratories Ltd.,"Unit Price: ৳ 3.23,(100's pack: ৳ 323.00),",(100's pack: ৳ 323.00)
29394,Predimax,allopathic,predimaxtablet5-mg,Tablet,Prednisolone,5 mg,ACME Laboratories Ltd.,"Unit Price: ৳ 1.72,(200's pack: ৳ 344.00),",(200's pack: ৳ 344.00)
31203,Pregaba,allopathic,pregabacapsule100-mg,Capsule,Pregabalin,100 mg,Opsonin Pharma Ltd.,"Unit Price: ৳ 22.00,(20's pack: ৳ 440.00),",(20's pack: ৳ 440.00)
23842,Pregaba,allopathic,pregabacapsule25-mg,Capsule,Pregabalin,25 mg,Opsonin Pharma Ltd.,"Unit Price: ৳ 10.00,(30's pack: ৳ 300.00),",(30's pack: ৳ 300.00)
5026,Pregaba,allopathic,pregabacapsule150-mg,Capsule,Pregabalin,150 mg,Opsonin Pharma Ltd.,"Unit Price: ৳ 35.00,(30's pack: ৳ 1,050.00),","(30's pack: ৳ 1,050.00)"
5025,Pregaba,allopathic,pregabacapsule75-mg,Capsule,Pregabalin,75 mg,Opsonin Pharma Ltd.,"Unit Price: ৳ 19.00,(30's pack: ৳ 570.00),",(30's pack: ৳ 570.00)
5024,Pregaba,allopathic,pregabacapsule50-mg,Capsule,Pregabalin,50 mg,Opsonin Pharma Ltd.,"Unit Price: ৳ 15.00,(30's pack: ৳ 450.00),",(30's pack: ৳ 450.00)
27553,Preg-CI,allopathic,preg-cicapsule-timed-release50-mg050-mg6180-mg,Capsule (Timed Release),Carbonyl Iron + Folic Acid + Zinc Sulfate,50 mg+0.50 mg+61.80 mg,ACI Limited,"Unit Price: ৳ 4.00,(60's pack: ৳ 240.00),",(60's pack: ৳ 240.00)
5550,Prefid,allopathic,prefidtablet1-mg,Tablet,Repaglinide,1 mg,The White Horse Pharma,"Unit Price: ৳ 3.00,(50's pack: ৳ 150.00),",(50's pack: ৳ 150.00)
15917,Predflam,allopathic,predflamophthalmic-suspension1,Ophthalmic Suspension,Prednisolone Acetate,1%,General Pharmaceuticals Ltd.,5 ml drop: ৳ 100.00,
22270,Pred,allopathic,predophthalmic-suspension1,Ophthalmic Suspension,Prednisolone Acetate,1%,Eskayef Pharmaceuticals Ltd.,5 ml drop: ৳ 100.00,
5825,Pred,allopathic,predtablet20-mg,Tablet,Prednisolone,20 mg,Eskayef Pharmaceuticals Ltd.,"Unit Price: ৳ 6.27,(50's pack: ৳ 313.50),",(50's pack: ৳ 313.50)
5824,Pred,allopathic,predtablet10-mg,Tablet,Prednisolone,10 mg,Eskayef Pharmaceuticals Ltd.,"Unit Price: ৳ 3.23,(100's pack: ৳ 323.00),",(100's pack: ৳ 323.00)
5823,Pred,allopathic,predtablet5-mg,Tablet,Prednisolone,5 mg,Eskayef Pharmaceuticals Ltd.,"Unit Price: ৳ 1.72,(200's pack: ৳ 344.00),",(200's pack: ৳ 344.00)
21892,Precon Plus,allopathic,precon-plustablet50-mg125-mg,Tablet,Losartan Potassium + Hydrochlorothiazide,50 mg+12.5 mg,Radiant Pharmaceuticals Ltd.,"Unit Price: ৳ 10.50,(50's pack: ৳ 525.00),",(50's pack: ৳ 525.00)
21855,Precon,allopathic,precontablet50-mg,Tablet,Losartan Potassium,50 mg,Radiant Pharmaceuticals Ltd.,"Unit Price: ৳ 10.00,(50's pack: ৳ 500.00),",(50's pack: ৳ 500.00)
29582,Pregaver,allopathic,pregavercapsule75-mg,Capsule,Pregabalin,75 mg,Veritas Pharmaceuticals Ltd.,"Unit Price: ৳ 19.00,(20's pack: ৳ 380.00),",(20's pack: ৳ 380.00)
29581,Pregaver,allopathic,pregavercapsule50-mg,Capsule,Pregabalin,50 mg,Veritas Pharmaceuticals Ltd.,"Unit Price: ৳ 13.00,(30's pack: ৳ 390.00),",(30's pack: ৳ 390.00)
29580,Pregaver,allopathic,pregavercapsule25-mg,Capsule,Pregabalin,25 mg,Veritas Pharmaceuticals Ltd.,"Unit Price: ৳ 10.00,(30's pack: ৳ 300.00),",(30's pack: ৳ 300.00)
23813,Pregavax,allopathic,pregavaxcapsule75-mg,Capsule,Pregabalin,75 mg,Centeon Pharma Ltd.,"Unit Price: ৳ 17.00,(30's pack: ৳ 510.00),",(30's pack: ৳ 510.00)
23812,Pregavax,allopathic,pregavaxcapsule50-mg,Capsule,Pregabalin,50 mg,Centeon Pharma Ltd.,"Unit Price: ৳ 13.00,(30's pack: ৳ 390.00),",(30's pack: ৳ 390.00)
27822,Pregaran,allopathic,pregarancapsule75-mg,Capsule,Pregabalin,75 mg,Rangs Pharmaceuticals Ltd.,"Unit Price: ৳ 16.00,(30's pack: ৳ 480.00),",(30's pack: ৳ 480.00)
27821,Pregaran,allopathic,pregarancapsule50-mg,Capsule,Pregabalin,50 mg,Rangs Pharmaceuticals Ltd.,"Unit Price: ৳ 12.00,(30's pack: ৳ 360.00),",(30's pack: ৳ 360.00)
27820,Pregaran,allopathic,pregarancapsule25-mg,Capsule,Pregabalin,25 mg,Rangs Pharmaceuticals Ltd.,"Unit Price: ৳ 8.00,(30's pack: ৳ 240.00),",(30's pack: ৳ 240.00)
32685,Pregan ER,allopathic,pregan-ertablet-extended-release165-mg,Tablet (Extended Release),Pregabalin,165 mg,Navana Pharmaceuticals Ltd.,"Unit Price: ৳ 35.00,(20's pack: ৳ 700.00),",(20's pack: ৳ 700.00)
32684,Pregan ER,allopathic,pregan-ertablet-extended-release825-mg,Tablet (Extended Release),Pregabalin,82.5 mg,Navana Pharmaceuticals Ltd.,"Unit Price: ৳ 25.00,(20's pack: ৳ 500.00),",(20's pack: ৳ 500.00)
5035,Pregan,allopathic,pregancapsule75-mg,Capsule,Pregabalin,75 mg,Navana Pharmaceuticals Ltd.,"Unit Price: ৳ 16.05,(30's pack: ৳ 481.42),",(30's pack: ৳ 481.42)
5034,Pregan,allopathic,pregancapsule50-mg,Capsule,Pregabalin,50 mg,Navana Pharmaceuticals Ltd.,"Unit Price: ৳ 11.03,(30's pack: ৳ 330.95),",(30's pack: ৳ 330.95)
33013,Pregalex,allopathic,pregalexcapsule150-mg,Capsule,Pregabalin,150 mg,Sharif Pharmaceuticals Ltd.,"Unit Price: ৳ 30.10,(20's pack: ৳ 602.00),",(20's pack: ৳ 602.00)
23853,Pregalex,allopathic,pregalexcapsule50-mg,Capsule,Pregabalin,50 mg,Sharif Pharmaceuticals Ltd.,"Unit Price: ৳ 11.03,(30's pack: ৳ 330.90),",(30's pack: ৳ 330.90)
5032,Pregalex,allopathic,pregalexcapsule75-mg,Capsule,Pregabalin,75 mg,Sharif Pharmaceuticals Ltd.,"Unit Price: ৳ 16.04,(30's pack: ৳ 481.20),",(30's pack: ৳ 481.20)
5031,Pregadel,allopathic,pregadelcapsule75-mg,Capsule,Pregabalin,75 mg,Delta Pharma Ltd.,"Unit Price: ৳ 15.00,(16's pack: ৳ 240.00),",(16's pack: ৳ 240.00)
23327,Pregel,allopathic,pregeliv-injection40-mgvial,IV Injection,Pantoprazole Sodium Sesquihydrate,40 mg/vial,Healthcare Pharmaceuticals Ltd.,40 mg vial: ৳ 90.00,
2224,Pregel,allopathic,pregeltablet-enteric-coated40-mg,Tablet (Enteric Coated),Pantoprazole Sodium Sesquihydrate,40 mg,Healthcare Pharmaceuticals Ltd.,"Unit Price: ৳ 7.00,(30's pack: ৳ 210.00),",(30's pack: ৳ 210.00)
2223,Pregel,allopathic,pregeltablet-enteric-coated20-mg,Tablet (Enteric Coated),Pantoprazole Sodium Sesquihydrate,20 mg,Healthcare Pharmaceuticals Ltd.,"Unit Price: ৳ 5.00,(50's pack: ৳ 250.00),",(50's pack: ৳ 250.00)
31869,Pregcare,allopathic,pregcareoral-powder3-gm75-mg225-mg5-mg5-gm,Oral Powder,,(3 gm+75 mg+22.5 mg+5 mg)/5 gm,Purnava Limited,"5 gm sachet: ৳ 54.00,(25's pack: ৳ 1,350.00),","(25's pack: ৳ 1,350.00)"
5030,Pregadel,allopathic,pregadelcapsule50-mg,Capsule,Pregabalin,50 mg,Delta Pharma Ltd.,"Unit Price: ৳ 10.00,(24's pack: ৳ 240.00),",(24's pack: ৳ 240.00)
23815,Pregacap,allopathic,pregacapcapsule75-mg,Capsule,Pregabalin,75 mg,Concord Pharmaceuticals Ltd.,"Unit Price: ৳ 16.00,(30's pack: ৳ 480.00),",(30's pack: ৳ 480.00)
23814,Pregacap,allopathic,pregacapcapsule50-mg,Capsule,Pregabalin,50 mg,Concord Pharmaceuticals Ltd.,"Unit Price: ৳ 12.00,(30's pack: ৳ 360.00),",(30's pack: ৳ 360.00)
5058,Pregabid,allopathic,pregabidcapsule75-mg,Capsule,Pregabalin,75 mg,Innovative Pharma (Albion),"Unit Price: ৳ 18.89,(30's pack: ৳ 566.68),",(30's pack: ৳ 566.68)
5057,Pregabid,allopathic,pregabidcapsule50-mg,Capsule,Pregabalin,50 mg,Innovative Pharma (Albion),"Unit Price: ৳ 15.35,(30's pack: ৳ 460.43),",(30's pack: ৳ 460.43)
5056,Pregabid,allopathic,pregabidcapsule25-mg,Capsule,Pregabalin,25 mg,Innovative Pharma (Albion),"Unit Price: ৳ 9.58,(50's pack: ৳ 478.91),",(50's pack: ৳ 478.91)
23824,Pregaben,allopathic,pregabencapsule25-mg,Capsule,Pregabalin,25 mg,Incepta Pharmaceuticals Ltd.,"Unit Price: ৳ 9.00,(30's pack: ৳ 270.00),",(30's pack: ৳ 270.00)
5029,Pregaben,allopathic,pregabencapsule150-mg,Capsule,Pregabalin,150 mg,Incepta Pharmaceuticals Ltd.,"Unit Price: ৳ 30.00,(20's pack: ৳ 600.00),",(20's pack: ৳ 600.00)
5028,Pregaben,allopathic,pregabencapsule75-mg,Capsule,Pregabalin,75 mg,Incepta Pharmaceuticals Ltd.,"Unit Price: ৳ 16.00,(30's pack: ৳ 480.00),",(30's pack: ৳ 480.00)
5027,Pregaben,allopathic,pregabencapsule50-mg,Capsule,Pregabalin,50 mg,Incepta Pharmaceuticals Ltd.,"Unit Price: ৳ 13.73,(30's pack: ৳ 412.00),",(30's pack: ৳ 412.00)
33018,Prelin,allopathic,prelincapsule100-mg,Capsule,Pregabalin,100 mg,Drug International Ltd.,Unit Price: ৳ 22.10,
23817,Prelin,allopathic,prelincapsule25-mg,Capsule,Pregabalin,25 mg,Drug International Ltd.,"Unit Price: ৳ 8.05,(30's pack: ৳ 241.50),",(30's pack: ৳ 241.50)
5041,Prelin,allopathic,prelincapsule150-mg,Capsule,Pregabalin,150 mg,Drug International Ltd.,"Unit Price: ৳ 30.10,(10's pack: ৳ 301.00),",(10's pack: ৳ 301.00)
5040,Prelin,allopathic,prelincapsule75-mg,Capsule,Pregabalin,75 mg,Drug International Ltd.,"Unit Price: ৳ 16.05,(20's pack: ৳ 321.00),",(20's pack: ৳ 321.00)
5039,Prelin,allopathic,prelincapsule50-mg,Capsule,Pregabalin,50 mg,Drug International Ltd.,"Unit Price: ৳ 12.00,(20's pack: ৳ 240.00),",(20's pack: ৳ 240.00)
33012,Prelica,allopathic,prelicacapsule150-mg,Capsule,Pregabalin,150 mg,Radiant Pharmaceuticals Ltd.,"Unit Price: ৳ 35.11,(30's pack: ৳ 1,053.30),","(30's pack: ৳ 1,053.30)"
23849,Prelica,allopathic,prelicacapsule25-mg,Capsule,Pregabalin,25 mg,Radiant Pharmaceuticals Ltd.,"Unit Price: ৳ 10.03,(30's pack: ৳ 300.90),",(30's pack: ৳ 300.90)
5037,Prelica,allopathic,prelicacapsule75-mg,Capsule,Pregabalin,75 mg,Radiant Pharmaceuticals Ltd.,"Unit Price: ৳ 19.06,(30's pack: ৳ 571.80),",(30's pack: ৳ 571.80)
5036,Prelica,allopathic,prelicacapsule50-mg,Capsule,Pregabalin,50 mg,Radiant Pharmaceuticals Ltd.,"Unit Price: ৳ 14.54,(30's pack: ৳ 436.20),,Unit Price: ৳ 14.54,(50's pack: ৳ 727.00),","(30's pack: ৳ 436.20),(50's pack: ৳ 727.00)"
25927,Prelab,allopathic,prelabtablet5-mg,Tablet,Allylestrenol,5 mg,ACI Limited,"Unit Price: ৳ 8.02,(45's pack: ৳ 360.90),",(45's pack: ৳ 360.90)
20317,Pregtal,allopathic,pregtalcapsule-timed-release150-mg05-mg618-mg,Capsule (Timed Release),Ferrous Sulfate + Folic Acid + Zinc Sulfate,150 mg+0.5 mg+61.8 mg,Prime Pharmaceuticals Ltd.,Unit Price: ৳ 3.00,
28959,Pregnyl,allopathic,pregnylim-injection5000-iuvial,IM Injection,Human Chorionic Gonadotrophin,5000 IU/vial,MSD,"5000 IU vial: ৳ 2,750.00",
13266,Pregnid,allopathic,pregnidcapsule,Capsule,Iron + Folic Acid + Vitamin B Complex + Vitamine C + Zinc Sulfate,,Navana Pharmaceuticals Ltd.,"Unit Price: ৳ 3.61,(42's pack: ৳ 151.81),",(42's pack: ৳ 151.81)
13265,Pregneed,allopathic,pregneedcapsule,Capsule,Iron + Folic Acid + Vitamin B Complex + Vitamine C + Zinc Sulfate,,Chemist Laboratories  Ltd.,"Unit Price: ৳ 3.00,(50's pack: ৳ 150.00),",(50's pack: ৳ 150.00)
13402,Pregnacare,allopathic,pregnacarecapsule,Capsule,Iron Polymaltose Complex + Folic Acid + Zinc + Vitamin B-Complex,,Amico Laboratories Ltd.,"Unit Price: ৳ 3.00,(50's pack: ৳ 150.00),",(50's pack: ৳ 150.00)
5552,Premil,allopathic,premiltablet1-mg,Tablet,Repaglinide,1 mg,Beximco Pharmaceuticals Ltd.,"Unit Price: ৳ 3.00,(30's pack: ৳ 90.00),",(30's pack: ৳ 90.00)
5551,Premil,allopathic,premiltablet05-mg,Tablet,Repaglinide,0.5 mg,Beximco Pharmaceuticals Ltd.,"Unit Price: ৳ 2.00,(30's pack: ৳ 60.00),",(30's pack: ৳ 60.00)
27434,Premier's Azithromycin,allopathic,premiers-azithromycintablet500-mg,Tablet,Azithromycin Dihydrate,500 mg,Premier Pharmaceuticals Ltd.,"Unit Price: ৳ 30.00,(6's pack: ৳ 180.00),",(6's pack: ৳ 180.00)
5884,Premicon,allopathic,premicontablet0625-mg,Tablet,Conjugated Estrogen (Tablet),0.625 mg,Techno Drugs Ltd.,"Unit Price: ৳ 20.00,(28's pack: ৳ 560.00),",(28's pack: ৳ 560.00)
27412,Premet,allopathic,premettablet400-mg,Tablet,Metronidazole,400 mg,Premier Pharmaceuticals Ltd.,"Unit Price: ৳ 1.50,(100's pack: ৳ 150.00),",(100's pack: ৳ 150.00)
4760,Premesis,allopathic,premesisimiv-injection8-mg4-ml,IM/IV Injection,Ondansetron,8 mg/4 ml,Globe Pharmaceuticals Ltd.,"4 ml ampoule: ৳ 25.00,(5's pack: ৳ 125.00),",(5's pack: ৳ 125.00)
4759,Premesis,allopathic,premesisoral-solution4-mg5-ml,Oral Solution,Ondansetron,4 mg/5 ml,Globe Pharmaceuticals Ltd.,50 ml bottle: ৳ 40.00,
4758,Premesis,allopathic,premesistablet8-mg,Tablet,Ondansetron,8 mg,Globe Pharmaceuticals Ltd.,"Unit Price: ৳ 10.00,(30's pack: ৳ 300.00),",(30's pack: ৳ 300.00)
4757,Premesis,allopathic,premesistablet4-mg,Tablet,Ondansetron,4 mg,Globe Pharmaceuticals Ltd.,"Unit Price: ৳ 4.50,(30's pack: ৳ 135.00),",(30's pack: ৳ 135.00)
19719,Prelora,allopathic,preloratablet5-mg,Tablet,Desloratadine,5 mg,Premier Pharmaceuticals Ltd.,"Unit Price: ৳ 2.50,(100's pack: ৳ 250.00),",(100's pack: ৳ 250.00)
2576,Preloc,allopathic,preloctablet50-mg,Tablet,Metoprolol Tartrate,50 mg,Opsonin Pharma Ltd.,"Unit Price: ৳ 2.00,(50's pack: ৳ 100.00),",(50's pack: ৳ 100.00)
29356,Prelizer,allopathic,prelizertablet5-mg,Tablet,Bisoprolol Hemifumarate,5 mg,Radiant Pharmaceuticals Ltd.,"Unit Price: ৳ 10.00,(28's pack: ৳ 280.00),",(28's pack: ৳ 280.00)
29355,Prelizer,allopathic,prelizertablet25-mg,Tablet,Bisoprolol Hemifumarate,2.5 mg,Radiant Pharmaceuticals Ltd.,"Unit Price: ৳ 6.00,(42's pack: ৳ 252.00),",(42's pack: ৳ 252.00)
13349,Pregmin-Z,allopathic,pregmin-zcapsule-timed-release50-mg050-mg6180-mg,Capsule (Timed Release),Carbonyl Iron + Folic Acid + Zinc Sulfate,50 mg+0.50 mg+61.80 mg,Rangs Pharmaceuticals Ltd.,"Unit Price: ৳ 3.01,(50's pack: ৳ 150.50),",(50's pack: ৳ 150.50)
27819,Pregmin,allopathic,pregmincapsule50-mg05-mg,Capsule,Carbonyl Iron + Folic Acid,50 mg+0.5 mg,Rangs Pharmaceuticals Ltd.,"Unit Price: ৳ 2.41,(50's pack: ৳ 120.50),",(50's pack: ৳ 120.50)
21839,Preslo-L,allopathic,preslo-ltablet50-mg,Tablet,Losartan Potassium,50 mg,Labaid Pharma Ltd.,"Unit Price: ৳ 8.02,(50's pack: ৳ 400.86),",(50's pack: ৳ 400.86)
21838,Preslo-L,allopathic,preslo-ltablet25-mg,Tablet,Losartan Potassium,25 mg,Labaid Pharma Ltd.,"Unit Price: ৳ 4.51,(50's pack: ৳ 225.45),",(50's pack: ৳ 225.45)
2975,Preslo-H,allopathic,preslo-htablet50-mg125-mg,Tablet,Losartan Potassium + Hydrochlorothiazide,50 mg+12.5 mg,Labaid Pharma Ltd.,"Unit Price: ৳ 8.03,(30's pack: ৳ 240.90),",(30's pack: ৳ 240.90)
17387,Preservin SR,allopathic,preservin-srtablet-sustained-release200-mg,Tablet (Sustained Release),Aceclofenac,200 mg,Ibn Sina Pharmaceuticals Ltd.,"Unit Price: ৳ 7.00,(30's pack: ৳ 210.00),",(30's pack: ৳ 210.00)
73,Preservin,allopathic,preservintablet100-mg,Tablet,Aceclofenac,100 mg,Ibn Sina Pharmaceuticals Ltd.,"Unit Price: ৳ 5.00,(50's pack: ৳ 250.00),",(50's pack: ৳ 250.00)
23087,Presectil,allopathic,presectilcapsule-delayed-release20-mg,Capsule (Delayed Release),Omeprazole,20 mg,Premier Pharmaceuticals Ltd.,"Unit Price: ৳ 4.00,(100's pack: ৳ 400.00),",(100's pack: ৳ 400.00)
23109,Presec,allopathic,preseccapsule-delayed-release40-mg,Capsule (Delayed Release),Omeprazole,40 mg,UniMed UniHealth,"Unit Price: ৳ 7.00,(28's pack: ৳ 196.00),",(28's pack: ৳ 196.00)
1933,Presec,allopathic,preseccapsule-delayed-release20-mg,Capsule (Delayed Release),Omeprazole,20 mg,UniMed UniHealth,"Unit Price: ৳ 5.00,(28's pack: ৳ 140.00),",(28's pack: ৳ 140.00)
30458,Presart HZ,allopathic,presart-hztablet80-mg125-mg,Tablet,Telmisartan + Hydrochlorothiazide,80 mg+12.5 mg,General Pharmaceuticals Ltd.,"Unit Price: ৳ 15.00,(30's pack: ৳ 450.00),",(30's pack: ৳ 450.00)
30457,Presart HZ,allopathic,presart-hztablet40-mg125-mg,Tablet,Telmisartan + Hydrochlorothiazide,40 mg+12.5 mg,General Pharmaceuticals Ltd.,"Unit Price: ৳ 12.00,(30's pack: ৳ 360.00),",(30's pack: ৳ 360.00)
30460,Presart AM,allopathic,presart-amtablet5-mg80-mg,Tablet,Amlodipine Besilate + Telmisartan,5 mg+80 mg,General Pharmaceuticals Ltd.,"Unit Price: ৳ 12.00,(30's pack: ৳ 360.00),",(30's pack: ৳ 360.00)
30459,Presart AM,allopathic,presart-amtablet5-mg40-mg,Tablet,Amlodipine Besilate + Telmisartan,5 mg+40 mg,General Pharmaceuticals Ltd.,"Unit Price: ৳ 10.00,(30's pack: ৳ 300.00),",(30's pack: ৳ 300.00)
30456,Presart,allopathic,presarttablet80-mg,Tablet,Telmisartan,80 mg,General Pharmaceuticals Ltd.,"Unit Price: ৳ 11.00,(30's pack: ৳ 330.00),",(30's pack: ৳ 330.00)
30455,Presart,allopathic,presarttablet40-mg,Tablet,Telmisartan,40 mg,General Pharmaceuticals Ltd.,"Unit Price: ৳ 9.00,(30's pack: ৳ 270.00),",(30's pack: ৳ 270.00)
30454,Presart,allopathic,presarttablet20-mg,Tablet,Telmisartan,20 mg,General Pharmaceuticals Ltd.,"Unit Price: ৳ 7.00,(30's pack: ৳ 210.00),",(30's pack: ৳ 210.00)
25156,Preroid,allopathic,preroidtablet5-mg,Tablet,Ulipristal Acetate [For uterine fibroids],5 mg,Renata Limited,"Unit Price: ৳ 40.00,(10's pack: ৳ 400.00),",(10's pack: ৳ 400.00)
2577,Presonil,allopathic,presoniltablet50-mg,Tablet,Metoprolol Tartrate,50 mg,Incepta Pharmaceuticals Ltd.,"Unit Price: ৳ 1.30,(100's pack: ৳ 130.00),",(100's pack: ৳ 130.00)
27410,Preofloxin,allopathic,preofloxinpowder-for-suspension250-mg5-ml,Powder for Suspension,Ciprofloxacin,250 mg/5 ml,Premier Pharmaceuticals Ltd.,60 ml bottle: ৳ 100.00,
27409,Preofloxin,allopathic,preofloxintablet500-mg,Tablet,Ciprofloxacin,500 mg,Premier Pharmaceuticals Ltd.,"Unit Price: ৳ 10.00,(50's pack: ৳ 500.00),",(50's pack: ৳ 500.00)
30653,Prentox,allopathic,prentoxtablet6-mg200-mg50-mg,Tablet,Betacarotene + Vitamin C + Vitamin E,6 mg+200 mg+50 mg,Silva Pharmaceuticals Ltd.,"Unit Price: ৳ 2.51,(20's pack: ৳ 50.20),",(20's pack: ৳ 50.20)
13352,Preneed-CI,allopathic,preneed-cicapsule-timed-release50-mg050-mg6180-mg,Capsule (Timed Release),Carbonyl Iron + Folic Acid + Zinc Sulfate,50 mg+0.50 mg+61.80 mg,Incepta Pharmaceuticals Ltd.,"Unit Price: ৳ 4.00,(50's pack: ৳ 200.00),",(50's pack: ৳ 200.00)
30862,Prenavo DR,allopathic,prenavo-drtablet-delayed-release10-mg10-mg,Tablet (Delayed Release),Pyridoxine Hydrochloride + Doxylamine Succinate,10 mg+10 mg,Kumudini Pharma Ltd.,"Unit Price: ৳ 4.50,(30's pack: ৳ 135.00),",(30's pack: ৳ 135.00)
13350,Prenatal,allopathic,prenatalcapsule-timed-release50-mg050-mg6180-mg,Capsule (Timed Release),Carbonyl Iron + Folic Acid + Zinc Sulfate,50 mg+0.50 mg+61.80 mg,Silva Pharmaceuticals Ltd.,"Unit Price: ৳ 2.91,(30's pack: ৳ 87.33),",(30's pack: ৳ 87.33)
13403,Prenat-XL,allopathic,prenat-xlcapsule,Capsule,Carbonyl Iron + Folic Acid + Zinc Sulfate + Vitamin B Complex + Vitamin C,,Healthcare Pharmaceuticals Ltd.,"Unit Price: ৳ 5.00,(60's pack: ৳ 300.00),",(60's pack: ৳ 300.00)
20301,Prenat-CI,allopathic,prenat-cicapsule-timed-release50-mg050-mg6180-mg,Capsule (Timed Release),Carbonyl Iron + Folic Acid + Zinc Sulfate,50 mg+0.50 mg+61.80 mg,Healthcare Pharmaceuticals Ltd.,"Unit Price: ৳ 4.00,(60's pack: ৳ 240.00),",(60's pack: ৳ 240.00)
13244,Prenat Plus,allopathic,prenat-pluscapsule,Capsule,Iron + Folic acid + Vitamin B complex + Vitamin C,,Healthcare Pharmaceuticals Ltd.,"Unit Price: ৳ 4.00,(60's pack: ৳ 240.00),",(60's pack: ৳ 240.00)
14673,PreMum,allopathic,premumtablet5-mg20-mg,Tablet,Folic Acid + Zinc Sulfate Monohydrate,5 mg+20 mg,Radiant Pharmaceuticals Ltd.,"Unit Price: ৳ 4.01,(60's pack: ৳ 240.60),",(60's pack: ৳ 240.60)
23566,Premol Plus,allopathic,premol-plustablet500-mg65-mg,Tablet,Paracetamol + Caffeine,500 mg+65 mg,Premier Pharmaceuticals Ltd.,"Unit Price: ৳ 1.50,(100's pack: ৳ 150.00),",(100's pack: ৳ 150.00)
23513,Premol,allopathic,premoltablet500-mg,Tablet,Paracetamol,500 mg,Premier Pharmaceuticals Ltd.,"Unit Price: ৳ 0.80,(100's pack: ৳ 80.00),",(100's pack: ৳ 80.00)
5553,Premil,allopathic,premiltablet2-mg,Tablet,Repaglinide,2 mg,Beximco Pharmaceuticals Ltd.,"Unit Price: ৳ 5.00,(30's pack: ৳ 150.00),",(30's pack: ৳ 150.00)
29238,Prex-3,allopathic,prex-3capsule400-mg,Capsule,Cefixime Trihydrate,400 mg,Al-Madina Pharmaceuticals Ltd.,"Unit Price: ৳ 50.00,(7's pack: ৳ 350.00),",(7's pack: ৳ 350.00)
29237,Prex-3,allopathic,prex-3capsule200-mg,Capsule,Cefixime Trihydrate,200 mg,Al-Madina Pharmaceuticals Ltd.,"Unit Price: ৳ 35.00,(14's pack: ৳ 490.00),",(14's pack: ৳ 490.00)
21528,Prevo,allopathic,prevotablet500-mg,Tablet,Levofloxacin Hemihydrate,500 mg,Premier Pharmaceuticals Ltd.,"Unit Price: ৳ 14.00,(30's pack: ৳ 420.00),",(30's pack: ৳ 420.00)
1444,Previp,allopathic,previptablet50-mg,Tablet,Tiemonium Methylsulphate,50 mg,General Pharmaceuticals Ltd.,"Unit Price: ৳ 4.04,(50's pack: ৳ 202.00),",(50's pack: ৳ 202.00)
1937,Prevencid,allopathic,prevencidcapsule-delayed-release40-mg,Capsule (Delayed Release),Omeprazole,40 mg,Rangs Pharmaceuticals Ltd.,"Unit Price: ৳ 8.03,(20's pack: ৳ 160.60),",(20's pack: ৳ 160.60)
1936,Prevencid,allopathic,prevencidcapsule-delayed-release20-mg,Capsule (Delayed Release),Omeprazole,20 mg,Rangs Pharmaceuticals Ltd.,"Unit Price: ৳ 5.02,(60's pack: ৳ 301.20),,Unit Price: ৳ 5.02,(100's pack: ৳ 502.00),","(60's pack: ৳ 301.20),(100's pack: ৳ 502.00)"
15239,Prevenar 13,allopathic,prevenar-13imsc-injection05-ml,IM/SC Injection,Polysaccharide Pneumococcal Vaccine,0.5 ml,Pfizer,"0.5 ml pre-filled syringe: ৳ 5,620.00",
32181,Prevastin,allopathic,prevastincapsule-delayed-release20-mg,Capsule (Delayed Release),Omeprazole,20 mg,Royal Pharmaceutical Ltd.,"Unit Price: ৳ 5.00,(100's pack: ৳ 500.00),",(100's pack: ৳ 500.00)
23037,Prevas,allopathic,prevasiv-injection40-mgvial,IV Injection,Omeprazole,40 mg/vial,General Pharmaceuticals Ltd.,40 mg vial: ৳ 80.24,
1935,Prevas,allopathic,prevascapsule-delayed-release40-mg,Capsule (Delayed Release),Omeprazole,40 mg,General Pharmaceuticals Ltd.,"Unit Price: ৳ 8.00,(30's pack: ৳ 240.00),",(30's pack: ৳ 240.00)
1934,Prevas,allopathic,prevascapsule-delayed-release20-mg,Capsule (Delayed Release),Omeprazole,20 mg,General Pharmaceuticals Ltd.,"Unit Price: ৳ 5.00,(50's pack: ৳ 250.00),",(50's pack: ৳ 250.00)
27638,PrevaHAV,allopathic,prevahavsc-injection250-unit05-ml,SC Injection,Inactivated Hepatitis A vaccine,250 unit/0.5 ml,Incepta Pharmaceuticals Ltd.,0.5 ml vial (For child): ৳ 600.00,
27637,PrevaHAV,allopathic,prevahavsc-injection500-unitml,SC Injection,Inactivated Hepatitis A vaccine,500 unit/ml,Incepta Pharmaceuticals Ltd.,"1 ml vial (For adult): ৳ 1,000.00",
33015,Pretor,allopathic,pretorcapsule150-mg,Capsule,Pregabalin,150 mg,Synovia pharma plc,Unit Price: ৳ 30.09,
28345,Pretor,allopathic,pretorcapsule50-mg,Capsule,Pregabalin,50 mg,Synovia pharma plc,"Unit Price: ৳ 12.04,(30's pack: ৳ 361.20),",(30's pack: ৳ 361.20)
5061,Pretor,allopathic,pretorcapsule75-mg,Capsule,Pregabalin,75 mg,Synovia pharma plc,"Unit Price: ৳ 16.05,(30's pack: ৳ 481.50),",(30's pack: ৳ 481.50)
5329,Pride,allopathic,pridetablet1-mg,Tablet,Glimepiride,1 mg,The White Horse Pharma,"Unit Price: ৳ 6.00,(50's pack: ৳ 300.00),",(50's pack: ৳ 300.00)
10649,Pricet Plus,allopathic,pricet-plustablet500-mg65-mg,Tablet,Paracetamol + Caffeine,500 mg+65 mg,Prime Pharmaceuticals Ltd.,Unit Price: ৳ 2.50,
2639,Pricard,allopathic,pricardtablet25-mg,Tablet,Ramipril,2.5 mg,The White Horse Pharma,"Unit Price: ৳ 4.00,(50's pack: ৳ 200.00),",(50's pack: ৳ 200.00)
31086,Prexim DS,allopathic,prexim-dspowder-for-suspension200-mg5-ml,Powder for Suspension,Cefixime Trihydrate,200 mg/5 ml,Ziska Pharmaceuticals Ltd.,50 ml bottle: ৳ 300.00,
18816,Prexim,allopathic,preximcapsule400-mg,Capsule,Cefixime Trihydrate,400 mg,Ziska Pharmaceuticals Ltd.,"Unit Price: ৳ 50.00,(7's pack: ৳ 350.00),",(7's pack: ৳ 350.00)
7624,Prexim,allopathic,preximpowder-for-suspension100-mg5-ml,Powder for Suspension,Cefixime Trihydrate,100 mg/5 ml,Ziska Pharmaceuticals Ltd.,"30 ml bottle: ৳ 120.00,50 ml bottle: ৳ 195.00",
7623,Prexim,allopathic,preximcapsule200-mg,Capsule,Cefixime Trihydrate,200 mg,Ziska Pharmaceuticals Ltd.,"Unit Price: ৳ 35.00,(12's pack: ৳ 420.00),",(12's pack: ৳ 420.00)
29239,Prex-3,allopathic,prex-3powder-for-suspension100-mg5-ml,Powder for Suspension,Cefixime Trihydrate,100 mg/5 ml,Al-Madina Pharmaceuticals Ltd.,50 ml bottle: ৳ 195.00,
2226,Pretonix,allopathic,pretonixtablet-enteric-coated40-mg,Tablet (Enteric Coated),Pantoprazole Sodium Sesquihydrate,40 mg,Pharmadesh Laboratories Ltd.,"Unit Price: ৳ 5.75,(30's pack: ৳ 172.50),",(30's pack: ৳ 172.50)
2225,Pretonix,allopathic,pretonixtablet-enteric-coated20-mg,Tablet (Enteric Coated),Pantoprazole Sodium Sesquihydrate,20 mg,Pharmadesh Laboratories Ltd.,"Unit Price: ৳ 3.50,(50's pack: ৳ 175.00),",(50's pack: ৳ 175.00)
12223,Pretin,allopathic,pretintablet10-mg,Tablet,Loratadine,10 mg,Beximco Pharmaceuticals Ltd.,"Unit Price: ৳ 3.00,(100's pack: ৳ 300.00),",(100's pack: ৳ 300.00)
24178,Pretac,allopathic,pretactablet150-mg,Tablet,Ranitidine Hydrochloride,150 mg,Premier Pharmaceuticals Ltd.,"Unit Price: ৳ 2.00,(100's pack: ৳ 200.00),",(100's pack: ৳ 200.00)
22954,Presulock,allopathic,presulocktablet20-mg,Tablet,Olmesartan Medoxomil,20 mg,Aristopharma Ltd.,"Unit Price: ৳ 8.00,(30's pack: ৳ 240.00),",(30's pack: ৳ 240.00)
27179,Pressle,allopathic,pressletablet5-mg,Tablet,Amlodipine Besilate,5 mg,Apex Pharmaceuticals Ltd.,"Unit Price: ৳ 5.00,(30's pack: ৳ 150.00),",(30's pack: ৳ 150.00)
29278,Primocef,allopathic,primocefimiv-injection750-mgvial,IM/IV Injection,Cefuroxime Axetil,750 mg/vial,Novo Healthcare and Pharma Ltd.,750 mg vial: ৳ 125.37,
7306,Primocef,allopathic,primocefpowder-for-suspension125-mg5-ml,Powder for Suspension,Cefuroxime Axetil,125 mg/5 ml,Novo Healthcare and Pharma Ltd.,70 ml bottle: ৳ 198.00,
7305,Primocef,allopathic,primoceftablet500-mg,Tablet,Cefuroxime Axetil,500 mg,Novo Healthcare and Pharma Ltd.,"Unit Price: ৳ 45.00,(8's pack: ৳ 360.00),",(8's pack: ৳ 360.00)
7304,Primocef,allopathic,primoceftablet250-mg,Tablet,Cefuroxime Axetil,250 mg,Novo Healthcare and Pharma Ltd.,"Unit Price: ৳ 25.08,(12's pack: ৳ 300.90),",(12's pack: ৳ 300.90)
31889,Primace,allopathic,primacetablet25-mg,Tablet,Ramipril,2.5 mg,Beximco Pharmaceuticals Ltd.,"Unit Price: ৳ 4.50,(30's pack: ৳ 135.00),",(30's pack: ৳ 135.00)
31888,Primace,allopathic,primacetablet5-mg,Tablet,Ramipril,5 mg,Beximco Pharmaceuticals Ltd.,"Unit Price: ৳ 8.00,(30's pack: ৳ 240.00),",(30's pack: ৳ 240.00)
31887,Primace,allopathic,primacetablet10-mg,Tablet,Ramipril,10 mg,Beximco Pharmaceuticals Ltd.,"Unit Price: ৳ 12.00,(30's pack: ৳ 360.00),",(30's pack: ৳ 360.00)
31886,Primace,allopathic,primacetablet125-mg,Tablet,Ramipril,1.25 mg,Beximco Pharmaceuticals Ltd.,"Unit Price: ৳ 2.25,(30's pack: ৳ 67.50),",(30's pack: ৳ 67.50)
31885,Primace,allopathic,primacecapsule5-mg,Capsule,Ramipril,5 mg,Beximco Pharmaceuticals Ltd.,"Unit Price: ৳ 8.00,(30's pack: ৳ 240.00),",(30's pack: ৳ 240.00)
31884,Primace,allopathic,primacecapsule25-mg,Capsule,Ramipril,2.5 mg,Beximco Pharmaceuticals Ltd.,"Unit Price: ৳ 4.50,(30's pack: ৳ 135.00),",(30's pack: ৳ 135.00)
31883,Primace,allopathic,primacecapsule10-mg,Capsule,Ramipril,10 mg,Beximco Pharmaceuticals Ltd.,"Unit Price: ৳ 12.00,(30's pack: ৳ 360.00),",(30's pack: ৳ 360.00)
31882,Primace,allopathic,primacecapsule125-mg,Capsule,Ramipril,1.25 mg,Beximco Pharmaceuticals Ltd.,"Unit Price: ৳ 2.25,(30's pack: ৳ 67.50),",(30's pack: ৳ 67.50)
29258,Prilosec,allopathic,prilosectablet-enteric-coated40-mg,Tablet (Enteric Coated),Pantoprazole Sodium Sesquihydrate,40 mg,Al-Madina Pharmaceuticals Ltd.,"Unit Price: ৳ 7.00,(30's pack: ৳ 210.00),",(30's pack: ৳ 210.00)
29257,Prilosec,allopathic,prilosectablet-enteric-coated20-mg,Tablet (Enteric Coated),Pantoprazole Sodium Sesquihydrate,20 mg,Al-Madina Pharmaceuticals Ltd.,"Unit Price: ৳ 4.50,(50's pack: ৳ 225.00),",(50's pack: ৳ 225.00)
5042,Priga,allopathic,prigacapsule75-mg,Capsule,Pregabalin,75 mg,Monicopharma Ltd.,"Unit Price: ৳ 16.00,(30's pack: ৳ 480.00),",(30's pack: ৳ 480.00)
27002,Pride,allopathic,pridetablet4-mg,Tablet,Glimepiride,4 mg,The White Horse Pharma,"Unit Price: ৳ 12.00,(30's pack: ৳ 360.00),",(30's pack: ৳ 360.00)
5863,Pro-Medrol,allopathic,pro-medrolimiv-injection500-mgvial,IM/IV Injection,Methylprednisolone Sodium Succcinate,500 mg/vial,Techno Drugs Ltd.,500 mg vial: ৳ 796.25,
25655,Prizyth,allopathic,prizythpowder-for-suspension200-mg5-ml,Powder for Suspension,Azithromycin Dihydrate,200 mg/5 ml,Prime Pharmaceuticals Ltd.,"15 ml bottle: ৳ 82.00,30 ml bottle: ৳ 125.00",
25654,Prizyth,allopathic,prizythtablet500-mg,Tablet,Azithromycin Dihydrate,500 mg,Prime Pharmaceuticals Ltd.,Unit Price: ৳ 30.00,
24179,Pritack,allopathic,pritacktablet150-mg,Tablet,Ranitidine Hydrochloride,150 mg,Prime Pharmaceuticals Ltd.,Unit Price: ৳ 2.50,
841,Pristin OL,allopathic,pristin-oltablet5-mg50-mg,Tablet,Amlodipine Besilate + Atenolol,5 mg+50 mg,Novo Healthcare and Pharma Ltd.,"Unit Price: ৳ 5.02,(30's pack: ৳ 150.48),",(30's pack: ৳ 150.48)
703,Pristin,allopathic,pristintablet5-mg,Tablet,Amlodipine Besilate,5 mg,Novo Healthcare and Pharma Ltd.,"Unit Price: ৳ 5.00,(30's pack: ৳ 150.00),",(30's pack: ৳ 150.00)
25155,Pristil,allopathic,pristiltablet5-mg,Tablet,Ulipristal Acetate [For uterine fibroids],5 mg,Incepta Pharmaceuticals Ltd.,"Unit Price: ৳ 40.00,(20's pack: ৳ 800.00),",(20's pack: ৳ 800.00)
29971,Priovit,allopathic,priovittablet6-mg200-mg50-mg,Tablet,Betacarotene + Vitamin C + Vitamin E,6 mg+200 mg+50 mg,Eskayef Pharmaceuticals Ltd.,"Unit Price: ৳ 2.50,(20's pack: ৳ 50.00),",(20's pack: ৳ 50.00)
1146,Priorix,allopathic,prioriximsc-injection05-ml,IM/SC Injection,Measles and Rubella,0.5 ml,GlaxoSmithKline,0.5 ml vial: ৳ 572.00,
29970,Priocin,allopathic,priocinpowder-for-suspension125-mg5-ml,Powder for Suspension,Erythromycin (Oral),125 mg/5 ml,Eskayef Pharmaceuticals Ltd.,100 ml bottle: ৳ 61.42,
29969,Priocin,allopathic,priocintablet500-mg,Tablet,Erythromycin (Oral),500 mg,Eskayef Pharmaceuticals Ltd.,"Unit Price: ৳ 7.00,(40's pack: ৳ 280.00),",(40's pack: ৳ 280.00)
29279,Primocef,allopathic,primocefiv-injection15-gmvial,IV Injection,Cefuroxime Axetil,1.5 gm/vial,Novo Healthcare and Pharma Ltd.,1.5 gm vial: ৳ 200.60,
27001,Pride,allopathic,pridetablet3-mg,Tablet,Glimepiride,3 mg,The White Horse Pharma,"Unit Price: ৳ 10.00,(30's pack: ৳ 300.00),",(30's pack: ৳ 300.00)
5330,Pride,allopathic,pridetablet2-mg,Tablet,Glimepiride,2 mg,The White Horse Pharma,"Unit Price: ৳ 7.00,(50's pack: ৳ 350.00),",(50's pack: ৳ 350.00)
16231,Procain,allopathic,procainophthalmic-solution05,Ophthalmic Solution,Proparacaine Hydrochloride,0.50%,Aristopharma Ltd.,10 ml drop: ৳ 150.00,
1939,Probitor,allopathic,probitorcapsule-delayed-release40-mg,Capsule (Delayed Release),Omeprazole,40 mg,SANDOZ (A Novartis Division),"Unit Price: ৳ 10.10,(40's pack: ৳ 404.01),",(40's pack: ৳ 404.01)
1938,Probitor,allopathic,probitorcapsule-delayed-release20-mg,Capsule (Delayed Release),Omeprazole,20 mg,SANDOZ (A Novartis Division),"Unit Price: ৳ 7.10,(100's pack: ৳ 710.00),",(100's pack: ৳ 710.00)
2915,Probis Plus,allopathic,probis-plustablet5-mg625-mg,Tablet,Bisoprolol Fumarate + Hydrochlorothiazide,5 mg+6.25 mg,ACI Limited,"Unit Price: ৳ 10.03,(30's pack: ৳ 300.90),,Unit Price: ৳ 10.03,(50's pack: ৳ 501.50),","(30's pack: ৳ 300.90),(50's pack: ৳ 501.50)"
2914,Probis Plus,allopathic,probis-plustablet25-mg625-mg,Tablet,Bisoprolol Fumarate + Hydrochlorothiazide,2.5 mg+6.25 mg,ACI Limited,"Unit Price: ৳ 6.02,(50's pack: ৳ 301.00),",(50's pack: ৳ 301.00)
2504,Probis,allopathic,probistablet5-mg,Tablet,Bisoprolol Hemifumarate,5 mg,ACI Limited,"Unit Price: ৳ 10.03,(50's pack: ৳ 501.50),",(50's pack: ৳ 501.50)
2503,Probis,allopathic,probistablet25-mg,Tablet,Bisoprolol Hemifumarate,2.5 mg,ACI Limited,"Unit Price: ৳ 6.02,(50's pack: ৳ 301.00),",(50's pack: ৳ 301.00)
31184,Probio R,allopathic,probio-rcapsule20-billion,Capsule,Probiotic Combination [20 Billion],20 Billion,Square Pharmaceuticals Ltd.,"Unit Price: ৳ 25.00,(30's pack: ৳ 750.00),",(30's pack: ৳ 750.00)
28106,Probet,allopathic,probetcream005,Cream,Clobetasol Propionate (Topical Preparation),0.05%,Ethical Drug Ltd.,10 gm tube: ৳ 45.00,
32178,Probac Plus,allopathic,probac-plustablet250-mg625-mg,Tablet,Cefuroxime Axetil + Clavulanic Acid,250 mg+62.5 mg,Silva Pharmaceuticals Ltd.,"Unit Price: ৳ 30.00,(12's pack: ৳ 360.00),",(12's pack: ৳ 360.00)
31830,Probac Plus,allopathic,probac-plustablet500-mg125-mg,Tablet,Cefuroxime Axetil + Clavulanic Acid,500 mg+125 mg,Silva Pharmaceuticals Ltd.,"Unit Price: ৳ 50.00,(8's pack: ৳ 400.00),",(8's pack: ৳ 400.00)
7309,Probac,allopathic,probacpowder-for-suspension125-mg5-ml,Powder for Suspension,Cefuroxime Axetil,125 mg/5 ml,Silva Pharmaceuticals Ltd.,70 ml bottle: ৳ 198.66,
7308,Probac,allopathic,probactablet500-mg,Tablet,Cefuroxime Axetil,500 mg,Silva Pharmaceuticals Ltd.,"Unit Price: ৳ 45.17,(8's pack: ৳ 361.36),",(8's pack: ৳ 361.36)
7307,Probac,allopathic,probactablet250-mg,Tablet,Cefuroxime Axetil,250 mg,Silva Pharmaceuticals Ltd.,"Unit Price: ৳ 25.10,(16's pack: ৳ 401.60),",(16's pack: ৳ 401.60)
32919,Proair,allopathic,proairchewable-tablet5-mg,Chewable Tablet,Montelukast Sodium,5 mg,Arges Life Science Limited,"Unit Price: ৳ 7.00,(20's pack: ৳ 140.00),",(20's pack: ৳ 140.00)
32918,Proair,allopathic,proairtablet10-mg,Tablet,Montelukast Sodium,10 mg,Arges Life Science Limited,"Unit Price: ৳ 14.00,(20's pack: ৳ 280.00),",(20's pack: ৳ 280.00)
1944,Proceptin,allopathic,proceptincapsule-delayed-release40-mg,Capsule (Delayed Release),Omeprazole,40 mg,Beximco Pharmaceuticals Ltd.,"Unit Price: ৳ 8.00,(30's pack: ৳ 240.00),",(30's pack: ৳ 240.00)
1943,Proceptin,allopathic,proceptincapsule-delayed-release20-mg,Capsule (Delayed Release),Omeprazole,20 mg,Beximco Pharmaceuticals Ltd.,"Unit Price: ৳ 5.00,(100's pack: ৳ 500.00),",(100's pack: ৳ 500.00)
6966,Procef Fort,allopathic,procef-fortpowder-for-suspension250-mg5-ml,Powder for Suspension,Cephradine,250 mg/5 ml,Incepta Pharmaceuticals Ltd.,100 ml bottle: ৳ 120.00,
6970,Procef,allopathic,procefimiv-injection1-gmvial,IM/IV Injection,Cephradine,1 gm/vial,Incepta Pharmaceuticals Ltd.,1 gm vial: ৳ 80.00,
6969,Procef,allopathic,procefimiv-injection500-mgvial,IM/IV Injection,Cephradine,500 mg/vial,Incepta Pharmaceuticals Ltd.,"500 mg vial: ৳ 50.00,(4's pack: ৳ 200.00),",(4's pack: ৳ 200.00)
6967,Procef,allopathic,procefpediatric-drops125-mg125-ml,Pediatric Drops,Cephradine,125 mg/1.25 ml,Incepta Pharmaceuticals Ltd.,15 ml bottle: ৳ 50.00,
6965,Procef,allopathic,procefpowder-for-suspension125-mg5-ml,Powder for Suspension,Cephradine,125 mg/5 ml,Incepta Pharmaceuticals Ltd.,100 ml bottle: ৳ 80.00,
6964,Procef,allopathic,procefcapsule500-mg,Capsule,Cephradine,500 mg,Incepta Pharmaceuticals Ltd.,"Unit Price: ৳ 12.50,(20's pack: ৳ 250.00),",(20's pack: ৳ 250.00)
6963,Procef,allopathic,procefcapsule250-mg,Capsule,Cephradine,250 mg,Incepta Pharmaceuticals Ltd.,"Unit Price: ৳ 6.50,(24's pack: ৳ 156.00),",(24's pack: ৳ 156.00)
1942,Procap,allopathic,procapiv-injection40-mgvial,IV Injection,Omeprazole,40 mg/vial,Orion Pharma Ltd.,40 mg vial: ৳ 90.27,
1941,Procap,allopathic,procapcapsule-delayed-release40-mg,Capsule (Delayed Release),Omeprazole,40 mg,Orion Pharma Ltd.,"Unit Price: ৳ 8.02,(20's pack: ৳ 160.40),",(20's pack: ৳ 160.40)
1940,Procap,allopathic,procapcapsule-delayed-release20-mg,Capsule (Delayed Release),Omeprazole,20 mg,Orion Pharma Ltd.,"Unit Price: ৳ 5.01,(100's pack: ৳ 501.00),",(100's pack: ৳ 501.00)
14331,Procala,allopathic,procalatablet500-mg,Tablet,Calcium Carbonate,500 mg,Marker Pharma Ltd.,"Unit Price: ৳ 2.00,(50's pack: ৳ 100.00),",(50's pack: ৳ 100.00)
5864,Pro-Medrol,allopathic,pro-medrolimiv-injection1-gmvial,IM/IV Injection,Methylprednisolone Sodium Succcinate,1 gm/vial,Techno Drugs Ltd.,"1 gm vial: ৳ 1,194.37",
11287,Profen,allopathic,profenoral-suspension100-mg5-ml,Oral Suspension,Ibuprofen,100 mg/5 ml,ACME Laboratories Ltd.,100 ml bottle: ৳ 33.80,
11286,Profen,allopathic,profentablet400-mg,Tablet,Ibuprofen,400 mg,ACME Laboratories Ltd.,"Unit Price: ৳ 1.43,(100's pack: ৳ 143.00),",(100's pack: ৳ 143.00)
24041,Profast,allopathic,profasttablet-enteric-coated20-mg,Tablet (Enteric Coated),Rabeprazole Sodium,20 mg,Renata Limited,"Unit Price: ৳ 5.00,(60's pack: ৳ 300.00),",(60's pack: ৳ 300.00)
27479,Prodol,allopathic,prodoltablet325-mg3750-mg,Tablet,Paracetamol + Tramadol Hydrochloride,325 mg+37.50 mg,Benham Pharmaceuticals Ltd.,"Unit Price: ৳ 8.00,(30's pack: ৳ 240.00),",(30's pack: ৳ 240.00)
32404,Prodigest,allopathic,prodigestcapsule10-billion,Capsule,Probiotic Combination [10 Billion],10 billion,Incepta Pharmaceuticals Ltd.,"Unit Price: ৳ 25.00,(20's pack: ৳ 500.00),",(20's pack: ৳ 500.00)
4511,Prodep,allopathic,prodepcapsule20-mg,Capsule,Fluoxetine Hydrochloride,20 mg,Sun Pharmaceutical Ltd.,"Unit Price: ৳ 3.01,(50's pack: ৳ 150.50),,Unit Price: ৳ 3.01,(100's pack: ৳ 301.48),","(50's pack: ৳ 150.50),(100's pack: ৳ 301.48)"
7788,Proctil,allopathic,proctilpowder-for-suspension40-mg5-ml,Powder for Suspension,Cefpodoxime Proxetil,40 mg/5 ml,Medicon Pharmaceuticals Ltd.,50 ml bottle: ৳ 95.45,
23881,Procoz,allopathic,procoztablet5-mg,Tablet,Prochlorperazine Maleate,5 mg,Orbit Pharmaceuticals Ltd.,Unit Price: ৳ 0.30,
15830,Procin-D,allopathic,procin-dophthalmic-solution0301,Ophthalmic Solution,Ciprofloxacin + Dexamethasone,0.3%+0.1%,Kemiko Pharmaceuticals Ltd.,5 ml drop: ৳ 75.22,
9322,Procin,allopathic,procinpowder-for-suspension250-mg5-ml,Powder for Suspension,Ciprofloxacin,250 mg/5 ml,Kemiko Pharmaceuticals Ltd.,60 ml bottle: ৳ 90.27,
9321,Procin,allopathic,procintablet750-mg,Tablet,Ciprofloxacin,750 mg,Kemiko Pharmaceuticals Ltd.,"Unit Price: ৳ 18.05,(20's pack: ৳ 361.00),",(20's pack: ৳ 361.00)
9320,Procin,allopathic,procintablet500-mg,Tablet,Ciprofloxacin,500 mg,Kemiko Pharmaceuticals Ltd.,"Unit Price: ৳ 14.05,(30's pack: ৳ 421.50),",(30's pack: ৳ 421.50)
9319,Procin,allopathic,procintablet250-mg,Tablet,Ciprofloxacin,250 mg,Kemiko Pharmaceuticals Ltd.,"Unit Price: ৳ 8.52,(30's pack: ৳ 255.60),",(30's pack: ৳ 255.60)
9129,Procin,allopathic,procinophthalmic-solution03,Ophthalmic Solution,Ciprofloxacin (Ophthalmic),0.30%,Kemiko Pharmaceuticals Ltd.,10 ml drop: ৳ 50.14,
11983,Procet,allopathic,procetsyrup5-mg5-ml,Syrup,Cetirizine Hydrochloride,5 mg/5 ml,Somatec Pharmaceuticals Ltd.,60 ml bottle: ৳ 20.00,
11982,Procet,allopathic,procettablet10-mg,Tablet,Cetirizine Hydrochloride,10 mg,Somatec Pharmaceuticals Ltd.,"Unit Price: ৳ 2.50,(100's pack: ৳ 250.00),",(100's pack: ৳ 250.00)
9324,Proflox,allopathic,profloxtablet500-mg,Tablet,Ciprofloxacin,500 mg,Kumudini Pharma Ltd.,"Unit Price: ৳ 12.00,(30's pack: ৳ 360.00),",(30's pack: ৳ 360.00)
9323,Proflox,allopathic,profloxtablet250-mg,Tablet,Ciprofloxacin,250 mg,Kumudini Pharma Ltd.,"Unit Price: ৳ 6.00,(30's pack: ৳ 180.00),",(30's pack: ৳ 180.00)
11069,Proflam SR,allopathic,proflam-srtablet-sustained-release100-mg,Tablet (Sustained Release),Diclofenac Sodium,100 mg,Novo Healthcare and Pharma Ltd.,"Unit Price: ৳ 3.01,(100's pack: ৳ 301.48),",(100's pack: ৳ 301.48)
11070,Proflam Lido,allopathic,proflam-lidoim-injection75-mg20-mg2-ml,IM Injection,Diclofenac Sodium + Lidocaine Hydrochloride,(75 mg+20 mg)/2 ml,Novo Healthcare and Pharma Ltd.,"2 ml ampoule: ৳ 15.05,(5's pack: ৳ 75.24),",(5's pack: ৳ 75.24)
11068,Proflam,allopathic,proflamtablet50-mg,Tablet,Diclofenac Sodium,50 mg,Novo Healthcare and Pharma Ltd.,"Unit Price: ৳ 0.51,(100's pack: ৳ 50.69),",(100's pack: ৳ 50.69)
7626,Profix,allopathic,profixpowder-for-suspension100-mg5-ml,Powder for Suspension,Cefixime Trihydrate,100 mg/5 ml,Medicon Pharmaceuticals Ltd.,"30 ml bottle: ৳ 102.27,50 ml bottle: ৳ 193.17",
7625,Profix,allopathic,profixcapsule200-mg,Capsule,Cefixime Trihydrate,200 mg,Medicon Pharmaceuticals Ltd.,"Unit Price: ৳ 34.09,(12's pack: ৳ 409.06),",(12's pack: ৳ 409.06)
11362,Profenid-E,allopathic,profenid-etablet-enteric-coated100-mg,Tablet (Enteric Coated),Ketoprofen (oral & injection),100 mg,Synovia pharma plc,"Unit Price: ৳ 9.02,(50's pack: ৳ 451.00),",(50's pack: ৳ 451.00)
11361,Profenid-E,allopathic,profenid-etablet-enteric-coated50-mg,Tablet (Enteric Coated),Ketoprofen (oral & injection),50 mg,Synovia pharma plc,"Unit Price: ৳ 6.02,(50's pack: ৳ 301.00),",(50's pack: ৳ 301.00)
21216,Profenid-CR,allopathic,profenid-crcapsule-controlled-release200-mg,Capsule (Controlled Release),Ketoprofen (oral & injection),200 mg,Synovia pharma plc,"Unit Price: ৳ 20.06,(50's pack: ৳ 1,003.00),","(50's pack: ৳ 1,003.00)"
21215,Profenid-CR,allopathic,profenid-crcapsule-controlled-release100-mg,Capsule (Controlled Release),Ketoprofen (oral & injection),100 mg,Synovia pharma plc,"Unit Price: ৳ 11.03,(50's pack: ৳ 551.50),",(50's pack: ৳ 551.50)
11366,Profenid,allopathic,profenidgel25-ww,Gel,Ketoprofen (Topical),2.5% w/w,Synovia pharma plc,30 gm tube: ৳ 120.36,
11365,Profenid,allopathic,profenidim-injection100-mg2-ml,IM Injection,Ketoprofen (oral & injection),100 mg/2 ml,Synovia pharma plc,"2 ml ampoule: ৳ 50.15,(10's pack: ৳ 501.50),",(10's pack: ৳ 501.50)
1945,Proceptin,allopathic,proceptiniv-injection40-mgvial,IV Injection,Omeprazole,40 mg/vial,Beximco Pharmaceuticals Ltd.,40 mg vial: ৳ 100.00,
20434,Prolert,allopathic,prolertoral-suspension20-mg5-ml,Oral Suspension,Fluoxetine Hydrochloride,20 mg/5 ml,Square Pharmaceuticals Ltd.,100 ml bottle: ৳ 60.00,
4512,Prolert,allopathic,prolertcapsule20-mg,Capsule,Fluoxetine Hydrochloride,20 mg,Square Pharmaceuticals Ltd.,"Unit Price: ৳ 3.01,(50's pack: ৳ 150.50),",(50's pack: ৳ 150.50)
11985,Proler,allopathic,prolersyrup5-mg5-ml,Syrup,Cetirizine Hydrochloride,5 mg/5 ml,Hallmark Pharmaceuticals Ltd.,60 ml bottle: ৳ 16.12,
11984,Proler,allopathic,prolertablet10-mg,Tablet,Cetirizine Hydrochloride,10 mg,Hallmark Pharmaceuticals Ltd.,"Unit Price: ৳ 2.52,(50's pack: ৳ 126.00),",(50's pack: ৳ 126.00)
31709,Prolaxan,allopathic,prolaxancapsule10-billion,Capsule,Lactobacillus Rhamnosus GG,10 billion,Incepta Pharmaceuticals Ltd.,"Unit Price: ৳ 40.00,(20's pack: ৳ 800.00),",(20's pack: ৳ 800.00)
30434,Prolan,allopathic,prolancapsule-delayed-release60-mg,Capsule (Delayed Release),Dexlansoprazole,60 mg,Techno Drugs Ltd.,"Unit Price: ৳ 16.00,(36's pack: ৳ 576.00),",(36's pack: ৳ 576.00)
30433,Prolan,allopathic,prolancapsule-delayed-release30-mg,Capsule (Delayed Release),Dexlansoprazole,30 mg,Techno Drugs Ltd.,"Unit Price: ৳ 10.00,(60's pack: ৳ 600.00),",(60's pack: ৳ 600.00)
1638,Prokinet,allopathic,prokinetoral-suspension5-mg5-ml,Oral Suspension,Domperidone Maleate,5 mg/5 ml,NIPRO JMI Pharma Ltd.,60 ml bottle: ৳ 35.11,
1637,Prokinet,allopathic,prokinettablet10-mg,Tablet,Domperidone Maleate,10 mg,NIPRO JMI Pharma Ltd.,"Unit Price: ৳ 2.02,(100's pack: ৳ 202.00),",(100's pack: ৳ 202.00)
1381,Prokind,allopathic,prokindtablet15-mg,Tablet,Propantheline Bromide,15 mg,Beacon Pharmaceuticals Ltd.,"Unit Price: ৳ 8.02,(50's pack: ৳ 401.00),",(50's pack: ৳ 401.00)
11576,Progut-N,allopathic,progut-ntablet-delayed-release500-mg20-mg,Tablet (Delayed Release),Naproxen Sodium + Esomeprazole Magnesium,500 mg+20 mg,Popular Pharmaceuticals Ltd.,"Unit Price: ৳ 10.00,(30's pack: ৳ 300.00),",(30's pack: ৳ 300.00)
11575,Progut-N,allopathic,progut-ntablet-delayed-release375-mg20-mg,Tablet (Delayed Release),Naproxen Sodium + Esomeprazole Magnesium,375 mg+20 mg,Popular Pharmaceuticals Ltd.,"Unit Price: ৳ 8.00,(30's pack: ৳ 240.00),",(30's pack: ৳ 240.00)
2099,Progut,allopathic,progutiv-injection40-mgvial,IV Injection,Esomeprazole,40 mg/vial,Popular Pharmaceuticals Ltd.,40 mg vial: ৳ 90.00,
2098,Progut,allopathic,progutcapsule-delayed-release40-mg,Capsule (Delayed Release),Esomeprazole,40 mg,Popular Pharmaceuticals Ltd.,"Unit Price: ৳ 10.00,(50's pack: ৳ 500.00),",(50's pack: ৳ 500.00)
2097,Progut,allopathic,progutcapsule-delayed-release20-mg,Capsule (Delayed Release),Esomeprazole,20 mg,Popular Pharmaceuticals Ltd.,"Unit Price: ৳ 7.00,(100's pack: ৳ 700.00),",(100's pack: ৳ 700.00)
2095,Progut,allopathic,proguttablet-enteric-coated20-mg,Tablet (Enteric Coated),Esomeprazole,20 mg,Popular Pharmaceuticals Ltd.,"Unit Price: ৳ 5.00,(50's pack: ৳ 250.00),",(50's pack: ৳ 250.00)
26899,Proliv Plus,allopathic,proliv-plusiv-infusion710,IV Infusion,Amino Acid + Glucose + Electrolytes,7%+10%,Orion Infusion Ltd.,500 ml bottle: ৳ 402.72,
14781,Proliv,allopathic,proliviv-infusion5,IV Infusion,Amino Acid + D-Sorbitol + Electrolytes,5%,Orion Infusion Ltd.,"100 ml bottle: ৳ 259.77,500 ml bottle: ৳ 352.37",
32791,Prolimus,allopathic,prolimusointment01,Ointment,Tacrolimus (Topical),0.10%,Healthcare Pharmaceuticals Ltd.,"30 gm tube: ৳ 1,000.00",
32790,Prolimus,allopathic,prolimusointment003,Ointment,Tacrolimus (Topical),0.03%,Healthcare Pharmaceuticals Ltd.,30 gm tube: ৳ 450.00,
5256,Proglid,allopathic,proglidtablet80-mg,Tablet,Gliclazide,80 mg,Supreme Pharmaceutical Ltd.,"Unit Price: ৳ 8.00,(30's pack: ৳ 240.00),",(30's pack: ৳ 240.00)
31543,Progil,allopathic,progilpowder-for-suspension200-mg5-ml,Powder for Suspension,Voriconazole,200 mg/5 ml,ACI Limited,"40 ml bottle: ৳ 1,000.00",
31542,Progil,allopathic,progiltablet50-mg,Tablet,Voriconazole,50 mg,ACI Limited,"Unit Price: ৳ 50.00,(20's pack: ৳ 1,000.00),","(20's pack: ৳ 1,000.00)"
31541,Progil,allopathic,progiltablet200-mg,Tablet,Voriconazole,200 mg,ACI Limited,"Unit Price: ৳ 120.00,(10's pack: ৳ 1,200.00),","(10's pack: ৳ 1,200.00)"
28630,Progest,allopathic,progesttablet10-mg,Tablet,Dydrogesterone,10 mg,Popular Pharmaceuticals Ltd.,"Unit Price: ৳ 30.00,(30's pack: ৳ 900.00),",(30's pack: ৳ 900.00)
11574,Progesic,allopathic,progesictablet-delayed-release500-mg20-mg,Tablet (Delayed Release),Naproxen Sodium + Esomeprazole Magnesium,500 mg+20 mg,Incepta Pharmaceuticals Ltd.,"Unit Price: ৳ 10.00,(28's pack: ৳ 280.00),",(28's pack: ৳ 280.00)
11573,Progesic,allopathic,progesictablet-delayed-release375-mg20-mg,Tablet (Delayed Release),Naproxen Sodium + Esomeprazole Magnesium,375 mg+20 mg,Incepta Pharmaceuticals Ltd.,"Unit Price: ৳ 8.00,(30's pack: ৳ 240.00),",(30's pack: ৳ 240.00)
27171,Progend,allopathic,progendtablet500-mg,Tablet,Naproxen Sodium,500 mg,Apex Pharmaceuticals Ltd.,"Unit Price: ৳ 8.00,(30's pack: ৳ 240.00),",(30's pack: ৳ 240.00)
31998,Progavi,allopathic,progavioral-suspension500-mg213-mg325-mg10-ml,Oral Suspension,Sodium Alginate + Sodium Bicarbonate + Calcium Carbonate,(500 mg+213 mg+325 mg)/10 ml,Beximco Pharmaceuticals Ltd.,200 ml bottle: ৳ 250.00,
28050,Progan,allopathic,proganoral-solution5-mg5-ml,Oral Solution,Promethazine Hydrochloride,5 mg/5 ml,Ambee Pharmaceuticals Ltd.,100 ml bottle: ৳ 24.00,
26127,Pronex,allopathic,pronexcapsule-delayed-release20-mg,Capsule (Delayed Release),Esomeprazole,20 mg,Drug International Ltd.,"Unit Price: ৳ 7.00,(50's pack: ৳ 350.00),",(50's pack: ৳ 350.00)
2102,Pronex,allopathic,pronexiv-injection40-mgvial,IV Injection,Esomeprazole,40 mg/vial,Drug International Ltd.,40 mg vial: ৳ 90.30,
2101,Pronex,allopathic,pronextablet-enteric-coated40-mg,Tablet (Enteric Coated),Esomeprazole,40 mg,Drug International Ltd.,"Unit Price: ৳ 8.00,(56's pack: ৳ 448.00),",(56's pack: ৳ 448.00)
2100,Pronex,allopathic,pronextablet-enteric-coated20-mg,Tablet (Enteric Coated),Esomeprazole,20 mg,Drug International Ltd.,"Unit Price: ৳ 6.00,(56's pack: ৳ 336.00),",(56's pack: ৳ 336.00)
11073,Pronac SR,allopathic,pronac-srtablet-sustained-release100-mg,Tablet (Sustained Release),Diclofenac Sodium,100 mg,Hallmark Pharmaceuticals Ltd.,"Unit Price: ৳ 2.52,(50's pack: ৳ 126.00),",(50's pack: ৳ 126.00)
4680,Promtil,allopathic,promtiltablet5-mg,Tablet,Prochlorperazine Maleate,5 mg,Square Pharmaceuticals Ltd.,"Unit Price: ৳ 0.45,(300's pack: ৳ 135.00),",(300's pack: ৳ 135.00)
24040,Prompton,allopathic,promptoncapsule-delayed-release20-mg,Capsule (Delayed Release),Rabeprazole Sodium,20 mg,Radiant Pharmaceuticals Ltd.,"Unit Price: ৳ 8.02,(60's pack: ৳ 481.20),",(60's pack: ৳ 481.20)
13520,Promocal,allopathic,promocaliv-injection1-mcgml,IV Injection,Calcitriol,1 mcg/ml,Navana Pharmaceuticals Ltd.,1 ml ampoule: ৳ 155.47,
1949,Promezol,allopathic,promezolcapsule-delayed-release40-mg,Capsule (Delayed Release),Omeprazole,40 mg,Sharif Pharmaceuticals Ltd.,"Unit Price: ৳ 8.03,(30's pack: ৳ 240.90),",(30's pack: ৳ 240.90)
1948,Promezol,allopathic,promezolcapsule-delayed-release20-mg,Capsule (Delayed Release),Omeprazole,20 mg,Sharif Pharmaceuticals Ltd.,"Unit Price: ৳ 5.00,(100's pack: ৳ 500.00),",(100's pack: ৳ 500.00)
21987,Promex,allopathic,promexchewable-tablet100-mg,Chewable Tablet,Mebendazole,100 mg,Apollo Pharmaceutical Ltd.,"Unit Price: ৳ 0.71,(100's pack: ৳ 71.00),",(100's pack: ৳ 71.00)
4671,Promestin,allopathic,promestinoral-solution5-mg5-ml,Oral Solution,Promethazine Hydrochloride,5 mg/5 ml,Pharmadesh Laboratories Ltd.,"60 ml bottle: ৳ 9.94,100 ml bottle: ৳ 13.98",
4670,Promergan,allopathic,promerganoral-solution5-mg5-ml,Oral Solution,Promethazine Hydrochloride,5 mg/5 ml,Gaco Pharmaceuticals Ltd.,60 ml bottle: ৳ 12.04,
10612,Promel Plus,allopathic,promel-plustablet500-mg65-mg,Tablet,Paracetamol + Caffeine,500 mg+65 mg,Apollo Pharmaceutical Ltd.,"Unit Price: ৳ 1.90,(100's pack: ৳ 190.00),",(100's pack: ৳ 190.00)
23389,Promel,allopathic,promeltablet500-mg,Tablet,Paracetamol,500 mg,Apollo Pharmaceutical Ltd.,"Unit Price: ৳ 0.53,(100's pack: ৳ 53.00),",(100's pack: ৳ 53.00)
10489,Promel,allopathic,promeloral-suspension120-mg5-ml,Oral Suspension,Paracetamol,120 mg/5 ml,Apollo Pharmaceutical Ltd.,60 ml bottle: ৳ 11.43,
10250,Pronil,allopathic,proniltablet500-mg,Tablet,Secnidazole,500 mg,ACME Laboratories Ltd.,"Unit Price: ৳ 8.66,(8's pack: ৳ 69.28),",(8's pack: ৳ 69.28)
32681,Pronex-MUPS,allopathic,pronex-mupsmups-tablet40-mg,MUPS Tablet,Esomeprazole (MUPS tablet),40 mg,Drug International Ltd.,"Unit Price: ৳ 14.00,(30's pack: ৳ 420.00),",(30's pack: ৳ 420.00)
29784,Pronex-MUPS,allopathic,pronex-mupsmups-tablet20-mg,MUPS Tablet,Esomeprazole (MUPS tablet),20 mg,Drug International Ltd.,"Unit Price: ৳ 10.00,(30's pack: ৳ 300.00),",(30's pack: ৳ 300.00)
26622,Pronex,allopathic,pronexcapsule-delayed-release40-mg,Capsule (Delayed Release),Esomeprazole,40 mg,Drug International Ltd.,"Unit Price: ৳ 9.00,(28's pack: ৳ 252.00),",(28's pack: ৳ 252.00)
4668,Promalex-M,allopathic,promalex-moral-solution5-mg5-ml,Oral Solution,Promethazine Hydrochloride,5 mg/5 ml,Modern Pharmaceuticals Ltd.,"60 ml bottle: ৳ 18.70,100 ml bottle: ৳ 23.95",
28581,Prolonga,allopathic,prolongatablet40-mg,Tablet,Tadalafil,40 mg,Pacific Pharmaceuticals Ltd.,"Unit Price: ৳ 60.00,(4's pack: ৳ 240.00),",(4's pack: ৳ 240.00)
28580,Prolonga,allopathic,prolongatablet20-mg,Tablet,Tadalafil,20 mg,Pacific Pharmaceuticals Ltd.,"Unit Price: ৳ 40.00,(4's pack: ৳ 160.00),",(4's pack: ৳ 160.00)
28579,Prolonga,allopathic,prolongatablet10-mg,Tablet,Tadalafil,10 mg,Pacific Pharmaceuticals Ltd.,"Unit Price: ৳ 25.00,(4's pack: ৳ 100.00),",(4's pack: ৳ 100.00)
16407,Prolong,allopathic,prolongtablet60-mg,Tablet,Dapoxetine Hydrochloride,60 mg,Ziska Pharmaceuticals Ltd.,"Unit Price: ৳ 50.00,(4's pack: ৳ 200.00),",(4's pack: ৳ 200.00)
16406,Prolong,allopathic,prolongtablet30-mg,Tablet,Dapoxetine Hydrochloride,30 mg,Ziska Pharmaceuticals Ltd.,"Unit Price: ৳ 30.00,(4's pack: ৳ 120.00),,Unit Price: ৳ 30.00,(8's pack: ৳ 240.00),","(4's pack: ৳ 120.00),(8's pack: ৳ 240.00)"
22316,Prolol,allopathic,prololtablet50-mg,Tablet,Metoprolol Tartrate,50 mg,Ad-din Pharmaceuticals Ltd.,"Unit Price: ৳ 1.30,(100's pack: ৳ 130.00),",(100's pack: ৳ 130.00)
23045,Prolok,allopathic,prolokcapsule-delayed-release40-mg,Capsule (Delayed Release),Omeprazole,40 mg,Ibn Sina Pharmaceuticals Ltd.,"Unit Price: ৳ 8.00,(30's pack: ৳ 240.00),",(30's pack: ৳ 240.00)
1947,Prolok,allopathic,prolokiv-injection40-mgvial,IV Injection,Omeprazole,40 mg/vial,Ibn Sina Pharmaceuticals Ltd.,40 mg vial: ৳ 90.00,
1946,Prolok,allopathic,prolokcapsule-delayed-release20-mg,Capsule (Delayed Release),Omeprazole,20 mg,Ibn Sina Pharmaceuticals Ltd.,"Unit Price: ৳ 5.00,(100's pack: ৳ 500.00),",(100's pack: ৳ 500.00)
15591,Prostacin,allopathic,prostacincapsule-modified-release04-mg,Capsule (Modified Release),Tamsulosin  Hydrochloride,0.4 mg,Incepta Pharmaceuticals Ltd.,"Unit Price: ৳ 10.00,(30's pack: ৳ 300.00),",(30's pack: ৳ 300.00)
14783,Prosol,allopathic,prosoliv-infusion5,IV Infusion,Amino Acid + D-Sorbitol + Electrolytes,5%,Incepta Pharmaceuticals Ltd.,500 ml bottle: ৳ 350.00,
15953,Prosma,allopathic,prosmaophthalmic-solution0025,Ophthalmic Solution,Ketotifen Fumarate (Ophthalmic),0.03%,ACI Limited,5 ml drop: ৳ 100.00,
3737,Prosma,allopathic,prosmasyrup1-mg5-ml,Syrup,Ketotifen Fumarate (Oral),1 mg/5 ml,ACI Limited,100 ml bottle: ৳ 60.00,
3736,Prosma,allopathic,prosmatablet1-mg,Tablet,Ketotifen Fumarate (Oral),1 mg,ACI Limited,"Unit Price: ৳ 3.00,(100's pack: ৳ 300.00),",(100's pack: ৳ 300.00)
15578,Prosfin,allopathic,prosfintablet5-mg,Tablet,Finasteride [For B.P.H.],5 mg,Beximco Pharmaceuticals Ltd.,"Unit Price: ৳ 10.03,(30's pack: ৳ 301.00),",(30's pack: ৳ 301.00)
23084,Prosectil,allopathic,prosectiliv-injection40-mgvial,IV Injection,Omeprazole,40 mg/vial,Pharmacil Limited,40 mg vial: ৳ 90.27,
23082,Prosectil,allopathic,prosectilcapsule-delayed-release20-mg,Capsule (Delayed Release),Omeprazole,20 mg,Pharmacil Limited,Unit Price: ৳ 5.02,
15193,Proscan,allopathic,proscantablet250-mg,Tablet,Flutamide,250 mg,Renata Limited,"Unit Price: ৳ 12.00,(30's pack: ৳ 360.00),",(30's pack: ৳ 360.00)
2976,Prosan HZ,allopathic,prosan-hztablet50-mg125-mg,Tablet,Losartan Potassium + Hydrochlorothiazide,50 mg+12.5 mg,Beximco Pharmaceuticals Ltd.,"Unit Price: ৳ 8.00,(60's pack: ৳ 480.00),",(60's pack: ৳ 480.00)
2767,Prosan,allopathic,prosantablet50-mg,Tablet,Losartan Potassium,50 mg,Beximco Pharmaceuticals Ltd.,"Unit Price: ৳ 8.00,(60's pack: ৳ 480.00),",(60's pack: ৳ 480.00)
2766,Prosan,allopathic,prosantablet25-mg,Tablet,Losartan Potassium,25 mg,Beximco Pharmaceuticals Ltd.,"Unit Price: ৳ 4.50,(60's pack: ৳ 270.00),",(60's pack: ৳ 270.00)
12556,Prosalic,allopathic,prosalicscalp-lotion0052,Scalp Lotion,Betamethasone Dipropionate + Salicylic Acid,0.05%+2%,Square Pharmaceuticals Ltd.,25 ml container: ৳ 150.45,
2468,Propranol,allopathic,propranoltablet40-mg,Tablet,Propranolol Hydrochloride,40 mg,Opsonin Pharma Ltd.,"Unit Price: ৳ 1.51,(100's pack: ৳ 151.00),",(100's pack: ৳ 151.00)
2467,Propranol,allopathic,propranoltablet10-mg,Tablet,Propranolol Hydrochloride,10 mg,Opsonin Pharma Ltd.,"Unit Price: ৳ 0.51,(200's pack: ৳ 102.00),",(200's pack: ৳ 102.00)
15277,Propofol-Lipuro,allopathic,propofol-lipuroemulsion-for-infusion200-mg20-ml,Emulsion for infusion,Propofol,200 mg/20 ml,City Overseas Ltd.,"20 ml vial: ৳ 366.80,(5's pack: ৳ 1,834.00),","(5's pack: ৳ 1,834.00)"
29309,Prostanor,allopathic,prostanorcapsule4-mg,Capsule,Silodosin,4 mg,Popular Pharmaceuticals Ltd.,"Unit Price: ৳ 12.00,(30's pack: ৳ 360.00),",(30's pack: ৳ 360.00)
15593,Prostanil MR,allopathic,prostanil-mrcapsule-modified-release04-mg,Capsule (Modified Release),Tamsulosin  Hydrochloride,0.4 mg,Aristopharma Ltd.,"Unit Price: ৳ 10.00,(30's pack: ৳ 300.00),",(30's pack: ৳ 300.00)
15592,Prostam,allopathic,prostamcapsule-modified-release04-mg,Capsule (Modified Release),Tamsulosin  Hydrochloride,0.4 mg,Drug International Ltd.,"Unit Price: ৳ 10.05,(30's pack: ৳ 301.50),",(30's pack: ৳ 301.50)
33091,Prostalex,allopathic,prostalextablet250-mg,Tablet,Flutamide,250 mg,Beacon Pharmaceuticals Ltd.,,
24799,Prostacin D,allopathic,prostacin-dcapsule04-mg05-mg,Capsule,Tamsulosin Hydrochloride + Dutasteride,0.4 mg+0.5 mg,Incepta Pharmaceuticals Ltd.,"Unit Price: ৳ 20.00,(30's pack: ৳ 600.00),",(30's pack: ৳ 600.00)
15274,Propofol MCT,allopathic,propofol-mctemulsion-for-infusion200-mg20-ml,Emulsion for infusion,Propofol,200 mg/20 ml,Fresenius Kabi,"20 ml vial: ৳ 284.00,(5's pack: ৳ 1,420.00),","(5's pack: ৳ 1,420.00)"
23937,Propofol,allopathic,propofolemulsion-for-infusion200-mg20-ml,Emulsion for infusion,Propofol,200 mg/20 ml,Techno Drugs Ltd.,"20 ml vial: ৳ 225.00,(5's pack: ৳ 1,125.00),","(5's pack: ৳ 1,125.00)"
1951,Propin,allopathic,propincapsule-delayed-release40-mg,Capsule (Delayed Release),Omeprazole,40 mg,Hallmark Pharmaceuticals Ltd.,"Unit Price: ৳ 7.55,(20's pack: ৳ 151.00),",(20's pack: ৳ 151.00)
1950,Propin,allopathic,propincapsule-delayed-release20-mg,Capsule (Delayed Release),Omeprazole,20 mg,Hallmark Pharmaceuticals Ltd.,"Unit Price: ৳ 5.01,(40's pack: ৳ 200.40),",(40's pack: ৳ 200.40)
2227,Propenta,allopathic,propentatablet-enteric-coated20-mg,Tablet (Enteric Coated),Pantoprazole Sodium Sesquihydrate,20 mg,Marker Pharma Ltd.,"Unit Price: ৳ 3.00,(50's pack: ৳ 150.00),",(50's pack: ৳ 150.00)
1382,Propanthene,allopathic,propanthenetablet15-mg,Tablet,Propantheline Bromide,15 mg,Gaco Pharmaceuticals Ltd.,"Unit Price: ৳ 1.31,(100's pack: ৳ 131.00),",(100's pack: ৳ 131.00)
23933,Propa,allopathic,propatablet15-mg,Tablet,Propantheline Bromide,15 mg,Labaid Pharma Ltd.,"Unit Price: ৳ 7.00,(30's pack: ৳ 210.00),",(30's pack: ৳ 210.00)
15577,Pronor,allopathic,pronortablet5-mg,Tablet,Finasteride [For B.P.H.],5 mg,Square Pharmaceuticals Ltd.,"Unit Price: ৳ 10.07,(30's pack: ৳ 302.10),",(30's pack: ৳ 302.10)
10244,Pronil DS,allopathic,pronil-dstablet1000-mg,Tablet,Secnidazole,1000 mg,ACME Laboratories Ltd.,"Unit Price: ৳ 16.11,(8's pack: ৳ 128.88),",(8's pack: ৳ 128.88)
20513,Protide,allopathic,protideinhalation-capsule50-mcg100-mcg,Inhalation Capsule,Salmeterol + Fluticasone Propionate,50 mcg+100 mcg,UniMed UniHealth,"Unit Price: ৳ 6.50,(30's pack: ৳ 195.00),,Unit Price: ৳ 6.50,(28's pack: ৳ 182.00),","(30's pack: ৳ 195.00),(28's pack: ৳ 182.00)"
5941,Protet-IG,allopathic,protet-igim-injection250-iuml,IM Injection,Human Tetanus Immunoglobulin,250 IU/ml,Incepta Pharmaceuticals Ltd.,250 IU pre-filled syringe: ৳ 975.00,
14784,Protemin,allopathic,proteminiv-infusion5,IV Infusion,Amino Acid + D-Sorbitol + Electrolytes,5%,Renata Limited,500 ml bottle: ৳ 351.32,
29973,Protecto,allopathic,protectotablet1000-mg,Tablet,Sucralfate,1000 mg,Eskayef Pharmaceuticals Ltd.,"Unit Price: ৳ 6.00,(50's pack: ৳ 300.00),",(50's pack: ৳ 300.00)
29972,Protecto,allopathic,protectotablet500-mg,Tablet,Sucralfate,500 mg,Eskayef Pharmaceuticals Ltd.,"Unit Price: ৳ 4.00,(100's pack: ৳ 400.00),",(100's pack: ৳ 400.00)
14038,Protecor,allopathic,protecortablet250-mg200-mg,Tablet,Vitamin C + Vitamin E,250 mg+200 mg,Opsonin Pharma Ltd.,"Unit Price: ৳ 6.00,(30's pack: ৳ 180.00),",(30's pack: ৳ 180.00)
24148,Protec R,allopathic,protec-rtablet150-mg,Tablet,Ranitidine Hydrochloride,150 mg,Globex Pharmaceuticals Ltd.,"Unit Price: ৳ 2.00,(100's pack: ৳ 200.00),",(100's pack: ৳ 200.00)
10218,Protec,allopathic,protectablet400-mg,Tablet,Metronidazole,400 mg,Hallmark Pharmaceuticals Ltd.,"Unit Price: ৳ 1.08,(100's pack: ৳ 108.00),",(100's pack: ৳ 108.00)
30698,Protebon-P,allopathic,protebon-ptablet740-mg,Tablet,Calcium Orotate,740 mg,Beacon Pharmaceuticals Ltd.,"Unit Price: ৳ 12.00,(30's pack: ৳ 360.00),",(30's pack: ৳ 360.00)
18442,Protebon-P,allopathic,protebon-ptablet400-mg,Tablet,Calcium Orotate,400 mg,Beacon Pharmaceuticals Ltd.,"Unit Price: ৳ 8.02,(30's pack: ৳ 240.60),",(30's pack: ৳ 240.60)
14536,Protebon-M,allopathic,protebon-mtablet,Tablet,Calcium Carbonate + Vitamin D3 + Multimineral,,Beacon Pharmaceuticals Ltd.,"Unit Price: ৳ 5.03,(30's pack: ৳ 150.90),",(30's pack: ৳ 150.90)
14466,Protebon-D,allopathic,protebon-dtablet500-mg200-iu,Tablet,Calcium Carbonate [Elemental source] + Vitamin D3,500 mg+200 IU,Beacon Pharmaceuticals Ltd.,"Unit Price: ৳ 7.00,(15's pack: ৳ 105.00),,Unit Price: ৳ 7.00,(30's pack: ৳ 210.00),","(15's pack: ৳ 105.00),(30's pack: ৳ 210.00)"
14365,Protebon,allopathic,protebontablet500-mg,Tablet,Calcium Carbonate,500 mg,Beacon Pharmaceuticals Ltd.,"Unit Price: ৳ 2.01,(30's pack: ৳ 60.30),",(30's pack: ৳ 60.30)
16180,Protear,allopathic,protearophthalmic-solution5-vv,Ophthalmic Solution,Povidone Iodine,5% v/v,Aristopharma Ltd.,10 ml drop: ৳ 90.00,
12587,Protasol,allopathic,protasolointment005,Ointment,Clobetasol Propionate (Topical Preparation),0.05%,Asiatic Laboratories Ltd.,10 gm tube: ৳ 50.00,
12586,Protasol,allopathic,protasolcream005,Cream,Clobetasol Propionate (Topical Preparation),0.05%,Asiatic Laboratories Ltd.,10 gm tube: ৳ 45.00,
17388,Protilez,allopathic,protileztablet100-mg,Tablet,Aceclofenac,100 mg,Reliance Pharmaceuticals Ltd.,"Unit Price: ৳ 4.00,(100's pack: ৳ 400.00),",(100's pack: ৳ 400.00)
20518,Protide,allopathic,protideinhaler25-mcg250-mcgpuff,Inhaler,Salmeterol + Fluticasone Propionate,(25 mcg+250 mcg)/puff,UniMed UniHealth,120 metered doses: ৳ 795.00,
20517,Protide,allopathic,protideinhaler25-mcg125-mcgpuff,Inhaler,Salmeterol + Fluticasone Propionate,(25 mcg+125 mcg)/puff,UniMed UniHealth,120 metered doses: ৳ 595.00,
20515,Protide,allopathic,protideinhalation-capsule50-mcg500-mcg,Inhalation Capsule,Salmeterol + Fluticasone Propionate,50 mcg+500 mcg,UniMed UniHealth,"Unit Price: ৳ 17.00,(30's pack: ৳ 510.00),,Unit Price: ৳ 17.00,(28's pack: ৳ 476.00),","(30's pack: ৳ 510.00),(28's pack: ৳ 476.00)"
20514,Protide,allopathic,protideinhalation-capsule50-mcg250-mcg,Inhalation Capsule,Salmeterol + Fluticasone Propionate,50 mcg+250 mcg,UniMed UniHealth,"Unit Price: ৳ 12.00,(30's pack: ৳ 360.00),,Unit Price: ৳ 12.00,(28's pack: ৳ 336.00),","(30's pack: ৳ 360.00),(28's pack: ৳ 336.00)"
2991,Protace-H,allopathic,protace-htablet25-mg125-mg,Tablet,Ramipril + Hydrochlorothiazide,2.5 mg+12.5 mg,UniMed UniHealth,"Unit Price: ৳ 5.00,(30's pack: ৳ 150.00),",(30's pack: ৳ 150.00)
2647,Protace,allopathic,protacetablet5-mg,Tablet,Ramipril,5 mg,UniMed UniHealth,"Unit Price: ৳ 8.00,(30's pack: ৳ 240.00),",(30's pack: ৳ 240.00)
2646,Protace,allopathic,protacetablet25-mg,Tablet,Ramipril,2.5 mg,UniMed UniHealth,"Unit Price: ৳ 5.00,(30's pack: ৳ 150.00),",(30's pack: ৳ 150.00)
32736,Prosulin-D,allopathic,prosulin-dcapsule04-mg05-mg,Capsule,Tamsulosin Hydrochloride + Dutasteride,0.4 mg+0.5 mg,Euro Pharma Ltd.,"Unit Price: ৳ 20.00,(20's pack: ৳ 400.00),",(20's pack: ৳ 400.00)
32737,Prosulin,allopathic,prosulincapsule-modified-release04-mg,Capsule (Modified Release),Tamsulosin  Hydrochloride,0.4 mg,Euro Pharma Ltd.,"Unit Price: ৳ 10.00,(30's pack: ৳ 300.00),",(30's pack: ৳ 300.00)
2591,Prostol,allopathic,prostolcapsule2-mg,Capsule,Terazosin Hydrochloride,2 mg,Drug International Ltd.,"Unit Price: ৳ 5.00,(50's pack: ৳ 250.00),",(50's pack: ৳ 250.00)
2590,Prostol,allopathic,prostolcapsule1-mg,Capsule,Terazosin Hydrochloride,1 mg,Drug International Ltd.,"Unit Price: ৳ 3.00,(50's pack: ৳ 150.00),",(50's pack: ৳ 150.00)
15508,Prostig,allopathic,prostiginjection05-mgml,Injection,Neostigmine Methyl Sulphate,0.5 mg/ml,Chemist Laboratories  Ltd.,"1 ml ampoule: ৳ 8.00,(10's pack: ৳ 80.00),",(10's pack: ৳ 80.00)
29310,Prostanor,allopathic,prostanorcapsule8-mg,Capsule,Silodosin,8 mg,Popular Pharmaceuticals Ltd.,"Unit Price: ৳ 24.00,(20's pack: ৳ 480.00),",(20's pack: ৳ 480.00)
30101,Provair ODT,allopathic,provair-odtdispersible-tablet4-mg,Dispersible Tablet,Montelukast Sodium,4 mg,UniMed UniHealth,"Unit Price: ৳ 7.00,(30's pack: ৳ 210.00),",(30's pack: ৳ 210.00)
28296,Provair,allopathic,provairoral-powder4-mg35-gm,Oral Powder,Montelukast Sodium,4 mg/3.5 gm,UniMed UniHealth,"3.5 gm sachet: ৳ 8.00,(30's pack: ৳ 240.00),",(30's pack: ৳ 240.00)
3845,Provair,allopathic,provairtablet10-mg,Tablet,Montelukast Sodium,10 mg,UniMed UniHealth,"Unit Price: ৳ 16.00,(30's pack: ৳ 480.00),",(30's pack: ৳ 480.00)
3844,Provair,allopathic,provairchewable-tablet5-mg,Chewable Tablet,Montelukast Sodium,5 mg,UniMed UniHealth,"Unit Price: ৳ 8.00,(30's pack: ৳ 240.00),",(30's pack: ৳ 240.00)
3843,Provair,allopathic,provairchewable-tablet4-mg,Chewable Tablet,Montelukast Sodium,4 mg,UniMed UniHealth,"Unit Price: ৳ 6.00,(30's pack: ৳ 180.00),",(30's pack: ৳ 180.00)
2242,Protozin,allopathic,protozintablet-enteric-coated40-mg,Tablet (Enteric Coated),Pantoprazole Sodium Sesquihydrate,40 mg,Euro Pharma Ltd.,"Unit Price: ৳ 7.00,(50's pack: ৳ 350.00),",(50's pack: ৳ 350.00)
2241,Protozin,allopathic,protozintablet-enteric-coated20-mg,Tablet (Enteric Coated),Pantoprazole Sodium Sesquihydrate,20 mg,Euro Pharma Ltd.,"Unit Price: ৳ 5.00,(50's pack: ৳ 250.00),",(50's pack: ৳ 250.00)
32728,Protovir,allopathic,protovirtablet25-mg,Tablet,Tenofovir Alafenamide,25 mg,Healthcare Pharmaceuticals Ltd.,"Unit Price: ৳ 100.00,(30's pack: ৳ 3,000.00),","(30's pack: ৳ 3,000.00)"
2240,Protopa,allopathic,protopatablet-enteric-coated20-mg,Tablet (Enteric Coated),Pantoprazole Sodium Sesquihydrate,20 mg,Apollo Pharmaceutical Ltd.,"Unit Price: ৳ 4.00,(30's pack: ৳ 120.00),",(30's pack: ৳ 120.00)
2236,Protonil,allopathic,protoniltablet-enteric-coated40-mg,Tablet (Enteric Coated),Pantoprazole Sodium Sesquihydrate,40 mg,Renata Limited,"Unit Price: ৳ 6.00,(30's pack: ৳ 180.00),",(30's pack: ৳ 180.00)
2235,Protonil,allopathic,protoniltablet-enteric-coated20-mg,Tablet (Enteric Coated),Pantoprazole Sodium Sesquihydrate,20 mg,Renata Limited,"Unit Price: ৳ 4.00,(50's pack: ৳ 200.00),",(50's pack: ৳ 200.00)
2239,Proton-P,allopathic,proton-piv-injection40-mgvial,IV Injection,Pantoprazole Sodium Sesquihydrate,40 mg/vial,Aristopharma Ltd.,40 mg vial: ৳ 80.00,
2238,Proton-P,allopathic,proton-ptablet-enteric-coated40-mg,Tablet (Enteric Coated),Pantoprazole Sodium Sesquihydrate,40 mg,Aristopharma Ltd.,"Unit Price: ৳ 7.00,(60's pack: ৳ 420.00),",(60's pack: ৳ 420.00)
2237,Proton-P,allopathic,proton-ptablet-enteric-coated20-mg,Tablet (Enteric Coated),Pantoprazole Sodium Sesquihydrate,20 mg,Aristopharma Ltd.,"Unit Price: ৳ 5.00,(60's pack: ৳ 300.00),",(60's pack: ৳ 300.00)
2234,Protoloc,allopathic,protoloctablet-enteric-coated40-mg,Tablet (Enteric Coated),Pantoprazole Sodium Sesquihydrate,40 mg,Beacon Pharmaceuticals Ltd.,"Unit Price: ৳ 7.00,(50's pack: ৳ 350.00),",(50's pack: ৳ 350.00)
2233,Protoloc,allopathic,protoloctablet-enteric-coated20-mg,Tablet (Enteric Coated),Pantoprazole Sodium Sesquihydrate,20 mg,Beacon Pharmaceuticals Ltd.,"Unit Price: ৳ 5.00,(50's pack: ৳ 250.00),",(50's pack: ৳ 250.00)
27696,Proval,allopathic,provaltablet200-mg,Tablet,Sodium Valproate,200 mg,General Pharmaceuticals Ltd.,"Unit Price: ৳ 2.52,(50's pack: ৳ 126.00),",(50's pack: ৳ 126.00)
5067,Proval,allopathic,provalsyrup200-mg5-ml,Syrup,Sodium Valproate,200 mg/5 ml,General Pharmaceuticals Ltd.,100 ml bottle: ৳ 75.50,
30102,Provair ODT,allopathic,provair-odtdispersible-tablet5-mg,Dispersible Tablet,Montelukast Sodium,5 mg,UniMed UniHealth,"Unit Price: ৳ 9.00,(30's pack: ৳ 270.00),",(30's pack: ৳ 270.00)
2136,Protolan,allopathic,protolancapsule-delayed-release30-mg,Capsule (Delayed Release),Lansoprazole,30 mg,Beximco Pharmaceuticals Ltd.,"Unit Price: ৳ 6.00,(30's pack: ৳ 180.00),",(30's pack: ৳ 180.00)
2232,Protocid,allopathic,protocidiv-injection40-mgvial,IV Injection,Pantoprazole Sodium Sesquihydrate,40 mg/vial,ACME Laboratories Ltd.,40 mg vial: ৳ 90.00,
2231,Protocid,allopathic,protocidtablet-enteric-coated40-mg,Tablet (Enteric Coated),Pantoprazole Sodium Sesquihydrate,40 mg,ACME Laboratories Ltd.,"Unit Price: ৳ 7.00,(50's pack: ৳ 350.00),",(50's pack: ৳ 350.00)
2230,Protocid,allopathic,protocidtablet-enteric-coated20-mg,Tablet (Enteric Coated),Pantoprazole Sodium Sesquihydrate,20 mg,ACME Laboratories Ltd.,"Unit Price: ৳ 5.00,(140's pack: ৳ 700.00),",(140's pack: ৳ 700.00)
23050,Protobit,allopathic,protobitcapsule-delayed-release20-mg,Capsule (Delayed Release),Omeprazole,20 mg,Indo Bangla Pharmaceutical,"Unit Price: ৳ 4.00,(60's pack: ৳ 240.00),",(60's pack: ৳ 240.00)
2229,Protium,allopathic,protiumtablet-enteric-coated40-mg,Tablet (Enteric Coated),Pantoprazole Sodium Sesquihydrate,40 mg,UniMed UniHealth,"Unit Price: ৳ 9.00,(28's pack: ৳ 252.00),",(28's pack: ৳ 252.00)
2228,Protium,allopathic,protiumtablet-enteric-coated20-mg,Tablet (Enteric Coated),Pantoprazole Sodium Sesquihydrate,20 mg,UniMed UniHealth,"Unit Price: ৳ 5.00,(28's pack: ৳ 140.00),",(28's pack: ৳ 140.00)
14795,Protinex Ultra,allopathic,protinex-ultraiv-infusion710,IV Infusion,Amino Acid + Dextrose + Eloctrolytes,7%+10%,Eskayef Pharmaceuticals Ltd.,500 ml bottle: ৳ 750.00,
29968,Protinex Kidz,allopathic,protinex-kidziv-infusion653-gm100-ml,IV Infusion,Human Milk based Amino Acid,6.53 gm/100 ml,Eskayef Pharmaceuticals Ltd.,100 ml bottle: ৳ 280.00,
29967,Protinex Gold,allopathic,protinex-goldiv-infusion710,IV Infusion,Amino Acid + Glucose + Electrolytes,7%+10%,Eskayef Pharmaceuticals Ltd.,500 ml bottle: ৳ 400.00,
14786,Protinex,allopathic,protinexiv-infusion5,IV Infusion,Amino Acid + D-Sorbitol + Electrolytes,5%,Eskayef Pharmaceuticals Ltd.,500 ml bottle: ৳ 350.00,
29621,Prulicon,allopathic,prulicontablet1-mg,Tablet,Prucalopride Succinate,1 mg,Navana Pharmaceuticals Ltd.,"Unit Price: ৳ 14.00,(30's pack: ৳ 420.00),",(30's pack: ৳ 420.00)
30337,PruLax,allopathic,prulaxtablet2-mg,Tablet,Prucalopride Succinate,2 mg,Incepta Pharmaceuticals Ltd.,"Unit Price: ৳ 24.00,(30's pack: ৳ 720.00),",(30's pack: ৳ 720.00)
23931,Prozen,allopathic,prozentablet25-mg,Tablet,Promethazine Hydrochloride,25 mg,Zenith Pharmaceuticals Ltd.,"Unit Price: ৳ 0.42,(500's pack: ৳ 210.00),",(500's pack: ৳ 210.00)
9757,Proxivir,allopathic,proxivirtablet300-mg,Tablet,Tenofovir Disoproxil Fumarate,300 mg,Square Pharmaceuticals Ltd.,"Unit Price: ৳ 85.26,(12's pack: ৳ 1,023.12),","(12's pack: ৳ 1,023.12)"
30654,Proxid,allopathic,proxidtablet6-mg200-mg50-mg,Tablet,Betacarotene + Vitamin C + Vitamin E,6 mg+200 mg+50 mg,Renata Limited,"Unit Price: ৳ 2.50,(20's pack: ৳ 50.00),",(20's pack: ৳ 50.00)
11480,Proxen,allopathic,proxentablet500-mg,Tablet,Naproxen Sodium,500 mg,Monicopharma Ltd.,"Unit Price: ৳ 7.00,(50's pack: ৳ 350.00),",(50's pack: ৳ 350.00)
22864,Proxa-A,allopathic,proxa-apowder-for-suspension100-mg5-ml,Powder for Suspension,Nitazoxanide,100 mg/5 ml,Ad-din Pharmaceuticals Ltd.,"30 ml bottle: ৳ 35.00,60 ml bottle: ৳ 50.00",
2331,Proxa-A,allopathic,proxa-atablet500-mg,Tablet,Nitazoxanide,500 mg,Ad-din Pharmaceuticals Ltd.,"Unit Price: ৳ 9.00,(20's pack: ৳ 180.00),",(20's pack: ৳ 180.00)
14150,Proviten Silver,allopathic,proviten-silvertablet,Tablet,Multivitamin & Multimineral [A-Z silver preparation],,Incepta Pharmaceuticals Ltd.,"Unit Price: ৳ 9.50,(30's pack: ৳ 285.00),,Unit Price: ৳ 9.50,(60's pack: ৳ 570.00),","(30's pack: ৳ 285.00),(60's pack: ৳ 570.00)"
27636,Proviten JR,allopathic,proviten-jriv-infusion,IV Infusion,Multivitamin & Multimineral [A-Z junior infusion preparation],,Incepta Pharmaceuticals Ltd.,Unit Price: ৳ 300.00,
14180,Proviten JR,allopathic,proviten-jrsyrup,Syrup,Multivitamin & Multimineral [A-Z juniors syrup preparation],,Incepta Pharmaceuticals Ltd.,"100 ml bottle: ৳ 90.00,200 ml bottle: ৳ 160.00",
14112,Proviten Gold,allopathic,proviten-goldtablet,Tablet,Multivitamin & Multimineral [A-Z gold preparation],,Incepta Pharmaceuticals Ltd.,"Unit Price: ৳ 9.50,(30's pack: ৳ 285.00),,Unit Price: ৳ 9.50,(60's pack: ৳ 570.00),","(30's pack: ৳ 285.00),(60's pack: ৳ 570.00)"
16752,Proviten,allopathic,proviteniv-infusion,IV Infusion,"Vitamin A, Vitamin B complex, Vitamin C , Vitamin D and Vitamin E",,Incepta Pharmaceuticals Ltd.,100 ml vial: ৳ 330.00,
13821,Provit-B,allopathic,provit-bsyrup,Syrup,Vitamin B complex,,Belsen Pharmaceuticals Ltd.,"100 ml bottle: ৳ 23.00,200 ml bottle: ৳ 41.00",
13820,Provit-B,allopathic,provit-btablet,Tablet,Vitamin B complex,,Belsen Pharmaceuticals Ltd.,"Unit Price: ৳ 0.37,(100's pack: ৳ 36.80),",(100's pack: ৳ 36.80)
13267,Proviron,allopathic,provironcapsule,Capsule,Iron + Folic Acid + Vitamin B Complex + Vitamine C + Zinc Sulfate,,Marksman Pharmaceuticals Ltd.,"Unit Price: ৳ 3.00,(50's pack: ৳ 150.00),",(50's pack: ৳ 150.00)
16932,Ptrim,allopathic,ptrimoral-suspension200-mg40-mg5-ml,Oral Suspension,Sulphamethoxazole + Trimethoprim,(200 mg+40 mg)/5 ml,Astra Biopharmaceuticals Ltd.,60 ml bottle: ৳ 22.00,
583,Psudonil,allopathic,psudonilimiv-injection100-mg2-ml,IM/IV Injection,Amikacin,100 mg/2 ml,Drug International Ltd.,"2 ml ampoule: ৳ 16.05,(5's pack: ৳ 80.25),",(5's pack: ৳ 80.25)
582,Psudonil,allopathic,psudonilimiv-injection500-mg2-ml,IM/IV Injection,Amikacin,500 mg/2 ml,Drug International Ltd.,"2 ml ampoule: ৳ 45.15,(5's pack: ৳ 225.75),",(5's pack: ৳ 225.75)
581,Psudonil,allopathic,psudonilimiv-injection250-mg2-ml,IM/IV Injection,Amikacin,250 mg/2 ml,Drug International Ltd.,"2 ml ampoule: ৳ 30.00,(5's pack: ৳ 150.00),",(5's pack: ৳ 150.00)
29124,Prupride,allopathic,prupridetablet1-mg,Tablet,Prucalopride Succinate,1 mg,Beacon Pharmaceuticals Ltd.,"Unit Price: ৳ 14.00,(30's pack: ৳ 420.00),",(30's pack: ৳ 420.00)
29123,Prupride,allopathic,prupridetablet2-mg,Tablet,Prucalopride Succinate,2 mg,Beacon Pharmaceuticals Ltd.,"Unit Price: ৳ 24.00,(30's pack: ৳ 720.00),",(30's pack: ৳ 720.00)
29622,Prulicon,allopathic,prulicontablet2-mg,Tablet,Prucalopride Succinate,2 mg,Navana Pharmaceuticals Ltd.,"Unit Price: ৳ 24.00,(30's pack: ৳ 720.00),",(30's pack: ৳ 720.00)
22034,Provera,allopathic,proveraim-injection150-mgml,IM Injection,Medroxyprogesterone Acetate (Injection),150 mg/ml,Techno Drugs Ltd.,"1 ml vial: ৳ 45.00,(25's pack: ৳ 1,125.00),","(25's pack: ৳ 1,125.00)"
32026,Proventa,allopathic,proventainhalation-capsule200-mcg,Inhalation Capsule,Salbutamol,200 mcg,Opsonin Pharma Ltd.,"Unit Price: ৳ 2.50,(30's pack: ৳ 75.00),",(30's pack: ৳ 75.00)
5912,Provenor,allopathic,provenortablet10-mg,Tablet,Medroxyprogesterone Acetate (Tablet),10 mg,Eskayef Pharmaceuticals Ltd.,"Unit Price: ৳ 10.00,(30's pack: ৳ 300.00),",(30's pack: ৳ 300.00)
5911,Provenor,allopathic,provenortablet5-mg,Tablet,Medroxyprogesterone Acetate (Tablet),5 mg,Eskayef Pharmaceuticals Ltd.,"Unit Price: ৳ 5.00,(30's pack: ৳ 150.00),",(30's pack: ৳ 150.00)
24623,Proval CR,allopathic,proval-crtablet-controlled-release500-mg,Tablet (Controlled Release),Sodium Valproate,500 mg,General Pharmaceuticals Ltd.,"Unit Price: ৳ 12.00,(20's pack: ৳ 240.00),",(20's pack: ৳ 240.00)
24622,Proval CR,allopathic,proval-crtablet-controlled-release300-mg,Tablet (Controlled Release),Sodium Valproate,300 mg,General Pharmaceuticals Ltd.,"Unit Price: ৳ 8.00,(40's pack: ৳ 320.00),",(40's pack: ৳ 320.00)
5066,Proval CR,allopathic,proval-crtablet-controlled-release200-mg,Tablet (Controlled Release),Sodium Valproate,200 mg,General Pharmaceuticals Ltd.,"Unit Price: ৳ 5.00,(40's pack: ৳ 200.00),",(40's pack: ৳ 200.00)
3477,Pulmolin,allopathic,pulmolintablet4-mg,Tablet,Salbutamol,4 mg,Opsonin Pharma Ltd.,"Unit Price: ৳ 0.46,(100's pack: ৳ 46.00),",(100's pack: ৳ 46.00)
22610,Pulmokast,allopathic,pulmokasttablet10-mg,Tablet,Montelukast Sodium,10 mg,Kumudini Pharma Ltd.,"Unit Price: ৳ 15.00,(20's pack: ৳ 300.00),",(20's pack: ৳ 300.00)
22609,Pulmokast,allopathic,pulmokastchewable-tablet4-mg,Chewable Tablet,Montelukast Sodium,4 mg,Kumudini Pharma Ltd.,"Unit Price: ৳ 5.00,(30's pack: ৳ 150.00),",(30's pack: ৳ 150.00)
16545,Pulmodox,allopathic,pulmodoxtablet200-mg,Tablet,Doxophylline,200 mg,UniMed UniHealth,"Unit Price: ৳ 6.00,(30's pack: ৳ 180.00),",(30's pack: ৳ 180.00)
16460,Pulmodox,allopathic,pulmodoxsyrup100-mg5-ml,Syrup,Doxophylline,100 mg/5 ml,UniMed UniHealth,100 ml bottle: ৳ 100.00,
16459,Pulmodox,allopathic,pulmodoxtablet400-mg,Tablet,Doxophylline,400 mg,UniMed UniHealth,"Unit Price: ৳ 10.00,(30's pack: ৳ 300.00),",(30's pack: ৳ 300.00)
21587,PulmoCare-L,allopathic,pulmocare-linhaler50-mcgpuff,Inhaler,Levosalbutamol,50 mcg/puff,Healthcare Pharmaceuticals Ltd.,200 metered doses: ৳ 250.00,
26110,PulmoCare (with device),allopathic,pulmocare-with-deviceinhalation-capsule200-mcg,Inhalation Capsule,Salbutamol,200 mcg,Healthcare Pharmaceuticals Ltd.,"Unit Price: ৳ 11.00,(30's pack: ৳ 330.00),",(30's pack: ৳ 330.00)
29221,PulmoCare,allopathic,pulmocareinhaler100-mcgpuff,Inhaler,Salbutamol (Inhaler),100 mcg/puff,Healthcare Pharmaceuticals Ltd.,200 metered doses: ৳ 230.00,
26109,PulmoCare,allopathic,pulmocareinhalation-capsule200-mcg,Inhalation Capsule,Salbutamol,200 mcg,Healthcare Pharmaceuticals Ltd.,"Unit Price: ৳ 3.00,(30's pack: ৳ 90.00),",(30's pack: ৳ 90.00)
26108,PulmoCare,allopathic,pulmocareinhaler100-mcgpuff,Inhaler,Salbutamol (Inhaler),100 mcg/puff,Healthcare Pharmaceuticals Ltd.,200 metered doses (refill): ৳ 198.00,
28287,Pulmino,allopathic,pulminotablet200-mg,Tablet,Doxophylline,200 mg,Renata Limited,"Unit Price: ৳ 6.00,(30's pack: ৳ 180.00),",(30's pack: ৳ 180.00)
26644,Pulmino,allopathic,pulminotablet400-mg,Tablet,Doxophylline,400 mg,Renata Limited,"Unit Price: ৳ 10.00,(30's pack: ৳ 300.00),",(30's pack: ৳ 300.00)
32960,Pulmidone,allopathic,pulmidonetablet801-mg,Tablet,Pirfenidone,801 mg,Beximco Pharmaceuticals Ltd.,"Unit Price: ৳ 125.00,(10's pack: ৳ 1,250.00),","(10's pack: ৳ 1,250.00)"
32959,Pulmidone,allopathic,pulmidonetablet267-mg,Tablet,Pirfenidone,267 mg,Beximco Pharmaceuticals Ltd.,"Unit Price: ৳ 45.00,(30's pack: ৳ 1,350.00),","(30's pack: ৳ 1,350.00)"
31041,Pulmicort-F,allopathic,pulmicort-finhaler160-mcg45-mcgpuff,Inhaler,Budesonide + Formoterol Fumarate,(160 mcg+4.5 mcg)/puff,Opsonin Pharma Ltd.,120 metered doses: ৳ 900.00,
22626,Pulmont,allopathic,pulmontchewable-tablet5-mg,Chewable Tablet,Montelukast Sodium,5 mg,Nuvista Pharma Ltd.,"Unit Price: ৳ 8.00,(30's pack: ৳ 240.00),",(30's pack: ৳ 240.00)
22625,Pulmont,allopathic,pulmonttablet10-mg,Tablet,Montelukast Sodium,10 mg,Nuvista Pharma Ltd.,"Unit Price: ৳ 15.05,(30's pack: ৳ 451.50),",(30's pack: ৳ 451.50)
3478,Pulmolin,allopathic,pulmolinsyrup2-mg5-ml,Syrup,Salbutamol,2 mg/5 ml,Opsonin Pharma Ltd.,"60 ml bottle: ৳ 10.45,100 ml bottle: ৳ 22.93",
16308,Pulmicort,allopathic,pulmicortnasal-spray100-mcgspray,Nasal Spray,Budesonide (Nasal Spray),100 mcg/spray,Opsonin Pharma Ltd.,120 metered sprays: ৳ 250.00,
29109,Pulfibro,allopathic,pulfibrotablet534-mg,Tablet,Pirfenidone,534 mg,UniMed UniHealth,"Unit Price: ৳ 80.00,(20's pack: ৳ 1,600.00),","(20's pack: ৳ 1,600.00)"
26056,Pulfibro,allopathic,pulfibrotablet801-mg,Tablet,Pirfenidone,801 mg,UniMed UniHealth,"Unit Price: ৳ 125.00,(10's pack: ৳ 1,250.00),","(10's pack: ৳ 1,250.00)"
26055,Pulfibro,allopathic,pulfibrotablet267-mg,Tablet,Pirfenidone,267 mg,UniMed UniHealth,"Unit Price: ৳ 45.00,(30's pack: ৳ 1,350.00),","(30's pack: ৳ 1,350.00)"
32958,Pulbo,allopathic,pulbocapsule267-mg,Capsule,Pirfenidone,267 mg,Opsonin Pharma Ltd.,"Unit Price: ৳ 45.00,(30's pack: ৳ 1,350.00),","(30's pack: ৳ 1,350.00)"
32957,Pulbo,allopathic,pulbotablet801-mg,Tablet,Pirfenidone,801 mg,Opsonin Pharma Ltd.,"Unit Price: ৳ 125.00,(10's pack: ৳ 1,250.00),","(10's pack: ৳ 1,250.00)"
32956,Pulbo,allopathic,pulbotablet534-mg,Tablet,Pirfenidone,534 mg,Opsonin Pharma Ltd.,"Unit Price: ৳ 80.00,(20's pack: ৳ 1,600.00),","(20's pack: ৳ 1,600.00)"
23188,Pukenil,allopathic,pukeniltablet8-mg,Tablet,Ondansetron,8 mg,Team Pharmaceuticals Ltd.,"Unit Price: ৳ 9.00,(30's pack: ৳ 270.00),",(30's pack: ৳ 270.00)
23187,Pukenil,allopathic,pukeniloral-solution4-mg5-ml,Oral Solution,Ondansetron,4 mg/5 ml,Team Pharmaceuticals Ltd.,50 ml bottle: ৳ 44.00,
30289,PTU,allopathic,ptutablet50-mg,Tablet,Propylthiouracil,50 mg,Renata Limited,"Unit Price: ৳ 10.00,(56's pack: ৳ 560.00),",(56's pack: ৳ 560.00)
16933,Ptrim,allopathic,ptrimtablet800-mg160-mg,Tablet,Sulphamethoxazole + Trimethoprim,800 mg+160 mg,Astra Biopharmaceuticals Ltd.,Unit Price: ৳ 2.50,
12036,Pvast,allopathic,pvasttablet10-mg,Tablet,Ebastine,10 mg,Monicopharma Ltd.,"Unit Price: ৳ 6.00,(50's pack: ৳ 300.00),",(50's pack: ৳ 300.00)
14745,Pushtikona,allopathic,pushtikonaoral-powder1-gmsachet,Oral Powder,Multivitamin & Multimineral [A-Z for infanrs & childrens],1 gm/sachet,Renata Limited,"1 gm sachet: ৳ 3.00,(30's pack: ৳ 90.00),",(30's pack: ৳ 90.00)
12176,Purotrol,allopathic,purotroltablet5-mg,Tablet,Levocetirizine Dihydrochloride,5 mg,Square Pharmaceuticals Ltd.,"Unit Price: ৳ 3.51,(50's pack: ৳ 175.42),",(50's pack: ৳ 175.42)
30305,Purnava Hand Sanitizer,allopathic,purnava-hand-sanitizerhand-rub750125145,Hand Rub,Isopropyl Alcohol + Hydrogen Peroxide + Glycerol,75%+0.125%+1.45%,Renata Limited,75 ml bottle: ৳ 150.00,
3589,Purisal,allopathic,purisalnebuliser-solution125-mg3-ml,Nebuliser Solution,Levosalbutamol,1.25 mg/3 ml,Incepta Pharmaceuticals Ltd.,"3 ml ampoule: ৳ 20.00,(10's pack: ৳ 200.00),",(10's pack: ৳ 200.00)
3588,Purisal,allopathic,purisalnebuliser-solution063-mg3-ml,Nebuliser Solution,Levosalbutamol,0.63 mg/3 ml,Incepta Pharmaceuticals Ltd.,"3 ml ampoule: ৳ 15.00,(10's pack: ৳ 150.00),",(10's pack: ৳ 150.00)
3587,Purisal,allopathic,purisalnebuliser-solution031-mg3-ml,Nebuliser Solution,Levosalbutamol,0.31 mg/3 ml,Incepta Pharmaceuticals Ltd.,"3 ml ampoule: ৳ 10.00,(10's pack: ৳ 100.00),",(10's pack: ৳ 100.00)
3586,Purisal,allopathic,purisalsyrup1-mg5-ml,Syrup,Levosalbutamol (Oral),1 mg/5 ml,Incepta Pharmaceuticals Ltd.,"50 ml bottle: ৳ 30.00,100 ml bottle: ৳ 45.00",
3585,Purisal,allopathic,purisaltablet2-mg,Tablet,Levosalbutamol (Oral),2 mg,Incepta Pharmaceuticals Ltd.,"Unit Price: ৳ 2.00,(100's pack: ৳ 200.00),",(100's pack: ৳ 200.00)
3584,Purisal,allopathic,purisaltablet1-mg,Tablet,Levosalbutamol (Oral),1 mg,Incepta Pharmaceuticals Ltd.,"Unit Price: ৳ 1.00,(100's pack: ৳ 100.00),",(100's pack: ৳ 100.00)
28382,Purinol,allopathic,purinoltablet300-mg,Tablet,Allopurinol,300 mg,Drug International Ltd.,"Unit Price: ৳ 8.05,(30's pack: ৳ 241.50),",(30's pack: ৳ 241.50)
28381,Purinol,allopathic,purinoltablet100-mg,Tablet,Allopurinol,100 mg,Drug International Ltd.,"Unit Price: ৳ 4.05,(50's pack: ৳ 202.50),",(50's pack: ৳ 202.50)
15052,Purinethol,allopathic,purinetholtablet50-mg,Tablet,Mercaptopurine,50 mg,GlaxoSmithKline,"Unit Price: ৳ 40.76,(25's pack: ৳ 1,019.00),","(25's pack: ৳ 1,019.00)"
3583,Purilin,allopathic,purilinsyrup1-mg5-ml,Syrup,Levosalbutamol (Oral),1 mg/5 ml,Opsonin Pharma Ltd.,"50 ml bottle: ৳ 25.16,100 ml bottle: ৳ 38.15",
3582,Purilin,allopathic,purilintablet2-mg,Tablet,Levosalbutamol (Oral),2 mg,Opsonin Pharma Ltd.,"Unit Price: ৳ 1.72,(112's pack: ৳ 192.64),",(112's pack: ৳ 192.64)
3581,Purilin,allopathic,purilintablet1-mg,Tablet,Levosalbutamol (Oral),1 mg,Opsonin Pharma Ltd.,"Unit Price: ৳ 0.90,(112's pack: ৳ 100.80),",(112's pack: ৳ 100.80)
2280,Pylotrip,allopathic,pylotriptablet30-mg1000-mg500-mg,Tablet,Lansoprazole + Amoxicillin + Clarithromycin,30 mg+1000 mg+500 mg,Square Pharmaceuticals Ltd.,"4 tablet strip: ৳ 55.16,(14's pack: ৳ 772.24),",(14's pack: ৳ 772.24)
2279,Pylocure,allopathic,pylocuretablet20-mg500-mg1000-mg,Tablet,Rabeprazole + Amoxicillin + Clarithromycin,20 mg+500 mg+1000 mg,Opsonin Pharma Ltd.,"4 tablet strip: ৳ 55.36,(7's pack: ৳ 387.52),",(7's pack: ৳ 387.52)
15140,PXJ,allopathic,pxjiv-infusion6-mgml,IV Infusion,Paclitaxel,6 mg/ml,Gosun Pharma Corp.,"30 mg vial: ৳ 3,500.00,100 mg vial: ৳ 8,359.00",
12037,Pvast,allopathic,pvastsyrup5-mg5-ml,Syrup,Ebastine,5 mg/5 ml,Monicopharma Ltd.,50 ml bottle: ৳ 80.00,
10919,Purifen,allopathic,purifentablet400-mg,Tablet,Dexibuprofen,400 mg,Incepta Pharmaceuticals Ltd.,"Unit Price: ৳ 5.00,(20's pack: ৳ 100.00),",(20's pack: ৳ 100.00)
10918,Purifen,allopathic,purifentablet200-mg,Tablet,Dexibuprofen,200 mg,Incepta Pharmaceuticals Ltd.,"Unit Price: ৳ 3.00,(20's pack: ৳ 60.00),",(20's pack: ৳ 60.00)
10909,Purifen,allopathic,purifenoral-suspension100-mg5-ml,Oral Suspension,Dexibuprofen,100 mg/5 ml,Incepta Pharmaceuticals Ltd.,100 ml bottle: ৳ 60.00,
10908,Purifen,allopathic,purifentablet300-mg,Tablet,Dexibuprofen,300 mg,Incepta Pharmaceuticals Ltd.,"Unit Price: ৳ 4.00,(20's pack: ৳ 80.00),",(20's pack: ৳ 80.00)
15054,Puri-Nethol,allopathic,puri-netholtablet50-mg,Tablet,Mercaptopurine,50 mg,"Excella, Germany","Unit Price: ৳ 40.76,(25's pack: ৳ 1,019.00),","(25's pack: ৳ 1,019.00)"
5969,Puregon,allopathic,puregoninjection100-iu,Injection,Follitropin Beta,100 IU,MSD,"100 IU pen: ৳ 5,100.00",
5968,Puregon,allopathic,puregoninjection50-iu,Injection,Follitropin Beta,50 IU,MSD,"50 IU pen: ৳ 2,600.00",
2906,Pulmoten,allopathic,pulmotentablet6250-mg,Tablet,Bosentan Monohydrate,62.50 mg,UniMed UniHealth,"Unit Price: ৳ 150.00,(7's pack: ৳ 1,050.00),","(7's pack: ৳ 1,050.00)"
29110,Pulmosis,allopathic,pulmosistablet801-mg,Tablet,Pirfenidone,801 mg,Incepta Pharmaceuticals Ltd.,"Unit Price: ৳ 125.00,(10's pack: ৳ 1,250.00),","(10's pack: ৳ 1,250.00)"
26054,Pulmosis,allopathic,pulmosiscapsule267-mg,Capsule,Pirfenidone,267 mg,Incepta Pharmaceuticals Ltd.,"Unit Price: ৳ 45.00,(30's pack: ৳ 1,350.00),","(30's pack: ৳ 1,350.00)"
331,Q Ben DS,allopathic,q-ben-dschewable-tablet400-mg,Chewable Tablet,Albendazole,400 mg,Concord Pharmaceuticals Ltd.,"Unit Price: ৳ 5.00,(60's pack: ৳ 300.00),",(60's pack: ৳ 300.00)
23337,PZ-40,allopathic,pz-40tablet-enteric-coated40-mg,Tablet (Enteric Coated),Pantoprazole Sodium Sesquihydrate,40 mg,Modern Pharmaceuticals Ltd.,"Unit Price: ৳ 6.00,(50's pack: ৳ 300.00),",(50's pack: ৳ 300.00)
2248,PZ-20,allopathic,pz-20tablet-enteric-coated20-mg,Tablet (Enteric Coated),Pantoprazole Sodium Sesquihydrate,20 mg,Modern Pharmaceuticals Ltd.,"Unit Price: ৳ 4.00,(50's pack: ৳ 200.00),",(50's pack: ৳ 200.00)
13628,Pyrovit,allopathic,pyrovittablet20-mg,Tablet,Pyridoxine Hydrochloride,20 mg,Pharmadesh Laboratories Ltd.,"Unit Price: ৳ 0.35,(250's pack: ৳ 87.50),",(250's pack: ৳ 87.50)
11705,Pyrostig,allopathic,pyrostigtablet60-mg,Tablet,Pyridostigmine Bromide,60 mg,Popular Pharmaceuticals Ltd.,"Unit Price: ৳ 25.09,(30's pack: ৳ 752.70),",(30's pack: ৳ 752.70)
13627,Pyrol,allopathic,pyroltablet25-mg,Tablet,Pyridoxine Hydrochloride,25 mg,Jayson Pharmaceuticals Ltd.,"Unit Price: ৳ 0.90,(100's pack: ৳ 90.00),",(100's pack: ৳ 90.00)
4650,Pyrizin,allopathic,pyrizintablet25-mg50-mg,Tablet,Meclizine + Pyridoxine,25 mg+50 mg,Amulet Pharmaceuticals Ltd.,"Unit Price: ৳ 3.01,(50's pack: ৳ 150.50),",(50's pack: ৳ 150.50)
23516,Pyrin,allopathic,pyrintablet500-mg,Tablet,Paracetamol,500 mg,Quality Pharmaceuticals Ltd.,"Unit Price: ৳ 0.60,(250's pack: ৳ 150.00),",(250's pack: ৳ 150.00)
4639,Pyrimac,allopathic,pyrimactablet25-mg50-mg,Tablet,Meclizine + Pyridoxine,25 mg+50 mg,ACI Limited,"Unit Price: ৳ 2.50,(50's pack: ৳ 125.00),",(50's pack: ৳ 125.00)
26237,Pyridox,allopathic,pyridoxtablet-extended-release20-mg20-mg,Tablet (Extended Release),Pyridoxine Hydrochloride + Doxylamine Succinate,20 mg+20 mg,Incepta Pharmaceuticals Ltd.,"Unit Price: ৳ 8.00,(30's pack: ৳ 240.00),",(30's pack: ৳ 240.00)
32968,Pyrica,allopathic,pyricacapsule25-mg,Capsule,Pregabalin,25 mg,Pharmasia Limited,"Unit Price: ৳ 10.00,(30's pack: ৳ 300.00),",(30's pack: ৳ 300.00)
23848,Pyrica,allopathic,pyricacapsule50-mg,Capsule,Pregabalin,50 mg,Pharmasia Limited,"Unit Price: ৳ 13.00,(30's pack: ৳ 390.00),",(30's pack: ৳ 390.00)
5043,Pyrica,allopathic,pyricacapsule75-mg,Capsule,Pregabalin,75 mg,Pharmasia Limited,"Unit Price: ৳ 18.00,(30's pack: ৳ 540.00),",(30's pack: ৳ 540.00)
23574,Pyrexil Plus,allopathic,pyrexil-plustablet500-mg65-mg,Tablet,Paracetamol + Caffeine,500 mg+65 mg,Veritas Pharmaceuticals Ltd.,"Unit Price: ৳ 2.53,(100's pack: ৳ 253.01),",(100's pack: ৳ 253.01)
30375,Pyrexil Extend,allopathic,pyrexil-extendtablet-extended-release665-mg,Tablet (Extended Release),Paracetamol,665 mg,Veritas Pharmaceuticals Ltd.,"Unit Price: ৳ 1.50,(100's pack: ৳ 150.00),",(100's pack: ৳ 150.00)
33000,Pyrex XR,allopathic,pyrex-xrtablet-extended-release665-mg,Tablet (Extended Release),Paracetamol,665 mg,Concord Pharmaceuticals Ltd.,"Unit Price: ৳ 1.50,(100's pack: ৳ 150.00),",(100's pack: ৳ 150.00)
32878,Q-Fit XR,allopathic,q-fit-xrtablet-extended-release50-mg,Tablet (Extended Release),Quetiapine Fumarate,50 mg,Everest Pharmaceuticals Ltd.,Unit Price: ৳ 8.00,
32877,Q-Fit,allopathic,q-fittablet100-mg,Tablet,Quetiapine Fumarate,100 mg,Everest Pharmaceuticals Ltd.,Unit Price: ৳ 10.00,
32876,Q-Fit,allopathic,q-fittablet25-mg,Tablet,Quetiapine Fumarate,25 mg,Everest Pharmaceuticals Ltd.,Unit Price: ৳ 3.00,
10774,Pyrex T,allopathic,pyrex-ttablet325-mg375-mg,Tablet,Paracetamol + Tramadol Hydrochloride,325 mg+37.5 mg,Concord Pharmaceuticals Ltd.,"Unit Price: ৳ 8.02,(30's pack: ৳ 240.60),",(30's pack: ৳ 240.60)
10615,Pyrex Plus,allopathic,pyrex-plustablet500-mg65-mg,Tablet,Paracetamol + Caffeine,500 mg+65 mg,Concord Pharmaceuticals Ltd.,"Unit Price: ৳ 1.81,(200's pack: ৳ 362.00),",(200's pack: ৳ 362.00)
23446,Pyrex,allopathic,pyrextablet500-mg,Tablet,Paracetamol,500 mg,Concord Pharmaceuticals Ltd.,"Unit Price: ৳ 0.80,(500's pack: ৳ 400.00),",(500's pack: ৳ 400.00)
10773,Pyrenol XR,allopathic,pyrenol-xrtablet-extended-release665-mg,Tablet (Extended Release),Paracetamol,665 mg,Delta Pharma Ltd.,"Unit Price: ৳ 1.50,(100's pack: ৳ 150.00),",(100's pack: ৳ 150.00)
10614,Pyrenol,allopathic,pyrenoltablet500-mg65-mg,Tablet,Paracetamol + Caffeine,500 mg+65 mg,Delta Pharma Ltd.,"Unit Price: ৳ 2.00,(200's pack: ৳ 400.00),",(200's pack: ৳ 400.00)
10493,Pyralgin,allopathic,pyralginoral-suspension120-mg5-ml,Oral Suspension,Paracetamol,120 mg/5 ml,Renata Limited,60 ml bottle: ৳ 20.64,
10492,Pyralgin,allopathic,pyralgintablet500-mg,Tablet,Paracetamol,500 mg,Renata Limited,"Unit Price: ৳ 0.80,(500's pack: ৳ 400.00),",(500's pack: ৳ 400.00)
10491,Pyrac,allopathic,pyracoral-suspension120-mg5-ml,Oral Suspension,Paracetamol,120 mg/5 ml,Medimet Pharmaceuticals Ltd.,"50 ml bottle: ৳ 18.25,60 ml bottle: ৳ 20.00",
10490,Pyrac,allopathic,pyractablet500-mg,Tablet,Paracetamol,500 mg,Medimet Pharmaceuticals Ltd.,"Unit Price: ৳ 0.80,(200's pack: ৳ 160.00),,Unit Price: ৳ 0.80,(500's pack: ৳ 400.00),","(200's pack: ৳ 160.00),(500's pack: ৳ 400.00)"
10613,Pyra Plus,allopathic,pyra-plustablet500-mg65-mg,Tablet,Paracetamol + Caffeine,500 mg+65 mg,Renata Limited,"Unit Price: ৳ 2.00,(150's pack: ৳ 300.00),",(150's pack: ৳ 300.00)
26280,Pylotrip R,allopathic,pylotrip-rtablet20-mg500-mg1000-mg,Tablet,Rabeprazole + Amoxicillin + Clarithromycin,20 mg+500 mg+1000 mg,Square Pharmaceuticals Ltd.,"4 tablet strip: ৳ 55.00,(14's pack: ৳ 770.00),",(14's pack: ৳ 770.00)
23972,Quetinil,allopathic,quetiniltablet25-mg,Tablet,Quetiapine Fumarate,25 mg,Innovative Pharma (Albion),"Unit Price: ৳ 3.54,(50's pack: ৳ 177.00),",(50's pack: ৳ 177.00)
32091,Queta XR,allopathic,queta-xrtablet-extended-release200-mg,Tablet (Extended Release),Quetiapine Fumarate,200 mg,Opsonin Pharma Ltd.,"Unit Price: ৳ 20.00,(30's pack: ৳ 600.00),",(30's pack: ৳ 600.00)
32090,Queta XR,allopathic,queta-xrtablet-extended-release50-mg,Tablet (Extended Release),Quetiapine Fumarate,50 mg,Opsonin Pharma Ltd.,"Unit Price: ৳ 7.00,(50's pack: ৳ 350.00),",(50's pack: ৳ 350.00)
32089,Queta,allopathic,quetatablet100-mg,Tablet,Quetiapine Fumarate,100 mg,Opsonin Pharma Ltd.,"Unit Price: ৳ 10.00,(50's pack: ৳ 500.00),",(50's pack: ৳ 500.00)
32088,Queta,allopathic,quetatablet25-mg,Tablet,Quetiapine Fumarate,25 mg,Opsonin Pharma Ltd.,"Unit Price: ৳ 3.00,(50's pack: ৳ 150.00),",(50's pack: ৳ 150.00)
32875,Queptam,allopathic,queptamtablet100-mg,Tablet,Quetiapine Fumarate,100 mg,Genvio Pharma Ltd.,"Unit Price: ৳ 10.00,(30's pack: ৳ 300.00),",(30's pack: ৳ 300.00)
32874,Queptam,allopathic,queptamtablet25-mg,Tablet,Quetiapine Fumarate,25 mg,Genvio Pharma Ltd.,"Unit Price: ৳ 3.00,(50's pack: ৳ 150.00),",(50's pack: ৳ 150.00)
26842,Qrip,allopathic,qriptablet100-mg,Tablet,Aceclofenac,100 mg,Synovia pharma plc,"Unit Price: ৳ 4.01,(100's pack: ৳ 401.00),",(100's pack: ৳ 401.00)
26841,Qpine,allopathic,qpinetablet200-mg,Tablet,Quetiapine Fumarate,200 mg,Synovia pharma plc,"Unit Price: ৳ 18.05,(30's pack: ৳ 541.50),",(30's pack: ৳ 541.50)
4404,Qpine,allopathic,qpinetablet100-mg,Tablet,Quetiapine Fumarate,100 mg,Synovia pharma plc,"Unit Price: ৳ 10.07,(30's pack: ৳ 302.10),",(30's pack: ৳ 302.10)
4403,Qpine,allopathic,qpinetablet25-mg,Tablet,Quetiapine Fumarate,25 mg,Synovia pharma plc,"Unit Price: ৳ 3.02,(100's pack: ৳ 302.00),",(100's pack: ৳ 302.00)
29467,QNOL,allopathic,qnoltablet500-mg,Tablet,Ciprofloxacin,500 mg,Decent Pharma Laboratories Ltd.,Unit Price: ৳ 11.00,
4411,Qmax,allopathic,qmaxtablet100-mg,Tablet,Quetiapine Fumarate,100 mg,ACI Limited,"Unit Price: ৳ 10.03,(50's pack: ৳ 501.50),",(50's pack: ৳ 501.50)
4410,Qmax,allopathic,qmaxtablet25-mg,Tablet,Quetiapine Fumarate,25 mg,ACI Limited,"Unit Price: ৳ 3.01,(50's pack: ৳ 150.50),",(50's pack: ৳ 150.50)
8851,Qcin,allopathic,qcincapsule300-mg,Capsule,Clindamycin,300 mg,Renata Limited,"Unit Price: ৳ 15.00,(30's pack: ৳ 450.00),",(30's pack: ৳ 450.00)
8850,Qcin,allopathic,qcincapsule150-mg,Capsule,Clindamycin,150 mg,Renata Limited,"Unit Price: ৳ 8.00,(30's pack: ৳ 240.00),",(30's pack: ৳ 240.00)
32393,Quiet XR,allopathic,quiet-xrtablet-extended-release300-mg,Tablet (Extended Release),Quetiapine Fumarate,300 mg,Incepta Pharmaceuticals Ltd.,"Unit Price: ৳ 22.00,(20's pack: ৳ 440.00),",(20's pack: ৳ 440.00)
27639,Quiet XR,allopathic,quiet-xrtablet-extended-release200-mg,Tablet (Extended Release),Quetiapine Fumarate,200 mg,Incepta Pharmaceuticals Ltd.,"Unit Price: ৳ 20.00,(30's pack: ৳ 600.00),",(30's pack: ৳ 600.00)
20889,Quiet XR,allopathic,quiet-xrtablet-extended-release50-mg,Tablet (Extended Release),Quetiapine Fumarate,50 mg,Incepta Pharmaceuticals Ltd.,"Unit Price: ৳ 8.00,(50's pack: ৳ 400.00),",(50's pack: ৳ 400.00)
4406,Quiet,allopathic,quiettablet100-mg,Tablet,Quetiapine Fumarate,100 mg,Incepta Pharmaceuticals Ltd.,"Unit Price: ৳ 10.00,(50's pack: ৳ 500.00),",(50's pack: ৳ 500.00)
4405,Quiet,allopathic,quiettablet25-mg,Tablet,Quetiapine Fumarate,25 mg,Incepta Pharmaceuticals Ltd.,"Unit Price: ৳ 3.00,(50's pack: ৳ 150.00),",(50's pack: ৳ 150.00)
15831,Quidex,allopathic,quidexophthalmic-solution0301,Ophthalmic Solution,Ciprofloxacin + Dexamethasone,0.3%+0.1%,Navana Pharmaceuticals Ltd.,5 ml drop: ৳ 75.22,
23973,Quetinil,allopathic,quetiniltablet100-mg,Tablet,Quetiapine Fumarate,100 mg,Innovative Pharma (Albion),"Unit Price: ৳ 11.92,(50's pack: ৳ 596.19),",(50's pack: ৳ 596.19)
29195,Qcet XR,allopathic,qcet-xrtablet-extended-release665-mg,Tablet (Extended Release),Paracetamol,665 mg,Opso Saline Ltd.,"Unit Price: ৳ 1.51,(240's pack: ৳ 362.40),",(240's pack: ৳ 362.40)
29196,Qcet Cafe,allopathic,qcet-cafetablet500-mg65-mg,Tablet,Paracetamol + Caffeine,500 mg+65 mg,Opso Saline Ltd.,"Unit Price: ৳ 2.51,(150's pack: ৳ 376.50),",(150's pack: ৳ 376.50)
29194,Qcet,allopathic,qcetpediatric-drops80-mgml,Pediatric Drops,Paracetamol,80 mg/ml,Opso Saline Ltd.,15 ml bottle: ৳ 14.82,
29193,Qcet,allopathic,qcetoral-suspension120-mg5-ml,Oral Suspension,Paracetamol,120 mg/5 ml,Opso Saline Ltd.,60 ml bottle: ৳ 20.70,
29192,Qcet,allopathic,qcetsyrup120-mg5-ml,Syrup,Paracetamol,120 mg/5 ml,Opso Saline Ltd.,60 ml bottle: ৳ 20.63,
27743,Qcet,allopathic,qcettablet500-mg,Tablet,Paracetamol,500 mg,Opso Saline Ltd.,"Unit Price: ৳ 0.80,(250's pack: ৳ 200.00),",(250's pack: ৳ 200.00)
12752,Q-Rash,allopathic,q-rashointment40,Ointment,Zinc Oxide,40%,Beximco Pharmaceuticals Ltd.,25 gm pack: ৳ 50.00,
2678,R-Pil,allopathic,r-piltablet125-mg,Tablet,Ramipril,1.25 mg,Biopharma Laboratories Ltd.,"Unit Price: ৳ 3.02,(30's pack: ৳ 90.45),",(30's pack: ৳ 90.45)
27985,R-Penem,allopathic,r-penemiv-injection-or-infusion1-gmvial,IV Injection or Infusion,Meropenem Trihydrate,1 gm/vial,Jenphar Bangladesh Ltd.,"1 gm vial: ৳ 1,300.00",
27984,R-Penem,allopathic,r-penemiv-injection-or-infusion500-mgvial,IV Injection or Infusion,Meropenem Trihydrate,500 mg/vial,Jenphar Bangladesh Ltd.,500 mg vial: ৳ 700.00,
23999,R-20,allopathic,r-20tablet-enteric-coated20-mg,Tablet (Enteric Coated),Rabeprazole Sodium,20 mg,Asiatic Laboratories Ltd.,"Unit Price: ৳ 5.00,(140's pack: ৳ 700.00),",(140's pack: ৳ 700.00)
31949,Qutipin SR,allopathic,qutipin-srtablet-sustained-release50-mg,Tablet (Sustained Release),Quetiapine Fumarate,50 mg,Sun Pharmaceutical Ltd.,"Unit Price: ৳ 7.00,(50's pack: ৳ 350.00),",(50's pack: ৳ 350.00)
23985,Qutipin SR,allopathic,qutipin-srtablet-sustained-release300-mg,Tablet (Sustained Release),Quetiapine Fumarate,300 mg,Sun Pharmaceutical Ltd.,"Unit Price: ৳ 22.00,(30's pack: ৳ 660.00),",(30's pack: ৳ 660.00)
23984,Qutipin SR,allopathic,qutipin-srtablet-sustained-release200-mg,Tablet (Sustained Release),Quetiapine Fumarate,200 mg,Sun Pharmaceutical Ltd.,"Unit Price: ৳ 20.00,(30's pack: ৳ 600.00),",(30's pack: ৳ 600.00)
4408,Qutipin,allopathic,qutipintablet100-mg,Tablet,Quetiapine Fumarate,100 mg,Sun Pharmaceutical Ltd.,"Unit Price: ৳ 10.09,(50's pack: ৳ 504.25),",(50's pack: ৳ 504.25)
4407,Qutipin,allopathic,qutipintablet25-mg,Tablet,Quetiapine Fumarate,25 mg,Sun Pharmaceutical Ltd.,"Unit Price: ৳ 3.01,(50's pack: ৳ 150.50),,Unit Price: ৳ 3.01,(100's pack: ৳ 301.48),","(50's pack: ৳ 150.50),(100's pack: ৳ 301.48)"
23982,Qutap,allopathic,qutaptablet100-mg,Tablet,Quetiapine Fumarate,100 mg,Healthcare Pharmaceuticals Ltd.,"Unit Price: ৳ 10.00,(30's pack: ৳ 300.00),",(30's pack: ৳ 300.00)
23981,Qutap,allopathic,qutaptablet25-mg,Tablet,Quetiapine Fumarate,25 mg,Healthcare Pharmaceuticals Ltd.,"Unit Price: ৳ 3.00,(50's pack: ৳ 150.00),",(50's pack: ৳ 150.00)
32879,Qutanex,allopathic,qutanextablet25-mg,Tablet,Quetiapine Fumarate,25 mg,Goodman Pharmaceuticals Ltd.,Unit Price: ৳ 3.00,
9520,Quixin,allopathic,quixintablet500-mg,Tablet,Levofloxacin Hemihydrate,500 mg,Beacon Pharmaceuticals Ltd.,"Unit Price: ৳ 15.10,(30's pack: ৳ 453.00),",(30's pack: ৳ 453.00)
9519,Quiva,allopathic,quivatablet500-mg,Tablet,Levofloxacin Hemihydrate,500 mg,Ad-din Pharmaceuticals Ltd.,"Unit Price: ৳ 13.00,(10's pack: ৳ 130.00),",(10's pack: ৳ 130.00)
9336,Quintor,allopathic,quintorpowder-for-suspension250-mg5-ml,Powder for Suspension,Ciprofloxacin,250 mg/5 ml,Ziska Pharmaceuticals Ltd.,60 ml bottle: ৳ 60.00,
9334,Quintor,allopathic,quintortablet500-mg,Tablet,Ciprofloxacin,500 mg,Ziska Pharmaceuticals Ltd.,"Unit Price: ৳ 10.00,(24's pack: ৳ 240.00),",(24's pack: ৳ 240.00)
2679,R-Pil,allopathic,r-piltablet25-mg,Tablet,Ramipril,2.5 mg,Biopharma Laboratories Ltd.,"Unit Price: ৳ 5.02,(30's pack: ৳ 150.48),",(30's pack: ৳ 150.48)
9332,Quinox DS,allopathic,quinox-dspowder-for-suspension250-mg5-ml,Powder for Suspension,Ciprofloxacin,250 mg/5 ml,Eskayef Pharmaceuticals Ltd.,60 ml bottle: ৳ 100.00,
9333,Quinox,allopathic,quinoxiv-infusion200-mg100-ml,IV Infusion,Ciprofloxacin,200 mg/100 ml,Eskayef Pharmaceuticals Ltd.,100 ml bottle: ৳ 100.00,
9331,Quinox,allopathic,quinoxtablet750-mg,Tablet,Ciprofloxacin,750 mg,Eskayef Pharmaceuticals Ltd.,"Unit Price: ৳ 18.00,(10's pack: ৳ 180.00),",(10's pack: ৳ 180.00)
9330,Quinox,allopathic,quinoxtablet500-mg,Tablet,Ciprofloxacin,500 mg,Eskayef Pharmaceuticals Ltd.,"Unit Price: ৳ 15.00,(20's pack: ৳ 300.00),,Unit Price: ৳ 15.00,(40's pack: ৳ 600.00),","(20's pack: ৳ 300.00),(40's pack: ৳ 600.00)"
9329,Quinox,allopathic,quinoxtablet250-mg,Tablet,Ciprofloxacin,250 mg,Eskayef Pharmaceuticals Ltd.,"Unit Price: ৳ 8.50,(30's pack: ৳ 255.00),",(30's pack: ৳ 255.00)
10263,Quinolex,allopathic,quinolexsyrup80-mg5-ml,Syrup,Chloroquine Phosphate,80 mg/5 ml,Globe Pharmaceuticals Ltd.,"60 ml bottle: ৳ 12.00,100 ml bottle: ৳ 20.00",
10262,Quinolex,allopathic,quinolextablet250-mg,Tablet,Chloroquine Phosphate,250 mg,Globe Pharmaceuticals Ltd.,"Unit Price: ৳ 1.20,(100's pack: ৳ 120.00),",(100's pack: ৳ 120.00)
32729,Quinoflox,allopathic,quinofloxtablet200-mg,Tablet,Sparfloxacin,200 mg,Healthcare Pharmaceuticals Ltd.,"Unit Price: ৳ 15.00,(10's pack: ৳ 150.00),",(10's pack: ৳ 150.00)
29583,Quinocin,allopathic,quinocintablet500-mg,Tablet,Ciprofloxacin,500 mg,Veritas Pharmaceuticals Ltd.,"Unit Price: ৳ 12.00,(30's pack: ৳ 360.00),",(30's pack: ৳ 360.00)
9328,Quinobid,allopathic,quinobidtablet500-mg,Tablet,Ciprofloxacin,500 mg,Nuvista Pharma Ltd.,"Unit Price: ৳ 16.05,(20's pack: ৳ 321.00),",(20's pack: ৳ 321.00)
28623,Quinivir,allopathic,quinivirtablet200-mg,Tablet,Hydroxychloroquine Sulphate,200 mg,Square Pharmaceuticals Ltd.,"Unit Price: ৳ 12.00,(30's pack: ৳ 360.00),",(30's pack: ৳ 360.00)
10285,Quin,allopathic,quintablet300-mg,Tablet,Quinine Sulfate,300 mg,Hudson Pharmaceuticals Ltd.,"Unit Price: ৳ 3.47,(100's pack: ৳ 347.00),",(100's pack: ৳ 347.00)
9518,Quilev,allopathic,quilevtablet500-mg,Tablet,Levofloxacin Hemihydrate,500 mg,Monicopharma Ltd.,"Unit Price: ৳ 15.00,(24's pack: ৳ 360.00),",(24's pack: ৳ 360.00)
26395,Rabepes MUPS,allopathic,rabepes-mupsmups-tablet20-mg,MUPS Tablet,Rabeprazole Sodium,20 mg,Beacon Pharmaceuticals Ltd.,"Unit Price: ৳ 10.00,(50's pack: ৳ 500.00),",(50's pack: ৳ 500.00)
24002,Rabepes,allopathic,rabepescapsule-delayed-release20-mg,Capsule (Delayed Release),Rabeprazole Sodium,20 mg,Beacon Pharmaceuticals Ltd.,"Unit Price: ৳ 8.00,(50's pack: ৳ 400.00),",(50's pack: ৳ 400.00)
24001,Rabepes,allopathic,rabepestablet-enteric-coated20-mg,Tablet (Enteric Coated),Rabeprazole Sodium,20 mg,Beacon Pharmaceuticals Ltd.,"Unit Price: ৳ 5.02,(50's pack: ৳ 251.00),",(50's pack: ৳ 251.00)
31615,Rabenta,allopathic,rabentacapsule-delayed-release20-mg,Capsule (Delayed Release),Rabeprazole Sodium,20 mg,DBL Pharmaceuticals Ltd.,"Unit Price: ৳ 8.00,(28's pack: ৳ 224.00),",(28's pack: ৳ 224.00)
28801,Rabenaaf,allopathic,rabenaafcapsule-delayed-release20-mg,Capsule (Delayed Release),Rabeprazole Sodium,20 mg,Naafco Pharma Ltd.,"Unit Price: ৳ 8.00,(60's pack: ৳ 480.00),",(60's pack: ৳ 480.00)
24016,Rabemax,allopathic,rabemaxtablet-enteric-coated20-mg,Tablet (Enteric Coated),Rabeprazole Sodium,20 mg,General Pharmaceuticals Ltd.,"Unit Price: ৳ 7.00,(70's pack: ৳ 490.00),",(70's pack: ৳ 490.00)
23998,Rabegend,allopathic,rabegendcapsule-delayed-release20-mg,Capsule (Delayed Release),Rabeprazole Sodium,20 mg,Apex Pharmaceuticals Ltd.,"Unit Price: ৳ 7.00,(100's pack: ৳ 700.00),",(100's pack: ৳ 700.00)
2263,Rabecon,allopathic,rabecontablet-enteric-coated20-mg,Tablet (Enteric Coated),Rabeprazole Sodium,20 mg,Biopharma Laboratories Ltd.,"Unit Price: ৳ 5.00,(60's pack: ৳ 300.00),",(60's pack: ৳ 300.00)
24030,Rabecare,allopathic,rabecaretablet-enteric-coated20-mg,Tablet (Enteric Coated),Rabeprazole Sodium,20 mg,Novelta Bestway Pharma Ltd.,Unit Price: ৳ 5.02,
2262,Rabeca,allopathic,rabecatablet-enteric-coated20-mg,Tablet (Enteric Coated),Rabeprazole Sodium,20 mg,Square Pharmaceuticals Ltd.,"Unit Price: ৳ 5.02,(50's pack: ৳ 251.00),",(50's pack: ৳ 251.00)
30343,Rabe,allopathic,rabecapsule-delayed-release20-mg,Capsule (Delayed Release),Rabeprazole Sodium,20 mg,Aristopharma Ltd.,"Unit Price: ৳ 8.00,(60's pack: ৳ 480.00),",(60's pack: ৳ 480.00)
2261,Rabe,allopathic,rabetablet-enteric-coated20-mg,Tablet (Enteric Coated),Rabeprazole Sodium,20 mg,Aristopharma Ltd.,"Unit Price: ৳ 7.00,(100's pack: ৳ 700.00),,Unit Price: ৳ 7.00,(140's pack: ৳ 980.00),","(100's pack: ৳ 700.00),(140's pack: ৳ 980.00)"
332,R-Zol,allopathic,r-zolchewable-tablet400-mg,Chewable Tablet,Albendazole,400 mg,Reman Drug Laboratories Ltd.,"Unit Price: ৳ 4.00,(25's pack: ৳ 100.00),",(25's pack: ৳ 100.00)
29410,R-Y Jelly,allopathic,r-y-jellygel1125,Gel,Glycerol,11.25%,Pharmasia Limited,"10 gm gel: ৳ 40.00,(10's pack: ৳ 400.00),,30 gm gel: ৳ 90.00",(10's pack: ৳ 400.00)
16202,R-Vit,allopathic,r-viteye-capsule,Eye Capsule,"Vitamin C, Vitamin E, Lutein, Copper & Zinc",,Reman Drug Laboratories Ltd.,"Unit Price: ৳ 10.00,(28's pack: ৳ 280.00),",(28's pack: ৳ 280.00)
14814,R-Saline-N,allopathic,r-saline-noral-powder1395-gm,Oral Powder,Oral Rehydration Salt [Powder],13.95 gm,Rephco Pharmaceuticals Ltd.,"Unit Price: ৳ 4.50,(20's pack: ৳ 90.00),",(20's pack: ৳ 90.00)
2268,Rabigut,allopathic,rabiguttablet-enteric-coated20-mg,Tablet (Enteric Coated),Rabeprazole Sodium,20 mg,Popular Pharmaceuticals Ltd.,"Unit Price: ৳ 5.00,(100's pack: ৳ 500.00),",(100's pack: ৳ 500.00)
2267,Rabifast,allopathic,rabifasttablet-enteric-coated20-mg,Tablet (Enteric Coated),Rabeprazole Sodium,20 mg,Eskayef Pharmaceuticals Ltd.,"Unit Price: ৳ 5.00,(50's pack: ৳ 250.00),,Unit Price: ৳ 5.00,(70's pack: ৳ 350.00),","(50's pack: ৳ 250.00),(70's pack: ৳ 350.00)"
32323,Rabiant,allopathic,rabianttablet-enteric-coated20-mg,Tablet (Enteric Coated),Rabeprazole Sodium,20 mg,Al-Madina Pharmaceuticals Ltd.,Unit Price: ৳ 5.00,
30642,Rabever,allopathic,rabevertablet-enteric-coated20-mg,Tablet (Enteric Coated),Rabeprazole Sodium,20 mg,Veritas Pharmaceuticals Ltd.,"Unit Price: ৳ 7.00,(50's pack: ৳ 350.00),",(50's pack: ৳ 350.00)
24049,Rabetem,allopathic,rabetemtablet-enteric-coated20-mg,Tablet (Enteric Coated),Rabeprazole Sodium,20 mg,Team Pharmaceuticals Ltd.,"Unit Price: ৳ 4.50,(50's pack: ৳ 225.00),",(50's pack: ৳ 225.00)
24029,Rabetac,allopathic,rabetaccapsule-delayed-release20-mg,Capsule (Delayed Release),Rabeprazole Sodium,20 mg,Navana Pharmaceuticals Ltd.,"Unit Price: ৳ 8.00,(60's pack: ৳ 480.00),",(60's pack: ৳ 480.00)
2266,Rabetac,allopathic,rabetactablet-enteric-coated20-mg,Tablet (Enteric Coated),Rabeprazole Sodium,20 mg,Navana Pharmaceuticals Ltd.,"Unit Price: ৳ 5.02,(60's pack: ৳ 300.93),",(60's pack: ৳ 300.93)
2265,Rabesec,allopathic,rabesectablet-enteric-coated20-mg,Tablet (Enteric Coated),Rabeprazole Sodium,20 mg,Drug International Ltd.,"Unit Price: ৳ 5.05,(56's pack: ৳ 282.80),",(56's pack: ৳ 282.80)
27794,Rabeprol,allopathic,rabeprolcapsule-delayed-release20-mg,Capsule (Delayed Release),Rabeprazole Sodium,20 mg,Somatec Pharmaceuticals Ltd.,"Unit Price: ৳ 6.00,(50's pack: ৳ 300.00),",(50's pack: ৳ 300.00)
2264,Rabeprol,allopathic,rabeproltablet-enteric-coated20-mg,Tablet (Enteric Coated),Rabeprazole Sodium,20 mg,Somatec Pharmaceuticals Ltd.,"Unit Price: ৳ 5.00,(60's pack: ৳ 300.00),",(60's pack: ৳ 300.00)
27244,Rabepra,allopathic,rabepracapsule-delayed-release20-mg,Capsule (Delayed Release),Rabeprazole Sodium,20 mg,Euro Pharma Ltd.,"Unit Price: ৳ 8.00,(50's pack: ৳ 400.00),",(50's pack: ৳ 400.00)
2680,R-Pil,allopathic,r-piltablet5-mg,Tablet,Ramipril,5 mg,Biopharma Laboratories Ltd.,"Unit Price: ৳ 8.03,(30's pack: ৳ 240.90),",(30's pack: ৳ 240.90)
28587,Racard,allopathic,racardtablet125-mg,Tablet,Ramipril,1.25 mg,Pacific Pharmaceuticals Ltd.,"Unit Price: ৳ 2.50,(30's pack: ৳ 75.00),",(30's pack: ৳ 75.00)
32555,R-Proton,allopathic,r-protontablet-enteric-coated20-mg,Tablet (Enteric Coated),Rabeprazole Sodium,20 mg,Doctor TIMS Pharmaceuticals Ltd.,"Unit Price: ৳ 5.00,(30's pack: ৳ 150.00),",(30's pack: ৳ 150.00)
24015,Rabepra,allopathic,rabepratablet-enteric-coated20-mg,Tablet (Enteric Coated),Rabeprazole Sodium,20 mg,Euro Pharma Ltd.,"Unit Price: ৳ 5.00,(50's pack: ৳ 250.00),",(50's pack: ৳ 250.00)
2649,Racard,allopathic,racardtablet25-mg,Tablet,Ramipril,2.5 mg,Pacific Pharmaceuticals Ltd.,"Unit Price: ৳ 4.60,(30's pack: ৳ 138.00),",(30's pack: ৳ 138.00)
31501,Rabsil,allopathic,rabsiltablet-enteric-coated20-mg,Tablet (Enteric Coated),Rabeprazole Sodium,20 mg,Silco Pharmaceutical Ltd.,"Unit Price: ৳ 3.00,(100's pack: ৳ 300.00),",(100's pack: ৳ 300.00)
24036,Rabprazo,allopathic,rabprazotablet-enteric-coated20-mg,Tablet (Enteric Coated),Rabeprazole Sodium,20 mg,Pacific Pharmaceuticals Ltd.,"Unit Price: ৳ 5.00,(50's pack: ৳ 250.00),",(50's pack: ৳ 250.00)
24023,Raboz,allopathic,raboztablet-enteric-coated20-mg,Tablet (Enteric Coated),Rabeprazole Sodium,20 mg,Leon Pharmaceuticals Ltd.,"Unit Price: ৳ 5.00,(50's pack: ৳ 250.00),",(50's pack: ৳ 250.00)
2271,Rabonac,allopathic,rabonactablet-enteric-coated20-mg,Tablet (Enteric Coated),Rabeprazole Sodium,20 mg,Sharif Pharmaceuticals Ltd.,"Unit Price: ৳ 5.00,(100's pack: ৳ 500.00),",(100's pack: ৳ 500.00)
24005,Rabnil,allopathic,rabnilcapsule-delayed-release20-mg,Capsule (Delayed Release),Rabeprazole Sodium,20 mg,Benham Pharmaceuticals Ltd.,"Unit Price: ৳ 7.00,(30's pack: ৳ 210.00),",(30's pack: ৳ 210.00)
17168,Rablet,allopathic,rablettablet-enteric-coated20-mg,Tablet (Enteric Coated),Rabeprazole Sodium,20 mg,NIPRO JMI Pharma Ltd.,"Unit Price: ৳ 5.75,(50's pack: ৳ 287.50),",(50's pack: ৳ 287.50)
2270,Rabizol,allopathic,rabizoltablet-enteric-coated20-mg,Tablet (Enteric Coated),Rabeprazole Sodium,20 mg,ACME Laboratories Ltd.,"Unit Price: ৳ 5.01,(70's pack: ৳ 350.70),,Unit Price: ৳ 5.01,(140's pack: ৳ 701.40),","(70's pack: ৳ 350.70),(140's pack: ৳ 701.40)"
15245,Rabix-VC,allopathic,rabix-vcimsc-injection25-iuml,IM/SC Injection,Rabies Vaccine,2.5 IU/ml,Incepta Pharmaceuticals Ltd.,2.5 IU vial: ৳ 500.00,
15248,Rabix-IG,allopathic,rabix-igim-injection1000-iu5-ml,IM Injection,Rabies Immunoglobulin,1000 IU/5 ml,Incepta Pharmaceuticals Ltd.,"1000 IU vial: ৳ 1,000.00",
31251,Rabivax-IG,allopathic,rabivax-igim-injection1000-iu5-ml,IM Injection,Rabies Immunoglobulin,1000 IU/5 ml,Popular Pharmaceuticals Ltd.,"1000 IU vial: ৳ 1,000.00",
24054,Rabivax,allopathic,rabivaximsc-injection25-iuml,IM/SC Injection,Rabies Vaccine,2.5 IU/ml,Popular Pharmaceuticals Ltd.,2.5 IU vial: ৳ 500.00,
2269,Rabium,allopathic,rabiumtablet-enteric-coated20-mg,Tablet (Enteric Coated),Rabeprazole Sodium,20 mg,Cosmic Pharma Ltd.,"Unit Price: ৳ 5.00,(50's pack: ৳ 250.00),",(50's pack: ৳ 250.00)
9338,Raciprox,allopathic,raciproxpowder-for-suspension250-mg5-ml,Powder for Suspension,Ciprofloxacin,250 mg/5 ml,Jenphar Bangladesh Ltd.,60 ml bottle: ৳ 100.00,
9337,Raciprox,allopathic,raciproxtablet500-mg,Tablet,Ciprofloxacin,500 mg,Jenphar Bangladesh Ltd.,"Unit Price: ৳ 15.00,(20's pack: ৳ 300.00),",(20's pack: ৳ 300.00)
16658,Racetril,allopathic,racetriloral-powder30-mgsachet,Oral Powder,Racecadotril,30 mg/sachet,Incepta Pharmaceuticals Ltd.,"30 mg sachet: ৳ 10.00,(30's pack: ৳ 300.00),",(30's pack: ৳ 300.00)
16657,Racetril,allopathic,racetriloral-powder10-mgsachet,Oral Powder,Racecadotril,10 mg/sachet,Incepta Pharmaceuticals Ltd.,"10 mg sachet: ৳ 7.00,(30's pack: ৳ 210.00),",(30's pack: ৳ 210.00)
16653,Racetril,allopathic,racetrilcapsule100-mg,Capsule,Racecadotril,100 mg,Incepta Pharmaceuticals Ltd.,"Unit Price: ৳ 6.00,(30's pack: ৳ 180.00),",(30's pack: ৳ 180.00)
32340,Raceper,allopathic,racepertablet-enteric-coated20-mg,Tablet (Enteric Coated),Esomeprazole,20 mg,Al-Madina Pharmaceuticals Ltd.,Unit Price: ৳ 5.00,
29260,Raceper,allopathic,racepercapsule-delayed-release40-mg,Capsule (Delayed Release),Esomeprazole,40 mg,Al-Madina Pharmaceuticals Ltd.,"Unit Price: ৳ 9.00,(32's pack: ৳ 288.00),",(32's pack: ৳ 288.00)
29259,Raceper,allopathic,racepercapsule-delayed-release20-mg,Capsule (Delayed Release),Esomeprazole,20 mg,Al-Madina Pharmaceuticals Ltd.,"Unit Price: ৳ 7.00,(50's pack: ৳ 350.00),",(50's pack: ৳ 350.00)
24059,Racedot,allopathic,racedotcapsule100-mg,Capsule,Racecadotril,100 mg,Square Pharmaceuticals Ltd.,"Unit Price: ৳ 8.03,(30's pack: ৳ 240.92),",(30's pack: ৳ 240.92)
14041,Race,allopathic,racetablet6-mg200-mg50-mg,Tablet,Betacarotene + Vitamin C + Vitamin E,6 mg+200 mg+50 mg,Ibn Sina Pharmaceuticals Ltd.,"Unit Price: ৳ 3.00,(20's pack: ৳ 60.00),",(20's pack: ৳ 60.00)
28588,Racard,allopathic,racardtablet5-mg,Tablet,Ramipril,5 mg,Pacific Pharmaceuticals Ltd.,"Unit Price: ৳ 8.00,(30's pack: ৳ 240.00),",(30's pack: ৳ 240.00)
15246,Rabipur,allopathic,rabipurimsc-injection25-iuml,IM/SC Injection,Rabies Vaccine,2.5 IU/ml,Novartis (Bangladesh) Ltd.,2.5 IU vial: ৳ 640.00,
27223,Rabipep,allopathic,rabipeptablet-enteric-coated20-mg,Tablet (Enteric Coated),Rabeprazole Sodium,20 mg,Organic Health Care Ltd.,"Unit Price: ৳ 5.00,(50's pack: ৳ 250.00),",(50's pack: ৳ 250.00)
24039,Rabinix,allopathic,rabinixtablet-enteric-coated20-mg,Tablet (Enteric Coated),Rabeprazole Sodium,20 mg,Premier Pharmaceuticals Ltd.,"Unit Price: ৳ 5.00,(50's pack: ৳ 250.00),",(50's pack: ৳ 250.00)
24026,Rabimed,allopathic,rabimedtablet-enteric-coated20-mg,Tablet (Enteric Coated),Rabeprazole Sodium,20 mg,MedRx Life Science Ltd.,Unit Price: ৳ 5.00,
24042,Rabilin,allopathic,rabilintablet-enteric-coated20-mg,Tablet (Enteric Coated),Rabeprazole Sodium,20 mg,Rephco Pharmaceuticals Ltd.,"Unit Price: ৳ 5.00,(50's pack: ৳ 250.00),",(50's pack: ৳ 250.00)
30007,Radivit-C,allopathic,radivit-ceffervescent-tablet1000-mg,Effervescent Tablet,Vitamin C [Ascorbic acid],1000 mg,Radiant Pharmaceuticals Ltd.,"Unit Price: ৳ 15.00,(5's pack: ৳ 75.00),,Unit Price: ৳ 15.00,(16's pack: ৳ 240.00),","(5's pack: ৳ 75.00),(16's pack: ৳ 240.00)"
13521,Raditrol,allopathic,raditrolcapsule025-mcg,Capsule,Calcitriol,0.25 mcg,Roche Bangladesh Ltd.,"Unit Price: ৳ 20.06,(30's pack: ৳ 601.80),",(30's pack: ৳ 601.80)
2529,Raditrend,allopathic,raditrendtablet625-mg,Tablet,Carvedilol,6.25 mg,Radiant Pharmaceuticals Ltd.,"Unit Price: ৳ 11.03,(30's pack: ৳ 330.90),",(30's pack: ৳ 330.90)
11631,Raditil,allopathic,raditiltablet20-mg,Tablet,Tenoxicam,20 mg,Radiant Pharmaceuticals Ltd.,"Unit Price: ৳ 17.06,(50's pack: ৳ 853.00),",(50's pack: ৳ 853.00)
10678,Radirif,allopathic,radirifimiv-injection20-mg2-ml,IM/IV Injection,Nalbuphine,20 mg/2 ml,Square Pharmaceuticals Ltd.,"2 ml ampoule: ৳ 100.68,(4's pack: ৳ 402.72),",(4's pack: ৳ 402.72)
22147,Radimet XR,allopathic,radimet-xrtablet-extended-release500-mg,Tablet (Extended Release),Metformin Hydrochloride,500 mg,Radiant Pharmaceuticals Ltd.,"Unit Price: ৳ 7.00,(50's pack: ৳ 350.00),",(50's pack: ৳ 350.00)
22146,Radimet,allopathic,radimettablet850-mg,Tablet,Metformin Hydrochloride,850 mg,Radiant Pharmaceuticals Ltd.,"Unit Price: ৳ 6.00,(50's pack: ৳ 300.00),",(50's pack: ৳ 300.00)
22145,Radimet,allopathic,radimettablet500-mg,Tablet,Metformin Hydrochloride,500 mg,Radiant Pharmaceuticals Ltd.,"Unit Price: ৳ 4.00,(60's pack: ৳ 240.00),",(60's pack: ৳ 240.00)
30878,Radiglip-M,allopathic,radiglip-mtablet-extended-release50-mg1000-mg,Tablet (Extended Release),Sitagliptin + Metformin Hydrochloride,50 mg+1000 mg,Radiant Pharmaceuticals Ltd.,"Unit Price: ৳ 22.00,(18's pack: ৳ 396.00),",(18's pack: ৳ 396.00)
24541,Radiglip-M,allopathic,radiglip-mtablet-extended-release50-mg500-mg,Tablet (Extended Release),Sitagliptin + Metformin Hydrochloride,50 mg+500 mg,Radiant Pharmaceuticals Ltd.,"Unit Price: ৳ 20.00,(18's pack: ৳ 360.00),",(18's pack: ৳ 360.00)
30877,Radiglip,allopathic,radigliptablet100-mg,Tablet,Sitagliptin,100 mg,Radiant Pharmaceuticals Ltd.,"Unit Price: ৳ 30.00,(20's pack: ৳ 600.00),",(20's pack: ৳ 600.00)
24520,Radiglip,allopathic,radigliptablet50-mg,Tablet,Sitagliptin,50 mg,Radiant Pharmaceuticals Ltd.,"Unit Price: ৳ 16.00,(20's pack: ৳ 320.00),",(20's pack: ৳ 320.00)
29837,Radigel-TF,allopathic,radigel-tfeffervescent-powder35-gm54-gm,Effervescent Powder,Ispaghula [Psyllium] Husk,3.5 gm/5.4 gm,Radiant Nutraceuticals Ltd.,120 gm container: ৳ 395.00,
29553,Radigel-N,allopathic,radigel-neffervescent-powder35-gm54-gm,Effervescent Powder,Ispaghula [Psyllium] Husk,3.5 gm/5.4 gm,Radiant Nutraceuticals Ltd.,120 gm container: ৳ 415.00,
30339,Radigel-L,allopathic,radigel-leffervescent-powder35-gm54-gm,Effervescent Powder,Ispaghula [Psyllium] Husk,3.5 gm/5.4 gm,Radiant Nutraceuticals Ltd.,120 gm container: ৳ 415.00,
16659,Radola,allopathic,radolacapsule100-mg,Capsule,Racecadotril,100 mg,ACI Limited,"Unit Price: ৳ 6.00,(40's pack: ৳ 240.00),",(40's pack: ৳ 240.00)
30879,Radizid XR,allopathic,radizid-xrtablet-extended-release60-mg,Tablet (Extended Release),Gliclazide,60 mg,Radiant Pharmaceuticals Ltd.,"Unit Price: ৳ 12.00,(30's pack: ৳ 360.00),",(30's pack: ৳ 360.00)
29552,Radizid XR,allopathic,radizid-xrtablet-extended-release30-mg,Tablet (Extended Release),Gliclazide,30 mg,Radiant Pharmaceuticals Ltd.,"Unit Price: ৳ 6.00,(30's pack: ৳ 180.00),",(30's pack: ৳ 180.00)
29551,Radizid,allopathic,radizidtablet80-mg,Tablet,Gliclazide,80 mg,Radiant Pharmaceuticals Ltd.,"Unit Price: ৳ 7.00,(60's pack: ৳ 420.00),",(60's pack: ৳ 420.00)
31001,Radivit-D,allopathic,radivit-dcapsule50000-iu,Capsule,Colecalciferol [Vitamin D3],50000 IU,Radiant Pharmaceuticals Ltd.,"Unit Price: ৳ 40.00,(12's pack: ৳ 480.00),",(12's pack: ৳ 480.00)
30355,Radivit-D,allopathic,radivit-dcapsule40000-iu,Capsule,Colecalciferol [Vitamin D3],40000 IU,Radiant Pharmaceuticals Ltd.,"Unit Price: ৳ 35.00,(12's pack: ৳ 420.00),",(12's pack: ৳ 420.00)
29991,Radivit-D,allopathic,radivit-dcapsule20000-iu,Capsule,Colecalciferol [Vitamin D3],20000 IU,Radiant Pharmaceuticals Ltd.,"Unit Price: ৳ 20.00,(12's pack: ৳ 240.00),",(12's pack: ৳ 240.00)
29990,Radivit-D,allopathic,radivit-dtablet2000-iu,Tablet,Colecalciferol [Vitamin D3],2000 IU,Radiant Pharmaceuticals Ltd.,"Unit Price: ৳ 2.50,(30's pack: ৳ 75.00),",(30's pack: ৳ 75.00)
30293,Radigel,allopathic,radigeleffervescent-powder35-gmsachet,Effervescent Powder,Ispaghula [Psyllium] Husk,3.5 gm/sachet,Radiant Nutraceuticals Ltd.,"3.5 gm sachet: ৳ 15.00,(30's pack: ৳ 450.00),",(30's pack: ৳ 450.00)
27610,Radigel,allopathic,radigeleffervescent-powder35-gm54-gm,Effervescent Powder,Ispaghula [Psyllium] Husk,3.5 gm/5.4 gm,Radiant Nutraceuticals Ltd.,120 gm container: ৳ 415.00,
31115,Radifylline,allopathic,radifyllinetablet200-mg,Tablet,Doxophylline,200 mg,Biogen Pharmaceuticals Ltd.,"Unit Price: ৳ 5.00,(60's pack: ৳ 300.00),",(60's pack: ৳ 300.00)
27689,Radiflex,allopathic,radiflexcapsule-delayed-release40-mg,Capsule (Delayed Release),Undenatured Type II Collagen,40 mg,Radiant Nutraceuticals Ltd.,"Unit Price: ৳ 25.00,(30's pack: ৳ 750.00),",(30's pack: ৳ 750.00)
9521,Radibac,allopathic,radibactablet500-mg,Tablet,Levofloxacin Hemihydrate,500 mg,Concord Pharmaceuticals Ltd.,"Unit Price: ৳ 15.05,(20's pack: ৳ 301.00),",(20's pack: ৳ 301.00)
4357,Radex,allopathic,radextablet05-mg10-mg,Tablet,Flupentixol + Melitracen,0.5 mg+10 mg,Globe Pharmaceuticals Ltd.,"Unit Price: ৳ 5.00,(30's pack: ৳ 150.00),,Unit Price: ৳ 5.00,(50's pack: ৳ 250.00),","(30's pack: ৳ 150.00),(50's pack: ৳ 250.00)"
16216,Ractovit,allopathic,ractovitophthalmic-solution,Ophthalmic Solution,Sodium Succinate + Cytochrome C + Adenosine + Nicotinamide,,Ibn Sina Pharmaceuticals Ltd.,5 ml drop: ৳ 125.00,
8882,Ramicol,allopathic,ramicoloral-suspension125-mg5-ml,Oral Suspension,Chloramphenicol (Oral),125 mg/5 ml,Skylab Pharmaceuticals Ltd.,60 ml bottle: ৳ 23.00,
8881,Ramicol,allopathic,ramicolcapsule250-mg,Capsule,Chloramphenicol (Oral),250 mg,Skylab Pharmaceuticals Ltd.,"Unit Price: ৳ 2.95,(100's pack: ৳ 295.00),",(100's pack: ৳ 295.00)
2993,Ramicard Plus,allopathic,ramicard-plustablet5-mg25-mg,Tablet,Ramipril + Hydrochlorothiazide,5 mg+25 mg,Drug International Ltd.,"Unit Price: ৳ 8.05,(28's pack: ৳ 225.40),",(28's pack: ৳ 225.40)
2992,Ramicard Plus,allopathic,ramicard-plustablet25-mg125-mg,Tablet,Ramipril + Hydrochlorothiazide,2.5 mg+12.5 mg,Drug International Ltd.,"Unit Price: ৳ 5.05,(56's pack: ৳ 282.80),",(56's pack: ৳ 282.80)
2656,Ramicard,allopathic,ramicardtablet5-mg,Tablet,Ramipril,5 mg,Drug International Ltd.,"Unit Price: ৳ 8.05,(56's pack: ৳ 450.80),",(56's pack: ৳ 450.80)
2655,Ramicard,allopathic,ramicardtablet25-mg,Tablet,Ramipril,2.5 mg,Drug International Ltd.,"Unit Price: ৳ 5.05,(56's pack: ৳ 282.80),",(56's pack: ৳ 282.80)
2654,Ramicard,allopathic,ramicardtablet125-mg,Tablet,Ramipril,1.25 mg,Drug International Ltd.,"Unit Price: ৳ 2.55,(56's pack: ৳ 142.80),",(56's pack: ৳ 142.80)
26057,Ramelta,allopathic,rameltatablet8-mg,Tablet,Ramelteon,8 mg,Incepta Pharmaceuticals Ltd.,"Unit Price: ৳ 35.00,(10's pack: ৳ 350.00),",(10's pack: ৳ 350.00)
28943,Ramdivir,allopathic,ramdiviriv-infusion5-mgml,IV Infusion,Remdesivir,5 mg/ml,Popular Pharmaceuticals Ltd.,"100 mg vial: ৳ 4,500.00",
15813,Ramdex,allopathic,ramdexophthalmic-solution0105,Ophthalmic Solution,Dexamethasone + Chloramphenicol,0.1%+0.5%,Kemiko Pharmaceuticals Ltd.,5 ml drop: ৳ 70.21,
2653,Ramace,allopathic,ramacetablet5-mg,Tablet,Ramipril,5 mg,Opsonin Pharma Ltd.,"Unit Price: ৳ 8.03,(30's pack: ৳ 240.90),",(30's pack: ৳ 240.90)
2652,Ramace,allopathic,ramacetablet25-mg,Tablet,Ramipril,2.5 mg,Opsonin Pharma Ltd.,"Unit Price: ৳ 5.02,(30's pack: ৳ 150.60),",(30's pack: ৳ 150.60)
2651,Ramace,allopathic,ramacetablet125-mg,Tablet,Ramipril,1.25 mg,Opsonin Pharma Ltd.,"Unit Price: ৳ 2.52,(50's pack: ৳ 126.00),",(50's pack: ৳ 126.00)
27070,Raltrox,allopathic,raltroximiv-injection20-mg2-ml,IM/IV Injection,Nalbuphine,20 mg/2 ml,Opsonin Pharma Ltd.,2 ml ampoule: ৳ 100.68,
10679,Raltrox,allopathic,raltroximiv-injection10-mgml,IM/IV Injection,Nalbuphine,10 mg/ml,Opsonin Pharma Ltd.,"1 ml ampoule: ৳ 60.23,(3's pack: ৳ 180.69),",(3's pack: ৳ 180.69)
3125,Ralozine SR,allopathic,ralozine-srtablet-sustained-release500-mg,Tablet (Sustained Release),Ranolazine,500 mg,Incepta Pharmaceuticals Ltd.,"Unit Price: ৳ 16.00,(20's pack: ৳ 320.00),",(20's pack: ৳ 320.00)
2663,Ramilon,allopathic,ramilontablet5-mg,Tablet,Ramipril,5 mg,Virgo Pharmaceuticals Ltd.,"Unit Price: ৳ 6.00,(30's pack: ৳ 180.00),",(30's pack: ৳ 180.00)
2662,Ramilon,allopathic,ramilontablet25-mg,Tablet,Ramipril,2.5 mg,Virgo Pharmaceuticals Ltd.,"Unit Price: ৳ 4.00,(30's pack: ৳ 120.00),",(30's pack: ৳ 120.00)
2659,Ramil,allopathic,ramiltablet5-mg,Tablet,Ramipril,5 mg,Popular Pharmaceuticals Ltd.,"Unit Price: ৳ 8.03,(50's pack: ৳ 401.50),",(50's pack: ৳ 401.50)
2658,Ramil,allopathic,ramiltablet25-mg,Tablet,Ramipril,2.5 mg,Popular Pharmaceuticals Ltd.,"Unit Price: ৳ 5.02,(50's pack: ৳ 251.00),",(50's pack: ৳ 251.00)
2657,Ramil,allopathic,ramiltablet125-mg,Tablet,Ramipril,1.25 mg,Popular Pharmaceuticals Ltd.,"Unit Price: ৳ 2.50,(50's pack: ৳ 125.00),",(50's pack: ৳ 125.00)
27708,Rakxon,allopathic,rakxoniv-injection1-gmvial,IV Injection,Ceftriaxone Sodium,1 gm/vial,Jenphar Bangladesh Ltd.,1 gm vial: ৳ 190.00,
8062,Rakxon,allopathic,rakxoniv-injection2-gmvial,IV Injection,Ceftriaxone Sodium,2 gm/vial,Jenphar Bangladesh Ltd.,2 gm vial: ৳ 300.00,
8060,Rakxon,allopathic,rakxonim-injection1-gmvial,IM Injection,Ceftriaxone Sodium,1 gm/vial,Jenphar Bangladesh Ltd.,1 gm vial: ৳ 190.00,
8059,Rakxon,allopathic,rakxonim-injection500-mgvial,IM Injection,Ceftriaxone Sodium,500 mg/vial,Jenphar Bangladesh Ltd.,500 mg vial: ৳ 130.00,
24038,Raha,allopathic,rahatablet-enteric-coated20-mg,Tablet (Enteric Coated),Rabeprazole Sodium,20 mg,Pharmasia Limited,"Unit Price: ৳ 5.00,(60's pack: ৳ 300.00),",(60's pack: ৳ 300.00)
29006,Ragil,allopathic,ragiltablet1-mg,Tablet,Rasagiline,1 mg,Eskayef Pharmaceuticals Ltd.,"Unit Price: ৳ 20.00,(30's pack: ৳ 600.00),",(30's pack: ৳ 600.00)
29005,Ragil,allopathic,ragiltablet05-mg,Tablet,Rasagiline,0.5 mg,Eskayef Pharmaceuticals Ltd.,"Unit Price: ৳ 15.00,(30's pack: ৳ 450.00),",(30's pack: ৳ 450.00)
27338,Rafex,allopathic,rafexoral-suspension30-mg5-ml,Oral Suspension,Fexofenadine Hydrochloride,30 mg/5 ml,Team Pharmaceuticals Ltd.,50 ml bottle: ৳ 48.00,
20394,Rafex,allopathic,rafextablet120-mg,Tablet,Fexofenadine Hydrochloride,120 mg,Team Pharmaceuticals Ltd.,"Unit Price: ৳ 8.00,(50's pack: ৳ 400.00),",(50's pack: ৳ 400.00)
1746,Ranicare,allopathic,ranicaretablet150-mg,Tablet,Ranitidine Hydrochloride,150 mg,Novelta Bestway Pharma Ltd.,"Unit Price: ৳ 2.01,(100's pack: ৳ 201.00),",(100's pack: ৳ 201.00)
1745,Rani,allopathic,ranitablet150-mg,Tablet,Ranitidine Hydrochloride,150 mg,Alco Pharma Ltd.,"Unit Price: ৳ 2.01,(100's pack: ৳ 201.00),,Unit Price: ৳ 2.01,(150's pack: ৳ 301.50),","(100's pack: ৳ 201.00),(150's pack: ৳ 301.50)"
1744,Rani,allopathic,ranitablet150-mg,Tablet,Ranitidine Hydrochloride,150 mg,Cosmo Pharma Ltd.,"Unit Price: ৳ 2.00,(100's pack: ৳ 200.00),",(100's pack: ৳ 200.00)
9340,Ranflox,allopathic,ranfloxtablet750-mg,Tablet,Ciprofloxacin,750 mg,Rangs Pharmaceuticals Ltd.,"Unit Price: ৳ 18.05,(20's pack: ৳ 361.00),",(20's pack: ৳ 361.00)
9339,Ranflox,allopathic,ranfloxtablet500-mg,Tablet,Ciprofloxacin,500 mg,Rangs Pharmaceuticals Ltd.,"Unit Price: ৳ 14.05,(20's pack: ৳ 281.00),",(20's pack: ৳ 281.00)
8282,Randamycin,allopathic,randamycincapsule250-mg,Capsule,Tetracycline Hydrochloride (Oral),250 mg,Desh Pharmaceuticals Ltd.,"Unit Price: ৳ 1.00,(100's pack: ৳ 100.00),",(100's pack: ৳ 100.00)
1743,Ranbex,allopathic,ranbextablet150-mg,Tablet,Ranitidine Hydrochloride,150 mg,Novo Healthcare and Pharma Ltd.,"Unit Price: ৳ 1.25,(100's pack: ৳ 125.00),",(100's pack: ৳ 125.00)
23091,Rampro,allopathic,ramprocapsule-delayed-release20-mg,Capsule (Delayed Release),Omeprazole,20 mg,RN Pharmaceuticals,"Unit Price: ৳ 4.50,(100's pack: ৳ 450.00),",(100's pack: ৳ 450.00)
27825,Rampril,allopathic,rampriltablet5-mg,Tablet,Ramipril,5 mg,Rangs Pharmaceuticals Ltd.,"Unit Price: ৳ 7.00,(30's pack: ৳ 210.00),",(30's pack: ৳ 210.00)
2673,Rampril,allopathic,rampriltablet25-mg,Tablet,Ramipril,2.5 mg,Rangs Pharmaceuticals Ltd.,"Unit Price: ৳ 4.02,(30's pack: ৳ 120.60),",(30's pack: ৳ 120.60)
8919,Ramphen,allopathic,ramphenophthalmic-solution05,Ophthalmic Solution,Chloramphenicol (Ophthalmic),0.50%,Kemiko Pharmaceuticals Ltd.,10 ml drop: ৳ 35.00,
2995,Ramoril Plus,allopathic,ramoril-plustablet5-mg25-mg,Tablet,Ramipril + Hydrochlorothiazide,5 mg+25 mg,Incepta Pharmaceuticals Ltd.,"Unit Price: ৳ 8.00,(30's pack: ৳ 240.00),",(30's pack: ৳ 240.00)
2994,Ramoril Plus,allopathic,ramoril-plustablet25-mg125-mg,Tablet,Ramipril + Hydrochlorothiazide,2.5 mg+12.5 mg,Incepta Pharmaceuticals Ltd.,"Unit Price: ৳ 5.00,(30's pack: ৳ 150.00),",(30's pack: ৳ 150.00)
2672,Ramoril,allopathic,ramoriltablet10-mg,Tablet,Ramipril,10 mg,Incepta Pharmaceuticals Ltd.,"Unit Price: ৳ 12.00,(30's pack: ৳ 360.00),",(30's pack: ৳ 360.00)
2671,Ramoril,allopathic,ramoriltablet5-mg,Tablet,Ramipril,5 mg,Incepta Pharmaceuticals Ltd.,"Unit Price: ৳ 8.00,(50's pack: ৳ 400.00),",(50's pack: ৳ 400.00)
2670,Ramoril,allopathic,ramoriltablet25-mg,Tablet,Ramipril,2.5 mg,Incepta Pharmaceuticals Ltd.,"Unit Price: ৳ 5.00,(50's pack: ৳ 250.00),",(50's pack: ৳ 250.00)
1750,Ranimil,allopathic,ranimiltablet150-mg,Tablet,Ranitidine Hydrochloride,150 mg,Millat Pharmaceuticals Ltd.,"Unit Price: ৳ 2.50,(100's pack: ৳ 250.00),",(100's pack: ৳ 250.00)
24151,Ranigut,allopathic,raniguttablet150-mg,Tablet,Ranitidine Hydrochloride,150 mg,Guardian Healthcare Ltd.,"Unit Price: ৳ 2.50,(100's pack: ৳ 250.00),",(100's pack: ৳ 250.00)
24186,Ranifast,allopathic,ranifasttablet150-mg,Tablet,Ranitidine Hydrochloride,150 mg,S.N. Pharmaceutical Ltd.,"Unit Price: ৳ 2.00,(100's pack: ৳ 200.00),",(100's pack: ৳ 200.00)
26531,Ranidin,allopathic,ranidinimiv-injection50-mg2-ml,IM/IV Injection,Ranitidine Hydrochloride,50 mg/2 ml,ACME Laboratories Ltd.,"2 ml ampoule: ৳ 10.03,(10's pack: ৳ 100.30),",(10's pack: ৳ 100.30)
24117,Ranidin,allopathic,ranidinsyrup75-mg5-ml,Syrup,Ranitidine Hydrochloride,75 mg/5 ml,ACME Laboratories Ltd.,100 ml bottle: ৳ 50.00,
24116,Ranidin,allopathic,ranidintablet300-mg,Tablet,Ranitidine Hydrochloride,300 mg,ACME Laboratories Ltd.,"Unit Price: ৳ 4.03,(100's pack: ৳ 403.00),",(100's pack: ৳ 403.00)
24115,Ranidin,allopathic,ranidintablet150-mg,Tablet,Ranitidine Hydrochloride,150 mg,ACME Laboratories Ltd.,"Unit Price: ৳ 3.00,(150's pack: ৳ 450.00),",(150's pack: ৳ 450.00)
1747,Ranid,allopathic,ranidtablet150-mg,Tablet,Ranitidine Hydrochloride,150 mg,Ziska Pharmaceuticals Ltd.,"Unit Price: ৳ 1.34,(150's pack: ৳ 201.00),",(150's pack: ৳ 201.00)
2669,Ramoril,allopathic,ramoriltablet125-mg,Tablet,Ramipril,1.25 mg,Incepta Pharmaceuticals Ltd.,"Unit Price: ৳ 2.50,(50's pack: ৳ 125.00),",(50's pack: ৳ 125.00)
2668,Ramipro,allopathic,ramiprotablet5-mg,Tablet,Ramipril,5 mg,General Pharmaceuticals Ltd.,"Unit Price: ৳ 8.04,(30's pack: ৳ 241.32),",(30's pack: ৳ 241.32)
2667,Ramipro,allopathic,ramiprotablet25-mg,Tablet,Ramipril,2.5 mg,General Pharmaceuticals Ltd.,"Unit Price: ৳ 5.04,(50's pack: ৳ 252.13),",(50's pack: ৳ 252.13)
2666,Ramipress,allopathic,ramipresstablet5-mg,Tablet,Ramipril,5 mg,Silva Pharmaceuticals Ltd.,"Unit Price: ৳ 8.03,(30's pack: ৳ 240.80),",(30's pack: ৳ 240.80)
2665,Ramipress,allopathic,ramipresstablet25-mg,Tablet,Ramipril,2.5 mg,Silva Pharmaceuticals Ltd.,"Unit Price: ৳ 5.02,(30's pack: ৳ 150.51),",(30's pack: ৳ 150.51)
2664,Ramipress,allopathic,ramipresstablet125-mg,Tablet,Ramipril,1.25 mg,Silva Pharmaceuticals Ltd.,"Unit Price: ৳ 2.51,(30's pack: ৳ 75.24),",(30's pack: ৳ 75.24)
26855,Ransys AM,allopathic,ransys-amtablet5-mg40-mg,Tablet,Amlodipine Besilate + Olmesartan Medoxomil,5 mg+40 mg,Healthcare Pharmaceuticals Ltd.,"Unit Price: ৳ 15.00,(30's pack: ৳ 450.00),",(30's pack: ৳ 450.00)
26854,Ransys AM,allopathic,ransys-amtablet5-mg20-mg,Tablet,Amlodipine Besilate + Olmesartan Medoxomil,5 mg+20 mg,Healthcare Pharmaceuticals Ltd.,"Unit Price: ৳ 8.00,(30's pack: ৳ 240.00),",(30's pack: ৳ 240.00)
22966,Ransys,allopathic,ransystablet40-mg,Tablet,Olmesartan Medoxomil,40 mg,Healthcare Pharmaceuticals Ltd.,"Unit Price: ৳ 15.00,(30's pack: ৳ 450.00),",(30's pack: ৳ 450.00)
22965,Ransys,allopathic,ransystablet20-mg,Tablet,Olmesartan Medoxomil,20 mg,Healthcare Pharmaceuticals Ltd.,"Unit Price: ৳ 9.00,(30's pack: ৳ 270.00),",(30's pack: ৳ 270.00)
22964,Ransys,allopathic,ransystablet10-mg,Tablet,Olmesartan Medoxomil,10 mg,Healthcare Pharmaceuticals Ltd.,"Unit Price: ৳ 6.00,(30's pack: ৳ 180.00),",(30's pack: ৳ 180.00)
24205,Ranozex,allopathic,ranozextablet-extended-release500-mg,Tablet (Extended Release),Ranolazine,500 mg,Sun Pharmaceutical Ltd.,"Unit Price: ৳ 16.00,(30's pack: ৳ 480.00),",(30's pack: ৳ 480.00)
31958,Ranoxen Plus,allopathic,ranoxen-plustablet-delayed-release375-mg20-mg,Tablet (Delayed Release),Naproxen Sodium + Esomeprazole Magnesium,375 mg+20 mg,Rangs Pharmaceuticals Ltd.,"Unit Price: ৳ 8.00,(40's pack: ৳ 320.00),",(40's pack: ৳ 320.00)
11608,Ranoxen Plus,allopathic,ranoxen-plustablet-delayed-release500-mg20-mg,Tablet (Delayed Release),Naproxen Sodium + Esomeprazole Magnesium,500 mg+20 mg,Rangs Pharmaceuticals Ltd.,"Unit Price: ৳ 10.03,(32's pack: ৳ 320.96),",(32's pack: ৳ 320.96)
11482,Ranoxen,allopathic,ranoxentablet500-mg,Tablet,Naproxen Sodium,500 mg,Rangs Pharmaceuticals Ltd.,"Unit Price: ৳ 7.02,(30's pack: ৳ 210.60),",(30's pack: ৳ 210.60)
11481,Ranoxen,allopathic,ranoxentablet250-mg,Tablet,Naproxen Sodium,250 mg,Rangs Pharmaceuticals Ltd.,"Unit Price: ৳ 4.02,(50's pack: ৳ 201.00),",(50's pack: ৳ 201.00)
3126,Ranolin XR,allopathic,ranolin-xrtablet-extended-release500-mg,Tablet (Extended Release),Ranolazine,500 mg,Square Pharmaceuticals Ltd.,"Unit Price: ৳ 16.05,(20's pack: ৳ 321.00),",(20's pack: ৳ 321.00)
3128,Ranola,allopathic,ranolatablet-extended-release500-mg,Tablet (Extended Release),Ranolazine,500 mg,General Pharmaceuticals Ltd.,"Unit Price: ৳ 16.05,(20's pack: ৳ 320.96),",(20's pack: ৳ 320.96)
24121,Ranlied,allopathic,ranliedtablet150-mg,Tablet,Ranitidine Hydrochloride,150 mg,Allied Pharmaceuticals Ltd.,Unit Price: ৳ 2.00,
1762,Ranix,allopathic,raniximiv-injection50-mg2-ml,IM/IV Injection,Ranitidine Hydrochloride,50 mg/2 ml,Chemist Laboratories  Ltd.,"2 ml ampoule: ৳ 6.00,(10's pack: ৳ 60.00),",(10's pack: ৳ 60.00)
1761,Ranitor,allopathic,ranitortablet150-mg,Tablet,Ranitidine Hydrochloride,150 mg,Popular Pharmaceuticals Ltd.,"Unit Price: ৳ 2.00,(150's pack: ৳ 300.00),",(150's pack: ৳ 300.00)
1760,Ranitid,allopathic,ranitidimiv-injection50-mg2-ml,IM/IV Injection,Ranitidine Hydrochloride,50 mg/2 ml,Opsonin Pharma Ltd.,"2 ml ampoule: ৳ 10.00,(10's pack: ৳ 100.00),",(10's pack: ৳ 100.00)
1765,Rantin,allopathic,rantintablet150-mg,Tablet,Ranitidine Hydrochloride,150 mg,Seema Pharmaceuticals Ltd.,"Unit Price: ৳ 2.00,(150's pack: ৳ 300.00),",(150's pack: ৳ 300.00)
24126,Rantid,allopathic,rantidtablet150-mg,Tablet,Ranitidine Hydrochloride,150 mg,Aztec Pharmaceuticals Ltd.,Unit Price: ৳ 2.00,
1764,Rantec,allopathic,rantectablet300-mg,Tablet,Ranitidine Hydrochloride,300 mg,Medimet Pharmaceuticals Ltd.,"Unit Price: ৳ 3.50,(50's pack: ৳ 175.00),",(50's pack: ৳ 175.00)
1763,Rantec,allopathic,rantectablet150-mg,Tablet,Ranitidine Hydrochloride,150 mg,Medimet Pharmaceuticals Ltd.,"Unit Price: ৳ 2.00,(100's pack: ৳ 200.00),",(100's pack: ৳ 200.00)
26856,Ransys Plus,allopathic,ransys-plustablet20-mg125-mg,Tablet,Olmesartan Medoxomil + Hydrochlorothiazide,20 mg+12.5 mg,Healthcare Pharmaceuticals Ltd.,"Unit Price: ৳ 8.00,(30's pack: ৳ 240.00),",(30's pack: ৳ 240.00)
1759,Ranitid,allopathic,ranitidsyrup75-mg5-ml,Syrup,Ranitidine Hydrochloride,75 mg/5 ml,Opsonin Pharma Ltd.,100 ml bottle: ৳ 50.14,
1758,Ranitid,allopathic,ranitidtablet300-mg,Tablet,Ranitidine Hydrochloride,300 mg,Opsonin Pharma Ltd.,"Unit Price: ৳ 4.02,(100's pack: ৳ 401.84),",(100's pack: ৳ 401.84)
1757,Ranitid,allopathic,ranitidtablet150-mg,Tablet,Ranitidine Hydrochloride,150 mg,Opsonin Pharma Ltd.,"Unit Price: ৳ 3.00,(210's pack: ৳ 630.00),",(210's pack: ৳ 630.00)
24122,Ranitec,allopathic,ranitectablet150-mg,Tablet,Ranitidine Hydrochloride,150 mg,APC Pharma Ltd.,"Unit Price: ৳ 2.00,(100's pack: ৳ 200.00),",(100's pack: ৳ 200.00)
1755,Ranitack,allopathic,ranitacktablet150-mg,Tablet,Ranitidine Hydrochloride,150 mg,Ad-din Pharmaceuticals Ltd.,"Unit Price: ৳ 1.50,(300's pack: ৳ 450.00),",(300's pack: ৳ 450.00)
1754,Ranitab,allopathic,ranitabtablet150-mg,Tablet,Ranitidine Hydrochloride,150 mg,Sonear Laboratories Ltd.,"Unit Price: ৳ 2.05,(100's pack: ৳ 205.00),",(100's pack: ৳ 205.00)
1753,Ranit,allopathic,ranittablet150-mg,Tablet,Ranitidine Hydrochloride,150 mg,Pharmadesh Laboratories Ltd.,"Unit Price: ৳ 2.00,(100's pack: ৳ 200.00),",(100's pack: ৳ 200.00)
1752,Ranison,allopathic,ranisonimiv-injection50-mg2-ml,IM/IV Injection,Ranitidine Hydrochloride,50 mg/2 ml,Jayson Pharmaceuticals Ltd.,"2 ml ampoule: ৳ 10.03,(10's pack: ৳ 100.30),",(10's pack: ৳ 100.30)
1751,Ranison,allopathic,ranisontablet150-mg,Tablet,Ranitidine Hydrochloride,150 mg,Jayson Pharmaceuticals Ltd.,"Unit Price: ৳ 1.73,(100's pack: ৳ 173.00),",(100's pack: ৳ 173.00)
4568,Rapine,allopathic,rapinetablet15-mg,Tablet,Mirtazapine,15 mg,ACI Limited,"Unit Price: ৳ 8.00,(50's pack: ৳ 400.00),",(50's pack: ৳ 400.00)
33177,Rapilief,allopathic,rapiliefcapsule8-mg,Capsule,Silodosin,8 mg,Nuvista Pharma Ltd.,Unit Price: ৳ 24.00,
33176,Rapilief,allopathic,rapiliefcapsule4-mg,Capsule,Silodosin,4 mg,Nuvista Pharma Ltd.,Unit Price: ৳ 12.00,
27522,Rapiflo,allopathic,rapiflocapsule8-mg,Capsule,Silodosin,8 mg,Square Pharmaceuticals Ltd.,"Unit Price: ৳ 25.00,(20's pack: ৳ 500.00),",(20's pack: ৳ 500.00)
30436,Rapiclav,allopathic,rapiclavpowder-for-suspension125-mg3125-mg5-ml,Powder for Suspension,Cefuroxime Axetil + Clavulanic Acid,(125 mg+31.25 mg)/5 ml,Techno Drugs Ltd.,70 ml bottle: ৳ 250.00,
27360,Rapiclav,allopathic,rapiclavtablet500-mg125-mg,Tablet,Cefuroxime Axetil + Clavulanic Acid,500 mg+125 mg,Techno Drugs Ltd.,"Unit Price: ৳ 50.00,(12's pack: ৳ 600.00),",(12's pack: ৳ 600.00)
27359,Rapiclav,allopathic,rapiclavtablet250-mg625-mg,Tablet,Cefuroxime Axetil + Clavulanic Acid,250 mg+62.5 mg,Techno Drugs Ltd.,"Unit Price: ৳ 30.00,(12's pack: ৳ 360.00),",(12's pack: ৳ 360.00)
16675,Rapasin,allopathic,rapasincapsule8-mg,Capsule,Silodosin,8 mg,UniMed UniHealth,"Unit Price: ৳ 24.00,(16's pack: ৳ 384.00),",(16's pack: ৳ 384.00)
16674,Rapasin,allopathic,rapasincapsule4-mg,Capsule,Silodosin,4 mg,UniMed UniHealth,"Unit Price: ৳ 12.00,(16's pack: ৳ 192.00),",(16's pack: ৳ 192.00)
23081,Ranzo,allopathic,ranzocapsule-delayed-release20-mg,Capsule (Delayed Release),Omeprazole,20 mg,Oyster Pharmaceuticals Ltd.,"Unit Price: ৳ 4.00,(60's pack: ৳ 240.00),",(60's pack: ৳ 240.00)
25659,Ranzith,allopathic,ranzithtablet500-mg,Tablet,Azithromycin Dihydrate,500 mg,Rangs Pharmaceuticals Ltd.,"Unit Price: ৳ 35.11,(6's pack: ৳ 210.66),,Unit Price: ৳ 35.11,(12's pack: ৳ 421.32),","(6's pack: ৳ 210.66),(12's pack: ৳ 421.32)"
8677,Ranzith,allopathic,ranzithpowder-for-suspension200-mg5-ml,Powder for Suspension,Azithromycin Dihydrate,200 mg/5 ml,Rangs Pharmaceuticals Ltd.,"15 ml bottle: ৳ 85.26,30 ml bottle: ৳ 131.00,50 ml bottle: ৳ 186.00",
8675,Ranzith,allopathic,ranzithcapsule250-mg,Capsule,Azithromycin Dihydrate,250 mg,Rangs Pharmaceuticals Ltd.,"Unit Price: ৳ 23.00,(6's pack: ৳ 138.00),",(6's pack: ৳ 138.00)
13823,Ranvit-B,allopathic,ranvit-bsyrup,Syrup,Vitamin B complex,,Rangs Pharmaceuticals Ltd.,"100 ml bottle: ৳ 35.65,200 ml bottle: ৳ 62.19",
13822,Ranvit-B,allopathic,ranvit-btablet,Tablet,Vitamin B complex,,Rangs Pharmaceuticals Ltd.,"Unit Price: ৳ 0.62,(45's pack: ৳ 27.90),",(45's pack: ৳ 27.90)
1767,Ranul,allopathic,ranultablet150-mg,Tablet,Ranitidine Hydrochloride,150 mg,Apex Pharmaceuticals Ltd.,"Unit Price: ৳ 2.00,(100's pack: ৳ 200.00),",(100's pack: ৳ 200.00)
24021,Rasonix JR,allopathic,rasonix-jrsprinkle-capsule10-mg,Sprinkle Capsule,Rabeprazole Sodium,10 mg,Incepta Pharmaceuticals Ltd.,"Unit Price: ৳ 3.50,(56's pack: ৳ 196.00),",(56's pack: ৳ 196.00)
24020,Rasonix,allopathic,rasonixcapsule-delayed-release20-mg,Capsule (Delayed Release),Rabeprazole Sodium,20 mg,Incepta Pharmaceuticals Ltd.,"Unit Price: ৳ 8.00,(56's pack: ৳ 448.00),",(56's pack: ৳ 448.00)
2272,Rasonix,allopathic,rasonixtablet-enteric-coated20-mg,Tablet (Enteric Coated),Rabeprazole Sodium,20 mg,Incepta Pharmaceuticals Ltd.,"Unit Price: ৳ 5.00,(50's pack: ৳ 250.00),",(50's pack: ৳ 250.00)
28420,Rashcure,allopathic,rashcureointment5,Ointment,Dexpanthenol,5%,Eskayef Pharmaceuticals Ltd.,50 gm tube: ৳ 200.00,
27524,Rasalet,allopathic,rasalettablet1-mg,Tablet,Rasagiline,1 mg,Square Pharmaceuticals Ltd.,"Unit Price: ৳ 20.00,(10's pack: ৳ 200.00),",(10's pack: ৳ 200.00)
1119,Rasalet,allopathic,rasalettablet05-mg,Tablet,Rasagiline,0.5 mg,Square Pharmaceuticals Ltd.,"Unit Price: ৳ 15.00,(20's pack: ৳ 300.00),",(20's pack: ৳ 300.00)
29224,Rasagil,allopathic,rasagiltablet1-mg,Tablet,Rasagiline,1 mg,Healthcare Pharmaceuticals Ltd.,"Unit Price: ৳ 20.00,(20's pack: ৳ 400.00),",(20's pack: ৳ 400.00)
29223,Rasagil,allopathic,rasagiltablet05-mg,Tablet,Rasagiline,0.5 mg,Healthcare Pharmaceuticals Ltd.,"Unit Price: ৳ 15.00,(20's pack: ৳ 300.00),",(20's pack: ৳ 300.00)
11288,Rapofen,allopathic,rapofentablet400-mg,Tablet,Ibuprofen,400 mg,Pharmadesh Laboratories Ltd.,"Unit Price: ৳ 1.33,(100's pack: ৳ 133.00),",(100's pack: ৳ 133.00)
24024,Rapo,allopathic,rapotablet-enteric-coated20-mg,Tablet (Enteric Coated),Rabeprazole Sodium,20 mg,Medicon Pharmaceuticals Ltd.,"Unit Price: ৳ 4.83,(60's pack: ৳ 289.75),",(60's pack: ৳ 289.75)
4570,Rapine,allopathic,rapinetablet75-mg,Tablet,Mirtazapine,7.5 mg,ACI Limited,"Unit Price: ৳ 6.00,(50's pack: ৳ 300.00),",(50's pack: ৳ 300.00)
4569,Rapine,allopathic,rapinetablet30-mg,Tablet,Mirtazapine,30 mg,ACI Limited,"Unit Price: ৳ 15.00,(30's pack: ৳ 450.00),",(30's pack: ৳ 450.00)
1766,Rantop,allopathic,rantoptablet150-mg,Tablet,Ranitidine Hydrochloride,150 mg,Novus Pharmaceuticals Ltd.,"Unit Price: ৳ 2.00,(100's pack: ৳ 200.00),",(100's pack: ৳ 200.00)
22890,Rantoin,allopathic,rantointablet100-mg,Tablet,Nitrofurantoin,100 mg,Drug International Ltd.,"Unit Price: ৳ 6.00,(30's pack: ৳ 180.00),",(30's pack: ৳ 180.00)
13691,Rebion,allopathic,rebiontablet100-mg200-mg200-mcg,Tablet,"Vitamin B1, B6 & B12",100 mg+200 mg+200 mcg,Rephco Pharmaceuticals Ltd.,"Unit Price: ৳ 8.33,(50's pack: ৳ 416.50),",(50's pack: ৳ 416.50)
32881,Rebiact,allopathic,rebiactcapsule45-mg,Capsule,Rivastigmine Tartrate,4.5 mg,Genvio Pharma Ltd.,"Unit Price: ৳ 40.00,(10's pack: ৳ 400.00),",(10's pack: ৳ 400.00)
32880,Rebiact,allopathic,rebiactcapsule15-mg,Capsule,Rivastigmine Tartrate,1.5 mg,Genvio Pharma Ltd.,"Unit Price: ৳ 23.00,(30's pack: ৳ 690.00),",(30's pack: ৳ 690.00)
31504,Rebalin,allopathic,rebalincapsule75-mg,Capsule,Pregabalin,75 mg,Silco Pharmaceutical Ltd.,"Unit Price: ৳ 15.00,(30's pack: ৳ 450.00),",(30's pack: ৳ 450.00)
31503,Rebalin,allopathic,rebalincapsule50-mg,Capsule,Pregabalin,50 mg,Silco Pharmaceutical Ltd.,"Unit Price: ৳ 12.00,(30's pack: ৳ 360.00),",(30's pack: ৳ 360.00)
31502,Rebalin,allopathic,rebalincapsule25-mg,Capsule,Pregabalin,25 mg,Silco Pharmaceutical Ltd.,"Unit Price: ৳ 8.00,(30's pack: ৳ 240.00),",(30's pack: ৳ 240.00)
15933,Re-Fenac,allopathic,re-fenacophthalmic-solution009,Ophthalmic Solution,Bromfenac Sodium,0.09%,Reman Drug Laboratories Ltd.,5 ml drop: ৳ 100.00,
1813,Re 40,allopathic,re-40capsule-delayed-release40-mg,Capsule (Delayed Release),Omeprazole,40 mg,Reman Drug Laboratories Ltd.,"Unit Price: ৳ 5.50,(20's pack: ৳ 110.00),",(20's pack: ৳ 110.00)
1952,Re 20,allopathic,re-20capsule-delayed-release20-mg,Capsule (Delayed Release),Omeprazole,20 mg,Reman Drug Laboratories Ltd.,"Unit Price: ৳ 5.00,(40's pack: ৳ 200.00),",(40's pack: ৳ 200.00)
2273,Razole,allopathic,razoletablet-enteric-coated20-mg,Tablet (Enteric Coated),Rabeprazole Sodium,20 mg,Kemiko Pharmaceuticals Ltd.,"Unit Price: ৳ 5.02,(50's pack: ৳ 251.00),",(50's pack: ৳ 251.00)
27017,Razithro,allopathic,razithrotablet500-mg,Tablet,Azithromycin Dihydrate,500 mg,Jenphar Bangladesh Ltd.,"Unit Price: ৳ 35.00,(12's pack: ৳ 420.00),",(12's pack: ৳ 420.00)
8678,Razithro,allopathic,razithropowder-for-suspension200-mg5-ml,Powder for Suspension,Azithromycin Dihydrate,200 mg/5 ml,Jenphar Bangladesh Ltd.,"15 ml bottle: ৳ 85.00,35 ml bottle: ৳ 130.00,50 ml bottle: ৳ 186.00",
1768,Ravia,allopathic,raviatablet150-mg,Tablet,Ranitidine Hydrochloride,150 mg,Pharmasia Limited,"Unit Price: ৳ 1.00,(100's pack: ৳ 100.00),,Unit Price: ৳ 1.00,(150's pack: ৳ 150.00),","(100's pack: ৳ 100.00),(150's pack: ৳ 150.00)"
31114,Ratirex,allopathic,ratirextablet90-mg,Tablet,Etoricoxib,90 mg,Biogen Pharmaceuticals Ltd.,"Unit Price: ৳ 12.00,(40's pack: ৳ 480.00),",(40's pack: ৳ 480.00)
26633,Ratinol Forte,allopathic,ratinol-fortecapsule200000-iu,Capsule,Vitamin A,200000 IU,Drug International Ltd.,"Unit Price: ৳ 3.00,(50's pack: ৳ 150.00),",(50's pack: ৳ 150.00)
13496,Ratinol Forte,allopathic,ratinol-fortecapsule50000-iu,Capsule,Vitamin A,50000 IU,Drug International Ltd.,"Unit Price: ৳ 1.93,(60's pack: ৳ 115.80),,Unit Price: ৳ 1.93,(120's pack: ৳ 231.60),","(60's pack: ৳ 115.80),(120's pack: ৳ 231.60)"
6975,Recepra,allopathic,receprapowder-for-suspension125-mg5-ml,Powder for Suspension,Cephradine,125 mg/5 ml,Reliance Pharmaceuticals Ltd.,100 ml bottle: ৳ 75.00,
6974,Recepra,allopathic,recepracapsule500-mg,Capsule,Cephradine,500 mg,Reliance Pharmaceuticals Ltd.,"Unit Price: ৳ 12.50,(20's pack: ৳ 250.00),",(20's pack: ৳ 250.00)
28660,Recelbia,allopathic,recelbiaiv-infusion10-mgml,IV Infusion,Rituximab,10 mg/ml,Healthcare Pharmaceuticals Ltd.,"100 mg vial: ৳ 12,000.00,500 mg vial: ৳ 59,000.00",
16656,Receca,allopathic,rececaoral-powder30-mgsachet,Oral Powder,Racecadotril,30 mg/sachet,NIPRO JMI Pharma Ltd.,"30 mg sachet: ৳ 10.00,(30's pack: ৳ 300.00),",(30's pack: ৳ 300.00)
16655,Receca,allopathic,rececaoral-powder10-mgsachet,Oral Powder,Racecadotril,10 mg/sachet,NIPRO JMI Pharma Ltd.,"10 mg sachet: ৳ 7.00,(30's pack: ৳ 210.00),",(30's pack: ৳ 210.00)
16654,Receca,allopathic,rececacapsule100-mg,Capsule,Racecadotril,100 mg,NIPRO JMI Pharma Ltd.,"Unit Price: ৳ 6.02,(30's pack: ৳ 180.60),",(30's pack: ৳ 180.60)
22620,Recast,allopathic,recastchewable-tablet5-mg,Chewable Tablet,Montelukast Sodium,5 mg,Monicopharma Ltd.,"Unit Price: ৳ 8.00,(30's pack: ৳ 240.00),",(30's pack: ৳ 240.00)
22619,Recast,allopathic,recastchewable-tablet4-mg,Chewable Tablet,Montelukast Sodium,4 mg,Monicopharma Ltd.,"Unit Price: ৳ 6.00,(30's pack: ৳ 180.00),",(30's pack: ৳ 180.00)
22618,Recast,allopathic,recasttablet10-mg,Tablet,Montelukast Sodium,10 mg,Monicopharma Ltd.,"Unit Price: ৳ 15.00,(20's pack: ৳ 300.00),",(20's pack: ৳ 300.00)
17981,Recard,allopathic,recardtablet50-mg,Tablet,Atenolol,50 mg,Rephco Pharmaceuticals Ltd.,"Unit Price: ৳ 0.78,(100's pack: ৳ 78.00),",(100's pack: ৳ 78.00)
11312,Rebufen,allopathic,rebufentablet400-mg,Tablet,Ibuprofen,400 mg,Rephco Pharmaceuticals Ltd.,"Unit Price: ৳ 1.25,(100's pack: ৳ 125.00),",(100's pack: ৳ 125.00)
13692,Rebion,allopathic,rebionim-injection100-mg100-mg1-mg3-ml,IM Injection,"Vitamin B1, B6 & B12",(100 mg+100 mg+1 mg)/3 ml,Rephco Pharmaceuticals Ltd.,"3 ml ampoule: ৳ 25.00,(10's pack: ৳ 250.00),",(10's pack: ৳ 250.00)
13608,Rata,allopathic,ratatablet10-mg,Tablet,Rupatadine Fumarate,10 mg,Medicon Pharmaceuticals Ltd.,"Unit Price: ৳ 9.97,(30's pack: ৳ 299.00),",(30's pack: ৳ 299.00)
24000,Rasoz,allopathic,rasoztablet-enteric-coated20-mg,Tablet (Enteric Coated),Rabeprazole Sodium,20 mg,Astra Biopharmaceuticals Ltd.,Unit Price: ৳ 5.00,
31959,Recofast CV,allopathic,recofast-cvtablet250-mg625-mg,Tablet,Cefuroxime Axetil + Clavulanic Acid,250 mg+62.5 mg,Rangs Pharmaceuticals Ltd.,"Unit Price: ৳ 30.00,(12's pack: ৳ 360.00),",(12's pack: ৳ 360.00)
27826,Recofast,allopathic,recofasttablet125-mg,Tablet,Cefuroxime Axetil,125 mg,Rangs Pharmaceuticals Ltd.,"Unit Price: ৳ 15.05,(8's pack: ৳ 120.40),",(8's pack: ৳ 120.40)
7314,Recofast,allopathic,recofastimiv-injection750-mgvial,IM/IV Injection,Cefuroxime Axetil,750 mg/vial,Rangs Pharmaceuticals Ltd.,750 mg vial: ৳ 125.37,
7313,Recofast,allopathic,recofastpowder-for-suspension125-mg5-ml,Powder for Suspension,Cefuroxime Axetil,125 mg/5 ml,Rangs Pharmaceuticals Ltd.,70 ml bottle: ৳ 210.00,
7312,Recofast,allopathic,recofasttablet500-mg,Tablet,Cefuroxime Axetil,500 mg,Rangs Pharmaceuticals Ltd.,"Unit Price: ৳ 45.14,(8's pack: ৳ 361.12),",(8's pack: ৳ 361.12)
7311,Recofast,allopathic,recofasttablet250-mg,Tablet,Cefuroxime Axetil,250 mg,Rangs Pharmaceuticals Ltd.,"Unit Price: ৳ 25.08,(12's pack: ৳ 300.96),",(12's pack: ৳ 300.96)
25530,Recof,allopathic,recofpediatric-drops6-mgml,Pediatric Drops,Ambroxol Hydrochloride,6 mg/ml,Renata Limited,15 ml bottle: ৳ 30.00,
4067,Recof,allopathic,recofsyrup15-mg5-ml,Syrup,Ambroxol Hydrochloride,15 mg/5 ml,Renata Limited,100 ml bottle: ৳ 40.00,
1769,Recodin,allopathic,recodintablet150-mg,Tablet,Ranitidine Hydrochloride,150 mg,Concord Pharmaceuticals Ltd.,"Unit Price: ৳ 2.50,(150's pack: ৳ 375.00),",(150's pack: ৳ 375.00)
21937,Recocid Plus,allopathic,recocid-plusoral-suspension200-mg400-mg30-mg5-ml,Oral Suspension,Aluminium Hydroxide + Magnesium Hydroxide + Simethicone,(200 mg+400 mg+30 mg)/5 ml,Rephco Pharmaceuticals Ltd.,200 ml bottle: ৳ 110.00,
513,Recocid Plus,allopathic,recocid-pluschewable-tablet400-mg400-mg30-mg,Chewable Tablet,Aluminium Hydroxide + Magnesium Hydroxide + Simethicone,400 mg+400 mg+30 mg,Rephco Pharmaceuticals Ltd.,"Unit Price: ৳ 1.00,(200's pack: ৳ 200.00),",(200's pack: ৳ 200.00)
21936,Recocid,allopathic,recocidoral-suspension175-mg225-mg5-ml,Oral Suspension,Aluminium Hydroxide + Magnesium Hydroxide,(175 mg+225 mg)/5 ml,Rephco Pharmaceuticals Ltd.,200 ml bottle: ৳ 75.00,
25248,Reclevus Met,allopathic,reclevus-mettablet50-mg850-mg,Tablet,Vildagliptin + Metformin Hydrochloride,50 mg+850 mg,Innovative Pharma (Albion),"Unit Price: ৳ 33.06,(30's pack: ৳ 991.70),",(30's pack: ৳ 991.70)
25247,Reclevus Met,allopathic,reclevus-mettablet50-mg500-mg,Tablet,Vildagliptin + Metformin Hydrochloride,50 mg+500 mg,Innovative Pharma (Albion),"Unit Price: ৳ 33.06,(30's pack: ৳ 991.70),",(30's pack: ৳ 991.70)
25238,Reclevus,allopathic,reclevustablet50-mg,Tablet,Vildagliptin,50 mg,Innovative Pharma (Albion),"Unit Price: ৳ 33.06,(30's pack: ৳ 991.70),",(30's pack: ৳ 991.70)
30914,Recita,allopathic,recitatablet10-mg,Tablet,Escitalopram Oxalate,10 mg,Goodman Pharmaceuticals Ltd.,"Unit Price: ৳ 12.00,(30's pack: ৳ 360.00),",(30's pack: ৳ 360.00)
11259,Recox,allopathic,recoxtablet90-mg,Tablet,Etoricoxib,90 mg,Renata Limited,"Unit Price: ৳ 12.00,(20's pack: ৳ 240.00),",(20's pack: ৳ 240.00)
11258,Recox,allopathic,recoxtablet60-mg,Tablet,Etoricoxib,60 mg,Renata Limited,"Unit Price: ৳ 7.00,(30's pack: ৳ 210.00),",(30's pack: ৳ 210.00)
13268,Recova Plus,allopathic,recova-pluscapsule,Capsule,Iron + Folic Acid + Vitamin B Complex + Vitamine C + Zinc Sulfate,,Peoples Pharma Ltd.,"Unit Price: ৳ 3.50,(100's pack: ৳ 350.00),",(100's pack: ৳ 350.00)
16479,Recormon,allopathic,recormonivsc-injection10000-iu06-ml,IV/SC Injection,Epoetin Beta,10000 IU/0.6 ml,Roche Bangladesh Ltd.,"0.6 ml pre-filled syringe: ৳ 5,000.00",
16478,Recormon,allopathic,recormonivsc-injection5000-iu03-ml,IV/SC Injection,Epoetin Beta,5000 IU/0.3 ml,Roche Bangladesh Ltd.,"0.3 ml pre-filled syringe: ৳ 2,525.00",
16477,Recormon,allopathic,recormonivsc-injection2000-iu03-ml,IV/SC Injection,Epoetin Beta,2000 IU/0.3 ml,Roche Bangladesh Ltd.,"0.3 ml pre-filled syringe: ৳ 1,000.00",
11664,Reconil,allopathic,reconiltablet200-mg,Tablet,Hydroxychloroquine Sulphate,200 mg,Incepta Pharmaceuticals Ltd.,"Unit Price: ৳ 12.00,(30's pack: ৳ 360.00),",(30's pack: ৳ 360.00)
20035,Recogen,allopathic,recogenivsc-injection10000-iu,IV/SC Injection,Erythropoietin,10000 IU,ACI Limited,"10000 IU pre-filled syringe: ৳ 3,900.00",
20034,Recogen,allopathic,recogenivsc-injection5000-iu,IV/SC Injection,Erythropoietin,5000 IU,ACI Limited,"5000 IU pre-filled syringe: ৳ 2,000.00",
20033,Recogen,allopathic,recogenivsc-injection3000-iu,IV/SC Injection,Erythropoietin,3000 IU,ACI Limited,"3000 IU pre-filled syringe: ৳ 1,300.00",
20032,Recogen,allopathic,recogenivsc-injection2000-iu,IV/SC Injection,Erythropoietin,2000 IU,ACI Limited,"2000 IU pre-filled syringe: ৳ 1,000.00",
31960,Recofast CV,allopathic,recofast-cvtablet500-mg125-mg,Tablet,Cefuroxime Axetil + Clavulanic Acid,500 mg+125 mg,Rangs Pharmaceuticals Ltd.,"Unit Price: ৳ 50.00,(12's pack: ৳ 600.00),",(12's pack: ৳ 600.00)
30913,Recita,allopathic,recitatablet5-mg,Tablet,Escitalopram Oxalate,5 mg,Goodman Pharmaceuticals Ltd.,"Unit Price: ৳ 6.00,(50's pack: ৳ 300.00),",(50's pack: ৳ 300.00)
8411,Recin,allopathic,recinophthalmic-solution03,Ophthalmic Solution,Gentamicin Sulfate (Ophthalmic),0.30%,Reman Drug Laboratories Ltd.,10 ml drop: ৳ 35.00,
26738,Reefcal-DX,allopathic,reefcal-dxtablet600-mg400-iu,Tablet,Calcium Carbonate [Elemental source] + Vitamin D3,600 mg+400 IU,Ziska Pharmaceuticals Ltd.,"Unit Price: ৳ 15.00,(30's pack: ৳ 450.00),",(30's pack: ৳ 450.00)
26737,Reefcal-D,allopathic,reefcal-dtablet500-mg200-iu,Tablet,Calcium Carbonate [Elemental source] + Vitamin D3,500 mg+200 IU,Ziska Pharmaceuticals Ltd.,"Unit Price: ৳ 10.00,(50's pack: ৳ 500.00),",(50's pack: ৳ 500.00)
29443,Reefcal Kit,allopathic,reefcal-kittablet150-mg600-mg400-iu,Tablet,Ibandronic Acid + Calcium Carbonate + Vitamin D3,150 mg+600 mg+400 IU,Ziska Pharmaceuticals Ltd.,"(1 & 60) tablet kit: ৳ 1,410.00",
26112,Reef-DX,allopathic,reef-dxtablet600-mg400-iu,Tablet,Calcium Carbonate [Coral source] + Vitamin D3,600 mg+400 IU,Healthcare Pharmaceuticals Ltd.,"Unit Price: ৳ 15.00,(30's pack: ৳ 450.00),",(30's pack: ৳ 450.00)
26111,Reef-D,allopathic,reef-dtablet500-mg200-iu,Tablet,Calcium Carbonate [Coral source] + Vitamin D3,500 mg+200 IU,Healthcare Pharmaceuticals Ltd.,"Unit Price: ৳ 10.00,(50's pack: ৳ 500.00),",(50's pack: ৳ 500.00)
30292,Reducof,allopathic,reducofsyrup20-mg10-mg25-mg5-ml,Syrup,Dextromethorphan + Phenylephrine + Triprolidine,(20 mg+10 mg+2.5 mg)/5 ml,Renata Limited,100 ml bottle: ৳ 100.00,
22297,Rednisone,allopathic,rednisonetablet5-mg,Tablet,Prednisolone,5 mg,Rephco Pharmaceuticals Ltd.,"Unit Price: ৳ 0.52,(500's pack: ৳ 260.00),",(500's pack: ৳ 260.00)
25253,Redia M,allopathic,redia-mtablet50-mg850-mg,Tablet,Vildagliptin + Metformin Hydrochloride,50 mg+850 mg,Healthcare Pharmaceuticals Ltd.,"Unit Price: ৳ 24.00,(20's pack: ৳ 480.00),",(20's pack: ৳ 480.00)
25252,Redia M,allopathic,redia-mtablet50-mg500-mg,Tablet,Vildagliptin + Metformin Hydrochloride,50 mg+500 mg,Healthcare Pharmaceuticals Ltd.,"Unit Price: ৳ 22.00,(21's pack: ৳ 462.00),",(21's pack: ৳ 462.00)
5539,Redia,allopathic,rediatablet50-mg,Tablet,Vildagliptin,50 mg,Healthcare Pharmaceuticals Ltd.,"Unit Price: ৳ 20.00,(20's pack: ৳ 400.00),",(20's pack: ৳ 400.00)
27828,Redema,allopathic,redematablet40-mg50-mg,Tablet,Furosemide + Spironolactone,40 mg+50 mg,Rangs Pharmaceuticals Ltd.,"Unit Price: ৳ 8.03,(30's pack: ৳ 240.90),",(30's pack: ৳ 240.90)
27827,Redema,allopathic,redematablet20-mg50-mg,Tablet,Furosemide + Spironolactone,20 mg+50 mg,Rangs Pharmaceuticals Ltd.,"Unit Price: ৳ 6.02,(30's pack: ৳ 180.60),",(30's pack: ৳ 180.60)
13396,Red Plus Extra,allopathic,red-plus-extracapsule,Capsule,Iron Polymaltose Complex + Folic Acid + Zinc + Vitamin B-Complex,,Ad-din Pharmaceuticals Ltd.,"Unit Price: ৳ 3.50,(100's pack: ৳ 350.00),",(100's pack: ৳ 350.00)
13313,Red Plus,allopathic,red-pluscapsule-timed-release150-mg05-mg618-mg,Capsule (Timed Release),Ferrous Sulfate + Folic Acid + Zinc Sulfate,150 mg+0.5 mg+61.8 mg,Ad-din Pharmaceuticals Ltd.,"Unit Price: ৳ 3.00,(100's pack: ৳ 300.00),",(100's pack: ৳ 300.00)
15579,Recur,allopathic,recurtablet1-mg,Tablet,Finasteride [For Androgenic Alopecia],1 mg,Beximco Pharmaceuticals Ltd.,"Unit Price: ৳ 4.02,(30's pack: ৳ 120.46),",(30's pack: ৳ 120.46)
15452,Recular,allopathic,recularophthalmic-solution05,Ophthalmic Solution,Ketorolac Tromethamine (Ophthalmic),0.50%,Reman Drug Laboratories Ltd.,5 ml drop: ৳ 80.30,
17181,Reflexen,allopathic,reflexentablet10-mg,Tablet,Baclofen,10 mg,NIPRO JMI Pharma Ltd.,"Unit Price: ৳ 8.00,(30's pack: ৳ 240.00),",(30's pack: ৳ 240.00)
16693,Reflacid,allopathic,reflacidoral-suspension500-mg100-mg5-ml,Oral Suspension,Sodium Alginate + Potassium Bicarbonate,(500 mg+100 mg)/5 ml,Organic Health Care Ltd.,200 ml bottle: ৳ 135.00,
30850,Refla,allopathic,reflaoral-suspension6-mg5-ml,Oral Suspension,Deflazacort,6 mg/5 ml,Jenphar Bangladesh Ltd.,60 ml bottle: ৳ 200.00,
19699,Refla,allopathic,reflatablet24-mg,Tablet,Deflazacort,24 mg,Jenphar Bangladesh Ltd.,"Unit Price: ৳ 30.00,(20's pack: ৳ 600.00),",(20's pack: ৳ 600.00)
16421,Refla,allopathic,reflatablet6-mg,Tablet,Deflazacort,6 mg,Jenphar Bangladesh Ltd.,"Unit Price: ৳ 8.00,(30's pack: ৳ 240.00),",(30's pack: ৳ 240.00)
15890,Refemoline,allopathic,refemolineophthalmic-solution010025,Ophthalmic Solution,Fluorometholone + Tetrahydrozoline,0.1%+0.025%,Reman Drug Laboratories Ltd.,5 ml drop: ৳ 100.00,
11075,Refain TR,allopathic,refain-trcapsule-timed-release100-mg,Capsule (Timed Release),Diclofenac Sodium,100 mg,Monicopharma Ltd.,"Unit Price: ৳ 3.00,(48's pack: ৳ 144.00),",(48's pack: ৳ 144.00)
11076,Refain,allopathic,refainim-injection75-mg3-ml,IM Injection,Diclofenac Sodium,75 mg/3 ml,Monicopharma Ltd.,"3 ml ampoule: ৳ 9.50,(10's pack: ৳ 95.00),",(10's pack: ৳ 95.00)
11074,Refain,allopathic,refaintablet50-mg,Tablet,Diclofenac Sodium,50 mg,Monicopharma Ltd.,"Unit Price: ৳ 0.83,(100's pack: ৳ 83.00),",(100's pack: ৳ 83.00)
1770,Reetac-R,allopathic,reetac-rtablet150-mg,Tablet,Ranitidine Hydrochloride,150 mg,Navana Pharmaceuticals Ltd.,"Unit Price: ৳ 2.00,(100's pack: ৳ 200.10),",(100's pack: ৳ 200.10)
26744,Reelife,allopathic,reelifetablet125-mg5-mg,Tablet,Amitriptyline Hydrochloride + Chlordiazepoxide,12.5 mg+5 mg,Eskayef Pharmaceuticals Ltd.,"Unit Price: ৳ 8.00,(40's pack: ৳ 320.00),,Unit Price: ৳ 8.00,(56's pack: ৳ 448.00),","(40's pack: ৳ 320.00),(56's pack: ৳ 448.00)"
12271,Reelart,allopathic,reelarttablet5-mg,Tablet,Desloratadine,5 mg,MST Pharma,"Unit Price: ৳ 2.50,(50's pack: ৳ 125.00),",(50's pack: ৳ 125.00)
3034,Rectocare,allopathic,rectocareointment04,Ointment,Nitroglycerin (Ointment),0.40%,Square Pharmaceuticals Ltd.,15 gm tube: ৳ 65.45,
11260,Recox,allopathic,recoxtablet120-mg,Tablet,Etoricoxib,120 mg,Renata Limited,"Unit Price: ৳ 14.00,(20's pack: ৳ 280.00),",(20's pack: ৳ 280.00)
1953,Regerd,allopathic,regerdcapsule-delayed-release20-mg,Capsule (Delayed Release),Omeprazole,20 mg,Organic Health Care Ltd.,"Unit Price: ৳ 5.02,(100's pack: ৳ 502.00),",(100's pack: ৳ 502.00)
32819,Reganex,allopathic,reganextablet40-mg,Tablet,Regorafenib,40 mg,Jenphar Bangladesh Ltd.,,
12812,Regain,allopathic,regainscalp-solution5,Scalp Solution,Minoxidil,5%,Renata Limited,60 ml bottle: ৳ 600.00,
12811,Regain,allopathic,regainscalp-solution2,Scalp Solution,Minoxidil,2%,Renata Limited,60 ml bottle: ৳ 500.00,
32112,Regab,allopathic,regabcapsule150-mg,Capsule,Pregabalin,150 mg,Beacon Pharmaceuticals Ltd.,"Unit Price: ৳ 30.00,(20's pack: ৳ 600.00),",(20's pack: ৳ 600.00)
32111,Regab,allopathic,regabcapsule100-mg,Capsule,Pregabalin,100 mg,Beacon Pharmaceuticals Ltd.,"Unit Price: ৳ 22.00,(20's pack: ৳ 440.00),",(20's pack: ৳ 440.00)
5046,Regab,allopathic,regabcapsule75-mg,Capsule,Pregabalin,75 mg,Beacon Pharmaceuticals Ltd.,"Unit Price: ৳ 16.05,(20's pack: ৳ 321.00),",(20's pack: ৳ 321.00)
5045,Regab,allopathic,regabcapsule50-mg,Capsule,Pregabalin,50 mg,Beacon Pharmaceuticals Ltd.,"Unit Price: ৳ 12.04,(20's pack: ৳ 240.80),",(20's pack: ৳ 240.80)
5044,Regab,allopathic,regabcapsule25-mg,Capsule,Pregabalin,25 mg,Beacon Pharmaceuticals Ltd.,"Unit Price: ৳ 9.50,(30's pack: ৳ 285.00),",(30's pack: ৳ 285.00)
7316,Refurox,allopathic,refuroxtablet500-mg,Tablet,Cefuroxime Axetil,500 mg,Radiant Pharmaceuticals Ltd.,"Unit Price: ৳ 55.00,(8's pack: ৳ 440.00),",(8's pack: ৳ 440.00)
7315,Refurox,allopathic,refuroxtablet250-mg,Tablet,Cefuroxime Axetil,250 mg,Radiant Pharmaceuticals Ltd.,"Unit Price: ৳ 35.00,(10's pack: ৳ 350.00),",(10's pack: ৳ 350.00)
16157,Refresh-i,allopathic,refresh-iophthalmic-solution1,Ophthalmic Solution,Carboxymethylcellulose Sodium,1%,Asiatic Laboratories Ltd.,10 ml drop: ৳ 250.00,
26824,Refresh Tears,allopathic,refresh-tearsophthalmic-solution05,Ophthalmic Solution,Carboxymethylcellulose Sodium,0.50%,"Allergan, Inc.",15 ml drop: ৳ 300.00,
16156,Refresh Liquigel,allopathic,refresh-liquigelophthalmic-solution1,Ophthalmic Solution,Carboxymethylcellulose Sodium,1%,"Allergan, Inc.",15 ml drop: ৳ 593.00,
13463,Refolic,allopathic,refolictablet5-mg,Tablet,Folic Acid,5 mg,Reliance Pharmaceuticals Ltd.,"Unit Price: ৳ 0.27,(100's pack: ৳ 27.00),",(100's pack: ৳ 27.00)
16470,Refol Z TR,allopathic,refol-z-trtablet47-mg05-mg225-mg,Tablet,Iron Polymaltose Complex + Folic Acid + Zinc Sulfate,47 mg+0.5 mg+22.5 mg,Reman Drug Laboratories Ltd.,"Unit Price: ৳ 2.91,(30's pack: ৳ 87.30),",(30's pack: ৳ 87.30)
17037,Regtin DS,allopathic,regtin-dstablet800-mg160-mg,Tablet,Sulphamethoxazole + Trimethoprim,800 mg+160 mg,Rephco Pharmaceuticals Ltd.,Unit Price: ৳ 2.08,
17038,Regtin,allopathic,regtinoral-suspension200-mg40-mg5-ml,Oral Suspension,Sulphamethoxazole + Trimethoprim,(200 mg+40 mg)/5 ml,Rephco Pharmaceuticals Ltd.,60 ml bottle: ৳ 21.00,
17036,Regtin,allopathic,regtintablet400-mg80-mg,Tablet,Sulphamethoxazole + Trimethoprim,400 mg+80 mg,Rephco Pharmaceuticals Ltd.,Unit Price: ৳ 1.25,
13102,Regrow,allopathic,regrowscalp-solution2,Scalp Solution,Minoxidil,2%,Techno Drugs Ltd.,60 ml bottle: ৳ 175.00,
25995,Regora,allopathic,regoratablet40-mg,Tablet,Regorafenib,40 mg,Beacon Pharmaceuticals Ltd.,"Unit Price: ৳ 700.00,(10's pack: ৳ 7,000.00),","(10's pack: ৳ 7,000.00)"
30216,Regocent,allopathic,regocenttablet40-mg,Tablet,Regorafenib,40 mg,Incepta Pharmaceuticals Ltd.,"Unit Price: ৳ 700.00,(10's pack: ৳ 7,000.00),","(10's pack: ৳ 7,000.00)"
31411,Reglutide,allopathic,reglutidesc-injection134-mgml,SC Injection,Semaglutide (Injection),1.34 mg/ml,Beximco Pharmaceuticals Ltd.,"3 ml cartridge: ৳ 5,000.00",
30315,Reglin,allopathic,reglintablet1-mg,Tablet,Repaglinide,1 mg,General Pharmaceuticals Ltd.,"Unit Price: ৳ 4.50,(20's pack: ৳ 90.00),",(20's pack: ৳ 90.00)
30314,Reglin,allopathic,reglintablet05-mg,Tablet,Repaglinide,0.5 mg,General Pharmaceuticals Ltd.,"Unit Price: ৳ 2.00,(45's pack: ৳ 90.00),",(45's pack: ৳ 90.00)
28637,Regler,allopathic,reglercapsule-delayed-release60-mg,Capsule (Delayed Release),Dexlansoprazole,60 mg,Healthcare Pharmaceuticals Ltd.,"Unit Price: ৳ 17.00,(30's pack: ৳ 510.00),",(30's pack: ৳ 510.00)
28636,Regler,allopathic,reglercapsule-delayed-release30-mg,Capsule (Delayed Release),Dexlansoprazole,30 mg,Healthcare Pharmaceuticals Ltd.,"Unit Price: ৳ 10.00,(50's pack: ৳ 500.00),",(50's pack: ৳ 500.00)
1954,Regerd,allopathic,regerdcapsule-delayed-release40-mg,Capsule (Delayed Release),Omeprazole,40 mg,Organic Health Care Ltd.,"Unit Price: ৳ 7.02,(28's pack: ৳ 196.56),",(28's pack: ৳ 196.56)
29479,Reflon,allopathic,reflontablet500-mg,Tablet,Glucosamine Hydrochloride,500 mg,Beximco Pharmaceuticals Ltd.,"Unit Price: ৳ 3.00,(100's pack: ৳ 300.00),",(100's pack: ৳ 300.00)
17182,Reflexen,allopathic,reflexentablet25-mg,Tablet,Baclofen,25 mg,NIPRO JMI Pharma Ltd.,"Unit Price: ৳ 20.06,(30's pack: ৳ 601.80),",(30's pack: ৳ 601.80)
11788,Relentus,allopathic,relentustablet2-mg,Tablet,Tizanidine Hydrochloride,2 mg,Beximco Pharmaceuticals Ltd.,"Unit Price: ৳ 5.00,(60's pack: ৳ 300.00),",(60's pack: ৳ 300.00)
1262,Relaxton,allopathic,relaxtoniv-injection25-mg25-ml,IV Injection,Atracurium Besilate,25 mg/2.5 ml,Techno Drugs Ltd.,"2.5 ml ampoule: ৳ 100.00,(5's pack: ৳ 500.00),",(5's pack: ৳ 500.00)
16386,Relaxo,allopathic,relaxocapsule50-mg,Capsule,Dantrolene Sodium,50 mg,Ziska Pharmaceuticals Ltd.,"Unit Price: ৳ 15.00,(24's pack: ৳ 360.00),",(24's pack: ৳ 360.00)
16385,Relaxo,allopathic,relaxocapsule25-mg,Capsule,Dantrolene Sodium,25 mg,Ziska Pharmaceuticals Ltd.,"Unit Price: ৳ 10.00,(50's pack: ৳ 500.00),",(50's pack: ৳ 500.00)
4263,Relaxium,allopathic,relaxiumtablet3-mg,Tablet,Bromazepam,3 mg,Amico Laboratories Ltd.,"Unit Price: ৳ 4.00,(30's pack: ৳ 120.00),",(30's pack: ৳ 120.00)
4229,Relaxen,allopathic,relaxentablet5-mg,Tablet,Diazepam,5 mg,Sonear Laboratories Ltd.,"Unit Price: ৳ 0.68,(100's pack: ৳ 68.00),",(100's pack: ৳ 68.00)
18332,Relaxaid,allopathic,relaxaidtablet3-mg,Tablet,Bromazepam,3 mg,Labaid Pharma Ltd.,"Unit Price: ৳ 5.00,(50's pack: ৳ 250.13),",(50's pack: ৳ 250.13)
29170,Relatro,allopathic,relatrocapsule25-mg,Capsule,Dantrolene Sodium,25 mg,Square Pharmaceuticals Ltd.,"Unit Price: ৳ 10.00,(20's pack: ৳ 200.00),",(20's pack: ৳ 200.00)
4516,Relafin,allopathic,relafintablet50-mg,Tablet,Fluvoxamine Maleate,50 mg,General Pharmaceuticals Ltd.,"Unit Price: ৳ 15.11,(30's pack: ৳ 453.43),",(30's pack: ৳ 453.43)
29535,Relacef Plus,allopathic,relacef-plustablet500-mg125-mg,Tablet,Cefuroxime Axetil + Clavulanic Acid,500 mg+125 mg,Cosmic Pharma Ltd.,"Unit Price: ৳ 48.00,(7's pack: ৳ 336.00),",(7's pack: ৳ 336.00)
29534,Relacef Plus,allopathic,relacef-plustablet250-mg625-mg,Tablet,Cefuroxime Axetil + Clavulanic Acid,250 mg+62.5 mg,Cosmic Pharma Ltd.,"Unit Price: ৳ 28.00,(12's pack: ৳ 336.00),,Unit Price: ৳ 28.00,(14's pack: ৳ 392.00),","(12's pack: ৳ 336.00),(14's pack: ৳ 392.00)"
29533,Relacef,allopathic,relaceftablet500-mg,Tablet,Cefuroxime Axetil,500 mg,Cosmic Pharma Ltd.,"Unit Price: ৳ 43.00,(8's pack: ৳ 344.00),",(8's pack: ৳ 344.00)
29532,Relacef,allopathic,relaceftablet250-mg,Tablet,Cefuroxime Axetil,250 mg,Cosmic Pharma Ltd.,"Unit Price: ৳ 23.00,(12's pack: ৳ 276.00),",(12's pack: ৳ 276.00)
14467,Rejuven-D,allopathic,rejuven-dtablet500-mg200-iu,Tablet,Calcium Carbonate [Elemental source] + Vitamin D3,500 mg+200 IU,Novo Healthcare and Pharma Ltd.,"Unit Price: ৳ 4.02,(15's pack: ৳ 60.23),,Unit Price: ৳ 4.02,(30's pack: ৳ 120.46),,Unit Price: ৳ 4.02,(50's pack: ৳ 200.77),","(15's pack: ৳ 60.23),(30's pack: ৳ 120.46),(50's pack: ৳ 200.77)"
14332,Rejuven,allopathic,rejuventablet500-mg,Tablet,Calcium Carbonate,500 mg,Novo Healthcare and Pharma Ltd.,"Unit Price: ৳ 3.00,(50's pack: ৳ 150.00),",(50's pack: ৳ 150.00)
13694,Rejubion,allopathic,rejubionim-injection100-mg100-mg1-mg3-ml,IM Injection,"Vitamin B1, B6 & B12",(100 mg+100 mg+1 mg)/3 ml,Beacon Pharmaceuticals Ltd.,"3 ml ampoule: ৳ 25.17,(5's pack: ৳ 125.85),",(5's pack: ৳ 125.85)
28178,Relikof,allopathic,relikofsyrup125-mg5-ml,Syrup,Citric Acid Monohydrate,125 mg/5 ml,Concord Pharmaceuticals Ltd.,100 ml bottle: ৳ 48.00,
6688,Relexid,allopathic,relexidtablet200-mg,Tablet,Pivmecillinam,200 mg,Renata Limited,"Unit Price: ৳ 12.00,(30's pack: ৳ 360.00),",(30's pack: ৳ 360.00)
11531,Releve,allopathic,relevetablet500-mg,Tablet,Naproxen Sodium,500 mg,General Pharmaceuticals Ltd.,"Unit Price: ৳ 7.00,(50's pack: ৳ 350.00),",(50's pack: ৳ 350.00)
26823,Relestat,allopathic,relestatophthalmic-solution005,Ophthalmic Solution,Epinastine Hydrochloride,0.05%,"Allergan, Inc.",5 ml drop: ৳ 337.00,
13693,Rejubion,allopathic,rejubiontablet100-mg200-mg200-mcg,Tablet,"Vitamin B1, B6 & B12",100 mg+200 mg+200 mcg,Beacon Pharmaceuticals Ltd.,"Unit Price: ৳ 8.00,(30's pack: ৳ 240.00),",(30's pack: ৳ 240.00)
28426,Rejoy,allopathic,rejoytablet30-mg,Tablet,Mirtazapine,30 mg,Eskayef Pharmaceuticals Ltd.,"Unit Price: ৳ 15.00,(30's pack: ৳ 450.00),",(30's pack: ৳ 450.00)
28425,Rejoy,allopathic,rejoytablet15-mg,Tablet,Mirtazapine,15 mg,Eskayef Pharmaceuticals Ltd.,"Unit Price: ৳ 10.00,(30's pack: ৳ 300.00),",(30's pack: ৳ 300.00)
28424,Rejoy,allopathic,rejoytablet75-mg,Tablet,Mirtazapine,7.5 mg,Eskayef Pharmaceuticals Ltd.,"Unit Price: ৳ 6.50,(30's pack: ৳ 195.00),",(30's pack: ৳ 195.00)
19789,Rejoin-D,allopathic,rejoin-dtablet750-mg50-mg,Tablet,Glucosamine Sulfate + Diacerein,750 mg+50 mg,Aristopharma Ltd.,"Unit Price: ৳ 12.00,(30's pack: ৳ 360.00),",(30's pack: ৳ 360.00)
14985,Rejoin,allopathic,rejointablet250-mg200-mg,Tablet,Glucosamine Sulfate + Chondroitin,250 mg+200 mg,Aristopharma Ltd.,"Unit Price: ৳ 8.00,(50's pack: ৳ 400.00),",(50's pack: ৳ 400.00)
24056,Rehydril,allopathic,rehydrilcapsule100-mg,Capsule,Racecadotril,100 mg,Ibn Sina Pharmaceuticals Ltd.,"Unit Price: ৳ 6.50,(30's pack: ৳ 195.00),",(30's pack: ৳ 195.00)
1639,Regut,allopathic,reguttablet10-mg,Tablet,Domperidone Maleate,10 mg,Reliance Pharmaceuticals Ltd.,"Unit Price: ৳ 2.06,(100's pack: ৳ 206.00),",(100's pack: ৳ 206.00)
6114,Regumen,allopathic,regumentablet005-mg25-mg,Tablet,Ethinyl Estradiol + Lynestrenol (0.05 mg),0.05 mg+2.5 mg,Renata Limited,21 tablet pack: ৳ 100.00,
2402,Regulose,allopathic,reguloseoral-solution335-gm5-ml,Oral Solution,Lactulose,3.35 gm/5 ml,General Pharmaceuticals Ltd.,"100 ml bottle: ৳ 120.35,200 ml bottle: ৳ 201.35",
25661,Rema-Zith,allopathic,rema-zithpowder-for-suspension200-mg5-ml,Powder for Suspension,Azithromycin Dihydrate,200 mg/5 ml,Reman Drug Laboratories Ltd.,"15 ml bottle: ৳ 85.00,35 ml bottle: ৳ 130.00",
25660,Rema-Zith,allopathic,rema-zithtablet500-mg,Tablet,Azithromycin Dihydrate,500 mg,Reman Drug Laboratories Ltd.,Unit Price: ৳ 35.00,
4264,Rem,allopathic,remtablet3-mg,Tablet,Bromazepam,3 mg,Ambee Pharmaceuticals Ltd.,"Unit Price: ৳ 3.50,(30's pack: ৳ 104.86),",(30's pack: ৳ 104.86)
17315,Relyto,allopathic,relytoiv-infusion10-mgml,IV Infusion,Rituximab,10 mg/ml,Incepta Pharmaceuticals Ltd.,"100 mg vial: ৳ 13,000.00,500 mg vial: ৳ 60,000.00",
18350,Relye,allopathic,relyeophthalmic-solution009,Ophthalmic Solution,Bromfenac Sodium,0.09%,Biopharma Laboratories Ltd.,5 ml drop: ৳ 100.00,
1446,Relvis,allopathic,relvisimiv-injection5-mg2-ml,IM/IV Injection,Tiemonium Methylsulphate,5 mg/2 ml,Biopharma Laboratories Ltd.,"2 ml ampoule: ৳ 15.00,(10's pack: ৳ 150.00),",(10's pack: ৳ 150.00)
1445,Relvis,allopathic,relvistablet50-mg,Tablet,Tiemonium Methylsulphate,50 mg,Biopharma Laboratories Ltd.,"Unit Price: ৳ 5.00,(50's pack: ৳ 250.00),",(50's pack: ৳ 250.00)
4358,Relux,allopathic,reluxtablet05-mg10-mg,Tablet,Flupentixol + Melitracen,0.5 mg+10 mg,Rephco Pharmaceuticals Ltd.,"Unit Price: ৳ 4.00,(100's pack: ৳ 400.00),",(100's pack: ৳ 400.00)
33084,Relupros,allopathic,reluprostablet120-mg,Tablet,Relugolix,120 mg,Renata Limited,"Unit Price: ৳ 250.00,(30's pack: ৳ 7,500.00),","(30's pack: ৳ 7,500.00)"
32284,Relsin,allopathic,relsincapsule8-mg,Capsule,Silodosin,8 mg,Opsonin Pharma Ltd.,"Unit Price: ৳ 24.00,(20's pack: ৳ 480.00),",(20's pack: ৳ 480.00)
32283,Relsin,allopathic,relsincapsule4-mg,Capsule,Silodosin,4 mg,Opsonin Pharma Ltd.,"Unit Price: ৳ 12.00,(30's pack: ৳ 360.00),",(30's pack: ৳ 360.00)
12226,Relor,allopathic,relortablet10-mg,Tablet,Loratadine,10 mg,Rephco Pharmaceuticals Ltd.,"Unit Price: ৳ 2.50,(50's pack: ৳ 125.00),",(50's pack: ৳ 125.00)
11753,Relofen,allopathic,relofentablet10-mg,Tablet,Baclofen,10 mg,Ad-din Pharmaceuticals Ltd.,"Unit Price: ৳ 8.00,(30's pack: ৳ 240.00),",(30's pack: ৳ 240.00)
27339,Relmas,allopathic,relmastablet10-mg,Tablet,Baclofen,10 mg,Team Pharmaceuticals Ltd.,"Unit Price: ৳ 8.00,(30's pack: ৳ 240.00),",(30's pack: ৳ 240.00)
29830,Relivix Kids,allopathic,relivix-kidssyrup3125-mg5-ml,Syrup,Citric Acid Monohydrate,31.25 mg/5 ml,Opsonin Pharma Ltd.,100 ml bottle: ৳ 45.00,
29829,Relivix,allopathic,relivixsyrup125-mg5-ml,Syrup,Citric Acid Monohydrate,125 mg/5 ml,Opsonin Pharma Ltd.,100 ml bottle: ৳ 48.00,
10221,Remagyl,allopathic,remagyloral-suspension200-mg5-ml,Oral Suspension,Metronidazole,200 mg/5 ml,Reman Drug Laboratories Ltd.,60 ml bottle: ৳ 21.50,
1640,Remadon,allopathic,remadontablet10-mg,Tablet,Domperidone Maleate,10 mg,Reman Drug Laboratories Ltd.,"Unit Price: ৳ 1.95,(100's pack: ৳ 195.00),",(100's pack: ৳ 195.00)
12663,Remacort N,allopathic,remacort-ncream0505,Cream,Hydrocortisone Acetate + Neomycin Sulphate,0.5%+0.5%,Reman Drug Laboratories Ltd.,15 gm tube: ৳ 18.92,
11846,Remacin,allopathic,remacintablet4-mg,Tablet,Chlorpheniramine Maleate,4 mg,Reman Drug Laboratories Ltd.,"Unit Price: ৳ 0.20,(200's pack: ৳ 40.00),",(200's pack: ৳ 40.00)
514,Remacid Plus,allopathic,remacid-pluschewable-tablet200-mg200-mg30-mg,Chewable Tablet,Aluminium Hydroxide + Magnesium Hydroxide + Simethicone,200 mg+200 mg+30 mg,Reman Drug Laboratories Ltd.,"Unit Price: ৳ 0.78,(200's pack: ৳ 156.00),",(200's pack: ৳ 156.00)
485,Remacid,allopathic,remacidoral-suspension175-mg225-mg5-ml,Oral Suspension,Aluminium Hydroxide + Magnesium Hydroxide,(175 mg+225 mg)/5 ml,Reman Drug Laboratories Ltd.,200 ml bottle: ৳ 32.50,
19384,Remac,allopathic,remacpowder-for-suspension125-mg5-ml,Powder for Suspension,Clarithromycin,125 mg/5 ml,Square Pharmaceuticals Ltd.,60 ml bottle: ৳ 395.00,
8774,Remac,allopathic,remactablet500-mg,Tablet,Clarithromycin,500 mg,Square Pharmaceuticals Ltd.,"Unit Price: ৳ 40.27,(6's pack: ৳ 241.62),",(6's pack: ৳ 241.62)
10616,Reliv Plus,allopathic,reliv-plustablet500-mg65-mg,Tablet,Paracetamol + Caffeine,500 mg+65 mg,Astra Biopharmaceuticals Ltd.,"Unit Price: ৳ 1.90,(100's pack: ৳ 190.00),",(100's pack: ৳ 190.00)
23392,Reliv,allopathic,relivoral-suspension120-mg5-ml,Oral Suspension,Paracetamol,120 mg/5 ml,Astra Biopharmaceuticals Ltd.,60 ml bottle: ৳ 20.63,
23391,Reliv,allopathic,relivtablet500-mg,Tablet,Paracetamol,500 mg,Astra Biopharmaceuticals Ltd.,Unit Price: ৳ 0.80,
2560,Relitch,allopathic,relitchrectal-ointment0050125,Rectal Ointment,Betamethasone + Phenylephrine + Lignocaine,0.05%+0.1%+2.5%,Drug International Ltd.,15 mg tube: ৳ 30.10,
77,Relise,allopathic,relisetablet100-mg,Tablet,Aceclofenac,100 mg,Indo Bangla Pharmaceutical,"Unit Price: ৳ 2.50,(100's pack: ৳ 250.00),",(100's pack: ৳ 250.00)
28179,Relikof Kidz,allopathic,relikof-kidzsyrup3125-mg5-ml,Syrup,Citric Acid Monohydrate,31.25 mg/5 ml,Concord Pharmaceuticals Ltd.,100 ml bottle: ৳ 45.00,
30294,Remicov,allopathic,remicoviv-infusion5-mgml,IV Infusion,Remdesivir,5 mg/ml,ACME Laboratories Ltd.,"100 mg vial: ৳ 2,000.00",
28303,Remicade,allopathic,remicadeintravitreal-injection100-mg20-ml,Intravitreal Injection,Infliximab,100 mg/20 ml,Janssen-Cilag,"100 mg vial: ৳ 32,554.50",
32551,Remet,allopathic,remettablet400-mg,Tablet,Metronidazole,400 mg,Doctor TIMS Pharmaceuticals Ltd.,"Unit Price: ৳ 1.15,(100's pack: ৳ 115.00),",(100's pack: ৳ 115.00)
5923,Remens,allopathic,remenstablet5-mg,Tablet,Norethisterone Acetate,5 mg,Popular Pharmaceuticals Ltd.,"Unit Price: ৳ 5.01,(60's pack: ৳ 300.60),",(60's pack: ৳ 300.60)
29033,Remdinil,allopathic,remdiniliv-infusion5-mgml,IV Infusion,Remdesivir,5 mg/ml,Square Pharmaceuticals Ltd.,"100 mg vial: ৳ 2,000.00",
30376,Remdigen,allopathic,remdigeniv-infusion5-mgml,IV Infusion,Remdesivir,5 mg/ml,General Pharmaceuticals Ltd.,"100 mg vial: ৳ 3,500.00",
29046,Remdevir,allopathic,remdeviriv-infusion5-mgml,IV Infusion,Remdesivir,5 mg/ml,Healthcare Pharmaceuticals Ltd.,"100 mg vial: ৳ 3,500.00",
31544,Remcor,allopathic,remcoriv-infusion5-mgml,IV Infusion,Remdesivir,5 mg/ml,ACI Limited,"100 mg vial: ৳ 3,500.00",
11754,Rembac,allopathic,rembactablet10-mg,Tablet,Baclofen,10 mg,Monicopharma Ltd.,"Unit Price: ৳ 8.00,(30's pack: ৳ 240.00),",(30's pack: ৳ 240.00)
10355,Remazin,allopathic,remazintablet50-mg,Tablet,Diethylcarbamazine Citrate,50 mg,Reman Drug Laboratories Ltd.,"Unit Price: ৳ 0.75,(100's pack: ৳ 75.00),",(100's pack: ৳ 75.00)
14221,Remavit-M,allopathic,remavit-mtablet,Tablet,Multivitamin & Multimineral,,Reman Drug Laboratories Ltd.,"Unit Price: ৳ 1.37,(30's pack: ৳ 41.10),",(30's pack: ৳ 41.10)
27208,Remave SR,allopathic,remave-srtablet-sustained-release200-mg,Tablet (Sustained Release),Aceclofenac,200 mg,Innovative Pharma (Albion),"Unit Price: ৳ 11.81,(50's pack: ৳ 590.30),",(50's pack: ৳ 590.30)
12504,Remathrin,allopathic,remathrincream5-ww,Cream,Permethrin,5% w/w,Reman Drug Laboratories Ltd.,30 gm tube: ৳ 40.50,
16071,Remaprost,allopathic,remaprostophthalmic-solution0005,Ophthalmic Solution,Latanoprost,0.01%,Reman Drug Laboratories Ltd.,2.5 ml drop: ৳ 496.87,
13825,Remaplex,allopathic,remaplexsyrup,Syrup,Vitamin B complex,,Reman Drug Laboratories Ltd.,"100 ml bottle: ৳ 20.92,200 ml bottle: ৳ 37.50",
13824,Remaplex,allopathic,remaplexcapsule,Capsule,Vitamin B complex,,Reman Drug Laboratories Ltd.,"Unit Price: ৳ 1.00,(100's pack: ৳ 100.00),",(100's pack: ৳ 100.00)
228,Remox,allopathic,remoxtablet250-mg,Tablet,Acetazolamide,250 mg,Reman Drug Laboratories Ltd.,"Unit Price: ৳ 2.00,(100's pack: ৳ 200.00),",(100's pack: ৳ 200.00)
15645,Remophos,allopathic,remophostablet667-mg,Tablet,Calcium Acetate,667 mg,ACI Limited,"Unit Price: ৳ 6.02,(50's pack: ৳ 301.00),",(50's pack: ৳ 301.00)
29536,Remopain,allopathic,remopaincream30104,Cream,Methyl Salicylate + Menthol + Camphor,30%+10%+4%,Cosmic Pharma Ltd.,20 gm tube: ৳ 95.00,
4359,Remood,allopathic,remoodtablet05-mg10-mg,Tablet,Flupentixol + Melitracen,0.5 mg+10 mg,Ibn Sina Pharmaceuticals Ltd.,"Unit Price: ৳ 5.00,(50's pack: ৳ 250.00),",(50's pack: ৳ 250.00)
29526,Remmo,allopathic,remmomups-tablet40-mg,MUPS Tablet,Esomeprazole (MUPS tablet),40 mg,Beximco Pharmaceuticals Ltd.,"Unit Price: ৳ 14.00,(30's pack: ৳ 420.00),",(30's pack: ৳ 420.00)
29515,Remmo,allopathic,remmomups-tablet20-mg,MUPS Tablet,Esomeprazole (MUPS tablet),20 mg,Beximco Pharmaceuticals Ltd.,"Unit Price: ৳ 10.00,(30's pack: ৳ 300.00),",(30's pack: ৳ 300.00)
28387,Remivir,allopathic,remiviriv-infusion5-mgml,IV Infusion,Remdesivir,5 mg/ml,Eskayef Pharmaceuticals Ltd.,"100 mg vial: ৳ 2,000.00",
4068,Remap,allopathic,remapsyrup15-mg5-ml,Syrup,Ambroxol Hydrochloride,15 mg/5 ml,Monicopharma Ltd.,100 ml bottle: ৳ 40.00,
6627,Remamox,allopathic,remamoxpowder-for-suspension125-mg5-ml,Powder for Suspension,Amoxicillin Trihydrate,125 mg/5 ml,Reman Drug Laboratories Ltd.,100 ml bottle: ৳ 45.50,
6626,Remamox,allopathic,remamoxcapsule500-mg,Capsule,Amoxicillin Trihydrate,500 mg,Reman Drug Laboratories Ltd.,"Unit Price: ৳ 5.50,(40's pack: ৳ 220.00),",(40's pack: ৳ 220.00)
6625,Remamox,allopathic,remamoxcapsule250-mg,Capsule,Amoxicillin Trihydrate,250 mg,Reman Drug Laboratories Ltd.,"Unit Price: ৳ 2.50,(100's pack: ৳ 250.00),",(100's pack: ৳ 250.00)
10617,Remalgin Plus,allopathic,remalgin-plustablet500-mg65-mg,Tablet,Paracetamol + Caffeine,500 mg+65 mg,Reman Drug Laboratories Ltd.,"Unit Price: ৳ 1.50,(100's pack: ৳ 150.00),",(100's pack: ৳ 150.00)
10495,Remalgin,allopathic,remalginoral-suspension120-mg5-ml,Oral Suspension,Paracetamol,120 mg/5 ml,Reman Drug Laboratories Ltd.,60 ml bottle: ৳ 20.00,
10494,Remalgin,allopathic,remalgintablet500-mg,Tablet,Paracetamol,500 mg,Reman Drug Laboratories Ltd.,"Unit Price: ৳ 0.80,(250's pack: ৳ 200.00),",(250's pack: ৳ 200.00)
1771,Renete,allopathic,renetetablet150-mg,Tablet,Ranitidine Hydrochloride,150 mg,Euro Pharma Ltd.,"Unit Price: ৳ 2.50,(150's pack: ৳ 375.00),",(150's pack: ৳ 375.00)
32669,Renesis,allopathic,renesistablet100-mg,Tablet,Roxadustat,100 mg,Beacon Pharmaceuticals Ltd.,"Unit Price: ৳ 600.00,(3's pack: ৳ 1,800.00),","(3's pack: ৳ 1,800.00)"
32668,Renesis,allopathic,renesistablet50-mg,Tablet,Roxadustat,50 mg,Beacon Pharmaceuticals Ltd.,"Unit Price: ৳ 350.00,(3's pack: ৳ 1,050.00),","(3's pack: ৳ 1,050.00)"
32667,Renesis,allopathic,renesistablet20-mg,Tablet,Roxadustat,20 mg,Beacon Pharmaceuticals Ltd.,"Unit Price: ৳ 200.00,(3's pack: ৳ 600.00),",(3's pack: ৳ 600.00)
13695,Renep,allopathic,reneptablet100-mg200-mg200-mcg,Tablet,"Vitamin B1, B6 & B12",100 mg+200 mg+200 mcg,Alco Pharma Ltd.,"Unit Price: ৳ 7.00,(48's pack: ৳ 336.00),,Unit Price: ৳ 7.00,(30's pack: ৳ 210.00),","(48's pack: ৳ 336.00),(30's pack: ৳ 210.00)"
32595,Renasone,allopathic,renasonecream101,Cream,Econazole Nitrate + Triamcinolone Acetonide,1%+0.1%,Renata Limited,10 gm tube: ৳ 52.00,
32626,Renapine XR,allopathic,renapine-xrtablet-extended-release50-mg,Tablet (Extended Release),Quetiapine Fumarate,50 mg,Renata Limited,"Unit Price: ৳ 8.00,(50's pack: ৳ 400.00),",(50's pack: ৳ 400.00)
32594,Renapine XR,allopathic,renapine-xrtablet-extended-release200-mg,Tablet (Extended Release),Quetiapine Fumarate,200 mg,Renata Limited,"Unit Price: ৳ 20.00,(30's pack: ৳ 600.00),",(30's pack: ৳ 600.00)
31205,Renapine,allopathic,renapinetablet25-mg,Tablet,Quetiapine Fumarate,25 mg,Renata Limited,"Unit Price: ৳ 3.00,(50's pack: ৳ 150.00),",(50's pack: ৳ 150.00)
31204,Renapine,allopathic,renapinetablet100-mg,Tablet,Quetiapine Fumarate,100 mg,Renata Limited,"Unit Price: ৳ 10.00,(48's pack: ৳ 480.00),",(48's pack: ৳ 480.00)
8326,Renamycin,allopathic,renamycincapsule250-mg,Capsule,Oxytetracycline,250 mg,Renata Limited,"Unit Price: ৳ 2.00,(60's pack: ৳ 120.00),",(60's pack: ৳ 120.00)
27206,Renaliv Met,allopathic,renaliv-mettablet25-mg500-mg,Tablet,Linagliptin + Metformin Hydrochloride,2.5 mg+500 mg,Innovative Pharma (Albion),"Unit Price: ৳ 14.17,(50's pack: ৳ 708.35),",(50's pack: ৳ 708.35)
27207,Renaliv,allopathic,renalivtablet5-mg,Tablet,Linagliptin,5 mg,Innovative Pharma (Albion),"Unit Price: ৳ 21.25,(50's pack: ৳ 1,062.53),","(50's pack: ৳ 1,062.53)"
28691,Renalaid-B,allopathic,renalaid-bdialysis-solution,Dialysis Solution,Bicarbonate Component [HCO3 Hemodialysis Solution],,Labaid Pharma Ltd.,10 liters container: ৳ 351.57,
28690,Renalaid-A,allopathic,renalaid-adialysis-solution,Dialysis Solution,Acidic component [HCO3 Hemodialysis Solution],,Labaid Pharma Ltd.,10 liters container: ৳ 441.62,
32108,Renacid,allopathic,renacidoral-suspension500-mg100-mg5-ml,Oral Suspension,Sodium Alginate + Potassium Bicarbonate,(500 mg+100 mg)/5 ml,Renata Limited,200 ml bottle: ৳ 150.00,
21840,Renosart,allopathic,renosarttablet50-mg,Tablet,Losartan Potassium,50 mg,Leon Pharmaceuticals Ltd.,"Unit Price: ৳ 8.00,(50's pack: ৳ 400.00),",(50's pack: ৳ 400.00)
5929,Renorma,allopathic,renormatablet25-mg,Tablet,Tibolone,2.5 mg,Square Pharmaceuticals Ltd.,"Unit Price: ৳ 20.13,(30's pack: ৳ 603.90),",(30's pack: ৳ 603.90)
484,Renocid,allopathic,renocidoral-suspension175-mg225-mg5-ml,Oral Suspension,Aluminium Hydroxide + Magnesium Hydroxide,(175 mg+225 mg)/5 ml,Rephco Pharmaceuticals Ltd.,200 ml bottle: ৳ 75.00,
24169,Reno,allopathic,renotablet150-mg,Tablet,Ranitidine Hydrochloride,150 mg,Orbit Pharmaceuticals Ltd.,Unit Price: ৳ 2.00,
15920,Renisol,allopathic,renisolophthalmic-suspension1,Ophthalmic Suspension,Prednisolone Acetate,1%,Apex Pharmaceuticals Ltd.,5 ml drop: ৳ 90.00,
1772,Renicon,allopathic,renicontablet150-mg,Tablet,Ranitidine Hydrochloride,150 mg,Medicon Pharmaceuticals Ltd.,"Unit Price: ৳ 1.31,(100's pack: ৳ 130.67),",(100's pack: ৳ 130.67)
31183,Renib,allopathic,renibtablet40-mg,Tablet,Regorafenib,40 mg,Drug International Ltd.,"Unit Price: ৳ 543.33,(30's pack: ৳ 16,300.00),","(30's pack: ৳ 16,300.00)"
11077,Renac TR,allopathic,renac-trcapsule-timed-release100-mg,Capsule (Timed Release),Diclofenac Sodium,100 mg,Reman Drug Laboratories Ltd.,"Unit Price: ৳ 3.00,(50's pack: ৳ 150.00),",(50's pack: ৳ 150.00)
13450,Remylin,allopathic,remylintablet500-mcg,Tablet,Mecobalamin,500 mcg,Ibn Sina Pharmaceuticals Ltd.,"Unit Price: ৳ 4.50,(30's pack: ৳ 135.00),",(30's pack: ৳ 135.00)
12758,Remus,allopathic,remusointment01,Ointment,Tacrolimus (Topical),0.10%,Square Pharmaceuticals Ltd.,"10 gm tube: ৳ 360.00,30 gm tube: ৳ 1,000.00",
12757,Remus,allopathic,remusointment003,Ointment,Tacrolimus (Topical),0.03%,Square Pharmaceuticals Ltd.,10 gm tube: ৳ 150.00,
5191,Remtin,allopathic,remtintablet5-mg,Tablet,Memantine Hydrochloride,5 mg,Incepta Pharmaceuticals Ltd.,"Unit Price: ৳ 10.00,(30's pack: ৳ 300.00),",(30's pack: ৳ 300.00)
6629,Remoxin,allopathic,remoxinpowder-for-suspension125-mg5-ml,Powder for Suspension,Amoxicillin Trihydrate,125 mg/5 ml,Rephco Pharmaceuticals Ltd.,100 ml bottle: ৳ 46.00,
6628,Remoxin,allopathic,remoxincapsule500-mg,Capsule,Amoxicillin Trihydrate,500 mg,Rephco Pharmaceuticals Ltd.,"Unit Price: ৳ 6.50,(50's pack: ৳ 325.00),",(50's pack: ৳ 325.00)
13380,Reoplex,allopathic,reoplexsyrup,Syrup,Iron Polymaltose Complex + Vitamin B Complex + Zinc,,Rephco Pharmaceuticals Ltd.,100 ml bottle: ৳ 50.00,
5963,Reomen,allopathic,reomentablet50-mg,Tablet,Clomiphene Citrate,50 mg,Eskayef Pharmaceuticals Ltd.,"Unit Price: ৳ 10.00,(20's pack: ৳ 200.00),",(20's pack: ৳ 200.00)
23627,Reocin K,allopathic,reocin-ktablet250-mg,Tablet,Phenoxymethyl Penicillin [Penicillin V],250 mg,Rephco Pharmaceuticals Ltd.,Unit Price: ৳ 1.50,
6977,Reocef,allopathic,reocefpowder-for-suspension125-mg5-ml,Powder for Suspension,Cephradine,125 mg/5 ml,Rephco Pharmaceuticals Ltd.,100 ml bottle: ৳ 87.00,
6976,Reocef,allopathic,reocefcapsule500-mg,Capsule,Cephradine,500 mg,Rephco Pharmaceuticals Ltd.,"Unit Price: ৳ 15.00,(40's pack: ৳ 600.00),",(40's pack: ৳ 600.00)
4362,Renxit,allopathic,renxittablet05-mg10-mg,Tablet,Flupentixol + Melitracen,0.5 mg+10 mg,Renata Limited,"Unit Price: ৳ 5.00,(100's pack: ৳ 500.00),",(100's pack: ৳ 500.00)
15649,Renvela,allopathic,renvelatablet800-mg,Tablet,Sevelamer Carbonate,800 mg,Genzyme Corporation,"Unit Price: ৳ 61.67,(30's pack: ৳ 1,850.10),","(30's pack: ৳ 1,850.10)"
13697,Renovit,allopathic,renovitim-injection100-mg100-mg1-mg3-ml,IM Injection,"Vitamin B1, B6 & B12",(100 mg+100 mg+1 mg)/3 ml,Healthcare Pharmaceuticals Ltd.,"3 ml ampoule: ৳ 28.00,(5's pack: ৳ 140.00),",(5's pack: ৳ 140.00)
13696,Renovit,allopathic,renovittablet100-mg200-mg200-mcg,Tablet,"Vitamin B1, B6 & B12",100 mg+200 mg+200 mcg,Healthcare Pharmaceuticals Ltd.,"Unit Price: ৳ 8.00,(30's pack: ৳ 240.00),",(30's pack: ৳ 240.00)
10497,Renova XR,allopathic,renova-xrtablet-extended-release665-mg,Tablet (Extended Release),Paracetamol,665 mg,Opsonin Pharma Ltd.,"Unit Price: ৳ 1.51,(240's pack: ৳ 362.40),",(240's pack: ৳ 362.40)
10778,Renova T,allopathic,renova-ttablet325-mg375-mg,Tablet,Paracetamol + Tramadol Hydrochloride,325 mg+37.5 mg,Opsonin Pharma Ltd.,"Unit Price: ৳ 8.03,(30's pack: ৳ 240.90),",(30's pack: ৳ 240.90)
10618,Renova Plus,allopathic,renova-plustablet500-mg65-mg,Tablet,Paracetamol + Caffeine,500 mg+65 mg,Opsonin Pharma Ltd.,"Unit Price: ৳ 2.51,(150's pack: ৳ 376.50),",(150's pack: ৳ 376.50)
31916,Renova Max,allopathic,renova-maxtablet1000-mg,Tablet,Paracetamol,1000 mg,Opsonin Pharma Ltd.,"Unit Price: ৳ 1.39,(100's pack: ৳ 139.00),",(100's pack: ৳ 139.00)
28322,Renova,allopathic,renovasyrup120-mg5-ml,Syrup,Paracetamol,120 mg/5 ml,Opsonin Pharma Ltd.,"60 ml bottle: ৳ 20.64,100 ml bottle: ৳ 31.60",
10505,Renova,allopathic,renovasuppository500-mg,Suppository,Paracetamol,500 mg,Opsonin Pharma Ltd.,"Unit Price: ৳ 8.03,(10's pack: ৳ 80.30),",(10's pack: ৳ 80.30)
10504,Renova,allopathic,renovasuppository250-mg,Suppository,Paracetamol,250 mg,Opsonin Pharma Ltd.,"Unit Price: ৳ 5.02,(10's pack: ৳ 50.20),",(10's pack: ৳ 50.20)
14151,Reoplex Silver,allopathic,reoplex-silvertablet,Tablet,Multivitamin & Multimineral [A-Z silver preparation],,Rephco Pharmaceuticals Ltd.,"Unit Price: ৳ 6.00,(30's pack: ৳ 180.00),",(30's pack: ৳ 180.00)
14113,Reoplex Gold,allopathic,reoplex-goldtablet,Tablet,Multivitamin & Multimineral [A-Z gold preparation],,Rephco Pharmaceuticals Ltd.,"Unit Price: ৳ 6.00,(30's pack: ৳ 180.00),",(30's pack: ৳ 180.00)
13827,Reoplex Forte,allopathic,reoplex-fortesyrup,Syrup,Vitamin B complex,,Rephco Pharmaceuticals Ltd.,200 ml bottle: ৳ 38.04,
13826,Reoplex Forte,allopathic,reoplex-fortetablet,Tablet,Vitamin B complex,,Rephco Pharmaceuticals Ltd.,"Unit Price: ৳ 0.52,(40's pack: ৳ 20.80),,Unit Price: ৳ 0.36,(250's pack: ৳ 90.00),","(40's pack: ৳ 20.80),(250's pack: ৳ 90.00)"
13631,Reoplex Forte,allopathic,reoplex-forteinjection100-mg50-mg100-mg2-ml,Injection,"Vitamin B1, B2 & B6",(100 mg+50 mg+100 mg)/2 ml,Rephco Pharmaceuticals Ltd.,"2 ml ampoule: ৳ 11.00,(10's pack: ৳ 110.00),",(10's pack: ৳ 110.00)
10503,Renova,allopathic,renovasuppository125-mg,Suppository,Paracetamol,125 mg,Opsonin Pharma Ltd.,"Unit Price: ৳ 4.02,(10's pack: ৳ 40.20),",(10's pack: ৳ 40.20)
10502,Renova,allopathic,renovasuppository60-mg,Suppository,Paracetamol,60 mg,Opsonin Pharma Ltd.,"Unit Price: ৳ 3.51,(10's pack: ৳ 35.10),",(10's pack: ৳ 35.10)
10501,Renova,allopathic,renovaiv-infusion10-mgml,IV Infusion,Paracetamol (IV Infusion),10 mg/ml,Opsonin Pharma Ltd.,100 ml bottle: ৳ 120.00,
10500,Renova,allopathic,renovapediatric-drops80-mgml,Pediatric Drops,Paracetamol,80 mg/ml,Opsonin Pharma Ltd.,15 ml bottle: ৳ 12.35,
10499,Renova,allopathic,renovaoral-suspension120-mg5-ml,Oral Suspension,Paracetamol,120 mg/5 ml,Opsonin Pharma Ltd.,"60 ml bottle: ৳ 20.70,100 ml bottle: ৳ 24.53",
10496,Renova,allopathic,renovatablet500-mg,Tablet,Paracetamol,500 mg,Opsonin Pharma Ltd.,"Unit Price: ৳ 0.80,(250's pack: ৳ 200.00),",(250's pack: ৳ 200.00)
24439,Renosev,allopathic,renosevoral-powder800-mg,Oral Powder,Sevelamer Carbonate,800 mg,UniMed UniHealth,"800 mg sachet: ৳ 50.00,(8's pack: ৳ 400.00),",(8's pack: ৳ 400.00)
15648,Renosev,allopathic,renosevtablet800-mg,Tablet,Sevelamer Carbonate,800 mg,UniMed UniHealth,"Unit Price: ৳ 50.00,(8's pack: ৳ 400.00),",(8's pack: ৳ 400.00)
21886,Renosart Plus,allopathic,renosart-plustablet50-mg125-mg,Tablet,Losartan Potassium + Hydrochlorothiazide,50 mg+12.5 mg,Leon Pharmaceuticals Ltd.,"Unit Price: ৳ 8.00,(30's pack: ৳ 240.00),",(30's pack: ৳ 240.00)
32730,Reprova,allopathic,reprovaophthalmic-solution15,Ophthalmic Solution,Bepotastine Besilate,1.50%,Healthcare Pharmaceuticals Ltd.,5 ml drop: ৳ 320.00,
11483,Repro,allopathic,reprotablet500-mg,Tablet,Naproxen Sodium,500 mg,Doctor’s Chemical Works Ltd.,"Unit Price: ৳ 7.00,(30's pack: ৳ 210.00),",(30's pack: ৳ 210.00)
2827,Repres SR,allopathic,repres-srtablet-sustained-release15-mg,Tablet (Sustained Release),Indapamide,1.5 mg,Square Pharmaceuticals Ltd.,"Unit Price: ৳ 5.03,(30's pack: ৳ 150.90),",(30's pack: ৳ 150.90)
14789,Repotyn Max,allopathic,repotyn-maxiv-infusion710,IV Infusion,Amino Acid + Glucose + Electrolytes,7%+10%,ACI Limited,500 ml bottle: ৳ 401.20,
14788,Repotyn,allopathic,repotyniv-infusion5,IV Infusion,Amino Acid + D-Sorbitol + Electrolytes,5%,ACI Limited,500 ml bottle: ৳ 352.38,
4532,Repose,allopathic,reposetablet100-mg,Tablet,Sertraline Hydrochloride,100 mg,Incepta Pharmaceuticals Ltd.,"Unit Price: ৳ 9.50,(30's pack: ৳ 285.00),",(30's pack: ৳ 285.00)
4531,Repose,allopathic,reposetablet50-mg,Tablet,Sertraline Hydrochloride,50 mg,Incepta Pharmaceuticals Ltd.,"Unit Price: ৳ 6.00,(50's pack: ৳ 300.00),",(50's pack: ৳ 300.00)
4530,Repose,allopathic,reposetablet25-mg,Tablet,Sertraline Hydrochloride,25 mg,Incepta Pharmaceuticals Ltd.,"Unit Price: ৳ 3.00,(50's pack: ৳ 150.00),",(50's pack: ৳ 150.00)
27222,Repopain,allopathic,repopainimiv-injection30-mgml,IM/IV Injection,Ketorolac Tromethamine,30 mg/ml,Organic Health Care Ltd.,1 ml ampoule: ৳ 55.00,
15372,Repopain,allopathic,repopaintablet10-mg,Tablet,Ketorolac Tromethamine,10 mg,Organic Health Care Ltd.,"Unit Price: ৳ 10.03,(30's pack: ৳ 300.90),",(30's pack: ৳ 300.90)
31876,Replivir,allopathic,replivirtablet1-mg,Tablet,Entecavir,1 mg,Beximco Pharmaceuticals Ltd.,"Unit Price: ৳ 90.00,(10's pack: ৳ 900.00),",(10's pack: ৳ 900.00)
31875,Replivir,allopathic,replivirtablet05-mg,Tablet,Entecavir,0.5 mg,Beximco Pharmaceuticals Ltd.,"Unit Price: ৳ 50.00,(10's pack: ৳ 500.00),",(10's pack: ৳ 500.00)
3293,Replet Plus,allopathic,replet-plustablet75-mg75-mg,Tablet,Clopidogrel + Aspirin,75 mg+75 mg,Healthcare Pharmaceuticals Ltd.,"Unit Price: ৳ 12.00,(30's pack: ৳ 360.00),",(30's pack: ৳ 360.00)
3247,Replet,allopathic,replettablet75-mg,Tablet,Clopidogrel Bisulphate,75 mg,Healthcare Pharmaceuticals Ltd.,"Unit Price: ৳ 12.00,(30's pack: ৳ 360.00),",(30's pack: ৳ 360.00)
17390,Repidor,allopathic,repidortablet100-mg,Tablet,Aceclofenac,100 mg,Rephco Pharmaceuticals Ltd.,"Unit Price: ৳ 3.00,(100's pack: ৳ 300.00),",(100's pack: ৳ 300.00)
29772,Rephaston,allopathic,rephastontablet10-mg,Tablet,Dydrogesterone,10 mg,Renata Limited,"Unit Price: ৳ 30.00,(20's pack: ৳ 600.00),",(20's pack: ৳ 600.00)
4417,Resco,allopathic,rescotablet1-mg,Tablet,Risperidone (Oral),1 mg,Drug International Ltd.,"Unit Price: ৳ 2.00,(50's pack: ৳ 100.00),",(50's pack: ৳ 100.00)
28383,Resant,allopathic,resanttablet15-mg,Tablet,Mirtazapine,15 mg,Drug International Ltd.,"Unit Price: ৳ 6.00,(28's pack: ৳ 168.00),",(28's pack: ৳ 168.00)
10775,Resadol,allopathic,resadoltablet325-mg375-mg,Tablet,Paracetamol + Tramadol Hydrochloride,325 mg+37.5 mg,Incepta Pharmaceuticals Ltd.,"Unit Price: ৳ 8.00,(30's pack: ৳ 240.00),",(30's pack: ৳ 240.00)
23994,Requin,allopathic,requintablet300-mg,Tablet,Quinine Sulfate,300 mg,Rephco Pharmaceuticals Ltd.,Unit Price: ৳ 3.44,
23993,Requin,allopathic,requininjection300-mg5-ml,Injection,Quinine Sulfate,300 mg/5 ml,Rephco Pharmaceuticals Ltd.,Unit Price: ৳ 10.20,
626,Reptylin,allopathic,reptylintablet25-mg,Tablet,Amitriptyline Hydrochloride,25 mg,Innovative Pharma (Albion),"Unit Price: ৳ 1.18,(200's pack: ৳ 236.12),",(200's pack: ৳ 236.12)
625,Reptylin,allopathic,reptylintablet10-mg,Tablet,Amitriptyline Hydrochloride,10 mg,Innovative Pharma (Albion),"Unit Price: ৳ 0.59,(200's pack: ৳ 118.00),",(200's pack: ৳ 118.00)
5558,Repanid,allopathic,repanidtablet2-mg,Tablet,Repaglinide,2 mg,Opsonin Pharma Ltd.,"Unit Price: ৳ 5.02,(30's pack: ৳ 150.60),",(30's pack: ৳ 150.60)
5557,Repanid,allopathic,repanidtablet1-mg,Tablet,Repaglinide,1 mg,Opsonin Pharma Ltd.,"Unit Price: ৳ 3.01,(30's pack: ৳ 90.30),",(30's pack: ৳ 90.30)
27875,Repaglid,allopathic,repaglidtablet2-mg,Tablet,Repaglinide,2 mg,Alco Pharma Ltd.,"Unit Price: ৳ 5.02,(30's pack: ৳ 150.59),",(30's pack: ৳ 150.59)
27874,Repaglid,allopathic,repaglidtablet1-mg,Tablet,Repaglinide,1 mg,Alco Pharma Ltd.,"Unit Price: ৳ 3.01,(30's pack: ৳ 90.30),",(30's pack: ৳ 90.30)
2979,Repace H,allopathic,repace-htablet50-mg125-mg,Tablet,Losartan Potassium + Hydrochlorothiazide,50 mg+12.5 mg,Sun Pharmaceutical Ltd.,"Unit Price: ৳ 8.03,(50's pack: ৳ 401.50),",(50's pack: ৳ 401.50)
2771,Repace,allopathic,repacetablet50-mg,Tablet,Losartan Potassium,50 mg,Sun Pharmaceutical Ltd.,"Unit Price: ৳ 8.03,(50's pack: ৳ 401.50),",(50's pack: ৳ 401.50)
2770,Repace,allopathic,repacetablet25-mg,Tablet,Losartan Potassium,25 mg,Sun Pharmaceutical Ltd.,"Unit Price: ৳ 4.51,(50's pack: ৳ 225.50),",(50's pack: ৳ 225.50)
28848,Resolax,allopathic,resolaxtablet1-mg,Tablet,Prucalopride Succinate,1 mg,Everest Pharmaceuticals Ltd.,"Unit Price: ৳ 13.50,(14's pack: ৳ 189.00),,Unit Price: ৳ 13.50,(30's pack: ৳ 405.00),","(14's pack: ৳ 189.00),(30's pack: ৳ 405.00)"
4069,Resol,allopathic,resolsyrup15-mg5-ml,Syrup,Ambroxol Hydrochloride,15 mg/5 ml,Sharif Pharmaceuticals Ltd.,100 ml bottle: ৳ 40.12,
31891,Resitone,allopathic,resitonetablet40-mg50-mg,Tablet,Furosemide + Spironolactone,40 mg+50 mg,Beximco Pharmaceuticals Ltd.,"Unit Price: ৳ 8.00,(30's pack: ৳ 240.00),",(30's pack: ৳ 240.00)
31890,Resitone,allopathic,resitonetablet20-mg50-mg,Tablet,Furosemide + Spironolactone,20 mg+50 mg,Beximco Pharmaceuticals Ltd.,"Unit Price: ৳ 6.02,(30's pack: ৳ 180.60),",(30's pack: ৳ 180.60)
32815,Resinib,allopathic,resinibcapsule50-mg,Capsule,Sunitinib,50 mg,Jenphar Bangladesh Ltd.,"Unit Price: ৳ 950.00,(28's pack: ৳ 26,600.00),","(28's pack: ৳ 26,600.00)"
32731,Residon,allopathic,residonoral-solution1-mgml,Oral Solution,Risperidone (Oral),1 mg/ml,Healthcare Pharmaceuticals Ltd.,100 ml bottle: ৳ 280.00,
26115,Residon,allopathic,residontablet4-mg,Tablet,Risperidone (Oral),4 mg,Healthcare Pharmaceuticals Ltd.,"Unit Price: ৳ 9.00,(50's pack: ৳ 450.00),",(50's pack: ৳ 450.00)
26114,Residon,allopathic,residontablet2-mg,Tablet,Risperidone (Oral),2 mg,Healthcare Pharmaceuticals Ltd.,"Unit Price: ৳ 5.00,(50's pack: ৳ 250.00),",(50's pack: ৳ 250.00)
26113,Residon,allopathic,residontablet1-mg,Tablet,Risperidone (Oral),1 mg,Healthcare Pharmaceuticals Ltd.,"Unit Price: ৳ 3.00,(50's pack: ৳ 150.00),",(50's pack: ৳ 150.00)
10619,Reset Plus,allopathic,reset-plustablet500-mg65-mg,Tablet,Paracetamol + Caffeine,500 mg+65 mg,Incepta Pharmaceuticals Ltd.,"Unit Price: ৳ 2.50,(100's pack: ৳ 250.00),",(100's pack: ৳ 250.00)
26238,Reset ER,allopathic,reset-ertablet-extended-release665-mg,Tablet (Extended Release),Paracetamol,665 mg,Incepta Pharmaceuticals Ltd.,"Unit Price: ৳ 1.50,(100's pack: ৳ 150.00),",(100's pack: ৳ 150.00)
10509,Reset,allopathic,resetiv-infusion10-mgml,IV Infusion,Paracetamol (IV Infusion),10 mg/ml,Incepta Pharmaceuticals Ltd.,100 ml bottle: ৳ 120.00,
10508,Reset,allopathic,resetpediatric-drops80-mgml,Pediatric Drops,Paracetamol,80 mg/ml,Incepta Pharmaceuticals Ltd.,15 ml bottle: ৳ 12.30,
10507,Reset,allopathic,resetoral-suspension120-mg5-ml,Oral Suspension,Paracetamol,120 mg/5 ml,Incepta Pharmaceuticals Ltd.,60 ml bottle: ৳ 20.64,
10506,Reset,allopathic,resettablet500-mg,Tablet,Paracetamol,500 mg,Incepta Pharmaceuticals Ltd.,"Unit Price: ৳ 0.80,(200's pack: ৳ 160.00),",(200's pack: ৳ 160.00)
17391,Reservix SR,allopathic,reservix-srtablet-sustained-release200-mg,Tablet (Sustained Release),Aceclofenac,200 mg,Incepta Pharmaceuticals Ltd.,"Unit Price: ৳ 7.00,(30's pack: ৳ 210.00),",(30's pack: ৳ 210.00)
8680,Respazit,allopathic,respazittablet500-mg,Tablet,Azithromycin Dihydrate,500 mg,Somatec Pharmaceuticals Ltd.,"Unit Price: ৳ 35.00,(12's pack: ৳ 420.00),",(12's pack: ৳ 420.00)
8679,Respazit,allopathic,respazitcapsule250-mg,Capsule,Azithromycin Dihydrate,250 mg,Somatec Pharmaceuticals Ltd.,"Unit Price: ৳ 25.00,(6's pack: ৳ 150.00),",(6's pack: ৳ 150.00)
9619,Respamox,allopathic,respamoxtablet400-mg,Tablet,Moxifloxacin Hydrochloride (Tablet),400 mg,Somatec Pharmaceuticals Ltd.,"Unit Price: ৳ 40.00,(12's pack: ৳ 480.00),",(12's pack: ৳ 480.00)
20911,Resopan,allopathic,resopantablet10-mg,Tablet,Hyoscine Butylbromide,10 mg,General Pharmaceuticals Ltd.,"Unit Price: ৳ 3.43,(100's pack: ৳ 342.85),",(100's pack: ৳ 342.85)
10005,Resolve,allopathic,resolveshampoo2,Shampoo,Ketoconazole (Shampoo),2%,Beximco Pharmaceuticals Ltd.,100 ml bottle: ৳ 250.00,
30336,Resolax,allopathic,resolaxtablet2-mg,Tablet,Prucalopride Succinate,2 mg,Everest Pharmaceuticals Ltd.,"Unit Price: ৳ 24.00,(14's pack: ৳ 336.00),",(14's pack: ৳ 336.00)
79,Reservix,allopathic,reservixtablet100-mg,Tablet,Aceclofenac,100 mg,Incepta Pharmaceuticals Ltd.,"Unit Price: ৳ 5.00,(100's pack: ৳ 500.00),",(100's pack: ৳ 500.00)
28110,Resectin,allopathic,resectintablet150-mg,Tablet,Ranitidine Hydrochloride,150 mg,Jenphar Bangladesh Ltd.,"Unit Price: ৳ 2.50,(100's pack: ৳ 250.00),",(100's pack: ৳ 250.00)
3480,Resdil,allopathic,resdiltablet4-mg,Tablet,Salbutamol,4 mg,Cosmo Pharma Ltd.,"Unit Price: ৳ 0.33,(200's pack: ৳ 66.00),",(200's pack: ৳ 66.00)
15070,Rescuvolin,allopathic,rescuvolinimiv-injection10-mgml,IM/IV Injection,Calcium Folinate [Folinic Acid],10 mg/ml,Pharmachemie BV,"50 mg vial: ৳ 470.00,(10's pack: ৳ 4,700.00),","(10's pack: ৳ 4,700.00)"
15069,Rescuvolin,allopathic,rescuvolintablet15-mg,Tablet,Calcium Folinate [Folinic Acid],15 mg,Pharmachemie BV,"Unit Price: ৳ 68.00,(10's pack: ৳ 680.00),",(10's pack: ৳ 680.00)
18769,Rescure,allopathic,rescurecapsule200-mg,Capsule,Cefixime Trihydrate,200 mg,Marksman Pharmaceuticals Ltd.,"Unit Price: ৳ 30.00,(6's pack: ৳ 180.00),",(6's pack: ৳ 180.00)
18768,Rescure,allopathic,rescurepowder-for-suspension100-mg5-ml,Powder for Suspension,Cefixime Trihydrate,100 mg/5 ml,Marksman Pharmaceuticals Ltd.,50 ml bottle: ৳ 165.00,
4418,Resco,allopathic,rescotablet2-mg,Tablet,Risperidone (Oral),2 mg,Drug International Ltd.,"Unit Price: ৳ 2.50,(50's pack: ৳ 125.00),",(50's pack: ৳ 125.00)
14000,Restovit Plus,allopathic,restovit-pluscapsule,Capsule,Vitamin B complex + Vitamin C,,Zenith Pharmaceuticals Ltd.,"Unit Price: ৳ 3.00,(100's pack: ৳ 300.00),",(100's pack: ৳ 300.00)
14080,Restovit M,allopathic,restovit-mpediatric-drops,Pediatric Drops,Multivitamin [Pediatric preparation],,Zenith Pharmaceuticals Ltd.,15 ml bottle: ৳ 15.00,
13829,Restovit,allopathic,restovitsyrup,Syrup,Vitamin B complex,,Zenith Pharmaceuticals Ltd.,"100 ml bottle: ৳ 22.98,200 ml bottle: ৳ 38.00",
14152,Restor Silver,allopathic,restor-silvertablet,Tablet,Multivitamin & Multimineral [A-Z silver preparation],,Virgo Pharmaceuticals Ltd.,"Unit Price: ৳ 6.00,(15's pack: ৳ 90.00),,Unit Price: ৳ 6.00,(30's pack: ৳ 180.00),","(15's pack: ৳ 90.00),(30's pack: ৳ 180.00)"
14750,Restor Glod,allopathic,restor-glodtablet,Tablet,Multivitamin & Multimineral [A-Z gold preparation],,Virgo Pharmaceuticals Ltd.,"Unit Price: ৳ 7.00,(15's pack: ৳ 105.00),,Unit Price: ৳ 7.00,(30's pack: ৳ 210.00),","(15's pack: ৳ 105.00),(30's pack: ৳ 210.00)"
32205,Restonix,allopathic,restonixtablet2-mg,Tablet,Clonazepam,2 mg,The White Horse Pharma,"Unit Price: ৳ 10.00,(30's pack: ৳ 300.00),",(30's pack: ৳ 300.00)
32204,Restonix,allopathic,restonixtablet05-mg,Tablet,Clonazepam,0.5 mg,The White Horse Pharma,"Unit Price: ৳ 5.00,(50's pack: ৳ 250.00),",(50's pack: ৳ 250.00)
4265,Restol,allopathic,restoltablet3-mg,Tablet,Bromazepam,3 mg,Eskayef Pharmaceuticals Ltd.,"Unit Price: ৳ 5.00,(30's pack: ৳ 150.00),",(30's pack: ৳ 150.00)
11755,Restobac,allopathic,restobactablet10-mg,Tablet,Baclofen,10 mg,General Pharmaceuticals Ltd.,"Unit Price: ৳ 8.05,(30's pack: ৳ 241.50),",(30's pack: ৳ 241.50)
24344,Restat,allopathic,restattablet10-mg,Tablet,Rosuvastatin,10 mg,Ibn Sina Pharmaceuticals Ltd.,"Unit Price: ৳ 20.00,(20's pack: ৳ 400.00),",(20's pack: ৳ 400.00)
24343,Restat,allopathic,restattablet5-mg,Tablet,Rosuvastatin,5 mg,Ibn Sina Pharmaceuticals Ltd.,"Unit Price: ৳ 10.00,(30's pack: ৳ 300.00),",(30's pack: ৳ 300.00)
30150,Resquine TS,allopathic,resquine-tsophthalmic-solution15,Ophthalmic Solution,Levofloxacin (Ophthalmic),1.50%,Healthcare Pharmaceuticals Ltd.,5 ml drop: ৳ 130.00,
9575,Resquin,allopathic,resquinophthalmic-solution05,Ophthalmic Solution,Levofloxacin (Ophthalmic),0.50%,Healthcare Pharmaceuticals Ltd.,5 ml drop: ৳ 90.00,
9523,Resquin,allopathic,resquintablet500-mg,Tablet,Levofloxacin Hemihydrate,500 mg,Healthcare Pharmaceuticals Ltd.,"Unit Price: ৳ 15.00,(24's pack: ৳ 360.00),",(24's pack: ৳ 360.00)
3482,Respolin,allopathic,respolinsyrup2-mg5-ml,Syrup,Salbutamol,2 mg/5 ml,Jayson Pharmaceuticals Ltd.,100 ml bottle: ৳ 22.99,
3481,Respolin,allopathic,respolintablet4-mg,Tablet,Salbutamol,4 mg,Jayson Pharmaceuticals Ltd.,"Unit Price: ৳ 0.45,(100's pack: ৳ 45.00),",(100's pack: ৳ 45.00)
32072,Resva,allopathic,resvatablet10-mg,Tablet,Rosuvastatin,10 mg,Beacon Pharmaceuticals Ltd.,"Unit Price: ৳ 20.00,(28's pack: ৳ 560.00),",(28's pack: ৳ 560.00)
32071,Resva,allopathic,resvatablet5-mg,Tablet,Rosuvastatin,5 mg,Beacon Pharmaceuticals Ltd.,"Unit Price: ৳ 10.00,(28's pack: ৳ 280.00),",(28's pack: ৳ 280.00)
14222,Restovit-M,allopathic,restovit-mtablet,Tablet,Multivitamin & Multimineral,,Zenith Pharmaceuticals Ltd.,"Unit Price: ৳ 1.40,(30's pack: ৳ 42.00),",(30's pack: ৳ 42.00)
13828,Restovit-B,allopathic,restovit-btablet,Tablet,Vitamin B complex,,Zenith Pharmaceuticals Ltd.,"Unit Price: ৳ 0.50,(45's pack: ৳ 22.50),",(45's pack: ৳ 22.50)
24044,Respite,allopathic,respitetablet-enteric-coated20-mg,Tablet (Enteric Coated),Rabeprazole Sodium,20 mg,Synovia pharma plc,"Unit Price: ৳ 6.02,(50's pack: ৳ 301.00),",(50's pack: ৳ 301.00)
3592,Respira,allopathic,respirasyrup1-mg5-ml,Syrup,Levosalbutamol (Oral),1 mg/5 ml,Beximco Pharmaceuticals Ltd.,100 ml bottle: ৳ 38.00,
3591,Respira,allopathic,respiratablet2-mg,Tablet,Levosalbutamol (Oral),2 mg,Beximco Pharmaceuticals Ltd.,"Unit Price: ৳ 1.70,(100's pack: ৳ 170.00),",(100's pack: ৳ 170.00)
3590,Respira,allopathic,respiratablet1-mg,Tablet,Levosalbutamol (Oral),1 mg,Beximco Pharmaceuticals Ltd.,"Unit Price: ৳ 0.90,(100's pack: ৳ 90.00),",(100's pack: ৳ 90.00)
31827,Respidox,allopathic,respidoxsyrup100-mg5-ml,Syrup,Doxophylline,100 mg/5 ml,Concord Pharmaceuticals Ltd.,100 ml bottle: ৳ 100.00,
31826,Respidox,allopathic,respidoxtablet400-mg,Tablet,Doxophylline,400 mg,Concord Pharmaceuticals Ltd.,"Unit Price: ৳ 9.00,(30's pack: ৳ 270.00),",(30's pack: ৳ 270.00)
31825,Respidox,allopathic,respidoxtablet200-mg,Tablet,Doxophylline,200 mg,Concord Pharmaceuticals Ltd.,"Unit Price: ৳ 5.00,(50's pack: ৳ 250.00),",(50's pack: ৳ 250.00)
32976,Respi-M,allopathic,respi-msyrup100-mg11-mg14-mg5-ml,Syrup,Guaifenesin + Levomenthol + Diphenhydramine,(100 mg+1.1 mg+14 mg)/5 ml,Silva Pharmaceuticals Ltd.,100 ml bottle: ৳ 80.00,
32975,Respi-D,allopathic,respi-dsyrup14-mg65-mg2-mg5-ml,Syrup,Diphenhydramine + Dextromethorphan + Levomenthol,(14 mg+6.5 mg+2 mg)/5 ml,Silva Pharmaceuticals Ltd.,100 ml bottle: ৳ 80.00,
8681,Respazit,allopathic,respazitpowder-for-suspension200-mg5-ml,Powder for Suspension,Azithromycin Dihydrate,200 mg/5 ml,Somatec Pharmaceuticals Ltd.,"20 ml bottle: ৳ 100.00,35 ml bottle: ৳ 140.00,50 ml bottle: ৳ 185.00",
11114,Reutren,allopathic,reutrengel1-ww,Gel,Diclofenac Sodium,1% w/w,Gaco Pharmaceuticals Ltd.,10 gm tube: ৳ 12.18,
11079,Reutren,allopathic,reutrenim-injection75-mg3-ml,IM Injection,Diclofenac Sodium,75 mg/3 ml,Gaco Pharmaceuticals Ltd.,3 ml ampoule: ৳ 7.74,
2357,Reumazin,allopathic,reumazintablet500-mg,Tablet,Sulfasalazine,500 mg,Aristopharma Ltd.,"Unit Price: ৳ 5.20,(50's pack: ৳ 260.00),",(50's pack: ৳ 260.00)
19232,Reumaflex,allopathic,reumaflextablet200-mg,Tablet,Hydroxychloroquine Sulphate,200 mg,Delta Pharma Ltd.,"Unit Price: ৳ 10.00,(30's pack: ৳ 300.00),",(30's pack: ৳ 300.00)
31914,Reumafen,allopathic,reumafentablet400-mg,Tablet,Ibuprofen,400 mg,Beximco Pharmaceuticals Ltd.,"Unit Price: ৳ 1.43,(100's pack: ৳ 143.00),",(100's pack: ৳ 143.00)
31913,Reumafen,allopathic,reumafentablet200-mg,Tablet,Ibuprofen,200 mg,Beximco Pharmaceuticals Ltd.,"Unit Price: ৳ 0.88,(100's pack: ৳ 88.00),",(100's pack: ৳ 88.00)
11292,Reumafen,allopathic,reumafenoral-suspension100-mg5-ml,Oral Suspension,Ibuprofen,100 mg/5 ml,Beximco Pharmaceuticals Ltd.,100 ml bottle: ৳ 33.82,
11332,Reumacid,allopathic,reumacidsuppository100-mg,Suppository,Indomethacin (Rectal),100 mg,Aristopharma Ltd.,"Unit Price: ৳ 9.00,(20's pack: ৳ 180.00),",(20's pack: ৳ 180.00)
11331,Reumacap SR,allopathic,reumacap-srcapsule-sustained-release75-mg,Capsule (Sustained Release),Indomethacin (Oral),75 mg,Aristopharma Ltd.,"Unit Price: ৳ 4.00,(100's pack: ৳ 400.00),",(100's pack: ৳ 400.00)
11330,Reumacap,allopathic,reumacapcapsule25-mg,Capsule,Indomethacin (Oral),25 mg,Aristopharma Ltd.,"Unit Price: ৳ 1.00,(100's pack: ৳ 100.00),",(100's pack: ৳ 100.00)
11315,Reufen,allopathic,reufenoral-suspension100-mg5-ml,Oral Suspension,Ibuprofen,100 mg/5 ml,Gaco Pharmaceuticals Ltd.,"60 ml bottle: ৳ 12.49,100 ml bottle: ৳ 18.58",
11314,Reufen,allopathic,reufentablet400-mg,Tablet,Ibuprofen,400 mg,Gaco Pharmaceuticals Ltd.,"Unit Price: ৳ 1.31,(100's pack: ৳ 131.18),",(100's pack: ৳ 131.18)
11313,Reufen,allopathic,reufentablet200-mg,Tablet,Ibuprofen,200 mg,Gaco Pharmaceuticals Ltd.,"Unit Price: ৳ 0.40,(100's pack: ৳ 40.00),",(100's pack: ৳ 40.00)
31525,Retrovir,allopathic,retrovirtablet300-mg,Tablet,Tenofovir Disoproxil Fumarate,300 mg,Pharmasia Limited,"Unit Price: ৳ 85.00,(10's pack: ৳ 850.00),",(10's pack: ৳ 850.00)
19169,Retrezin,allopathic,retrezintablet10-mg,Tablet,Cetirizine Hydrochloride,10 mg,RN Pharmaceuticals,"Unit Price: ৳ 2.00,(100's pack: ৳ 200.00),",(100's pack: ৳ 200.00)
10712,Retram,allopathic,retramimiv-injection100-mg2-ml,IM/IV Injection,Tramadol Hydrochloride,100 mg/2 ml,Rephco Pharmaceuticals Ltd.,"2 mg ampoule: ৳ 25.00,(5's pack: ৳ 125.00),",(5's pack: ৳ 125.00)
16900,Revalon,allopathic,revalontablet400-mg,Tablet,Moxifloxacin Hydrochloride (Tablet),400 mg,NIPRO JMI Pharma Ltd.,"Unit Price: ৳ 30.00,(10's pack: ৳ 300.00),",(10's pack: ৳ 300.00)
9576,Revacin,allopathic,revacinophthalmic-solution05,Ophthalmic Solution,Levofloxacin (Ophthalmic),0.50%,Reman Drug Laboratories Ltd.,5 ml drop: ৳ 100.00,
11078,Reutren SR,allopathic,reutren-srcapsule-sustained-release100-mg,Capsule (Sustained Release),Diclofenac Sodium,100 mg,Gaco Pharmaceuticals Ltd.,"Unit Price: ৳ 3.01,(100's pack: ৳ 301.00),",(100's pack: ৳ 301.00)
11131,Reutren,allopathic,reutrenophthalmic-solution01,Ophthalmic Solution,Diclofenac Sodium (Ophthalmic),0.10%,Gaco Pharmaceuticals Ltd.,5 ml drop: ৳ 70.21,
10711,Retram,allopathic,retramcapsule50-mg,Capsule,Tramadol Hydrochloride,50 mg,Rephco Pharmaceuticals Ltd.,"Unit Price: ৳ 8.00,(30's pack: ৳ 240.00),",(30's pack: ৳ 240.00)
20045,Retocain,allopathic,retocainointment,Ointment,Cinchocaine + Hydrocortisone + Neomycin + Esculin,,Drug International Ltd.,15 gm tube: ৳ 80.00,
12783,Retin-A,allopathic,retin-acream005,Cream,Tretinoin (Topical),0.05%,Synovia pharma plc,"15 gm tube: ৳ 65.20,30 gm tube: ৳ 100.30",
30938,Retigel,allopathic,retigeltopical-gel005,Topical Gel,Isotretinoin (Topical),0.05%,UniMed UniHealth,20 gm tube: ৳ 200.00,
12782,Retigel,allopathic,retigeltopical-gel005,Topical Gel,Tretinoin (Topical),0.05%,UniMed UniHealth,20 gm tube: ৳ 200.00,
28298,Reticap,allopathic,reticapcapsule20-mg,Capsule,Isotretinoin (Oral),20 mg,UniMed UniHealth,"Unit Price: ৳ 75.00,(10's pack: ৳ 750.00),",(10's pack: ৳ 750.00)
28297,Reticap,allopathic,reticapcapsule10-mg,Capsule,Isotretinoin (Oral),10 mg,UniMed UniHealth,"Unit Price: ৳ 40.00,(10's pack: ৳ 400.00),",(10's pack: ৳ 400.00)
16661,Retapex,allopathic,retapexointment1,Ointment,Retapamulin,1%,Incepta Pharmaceuticals Ltd.,"10 gm tube: ৳ 200.00,15 gm tube: ৳ 300.00",
16660,Retabac,allopathic,retabacointment1,Ointment,Retapamulin,1%,Square Pharmaceuticals Ltd.,10 gm tube: ৳ 200.00,
32073,Resva,allopathic,resvatablet20-mg,Tablet,Rosuvastatin,20 mg,Beacon Pharmaceuticals Ltd.,"Unit Price: ৳ 30.00,(14's pack: ৳ 420.00),",(14's pack: ৳ 420.00)
6981,Revoc,allopathic,revocpediatric-drops125-mg125-ml,Pediatric Drops,Cephradine,125 mg/1.25 ml,Novo Healthcare and Pharma Ltd.,15 ml bottle: ৳ 50.15,
6979,Revoc,allopathic,revocpowder-for-suspension125-mg5-ml,Powder for Suspension,Cephradine,125 mg/5 ml,Novo Healthcare and Pharma Ltd.,100 ml bottle: ৳ 80.24,
6978,Revoc,allopathic,revoccapsule500-mg,Capsule,Cephradine,500 mg,Novo Healthcare and Pharma Ltd.,"Unit Price: ৳ 12.04,(24's pack: ৳ 288.86),",(24's pack: ৳ 288.86)
14115,Revital-32,allopathic,revital-32tablet,Tablet,Multivitamin & Multimineral [A-Z gold preparation],,ACI Limited,"Unit Price: ৳ 9.50,(30's pack: ৳ 285.00),",(30's pack: ৳ 285.00)
14154,Revital-30,allopathic,revital-30tablet,Tablet,Multivitamin & Multimineral [A-Z silver preparation],,ACI Limited,"Unit Price: ৳ 9.00,(30's pack: ৳ 270.00),",(30's pack: ৳ 270.00)
27555,Revital Teen G,allopathic,revital-teen-gtablet,Tablet,Multivitamin & Multimineral [A-Z teen girls preparation],,ACI Limited,"Unit Price: ৳ 6.00,(30's pack: ৳ 180.00),",(30's pack: ৳ 180.00)
27554,Revital Teen B,allopathic,revital-teen-btablet,Tablet,Multivitamin & Multimineral [A-Z teen boys preparation],,ACI Limited,"Unit Price: ৳ 6.00,(30's pack: ৳ 180.00),",(30's pack: ৳ 180.00)
26380,Revital,allopathic,revitalsyrup,Syrup,Multivitamin & Multimineral,,ACI Limited,"100 ml bottle: ৳ 90.00,200 ml bottle: ৳ 175.00",
6381,Revistar,allopathic,revistarpowder-for-suspension125-mg5-ml,Powder for Suspension,Flucloxacillin Sodium,125 mg/5 ml,Biopharma Laboratories Ltd.,100 ml bottle: ৳ 60.23,
6380,Revistar,allopathic,revistarcapsule500-mg,Capsule,Flucloxacillin Sodium,500 mg,Biopharma Laboratories Ltd.,"Unit Price: ৳ 10.05,(28's pack: ৳ 281.26),",(28's pack: ৳ 281.26)
6379,Revistar,allopathic,revistarcapsule250-mg,Capsule,Flucloxacillin Sodium,250 mg,Biopharma Laboratories Ltd.,"Unit Price: ৳ 5.52,(28's pack: ৳ 154.64),",(28's pack: ৳ 154.64)
9712,Revira,allopathic,reviratablet1-gm,Tablet,Valacyclovir,1 gm,Square Pharmaceuticals Ltd.,"Unit Price: ৳ 75.22,(12's pack: ৳ 902.64),",(12's pack: ৳ 902.64)
9711,Revira,allopathic,reviratablet500-mg,Tablet,Valacyclovir,500 mg,Square Pharmaceuticals Ltd.,"Unit Price: ৳ 40.27,(10's pack: ৳ 402.70),",(10's pack: ৳ 402.70)
4621,Revert,allopathic,reverttablet20-mg40-mg,Tablet,Cinnarizine + Dimenhydrinate,20 mg+40 mg,Incepta Pharmaceuticals Ltd.,"Unit Price: ৳ 2.00,(100's pack: ৳ 200.00),",(100's pack: ৳ 200.00)
32553,Reverse,allopathic,reversetablet2-mg,Tablet,Clonazepam,2 mg,Doctor TIMS Pharmaceuticals Ltd.,"Unit Price: ৳ 10.00,(30's pack: ৳ 300.00),",(30's pack: ৳ 300.00)
32552,Reverse,allopathic,reversetablet05-mg,Tablet,Clonazepam,0.5 mg,Doctor TIMS Pharmaceuticals Ltd.,"Unit Price: ৳ 5.00,(30's pack: ৳ 150.00),",(30's pack: ৳ 150.00)
29392,Revofer,allopathic,revoferiv-injection-or-infusion750-mg15-ml,IV Injection or Infusion,Ferric Carboxymaltose,750 mg/15 ml,Square Pharmaceuticals Ltd.,"15 ml vial: ৳ 1,000.00",
29391,Revofer,allopathic,revoferiv-injection-or-infusion500-mg10-ml,IV Injection or Infusion,Ferric Carboxymaltose,500 mg/10 ml,Square Pharmaceuticals Ltd.,10 ml vial: ৳ 700.00,
30728,Revodil,allopathic,revodiltablet625-mg,Tablet,Carvedilol,6.25 mg,Ibn Sina Pharmaceuticals Ltd.,"Unit Price: ৳ 3.00,(40's pack: ৳ 120.00),",(40's pack: ৳ 120.00)
24864,Revocon,allopathic,revocontablet125-mg,Tablet,Tetrabenazine,12.5 mg,Sun Pharmaceutical Ltd.,"Unit Price: ৳ 20.00,(30's pack: ৳ 600.00),",(30's pack: ৳ 600.00)
24863,Revocon,allopathic,revocontablet25-mg,Tablet,Tetrabenazine,25 mg,Sun Pharmaceutical Ltd.,"Unit Price: ৳ 35.00,(30's pack: ৳ 1,050.00),","(30's pack: ৳ 1,050.00)"
6980,Revoc DS,allopathic,revoc-dspowder-for-suspension250-mg5-ml,Powder for Suspension,Cephradine,250 mg/5 ml,Novo Healthcare and Pharma Ltd.,100 ml bottle: ৳ 120.37,
3848,Reversair,allopathic,reversairtablet10-mg,Tablet,Montelukast Sodium,10 mg,ACI Limited,"Unit Price: ৳ 16.00,(30's pack: ৳ 480.00),",(30's pack: ৳ 480.00)
3847,Reversair,allopathic,reversairdispersible-tablet5-mg,Dispersible Tablet,Montelukast Sodium,5 mg,ACI Limited,"Unit Price: ৳ 8.05,(30's pack: ৳ 241.50),",(30's pack: ৳ 241.50)
3846,Reversair,allopathic,reversairdispersible-tablet4-mg,Dispersible Tablet,Montelukast Sodium,4 mg,ACI Limited,"Unit Price: ৳ 7.05,(30's pack: ৳ 211.50),",(30's pack: ৳ 211.50)
32887,Revenor,allopathic,revenortablet25-mg,Tablet,Tetrabenazine,25 mg,Genvio Pharma Ltd.,"Unit Price: ৳ 35.00,(10's pack: ৳ 350.00),",(10's pack: ৳ 350.00)
32886,Revenor,allopathic,revenortablet125-mg,Tablet,Tetrabenazine,12.5 mg,Genvio Pharma Ltd.,"Unit Price: ৳ 20.00,(20's pack: ৳ 400.00),",(20's pack: ৳ 400.00)
14153,Revam Silver,allopathic,revam-silvertablet,Tablet,Multivitamin & Multimineral [A-Z silver preparation],,Navana Pharmaceuticals Ltd.,"Unit Price: ৳ 6.02,(15's pack: ৳ 90.24),,Unit Price: ৳ 6.02,(30's pack: ৳ 180.49),","(15's pack: ৳ 90.24),(30's pack: ৳ 180.49)"
13568,Revam Kids,allopathic,revam-kidssyrup,Syrup,Multivitamin & Cod Liver Oil,,Navana Pharmaceuticals Ltd.,100 ml bottle: ৳ 80.53,
14114,Revam Gold,allopathic,revam-goldtablet,Tablet,Multivitamin & Multimineral [A-Z gold preparation],,Navana Pharmaceuticals Ltd.,"Unit Price: ৳ 6.02,(15's pack: ৳ 90.24),,Unit Price: ৳ 6.02,(30's pack: ৳ 180.49),","(15's pack: ৳ 90.24),(30's pack: ৳ 180.49)"
16262,Rhinozol,allopathic,rhinozolnasal-drop01,Nasal Drop,Xylometazoline Hydrochloride,0.10%,ACME Laboratories Ltd.,15 ml drop: ৳ 11.54,
16261,Rhinozol,allopathic,rhinozolnasal-drop005,Nasal Drop,Xylometazoline Hydrochloride,0.05%,ACME Laboratories Ltd.,15 ml drop: ৳ 11.04,
12279,Rhinor MR,allopathic,rhinor-mrtablet-modified-release10-mg,Tablet (Modified Release),Mizolastine,10 mg,Opsonin Pharma Ltd.,"Unit Price: ৳ 5.02,(50's pack: ৳ 251.00),",(50's pack: ৳ 251.00)
32381,Rhinomist,allopathic,rhinomistnasal-spray275-mcgspray,Nasal Spray,Fluticasone Furoate,27.5 mcg/spray,UniMed UniHealth,120 metered sprays: ৳ 250.00,
18394,Rhinocort,allopathic,rhinocortnasal-spray100-mcgspray,Nasal Spray,Budesonide (Nasal Spray),100 mcg/spray,Drug International Ltd.,120 metered sprays: ৳ 250.00,
11987,Rhinil,allopathic,rhinilsyrup5-mg5-ml,Syrup,Cetirizine Hydrochloride,5 mg/5 ml,Aristopharma Ltd.,60 ml bottle: ৳ 30.00,
11986,Rhinil,allopathic,rhiniltablet10-mg,Tablet,Cetirizine Hydrochloride,10 mg,Aristopharma Ltd.,"Unit Price: ৳ 3.00,(100's pack: ৳ 300.00),",(100's pack: ৳ 300.00)
19711,Rhinex,allopathic,rhinextablet5-mg,Tablet,Desloratadine,5 mg,Cosmic Pharma Ltd.,"Unit Price: ৳ 3.00,(100's pack: ৳ 300.00),",(100's pack: ৳ 300.00)
1773,Rhine,allopathic,rhinetablet150-mg,Tablet,Ranitidine Hydrochloride,150 mg,Healthcare Pharmaceuticals Ltd.,"Unit Price: ৳ 3.00,(100's pack: ৳ 300.00),",(100's pack: ৳ 300.00)
11333,Rheumet,allopathic,rheumetcapsule25-mg,Capsule,Indomethacin (Oral),25 mg,Pharmadesh Laboratories Ltd.,"Unit Price: ৳ 0.62,(100's pack: ৳ 62.00),",(100's pack: ৳ 62.00)
81,Rheuma,allopathic,rheumatablet100-mg,Tablet,Aceclofenac,100 mg,Mystic Pharmaceuticals Ltd.,"Unit Price: ৳ 2.80,(100's pack: ৳ 280.00),",(100's pack: ৳ 280.00)
29106,rFSH,allopathic,rfshsc-injection75-iuvial,SC Injection,Recombinant Follicle Stimulating Hormone (rFSH),75 IU/vial,Popular Pharmaceuticals Ltd.,"75 IU vial: ৳ 1,800.00",
30528,Rezoven,allopathic,rezoventablet10-mg,Tablet,Adefovir Dipivoxil,10 mg,Beximco Pharmaceuticals Ltd.,Unit Price: ৳ 35.00,
31730,Rezor Plus,allopathic,rezor-plustablet20-mg125-mg,Tablet,Olmesartan Medoxomil + Hydrochlorothiazide,20 mg+12.5 mg,Renata Limited,"Unit Price: ৳ 10.00,(20's pack: ৳ 200.00),",(20's pack: ৳ 200.00)
31729,Rezor Plus,allopathic,rezor-plustablet40-mg125-mg,Tablet,Olmesartan Medoxomil + Hydrochlorothiazide,40 mg+12.5 mg,Renata Limited,"Unit Price: ৳ 15.00,(20's pack: ৳ 300.00),",(20's pack: ৳ 300.00)
29841,Rezor Max,allopathic,rezor-maxtablet5-mg40-mg,Tablet,Amlodipine Besilate + Olmesartan Medoxomil,5 mg+40 mg,Renata Limited,"Unit Price: ৳ 20.00,(30's pack: ৳ 600.00),",(30's pack: ৳ 600.00)
9772,Ribacee,allopathic,ribaceecapsule200-mg,Capsule,Ribavirin,200 mg,Jenphar Bangladesh Ltd.,"Unit Price: ৳ 35.30,(30's pack: ৳ 1,059.00),","(30's pack: ৳ 1,059.00)"
15265,Rhophylac,allopathic,rhophylacim-injection300-mcg2-ml,IM Injection,Human Anti-D Immunoglobulins,300 mcg/2 ml,CSL Behring,"2 ml pre-filled syringe: ৳ 3,100.00",
26165,RhoGAM,allopathic,rhogamim-injection300-mcg2-ml,IM Injection,Human Anti-D Immunoglobulins,300 mcg/2 ml,ZAS Corporation,"2 ml pre-filled syringe: ৳ 4,700.00",
12053,Rhitin,allopathic,rhitintablet10-mg,Tablet,Ebastine,10 mg,ACME Laboratories Ltd.,"Unit Price: ৳ 6.00,(30's pack: ৳ 180.00),",(30's pack: ৳ 180.00)
29840,Rezor Max,allopathic,rezor-maxtablet5-mg20-mg,Tablet,Amlodipine Besilate + Olmesartan Medoxomil,5 mg+20 mg,Renata Limited,"Unit Price: ৳ 12.00,(30's pack: ৳ 360.00),",(30's pack: ৳ 360.00)
29842,Rezor,allopathic,rezortablet20-mg,Tablet,Olmesartan Medoxomil,20 mg,Renata Limited,"Unit Price: ৳ 10.00,(30's pack: ৳ 300.00),",(30's pack: ৳ 300.00)
29839,Rezor,allopathic,rezortablet40-mg,Tablet,Olmesartan Medoxomil,40 mg,Renata Limited,"Unit Price: ৳ 18.00,(30's pack: ৳ 540.00),",(30's pack: ৳ 540.00)
33085,Rexilo,allopathic,rexilotablet120-mg,Tablet,Relugolix,120 mg,Incepta Pharmaceuticals Ltd.,"Unit Price: ৳ 250.00,(10's pack: ৳ 2,500.00),","(10's pack: ৳ 2,500.00)"
26965,Rexiet,allopathic,rexietcapsule-delayed-release20-mg,Capsule (Delayed Release),Rabeprazole Sodium,20 mg,Labaid Pharma Ltd.,"Unit Price: ৳ 8.00,(50's pack: ৳ 400.20),",(50's pack: ৳ 400.20)
26964,Rexiet,allopathic,rexietsprinkle-capsule10-mg,Sprinkle Capsule,Rabeprazole Sodium,10 mg,Labaid Pharma Ltd.,"Unit Price: ৳ 3.50,(30's pack: ৳ 104.86),",(30's pack: ৳ 104.86)
14042,Rex,allopathic,rextablet6-mg200-mg50-mg,Tablet,Betacarotene + Vitamin C + Vitamin E,6 mg+200 mg+50 mg,Square Pharmaceuticals Ltd.,"Unit Price: ৳ 3.01,(30's pack: ৳ 90.30),",(30's pack: ৳ 90.30)
2403,Rewat,allopathic,rewatoral-solution335-gm5-ml,Oral Solution,Lactulose,3.35 gm/5 ml,Kumudini Pharma Ltd.,100 ml bottle: ৳ 120.00,
26674,Revolade,allopathic,revoladetablet25-mg,Tablet,Eltrombopag Olamine,25 mg,Novartis (Bangladesh) Ltd.,"Unit Price: ৳ 919.47,(28's pack: ৳ 25,745.11),","(28's pack: ৳ 25,745.11)"
13490,Revolade,allopathic,revoladetablet25-mg,Tablet,Eltrombopag Olamine,25 mg,GlaxoSmithKline,"Unit Price: ৳ 916.64,(28's pack: ৳ 25,666.00),","(28's pack: ৳ 25,666.00)"
29060,Ridair,allopathic,ridairsyrup1-mg5-ml,Syrup,Ketotifen Fumarate (Oral),1 mg/5 ml,Team Pharmaceuticals Ltd.,100 ml bottle: ৳ 55.00,
29059,Ridair,allopathic,ridairtablet1-mg,Tablet,Ketotifen Fumarate (Oral),1 mg,Team Pharmaceuticals Ltd.,"Unit Price: ৳ 2.50,(100's pack: ৳ 250.00),",(100's pack: ৳ 250.00)
14834,Rice Saline,allopathic,rice-salineoral-powder,Oral Powder,Oral Rehydration Salt [Rice Based],,General Pharmaceuticals Ltd.,"250 ml sachet: ৳ 10.00,(20's pack: ৳ 200.00),,500 ml sachet: ৳ 17.00,(12's pack: ৳ 204.00),","(20's pack: ৳ 200.00),(12's pack: ৳ 204.00)"
14833,Rice Saline,allopathic,rice-salineoral-powder,Oral Powder,Oral Rehydration Salt [Rice Based],,Zenith Pharmaceuticals Ltd.,"250 ml sachet: ৳ 10.00,(20's pack: ৳ 200.00),",(20's pack: ৳ 200.00)
14831,Rice ORS,allopathic,rice-orsoral-powder,Oral Powder,Oral Rehydration Salt [Rice Based],,Square Pharmaceuticals Ltd.,"250 ml sachet: ৳ 9.03,(10's pack: ৳ 90.30),,500 ml sachet: ৳ 15.05,(10's pack: ৳ 150.50),","(10's pack: ৳ 90.30),(10's pack: ৳ 150.50)"
8683,Ribozith,allopathic,ribozithpowder-for-suspension200-mg5-ml,Powder for Suspension,Azithromycin Dihydrate,200 mg/5 ml,Novelta Bestway Pharma Ltd.,"25 ml bottle: ৳ 115.00,35 ml bottle: ৳ 130.00",
8682,Ribozith,allopathic,ribozithtablet500-mg,Tablet,Azithromycin Dihydrate,500 mg,Novelta Bestway Pharma Ltd.,"Unit Price: ৳ 30.00,(6's pack: ৳ 180.00),",(6's pack: ৳ 180.00)
11214,Ribox,allopathic,riboxtablet120-mg,Tablet,Etoricoxib,120 mg,Beximco Pharmaceuticals Ltd.,"Unit Price: ৳ 14.00,(20's pack: ৳ 280.00),",(20's pack: ৳ 280.00)
11213,Ribox,allopathic,riboxtablet90-mg,Tablet,Etoricoxib,90 mg,Beximco Pharmaceuticals Ltd.,"Unit Price: ৳ 12.00,(30's pack: ৳ 360.00),",(30's pack: ৳ 360.00)
11212,Ribox,allopathic,riboxtablet60-mg,Tablet,Etoricoxib,60 mg,Beximco Pharmaceuticals Ltd.,"Unit Price: ৳ 7.00,(30's pack: ৳ 210.00),",(30's pack: ৳ 210.00)
13618,Ribovit,allopathic,ribovittablet5-mg,Tablet,Riboflavin,5 mg,Aexim Pharmaceuticals Ltd.,"Unit Price: ৳ 0.20,(500's pack: ৳ 100.00),",(500's pack: ৳ 100.00)
13614,Riboson,allopathic,ribosontablet5-mg,Tablet,Riboflavin,5 mg,Jayson Pharmaceuticals Ltd.,"Unit Price: ৳ 0.30,(500's pack: ৳ 150.00),",(500's pack: ৳ 150.00)
13613,Ribosina,allopathic,ribosinatablet5-mg,Tablet,Riboflavin,5 mg,Ibn Sina Pharmaceuticals Ltd.,"Unit Price: ৳ 0.30,(500's pack: ৳ 150.00),",(500's pack: ৳ 150.00)
24243,Riboseem,allopathic,riboseemtablet5-mg,Tablet,Riboflavin,5 mg,Seema Pharmaceuticals Ltd.,,
13612,Ribomin,allopathic,ribomintablet5-mg,Tablet,Riboflavin,5 mg,Ad-din Pharmaceuticals Ltd.,"Unit Price: ৳ 0.23,(500's pack: ৳ 115.00),",(500's pack: ৳ 115.00)
13617,Riboflavine,allopathic,riboflavinetablet5-mg,Tablet,Riboflavin,5 mg,Indo Bangla Pharmaceutical,"Unit Price: ৳ 0.20,(500's pack: ৳ 100.00),",(500's pack: ৳ 100.00)
1643,Ridon,allopathic,ridonoral-suspension5-mg5-ml,Oral Suspension,Domperidone Maleate,5 mg/5 ml,Eskayef Pharmaceuticals Ltd.,60 ml bottle: ৳ 30.00,
1641,Ridon,allopathic,ridontablet10-mg,Tablet,Domperidone Maleate,10 mg,Eskayef Pharmaceuticals Ltd.,"Unit Price: ৳ 2.50,(100's pack: ৳ 250.00),",(100's pack: ৳ 250.00)
30749,Ridicef,allopathic,ridicefcapsule300-mg,Capsule,Cefdinir,300 mg,Navana Pharmaceuticals Ltd.,"Unit Price: ৳ 45.16,(12's pack: ৳ 541.92),",(12's pack: ৳ 541.92)
30748,Ridicef,allopathic,ridicefpowder-for-suspension125-mg5-ml,Powder for Suspension,Cefdinir,125 mg/5 ml,Navana Pharmaceuticals Ltd.,60 ml bottle: ৳ 175.65,
13624,Ridel ER,allopathic,ridel-ertablet-extended-release500-mg,Tablet (Extended Release),Nicotinic Acid [Niacin],500 mg,Incepta Pharmaceuticals Ltd.,"Unit Price: ৳ 8.00,(20's pack: ৳ 160.00),",(20's pack: ৳ 160.00)
33158,Ridco,allopathic,ridcotablet2-mg,Tablet,Prucalopride Succinate,2 mg,Renata Limited,"Unit Price: ৳ 24.00,(30's pack: ৳ 720.00),",(30's pack: ৳ 720.00)
33157,Ridco,allopathic,ridcotablet1-mg,Tablet,Prucalopride Succinate,1 mg,Renata Limited,"Unit Price: ৳ 14.00,(30's pack: ৳ 420.00),",(30's pack: ৳ 420.00)
13611,Riboflavine,allopathic,riboflavinetablet5-mg,Tablet,Riboflavin,5 mg,Pharmadesh Laboratories Ltd.,"Unit Price: ৳ 0.28,(500's pack: ৳ 140.00),,Unit Price: ৳ 0.21,(1000's pack: ৳ 210.00),","(500's pack: ৳ 140.00),(1000's pack: ৳ 210.00)"
13610,Riboflavine,allopathic,riboflavinetablet5-mg,Tablet,Riboflavin,5 mg,Bristol Pharmaceuticals Ltd.,"Unit Price: ৳ 0.21,(500's pack: ৳ 105.00),",(500's pack: ৳ 105.00)
24238,Riboflavin,allopathic,riboflavintablet5-mg,Tablet,Riboflavin,5 mg,Hudson Pharmaceuticals Ltd.,,
24231,Riboflavin,allopathic,riboflavintablet5-mg,Tablet,Riboflavin,5 mg,Bristol Pharmaceuticals Ltd.,Unit Price: ৳ 0.23,
8874,Riboclin,allopathic,riboclincapsule300-mg,Capsule,Clindamycin,300 mg,Biopharma Laboratories Ltd.,"Unit Price: ৳ 15.00,(30's pack: ৳ 450.00),",(30's pack: ৳ 450.00)
24242,Ribiflavine,allopathic,ribiflavinetablet5-mg,Tablet,Riboflavin,5 mg,Rephco Pharmaceuticals Ltd.,Unit Price: ৳ 0.20,
13830,Ribaplex,allopathic,ribaplexsyrup,Syrup,Vitamin B complex,,Apex Pharmaceuticals Ltd.,200 ml bottle: ৳ 38.17,
14898,Ringer's Solution,allopathic,ringers-solutioniv-infusion,IV Infusion,Ringer's Lactate Solution,,Opso Saline Ltd.,500 ml bag: ৳ 45.17,
3639,Rinase,allopathic,rinasenebuliser-solution250-mcgml,Nebuliser Solution,Ipratropium Bromide (Nebuliser Solution),250 mcg/ml,ACI Limited,20 ml bottle: ৳ 130.39,
9706,Rimstar 4-FDC,allopathic,rimstar-4-fdctablet150-mg75-mg400-mg275-mg,Tablet,Rifampicin + Isoniazid + Pyrazinamide + Ethambutol,150 mg+75 mg+400 mg+275 mg,SANDOZ (A Novartis Division),"Unit Price: ৳ 12.10,(50's pack: ৳ 605.00),",(50's pack: ৳ 605.00)
16566,Rimcure 3-FDC,allopathic,rimcure-3-fdctablet150-mg75-mg400-mg,Tablet,Rifampicin + Isoniazid + Pyrazinamide,150 mg+75 mg+400 mg,SANDOZ (A Novartis Division),"Unit Price: ৳ 5.51,(100's pack: ৳ 550.72),",(100's pack: ৳ 550.72)
16568,Rimactazid,allopathic,rimactazidtablet450-mg300-mg,Tablet,Rifampicin + Isoniazid,450 mg+300 mg,SANDOZ (A Novartis Division),"Unit Price: ৳ 11.74,(50's pack: ৳ 586.96),",(50's pack: ৳ 586.96)
16567,Rimactazid,allopathic,rimactazidtablet300-mg150-mg,Tablet,Rifampicin + Isoniazid,300 mg+150 mg,SANDOZ (A Novartis Division),"Unit Price: ৳ 8.39,(50's pack: ৳ 419.54),",(50's pack: ৳ 419.54)
9688,Rimactane,allopathic,rimactanetablet450-mg,Tablet,Rifampicin,450 mg,SANDOZ (A Novartis Division),"Unit Price: ৳ 10.86,(50's pack: ৳ 542.75),",(50's pack: ৳ 542.75)
28347,Riluket,allopathic,rilukettablet50-mg,Tablet,Riluzole,50 mg,Synovia pharma plc,"Unit Price: ৳ 312.50,(56's pack: ৳ 17,500.00),","(56's pack: ৳ 17,500.00)"
28438,Rilovir,allopathic,rilovirtablet200-mg50-mg,Tablet,Lopinavir + Ritonavir,200 mg+50 mg,Beximco Pharmaceuticals Ltd.,"Unit Price: ৳ 50.00,(14's pack: ৳ 700.00),,Unit Price: ৳ 50.00,(30's pack: ৳ 1,500.00),","(14's pack: ৳ 700.00),(30's pack: ৳ 1,500.00)"
24264,Rifcin,allopathic,rifcincapsule150-mg,Capsule,Rifampicin,150 mg,Pharmadesh Laboratories Ltd.,"Unit Price: ৳ 11.03,(40's pack: ৳ 441.20),",(40's pack: ৳ 441.20)
9685,Rifcin,allopathic,rifcinsyrup100-mg5-ml,Syrup,Rifampicin,100 mg/5 ml,Pharmadesh Laboratories Ltd.,60 ml bottle: ৳ 80.00,
8954,Rifaxin,allopathic,rifaxintablet550-mg,Tablet,Rifaximin,550 mg,Ziska Pharmaceuticals Ltd.,"Unit Price: ৳ 45.00,(8's pack: ৳ 360.00),",(8's pack: ৳ 360.00)
8953,Rifaxin,allopathic,rifaxintablet200-mg,Tablet,Rifaximin,200 mg,Ziska Pharmaceuticals Ltd.,"Unit Price: ৳ 20.00,(16's pack: ৳ 320.00),",(16's pack: ৳ 320.00)
32752,Rifax,allopathic,rifaxtablet550-mg,Tablet,Rifaximin,550 mg,Beacon Pharmaceuticals Ltd.,"Unit Price: ৳ 45.00,(12's pack: ৳ 540.00),",(12's pack: ৳ 540.00)
32751,Rifax,allopathic,rifaxtablet200-mg,Tablet,Rifaximin,200 mg,Beacon Pharmaceuticals Ltd.,"Unit Price: ৳ 20.00,(24's pack: ৳ 480.00),",(24's pack: ৳ 480.00)
9687,Rifatan,allopathic,rifatansyrup100-mg5-ml,Syrup,Rifampicin,100 mg/5 ml,Gaco Pharmaceuticals Ltd.,60 ml bottle: ৳ 29.39,
32014,Rinobil,allopathic,rinobiltablet20-mg,Tablet,Bilastine,20 mg,Pharmasia Limited,"Unit Price: ৳ 15.00,(30's pack: ৳ 450.00),",(30's pack: ৳ 450.00)
32013,Rinobil,allopathic,rinobiloral-solution125-mg5-ml,Oral Solution,Bilastine,12.5 mg/5 ml,Pharmasia Limited,30 ml bottle: ৳ 75.00,
12038,Rinobas,allopathic,rinobastablet10-mg,Tablet,Ebastine,10 mg,Jenphar Bangladesh Ltd.,"Unit Price: ৳ 6.00,(50's pack: ৳ 300.00),",(50's pack: ৳ 300.00)
8965,Rifamax,allopathic,rifamaxtablet550-mg,Tablet,Rifaximin,550 mg,Incepta Pharmaceuticals Ltd.,"Unit Price: ৳ 45.00,(10's pack: ৳ 450.00),",(10's pack: ৳ 450.00)
8964,Rifamax,allopathic,rifamaxtablet200-mg,Tablet,Rifaximin,200 mg,Incepta Pharmaceuticals Ltd.,"Unit Price: ৳ 20.00,(10's pack: ৳ 200.00),",(10's pack: ৳ 200.00)
8950,Rifagut,allopathic,rifaguttablet550-mg,Tablet,Rifaximin,550 mg,Opsonin Pharma Ltd.,"Unit Price: ৳ 45.00,(10's pack: ৳ 450.00),",(10's pack: ৳ 450.00)
8949,Rifagut,allopathic,rifaguttablet200-mg,Tablet,Rifaximin,200 mg,Opsonin Pharma Ltd.,"Unit Price: ৳ 20.06,(10's pack: ৳ 200.60),",(10's pack: ৳ 200.60)
9693,Rifagen,allopathic,rifagentablet450-mg300-mg,Tablet,Rifampicin + Isoniazid,450 mg+300 mg,Pharmadesh Laboratories Ltd.,"Unit Price: ৳ 17.49,(20's pack: ৳ 349.80),",(20's pack: ৳ 349.80)
8948,Rifacol,allopathic,rifacoltablet550-mg,Tablet,Rifaximin,550 mg,Sharif Pharmaceuticals Ltd.,"Unit Price: ৳ 45.13,(10's pack: ৳ 451.31),",(10's pack: ৳ 451.31)
8947,Rifacol,allopathic,rifacoltablet200-mg,Tablet,Rifaximin,200 mg,Sharif Pharmaceuticals Ltd.,"Unit Price: ৳ 20.07,(20's pack: ৳ 401.40),",(20's pack: ৳ 401.40)
8946,Rifabac,allopathic,rifabactablet200-mg,Tablet,Rifaximin,200 mg,Popular Pharmaceuticals Ltd.,"Unit Price: ৳ 25.00,(10's pack: ৳ 250.00),",(10's pack: ৳ 250.00)
26789,Ridon Fast,allopathic,ridon-fastdispersible-tablet10-mg,Dispersible Tablet,Domperidone Maleate,10 mg,Eskayef Pharmaceuticals Ltd.,"Unit Price: ৳ 3.00,(100's pack: ৳ 300.00),",(100's pack: ৳ 300.00)
1642,Ridon EG,allopathic,ridon-egeffervescent-granules10-mg3-gm,Effervescent Granules,Domperidone Maleate,10 mg/3 gm,Eskayef Pharmaceuticals Ltd.,"3 gm sachet: ৳ 6.00,(20's pack: ৳ 120.00),",(20's pack: ৳ 120.00)
26790,Ridon,allopathic,ridonpediatric-drops5-mgml,Pediatric Drops,Domperidone Maleate,5 mg/ml,Eskayef Pharmaceuticals Ltd.,15 ml drop: ৳ 20.00,
24284,Rislock,allopathic,rislocktablet4-mg,Tablet,Risperidone (Oral),4 mg,Innovative Pharma (Albion),"Unit Price: ৳ 10.63,(50's pack: ৳ 531.27),",(50's pack: ৳ 531.27)
24283,Rislock,allopathic,rislocktablet2-mg,Tablet,Risperidone (Oral),2 mg,Innovative Pharma (Albion),"Unit Price: ৳ 7.08,(50's pack: ৳ 354.18),",(50's pack: ৳ 354.18)
24282,Rislock,allopathic,rislocktablet1-mg,Tablet,Risperidone (Oral),1 mg,Innovative Pharma (Albion),"Unit Price: ৳ 3.54,(50's pack: ৳ 177.00),",(50's pack: ৳ 177.00)
26281,Risedon Plus,allopathic,risedon-plustablet35-mg500-mg,Tablet,Risedronate Sodium + Calcium,35 mg+500 mg,Square Pharmaceuticals Ltd.,"Unit Price: ৳ 7.88,(28's pack: ৳ 220.64),",(28's pack: ৳ 220.64)
14936,Risedon,allopathic,risedontablet150-mg,Tablet,Risedronate Sodium,150 mg,Square Pharmaceuticals Ltd.,Unit Price: ৳ 120.37,
4423,Risdon,allopathic,risdontablet4-mg,Tablet,Risperidone (Oral),4 mg,UniMed UniHealth,"Unit Price: ৳ 9.00,(30's pack: ৳ 270.00),",(30's pack: ৳ 270.00)
4422,Risdon,allopathic,risdontablet2-mg,Tablet,Risperidone (Oral),2 mg,UniMed UniHealth,"Unit Price: ৳ 5.00,(30's pack: ৳ 150.00),",(30's pack: ৳ 150.00)
4421,Risdon,allopathic,risdontablet1-mg,Tablet,Risperidone (Oral),1 mg,UniMed UniHealth,"Unit Price: ৳ 3.00,(30's pack: ৳ 90.00),",(30's pack: ৳ 90.00)
24286,Riscord,allopathic,riscordtablet1-mg,Tablet,Risperidone (Oral),1 mg,General Pharmaceuticals Ltd.,"Unit Price: ৳ 2.75,(50's pack: ৳ 137.50),",(50's pack: ৳ 137.50)
4420,Riscord,allopathic,riscordtablet4-mg,Tablet,Risperidone (Oral),4 mg,General Pharmaceuticals Ltd.,"Unit Price: ৳ 9.00,(30's pack: ৳ 270.00),",(30's pack: ৳ 270.00)
4419,Riscord,allopathic,riscordtablet2-mg,Tablet,Risperidone (Oral),2 mg,General Pharmaceuticals Ltd.,"Unit Price: ৳ 5.75,(30's pack: ৳ 172.50),",(30's pack: ৳ 172.50)
2677,Ripril,allopathic,ripriltablet5-mg,Tablet,Ramipril,5 mg,Square Pharmaceuticals Ltd.,"Unit Price: ৳ 8.00,(30's pack: ৳ 240.00),",(30's pack: ৳ 240.00)
2676,Ripril,allopathic,ripriltablet25-mg,Tablet,Ramipril,2.5 mg,Square Pharmaceuticals Ltd.,"Unit Price: ৳ 5.00,(30's pack: ৳ 150.00),",(30's pack: ৳ 150.00)
20134,Riox,allopathic,rioxtablet120-mg,Tablet,Etoricoxib,120 mg,UniMed UniHealth,"Unit Price: ৳ 14.00,(20's pack: ৳ 280.00),",(20's pack: ৳ 280.00)
20133,Riox,allopathic,rioxtablet90-mg,Tablet,Etoricoxib,90 mg,UniMed UniHealth,"Unit Price: ৳ 12.00,(20's pack: ৳ 240.00),",(20's pack: ৳ 240.00)
20132,Riox,allopathic,rioxtablet60-mg,Tablet,Etoricoxib,60 mg,UniMed UniHealth,"Unit Price: ৳ 7.00,(20's pack: ৳ 140.00),",(20's pack: ৳ 140.00)
28306,Risperdal Consta,allopathic,risperdal-constalong-acting-injection50-mgvial,Long Acting Injection,Risperidone (Injection),50 mg/vial,Janssen-Cilag,"50 mg vial: ৳ 18,826.82",
28305,Risperdal Consta,allopathic,risperdal-constalong-acting-injection375-mgvial,Long Acting Injection,Risperidone (Injection),37.5 mg/vial,Janssen-Cilag,"37.5 mg vial: ৳ 12,521.23",
28304,Risperdal Consta,allopathic,risperdal-constalong-acting-injection25-mgvial,Long Acting Injection,Risperidone (Injection),25 mg/vial,Janssen-Cilag,"25 mg vial: ৳ 9,413.42",
19867,Rispain Plus,allopathic,rispain-plusim-injection75-mg20-mg2-ml,IM Injection,Diclofenac Sodium + Lidocaine Hydrochloride,(75 mg+20 mg)/2 ml,Ethical Drug Ltd.,"2 ml ampoule: ৳ 14.00,(6's pack: ৳ 84.00),",(6's pack: ৳ 84.00)
14945,Risonet,allopathic,risonettablet150-mg,Tablet,Risedronate Sodium,150 mg,Opsonin Pharma Ltd.,Unit Price: ৳ 120.00,
14944,Risonet,allopathic,risonettablet35-mg,Tablet,Risedronate Sodium,35  mg,Opsonin Pharma Ltd.,"Unit Price: ৳ 50.00,(4's pack: ৳ 200.00),",(4's pack: ৳ 200.00)
15493,Rison,allopathic,risontablet50-mg,Tablet,Tolperisone Hydrochloride,50 mg,Kemiko Pharmaceuticals Ltd.,"Unit Price: ৳ 4.01,(50's pack: ৳ 200.50),",(50's pack: ৳ 200.50)
32748,Riovera,allopathic,rioveratablet12-mg,Tablet,Ivermectin (Tablet),12 mg,Healthcare Pharmaceuticals Ltd.,"Unit Price: ৳ 20.00,(10's pack: ৳ 200.00),",(10's pack: ৳ 200.00)
32747,Riovera,allopathic,rioveratablet6-mg,Tablet,Ivermectin (Tablet),6 mg,Healthcare Pharmaceuticals Ltd.,"Unit Price: ৳ 10.00,(10's pack: ৳ 100.00),",(10's pack: ৳ 100.00)
12012,Rinzin,allopathic,rinzintablet10-mg,Tablet,Cetirizine Hydrochloride,10 mg,Globex Pharmaceuticals Ltd.,"Unit Price: ৳ 3.00,(100's pack: ৳ 300.00),",(100's pack: ৳ 300.00)
12178,Rinotin,allopathic,rinotintablet5-mg,Tablet,Levocetirizine Dihydrochloride,5 mg,Biopharma Laboratories Ltd.,"Unit Price: ৳ 3.00,(100's pack: ৳ 300.15),",(100's pack: ৳ 300.15)
12136,Rinofen,allopathic,rinofentablet180-mg,Tablet,Fexofenadine Hydrochloride,180 mg,Jenphar Bangladesh Ltd.,"Unit Price: ৳ 10.00,(30's pack: ৳ 300.00),",(30's pack: ৳ 300.00)
12135,Rinofen,allopathic,rinofentablet120-mg,Tablet,Fexofenadine Hydrochloride,120 mg,Jenphar Bangladesh Ltd.,"Unit Price: ৳ 8.00,(30's pack: ৳ 240.00),",(30's pack: ৳ 240.00)
19179,Rinocet,allopathic,rinocettablet5-mg,Tablet,Levocetirizine Dihydrochloride,5 mg,Jenphar Bangladesh Ltd.,"Unit Price: ৳ 4.00,(100's pack: ৳ 400.00),",(100's pack: ৳ 400.00)
24295,Rivaban,allopathic,rivabantablet25-mg,Tablet,Rivaroxaban,2.5 mg,ACI Limited,"Unit Price: ৳ 8.00,(30's pack: ৳ 240.00),",(30's pack: ৳ 240.00)
24293,Rivaban,allopathic,rivabantablet10-mg,Tablet,Rivaroxaban,10 mg,ACI Limited,"Unit Price: ৳ 25.00,(20's pack: ৳ 500.00),",(20's pack: ৳ 500.00)
15169,Rituxim,allopathic,rituximiv-infusion10-mgml,IV Infusion,Rituximab,10 mg/ml,Beacon Pharmaceuticals Ltd.,"100 mg vial: ৳ 11,000.00,500 mg vial: ৳ 55,000.00",
15671,Ritopar,allopathic,ritopartablet10-mg,Tablet,Ritodrine Hydrochloride,10 mg,ACI Limited,"Unit Price: ৳ 8.02,(30's pack: ৳ 240.60),",(30's pack: ৳ 240.60)
11217,Rito,allopathic,ritotablet120-mg,Tablet,Etoricoxib,120 mg,Opsonin Pharma Ltd.,"Unit Price: ৳ 14.05,(20's pack: ৳ 281.00),",(20's pack: ৳ 281.00)
11216,Rito,allopathic,ritotablet90-mg,Tablet,Etoricoxib,90 mg,Opsonin Pharma Ltd.,"Unit Price: ৳ 12.05,(30's pack: ৳ 361.50),",(30's pack: ৳ 361.50)
11215,Rito,allopathic,ritotablet60-mg,Tablet,Etoricoxib,60 mg,Opsonin Pharma Ltd.,"Unit Price: ৳ 7.03,(30's pack: ৳ 210.90),",(30's pack: ৳ 210.90)
20327,Ritch,allopathic,ritchdispersible-tablet30-mg,Dispersible Tablet,Fexofenadine Hydrochloride,30 mg,ACI Limited,"Unit Price: ৳ 3.00,(50's pack: ৳ 150.00),",(50's pack: ৳ 150.00)
12140,Ritch,allopathic,ritchoral-suspension30-mg5-ml,Oral Suspension,Fexofenadine Hydrochloride,30 mg/5 ml,ACI Limited,50 ml bottle: ৳ 48.14,
12139,Ritch,allopathic,ritchtablet180-mg,Tablet,Fexofenadine Hydrochloride,180 mg,ACI Limited,"Unit Price: ৳ 10.00,(50's pack: ৳ 500.00),",(50's pack: ৳ 500.00)
12138,Ritch,allopathic,ritchtablet120-mg,Tablet,Fexofenadine Hydrochloride,120 mg,ACI Limited,"Unit Price: ৳ 8.00,(50's pack: ৳ 400.00),",(50's pack: ৳ 400.00)
12137,Ritch,allopathic,ritchtablet60-mg,Tablet,Fexofenadine Hydrochloride,60 mg,ACI Limited,"Unit Price: ৳ 5.04,(50's pack: ৳ 252.00),",(50's pack: ৳ 252.00)
8069,Rit,allopathic,ritiv-injection2-gmvial,IV Injection,Ceftriaxone Sodium,2 gm/vial,Kemiko Pharmaceuticals Ltd.,2 gm vial: ৳ 300.90,
8068,Rit,allopathic,ritiv-injection1-gmvial,IV Injection,Ceftriaxone Sodium,1 gm/vial,Kemiko Pharmaceuticals Ltd.,1 gm vial: ৳ 190.58,
8065,Rit,allopathic,ritim-injection1-gmvial,IM Injection,Ceftriaxone Sodium,1 gm/vial,Kemiko Pharmaceuticals Ltd.,1 gm vial: ৳ 190.58,
8064,Rit,allopathic,ritim-injection500-mgvial,IM Injection,Ceftriaxone Sodium,500 mg/vial,Kemiko Pharmaceuticals Ltd.,500 mg vial: ৳ 120.35,
5199,Rivamer,allopathic,rivamercapsule45-mg,Capsule,Rivastigmine Tartrate,4.5 mg,Sun Pharmaceutical Ltd.,"Unit Price: ৳ 40.13,(30's pack: ৳ 1,203.80),","(30's pack: ৳ 1,203.80)"
5198,Rivamer,allopathic,rivamercapsule15-mg,Capsule,Rivastigmine Tartrate,1.5 mg,Sun Pharmaceutical Ltd.,"Unit Price: ৳ 23.00,(30's pack: ৳ 690.00),",(30's pack: ৳ 690.00)
31841,Rivadel,allopathic,rivadeltablet10-mg,Tablet,Rivaroxaban,10 mg,Delta Pharma Ltd.,"Unit Price: ৳ 15.00,(20's pack: ৳ 300.00),",(20's pack: ৳ 300.00)
31840,Rivadel,allopathic,rivadeltablet25-mg,Tablet,Rivaroxaban,2.5 mg,Delta Pharma Ltd.,"Unit Price: ৳ 5.00,(30's pack: ৳ 150.00),",(30's pack: ৳ 150.00)
32885,RivaCap,allopathic,rivacapcapsule3-mg,Capsule,Rivastigmine Tartrate,3 mg,Ibn Sina Pharmaceuticals Ltd.,"Unit Price: ৳ 18.00,(10's pack: ৳ 180.00),",(10's pack: ৳ 180.00)
5202,RivaCap,allopathic,rivacapcapsule15-mg,Capsule,Rivastigmine Tartrate,1.5 mg,Ibn Sina Pharmaceuticals Ltd.,"Unit Price: ৳ 10.00,(30's pack: ৳ 300.00),",(30's pack: ৳ 300.00)
32363,Rivaban,allopathic,rivabantablet20-mg,Tablet,Rivaroxaban,20 mg,ACI Limited,"Unit Price: ৳ 45.00,(20's pack: ৳ 900.00),",(20's pack: ৳ 900.00)
8063,Rit,allopathic,ritim-injection250-mgvial,IM Injection,Ceftriaxone Sodium,250 mg/vial,Kemiko Pharmaceuticals Ltd.,250 mg vial: ৳ 95.29,
4430,Rispolux,allopathic,rispoluxtablet4-mg,Tablet,Risperidone (Oral),4 mg,SANDOZ (A Novartis Division),"Unit Price: ৳ 9.20,(30's pack: ৳ 276.00),",(30's pack: ৳ 276.00)
4429,Rispolux,allopathic,rispoluxtablet2-mg,Tablet,Risperidone (Oral),2 mg,SANDOZ (A Novartis Division),"Unit Price: ৳ 6.00,(100's pack: ৳ 600.00),",(100's pack: ৳ 600.00)
4428,Rispolux,allopathic,rispoluxtablet1-mg,Tablet,Risperidone (Oral),1 mg,SANDOZ (A Novartis Division),"Unit Price: ৳ 3.20,(100's pack: ৳ 320.00),",(100's pack: ৳ 320.00)
29071,Risperdex,allopathic,risperdextablet4-mg,Tablet,Risperidone (Oral),4 mg,Opsonin Pharma Ltd.,"Unit Price: ৳ 9.00,(45's pack: ৳ 405.00),",(45's pack: ৳ 405.00)
4427,Risperdex,allopathic,risperdextablet2-mg,Tablet,Risperidone (Oral),2 mg,Opsonin Pharma Ltd.,"Unit Price: ৳ 2.01,(50's pack: ৳ 100.50),",(50's pack: ৳ 100.50)
4426,Risperdex,allopathic,risperdextablet1-mg,Tablet,Risperidone (Oral),1 mg,Opsonin Pharma Ltd.,"Unit Price: ৳ 1.51,(50's pack: ৳ 75.50),",(50's pack: ৳ 75.50)
11989,Riz,allopathic,rizsyrup5-mg5-ml,Syrup,Cetirizine Hydrochloride,5 mg/5 ml,Orion Pharma Ltd.,60 ml bottle: ৳ 25.00,
11988,Riz,allopathic,riztablet10-mg,Tablet,Cetirizine Hydrochloride,10 mg,Orion Pharma Ltd.,"Unit Price: ৳ 3.01,(100's pack: ৳ 301.00),",(100's pack: ৳ 301.00)
4070,Rixol,allopathic,rixolsyrup15-mg5-ml,Syrup,Ambroxol Hydrochloride,15 mg/5 ml,Medicon Pharmaceuticals Ltd.,100 ml bottle: ৳ 37.50,
32833,Rixoban,allopathic,rixobantablet10-mg,Tablet,Rivaroxaban,10 mg,Biopharma Laboratories Ltd.,"Unit Price: ৳ 25.00,(30's pack: ৳ 750.00),",(30's pack: ৳ 750.00)
32832,Rixoban,allopathic,rixobantablet25-mg,Tablet,Rivaroxaban,2.5 mg,Biopharma Laboratories Ltd.,"Unit Price: ৳ 8.00,(30's pack: ৳ 240.00),",(30's pack: ৳ 240.00)
31099,Rivotril,allopathic,rivotriltablet1-mg,Tablet,Clonazepam,1 mg,Radiant Pharmaceuticals Ltd.,"Unit Price: ৳ 9.00,(70's pack: ৳ 630.00),",(70's pack: ৳ 630.00)
4870,Rivotril,allopathic,rivotriltablet2-mg,Tablet,Clonazepam,2 mg,Radiant Pharmaceuticals Ltd.,"Unit Price: ৳ 13.00,(60's pack: ৳ 780.00),",(60's pack: ৳ 780.00)
4869,Rivotril,allopathic,rivotriltablet05-mg,Tablet,Clonazepam,0.5 mg,Radiant Pharmaceuticals Ltd.,"Unit Price: ৳ 8.00,(80's pack: ৳ 640.00),",(80's pack: ৳ 640.00)
30980,Rivosis,allopathic,rivosistablet10-mg,Tablet,Rivaroxaban,10 mg,Beacon Pharmaceuticals Ltd.,"Unit Price: ৳ 25.00,(20's pack: ৳ 500.00),",(20's pack: ৳ 500.00)
32087,Rivo,allopathic,rivotablet025-mg,Tablet,Clonazepam,0.25 mg,Orion Pharma Ltd.,"Unit Price: ৳ 3.50,(50's pack: ৳ 175.00),",(50's pack: ৳ 175.00)
26934,Rivo,allopathic,rivotablet1-mg,Tablet,Clonazepam,1 mg,Orion Pharma Ltd.,"Unit Price: ৳ 8.00,(30's pack: ৳ 240.00),",(30's pack: ৳ 240.00)
4868,Rivo,allopathic,rivotablet2-mg,Tablet,Clonazepam,2 mg,Orion Pharma Ltd.,"Unit Price: ৳ 10.00,(30's pack: ৳ 300.00),",(30's pack: ৳ 300.00)
4867,Rivo,allopathic,rivotablet05-mg,Tablet,Clonazepam,0.5 mg,Orion Pharma Ltd.,"Unit Price: ৳ 6.00,(50's pack: ৳ 300.00),",(50's pack: ৳ 300.00)
13619,Rivin,allopathic,rivintablet5-mg,Tablet,Riboflavin,5 mg,Supreme Pharmaceutical Ltd.,"Unit Price: ৳ 0.30,(500's pack: ৳ 150.00),",(500's pack: ৳ 150.00)
16664,RivaXa,allopathic,rivaxatablet10-mg,Tablet,Rivaroxaban,10 mg,Square Pharmaceuticals Ltd.,"Unit Price: ৳ 25.00,(10's pack: ৳ 250.00),",(10's pack: ৳ 250.00)
16663,RivaXa,allopathic,rivaxatablet25-mg,Tablet,Rivaroxaban,2.5 mg,Square Pharmaceuticals Ltd.,"Unit Price: ৳ 8.00,(20's pack: ৳ 160.00),",(20's pack: ৳ 160.00)
10844,Rizelium,allopathic,rizeliumcapsule10-mg,Capsule,Flunarizine,10 mg,UniMed UniHealth,"Unit Price: ৳ 5.00,(30's pack: ৳ 150.00),",(30's pack: ৳ 150.00)
10843,Rizelium,allopathic,rizeliumcapsule5-mg,Capsule,Flunarizine,5 mg,UniMed UniHealth,"Unit Price: ৳ 3.50,(30's pack: ৳ 105.00),",(30's pack: ৳ 105.00)
10788,Rizat,allopathic,rizattablet5-mg,Tablet,Rizatriptan Benzoate,5 mg,ACME Laboratories Ltd.,"Unit Price: ৳ 30.20,(10's pack: ৳ 302.02),",(10's pack: ৳ 302.02)
10787,Rizamig,allopathic,rizamigtablet5-mg,Tablet,Rizatriptan Benzoate,5 mg,Healthcare Pharmaceuticals Ltd.,"Unit Price: ৳ 35.50,(10's pack: ৳ 355.00),",(10's pack: ৳ 355.00)
31188,Rivatig,allopathic,rivatigcapsule15-mg,Capsule,Rivastigmine Tartrate,1.5 mg,Square Pharmaceuticals Ltd.,"Unit Price: ৳ 20.00,(20's pack: ৳ 400.00),",(20's pack: ৳ 400.00)
29512,Rivas,allopathic,rivascapsule3-mg,Capsule,Rivastigmine Tartrate,3 mg,Popular Pharmaceuticals Ltd.,"Unit Price: ৳ 40.00,(10's pack: ৳ 400.00),",(10's pack: ৳ 400.00)
29511,Rivas,allopathic,rivascapsule15-mg,Capsule,Rivastigmine Tartrate,1.5 mg,Popular Pharmaceuticals Ltd.,"Unit Price: ৳ 23.00,(20's pack: ৳ 460.00),",(20's pack: ৳ 460.00)
24299,Rivarox,allopathic,rivaroxtablet25-mg,Tablet,Rivaroxaban,2.5 mg,Eskayef Pharmaceuticals Ltd.,"Unit Price: ৳ 8.00,(30's pack: ৳ 240.00),",(30's pack: ৳ 240.00)
24298,Rivarox,allopathic,rivaroxtablet20-mg,Tablet,Rivaroxaban,20 mg,Eskayef Pharmaceuticals Ltd.,"Unit Price: ৳ 45.00,(20's pack: ৳ 900.00),",(20's pack: ৳ 900.00)
24297,Rivarox,allopathic,rivaroxtablet15-mg,Tablet,Rivaroxaban,15 mg,Eskayef Pharmaceuticals Ltd.,"Unit Price: ৳ 35.00,(20's pack: ৳ 700.00),",(20's pack: ৳ 700.00)
16662,Rivarox,allopathic,rivaroxtablet10-mg,Tablet,Rivaroxaban,10 mg,Eskayef Pharmaceuticals Ltd.,"Unit Price: ৳ 25.00,(20's pack: ৳ 500.00),",(20's pack: ৳ 500.00)
31207,Rivaren,allopathic,rivarencapsule15-mg,Capsule,Rivastigmine Tartrate,1.5 mg,Renata Limited,"Unit Price: ৳ 20.00,(18's pack: ৳ 360.00),",(18's pack: ৳ 360.00)
31206,Rivaren,allopathic,rivarencapsule3-mg,Capsule,Rivastigmine Tartrate,3 mg,Renata Limited,"Unit Price: ৳ 40.00,(12's pack: ৳ 480.00),",(12's pack: ৳ 480.00)
31950,Rivamer,allopathic,rivamercapsule3-mg,Capsule,Rivastigmine Tartrate,3 mg,Sun Pharmaceutical Ltd.,"Unit Price: ৳ 40.00,(30's pack: ৳ 1,200.00),","(30's pack: ৳ 1,200.00)"
9342,Rocipro,allopathic,rociprotablet750-mg,Tablet,Ciprofloxacin,750 mg,Healthcare Pharmaceuticals Ltd.,"Unit Price: ৳ 18.00,(16's pack: ৳ 288.00),",(16's pack: ৳ 288.00)
9341,Rocipro,allopathic,rociprotablet500-mg,Tablet,Ciprofloxacin,500 mg,Healthcare Pharmaceuticals Ltd.,"Unit Price: ৳ 14.00,(30's pack: ৳ 420.00),",(30's pack: ৳ 420.00)
9130,Rocipro,allopathic,rociproophthalmic-solution03,Ophthalmic Solution,Ciprofloxacin (Ophthalmic),0.30%,Healthcare Pharmaceuticals Ltd.,5 ml drop: ৳ 45.00,
1955,Roceptin,allopathic,roceptincapsule-delayed-release20-mg,Capsule (Delayed Release),Omeprazole,20 mg,Desh Pharmaceuticals Ltd.,"Unit Price: ৳ 5.00,(60's pack: ৳ 300.00),",(60's pack: ৳ 300.00)
6985,Rocef Forte,allopathic,rocef-fortepowder-for-suspension250-mg5-ml,Powder for Suspension,Cephradine,250 mg/5 ml,Healthcare Pharmaceuticals Ltd.,100 ml bottle: ৳ 140.00,
6984,Rocef,allopathic,rocefpowder-for-suspension125-mg5-ml,Powder for Suspension,Cephradine,125 mg/5 ml,Healthcare Pharmaceuticals Ltd.,100 ml bottle: ৳ 95.00,
6983,Rocef,allopathic,rocefcapsule500-mg,Capsule,Cephradine,500 mg,Healthcare Pharmaceuticals Ltd.,"Unit Price: ৳ 16.00,(30's pack: ৳ 480.00),,Unit Price: ৳ 16.00,(24's pack: ৳ 384.00),","(30's pack: ৳ 480.00),(24's pack: ৳ 384.00)"
6982,Rocef,allopathic,rocefcapsule250-mg,Capsule,Cephradine,250 mg,Healthcare Pharmaceuticals Ltd.,"Unit Price: ৳ 10.00,(48's pack: ৳ 480.00),,Unit Price: ৳ 10.00,(30's pack: ৳ 300.00),","(48's pack: ৳ 480.00),(30's pack: ৳ 300.00)"
28644,Rocal-O,allopathic,rocal-otablet400-mg,Tablet,Calcium Orotate,400 mg,Healthcare Pharmaceuticals Ltd.,"Unit Price: ৳ 8.00,(50's pack: ৳ 400.00),",(50's pack: ৳ 400.00)
26117,Rocal-M Vita,allopathic,rocal-m-vitaeffervescent-tablet,Effervescent Tablet,Calcium Carbonate + Vitamin D3 + Multimineral,,Healthcare Pharmaceuticals Ltd.,"Unit Price: ৳ 20.00,(10's pack: ৳ 200.00),",(10's pack: ৳ 200.00)
14537,Rocal-M,allopathic,rocal-mtablet,Tablet,Calcium Carbonate + Vitamin D3 + Multimineral,,Healthcare Pharmaceuticals Ltd.,"Unit Price: ৳ 9.00,(32's pack: ৳ 288.00),",(32's pack: ৳ 288.00)
18446,Rocal-D Vita,allopathic,rocal-d-vitaeffervescent-tablet600-mg400-iu,Effervescent Tablet,Calcium Carbonate [Elemental source] + Vitamin D3,600 mg+400 IU,Healthcare Pharmaceuticals Ltd.,"Unit Price: ৳ 15.00,(14's pack: ৳ 210.00),",(14's pack: ৳ 210.00)
26116,Rocal-D,allopathic,rocal-dtablet500-mg200-iu,Tablet,Calcium Carbonate [Elemental source] + Vitamin D3,500 mg+200 IU,Healthcare Pharmaceuticals Ltd.,"Unit Price: ৳ 8.00,(60's pack: ৳ 480.00),,Unit Price: ৳ 8.00,(70's pack: ৳ 560.00),","(60's pack: ৳ 480.00),(70's pack: ৳ 560.00)"
30148,Rocal Jr,allopathic,rocal-jrchewable-tablet250-mg,Chewable Tablet,Calcium Carbonate,250 mg,Healthcare Pharmaceuticals Ltd.,"Unit Price: ৳ 4.00,(30's pack: ৳ 120.00),",(30's pack: ৳ 120.00)
14333,Rocal,allopathic,rocaltablet500-mg,Tablet,Calcium Carbonate,500 mg,Healthcare Pharmaceuticals Ltd.,"Unit Price: ৳ 5.00,(40's pack: ৳ 200.00),,Unit Price: ৳ 5.00,(50's pack: ৳ 250.00),","(40's pack: ৳ 200.00),(50's pack: ৳ 250.00)"
24008,Robust,allopathic,robusttablet-enteric-coated20-mg,Tablet (Enteric Coated),Rabeprazole Sodium,20 mg,Chemist Laboratories  Ltd.,"Unit Price: ৳ 5.00,(45's pack: ৳ 225.00),",(45's pack: ৳ 225.00)
31828,Roclav,allopathic,roclavpowder-for-suspension125-mg3125-mg5-ml,Powder for Suspension,Cefuroxime Axetil + Clavulanic Acid,(125 mg+31.25 mg)/5 ml,Concord Pharmaceuticals Ltd.,70 ml bottle: ৳ 250.00,
18992,Roclav,allopathic,roclavtablet250-mg625-mg,Tablet,Cefuroxime Axetil + Clavulanic Acid,250 mg+62.5 mg,Concord Pharmaceuticals Ltd.,"Unit Price: ৳ 30.00,(14's pack: ৳ 420.00),",(14's pack: ৳ 420.00)
18991,Roclav,allopathic,roclavtablet500-mg125-mg,Tablet,Cefuroxime Axetil + Clavulanic Acid,500 mg+125 mg,Concord Pharmaceuticals Ltd.,"Unit Price: ৳ 50.00,(7's pack: ৳ 350.00),,Unit Price: ৳ 50.00,(14's pack: ৳ 700.00),","(7's pack: ৳ 350.00),(14's pack: ৳ 700.00)"
15834,Rocipro Plus,allopathic,rocipro-plusophthalmic-solution0301,Ophthalmic Solution,Ciprofloxacin + Dexamethasone,0.3%+0.1%,Healthcare Pharmaceuticals Ltd.,5 ml drop: ৳ 75.00,
10240,Robic,allopathic,robictablet500-mg,Tablet,Ornidazole,500 mg,Square Pharmaceuticals Ltd.,"Unit Price: ৳ 7.02,(30's pack: ৳ 210.60),",(30's pack: ৳ 210.60)
32733,Robentyl,allopathic,robentylsyrup10-mg5-ml,Syrup,Dicycloverine Hydrochloride,10 mg/5 ml,Healthcare Pharmaceuticals Ltd.,50 ml bottle: ৳ 40.00,
32732,Robentyl,allopathic,robentyltablet10-mg,Tablet,Dicycloverine Hydrochloride,10 mg,Healthcare Pharmaceuticals Ltd.,"Unit Price: ৳ 2.00,(100's pack: ৳ 200.00),",(100's pack: ৳ 200.00)
13074,Roaccutane,allopathic,roaccutanecapsule20-mg,Capsule,Isotretinoin (Oral),20 mg,Roche Bangladesh Ltd.,"Unit Price: ৳ 81.00,(30's pack: ৳ 2,430.00),","(30's pack: ৳ 2,430.00)"
13073,Roaccutane,allopathic,roaccutanecapsule10-mg,Capsule,Isotretinoin (Oral),10 mg,Roche Bangladesh Ltd.,"Unit Price: ৳ 68.33,(30's pack: ৳ 2,050.00),","(30's pack: ৳ 2,050.00)"
28213,RN-D,allopathic,rn-dtablet500-mg200-iu,Tablet,Calcium Carbonate [Elemental source] + Vitamin D3,500 mg+200 IU,RN Pharmaceuticals,"Unit Price: ৳ 6.50,(30's pack: ৳ 195.00),",(30's pack: ৳ 195.00)
24012,Rmax,allopathic,rmaxcapsule-delayed-release20-mg,Capsule (Delayed Release),Rabeprazole Sodium,20 mg,Delta Pharma Ltd.,"Unit Price: ৳ 4.00,(60's pack: ৳ 240.00),",(60's pack: ৳ 240.00)
30397,Rizonib,allopathic,rizonibcapsule250-mg,Capsule,Crizotinib,250 mg,Drug International Ltd.,"Unit Price: ৳ 750.00,(30's pack: ৳ 22,500.00),,Unit Price: ৳ 750.00,(60's pack: ৳ 45,000.00),","(30's pack: ৳ 22,500.00),(60's pack: ৳ 45,000.00)"
11991,Rizin,allopathic,rizinsyrup5-mg5-ml,Syrup,Cetirizine Hydrochloride,5 mg/5 ml,Gaco Pharmaceuticals Ltd.,60 ml bottle: ৳ 16.05,
11990,Rizin,allopathic,rizintablet10-mg,Tablet,Cetirizine Hydrochloride,10 mg,Gaco Pharmaceuticals Ltd.,"Unit Price: ৳ 2.51,(100's pack: ৳ 251.00),",(100's pack: ৳ 251.00)
24311,Rofumil,allopathic,rofumiltablet500-mcg,Tablet,Roflumilast,500 mcg,Drug International Ltd.,"Unit Price: ৳ 10.05,(20's pack: ৳ 201.00),",(20's pack: ৳ 201.00)
32436,Rofuclav,allopathic,rofuclavpowder-for-suspension125-mg3125-mgsachet,Powder for Suspension,Cefuroxime Axetil + Clavulanic Acid,(125 mg+31.25 mg)/sachet,Radiant Pharmaceuticals Ltd.,"Unit Price: ৳ 25.00,(14's pack: ৳ 350.00),",(14's pack: ৳ 350.00)
19019,Rofuclav,allopathic,rofuclavtablet500-mg125-mg,Tablet,Cefuroxime Axetil + Clavulanic Acid,500 mg+125 mg,Radiant Pharmaceuticals Ltd.,"Unit Price: ৳ 80.00,(14's pack: ৳ 1,120.00),","(14's pack: ৳ 1,120.00)"
19018,Rofuclav,allopathic,rofuclavtablet250-mg625-mg,Tablet,Cefuroxime Axetil + Clavulanic Acid,250 mg+62.5 mg,Radiant Pharmaceuticals Ltd.,"Unit Price: ৳ 50.00,(14's pack: ৳ 700.00),",(14's pack: ৳ 700.00)
29974,Roflu,allopathic,roflutablet500-mcg,Tablet,Roflumilast,500 mcg,Eskayef Pharmaceuticals Ltd.,"Unit Price: ৳ 15.00,(30's pack: ৳ 450.00),",(30's pack: ৳ 450.00)
3967,Roflast,allopathic,roflasttablet500-mcg,Tablet,Roflumilast,500 mcg,Beacon Pharmaceuticals Ltd.,"Unit Price: ৳ 15.05,(30's pack: ৳ 451.50),",(30's pack: ৳ 451.50)
18793,Rofixim-DS,allopathic,rofixim-dspowder-for-suspension200-mg5-ml,Powder for Suspension,Cefixime Trihydrate,200 mg/5 ml,Radiant Pharmaceuticals Ltd.,50 ml bottle: ৳ 395.00,
7629,Rofixim,allopathic,rofiximpowder-for-suspension100-mg5-ml,Powder for Suspension,Cefixime Trihydrate,100 mg/5 ml,Radiant Pharmaceuticals Ltd.,50 ml bottle: ৳ 250.00,
7628,Rofixim,allopathic,rofiximcapsule400-mg,Capsule,Cefixime Trihydrate,400 mg,Radiant Pharmaceuticals Ltd.,"Unit Price: ৳ 65.00,(10's pack: ৳ 650.00),",(10's pack: ৳ 650.00)
7627,Rofixim,allopathic,rofiximcapsule200-mg,Capsule,Cefixime Trihydrate,200 mg,Radiant Pharmaceuticals Ltd.,"Unit Price: ৳ 45.00,(10's pack: ৳ 450.00),",(10's pack: ৳ 450.00)
20106,Rofin,allopathic,rofintablet120-mg,Tablet,Etoricoxib,120 mg,Desh Pharmaceuticals Ltd.,Unit Price: ৳ 12.00,
20105,Rofin,allopathic,rofintablet90-mg,Tablet,Etoricoxib,90 mg,Desh Pharmaceuticals Ltd.,Unit Price: ৳ 10.00,
8076,Rofecin,allopathic,rofeciniv-injection2-gmvial,IV Injection,Ceftriaxone Sodium,2 gm/vial,Radiant Pharmaceuticals Ltd.,2 gm vial: ৳ 682.05,
8075,Rofecin,allopathic,rofeciniv-injection1-gmvial,IV Injection,Ceftriaxone Sodium,1 gm/vial,Radiant Pharmaceuticals Ltd.,1 gm vial: ৳ 361.08,
8074,Rofecin,allopathic,rofeciniv-injection500-mgvial,IV Injection,Ceftriaxone Sodium,500 mg/vial,Radiant Pharmaceuticals Ltd.,500 mg vial: ৳ 220.66,
8072,Rofecin,allopathic,rofecinim-injection1-gmvial,IM Injection,Ceftriaxone Sodium,1 gm/vial,Radiant Pharmaceuticals Ltd.,1 gm vial: ৳ 361.08,
25838,Rofurox,allopathic,rofuroxtablet250-mg,Tablet,Cefuroxime Axetil,250 mg,Radiant Pharmaceuticals Ltd.,"Unit Price: ৳ 40.00,(10's pack: ৳ 400.00),",(10's pack: ৳ 400.00)
25837,Rofurox,allopathic,rofuroxtablet500-mg,Tablet,Cefuroxime Axetil,500 mg,Radiant Pharmaceuticals Ltd.,"Unit Price: ৳ 60.00,(10's pack: ৳ 600.00),",(10's pack: ৳ 600.00)
7318,Rofurox,allopathic,rofuroximiv-injection750-mgvial,IM/IV Injection,Cefuroxime Axetil,750 mg/vial,Radiant Pharmaceuticals Ltd.,750 mg vial: ৳ 250.00,
7317,Rofurox,allopathic,rofuroxpowder-for-suspension125-mg5-ml,Powder for Suspension,Cefuroxime Axetil,125 mg/5 ml,Radiant Pharmaceuticals Ltd.,70 ml bottle: ৳ 325.00,
8071,Rofecin,allopathic,rofecinim-injection500-mgvial,IM Injection,Ceftriaxone Sodium,500 mg/vial,Radiant Pharmaceuticals Ltd.,500 mg vial: ৳ 220.66,
20316,Rofaz TR,allopathic,rofaz-trcapsule-timed-release150-mg05-mg618-mg,Capsule (Timed Release),Ferrous Sulfate + Folic Acid + Zinc Sulfate,150 mg+0.5 mg+61.8 mg,Premier Pharmaceuticals Ltd.,"Unit Price: ৳ 2.93,(100's pack: ৳ 293.00),",(100's pack: ৳ 293.00)
32554,Rocy,allopathic,rocytablet5-mg,Tablet,Procyclidine Hydrochloride,5 mg,Doctor TIMS Pharmaceuticals Ltd.,"Unit Price: ৳ 1.00,(100's pack: ৳ 100.00),",(100's pack: ৳ 100.00)
29599,Rocuronium Hameln,allopathic,rocuronium-hamelniv-injection50-mg5-ml,IV Injection,Rocuronium Bromide,50 mg/5 ml,"Hamlen Pharmaceuticals, Germany",5 ml vial: ৳ 480.00,
15471,Rocuron,allopathic,rocuroniv-injection50-mg5-ml,IV Injection,Rocuronium Bromide,50 mg/5 ml,Incepta Pharmaceuticals Ltd.,5 ml vial: ৳ 300.00,
18305,Rocular Plus,allopathic,rocular-plusophthalmic-solution0205,Ophthalmic Solution,Brimonidine Tartrate + Timolol Maleate,0.2%+0.5%,Gaco Pharmaceuticals Ltd.,5 ml drop: ৳ 110.00,
16063,Rocular,allopathic,rocularophthalmic-solution02,Ophthalmic Solution,Brimonidine Tartrate,0.20%,Gaco Pharmaceuticals Ltd.,5 ml drop: ৳ 80.00,
24346,Rocovas,allopathic,rocovastablet20-mg,Tablet,Rosuvastatin,20 mg,Incepta Pharmaceuticals Ltd.,"Unit Price: ৳ 30.00,(20's pack: ৳ 600.00),",(20's pack: ৳ 600.00)
24345,Rocovas,allopathic,rocovastablet5-mg,Tablet,Rosuvastatin,5 mg,Incepta Pharmaceuticals Ltd.,"Unit Price: ৳ 10.00,(30's pack: ৳ 300.00),",(30's pack: ৳ 300.00)
3389,Rocovas,allopathic,rocovastablet10-mg,Tablet,Rosuvastatin,10 mg,Incepta Pharmaceuticals Ltd.,"Unit Price: ৳ 20.00,(30's pack: ৳ 600.00),",(30's pack: ৳ 600.00)
15380,Romilac,allopathic,romilacimiv-injection30-mgml,IM/IV Injection,Ketorolac Tromethamine,30 mg/ml,Techno Drugs Ltd.,"1 ml ampoule: ৳ 56.38,(10's pack: ৳ 563.80),",(10's pack: ৳ 563.80)
15379,Romilac,allopathic,romilactablet10-mg,Tablet,Ketorolac Tromethamine,10 mg,Techno Drugs Ltd.,"Unit Price: ৳ 12.00,(50's pack: ৳ 600.00),",(50's pack: ৳ 600.00)
26791,Romfen S,allopathic,romfen-sophthalmic-solution007,Ophthalmic Solution,Bromfenac Sodium,0.07%,Eskayef Pharmaceuticals Ltd.,5 ml drop: ৳ 90.00,
15934,Romfen,allopathic,romfenophthalmic-solution009,Ophthalmic Solution,Bromfenac Sodium,0.09%,Eskayef Pharmaceuticals Ltd.,5 ml drop: ৳ 100.00,
1956,Rome,allopathic,romecapsule-delayed-release20-mg,Capsule (Delayed Release),Omeprazole,20 mg,Rephco Pharmaceuticals Ltd.,"Unit Price: ৳ 5.00,(100's pack: ৳ 500.00),",(100's pack: ৳ 500.00)
32185,Romac,allopathic,romactablet500-mg,Tablet,Azithromycin Dihydrate,500 mg,Royal Pharmaceutical Ltd.,"Unit Price: ৳ 35.00,(18's pack: ৳ 630.00),",(18's pack: ৳ 630.00)
30790,Rolip,allopathic,roliptablet20-mg,Tablet,Rosuvastatin,20 mg,Renata Limited,"Unit Price: ৳ 30.00,(20's pack: ৳ 600.00),",(20's pack: ৳ 600.00)
24358,Rolip,allopathic,roliptablet10-mg,Tablet,Rosuvastatin,10 mg,Renata Limited,"Unit Price: ৳ 20.00,(30's pack: ৳ 600.00),",(30's pack: ৳ 600.00)
24357,Rolip,allopathic,roliptablet5-mg,Tablet,Rosuvastatin,5 mg,Renata Limited,"Unit Price: ৳ 10.00,(30's pack: ৳ 300.00),",(30's pack: ৳ 300.00)
8796,Rolid,allopathic,rolidpowder-for-suspension50-mg5-ml,Powder for Suspension,Roxithromycin,50 mg/5 ml,Globe Pharmaceuticals Ltd.,50 ml bottle: ৳ 45.00,
8795,Rolid,allopathic,rolidtablet300-mg,Tablet,Roxithromycin,300 mg,Globe Pharmaceuticals Ltd.,"Unit Price: ৳ 14.00,(30's pack: ৳ 420.00),",(30's pack: ৳ 420.00)
31111,Rolamax,allopathic,rolamaxtablet10-mg,Tablet,Ketorolac Tromethamine,10 mg,Biogen Pharmaceuticals Ltd.,"Unit Price: ৳ 9.00,(30's pack: ৳ 270.00),,Unit Price: ৳ 9.00,(50's pack: ৳ 450.00),","(30's pack: ৳ 270.00),(50's pack: ৳ 450.00)"
15378,Rolafen,allopathic,rolafentablet10-mg,Tablet,Ketorolac Tromethamine,10 mg,Pharmadesh Laboratories Ltd.,"Unit Price: ৳ 10.00,(20's pack: ৳ 200.00),",(20's pack: ৳ 200.00)
31424,Rolac MDT,allopathic,rolac-mdtdispersible-tablet10-mg,Dispersible Tablet,Ketorolac Tromethamine,10 mg,Renata Limited,"Unit Price: ৳ 13.00,(30's pack: ৳ 390.00),",(30's pack: ৳ 390.00)
26645,Rolac,allopathic,rolacimiv-injection60-mg2-ml,IM/IV Injection,Ketorolac Tromethamine,60 mg/2 ml,Renata Limited,2 ml ampoule: ৳ 95.36,
15377,Rolac,allopathic,rolacimiv-injection30-mgml,IM/IV Injection,Ketorolac Tromethamine,30 mg/ml,Renata Limited,1 ml ampoule: ৳ 55.21,
11080,Ronac Plus,allopathic,ronac-plusim-injection75-mg20-mg2-ml,IM Injection,Diclofenac Sodium + Lidocaine Hydrochloride,(75 mg+20 mg)/2 ml,General Pharmaceuticals Ltd.,"2 ml ampoule: ৳ 15.04,(10's pack: ৳ 150.40),",(10's pack: ৳ 150.40)
15691,Romycin,allopathic,romycinophthalmic-solution1,Ophthalmic Solution,Azithromycin Dihydrate (Ophthalmic),1%,Ibn Sina Pharmaceuticals Ltd.,2.5 ml drop: ৳ 115.00,
8686,Romycin,allopathic,romycinpowder-for-suspension200-mg5-ml,Powder for Suspension,Azithromycin Dihydrate,200 mg/5 ml,Ibn Sina Pharmaceuticals Ltd.,"15 ml bottle: ৳ 90.00,20 ml bottle: ৳ 100.00,35 ml bottle: ৳ 140.00,50 ml bottle: ৳ 190.00",
8685,Romycin,allopathic,romycintablet500-mg,Tablet,Azithromycin Dihydrate,500 mg,Ibn Sina Pharmaceuticals Ltd.,"Unit Price: ৳ 35.00,(20's pack: ৳ 700.00),",(20's pack: ৳ 700.00)
8684,Romycin,allopathic,romycincapsule250-mg,Capsule,Azithromycin Dihydrate,250 mg,Ibn Sina Pharmaceuticals Ltd.,"Unit Price: ৳ 20.00,(8's pack: ৳ 160.00),",(8's pack: ৳ 160.00)
1957,Romilok,allopathic,romilokcapsule-delayed-release20-mg,Capsule (Delayed Release),Omeprazole,20 mg,Reliance Pharmaceuticals Ltd.,"Unit Price: ৳ 4.00,(60's pack: ৳ 240.00),",(60's pack: ৳ 240.00)
28692,Romilast,allopathic,romilasttablet500-mcg,Tablet,Roflumilast,500 mcg,Labaid Pharma Ltd.,"Unit Price: ৳ 10.00,(30's pack: ৳ 300.00),",(30's pack: ৳ 300.00)
15376,Rolac,allopathic,rolacimiv-injection10-mgml,IM/IV Injection,Ketorolac Tromethamine,10 mg/ml,Renata Limited,"1 ml ampoule: ৳ 32.13,(5's pack: ৳ 160.65),",(5's pack: ৳ 160.65)
15375,Rolac,allopathic,rolactablet10-mg,Tablet,Ketorolac Tromethamine,10 mg,Renata Limited,"Unit Price: ৳ 12.00,(56's pack: ৳ 672.00),",(56's pack: ৳ 672.00)
21254,Roket,allopathic,rokettablet10-mg,Tablet,Ketorolac Tromethamine,10 mg,Globe Pharmaceuticals Ltd.,"Unit Price: ৳ 10.00,(20's pack: ৳ 200.00),",(20's pack: ৳ 200.00)
21224,Roket,allopathic,roketimiv-injection60-mg2-ml,IM/IV Injection,Ketorolac Tromethamine,60 mg/2 ml,Globe Pharmaceuticals Ltd.,2 ml ampoule: ৳ 95.00,
15374,Roket,allopathic,roketimiv-injection30-mgml,IM/IV Injection,Ketorolac Tromethamine,30 mg/ml,Globe Pharmaceuticals Ltd.,"1 ml ampoule: ৳ 55.00,(5's pack: ৳ 275.00),",(5's pack: ৳ 275.00)
18978,Roin,allopathic,roinpowder-for-suspension90-mg5-ml,Powder for Suspension,Ceftibuten Dihydrate,90 mg/5 ml,Ziska Pharmaceuticals Ltd.,60 ml bottle: ৳ 400.00,
18977,Roin,allopathic,roincapsule400-mg,Capsule,Ceftibuten Dihydrate,400 mg,Ziska Pharmaceuticals Ltd.,"Unit Price: ৳ 99.00,(10's pack: ৳ 990.00),",(10's pack: ৳ 990.00)
3393,Rosetor,allopathic,rosetortablet5-mg,Tablet,Rosuvastatin,5 mg,ACI Limited,"Unit Price: ৳ 10.03,(30's pack: ৳ 300.90),",(30's pack: ৳ 300.90)
32006,Rosen Star,allopathic,rosen-startablet002-mg3-mg0415-mg,Tablet,Ethinyl Estradiol + Drospirenone + Levomefolate,0.02 mg+3 mg+0.415 mg,Incepta Pharmaceuticals Ltd.,28 tablet pack: ৳ 416.00,
31097,Rosen Plus,allopathic,rosen-plustablet003-mg3-mg0415-mg,Tablet,Ethinyl Estradiol + Drospirenone + Levomefolate,0.03 mg+3 mg+0.415 mg,Incepta Pharmaceuticals Ltd.,28 tablet pack: ৳ 413.00,
20079,Rosen Gold,allopathic,rosen-goldtablet002-mg3-mg,Tablet,Ethinyl Estradiol + Drospirenone (24 tablet),0.02 mg+3 mg,Incepta Pharmaceuticals Ltd.,(24 pink+4 white) tablet: ৳ 408.00,
6108,Rosen,allopathic,rosentablet003-mg3-mg,Tablet,Ethinyl Estradiol + Drospirenone (21 tablet),0.03 mg+3 mg,Incepta Pharmaceuticals Ltd.,(21 light yellow+7 white) tablet: ৳ 399.00,
29225,Rosela,allopathic,roselaoral-solution5-mg5-ml,Oral Solution,Rupatadine Fumarate,5 mg/5 ml,Healthcare Pharmaceuticals Ltd.,50 ml bottle: ৳ 60.00,
12909,Rosela,allopathic,roselatablet10-mg,Tablet,Rupatadine Fumarate,10 mg,Healthcare Pharmaceuticals Ltd.,"Unit Price: ৳ 12.00,(30's pack: ৳ 360.00),",(30's pack: ৳ 360.00)
8264,Rosebac,allopathic,rosebaciv-injection-or-infusion1-gmvial,IV Injection or Infusion,Meropenem Trihydrate,1 gm/vial,Concord Pharmaceuticals Ltd.,"1 gm vial: ৳ 1,300.00",
8263,Rosebac,allopathic,rosebaciv-injection-or-infusion500-mgvial,IV Injection or Infusion,Meropenem Trihydrate,500 mg/vial,Concord Pharmaceuticals Ltd.,500 mg vial: ৳ 700.00,
21873,Rosatan H,allopathic,rosatan-htablet50-mg125-mg,Tablet,Losartan Potassium + Hydrochlorothiazide,50 mg+12.5 mg,ACI Limited,"Unit Price: ৳ 5.00,(50's pack: ৳ 250.00),",(50's pack: ৳ 250.00)
26240,Rosalin,allopathic,rosalincream1,Cream,Oxymetazoline Hydrochloride (Cream),1%,Incepta Pharmaceuticals Ltd.,50 gm tube: ৳ 350.00,
11665,Roquin,allopathic,roquintablet200-mg,Tablet,Hydroxychloroquine Sulphate,200 mg,Zenith Pharmaceuticals Ltd.,"Unit Price: ৳ 12.00,(30's pack: ৳ 360.00),",(30's pack: ৳ 360.00)
3392,Ropitor,allopathic,ropitortablet20-mg,Tablet,Rosuvastatin,20 mg,Opsonin Pharma Ltd.,"Unit Price: ৳ 30.10,(14's pack: ৳ 421.40),",(14's pack: ৳ 421.40)
3391,Ropitor,allopathic,ropitortablet10-mg,Tablet,Rosuvastatin,10 mg,Opsonin Pharma Ltd.,"Unit Price: ৳ 20.06,(28's pack: ৳ 561.68),",(28's pack: ৳ 561.68)
3390,Ropitor,allopathic,ropitortablet5-mg,Tablet,Rosuvastatin,5 mg,Opsonin Pharma Ltd.,"Unit Price: ৳ 10.03,(42's pack: ৳ 421.26),",(42's pack: ৳ 421.26)
30185,Ropinol,allopathic,ropinoltablet2-mg,Tablet,Ropinirole,2 mg,Incepta Pharmaceuticals Ltd.,"Unit Price: ৳ 6.00,(30's pack: ৳ 180.00),",(30's pack: ৳ 180.00)
27934,Rosicard,allopathic,rosicardtablet10-mg,Tablet,Rosuvastatin,10 mg,The White Horse Pharma,"Unit Price: ৳ 20.00,(30's pack: ৳ 600.00),",(30's pack: ৳ 600.00)
27933,Rosicard,allopathic,rosicardtablet5-mg,Tablet,Rosuvastatin,5 mg,The White Horse Pharma,"Unit Price: ৳ 10.00,(30's pack: ৳ 300.00),",(30's pack: ৳ 300.00)
24317,Rosetor,allopathic,rosetortablet20-mg,Tablet,Rosuvastatin,20 mg,ACI Limited,"Unit Price: ৳ 30.00,(20's pack: ৳ 600.00),",(20's pack: ৳ 600.00)
3394,Rosetor,allopathic,rosetortablet10-mg,Tablet,Rosuvastatin,10 mg,ACI Limited,"Unit Price: ৳ 20.00,(20's pack: ৳ 400.00),",(20's pack: ৳ 400.00)
30184,Ropinol,allopathic,ropinoltablet1-mg,Tablet,Ropinirole,1 mg,Incepta Pharmaceuticals Ltd.,"Unit Price: ৳ 4.00,(30's pack: ৳ 120.00),",(30's pack: ৳ 120.00)
30183,Ropinol,allopathic,ropinoltablet025-mg,Tablet,Ropinirole,0.25 mg,Incepta Pharmaceuticals Ltd.,"Unit Price: ৳ 2.00,(50's pack: ৳ 100.00),",(50's pack: ৳ 100.00)
20399,Ropenia,allopathic,ropeniaivsc-injection300-mcg05-ml,IV/SC Injection,Filgrastim,300 mcg/0.5 ml,ACI Limited,"0.5 ml pre-filled syringe: ৳ 3,400.00",
8245,Ropenem,allopathic,ropenemiv-injection-or-infusion1-gmvial,IV Injection or Infusion,Meropenem Trihydrate,1 gm/vial,Drug International Ltd.,"1 gm vial: ৳ 1,003.00",
8244,Ropenem,allopathic,ropenemiv-injection-or-infusion500-mgvial,IV Injection or Infusion,Meropenem Trihydrate,500 mg/vial,Drug International Ltd.,500 mg vial: ৳ 503.15,
33152,Ronem,allopathic,ronemiv-injection-or-infusion250-mgvial,IV Injection or Infusion,Meropenem Trihydrate,250 mg/vial,Opsonin Pharma Ltd.,250 mg vial: ৳ 400.00,
8243,Ronem,allopathic,ronemiv-injection-or-infusion1-gmvial,IV Injection or Infusion,Meropenem Trihydrate,1 gm/vial,Opsonin Pharma Ltd.,"1 gm vial: ৳ 1,300.00",
8242,Ronem,allopathic,ronemiv-injection-or-infusion500-mgvial,IV Injection or Infusion,Meropenem Trihydrate,500 mg/vial,Opsonin Pharma Ltd.,500 mg vial: ৳ 700.00,
32173,Ronapreve,allopathic,ronapreveinjection1332-mg111-ml-1332-mg111-ml,Injection,Casirivimab + Imdevimab,1332 mg/11.1 ml & 1332 mg/11.1 ml,Roche Bangladesh Ltd.,"1332 mg vial & 1332 mg vial: ৳ 106,250.00",
32172,Ronapreve,allopathic,ronapreveinjection300-mg25-ml-300-mg25-ml,Injection,Casirivimab + Imdevimab,300 mg/2.5 ml & 300 mg/2.5 ml,Roche Bangladesh Ltd.,"300 mg & 300 mg vial: ৳ 26,562.50",
24328,Rosutin,allopathic,rosutintablet20-mg,Tablet,Rosuvastatin,20 mg,Beximco Pharmaceuticals Ltd.,"Unit Price: ৳ 30.00,(30's pack: ৳ 900.00),",(30's pack: ৳ 900.00)
3406,Rosutin,allopathic,rosutintablet10-mg,Tablet,Rosuvastatin,10 mg,Beximco Pharmaceuticals Ltd.,"Unit Price: ৳ 20.00,(20's pack: ৳ 400.00),,Unit Price: ৳ 20.00,(30's pack: ৳ 600.00),","(20's pack: ৳ 400.00),(30's pack: ৳ 600.00)"
3405,Rosutin,allopathic,rosutintablet5-mg,Tablet,Rosuvastatin,5 mg,Beximco Pharmaceuticals Ltd.,"Unit Price: ৳ 10.00,(30's pack: ৳ 300.00),",(30's pack: ৳ 300.00)
24327,Rosunor,allopathic,rosunortablet5-mg,Tablet,Rosuvastatin,5 mg,Asiatic Laboratories Ltd.,"Unit Price: ৳ 10.00,(30's pack: ৳ 300.00),",(30's pack: ৳ 300.00)
24326,Rosunor,allopathic,rosunortablet10-mg,Tablet,Rosuvastatin,10 mg,Asiatic Laboratories Ltd.,"Unit Price: ৳ 20.00,(20's pack: ৳ 400.00),",(20's pack: ৳ 400.00)
29338,Rosumax,allopathic,rosumaxtablet20-mg,Tablet,Rosuvastatin,20 mg,Labaid Pharma Ltd.,"Unit Price: ৳ 30.00,(10's pack: ৳ 300.00),",(10's pack: ৳ 300.00)
29337,Rosumax,allopathic,rosumaxtablet10-mg,Tablet,Rosuvastatin,10 mg,Labaid Pharma Ltd.,"Unit Price: ৳ 25.00,(20's pack: ৳ 500.00),",(20's pack: ৳ 500.00)
29336,Rosumax,allopathic,rosumaxtablet5-mg,Tablet,Rosuvastatin,5 mg,Labaid Pharma Ltd.,"Unit Price: ৳ 12.50,(30's pack: ৳ 375.00),",(30's pack: ৳ 375.00)
24338,Rosulip,allopathic,rosuliptablet10-mg,Tablet,Rosuvastatin,10 mg,Globe Pharmaceuticals Ltd.,"Unit Price: ৳ 20.00,(30's pack: ৳ 600.00),",(30's pack: ৳ 600.00)
32902,Rosugen,allopathic,rosugentablet20-mg,Tablet,Rosuvastatin,20 mg,General Pharmaceuticals Ltd.,"Unit Price: ৳ 30.00,(20's pack: ৳ 600.00),",(20's pack: ৳ 600.00)
3404,Rosugen,allopathic,rosugentablet10-mg,Tablet,Rosuvastatin,10 mg,General Pharmaceuticals Ltd.,"Unit Price: ৳ 20.06,(20's pack: ৳ 401.27),",(20's pack: ৳ 401.27)
3403,Rosugen,allopathic,rosugentablet5-mg,Tablet,Rosuvastatin,5 mg,General Pharmaceuticals Ltd.,"Unit Price: ৳ 10.03,(30's pack: ৳ 300.95),",(30's pack: ৳ 300.95)
30237,Rosufast,allopathic,rosufasttablet10-mg,Tablet,Rosuvastatin,10 mg,Euro Pharma Ltd.,"Unit Price: ৳ 20.00,(30's pack: ৳ 600.00),",(30's pack: ৳ 600.00)
30236,Rosufast,allopathic,rosufasttablet5-mg,Tablet,Rosuvastatin,5 mg,Euro Pharma Ltd.,"Unit Price: ৳ 10.00,(30's pack: ৳ 300.00),",(30's pack: ৳ 300.00)
24335,Rosucard,allopathic,rosucardtablet10-mg,Tablet,Rosuvastatin,10 mg,Concord Pharmaceuticals Ltd.,"Unit Price: ৳ 15.00,(30's pack: ৳ 450.00),",(30's pack: ৳ 450.00)
3402,Rosu,allopathic,rosutablet20-mg,Tablet,Rosuvastatin,20 mg,Popular Pharmaceuticals Ltd.,"Unit Price: ৳ 30.00,(10's pack: ৳ 300.00),",(10's pack: ৳ 300.00)
3409,Rosuva,allopathic,rosuvatablet20-mg,Tablet,Rosuvastatin,20 mg,Square Pharmaceuticals Ltd.,"Unit Price: ৳ 30.10,(20's pack: ৳ 602.00),",(20's pack: ৳ 602.00)
3408,Rosuva,allopathic,rosuvatablet10-mg,Tablet,Rosuvastatin,10 mg,Square Pharmaceuticals Ltd.,"Unit Price: ৳ 20.13,(30's pack: ৳ 603.90),",(30's pack: ৳ 603.90)
3407,Rosuva,allopathic,rosuvatablet5-mg,Tablet,Rosuvastatin,5 mg,Square Pharmaceuticals Ltd.,"Unit Price: ৳ 10.03,(50's pack: ৳ 501.50),",(50's pack: ৳ 501.50)
3401,Rosu,allopathic,rosutablet10-mg,Tablet,Rosuvastatin,10 mg,Popular Pharmaceuticals Ltd.,"Unit Price: ৳ 20.00,(30's pack: ৳ 600.00),",(30's pack: ৳ 600.00)
3400,Rosu,allopathic,rosutablet5-mg,Tablet,Rosuvastatin,5 mg,Popular Pharmaceuticals Ltd.,"Unit Price: ৳ 10.00,(30's pack: ৳ 300.00),",(30's pack: ৳ 300.00)
16611,Rostil SR,allopathic,rostil-srcapsule-sustained-release200-mg,Capsule (Sustained Release),Mebeverine Hydrochloride,200 mg,Beximco Pharmaceuticals Ltd.,"Unit Price: ৳ 10.00,(30's pack: ৳ 300.00),",(30's pack: ৳ 300.00)
1420,Rostil,allopathic,rostiltablet135-mg,Tablet,Mebeverine Hydrochloride,135 mg,Beximco Pharmaceuticals Ltd.,"Unit Price: ৳ 7.00,(60's pack: ৳ 420.00),",(60's pack: ৳ 420.00)
24366,Rosterol,allopathic,rosteroltablet10-mg,Tablet,Rosuvastatin,10 mg,United Pharmaceuticals Ltd.,"Unit Price: ৳ 20.08,(30's pack: ৳ 602.30),",(30's pack: ৳ 602.30)
3399,Rostatin,allopathic,rostatintablet20-mg,Tablet,Rosuvastatin,20 mg,Drug International Ltd.,"Unit Price: ৳ 12.00,(14's pack: ৳ 168.00),",(14's pack: ৳ 168.00)
3398,Rostatin,allopathic,rostatintablet10-mg,Tablet,Rosuvastatin,10 mg,Drug International Ltd.,"Unit Price: ৳ 9.50,(28's pack: ৳ 266.00),",(28's pack: ৳ 266.00)
3397,Rostatin,allopathic,rostatintablet5-mg,Tablet,Rosuvastatin,5 mg,Drug International Ltd.,"Unit Price: ৳ 7.00,(42's pack: ৳ 294.00),",(42's pack: ৳ 294.00)
24319,Rostab,allopathic,rostabtablet5-mg,Tablet,Rosuvastatin,5 mg,ACME Laboratories Ltd.,"Unit Price: ৳ 10.03,(50's pack: ৳ 501.50),",(50's pack: ৳ 501.50)
3396,Rostab,allopathic,rostabtablet20-mg,Tablet,Rosuvastatin,20 mg,ACME Laboratories Ltd.,"Unit Price: ৳ 25.08,(10's pack: ৳ 250.80),",(10's pack: ৳ 250.80)
3395,Rostab,allopathic,rostabtablet10-mg,Tablet,Rosuvastatin,10 mg,ACME Laboratories Ltd.,"Unit Price: ৳ 20.07,(30's pack: ৳ 602.10),",(30's pack: ৳ 602.10)
30729,Rovedilol,allopathic,rovediloltablet625-mg,Tablet,Carvedilol,6.25 mg,Healthcare Pharmaceuticals Ltd.,"Unit Price: ৳ 4.00,(30's pack: ৳ 120.00),",(30's pack: ৳ 120.00)
26007,Rovator,allopathic,rovatortablet10-mg,Tablet,Rosuvastatin,10 mg,NIPRO JMI Pharma Ltd.,"Unit Price: ৳ 20.00,(20's pack: ৳ 400.00),",(20's pack: ৳ 400.00)
26006,Rovator,allopathic,rovatortablet5-mg,Tablet,Rosuvastatin,5 mg,NIPRO JMI Pharma Ltd.,"Unit Price: ৳ 10.00,(30's pack: ৳ 300.00),",(30's pack: ৳ 300.00)
24342,Rovast,allopathic,rovasttablet20-mg,Tablet,Rosuvastatin,20 mg,Healthcare Pharmaceuticals Ltd.,"Unit Price: ৳ 30.00,(18's pack: ৳ 540.00),",(18's pack: ৳ 540.00)
24341,Rovast,allopathic,rovasttablet10-mg,Tablet,Rosuvastatin,10 mg,Healthcare Pharmaceuticals Ltd.,"Unit Price: ৳ 20.00,(30's pack: ৳ 600.00),",(30's pack: ৳ 600.00)
24340,Rovast,allopathic,rovasttablet5-mg,Tablet,Rosuvastatin,5 mg,Healthcare Pharmaceuticals Ltd.,"Unit Price: ৳ 10.00,(30's pack: ৳ 300.00),",(30's pack: ৳ 300.00)
7794,Rovantin DS,allopathic,rovantin-dspowder-for-suspension80-mg5-ml,Powder for Suspension,Cefpodoxime Proxetil,80 mg/5 ml,Opsonin Pharma Ltd.,50 ml bottle: ৳ 175.66,
28324,Rovantin,allopathic,rovantintablet200-mg,Tablet,Cefpodoxime Proxetil,200 mg,Opsonin Pharma Ltd.,"Unit Price: ৳ 25.09,(10's pack: ৳ 250.90),",(10's pack: ৳ 250.90)
28323,Rovantin,allopathic,rovantintablet100-mg,Tablet,Cefpodoxime Proxetil,100 mg,Opsonin Pharma Ltd.,"Unit Price: ৳ 14.05,(10's pack: ৳ 140.50),",(10's pack: ৳ 140.50)
7795,Rovantin,allopathic,rovantinpediatric-drops20-mgml,Pediatric Drops,Cefpodoxime Proxetil,20 mg/ml,Opsonin Pharma Ltd.,15 ml bottle: ৳ 60.42,
7793,Rovantin,allopathic,rovantinpowder-for-suspension40-mg5-ml,Powder for Suspension,Cefpodoxime Proxetil,40 mg/5 ml,Opsonin Pharma Ltd.,50 ml bottle: ৳ 98.66,
8807,Rovamycine,allopathic,rovamycinetablet3-miu,Tablet,Spiramycin,3 MIU,Synovia pharma plc,"Unit Price: ৳ 20.13,(20's pack: ৳ 402.60),",(20's pack: ৳ 402.60)
8797,Rotomycin,allopathic,rotomycintablet300-mg,Tablet,Roxithromycin,300 mg,Kemiko Pharmaceuticals Ltd.,"Unit Price: ৳ 14.00,(30's pack: ৳ 420.00),",(30's pack: ৳ 420.00)
14043,Rotex,allopathic,rotextablet6-mg200-mg50-mg,Tablet,Betacarotene + Vitamin C + Vitamin E,6 mg+200 mg+50 mg,Marker Pharma Ltd.,"Unit Price: ৳ 2.55,(20's pack: ৳ 51.00),",(20's pack: ৳ 51.00)
21267,Rotek,allopathic,rotekimiv-injection30-mgml,IM/IV Injection,Ketorolac Tromethamine,30 mg/ml,Novo Healthcare and Pharma Ltd.,"1 ml ampoule: ৳ 50.15,(5's pack: ৳ 250.75),",(5's pack: ৳ 250.75)
15383,Rotek,allopathic,rotektablet10-mg,Tablet,Ketorolac Tromethamine,10 mg,Novo Healthcare and Pharma Ltd.,"Unit Price: ৳ 10.00,(30's pack: ৳ 300.00),",(30's pack: ৳ 300.00)
30730,Rovedilol,allopathic,rovediloltablet125-mg,Tablet,Carvedilol,12.5 mg,Healthcare Pharmaceuticals Ltd.,"Unit Price: ৳ 7.00,(30's pack: ৳ 210.00),",(30's pack: ৳ 210.00)
28956,RotaTeq,allopathic,rotateqoral-suspension15-mldose,Oral Suspension,Rotavirus Vaccine,1.5 ml/dose,MSD,"1 pre-filled oral applicator: ৳ 2,134.00,(10's pack: ৳ 21,340.00),","(10's pack: ৳ 21,340.00)"
29446,Rotate,allopathic,rotatetablet740-mg,Tablet,Calcium Orotate,740 mg,Ziska Pharmaceuticals Ltd.,"Unit Price: ৳ 10.00,(30's pack: ৳ 300.00),",(30's pack: ৳ 300.00)
18502,Rotate,allopathic,rotatetablet400-mg,Tablet,Calcium Orotate,400 mg,Ziska Pharmaceuticals Ltd.,"Unit Price: ৳ 5.00,(30's pack: ৳ 150.00),",(30's pack: ৳ 150.00)
15249,Rotarix,allopathic,rotarixoral-suspension15-mldose,Oral Suspension,Rotavirus Vaccine,1.5 ml/dose,GlaxoSmithKline,"1 pre-filled oral applicator: ৳ 1,474.00",
18347,Rotarac LS,allopathic,rotarac-lsophthalmic-solution007,Ophthalmic Solution,Bromfenac Sodium,0.07%,ACI Limited,5 ml drop: ৳ 90.00,
15935,Rotarac,allopathic,rotaracophthalmic-solution009,Ophthalmic Solution,Bromfenac Sodium,0.09%,ACI Limited,5 ml drop: ৳ 110.00,
26991,Rotalac,allopathic,rotalacimiv-injection60-mg2-ml,IM/IV Injection,Ketorolac Tromethamine,60 mg/2 ml,Pharmasia Limited,60 mg ampoule: ৳ 95.00,
15382,Rotalac,allopathic,rotalacimiv-injection30-mgml,IM/IV Injection,Ketorolac Tromethamine,30 mg/ml,Pharmasia Limited,30 mg ampoule: ৳ 55.00,
15381,Rotalac,allopathic,rotalactablet10-mg,Tablet,Ketorolac Tromethamine,10 mg,Pharmasia Limited,"Unit Price: ৳ 10.00,(50's pack: ৳ 500.00),,Unit Price: ৳ 10.00,(60's pack: ৳ 600.00),","(50's pack: ৳ 500.00),(60's pack: ৳ 600.00)"
30153,Rotagan,allopathic,rotagantablet200-mg,Tablet,Favipiravir,200 mg,Concord Pharmaceuticals Ltd.,"Unit Price: ৳ 200.00,(20's pack: ৳ 4,000.00),","(20's pack: ৳ 4,000.00)"
18486,Rotacal Max,allopathic,rotacal-maxtablet740-mg,Tablet,Calcium Orotate,740 mg,ACI Limited,"Unit Price: ৳ 12.00,(50's pack: ৳ 600.00),",(50's pack: ৳ 600.00)
14386,Rotacal,allopathic,rotacaltablet400-mg,Tablet,Calcium Orotate,400 mg,ACI Limited,"Unit Price: ৳ 8.00,(50's pack: ৳ 400.00),",(50's pack: ৳ 400.00)
27876,Rosvin,allopathic,rosvintablet10-mg,Tablet,Rosuvastatin,10 mg,Alco Pharma Ltd.,"Unit Price: ৳ 20.00,(10's pack: ৳ 200.00),",(10's pack: ৳ 200.00)
7324,Roxilab,allopathic,roxilabtablet500-mg,Tablet,Cefuroxime Axetil,500 mg,Labaid Pharma Ltd.,"Unit Price: ৳ 50.14,(7's pack: ৳ 351.00),",(7's pack: ৳ 351.00)
7323,Roxilab,allopathic,roxilabtablet250-mg,Tablet,Cefuroxime Axetil,250 mg,Labaid Pharma Ltd.,"Unit Price: ৳ 25.07,(14's pack: ৳ 351.00),",(14's pack: ৳ 351.00)
27243,Roxiclav,allopathic,roxiclavtablet250-mg625-mg,Tablet,Cefuroxime Axetil + Clavulanic Acid,250 mg+62.5 mg,Euro Pharma Ltd.,"Unit Price: ৳ 30.00,(18's pack: ৳ 540.00),",(18's pack: ৳ 540.00)
18995,Roxiclav,allopathic,roxiclavtablet500-mg125-mg,Tablet,Cefuroxime Axetil + Clavulanic Acid,500 mg+125 mg,Euro Pharma Ltd.,"Unit Price: ৳ 50.00,(12's pack: ৳ 600.00),",(12's pack: ৳ 600.00)
6987,Roxicef,allopathic,roxicefpowder-for-suspension125-mg5-ml,Powder for Suspension,Cephradine,125 mg/5 ml,Popular Pharmaceuticals Ltd.,100 ml bottle: ৳ 80.30,
6986,Roxicef,allopathic,roxicefcapsule500-mg,Capsule,Cephradine,500 mg,Popular Pharmaceuticals Ltd.,"Unit Price: ৳ 12.55,(20's pack: ৳ 251.00),",(20's pack: ৳ 251.00)
19001,Roxibac Plus,allopathic,roxibac-plustablet500-mg125-mg,Tablet,Cefuroxime Axetil + Clavulanic Acid,500 mg+125 mg,Jenphar Bangladesh Ltd.,"Unit Price: ৳ 50.00,(12's pack: ৳ 600.00),",(12's pack: ৳ 600.00)
19000,Roxibac Plus,allopathic,roxibac-plustablet250-mg625-mg,Tablet,Cefuroxime Axetil + Clavulanic Acid,250 mg+62.5 mg,Jenphar Bangladesh Ltd.,"Unit Price: ৳ 30.00,(12's pack: ৳ 360.00),",(12's pack: ৳ 360.00)
7322,Roxibac,allopathic,roxibactablet500-mg,Tablet,Cefuroxime Axetil,500 mg,Jenphar Bangladesh Ltd.,"Unit Price: ৳ 45.00,(12's pack: ৳ 540.00),",(12's pack: ৳ 540.00)
7321,Roxibac,allopathic,roxibactablet250-mg,Tablet,Cefuroxime Axetil,250 mg,Jenphar Bangladesh Ltd.,"Unit Price: ৳ 25.00,(12's pack: ৳ 300.00),",(12's pack: ৳ 300.00)
7796,Roxetil,allopathic,roxetilpowder-for-suspension40-mg5-ml,Powder for Suspension,Cefpodoxime Proxetil,40 mg/5 ml,Healthcare Pharmaceuticals Ltd.,50 ml bottle: ৳ 95.00,
22783,Roxenole,allopathic,roxenoletablet-delayed-release500-mg20-mg,Tablet (Delayed Release),Naproxen Sodium + Esomeprazole Magnesium,500 mg+20 mg,Cosmic Pharma Ltd.,"Unit Price: ৳ 10.00,(30's pack: ৳ 300.00),",(30's pack: ৳ 300.00)
11485,Roxen,allopathic,roxentablet500-mg,Tablet,Naproxen Sodium,500 mg,Hallmark Pharmaceuticals Ltd.,"Unit Price: ৳ 7.02,(30's pack: ৳ 210.60),",(30's pack: ৳ 210.60)
11484,Roxen,allopathic,roxentablet250-mg,Tablet,Naproxen Sodium,250 mg,Hallmark Pharmaceuticals Ltd.,"Unit Price: ৳ 4.02,(50's pack: ৳ 201.00),",(50's pack: ৳ 201.00)
8800,Roxcin,allopathic,roxcinpowder-for-suspension50-mg5-ml,Powder for Suspension,Roxithromycin,50 mg/5 ml,Alco Pharma Ltd.,50 ml bottle: ৳ 50.14,
8799,Roxcin,allopathic,roxcintablet300-mg,Tablet,Roxithromycin,300 mg,Alco Pharma Ltd.,"Unit Price: ৳ 14.04,(20's pack: ৳ 280.80),",(20's pack: ৳ 280.80)
19002,Roxilab Plus,allopathic,roxilab-plustablet500-mg125-mg,Tablet,Cefuroxime Axetil + Clavulanic Acid,500 mg+125 mg,Labaid Pharma Ltd.,"Unit Price: ৳ 50.00,(10's pack: ৳ 500.00),",(10's pack: ৳ 500.00)
25809,Roxilab,allopathic,roxilabimiv-injection750-mgvial,IM/IV Injection,Cefuroxime Axetil,750 mg/vial,Labaid Pharma Ltd.,750 mg vial: ৳ 175.00,
7325,Roxilab,allopathic,roxilabpowder-for-suspension125-mg5-ml,Powder for Suspension,Cefuroxime Axetil,125 mg/5 ml,Labaid Pharma Ltd.,70 ml bottle: ৳ 270.81,
8798,Roxcin,allopathic,roxcintablet150-mg,Tablet,Roxithromycin,150 mg,Alco Pharma Ltd.,"Unit Price: ৳ 7.02,(20's pack: ৳ 140.40),",(20's pack: ৳ 140.40)
24301,Roxarel,allopathic,roxareltablet15-mg,Tablet,Rivaroxaban,15 mg,Incepta Pharmaceuticals Ltd.,"Unit Price: ৳ 35.00,(10's pack: ৳ 350.00),",(10's pack: ৳ 350.00)
24300,Roxarel,allopathic,roxareltablet10-mg,Tablet,Rivaroxaban,10 mg,Incepta Pharmaceuticals Ltd.,"Unit Price: ৳ 25.00,(20's pack: ৳ 500.00),",(20's pack: ৳ 500.00)
4072,Roxal,allopathic,roxalpediatric-drops6-mgml,Pediatric Drops,Ambroxol Hydrochloride,6 mg/ml,Edruc Limited,15 ml bottle: ৳ 20.45,
4071,Roxal,allopathic,roxalsyrup15-mg5-ml,Syrup,Ambroxol Hydrochloride,15 mg/5 ml,Edruc Limited,100 ml bottle: ৳ 40.00,
3968,Roxair,allopathic,roxairtablet500-mcg,Tablet,Roflumilast,500 mcg,Incepta Pharmaceuticals Ltd.,"Unit Price: ৳ 15.00,(30's pack: ৳ 450.00),",(30's pack: ৳ 450.00)
31735,Roxadex,allopathic,roxadeximiv-injection6-mgml,IM/IV Injection,Dexamethasone,6 mg/ml,Nuvista Pharma Ltd.,"1 ml ampoule: ৳ 36.00,(10's pack: ৳ 360.00),",(10's pack: ৳ 360.00)
30663,Roxadex,allopathic,roxadextablet6-mg,Tablet,Dexamethasone,6 mg,Nuvista Pharma Ltd.,"Unit Price: ৳ 13.00,(30's pack: ৳ 390.00),",(30's pack: ৳ 390.00)
5773,Roxadex,allopathic,roxadeximiv-injection5-mgml,IM/IV Injection,Dexamethasone,5 mg/ml,Nuvista Pharma Ltd.,"1 ml ampoule: ৳ 29.02,(10's pack: ৳ 290.20),",(10's pack: ৳ 290.20)
24354,Rovex,allopathic,rovextablet10-mg,Tablet,Rosuvastatin,10 mg,Orion Pharma Ltd.,"Unit Price: ৳ 20.00,(28's pack: ৳ 560.00),",(28's pack: ৳ 560.00)
24353,Rovex,allopathic,rovextablet5-mg,Tablet,Rosuvastatin,5 mg,Orion Pharma Ltd.,"Unit Price: ৳ 10.00,(28's pack: ৳ 280.00),",(28's pack: ৳ 280.00)
24361,Rozavel,allopathic,rozaveltablet5-mg,Tablet,Rosuvastatin,5 mg,Sun Pharmaceutical Ltd.,"Unit Price: ৳ 12.54,(50's pack: ৳ 627.00),",(50's pack: ৳ 627.00)
3410,Rozavel,allopathic,rozaveltablet10-mg,Tablet,Rosuvastatin,10 mg,Sun Pharmaceutical Ltd.,"Unit Price: ৳ 25.08,(30's pack: ৳ 752.40),",(30's pack: ৳ 752.40)
24322,Rozavas,allopathic,rozavastablet5-mg,Tablet,Rosuvastatin,5 mg,Innovative Pharma (Albion),"Unit Price: ৳ 15.35,(50's pack: ৳ 767.38),",(50's pack: ৳ 767.38)
24321,Rozavas,allopathic,rozavastablet10-mg,Tablet,Rosuvastatin,10 mg,Innovative Pharma (Albion),"Unit Price: ৳ 28.33,(50's pack: ৳ 1,416.71),","(50's pack: ৳ 1,416.71)"
20888,Roxyzin,allopathic,roxyzinsyrup10-mg5-ml,Syrup,Hydroxyzine  Hydrochloride,10 mg/5 ml,Incepta Pharmaceuticals Ltd.,100 ml bottle: ৳ 40.00,
20887,Roxyzin,allopathic,roxyzintablet25-mg,Tablet,Hydroxyzine  Hydrochloride,25 mg,Incepta Pharmaceuticals Ltd.,"Unit Price: ৳ 2.00,(100's pack: ৳ 200.00),",(100's pack: ৳ 200.00)
20886,Roxyzin,allopathic,roxyzintablet10-mg,Tablet,Hydroxyzine  Hydrochloride,10 mg,Incepta Pharmaceuticals Ltd.,"Unit Price: ৳ 1.25,(100's pack: ৳ 125.00),",(100's pack: ৳ 125.00)
28821,Roxtal XP,allopathic,roxtal-xptablet500-mg125-mg,Tablet,Cefuroxime Axetil + Clavulanic Acid,500 mg+125 mg,Everest Pharmaceuticals Ltd.,"Unit Price: ৳ 55.00,(8's pack: ৳ 440.00),",(8's pack: ৳ 440.00)
28820,Roxtal XP,allopathic,roxtal-xptablet250-mg625-mg,Tablet,Cefuroxime Axetil + Clavulanic Acid,250 mg+62.5 mg,Everest Pharmaceuticals Ltd.,"Unit Price: ৳ 30.00,(12's pack: ৳ 360.00),",(12's pack: ৳ 360.00)
29845,Roxolyte,allopathic,roxolytetablet10-mg,Tablet,Rivaroxaban,10 mg,Renata Limited,"Unit Price: ৳ 25.00,(10's pack: ৳ 250.00),",(10's pack: ৳ 250.00)
29522,Roxiquin,allopathic,roxiquintablet200-mg,Tablet,Hydroxychloroquine Sulphate,200 mg,Opsonin Pharma Ltd.,"Unit Price: ৳ 12.00,(30's pack: ৳ 360.00),",(30's pack: ৳ 360.00)
25848,Roximax,allopathic,roximaxtablet500-mg,Tablet,Cefuroxime Axetil,500 mg,Veritas Pharmaceuticals Ltd.,"Unit Price: ৳ 45.04,(8's pack: ৳ 360.32),",(8's pack: ৳ 360.32)
25847,Roximax,allopathic,roximaxtablet250-mg,Tablet,Cefuroxime Axetil,250 mg,Veritas Pharmaceuticals Ltd.,"Unit Price: ৳ 25.07,(20's pack: ৳ 501.40),",(20's pack: ৳ 501.40)
7633,Roxim XL,allopathic,roxim-xlpowder-for-suspension200-mg5-ml,Powder for Suspension,Cefixime Trihydrate,200 mg/5 ml,Eskayef Pharmaceuticals Ltd.,"60 ml bottle: ৳ 320.00,37.5 ml bottle: ৳ 225.00",
29976,Roxim,allopathic,roximtablet400-mg,Tablet,Cefixime Trihydrate,400 mg,Eskayef Pharmaceuticals Ltd.,"Unit Price: ৳ 50.00,(7's pack: ৳ 350.00),",(7's pack: ৳ 350.00)
29975,Roxim,allopathic,roximtablet200-mg,Tablet,Cefixime Trihydrate,200 mg,Eskayef Pharmaceuticals Ltd.,"Unit Price: ৳ 35.00,(16's pack: ৳ 560.00),",(16's pack: ৳ 560.00)
27527,Rozy,allopathic,rozytablet05-mg025-mg,Tablet,Ethinyl Estradiol + Drospirenone (HRT),0.5 mg+0.25 mg,Square Pharmaceuticals Ltd.,"Unit Price: ৳ 14.00,(30's pack: ৳ 420.00),",(30's pack: ৳ 420.00)
8691,Rozith,allopathic,rozithiv-infusion500-mgvial,IV Infusion,Azithromycin Dihydrate,500 mg/vial,Healthcare Pharmaceuticals Ltd.,500 mg vial: ৳ 460.00,
8689,Rozith,allopathic,rozithpowder-for-suspension200-mg5-ml,Powder for Suspension,Azithromycin Dihydrate,200 mg/5 ml,Healthcare Pharmaceuticals Ltd.,"15 ml bottle: ৳ 95.00,22.5 ml bottle: ৳ 105.00,35 ml bottle: ৳ 140.00,50 ml bottle: ৳ 185.00",
8688,Rozith,allopathic,rozithtablet500-mg,Tablet,Azithromycin Dihydrate,500 mg,Healthcare Pharmaceuticals Ltd.,"Unit Price: ৳ 35.00,(12's pack: ৳ 420.00),",(12's pack: ৳ 420.00)
8687,Rozith,allopathic,rozithtablet250-mg,Tablet,Azithromycin Dihydrate,250 mg,Healthcare Pharmaceuticals Ltd.,"Unit Price: ৳ 25.00,(6's pack: ৳ 150.00),",(6's pack: ৳ 150.00)
33156,Rozenon,allopathic,rozenontablet5-mg,Tablet,Rosuvastatin,5 mg,Synovia pharma plc,"Unit Price: ৳ 13.00,(30's pack: ৳ 390.00),",(30's pack: ৳ 390.00)
33155,Rozenon,allopathic,rozenontablet10-mg,Tablet,Rosuvastatin,10 mg,Synovia pharma plc,"Unit Price: ৳ 25.00,(30's pack: ৳ 750.00),",(30's pack: ৳ 750.00)
31951,Rozavel,allopathic,rozaveltablet20-mg,Tablet,Rosuvastatin,20 mg,Sun Pharmaceutical Ltd.,"Unit Price: ৳ 30.00,(30's pack: ৳ 900.00),",(30's pack: ৳ 900.00)
18732,Roxim,allopathic,roximpediatric-drops25-mgml,Pediatric Drops,Cefixime Trihydrate,25 mg/ml,Eskayef Pharmaceuticals Ltd.,15 ml bottle: ৳ 85.00,
7632,Roxim,allopathic,roximpowder-for-suspension100-mg5-ml,Powder for Suspension,Cefixime Trihydrate,100 mg/5 ml,Eskayef Pharmaceuticals Ltd.,"30 ml bottle: ৳ 135.00,50 ml bottle: ৳ 210.00,75 ml bottle: ৳ 240.00",
7631,Roxim,allopathic,roximcapsule400-mg,Capsule,Cefixime Trihydrate,400 mg,Eskayef Pharmaceuticals Ltd.,"Unit Price: ৳ 50.00,(6's pack: ৳ 300.00),,Unit Price: ৳ 50.00,(8's pack: ৳ 400.00),","(6's pack: ৳ 300.00),(8's pack: ৳ 400.00)"
7630,Roxim,allopathic,roximcapsule200-mg,Capsule,Cefixime Trihydrate,200 mg,Eskayef Pharmaceuticals Ltd.,"Unit Price: ৳ 35.00,(12's pack: ৳ 420.00),,Unit Price: ৳ 35.00,(14's pack: ৳ 490.00),,Unit Price: ৳ 35.00,(16's pack: ৳ 560.00),","(12's pack: ৳ 420.00),(14's pack: ৳ 490.00),(16's pack: ৳ 560.00)"
26966,Roxilab Plus,allopathic,roxilab-pluspowder-for-suspension125-mg3125-mg5-ml,Powder for Suspension,Cefuroxime Axetil + Clavulanic Acid,(125 mg+31.25 mg)/5 ml,Labaid Pharma Ltd.,70 ml bottle: ৳ 250.00,
19003,Roxilab Plus,allopathic,roxilab-plustablet250-mg625-mg,Tablet,Cefuroxime Axetil + Clavulanic Acid,250 mg+62.5 mg,Labaid Pharma Ltd.,"Unit Price: ৳ 30.00,(10's pack: ৳ 300.00),",(10's pack: ৳ 300.00)
24382,Rupadin,allopathic,rupadinoral-solution5-mg5-ml,Oral Solution,Rupatadine Fumarate,5 mg/5 ml,Beacon Pharmaceuticals Ltd.,60 ml bottle: ৳ 75.00,
12283,Rupadin,allopathic,rupadintablet10-mg,Tablet,Rupatadine Fumarate,10 mg,Beacon Pharmaceuticals Ltd.,"Unit Price: ৳ 12.00,(50's pack: ৳ 600.00),",(50's pack: ৳ 600.00)
24385,Rupaday,allopathic,rupadayoral-solution5-mg5-ml,Oral Solution,Rupatadine Fumarate,5 mg/5 ml,Eskayef Pharmaceuticals Ltd.,60 ml bottle: ৳ 75.00,
12913,Rupaday,allopathic,rupadaytablet10-mg,Tablet,Rupatadine Fumarate,10 mg,Eskayef Pharmaceuticals Ltd.,"Unit Price: ৳ 10.00,(30's pack: ৳ 300.00),",(30's pack: ৳ 300.00)
28693,Rupa-Aid,allopathic,rupa-aidoral-solution5-mg5-ml,Oral Solution,Rupatadine Fumarate,5 mg/5 ml,Labaid Pharma Ltd.,60 ml bottle: ৳ 75.00,
24394,Rupa-Aid,allopathic,rupa-aidtablet10-mg,Tablet,Rupatadine Fumarate,10 mg,Labaid Pharma Ltd.,"Unit Price: ৳ 12.01,(30's pack: ৳ 360.18),",(30's pack: ৳ 360.18)
24381,Rupa,allopathic,rupaoral-solution5-mg5-ml,Oral Solution,Rupatadine Fumarate,5 mg/5 ml,Aristopharma Ltd.,60 ml bottle: ৳ 75.00,
12282,Rupa,allopathic,rupatablet10-mg,Tablet,Rupatadine Fumarate,10 mg,Aristopharma Ltd.,"Unit Price: ৳ 12.00,(50's pack: ৳ 600.00),",(50's pack: ৳ 600.00)
13245,Runeed,allopathic,runeedcapsule,Capsule,Iron + Folic acid + Vitamin B complex + Vitamin C,,Supreme Pharmaceutical Ltd.,"Unit Price: ৳ 3.00,(50's pack: ৳ 150.00),",(50's pack: ৳ 150.00)
12912,Runar,allopathic,runartablet10-mg,Tablet,Rupatadine Fumarate,10 mg,Pharmasia Limited,"Unit Price: ৳ 10.00,(30's pack: ৳ 300.00),",(30's pack: ৳ 300.00)
32282,Rulicent,allopathic,rulicenttablet10-mg,Tablet,Ruxolitinib,10 mg,Incepta Pharmaceuticals Ltd.,"Unit Price: ৳ 300.00,(14's pack: ৳ 4,200.00),","(14's pack: ৳ 4,200.00)"
32281,Rulicent,allopathic,rulicenttablet5-mg,Tablet,Ruxolitinib,5 mg,Incepta Pharmaceuticals Ltd.,"Unit Price: ৳ 200.00,(14's pack: ৳ 2,800.00),","(14's pack: ৳ 2,800.00)"
28914,Rufecta,allopathic,rufectaoral-solution5-mg5-ml,Oral Solution,Rupatadine Fumarate,5 mg/5 ml,Biopharma Laboratories Ltd.,60 ml bottle: ৳ 75.00,
12911,Rufecta,allopathic,rufectatablet10-mg,Tablet,Rupatadine Fumarate,10 mg,Biopharma Laboratories Ltd.,"Unit Price: ৳ 10.01,(30's pack: ৳ 300.15),",(30's pack: ৳ 300.15)
24397,Rufast,allopathic,rufastoral-solution5-mg5-ml,Oral Solution,Rupatadine Fumarate,5 mg/5 ml,Opsonin Pharma Ltd.,50 ml bottle: ৳ 60.00,
12910,Rufast,allopathic,rufasttablet10-mg,Tablet,Rupatadine Fumarate,10 mg,Opsonin Pharma Ltd.,"Unit Price: ৳ 10.03,(42's pack: ৳ 421.26),",(42's pack: ৳ 421.26)
17394,Ruclon,allopathic,ruclontablet100-mg,Tablet,Aceclofenac,100 mg,Novus Pharmaceuticals Ltd.,"Unit Price: ৳ 1.50,(100's pack: ৳ 150.00),",(100's pack: ৳ 150.00)
29808,Rubitor,allopathic,rubitoriv-infusion2-mgml,IV Infusion,Epirubicin Hydrochloride,2 mg/ml,Eskayef Pharmaceuticals Ltd.,"10 mg vial: ৳ 950.00,50 mg vial: ৳ 3,800.00",
16886,Rubicin,allopathic,rubiciniv-infusion20-mg4-ml,IV Infusion,Daunorubicin,20 mg/4 ml,Beacon Pharmaceuticals Ltd.,20 mg vial: ৳ 600.00,
24383,Rubest,allopathic,rubesttablet10-mg,Tablet,Rupatadine Fumarate,10 mg,Benham Pharmaceuticals Ltd.,"Unit Price: ৳ 10.00,(30's pack: ৳ 300.00),",(30's pack: ৳ 300.00)
24022,Rubee,allopathic,rubeetablet-enteric-coated20-mg,Tablet (Enteric Coated),Rabeprazole Sodium,20 mg,Kumudini Pharma Ltd.,"Unit Price: ৳ 5.00,(60's pack: ৳ 300.00),",(60's pack: ৳ 300.00)
1143,Rubavax-M,allopathic,rubavax-mimsc-injection05-ml,IM/SC Injection,Measles and Rubella,0.5 ml,Incepta Pharmaceuticals Ltd.,0.5 ml vial: ৳ 400.00,
15882,Rubalon,allopathic,rubalonophthalmic-suspension01,Ophthalmic Suspension,Fluorometholone Acetate,0.10%,Beximco Pharmaceuticals Ltd.,5 ml drop: ৳ 100.00,
31928,RTV,allopathic,rtvtablet20-mg,Tablet,Rosuvastatin,20 mg,Delta Pharma Ltd.,"Unit Price: ৳ 8.00,(30's pack: ৳ 240.00),",(30's pack: ৳ 240.00)
24337,RTV,allopathic,rtvtablet10-mg,Tablet,Rosuvastatin,10 mg,Delta Pharma Ltd.,"Unit Price: ৳ 6.00,(30's pack: ৳ 180.00),",(30's pack: ৳ 180.00)
24336,RTV,allopathic,rtvtablet5-mg,Tablet,Rosuvastatin,5 mg,Delta Pharma Ltd.,"Unit Price: ৳ 5.00,(30's pack: ৳ 150.00),",(30's pack: ৳ 150.00)
9415,Rtnor,allopathic,rtnortablet320-mg,Tablet,Gemifloxacin,320 mg,Novelta Bestway Pharma Ltd.,"Unit Price: ৳ 65.00,(6's pack: ৳ 390.00),",(6's pack: ৳ 390.00)
1774,RT 150,allopathic,rt-150tablet150-mg,Tablet,Ranitidine Hydrochloride,150 mg,Silva Pharmaceuticals Ltd.,"Unit Price: ৳ 2.00,(100's pack: ৳ 199.76),",(100's pack: ৳ 199.76)
24017,RP 20,allopathic,rp-20tablet-enteric-coated20-mg,Tablet (Enteric Coated),Rabeprazole Sodium,20 mg,Globe Pharmaceuticals Ltd.,"Unit Price: ৳ 5.00,(50's pack: ৳ 250.00),",(50's pack: ৳ 250.00)
27526,Rozy DS,allopathic,rozy-dstablet1-mg05-mg,Tablet,Ethinyl Estradiol + Drospirenone (HRT),1 mg+0.5 mg,Square Pharmaceuticals Ltd.,"Unit Price: ৳ 24.00,(15's pack: ৳ 360.00),",(15's pack: ৳ 360.00)
33110,Rutinib,allopathic,rutinibtablet5-mg,Tablet,Ruxolitinib,5 mg,Drug International Ltd.,"Unit Price: ৳ 200.00,(50's pack: ৳ 10,000.00),","(50's pack: ৳ 10,000.00)"
33109,Rutinib,allopathic,rutinibtablet10-mg,Tablet,Ruxolitinib,10 mg,Drug International Ltd.,"Unit Price: ৳ 300.00,(30's pack: ৳ 9,000.00),","(30's pack: ৳ 9,000.00)"
33107,Rupsol,allopathic,rupsoloral-paste5,Oral Paste,Amlexanox,5%,Drug International Ltd.,5 gm tube: ৳ 75.00,
24388,Rupoma,allopathic,rupomaoral-solution5-mg5-ml,Oral Solution,Rupatadine Fumarate,5 mg/5 ml,General Pharmaceuticals Ltd.,50 ml bottle: ৳ 60.00,
24387,Rupoma,allopathic,rupomatablet10-mg,Tablet,Rupatadine Fumarate,10 mg,General Pharmaceuticals Ltd.,"Unit Price: ৳ 10.00,(30's pack: ৳ 300.00),",(30's pack: ৳ 300.00)
27245,Rupita,allopathic,rupitatablet10-mg,Tablet,Rupatadine Fumarate,10 mg,Euro Pharma Ltd.,"Unit Price: ৳ 10.00,(30's pack: ৳ 300.00),",(30's pack: ৳ 300.00)
12920,Rupin,allopathic,rupinoral-solution5-mg5-ml,Oral Solution,Rupatadine Fumarate,5 mg/5 ml,Ziska Pharmaceuticals Ltd.,50 ml bottle: ৳ 60.00,
12288,Rupin,allopathic,rupintablet10-mg,Tablet,Rupatadine Fumarate,10 mg,Ziska Pharmaceuticals Ltd.,"Unit Price: ৳ 10.00,(50's pack: ৳ 500.00),",(50's pack: ৳ 500.00)
24393,Rupex,allopathic,rupexoral-solution5-mg5-ml,Oral Solution,Rupatadine Fumarate,5 mg/5 ml,Incepta Pharmaceuticals Ltd.,60 ml bottle: ৳ 75.00,
12919,Rupex,allopathic,rupextablet10-mg,Tablet,Rupatadine Fumarate,10 mg,Incepta Pharmaceuticals Ltd.,"Unit Price: ৳ 10.00,(30's pack: ৳ 300.00),",(30's pack: ৳ 300.00)
12918,Rupenta,allopathic,rupentatablet10-mg,Tablet,Rupatadine Fumarate,10 mg,Orion Pharma Ltd.,"Unit Price: ৳ 10.03,(30's pack: ৳ 300.90),",(30's pack: ৳ 300.90)
31599,Rupaver,allopathic,rupavertablet10-mg,Tablet,Rupatadine Fumarate,10 mg,Veritas Pharmaceuticals Ltd.,"Unit Price: ৳ 12.00,(30's pack: ৳ 360.00),",(30's pack: ৳ 360.00)
12287,Rupatrol,allopathic,rupatroltablet10-mg,Tablet,Rupatadine Fumarate,10 mg,Square Pharmaceuticals Ltd.,"Unit Price: ৳ 12.00,(30's pack: ৳ 360.00),",(30's pack: ৳ 360.00)
12286,Rupatid,allopathic,rupatidtablet10-mg,Tablet,Rupatadine Fumarate,10 mg,NIPRO JMI Pharma Ltd.,"Unit Price: ৳ 10.00,(30's pack: ৳ 300.00),",(30's pack: ৳ 300.00)
24396,Rupatan,allopathic,rupatantablet10-mg,Tablet,Rupatadine Fumarate,10 mg,Novo Healthcare and Pharma Ltd.,"Unit Price: ৳ 10.00,(30's pack: ৳ 300.00),",(30's pack: ৳ 300.00)
12917,Rupastin,allopathic,rupastintablet10-mg,Tablet,Rupatadine Fumarate,10 mg,ACME Laboratories Ltd.,"Unit Price: ৳ 10.03,(30's pack: ৳ 300.90),",(30's pack: ৳ 300.90)
3412,Ruvastin,allopathic,ruvastintablet10-mg,Tablet,Rosuvastatin,10 mg,Aristopharma Ltd.,"Unit Price: ৳ 20.00,(30's pack: ৳ 600.00),",(30's pack: ৳ 600.00)
3411,Ruvastin,allopathic,ruvastintablet5-mg,Tablet,Rosuvastatin,5 mg,Aristopharma Ltd.,"Unit Price: ৳ 10.00,(30's pack: ৳ 300.00),",(30's pack: ৳ 300.00)
9655,Rutix,allopathic,rutixtablet400-mg,Tablet,Ofloxacin (Oral & Injection),400 mg,Square Pharmaceuticals Ltd.,"Unit Price: ৳ 22.14,(20's pack: ৳ 442.80),",(20's pack: ৳ 442.80)
9654,Rutix,allopathic,rutixtablet200-mg,Tablet,Ofloxacin (Oral & Injection),200 mg,Square Pharmaceuticals Ltd.,"Unit Price: ৳ 12.09,(30's pack: ৳ 362.70),",(30's pack: ৳ 362.70)
12916,Rupastar,allopathic,rupastartablet10-mg,Tablet,Rupatadine Fumarate,10 mg,Leon Pharmaceuticals Ltd.,"Unit Price: ৳ 10.00,(30's pack: ৳ 300.00),",(30's pack: ৳ 300.00)
27829,Rupanil,allopathic,rupaniltablet10-mg,Tablet,Rupatadine Fumarate,10 mg,Rangs Pharmaceuticals Ltd.,"Unit Price: ৳ 10.00,(30's pack: ৳ 300.00),",(30's pack: ৳ 300.00)
12285,Rupanex,allopathic,rupanextablet10-mg,Tablet,Rupatadine Fumarate,10 mg,Sharif Pharmaceuticals Ltd.,"Unit Price: ৳ 10.03,(30's pack: ৳ 300.90),",(30's pack: ৳ 300.90)
24390,Rupana,allopathic,rupanatablet10-mg,Tablet,Rupatadine Fumarate,10 mg,Globe Pharmaceuticals Ltd.,"Unit Price: ৳ 10.00,(30's pack: ৳ 300.00),",(30's pack: ৳ 300.00)
24389,Rupana,allopathic,rupanaoral-solution5-mg5-ml,Oral Solution,Rupatadine Fumarate,5 mg/5 ml,Globe Pharmaceuticals Ltd.,60 ml bottle: ৳ 75.00,
28728,Rupamine,allopathic,rupamineoral-solution5-mg5-ml,Oral Solution,Rupatadine Fumarate,5 mg/5 ml,Ibn Sina Pharmaceuticals Ltd.,60 ml bottle: ৳ 75.00,
12915,Rupamine,allopathic,rupaminetablet10-mg,Tablet,Rupatadine Fumarate,10 mg,Ibn Sina Pharmaceuticals Ltd.,"Unit Price: ৳ 10.00,(30's pack: ৳ 300.00),",(30's pack: ৳ 300.00)
12914,Rupaler,allopathic,rupalertablet10-mg,Tablet,Rupatadine Fumarate,10 mg,Alco Pharma Ltd.,"Unit Price: ৳ 10.00,(20's pack: ৳ 200.00),",(20's pack: ৳ 200.00)
29163,Rupahist,allopathic,rupahisttablet10-mg,Tablet,Rupatadine Fumarate,10 mg,UniMed UniHealth,"Unit Price: ৳ 12.00,(30's pack: ৳ 360.00),",(30's pack: ৳ 360.00)
12284,Rupafen,allopathic,rupafentablet10-mg,Tablet,Rupatadine Fumarate,10 mg,Somatec Pharmaceuticals Ltd.,"Unit Price: ৳ 10.00,(30's pack: ৳ 300.00),",(30's pack: ৳ 300.00)
3297,S-Kinase,allopathic,s-kinasepowder-for-injection15-million-unit,Powder for Injection,Streptokinase,1.5 million unit,Popular Pharmaceuticals Ltd.,"1.5 million unit vial: ৳ 4,500.00",
6383,S-Fluclox,allopathic,s-flucloxcapsule500-mg,Capsule,Flucloxacillin Sodium,500 mg,Seema Pharmaceuticals Ltd.,"Unit Price: ৳ 10.50,(40's pack: ৳ 420.00),",(40's pack: ৳ 420.00)
6382,S-Fluclox,allopathic,s-flucloxcapsule250-mg,Capsule,Flucloxacillin Sodium,250 mg,Seema Pharmaceuticals Ltd.,"Unit Price: ৳ 7.00,(40's pack: ৳ 280.00),",(40's pack: ৳ 280.00)
32175,S-Fenac TR,allopathic,s-fenac-trcapsule-timed-release50-mg,Capsule (Timed Release),Diclofenac Sodium,50 mg,Seema Pharmaceuticals Ltd.,"Unit Price: ৳ 1.20,(100's pack: ৳ 120.00),",(100's pack: ৳ 120.00)
11082,S-Fenac TR,allopathic,s-fenac-trcapsule-timed-release100-mg,Capsule (Timed Release),Diclofenac Sodium,100 mg,Seema Pharmaceuticals Ltd.,"Unit Price: ৳ 3.00,(50's pack: ৳ 150.00),",(50's pack: ৳ 150.00)
4481,S-Citapram,allopathic,s-citapramtablet10-mg,Tablet,Escitalopram Oxalate,10 mg,General Pharmaceuticals Ltd.,"Unit Price: ৳ 10.07,(20's pack: ৳ 201.43),",(20's pack: ৳ 201.43)
4480,S-Citapram,allopathic,s-citapramtablet5-mg,Tablet,Escitalopram Oxalate,5 mg,General Pharmaceuticals Ltd.,"Unit Price: ৳ 7.03,(30's pack: ৳ 210.90),",(30's pack: ৳ 210.90)
14116,S-32 Gold,allopathic,s-32-goldtablet,Tablet,Multivitamin & Multimineral [A-Z gold preparation],,Sharif Pharmaceuticals Ltd.,"Unit Price: ৳ 6.01,(15's pack: ৳ 90.15),,Unit Price: ৳ 6.01,(30's pack: ৳ 180.30),","(15's pack: ৳ 90.15),(30's pack: ৳ 180.30)"
26705,Ryzodeg,allopathic,ryzodegsc-injection100-iuml,SC Injection,Insulin Degludec + Insulin Aspart Premixed,100 IU/ml,Novo Nordisk Pharma (Pvt.) Ltd,"3 ml PenFill: ৳ 1,704.00,(5's pack: ৳ 8,520.00),","(5's pack: ৳ 8,520.00)"
26704,Ryzodeg,allopathic,ryzodegsc-injection100-iuml,SC Injection,Insulin Degludec + Insulin Aspart Premixed,100 IU/ml,Novo Nordisk Pharma (Pvt.) Ltd,"3 ml FlexTouch: ৳ 1,895.00,(5's pack: ৳ 9,475.00),","(5's pack: ৳ 9,475.00)"
2451,Rythmosin,allopathic,rythmosintablet150-mg,Tablet,Propafenone Hydrochloride,150 mg,UniMed UniHealth,"Unit Price: ৳ 15.00,(30's pack: ৳ 450.00),",(30's pack: ৳ 450.00)
8803,Ryth,allopathic,rythpowder-for-suspension50-mg5-ml,Powder for Suspension,Roxithromycin,50 mg/5 ml,Navana Pharmaceuticals Ltd.,50 ml bottle: ৳ 50.34,
8802,Ryth,allopathic,rythtablet300-mg,Tablet,Roxithromycin,300 mg,Navana Pharmaceuticals Ltd.,"Unit Price: ৳ 14.07,(18's pack: ৳ 253.34),",(18's pack: ৳ 253.34)
8801,Ryth,allopathic,rythtablet150-mg,Tablet,Roxithromycin,150 mg,Navana Pharmaceuticals Ltd.,"Unit Price: ৳ 7.02,(18's pack: ৳ 126.30),",(18's pack: ৳ 126.30)
29262,Rynofex,allopathic,rynofextablet180-mg,Tablet,Fexofenadine Hydrochloride,180 mg,Al-Madina Pharmaceuticals Ltd.,"Unit Price: ৳ 8.50,(30's pack: ৳ 255.00),",(30's pack: ৳ 255.00)
29261,Rynofex,allopathic,rynofextablet120-mg,Tablet,Fexofenadine Hydrochloride,120 mg,Al-Madina Pharmaceuticals Ltd.,"Unit Price: ৳ 6.50,(30's pack: ৳ 195.00),",(30's pack: ৳ 195.00)
4640,S-Vom,allopathic,s-vomtablet25-mg50-mg,Tablet,Meclizine + Pyridoxine,25 mg+50 mg,Sharif Pharmaceuticals Ltd.,"Unit Price: ৳ 3.01,(50's pack: ৳ 150.50),",(50's pack: ৳ 150.50)
12368,S-Silver Sulfadiazine,allopathic,s-silver-sulfadiazinecream1,Cream,Silver Sulfadiazine,1%,Gonoshasthaya Pharma Ltd.,25 gm tube: ৳ 30.00,
30606,S-Pirin,allopathic,s-pirintablet-enteric-coated100-mg,Tablet (Enteric Coated),Aspirin,100 mg,Navana Pharmaceuticals Ltd.,"Unit Price: ৳ 0.50,(100's pack: ৳ 50.00),",(100's pack: ৳ 50.00)
26141,S-Ome,allopathic,s-omecapsule-delayed-release20-mg,Capsule (Delayed Release),Esomeprazole,20 mg,Somatec Pharmaceuticals Ltd.,"Unit Price: ৳ 7.00,(40's pack: ৳ 280.00),",(40's pack: ৳ 280.00)
1967,S-Ome,allopathic,s-ometablet-enteric-coated40-mg,Tablet (Enteric Coated),Omeprazole,40 mg,Somatec Pharmaceuticals Ltd.,"Unit Price: ৳ 8.00,(30's pack: ৳ 240.00),",(30's pack: ৳ 240.00)
1965,S-Ome,allopathic,s-ometablet-enteric-coated20-mg,Tablet (Enteric Coated),Omeprazole,20 mg,Somatec Pharmaceuticals Ltd.,"Unit Price: ৳ 5.00,(50's pack: ৳ 250.00),",(50's pack: ৳ 250.00)
3740,S-Kit,allopathic,s-kitsyrup1-mg5-ml,Syrup,Ketotifen Fumarate (Oral),1 mg/5 ml,Sharif Pharmaceuticals Ltd.,100 ml bottle: ৳ 45.13,
3739,S-Kit,allopathic,s-kittablet1-mg,Tablet,Ketotifen Fumarate (Oral),1 mg,Sharif Pharmaceuticals Ltd.,"Unit Price: ৳ 2.00,(100's pack: ৳ 200.00),",(100's pack: ৳ 200.00)
16284,Rynex,allopathic,rynexnasal-spray005,Nasal Spray,Oxymetazoline Hydrochloride (Nasal Preparation),0.05%,Incepta Pharmaceuticals Ltd.,200 metered sprays: ৳ 80.00,
16283,Rynex,allopathic,rynexnasal-drop0025,Nasal Drop,Oxymetazoline Hydrochloride (Nasal Preparation),0.03%,Incepta Pharmaceuticals Ltd.,10 ml drop: ৳ 40.00,
16282,Rynex,allopathic,rynexnasal-drop005,Nasal Drop,Oxymetazoline Hydrochloride (Nasal Preparation),0.05%,Incepta Pharmaceuticals Ltd.,10 ml drop: ৳ 45.00,
11880,Rymin,allopathic,ryminsyrup10-mg5-ml,Syrup,Diphenhydramine Hydrochloride,10 mg/5 ml,Opsonin Pharma Ltd.,100 ml bottle: ৳ 45.00,
5471,Ruzmet,allopathic,ruzmettablet500-mg,Tablet,Metformin Hydrochloride,500 mg,Amico Laboratories Ltd.,"Unit Price: ৳ 8.33,(30's pack: ৳ 250.00),",(30's pack: ৳ 250.00)
26430,Ruvastin,allopathic,ruvastintablet20-mg,Tablet,Rosuvastatin,20 mg,Aristopharma Ltd.,"Unit Price: ৳ 30.00,(10's pack: ৳ 300.00),",(10's pack: ৳ 300.00)
21623,Salbumol,allopathic,salbumolsyrup2-mg5-ml,Syrup,Salbutamol,2 mg/5 ml,Indo Bangla Pharmaceutical,100 ml bottle: ৳ 16.12,
3486,Salbu,allopathic,salbusyrup2-mg5-ml,Syrup,Salbutamol,2 mg/5 ml,Biopharma Laboratories Ltd.,100 ml bottle: ৳ 22.93,
3485,Salbu,allopathic,salbutablet4-mg,Tablet,Salbutamol,4 mg,Biopharma Laboratories Ltd.,"Unit Price: ৳ 0.34,(100's pack: ৳ 34.00),",(100's pack: ৳ 34.00)
3484,Salbu,allopathic,salbutablet2-mg,Tablet,Salbutamol,2 mg,Biopharma Laboratories Ltd.,"Unit Price: ৳ 0.26,(100's pack: ৳ 26.00),",(100's pack: ৳ 26.00)
2359,Salazine,allopathic,salazinesuppository500-mg,Suppository,Sulfasalazine,500 mg,Opsonin Pharma Ltd.,"Unit Price: ৳ 10.00,(10's pack: ৳ 100.00),",(10's pack: ৳ 100.00)
2358,Salazine,allopathic,salazinetablet500-mg,Tablet,Sulfasalazine,500 mg,Opsonin Pharma Ltd.,"Unit Price: ৳ 5.23,(50's pack: ৳ 261.50),",(50's pack: ৳ 261.50)
13314,Sakti-TR,allopathic,sakti-trcapsule-timed-release150-mg05-mg618-mg,Capsule (Timed Release),Ferrous Sulfate + Folic Acid + Zinc Sulfate,150 mg+0.5 mg+61.8 mg,Marker Pharma Ltd.,"Unit Price: ৳ 2.90,(30's pack: ৳ 87.00),",(30's pack: ৳ 87.00)
5600,Saglit,allopathic,saglittablet15-mg,Tablet,Pioglitazone,15 mg,Synovia pharma plc,"Unit Price: ৳ 8.03,(30's pack: ৳ 240.90),",(30's pack: ৳ 240.90)
26718,Sagdon,allopathic,sagdontablet10-mg,Tablet,Domperidone Maleate,10 mg,Nuvista Pharma Ltd.,"Unit Price: ৳ 2.00,(100's pack: ৳ 200.00),",(100's pack: ৳ 200.00)
9669,Saga,allopathic,sagatablet200-mg,Tablet,Sparfloxacin,200 mg,Square Pharmaceuticals Ltd.,"Unit Price: ৳ 15.05,(15's pack: ৳ 225.75),",(15's pack: ৳ 225.75)
28977,Safwash,allopathic,safwashhand-rub0570,Hand Rub,Chlorhexidine Gluconate + Isopropyl alcohol,0.5%+70%,Medimet Pharmaceuticals Ltd.,"50 ml bottle: ৳ 50.00,100 ml bottle: ৳ 100.00,200 ml bottle: ৳ 200.00",
25503,Safoxol,allopathic,safoxolcapsule-sustained-release75-mg,Capsule (Sustained Release),Ambroxol Hydrochloride,75 mg,Beacon Pharmaceuticals Ltd.,"Unit Price: ৳ 5.02,(32's pack: ৳ 160.64),",(32's pack: ৳ 160.64)
25502,Safoxol,allopathic,safoxolsyrup15-mg5-ml,Syrup,Ambroxol Hydrochloride,15 mg/5 ml,Beacon Pharmaceuticals Ltd.,100 ml bottle: ৳ 45.14,
12832,Safetisol,allopathic,safetisolhand-rub0570,Hand Rub,Chlorhexidine Gluconate + Isopropyl alcohol,0.5%+70%,Silva Pharmaceuticals Ltd.,"50 ml bottle: ৳ 30.11,200 ml bottle: ৳ 80.31,300 ml bottle: ৳ 105.40",
11081,Safenac TR,allopathic,safenac-trcapsule-timed-release100-mg,Capsule (Timed Release),Diclofenac Sodium,100 mg,Marker Pharma Ltd.,"Unit Price: ৳ 2.50,(50's pack: ৳ 125.00),",(50's pack: ৳ 125.00)
14044,Safe,allopathic,safetablet6-mg200-mg50-mg,Tablet,Betacarotene + Vitamin C + Vitamin E,6 mg+200 mg+50 mg,Nipa Pharmaceuticals Ltd.,"Unit Price: ৳ 2.54,(30's pack: ৳ 76.20),",(30's pack: ৳ 76.20)
3488,Salbut,allopathic,salbutsyrup2-mg5-ml,Syrup,Salbutamol,2 mg/5 ml,General Pharmaceuticals Ltd.,100 ml bottle: ৳ 22.90,
31556,Salbusol,allopathic,salbusoltablet2-mg,Tablet,Salbutamol,2 mg,Silco Pharmaceutical Ltd.,"Unit Price: ৳ 0.26,(100's pack: ৳ 26.00),",(100's pack: ৳ 26.00)
31555,Salbusol,allopathic,salbusolsyrup2-mg5-ml,Syrup,Salbutamol,2 mg/5 ml,Silco Pharmaceutical Ltd.,100 ml bottle: ৳ 22.85,
11860,Safamin,allopathic,safaminsyrup2-mg5-ml,Syrup,Chlorpheniramine Maleate,2 mg/5 ml,Benham Pharmaceuticals Ltd.,"60 ml bottle: ৳ 11.70,100 ml bottle: ৳ 21.50",
1775,Sadin,allopathic,sadintablet150-mg,Tablet,Ranitidine Hydrochloride,150 mg,Marker Pharma Ltd.,"Unit Price: ৳ 2.00,(100's pack: ৳ 200.00),",(100's pack: ৳ 200.00)
9961,Sacona,allopathic,saconacapsule150-mg,Capsule,Fluconazole,150 mg,Marker Pharma Ltd.,"Unit Price: ৳ 16.05,(12's pack: ৳ 192.60),",(12's pack: ৳ 192.60)
9960,Sacona,allopathic,saconacapsule50-mg,Capsule,Fluconazole,50 mg,Marker Pharma Ltd.,"Unit Price: ৳ 8.00,(30's pack: ৳ 240.00),",(30's pack: ৳ 240.00)
16673,Sac Sweet,allopathic,sac-sweettablet125-mg,Tablet,Saccharin Sodium,12.5 mg,Sonear Laboratories Ltd.,"Unit Price: ৳ 0.09,(300's pack: ৳ 28.00),,Unit Price: ৳ 0.11,(500's pack: ৳ 55.00),","(300's pack: ৳ 28.00),(500's pack: ৳ 55.00)"
3494,Sabutanol,allopathic,sabutanoltablet4-mg,Tablet,Salbutamol,4 mg,Bristol Pharmaceuticals Ltd.,"Unit Price: ৳ 0.34,(500's pack: ৳ 170.00),",(500's pack: ৳ 170.00)
3493,Sabutanol,allopathic,sabutanoltablet2-mg,Tablet,Salbutamol,2 mg,Bristol Pharmaceuticals Ltd.,"Unit Price: ৳ 0.26,(500's pack: ৳ 130.00),",(500's pack: ৳ 130.00)
21636,Sabus,allopathic,sabussyrup2-mg5-ml,Syrup,Salbutamol,2 mg/5 ml,Orbit Pharmaceuticals Ltd.,60 ml bottle: ৳ 16.11,
25210,Sabitar,allopathic,sabitartablet49-mg51-mg,Tablet,Sacubitril + Valsartan,49 mg+51 mg,Incepta Pharmaceuticals Ltd.,"Unit Price: ৳ 80.00,(10's pack: ৳ 800.00),",(10's pack: ৳ 800.00)
25209,Sabitar,allopathic,sabitartablet24-mg26-mg,Tablet,Sacubitril + Valsartan,24 mg+26 mg,Incepta Pharmaceuticals Ltd.,"Unit Price: ৳ 45.00,(10's pack: ৳ 450.00),",(10's pack: ৳ 450.00)
25208,Sabitar,allopathic,sabitartablet97-mg103-mg,Tablet,Sacubitril + Valsartan,97 mg+103 mg,Incepta Pharmaceuticals Ltd.,"Unit Price: ৳ 120.00,(10's pack: ৳ 1,200.00),","(10's pack: ৳ 1,200.00)"
3504,Salmolin,allopathic,salmolininhalation-capsule200-mcg,Inhalation Capsule,Salbutamol,200 mcg,ACME Laboratories Ltd.,"Unit Price: ৳ 2.51,(30's pack: ৳ 75.30),",(30's pack: ৳ 75.30)
3502,Salmolin,allopathic,salmolinsyrup2-mg5-ml,Syrup,Salbutamol,2 mg/5 ml,ACME Laboratories Ltd.,"60 ml bottle: ৳ 14.52,100 ml bottle: ৳ 23.00",
3499,Salmol,allopathic,salmolsyrup2-mg5-ml,Syrup,Salbutamol,2 mg/5 ml,Medimet Pharmaceuticals Ltd.,"60 ml bottle: ৳ 13.00,100 ml bottle: ৳ 22.00",
3498,Salmol,allopathic,salmoltablet4-mg,Tablet,Salbutamol,4 mg,Medimet Pharmaceuticals Ltd.,"Unit Price: ৳ 0.40,(100's pack: ৳ 40.00),",(100's pack: ৳ 40.00)
3496,Salix,allopathic,salixsyrup2-mg5-ml,Syrup,Salbutamol,2 mg/5 ml,Modern Pharmaceuticals Ltd.,"60 ml bottle: ৳ 14.47,100 ml bottle: ৳ 22.90",
3495,Salix,allopathic,salixtablet4-mg,Tablet,Salbutamol,4 mg,Modern Pharmaceuticals Ltd.,"Unit Price: ৳ 0.34,(100's pack: ৳ 34.00),",(100's pack: ৳ 34.00)
26739,Salitic,allopathic,salitictopical-solution167167,Topical Solution,Salicylic Acid + Lactic Acid,16.7%+16.7%,Ziska Pharmaceuticals Ltd.,15 ml bottle: ৳ 250.00,
18259,Salison,allopathic,salisonscalp-ointment0053,Scalp Ointment,Betamethasone Dipropionate + Salicylic Acid,0.05%+3%,Globe Pharmaceuticals Ltd.,10 gm tube: ৳ 70.00,
10864,Salinix,allopathic,salinixcream308,Cream,Methyl Salicylate + Menthol,30%+8%,Incepta Pharmaceuticals Ltd.,20 gm tube: ৳ 60.00,
10863,Salinix,allopathic,salinixcream1510,Cream,Methyl Salicylate + Menthol,15%+10%,Incepta Pharmaceuticals Ltd.,20 gm tube: ৳ 40.00,
14826,Saline-R,allopathic,saline-roral-powder,Oral Powder,Oral Rehydration Salt [Flavored],,Renata Limited,"10 gm sachet: ৳ 5.00,(20's pack: ৳ 100.00),",(20's pack: ৳ 100.00)
30028,Salidex,allopathic,salidexcream6,Cream,Salicylic Acid,6%,Eskayef Pharmaceuticals Ltd.,15 gm tube: ৳ 42.00,
24408,Salicid,allopathic,salicidcream12,Cream,Salicylic Acid,12%,Square Pharmaceuticals Ltd.,30 gm tube: ৳ 100.00,
18124,Saliben,allopathic,salibenointment63,Ointment,Benzoic Acid + Salicylic Acid,6%+3%,Amico Laboratories Ltd.,25 gm tube: ৳ 25.00,
20502,Salflu,allopathic,salfluinhaler25-mcg250-mcgpuff,Inhaler,Salmeterol + Fluticasone Propionate,(25 mcg+250 mcg)/puff,ACME Laboratories Ltd.,120 metered doses: ৳ 797.39,
20501,Salflu,allopathic,salfluinhaler25-mcg125-mcgpuff,Inhaler,Salmeterol + Fluticasone Propionate,(25 mcg+125 mcg)/puff,ACME Laboratories Ltd.,120 metered doses: ৳ 596.79,
32420,Salmolin,allopathic,salmolininhaler100-mcgpuff,Inhaler,Salbutamol (Inhaler),100 mcg/puff,ACME Laboratories Ltd.,200 metered doses (refill): ৳ 170.51,
3506,Salmolin,allopathic,salmolinrespirator-solution5-mgml,Respirator Solution,Salbutamol,5 mg/ml,ACME Laboratories Ltd.,20 ml pack: ৳ 120.37,
3505,Salmolin,allopathic,salmolininhaler100-mcgpuff,Inhaler,Salbutamol (Inhaler),100 mcg/puff,ACME Laboratories Ltd.,200 metered doses: ৳ 195.59,
3943,Salflu,allopathic,salfluinhalation-capsule50-mcg500-mcg,Inhalation Capsule,Salmeterol + Fluticasone Propionate,50 mcg+500 mcg,ACME Laboratories Ltd.,"Unit Price: ৳ 16.00,(30's pack: ৳ 480.00),",(30's pack: ৳ 480.00)
3942,Salflu,allopathic,salfluinhalation-capsule50-mcg250-mcg,Inhalation Capsule,Salmeterol + Fluticasone Propionate,50 mcg+250 mcg,ACME Laboratories Ltd.,"Unit Price: ৳ 12.00,(30's pack: ৳ 360.00),",(30's pack: ৳ 360.00)
3941,Salflu,allopathic,salfluinhalation-capsule50-mcg100-mcg,Inhalation Capsule,Salmeterol + Fluticasone Propionate,50 mcg+100 mcg,ACME Laboratories Ltd.,"Unit Price: ৳ 6.50,(30's pack: ৳ 195.00),",(30's pack: ৳ 195.00)
13124,Salferon,allopathic,salferonsyrup200-mg5-ml,Syrup,Ferrous Sulfate,200 mg/5 ml,Salton Pharmaceuticals Ltd.,200 ml bottle: ৳ 24.09,
6209,Salclox,allopathic,salcloxpowder-for-suspension125-mg5-ml,Powder for Suspension,Cloxacillin Sodium,125 mg/5 ml,Salton Pharmaceuticals Ltd.,100 ml bottle: ৳ 43.66,
21642,Salbutex,allopathic,salbutextablet4-mg,Tablet,Salbutamol,4 mg,Premier Pharmaceuticals Ltd.,"Unit Price: ৳ 0.44,(200's pack: ৳ 88.00),",(200's pack: ৳ 88.00)
21641,Salbutex,allopathic,salbutextablet2-mg,Tablet,Salbutamol,2 mg,Premier Pharmaceuticals Ltd.,"Unit Price: ৳ 0.25,(200's pack: ৳ 50.00),",(200's pack: ৳ 50.00)
3492,Salbutamol,allopathic,salbutamolsyrup2-mg5-ml,Syrup,Salbutamol,2 mg/5 ml,Amico Laboratories Ltd.,100 ml bottle: ৳ 17.00,
3491,Salbutal,allopathic,salbutalsyrup2-mg5-ml,Syrup,Salbutamol,2 mg/5 ml,Synovia pharma plc,100 ml bottle: ৳ 22.96,
3490,Salbutal,allopathic,salbutaltablet4-mg,Tablet,Salbutamol,4 mg,Synovia pharma plc,"Unit Price: ৳ 0.46,(500's pack: ৳ 230.00),",(500's pack: ৳ 230.00)
3489,Salbutal,allopathic,salbutaltablet2-mg,Tablet,Salbutamol,2 mg,Synovia pharma plc,"Unit Price: ৳ 0.26,(500's pack: ৳ 130.00),",(500's pack: ৳ 130.00)
9090,Saltrim,allopathic,saltrimoral-suspension200-mg40-mg5-ml,Oral Suspension,Sulphamethoxazole + Trimethoprim,(200 mg+40 mg)/5 ml,Salton Pharmaceuticals Ltd.,60 ml bottle: ৳ 21.08,
14366,Saltonate,allopathic,saltonatetablet500-mg,Tablet,Calcium Carbonate,500 mg,Salton Pharmaceuticals Ltd.,"Unit Price: ৳ 3.01,(50's pack: ৳ 150.50),",(50's pack: ৳ 150.50)
30104,Saltide,allopathic,saltiderespirator-solution25-mg3-ml,Respirator Solution,Salbutamol,2.5 mg/3 ml,UniMed UniHealth,"3 ml pack: ৳ 16.00,(10's pack: ৳ 160.00),",(10's pack: ৳ 160.00)
30103,Saltide,allopathic,saltideinhaler100-mcgpuff,Inhaler,Salbutamol (Inhaler),100 mcg/puff,UniMed UniHealth,200 metered doses: ৳ 250.00,
21627,Saltamol,allopathic,saltamolsyrup2-mg5-ml,Syrup,Salbutamol,2 mg/5 ml,Leon Pharmaceuticals Ltd.,100 ml bottle: ৳ 23.00,
11862,Saltamin,allopathic,saltamintablet4-mg,Tablet,Chlorpheniramine Maleate,4 mg,Salton Pharmaceuticals Ltd.,"Unit Price: ৳ 0.20,(500's pack: ৳ 100.00),",(500's pack: ৳ 100.00)
11861,Saltamin,allopathic,saltaminsyrup2-mg5-ml,Syrup,Chlorpheniramine Maleate,2 mg/5 ml,Salton Pharmaceuticals Ltd.,100 ml bottle: ৳ 13.00,
26532,Salpium,allopathic,salpiumnebuliser-solution25-mg500-mcg3-ml,Nebuliser Solution,Salbutamol + Ipratropium (Solution for inhalation),(2.5 mg+500 mcg)/3 ml,ACME Laboratories Ltd.,"3 ml ampoule: ৳ 18.00,(9's pack: ৳ 162.00),",(9's pack: ৳ 162.00)
21069,Salpium,allopathic,salpiuminhaler100-mcg20-mcgpuff,Inhaler,Salbutamol + Ipratropium (Inhaler),(100 mcg+20 mcg)/puff,ACME Laboratories Ltd.,"200 metered doses: ৳ 250.76,200 metered doses (Refill): ৳ 230.69",
14871,Salpac,allopathic,salpaciv-infusion09,IV Infusion,Sodium Chloride (Intravenous Solution),0.90%,Orion Infusion Ltd.,"500 ml bag: ৳ 43.12,1000 ml bag: ৳ 87.39",
14939,Salost,allopathic,salosttablet150-mg,Tablet,Risedronate Sodium,150 mg,UniMed UniHealth,Unit Price: ৳ 200.00,
14938,Salost,allopathic,salosttablet-delayed-release35-mg,Tablet (Delayed Release),Risedronate Sodium,35  mg,UniMed UniHealth,"Unit Price: ৳ 50.00,(4's pack: ৳ 200.00),",(4's pack: ৳ 200.00)
14937,Salost,allopathic,salosttablet5-mg,Tablet,Risedronate Sodium,5 mg,UniMed UniHealth,"Unit Price: ৳ 8.00,(28's pack: ৳ 224.00),",(28's pack: ৳ 224.00)
14870,Saloride,allopathic,salorideiv-infusion09,IV Infusion,Sodium Chloride (Intravenous Solution),0.90%,Beximco Pharmaceuticals Ltd.,"100 ml bottle: ৳ 48.06,250 ml bottle: ৳ 53.63,500 ml bag: ৳ 67.85,1000 ml bag: ৳ 87.39",
12224,Salora,allopathic,saloratablet10-mg,Tablet,Loratadine,10 mg,Marker Pharma Ltd.,"Unit Price: ৳ 3.00,(50's pack: ৳ 150.00),",(50's pack: ৳ 150.00)
24721,Saloprim,allopathic,saloprimtablet500-mg25-mg,Tablet,Sulphadoxine + Pyrimethamine,500 mg+25 mg,Opsonin Pharma Ltd.,"Unit Price: ৳ 4.00,(50's pack: ৳ 200.00),",(50's pack: ৳ 200.00)
13062,Sandimmum Neoral,allopathic,sandimmum-neoralcapsule100-mg,Capsule,Cyclosporine,100 mg,Novartis (Bangladesh) Ltd.,"Unit Price: ৳ 234.89,(50's pack: ৳ 11,744.30),","(50's pack: ৳ 11,744.30)"
13061,Sandimmum Neoral,allopathic,sandimmum-neoralcapsule50-mg,Capsule,Cyclosporine,50 mg,Novartis (Bangladesh) Ltd.,"Unit Price: ৳ 117.44,(50's pack: ৳ 5,872.15),","(50's pack: ৳ 5,872.15)"
13060,Sandimmum Neoral,allopathic,sandimmum-neoralcapsule25-mg,Capsule,Cyclosporine,25 mg,Novartis (Bangladesh) Ltd.,"Unit Price: ৳ 59.22,(50's pack: ৳ 2,961.16),","(50's pack: ৳ 2,961.16)"
14500,Sancal-D,allopathic,sancal-dtablet500-mg200-iu,Tablet,Calcium Carbonate [Elemental source] + Vitamin D3,500 mg+200 IU,Prime Pharmaceuticals Ltd.,Unit Price: ৳ 5.00,
14367,Sancal,allopathic,sancaltablet500-mg,Tablet,Calcium Carbonate,500 mg,Prime Pharmaceuticals Ltd.,Unit Price: ৳ 3.00,
31557,Samprid,allopathic,sampridtablet80-mg,Tablet,Gliclazide,80 mg,Silco Pharmaceutical Ltd.,"Unit Price: ৳ 7.00,(50's pack: ৳ 350.00),",(50's pack: ৳ 350.00)
9091,Saltrim DS,allopathic,saltrim-dstablet800-mg160-mg,Tablet,Sulphamethoxazole + Trimethoprim,800 mg+160 mg,Salton Pharmaceuticals Ltd.,"Unit Price: ৳ 2.01,(50's pack: ৳ 100.50),",(50's pack: ৳ 100.50)
17040,Saltrim,allopathic,saltrimtablet400-mg80-mg,Tablet,Sulphamethoxazole + Trimethoprim,400 mg+80 mg,Salton Pharmaceuticals Ltd.,"Unit Price: ৳ 2.01,(50's pack: ৳ 100.50),",(50's pack: ৳ 100.50)
32442,Salomax,allopathic,salomaxinhalation-capsule200-mcg,Inhalation Capsule,Salbutamol,200 mcg,Eskayef Pharmaceuticals Ltd.,"Unit Price: ৳ 2.50,(30's pack: ৳ 75.00),",(30's pack: ৳ 75.00)
26794,Salomax,allopathic,salomaxtablet4-mg,Tablet,Salbutamol,4 mg,Eskayef Pharmaceuticals Ltd.,"Unit Price: ৳ 0.46,(500's pack: ৳ 230.00),",(500's pack: ৳ 230.00)
3508,Salomax,allopathic,salomaxinhaler100-mcgpuff,Inhaler,Salbutamol (Inhaler),100 mcg/puff,Eskayef Pharmaceuticals Ltd.,200 metered doses: ৳ 195.00,
3507,Salol,allopathic,salolsyrup2-mg5-ml,Syrup,Salbutamol,2 mg/5 ml,Cosmic Pharma Ltd.,100 ml bottle: ৳ 22.00,
9670,Salocin,allopathic,salocintablet200-mg,Tablet,Sparfloxacin,200 mg,Kemiko Pharmaceuticals Ltd.,"Unit Price: ৳ 17.05,(10's pack: ৳ 170.50),",(10's pack: ৳ 170.50)
3596,Salmolin-L,allopathic,salmolin-lsyrup1-mg5-ml,Syrup,Levosalbutamol (Oral),1 mg/5 ml,ACME Laboratories Ltd.,"60 ml bottle: ৳ 30.10,100 ml bottle: ৳ 38.26",
1376,Sapen,allopathic,sapentablet10-mg,Tablet,Hyoscine Butylbromide,10 mg,Marker Pharma Ltd.,"Unit Price: ৳ 1.80,(100's pack: ৳ 180.00),",(100's pack: ৳ 180.00)
83,Sapclo,allopathic,sapclotablet100-mg,Tablet,Aceclofenac,100 mg,Marker Pharma Ltd.,"Unit Price: ৳ 3.00,(50's pack: ৳ 150.00),",(50's pack: ৳ 150.00)
14730,Santox,allopathic,santoxtablet,Tablet,Super antioxidant [vitamins & minerals],,Healthcare Pharmaceuticals Ltd.,"Unit Price: ৳ 4.00,(30's pack: ৳ 120.00),",(30's pack: ৳ 120.00)
14117,Santogen,allopathic,santogentablet,Tablet,Multivitamin & Multimineral [A-Z gold preparation],,Healthcare Pharmaceuticals Ltd.,"Unit Price: ৳ 10.00,(30's pack: ৳ 300.00),",(30's pack: ৳ 300.00)
16542,Santinal MR,allopathic,santinal-mrcapsule-modified-release200-mg,Capsule (Modified Release),Dipyridamole,200 mg,UniMed UniHealth,"Unit Price: ৳ 10.00,(28's pack: ৳ 280.00),",(28's pack: ৳ 280.00)
14508,Sante,allopathic,santeeffervescent-tablet1000-mg327-mg500-mg,Effervescent Tablet,Calcium Lactate Gluconate + Calcium Carbonate + Vitamin C,1000 mg+327 mg+500 mg,Healthcare Pharmaceuticals Ltd.,"Unit Price: ৳ 15.00,(10's pack: ৳ 150.00),",(10's pack: ৳ 150.00)
28350,Sanoket,allopathic,sanoketimiv-injection60-mg2-ml,IM/IV Injection,Ketorolac Tromethamine,60 mg/2 ml,Synovia pharma plc,2 ml ampoule: ৳ 95.29,
28349,Sanoket,allopathic,sanoketimiv-injection30-mgml,IM/IV Injection,Ketorolac Tromethamine,30 mg/ml,Synovia pharma plc,"1 ml ampoule: ৳ 55.38,(5's pack: ৳ 276.90),",(5's pack: ৳ 276.90)
15385,Sanoket,allopathic,sanokettablet10-mg,Tablet,Ketorolac Tromethamine,10 mg,Synovia pharma plc,"Unit Price: ৳ 10.03,(30's pack: ৳ 300.90),",(30's pack: ৳ 300.90)
28858,Sanityza Clear,allopathic,sanityza-clearhand-rub0570,Hand Rub,Chlorhexidine Gluconate + Isopropyl alcohol,0.5%+70%,Incepta Pharmaceuticals Ltd.,250 ml bottle (with dispenser): ৳ 250.00,
27641,Sanityza,allopathic,sanityzahand-rub0570,Hand Rub,Chlorhexidine Gluconate + Isopropyl alcohol,0.5%+70%,Incepta Pharmaceuticals Ltd.,"50 ml bottle: ৳ 40.00,250 ml bottle: ৳ 130.00",
2424,Sangril,allopathic,sangriltablet450-mg50-mg,Tablet,Micronised Diosmin + Hesperidin,450 mg+50 mg,Healthcare Pharmaceuticals Ltd.,"Unit Price: ৳ 10.00,(30's pack: ৳ 300.00),",(30's pack: ৳ 300.00)
30301,Sanflore,allopathic,sanfloretopical-gel,Topical Gel,Tea Tree Oil + Geothermal Water + Vitamin E,,Opsonin Pharma Ltd.,"120 ml bottle: ৳ 1,100.00",
30300,Sanflore,allopathic,sanfloretopical-spray205,Topical Spray,Aluminium Chloride + Melaleuca Alternifolia Oil + Geothermal water,20%+5%,Opsonin Pharma Ltd.,"50 ml spray: ৳ 1,050.00",
29191,Sanflore,allopathic,sanfloreshampoo20-gmml,Shampoo,Tea tree oil + Geothermal water (hair & body),20 gm/ml,"JEO MED, Turkey","400 ml pack: ৳ 1,400.00",
18776,Sanfix DS,allopathic,sanfix-dspowder-for-suspension200-mg5-ml,Powder for Suspension,Cefixime Trihydrate,200 mg/5 ml,Nuvista Pharma Ltd.,50 ml bottle: ৳ 280.00,
27884,Sapox,allopathic,sapoxpediatric-drops125-mg125-ml,Pediatric Drops,Amoxicillin Trihydrate,125 mg/1.25 ml,Alco Pharma Ltd.,15 ml bottle: ৳ 30.30,
6632,Sapox,allopathic,sapoxpowder-for-suspension125-mg5-ml,Powder for Suspension,Amoxicillin Trihydrate,125 mg/5 ml,Alco Pharma Ltd.,100 ml bottle: ৳ 47.61,
6631,Sapox,allopathic,sapoxcapsule500-mg,Capsule,Amoxicillin Trihydrate,500 mg,Alco Pharma Ltd.,"Unit Price: ৳ 6.78,(100's pack: ৳ 678.00),",(100's pack: ৳ 678.00)
17148,Sapotor,allopathic,sapotorsuppository115-gm,Suppository,Glycerin,1.15 gm,ACI Limited,"Unit Price: ৳ 3.00,(20's pack: ৳ 60.00),",(20's pack: ৳ 60.00)
18775,Sanfix,allopathic,sanfixcapsule400-mg,Capsule,Cefixime Trihydrate,400 mg,Nuvista Pharma Ltd.,"Unit Price: ৳ 50.00,(7's pack: ৳ 350.00),",(7's pack: ৳ 350.00)
7635,Sanfix,allopathic,sanfixpowder-for-suspension100-mg5-ml,Powder for Suspension,Cefixime Trihydrate,100 mg/5 ml,Nuvista Pharma Ltd.,50 ml bottle: ৳ 210.00,
7634,Sanfix,allopathic,sanfixcapsule200-mg,Capsule,Cefixime Trihydrate,200 mg,Nuvista Pharma Ltd.,"Unit Price: ৳ 35.11,(14's pack: ৳ 491.53),",(14's pack: ৳ 491.53)
15195,Sandostatin LAR,allopathic,sandostatin-larinjection20-mg5-ml,Injection,Octreotide Acetate,20 mg/5 ml,Novartis (Bangladesh) Ltd.,"20 mg vial: ৳ 82,157.90",
15196,Sandostatin,allopathic,sandostatininjection50-mcgml,Injection,Octreotide Acetate,50 mcg/ml,Novartis (Bangladesh) Ltd.,"1 ml ampoule: ৳ 1,405.13,(5's pack: ৳ 7,025.66),","(5's pack: ৳ 7,025.66)"
28348,Sandom,allopathic,sandompediatric-drops5-mgml,Pediatric Drops,Domperidone Maleate,5 mg/ml,Synovia pharma plc,15 ml drop: ৳ 20.13,
1645,Sandom,allopathic,sandomoral-suspension5-mg5-ml,Oral Suspension,Domperidone Maleate,5 mg/5 ml,Synovia pharma plc,60 ml bottle: ৳ 28.18,
1644,Sandom,allopathic,sandomtablet10-mg,Tablet,Domperidone Maleate,10 mg,Synovia pharma plc,"Unit Price: ৳ 2.02,(100's pack: ৳ 202.00),",(100's pack: ৳ 202.00)
14470,Sandocal-D,allopathic,sandocal-dtablet500-mg200-iu,Tablet,Calcium Carbonate [Elemental source] + Vitamin D3,500 mg+200 IU,SANDOZ (A Novartis Division),"Unit Price: ৳ 9.00,(50's pack: ৳ 450.00),",(50's pack: ৳ 450.00)
14334,Sandocal,allopathic,sandocaltablet500-mg,Tablet,Calcium Carbonate,500 mg,SANDOZ (A Novartis Division),"Unit Price: ৳ 6.00,(100's pack: ৳ 600.00),",(100's pack: ৳ 600.00)
32750,Savlon,allopathic,savlonhand-rub0570,Hand Rub,Chlorhexidine Gluconate + Isopropyl alcohol,0.5%+70%,ACI Limited,50 ml bottle: ৳ 60.00,
12836,Savlon,allopathic,savloncream0105,Cream,Chlorhexidine Hydrochloride + Cetrimide,0.1%+0.5%,ACI Limited,"30 gm tube: ৳ 22.00,60 gm tube: ৳ 30.00,100 gm tube: ৳ 50.00",
12834,Savlon,allopathic,savlonsolution033,Solution,Chlorhexidine Gluconate + Cetrimide,0.3%+3%,ACI Limited,"56 ml bottle: ৳ 32.00,112 ml bottle: ৳ 44.00,500 ml bottle: ৳ 125.00,1 liter pack: ৳ 250.00,5 liter pack: ৳ 712.00",
27885,Saver,allopathic,savercapsule400-mg,Capsule,Cefixime Trihydrate,400 mg,Alco Pharma Ltd.,"Unit Price: ৳ 50.15,(8's pack: ৳ 401.20),",(8's pack: ৳ 401.20)
7638,Saver,allopathic,saverpowder-for-suspension100-mg5-ml,Powder for Suspension,Cefixime Trihydrate,100 mg/5 ml,Alco Pharma Ltd.,"30 ml bottle: ৳ 120.36,40 ml bottle: ৳ 150.44,50 ml bottle: ৳ 195.60",
7636,Saver,allopathic,savercapsule200-mg,Capsule,Cefixime Trihydrate,200 mg,Alco Pharma Ltd.,"Unit Price: ৳ 30.09,(12's pack: ৳ 361.07),",(12's pack: ৳ 361.07)
12871,Savedin,allopathic,savedinmouthwash1-wv,Mouthwash,Povidone Iodine,1% w/v,Gaco Pharmaceuticals Ltd.,100 ml bottle: ৳ 25.00,
18248,Save Gurd,allopathic,save-gurdointment5-mg500-iugm,Ointment,Neomycin Sulfate + Bacitracin Zinc,(5 mg+500 IU)/gm,Ethical Drug Ltd.,10 gm tube: ৳ 20.00,
31990,Savatril,allopathic,savatriltablet24-mg26-mg,Tablet,Sacubitril + Valsartan,24 mg+26 mg,Drug International Ltd.,"Unit Price: ৳ 40.00,(10's pack: ৳ 400.00),",(10's pack: ৳ 400.00)
31002,Saugella HydraSerum,allopathic,saugella-hydraserumtopical-solution,Topical Solution,Salvia Officinalis,,Mylan Pharmaceutical industry company,200 ml bottle: ৳ 528.00,
31000,Saugella Dermoliquido,allopathic,saugella-dermoliquidotopical-solution,Topical Solution,Salvia Officinalis,,Mylan Pharmaceutical industry company,100 ml bottle: ৳ 528.00,
30999,Saugella Attiva,allopathic,saugella-attivatopical-solution,Topical Solution,Thymus Vulgaris Extracts,,Mylan Pharmaceutical industry company,100 ml bottle: ৳ 528.00,
11995,Satrol,allopathic,satroltablet10-mg,Tablet,Cetirizine Hydrochloride,10 mg,Marker Pharma Ltd.,"Unit Price: ৳ 2.00,(100's pack: ৳ 200.00),",(100's pack: ৳ 200.00)
12468,Sastid,allopathic,sastidmedicated-bar100-mg30-mggm,Medicated Bar,Precipitated Sulpher + Salicylic Acid,(100 mg+30 mg)/gm,Stiefel Laboratories Ltd.,100 gm bar: ৳ 358.92,
15594,Sasolin MR,allopathic,sasolin-mrcapsule-modified-release04-mg,Capsule (Modified Release),Tamsulosin  Hydrochloride,0.4 mg,ACI Limited,"Unit Price: ৳ 10.07,(16's pack: ৳ 161.12),",(16's pack: ৳ 161.12)
31545,Sasolin D,allopathic,sasolin-dcapsule04-mg05-mg,Capsule,Tamsulosin Hydrochloride + Dutasteride,0.4 mg+0.5 mg,ACI Limited,"Unit Price: ৳ 20.00,(30's pack: ৳ 600.00),",(30's pack: ৳ 600.00)
25571,SB-Ator,allopathic,sb-atortablet10-mg,Tablet,Atorvastatin Calcium,10 mg,Sunman-Birdem Pharma Ltd.,"Unit Price: ৳ 12.00,(50's pack: ৳ 600.00),",(50's pack: ৳ 600.00)
17674,SB-Amlod,allopathic,sb-amlodtablet5-mg,Tablet,Amlodipine Besilate,5 mg,Sunman-Birdem Pharma Ltd.,"Unit Price: ৳ 5.00,(50's pack: ৳ 250.00),",(50's pack: ৳ 250.00)
17723,SB-Amloator,allopathic,sb-amloatortablet5-mg10-mg,Tablet,Amlodipine Besilate + Atorvastatin,5 mg+10 mg,Sunman-Birdem Pharma Ltd.,"Unit Price: ৳ 11.00,(30's pack: ৳ 330.00),",(30's pack: ৳ 330.00)
27361,SB-Acelo,allopathic,sb-acelotablet100-mg,Tablet,Aceclofenac,100 mg,Sunman-Birdem Pharma Ltd.,"Unit Price: ৳ 4.00,(50's pack: ৳ 200.00),",(50's pack: ৳ 200.00)
4533,Sartra,allopathic,sartratablet50-mg,Tablet,Sertraline Hydrochloride,50 mg,Pacific Pharmaceuticals Ltd.,"Unit Price: ৳ 6.00,(50's pack: ৳ 300.00),",(50's pack: ৳ 300.00)
11994,Sartec,allopathic,sartecsyrup5-mg5-ml,Syrup,Cetirizine Hydrochloride,5 mg/5 ml,Rangs Pharmaceuticals Ltd.,60 ml bottle: ৳ 20.06,
11993,Sartec,allopathic,sartectablet10-mg,Tablet,Cetirizine Hydrochloride,10 mg,Rangs Pharmaceuticals Ltd.,"Unit Price: ৳ 3.00,(50's pack: ৳ 150.00),",(50's pack: ৳ 150.00)
12273,Sarinex,allopathic,sarinextablet5-mg,Tablet,Desloratadine,5 mg,Delta Pharma Ltd.,"Unit Price: ৳ 2.50,(50's pack: ৳ 125.00),",(50's pack: ৳ 125.00)
22208,Sardopa,allopathic,sardopatablet500-mg,Tablet,Methyldopa,500 mg,Incepta Pharmaceuticals Ltd.,"Unit Price: ৳ 5.90,(28's pack: ৳ 165.20),",(28's pack: ৳ 165.20)
2461,Sardopa,allopathic,sardopatablet250-mg,Tablet,Methyldopa,250 mg,Incepta Pharmaceuticals Ltd.,"Unit Price: ৳ 3.08,(56's pack: ৳ 172.48),",(56's pack: ৳ 172.48)
29161,Sardin,allopathic,sardinoral-suspension30-mg5-ml,Oral Suspension,Fexofenadine Hydrochloride,30 mg/5 ml,Labaid Pharma Ltd.,50 ml bottle: ৳ 48.00,
12938,Sardin,allopathic,sardintablet180-mg,Tablet,Fexofenadine Hydrochloride,180 mg,Labaid Pharma Ltd.,"Unit Price: ৳ 9.03,(30's pack: ৳ 270.94),",(30's pack: ৳ 270.94)
12937,Sardin,allopathic,sardintablet120-mg,Tablet,Fexofenadine Hydrochloride,120 mg,Labaid Pharma Ltd.,"Unit Price: ৳ 7.02,(30's pack: ৳ 210.51),",(30's pack: ৳ 210.51)
11992,Sarcet,allopathic,sarcettablet10-mg,Tablet,Cetirizine Hydrochloride,10 mg,The White Horse Pharma,"Unit Price: ৳ 2.50,(100's pack: ৳ 250.00),",(100's pack: ৳ 250.00)
21861,SB-Losak,allopathic,sb-losaktablet25-mg,Tablet,Losartan Potassium,25 mg,Sunman-Birdem Pharma Ltd.,"Unit Price: ৳ 4.50,(50's pack: ৳ 225.00),",(50's pack: ৳ 225.00)
21727,SB-Lina,allopathic,sb-linatablet5-mg,Tablet,Linagliptin,5 mg,Sunman-Birdem Pharma Ltd.,"Unit Price: ৳ 15.00,(20's pack: ৳ 300.00),",(20's pack: ৳ 300.00)
21289,SB-Ketor,allopathic,sb-ketortablet10-mg,Tablet,Ketorolac Tromethamine,10 mg,Sunman-Birdem Pharma Ltd.,"Unit Price: ৳ 10.00,(30's pack: ৳ 300.00),",(30's pack: ৳ 300.00)
27369,SB-Iban,allopathic,sb-ibantablet150-mg,Tablet,Ibandronic Acid,150 mg,Sunman-Birdem Pharma Ltd.,1 tablet kit: ৳ 510.00,
20730,SB-Glim,allopathic,sb-glimtablet4-mg,Tablet,Glimepiride,4 mg,Sunman-Birdem Pharma Ltd.,"Unit Price: ৳ 15.00,(50's pack: ৳ 750.00),",(50's pack: ৳ 750.00)
20729,SB-Glim,allopathic,sb-glimtablet3-mg,Tablet,Glimepiride,3 mg,Sunman-Birdem Pharma Ltd.,"Unit Price: ৳ 12.00,(50's pack: ৳ 600.00),",(50's pack: ৳ 600.00)
20728,SB-Glim,allopathic,sb-glimtablet2-mg,Tablet,Glimepiride,2 mg,Sunman-Birdem Pharma Ltd.,"Unit Price: ৳ 9.00,(60's pack: ৳ 540.00),",(60's pack: ৳ 540.00)
20727,SB-Glim,allopathic,sb-glimtablet1-mg,Tablet,Glimepiride,1 mg,Sunman-Birdem Pharma Ltd.,"Unit Price: ৳ 6.00,(60's pack: ৳ 360.00),",(60's pack: ৳ 360.00)
20703,SB-Glic XR,allopathic,sb-glic-xrtablet-extended-release60-mg,Tablet (Extended Release),Gliclazide,60 mg,Sunman-Birdem Pharma Ltd.,"Unit Price: ৳ 11.00,(30's pack: ৳ 330.00),",(30's pack: ৳ 330.00)
20702,SB-Glic XR,allopathic,sb-glic-xrtablet-extended-release30-mg,Tablet (Extended Release),Gliclazide,30 mg,Sunman-Birdem Pharma Ltd.,"Unit Price: ৳ 6.00,(30's pack: ৳ 180.00),",(30's pack: ৳ 180.00)
20704,SB-Glic,allopathic,sb-glictablet80-mg,Tablet,Gliclazide,80 mg,Sunman-Birdem Pharma Ltd.,"Unit Price: ৳ 7.00,(50's pack: ৳ 350.00),",(50's pack: ৳ 350.00)
23863,SB-Gabalin,allopathic,sb-gabalincapsule75-mg,Capsule,Pregabalin,75 mg,Sunman-Birdem Pharma Ltd.,"Unit Price: ৳ 16.00,(30's pack: ৳ 480.00),",(30's pack: ৳ 480.00)
23862,SB-Gabalin,allopathic,sb-gabalincapsule50-mg,Capsule,Pregabalin,50 mg,Sunman-Birdem Pharma Ltd.,"Unit Price: ৳ 12.00,(50's pack: ৳ 600.00),",(50's pack: ৳ 600.00)
23861,SB-Gabalin,allopathic,sb-gabalincapsule25-mg,Capsule,Pregabalin,25 mg,Sunman-Birdem Pharma Ltd.,"Unit Price: ৳ 8.00,(50's pack: ৳ 400.00),",(50's pack: ৳ 400.00)
20393,SB-Fexec,allopathic,sb-fexectablet120-mg,Tablet,Fexofenadine Hydrochloride,120 mg,Sunman-Birdem Pharma Ltd.,"Unit Price: ৳ 8.00,(50's pack: ৳ 400.00),",(50's pack: ৳ 400.00)
27368,SB-Eto,allopathic,sb-etotablet120-mg,Tablet,Etoricoxib,120 mg,Sunman-Birdem Pharma Ltd.,"Unit Price: ৳ 13.00,(20's pack: ৳ 260.00),",(20's pack: ৳ 260.00)
21896,SB-Losak Plus,allopathic,sb-losak-plustablet100-mg25-mg,Tablet,Losartan Potassium + Hydrochlorothiazide,100 mg+25 mg,Sunman-Birdem Pharma Ltd.,"Unit Price: ৳ 12.00,(30's pack: ৳ 360.00),",(30's pack: ৳ 360.00)
21895,SB-Losak Plus,allopathic,sb-losak-plustablet50-mg125-mg,Tablet,Losartan Potassium + Hydrochlorothiazide,50 mg+12.5 mg,Sunman-Birdem Pharma Ltd.,"Unit Price: ৳ 8.00,(50's pack: ৳ 400.00),",(50's pack: ৳ 400.00)
21862,SB-Losak,allopathic,sb-losaktablet50-mg,Tablet,Losartan Potassium,50 mg,Sunman-Birdem Pharma Ltd.,"Unit Price: ৳ 8.00,(50's pack: ৳ 400.00),",(50's pack: ৳ 400.00)
27367,SB-Eto,allopathic,sb-etotablet60-mg,Tablet,Etoricoxib,60 mg,Sunman-Birdem Pharma Ltd.,"Unit Price: ৳ 6.50,(30's pack: ৳ 195.00),",(30's pack: ৳ 195.00)
27366,SB-Emec,allopathic,sb-emeccapsule-delayed-release40-mg,Capsule (Delayed Release),Esomeprazole,40 mg,Sunman-Birdem Pharma Ltd.,"Unit Price: ৳ 9.00,(30's pack: ৳ 270.00),",(30's pack: ৳ 270.00)
26144,SB-Emec,allopathic,sb-emeccapsule-delayed-release20-mg,Capsule (Delayed Release),Esomeprazole,20 mg,Sunman-Birdem Pharma Ltd.,"Unit Price: ৳ 7.00,(50's pack: ৳ 350.00),",(50's pack: ৳ 350.00)
27365,SB-Dom,allopathic,sb-domtablet10-mg,Tablet,Domperidone Maleate,10 mg,Sunman-Birdem Pharma Ltd.,"Unit Price: ৳ 2.50,(100's pack: ৳ 250.00),",(100's pack: ৳ 250.00)
27364,SB-Corac D,allopathic,sb-corac-dtablet500-mg200-iu,Tablet,Calcium Carbonate [Coral source] + Vitamin D3,500 mg+200 IU,Sunman-Birdem Pharma Ltd.,"Unit Price: ৳ 10.00,(60's pack: ৳ 600.00),",(60's pack: ৳ 600.00)
19544,SB-Clopido,allopathic,sb-clopidotablet75-mg,Tablet,Clopidogrel Bisulphate,75 mg,Sunman-Birdem Pharma Ltd.,"Unit Price: ৳ 12.00,(30's pack: ৳ 360.00),",(30's pack: ৳ 360.00)
27362,SB-Cetiz,allopathic,sb-cetiztablet10-mg,Tablet,Cetirizine Hydrochloride,10 mg,Sunman-Birdem Pharma Ltd.,"Unit Price: ৳ 3.00,(50's pack: ৳ 150.00),",(50's pack: ৳ 150.00)
27363,SB-Cal D,allopathic,sb-cal-dtablet500-mg200-iu,Tablet,Calcium Carbonate [Elemental source] + Vitamin D3,500 mg+200 IU,Sunman-Birdem Pharma Ltd.,"Unit Price: ৳ 5.00,(60's pack: ৳ 300.00),",(60's pack: ৳ 300.00)
25740,SB-Bisop,allopathic,sb-bisoptablet5-mg,Tablet,Bisoprolol Hemifumarate,5 mg,Sunman-Birdem Pharma Ltd.,"Unit Price: ৳ 10.00,(30's pack: ৳ 300.00),",(30's pack: ৳ 300.00)
25670,SB-Azit,allopathic,sb-azittablet500-mg,Tablet,Azithromycin Dihydrate,500 mg,Sunman-Birdem Pharma Ltd.,"Unit Price: ৳ 35.00,(12's pack: ৳ 420.00),",(12's pack: ৳ 420.00)
25572,SB-Ator,allopathic,sb-atortablet20-mg,Tablet,Atorvastatin Calcium,20 mg,Sunman-Birdem Pharma Ltd.,"Unit Price: ৳ 20.00,(30's pack: ৳ 600.00),",(30's pack: ৳ 600.00)
27376,SB-Serta,allopathic,sb-sertatablet50-mg,Tablet,Sertraline Hydrochloride,50 mg,Sunman-Birdem Pharma Ltd.,"Unit Price: ৳ 6.00,(50's pack: ৳ 300.00),",(50's pack: ৳ 300.00)
24364,SB-Rostin,allopathic,sb-rostintablet10-mg,Tablet,Rosuvastatin,10 mg,Sunman-Birdem Pharma Ltd.,"Unit Price: ৳ 20.00,(30's pack: ৳ 600.00),",(30's pack: ৳ 600.00)
24363,SB-Rostin,allopathic,sb-rostintablet20-mg,Tablet,Rosuvastatin,20 mg,Sunman-Birdem Pharma Ltd.,"Unit Price: ৳ 30.00,(30's pack: ৳ 900.00),",(30's pack: ৳ 900.00)
24048,SB-Rabec,allopathic,sb-rabectablet-enteric-coated20-mg,Tablet (Enteric Coated),Rabeprazole Sodium,20 mg,Sunman-Birdem Pharma Ltd.,"Unit Price: ৳ 7.00,(50's pack: ৳ 350.00),",(50's pack: ৳ 350.00)
27375,SB-Quik,allopathic,sb-quiktablet500-mg,Tablet,Ciprofloxacin,500 mg,Sunman-Birdem Pharma Ltd.,"Unit Price: ৳ 15.00,(30's pack: ৳ 450.00),",(30's pack: ৳ 450.00)
27374,SB-Opa Plus,allopathic,sb-opa-plustablet500-mg65-mg,Tablet,Paracetamol + Caffeine,500 mg+65 mg,Sunman-Birdem Pharma Ltd.,"Unit Price: ৳ 2.50,(100's pack: ৳ 250.00),",(100's pack: ৳ 250.00)
27373,SB-Opa,allopathic,sb-opatablet500-mg,Tablet,Paracetamol,500 mg,Sunman-Birdem Pharma Ltd.,"Unit Price: ৳ 0.80,(100's pack: ৳ 80.00),",(100's pack: ৳ 80.00)
23105,SB-Omec,allopathic,sb-omeccapsule-delayed-release40-mg,Capsule (Delayed Release),Omeprazole,40 mg,Sunman-Birdem Pharma Ltd.,"Unit Price: ৳ 8.00,(50's pack: ৳ 400.00),",(50's pack: ৳ 400.00)
23104,SB-Omec,allopathic,sb-omeccapsule-delayed-release20-mg,Capsule (Delayed Release),Omeprazole,20 mg,Sunman-Birdem Pharma Ltd.,"Unit Price: ৳ 5.00,(100's pack: ৳ 500.00),",(100's pack: ৳ 500.00)
25335,SB-Neurec,allopathic,sb-neurectablet100-mg200-mg200-mcg,Tablet,"Vitamin B1, B6 & B12",100 mg+200 mg+200 mcg,Sunman-Birdem Pharma Ltd.,"Unit Price: ৳ 8.00,(50's pack: ৳ 400.00),",(50's pack: ৳ 400.00)
22646,SB-Monec,allopathic,sb-monectablet10-mg,Tablet,Montelukast Sodium,10 mg,Sunman-Birdem Pharma Ltd.,"Unit Price: ৳ 15.00,(30's pack: ৳ 450.00),",(30's pack: ৳ 450.00)
27372,SB-Mezol,allopathic,sb-mezoltablet400-mg,Tablet,Metronidazole,400 mg,Sunman-Birdem Pharma Ltd.,"Unit Price: ৳ 1.50,(100's pack: ৳ 150.00),",(100's pack: ৳ 150.00)
25261,SB-Metvilda,allopathic,sb-metvildatablet50-mg850-mg,Tablet,Vildagliptin + Metformin Hydrochloride,50 mg+850 mg,Sunman-Birdem Pharma Ltd.,"Unit Price: ৳ 17.00,(20's pack: ৳ 340.00),",(20's pack: ৳ 340.00)
25260,SB-Metvilda,allopathic,sb-metvildatablet50-mg500-mg,Tablet,Vildagliptin + Metformin Hydrochloride,50 mg+500 mg,Sunman-Birdem Pharma Ltd.,"Unit Price: ৳ 17.00,(20's pack: ৳ 340.00),",(20's pack: ৳ 340.00)
24546,SB-Metsita,allopathic,sb-metsitatablet50-mg500-mg,Tablet,Sitagliptin + Metformin Hydrochloride,50 mg+500 mg,Sunman-Birdem Pharma Ltd.,"Unit Price: ৳ 20.00,(20's pack: ৳ 400.00),",(20's pack: ৳ 400.00)
24545,SB-Metsita,allopathic,sb-metsitatablet50-mg1000-mg,Tablet,Sitagliptin + Metformin Hydrochloride,50 mg+1000 mg,Sunman-Birdem Pharma Ltd.,"Unit Price: ৳ 22.00,(20's pack: ৳ 440.00),",(20's pack: ৳ 440.00)
24783,SB-Tad,allopathic,sb-tadtablet10-mg,Tablet,Tadalafil,10 mg,Sunman-Birdem Pharma Ltd.,"Unit Price: ৳ 25.00,(4's pack: ৳ 100.00),",(4's pack: ৳ 100.00)
24782,SB-Tad,allopathic,sb-tadtablet5-mg,Tablet,Tadalafil,5 mg,Sunman-Birdem Pharma Ltd.,"Unit Price: ৳ 18.00,(4's pack: ৳ 72.00),",(4's pack: ৳ 72.00)
27377,SB-Sovir,allopathic,sb-sovirtablet400-mg,Tablet,Sofosbuvir,400 mg,Sunman-Birdem Pharma Ltd.,"Unit Price: ৳ 600.00,(4's pack: ৳ 2,400.00),","(4's pack: ৳ 2,400.00)"
24525,SB-Sita,allopathic,sb-sitatablet100-mg,Tablet,Sitagliptin,100 mg,Sunman-Birdem Pharma Ltd.,"Unit Price: ৳ 28.00,(20's pack: ৳ 560.00),",(20's pack: ৳ 560.00)
24524,SB-Sita,allopathic,sb-sitatablet50-mg,Tablet,Sitagliptin,50 mg,Sunman-Birdem Pharma Ltd.,"Unit Price: ৳ 15.00,(20's pack: ৳ 300.00),",(20's pack: ৳ 300.00)
24466,SB-Sild,allopathic,sb-sildtablet100-mg,Tablet,Sildenafil Citrate,100 mg,Sunman-Birdem Pharma Ltd.,"Unit Price: ৳ 50.00,(4's pack: ৳ 200.00),",(4's pack: ৳ 200.00)
24465,SB-Sild,allopathic,sb-sildtablet50-mg,Tablet,Sildenafil Citrate,50 mg,Sunman-Birdem Pharma Ltd.,"Unit Price: ৳ 30.00,(4's pack: ৳ 120.00),",(4's pack: ৳ 120.00)
17216,SB-Metlina,allopathic,sb-metlinatablet25-mg850-mg,Tablet,Linagliptin + Metformin Hydrochloride,2.5 mg+850 mg,Sunman-Birdem Pharma Ltd.,"Unit Price: ৳ 14.00,(30's pack: ৳ 420.00),",(30's pack: ৳ 420.00)
17215,SB-Metlina,allopathic,sb-metlinatablet25-mg500-mg,Tablet,Linagliptin + Metformin Hydrochloride,2.5 mg+500 mg,Sunman-Birdem Pharma Ltd.,"Unit Price: ৳ 12.00,(30's pack: ৳ 360.00),",(30's pack: ৳ 360.00)
22160,SB-Met XR,allopathic,sb-met-xrtablet-extended-release1000-mg,Tablet (Extended Release),Metformin Hydrochloride,1000 mg,Sunman-Birdem Pharma Ltd.,"Unit Price: ৳ 8.00,(30's pack: ৳ 240.00),",(30's pack: ৳ 240.00)
22159,SB-Met XR,allopathic,sb-met-xrtablet-extended-release500-mg,Tablet (Extended Release),Metformin Hydrochloride,500 mg,Sunman-Birdem Pharma Ltd.,"Unit Price: ৳ 6.00,(50's pack: ৳ 300.00),",(50's pack: ৳ 300.00)
27371,SB-Met,allopathic,sb-mettablet1000-mg,Tablet,Metformin Hydrochloride,1000 mg,Sunman-Birdem Pharma Ltd.,"Unit Price: ৳ 6.00,(30's pack: ৳ 180.00),",(30's pack: ৳ 180.00)
22158,SB-Met,allopathic,sb-mettablet850-mg,Tablet,Metformin Hydrochloride,850 mg,Sunman-Birdem Pharma Ltd.,"Unit Price: ৳ 6.00,(50's pack: ৳ 300.00),",(50's pack: ৳ 300.00)
22157,SB-Met,allopathic,sb-mettablet500-mg,Tablet,Metformin Hydrochloride,500 mg,Sunman-Birdem Pharma Ltd.,"Unit Price: ৳ 4.00,(100's pack: ৳ 400.00),",(100's pack: ৳ 400.00)
13570,Seas Vita,allopathic,seas-vitasyrup,Syrup,Multivitamin & Cod Liver Oil,,Organic Health Care Ltd.,"100 ml bottle: ৳ 80.24,200 ml bottle: ৳ 145.43",
13569,Seas Plus,allopathic,seas-plussyrup,Syrup,Multivitamin & Cod Liver Oil,,Globe Pharmaceuticals Ltd.,100 ml bottle: ৳ 80.00,
28118,Seacoral DX,allopathic,seacoral-dxtablet600-mg400-iu,Tablet,Calcium Carbonate [Coral source] + Vitamin D3,600 mg+400 IU,Jenphar Bangladesh Ltd.,"Unit Price: ৳ 12.00,(30's pack: ৳ 360.00),",(30's pack: ৳ 360.00)
28117,Seacoral D,allopathic,seacoral-dtablet500-mg200-iu,Tablet,Calcium Carbonate [Coral source] + Vitamin D3,500 mg+200 IU,Jenphar Bangladesh Ltd.,"Unit Price: ৳ 8.00,(60's pack: ৳ 480.00),",(60's pack: ৳ 480.00)
18443,Seacal-DX,allopathic,seacal-dxtablet600-mg400-iu,Tablet,Calcium Carbonate [Coral source] + Vitamin D3,600 mg+400 IU,Drug International Ltd.,"Unit Price: ৳ 14.00,(28's pack: ৳ 392.00),",(28's pack: ৳ 392.00)
26623,Seacal-D,allopathic,seacal-dtablet500-mg200-iu,Tablet,Calcium Carbonate [Coral source] + Vitamin D3,500 mg+200 IU,Drug International Ltd.,"Unit Price: ৳ 10.00,(28's pack: ৳ 280.00),",(28's pack: ৳ 280.00)
29061,Scrublon,allopathic,scrublonsolution033,Solution,Chlorhexidine Gluconate + Cetrimide,0.3%+3%,Team Pharmaceuticals Ltd.,"500 ml bottle: ৳ 120.00,1000 ml pack: ৳ 220.00",
17692,SCD,allopathic,scdtablet5-mg50-mg,Tablet,Amlodipine Besilate + Atenolol,5 mg+50 mg,Orbit Pharmaceuticals Ltd.,Unit Price: ৳ 4.50,
30482,Scarlet,allopathic,scarletcapsule430-mg,Capsule,Red Clover [Trifolium Pratense],430 mg,Purnava Limited,"Unit Price: ৳ 27.00,(30's pack: ৳ 810.00),",(30's pack: ৳ 810.00)
12510,Scarin,allopathic,scarincream5-ww,Cream,Permethrin,5% w/w,Ibn Sina Pharmaceuticals Ltd.,"15 gm tube: ৳ 30.00,30 gm tube: ৳ 45.00",
12509,Scaper,allopathic,scapercream5-ww,Cream,Permethrin,5% w/w,Biopharma Laboratories Ltd.,"15 gm tube: ৳ 29.00,30 gm tube: ৳ 50.00",
30645,Scanil,allopathic,scanillotion125-gm5-ml,Lotion,Benzyl Benzoate,1.25 gm/5 ml,Renata Limited,100 ml bottle: ৳ 32.00,
12508,Scameth,allopathic,scamethcream5-ww,Cream,Permethrin,5% w/w,Millat Pharmaceuticals Ltd.,30 gm tube: ৳ 40.00,
28717,Scabo,allopathic,scabotablet12-mg,Tablet,Ivermectin (Tablet),12 mg,Delta Pharma Ltd.,"Unit Price: ৳ 10.00,(30's pack: ৳ 300.00),",(30's pack: ৳ 300.00)
10362,Scabo,allopathic,scabotablet6-mg,Tablet,Ivermectin (Tablet),6 mg,Delta Pharma Ltd.,"Unit Price: ৳ 5.00,(20's pack: ৳ 100.00),",(20's pack: ৳ 100.00)
12477,Scabisol,allopathic,scabisollotion125-gm5-ml,Lotion,Benzyl Benzoate,1.25 gm/5 ml,Jayson Pharmaceuticals Ltd.,100 ml bottle: ৳ 35.11,
1961,Seclo,allopathic,secloiv-injection40-mgvial,IV Injection,Omeprazole,40 mg/vial,Square Pharmaceuticals Ltd.,40 mg vial: ৳ 80.24,
1959,Seclo,allopathic,seclocapsule-delayed-release40-mg,Capsule (Delayed Release),Omeprazole,40 mg,Square Pharmaceuticals Ltd.,"Unit Price: ৳ 9.00,(30's pack: ৳ 270.00),",(30's pack: ৳ 270.00)
1958,Seclo,allopathic,seclocapsule-delayed-release20-mg,Capsule (Delayed Release),Omeprazole,20 mg,Square Pharmaceuticals Ltd.,"Unit Price: ৳ 6.00,(120's pack: ৳ 720.00),",(120's pack: ৳ 720.00)
9755,Sebivo,allopathic,sebivotablet600-mg,Tablet,Telbivudine,600 mg,Novartis (Bangladesh) Ltd.,"Unit Price: ৳ 313.68,(28's pack: ৳ 8,783.13),","(28's pack: ৳ 8,783.13)"
28187,Seberb,allopathic,seberbtablet250-mg,Tablet,Gefitinib,250 mg,Genvio Pharma Ltd.,"Unit Price: ৳ 250.00,(30's pack: ৳ 7,500.00),","(30's pack: ৳ 7,500.00)"
12180,Seasonix,allopathic,seasonixoral-solution25-mg5-ml,Oral Solution,Levocetirizine Dihydrochloride,2.5 mg/5 ml,Incepta Pharmaceuticals Ltd.,60 ml bottle: ৳ 55.00,
12179,Seasonix,allopathic,seasonixtablet5-mg,Tablet,Levocetirizine Dihydrochloride,5 mg,Incepta Pharmaceuticals Ltd.,"Unit Price: ৳ 4.00,(100's pack: ৳ 400.00),",(100's pack: ৳ 400.00)
12507,Scabid,allopathic,scabidcream5-ww,Cream,Permethrin,5% w/w,Chemist Laboratories  Ltd.,"15 gm tube: ৳ 28.32,30 gm tube: ৳ 40.46",
12476,Scabicon,allopathic,scabiconlotion125-gm5-ml,Lotion,Benzyl Benzoate,1.25 gm/5 ml,Medicon Pharmaceuticals Ltd.,100 ml bottle: ৳ 36.36,
12985,Scabicid,allopathic,scabicidlotion125-gm5-ml,Lotion,Benzyl Benzoate,1.25 gm/5 ml,Aexim Pharmaceuticals Ltd.,60 ml bottle: ৳ 12.13,
12506,Scabfre,allopathic,scabfrecream5-ww,Cream,Permethrin,5% w/w,Pacific Pharmaceuticals Ltd.,30 gm tube: ৳ 50.00,
30644,Scabex,allopathic,scabexlotion125-gm5-ml,Lotion,Benzyl Benzoate,1.25 gm/5 ml,Supreme Pharmaceutical Ltd.,100 ml bottle: ৳ 18.00,
12505,Scabex,allopathic,scabexcream5-ww,Cream,Permethrin,5% w/w,Square Pharmaceuticals Ltd.,30 gm tube: ৳ 50.15,
25243,SB-Vilda,allopathic,sb-vildatablet50-mg,Tablet,Vildagliptin,50 mg,Sunman-Birdem Pharma Ltd.,"Unit Price: ৳ 15.00,(20's pack: ৳ 300.00),",(20's pack: ৳ 300.00)
12274,Sedno,allopathic,sednotablet5-mg,Tablet,Desloratadine,5 mg,Square Pharmaceuticals Ltd.,"Unit Price: ৳ 2.52,(100's pack: ৳ 252.00),",(100's pack: ৳ 252.00)
11848,Sedilux-M,allopathic,sedilux-msyrup2-mg5-ml,Syrup,Chlorpheniramine Maleate,2 mg/5 ml,Modern Pharmaceuticals Ltd.,100 ml bottle: ৳ 21.70,
11847,Sedilux-M,allopathic,sedilux-mtablet4-mg,Tablet,Chlorpheniramine Maleate,4 mg,Modern Pharmaceuticals Ltd.,"Unit Price: ৳ 0.20,(500's pack: ৳ 100.00),",(500's pack: ৳ 100.00)
4234,Sedil,allopathic,sedilimiv-injection10-mg2-ml,IM/IV Injection,Diazepam,10 mg/2 ml,Square Pharmaceuticals Ltd.,"2 ml ampoule: ৳ 3.05,(10's pack: ৳ 30.50),",(10's pack: ৳ 30.50)
4233,Sedil,allopathic,sediltablet5-mg,Tablet,Diazepam,5 mg,Square Pharmaceuticals Ltd.,"Unit Price: ৳ 0.69,(500's pack: ৳ 345.00),",(500's pack: ৳ 345.00)
4232,Sedatab,allopathic,sedatabtablet5-mg,Tablet,Diazepam,5 mg,Supreme Pharmaceutical Ltd.,"Unit Price: ৳ 0.68,(100's pack: ৳ 68.00),",(100's pack: ৳ 68.00)
27831,Sedaquil,allopathic,sedaquiltablet75-mg,Tablet,Midazolam,7.5 mg,Rangs Pharmaceuticals Ltd.,"Unit Price: ৳ 8.03,(30's pack: ৳ 240.90),",(30's pack: ৳ 240.90)
4231,Sedapen,allopathic,sedapentablet5-mg,Tablet,Diazepam,5 mg,Amico Laboratories Ltd.,"Unit Price: ৳ 0.69,(100's pack: ৳ 69.00),",(100's pack: ৳ 69.00)
1963,Sectil,allopathic,sectilcapsule-delayed-release40-mg,Capsule (Delayed Release),Omeprazole,40 mg,Cosmic Pharma Ltd.,"Unit Price: ৳ 7.00,(40's pack: ৳ 280.00),",(40's pack: ৳ 280.00)
1962,Sectil,allopathic,sectilcapsule-delayed-release20-mg,Capsule (Delayed Release),Omeprazole,20 mg,Cosmic Pharma Ltd.,"Unit Price: ৳ 5.00,(100's pack: ৳ 500.00),",(100's pack: ৳ 500.00)
29027,Secrin M,allopathic,secrin-mtablet-extended-release2-mg500-mg,Tablet (Extended Release),Glimepiride + Metformin,2 mg+500 mg,Square Pharmaceuticals Ltd.,"Unit Price: ৳ 12.00,(28's pack: ৳ 336.00),",(28's pack: ৳ 336.00)
27528,Secrin M,allopathic,secrin-mtablet-extended-release1-mg500-mg,Tablet (Extended Release),Glimepiride + Metformin,1 mg+500 mg,Square Pharmaceuticals Ltd.,"Unit Price: ৳ 9.00,(28's pack: ৳ 252.00),",(28's pack: ৳ 252.00)
5334,Secrin,allopathic,secrintablet4-mg,Tablet,Glimepiride,4 mg,Square Pharmaceuticals Ltd.,"Unit Price: ৳ 15.00,(30's pack: ৳ 450.00),",(30's pack: ৳ 450.00)
5333,Secrin,allopathic,secrintablet3-mg,Tablet,Glimepiride,3 mg,Square Pharmaceuticals Ltd.,"Unit Price: ৳ 12.00,(30's pack: ৳ 360.00),",(30's pack: ৳ 360.00)
5332,Secrin,allopathic,secrintablet2-mg,Tablet,Glimepiride,2 mg,Square Pharmaceuticals Ltd.,"Unit Price: ৳ 9.00,(60's pack: ৳ 540.00),",(60's pack: ৳ 540.00)
5331,Secrin,allopathic,secrintablet1-mg,Tablet,Glimepiride,1 mg,Square Pharmaceuticals Ltd.,"Unit Price: ৳ 6.00,(60's pack: ৳ 360.00),",(60's pack: ৳ 360.00)
14941,Sedron,allopathic,sedrontablet35-mg,Tablet,Risedronate Sodium,35  mg,General Pharmaceuticals Ltd.,"Unit Price: ৳ 35.25,(10's pack: ৳ 352.50),",(10's pack: ৳ 352.50)
14940,Sedron,allopathic,sedrontablet5-mg,Tablet,Risedronate Sodium,5 mg,General Pharmaceuticals Ltd.,"Unit Price: ৳ 8.05,(20's pack: ৳ 161.00),",(20's pack: ৳ 161.00)
18869,Sedox,allopathic,sedoxpowder-for-suspension40-mg5-ml,Powder for Suspension,Cefpodoxime Proxetil,40 mg/5 ml,Orbit Pharmaceuticals Ltd.,50 ml bottle: ৳ 98.00,
12719,Secotal,allopathic,secotalcream101,Cream,Econazole Nitrate + Triamcinolone Acetonide,1%+0.1%,Marker Pharma Ltd.,10 gm tube: ৳ 34.00,
7328,Secomax,allopathic,secomaxpowder-for-suspension125-mg5-ml,Powder for Suspension,Cefuroxime Axetil,125 mg/5 ml,General Pharmaceuticals Ltd.,70 ml bottle: ৳ 201.35,
7327,Secomax,allopathic,secomaxtablet500-mg,Tablet,Cefuroxime Axetil,500 mg,General Pharmaceuticals Ltd.,"Unit Price: ৳ 45.31,(8's pack: ৳ 362.47),",(8's pack: ৳ 362.47)
7326,Secomax,allopathic,secomaxtablet250-mg,Tablet,Cefuroxime Axetil,250 mg,General Pharmaceuticals Ltd.,"Unit Price: ৳ 25.16,(12's pack: ৳ 301.92),",(12's pack: ৳ 301.92)
7429,Secoclav,allopathic,secoclavtablet500-mg125-mg,Tablet,Cefuroxime Axetil + Clavulanic Acid,500 mg+125 mg,General Pharmaceuticals Ltd.,"Unit Price: ৳ 50.00,(8's pack: ৳ 400.00),",(8's pack: ৳ 400.00)
7428,Secoclav,allopathic,secoclavtablet250-mg625-mg,Tablet,Cefuroxime Axetil + Clavulanic Acid,250 mg+62.5 mg,General Pharmaceuticals Ltd.,"Unit Price: ৳ 30.00,(12's pack: ৳ 360.00),",(12's pack: ৳ 360.00)
10248,Secnizol DS,allopathic,secnizol-dstablet1000-mg,Tablet,Secnidazole,1000 mg,Incepta Pharmaceuticals Ltd.,"Unit Price: ৳ 16.00,(6's pack: ৳ 96.00),",(6's pack: ৳ 96.00)
10247,Secnidal DS,allopathic,secnidal-dstablet1000-mg,Tablet,Secnidazole,1000 mg,Synovia pharma plc,"Unit Price: ৳ 25.46,(10's pack: ৳ 254.60),",(10's pack: ৳ 254.60)
10245,Secnid DS,allopathic,secnid-dstablet1000-mg,Tablet,Secnidazole,1000 mg,Square Pharmaceuticals Ltd.,"Unit Price: ৳ 20.06,(10's pack: ৳ 200.60),",(10's pack: ৳ 200.60)
28393,Seclogen,allopathic,seclogencapsule-delayed-release20-mg,Capsule (Delayed Release),Omeprazole,20 mg,Biogen Pharmaceuticals Ltd.,"Unit Price: ৳ 5.00,(100's pack: ৳ 500.00),",(100's pack: ৳ 500.00)
23101,Seclo MUPS,allopathic,seclo-mupsmups-tablet20-mg,MUPS Tablet,Omeprazole (MUPS tablet),20 mg,Square Pharmaceuticals Ltd.,"Unit Price: ৳ 7.00,(30's pack: ৳ 210.00),",(30's pack: ৳ 210.00)
10343,Seemox,allopathic,seemoxoral-suspension100-mg5-ml,Oral Suspension,Mebendazole,100 mg/5 ml,Seema Pharmaceuticals Ltd.,30 ml bottle: ৳ 16.00,
10342,Seemox,allopathic,seemoxchewable-tablet100-mg,Chewable Tablet,Mebendazole,100 mg,Seema Pharmaceuticals Ltd.,"Unit Price: ৳ 0.74,(150's pack: ৳ 111.00),",(150's pack: ৳ 111.00)
6636,Seemaxyl DS,allopathic,seemaxyl-dscapsule500-mg,Capsule,Amoxicillin Trihydrate,500 mg,Seema Pharmaceuticals Ltd.,"Unit Price: ৳ 6.76,(50's pack: ৳ 338.00),",(50's pack: ৳ 338.00)
6637,Seemaxyl,allopathic,seemaxylpowder-for-suspension125-mg5-ml,Powder for Suspension,Amoxicillin Trihydrate,125 mg/5 ml,Seema Pharmaceuticals Ltd.,100 ml bottle: ৳ 45.00,
6635,Seemaxyl,allopathic,seemaxylcapsule250-mg,Capsule,Amoxicillin Trihydrate,250 mg,Seema Pharmaceuticals Ltd.,"Unit Price: ৳ 3.60,(100's pack: ৳ 360.00),",(100's pack: ৳ 360.00)
14223,Seemavit M,allopathic,seemavit-mtablet,Tablet,Multivitamin & Multimineral,,Seema Pharmaceuticals Ltd.,"Unit Price: ৳ 1.50,(30's pack: ৳ 45.00),",(30's pack: ৳ 45.00)
17050,Seematrin DS,allopathic,seematrin-dstablet800-mg160-mg,Tablet,Sulphamethoxazole + Trimethoprim,800 mg+160 mg,Seema Pharmaceuticals Ltd.,,
9047,Seematrin,allopathic,seematrinoral-suspension200-mg40-mg5-ml,Oral Suspension,Sulphamethoxazole + Trimethoprim,(200 mg+40 mg)/5 ml,Seema Pharmaceuticals Ltd.,60 ml bottle: ৳ 24.00,
10273,Seemaquine,allopathic,seemaquinetablet250-mg,Tablet,Chloroquine Phosphate,250 mg,Seema Pharmaceuticals Ltd.,"Unit Price: ৳ 1.20,(100's pack: ৳ 120.00),",(100's pack: ৳ 120.00)
10376,Seemapyrin,allopathic,seemapyrintablet-enteric-coated75-mg,Tablet (Enteric Coated),Aspirin,75 mg,Seema Pharmaceuticals Ltd.,"Unit Price: ৳ 0.37,(100's pack: ৳ 37.00),",(100's pack: ৳ 37.00)
13831,Seemaplex,allopathic,seemaplexsyrup,Syrup,Vitamin B complex,,Seema Pharmaceuticals Ltd.,"100 ml bottle: ৳ 23.00,200 ml bottle: ৳ 43.00",
13381,Seemaplex,allopathic,seemaplexsyrup,Syrup,Iron Polymaltose Complex + Vitamin B Complex + Zinc,,Seema Pharmaceuticals Ltd.,100 ml bottle: ৳ 50.00,
21938,Seemaldrat,allopathic,seemaldratoral-suspension400-mg5-ml,Oral Suspension,Magaldrate,400 mg/5 ml,Seema Pharmaceuticals Ltd.,,
22437,Seemagyl,allopathic,seemagyltablet400-mg,Tablet,Metronidazole,400 mg,Seema Pharmaceuticals Ltd.,,
10190,Seemagyl,allopathic,seemagyloral-suspension200-mg5-ml,Oral Suspension,Metronidazole,200 mg/5 ml,Seema Pharmaceuticals Ltd.,60 ml bottle: ৳ 24.00,
6417,Seemacillin,allopathic,seemacillinpediatric-drops125-mg125-ml,Pediatric Drops,Ampicillin Sodium,125 mg/1.25 ml,Seema Pharmaceuticals Ltd.,15 ml drop: ৳ 17.65,
6994,Sefacin,allopathic,sefacinpowder-for-suspension125-mg5-ml,Powder for Suspension,Cephradine,125 mg/5 ml,Kumudini Pharma Ltd.,100 ml bottle: ৳ 85.00,
6993,Sefacin,allopathic,sefacincapsule500-mg,Capsule,Cephradine,500 mg,Kumudini Pharma Ltd.,"Unit Price: ৳ 12.50,(20's pack: ৳ 250.00),",(20's pack: ৳ 250.00)
6992,Sefacin,allopathic,sefacincapsule250-mg,Capsule,Cephradine,250 mg,Kumudini Pharma Ltd.,"Unit Price: ৳ 7.75,(20's pack: ৳ 155.00),",(20's pack: ৳ 155.00)
4239,Seequil-S,allopathic,seequil-stablet5-mg,Tablet,Diazepam,5 mg,Seema Pharmaceuticals Ltd.,"Unit Price: ৳ 0.21,(100's pack: ৳ 21.00),",(100's pack: ৳ 21.00)
6416,Seemacillin,allopathic,seemacillinoral-suspension125-mg5-ml,Oral Suspension,Ampicillin Sodium,125 mg/5 ml,Seema Pharmaceuticals Ltd.,100 ml bottle: ৳ 45.00,
6738,Seemacheph,allopathic,seemachephpowder-for-suspension125-mg5-ml,Powder for Suspension,Cephalexin,125 mg/5 ml,Seema Pharmaceuticals Ltd.,100 ml bottle: ৳ 77.00,
6737,Seemacheph,allopathic,seemachephcapsule500-mg,Capsule,Cephalexin,500 mg,Seema Pharmaceuticals Ltd.,"Unit Price: ৳ 12.40,(50's pack: ৳ 620.00),",(50's pack: ৳ 620.00)
25382,Seema-C,allopathic,seema-cchewable-tablet250-mg,Chewable Tablet,Vitamin C [Ascorbic acid],250 mg,Seema Pharmaceuticals Ltd.,,
14471,Seecal Plus,allopathic,seecal-plustablet500-mg200-iu,Tablet,Calcium Carbonate [Elemental source] + Vitamin D3,500 mg+200 IU,Seema Pharmaceuticals Ltd.,"Unit Price: ৳ 4.00,(30's pack: ৳ 120.00),",(30's pack: ৳ 120.00)
4073,Seebrox,allopathic,seebroxsyrup15-mg5-ml,Syrup,Ambroxol Hydrochloride,15 mg/5 ml,Seema Pharmaceuticals Ltd.,100 ml bottle: ৳ 40.00,
26680,Seebri Breezhaler,allopathic,seebri-breezhalerinhalation-capsule50-mcg,Inhalation Capsule,Glycopyrronium Bromide (Inhalation capsule),50 mcg,Novartis (Bangladesh) Ltd.,"Unit Price: ৳ 99.88,(30's pack: ৳ 2,996.31),","(30's pack: ৳ 2,996.31)"
14335,See-Cal,allopathic,see-caltablet500-mg,Tablet,Calcium Carbonate,500 mg,Seema Pharmaceuticals Ltd.,"Unit Price: ৳ 3.25,(100's pack: ৳ 325.00),",(100's pack: ৳ 325.00)
28058,Seduxen,allopathic,seduxenimiv-injection10-mg2-ml,IM/IV Injection,Diazepam,10 mg/2 ml,Ambee Pharmaceuticals Ltd.,"2 ml ampoule: ৳ 3.60,(10's pack: ৳ 36.00),",(10's pack: ৳ 36.00)
28052,Seduxen,allopathic,seduxentablet5-mg,Tablet,Diazepam,5 mg,Ambee Pharmaceuticals Ltd.,"Unit Price: ৳ 0.65,(200's pack: ৳ 130.79),",(200's pack: ৳ 130.79)
7014,Sefrad,allopathic,sefradimiv-injection500-mgvial,IM/IV Injection,Cephradine,500 mg/vial,Synovia pharma plc,"500 mg vial: ৳ 60.18,(4's pack: ৳ 240.72),",(4's pack: ৳ 240.72)
7013,Sefrad,allopathic,sefradpowder-for-suspension100-mgml,Powder for Suspension,Cephradine,100 mg/ml,Synovia pharma plc,15 ml bottle: ৳ 65.20,
7011,Sefrad,allopathic,sefradpowder-for-suspension125-mg5-ml,Powder for Suspension,Cephradine,125 mg/5 ml,Synovia pharma plc,100 ml bottle: ৳ 95.29,
7010,Sefrad,allopathic,sefradcapsule500-mg,Capsule,Cephradine,500 mg,Synovia pharma plc,"Unit Price: ৳ 16.05,(20's pack: ৳ 321.00),",(20's pack: ৳ 321.00)
7009,Sefrad,allopathic,sefradcapsule250-mg,Capsule,Cephradine,250 mg,Synovia pharma plc,"Unit Price: ৳ 10.03,(20's pack: ৳ 200.60),",(20's pack: ৳ 200.60)
7803,Sefox,allopathic,sefoxpowder-for-suspension40-mg5-ml,Powder for Suspension,Cefpodoxime Proxetil,40 mg/5 ml,Navana Pharmaceuticals Ltd.,50 ml bottle: ৳ 98.00,
7802,Sefox,allopathic,sefoxcapsule100-mg,Capsule,Cefpodoxime Proxetil,100 mg,Navana Pharmaceuticals Ltd.,"Unit Price: ৳ 22.08,(12's pack: ৳ 265.00),",(12's pack: ৳ 265.00)
7008,Sefnin,allopathic,sefninpowder-for-suspension125-mg5-ml,Powder for Suspension,Cephradine,125 mg/5 ml,Monicopharma Ltd.,100 ml bottle: ৳ 80.00,
7007,Sefnin,allopathic,sefnincapsule500-mg,Capsule,Cephradine,500 mg,Monicopharma Ltd.,"Unit Price: ৳ 12.50,(24's pack: ৳ 300.00),",(24's pack: ৳ 300.00)
7006,Sefnin,allopathic,sefnincapsule250-mg,Capsule,Cephradine,250 mg,Monicopharma Ltd.,"Unit Price: ৳ 6.50,(50's pack: ৳ 325.00),",(50's pack: ৳ 325.00)
7001,Sefin DS,allopathic,sefin-dspowder-for-suspension250-mg5-ml,Powder for Suspension,Cephradine,250 mg/5 ml,Orion Pharma Ltd.,"50 ml bottle: ৳ 60.42,100 ml bottle: ৳ 120.81",
27755,Sefin,allopathic,sefinimiv-injection1-gmvial,IM/IV Injection,Cephradine,1 gm/vial,Orion Pharma Ltd.,1 gm vial: ৳ 80.55,
7004,Sefin,allopathic,sefinimiv-injection500-mgvial,IM/IV Injection,Cephradine,500 mg/vial,Orion Pharma Ltd.,500 mg vial: ৳ 50.35,
7003,Sefin,allopathic,sefinimiv-injection250-mgvial,IM/IV Injection,Cephradine,250 mg/vial,Orion Pharma Ltd.,250 mg vial: ৳ 35.23,
7002,Sefin,allopathic,sefinpediatric-drops125-mg125-ml,Pediatric Drops,Cephradine,125 mg/1.25 ml,Orion Pharma Ltd.,15 ml bottle: ৳ 50.35,
7000,Sefin,allopathic,sefinpowder-for-suspension125-mg5-ml,Powder for Suspension,Cephradine,125 mg/5 ml,Orion Pharma Ltd.,100 ml bottle: ৳ 80.55,
7016,Sefrate,allopathic,sefratepowder-for-suspension125-mg5-ml,Powder for Suspension,Cephradine,125 mg/5 ml,Bristol Pharmaceuticals Ltd.,100 ml bottle: ৳ 80.00,
7015,Sefrate,allopathic,sefratecapsule500-mg,Capsule,Cephradine,500 mg,Bristol Pharmaceuticals Ltd.,"Unit Price: ৳ 12.50,(20's pack: ৳ 250.00),",(20's pack: ৳ 250.00)
7012,Sefrad DS,allopathic,sefrad-dspowder-for-suspension250-mg5-ml,Powder for Suspension,Cephradine,250 mg/5 ml,Synovia pharma plc,100 ml bottle: ৳ 130.39,
6999,Sefin,allopathic,sefincapsule500-mg,Capsule,Cephradine,500 mg,Orion Pharma Ltd.,"Unit Price: ৳ 12.59,(20's pack: ৳ 251.80),",(20's pack: ৳ 251.80)
6998,Sefin,allopathic,sefincapsule250-mg,Capsule,Cephradine,250 mg,Orion Pharma Ltd.,"Unit Price: ৳ 6.55,(20's pack: ৳ 131.00),",(20's pack: ৳ 131.00)
6997,Sefcon DS,allopathic,sefcon-dspowder-for-suspension250-mg5-ml,Powder for Suspension,Cephradine,250 mg/5 ml,Concord Pharmaceuticals Ltd.,100 ml bottle: ৳ 120.36,
6996,Sefcon,allopathic,sefconcapsule500-mg,Capsule,Cephradine,500 mg,Concord Pharmaceuticals Ltd.,"Unit Price: ৳ 12.54,(21's pack: ৳ 263.34),",(21's pack: ৳ 263.34)
28385,Sefanid,allopathic,sefanidpowder-for-suspension125-mg5-ml,Powder for Suspension,Cefadroxil Monohydrate,125 mg/5 ml,Drug International Ltd.,100 ml bottle: ৳ 70.25,
28384,Sefanid,allopathic,sefanidcapsule500-mg,Capsule,Cefadroxil Monohydrate,500 mg,Drug International Ltd.,"Unit Price: ৳ 12.05,(30's pack: ৳ 361.50),,Unit Price: ৳ 12.05,(50's pack: ৳ 602.50),","(30's pack: ৳ 361.50),(50's pack: ৳ 602.50)"
7133,Sefalor,allopathic,sefalorpowder-for-suspension125-mg5-ml,Powder for Suspension,Cefaclor Monohydrate,125 mg/5 ml,Techno Drugs Ltd.,100 ml bottle: ৳ 185.86,
7132,Sefalor,allopathic,sefalorcapsule500-mg,Capsule,Cefaclor Monohydrate,500 mg,Techno Drugs Ltd.,"Unit Price: ৳ 37.17,(12's pack: ৳ 446.07),",(12's pack: ৳ 446.07)
6753,Sefadol,allopathic,sefadolpowder-for-suspension125-mg5-ml,Powder for Suspension,Cefadroxil Monohydrate,125 mg/5 ml,Techno Drugs Ltd.,100 ml bottle: ৳ 68.47,
6752,Sefadol,allopathic,sefadolcapsule500-mg,Capsule,Cefadroxil Monohydrate,500 mg,Techno Drugs Ltd.,"Unit Price: ৳ 11.74,(18's pack: ৳ 211.30),",(18's pack: ৳ 211.30)
6995,Sefacin,allopathic,sefacinpediatric-drops125-mg125-ml,Pediatric Drops,Cephradine,125 mg/1.25 ml,Kumudini Pharma Ltd.,15 ml bottle: ৳ 50.00,
7339,Sefur,allopathic,sefuriv-injection15-gmvial,IV Injection,Cefuroxime Axetil,1.5 gm/vial,Opsonin Pharma Ltd.,1.5 gm vial: ৳ 200.75,
7338,Sefur,allopathic,sefurimiv-injection750-mgvial,IM/IV Injection,Cefuroxime Axetil,750 mg/vial,Opsonin Pharma Ltd.,750 mg vial: ৳ 125.47,
7336,Sefur,allopathic,sefurpowder-for-suspension125-mg5-ml,Powder for Suspension,Cefuroxime Axetil,125 mg/5 ml,Opsonin Pharma Ltd.,70 ml bottle: ৳ 198.75,
7335,Sefur,allopathic,sefurtablet500-mg,Tablet,Cefuroxime Axetil,500 mg,Opsonin Pharma Ltd.,"Unit Price: ৳ 45.30,(7's pack: ৳ 317.10),",(7's pack: ৳ 317.10)
7334,Sefur,allopathic,sefurtablet250-mg,Tablet,Cefuroxime Axetil,250 mg,Opsonin Pharma Ltd.,"Unit Price: ৳ 25.16,(14's pack: ৳ 352.24),",(14's pack: ৳ 352.24)
7333,Sefur,allopathic,sefurtablet125-mg,Tablet,Cefuroxime Axetil,125 mg,Opsonin Pharma Ltd.,"Unit Price: ৳ 15.06,(12's pack: ৳ 180.72),",(12's pack: ৳ 180.72)
9048,Seftrim DS,allopathic,seftrim-dstablet800-mg160-mg,Tablet,Sulphamethoxazole + Trimethoprim,800 mg+160 mg,Hudson Pharmaceuticals Ltd.,"Unit Price: ৳ 1.50,(100's pack: ৳ 150.00),",(100's pack: ৳ 150.00)
9049,Seftrim,allopathic,seftrimoral-suspension200-mg40-mg5-ml,Oral Suspension,Sulphamethoxazole + Trimethoprim,(200 mg+40 mg)/5 ml,Hudson Pharmaceuticals Ltd.,60 ml bottle: ৳ 17.00,
7032,Seftec,allopathic,seftecpediatric-drops125-mg125-ml,Pediatric Drops,Cephradine,125 mg/1.25 ml,APC Pharma Ltd.,15 ml bottle: ৳ 50.00,
7031,Seftec,allopathic,seftecpowder-for-suspension125-mg5-ml,Powder for Suspension,Cephradine,125 mg/5 ml,APC Pharma Ltd.,100 ml bottle: ৳ 160.00,
7030,Seftec,allopathic,sefteccapsule500-mg,Capsule,Cephradine,500 mg,APC Pharma Ltd.,"Unit Price: ৳ 12.50,(20's pack: ৳ 250.00),",(20's pack: ৳ 250.00)
7028,Sefro DS,allopathic,sefro-dspowder-for-suspension250-mg5-ml,Powder for Suspension,Cephradine,250 mg/5 ml,Navana Pharmaceuticals Ltd.,100 ml bottle: ৳ 120.80,
7029,Sefro,allopathic,sefropediatric-drops125-mg125-ml,Pediatric Drops,Cephradine,125 mg/1.25 ml,Navana Pharmaceuticals Ltd.,15 ml bottle: ৳ 62.00,
7027,Sefro,allopathic,sefropowder-for-suspension125-mg5-ml,Powder for Suspension,Cephradine,125 mg/5 ml,Navana Pharmaceuticals Ltd.,100 ml bottle: ৳ 85.00,
7026,Sefro,allopathic,sefrocapsule500-mg,Capsule,Cephradine,500 mg,Navana Pharmaceuticals Ltd.,"Unit Price: ৳ 15.00,(24's pack: ৳ 360.00),",(24's pack: ৳ 360.00)
7025,Sefro,allopathic,sefrocapsule250-mg,Capsule,Cephradine,250 mg,Navana Pharmaceuticals Ltd.,"Unit Price: ৳ 6.52,(24's pack: ৳ 156.55),",(24's pack: ৳ 156.55)
9963,Segal,allopathic,segalcapsule150-mg,Capsule,Fluconazole,150 mg,Supreme Pharmaceutical Ltd.,"Unit Price: ৳ 22.00,(10's pack: ৳ 220.00),",(10's pack: ৳ 220.00)
9962,Segal,allopathic,segalcapsule50-mg,Capsule,Fluconazole,50 mg,Supreme Pharmaceutical Ltd.,"Unit Price: ৳ 8.00,(20's pack: ৳ 160.00),",(20's pack: ৳ 160.00)
7344,Sefurox,allopathic,sefuroxiv-injection15-gmvial,IV Injection,Cefuroxime Axetil,1.5 gm/vial,Synovia pharma plc,1.5 gm vial: ৳ 200.60,
7343,Sefurox,allopathic,sefuroximiv-injection750-mgvial,IM/IV Injection,Cefuroxime Axetil,750 mg/vial,Synovia pharma plc,750 mg vial: ৳ 125.85,
7342,Sefurox,allopathic,sefuroxpowder-for-suspension125-mg5-ml,Powder for Suspension,Cefuroxime Axetil,125 mg/5 ml,Synovia pharma plc,70 ml bottle: ৳ 199.34,
7341,Sefurox,allopathic,sefuroxtablet500-mg,Tablet,Cefuroxime Axetil,500 mg,Synovia pharma plc,"Unit Price: ৳ 45.31,(12's pack: ৳ 543.72),",(12's pack: ৳ 543.72)
7340,Sefurox,allopathic,sefuroxtablet250-mg,Tablet,Cefuroxime Axetil,250 mg,Synovia pharma plc,"Unit Price: ৳ 25.17,(20's pack: ৳ 503.40),",(20's pack: ৳ 503.40)
7337,Sefur DS,allopathic,sefur-dspowder-for-suspension250-mg5-ml,Powder for Suspension,Cefuroxime Axetil,250 mg/5 ml,Opsonin Pharma Ltd.,50 ml bottle: ৳ 250.94,
7021,Sefril DS,allopathic,sefril-dspowder-for-suspension250-mg5-ml,Powder for Suspension,Cephradine,250 mg/5 ml,ACME Laboratories Ltd.,100 ml bottle: ৳ 120.82,
7022,Sefril,allopathic,sefrilpediatric-drops125-mg125-ml,Pediatric Drops,Cephradine,125 mg/1.25 ml,ACME Laboratories Ltd.,15 ml bottle: ৳ 62.19,
7020,Sefril,allopathic,sefrilpowder-for-suspension125-mg5-ml,Powder for Suspension,Cephradine,125 mg/5 ml,ACME Laboratories Ltd.,100 ml bottle: ৳ 90.27,
7019,Sefril,allopathic,sefrilcapsule500-mg,Capsule,Cephradine,500 mg,ACME Laboratories Ltd.,"Unit Price: ৳ 15.04,(20's pack: ৳ 300.80),",(20's pack: ৳ 300.80)
7018,Sefril,allopathic,sefrilcapsule250-mg,Capsule,Cephradine,250 mg,ACME Laboratories Ltd.,"Unit Price: ৳ 8.03,(20's pack: ৳ 160.60),",(20's pack: ৳ 160.60)
7017,Sefrate,allopathic,sefratepediatric-drops125-mg125-ml,Pediatric Drops,Cephradine,125 mg/1.25 ml,Bristol Pharmaceuticals Ltd.,15 ml bottle: ৳ 50.00,
32530,Semaglut,allopathic,semagluttablet3-mg,Tablet,Semaglutide (Tablet),3 mg,NIPRO JMI Pharma Ltd.,,
32529,Semaglut,allopathic,semagluttablet7-mg,Tablet,Semaglutide (Tablet),7 mg,NIPRO JMI Pharma Ltd.,,
32528,Semaglo,allopathic,semaglotablet7-mg,Tablet,Semaglutide (Tablet),7 mg,Ziska Pharmaceuticals Ltd.,"Unit Price: ৳ 1,000.00,(10's pack: ৳ 10,000.00),","(10's pack: ৳ 10,000.00)"
32527,Semaglo,allopathic,semaglotablet3-mg,Tablet,Semaglutide (Tablet),3 mg,Ziska Pharmaceuticals Ltd.,"Unit Price: ৳ 500.00,(10's pack: ৳ 5,000.00),","(10's pack: ৳ 5,000.00)"
27935,Selotin,allopathic,selotintablet50-mg,Tablet,Sertraline Hydrochloride,50 mg,The White Horse Pharma,"Unit Price: ৳ 5.00,(30's pack: ৳ 150.00),",(30's pack: ৳ 150.00)
2580,Selomet-SR,allopathic,selomet-srtablet-extended-release50-mg,Tablet (Extended Release),Metoprolol Tartrate,50 mg,UniMed UniHealth,"Unit Price: ৳ 4.00,(30's pack: ৳ 120.00),",(30's pack: ৳ 120.00)
2579,Selomet,allopathic,selomettablet50-mg,Tablet,Metoprolol Tartrate,50 mg,UniMed UniHealth,"Unit Price: ৳ 2.00,(30's pack: ৳ 60.00),",(30's pack: ৳ 60.00)
2578,Selomet,allopathic,selomettablet25-mg,Tablet,Metoprolol Tartrate,25 mg,UniMed UniHealth,"Unit Price: ৳ 1.50,(30's pack: ৳ 45.00),",(30's pack: ৳ 45.00)
1909,Seloktil,allopathic,seloktilcapsule-delayed-release20-mg,Capsule (Delayed Release),Omeprazole,20 mg,Belsen Pharmaceuticals Ltd.,"Unit Price: ৳ 5.00,(100's pack: ৳ 500.00),",(100's pack: ৳ 500.00)
31558,Selium,allopathic,seliumtablet5-mg,Tablet,Diazepam,5 mg,Silco Pharmaceutical Ltd.,"Unit Price: ৳ 0.69,(100's pack: ৳ 69.00),",(100's pack: ৳ 69.00)
30803,Selex,allopathic,selexpowder-for-suspension125-mg5-ml,Powder for Suspension,Cephalexin,125 mg/5 ml,Orion Pharma Ltd.,100 ml bottle: ৳ 82.00,
30802,Selex,allopathic,selexcapsule500-mg,Capsule,Cephalexin,500 mg,Orion Pharma Ltd.,"Unit Price: ৳ 12.43,(30's pack: ৳ 372.90),",(30's pack: ৳ 372.90)
10006,Select Plus,allopathic,select-plusshampoo2,Shampoo,Ketoconazole (Shampoo),2%,Square Pharmaceuticals Ltd.,75 ml bottle: ৳ 175.00,
28595,Segorin Plus,allopathic,segorin-plustablet500-mg125-mg,Tablet,Cefuroxime Axetil + Clavulanic Acid,500 mg+125 mg,Pacific Pharmaceuticals Ltd.,Unit Price: ৳ 45.00,
28594,Segorin Plus,allopathic,segorin-plustablet250-mg625-mg,Tablet,Cefuroxime Axetil + Clavulanic Acid,250 mg+62.5 mg,Pacific Pharmaceuticals Ltd.,Unit Price: ৳ 25.00,
28593,Segorin Plus,allopathic,segorin-pluspowder-for-suspension125-mg3125-mg5-ml,Powder for Suspension,Cefuroxime Axetil + Clavulanic Acid,(125 mg+31.25 mg)/5 ml,Pacific Pharmaceuticals Ltd.,70 ml bottle: ৳ 200.00,
5345,Senride,allopathic,senridetablet2-mg,Tablet,Glimepiride,2 mg,Navana Pharmaceuticals Ltd.,"Unit Price: ৳ 7.24,(30's pack: ৳ 217.20),",(30's pack: ৳ 217.20)
5344,Senride,allopathic,senridetablet1-mg,Tablet,Glimepiride,1 mg,Navana Pharmaceuticals Ltd.,"Unit Price: ৳ 5.75,(60's pack: ৳ 345.00),",(60's pack: ৳ 345.00)
19359,Sencital,allopathic,sencitaltablet10-mg,Tablet,Escitalopram Oxalate,10 mg,Belsen Pharmaceuticals Ltd.,"Unit Price: ৳ 10.00,(30's pack: ৳ 300.00),",(30's pack: ৳ 300.00)
17035,Semotrim,allopathic,semotrimtablet400-mg80-mg,Tablet,Sulphamethoxazole + Trimethoprim,400 mg+80 mg,Reliance Pharmaceuticals Ltd.,"Unit Price: ৳ 2.06,(100's pack: ৳ 206.00),",(100's pack: ৳ 206.00)
9051,Semotrim,allopathic,semotrimoral-suspension200-mg40-mg5-ml,Oral Suspension,Sulphamethoxazole + Trimethoprim,(200 mg+40 mg)/5 ml,Reliance Pharmaceuticals Ltd.,60 ml bottle: ৳ 22.00,
31900,Semglee,allopathic,semgleesc-injection100-iuml,SC Injection,Insulin Glargine [rDNA],100 IU/ml,Beximco Pharmaceuticals Ltd.,"3 ml cartridge: ৳ 1,016.00,(5's pack: ৳ 5,080.00),","(5's pack: ৳ 5,080.00)"
1307,Semecon,allopathic,semeconpediatric-drops67-mgml,Pediatric Drops,Simethicone,67 mg/ml,Drug International Ltd.,20 ml drop: ৳ 46.00,
31507,Sematid,allopathic,sematidtablet7-mg,Tablet,Semaglutide (Tablet),7 mg,ACME Laboratories Ltd.,"Unit Price: ৳ 1,800.00,(10's pack: ৳ 18,000.00),","(10's pack: ৳ 18,000.00)"
31506,Sematid,allopathic,sematidtablet3-mg,Tablet,Semaglutide (Tablet),3 mg,ACME Laboratories Ltd.,"Unit Price: ৳ 800.00,(10's pack: ৳ 8,000.00),","(10's pack: ৳ 8,000.00)"
28592,Segorin,allopathic,segorinpowder-for-suspension125-mg5-ml,Powder for Suspension,Cefuroxime Axetil,125 mg/5 ml,Pacific Pharmaceuticals Ltd.,70 ml bottle: ৳ 200.00,
28591,Segorin,allopathic,segorintablet500-mg,Tablet,Cefuroxime Axetil,500 mg,Pacific Pharmaceuticals Ltd.,"Unit Price: ৳ 45.00,(12's pack: ৳ 540.00),",(12's pack: ৳ 540.00)
28590,Segorin,allopathic,segorintablet250-mg,Tablet,Cefuroxime Axetil,250 mg,Pacific Pharmaceuticals Ltd.,"Unit Price: ৳ 25.00,(20's pack: ৳ 500.00),",(20's pack: ৳ 500.00)
28589,Segorin,allopathic,segorintablet125-mg,Tablet,Cefuroxime Axetil,125 mg,Pacific Pharmaceuticals Ltd.,"Unit Price: ৳ 15.00,(20's pack: ৳ 300.00),",(20's pack: ৳ 300.00)
9964,Segal,allopathic,segalpowder-for-suspension50-mg5-ml,Powder for Suspension,Fluconazole,50 mg/5 ml,Supreme Pharmaceutical Ltd.,35 ml bottle: ৳ 78.00,
26624,Seraflo,allopathic,serafloinhalation-capsule50-mcg100-mcg,Inhalation Capsule,Salmeterol + Fluticasone Propionate,50 mcg+100 mcg,Drug International Ltd.,"Unit Price: ৳ 6.50,(30's pack: ৳ 195.00),",(30's pack: ৳ 195.00)
20505,Seraflo,allopathic,serafloinhaler25-mcg125-mcgpuff,Inhaler,Salmeterol + Fluticasone Propionate,(25 mcg+125 mcg)/puff,Drug International Ltd.,120 metered doses: ৳ 575.00,
20504,Seraflo,allopathic,serafloinhaler25-mcg250-mcgpuff,Inhaler,Salmeterol + Fluticasone Propionate,(25 mcg+250 mcg)/puff,Drug International Ltd.,120 metered doses: ৳ 780.00,
28056,Sera,allopathic,seratablet50-mg,Tablet,Sertraline Hydrochloride,50 mg,Ambee Pharmaceuticals Ltd.,"Unit Price: ৳ 4.01,(50's pack: ৳ 200.72),",(50's pack: ৳ 200.72)
7040,Septa,allopathic,septapediatric-drops125-mg125-ml,Pediatric Drops,Cephradine,125 mg/1.25 ml,Doctor’s Chemical Works Ltd.,15 ml bottle: ৳ 48.90,
7039,Septa,allopathic,septapowder-for-suspension125-mg5-ml,Powder for Suspension,Cephradine,125 mg/5 ml,Doctor’s Chemical Works Ltd.,100 ml bottle: ৳ 49.00,
7038,Septa,allopathic,septacapsule500-mg,Capsule,Cephradine,500 mg,Doctor’s Chemical Works Ltd.,"Unit Price: ৳ 12.36,(20's pack: ৳ 247.20),",(20's pack: ৳ 247.20)
30210,Sepsol,allopathic,sepsolhand-rub750125145,Hand Rub,Isopropyl Alcohol + Hydrogen Peroxide + Glycerol,75%+0.125%+1.45%,Incepta Pharmaceuticals Ltd.,50 ml bottle: ৳ 45.00,
7037,Sepra-S,allopathic,sepra-spowder-for-suspension125-mg5-ml,Powder for Suspension,Cephradine,125 mg/5 ml,Seema Pharmaceuticals Ltd.,100 ml bottle: ৳ 86.00,
7036,Sepra-S,allopathic,sepra-scapsule500-mg,Capsule,Cephradine,500 mg,Seema Pharmaceuticals Ltd.,"Unit Price: ৳ 15.00,(20's pack: ৳ 300.00),",(20's pack: ৳ 300.00)
12838,Sepnil,allopathic,sepnilsolution1515,Solution,Chlorhexidine Gluconate + Cetrimide,1.5%+15%,Square Pharmaceuticals Ltd.,"5 liter pack: ৳ 1,418.00",
12837,Sepnil,allopathic,sepnilsolution053,Solution,Chlorhexidine Gluconate + Cetrimide,0.5%+3%,Square Pharmaceuticals Ltd.,"50 ml bottle: ৳ 11.00,100 ml bottle: ৳ 16.63",
13107,Seplon,allopathic,seplonsolution033,Solution,Chlorhexidine Gluconate + Cetrimide,0.3%+3%,Indo Bangla Pharmaceutical,"56 ml bottle: ৳ 18.00,110 ml bottle: ৳ 21.00",
7035,Sephar DS,allopathic,sephar-dspowder-for-suspension250-mg5-ml,Powder for Suspension,Cephradine,250 mg/5 ml,Jenphar Bangladesh Ltd.,100 ml bottle: ৳ 120.00,
7034,Sephar,allopathic,sepharpowder-for-suspension125-mg5-ml,Powder for Suspension,Cephradine,125 mg/5 ml,Jenphar Bangladesh Ltd.,100 ml bottle: ৳ 80.00,
7033,Sephar,allopathic,sepharcapsule500-mg,Capsule,Cephradine,500 mg,Jenphar Bangladesh Ltd.,"Unit Price: ৳ 12.50,(30's pack: ৳ 375.00),",(30's pack: ৳ 375.00)
3947,Seretide,allopathic,seretideinhalation-capsule50-mcg100-mcg,Inhalation Capsule,Salmeterol + Fluticasone Propionate,50 mcg+100 mcg,GlaxoSmithKline,60 doses unit: ৳ 935.00,
4513,Seren,allopathic,serencapsule20-mg,Capsule,Fluoxetine Hydrochloride,20 mg,Sonear Laboratories Ltd.,"Unit Price: ৳ 2.87,(30's pack: ৳ 86.10),",(30's pack: ৳ 86.10)
2404,Serelose,allopathic,sereloseoral-solution335-gm5-ml,Oral Solution,Lactulose,3.35 gm/5 ml,Beximco Pharmaceuticals Ltd.,100 ml bottle: ৳ 130.00,
210,Serelam,allopathic,serelamtablet05-mg,Tablet,Alprazolam,0.5 mg,General Pharmaceuticals Ltd.,"Unit Price: ৳ 2.01,(100's pack: ৳ 201.43),",(100's pack: ৳ 201.43)
209,Serelam,allopathic,serelamtablet025-mg,Tablet,Alprazolam,0.25 mg,General Pharmaceuticals Ltd.,"Unit Price: ৳ 1.00,(100's pack: ৳ 100.05),",(100's pack: ৳ 100.05)
24413,Seravent,allopathic,seraventinhaler25-mcgpuff,Inhaler,Salmeterol Xinafoate,25 mcg/puff,Drug International Ltd.,200 metered doses: ৳ 200.00,
26625,Seraflo,allopathic,serafloinhalation-capsule50-mcg250-mcg,Inhalation Capsule,Salmeterol + Fluticasone Propionate,50 mcg+250 mcg,Drug International Ltd.,"Unit Price: ৳ 10.22,(30's pack: ৳ 306.65),",(30's pack: ৳ 306.65)
31559,Seofol Plus,allopathic,seofol-pluscapsule-timed-release150-mg05-mg,Capsule (Timed Release),Ferrous Sulfate + Folic Acid,150 mg+0.5 mg,Silco Pharmaceutical Ltd.,"Unit Price: ৳ 2.40,(50's pack: ৳ 120.00),",(50's pack: ৳ 120.00)
4319,Sentix,allopathic,sentixtablet1-mg,Tablet,Flupentixol,1 mg,Eskayef Pharmaceuticals Ltd.,"Unit Price: ৳ 5.00,(30's pack: ৳ 150.00),",(30's pack: ৳ 150.00)
4318,Sentix,allopathic,sentixtablet05-mg,Tablet,Flupentixol,0.5 mg,Eskayef Pharmaceuticals Ltd.,"Unit Price: ৳ 3.50,(50's pack: ৳ 175.00),",(50's pack: ৳ 175.00)
18930,Sentibac,allopathic,sentibacimiv-injection1-gmvial,IM/IV Injection,Ceftazidime Pentahydrate,1 gm/vial,Globex Pharmaceuticals Ltd.,1 gm vial: ৳ 230.00,
18929,Sentibac,allopathic,sentibacimiv-injection250-mgvial,IM/IV Injection,Ceftazidime Pentahydrate,250 mg/vial,Globex Pharmaceuticals Ltd.,250 mg vial: ৳ 85.00,
4363,Sensit,allopathic,sensittablet05-mg10-mg,Tablet,Flupentixol + Melitracen,0.5 mg+10 mg,Eskayef Pharmaceuticals Ltd.,"Unit Price: ৳ 5.00,(50's pack: ৳ 250.00),",(50's pack: ৳ 250.00)
30312,Sensipin,allopathic,sensipintablet25-mg,Tablet,Clozapine,25 mg,Beximco Pharmaceuticals Ltd.,"Unit Price: ৳ 3.84,(30's pack: ৳ 115.20),",(30's pack: ৳ 115.20)
4540,Serolux,allopathic,seroluxtablet100-mg,Tablet,Sertraline Hydrochloride,100 mg,SANDOZ (A Novartis Division),"Unit Price: ৳ 11.20,(30's pack: ৳ 336.00),",(30's pack: ৳ 336.00)
4539,Serolux,allopathic,seroluxtablet50-mg,Tablet,Sertraline Hydrochloride,50 mg,SANDOZ (A Novartis Division),"Unit Price: ৳ 7.10,(50's pack: ৳ 355.00),",(50's pack: ৳ 355.00)
4538,Serolux,allopathic,seroluxtablet25-mg,Tablet,Sertraline Hydrochloride,25 mg,SANDOZ (A Novartis Division),"Unit Price: ৳ 4.10,(50's pack: ৳ 205.00),",(50's pack: ৳ 205.00)
32665,Serofit,allopathic,serofittablet50-mg,Tablet,Sertraline Hydrochloride,50 mg,Everest Pharmaceuticals Ltd.,"Unit Price: ৳ 7.00,(30's pack: ৳ 210.00),",(30's pack: ৳ 210.00)
32664,Serofit,allopathic,serofittablet25-mg,Tablet,Sertraline Hydrochloride,25 mg,Everest Pharmaceuticals Ltd.,"Unit Price: ৳ 3.50,(50's pack: ৳ 175.00),",(50's pack: ৳ 175.00)
14001,Serobion,allopathic,serobiontablet100-mg200-mg200-mcg,Tablet,"Vitamin B1, B6 & B12",100 mg+200 mg+200 mcg,Leon Pharmaceuticals Ltd.,"Unit Price: ৳ 5.00,(30's pack: ৳ 150.00),,Unit Price: ৳ 5.00,(50's pack: ৳ 250.00),","(30's pack: ৳ 150.00),(50's pack: ৳ 250.00)"
32382,Serivan,allopathic,serivancapsule34-mg,Capsule,Pimavanserin,34 mg,Incepta Pharmaceuticals Ltd.,Price Unavailable,
30182,Serivan,allopathic,serivantablet17-mg,Tablet,Pimavanserin,17 mg,Incepta Pharmaceuticals Ltd.,"Unit Price: ৳ 20.00,(30's pack: ৳ 600.00),",(30's pack: ৳ 600.00)
10911,Serifen,allopathic,serifentablet400-mg,Tablet,Dexibuprofen,400 mg,Silva Pharmaceuticals Ltd.,"Unit Price: ৳ 5.02,(50's pack: ৳ 251.00),",(50's pack: ৳ 251.00)
10910,Serifen,allopathic,serifentablet300-mg,Tablet,Dexibuprofen,300 mg,Silva Pharmaceuticals Ltd.,"Unit Price: ৳ 4.02,(50's pack: ৳ 201.00),",(50's pack: ৳ 201.00)
10510,Seridol,allopathic,seridoltablet500-mg,Tablet,Paracetamol,500 mg,Sonear Laboratories Ltd.,"Unit Price: ৳ 0.80,(100's pack: ৳ 80.00),",(100's pack: ৳ 80.00)
29894,Sergel MUPS,allopathic,sergel-mupsmups-tablet40-mg,MUPS Tablet,Esomeprazole (MUPS tablet),40 mg,Healthcare Pharmaceuticals Ltd.,"Unit Price: ৳ 14.00,(30's pack: ৳ 420.00),",(30's pack: ৳ 420.00)
29893,Sergel MUPS,allopathic,sergel-mupsmups-tablet20-mg,MUPS Tablet,Esomeprazole (MUPS tablet),20 mg,Healthcare Pharmaceuticals Ltd.,"Unit Price: ৳ 10.00,(50's pack: ৳ 500.00),",(50's pack: ৳ 500.00)
29226,Sergel,allopathic,sergeloral-powder20-mg,Oral Powder,Esomeprazole,20 mg,Healthcare Pharmaceuticals Ltd.,"20 mg sachet: ৳ 7.00,(30's pack: ৳ 210.00),",(30's pack: ৳ 210.00)
26857,Sergel,allopathic,sergeltablet-enteric-coated40-mg,Tablet (Enteric Coated),Esomeprazole,40 mg,Healthcare Pharmaceuticals Ltd.,"Unit Price: ৳ 9.00,(30's pack: ৳ 270.00),",(30's pack: ৳ 270.00)
26120,Sergel,allopathic,sergeltablet-enteric-coated20-mg,Tablet (Enteric Coated),Esomeprazole,20 mg,Healthcare Pharmaceuticals Ltd.,"Unit Price: ৳ 7.00,(30's pack: ৳ 210.00),",(30's pack: ৳ 210.00)
31897,Seropam,allopathic,seropamtablet10-mg,Tablet,Escitalopram Oxalate,10 mg,Beximco Pharmaceuticals Ltd.,"Unit Price: ৳ 8.00,(30's pack: ৳ 240.00),",(30's pack: ৳ 240.00)
31896,Seropam,allopathic,seropamtablet5-mg,Tablet,Escitalopram Oxalate,5 mg,Beximco Pharmaceuticals Ltd.,"Unit Price: ৳ 5.50,(30's pack: ৳ 165.00),",(30's pack: ৳ 165.00)
4889,Serontin,allopathic,serontinsyrup250-mg5-ml,Syrup,Ethosuximide,250 mg/5 ml,ACI Limited,70 ml bottle: ৳ 130.39,
29928,Seronex,allopathic,seronextablet100-mg,Tablet,Sertraline Hydrochloride,100 mg,Renata Limited,"Unit Price: ৳ 10.00,(30's pack: ৳ 300.00),",(30's pack: ৳ 300.00)
29927,Seronex,allopathic,seronextablet25-mg,Tablet,Sertraline Hydrochloride,25 mg,Renata Limited,"Unit Price: ৳ 3.00,(50's pack: ৳ 150.00),",(50's pack: ৳ 150.00)
29926,Seronex,allopathic,seronextablet50-mg,Tablet,Sertraline Hydrochloride,50 mg,Renata Limited,"Unit Price: ৳ 6.00,(50's pack: ৳ 300.00),",(50's pack: ৳ 300.00)
2107,Sergel,allopathic,sergeliv-injection40-mgvial,IV Injection,Esomeprazole,40 mg/vial,Healthcare Pharmaceuticals Ltd.,40 mg vial: ৳ 100.00,
2104,Sergel,allopathic,sergelcapsule-delayed-release40-mg,Capsule (Delayed Release),Esomeprazole,40 mg,Healthcare Pharmaceuticals Ltd.,"Unit Price: ৳ 10.00,(50's pack: ৳ 500.00),",(50's pack: ৳ 500.00)
2103,Sergel,allopathic,sergelcapsule-delayed-release20-mg,Capsule (Delayed Release),Esomeprazole,20 mg,Healthcare Pharmaceuticals Ltd.,"Unit Price: ৳ 7.00,(100's pack: ৳ 700.00),",(100's pack: ৳ 700.00)
3952,Seretide,allopathic,seretideinhaler25-mcg250-mcgpuff,Inhaler,Salmeterol + Fluticasone Propionate,(25 mcg+250 mcg)/puff,GlaxoSmithKline,"120 metered doses: ৳ 1,250.00",
3951,Seretide,allopathic,seretideinhaler25-mcg125-mcgpuff,Inhaler,Salmeterol + Fluticasone Propionate,(25 mcg+125 mcg)/puff,GlaxoSmithKline,"120 metered doses: ৳ 1,075.00",
3950,Seretide,allopathic,seretideinhaler25-mcg50-mcgpuff,Inhaler,Salmeterol + Fluticasone Propionate,(25 mcg+50 mcg)/puff,GlaxoSmithKline,120 metered doses: ৳ 750.00,
3949,Seretide,allopathic,seretideinhalation-capsule50-mcg500-mcg,Inhalation Capsule,Salmeterol + Fluticasone Propionate,50 mcg+500 mcg,GlaxoSmithKline,"60 doses unit: ৳ 1,440.26",
3948,Seretide,allopathic,seretideinhalation-capsule50-mcg250-mcg,Inhalation Capsule,Salmeterol + Fluticasone Propionate,50 mcg+250 mcg,GlaxoSmithKline,"60 doses unit: ৳ 1,238.12",
29054,Servidoxyne,allopathic,servidoxynecapsule100-mg,Capsule,Doxycycline Hydrochloride,100 mg,Novartis (Bangladesh) Ltd.,"Unit Price: ৳ 2.17,(100's pack: ৳ 217.00),",(100's pack: ৳ 217.00)
85,Servex,allopathic,servextablet100-mg,Tablet,Aceclofenac,100 mg,Novo Healthcare and Pharma Ltd.,"Unit Price: ৳ 4.02,(50's pack: ৳ 200.77),",(50's pack: ৳ 200.77)
24427,Sertlin,allopathic,sertlintablet100-mg,Tablet,Sertraline Hydrochloride,100 mg,Innovative Pharma (Albion),"Unit Price: ৳ 11.81,(30's pack: ৳ 354.18),",(30's pack: ৳ 354.18)
24426,Sertlin,allopathic,sertlintablet50-mg,Tablet,Sertraline Hydrochloride,50 mg,Innovative Pharma (Albion),"Unit Price: ৳ 7.08,(50's pack: ৳ 354.18),",(50's pack: ৳ 354.18)
24425,Sertlin,allopathic,sertlintablet25-mg,Tablet,Sertraline Hydrochloride,25 mg,Innovative Pharma (Albion),"Unit Price: ৳ 3.54,(50's pack: ৳ 177.00),",(50's pack: ৳ 177.00)
24430,Sertal,allopathic,sertaltablet100-mg,Tablet,Sertraline Hydrochloride,100 mg,Drug International Ltd.,"Unit Price: ৳ 8.05,(30's pack: ৳ 241.50),",(30's pack: ৳ 241.50)
24429,Sertal,allopathic,sertaltablet25-mg,Tablet,Sertraline Hydrochloride,25 mg,Drug International Ltd.,"Unit Price: ৳ 3.05,(50's pack: ৳ 152.50),",(50's pack: ৳ 152.50)
4541,Sertal,allopathic,sertaltablet50-mg,Tablet,Sertraline Hydrochloride,50 mg,Drug International Ltd.,"Unit Price: ৳ 6.00,(50's pack: ৳ 300.00),",(50's pack: ৳ 300.00)
30476,Sertacon,allopathic,sertaconcream2,Cream,Sertaconazole Nitrate,2%,Opsonin Pharma Ltd.,20 gm tube: ৳ 200.00,
7879,Serozid,allopathic,serozidimiv-injection1-gmvial,IM/IV Injection,Ceftazidime Pentahydrate,1 gm/vial,Opsonin Pharma Ltd.,1 gm vial: ৳ 240.00,
7878,Serozid,allopathic,serozidimiv-injection500-mgvial,IM/IV Injection,Ceftazidime Pentahydrate,500 mg/vial,Opsonin Pharma Ltd.,500 mg vial: ৳ 130.39,
7877,Serozid,allopathic,serozidimiv-injection250-mgvial,IM/IV Injection,Ceftazidime Pentahydrate,250 mg/vial,Opsonin Pharma Ltd.,250 mg vial: ৳ 85.00,
26382,Seroxyn,allopathic,seroxyninhaler25-mcg250-mcgpuff,Inhaler,Salmeterol + Fluticasone Propionate,(25 mcg+250 mcg)/puff,ACI Limited,"120 metered doses: ৳ 797.39,120 metered doses (refill): ৳ 700.00",
26381,Seroxyn,allopathic,seroxyninhaler25-mcg125-mcgpuff,Inhaler,Salmeterol + Fluticasone Propionate,(25 mcg+125 mcg)/puff,ACI Limited,"120 metered doses: ৳ 596.79,120 metered doses (refill): ৳ 500.00",
20500,Seroxyn,allopathic,seroxyninhaler25-mcg50-mcgpuff,Inhaler,Salmeterol + Fluticasone Propionate,(25 mcg+50 mcg)/puff,ACI Limited,120 metered doses: ৳ 520.00,
3957,Seroxyn,allopathic,seroxyninhalation-capsule50-mcg500-mcg,Inhalation Capsule,Salmeterol + Fluticasone Propionate,50 mcg+500 mcg,ACI Limited,"Unit Price: ৳ 15.05,(30's pack: ৳ 451.50),",(30's pack: ৳ 451.50)
9344,Serviflox,allopathic,servifloxtablet250-mg,Tablet,Ciprofloxacin,250 mg,SANDOZ (A Novartis Division),"Unit Price: ৳ 8.08,(30's pack: ৳ 242.54),",(30's pack: ৳ 242.54)
9343,Serviflox,allopathic,servifloxtablet500-mg,Tablet,Ciprofloxacin,500 mg,SANDOZ (A Novartis Division),"Unit Price: ৳ 14.05,(30's pack: ৳ 421.49),",(30's pack: ৳ 421.49)
3956,Seroxyn,allopathic,seroxyninhalation-capsule50-mcg250-mcg,Inhalation Capsule,Salmeterol + Fluticasone Propionate,50 mcg+250 mcg,ACI Limited,"Unit Price: ৳ 12.00,(50's pack: ৳ 600.00),",(50's pack: ৳ 600.00)
3955,Seroxyn,allopathic,seroxyninhalation-capsule50-mcg100-mcg,Inhalation Capsule,Salmeterol + Fluticasone Propionate,50 mcg+100 mcg,ACI Limited,"Unit Price: ৳ 5.50,(50's pack: ৳ 275.00),",(50's pack: ৳ 275.00)
26666,Serotal,allopathic,serotaltablet5-mg,Tablet,Escitalopram Oxalate,5 mg,Globe Pharmaceuticals Ltd.,"Unit Price: ৳ 5.50,(30's pack: ৳ 165.00),",(30's pack: ৳ 165.00)
26665,Serotal,allopathic,serotaltablet10-mg,Tablet,Escitalopram Oxalate,10 mg,Globe Pharmaceuticals Ltd.,"Unit Price: ৳ 10.00,(20's pack: ৳ 200.00),",(20's pack: ৳ 200.00)
23150,Seroset,allopathic,serosetimiv-injection8-mg4-ml,IM/IV Injection,Ondansetron,8 mg/4 ml,Globex Pharmaceuticals Ltd.,4 ml ampoule: ৳ 25.00,
23149,Seroset,allopathic,serosettablet8-mg,Tablet,Ondansetron,8 mg,Globex Pharmaceuticals Ltd.,"Unit Price: ৳ 7.00,(30's pack: ৳ 210.00),",(30's pack: ৳ 210.00)
30105,Seroquet ER,allopathic,seroquet-ertablet-extended-release50-mg,Tablet (Extended Release),Quetiapine Fumarate,50 mg,UniMed UniHealth,"Unit Price: ৳ 8.00,(30's pack: ৳ 240.00),",(30's pack: ৳ 240.00)
29765,Seroquet ER,allopathic,seroquet-ertablet-extended-release200-mg,Tablet (Extended Release),Quetiapine Fumarate,200 mg,UniMed UniHealth,"Unit Price: ৳ 20.00,(30's pack: ৳ 600.00),",(30's pack: ৳ 600.00)
4413,Seroquet,allopathic,seroquettablet100-mg,Tablet,Quetiapine Fumarate,100 mg,UniMed UniHealth,"Unit Price: ৳ 10.00,(30's pack: ৳ 300.00),",(30's pack: ৳ 300.00)
4412,Seroquet,allopathic,seroquettablet25-mg,Tablet,Quetiapine Fumarate,25 mg,UniMed UniHealth,"Unit Price: ৳ 3.00,(30's pack: ৳ 90.00),",(30's pack: ৳ 90.00)
26796,Seropin,allopathic,seropintablet25-mg,Tablet,Quetiapine Fumarate,25 mg,Eskayef Pharmaceuticals Ltd.,"Unit Price: ৳ 3.00,(50's pack: ৳ 150.00),",(50's pack: ৳ 150.00)
26795,Seropin,allopathic,seropintablet100-mg,Tablet,Quetiapine Fumarate,100 mg,Eskayef Pharmaceuticals Ltd.,"Unit Price: ৳ 10.00,(30's pack: ৳ 300.00),",(30's pack: ৳ 300.00)
24437,Sevel,allopathic,seveltablet800-mg,Tablet,Sevelamer Carbonate,800 mg,ACME Laboratories Ltd.,"Unit Price: ৳ 60.00,(12's pack: ৳ 720.00),",(12's pack: ৳ 720.00)
4762,Setronax,allopathic,setronaxtablet8-mg,Tablet,Ondansetron,8 mg,Monicopharma Ltd.,"Unit Price: ৳ 10.00,(30's pack: ৳ 300.00),",(30's pack: ৳ 300.00)
4544,Setra,allopathic,setratablet100-mg,Tablet,Sertraline Hydrochloride,100 mg,General Pharmaceuticals Ltd.,"Unit Price: ৳ 11.00,(30's pack: ৳ 330.00),",(30's pack: ৳ 330.00)
4543,Setra,allopathic,setratablet50-mg,Tablet,Sertraline Hydrochloride,50 mg,General Pharmaceuticals Ltd.,"Unit Price: ৳ 7.00,(50's pack: ৳ 350.00),",(50's pack: ৳ 350.00)
4542,Setra,allopathic,setratablet25-mg,Tablet,Sertraline Hydrochloride,25 mg,General Pharmaceuticals Ltd.,"Unit Price: ৳ 3.50,(50's pack: ৳ 175.00),",(50's pack: ৳ 175.00)
11220,Setorib,allopathic,setoribtablet120-mg,Tablet,Etoricoxib,120 mg,ACME Laboratories Ltd.,"Unit Price: ৳ 14.10,(20's pack: ৳ 282.00),",(20's pack: ৳ 282.00)
11219,Setorib,allopathic,setoribtablet90-mg,Tablet,Etoricoxib,90 mg,ACME Laboratories Ltd.,"Unit Price: ৳ 12.09,(30's pack: ৳ 362.70),",(30's pack: ৳ 362.70)
11218,Setorib,allopathic,setoribtablet60-mg,Tablet,Etoricoxib,60 mg,ACME Laboratories Ltd.,"Unit Price: ৳ 7.04,(40's pack: ৳ 281.60),",(40's pack: ৳ 281.60)
4761,Seton,allopathic,setontablet8-mg,Tablet,Ondansetron,8 mg,Delta Pharma Ltd.,"Unit Price: ৳ 5.00,(30's pack: ৳ 150.00),",(30's pack: ৳ 150.00)
11996,Setir,allopathic,setirtablet10-mg,Tablet,Cetirizine Hydrochloride,10 mg,Amulet Pharmaceuticals Ltd.,"Unit Price: ৳ 2.00,(100's pack: ৳ 200.00),",(100's pack: ৳ 200.00)
7641,Setic,allopathic,seticpowder-for-suspension100-mg5-ml,Powder for Suspension,Cefixime Trihydrate,100 mg/5 ml,SANDOZ (A Novartis Division),50 ml bottle: ৳ 210.00,
7640,Setic,allopathic,seticcapsule400-mg,Capsule,Cefixime Trihydrate,400 mg,SANDOZ (A Novartis Division),"Unit Price: ৳ 55.25,(14's pack: ৳ 773.50),",(14's pack: ৳ 773.50)
7639,Setic,allopathic,seticcapsule200-mg,Capsule,Cefixime Trihydrate,200 mg,SANDOZ (A Novartis Division),"Unit Price: ৳ 35.25,(14's pack: ৳ 493.50),",(14's pack: ৳ 493.50)
21555,Setfree,allopathic,setfreetablet15-mg,Tablet,Levonorgestrel,1.5 mg,Nuvista Pharma Ltd.,1 tablet pack: ৳ 65.00,
27830,Sesofen,allopathic,sesofentablet1-mg,Tablet,Ketotifen Fumarate (Oral),1 mg,Rangs Pharmaceuticals Ltd.,"Unit Price: ৳ 2.50,(100's pack: ৳ 250.00),",(100's pack: ৳ 250.00)
4193,Sesofen,allopathic,sesofensyrup1-mg5-ml,Syrup,Ketotifen Fumarate (Oral),1 mg/5 ml,Rangs Pharmaceuticals Ltd.,100 ml bottle: ৳ 55.00,
15296,Sevorane,allopathic,sevoranesolution-for-inhalation250-mg250-ml,Solution for Inhalation,Sevoflurane,250 mg/250 ml,Abbott Laboratories,"250 ml bottle: ৳ 15,500.00",
24440,Sevoran,allopathic,sevoransolution-for-inhalation250-mg250-ml,Solution for Inhalation,Sevoflurane,250 mg/250 ml,Techno Drugs Ltd.,"250 ml bottle: ৳ 12,000.00",
22978,Sevitan HTZ,allopathic,sevitan-htztablet20-mg125-mg,Tablet,Olmesartan Medoxomil + Hydrochlorothiazide,20 mg+12.5 mg,Radiant Pharmaceuticals Ltd.,"Unit Price: ৳ 10.50,(42's pack: ৳ 441.00),",(42's pack: ৳ 441.00)
30880,Sevitan,allopathic,sevitantablet40-mg,Tablet,Olmesartan Medoxomil,40 mg,Radiant Pharmaceuticals Ltd.,"Unit Price: ৳ 18.00,(42's pack: ৳ 756.00),",(42's pack: ৳ 756.00)
22970,Sevitan,allopathic,sevitantablet20-mg,Tablet,Olmesartan Medoxomil,20 mg,Radiant Pharmaceuticals Ltd.,"Unit Price: ৳ 10.00,(42's pack: ৳ 420.00),",(42's pack: ৳ 420.00)
238,Sevirax,allopathic,seviraxophthalmic-ointment3,Ophthalmic Ointment,Acyclovir (Ophthalmic),3%,Gaco Pharmaceuticals Ltd.,5 gm tube: ৳ 70.21,
13571,Sevenvit,allopathic,sevenvitsyrup,Syrup,Multivitamin & Cod Liver Oil,,Pharmadesh Laboratories Ltd.,100 ml bottle: ৳ 80.00,
21965,Sevelax,allopathic,sevelaxoral-emulsion300-mg125-ml5-ml,Oral Emulsion,Magnesium Hydroxide + Liquid Paraffin,(300 mg+1.25 ml)/5 ml,Pacific Pharmaceuticals Ltd.,100 ml bottle: ৳ 95.00,
10224,Servizol,allopathic,servizoltablet400-mg,Tablet,Metronidazole,400 mg,SANDOZ (A Novartis Division),"Unit Price: ৳ 1.13,(100's pack: ৳ 112.72),",(100's pack: ৳ 112.72)
11302,Serviprofen,allopathic,serviprofentablet400-mg,Tablet,Ibuprofen,400 mg,SANDOZ (A Novartis Division),"Unit Price: ৳ 1.42,(100's pack: ৳ 142.48),",(100's pack: ৳ 142.48)
1671,Servipep,allopathic,servipeptablet40-mg,Tablet,Famotidine,40 mg,SANDOZ (A Novartis Division),"Unit Price: ৳ 6.10,(50's pack: ৳ 305.00),",(50's pack: ৳ 305.00)
1670,Servipep,allopathic,servipeptablet20-mg,Tablet,Famotidine,20 mg,SANDOZ (A Novartis Division),"Unit Price: ৳ 4.00,(50's pack: ৳ 200.00),",(50's pack: ৳ 200.00)
11487,Servinaprox,allopathic,servinaproxtablet500-mg,Tablet,Naproxen Sodium,500 mg,SANDOZ (A Novartis Division),"Unit Price: ৳ 12.10,(30's pack: ৳ 363.00),",(30's pack: ৳ 363.00)
11486,Servinaprox,allopathic,servinaproxtablet250-mg,Tablet,Naproxen Sodium,250 mg,SANDOZ (A Novartis Division),"Unit Price: ৳ 7.00,(50's pack: ৳ 350.00),",(50's pack: ৳ 350.00)
706,Sidopin,allopathic,sidopintablet5-mg,Tablet,Amlodipine Besilate,5 mg,Eskayef Pharmaceuticals Ltd.,"Unit Price: ৳ 5.00,(50's pack: ৳ 250.00),",(50's pack: ৳ 250.00)
30189,Sidobac,allopathic,sidobacimiv-injection500-mgvial,IM/IV Injection,Ceftazidime Pentahydrate,500 mg/vial,Incepta Pharmaceuticals Ltd.,500 mg vial: ৳ 115.00,
30188,Sidobac,allopathic,sidobacimiv-injection250-mgvial,IM/IV Injection,Ceftazidime Pentahydrate,250 mg/vial,Incepta Pharmaceuticals Ltd.,250 mg vial: ৳ 70.00,
30187,Sidobac,allopathic,sidobacimiv-injection1-gmvial,IM/IV Injection,Ceftazidime Pentahydrate,1 gm/vial,Incepta Pharmaceuticals Ltd.,1 gm vial: ৳ 215.00,
28495,Sicmon,allopathic,sicmontablet-extended-release20-mg20-mg,Tablet (Extended Release),Pyridoxine Hydrochloride + Doxylamine Succinate,20 mg+20 mg,Navana Pharmaceuticals Ltd.,"Unit Price: ৳ 9.00,(30's pack: ৳ 270.00),",(30's pack: ৳ 270.00)
26927,Sicmon,allopathic,sicmontablet-delayed-release10-mg10-mg,Tablet (Delayed Release),Pyridoxine Hydrochloride + Doxylamine Succinate,10 mg+10 mg,Navana Pharmaceuticals Ltd.,"Unit Price: ৳ 5.00,(30's pack: ৳ 150.00),",(30's pack: ৳ 150.00)
7043,Sicef DS,allopathic,sicef-dspowder-for-suspension250-mg5-ml,Powder for Suspension,Cephradine,250 mg/5 ml,Silva Pharmaceuticals Ltd.,"60 ml bottle: ৳ 70.26,100 ml bottle: ৳ 120.46",
7044,Sicef,allopathic,sicefpediatric-drops125-mg125-ml,Pediatric Drops,Cephradine,125 mg/1.25 ml,Silva Pharmaceuticals Ltd.,15 ml bottle: ৳ 45.14,
7042,Sicef,allopathic,sicefpowder-for-suspension125-mg5-ml,Powder for Suspension,Cephradine,125 mg/5 ml,Silva Pharmaceuticals Ltd.,100 ml bottle: ৳ 80.00,
7041,Sicef,allopathic,sicefcapsule500-mg,Capsule,Cephradine,500 mg,Silva Pharmaceuticals Ltd.,"Unit Price: ৳ 12.55,(20's pack: ৳ 251.00),",(20's pack: ৳ 251.00)
12371,Sibalyn,allopathic,sibalyncream1,Cream,Silver Sulfadiazine,1%,ACI Limited,"25 gm tube: ৳ 40.12,250 gm tube: ৳ 260.78",
29548,Sharpkil Plus,allopathic,sharpkil-pluspowder-for-suspension125-mg3125-mg5-ml,Powder for Suspension,Cefuroxime Axetil + Clavulanic Acid,(125 mg+31.25 mg)/5 ml,Apex Pharmaceuticals Ltd.,70 ml bottle: ৳ 250.00,
19013,Sharpkil Plus,allopathic,sharpkil-plustablet500-mg125-mg,Tablet,Cefuroxime Axetil + Clavulanic Acid,500 mg+125 mg,Apex Pharmaceuticals Ltd.,"Unit Price: ৳ 50.00,(7's pack: ৳ 350.00),",(7's pack: ৳ 350.00)
19012,Sharpkil Plus,allopathic,sharpkil-plustablet250-mg625-mg,Tablet,Cefuroxime Axetil + Clavulanic Acid,250 mg+62.5 mg,Apex Pharmaceuticals Ltd.,"Unit Price: ৳ 30.00,(14's pack: ৳ 420.00),",(14's pack: ৳ 420.00)
25828,Sharpkil,allopathic,sharpkiltablet500-mg,Tablet,Cefuroxime Axetil,500 mg,NIPRO JMI Pharma Ltd.,"Unit Price: ৳ 45.00,(6's pack: ৳ 270.00),",(6's pack: ৳ 270.00)
25827,Sharpkil,allopathic,sharpkiltablet250-mg,Tablet,Cefuroxime Axetil,250 mg,NIPRO JMI Pharma Ltd.,"Unit Price: ৳ 25.00,(12's pack: ৳ 300.00),",(12's pack: ৳ 300.00)
5683,Siglimet,allopathic,siglimettablet50-mg500-mg,Tablet,Sitagliptin + Metformin Hydrochloride,50 mg+500 mg,Square Pharmaceuticals Ltd.,"Unit Price: ৳ 14.00,(30's pack: ৳ 420.00),",(30's pack: ৳ 420.00)
11293,Siflam,allopathic,siflamtablet400-mg,Tablet,Ibuprofen,400 mg,Silva Pharmaceuticals Ltd.,"Unit Price: ৳ 1.20,(100's pack: ৳ 120.44),",(100's pack: ৳ 120.44)
29175,Sifena,allopathic,sifenatablet120-mg,Tablet,Fexofenadine Hydrochloride,120 mg,Silva Pharmaceuticals Ltd.,"Unit Price: ৳ 7.00,(50's pack: ৳ 350.00),",(50's pack: ৳ 350.00)
11083,Sifen TR,allopathic,sifen-trcapsule-timed-release100-mg,Capsule (Timed Release),Diclofenac Sodium,100 mg,Silva Pharmaceuticals Ltd.,"Unit Price: ৳ 2.51,(100's pack: ৳ 251.00),",(100's pack: ৳ 251.00)
4266,Siesta,allopathic,siestatablet3-mg,Tablet,Bromazepam,3 mg,Incepta Pharmaceuticals Ltd.,"Unit Price: ৳ 4.00,(30's pack: ৳ 120.00),",(30's pack: ৳ 120.00)
843,Sidoplus,allopathic,sidoplustablet5-mg50-mg,Tablet,Amlodipine Besilate + Atenolol,5 mg+50 mg,Eskayef Pharmaceuticals Ltd.,"Unit Price: ৳ 6.00,(40's pack: ৳ 240.00),,Unit Price: ৳ 6.00,(50's pack: ৳ 300.00),","(40's pack: ৳ 240.00),(50's pack: ৳ 300.00)"
842,Sidoplus,allopathic,sidoplustablet5-mg25-mg,Tablet,Amlodipine Besilate + Atenolol,5 mg+25 mg,Eskayef Pharmaceuticals Ltd.,"Unit Price: ৳ 5.25,(40's pack: ৳ 210.00),",(40's pack: ৳ 210.00)
28597,SGN Plus,allopathic,sgn-plustablet50-mg1000-mg,Tablet,Sitagliptin + Metformin Hydrochloride,50 mg+1000 mg,Pacific Pharmaceuticals Ltd.,"Unit Price: ৳ 28.00,(10's pack: ৳ 280.00),",(10's pack: ৳ 280.00)
28596,SGN Plus,allopathic,sgn-plustablet50-mg500-mg,Tablet,Sitagliptin + Metformin Hydrochloride,50 mg+500 mg,Pacific Pharmaceuticals Ltd.,"Unit Price: ৳ 16.00,(12's pack: ৳ 192.00),",(12's pack: ৳ 192.00)
24519,SGN,allopathic,sgntablet25-mg,Tablet,Sitagliptin,25 mg,Pacific Pharmaceuticals Ltd.,"Unit Price: ৳ 8.00,(30's pack: ৳ 240.00),",(30's pack: ৳ 240.00)
5507,SGN,allopathic,sgntablet100-mg,Tablet,Sitagliptin,100 mg,Pacific Pharmaceuticals Ltd.,"Unit Price: ৳ 28.00,(10's pack: ৳ 280.00),",(10's pack: ৳ 280.00)
5506,SGN,allopathic,sgntablet50-mg,Tablet,Sitagliptin,50 mg,Pacific Pharmaceuticals Ltd.,"Unit Price: ৳ 15.00,(30's pack: ৳ 450.00),",(30's pack: ৳ 450.00)
13897,SG-Plus,allopathic,sg-plussyrup,Syrup,Vitamin B complex,,Salton Pharmaceuticals Ltd.,"100 ml bottle: ৳ 20.64,200 ml bottle: ৳ 37.74",
10249,Sezol DS,allopathic,sezol-dstablet1000-mg,Tablet,Secnidazole,1000 mg,ACI Limited,"Unit Price: ৳ 17.05,(10's pack: ৳ 170.50),",(10's pack: ৳ 170.50)
31569,Silfenac,allopathic,silfenactablet100-mg,Tablet,Aceclofenac,100 mg,Silco Pharmaceutical Ltd.,"Unit Price: ৳ 4.00,(100's pack: ৳ 400.00),",(100's pack: ৳ 400.00)
12373,Silcream,allopathic,silcreamcream1,Cream,Silver Sulfadiazine,1%,Jayson Pharmaceuticals Ltd.,"5 gm tube: ৳ 14.00,25 gm tube: ৳ 60.18,250 gm tube: ৳ 300.90,500 gm tube: ৳ 496.49",
31568,Silcona,allopathic,silconacapsule150-mg,Capsule,Fluconazole,150 mg,Silco Pharmaceutical Ltd.,"Unit Price: ৳ 22.00,(20's pack: ৳ 440.00),",(20's pack: ৳ 440.00)
31567,Silcona,allopathic,silconacapsule50-mg,Capsule,Fluconazole,50 mg,Silco Pharmaceutical Ltd.,"Unit Price: ৳ 8.00,(20's pack: ৳ 160.00),",(20's pack: ৳ 160.00)
31566,Silclog,allopathic,silclogtablet75-mg,Tablet,Clopidogrel Bisulphate,75 mg,Silco Pharmaceutical Ltd.,"Unit Price: ৳ 10.00,(30's pack: ৳ 300.00),",(30's pack: ৳ 300.00)
31563,Silcal-D,allopathic,silcal-dtablet500-mg200-iu,Tablet,Calcium Carbonate [Elemental source] + Vitamin D3,500 mg+200 IU,Silco Pharmaceutical Ltd.,"Unit Price: ৳ 5.00,(30's pack: ৳ 150.00),,Unit Price: ৳ 5.00,(50's pack: ৳ 250.00),","(30's pack: ৳ 150.00),(50's pack: ৳ 250.00)"
31565,Silcal O,allopathic,silcal-otablet740-mg,Tablet,Calcium Orotate,740 mg,Silco Pharmaceutical Ltd.,"Unit Price: ৳ 10.00,(30's pack: ৳ 300.00),",(30's pack: ৳ 300.00)
31564,Silcal O,allopathic,silcal-otablet400-mg,Tablet,Calcium Orotate,400 mg,Silco Pharmaceutical Ltd.,"Unit Price: ৳ 8.00,(30's pack: ৳ 240.00),",(30's pack: ৳ 240.00)
31562,Silcal,allopathic,silcaltablet500-mg,Tablet,Calcium Carbonate,500 mg,Silco Pharmaceutical Ltd.,"Unit Price: ৳ 3.00,(50's pack: ৳ 150.00),",(50's pack: ৳ 150.00)
12372,Silburn,allopathic,silburncream1,Cream,Silver Sulfadiazine,1%,Pharmadesh Laboratories Ltd.,20 gm tube: ৳ 45.00,
31561,Silben,allopathic,silbenchewable-tablet400-mg,Chewable Tablet,Albendazole,400 mg,Silco Pharmaceutical Ltd.,"Unit Price: ৳ 4.00,(10's pack: ৳ 40.00),",(10's pack: ৳ 40.00)
31560,Silatrol,allopathic,silatroltablet10-mg,Tablet,Cetirizine Hydrochloride,10 mg,Silco Pharmaceutical Ltd.,"Unit Price: ৳ 2.50,(100's pack: ৳ 250.00),",(100's pack: ৳ 250.00)
6054,Silagra,allopathic,silagratablet100-mg,Tablet,Sildenafil Citrate,100 mg,Incepta Pharmaceuticals Ltd.,"Unit Price: ৳ 50.00,(4's pack: ৳ 200.00),",(4's pack: ৳ 200.00)
6053,Silagra,allopathic,silagratablet50-mg,Tablet,Sildenafil Citrate,50 mg,Incepta Pharmaceuticals Ltd.,"Unit Price: ৳ 30.00,(4's pack: ৳ 120.00),",(4's pack: ৳ 120.00)
16206,Sigvit,allopathic,sigviteye-capsule,Eye Capsule,"Vitamin C, Vitamin E, Lutein, Copper & Zinc",,Opso Saline Ltd.,"Unit Price: ৳ 10.00,(30's pack: ৳ 300.00),",(30's pack: ৳ 300.00)
27939,Sigtil M,allopathic,sigtil-mtablet50-mg1000-mg,Tablet,Sitagliptin + Metformin Hydrochloride,50 mg+1000 mg,The White Horse Pharma,"Unit Price: ৳ 22.00,(10's pack: ৳ 220.00),",(10's pack: ৳ 220.00)
5519,Silinor,allopathic,silinortablet25-mg,Tablet,Sitagliptin,25 mg,Healthcare Pharmaceuticals Ltd.,"Unit Price: ৳ 10.00,(30's pack: ৳ 300.00),",(30's pack: ৳ 300.00)
31571,Silgin,allopathic,silgintablet50-mg,Tablet,Tiemonium Methylsulphate,50 mg,Silco Pharmaceutical Ltd.,"Unit Price: ৳ 5.00,(50's pack: ৳ 250.00),",(50's pack: ৳ 250.00)
31570,Silflox,allopathic,silfloxtablet500-mg,Tablet,Ciprofloxacin,500 mg,Silco Pharmaceutical Ltd.,"Unit Price: ৳ 14.00,(30's pack: ৳ 420.00),",(30's pack: ৳ 420.00)
6021,Silfil,allopathic,silfiltablet100-mg,Tablet,Sildenafil Citrate,100 mg,Organic Health Care Ltd.,"Unit Price: ৳ 50.15,(20's pack: ৳ 1,003.00),","(20's pack: ৳ 1,003.00)"
6020,Silfil,allopathic,silfiltablet50-mg,Tablet,Sildenafil Citrate,50 mg,Organic Health Care Ltd.,"Unit Price: ৳ 30.10,(20's pack: ৳ 602.00),",(20's pack: ৳ 602.00)
27938,Sigtil M,allopathic,sigtil-mtablet50-mg500-mg,Tablet,Sitagliptin + Metformin Hydrochloride,50 mg+500 mg,The White Horse Pharma,"Unit Price: ৳ 18.00,(30's pack: ৳ 540.00),",(30's pack: ৳ 540.00)
27937,Sigtil,allopathic,sigtiltablet100-mg,Tablet,Sitagliptin,100 mg,The White Horse Pharma,"Unit Price: ৳ 28.00,(10's pack: ৳ 280.00),",(10's pack: ৳ 280.00)
27936,Sigtil,allopathic,sigtiltablet25-mg,Tablet,Sitagliptin,25 mg,The White Horse Pharma,"Unit Price: ৳ 8.00,(30's pack: ৳ 240.00),",(30's pack: ৳ 240.00)
5510,Sigtil,allopathic,sigtiltablet50-mg,Tablet,Sitagliptin,50 mg,The White Horse Pharma,"Unit Price: ৳ 15.00,(30's pack: ৳ 450.00),",(30's pack: ৳ 450.00)
5508,Siglita,allopathic,siglitatablet50-mg,Tablet,Sitagliptin,50 mg,Square Pharmaceuticals Ltd.,"Unit Price: ৳ 13.00,(20's pack: ৳ 260.00),",(20's pack: ৳ 260.00)
5694,Siglimet XR,allopathic,siglimet-xrtablet-extended-release100-mg1000-mg,Tablet (Extended Release),Sitagliptin + Metformin Hydrochloride,100 mg+1000 mg,Square Pharmaceuticals Ltd.,"Unit Price: ৳ 30.00,(12's pack: ৳ 360.00),",(12's pack: ৳ 360.00)
5693,Siglimet XR,allopathic,siglimet-xrtablet-extended-release50-mg1000-mg,Tablet (Extended Release),Sitagliptin + Metformin Hydrochloride,50 mg+1000 mg,Square Pharmaceuticals Ltd.,"Unit Price: ৳ 18.00,(18's pack: ৳ 324.00),",(18's pack: ৳ 324.00)
5692,Siglimet XR,allopathic,siglimet-xrtablet-extended-release50-mg500-mg,Tablet (Extended Release),Sitagliptin + Metformin Hydrochloride,50 mg+500 mg,Square Pharmaceuticals Ltd.,"Unit Price: ৳ 16.00,(18's pack: ৳ 288.00),",(18's pack: ৳ 288.00)
5684,Siglimet,allopathic,siglimettablet50-mg1000-mg,Tablet,Sitagliptin + Metformin Hydrochloride,50 mg+1000 mg,Square Pharmaceuticals Ltd.,"Unit Price: ৳ 16.00,(20's pack: ৳ 320.00),",(20's pack: ৳ 320.00)
14155,Silvage,allopathic,silvagetablet,Tablet,Multivitamin & Multimineral [A-Z silver preparation],,Orion Pharma Ltd.,"Unit Price: ৳ 6.04,(30's pack: ৳ 181.20),",(30's pack: ৳ 181.20)
12374,Silvadazin,allopathic,silvadazincream1,Cream,Silver Sulfadiazine,1%,Aristopharma Ltd.,25 gm tube: ৳ 60.00,
31575,Silpol,allopathic,silpoltablet500-mg,Tablet,Paracetamol,500 mg,Silco Pharmaceutical Ltd.,"Unit Price: ৳ 0.80,(100's pack: ৳ 80.00),",(100's pack: ৳ 80.00)
31574,Silpol,allopathic,silpoloral-suspension120-mg5-ml,Oral Suspension,Paracetamol,120 mg/5 ml,Silco Pharmaceutical Ltd.,"60 ml bottle: ৳ 20.63,100 ml bottle: ৳ 31.77",
10512,Silpa,allopathic,silpaoral-suspension120-mg5-ml,Oral Suspension,Paracetamol,120 mg/5 ml,Silva Pharmaceuticals Ltd.,60 ml bottle: ৳ 16.35,
10511,Silpa,allopathic,silpatablet500-mg,Tablet,Paracetamol,500 mg,Silva Pharmaceuticals Ltd.,"Unit Price: ৳ 0.60,(250's pack: ৳ 150.56),",(250's pack: ৳ 150.56)
6386,Silox,allopathic,siloxpowder-for-suspension125-mg5-ml,Powder for Suspension,Flucloxacillin Sodium,125 mg/5 ml,Silva Pharmaceuticals Ltd.,100 ml bottle: ৳ 60.22,
6385,Silox,allopathic,siloxcapsule500-mg,Capsule,Flucloxacillin Sodium,500 mg,Silva Pharmaceuticals Ltd.,"Unit Price: ৳ 10.04,(20's pack: ৳ 200.75),",(20's pack: ৳ 200.75)
6384,Silox,allopathic,siloxcapsule250-mg,Capsule,Flucloxacillin Sodium,250 mg,Silva Pharmaceuticals Ltd.,"Unit Price: ৳ 5.77,(30's pack: ৳ 173.15),",(30's pack: ৳ 173.15)
33173,Silosin,allopathic,silosincapsule8-mg,Capsule,Silodosin,8 mg,Incepta Pharmaceuticals Ltd.,"Unit Price: ৳ 24.00,(20's pack: ৳ 480.00),",(20's pack: ৳ 480.00)
33172,Silosin,allopathic,silosincapsule4-mg,Capsule,Silodosin,4 mg,Incepta Pharmaceuticals Ltd.,"Unit Price: ৳ 12.00,(20's pack: ৳ 240.00),",(20's pack: ৳ 240.00)
12225,Silora,allopathic,siloratablet10-mg,Tablet,Loratadine,10 mg,Ibn Sina Pharmaceuticals Ltd.,"Unit Price: ৳ 2.50,(50's pack: ৳ 125.00),",(50's pack: ৳ 125.00)
24468,Siloflo,allopathic,siloflocapsule8-mg,Capsule,Silodosin,8 mg,Aristopharma Ltd.,"Unit Price: ৳ 15.00,(20's pack: ৳ 300.00),",(20's pack: ৳ 300.00)
24467,Siloflo,allopathic,siloflocapsule4-mg,Capsule,Silodosin,4 mg,Aristopharma Ltd.,"Unit Price: ৳ 8.00,(20's pack: ৳ 160.00),",(20's pack: ৳ 160.00)
24470,Silofast,allopathic,silofastcapsule4-mg,Capsule,Silodosin,4 mg,Drug International Ltd.,"Unit Price: ৳ 8.00,(20's pack: ৳ 160.00),",(20's pack: ৳ 160.00)
24469,Silofast,allopathic,silofastcapsule8-mg,Capsule,Silodosin,8 mg,Drug International Ltd.,"Unit Price: ৳ 15.00,(20's pack: ৳ 300.00),",(20's pack: ৳ 300.00)
13572,Simcod,allopathic,simcodsyrup,Syrup,Multivitamin & Cod Liver Oil,,Pharmasia Limited,"100 ml bottle: ৳ 80.00,200 ml bottle: ৳ 145.00",
24485,Silzin,allopathic,silzincream1,Cream,Silver Sulfadiazine,1%,Kemiko Pharmaceuticals Ltd.,25 gm tube: ৳ 50.00,
12376,Silverzine,allopathic,silverzinecream1,Cream,Silver Sulfadiazine,1%,Gaco Pharmaceuticals Ltd.,"25 gm tube: ৳ 40.12,250 gm tube: ৳ 202.90,500 gm tube: ৳ 401.20",
28598,Silverpac,allopathic,silverpactablet,Tablet,Multivitamin & Multimineral [A-Z silver preparation],,Pacific Pharmaceuticals Ltd.,"Unit Price: ৳ 10.00,(20's pack: ৳ 200.00),",(20's pack: ৳ 200.00)
24484,Silverax,allopathic,silveraxcream1,Cream,Silver Sulfadiazine,1%,Healthcare Pharmaceuticals Ltd.,"25 gm tube: ৳ 57.00,200 gm tube: ৳ 310.00",
24480,Silvec,allopathic,silveccream1,Cream,Silver Sulfadiazine,1%,Drug International Ltd.,30 gm tube: ৳ 50.00,
12375,Silvazin,allopathic,silvazincream1,Cream,Silver Sulfadiazine,1%,Chemist Laboratories  Ltd.,25 gm tube: ৳ 30.00,
22643,Silmon,allopathic,silmontablet10-mg,Tablet,Montelukast Sodium,10 mg,Silva Pharmaceuticals Ltd.,"Unit Price: ৳ 14.00,(30's pack: ৳ 420.00),",(30's pack: ৳ 420.00)
31573,Silmet,allopathic,silmettablet400-mg,Tablet,Metronidazole,400 mg,Silco Pharmaceutical Ltd.,"Unit Price: ৳ 1.13,(100's pack: ৳ 113.00),",(100's pack: ৳ 113.00)
31572,Silmet,allopathic,silmetoral-suspension200-mg5-ml,Oral Suspension,Metronidazole,200 mg/5 ml,Silco Pharmaceutical Ltd.,60 ml bottle: ৳ 25.30,
24536,Silinor-M,allopathic,silinor-mtablet50-mg500-mg,Tablet,Sitagliptin + Metformin Hydrochloride,50 mg+500 mg,Healthcare Pharmaceuticals Ltd.,"Unit Price: ৳ 20.00,(21's pack: ৳ 420.00),",(21's pack: ৳ 420.00)
24535,Silinor-M,allopathic,silinor-mtablet50-mg1000-mg,Tablet,Sitagliptin + Metformin Hydrochloride,50 mg+1000 mg,Healthcare Pharmaceuticals Ltd.,"Unit Price: ৳ 22.00,(24's pack: ৳ 528.00),",(24's pack: ৳ 528.00)
5521,Silinor,allopathic,silinortablet100-mg,Tablet,Sitagliptin,100 mg,Healthcare Pharmaceuticals Ltd.,"Unit Price: ৳ 30.00,(10's pack: ৳ 300.00),",(10's pack: ৳ 300.00)
5520,Silinor,allopathic,silinortablet50-mg,Tablet,Sitagliptin,50 mg,Healthcare Pharmaceuticals Ltd.,"Unit Price: ৳ 18.00,(30's pack: ৳ 540.00),",(30's pack: ৳ 540.00)
24499,Simvatin,allopathic,simvatintablet20-mg,Tablet,Simvastatin,20 mg,ACME Laboratories Ltd.,"Unit Price: ৳ 18.11,(10's pack: ৳ 181.10),",(10's pack: ৳ 181.10)
3415,Simvatin,allopathic,simvatintablet10-mg,Tablet,Simvastatin,10 mg,ACME Laboratories Ltd.,"Unit Price: ৳ 11.04,(20's pack: ৳ 220.80),",(20's pack: ৳ 220.80)
15164,Simulect,allopathic,simulectiv-infusion20-mgvial,IV Infusion,Basiliximab,20 mg/vial,Novartis (Bangladesh) Ltd.,"20 mg vial: ৳ 103,273.56",
28307,Simponi,allopathic,simponisc-injection50-mg05-ml,SC Injection,Golimumab,50 mg/0.5 ml,Janssen-Cilag,"0.5 ml pre-filled syringe: ৳ 51,131.66",
30186,Simplovir,allopathic,simploviroral-suspension200-mg5-ml,Oral Suspension,Acyclovir (Oral),200 mg/5 ml,Incepta Pharmaceuticals Ltd.,70 ml bottle: ৳ 125.00,
27642,Simplovir,allopathic,simploviriv-infusion1-gmvial,IV Infusion,Acyclovir (Injection),1 gm/vial,Incepta Pharmaceuticals Ltd.,"1 gm vial: ৳ 1,000.00",
153,Simplovir,allopathic,simplovirtablet400-mg,Tablet,Acyclovir (Oral),400 mg,Incepta Pharmaceuticals Ltd.,"Unit Price: ৳ 22.00,(20's pack: ৳ 440.00),",(20's pack: ৳ 440.00)
152,Simplovir,allopathic,simplovirtablet200-mg,Tablet,Acyclovir (Oral),200 mg,Incepta Pharmaceuticals Ltd.,"Unit Price: ৳ 14.00,(30's pack: ৳ 420.00),",(30's pack: ৳ 420.00)
132,Simplovir,allopathic,simploviriv-infusion500-mgvial,IV Infusion,Acyclovir (Injection),500 mg/vial,Incepta Pharmaceuticals Ltd.,500 mg vial: ৳ 700.00,
131,Simplovir,allopathic,simploviriv-infusion250-mgvial,IV Infusion,Acyclovir (Injection),250 mg/vial,Incepta Pharmaceuticals Ltd.,250 mg vial: ৳ 400.00,
123,Simplovir,allopathic,simplovircream5-ww,Cream,Acyclovir (Topical),5% w/w,Incepta Pharmaceuticals Ltd.,5 gm tube: ৳ 40.00,
8694,Simpli,allopathic,simpliiv-infusion500-mgvial,IV Infusion,Azithromycin Dihydrate,500 mg/vial,Beacon Pharmaceuticals Ltd.,500 mg vial: ৳ 461.38,
8693,Simpli,allopathic,simplipowder-for-suspension200-mg5-ml,Powder for Suspension,Azithromycin Dihydrate,200 mg/5 ml,Beacon Pharmaceuticals Ltd.,"20 ml bottle: ৳ 85.57,35 ml bottle: ৳ 130.88,50 ml bottle: ৳ 185.56",
8692,Simpli,allopathic,simplitablet500-mg,Tablet,Azithromycin Dihydrate,500 mg,Beacon Pharmaceuticals Ltd.,"Unit Price: ৳ 35.11,(8's pack: ৳ 280.88),,Unit Price: ৳ 35.11,(12's pack: ৳ 421.32),","(8's pack: ৳ 280.88),(12's pack: ৳ 421.32)"
6641,Simox DS,allopathic,simox-dspowder-for-suspension250-mg5-ml,Powder for Suspension,Amoxicillin Trihydrate,250 mg/5 ml,Silva Pharmaceuticals Ltd.,100 ml bottle: ৳ 65.25,
6642,Simox,allopathic,simoxpediatric-drops125-mg125-ml,Pediatric Drops,Amoxicillin Trihydrate,125 mg/1.25 ml,Silva Pharmaceuticals Ltd.,15 ml bottle: ৳ 27.11,
7049,Sinaceph,allopathic,sinacephpediatric-drops125-mg125-ml,Pediatric Drops,Cephradine,125 mg/1.25 ml,Ibn Sina Pharmaceuticals Ltd.,15 ml bottle: ৳ 55.00,
7047,Sinaceph,allopathic,sinacephpowder-for-suspension125-mg5-ml,Powder for Suspension,Cephradine,125 mg/5 ml,Ibn Sina Pharmaceuticals Ltd.,100 ml bottle: ৳ 95.00,
