brand id,brand name,type,slug,dosage form,generic,strength,manufacturer,package container,Package Size
7046,Sinaceph,allopathic,sinacephcapsule500-mg,Capsule,Cephradine,500 mg,Ibn Sina Pharmaceuticals Ltd.,"Unit Price: ৳ 15.00,(30's pack: ৳ 450.00),",(30's pack: ৳ 450.00)
7045,Sinaceph,allopathic,sinacephcapsule250-mg,Capsule,Cephradine,250 mg,Ibn Sina Pharmaceuticals Ltd.,"Unit Price: ৳ 6.80,(20's pack: ৳ 136.00),",(20's pack: ৳ 136.00)
12964,Sinaban,allopathic,sinabanointment2-ww,Ointment,Mupirocin,2% w/w,Ibn Sina Pharmaceuticals Ltd.,10 gm tube: ৳ 140.00,
14156,Sina Silver,allopathic,sina-silvertablet,Tablet,Multivitamin & Multimineral [A-Z silver preparation],,Ibn Sina Pharmaceuticals Ltd.,"Unit Price: ৳ 8.00,(15's pack: ৳ 120.00),,Unit Price: ৳ 8.00,(30's pack: ৳ 240.00),","(15's pack: ৳ 120.00),(30's pack: ৳ 240.00)"
14119,Sina Gold,allopathic,sina-goldtablet,Tablet,Multivitamin & Multimineral [A-Z gold preparation],,Ibn Sina Pharmaceuticals Ltd.,"Unit Price: ৳ 8.00,(15's pack: ৳ 120.00),,Unit Price: ৳ 8.00,(30's pack: ৳ 240.00),","(15's pack: ৳ 120.00),(30's pack: ৳ 240.00)"
6640,Simox,allopathic,simoxpowder-for-suspension125-mg5-ml,Powder for Suspension,Amoxicillin Trihydrate,125 mg/5 ml,Silva Pharmaceuticals Ltd.,100 ml bottle: ৳ 45.17,
6639,Simox,allopathic,simoxcapsule500-mg,Capsule,Amoxicillin Trihydrate,500 mg,Silva Pharmaceuticals Ltd.,"Unit Price: ৳ 6.02,(50's pack: ৳ 301.00),",(50's pack: ৳ 301.00)
6638,Simox,allopathic,simoxcapsule250-mg,Capsule,Amoxicillin Trihydrate,250 mg,Silva Pharmaceuticals Ltd.,"Unit Price: ৳ 3.51,(100's pack: ৳ 351.00),",(100's pack: ৳ 351.00)
24497,Simethi,allopathic,simethipediatric-drops67-mgml,Pediatric Drops,Simethicone,67 mg/ml,Zenith Pharmaceuticals Ltd.,15 ml drop: ৳ 30.00,
1309,Simet,allopathic,simetpediatric-drops67-mgml,Pediatric Drops,Simethicone,67 mg/ml,ACI Limited,15 ml drop: ৳ 30.20,
27282,Simegal,allopathic,simegaloral-suspension480-mg20-mg5-ml,Oral Suspension,Magaldrate + Simethicone,(480 mg+20 mg)/5 ml,Beacon Pharmaceuticals Ltd.,200 ml bottle: ৳ 110.00,
1308,Simecol,allopathic,simecolpediatric-drops67-mgml,Pediatric Drops,Simethicone,67 mg/ml,Alco Pharma Ltd.,15 ml drop: ৳ 35.11,
6645,Sinamox,allopathic,sinamoxpowder-for-suspension125-mg5-ml,Powder for Suspension,Amoxicillin Trihydrate,125 mg/5 ml,Ibn Sina Pharmaceuticals Ltd.,100 ml bottle: ৳ 47.46,
6644,Sinamox,allopathic,sinamoxcapsule500-mg,Capsule,Amoxicillin Trihydrate,500 mg,Ibn Sina Pharmaceuticals Ltd.,"Unit Price: ৳ 6.75,(80's pack: ৳ 540.00),",(80's pack: ৳ 540.00)
6643,Sinamox,allopathic,sinamoxcapsule250-mg,Capsule,Amoxicillin Trihydrate,250 mg,Ibn Sina Pharmaceuticals Ltd.,"Unit Price: ৳ 3.60,(100's pack: ৳ 360.00),",(100's pack: ৳ 360.00)
11850,Sinamin,allopathic,sinaminsyrup2-mg5-ml,Syrup,Chlorpheniramine Maleate,2 mg/5 ml,Ibn Sina Pharmaceuticals Ltd.,100 ml bottle: ৳ 21.85,
11849,Sinamin,allopathic,sinamintablet4-mg,Tablet,Chlorpheniramine Maleate,4 mg,Ibn Sina Pharmaceuticals Ltd.,"Unit Price: ৳ 0.30,(500's pack: ৳ 150.00),",(500's pack: ৳ 150.00)
2372,Sinalax,allopathic,sinalaxoral-powder10-gmsachet,Oral Powder,Lactitol Monohydrate,10 gm/sachet,Ibn Sina Pharmaceuticals Ltd.,"10 gm sachet: ৳ 13.00,(10's pack: ৳ 130.00),",(10's pack: ৳ 130.00)
2405,Sinalac,allopathic,sinalacoral-solution335-gm5-ml,Oral Solution,Lactulose,3.35 gm/5 ml,Ibn Sina Pharmaceuticals Ltd.,"60 ml bottle: ৳ 70.00,100 ml bottle: ৳ 140.00,200 ml bottle: ৳ 230.00,450 ml bottle: ৳ 424.00",
3974,Sinakof,allopathic,sinakoftablet-sustained-release50-mg,Tablet (Sustained Release),Butamirate Citrate,50 mg,Ibn Sina Pharmaceuticals Ltd.,"Unit Price: ৳ 10.00,(30's pack: ৳ 300.00),",(30's pack: ৳ 300.00)
16155,Sinafresh,allopathic,sinafreshophthalmic-solution1,Ophthalmic Solution,Carboxymethylcellulose Sodium,1%,Ibn Sina Pharmaceuticals Ltd.,10 ml drop: ৳ 250.00,
13836,Sinafort-B,allopathic,sinafort-bsyrup,Syrup,Vitamin B complex,,Ibn Sina Pharmaceuticals Ltd.,200 ml bottle: ৳ 55.00,
13835,Sinafort-B,allopathic,sinafort-btablet,Tablet,Vitamin B complex,,Ibn Sina Pharmaceuticals Ltd.,"Unit Price: ৳ 0.62,(45's pack: ৳ 27.90),",(45's pack: ৳ 27.90)
13834,Sinafort-B,allopathic,sinafort-bcapsule,Capsule,Vitamin B complex,,Ibn Sina Pharmaceuticals Ltd.,"Unit Price: ৳ 1.00,(250's pack: ৳ 250.00),",(250's pack: ৳ 250.00)
6389,Sinaflox,allopathic,sinafloxpowder-for-suspension125-mg5-ml,Powder for Suspension,Flucloxacillin Sodium,125 mg/5 ml,Ibn Sina Pharmaceuticals Ltd.,100 ml bottle: ৳ 65.00,
6388,Sinaflox,allopathic,sinafloxcapsule500-mg,Capsule,Flucloxacillin Sodium,500 mg,Ibn Sina Pharmaceuticals Ltd.,"Unit Price: ৳ 10.50,(50's pack: ৳ 525.00),",(50's pack: ৳ 525.00)
6387,Sinaflox,allopathic,sinafloxcapsule250-mg,Capsule,Flucloxacillin Sodium,250 mg,Ibn Sina Pharmaceuticals Ltd.,"Unit Price: ৳ 5.60,(50's pack: ৳ 280.00),",(50's pack: ৳ 280.00)
13175,Sinaferon,allopathic,sinaferoncapsule200-mg200-mcg,Capsule,Ferrous Fumarate + Folic acid,200 mg+200 mcg,Ibn Sina Pharmaceuticals Ltd.,"Unit Price: ৳ 0.57,(100's pack: ৳ 57.17),",(100's pack: ৳ 57.17)
10513,Sinapol,allopathic,sinapoltablet500-mg,Tablet,Paracetamol,500 mg,Ibn Sina Pharmaceuticals Ltd.,"Unit Price: ৳ 0.80,(250's pack: ৳ 200.00),",(250's pack: ৳ 200.00)
6646,Sinamox DS,allopathic,sinamox-dspowder-for-suspension250-mg5-ml,Powder for Suspension,Amoxicillin Trihydrate,250 mg/5 ml,Ibn Sina Pharmaceuticals Ltd.,100 ml bottle: ৳ 69.00,
6647,Sinamox,allopathic,sinamoxpediatric-drops125-mg125-ml,Pediatric Drops,Amoxicillin Trihydrate,125 mg/1.25 ml,Ibn Sina Pharmaceuticals Ltd.,15 ml bottle: ৳ 30.00,
13174,Sinaferon,allopathic,sinaferontablet200-mg200-mcg,Tablet,Ferrous Fumarate + Folic acid,200 mg+200 mcg,Ibn Sina Pharmaceuticals Ltd.,"Unit Price: ৳ 0.19,(100's pack: ৳ 18.68),",(100's pack: ৳ 18.68)
12904,Sinaferon,allopathic,sinaferonsyrup200-mg5-ml,Syrup,Ferrous Sulfate,200 mg/5 ml,Ibn Sina Pharmaceuticals Ltd.,200 ml bottle: ৳ 40.00,
18207,Sinacort,allopathic,sinacortointment01,Ointment,Betamethasone Valerate,0.10%,Ibn Sina Pharmaceuticals Ltd.,10 gm tube: ৳ 20.00,
18206,Sinacort,allopathic,sinacortcream01,Cream,Betamethasone Valerate,0.10%,Ibn Sina Pharmaceuticals Ltd.,10 gm tube: ৳ 20.00,
6200,Sinaclox,allopathic,sinacloxpowder-for-suspension125-mg5-ml,Powder for Suspension,Cloxacillin Sodium,125 mg/5 ml,Ibn Sina Pharmaceuticals Ltd.,100 ml bottle: ৳ 43.00,
6199,Sinaclox,allopathic,sinacloxcapsule500-mg,Capsule,Cloxacillin Sodium,500 mg,Ibn Sina Pharmaceuticals Ltd.,"Unit Price: ৳ 5.75,(50's pack: ৳ 287.50),",(50's pack: ৳ 287.50)
26601,Sinacet,allopathic,sinacetoral-solution25-mg5-ml,Oral Solution,Levocetirizine Dihydrochloride,2.5 mg/5 ml,Ibn Sina Pharmaceuticals Ltd.,60 ml bottle: ৳ 50.00,
19178,Sinacet,allopathic,sinacettablet5-mg,Tablet,Levocetirizine Dihydrochloride,5 mg,Ibn Sina Pharmaceuticals Ltd.,"Unit Price: ৳ 4.00,(100's pack: ৳ 400.00),",(100's pack: ৳ 400.00)
7048,Sinaceph DS,allopathic,sinaceph-dspowder-for-suspension250-mg5-ml,Powder for Suspension,Cephradine,250 mg/5 ml,Ibn Sina Pharmaceuticals Ltd.,100 ml bottle: ৳ 125.00,
7051,Sinaceph,allopathic,sinacephimiv-injection1-gmvial,IM/IV Injection,Cephradine,1 gm/vial,Ibn Sina Pharmaceuticals Ltd.,1 gm vial: ৳ 85.00,
7050,Sinaceph,allopathic,sinacephimiv-injection500-mgvial,IM/IV Injection,Cephradine,500 mg/vial,Ibn Sina Pharmaceuticals Ltd.,500 mg vial: ৳ 55.00,
30369,Sitacret-M,allopathic,sitacret-mtablet50-mg500-mg,Tablet,Sitagliptin + Metformin Hydrochloride,50 mg+500 mg,Renata Limited,"Unit Price: ৳ 20.00,(20's pack: ৳ 400.00),",(20's pack: ৳ 400.00)
31731,Sitacret,allopathic,sitacrettablet50-mg,Tablet,Sitagliptin,50 mg,Renata Limited,"Unit Price: ৳ 15.00,(30's pack: ৳ 450.00),",(30's pack: ৳ 450.00)
19174,Sistin,allopathic,sistinsyrup5-mg5-ml,Syrup,Cetirizine Hydrochloride,5 mg/5 ml,Supreme Pharmaceutical Ltd.,60 ml bottle: ৳ 16.00,
12006,Sistin,allopathic,sistintablet10-mg,Tablet,Cetirizine Hydrochloride,10 mg,Supreme Pharmaceutical Ltd.,"Unit Price: ৳ 2.50,(100's pack: ৳ 250.00),",(100's pack: ৳ 250.00)
11789,Sirdalud,allopathic,sirdaludtablet2-mg,Tablet,Tizanidine Hydrochloride,2 mg,SANDOZ (A Novartis Division),"Unit Price: ৳ 11.53,(30's pack: ৳ 345.90),",(30's pack: ৳ 345.90)
30514,Sintos,allopathic,sintossyrup100-mg11-mg14-mg5-ml,Syrup,Guaifenesin + Levomenthol + Diphenhydramine,(100 mg+1.1 mg+14 mg)/5 ml,ACME Laboratories Ltd.,100 ml bottle: ৳ 80.00,
25449,Sintel,allopathic,sintelchewable-tablet400-mg,Chewable Tablet,Albendazole,400 mg,ACI Limited,"Unit Price: ৳ 5.02,(50's pack: ৳ 251.00),",(50's pack: ৳ 251.00)
333,Sintel,allopathic,sinteloral-suspension200-mg5-ml,Oral Suspension,Albendazole,200 mg/5 ml,ACI Limited,10 ml bottle: ৳ 20.06,
17278,Sinplatin,allopathic,sinplatiniv-infusion1-mgml,IV Infusion,Cisplatin,1 mg/ml,BOTS Pvt. Limited,"50 mg vial: ৳ 1,545.00",
30896,Sinlair,allopathic,sinlairtablet10-mg,Tablet,Montelukast Sodium,10 mg,Everest Pharmaceuticals Ltd.,"Unit Price: ৳ 15.00,(20's pack: ৳ 300.00),",(20's pack: ৳ 300.00)
31055,Sinjard-M,allopathic,sinjard-mtablet5-mg500-mg,Tablet,Empagliflozin + Metformin Hydrochloride,5 mg+500 mg,Beacon Pharmaceuticals Ltd.,"Unit Price: ৳ 20.00,(28's pack: ৳ 560.00),",(28's pack: ৳ 560.00)
32869,Sinjard-L,allopathic,sinjard-ltablet25-mg5-mg,Tablet,Empagliflozin + Linagliptin,25 mg+5 mg,Beacon Pharmaceuticals Ltd.,"Unit Price: ৳ 40.00,(14's pack: ৳ 560.00),",(14's pack: ৳ 560.00)
32868,Sinjard-L,allopathic,sinjard-ltablet10-mg5-mg,Tablet,Empagliflozin + Linagliptin,10 mg+5 mg,Beacon Pharmaceuticals Ltd.,"Unit Price: ৳ 30.00,(28's pack: ৳ 840.00),",(28's pack: ৳ 840.00)
30277,Sinjard,allopathic,sinjardtablet25-mg,Tablet,Empagliflozin,25 mg,Beacon Pharmaceuticals Ltd.,"Unit Price: ৳ 50.00,(14's pack: ৳ 700.00),",(14's pack: ৳ 700.00)
30276,Sinjard,allopathic,sinjardtablet10-mg,Tablet,Empagliflozin,10 mg,Beacon Pharmaceuticals Ltd.,"Unit Price: ৳ 25.00,(28's pack: ৳ 700.00),",(28's pack: ৳ 700.00)
30318,Singlin,allopathic,singlintablet2-mg,Tablet,Repaglinide,2 mg,Renata Limited,"Unit Price: ৳ 5.00,(50's pack: ৳ 250.00),",(50's pack: ৳ 250.00)
24538,Sitadus-M,allopathic,sitadus-mtablet-extended-release50-mg1000-mg,Tablet (Extended Release),Sitagliptin + Metformin Hydrochloride,50 mg+1000 mg,Opsonin Pharma Ltd.,"Unit Price: ৳ 18.00,(18's pack: ৳ 324.00),",(18's pack: ৳ 324.00)
27073,Sitadus,allopathic,sitadustablet50-mg,Tablet,Sitagliptin,50 mg,Opsonin Pharma Ltd.,"Unit Price: ৳ 15.05,(30's pack: ৳ 451.50),",(30's pack: ৳ 451.50)
27072,Sitadus,allopathic,sitadustablet25-mg,Tablet,Sitagliptin,25 mg,Opsonin Pharma Ltd.,"Unit Price: ৳ 8.03,(30's pack: ৳ 240.90),",(30's pack: ৳ 240.90)
27071,Sitadus,allopathic,sitadustablet100-mg,Tablet,Sitagliptin,100 mg,Opsonin Pharma Ltd.,"Unit Price: ৳ 28.08,(30's pack: ৳ 842.40),",(30's pack: ৳ 842.40)
30317,Singlin,allopathic,singlintablet1-mg,Tablet,Repaglinide,1 mg,Renata Limited,"Unit Price: ৳ 3.00,(100's pack: ৳ 300.00),",(100's pack: ৳ 300.00)
30316,Singlin,allopathic,singlintablet05-mg,Tablet,Repaglinide,0.5 mg,Renata Limited,"Unit Price: ৳ 2.00,(100's pack: ৳ 200.00),",(100's pack: ৳ 200.00)
10873,Sinex,allopathic,sinexointment,Ointment,Camphor + Menthol + Oil Clove + Oil Eucalyptus + Oil Turpentine,,Cosmic Pharma Ltd.,"10 gm tube: ৳ 12.00,(12's pack: ৳ 144.00),",(12's pack: ৳ 144.00)
3975,Sinecod SR,allopathic,sinecod-srtablet-sustained-release50-mg,Tablet (Sustained Release),Butamirate Citrate,50 mg,SANDOZ (A Novartis Division),"Unit Price: ৳ 12.00,(50's pack: ৳ 600.00),",(50's pack: ৳ 600.00)
17284,Sindroxocin,allopathic,sindroxociniv-infusion2-mgml,IV Infusion,Doxorubicin Hydrochloride,2 mg/ml,BOTS Pvt. Limited,"10 mg vial: ৳ 908.00,50 mg vial: ৳ 1,780.00",
17273,Sindoxplatin,allopathic,sindoxplatiniv-infusion5-mgml,IV Infusion,Oxaliplatin,5 mg/ml,BOTS Pvt. Limited,"50 mg vial: ৳ 4,377.00,100 mg vial: ৳ 8,171.00",
5257,Sinazid,allopathic,sinazidtablet80-mg,Tablet,Gliclazide,80 mg,Ibn Sina Pharmaceuticals Ltd.,"Unit Price: ৳ 6.50,(50's pack: ৳ 325.00),",(50's pack: ৳ 325.00)
16992,Sinatrim,allopathic,sinatrimtablet400-mg80-mg,Tablet,Sulphamethoxazole + Trimethoprim,400 mg+80 mg,Ibn Sina Pharmaceuticals Ltd.,"Unit Price: ৳ 1.41,(100's pack: ৳ 141.47),",(100's pack: ৳ 141.47)
9053,Sinatrim,allopathic,sinatrimoral-suspension200-mg40-mg5-ml,Oral Suspension,Sulphamethoxazole + Trimethoprim,(200 mg+40 mg)/5 ml,Ibn Sina Pharmaceuticals Ltd.,60 ml bottle: ৳ 22.00,
10514,Sinapol,allopathic,sinapoloral-suspension120-mg5-ml,Oral Suspension,Paracetamol,120 mg/5 ml,Ibn Sina Pharmaceuticals Ltd.,60 ml bottle: ৳ 20.00,
9055,Sitrim,allopathic,sitrimoral-suspension200-mg40-mg5-ml,Oral Suspension,Sulphamethoxazole + Trimethoprim,(200 mg+40 mg)/5 ml,Silva Pharmaceuticals Ltd.,60 ml bottle: ৳ 20.07,
31577,Sitova,allopathic,sitovatablet20-mg,Tablet,Atorvastatin Calcium,20 mg,Silco Pharmaceutical Ltd.,"Unit Price: ৳ 18.00,(20's pack: ৳ 360.00),",(20's pack: ৳ 360.00)
31576,Sitova,allopathic,sitovatablet10-mg,Tablet,Atorvastatin Calcium,10 mg,Silco Pharmaceutical Ltd.,"Unit Price: ৳ 10.00,(30's pack: ৳ 300.00),",(30's pack: ৳ 300.00)
5701,Sitomet,allopathic,sitomettablet50-mg500-mg,Tablet,Sitagliptin + Metformin Hydrochloride,50 mg+500 mg,ACI Limited,"Unit Price: ৳ 16.05,(30's pack: ৳ 481.50),",(30's pack: ৳ 481.50)
5700,Sitomet,allopathic,sitomettablet50-mg1000-mg,Tablet,Sitagliptin + Metformin Hydrochloride,50 mg+1000 mg,ACI Limited,"Unit Price: ৳ 18.05,(10's pack: ৳ 180.50),",(10's pack: ৳ 180.50)
24532,Sitazid M,allopathic,sitazid-mtablet50-mg500-mg,Tablet,Sitagliptin + Metformin Hydrochloride,50 mg+500 mg,Eskayef Pharmaceuticals Ltd.,"Unit Price: ৳ 14.00,(20's pack: ৳ 280.00),",(20's pack: ৳ 280.00)
24531,Sitazid M,allopathic,sitazid-mtablet50-mg1000-mg,Tablet,Sitagliptin + Metformin Hydrochloride,50 mg+1000 mg,Eskayef Pharmaceuticals Ltd.,"Unit Price: ৳ 15.00,(18's pack: ৳ 270.00),",(18's pack: ৳ 270.00)
24513,Sitazid,allopathic,sitazidtablet100-mg,Tablet,Sitagliptin,100 mg,Eskayef Pharmaceuticals Ltd.,"Unit Price: ৳ 25.00,(10's pack: ৳ 250.00),",(10's pack: ৳ 250.00)
24512,Sitazid,allopathic,sitazidtablet50-mg,Tablet,Sitagliptin,50 mg,Eskayef Pharmaceuticals Ltd.,"Unit Price: ৳ 13.00,(20's pack: ৳ 260.00),",(20's pack: ৳ 260.00)
5699,Sitavia-M,allopathic,sitavia-mtablet50-mg500-mg,Tablet,Sitagliptin + Metformin Hydrochloride,50 mg+500 mg,Sharif Pharmaceuticals Ltd.,"Unit Price: ৳ 16.00,(20's pack: ৳ 320.00),",(20's pack: ৳ 320.00)
5698,Sitavia-M,allopathic,sitavia-mtablet50-mg1000-mg,Tablet,Sitagliptin + Metformin Hydrochloride,50 mg+1000 mg,Sharif Pharmaceuticals Ltd.,"Unit Price: ৳ 18.00,(20's pack: ৳ 360.00),",(20's pack: ৳ 360.00)
5526,Sitavia,allopathic,sitaviatablet50-mg,Tablet,Sitagliptin,50 mg,Sharif Pharmaceuticals Ltd.,"Unit Price: ৳ 15.00,(20's pack: ৳ 300.00),",(20's pack: ৳ 300.00)
5525,Sitap,allopathic,sitaptablet100-mg,Tablet,Sitagliptin,100 mg,ACI Limited,"Unit Price: ৳ 28.08,(10's pack: ৳ 280.80),",(10's pack: ৳ 280.80)
5524,Sitap,allopathic,sitaptablet50-mg,Tablet,Sitagliptin,50 mg,ACI Limited,"Unit Price: ৳ 15.05,(30's pack: ৳ 451.50),",(30's pack: ৳ 451.50)
24542,Sitamet,allopathic,sitamettablet50-mg500-mg,Tablet,Sitagliptin + Metformin Hydrochloride,50 mg+500 mg,Renata Limited,"Unit Price: ৳ 20.00,(10's pack: ৳ 200.00),",(10's pack: ৳ 200.00)
24530,Sitalia M XR,allopathic,sitalia-m-xrtablet-extended-release50-mg500-mg,Tablet (Extended Release),Sitagliptin + Metformin Hydrochloride,50 mg+500 mg,Delta Pharma Ltd.,"Unit Price: ৳ 15.00,(12's pack: ৳ 180.00),",(12's pack: ৳ 180.00)
2406,Sivolac,allopathic,sivolacoral-solution335-gm5-ml,Oral Solution,Lactulose,3.35 gm/5 ml,Sharif Pharmaceuticals Ltd.,100 ml bottle: ৳ 120.37,
15531,Sivicaine Heavy,allopathic,sivicaine-heavyintraspinal-injection058,Intraspinal Injection,Bupivacaine Hydrochloride + Dextrose,0.5%+8%,Renata Limited,"4 ml ampoule: ৳ 30.11,(5's pack: ৳ 150.55),",(5's pack: ৳ 150.55)
17054,Sitrim,allopathic,sitrimtablet400-mg80-mg,Tablet,Sulphamethoxazole + Trimethoprim,400 mg+80 mg,Silva Pharmaceuticals Ltd.,"Unit Price: ৳ 2.01,(100's pack: ৳ 200.75),",(100's pack: ৳ 200.75)
5696,Sitalia M,allopathic,sitalia-mtablet50-mg500-mg,Tablet,Sitagliptin + Metformin Hydrochloride,50 mg+500 mg,Delta Pharma Ltd.,"Unit Price: ৳ 12.00,(20's pack: ৳ 240.00),",(20's pack: ৳ 240.00)
27247,Sitaglap M,allopathic,sitaglap-mtablet50-mg1000-mg,Tablet,Sitagliptin + Metformin Hydrochloride,50 mg+1000 mg,Euro Pharma Ltd.,"Unit Price: ৳ 22.00,(20's pack: ৳ 440.00),",(20's pack: ৳ 440.00)
27246,Sitaglap M,allopathic,sitaglap-mtablet50-mg500-mg,Tablet,Sitagliptin + Metformin Hydrochloride,50 mg+500 mg,Euro Pharma Ltd.,"Unit Price: ৳ 20.00,(30's pack: ৳ 600.00),",(30's pack: ৳ 600.00)
32954,Sitaglap,allopathic,sitaglaptablet50-mg,Tablet,Sitagliptin,50 mg,Euro Pharma Ltd.,"Unit Price: ৳ 14.00,(30's pack: ৳ 420.00),",(30's pack: ৳ 420.00)
26241,Sitagil M,allopathic,sitagil-mtablet-extended-release100-mg1000-mg,Tablet (Extended Release),Sitagliptin + Metformin Hydrochloride,100 mg+1000 mg,Incepta Pharmaceuticals Ltd.,"Unit Price: ৳ 35.00,(18's pack: ৳ 630.00),",(18's pack: ৳ 630.00)
24537,Sitagil M,allopathic,sitagil-mtablet-extended-release50-mg1000-mg,Tablet (Extended Release),Sitagliptin + Metformin Hydrochloride,50 mg+1000 mg,Incepta Pharmaceuticals Ltd.,"Unit Price: ৳ 18.00,(18's pack: ৳ 324.00),",(18's pack: ৳ 324.00)
5686,Sitagil M,allopathic,sitagil-mtablet-extended-release50-mg500-mg,Tablet (Extended Release),Sitagliptin + Metformin Hydrochloride,50 mg+500 mg,Incepta Pharmaceuticals Ltd.,"Unit Price: ৳ 16.00,(20's pack: ৳ 320.00),",(20's pack: ৳ 320.00)
5513,Sitagil,allopathic,sitagiltablet100-mg,Tablet,Sitagliptin,100 mg,Incepta Pharmaceuticals Ltd.,"Unit Price: ৳ 28.00,(10's pack: ৳ 280.00),",(10's pack: ৳ 280.00)
5512,Sitagil,allopathic,sitagiltablet50-mg,Tablet,Sitagliptin,50 mg,Incepta Pharmaceuticals Ltd.,"Unit Price: ৳ 15.00,(20's pack: ৳ 300.00),",(20's pack: ৳ 300.00)
5511,Sitagil,allopathic,sitagiltablet25-mg,Tablet,Sitagliptin,25 mg,Incepta Pharmaceuticals Ltd.,"Unit Price: ৳ 8.00,(30's pack: ৳ 240.00),",(30's pack: ৳ 240.00)
24539,Sitadus-M,allopathic,sitadus-mtablet-extended-release50-mg500-mg,Tablet (Extended Release),Sitagliptin + Metformin Hydrochloride,50 mg+500 mg,Opsonin Pharma Ltd.,"Unit Price: ৳ 16.00,(20's pack: ৳ 320.00),",(20's pack: ৳ 320.00)
6650,SK-mox,allopathic,sk-moxpowder-for-suspension125-mg5-ml,Powder for Suspension,Amoxicillin Trihydrate,125 mg/5 ml,Eskayef Pharmaceuticals Ltd.,100 ml bottle: ৳ 47.60,
6649,SK-mox,allopathic,sk-moxcapsule500-mg,Capsule,Amoxicillin Trihydrate,500 mg,Eskayef Pharmaceuticals Ltd.,"Unit Price: ৳ 6.09,(50's pack: ৳ 304.50),",(50's pack: ৳ 304.50)
6648,SK-mox,allopathic,sk-moxcapsule250-mg,Capsule,Amoxicillin Trihydrate,250 mg,Eskayef Pharmaceuticals Ltd.,"Unit Price: ৳ 3.55,(100's pack: ৳ 355.00),",(100's pack: ৳ 355.00)
7055,SK-cef DS,allopathic,sk-cef-dspowder-for-suspension250-mg5-ml,Powder for Suspension,Cephradine,250 mg/5 ml,Eskayef Pharmaceuticals Ltd.,"60 ml bottle: ৳ 80.00,100 ml bottle: ৳ 140.00",
7058,SK-cef,allopathic,sk-cefimiv-injection1-gmvial,IM/IV Injection,Cephradine,1 gm/vial,Eskayef Pharmaceuticals Ltd.,1 gm vial: ৳ 85.00,
7057,SK-cef,allopathic,sk-cefimiv-injection500-mgvial,IM/IV Injection,Cephradine,500 mg/vial,Eskayef Pharmaceuticals Ltd.,500 mg vial: ৳ 60.00,
7056,SK-cef,allopathic,sk-cefpediatric-drops125-mg125-ml,Pediatric Drops,Cephradine,125 mg/1.25 ml,Eskayef Pharmaceuticals Ltd.,15 ml bottle: ৳ 65.00,
7054,SK-cef,allopathic,sk-cefpowder-for-suspension125-mg5-ml,Powder for Suspension,Cephradine,125 mg/5 ml,Eskayef Pharmaceuticals Ltd.,100 ml bottle: ৳ 90.00,
7053,SK-cef,allopathic,sk-cefcapsule500-mg,Capsule,Cephradine,500 mg,Eskayef Pharmaceuticals Ltd.,"Unit Price: ৳ 15.00,(30's pack: ৳ 450.00),",(30's pack: ৳ 450.00)
7052,SK-cef,allopathic,sk-cefcapsule250-mg,Capsule,Cephradine,250 mg,Eskayef Pharmaceuticals Ltd.,"Unit Price: ৳ 8.00,(48's pack: ৳ 384.00),",(48's pack: ৳ 384.00)
998,Sizopra,allopathic,sizopratablet15-mg,Tablet,Aripiprazole,15 mg,ACME Laboratories Ltd.,"Unit Price: ৳ 7.04,(20's pack: ৳ 140.80),",(20's pack: ৳ 140.80)
997,Sizopra,allopathic,sizopratablet10-mg,Tablet,Aripiprazole,10 mg,ACME Laboratories Ltd.,"Unit Price: ৳ 5.03,(30's pack: ৳ 150.90),",(30's pack: ৳ 150.90)
4311,Sizopin,allopathic,sizopintablet100-mg,Tablet,Clozapine,100 mg,Sun Pharmaceutical Ltd.,"Unit Price: ৳ 10.00,(50's pack: ৳ 500.00),",(50's pack: ৳ 500.00)
4310,Sizopin,allopathic,sizopintablet25-mg,Tablet,Clozapine,25 mg,Sun Pharmaceutical Ltd.,"Unit Price: ৳ 3.00,(50's pack: ৳ 150.00),,Unit Price: ৳ 3.00,(100's pack: ৳ 300.00),","(50's pack: ৳ 150.00),(100's pack: ৳ 300.00)"
4304,Sizonil,allopathic,sizoniltablet5-mg,Tablet,Trifluoperazine,5 mg,Healthcare Pharmaceuticals Ltd.,"Unit Price: ৳ 3.50,(100's pack: ৳ 350.00),",(100's pack: ৳ 350.00)
4303,Sizonil,allopathic,sizoniltablet1-mg,Tablet,Trifluoperazine,1 mg,Healthcare Pharmaceuticals Ltd.,"Unit Price: ৳ 2.00,(100's pack: ৳ 200.00),",(100's pack: ৳ 200.00)
11756,Skelofen,allopathic,skelofentablet5-mg,Tablet,Baclofen,5 mg,ACME Laboratories Ltd.,"Unit Price: ৳ 4.51,(30's pack: ৳ 135.30),",(30's pack: ৳ 135.30)
6651,SK-mox DS,allopathic,sk-mox-dspowder-for-suspension250-mg5-ml,Powder for Suspension,Amoxicillin Trihydrate,250 mg/5 ml,Eskayef Pharmaceuticals Ltd.,100 ml bottle: ৳ 68.20,
6652,SK-mox,allopathic,sk-moxpediatric-drops125-mg125-ml,Pediatric Drops,Amoxicillin Trihydrate,125 mg/1.25 ml,Eskayef Pharmaceuticals Ltd.,15 ml bottle: ৳ 30.20,
31954,Sizodon MD,allopathic,sizodon-mddispersible-tablet4-mg,Dispersible Tablet,Risperidone (Oral),4 mg,Sun Pharmaceutical Ltd.,"Unit Price: ৳ 9.50,(50's pack: ৳ 475.00),",(50's pack: ৳ 475.00)
31953,Sizodon MD,allopathic,sizodon-mddispersible-tablet2-mg,Dispersible Tablet,Risperidone (Oral),2 mg,Sun Pharmaceutical Ltd.,"Unit Price: ৳ 6.50,(100's pack: ৳ 650.00),",(100's pack: ৳ 650.00)
31952,Sizodon MD,allopathic,sizodon-mddispersible-tablet1-mg,Dispersible Tablet,Risperidone (Oral),1 mg,Sun Pharmaceutical Ltd.,"Unit Price: ৳ 3.26,(100's pack: ৳ 325.50),",(100's pack: ৳ 325.50)
4433,Sizodon,allopathic,sizodontablet4-mg,Tablet,Risperidone (Oral),4 mg,Sun Pharmaceutical Ltd.,"Unit Price: ৳ 9.03,(50's pack: ৳ 451.50),",(50's pack: ৳ 451.50)
4432,Sizodon,allopathic,sizodontablet2-mg,Tablet,Risperidone (Oral),2 mg,Sun Pharmaceutical Ltd.,"Unit Price: ৳ 6.02,(100's pack: ৳ 601.60),",(100's pack: ৳ 601.60)
4431,Sizodon,allopathic,sizodontablet1-mg,Tablet,Risperidone (Oral),1 mg,Sun Pharmaceutical Ltd.,"Unit Price: ৳ 3.01,(50's pack: ৳ 150.50),,Unit Price: ৳ 3.01,(100's pack: ৳ 301.48),","(50's pack: ৳ 150.50),(100's pack: ৳ 301.48)"
30603,Siznil,allopathic,sizniltablet10-mg,Tablet,Aripiprazole,10 mg,Orion Pharma Ltd.,"Unit Price: ৳ 5.03,(50's pack: ৳ 251.50),",(50's pack: ৳ 251.50)
4896,Sizatoin,allopathic,sizatointablet100-mg,Tablet,Phenytoin Sodium,100 mg,Incepta Pharmaceuticals Ltd.,"Unit Price: ৳ 4.00,(50's pack: ৳ 200.00),",(50's pack: ৳ 200.00)
13629,Sixvit,allopathic,sixvittablet20-mg,Tablet,Pyridoxine Hydrochloride,20 mg,Beacon Pharmaceuticals Ltd.,"Unit Price: ৳ 1.30,(100's pack: ৳ 130.00),",(100's pack: ৳ 130.00)
5501,Sixtin,allopathic,sixtintablet5-mg,Tablet,Saxagliptin,5 mg,Drug International Ltd.,"Unit Price: ৳ 30.00,(14's pack: ৳ 420.00),",(14's pack: ৳ 420.00)
5500,Sixtin,allopathic,sixtintablet25-mg,Tablet,Saxagliptin,2.5 mg,Drug International Ltd.,"Unit Price: ৳ 16.00,(14's pack: ৳ 224.00),",(14's pack: ৳ 224.00)
28467,Sleepwel,allopathic,sleepweltablet1-mg,Tablet,Eszopiclone,1 mg,Popular Pharmaceuticals Ltd.,"Unit Price: ৳ 2.01,(30's pack: ৳ 60.31),",(30's pack: ৳ 60.31)
4209,Sleepon,allopathic,sleepontablet2-mg,Tablet,Eszopiclone,2 mg,Silva Pharmaceuticals Ltd.,"Unit Price: ৳ 3.01,(50's pack: ৳ 150.50),",(50's pack: ৳ 150.50)
4208,Sleepon,allopathic,sleepontablet1-mg,Tablet,Eszopiclone,1 mg,Silva Pharmaceuticals Ltd.,"Unit Price: ৳ 2.01,(50's pack: ৳ 100.50),",(50's pack: ৳ 100.50)
10318,Skytex,allopathic,skytexsyrup40-mg5-ml,Syrup,Levamisole,40 mg/5 ml,Skylab Pharmaceuticals Ltd.,"15 ml bottle: ৳ 6.00,30 ml bottle: ৳ 15.50",
10317,Skytex,allopathic,skytextablet40-mg,Tablet,Levamisole,40 mg,Skylab Pharmaceuticals Ltd.,"Unit Price: ৳ 0.45,(100's pack: ৳ 45.00),",(100's pack: ৳ 45.00)
6418,Skycillin,allopathic,skycillincapsule250-mg,Capsule,Ampicillin Sodium,250 mg,Skylab Pharmaceuticals Ltd.,"Unit Price: ৳ 2.12,(100's pack: ৳ 212.00),",(100's pack: ৳ 212.00)
32734,Skisia,allopathic,skisiacream2525,Cream,Lidocaine + Prilocaine,2.5%+2.5%,Healthcare Pharmaceuticals Ltd.,5 gm tube: ৳ 135.00,
12588,Skinovate,allopathic,skinovatecream005,Cream,Clobetasol Propionate (Topical Preparation),0.05%,Gaco Pharmaceuticals Ltd.,10 gm tube: ৳ 35.11,
31252,Skinobac,allopathic,skinobacointment2-ww,Ointment,Mupirocin,2% w/w,Popular Pharmaceuticals Ltd.,10 gm tube: ৳ 140.00,
12632,Skinalar-N,allopathic,skinalar-nointment002505,Ointment,Fluocinolone Acetonide + Neomycin Sulfate,0.025%+0.5%,ACI Limited,5 gm tube: ৳ 40.12,
12631,Skinalar-N,allopathic,skinalar-ncream002505,Cream,Fluocinolone Acetonide + Neomycin Sulfate,0.025%+0.5%,ACI Limited,5 gm tube: ৳ 40.12,
12629,Skinalar,allopathic,skinalarointment0025,Ointment,Fluocinolone Acetonide,0.03%,ACI Limited,5 gm tube: ৳ 38.12,
12628,Skinalar,allopathic,skinalarcream0025,Cream,Fluocinolone Acetonide,0.03%,ACI Limited,5 gm tube: ৳ 38.12,
3899,Skinaderm,allopathic,skinadermointment01,Ointment,Triamcinolone Acetonide (Topical),0.10%,Kemiko Pharmaceuticals Ltd.,10 gm tube: ৳ 20.06,
24847,Skinabin,allopathic,skinabintablet250-mg,Tablet,Terbinafine Hydrochloride,250 mg,ACI Limited,"Unit Price: ৳ 40.27,(14's pack: ৳ 563.78),",(14's pack: ৳ 563.78)
10051,Skinabin,allopathic,skinabincream1,Cream,Terbinafine Hydrochloride,1%,ACI Limited,15 gm tube: ৳ 65.00,
4167,Slipam,allopathic,slipamcapsule30-mg,Capsule,Flurazepam,30 mg,General Pharmaceuticals Ltd.,"Unit Price: ৳ 8.03,(30's pack: ৳ 240.92),",(30's pack: ৳ 240.92)
4166,Slipam,allopathic,slipamcapsule15-mg,Capsule,Flurazepam,15 mg,General Pharmaceuticals Ltd.,"Unit Price: ৳ 4.51,(30's pack: ৳ 135.27),",(30's pack: ৳ 135.27)
4451,Slipaid,allopathic,slipaidtablet6-mg,Tablet,Doxepin (Oral),6 mg,Beacon Pharmaceuticals Ltd.,"Unit Price: ৳ 10.00,(30's pack: ৳ 300.00),",(30's pack: ৳ 300.00)
4450,Slipaid,allopathic,slipaidtablet3-mg,Tablet,Doxepin (Oral),3 mg,Beacon Pharmaceuticals Ltd.,"Unit Price: ৳ 6.00,(50's pack: ৳ 300.00),",(50's pack: ৳ 300.00)
5165,Slimi,allopathic,slimicapsule60-mg,Capsule,Orlistat,60 mg,UniMed UniHealth,"Unit Price: ৳ 30.00,(21's pack: ৳ 630.00),",(21's pack: ৳ 630.00)
5164,Slimfast,allopathic,slimfastcapsule120-mg,Capsule,Orlistat,120 mg,Healthcare Pharmaceuticals Ltd.,"Unit Price: ৳ 60.00,(24's pack: ৳ 1,440.00),","(24's pack: ৳ 1,440.00)"
27940,Slimcare,allopathic,slimcarecapsule120-mg,Capsule,Orlistat,120 mg,The White Horse Pharma,"Unit Price: ৳ 50.00,(10's pack: ৳ 500.00),",(10's pack: ৳ 500.00)
28468,Sleepwel,allopathic,sleepweltablet2-mg,Tablet,Eszopiclone,2 mg,Popular Pharmaceuticals Ltd.,"Unit Price: ৳ 3.02,(30's pack: ৳ 90.56),",(30's pack: ৳ 90.56)
28599,Skimico,allopathic,skimicocream2,Cream,Miconazole Nitrate (Topical),2%,Pacific Pharmaceuticals Ltd.,10 gm tube: ৳ 35.00,
6392,Skilox,allopathic,skiloxpowder-for-suspension125-mg5-ml,Powder for Suspension,Flucloxacillin Sodium,125 mg/5 ml,Healthcare Pharmaceuticals Ltd.,100 ml bottle: ৳ 62.00,
6391,Skilox,allopathic,skiloxcapsule500-mg,Capsule,Flucloxacillin Sodium,500 mg,Healthcare Pharmaceuticals Ltd.,"Unit Price: ৳ 10.00,(50's pack: ৳ 500.00),,Unit Price: ৳ 10.00,(30's pack: ৳ 300.00),","(50's pack: ৳ 500.00),(30's pack: ৳ 300.00)"
6390,Skilox,allopathic,skiloxcapsule250-mg,Capsule,Flucloxacillin Sodium,250 mg,Healthcare Pharmaceuticals Ltd.,"Unit Price: ৳ 6.00,(50's pack: ৳ 300.00),",(50's pack: ৳ 300.00)
12511,Skilin,allopathic,skilincream5-ww,Cream,Permethrin,5% w/w,General Pharmaceuticals Ltd.,"15 gm tube: ৳ 25.16,30 gm tube: ৳ 40.27",
11757,Skelofen,allopathic,skelofentablet10-mg,Tablet,Baclofen,10 mg,ACME Laboratories Ltd.,"Unit Price: ৳ 8.03,(30's pack: ৳ 240.90),",(30's pack: ৳ 240.90)
32408,Sodival CR,allopathic,sodival-crtablet-controlled-release500-mg,Tablet (Controlled Release),Sodium Valproate,500 mg,ACI Limited,"Unit Price: ৳ 10.00,(30's pack: ৳ 300.00),",(30's pack: ৳ 300.00)
24613,Sodival CR,allopathic,sodival-crtablet-controlled-release300-mg,Tablet (Controlled Release),Sodium Valproate,300 mg,ACI Limited,"Unit Price: ৳ 6.00,(30's pack: ৳ 180.00),",(30's pack: ৳ 180.00)
24612,Sodival CR,allopathic,sodival-crtablet-controlled-release200-mg,Tablet (Controlled Release),Sodium Valproate,200 mg,ACI Limited,"Unit Price: ৳ 4.00,(30's pack: ৳ 120.00),",(30's pack: ৳ 120.00)
27744,Sodium bi carbonate,allopathic,sodium-bi-carbonateiv-infusion75,IV Infusion,Sodium Bicarbonate,7.50%,Opso Saline Ltd.,25 ml vial: ৳ 7.02,
31546,SodiSalt,allopathic,sodisalttablet300-mg,Tablet,Sodium Chloride (Tablet),300 mg,ACI Limited,"Unit Price: ৳ 3.00,(100's pack: ৳ 300.00),",(100's pack: ৳ 300.00)
14902,Sodinate,allopathic,sodinatetablet600-mg,Tablet,Sodium Bicarbonate,600 mg,Opsonin Pharma Ltd.,"Unit Price: ৳ 6.02,(50's pack: ৳ 301.00),",(50's pack: ৳ 301.00)
3705,Sodicrom DS,allopathic,sodicrom-dsophthalmic-solution4,Ophthalmic Solution,Sodium Cromoglicate [4%],4%,Popular Pharmaceuticals Ltd.,10 ml drop: ৳ 75.28,
3702,Sodicrom,allopathic,sodicromophthalmic-solution2,Ophthalmic Solution,Sodium Cromoglicate [2%],2%,Popular Pharmaceuticals Ltd.,10 ml drop: ৳ 60.23,
29825,Sodiclor,allopathic,sodiclortablet600-mg,Tablet,Sodium Chloride (Tablet),600 mg,Popular Pharmaceuticals Ltd.,"Unit Price: ৳ 6.00,(60's pack: ৳ 360.00),",(60's pack: ৳ 360.00)
29624,Sodiclor,allopathic,sodiclortablet300-mg,Tablet,Sodium Chloride (Tablet),300 mg,Popular Pharmaceuticals Ltd.,"Unit Price: ৳ 3.00,(100's pack: ৳ 300.00),",(100's pack: ৳ 300.00)
14901,Sodicarb,allopathic,sodicarbtablet600-mg,Tablet,Sodium Bicarbonate,600 mg,Popular Pharmaceuticals Ltd.,"Unit Price: ৳ 6.02,(60's pack: ৳ 361.19),",(60's pack: ৳ 361.19)
14899,Sodib,allopathic,sodibiv-infusion75,IV Infusion,Sodium Bicarbonate,7.50%,Jayson Pharmaceuticals Ltd.,"25 ml vial: ৳ 25.08,(24's pack: ৳ 601.92),",(24's pack: ৳ 601.92)
24554,Sodal,allopathic,sodaloral-suspension500-mg100-mg5-ml,Oral Suspension,Sodium Alginate + Potassium Bicarbonate,(500 mg+100 mg)/5 ml,Benham Pharmaceuticals Ltd.,200 ml bottle: ৳ 150.00,
28600,Socolate,allopathic,socolateophthalmic-solution2,Ophthalmic Solution,Sodium Cromoglicate [2%],2%,Pacific Pharmaceuticals Ltd.,10 ml drop: ৳ 65.00,
27074,Snofas,allopathic,snofasnasal-spray275-mcgspray,Nasal Spray,Fluticasone Furoate,27.5 mcg/spray,Opsonin Pharma Ltd.,120 metered sprays: ৳ 250.00,
18067,SMR,allopathic,smrtablet10-mg,Tablet,Baclofen,10 mg,Amulet Pharmaceuticals Ltd.,"Unit Price: ৳ 8.03,(30's pack: ৳ 240.90),",(30's pack: ৳ 240.90)
31237,Sofen,allopathic,sofentablet200-mg,Tablet,Sorafenib Tosylate,200 mg,Healthcare Pharmaceuticals Ltd.,"Unit Price: ৳ 300.00,(30's pack: ৳ 9,000.00),","(30's pack: ৳ 9,000.00)"
6395,Sofa,allopathic,sofapowder-for-suspension125-mg5-ml,Powder for Suspension,Flucloxacillin Sodium,125 mg/5 ml,Apollo Pharmaceutical Ltd.,100 ml bottle: ৳ 60.00,
6393,Sofa,allopathic,sofacapsule250-mg,Capsule,Flucloxacillin Sodium,250 mg,Apollo Pharmaceutical Ltd.,"Unit Price: ৳ 5.25,(48's pack: ৳ 252.00),",(48's pack: ৳ 252.00)
4152,Smile,allopathic,smilesyrup30-mg100-mg125-mg5-ml,Syrup,Pseudoephedrine + Guaiphenasine + Triprolidine,(30 mg+100 mg+1.25 mg)/5 ml,Nipa Pharmaceuticals Ltd.,100 ml bottle: ৳ 35.00,
27098,SMC Zinc,allopathic,smc-zinctablet20-mg,Tablet,Zinc Sulfate Monohydrate,20 mg,ACME Laboratories Ltd.,"Unit Price: ৳ 1.75,(100's pack: ৳ 175.00),",(100's pack: ৳ 175.00)
31579,Slona,allopathic,slonatablet2-mg,Tablet,Clonazepam,2 mg,Silco Pharmaceutical Ltd.,"Unit Price: ৳ 10.00,(30's pack: ৳ 300.00),",(30's pack: ৳ 300.00)
31578,Slona,allopathic,slonatablet05-mg,Tablet,Clonazepam,0.5 mg,Silco Pharmaceutical Ltd.,"Unit Price: ৳ 6.00,(100's pack: ৳ 600.00),",(100's pack: ৳ 600.00)
5703,Sliptin-M ER,allopathic,sliptin-m-ertablet-extended-release50-mg1000-mg,Tablet (Extended Release),Sitagliptin + Metformin Hydrochloride,50 mg+1000 mg,Drug International Ltd.,"Unit Price: ৳ 18.00,(14's pack: ৳ 252.00),",(14's pack: ৳ 252.00)
5702,Sliptin-M ER,allopathic,sliptin-m-ertablet-extended-release50-mg500-mg,Tablet (Extended Release),Sitagliptin + Metformin Hydrochloride,50 mg+500 mg,Drug International Ltd.,"Unit Price: ৳ 16.00,(14's pack: ৳ 224.00),",(14's pack: ৳ 224.00)
5689,Sliptin-M,allopathic,sliptin-mtablet50-mg1000-mg,Tablet,Sitagliptin + Metformin Hydrochloride,50 mg+1000 mg,Drug International Ltd.,"Unit Price: ৳ 19.00,(14's pack: ৳ 266.00),",(14's pack: ৳ 266.00)
5688,Sliptin-M,allopathic,sliptin-mtablet50-mg500-mg,Tablet,Sitagliptin + Metformin Hydrochloride,50 mg+500 mg,Drug International Ltd.,"Unit Price: ৳ 16.05,(14's pack: ৳ 224.70),",(14's pack: ৳ 224.70)
5516,Sliptin,allopathic,sliptintablet100-mg,Tablet,Sitagliptin,100 mg,Drug International Ltd.,"Unit Price: ৳ 28.10,(14's pack: ৳ 393.40),",(14's pack: ৳ 393.40)
5515,Sliptin,allopathic,sliptintablet50-mg,Tablet,Sitagliptin,50 mg,Drug International Ltd.,"Unit Price: ৳ 15.00,(28's pack: ৳ 420.00),",(28's pack: ৳ 420.00)
5514,Sliptin,allopathic,sliptintablet25-mg,Tablet,Sitagliptin,25 mg,Drug International Ltd.,"Unit Price: ৳ 8.05,(42's pack: ৳ 338.10),",(42's pack: ৳ 338.10)
24660,Solider,allopathic,solidertablet5-mg,Tablet,Solifenacin Succinate,5 mg,Square Pharmaceuticals Ltd.,"Unit Price: ৳ 15.00,(30's pack: ৳ 450.00),",(30's pack: ৳ 450.00)
24659,Solider,allopathic,solidertablet10-mg,Tablet,Solifenacin Succinate,10 mg,Square Pharmaceuticals Ltd.,"Unit Price: ৳ 30.00,(10's pack: ৳ 300.00),",(10's pack: ৳ 300.00)
24662,Solicare,allopathic,solicaretablet10-mg,Tablet,Solifenacin Succinate,10 mg,ACME Laboratories Ltd.,"Unit Price: ৳ 30.00,(14's pack: ৳ 420.00),",(14's pack: ৳ 420.00)
24661,Solicare,allopathic,solicaretablet5-mg,Tablet,Solifenacin Succinate,5 mg,ACME Laboratories Ltd.,"Unit Price: ৳ 15.00,(14's pack: ৳ 210.00),",(14's pack: ৳ 210.00)
13699,Solbion,allopathic,solbiontablet100-mg200-mg200-mcg,Tablet,"Vitamin B1, B6 & B12",100 mg+200 mg+200 mcg,Eskayef Pharmaceuticals Ltd.,"Unit Price: ৳ 8.00,(30's pack: ৳ 240.00),,Unit Price: ৳ 8.00,(50's pack: ৳ 400.00),","(30's pack: ৳ 240.00),(50's pack: ৳ 400.00)"
13698,Solbion,allopathic,solbionim-injection100-mg100-mg1-mg3-ml,IM Injection,"Vitamin B1, B6 & B12",(100 mg+100 mg+1 mg)/3 ml,Eskayef Pharmaceuticals Ltd.,"3 ml ampoule: ৳ 25.00,(10's pack: ৳ 250.00),",(10's pack: ৳ 250.00)
16320,SolaScren,allopathic,solascrenlotion8232,Lotion,Padimate O + Avobenzone + Oxybenzone + Titanium dioxide,8%+2%+3%+2%,Incepta Pharmaceuticals Ltd.,60 ml bottle: ৳ 400.00,
10336,Solas,allopathic,solasoral-suspension100-mg5-ml,Oral Suspension,Mebendazole,100 mg/5 ml,Opsonin Pharma Ltd.,30 ml bottle: ৳ 18.25,
10335,Solas,allopathic,solaschewable-tablet100-mg,Chewable Tablet,Mebendazole,100 mg,Opsonin Pharma Ltd.,"Unit Price: ৳ 1.15,(180's pack: ৳ 207.00),",(180's pack: ৳ 207.00)
29602,Sojourn,allopathic,sojournsolution-for-inhalation250-mg250-ml,Solution for Inhalation,Sevoflurane,250 mg/250 ml,"Piramal Critical Care, USA","250 ml bottle: ৳ 13,000.00",
13837,Softi,allopathic,softiointment75305,Ointment,Zinc Oxide + Virgin Castor Oil,7.5%+30.5%,Eskayef Pharmaceuticals Ltd.,"50 gm tube: ৳ 90.00,15 gm tube: ৳ 35.00",
6397,Softapen,allopathic,softapenpowder-for-suspension125-mg5-ml,Powder for Suspension,Flucloxacillin Sodium,125 mg/5 ml,Rephco Pharmaceuticals Ltd.,100 ml bottle: ৳ 70.00,
6396,Softapen,allopathic,softapencapsule500-mg,Capsule,Flucloxacillin Sodium,500 mg,Rephco Pharmaceuticals Ltd.,"Unit Price: ৳ 11.00,(40's pack: ৳ 440.00),",(40's pack: ৳ 440.00)
28846,Sofoxen,allopathic,sofoxentablet400-mg,Tablet,Sofosbuvir,400 mg,Everest Pharmaceuticals Ltd.,"Unit Price: ৳ 600.00,(7's pack: ৳ 4,200.00),,Unit Price: ৳ 600.00,(28's pack: ৳ 16,800.00),","(7's pack: ৳ 4,200.00),(28's pack: ৳ 16,800.00)"
16699,Sofovir-C,allopathic,sofovir-ctablet400-mg,Tablet,Sofosbuvir,400 mg,Beximco Pharmaceuticals Ltd.,"Unit Price: ৳ 350.00,(14's pack: ৳ 4,900.00),","(14's pack: ৳ 4,900.00)"
24651,Sofosvel,allopathic,sofosveltablet400-mg100-mg,Tablet,Sofosbuvir + Velpatasvir,400 mg+100 mg,Beacon Pharmaceuticals Ltd.,"Unit Price: ৳ 1,170.00,(6's pack: ৳ 7,020.00),","(6's pack: ৳ 7,020.00)"
24579,Solo,allopathic,soloiv-infusion09,IV Infusion,Sodium Chloride (Intravenous Solution),0.90%,Square Pharmaceuticals Ltd.,"500 ml bag: ৳ 67.85,1000 ml bag: ৳ 87.39",
14880,Solo,allopathic,solonasal-drop09,Nasal Drop,Sodium Chloride (Nasal preparation),0.90%,Square Pharmaceuticals Ltd.,"10 ml drop: ৳ 23.06,(10's pack: ৳ 230.60),",(10's pack: ৳ 230.60)
11578,Solivo,allopathic,solivotablet-delayed-release500-mg20-mg,Tablet (Delayed Release),Naproxen Sodium + Esomeprazole Magnesium,500 mg+20 mg,Healthcare Pharmaceuticals Ltd.,"Unit Price: ৳ 15.00,(30's pack: ৳ 450.00),",(30's pack: ৳ 450.00)
11577,Solivo,allopathic,solivotablet-delayed-release375-mg20-mg,Tablet (Delayed Release),Naproxen Sodium + Esomeprazole Magnesium,375 mg+20 mg,Healthcare Pharmaceuticals Ltd.,"Unit Price: ৳ 13.00,(30's pack: ৳ 390.00),",(30's pack: ৳ 390.00)
32303,Solina,allopathic,solinatablet10-mg,Tablet,Solifenacin Succinate,10 mg,Drug International Ltd.,"Unit Price: ৳ 20.00,(14's pack: ৳ 280.00),",(14's pack: ৳ 280.00)
32302,Solina,allopathic,solinatablet5-mg,Tablet,Solifenacin Succinate,5 mg,Drug International Ltd.,"Unit Price: ৳ 14.00,(14's pack: ৳ 196.00),",(14's pack: ৳ 196.00)
15633,Solifen,allopathic,solifentablet5-mg,Tablet,Solifenacin Succinate,5 mg,Aristopharma Ltd.,"Unit Price: ৳ 20.00,(30's pack: ৳ 600.00),",(30's pack: ৳ 600.00)
21425,Soforal-LP,allopathic,soforal-lptablet90-mg400-mg,Tablet,Ledipasvir + Sofosbuvir,90 mg+400 mg,Beacon Pharmaceuticals Ltd.,"Unit Price: ৳ 1,000.00",
24645,Soforal,allopathic,soforaltablet400-mg,Tablet,Sofosbuvir,400 mg,Beacon Pharmaceuticals Ltd.,"Unit Price: ৳ 600.00,(8's pack: ৳ 4,800.00),","(8's pack: ৳ 4,800.00)"
21423,Sofomax Duo,allopathic,sofomax-duotablet90-mg400-mg,Tablet,Ledipasvir + Sofosbuvir,90 mg+400 mg,ACI Limited,"Unit Price: ৳ 1,000.00,(7's pack: ৳ 7,000.00),","(7's pack: ৳ 7,000.00)"
24644,Sofomax,allopathic,sofomaxtablet400-mg,Tablet,Sofosbuvir,400 mg,Aristopharma Ltd.,"Unit Price: ৳ 700.00,(7's pack: ৳ 4,900.00),","(7's pack: ৳ 4,900.00)"
24643,Sofomax,allopathic,sofomaxtablet400-mg,Tablet,Sofosbuvir,400 mg,ACI Limited,"Unit Price: ৳ 700.00,(7's pack: ৳ 4,900.00),","(7's pack: ৳ 4,900.00)"
26543,Soflax,allopathic,soflaxcapsule100-mg,Capsule,Docusate Sodium (Oral),100 mg,UniMed UniHealth,"Unit Price: ৳ 4.00,(30's pack: ৳ 120.00),",(30's pack: ৳ 120.00)
16701,Sofenib,allopathic,sofenibtablet200-mg,Tablet,Sorafenib Tosylate,200 mg,Renata Limited,"Unit Price: ৳ 300.00,(12's pack: ৳ 3,600.00),","(12's pack: ৳ 3,600.00)"
28983,Solurin,allopathic,solurintablet10-mg,Tablet,Solifenacin Succinate,10 mg,Popular Pharmaceuticals Ltd.,"Unit Price: ৳ 30.00,(20's pack: ৳ 600.00),",(20's pack: ৳ 600.00)
28982,Solurin,allopathic,solurintablet5-mg,Tablet,Solifenacin Succinate,5 mg,Popular Pharmaceuticals Ltd.,"Unit Price: ৳ 15.00,(30's pack: ৳ 450.00),",(30's pack: ৳ 450.00)
22266,Solupred,allopathic,solupredtablet8-mg,Tablet,Methylprednisolone,8 mg,Ziska Pharmaceuticals Ltd.,"Unit Price: ৳ 8.00,(30's pack: ৳ 240.00),",(30's pack: ৳ 240.00)
22265,Solupred,allopathic,solupredtablet4-mg,Tablet,Methylprednisolone,4 mg,Ziska Pharmaceuticals Ltd.,"Unit Price: ৳ 5.00,(50's pack: ৳ 250.00),",(50's pack: ৳ 250.00)
22264,Solupred,allopathic,solupredtablet2-mg,Tablet,Methylprednisolone,2 mg,Ziska Pharmaceuticals Ltd.,"Unit Price: ৳ 3.00,(50's pack: ৳ 150.00),",(50's pack: ৳ 150.00)
22263,Solupred,allopathic,solupredtablet16-mg,Tablet,Methylprednisolone,16 mg,Ziska Pharmaceuticals Ltd.,"Unit Price: ৳ 15.00,(10's pack: ৳ 150.00),",(10's pack: ৳ 150.00)
22237,Solupred,allopathic,solupredimiv-injection125-mgvial,IM/IV Injection,Methylprednisolone Sodium Succcinate,125 mg/vial,Ziska Pharmaceuticals Ltd.,125 mg vial: ৳ 200.00,
5870,Solupred,allopathic,solupredimiv-injection1-gmvial,IM/IV Injection,Methylprednisolone Sodium Succcinate,1 gm/vial,Ziska Pharmaceuticals Ltd.,"1 gm vial: ৳ 1,000.00",
5869,Solupred,allopathic,solupredimiv-injection500-mgvial,IM/IV Injection,Methylprednisolone Sodium Succcinate,500 mg/vial,Ziska Pharmaceuticals Ltd.,500 mg vial: ৳ 600.00,
5868,Solu-Medrol,allopathic,solu-medrolimiv-injection1-gmvial,IM/IV Injection,Methylprednisolone Sodium Succcinate,1 gm/vial,Pfizer,"1 gm vial: ৳ 2,050.00",
5867,Solu-Medrol,allopathic,solu-medrolimiv-injection500-mgvial,IM/IV Injection,Methylprednisolone Sodium Succcinate,500 mg/vial,Pfizer,"500 mg vial: ৳ 1,650.00",
5866,Solu-Medrol,allopathic,solu-medrolimiv-injection125-mgvial,IM/IV Injection,Methylprednisolone Sodium Succcinate,125 mg/vial,Pfizer,125 mg vial: ৳ 680.00,
5865,Solu-Medrol,allopathic,solu-medrolimiv-injection40-mgml,IM/IV Injection,Methylprednisolone Acetate,40 mg/ml,Pfizer,40 mg vial: ৳ 400.00,
32920,Soltara,allopathic,soltaratablet200-mg,Tablet,Doxophylline,200 mg,Arges Life Science Limited,"Unit Price: ৳ 6.00,(30's pack: ৳ 180.00),",(30's pack: ৳ 180.00)
3365,Solrin,allopathic,solrintablet-enteric-coated75-mg,Tablet (Enteric Coated),Aspirin,75 mg,Opsonin Pharma Ltd.,"Unit Price: ৳ 0.63,(100's pack: ৳ 63.00),",(100's pack: ৳ 63.00)
5841,Solone,allopathic,soloneoral-solution5-mg5-ml,Oral Solution,Prednisolone,5 mg/5 ml,ACI Limited,"50 ml bottle: ৳ 65.00,100 ml bottle: ৳ 95.00",
28469,Somazin,allopathic,somazintablet500-mg,Tablet,Citicoline Sodium,500 mg,Popular Pharmaceuticals Ltd.,"Unit Price: ৳ 50.00,(10's pack: ৳ 500.00),",(10's pack: ৳ 500.00)
25955,Somarant,allopathic,somaranttablet10-mg,Tablet,Suvorexant,10 mg,Incepta Pharmaceuticals Ltd.,"Unit Price: ৳ 35.00,(10's pack: ৳ 350.00),",(10's pack: ৳ 350.00)
30319,SOMA-JECT,allopathic,soma-jectim-injection150-mgml,IM Injection,Medroxyprogesterone Acetate (Injection),150 mg/ml,Incepta Pharmaceuticals Ltd.,1 ml vial: ৳ 38.00,
28053,Soma DS,allopathic,soma-dstablet800-mg160-mg,Tablet,Sulphamethoxazole + Trimethoprim,800 mg+160 mg,Ambee Pharmaceuticals Ltd.,"Unit Price: ৳ 2.03,(100's pack: ৳ 203.34),",(100's pack: ৳ 203.34)
1964,Som,allopathic,somcapsule-delayed-release20-mg,Capsule (Delayed Release),Omeprazole,20 mg,Marker Pharma Ltd.,"Unit Price: ৳ 4.00,(60's pack: ৳ 240.00),",(60's pack: ৳ 240.00)
13838,Solvitone,allopathic,solvitonesyrup,Syrup,Vitamin B complex,,Eskayef Pharmaceuticals Ltd.,"100 ml bottle: ৳ 35.54,200 ml bottle: ৳ 62.00",
14225,Solvit-M,allopathic,solvit-mtablet,Tablet,Multivitamin & Multimineral,,Eskayef Pharmaceuticals Ltd.,"Unit Price: ৳ 2.00,(30's pack: ৳ 60.00),",(30's pack: ৳ 60.00)
28427,Solvit-B,allopathic,solvit-btablet,Tablet,Vitamin B complex,,Eskayef Pharmaceuticals Ltd.,"Unit Price: ৳ 0.62,(45's pack: ৳ 27.90),",(45's pack: ৳ 27.90)
5840,Solone,allopathic,solonetablet5-mg,Tablet,Prednisolone,5 mg,ACI Limited,"Unit Price: ৳ 1.72,(100's pack: ৳ 172.00),",(100's pack: ৳ 172.00)
5839,Solone,allopathic,solonetablet20-mg,Tablet,Prednisolone,20 mg,ACI Limited,"Unit Price: ৳ 6.27,(50's pack: ৳ 313.50),",(50's pack: ৳ 313.50)
5838,Solone,allopathic,solonetablet10-mg,Tablet,Prednisolone,10 mg,ACI Limited,"Unit Price: ৳ 3.23,(100's pack: ৳ 323.00),",(100's pack: ৳ 323.00)
24581,Solodex JR,allopathic,solodex-jriv-infusion0455,IV Infusion,Sodium Chloride + Dextrose,0.45%+5%,Square Pharmaceuticals Ltd.,500 ml bag: ৳ 73.60,
24582,Solodex Baby,allopathic,solodex-babyiv-infusion02255,IV Infusion,Sodium Chloride + Dextrose,0.225%+5%,Square Pharmaceuticals Ltd.,500 ml bag: ৳ 72.45,
398,Solodex,allopathic,solodexiv-infusion095,IV Infusion,Sodium Chloride + Dextrose,0.9%+5%,Square Pharmaceuticals Ltd.,"500 ml bag: ৳ 75.89,1000 ml bag: ৳ 101.20",
4204,Sono,allopathic,sonotablet1-mg,Tablet,Eszopiclone,1 mg,ACME Laboratories Ltd.,"Unit Price: ৳ 1.81,(30's pack: ৳ 54.30),",(30's pack: ৳ 54.30)
31216,Sonicort,allopathic,sonicortnasal-spray100-mcgspray,Nasal Spray,Budesonide (Nasal Spray),100 mcg/spray,Opso Saline Ltd.,120 metered sprays: ৳ 250.75,
24665,Sonib,allopathic,sonibtablet200-mg,Tablet,Sorafenib Tosylate,200 mg,Drug International Ltd.,"Unit Price: ৳ 250.00,(28's pack: ৳ 7,000.00),","(28's pack: ৳ 7,000.00)"
18800,Sonexim,allopathic,soneximpowder-for-suspension100-mg5-ml,Powder for Suspension,Cefixime Trihydrate,100 mg/5 ml,S.N. Pharmaceutical Ltd.,50 ml bottle: ৳ 160.60,
18799,Sonexim,allopathic,soneximcapsule200-mg,Capsule,Cefixime Trihydrate,200 mg,S.N. Pharmaceutical Ltd.,"Unit Price: ৳ 30.00,(12's pack: ৳ 360.00),",(12's pack: ৳ 360.00)
15814,Sonexa C,allopathic,sonexa-cophthalmic-solution0105,Ophthalmic Solution,Dexamethasone + Chloramphenicol,0.1%+0.5%,Aristopharma Ltd.,5 ml drop: ৳ 70.00,
17331,Sonexa,allopathic,sonexaimiv-injection5-mgml,IM/IV Injection,Dexamethasone,5 mg/ml,Aristopharma Ltd.,"1 ml ampoule: ৳ 15.00,(10's pack: ৳ 150.00),",(10's pack: ৳ 150.00)
17330,Sonexa,allopathic,sonexatablet4-mg,Tablet,Dexamethasone,4 mg,Aristopharma Ltd.,"Unit Price: ৳ 11.00,(20's pack: ৳ 220.00),",(20's pack: ৳ 220.00)
15776,Sonexa,allopathic,sonexaophthalmic-ointment005,Ophthalmic Ointment,Dexamethasone (Ophthalmic),0.05%,Aristopharma Ltd.,3 gm tube: ৳ 80.00,
15775,Sonexa,allopathic,sonexaophthalmic-solution01,Ophthalmic Solution,Dexamethasone (Ophthalmic),0.10%,Aristopharma Ltd.,5 ml drop: ৳ 70.00,
12697,Soneta,allopathic,sonetaointment01,Ointment,Mometasone Furoate (Topical),0.10%,Aristopharma Ltd.,"5 gm tube: ৳ 100.00,30 gm tube: ৳ 550.00",
12696,Soneta,allopathic,sonetacream01,Cream,Mometasone Furoate (Topical),0.10%,Aristopharma Ltd.,"5 gm tube: ৳ 100.00,30 gm tube: ৳ 500.00",
11489,Sonap,allopathic,sonaptablet500-mg,Tablet,Naproxen Sodium,500 mg,Square Pharmaceuticals Ltd.,"Unit Price: ৳ 7.04,(30's pack: ৳ 211.20),",(30's pack: ৳ 211.20)
11488,Sonap,allopathic,sonaptablet250-mg,Tablet,Naproxen Sodium,250 mg,Square Pharmaceuticals Ltd.,"Unit Price: ৳ 4.03,(50's pack: ৳ 201.50),",(50's pack: ৳ 201.50)
31955,Sompraz,allopathic,somprazcapsule-delayed-release40-mg,Capsule (Delayed Release),Esomeprazole,40 mg,Sun Pharmaceutical Ltd.,"Unit Price: ৳ 10.00,(30's pack: ৳ 300.00),",(30's pack: ৳ 300.00)
31096,Sompraz,allopathic,somprazcapsule-delayed-release20-mg,Capsule (Delayed Release),Esomeprazole,20 mg,Sun Pharmaceutical Ltd.,"Unit Price: ৳ 7.50,(50's pack: ৳ 375.00),",(50's pack: ৳ 375.00)
16702,Sorafen,allopathic,sorafentablet200-mg,Tablet,Sorafenib Tosylate,200 mg,Techno Drugs Ltd.,"Unit Price: ৳ 300.00,(30's pack: ৳ 9,000.00),","(30's pack: ৳ 9,000.00)"
24667,Soracent,allopathic,soracenttablet200-mg,Tablet,Sorafenib Tosylate,200 mg,Incepta Pharmaceuticals Ltd.,"Unit Price: ৳ 275.00,(30's pack: ৳ 8,250.00),","(30's pack: ৳ 8,250.00)"
32373,Sopilax,allopathic,sopilaxtablet10-mg,Tablet,Sodium Picosulfate,10 mg,Square Pharmaceuticals Ltd.,"Unit Price: ৳ 10.00,(20's pack: ৳ 200.00),",(20's pack: ৳ 200.00)
32372,Sopilax,allopathic,sopilaxoral-solution5-mg5-ml,Oral Solution,Sodium Picosulfate,5 mg/5 ml,Square Pharmaceuticals Ltd.,100 ml bottle: ৳ 150.00,
4205,Sono,allopathic,sonotablet2-mg,Tablet,Eszopiclone,2 mg,ACME Laboratories Ltd.,"Unit Price: ৳ 2.71,(30's pack: ৳ 81.30),",(30's pack: ৳ 81.30)
2110,Sompraz,allopathic,sompraztablet-enteric-coated40-mg,Tablet (Enteric Coated),Esomeprazole,40 mg,Sun Pharmaceutical Ltd.,"Unit Price: ৳ 9.50,(50's pack: ৳ 475.00),",(50's pack: ৳ 475.00)
2109,Sompraz,allopathic,sompraztablet-enteric-coated20-mg,Tablet (Enteric Coated),Esomeprazole,20 mg,Sun Pharmaceutical Ltd.,"Unit Price: ৳ 7.50,(50's pack: ৳ 375.00),",(50's pack: ৳ 375.00)
26243,Somopin,allopathic,somopintablet6-mg,Tablet,Doxepin (Oral),6 mg,Incepta Pharmaceuticals Ltd.,"Unit Price: ৳ 10.00,(30's pack: ৳ 300.00),",(30's pack: ৳ 300.00)
26242,Somopin,allopathic,somopintablet3-mg,Tablet,Doxepin (Oral),3 mg,Incepta Pharmaceuticals Ltd.,"Unit Price: ৳ 6.00,(30's pack: ৳ 180.00),",(30's pack: ৳ 180.00)
30538,Somolax,allopathic,somolaxtablet120-mg,Tablet,Alverine Citrate,120 mg,Incepta Pharmaceuticals Ltd.,"Unit Price: ৳ 7.00,(20's pack: ৳ 140.00),",(20's pack: ৳ 140.00)
30537,Somolax,allopathic,somolaxtablet60-mg,Tablet,Alverine Citrate,60 mg,Incepta Pharmaceuticals Ltd.,"Unit Price: ৳ 4.00,(30's pack: ৳ 120.00),",(30's pack: ৳ 120.00)
25403,Somazole,allopathic,somazolecapsule-delayed-release40-mg,Capsule (Delayed Release),Esomeprazole,40 mg,Ad-din Pharmaceuticals Ltd.,"Unit Price: ৳ 9.00,(30's pack: ৳ 270.00),",(30's pack: ৳ 270.00)
2108,Somazole,allopathic,somazolecapsule-delayed-release20-mg,Capsule (Delayed Release),Esomeprazole,20 mg,Ad-din Pharmaceuticals Ltd.,"Unit Price: ৳ 5.75,(100's pack: ৳ 575.00),",(100's pack: ৳ 575.00)
28470,Somazin,allopathic,somazinimiv-injection500-mg4-ml,IM/IV Injection,Citicoline Sodium,500 mg/4 ml,Popular Pharmaceuticals Ltd.,"4 ml ampoule: ৳ 140.00,(5's pack: ৳ 700.00),",(5's pack: ৳ 700.00)
9673,Spalox,allopathic,spaloxtablet200-mg,Tablet,Sparfloxacin,200 mg,Edruc Limited,"Unit Price: ৳ 16.00,(10's pack: ৳ 160.00),",(10's pack: ৳ 160.00)
11760,Spakem,allopathic,spakemtablet10-mg,Tablet,Baclofen,10 mg,UniMed UniHealth,"Unit Price: ৳ 8.00,(30's pack: ৳ 240.00),",(30's pack: ৳ 240.00)
11759,Spakem,allopathic,spakemtablet5-mg,Tablet,Baclofen,5 mg,UniMed UniHealth,"Unit Price: ৳ 4.50,(30's pack: ৳ 135.00),",(30's pack: ৳ 135.00)
18082,Spaflex,allopathic,spaflextablet10-mg,Tablet,Baclofen,10 mg,Nuvista Pharma Ltd.,"Unit Price: ৳ 8.00,(30's pack: ৳ 240.00),",(30's pack: ৳ 240.00)
18081,Spaflex,allopathic,spaflextablet5-mg,Tablet,Baclofen,5 mg,Nuvista Pharma Ltd.,"Unit Price: ৳ 4.50,(30's pack: ৳ 135.00),",(30's pack: ৳ 135.00)
24977,Spadyl,allopathic,spadyltablet50-mg,Tablet,Tiemonium Methylsulphate,50 mg,Jenphar Bangladesh Ltd.,"Unit Price: ৳ 5.00,(50's pack: ৳ 250.00),",(50's pack: ৳ 250.00)
9671,Spacin,allopathic,spacintablet200-mg,Tablet,Sparfloxacin,200 mg,SANDOZ (A Novartis Division),"Unit Price: ৳ 26.00,(10's pack: ৳ 260.01),",(10's pack: ৳ 260.01)
16698,Soventa,allopathic,soventatablet400-mg,Tablet,Sofosbuvir,400 mg,Eskayef Pharmaceuticals Ltd.,"Unit Price: ৳ 600.00,(6's pack: ৳ 3,600.00),","(6's pack: ৳ 3,600.00)"
32409,Sovel,allopathic,soveltablet400-mg100-mg,Tablet,Sofosbuvir + Velpatasvir,400 mg+100 mg,ACI Limited,"Unit Price: ৳ 1,000.00,(7's pack: ৳ 7,000.00),","(7's pack: ৳ 7,000.00)"
16700,Sovalvir,allopathic,sovalvirtablet400-mg,Tablet,Sofosbuvir,400 mg,Healthcare Pharmaceuticals Ltd.,"Unit Price: ৳ 861.71,(7's pack: ৳ 6,032.00),","(7's pack: ৳ 6,032.00)"
25624,Soto,allopathic,sototablet250-mg,Tablet,Azithromycin Dihydrate,250 mg,Hudson Pharmaceuticals Ltd.,,
8696,Soto,allopathic,sotopowder-for-suspension200-mg5-ml,Powder for Suspension,Azithromycin Dihydrate,200 mg/5 ml,Hudson Pharmaceuticals Ltd.,35 ml bottle: ৳ 130.00,
8695,Soto,allopathic,sototablet500-mg,Tablet,Azithromycin Dihydrate,500 mg,Hudson Pharmaceuticals Ltd.,"Unit Price: ৳ 32.00,(8's pack: ৳ 256.00),",(8's pack: ৳ 256.00)
2452,Sotalex,allopathic,sotalextablet80-mg,Tablet,Sotalol Hydrochloride,80 mg,UniMed UniHealth,"Unit Price: ৳ 10.00,(30's pack: ৳ 300.00),",(30's pack: ৳ 300.00)
14815,Sos Saline,allopathic,sos-salineoral-powder1395-gm,Oral Powder,Oral Rehydration Salt [Powder],13.95 gm,Supreme Pharmaceutical Ltd.,"Unit Price: ৳ 4.58,(20's pack: ৳ 91.60),",(20's pack: ৳ 91.60)
12737,Soritene,allopathic,soritenecream01,Cream,Tazarotene,0.10%,Beximco Pharmaceuticals Ltd.,25 gm tube: ৳ 151.00,
9674,Spar,allopathic,spartablet200-mg,Tablet,Sparfloxacin,200 mg,Globe Pharmaceuticals Ltd.,"Unit Price: ৳ 20.00,(10's pack: ৳ 200.00),",(10's pack: ৳ 200.00)
1448,Spanium,allopathic,spaniumimiv-injection5-mg2-ml,IM/IV Injection,Tiemonium Methylsulphate,5 mg/2 ml,Ziska Pharmaceuticals Ltd.,"2 ml ampoule: ৳ 15.00,(5's pack: ৳ 75.00),",(5's pack: ৳ 75.00)
1447,Spanium,allopathic,spaniumtablet50-mg,Tablet,Tiemonium Methylsulphate,50 mg,Ziska Pharmaceuticals Ltd.,"Unit Price: ৳ 4.00,(50's pack: ৳ 200.00),",(50's pack: ৳ 200.00)
1377,Spanil,allopathic,spaniltablet10-mg,Tablet,Hyoscine Butylbromide,10 mg,Beximco Pharmaceuticals Ltd.,"Unit Price: ৳ 6.90,(100's pack: ৳ 690.00),",(100's pack: ৳ 690.00)
1394,Span,allopathic,spantablet40-mg,Tablet,Drotaverine,40 mg,Opsonin Pharma Ltd.,"Unit Price: ৳ 1.76,(100's pack: ৳ 176.00),",(100's pack: ৳ 176.00)
230,Soritec,allopathic,soriteccapsule25-mg,Capsule,Acitretin,25 mg,ACI Limited,"Unit Price: ৳ 85.26,(10's pack: ৳ 852.60),",(10's pack: ৳ 852.60)
229,Soritec,allopathic,soriteccapsule10-mg,Capsule,Acitretin,10 mg,ACI Limited,"Unit Price: ৳ 45.14,(30's pack: ৳ 1,354.20),","(30's pack: ৳ 1,354.20)"
16877,Soritar,allopathic,soritarscalp-ointment1242,Scalp Ointment,Coal Tar + Precipitated Sulphur + Salicylic Acid,12%+4%+2%,UniMed UniHealth,30 gm tube: ৳ 200.00,
12744,Soritar,allopathic,soritarcream10,Cream,Coal Tar,10%,UniMed UniHealth,50 gm tube: ৳ 300.00,
17408,Soricap,allopathic,soricapcapsule25-mg,Capsule,Acitretin,25 mg,UniMed UniHealth,"Unit Price: ৳ 75.00,(7's pack: ৳ 525.00),",(7's pack: ৳ 525.00)
17407,Soricap,allopathic,soricapcapsule10-mg,Capsule,Acitretin,10 mg,UniMed UniHealth,"Unit Price: ৳ 40.00,(7's pack: ৳ 280.00),",(7's pack: ৳ 280.00)
18220,Soria-D,allopathic,soria-dointment0050005,Ointment,Betamethasone + Calcipotriol,0.05%+0.005%,Ziska Pharmaceuticals Ltd.,20 gm tube: ৳ 380.00,
632,Sorex,allopathic,sorexoral-paste5,Oral Paste,Amlexanox,5%,Eskayef Pharmaceuticals Ltd.,5 gm tube: ৳ 75.00,
16703,Soranix,allopathic,soranixtablet200-mg,Tablet,Sorafenib Tosylate,200 mg,Beacon Pharmaceuticals Ltd.,"Unit Price: ৳ 250.00,(30's pack: ৳ 7,500.00),","(30's pack: ৳ 7,500.00)"
13101,SpectraBAN 28,allopathic,spectraban-28cream15,Cream,Zinc Oxide [Microfine],15%,Stiefel Laboratories Ltd.,60 ml tube: ৳ 552.00,
13100,SpectraBAN 19,allopathic,spectraban-19cream15,Cream,Zinc Oxide [Microfine],15%,Stiefel Laboratories Ltd.,50 gm tube: ৳ 660.00,
9345,Spectra,allopathic,spectratablet500-mg,Tablet,Ciprofloxacin,500 mg,Jayson Pharmaceuticals Ltd.,"Unit Price: ৳ 10.19,(20's pack: ৳ 203.80),",(20's pack: ৳ 203.80)
9131,Spectra,allopathic,spectraophthalmic-solution03,Ophthalmic Solution,Ciprofloxacin (Ophthalmic),0.30%,Jayson Pharmaceuticals Ltd.,5 ml drop: ৳ 40.12,
12720,Spectazole N,allopathic,spectazole-ncream101,Cream,Econazole Nitrate + Triamcinolone Acetonide,1%+0.1%,Healthcare Pharmaceuticals Ltd.,10 gm tube: ৳ 40.00,
12442,Spectazole,allopathic,spectazolecream1,Cream,Econazole Nitrate,1%,Healthcare Pharmaceuticals Ltd.,10 gm tube: ৳ 35.00,
22078,Specbac,allopathic,specbaciv-injection-or-infusion250-mgvial,IV Injection or Infusion,Meropenem Trihydrate,250 mg/vial,Square Pharmaceuticals Ltd.,250 mg vial: ৳ 400.00,
8247,Specbac,allopathic,specbaciv-injection-or-infusion1-gmvial,IV Injection or Infusion,Meropenem Trihydrate,1 gm/vial,Square Pharmaceuticals Ltd.,"1 gm vial: ৳ 1,300.00",
8246,Specbac,allopathic,specbaciv-injection-or-infusion500-mgvial,IV Injection or Infusion,Meropenem Trihydrate,500 mg/vial,Square Pharmaceuticals Ltd.,500 mg vial: ৳ 700.00,
1449,Spazin,allopathic,spazintablet50-mg,Tablet,Tiemonium Methylsulphate,50 mg,Euro Pharma Ltd.,"Unit Price: ৳ 5.00,(50's pack: ৳ 250.00),",(50's pack: ৳ 250.00)
523,Spasverin,allopathic,spasverintablet60-mg,Tablet,Alverine Citrate,60 mg,Beacon Pharmaceuticals Ltd.,"Unit Price: ৳ 5.02,(50's pack: ৳ 251.00),",(50's pack: ৳ 251.00)
24951,Spason,allopathic,spasontablet50-mg,Tablet,Tiemonium Methylsulphate,50 mg,Astra Biopharmaceuticals Ltd.,Unit Price: ৳ 6.00,
1380,Spasmozen,allopathic,spasmozentablet10-mg,Tablet,Hyoscine Butylbromide,10 mg,Zenith Pharmaceuticals Ltd.,"Unit Price: ৳ 3.44,(100's pack: ৳ 344.00),",(100's pack: ৳ 344.00)
1379,Spasmoson,allopathic,spasmosoninjection20-mgml,Injection,Hyoscine Butylbromide,20 mg/ml,Jayson Pharmaceuticals Ltd.,"1 ml ampoule: ৳ 29.00,(10's pack: ৳ 290.00),",(10's pack: ৳ 290.00)
1378,Spasmoson,allopathic,spasmosontablet10-mg,Tablet,Hyoscine Butylbromide,10 mg,Jayson Pharmaceuticals Ltd.,"Unit Price: ৳ 6.80,(100's pack: ৳ 680.00),",(100's pack: ৳ 680.00)
20904,Spasmin,allopathic,spasmintablet10-mg,Tablet,Hyoscine Butylbromide,10 mg,Doctor’s Chemical Works Ltd.,"Unit Price: ৳ 1.54,(100's pack: ৳ 154.00),",(100's pack: ৳ 154.00)
4434,Sperid,allopathic,speridtablet1-mg,Tablet,Risperidone (Oral),1 mg,Renata Limited,"Unit Price: ৳ 3.00,(50's pack: ৳ 150.00),",(50's pack: ৳ 150.00)
26846,Sperdal,allopathic,sperdaltablet4-mg,Tablet,Risperidone (Oral),4 mg,Synovia pharma plc,"Unit Price: ৳ 8.02,(30's pack: ৳ 240.60),",(30's pack: ৳ 240.60)
26845,Sperdal,allopathic,sperdaltablet2-mg,Tablet,Risperidone (Oral),2 mg,Synovia pharma plc,"Unit Price: ৳ 5.02,(50's pack: ৳ 251.00),",(50's pack: ৳ 251.00)
26844,Sperdal,allopathic,sperdaltablet1-mg,Tablet,Risperidone (Oral),1 mg,Synovia pharma plc,"Unit Price: ৳ 3.01,(50's pack: ৳ 150.50),",(50's pack: ৳ 150.50)
26843,Sperdal,allopathic,sperdaloral-solution1-mgml,Oral Solution,Risperidone (Oral),1 mg/ml,Synovia pharma plc,100 ml bottle: ৳ 300.00,
12809,SpectraBAN Ultra 28,allopathic,spectraban-ultra-28lotion22083,Lotion,Titanium dioxide + Butyl methoxydibenzoyl methane + Padimate + Oxybenzone,2%+2%+0.8%+3%,GlaxoSmithKline,60 ml bottle: ৳ 500.00,
12810,SpectraBAN 60,allopathic,spectraban-60cream107351,Cream,Zinc oxide + Ethylhexyl Methoxycinnamate + 4-Methylbenzylidene Camphor + Butyl Methoxydibenzoylmethane,10%+7%+3.5%+1%,GlaxoSmithKline,60 gm tube: ৳ 849.00,
9681,Sparonex,allopathic,sparonextablet200-mg,Tablet,Sparfloxacin,200 mg,Drug International Ltd.,"Unit Price: ৳ 18.10,(20's pack: ৳ 362.00),",(20's pack: ৳ 362.00)
9680,Sparlin,allopathic,sparlintablet200-mg,Tablet,Sparfloxacin,200 mg,Beximco Pharmaceuticals Ltd.,"Unit Price: ৳ 15.06,(10's pack: ৳ 150.61),",(10's pack: ৳ 150.61)
9679,Spark,allopathic,sparktablet200-mg,Tablet,Sparfloxacin,200 mg,Navana Pharmaceuticals Ltd.,"Unit Price: ৳ 15.05,(10's pack: ৳ 150.47),",(10's pack: ৳ 150.47)
9678,Sparfloxin,allopathic,sparfloxintablet200-mg,Tablet,Sparfloxacin,200 mg,Desh Pharmaceuticals Ltd.,"Unit Price: ৳ 12.00,(20's pack: ৳ 240.00),",(20's pack: ৳ 240.00)
9677,Sparflox,allopathic,sparfloxtablet200-mg,Tablet,Sparfloxacin,200 mg,Alco Pharma Ltd.,"Unit Price: ৳ 16.05,(10's pack: ৳ 160.49),",(10's pack: ৳ 160.49)
24980,Sparel,allopathic,spareltablet50-mg,Tablet,Tiemonium Methylsulphate,50 mg,Veritas Pharmaceuticals Ltd.,"Unit Price: ৳ 6.01,(50's pack: ৳ 300.50),",(50's pack: ৳ 300.50)
9676,Spardon,allopathic,spardontablet200-mg,Tablet,Sparfloxacin,200 mg,Apollo Pharmaceutical Ltd.,"Unit Price: ৳ 16.00,(12's pack: ৳ 192.00),",(12's pack: ৳ 192.00)
30680,Spulyt,allopathic,spulytsyrup4-mg5-ml,Syrup,Bromhexine Hydrochloride,4 mg/5 ml,Beximco Pharmaceuticals Ltd.,100 ml bottle: ৳ 40.00,
20417,Spotnil,allopathic,spotnilcream0014005,Cream,Fluocinolone Acetonide + Hydroquinone + Tretinoin,0.01%+4%+0.05%,Edruc Limited,30 gm tube: ৳ 190.00,
32327,Spotless,allopathic,spotlesscream4,Cream,Hydroquinone,4%,Al-Madina Pharmaceuticals Ltd.,"10 gm tube: ৳ 50.00,20 gm tube: ৳ 100.00,30 gm tube: ৳ 130.00",
16440,Spotclen Plus,allopathic,spotclen-pluscream40-mg80-mg30-mg20-mg,Cream,Hydroquinone + Octyldimethyl + Dioxybenzone + Oxybenzone,40 mg+80 mg+30 mg+20 mg,Incepta Pharmaceuticals Ltd.,10 gm tube: ৳ 80.00,
12803,Spotclen,allopathic,spotclencream4,Cream,Hydroquinone,4%,Incepta Pharmaceuticals Ltd.,10 gm tube: ৳ 50.00,
30191,Sporium Max,allopathic,sporium-maxophthalmic-solution09,Ophthalmic Solution,Cyclosporine (Ophthalmic),0.90%,Incepta Pharmaceuticals Ltd.,5 ml drop: ৳ 300.00,
19653,Sporium,allopathic,sporiumophthalmic-emulsion005,Ophthalmic Emulsion,Cyclosporine (Ophthalmic),0.05%,Incepta Pharmaceuticals Ltd.,5 ml drop: ৳ 210.00,
19652,Sporium,allopathic,sporiumsyrup100-mgml,Syrup,Cyclosporine,100 mg/ml,Incepta Pharmaceuticals Ltd.,"50 ml bottle: ৳ 2,385.00",
25915,Sporin,allopathic,sporinpediatric-drops125-mg125-ml,Pediatric Drops,Cephradine,125 mg/1.25 ml,Marksman Pharmaceuticals Ltd.,15 ml bottle: ৳ 60.00,
25914,Sporin,allopathic,sporinpowder-for-suspension125-mg5-ml,Powder for Suspension,Cephradine,125 mg/5 ml,Marksman Pharmaceuticals Ltd.,100 ml bottle: ৳ 80.00,
25913,Sporin,allopathic,sporincapsule500-mg,Capsule,Cephradine,500 mg,Marksman Pharmaceuticals Ltd.,"Unit Price: ৳ 12.00,(20's pack: ৳ 240.00),",(20's pack: ৳ 240.00)
33150,Splendora,allopathic,splendorascalp-solution2,Scalp Solution,Minoxidil,2%,Square Pharmaceuticals Ltd.,60 ml bottle: ৳ 501.50,
12814,Splendora,allopathic,splendorascalp-solution5,Scalp Solution,Minoxidil,5%,Square Pharmaceuticals Ltd.,60 ml bottle: ৳ 601.81,
20575,Spiromid,allopathic,spiromidtablet20-mg50-mg,Tablet,Furosemide + Spironolactone,20 mg+50 mg,Virgo Pharmaceuticals Ltd.,Unit Price: ৳ 6.00,
2893,Spirocard Plus,allopathic,spirocard-plustablet20-mg50-mg,Tablet,Furosemide + Spironolactone,20 mg+50 mg,Popular Pharmaceuticals Ltd.,"Unit Price: ৳ 8.00,(30's pack: ৳ 240.00),",(30's pack: ৳ 240.00)
28471,Spirocard,allopathic,spirocardtablet50-mg,Tablet,Spironolactone,50 mg,Popular Pharmaceuticals Ltd.,"Unit Price: ৳ 10.00,(30's pack: ৳ 300.00),",(30's pack: ৳ 300.00)
30681,Spulyt,allopathic,spulyttablet8-mg,Tablet,Bromhexine Hydrochloride,8 mg,Beximco Pharmaceuticals Ltd.,"Unit Price: ৳ 2.00,(100's pack: ৳ 200.00),",(100's pack: ৳ 200.00)
2860,Spirocard,allopathic,spirocardtablet100-mg,Tablet,Spironolactone,100 mg,Popular Pharmaceuticals Ltd.,"Unit Price: ৳ 18.07,(30's pack: ৳ 542.10),",(30's pack: ৳ 542.10)
2859,Spirocard,allopathic,spirocardtablet25-mg,Tablet,Spironolactone,25 mg,Popular Pharmaceuticals Ltd.,"Unit Price: ৳ 5.02,(100's pack: ৳ 502.00),",(100's pack: ৳ 502.00)
2858,Spiretic,allopathic,spiretictablet25-mg,Tablet,Spironolactone,25 mg,Drug International Ltd.,"Unit Price: ৳ 5.05,(30's pack: ৳ 151.50),",(30's pack: ৳ 151.50)
27941,Spinolex,allopathic,spinolextablet10-mg,Tablet,Baclofen,10 mg,The White Horse Pharma,"Unit Price: ৳ 8.00,(30's pack: ৳ 240.00),",(30's pack: ৳ 240.00)
11762,Spinofen,allopathic,spinofentablet10-mg,Tablet,Baclofen,10 mg,Sharif Pharmaceuticals Ltd.,"Unit Price: ৳ 8.03,(30's pack: ৳ 240.90),",(30's pack: ৳ 240.90)
15532,Spino,allopathic,spinointraspinal-injection058,Intraspinal Injection,Bupivacaine Hydrochloride + Dextrose,0.5%+8%,Incepta Pharmaceuticals Ltd.,"4 ml ampoule: ৳ 30.00,(5's pack: ৳ 150.00),",(5's pack: ৳ 150.00)
13726,Spine-B,allopathic,spine-btablet100-mg200-mg200-mcg,Tablet,"Vitamin B1, B6 & B12",100 mg+200 mg+200 mcg,Novus Pharmaceuticals Ltd.,"Unit Price: ৳ 4.00,(50's pack: ৳ 200.00),",(50's pack: ৳ 200.00)
18073,Spinax,allopathic,spinaxtablet10-mg,Tablet,Baclofen,10 mg,Edruc Limited,"Unit Price: ৳ 8.00,(30's pack: ৳ 240.00),",(30's pack: ৳ 240.00)
11761,Spinafen,allopathic,spinafentablet10-mg,Tablet,Baclofen,10 mg,Globe Pharmaceuticals Ltd.,"Unit Price: ৳ 8.00,(30's pack: ৳ 240.00),",(30's pack: ৳ 240.00)
30602,Spersallerg,allopathic,spersallergophthalmic-solution005004,Ophthalmic Solution,Antazoline + Tetryzoline,0.05%+0.04%,Novartis (Bangladesh) Ltd.,10 ml drop: ৳ 113.78,
33159,Sperid,allopathic,speridoral-solution1-mgml,Oral Solution,Risperidone (Oral),1 mg/ml,Renata Limited,100 ml bottle: ৳ 300.00,
29844,Sperid,allopathic,speridtablet4-mg,Tablet,Risperidone (Oral),4 mg,Renata Limited,"Unit Price: ৳ 9.00,(30's pack: ৳ 270.00),",(30's pack: ৳ 270.00)
29843,Sperid,allopathic,speridtablet2-mg,Tablet,Risperidone (Oral),2 mg,Renata Limited,"Unit Price: ৳ 5.00,(30's pack: ৳ 150.00),",(30's pack: ৳ 150.00)
6403,Stapkil,allopathic,stapkilcapsule250-mg,Capsule,Flucloxacillin Sodium,250 mg,Pacific Pharmaceuticals Ltd.,"Unit Price: ৳ 5.50,(50's pack: ৳ 275.00),",(50's pack: ৳ 275.00)
6401,Staphylox-500,allopathic,staphylox-500capsule500-mg,Capsule,Flucloxacillin Sodium,500 mg,Pharmadesh Laboratories Ltd.,"Unit Price: ৳ 10.50,(28's pack: ৳ 294.00),",(28's pack: ৳ 294.00)
6402,Staphylox,allopathic,staphyloxpowder-for-suspension125-mg5-ml,Powder for Suspension,Flucloxacillin Sodium,125 mg/5 ml,Pharmadesh Laboratories Ltd.,100 ml bottle: ৳ 75.00,
14227,Stanovit-M,allopathic,stanovit-mtablet,Tablet,Multivitamin & Multimineral,,Globe Pharmaceuticals Ltd.,"Unit Price: ৳ 1.80,(30's pack: ৳ 54.00),",(30's pack: ৳ 54.00)
13840,Stanovit-B,allopathic,stanovit-btablet,Tablet,Vitamin B complex,,Globe Pharmaceuticals Ltd.,"Unit Price: ৳ 0.51,(45's pack: ৳ 22.95),",(45's pack: ৳ 22.95)
13839,Stanoplex,allopathic,stanoplexsyrup,Syrup,Vitamin B complex,,Globe Pharmaceuticals Ltd.,"100 ml bottle: ৳ 35.00,200 ml bottle: ৳ 60.00",
14226,Stano-M,allopathic,stano-mcapsule,Capsule,Multivitamin & Multimineral,,Globe Pharmaceuticals Ltd.,"Unit Price: ৳ 3.00,(50's pack: ৳ 150.00),",(50's pack: ৳ 150.00)
16753,Stamaril,allopathic,stamarilimsc-injection1000-iu05-ml,IM/SC Injection,Yellow Fever Vaccine,1000 IU/0.5 ml,Synovia pharma plc,"0.5 ml pre-filled syringe: ৳ 2,257.00",
5126,Stalevo,allopathic,stalevotablet200-mg50-mg200-mg,Tablet,Levodopa + Carbidopa + Entacapone,200 mg+50 mg+200 mg,"Orion Corporation, Finland","Unit Price: ৳ 85.32,(30's pack: ৳ 2,559.66),","(30's pack: ৳ 2,559.66)"
5125,Stalevo,allopathic,stalevotablet125-mg3125-mg200-mg,Tablet,Levodopa + Carbidopa + Entacapone,125 mg+31.25 mg+200 mg,"Orion Corporation, Finland","Unit Price: ৳ 85.32,(30's pack: ৳ 2,559.66),","(30's pack: ৳ 2,559.66)"
5124,Stalevo,allopathic,stalevotablet75-mg1875-mg200-mg,Tablet,Levodopa + Carbidopa + Entacapone,75 mg+18.75 mg+200 mg,"Orion Corporation, Finland","Unit Price: ৳ 85.32,(30's pack: ৳ 2,559.66),","(30's pack: ৳ 2,559.66)"
6400,Stafoxin,allopathic,stafoxinpowder-for-suspension125-mg5-ml,Powder for Suspension,Flucloxacillin Sodium,125 mg/5 ml,Aristopharma Ltd.,100 ml bottle: ৳ 60.00,
6399,Stafoxin,allopathic,stafoxincapsule500-mg,Capsule,Flucloxacillin Sodium,500 mg,Aristopharma Ltd.,"Unit Price: ৳ 10.00,(30's pack: ৳ 300.00),",(30's pack: ৳ 300.00)
6398,Stafoxin,allopathic,stafoxincapsule250-mg,Capsule,Flucloxacillin Sodium,250 mg,Aristopharma Ltd.,"Unit Price: ৳ 5.50,(48's pack: ৳ 264.00),",(48's pack: ৳ 264.00)
27889,Staflu DS,allopathic,staflu-dspowder-for-suspension250-mg5-ml,Powder for Suspension,Flucloxacillin Sodium,250 mg/5 ml,Alco Pharma Ltd.,100 ml bottle: ৳ 110.75,
27888,Staflu,allopathic,staflupowder-for-suspension125-mg5-ml,Powder for Suspension,Flucloxacillin Sodium,125 mg/5 ml,Alco Pharma Ltd.,100 ml bottle: ৳ 65.21,
27887,Staflu,allopathic,staflucapsule500-mg,Capsule,Flucloxacillin Sodium,500 mg,Alco Pharma Ltd.,"Unit Price: ৳ 10.57,(28's pack: ৳ 295.96),",(28's pack: ৳ 295.96)
27886,Staflu,allopathic,staflucapsule250-mg,Capsule,Flucloxacillin Sodium,250 mg,Alco Pharma Ltd.,"Unit Price: ৳ 5.79,(60's pack: ৳ 347.40),",(60's pack: ৳ 347.40)
15954,Stafen,allopathic,stafenophthalmic-solution0025,Ophthalmic Solution,Ketotifen Fumarate (Ophthalmic),0.03%,Aristopharma Ltd.,5 ml drop: ৳ 100.00,
3742,Stafen,allopathic,stafensyrup1-mg5-ml,Syrup,Ketotifen Fumarate (Oral),1 mg/5 ml,Aristopharma Ltd.,100 ml bottle: ৳ 55.00,
3741,Stafen,allopathic,stafentablet1-mg,Tablet,Ketotifen Fumarate (Oral),1 mg,Aristopharma Ltd.,"Unit Price: ৳ 2.50,(100's pack: ৳ 250.00),",(100's pack: ৳ 250.00)
1231,Stacor,allopathic,stacortablet40-mg,Tablet,Atorvastatin Calcium,40 mg,UniMed UniHealth,"Unit Price: ৳ 24.00,(10's pack: ৳ 240.00),",(10's pack: ৳ 240.00)
1230,Stacor,allopathic,stacortablet20-mg,Tablet,Atorvastatin Calcium,20 mg,UniMed UniHealth,"Unit Price: ৳ 18.00,(20's pack: ৳ 360.00),,Unit Price: ৳ 18.00,(30's pack: ৳ 540.00),","(20's pack: ৳ 360.00),(30's pack: ৳ 540.00)"
1229,Stacor,allopathic,stacortablet10-mg,Tablet,Atorvastatin Calcium,10 mg,UniMed UniHealth,"Unit Price: ৳ 10.00,(30's pack: ৳ 300.00),",(30's pack: ৳ 300.00)
31580,SRS-Saline,allopathic,srs-salineoral-powder1395-gm,Oral Powder,Oral Rehydration Salt [Powder],13.95 gm,Silco Pharmaceutical Ltd.,"Unit Price: ৳ 5.00,(20's pack: ৳ 100.00),",(20's pack: ৳ 100.00)
14816,SR Saline,allopathic,sr-salineoral-powder1395-gm,Oral Powder,Oral Rehydration Salt [Powder],13.95 gm,Seema Pharmaceuticals Ltd.,"Unit Price: ৳ 4.55,(20's pack: ৳ 91.00),",(20's pack: ৳ 91.00)
28166,Square Zinc,allopathic,square-zincdispersible-tablet20-mg,Dispersible Tablet,Zinc Sulfate Monohydrate,20 mg,Square Pharmaceuticals Ltd.,"Unit Price: ৳ 2.01,(100's pack: ৳ 201.00),",(100's pack: ৳ 201.00)
19201,SQ-Mycetin,allopathic,sq-mycetinophthalmic-solution05,Ophthalmic Solution,Chloramphenicol (Ophthalmic),0.50%,Square Pharmaceuticals Ltd.,10 ml drop: ৳ 34.50,
4111,Sputen,allopathic,sputensyrup4-mg5-ml,Syrup,Bromhexine Hydrochloride,4 mg/5 ml,Silva Pharmaceuticals Ltd.,100 ml bottle: ৳ 30.11,
30490,Spusoft,allopathic,spusoftcapsule300-mg,Capsule,Erdosteine,300 mg,Incepta Pharmaceuticals Ltd.,"Unit Price: ৳ 15.00,(20's pack: ৳ 300.00),",(20's pack: ৳ 300.00)
18225,Stebet-CL,allopathic,stebet-clcream0051,Cream,Betamethasone + Clotrimazole,0.05%+1%,Navana Pharmaceuticals Ltd.,10 gm tube: ৳ 35.00,
7347,Staxim,allopathic,staximpowder-for-suspension125-mg5-ml,Powder for Suspension,Cefuroxime Axetil,125 mg/5 ml,Delta Pharma Ltd.,70 ml bottle: ৳ 170.00,
7346,Staxim,allopathic,staximtablet500-mg,Tablet,Cefuroxime Axetil,500 mg,Delta Pharma Ltd.,"Unit Price: ৳ 45.00,(8's pack: ৳ 360.00),",(8's pack: ৳ 360.00)
7345,Staxim,allopathic,staximtablet250-mg,Tablet,Cefuroxime Axetil,250 mg,Delta Pharma Ltd.,"Unit Price: ৳ 25.00,(12's pack: ৳ 300.00),",(12's pack: ৳ 300.00)
31924,Staxiclav,allopathic,staxiclavtablet250-mg625-mg,Tablet,Cefuroxime Axetil + Clavulanic Acid,250 mg+62.5 mg,Delta Pharma Ltd.,"Unit Price: ৳ 30.00,(12's pack: ৳ 360.00),",(12's pack: ৳ 360.00)
10192,Starzyl,allopathic,starzyloral-suspension200-mg5-ml,Oral Suspension,Metronidazole,200 mg/5 ml,Asiatic Laboratories Ltd.,60 ml bottle: ৳ 24.84,
10191,Starzyl,allopathic,starzyltablet400-mg,Tablet,Metronidazole,400 mg,Asiatic Laboratories Ltd.,"Unit Price: ৳ 1.02,(100's pack: ৳ 102.00),",(100's pack: ৳ 102.00)
16630,Starlix,allopathic,starlixtablet120-mg,Tablet,Nateglinide,120 mg,Novartis (Bangladesh) Ltd.,"Unit Price: ৳ 28.11,(84's pack: ৳ 2,360.91),","(84's pack: ৳ 2,360.91)"
30935,Stark,allopathic,starkoral-solution5-mg5-ml,Oral Solution,Rupatadine Fumarate,5 mg/5 ml,Renata Limited,60 ml bottle: ৳ 75.00,
29993,Stark,allopathic,starktablet10-mg,Tablet,Rupatadine Fumarate,10 mg,Renata Limited,"Unit Price: ৳ 12.00,(30's pack: ৳ 360.00),",(30's pack: ৳ 360.00)
7806,Starin DS,allopathic,starin-dspowder-for-suspension80-mg5-ml,Powder for Suspension,Cefpodoxime Proxetil,80 mg/5 ml,Eskayef Pharmaceuticals Ltd.,50 ml bottle: ৳ 150.00,
30029,Starin,allopathic,starincapsule200-mg,Capsule,Cefpodoxime Proxetil,200 mg,Eskayef Pharmaceuticals Ltd.,"Unit Price: ৳ 40.00,(8's pack: ৳ 320.00),",(8's pack: ৳ 320.00)
7807,Starin,allopathic,starinpediatric-drops20-mgml,Pediatric Drops,Cefpodoxime Proxetil,20 mg/ml,Eskayef Pharmaceuticals Ltd.,15 ml bottle: ৳ 60.00,
7805,Starin,allopathic,starinpowder-for-suspension40-mg5-ml,Powder for Suspension,Cefpodoxime Proxetil,40 mg/5 ml,Eskayef Pharmaceuticals Ltd.,50 ml bottle: ৳ 98.00,
7804,Starin,allopathic,starincapsule100-mg,Capsule,Cefpodoxime Proxetil,100 mg,Eskayef Pharmaceuticals Ltd.,"Unit Price: ৳ 22.00,(16's pack: ৳ 352.00),",(16's pack: ৳ 352.00)
24448,Starfil,allopathic,starfiltablet100-mg,Tablet,Sildenafil Citrate,100 mg,Benham Pharmaceuticals Ltd.,"Unit Price: ৳ 50.00,(4's pack: ৳ 200.00),",(4's pack: ৳ 200.00)
24447,Starfil,allopathic,starfiltablet50-mg,Tablet,Sildenafil Citrate,50 mg,Benham Pharmaceuticals Ltd.,"Unit Price: ৳ 35.00,(4's pack: ৳ 140.00),",(4's pack: ৳ 140.00)
27168,Starcox,allopathic,starcoxtablet90-mg,Tablet,Etoricoxib,90 mg,Kumudini Pharma Ltd.,"Unit Price: ৳ 12.00,(30's pack: ৳ 360.00),",(30's pack: ৳ 360.00)
27167,Starcox,allopathic,starcoxtablet60-mg,Tablet,Etoricoxib,60 mg,Kumudini Pharma Ltd.,"Unit Price: ৳ 7.00,(30's pack: ৳ 210.00),",(30's pack: ৳ 210.00)
18718,Starcef,allopathic,starcefcapsule400-mg,Capsule,Cefixime Trihydrate,400 mg,Beacon Pharmaceuticals Ltd.,"Unit Price: ৳ 50.00,(8's pack: ৳ 400.00),",(8's pack: ৳ 400.00)
7643,Starcef,allopathic,starcefpowder-for-suspension100-mg5-ml,Powder for Suspension,Cefixime Trihydrate,100 mg/5 ml,Beacon Pharmaceuticals Ltd.,50 ml bottle: ৳ 210.00,
7642,Starcef,allopathic,starcefcapsule200-mg,Capsule,Cefixime Trihydrate,200 mg,Beacon Pharmaceuticals Ltd.,"Unit Price: ৳ 35.11,(8's pack: ৳ 280.88),",(8's pack: ৳ 280.88)
17219,Starcal M,allopathic,starcal-mtablet,Tablet,Calcium Carbonate + Vitamin D3 + Multimineral,,NIPRO JMI Pharma Ltd.,"Unit Price: ৳ 6.50,(30's pack: ৳ 195.00),",(30's pack: ৳ 195.00)
14473,Starcal D Forte,allopathic,starcal-d-fortetablet500-mg400-iu,Tablet,Calcium Carbonate [Elemental source] + Vitamin D3,500 mg+400 IU,NIPRO JMI Pharma Ltd.,"Unit Price: ৳ 8.02,(30's pack: ৳ 240.60),",(30's pack: ৳ 240.60)
14472,Starcal D,allopathic,starcal-dtablet500-mg200-iu,Tablet,Calcium Carbonate [Elemental source] + Vitamin D3,500 mg+200 IU,NIPRO JMI Pharma Ltd.,"Unit Price: ৳ 7.00,(60's pack: ৳ 420.00),",(60's pack: ৳ 420.00)
14369,Starcal,allopathic,starcaltablet500-mg,Tablet,Calcium Carbonate,500 mg,NIPRO JMI Pharma Ltd.,"Unit Price: ৳ 5.00,(50's pack: ৳ 250.00),",(50's pack: ৳ 250.00)
11784,Starbac,allopathic,starbactablet10-mg,Tablet,Baclofen,10 mg,Leon Pharmaceuticals Ltd.,"Unit Price: ৳ 8.00,(30's pack: ৳ 240.00),",(30's pack: ৳ 240.00)
11783,Starbac,allopathic,starbactablet5-mg,Tablet,Baclofen,5 mg,Leon Pharmaceuticals Ltd.,"Unit Price: ৳ 4.50,(30's pack: ৳ 135.00),",(30's pack: ৳ 135.00)
6405,Stapkil,allopathic,stapkilpowder-for-suspension125-mg5-ml,Powder for Suspension,Flucloxacillin Sodium,125 mg/5 ml,Pacific Pharmaceuticals Ltd.,100 ml bottle: ৳ 58.00,
6404,Stapkil,allopathic,stapkilcapsule500-mg,Capsule,Flucloxacillin Sodium,500 mg,Pacific Pharmaceuticals Ltd.,"Unit Price: ৳ 10.00,(30's pack: ৳ 300.00),",(30's pack: ৳ 300.00)
19733,Steron-T,allopathic,steron-tophthalmic-solution0103,Ophthalmic Solution,Dexamethasone + Tobramycin,0.1%+0.3%,ACME Laboratories Ltd.,5 ml drop: ৳ 130.39,
15777,Steron,allopathic,steronophthalmic-solution01,Ophthalmic Solution,Dexamethasone (Ophthalmic),0.10%,ACME Laboratories Ltd.,5 ml drop: ৳ 70.21,
5777,Steron,allopathic,steronimiv-injection5-mgml,IM/IV Injection,Dexamethasone,5 mg/ml,ACME Laboratories Ltd.,"1 ml ampoule: ৳ 22.07,(10's pack: ৳ 220.70),",(10's pack: ৳ 220.70)
5776,Steron,allopathic,sterontablet05-mg,Tablet,Dexamethasone,0.5 mg,ACME Laboratories Ltd.,"Unit Price: ৳ 1.00,(100's pack: ৳ 100.00),",(100's pack: ৳ 100.00)
15921,Sterolon,allopathic,sterolonophthalmic-suspension1,Ophthalmic Suspension,Prednisolone Acetate,1%,Monicopharma Ltd.,5 ml drop: ৳ 100.00,
28970,Steriz,allopathic,sterizhand-rub6635,Hand Rub,Ethanol + Isopropyl alcohol,66%+3.5%,Arges Life Science Limited,"50 ml bottle: ৳ 100.00,200 ml bottle: ৳ 220.00",
15572,Sterisol,allopathic,sterisolirrigation-solution15,Irrigation Solution,Glycine,1.50%,Popular Pharmaceuticals Ltd.,2000 ml bag: ৳ 165.00,
16306,Steradin,allopathic,steradininhaler250-mcgpuff,Inhaler,Beclomethasone Dipropionate (Inhaler),250 mcg/puff,ACI Limited,200 metered doses: ৳ 352.38,
16305,Steradin,allopathic,steradininhaler100-mcgpuff,Inhaler,Beclomethasone Dipropionate (Inhaler),100 mcg/puff,ACI Limited,200 metered doses: ৳ 271.84,
25112,Stenide,allopathic,stenidecream101,Cream,Econazole Nitrate + Triamcinolone Acetonide,1%+0.1%,Navana Pharmaceuticals Ltd.,10 gm tube: ৳ 40.00,
15815,Stenicol,allopathic,stenicolophthalmic-solution0105,Ophthalmic Solution,Dexamethasone + Chloramphenicol,0.1%+0.5%,Drug International Ltd.,5 ml drop: ৳ 60.20,
25172,Stener,allopathic,stenertablet300-mg,Tablet,Ursodeoxycholic Acid,300 mg,Healthcare Pharmaceuticals Ltd.,"Unit Price: ৳ 25.00,(30's pack: ৳ 750.00),",(30's pack: ৳ 750.00)
25171,Stener,allopathic,stenertablet150-mg,Tablet,Ursodeoxycholic Acid,150 mg,Healthcare Pharmaceuticals Ltd.,"Unit Price: ৳ 15.00,(30's pack: ৳ 450.00),",(30's pack: ৳ 450.00)
4682,Stemetil,allopathic,stemetiltablet5-mg,Tablet,Prochlorperazine Maleate,5 mg,Synovia pharma plc,"Unit Price: ৳ 0.46,(600's pack: ৳ 276.00),",(600's pack: ৳ 276.00)
3900,Stelone,allopathic,steloneointment01,Ointment,Triamcinolone Acetonide (Topical),0.10%,General Pharmaceuticals Ltd.,10 gm tube: ৳ 25.08,
4306,Stela,allopathic,stelatablet5-mg,Tablet,Trifluoperazine,5 mg,Delta Pharma Ltd.,"Unit Price: ৳ 2.50,(50's pack: ৳ 125.00),",(50's pack: ৳ 125.00)
5335,Stimulin,allopathic,stimulintablet1-mg,Tablet,Glimepiride,1 mg,Orion Pharma Ltd.,"Unit Price: ৳ 3.01,(30's pack: ৳ 90.30),",(30's pack: ৳ 90.30)
4364,Stimo,allopathic,stimotablet05-mg10-mg,Tablet,Flupentixol + Melitracen,0.5 mg+10 mg,Delta Pharma Ltd.,"Unit Price: ৳ 3.50,(50's pack: ৳ 175.00),",(50's pack: ৳ 175.00)
28944,Stilamin,allopathic,stilaminiv-injection-or-infusion3-mgampoule,IV Injection or Infusion,Somatostatin,3 mg/ampoule,Merck,"3 mg ampoule: ৳ 5,085.00",
15509,Stigmin,allopathic,stigmininjection05-mgml,Injection,Neostigmine Methyl Sulphate,0.5 mg/ml,Techno Drugs Ltd.,"1 ml ampoule: ৳ 7.00,(10's pack: ৳ 70.00),",(10's pack: ৳ 70.00)
26798,Stiba,allopathic,stibasyrup5-mg5-ml,Syrup,Ebastine,5 mg/5 ml,Eskayef Pharmaceuticals Ltd.,30 ml bottle: ৳ 60.00,
12039,Stiba,allopathic,stibatablet10-mg,Tablet,Ebastine,10 mg,Eskayef Pharmaceuticals Ltd.,"Unit Price: ৳ 8.00,(30's pack: ৳ 240.00),",(30's pack: ৳ 240.00)
19456,Steson,allopathic,stesoncream005,Cream,Clobetasone Butyrate,0.05%,Navana Pharmaceuticals Ltd.,10 gm tube: ৳ 41.00,
4305,Stela,allopathic,stelatablet1-mg,Tablet,Trifluoperazine,1 mg,Delta Pharma Ltd.,"Unit Price: ৳ 1.50,(50's pack: ৳ 75.00),",(50's pack: ৳ 75.00)
15865,Stedex-T,allopathic,stedex-tophthalmic-solution0103,Ophthalmic Solution,Dexamethasone + Tobramycin,0.1%+0.3%,Navana Pharmaceuticals Ltd.,5 ml drop: ৳ 150.45,
15818,Stedex-C,allopathic,stedex-cophthalmic-solution0105,Ophthalmic Solution,Dexamethasone + Chloramphenicol,0.1%+0.5%,Navana Pharmaceuticals Ltd.,5 ml drop: ৳ 70.21,
19850,Stedex,allopathic,stedexophthalmic-solution01,Ophthalmic Solution,Dexamethasone (Ophthalmic),0.10%,Navana Pharmaceuticals Ltd.,5 ml drop: ৳ 70.00,
19450,Steclo-NN,allopathic,steclo-nncream05-mg5-mg1-lac-iugm,Cream,Clobetasol Propionate + Neomycin Sulphate + Nystatin,(0.5 mg+5 mg+1 Lac IU)/gm,Navana Pharmaceuticals Ltd.,15 gm tube: ৳ 70.00,
32710,Steclo,allopathic,stecloointment005,Ointment,Clobetasol Propionate (Topical Preparation),0.05%,Navana Pharmaceuticals Ltd.,10 gm tube: ৳ 60.00,
26928,Steclo,allopathic,steclocream005,Cream,Clobetasol Propionate (Topical Preparation),0.05%,Navana Pharmaceuticals Ltd.,10 gm tube: ৳ 58.00,
25251,Sucovil-M,allopathic,sucovil-mtablet50-mg500-mg,Tablet,Vildagliptin + Metformin Hydrochloride,50 mg+500 mg,Globe Pharmaceuticals Ltd.,"Unit Price: ৳ 21.00,(18's pack: ৳ 378.00),",(18's pack: ৳ 378.00)
25250,Sucovil-M,allopathic,sucovil-mtablet50-mg850-mg,Tablet,Vildagliptin + Metformin Hydrochloride,50 mg+850 mg,Globe Pharmaceuticals Ltd.,"Unit Price: ৳ 23.00,(18's pack: ৳ 414.00),",(18's pack: ৳ 414.00)
26664,Sucovil,allopathic,sucoviltablet50-mg,Tablet,Vildagliptin,50 mg,Globe Pharmaceuticals Ltd.,"Unit Price: ৳ 20.00,(20's pack: ৳ 400.00),",(20's pack: ৳ 400.00)
5260,Sucotab,allopathic,sucotabtablet80-mg,Tablet,Gliclazide,80 mg,Globe Pharmaceuticals Ltd.,"Unit Price: ৳ 7.00,(50's pack: ৳ 350.00),",(50's pack: ৳ 350.00)
24534,Sucosit M,allopathic,sucosit-mtablet50-mg1000-mg,Tablet,Sitagliptin + Metformin Hydrochloride,50 mg+1000 mg,Globe Pharmaceuticals Ltd.,"Unit Price: ৳ 16.00,(18's pack: ৳ 288.00),",(18's pack: ৳ 288.00)
24533,Sucosit M,allopathic,sucosit-mtablet50-mg500-mg,Tablet,Sitagliptin + Metformin Hydrochloride,50 mg+500 mg,Globe Pharmaceuticals Ltd.,"Unit Price: ৳ 14.00,(18's pack: ৳ 252.00),",(18's pack: ৳ 252.00)
24515,Sucosit,allopathic,sucosittablet50-mg,Tablet,Sitagliptin,50 mg,Globe Pharmaceuticals Ltd.,"Unit Price: ৳ 16.00,(30's pack: ৳ 480.00),",(30's pack: ৳ 480.00)
24514,Sucosit,allopathic,sucosittablet100-mg,Tablet,Sitagliptin,100 mg,Globe Pharmaceuticals Ltd.,"Unit Price: ৳ 28.00,(20's pack: ৳ 560.00),",(20's pack: ৳ 560.00)
5346,Sucorid,allopathic,sucoridtablet2-mg,Tablet,Glimepiride,2 mg,Globe Pharmaceuticals Ltd.,"Unit Price: ৳ 5.00,(30's pack: ৳ 150.00),",(30's pack: ৳ 150.00)
24999,Suconal,allopathic,suconalcream1,Cream,Tioconazole,1%,Supreme Pharmaceutical Ltd.,10 gm tube: ৳ 47.54,
5474,Sucomet,allopathic,sucomettablet850-mg,Tablet,Metformin Hydrochloride,850 mg,Globe Pharmaceuticals Ltd.,"Unit Price: ৳ 4.50,(50's pack: ৳ 225.00),",(50's pack: ৳ 225.00)
5473,Sucomet,allopathic,sucomettablet500-mg,Tablet,Metformin Hydrochloride,500 mg,Globe Pharmaceuticals Ltd.,"Unit Price: ৳ 3.00,(100's pack: ৳ 300.00),",(100's pack: ৳ 300.00)
27986,Sucleer,allopathic,sucleertablet80-mg,Tablet,Gliclazide,80 mg,Jenphar Bangladesh Ltd.,"Unit Price: ৳ 8.00,(50's pack: ৳ 400.00),",(50's pack: ৳ 400.00)
14474,Sucal D,allopathic,sucal-dtablet500-mg200-iu,Tablet,Calcium Carbonate [Elemental source] + Vitamin D3,500 mg+200 IU,Supreme Pharmaceutical Ltd.,"Unit Price: ৳ 4.00,(15's pack: ৳ 60.00),,Unit Price: ৳ 4.00,(30's pack: ৳ 120.00),","(15's pack: ৳ 60.00),(30's pack: ৳ 120.00)"
14336,Sucal,allopathic,sucaltablet500-mg,Tablet,Calcium Carbonate,500 mg,Supreme Pharmaceutical Ltd.,"Unit Price: ৳ 4.00,(30's pack: ৳ 120.00),",(30's pack: ৳ 120.00)
31526,Stromec,allopathic,stromectablet6-mg,Tablet,Ivermectin (Tablet),6 mg,Pharmasia Limited,"Unit Price: ৳ 10.00,(10's pack: ৳ 100.00),",(10's pack: ৳ 100.00)
29895,Sucrate,allopathic,sucrateoral-suspension1-gm5-ml,Oral Suspension,Sucralfate,1 gm/5 ml,ACME Laboratories Ltd.,200 ml bottle: ৳ 400.00,
29282,Sucozin,allopathic,sucozintablet25-mg,Tablet,Empagliflozin,25 mg,Globe Pharmaceuticals Ltd.,"Unit Price: ৳ 40.00,(10's pack: ৳ 400.00),",(10's pack: ৳ 400.00)
29281,Sucozin,allopathic,sucozintablet10-mg,Tablet,Empagliflozin,10 mg,Globe Pharmaceuticals Ltd.,"Unit Price: ৳ 25.00,(20's pack: ৳ 500.00),",(20's pack: ৳ 500.00)
32556,Stressnil,allopathic,stressniltablet3-mg,Tablet,Bromazepam,3 mg,Doctor TIMS Pharmaceuticals Ltd.,"Unit Price: ৳ 5.00,(30's pack: ৳ 150.00),",(30's pack: ৳ 150.00)
26544,Stresin,allopathic,stresincapsule-delayed-release30-mg,Capsule (Delayed Release),Duloxetine Hydrochloride,30 mg,UniMed UniHealth,"Unit Price: ৳ 12.00,(30's pack: ৳ 360.00),",(30's pack: ৳ 360.00)
4503,Stresin,allopathic,stresincapsule-delayed-release20-mg,Capsule (Delayed Release),Duloxetine Hydrochloride,20 mg,UniMed UniHealth,"Unit Price: ৳ 8.00,(30's pack: ৳ 240.00),",(30's pack: ৳ 240.00)
23077,Stosec,allopathic,stoseciv-injection40-mgvial,IV Injection,Omeprazole,40 mg/vial,Opso Saline Ltd.,40 mg vial: ৳ 90.69,
23076,Stosec,allopathic,stoseccapsule-delayed-release20-mg,Capsule (Delayed Release),Omeprazole,20 mg,Opso Saline Ltd.,"Unit Price: ৳ 5.00,(90's pack: ৳ 450.00),",(90's pack: ৳ 450.00)
28057,Stomacid,allopathic,stomacidoral-suspension175-mg225-mg5-ml,Oral Suspension,Aluminium Hydroxide + Magnesium Hydroxide,(175 mg+225 mg)/5 ml,Ambee Pharmaceuticals Ltd.,200 ml bottle: ৳ 33.00,
28054,Stomacid,allopathic,stomacidchewable-tablet250-mg400-mg,Chewable Tablet,Aluminium Hydroxide + Magnesium Hydroxide,250 mg+400 mg,Ambee Pharmaceuticals Ltd.,"Unit Price: ৳ 0.53,(100's pack: ৳ 53.12),",(100's pack: ৳ 53.12)
486,Stoma,allopathic,stomachewable-tablet250-mg400-mg,Chewable Tablet,Aluminium Hydroxide + Magnesium Hydroxide,250 mg+400 mg,Eskayef Pharmaceuticals Ltd.,"Unit Price: ৳ 0.54,(200's pack: ৳ 108.00),",(200's pack: ৳ 108.00)
24053,Stogut,allopathic,stoguttablet-enteric-coated20-mg,Tablet (Enteric Coated),Rabeprazole Sodium,20 mg,United Pharmaceuticals Ltd.,"Unit Price: ৳ 5.02,(60's pack: ৳ 300.95),",(60's pack: ৳ 300.95)
24684,STK,allopathic,stkpowder-for-injection15-million-unit,Powder for Injection,Streptokinase,1.5 million unit,Incepta Pharmaceuticals Ltd.,"1.5 million unit vial: ৳ 4,500.00",
5336,Stimulin,allopathic,stimulintablet2-mg,Tablet,Glimepiride,2 mg,Orion Pharma Ltd.,"Unit Price: ৳ 5.03,(30's pack: ৳ 150.90),",(30's pack: ৳ 150.90)
2360,Sulfacol,allopathic,sulfacoltablet500-mg,Tablet,Sulfasalazine,500 mg,Drug International Ltd.,"Unit Price: ৳ 5.05,(30's pack: ৳ 151.50),,Unit Price: ৳ 5.05,(50's pack: ৳ 252.50),","(30's pack: ৳ 151.50),(50's pack: ৳ 252.50)"
24706,Sulfaben,allopathic,sulfabentablet500-mg,Tablet,Sulfasalazine,500 mg,Benham Pharmaceuticals Ltd.,"Unit Price: ৳ 5.20,(50's pack: ৳ 260.00),",(50's pack: ৳ 260.00)
31198,Sulderm,allopathic,suldermcream1,Cream,Sulconazole Nitrate,1%,Navana Pharmaceuticals Ltd.,"15 gm tube: ৳ 170.00,30 gm tube: ৳ 230.00",
3509,Sulbion,allopathic,sulbionsyrup2-mg5-ml,Syrup,Salbutamol,2 mg/5 ml,Kumudini Pharma Ltd.,100 ml bottle: ৳ 20.00,
29228,Suito,allopathic,suitotablet1-gmtablet,Tablet,Sucralose + Acesulfame Potassium,1 gm/tablet,Healthcare Pharmaceuticals Ltd.,"Unit Price: ৳ 1.35,(100's pack: ৳ 135.00),",(100's pack: ৳ 135.00)
29227,Suito,allopathic,suitooral-powder1-gmsachet,Oral Powder,Sucralose + Acesulfame Potassium,1 gm/sachet,Healthcare Pharmaceuticals Ltd.,"1 gm sachet: ৳ 3.10,(25's pack: ৳ 77.50),,1 gm sachet: ৳ 3.50,(50's pack: ৳ 175.00),","(25's pack: ৳ 77.50),(50's pack: ৳ 175.00)"
5261,Sugred,allopathic,sugredtablet80-mg,Tablet,Gliclazide,80 mg,Ad-din Pharmaceuticals Ltd.,"Unit Price: ৳ 6.00,(30's pack: ৳ 180.00),",(30's pack: ৳ 180.00)
26938,Sugel,allopathic,sugeloral-suspension175-mg225-mg5-ml,Oral Suspension,Aluminium Hydroxide + Magnesium Hydroxide,(175 mg+225 mg)/5 ml,Pacific Pharmaceuticals Ltd.,200 ml bottle: ৳ 55.00,
488,Sugel,allopathic,sugelchewable-tablet250-mg400-mg,Chewable Tablet,Aluminium Hydroxide + Magnesium Hydroxide,250 mg+400 mg,Pacific Pharmaceuticals Ltd.,"Unit Price: ৳ 0.73,(200's pack: ৳ 146.00),",(200's pack: ৳ 146.00)
224,Sugatrol,allopathic,sugatroltablet50-mg,Tablet,Acarbose,50 mg,Pacific Pharmaceuticals Ltd.,"Unit Price: ৳ 15.00,(30's pack: ৳ 450.00),",(30's pack: ৳ 450.00)
223,Sugatrol,allopathic,sugatroltablet100-mg,Tablet,Acarbose,100 mg,Pacific Pharmaceuticals Ltd.,"Unit Price: ৳ 25.00,(30's pack: ৳ 750.00),",(30's pack: ৳ 750.00)
5213,Suganil,allopathic,suganiltablet5-mg,Tablet,Glibenclamide,5 mg,Skylab Pharmaceuticals Ltd.,"Unit Price: ৳ 0.28,(200's pack: ৳ 56.00),",(200's pack: ৳ 56.00)
32040,Sugamet XR,allopathic,sugamet-xrtablet-extended-release1000-mg,Tablet (Extended Release),Metformin Hydrochloride,1000 mg,General Pharmaceuticals Ltd.,"Unit Price: ৳ 9.00,(30's pack: ৳ 270.00),",(30's pack: ৳ 270.00)
32039,Sugamet XR,allopathic,sugamet-xrtablet-extended-release500-mg,Tablet (Extended Release),Metformin Hydrochloride,500 mg,General Pharmaceuticals Ltd.,"Unit Price: ৳ 6.00,(60's pack: ৳ 360.00),",(60's pack: ৳ 360.00)
5476,Sugamet,allopathic,sugamettablet850-mg,Tablet,Metformin Hydrochloride,850 mg,General Pharmaceuticals Ltd.,"Unit Price: ৳ 5.50,(100's pack: ৳ 550.00),",(100's pack: ৳ 550.00)
5475,Sugamet,allopathic,sugamettablet500-mg,Tablet,Metformin Hydrochloride,500 mg,General Pharmaceuticals Ltd.,"Unit Price: ৳ 3.50,(100's pack: ৳ 350.00),",(100's pack: ৳ 350.00)
2361,Sulfazin,allopathic,sulfazintablet500-mg,Tablet,Sulfasalazine,500 mg,Popular Pharmaceuticals Ltd.,"Unit Price: ৳ 5.22,(30's pack: ৳ 156.60),",(30's pack: ৳ 156.60)
10295,Sulfamin,allopathic,sulfamintablet500-mg25-mg,Tablet,Sulphadoxine + Pyrimethamine,500 mg+25 mg,Jayson Pharmaceuticals Ltd.,"Unit Price: ৳ 4.43,(30's pack: ৳ 132.90),",(30's pack: ৳ 132.90)
7645,Suffix,allopathic,suffixpowder-for-suspension100-mg5-ml,Powder for Suspension,Cefixime Trihydrate,100 mg/5 ml,Marker Pharma Ltd.,50 ml bottle: ৳ 160.00,
7644,Suffix,allopathic,suffixcapsule200-mg,Capsule,Cefixime Trihydrate,200 mg,Marker Pharma Ltd.,"Unit Price: ৳ 25.00,(6's pack: ৳ 150.00),,Unit Price: ৳ 25.00,(12's pack: ৳ 300.00),","(6's pack: ৳ 150.00),(12's pack: ৳ 300.00)"
7808,Sudoxim,allopathic,sudoximpowder-for-suspension40-mg5-ml,Powder for Suspension,Cefpodoxime Proxetil,40 mg/5 ml,S.N. Pharmaceutical Ltd.,50 ml bottle: ৳ 95.00,
30190,Sudokof,allopathic,sudokofsyrup20-mg10-mg25-mg5-ml,Syrup,Dextromethorphan + Phenylephrine + Triprolidine,(20 mg+10 mg+2.5 mg)/5 ml,Incepta Pharmaceuticals Ltd.,100 ml bottle: ৳ 100.00,
29012,Sudoderm,allopathic,sudodermcream1525039101015400,Cream,Zinc oxide + Benzyl alcohol + Benzyl benzoate + Benzyl cinnamate + Lanolin,15.25%+0.39%+1.01%+0.15%+4.00%,Navana Pharmaceuticals Ltd.,"15 gm tube: ৳ 120.00,30 gm tube: ৳ 220.00",
4023,Sudocof,allopathic,sudocofsyrup10-mg30-mg125-mg5-ml,Syrup,Dextromethorphan + Pseudoephedrine + Triprolidine,(10 mg+30 mg+1.25 mg)/5 ml,Incepta Pharmaceuticals Ltd.,100 ml bottle: ৳ 100.00,
26602,Sudamin,allopathic,sudamintablet-extended-release10-mg240-mg,Tablet (Extended Release),Loratadine + Pseudoephedrine,10 mg+240 mg,Ibn Sina Pharmaceuticals Ltd.,"Unit Price: ৳ 7.00,(50's pack: ৳ 350.16),",(50's pack: ৳ 350.16)
16253,Sudafed,allopathic,sudafedtablet60-mg,Tablet,Pseudoephedrine Hydrochloride,60 mg,GlaxoSmithKline,"Unit Price: ৳ 2.00,(100's pack: ৳ 200.00),",(100's pack: ৳ 200.00)
11622,Sudac,allopathic,sudactablet200-mg,Tablet,Sulindac,200 mg,Drug International Ltd.,"Unit Price: ৳ 10.00,(20's pack: ৳ 200.00),",(20's pack: ৳ 200.00)
11621,Sudac,allopathic,sudactablet100-mg,Tablet,Sulindac,100 mg,Drug International Ltd.,"Unit Price: ৳ 5.50,(50's pack: ৳ 275.00),",(50's pack: ৳ 275.00)
1016,Sucrol,allopathic,sucroltablet18-mg,Tablet,Aspartame,18 mg,ACME Laboratories Ltd.,"Unit Price: ৳ 0.69,(100's pack: ৳ 69.00),",(100's pack: ৳ 69.00)
19949,Sucraven,allopathic,sucraveniv-injection-or-infusion100-mg5-ml,IV Injection or Infusion,Iron Sucrose Injection [Elemental Iron],100 mg/5 ml,Ibn Sina Pharmaceuticals Ltd.,5 ml ampoule: ৳ 350.00,
14120,Super Gold,allopathic,super-goldtablet,Tablet,Multivitamin & Multimineral [A-Z gold preparation],,General Pharmaceuticals Ltd.,"Unit Price: ৳ 7.00,(15's pack: ৳ 105.00),,Unit Price: ৳ 7.00,(30's pack: ৳ 210.00),","(15's pack: ৳ 105.00),(30's pack: ৳ 210.00)"
31165,Sunrise-D,allopathic,sunrise-dcapsule40000-iu,Capsule,Colecalciferol [Vitamin D3],40000 IU,Everest Pharmaceuticals Ltd.,"Unit Price: ৳ 35.00,(10's pack: ৳ 350.00),",(10's pack: ৳ 350.00)
29555,SunMask,allopathic,sunmaskcream,Cream,"Zinc oxide, Octinoxate, Enzacamene and Avobenzone",,Square Pharmaceuticals Ltd.,60 gm tube: ৳ 250.00,
32921,Sunkist,allopathic,sunkistchewable-tablet250-mg,Chewable Tablet,Vitamin C [Ascorbic acid],250 mg,Arges Life Science Limited,"Unit Price: ৳ 1.80,(100's pack: ৳ 180.00),",(100's pack: ৳ 180.00)
16704,Sunitix,allopathic,sunitixcapsule50-mg,Capsule,Sunitinib,50 mg,Beacon Pharmaceuticals Ltd.,"Unit Price: ৳ 1,800.00,(6's pack: ৳ 10,800.00),","(6's pack: ৳ 10,800.00)"
28706,Sunicent,allopathic,sunicentcapsule50-mg,Capsule,Sunitinib,50 mg,Incepta Pharmaceuticals Ltd.,"Unit Price: ৳ 1,000.00,(12's pack: ৳ 12,000.00),","(12's pack: ৳ 12,000.00)"
26974,Sun D,allopathic,sun-dtablet1000-iu,Tablet,Colecalciferol [Vitamin D3],1000 IU,Delta Pharma Ltd.,"Unit Price: ৳ 2.00,(30's pack: ৳ 60.00),",(30's pack: ৳ 60.00)
26973,Sun D,allopathic,sun-dcapsule40000-iu,Capsule,Colecalciferol [Vitamin D3],40000 IU,Delta Pharma Ltd.,"Unit Price: ৳ 15.00,(10's pack: ৳ 150.00),",(10's pack: ৳ 150.00)
26972,Sun D,allopathic,sun-dcapsule20000-iu,Capsule,Colecalciferol [Vitamin D3],20000 IU,Delta Pharma Ltd.,"Unit Price: ৳ 10.00,(10's pack: ৳ 100.00),",(10's pack: ৳ 100.00)
22136,Sumin,allopathic,sumintablet500-mg,Tablet,Metformin Hydrochloride,500 mg,Orbit Pharmaceuticals Ltd.,Unit Price: ৳ 2.00,
29459,Suma,allopathic,sumanasal-spray10-mgspray,Nasal Spray,Sumatriptan,10 mg/spray,ACME Laboratories Ltd.,60 metered spray: ৳ 620.00,
3511,Sultolin SR,allopathic,sultolin-srtablet-sustained-release8-mg,Tablet (Sustained Release),Salbutamol,8 mg,Square Pharmaceuticals Ltd.,"Unit Price: ৳ 0.92,(200's pack: ৳ 184.00),",(200's pack: ৳ 184.00)
3518,Sultolin,allopathic,sultolinrespirator-solution5-mgml,Respirator Solution,Salbutamol,5 mg/ml,Square Pharmaceuticals Ltd.,20 ml pack: ৳ 120.82,
3516,Sultolin,allopathic,sultolininhalation-capsule200-mcg,Inhalation Capsule,Salbutamol,200 mcg,Square Pharmaceuticals Ltd.,"Unit Price: ৳ 2.51,(30's pack: ৳ 75.30),",(30's pack: ৳ 75.30)
3514,Sultolin,allopathic,sultolininhaler100-mcgpuff,Inhaler,Salbutamol (Inhaler),100 mcg/puff,Square Pharmaceuticals Ltd.,200 metered doses (Refill): ৳ 198.00,
3513,Sultolin,allopathic,sultolininhaler100-mcgpuff,Inhaler,Salbutamol (Inhaler),100 mcg/puff,Square Pharmaceuticals Ltd.,200 metered doses: ৳ 250.00,
8199,Superpime,allopathic,superpimeimiv-injection500-mgvial,IM/IV Injection,Cefepime Hydrochloride,500 mg/vial,ACME Laboratories Ltd.,500 mg vial: ৳ 300.90,
8197,Superpime,allopathic,superpimeimiv-injection1-gmvial,IM/IV Injection,Cefepime Hydrochloride,1 gm/vial,ACME Laboratories Ltd.,1 gm vial: ৳ 551.64,
14157,Super Silver,allopathic,super-silvertablet,Tablet,Multivitamin & Multimineral [A-Z silver preparation],,General Pharmaceuticals Ltd.,"Unit Price: ৳ 7.00,(30's pack: ৳ 210.00),",(30's pack: ৳ 210.00)
978,Super Saline,allopathic,super-salineoral-powder1395-gm,Oral Powder,Oral Rehydration Salt [Powder],13.95 gm,Amico Laboratories Ltd.,"Unit Price: ৳ 4.57,(20's pack: ৳ 91.40),",(20's pack: ৳ 91.40)
3512,Sultolin,allopathic,sultolinsyrup2-mg5-ml,Syrup,Salbutamol,2 mg/5 ml,Square Pharmaceuticals Ltd.,100 ml bottle: ৳ 23.00,
3687,Sulprex,allopathic,sulprexnebuliser-solution25-mg500-mcg3-ml,Nebuliser Solution,Salbutamol + Ipratropium (Solution for inhalation),(2.5 mg+500 mcg)/3 ml,Square Pharmaceuticals Ltd.,"3 ml ampoule: ৳ 20.00,(10's pack: ৳ 200.00),",(10's pack: ৳ 200.00)
3685,Sulprex,allopathic,sulprexinhaler100-mcg20-mcgpuff,Inhaler,Salbutamol + Ipratropium (Inhaler),(100 mcg+20 mcg)/puff,Square Pharmaceuticals Ltd.,"200 metered doses: ৳ 250.75,200 metered doses (Refill): ৳ 230.69",
30805,Sulpralex,allopathic,sulpralexcapsule250-mg,Capsule,Cephalexin,250 mg,Biopharma Laboratories Ltd.,"Unit Price: ৳ 6.52,(30's pack: ৳ 195.60),",(30's pack: ৳ 195.60)
30804,Sulpralex,allopathic,sulpralexcapsule500-mg,Capsule,Cephalexin,500 mg,Biopharma Laboratories Ltd.,"Unit Price: ৳ 12.05,(30's pack: ৳ 361.50),",(30's pack: ৳ 361.50)
28766,Sulinzen,allopathic,sulinzentablet200-mg,Tablet,Sulindac,200 mg,Zenith Pharmaceuticals Ltd.,"Unit Price: ৳ 8.50,(20's pack: ৳ 170.00),",(20's pack: ৳ 170.00)
28765,Sulinzen,allopathic,sulinzentablet100-mg,Tablet,Sulindac,100 mg,Zenith Pharmaceuticals Ltd.,"Unit Price: ৳ 4.50,(50's pack: ৳ 225.00),",(50's pack: ৳ 225.00)
11623,Sulidac,allopathic,sulidactablet200-mg,Tablet,Sulindac,200 mg,Eskayef Pharmaceuticals Ltd.,"Unit Price: ৳ 9.50,(20's pack: ৳ 190.00),",(20's pack: ৳ 190.00)
11619,Sulidac,allopathic,sulidactablet100-mg,Tablet,Sulindac,100 mg,Eskayef Pharmaceuticals Ltd.,"Unit Price: ৳ 5.00,(50's pack: ৳ 250.00),",(50's pack: ৳ 250.00)
20670,Sulfozide 80,allopathic,sulfozide-80tablet80-mg,Tablet,Gliclazide,80 mg,Desh Pharmaceuticals Ltd.,Unit Price: ৳ 6.00,
8909,Supraphen,allopathic,supraphenophthalmic-solution05,Ophthalmic Solution,Chloramphenicol (Ophthalmic),0.50%,Gaco Pharmaceuticals Ltd.,10 ml drop: ৳ 34.50,
26879,Supralex,allopathic,supralexpowder-for-suspension125-mg5-ml,Powder for Suspension,Cephalexin,125 mg/5 ml,Biopharma Laboratories Ltd.,100 ml bottle: ৳ 77.29,
13315,Suprafol Z TR,allopathic,suprafol-z-trcapsule-timed-release150-mg05-mg618-mg,Capsule (Timed Release),Ferrous Sulfate + Folic Acid + Zinc Sulfate,150 mg+0.5 mg+61.8 mg,Supreme Pharmaceutical Ltd.,"Unit Price: ৳ 2.70,(30's pack: ৳ 81.00),",(30's pack: ৳ 81.00)
13188,Suprafol TR,allopathic,suprafol-trcapsule-timed-release200-mg200-mcg,Capsule (Timed Release),Ferrous Fumarate + Folic acid,200 mg+200 mcg,Supreme Pharmaceutical Ltd.,"Unit Price: ৳ 2.30,(30's pack: ৳ 69.00),",(30's pack: ৳ 69.00)
13574,Supracod,allopathic,supracodsyrup,Syrup,Multivitamin & Cod Liver Oil,,Drug International Ltd.,100 ml bottle: ৳ 90.00,
7062,Supracef DS,allopathic,supracef-dspowder-for-suspension250-mg5-ml,Powder for Suspension,Cephradine,250 mg/5 ml,Biopharma Laboratories Ltd.,100 ml bottle: ৳ 120.45,
7066,Supracef,allopathic,supracefimiv-injection1-gmvial,IM/IV Injection,Cephradine,1 gm/vial,Biopharma Laboratories Ltd.,1 gm vial: ৳ 74.00,
7063,Supracef,allopathic,supracefpediatric-drops125-mg125-ml,Pediatric Drops,Cephradine,125 mg/1.25 ml,Biopharma Laboratories Ltd.,15 ml bottle: ৳ 50.19,
7061,Supracef,allopathic,supracefpowder-for-suspension125-mg5-ml,Powder for Suspension,Cephradine,125 mg/5 ml,Biopharma Laboratories Ltd.,100 ml bottle: ৳ 80.30,
7060,Supracef,allopathic,supracefcapsule500-mg,Capsule,Cephradine,500 mg,Biopharma Laboratories Ltd.,"Unit Price: ৳ 12.55,(28's pack: ৳ 351.48),",(28's pack: ৳ 351.48)
7059,Supracef,allopathic,supracefcapsule250-mg,Capsule,Cephradine,250 mg,Biopharma Laboratories Ltd.,"Unit Price: ৳ 6.72,(28's pack: ৳ 188.25),",(28's pack: ৳ 188.25)
13382,Supra-Z,allopathic,supra-zsyrup,Syrup,Iron Polymaltose Complex + Vitamin B Complex + Zinc,,Drug International Ltd.,100 ml bottle: ৳ 50.20,
13701,Supra-B,allopathic,supra-bim-injection100-mg100-mg1-mg3-ml,IM Injection,"Vitamin B1, B6 & B12",(100 mg+100 mg+1 mg)/3 ml,Drug International Ltd.,"3 ml ampoule: ৳ 25.00,(5's pack: ৳ 125.00),",(5's pack: ৳ 125.00)
13700,Supra-B,allopathic,supra-btablet100-mg200-mg200-mcg,Tablet,"Vitamin B1, B6 & B12",100 mg+200 mg+200 mcg,Drug International Ltd.,"Unit Price: ৳ 8.00,(50's pack: ৳ 400.00),",(50's pack: ৳ 400.00)
18853,Supoxim,allopathic,supoximpowder-for-suspension40-mg5-ml,Powder for Suspension,Cefpodoxime Proxetil,40 mg/5 ml,Ethical Drug Ltd.,50 ml bottle: ৳ 98.00,
30338,Supotaria,allopathic,supotariaoral-solution1-gm5-ml,Oral Solution,Glycopyrronium Bromide (Oral solution),1 gm/5 ml,Incepta Pharmaceuticals Ltd.,100 ml bottle: ৳ 500.00,
14229,Supravit-M,allopathic,supravit-mcapsule,Capsule,Multivitamin & Multimineral,,Drug International Ltd.,"Unit Price: ৳ 3.55,(60's pack: ৳ 213.00),,Unit Price: ৳ 3.55,(120's pack: ৳ 426.00),","(60's pack: ৳ 213.00),(120's pack: ৳ 426.00)"
14121,Supravit-G,allopathic,supravit-gcapsule,Capsule,Multivitamin & Multimineral [A-Z gold preparation],,Drug International Ltd.,"Unit Price: ৳ 6.05,(50's pack: ৳ 302.50),",(50's pack: ৳ 302.50)
14065,Supravit,allopathic,supravitcapsule,Capsule,Multivitamin [Adult preparation],,Drug International Ltd.,"Unit Price: ৳ 2.05,(50's pack: ৳ 102.50),,Unit Price: ৳ 2.05,(100's pack: ৳ 205.00),","(50's pack: ৳ 102.50),(100's pack: ৳ 205.00)"
13841,Supraplex,allopathic,supraplexsyrup,Syrup,Vitamin B complex,,Drug International Ltd.,"100 ml bottle: ৳ 20.90,200 ml bottle: ৳ 38.20",
16238,Supraphen plus,allopathic,supraphen-plusear-drop51,Ear Drop,Chloramphenicol + Lidocaine Hydrochloride,5%+1%,Gaco Pharmaceuticals Ltd.,10 ml drop: ৳ 20.06,
28146,Supraphen,allopathic,supraphenophthalmic-solution5,Ophthalmic Solution,Chloramphenicol (Ophthalmic),5%,Gaco Pharmaceuticals Ltd.,10 ml drop: ৳ 16.10,
28145,Supraphen,allopathic,supraphenophthalmic-solution10,Ophthalmic Solution,Chloramphenicol (Ophthalmic),10%,Gaco Pharmaceuticals Ltd.,10 ml drop: ৳ 25.57,
8910,Supraphen,allopathic,supraphenophthalmic-ointment1,Ophthalmic Ointment,Chloramphenicol (Ophthalmic),1%,Gaco Pharmaceuticals Ltd.,5 gm tube: ৳ 12.53,
26245,Supotaria,allopathic,supotariainhalation-capsule50-mcg,Inhalation Capsule,Glycopyrronium Bromide (Inhalation capsule),50 mcg,Incepta Pharmaceuticals Ltd.,"Unit Price: ৳ 20.00,(30's pack: ৳ 600.00),",(30's pack: ৳ 600.00)
26244,Supotaria,allopathic,supotariaimiv-injection06-mg3-ml,IM/IV Injection,Glycopyrronium Bromide (Injection),0.6 mg/3 ml,Incepta Pharmaceuticals Ltd.,"3 ml ampoule: ৳ 90.00,(5's pack: ৳ 450.00),",(5's pack: ৳ 450.00)
15298,Supotaria,allopathic,supotariaimiv-injection02-mgml,IM/IV Injection,Glycopyrronium Bromide (Injection),0.2 mg/ml,Incepta Pharmaceuticals Ltd.,"1 ml ampoule: ৳ 50.00,(5's pack: ৳ 250.00),",(5's pack: ৳ 250.00)
14475,Suplical-D,allopathic,suplical-dtablet500-mg200-iu,Tablet,Calcium Carbonate [Elemental source] + Vitamin D3,500 mg+200 IU,Cosmic Pharma Ltd.,"Unit Price: ৳ 5.00,(15's pack: ৳ 75.00),,Unit Price: ৳ 5.00,(30's pack: ৳ 150.00),,Unit Price: ৳ 5.00,(60's pack: ৳ 300.00),","(15's pack: ৳ 75.00),(30's pack: ৳ 150.00),(60's pack: ৳ 300.00)"
14337,Suplical,allopathic,suplicaltablet500-mg,Tablet,Calcium Carbonate,500 mg,Cosmic Pharma Ltd.,"Unit Price: ৳ 3.00,(30's pack: ৳ 90.00),",(30's pack: ৳ 90.00)
13573,Superseas,allopathic,superseassyrup,Syrup,Multivitamin & Cod Liver Oil,,Ziska Pharmaceuticals Ltd.,"100 ml bottle: ৳ 80.00,200 ml bottle: ৳ 146.00",
28428,Suvo,allopathic,suvotablet10-mg,Tablet,Suvorexant,10 mg,Eskayef Pharmaceuticals Ltd.,"Unit Price: ৳ 35.00,(10's pack: ৳ 350.00),",(10's pack: ৳ 350.00)
24649,Suvirus,allopathic,suvirustablet400-mg,Tablet,Sofosbuvir,400 mg,Square Pharmaceuticals Ltd.,"Unit Price: ৳ 600.00,(12's pack: ৳ 7,200.00),","(12's pack: ৳ 7,200.00)"
13936,Suvic,allopathic,suvicchewable-tablet250-mg,Chewable Tablet,Vitamin C [Ascorbic acid],250 mg,Amico Laboratories Ltd.,"Unit Price: ৳ 0.75,(200's pack: ৳ 150.00),",(200's pack: ৳ 150.00)
24730,Sutinib,allopathic,sutinibcapsule50-mg,Capsule,Sunitinib,50 mg,Drug International Ltd.,"Unit Price: ৳ 950.00,(7's pack: ৳ 6,650.00),","(7's pack: ৳ 6,650.00)"
1776,Sutac,allopathic,sutactablet150-mg,Tablet,Ranitidine Hydrochloride,150 mg,Supreme Pharmaceutical Ltd.,"Unit Price: ৳ 2.00,(100's pack: ৳ 200.00),",(100's pack: ৳ 200.00)
27357,Sustogen,allopathic,sustogenim-injection250-mgml,IM Injection,Testosterone Decanoate,250 mg/ml,Techno Drugs Ltd.,1 ml ampoule: ৳ 170.00,
16409,Susten,allopathic,sustentablet60-mg,Tablet,Dapoxetine Hydrochloride,60 mg,Square Pharmaceuticals Ltd.,"Unit Price: ৳ 50.00,(5's pack: ৳ 250.00),",(5's pack: ৳ 250.00)
16408,Susten,allopathic,sustentablet30-mg,Tablet,Dapoxetine Hydrochloride,30 mg,Square Pharmaceuticals Ltd.,"Unit Price: ৳ 30.00,(10's pack: ৳ 300.00),",(10's pack: ৳ 300.00)
15480,Survec,allopathic,surveciv-injection10-mgvial,IV Injection,Vecuronium Bromide,10 mg/vial,Healthcare Pharmaceuticals Ltd.,10 mg vial: ৳ 350.00,
4163,Survanta,allopathic,survantaintratracheal-suspension25-mgml,Intratracheal Suspension,Phospholipids,25 mg/ml,Abbott Laboratories,"4 ml vial: ৳ 27,500.00,8 ml vial: ৳ 33,000.00",
21232,Surpim,allopathic,surpimimiv-injection30-mgml,IM/IV Injection,Ketorolac Tromethamine,30 mg/ml,Asiatic Laboratories Ltd.,1 ml ampoule: ৳ 54.00,
15453,Surpim,allopathic,surpimophthalmic-solution05,Ophthalmic Solution,Ketorolac Tromethamine (Ophthalmic),0.50%,Asiatic Laboratories Ltd.,5 ml drop: ৳ 80.00,
15387,Surpim,allopathic,surpimtablet10-mg,Tablet,Ketorolac Tromethamine,10 mg,Asiatic Laboratories Ltd.,"Unit Price: ৳ 10.00,(20's pack: ৳ 200.00),",(20's pack: ৳ 200.00)
15440,Surgin,allopathic,surgintablet10-mg,Tablet,Ketorolac Tromethamine,10 mg,Oyster Pharmaceuticals Ltd.,"Unit Price: ৳ 4.00,(20's pack: ৳ 80.00),",(20's pack: ৳ 80.00)
15439,Surgidol,allopathic,surgidolimiv-injection30-mgml,IM/IV Injection,Ketorolac Tromethamine,30 mg/ml,Globex Pharmaceuticals Ltd.,1 ml ampoule: ৳ 50.00,
15438,Surgidol,allopathic,surgidoltablet10-mg,Tablet,Ketorolac Tromethamine,10 mg,Globex Pharmaceuticals Ltd.,"Unit Price: ৳ 45.00,(30's pack: ৳ 1,350.00),","(30's pack: ৳ 1,350.00)"
15482,Suxa,allopathic,suxaimiv-injection100-mg2-ml,IM/IV Injection,Suxamethonium Chloride,100 mg/2 ml,Chemist Laboratories  Ltd.,"2 ml ampoule: ৳ 8.30,(5's pack: ৳ 41.50),",(5's pack: ৳ 41.50)
25957,Suvotol,allopathic,suvotoltablet10-mg,Tablet,Suvorexant,10 mg,Square Pharmaceuticals Ltd.,"Unit Price: ৳ 25.00,(10's pack: ৳ 250.00),",(10's pack: ৳ 250.00)
25952,Suvorest,allopathic,suvoresttablet10-mg,Tablet,Suvorexant,10 mg,ACI Limited,"Unit Price: ৳ 35.00,(10's pack: ৳ 350.00),",(10's pack: ৳ 350.00)
6407,Surgeflox,allopathic,surgefloxcapsule500-mg,Capsule,Flucloxacillin Sodium,500 mg,Cosmic Pharma Ltd.,"Unit Price: ৳ 10.29,(20's pack: ৳ 205.80),",(20's pack: ৳ 205.80)
28055,Sural,allopathic,suraltablet400-mg,Tablet,Ethambutol,400 mg,Ambee Pharmaceuticals Ltd.,"Unit Price: ৳ 1.66,(100's pack: ৳ 166.24),",(100's pack: ৳ 166.24)
33195,Supreno,allopathic,suprenosyrup75-mg5-ml,Syrup,Butamirate Citrate,7.5 mg/5 ml,Kumudini Pharma Ltd.,100 ml bottle: ৳ 80.00,
23301,Suprazyme,allopathic,suprazymetablet325-mg,Tablet,Pancreatin,325 mg,Supreme Pharmaceutical Ltd.,"Unit Price: ৳ 1.50,(100's pack: ৳ 150.00),",(100's pack: ৳ 150.00)
7650,Supraxim,allopathic,supraximpowder-for-suspension100-mg5-ml,Powder for Suspension,Cefixime Trihydrate,100 mg/5 ml,Silva Pharmaceuticals Ltd.,50 ml bottle: ৳ 200.00,
7649,Supraxim,allopathic,supraximcapsule200-mg,Capsule,Cefixime Trihydrate,200 mg,Silva Pharmaceuticals Ltd.,"Unit Price: ৳ 35.00,(8's pack: ৳ 280.00),",(8's pack: ৳ 280.00)
7647,Suprax DS,allopathic,suprax-dscapsule400-mg,Capsule,Cefixime Trihydrate,400 mg,Cosmic Pharma Ltd.,"Unit Price: ৳ 50.00,(8's pack: ৳ 400.00),",(8's pack: ৳ 400.00)
7648,Suprax,allopathic,supraxpowder-for-suspension100-mg5-ml,Powder for Suspension,Cefixime Trihydrate,100 mg/5 ml,Cosmic Pharma Ltd.,50 ml bottle: ৳ 195.00,
7646,Suprax,allopathic,supraxcapsule200-mg,Capsule,Cefixime Trihydrate,200 mg,Cosmic Pharma Ltd.,"Unit Price: ৳ 32.00,(12's pack: ৳ 384.00),,Unit Price: ৳ 32.00,(14's pack: ৳ 448.00),","(12's pack: ৳ 384.00),(14's pack: ৳ 448.00)"
26626,Supravit-S,allopathic,supravit-scapsule,Capsule,Multivitamin & Multimineral [A-Z silver preparation],,Drug International Ltd.,"Unit Price: ৳ 6.05,(25's pack: ৳ 151.25),",(25's pack: ৳ 151.25)
14742,Supravit-PN,allopathic,supravit-pncapsule,Capsule,Multivitamins & Multiminerals [A-Z prenatal preparation],,Drug International Ltd.,"Unit Price: ৳ 5.05,(25's pack: ৳ 126.25),",(25's pack: ৳ 126.25)
30071,Synamet Plus,allopathic,synamet-plustablet100-mg25-mg200-mg,Tablet,Levodopa + Carbidopa + Entacapone,100 mg+25 mg+200 mg,Healthcare Pharmaceuticals Ltd.,"Unit Price: ৳ 25.00,(20's pack: ৳ 500.00),",(20's pack: ৳ 500.00)
30070,Synamet Plus,allopathic,synamet-plustablet50-mg125-mg-200-mg,Tablet,Levodopa + Carbidopa + Entacapone,50 mg+12.5 mg +200 mg,Healthcare Pharmaceuticals Ltd.,"Unit Price: ৳ 15.00,(20's pack: ৳ 300.00),",(20's pack: ৳ 300.00)
30142,Synamet,allopathic,synamettablet100-mg25-mg,Tablet,Levodopa + Carbidopa (FC tablet),100 mg+25 mg,Healthcare Pharmaceuticals Ltd.,"Unit Price: ৳ 8.00,(30's pack: ৳ 240.00),",(30's pack: ৳ 240.00)
30069,Synamet,allopathic,synamettablet250-mg25-mg,Tablet,Levodopa + Carbidopa (FC tablet),250 mg+25 mg,Healthcare Pharmaceuticals Ltd.,"Unit Price: ৳ 10.00,(30's pack: ৳ 300.00),",(30's pack: ৳ 300.00)
30068,Synamet,allopathic,synamettablet100-mg10-mg,Tablet,Levodopa + Carbidopa (FC tablet),100 mg+10 mg,Healthcare Pharmaceuticals Ltd.,"Unit Price: ৳ 7.00,(30's pack: ৳ 210.00),",(30's pack: ৳ 210.00)
13419,SYN-Z,allopathic,syn-zcapsule,Capsule,Carbonyl Iron + Folic Acid + Zinc Sulfate + Vitamin B Complex + Vitamin C,,MST Pharma,"Unit Price: ৳ 3.50,(50's pack: ৳ 175.00),",(50's pack: ৳ 175.00)
11863,Symin,allopathic,syminsyrup2-mg5-ml,Syrup,Chlorpheniramine Maleate,2 mg/5 ml,Syntho Laboratories Ltd.,60 ml bottle: ৳ 9.50,
17231,Symbiotrin,allopathic,symbiotrinoral-gel2-ww,Oral Gel,Miconazole Nitrate (Oral Gel),2% w/w,NIPRO JMI Pharma Ltd.,15 gm tube: ৳ 60.00,
29547,Symbion,allopathic,symbioninhaler400-mcg12-mcgpuff,Inhaler,Budesonide + Formoterol Fumarate,(400 mcg+12 mcg)/puff,Beximco Pharmaceuticals Ltd.,"Unit Price: ৳ 1,100.00",
29546,Symbion,allopathic,symbioninhaler200-mcg6-mcgpuff,Inhaler,Budesonide + Formoterol Fumarate,(200 mcg+6 mcg)/puff,Beximco Pharmaceuticals Ltd.,"Unit Price: ৳ 1,000.00",
29545,Symbion,allopathic,symbioninhaler100-mcg6-mcgpuff,Inhaler,Budesonide + Formoterol Fumarate,(100 mcg+6 mcg)/puff,Beximco Pharmaceuticals Ltd.,Unit Price: ৳ 900.00,
18400,Symbion,allopathic,symbioninhalation-capsule400-mcg12-mcg,Inhalation Capsule,Budesonide + Formoterol Fumarate,400 mcg+12 mcg,Beximco Pharmaceuticals Ltd.,"Unit Price: ৳ 14.00,(30's pack: ৳ 420.00),",(30's pack: ৳ 420.00)
3924,Symbion,allopathic,symbioninhaler160-mcg45-mcgpuff,Inhaler,Budesonide + Formoterol Fumarate,(160 mcg+4.5 mcg)/puff,Beximco Pharmaceuticals Ltd.,120 metered doses: ৳ 980.00,
3923,Symbion,allopathic,symbioninhaler80-mcg45-mcgpuff,Inhaler,Budesonide + Formoterol Fumarate,(80 mcg+4.5 mcg)/puff,Beximco Pharmaceuticals Ltd.,120 metered doses: ৳ 625.00,
3922,Symbion,allopathic,symbioninhalation-capsule200-mcg6-mcg,Inhalation Capsule,Budesonide + Formoterol Fumarate,200 mcg+6 mcg,Beximco Pharmaceuticals Ltd.,"Unit Price: ৳ 11.00,(30's pack: ৳ 330.00),",(30's pack: ৳ 330.00)
3921,Symbion,allopathic,symbioninhalation-capsule100-mcg6-mcg,Inhalation Capsule,Budesonide + Formoterol Fumarate,100 mcg+6 mcg,Beximco Pharmaceuticals Ltd.,"Unit Price: ৳ 9.00,(30's pack: ৳ 270.00),",(30's pack: ৳ 270.00)
6410,Syflu,allopathic,syflupowder-for-suspension125-mg5-ml,Powder for Suspension,Flucloxacillin Sodium,125 mg/5 ml,MST Pharma,100 ml bottle: ৳ 61.00,
6409,Syflu,allopathic,syflucapsule500-mg,Capsule,Flucloxacillin Sodium,500 mg,MST Pharma,"Unit Price: ৳ 10.00,(30's pack: ৳ 300.00),",(30's pack: ৳ 300.00)
1647,Sydon,allopathic,sydontablet10-mg,Tablet,Domperidone Maleate,10 mg,MST Pharma,"Unit Price: ৳ 2.00,(100's pack: ৳ 200.00),",(100's pack: ৳ 200.00)
86,Syclofen,allopathic,syclofentablet100-mg,Tablet,Aceclofenac,100 mg,MST Pharma,"Unit Price: ৳ 3.00,(100's pack: ৳ 300.00),",(100's pack: ৳ 300.00)
14476,Sycal-D,allopathic,sycal-dtablet500-mg200-iu,Tablet,Calcium Carbonate [Elemental source] + Vitamin D3,500 mg+200 IU,MST Pharma,"Unit Price: ৳ 4.00,(15's pack: ৳ 60.00),,Unit Price: ৳ 4.00,(30's pack: ৳ 120.00),","(15's pack: ৳ 60.00),(30's pack: ৳ 120.00)"
14338,Sycal,allopathic,sycaltablet500-mg,Tablet,Calcium Carbonate,500 mg,MST Pharma,"Unit Price: ৳ 2.50,(100's pack: ৳ 250.00),",(100's pack: ৳ 250.00)
32717,Syalox Plus,allopathic,syalox-plustablet300-mg,Tablet,Hyaluronic Acid,300 mg,River Pharma,"Unit Price: ৳ 59.00,(20's pack: ৳ 1,180.00),","(20's pack: ৳ 1,180.00)"
24697,Sweet'n Zero,allopathic,sweetn-zerooral-powder12-mgsachet,Oral Powder,Sucralose,12 mg/sachet,UniMed UniHealth,"12 mg sachet: ৳ 2.50,(50's pack: ৳ 125.00),",(50's pack: ৳ 125.00)
24696,Sweet'n Zero,allopathic,sweetn-zerotablet8-mg,Tablet,Sucralose,8 mg,UniMed UniHealth,"Unit Price: ৳ 1.20,(100's pack: ৳ 120.00),",(100's pack: ৳ 120.00)
29407,Sweet Drops,allopathic,sweet-dropsliquid25,Liquid,Sucralose,25%,Pharmasia Limited,10 ml drop: ৳ 130.00,
2434,Suzyme,allopathic,suzymetablet325-mg,Tablet,Pancreatin,325 mg,Square Pharmaceuticals Ltd.,"Unit Price: ৳ 3.51,(100's pack: ৳ 351.00),",(100's pack: ৳ 351.00)
4603,Suzaron,allopathic,suzarontablet15-mg,Tablet,Cinnarizine,15 mg,Rephco Pharmaceuticals Ltd.,"Unit Price: ৳ 0.50,(100's pack: ৳ 50.00),",(100's pack: ৳ 50.00)
15479,Suxonium,allopathic,suxoniumimiv-injection100-mg2-ml,IM/IV Injection,Suxamethonium Chloride,100 mg/2 ml,Techno Drugs Ltd.,"2 ml ampoule: ৳ 17.00,(10's pack: ৳ 170.00),",(10's pack: ৳ 170.00)
11503,Suxen,allopathic,suxengel10-ww,Gel,Naproxen Sodium,10% w/w,Supreme Pharmaceutical Ltd.,15 gm tube: ৳ 62.00,
19467,Sypam,allopathic,sypamtablet05-mg,Tablet,Clonazepam,0.5 mg,Asiatic Laboratories Ltd.,"Unit Price: ৳ 6.00,(100's pack: ৳ 600.00),",(100's pack: ৳ 600.00)
27396,Syp-zi,allopathic,syp-zisyrup10-mg5-ml,Syrup,Zinc Sulfate Monohydrate,10 mg/5 ml,United Pharmaceuticals Ltd.,100 ml bottle: ৳ 30.00,
28351,Synvisc-One,allopathic,synvisc-oneintra-articular-injection48-mg10-ml,Intra-articular Injection,Hylan G-F 20,48 mg/10 ml,Genzyme Corporation,"48 mg pre-filled syringe: ৳ 25,000.00",
15669,Syntocin,allopathic,syntocinimiv-injection5-iuml,IM/IV Injection,Oxytocin,5 IU/ml,Techno Drugs Ltd.,"5 IU ampoule: ৳ 10.55,(10's pack: ৳ 105.50),",(10's pack: ৳ 105.50)
16137,Syntar,allopathic,syntarophthalmic-solution0103,Ophthalmic Solution,Dextran + Hypromellose,0.1%+0.3%,Drug International Ltd.,10 ml drop: ৳ 90.30,
16714,Synroid,allopathic,synroidtablet50-mcg,Tablet,Levothyroxine Sodium,50 mcg,Beximco Pharmaceuticals Ltd.,"Unit Price: ৳ 1.60,(90's pack: ৳ 144.00),",(90's pack: ৳ 144.00)
12589,Synovate,allopathic,synovateointment005,Ointment,Clobetasol Propionate (Topical Preparation),0.05%,Popular Pharmaceuticals Ltd.,10 gm tube: ৳ 45.00,
32403,Synogen Plus,allopathic,synogen-plustablet40-mg150-mg120-mg,Tablet,Undenatured Type II Collagen + Glucosamine Sulfate + Chondroitin Sulfate,40 mg+150 mg+120 mg,Incepta Pharmaceuticals Ltd.,"Unit Price: ৳ 30.00,(30's pack: ৳ 900.00),",(30's pack: ৳ 900.00)
31090,Synogen,allopathic,synogencapsule-delayed-release40-mg,Capsule (Delayed Release),Undenatured Type II Collagen,40 mg,Incepta Pharmaceuticals Ltd.,"Unit Price: ৳ 25.00,(30's pack: ৳ 750.00),,Unit Price: ৳ 25.00,(20's pack: ৳ 500.00),","(30's pack: ৳ 750.00),(20's pack: ৳ 500.00)"
16645,Synflorix,allopathic,synfloriximsc-injection05-ml,IM/SC Injection,Polysaccharide Pneumococcal Vaccine,0.5 ml,GlaxoSmithKline,"0.5 ml pre-filled syringe: ৳ 1,936.00",
14986,Synflex,allopathic,synflextablet250-mg200-mg,Tablet,Glucosamine Sulfate + Chondroitin,250 mg+200 mg,Healthcare Pharmaceuticals Ltd.,"Unit Price: ৳ 8.50,(30's pack: ৳ 255.00),",(30's pack: ৳ 255.00)
14731,Synergy,allopathic,synergytablet,Tablet,Super antioxidant [vitamins & minerals],,Amico Laboratories Ltd.,"Unit Price: ৳ 4.00,(20's pack: ৳ 80.00),",(20's pack: ৳ 80.00)
21495,Syndopa CR,allopathic,syndopa-crtablet-controlled-release200-mg50-mg,Tablet (Controlled Release),Levodopa + Carbidopa (CR tablet),200 mg+50 mg,Sun Pharmaceutical Ltd.,"Unit Price: ৳ 12.54,(30's pack: ৳ 376.20),,Unit Price: ৳ 12.54,(100's pack: ৳ 1,254.00),","(30's pack: ৳ 376.20),(100's pack: ৳ 1,254.00)"
21494,Syndopa CR,allopathic,syndopa-crtablet-controlled-release100-mg25-mg,Tablet (Controlled Release),Levodopa + Carbidopa (CR tablet),100 mg+25 mg,Sun Pharmaceutical Ltd.,"Unit Price: ৳ 10.00,(30's pack: ৳ 300.00),,Unit Price: ৳ 10.00,(50's pack: ৳ 500.00),","(30's pack: ৳ 300.00),(50's pack: ৳ 500.00)"
5105,Syndopa,allopathic,syndopatablet250-mg25-mg,Tablet,Levodopa + Carbidopa (FC tablet),250 mg+25 mg,Sun Pharmaceutical Ltd.,"Unit Price: ৳ 10.03,(100's pack: ৳ 1,003.00),","(100's pack: ৳ 1,003.00)"
5104,Syndopa,allopathic,syndopatablet100-mg10-mg,Tablet,Levodopa + Carbidopa (FC tablet),100 mg+10 mg,Sun Pharmaceutical Ltd.,"Unit Price: ৳ 7.02,(50's pack: ৳ 350.84),",(50's pack: ৳ 350.84)
27266,Systaflam,allopathic,systaflamtopical-gel,Topical Gel,Diclofenac Diethylamine + Mephenesin + Menthol + Methyl Salicylate + Turpentine Oil,,Medicon Pharmaceuticals Ltd.,25 gm tube: ৳ 118.17,
23704,Syskem,allopathic,syskemophthalmic-solution0403,Ophthalmic Solution,Polyethylene Glycol + Propylene Glycol,0.4%+0.3%,Kemiko Pharmaceuticals Ltd.,10 ml drop: ৳ 150.00,
23705,Syscol,allopathic,syscolophthalmic-solution0403,Ophthalmic Solution,Polyethylene Glycol + Propylene Glycol,0.4%+0.3%,Navana Pharmaceuticals Ltd.,10 ml drop: ৳ 170.00,
14588,Syrup-ZP,allopathic,syrup-zpsyrup10-mg5-ml,Syrup,Zinc Sulfate Monohydrate,10 mg/5 ml,Pharmadesh Laboratories Ltd.,100 ml bottle: ৳ 34.00,
14587,Syrup Zinc-200,allopathic,syrup-zinc-200syrup10-mg5-ml,Syrup,Zinc Sulfate Monohydrate,10 mg/5 ml,Asiatic Laboratories Ltd.,100 ml bottle: ৳ 30.00,
14586,Syrup Zinc,allopathic,syrup-zincsyrup405-mg5-ml,Syrup,Zinc Sulfate Monohydrate,4.05 mg/5 ml,Asiatic Laboratories Ltd.,100 ml bottle: ৳ 28.00,
9346,Sypron,allopathic,syprontablet500-mg,Tablet,Ciprofloxacin,500 mg,MST Pharma,"Unit Price: ৳ 12.50,(30's pack: ৳ 375.00),",(30's pack: ৳ 375.00)
19469,Sypam,allopathic,sypamtablet2-mg,Tablet,Clonazepam,2 mg,Asiatic Laboratories Ltd.,"Unit Price: ৳ 10.00,(50's pack: ৳ 500.00),",(50's pack: ৳ 500.00)
10776,Syndol Plus,allopathic,syndol-plustablet325-mg375-mg,Tablet,Paracetamol + Tramadol Hydrochloride,325 mg+37.5 mg,Healthcare Pharmaceuticals Ltd.,"Unit Price: ৳ 8.00,(30's pack: ৳ 240.00),",(30's pack: ৳ 240.00)
10714,Syndol,allopathic,syndolimiv-injection100-mg2-ml,IM/IV Injection,Tramadol Hydrochloride,100 mg/2 ml,Healthcare Pharmaceuticals Ltd.,"2 mg ampoule: ৳ 25.00,(5's pack: ৳ 125.00),",(5's pack: ৳ 125.00)
10713,Syndol,allopathic,syndolcapsule50-mg,Capsule,Tramadol Hydrochloride,50 mg,Healthcare Pharmaceuticals Ltd.,"Unit Price: ৳ 8.50,(30's pack: ৳ 255.00),",(30's pack: ৳ 255.00)
30707,Syncapone,allopathic,syncaponetablet50-mg125-mg-200-mg,Tablet,Levodopa + Carbidopa + Entacapone,50 mg+12.5 mg +200 mg,Sun Pharmaceutical Ltd.,"Unit Price: ৳ 15.00,(30's pack: ৳ 450.00),",(30's pack: ৳ 450.00)
30706,Syncapone,allopathic,syncaponetablet150-mg375-mg200-mg,Tablet,Levodopa + Carbidopa + Entacapone,150 mg+37.5 mg+200 mg,Sun Pharmaceutical Ltd.,"Unit Price: ৳ 30.00,(30's pack: ৳ 900.00),",(30's pack: ৳ 900.00)
30705,Syncapone,allopathic,syncaponetablet100-mg25-mg200-mg,Tablet,Levodopa + Carbidopa + Entacapone,100 mg+25 mg+200 mg,Sun Pharmaceutical Ltd.,"Unit Price: ৳ 25.00,(30's pack: ৳ 750.00),",(30's pack: ৳ 750.00)
15735,T-Mycin,allopathic,t-mycinophthalmic-ointment03,Ophthalmic Ointment,Tobramycin (Ophthalmic),0.30%,Aristopharma Ltd.,3 gm tube: ৳ 80.00,
15734,T-Mycin,allopathic,t-mycinophthalmic-solution03,Ophthalmic Solution,Tobramycin (Ophthalmic),0.30%,Aristopharma Ltd.,5 ml drop: ৳ 100.00,
13592,T-H,allopathic,t-htablet100-mg,Tablet,Thiamine Hydrochloride,100 mg,Bristol Pharmaceuticals Ltd.,"Unit Price: ৳ 0.70,(100's pack: ৳ 70.00),",(100's pack: ৳ 70.00)
20606,T-Get,allopathic,t-getophthalmic-solution03,Ophthalmic Solution,Gatifloxacin (Ophthalmic),0.30%,Opsonin Pharma Ltd.,5 ml drop: ৳ 100.00,
9760,T-Fovir,allopathic,t-fovirtablet300-mg,Tablet,Tenofovir Disoproxil Fumarate,300 mg,Drug International Ltd.,"Unit Price: ৳ 85.30,(7's pack: ৳ 597.10),",(7's pack: ৳ 597.10)
15724,T-Drop,allopathic,t-dropophthalmic-solution03,Ophthalmic Solution,Tobramycin (Ophthalmic),0.30%,Reman Drug Laboratories Ltd.,5 ml drop: ৳ 90.00,
15852,T-Dex,allopathic,t-dexophthalmic-ointment0103,Ophthalmic Ointment,Dexamethasone + Tobramycin,0.1%+0.3%,Reman Drug Laboratories Ltd.,4 gm tube: ৳ 90.00,
15851,T-Dex,allopathic,t-dexophthalmic-solution0103,Ophthalmic Solution,Dexamethasone + Tobramycin,0.1%+0.3%,Reman Drug Laboratories Ltd.,5 ml drop: ৳ 150.00,
32161,T-cure,allopathic,t-curecream2,Cream,Naftifine Hydrochloride,2%,Incepta Pharmaceuticals Ltd.,30 gm tube: ৳ 230.00,
3909,T-Cort,allopathic,t-cortnasal-spray55-mcgspray,Nasal Spray,Triamcinolone Acetonide (Nasal Spray),55 mcg/spray,Opsonin Pharma Ltd.,120 metered sprays: ৳ 200.00,
7654,T-Cef DS,allopathic,t-cef-dspowder-for-suspension200-mg5-ml,Powder for Suspension,Cefixime Trihydrate,200 mg/5 ml,Drug International Ltd.,50 ml bottle: ৳ 280.85,
18727,T-Cef,allopathic,t-cefpediatric-drops25-mgml,Pediatric Drops,Cefixime Trihydrate,25 mg/ml,Drug International Ltd.,21 ml bottle: ৳ 100.30,
7653,T-Cef,allopathic,t-cefpowder-for-suspension100-mg5-ml,Powder for Suspension,Cefixime Trihydrate,100 mg/5 ml,Drug International Ltd.,"30 ml bottle: ৳ 135.45,50 ml bottle: ৳ 195.00",
7652,T-Cef,allopathic,t-cefcapsule400-mg,Capsule,Cefixime Trihydrate,400 mg,Drug International Ltd.,"Unit Price: ৳ 50.20,(7's pack: ৳ 351.40),",(7's pack: ৳ 351.40)
7651,T-Cef,allopathic,t-cefcapsule200-mg,Capsule,Cefixime Trihydrate,200 mg,Drug International Ltd.,"Unit Price: ৳ 35.00,(14's pack: ৳ 490.00),",(14's pack: ৳ 490.00)
12023,Sytrol,allopathic,sytrolsyrup5-mg5-ml,Syrup,Cetirizine Hydrochloride,5 mg/5 ml,MST Pharma,60 ml bottle: ৳ 16.00,
25592,Tabrex,allopathic,tabrextablet500-mg,Tablet,Azithromycin Dihydrate,500 mg,Aztec Pharmaceuticals Ltd.,Unit Price: ৳ 30.00,
18297,Tabis Plus,allopathic,tabis-plustablet5-mg625-mg,Tablet,Bisoprolol Fumarate + Hydrochlorothiazide,5 mg+6.25 mg,Navana Pharmaceuticals Ltd.,"Unit Price: ৳ 10.00,(30's pack: ৳ 300.00),",(30's pack: ৳ 300.00)
18296,Tabis Plus,allopathic,tabis-plustablet25-mg625-mg,Tablet,Bisoprolol Fumarate + Hydrochlorothiazide,2.5 mg+6.25 mg,Navana Pharmaceuticals Ltd.,"Unit Price: ৳ 6.00,(30's pack: ৳ 180.00),",(30's pack: ৳ 180.00)
25725,Tabis,allopathic,tabistablet5-mg,Tablet,Bisoprolol Hemifumarate,5 mg,Navana Pharmaceuticals Ltd.,"Unit Price: ৳ 10.03,(30's pack: ৳ 300.95),",(30's pack: ৳ 300.95)
25724,Tabis,allopathic,tabistablet25-mg,Tablet,Bisoprolol Hemifumarate,2.5 mg,Navana Pharmaceuticals Ltd.,"Unit Price: ৳ 6.02,(30's pack: ৳ 180.49),",(30's pack: ৳ 180.49)
10255,T-zol,allopathic,t-zoltablet1-gm,Tablet,Tinidazole,1 gm,Popular Pharmaceuticals Ltd.,"Unit Price: ৳ 5.75,(32's pack: ৳ 184.00),",(32's pack: ৳ 184.00)
10254,T-zol,allopathic,t-zoltablet500-mg,Tablet,Tinidazole,500 mg,Popular Pharmaceuticals Ltd.,"Unit Price: ৳ 2.77,(30's pack: ৳ 83.10),",(30's pack: ৳ 83.10)
15855,T-Mycin Plus,allopathic,t-mycin-plusophthalmic-ointment0103,Ophthalmic Ointment,Dexamethasone + Tobramycin,0.1%+0.3%,Aristopharma Ltd.,3.5 gm tube: ৳ 115.00,
15854,T-Mycin Plus,allopathic,t-mycin-plusophthalmic-solution0103,Ophthalmic Solution,Dexamethasone + Tobramycin,0.1%+0.3%,Aristopharma Ltd.,5 ml drop: ৳ 150.00,
11997,Sytrol,allopathic,sytroltablet10-mg,Tablet,Cetirizine Hydrochloride,10 mg,MST Pharma,"Unit Price: ৳ 2.50,(100's pack: ৳ 250.00),",(100's pack: ৳ 250.00)
9099,Sytrim DS,allopathic,sytrim-dstablet800-mg160-mg,Tablet,Sulphamethoxazole + Trimethoprim,800 mg+160 mg,Syntho Laboratories Ltd.,"Unit Price: ৳ 2.00,(50's pack: ৳ 100.00),",(50's pack: ৳ 100.00)
9098,Sytrim,allopathic,sytrimoral-suspension200-mg40-mg5-ml,Oral Suspension,Sulphamethoxazole + Trimethoprim,(200 mg+40 mg)/5 ml,Syntho Laboratories Ltd.,60 ml bottle: ৳ 21.25,
12331,Systop,allopathic,systopointment2-ww,Ointment,Mupirocin,2% w/w,ACI Limited,10 gm tube: ৳ 140.42,
16169,Systear,allopathic,systearophthalmic-solution0403,Ophthalmic Solution,Polyethylene Glycol + Propylene Glycol,0.4%+0.3%,Aristopharma Ltd.,5 ml drop: ৳ 200.00,
9399,Tag,allopathic,tagophthalmic-solution03,Ophthalmic Solution,Gatifloxacin (Ophthalmic),0.30%,Aristopharma Ltd.,5 ml drop: ৳ 100.00,
9758,Tafovir,allopathic,tafovirtablet300-mg,Tablet,Tenofovir Disoproxil Fumarate,300 mg,Popular Pharmaceuticals Ltd.,"Unit Price: ৳ 85.00,(12's pack: ৳ 1,020.00),","(12's pack: ৳ 1,020.00)"
25961,Taflan,allopathic,taflanophthalmic-solution00015,Ophthalmic Solution,Tafluprost,0.00%,Aristopharma Ltd.,3 ml drop: ৳ 600.00,
6091,Tafil,allopathic,tafiltablet10-mg,Tablet,Tadalafil,10 mg,Sharif Pharmaceuticals Ltd.,"Unit Price: ৳ 34.98,(4's pack: ৳ 139.93),",(4's pack: ৳ 139.93)
24765,Tadalis,allopathic,tadalistablet10-mg,Tablet,Tadalafil,10 mg,Incepta Pharmaceuticals Ltd.,"Unit Price: ৳ 35.00,(10's pack: ৳ 350.00),",(10's pack: ৳ 350.00)
6090,Tadafil,allopathic,tadafiltablet10-mg,Tablet,Tadalafil,10 mg,Astra Biopharmaceuticals Ltd.,"Unit Price: ৳ 35.00,(4's pack: ৳ 140.00),",(4's pack: ৳ 140.00)
6089,Tadafil,allopathic,tadafiltablet5-mg,Tablet,Tadalafil,5 mg,Astra Biopharmaceuticals Ltd.,"Unit Price: ৳ 18.00,(4's pack: ৳ 72.00),",(4's pack: ৳ 72.00)
24754,Tada,allopathic,tadatablet20-mg,Tablet,Tadalafil,20 mg,Eskayef Pharmaceuticals Ltd.,"Unit Price: ৳ 60.00,(5's pack: ৳ 300.00),",(5's pack: ৳ 300.00)
24753,Tada,allopathic,tadatablet10-mg,Tablet,Tadalafil,10 mg,Eskayef Pharmaceuticals Ltd.,"Unit Price: ৳ 35.00,(5's pack: ৳ 175.00),",(5's pack: ৳ 175.00)
24752,Tada,allopathic,tadatablet5-mg,Tablet,Tadalafil,5 mg,Eskayef Pharmaceuticals Ltd.,"Unit Price: ৳ 18.00,(5's pack: ৳ 90.00),",(5's pack: ৳ 90.00)
23583,TacsDol,allopathic,tacsdoltablet325-mg375-mg,Tablet,Paracetamol + Tramadol Hydrochloride,325 mg+37.5 mg,Rangs Pharmaceuticals Ltd.,"Unit Price: ৳ 8.00,(30's pack: ৳ 240.00),",(30's pack: ৳ 240.00)
10620,Tacs,allopathic,tacstablet500-mg65-mg,Tablet,Paracetamol + Caffeine,500 mg+65 mg,Rangs Pharmaceuticals Ltd.,"Unit Price: ৳ 2.30,(100's pack: ৳ 230.00),,Unit Price: ৳ 2.30,(200's pack: ৳ 460.00),","(100's pack: ৳ 230.00),(200's pack: ৳ 460.00)"
12761,Tacrolim,allopathic,tacrolimointment01,Ointment,Tacrolimus (Topical),0.10%,Incepta Pharmaceuticals Ltd.,5 gm tube: ৳ 200.00,
12760,Tacrolim,allopathic,tacrolimointment003,Ointment,Tacrolimus (Topical),0.03%,Incepta Pharmaceuticals Ltd.,5 gm tube: ৳ 80.00,
24741,Tacrol,allopathic,tacrolointment01,Ointment,Tacrolimus (Topical),0.10%,ACME Laboratories Ltd.,"5 gm tube: ৳ 200.61,30 gm tube: ৳ 1,000.00",
24740,Tacrol,allopathic,tacrolointment003,Ointment,Tacrolimus (Topical),0.03%,ACME Laboratories Ltd.,"5 gm tube: ৳ 80.55,10 gm tube: ৳ 151.00,30 gm tube: ৳ 450.00",
30030,Tamen,allopathic,tamenoral-suspension120-mg5-ml,Oral Suspension,Paracetamol,120 mg/5 ml,Eskayef Pharmaceuticals Ltd.,"60 ml bottle: ৳ 16.28,100 ml bottle: ৳ 24.53",
26799,Tamen,allopathic,tamensyrup120-mg5-ml,Syrup,Paracetamol,120 mg/5 ml,Eskayef Pharmaceuticals Ltd.,"60 ml bottle: ৳ 20.68,100 ml bottle: ৳ 31.86",
10518,Tamen,allopathic,tameniv-infusion10-mgml,IV Infusion,Paracetamol (IV Infusion),10 mg/ml,Eskayef Pharmaceuticals Ltd.,100 ml bottle: ৳ 120.00,
10517,Tamen,allopathic,tamenpediatric-drops80-mgml,Pediatric Drops,Paracetamol,80 mg/ml,Eskayef Pharmaceuticals Ltd.,15 ml bottle: ৳ 14.77,
10515,Tamen,allopathic,tamentablet500-mg,Tablet,Paracetamol,500 mg,Eskayef Pharmaceuticals Ltd.,"Unit Price: ৳ 0.80,(200's pack: ৳ 160.00),,Unit Price: ৳ 0.80,(500's pack: ৳ 400.00),","(200's pack: ৳ 160.00),(500's pack: ৳ 400.00)"
15609,Tamcontin,allopathic,tamcontintablet04-mg,Tablet,Tamsulosin  Hydrochloride,0.4 mg,Mundipharma (BD) Pvt. Ltd.,"Unit Price: ৳ 11.01,(30's pack: ৳ 330.17),",(30's pack: ৳ 330.17)
10715,Tamadol,allopathic,tamadolcapsule50-mg,Capsule,Tramadol Hydrochloride,50 mg,Mystic Pharmaceuticals Ltd.,"Unit Price: ৳ 7.25,(30's pack: ৳ 217.50),",(30's pack: ৳ 217.50)
4493,Talopram,allopathic,talopramtablet10-mg,Tablet,Escitalopram Oxalate,10 mg,Navana Pharmaceuticals Ltd.,"Unit Price: ৳ 9.00,(30's pack: ৳ 270.00),",(30's pack: ৳ 270.00)
4492,Talopram,allopathic,talopramtablet5-mg,Tablet,Escitalopram Oxalate,5 mg,Navana Pharmaceuticals Ltd.,"Unit Price: ৳ 5.30,(30's pack: ৳ 159.00),",(30's pack: ৳ 159.00)
32557,Talmimax,allopathic,talmimaxtablet40-mg,Tablet,Telmisartan,40 mg,Doctor TIMS Pharmaceuticals Ltd.,"Unit Price: ৳ 10.00,(30's pack: ৳ 300.00),",(30's pack: ৳ 300.00)
30053,Tagribo,allopathic,tagribotablet80-mg,Tablet,Osimertinib,80 mg,Techno Drugs Ltd.,"Unit Price: ৳ 425.00,(30's pack: ৳ 12,750.00),","(30's pack: ৳ 12,750.00)"
30248,Taglimet,allopathic,taglimettablet50-mg500-mg,Tablet,Sitagliptin + Metformin Hydrochloride,50 mg+500 mg,Ibn Sina Pharmaceuticals Ltd.,"Unit Price: ৳ 9.00,(30's pack: ৳ 270.00),",(30's pack: ৳ 270.00)
30247,Taglimet,allopathic,taglimettablet50-mg1000-mg,Tablet,Sitagliptin + Metformin Hydrochloride,50 mg+1000 mg,Ibn Sina Pharmaceuticals Ltd.,"Unit Price: ৳ 11.00,(30's pack: ৳ 330.00),",(30's pack: ৳ 330.00)
29023,Tacroderm,allopathic,tacrodermointment01,Ointment,Tacrolimus (Topical),0.10%,Popular Pharmaceuticals Ltd.,5 gm tube: ৳ 200.00,
15188,Tamoral,allopathic,tamoraltablet10-mg,Tablet,Tamoxifen Citrate,10 mg,Techno Drugs Ltd.,"Unit Price: ৳ 10.00,(30's pack: ৳ 300.00),",(30's pack: ৳ 300.00)
15187,Tamona,allopathic,tamonatablet20-mg,Tablet,Tamoxifen Citrate,20 mg,Beximco Pharmaceuticals Ltd.,"Unit Price: ৳ 16.07,(30's pack: ৳ 482.24),",(30's pack: ৳ 482.24)
15186,Tamona,allopathic,tamonatablet10-mg,Tablet,Tamoxifen Citrate,10 mg,Beximco Pharmaceuticals Ltd.,"Unit Price: ৳ 10.07,(30's pack: ৳ 302.15),",(30's pack: ৳ 302.15)
33128,Tamodex,allopathic,tamodextablet10-mg,Tablet,Tamoxifen Citrate,10 mg,Drug International Ltd.,"Unit Price: ৳ 10.00,(30's pack: ৳ 300.00),",(30's pack: ৳ 300.00)
15596,Tamlosin,allopathic,tamlosintablet04-mg,Tablet,Tamsulosin  Hydrochloride,0.4 mg,Orion Pharma Ltd.,"Unit Price: ৳ 10.07,(40's pack: ৳ 402.80),",(40's pack: ৳ 402.80)
31138,Tamlet,allopathic,tamletcapsule-modified-release04-mg,Capsule (Modified Release),Tamsulosin  Hydrochloride,0.4 mg,Sun Pharmaceutical Ltd.,"Unit Price: ৳ 10.00,(30's pack: ৳ 300.00),",(30's pack: ৳ 300.00)
15595,Tamisol MR,allopathic,tamisol-mrcapsule-modified-release04-mg,Capsule (Modified Release),Tamsulosin  Hydrochloride,0.4 mg,Healthcare Pharmaceuticals Ltd.,"Unit Price: ৳ 10.00,(30's pack: ৳ 300.00),",(30's pack: ৳ 300.00)
32735,Tamisol D,allopathic,tamisol-dcapsule04-mg05-mg,Capsule,Tamsulosin Hydrochloride + Dutasteride,0.4 mg+0.5 mg,Healthcare Pharmaceuticals Ltd.,"Unit Price: ৳ 20.00,(30's pack: ৳ 600.00),",(30's pack: ৳ 600.00)
10623,Tamino Plus,allopathic,tamino-plustablet500-mg65-mg,Tablet,Paracetamol + Caffeine,500 mg+65 mg,NIPRO JMI Pharma Ltd.,"Unit Price: ৳ 1.51,(100's pack: ৳ 151.00),",(100's pack: ৳ 151.00)
10520,Tamino ER,allopathic,tamino-ertablet-extended-release665-mg,Tablet (Extended Release),Paracetamol,665 mg,NIPRO JMI Pharma Ltd.,"Unit Price: ৳ 1.50,(100's pack: ৳ 150.00),",(100's pack: ৳ 150.00)
10521,Tamino,allopathic,taminooral-suspension120-mg5-ml,Oral Suspension,Paracetamol,120 mg/5 ml,NIPRO JMI Pharma Ltd.,60 ml bottle: ৳ 20.69,
10519,Tamino,allopathic,taminotablet500-mg,Tablet,Paracetamol,500 mg,NIPRO JMI Pharma Ltd.,"Unit Price: ৳ 0.80,(200's pack: ৳ 160.00),",(200's pack: ৳ 160.00)
9774,Tamiflu,allopathic,tamiflucapsule75-mg,Capsule,Oseltamivir,75 mg,Roche Bangladesh Ltd.,"Unit Price: ৳ 176.50,(10's pack: ৳ 1,765.00),","(10's pack: ৳ 1,765.00)"
15590,Tamfast,allopathic,tamfastcapsule-modified-release04-mg,Capsule (Modified Release),Tamsulosin  Hydrochloride,0.4 mg,Radiant Pharmaceuticals Ltd.,"Unit Price: ৳ 10.03,(30's pack: ৳ 300.90),",(30's pack: ৳ 300.90)
10777,Tamenol,allopathic,tamenoltablet325-mg375-mg,Tablet,Paracetamol + Tramadol Hydrochloride,325 mg+37.5 mg,Eskayef Pharmaceuticals Ltd.,"Unit Price: ৳ 8.00,(20's pack: ৳ 160.00),",(20's pack: ৳ 160.00)
23460,Tamen XR,allopathic,tamen-xrtablet-extended-release665-mg,Tablet (Extended Release),Paracetamol,665 mg,Eskayef Pharmaceuticals Ltd.,"Unit Price: ৳ 1.50,(100's pack: ৳ 150.00),",(100's pack: ৳ 150.00)
32891,Tamsulin Plus,allopathic,tamsulin-pluscapsule04-mg05-mg,Capsule,Tamsulosin Hydrochloride + Dutasteride,0.4 mg+0.5 mg,Team Pharmaceuticals Ltd.,Unit Price: ৳ 20.00,
32894,Tamsulin,allopathic,tamsulincapsule-modified-release04-mg,Capsule (Modified Release),Tamsulosin  Hydrochloride,0.4 mg,Team Pharmaceuticals Ltd.,,
15598,Tamsule SR,allopathic,tamsule-srcapsule-modified-release04-mg,Capsule (Modified Release),Tamsulosin  Hydrochloride,0.4 mg,Sharif Pharmaceuticals Ltd.,"Unit Price: ৳ 10.03,(20's pack: ৳ 200.60),",(20's pack: ৳ 200.60)
15611,Tamsol,allopathic,tamsolcapsule-modified-release04-mg,Capsule (Modified Release),Tamsulosin  Hydrochloride,0.4 mg,Apex Pharmaceuticals Ltd.,"Unit Price: ৳ 10.00,(20's pack: ৳ 200.00),",(20's pack: ৳ 200.00)
16706,Tamsin D,allopathic,tamsin-dcapsule04-mg05-mg,Capsule,Tamsulosin Hydrochloride + Dutasteride,0.4 mg+0.5 mg,Delta Pharma Ltd.,"Unit Price: ৳ 20.00,(24's pack: ৳ 480.00),",(24's pack: ৳ 480.00)
15597,Tamsin,allopathic,tamsincapsule-modified-release04-mg,Capsule (Modified Release),Tamsulosin  Hydrochloride,0.4 mg,Delta Pharma Ltd.,"Unit Price: ৳ 10.00,(12's pack: ৳ 120.00),",(12's pack: ৳ 120.00)
24787,Tamoxi,allopathic,tamoxitablet10-mg,Tablet,Tamoxifen Citrate,10 mg,Beacon Pharmaceuticals Ltd.,"Unit Price: ৳ 8.00,(30's pack: ৳ 240.00),",(30's pack: ৳ 240.00)
17262,Tamoxi,allopathic,tamoxitablet20-mg,Tablet,Tamoxifen Citrate,20 mg,Beacon Pharmaceuticals Ltd.,"Unit Price: ৳ 12.00,(30's pack: ৳ 360.00),",(30's pack: ৳ 360.00)
15191,Tamoxen,allopathic,tamoxentablet20-mg,Tablet,Tamoxifen Citrate,20 mg,General Pharmaceuticals Ltd.,"Unit Price: ৳ 16.11,(30's pack: ৳ 483.44),",(30's pack: ৳ 483.44)
15190,Tamoxen,allopathic,tamoxentablet10-mg,Tablet,Tamoxifen Citrate,10 mg,General Pharmaceuticals Ltd.,"Unit Price: ৳ 10.07,(30's pack: ৳ 302.15),",(30's pack: ৳ 302.15)
15610,Tamosin,allopathic,tamosincapsule-modified-release04-mg,Capsule (Modified Release),Tamsulosin  Hydrochloride,0.4 mg,Supreme Pharmaceutical Ltd.,"Unit Price: ৳ 10.00,(20's pack: ৳ 200.00),",(20's pack: ৳ 200.00)
15189,Tamoral,allopathic,tamoraltablet20-mg,Tablet,Tamoxifen Citrate,20 mg,Techno Drugs Ltd.,"Unit Price: ৳ 15.00,(30's pack: ৳ 450.00),",(30's pack: ৳ 450.00)
26008,Tamen Ultra,allopathic,tamen-ultratablet500-mg,Tablet,Paracetamol,500 mg,Eskayef Pharmaceuticals Ltd.,"Unit Price: ৳ 0.80,(200's pack: ৳ 160.00),",(200's pack: ৳ 160.00)
10621,Tamen Turbo,allopathic,tamen-turbotablet500-mg65-mg,Tablet,Paracetamol + Caffeine,500 mg+65 mg,Eskayef Pharmaceuticals Ltd.,"Unit Price: ৳ 2.50,(150's pack: ৳ 375.00),",(150's pack: ৳ 375.00)
8978,Targocid,allopathic,targocidimiv-injection200-mgvial,IM/IV Injection,Teicoplanin,200 mg/vial,Synovia pharma plc,200 mg vial: ৳ 872.08,
15114,Tarceva,allopathic,tarcevatablet150-mg,Tablet,Erlotinib,150 mg,Roche Bangladesh Ltd.,"Unit Price: ৳ 3,180.00",
15112,Tarcenib,allopathic,tarcenibtablet150-mg,Tablet,Erlotinib,150 mg,Techno Drugs Ltd.,"Unit Price: ৳ 600.00,(10's pack: ৳ 6,000.00),","(10's pack: ৳ 6,000.00)"
15111,Tarcenib,allopathic,tarcenibtablet100-mg,Tablet,Erlotinib,100 mg,Techno Drugs Ltd.,"Unit Price: ৳ 500.00,(10's pack: ৳ 5,000.00),","(10's pack: ৳ 5,000.00)"
28736,Tarbo,allopathic,tarbotablet3-mg,Tablet,Bromazepam,3 mg,Pharmasia Limited,"Unit Price: ৳ 5.00,(50's pack: ৳ 250.00),",(50's pack: ৳ 250.00)
2774,Taran,allopathic,tarantablet50-mg,Tablet,Losartan Potassium,50 mg,Kemiko Pharmaceuticals Ltd.,"Unit Price: ৳ 8.02,(50's pack: ৳ 401.00),",(50's pack: ৳ 401.00)
24806,Tapexia,allopathic,tapexiatablet50-mg,Tablet,Tapentadol Hydrochloride,50 mg,Globe Pharmaceuticals Ltd.,"Unit Price: ৳ 12.00,(20's pack: ৳ 240.00),",(20's pack: ৳ 240.00)
24805,Tapexia,allopathic,tapexiatablet75-mg,Tablet,Tapentadol Hydrochloride,75 mg,Globe Pharmaceuticals Ltd.,"Unit Price: ৳ 17.00,(20's pack: ৳ 340.00),",(20's pack: ৳ 340.00)
10761,Tapenta,allopathic,tapentatablet100-mg,Tablet,Tapentadol Hydrochloride,100 mg,Eskayef Pharmaceuticals Ltd.,"Unit Price: ৳ 25.00,(10's pack: ৳ 250.00),,Unit Price: ৳ 25.00,(30's pack: ৳ 750.00),","(10's pack: ৳ 250.00),(30's pack: ৳ 750.00)"
10760,Tapenta,allopathic,tapentatablet75-mg,Tablet,Tapentadol Hydrochloride,75 mg,Eskayef Pharmaceuticals Ltd.,"Unit Price: ৳ 17.00,(10's pack: ৳ 170.00),",(10's pack: ৳ 170.00)
10759,Tapenta,allopathic,tapentatablet50-mg,Tablet,Tapentadol Hydrochloride,50 mg,Eskayef Pharmaceuticals Ltd.,"Unit Price: ৳ 12.00,(20's pack: ৳ 240.00),",(20's pack: ৳ 240.00)
10758,Tapendol,allopathic,tapendoltablet75-mg,Tablet,Tapentadol Hydrochloride,75 mg,Opsonin Pharma Ltd.,"Unit Price: ৳ 17.00,(20's pack: ৳ 340.00),",(20's pack: ৳ 340.00)
10757,Tapendol,allopathic,tapendoltablet50-mg,Tablet,Tapentadol Hydrochloride,50 mg,Opsonin Pharma Ltd.,"Unit Price: ৳ 12.00,(20's pack: ৳ 240.00),",(20's pack: ৳ 240.00)
18025,Tanzil,allopathic,tanziltablet40-mg,Tablet,Azilsartan Medoxomil,40 mg,Drug International Ltd.,"Unit Price: ৳ 12.00,(14's pack: ৳ 168.00),",(14's pack: ৳ 168.00)
27213,Tanpot Plus,allopathic,tanpot-plustablet50-mg125-mg,Tablet,Losartan Potassium + Hydrochlorothiazide,50 mg+12.5 mg,Innovative Pharma (Albion),"Unit Price: ৳ 9.44,(50's pack: ৳ 472.24),",(50's pack: ৳ 472.24)
27214,Tanpot,allopathic,tanpottablet100-mg,Tablet,Losartan Potassium,100 mg,Innovative Pharma (Albion),"Unit Price: ৳ 14.17,(50's pack: ৳ 708.35),",(50's pack: ৳ 708.35)
27018,Tasso,allopathic,tassotablet40-mg,Tablet,Osimertinib,40 mg,Jenphar Bangladesh Ltd.,"Unit Price: ৳ 290.00,(30's pack: ৳ 8,700.00),","(30's pack: ৳ 8,700.00)"
31582,Taspia,allopathic,taspiatablet50-mg,Tablet,Atenolol,50 mg,Silco Pharmaceutical Ltd.,"Unit Price: ৳ 0.75,(100's pack: ৳ 75.00),",(100's pack: ৳ 75.00)
31581,Taspia,allopathic,taspiacapsule-modified-release04-mg,Capsule (Modified Release),Tamsulosin  Hydrochloride,0.4 mg,Silco Pharmaceutical Ltd.,"Unit Price: ৳ 10.00,(30's pack: ৳ 300.00),",(30's pack: ৳ 300.00)
15127,Tasigna,allopathic,tasignacapsule200-mg,Capsule,Nilotinib,200 mg,Novartis (Bangladesh) Ltd.,"Unit Price: ৳ 3,051.50,(28's pack: ৳ 85,441.90),","(28's pack: ৳ 85,441.90)"
30912,Tarvanib,allopathic,tarvanibtablet100-mg,Tablet,Erlotinib,100 mg,Jenphar Bangladesh Ltd.,"Unit Price: ৳ 550.00,(14's pack: ৳ 7,700.00),","(14's pack: ৳ 7,700.00)"
30911,Tarvanib,allopathic,tarvanibtablet150-mg,Tablet,Erlotinib,150 mg,Jenphar Bangladesh Ltd.,"Unit Price: ৳ 750.00,(14's pack: ৳ 10,500.00),","(14's pack: ৳ 10,500.00)"
8979,Targocid,allopathic,targocidimiv-injection400-mgvial,IM/IV Injection,Teicoplanin,400 mg/vial,Synovia pharma plc,"400 mg vial: ৳ 1,568.62",
27212,Tanpot,allopathic,tanpottablet50-mg,Tablet,Losartan Potassium,50 mg,Innovative Pharma (Albion),"Unit Price: ৳ 9.44,(50's pack: ৳ 472.24),",(50's pack: ৳ 472.24)
27211,Tanpot,allopathic,tanpottablet25-mg,Tablet,Losartan Potassium,25 mg,Innovative Pharma (Albion),"Unit Price: ৳ 5.31,(50's pack: ৳ 265.63),",(50's pack: ৳ 265.63)
14732,Tanox Plus,allopathic,tanox-pluscapsule,Capsule,Super antioxidant [vitamins & minerals],,Drug International Ltd.,"Unit Price: ৳ 4.05,(50's pack: ৳ 202.50),",(50's pack: ৳ 202.50)
14045,Tanox,allopathic,tanoxcapsule6-mg200-mg50-mg,Capsule,Betacarotene + Vitamin C + Vitamin E,6 mg+200 mg+50 mg,Drug International Ltd.,"Unit Price: ৳ 3.00,(100's pack: ৳ 300.00),",(100's pack: ৳ 300.00)
10525,Tandamol,allopathic,tandamoloral-suspension120-mg5-ml,Oral Suspension,Paracetamol,120 mg/5 ml,Medicon Pharmaceuticals Ltd.,60 ml bottle: ৳ 20.45,
10524,Tandamol,allopathic,tandamoltablet500-mg,Tablet,Paracetamol,500 mg,Medicon Pharmaceuticals Ltd.,"Unit Price: ৳ 0.76,(300's pack: ৳ 227.26),",(300's pack: ৳ 227.26)
15612,Tamurin,allopathic,tamurincapsule-modified-release04-mg,Capsule (Modified Release),Tamsulosin  Hydrochloride,0.4 mg,Globe Pharmaceuticals Ltd.,"Unit Price: ৳ 8.00,(20's pack: ৳ 160.00),",(20's pack: ৳ 160.00)
7884,Tazid,allopathic,tazidimiv-injection500-mgvial,IM/IV Injection,Ceftazidime Pentahydrate,500 mg/vial,Square Pharmaceuticals Ltd.,500 mg vial: ৳ 130.39,
7883,Tazid,allopathic,tazidimiv-injection250-mgvial,IM/IV Injection,Ceftazidime Pentahydrate,250 mg/vial,Square Pharmaceuticals Ltd.,250 mg vial: ৳ 85.26,
28695,Taziaid,allopathic,taziaidimiv-injection250-mgvial,IM/IV Injection,Ceftazidime Pentahydrate,250 mg/vial,Labaid Pharma Ltd.,250 mg vial: ৳ 85.00,
28694,Taziaid,allopathic,taziaidimiv-injection1-gmvial,IM/IV Injection,Ceftazidime Pentahydrate,1 gm/vial,Labaid Pharma Ltd.,1 gm vial: ৳ 240.00,
18940,Taziaid,allopathic,taziaidimiv-injection500-mgvial,IM/IV Injection,Ceftazidime Pentahydrate,500 mg/vial,Labaid Pharma Ltd.,500 mg vial: ৳ 130.00,
26687,Taxotere,allopathic,taxotereiv-infusion80-mgvial,IV Infusion,Docetaxel Trihydrate,80 mg/vial,Synovia pharma plc,"80 mg vial: ৳ 27,724.13",
15107,Taxotere,allopathic,taxotereiv-infusion20-mgvial,IV Infusion,Docetaxel Trihydrate,20 mg/vial,Synovia pharma plc,"20 mg vial: ৳ 6,985.00",
7725,Taxim,allopathic,taximimiv-injection1-gm10-ml,IM/IV Injection,Cefotaxime,1 gm/10 ml,ACME Laboratories Ltd.,1 gm vial: ৳ 150.44,
7724,Taxim,allopathic,taximimiv-injection500-mg10-ml,IM/IV Injection,Cefotaxime,500 mg/10 ml,ACME Laboratories Ltd.,500 mg vial: ৳ 100.30,
7723,Taxim,allopathic,taximimiv-injection250-mg5-ml,IM/IV Injection,Cefotaxime,250 mg/5 ml,ACME Laboratories Ltd.,250 mg vial: ৳ 75.22,
25085,Taxiclot,allopathic,taxiclotcapsule500-mg,Capsule,Tranexamic Acid,500 mg,Apex Pharmaceuticals Ltd.,"Unit Price: ৳ 15.00,(20's pack: ৳ 300.00),",(20's pack: ৳ 300.00)
7812,Taxetil DS,allopathic,taxetil-dspowder-for-suspension80-mg5-ml,Powder for Suspension,Cefpodoxime Proxetil,80 mg/5 ml,Aristopharma Ltd.,50 ml bottle: ৳ 175.00,
7813,Taxetil,allopathic,taxetilpediatric-drops20-mgml,Pediatric Drops,Cefpodoxime Proxetil,20 mg/ml,Aristopharma Ltd.,15 ml bottle: ৳ 62.00,
7811,Taxetil,allopathic,taxetilpowder-for-suspension40-mg5-ml,Powder for Suspension,Cefpodoxime Proxetil,40 mg/5 ml,Aristopharma Ltd.,"50 ml bottle: ৳ 99.00,100 ml bottle: ৳ 195.00",
31438,Taxedol,allopathic,taxedoliv-infusion80-mgvial,IV Infusion,Docetaxel Trihydrate,80 mg/vial,Beximco Pharmaceuticals Ltd.,"80 mg vial: ৳ 12,600.00",
31437,Taxedol,allopathic,taxedoliv-infusion20-mgvial,IV Infusion,Docetaxel Trihydrate,20 mg/vial,Beximco Pharmaceuticals Ltd.,"20 ml vial: ৳ 4,000.00",
6679,Tazobac,allopathic,tazobaciv-infusion2-gm025-gmvial,IV Infusion,Piperacillin + Tazobactam,(2 gm+0.25 gm)/vial,ACI Limited,2.25 gm vial: ৳ 601.80,
7909,Tazimax,allopathic,tazimaximiv-injection250-mgvial,IM/IV Injection,Ceftazidime Pentahydrate,250 mg/vial,Eskayef Pharmaceuticals Ltd.,250 mg vial: ৳ 85.00,
7908,Tazimax,allopathic,tazimaximiv-injection1-gmvial,IM/IV Injection,Ceftazidime Pentahydrate,1 gm/vial,Eskayef Pharmaceuticals Ltd.,1 gm vial: ৳ 240.00,
7885,Tazid,allopathic,tazidimiv-injection1-gmvial,IM/IV Injection,Ceftazidime Pentahydrate,1 gm/vial,Square Pharmaceuticals Ltd.,1 gm vial: ৳ 240.72,
7722,Taxceph,allopathic,taxcephimiv-injection1-gm10-ml,IM/IV Injection,Cefotaxime,1 gm/10 ml,Ibn Sina Pharmaceuticals Ltd.,1 gm vial: ৳ 140.00,
7721,Taxceph,allopathic,taxcephimiv-injection500-mg10-ml,IM/IV Injection,Cefotaxime,500 mg/10 ml,Ibn Sina Pharmaceuticals Ltd.,500 mg vial: ৳ 76.00,
7720,Taxceph,allopathic,taxcephimiv-injection250-mg5-ml,IM/IV Injection,Cefotaxime,250 mg/5 ml,Ibn Sina Pharmaceuticals Ltd.,250 mg vial: ৳ 52.00,
1395,Taverin,allopathic,taverintablet40-mg,Tablet,Drotaverine,40 mg,Beximco Pharmaceuticals Ltd.,"Unit Price: ৳ 1.75,(100's pack: ৳ 175.00),",(100's pack: ৳ 175.00)
1236,Taven,allopathic,taventablet40-mg,Tablet,Atorvastatin Calcium,40 mg,Renata Limited,"Unit Price: ৳ 24.00,(30's pack: ৳ 720.00),",(30's pack: ৳ 720.00)
1235,Taven,allopathic,taventablet20-mg,Tablet,Atorvastatin Calcium,20 mg,Renata Limited,"Unit Price: ৳ 18.06,(30's pack: ৳ 541.80),",(30's pack: ৳ 541.80)
1234,Taven,allopathic,taventablet10-mg,Tablet,Atorvastatin Calcium,10 mg,Renata Limited,"Unit Price: ৳ 12.00,(30's pack: ৳ 360.00),",(30's pack: ৳ 360.00)
16547,Tav,allopathic,tavtablet40-mg,Tablet,Drotaverine,40 mg,Organic Health Care Ltd.,"Unit Price: ৳ 1.76,(100's pack: ৳ 176.00),",(100's pack: ৳ 176.00)
14046,Tasti,allopathic,tastitablet6-mg200-mg50-mg,Tablet,Betacarotene + Vitamin C + Vitamin E,6 mg+200 mg+50 mg,ACI Limited,"Unit Price: ৳ 2.51,(20's pack: ৳ 50.20),",(20's pack: ৳ 50.20)
27019,Tasso,allopathic,tassotablet80-mg,Tablet,Osimertinib,80 mg,Jenphar Bangladesh Ltd.,"Unit Price: ৳ 425.00,(30's pack: ৳ 12,750.00),","(30's pack: ৳ 12,750.00)"
16146,Tear,allopathic,tearophthalmic-solution05,Ophthalmic Solution,Hypromellose,0.50%,Gaco Pharmaceuticals Ltd.,10 ml drop: ৳ 90.27,
29523,Tealis,allopathic,tealistablet20-mg,Tablet,Tadalafil,20 mg,Opsonin Pharma Ltd.,"Unit Price: ৳ 60.18,(4's pack: ৳ 240.72),",(4's pack: ৳ 240.72)
24777,Tealis,allopathic,tealistablet10-mg,Tablet,Tadalafil,10 mg,Opsonin Pharma Ltd.,"Unit Price: ৳ 35.11,(4's pack: ৳ 140.44),",(4's pack: ৳ 140.44)
24776,Tealis,allopathic,tealistablet5-mg,Tablet,Tadalafil,5 mg,Opsonin Pharma Ltd.,"Unit Price: ৳ 18.05,(4's pack: ৳ 72.20),",(4's pack: ৳ 72.20)
7594,Tdcef DS,allopathic,tdcef-dspowder-for-suspension200-mg5-ml,Powder for Suspension,Cefixime Trihydrate,200 mg/5 ml,Techno Drugs Ltd.,50 ml bottle: ৳ 300.00,
30439,Tdcef,allopathic,tdcefcapsule400-mg,Capsule,Cefixime Trihydrate,400 mg,Techno Drugs Ltd.,"Unit Price: ৳ 50.00,(12's pack: ৳ 600.00),",(12's pack: ৳ 600.00)
30438,Tdcef,allopathic,tdcefcapsule200-mg,Capsule,Cefixime Trihydrate,200 mg,Techno Drugs Ltd.,"Unit Price: ৳ 35.00,(12's pack: ৳ 420.00),",(12's pack: ৳ 420.00)
30437,Tdcef,allopathic,tdceftablet400-mg,Tablet,Cefixime Trihydrate,400 mg,Techno Drugs Ltd.,"Unit Price: ৳ 50.00,(12's pack: ৳ 600.00),",(12's pack: ৳ 600.00)
7595,Tdcef,allopathic,tdcefpowder-for-suspension100-mg5-ml,Powder for Suspension,Cefixime Trihydrate,100 mg/5 ml,Techno Drugs Ltd.,50 ml bottle: ৳ 210.00,
7593,Tdcef,allopathic,tdceftablet200-mg,Tablet,Cefixime Trihydrate,200 mg,Techno Drugs Ltd.,"Unit Price: ৳ 35.00,(12's pack: ৳ 420.00),",(12's pack: ৳ 420.00)
25544,TCL-R,allopathic,tcl-rtablet40-mg,Tablet,Atorvastatin Calcium,40 mg,Aristopharma Ltd.,"Unit Price: ৳ 24.00,(10's pack: ৳ 240.00),",(10's pack: ৳ 240.00)
1233,TCL-R,allopathic,tcl-rtablet10-mg,Tablet,Atorvastatin Calcium,10 mg,Aristopharma Ltd.,"Unit Price: ৳ 10.00,(30's pack: ৳ 300.00),",(30's pack: ৳ 300.00)
1232,TCL-R,allopathic,tcl-rtablet20-mg,Tablet,Atorvastatin Calcium,20 mg,Aristopharma Ltd.,"Unit Price: ৳ 18.00,(20's pack: ৳ 360.00),",(20's pack: ৳ 360.00)
24870,TC,allopathic,tccapsule250-mg,Capsule,Tetracycline Hydrochloride (Oral),250 mg,Aztec Pharmaceuticals Ltd.,"Unit Price: ৳ 1.00,(100's pack: ৳ 100.00),",(100's pack: ৳ 100.00)
31169,Tazumab,allopathic,tazumabiv-infusion440-mg20-ml,IV Infusion,Trastuzumab,440 mg/20 ml,Drug International Ltd.,"440 mg vial: ৳ 80,000.00",
2335,Tazox,allopathic,tazoxpowder-for-suspension100-mg5-ml,Powder for Suspension,Nitazoxanide,100 mg/5 ml,Novo Healthcare and Pharma Ltd.,30 ml bottle: ৳ 35.11,
18577,Tearon Fresh,allopathic,tearon-freshophthalmic-solution1,Ophthalmic Solution,Carboxymethylcellulose Sodium,1%,Beximco Pharmaceuticals Ltd.,10 ml drop: ৳ 275.00,
16171,Tearon,allopathic,tearonophthalmic-solution0403,Ophthalmic Solution,Polyethylene Glycol + Propylene Glycol,0.4%+0.3%,Beximco Pharmaceuticals Ltd.,10 ml drop: ৳ 175.00,
28916,Tearin,allopathic,tearinophthalmic-solution05,Ophthalmic Solution,Hypromellose,0.50%,Biopharma Laboratories Ltd.,10 ml drop: ৳ 80.00,
16183,Teargen,allopathic,teargenophthalmic-solution5-vv,Ophthalmic Solution,Povidone Iodine,5% v/v,General Pharmaceuticals Ltd.,10 ml drop: ৳ 90.29,
16153,Tearfresh Liquigel,allopathic,tearfresh-liquigelophthalmic-solution1,Ophthalmic Solution,Carboxymethylcellulose Sodium,1%,General Pharmaceuticals Ltd.,"10 ml drop: ৳ 275.00,15 ml drop: ৳ 350.00",
16182,Tearex,allopathic,tearexophthalmic-solution5-vv,Ophthalmic Solution,Povidone Iodine,5% v/v,Beximco Pharmaceuticals Ltd.,10 ml drop: ৳ 90.00,
16170,Tearcol,allopathic,tearcolophthalmic-solution0403,Ophthalmic Solution,Polyethylene Glycol + Propylene Glycol,0.4%+0.3%,Monicopharma Ltd.,10 ml drop: ৳ 150.57,
2334,Tazox,allopathic,tazoxtablet500-mg,Tablet,Nitazoxanide,500 mg,Novo Healthcare and Pharma Ltd.,"Unit Price: ৳ 10.03,(12's pack: ৳ 120.37),",(12's pack: ৳ 120.37)
12738,Tazoskin,allopathic,tazoskincream01,Cream,Tazarotene,0.10%,Incepta Pharmaceuticals Ltd.,20 gm tube: ৳ 140.00,
28288,Tazopen,allopathic,tazopeniv-infusion2-gm025-gmvial,IV Infusion,Piperacillin + Tazobactam,(2 gm+0.25 gm)/vial,Renata Limited,2.25 gm vial: ৳ 550.00,
6678,Tazopen,allopathic,tazopeniv-infusion4-gm05-gmvial,IV Infusion,Piperacillin + Tazobactam,(4 gm+0.5 gm)/vial,Renata Limited,"4.5 gm vial: ৳ 1,000.00",
31221,Tazocilin,allopathic,tazociliniv-infusion2-gm025-gmvial,IV Infusion,Piperacillin + Tazobactam,(2 gm+0.25 gm)/vial,Square Pharmaceuticals Ltd.,2.25 gm vial: ৳ 550.00,
6677,Tazocilin,allopathic,tazociliniv-infusion4-gm05-gmvial,IV Infusion,Piperacillin + Tazobactam,(4 gm+0.5 gm)/vial,Square Pharmaceuticals Ltd.,"4.5 gm vial: ৳ 1,003.00",
6680,Tazobac,allopathic,tazobaciv-infusion4-gm05-gmvial,IV Infusion,Piperacillin + Tazobactam,(4 gm+0.5 gm)/vial,ACI Limited,"4.5 gm vial: ৳ 1,003.00",
4308,Telazine,allopathic,telazinetablet5-mg,Tablet,Trifluoperazine,5 mg,Eskayef Pharmaceuticals Ltd.,"Unit Price: ৳ 3.00,(100's pack: ৳ 300.00),",(100's pack: ৳ 300.00)
4307,Telazine,allopathic,telazinetablet1-mg,Tablet,Trifluoperazine,1 mg,Eskayef Pharmaceuticals Ltd.,"Unit Price: ৳ 2.00,(100's pack: ৳ 200.00),",(100's pack: ৳ 200.00)
730,TelAmlo,allopathic,telamlotablet5-mg40-mg,Tablet,Amlodipine Besilate + Telmisartan,5 mg+40 mg,UniMed UniHealth,"Unit Price: ৳ 12.50,(14's pack: ৳ 175.00),",(14's pack: ৳ 175.00)
30032,Telabid,allopathic,telabidtablet5-mg2-mg,Tablet,Isopropamide + Trifluoperazine,5 mg+2 mg,Eskayef Pharmaceuticals Ltd.,"Unit Price: ৳ 3.00,(50's pack: ৳ 150.00),",(50's pack: ৳ 150.00)
16560,Telabid,allopathic,telabidtablet5-mg1-mg,Tablet,Isopropamide + Trifluoperazine,5 mg+1 mg,Eskayef Pharmaceuticals Ltd.,"Unit Price: ৳ 2.00,(50's pack: ৳ 100.00),",(50's pack: ৳ 100.00)
32820,Telabee,allopathic,telabeetablet25-mg,Tablet,Tenofovir Alafenamide,25 mg,Jenphar Bangladesh Ltd.,"Unit Price: ৳ 150.00,(10's pack: ৳ 1,500.00),","(10's pack: ৳ 1,500.00)"
22648,Tekast,allopathic,tekasttablet5-mg,Tablet,Montelukast Sodium,5 mg,Team Pharmaceuticals Ltd.,"Unit Price: ৳ 8.00,(20's pack: ৳ 160.00),",(20's pack: ৳ 160.00)
22647,Tekast,allopathic,tekasttablet10-mg,Tablet,Montelukast Sodium,10 mg,Team Pharmaceuticals Ltd.,"Unit Price: ৳ 15.00,(20's pack: ৳ 300.00),,Unit Price: ৳ 15.00,(30's pack: ৳ 450.00),","(20's pack: ৳ 300.00),(30's pack: ৳ 450.00)"
17399,Tek,allopathic,tektablet100-mg,Tablet,Aceclofenac,100 mg,Team Pharmaceuticals Ltd.,"Unit Price: ৳ 3.50,(50's pack: ৳ 175.00),",(50's pack: ৳ 175.00)
4811,Tegretol CR,allopathic,tegretol-crtablet-controlled-release200-mg,Tablet (Controlled Release),Carbamazepine,200 mg,Novartis (Bangladesh) Ltd.,"Unit Price: ৳ 9.53,(60's pack: ৳ 571.80),",(60's pack: ৳ 571.80)
4812,Tegretol,allopathic,tegretoloral-suspension100-mg5-ml,Oral Suspension,Carbamazepine,100 mg/5 ml,Novartis (Bangladesh) Ltd.,100 ml bottle: ৳ 380.44,
4810,Tegretol,allopathic,tegretoltablet200-mg,Tablet,Carbamazepine,200 mg,Novartis (Bangladesh) Ltd.,"Unit Price: ৳ 6.45,(60's pack: ৳ 387.00),",(60's pack: ৳ 387.00)
29859,Tedibac,allopathic,tedibactablet200-mg,Tablet,Tedizolid Phosphate,200 mg,Jenphar Bangladesh Ltd.,"Unit Price: ৳ 500.00,(6's pack: ৳ 3,000.00),","(6's pack: ৳ 3,000.00)"
27356,Techonazol,allopathic,techonazolcapsule150-mg,Capsule,Fluconazole,150 mg,Techno Drugs Ltd.,"Unit Price: ৳ 21.83,(12's pack: ৳ 262.00),",(12's pack: ৳ 262.00)
27355,Techonazol,allopathic,techonazolcapsule50-mg,Capsule,Fluconazole,50 mg,Techno Drugs Ltd.,"Unit Price: ৳ 7.94,(30's pack: ৳ 238.14),",(30's pack: ৳ 238.14)
30057,Technosol,allopathic,technosolhand-rub0570,Hand Rub,Chlorhexidine Gluconate + Isopropyl alcohol,0.5%+70%,Techno Drugs Ltd.,"50 ml bottle: ৳ 40.01,250 ml bottle: ৳ 140.00",
12942,Telfadin,allopathic,telfadintablet180-mg,Tablet,Fexofenadine Hydrochloride,180 mg,One Pharma Ltd.,"Unit Price: ৳ 10.00,(20's pack: ৳ 200.00),",(20's pack: ৳ 200.00)
12941,Telfadin,allopathic,telfadintablet120-mg,Tablet,Fexofenadine Hydrochloride,120 mg,One Pharma Ltd.,"Unit Price: ৳ 8.00,(30's pack: ৳ 240.00),",(30's pack: ৳ 240.00)
12939,Telfadin,allopathic,telfadinoral-suspension30-mg5-ml,Oral Suspension,Fexofenadine Hydrochloride,30 mg/5 ml,One Pharma Ltd.,50 ml bottle: ৳ 50.00,
3000,Telcardis Plus,allopathic,telcardis-plustablet80-mg125-mg,Tablet,Telmisartan + Hydrochlorothiazide,80 mg+12.5 mg,UniMed UniHealth,"Unit Price: ৳ 20.00,(14's pack: ৳ 280.00),",(14's pack: ৳ 280.00)
2999,Telcardis Plus,allopathic,telcardis-plustablet40-mg125-mg,Tablet,Telmisartan + Hydrochlorothiazide,40 mg+12.5 mg,UniMed UniHealth,"Unit Price: ৳ 12.50,(14's pack: ৳ 175.00),",(14's pack: ৳ 175.00)
2796,Telcardis,allopathic,telcardistablet80-mg,Tablet,Telmisartan,80 mg,UniMed UniHealth,"Unit Price: ৳ 20.00,(14's pack: ৳ 280.00),",(14's pack: ৳ 280.00)
2795,Telcardis,allopathic,telcardistablet40-mg,Tablet,Telmisartan,40 mg,UniMed UniHealth,"Unit Price: ৳ 12.50,(14's pack: ৳ 175.00),",(14's pack: ৳ 175.00)
17398,Technofen,allopathic,technofentablet100-mg,Tablet,Aceclofenac,100 mg,Techno Drugs Ltd.,"Unit Price: ৳ 4.96,(100's pack: ৳ 496.10),",(100's pack: ৳ 496.10)
27605,Tecentriq,allopathic,tecentriqiv-infusion1200-mgvial,IV Infusion,Atezolizumab,1200 mg/vial,Roche Bangladesh Ltd.,"1200 mg vial: ৳ 340,000.00",
9744,Tecavir,allopathic,tecavirtablet1-mg,Tablet,Entecavir,1 mg,Aristopharma Ltd.,"Unit Price: ৳ 90.00,(10's pack: ৳ 900.00),",(10's pack: ৳ 900.00)
9743,Tecavir,allopathic,tecavirtablet05-mg,Tablet,Entecavir,0.5 mg,Aristopharma Ltd.,"Unit Price: ৳ 40.00,(10's pack: ৳ 400.00),",(10's pack: ৳ 400.00)
12040,Tebast,allopathic,tebasttablet10-mg,Tablet,Ebastine,10 mg,Square Pharmaceuticals Ltd.,"Unit Price: ৳ 6.02,(30's pack: ৳ 180.60),",(30's pack: ৳ 180.60)
16138,Tearsol,allopathic,tearsolophthalmic-solution03,Ophthalmic Solution,Hypromellose,0.30%,Reman Drug Laboratories Ltd.,10 ml drop: ৳ 80.00,
28960,Tearon PF,allopathic,tearon-pfophthalmic-solution0403,Ophthalmic Solution,Polyethylene Glycol + Propylene Glycol,0.4%+0.3%,Beximco Pharmaceuticals Ltd.,10 ml drop: ৳ 210.00,
27644,Telmidip,allopathic,telmidiptablet5-mg40-mg,Tablet,Amlodipine Besilate + Telmisartan,5 mg+40 mg,Incepta Pharmaceuticals Ltd.,"Unit Price: ৳ 10.00,(30's pack: ৳ 300.00),",(30's pack: ৳ 300.00)
24830,Telmidip,allopathic,telmidiptablet5-mg80-mg,Tablet,Amlodipine Besilate + Telmisartan,5 mg+80 mg,Incepta Pharmaceuticals Ltd.,"Unit Price: ৳ 12.00,(30's pack: ৳ 360.00),",(30's pack: ৳ 360.00)
24820,Telmicard,allopathic,telmicardtablet40-mg,Tablet,Telmisartan,40 mg,Drug International Ltd.,"Unit Price: ৳ 8.00,(28's pack: ৳ 224.00),",(28's pack: ৳ 224.00)
32558,Telmi-Z,allopathic,telmi-ztablet80-mg125-mg,Tablet,Telmisartan + Hydrochlorothiazide,80 mg+12.5 mg,Doctor TIMS Pharmaceuticals Ltd.,"Unit Price: ৳ 20.00,(30's pack: ৳ 600.00),",(30's pack: ৳ 600.00)
29099,Telmacal,allopathic,telmacaltablet5-mg80-mg,Tablet,Amlodipine Besilate + Telmisartan,5 mg+80 mg,Beximco Pharmaceuticals Ltd.,"Unit Price: ৳ 20.00,(30's pack: ৳ 600.00),",(30's pack: ৳ 600.00)
24828,Telmacal,allopathic,telmacaltablet5-mg40-mg,Tablet,Amlodipine Besilate + Telmisartan,5 mg+40 mg,Beximco Pharmaceuticals Ltd.,"Unit Price: ৳ 12.50,(30's pack: ৳ 375.00),",(30's pack: ৳ 375.00)
24827,Telma Plus,allopathic,telma-plustablet40-mg125-mg,Tablet,Telmisartan + Hydrochlorothiazide,40 mg+12.5 mg,Beximco Pharmaceuticals Ltd.,"Unit Price: ৳ 12.50,(30's pack: ৳ 375.00),",(30's pack: ৳ 375.00)
24818,Telma,allopathic,telmatablet40-mg,Tablet,Telmisartan,40 mg,Beximco Pharmaceuticals Ltd.,"Unit Price: ৳ 12.50,(30's pack: ৳ 375.00),",(30's pack: ৳ 375.00)
24817,Telma,allopathic,telmatablet80-mg,Tablet,Telmisartan,80 mg,Beximco Pharmaceuticals Ltd.,"Unit Price: ৳ 20.00,(30's pack: ৳ 600.00),",(30's pack: ৳ 600.00)
30516,Telisa-A,allopathic,telisa-atablet5-mg80-mg,Tablet,Amlodipine Besilate + Telmisartan,5 mg+80 mg,ACME Laboratories Ltd.,"Unit Price: ৳ 18.00,(30's pack: ৳ 540.00),",(30's pack: ৳ 540.00)
30515,Telisa-A,allopathic,telisa-atablet5-mg40-mg,Tablet,Amlodipine Besilate + Telmisartan,5 mg+40 mg,ACME Laboratories Ltd.,"Unit Price: ৳ 12.00,(30's pack: ৳ 360.00),",(30's pack: ৳ 360.00)
30196,Telisa,allopathic,telisatablet80-mg,Tablet,Telmisartan,80 mg,ACME Laboratories Ltd.,"Unit Price: ৳ 12.00,(30's pack: ৳ 360.00),",(30's pack: ৳ 360.00)
30195,Telisa,allopathic,telisatablet40-mg,Tablet,Telmisartan,40 mg,ACME Laboratories Ltd.,"Unit Price: ৳ 10.00,(30's pack: ৳ 300.00),",(30's pack: ৳ 300.00)
25672,Telide,allopathic,telidepowder-for-suspension200-mg5-ml,Powder for Suspension,Azithromycin Dihydrate,200 mg/5 ml,Team Pharmaceuticals Ltd.,"15 ml bottle: ৳ 83.00,35 ml bottle: ৳ 135.00,50 ml bottle: ৳ 180.00",
25671,Telide,allopathic,telidetablet500-mg,Tablet,Azithromycin Dihydrate,500 mg,Team Pharmaceuticals Ltd.,"Unit Price: ৳ 35.00,(14's pack: ৳ 490.00),",(14's pack: ৳ 490.00)
10053,Telfin,allopathic,telfincream1,Cream,Terbinafine Hydrochloride,1%,UniMed UniHealth,10 gm tube: ৳ 60.00,
26247,Telmipres,allopathic,telmiprestablet40-mg,Tablet,Telmisartan,40 mg,Incepta Pharmaceuticals Ltd.,"Unit Price: ৳ 9.00,(30's pack: ৳ 270.00),",(30's pack: ৳ 270.00)
31517,Telmilok Plus,allopathic,telmilok-plustablet40-mg125-mg,Tablet,Telmisartan + Hydrochlorothiazide,40 mg+12.5 mg,Square Pharmaceuticals Ltd.,"Unit Price: ৳ 12.50,(30's pack: ৳ 375.00),",(30's pack: ৳ 375.00)
30198,Telmilok,allopathic,telmiloktablet80-mg,Tablet,Telmisartan,80 mg,Square Pharmaceuticals Ltd.,"Unit Price: ৳ 20.00,(30's pack: ৳ 600.00),",(30's pack: ৳ 600.00)
30197,Telmilok,allopathic,telmiloktablet40-mg,Tablet,Telmisartan,40 mg,Square Pharmaceuticals Ltd.,"Unit Price: ৳ 12.50,(30's pack: ৳ 375.00),",(30's pack: ৳ 375.00)
32974,Telmifast,allopathic,telmifasttablet80-mg,Tablet,Telmisartan,80 mg,Pharmasia Limited,"Unit Price: ৳ 19.00,(28's pack: ৳ 532.00),",(28's pack: ৳ 532.00)
32973,Telmifast,allopathic,telmifasttablet40-mg,Tablet,Telmisartan,40 mg,Pharmasia Limited,"Unit Price: ৳ 12.00,(28's pack: ৳ 336.00),",(28's pack: ৳ 336.00)
32299,Telmidip,allopathic,telmidiptablet10-mg40-mg,Tablet,Amlodipine Besilate + Telmisartan,10 mg+40 mg,Incepta Pharmaceuticals Ltd.,"Unit Price: ৳ 11.00,(30's pack: ৳ 330.00),",(30's pack: ৳ 330.00)
10036,Telfin,allopathic,telfintablet250-mg,Tablet,Terbinafine Hydrochloride,250 mg,UniMed UniHealth,"Unit Price: ৳ 50.00,(10's pack: ৳ 500.00),",(10's pack: ৳ 500.00)
31527,Telfex,allopathic,telfextablet180-mg,Tablet,Fexofenadine Hydrochloride,180 mg,Pharmasia Limited,"Unit Price: ৳ 10.00,(30's pack: ৳ 300.00),",(30's pack: ৳ 300.00)
12145,Telfex,allopathic,telfexoral-suspension30-mg5-ml,Oral Suspension,Fexofenadine Hydrochloride,30 mg/5 ml,Pharmasia Limited,50 ml bottle: ৳ 48.00,
12144,Telfex,allopathic,telfextablet120-mg,Tablet,Fexofenadine Hydrochloride,120 mg,Pharmasia Limited,"Unit Price: ৳ 7.50,(50's pack: ৳ 375.00),",(50's pack: ৳ 375.00)
12143,Telfast,allopathic,telfastoral-suspension30-mg5-ml,Oral Suspension,Fexofenadine Hydrochloride,30 mg/5 ml,Synovia pharma plc,50 ml bottle: ৳ 70.00,
12142,Telfast,allopathic,telfasttablet180-mg,Tablet,Fexofenadine Hydrochloride,180 mg,Synovia pharma plc,"Unit Price: ৳ 13.00,(20's pack: ৳ 260.00),",(20's pack: ৳ 260.00)
12141,Telfast,allopathic,telfasttablet120-mg,Tablet,Fexofenadine Hydrochloride,120 mg,Synovia pharma plc,"Unit Price: ৳ 10.00,(30's pack: ৳ 300.00),",(30's pack: ৳ 300.00)
3849,Telukast,allopathic,telukastchewable-tablet4-mg,Chewable Tablet,Montelukast Sodium,4 mg,General Pharmaceuticals Ltd.,"Unit Price: ৳ 5.52,(30's pack: ৳ 165.60),",(30's pack: ৳ 165.60)
30201,Telsan,allopathic,telsantablet40-mg,Tablet,Telmisartan,40 mg,Orion Pharma Ltd.,"Unit Price: ৳ 10.00,(30's pack: ৳ 300.00),",(30's pack: ৳ 300.00)
31208,Telpro Max,allopathic,telpro-maxtablet5-mg40-mg,Tablet,Amlodipine Besilate + Telmisartan,5 mg+40 mg,Renata Limited,"Unit Price: ৳ 12.00,(30's pack: ৳ 360.00),",(30's pack: ৳ 360.00)
31143,Telpro Max,allopathic,telpro-maxtablet5-mg80-mg,Tablet,Amlodipine Besilate + Telmisartan,5 mg+80 mg,Renata Limited,"Unit Price: ৳ 20.00,(20's pack: ৳ 400.00),",(20's pack: ৳ 400.00)
31142,Telpro,allopathic,telprotablet80-mg,Tablet,Telmisartan,80 mg,Renata Limited,"Unit Price: ৳ 20.00,(12's pack: ৳ 240.00),",(12's pack: ৳ 240.00)
31141,Telpro,allopathic,telprotablet40-mg,Tablet,Telmisartan,40 mg,Renata Limited,"Unit Price: ৳ 12.00,(20's pack: ৳ 240.00),",(20's pack: ৳ 240.00)
30696,Telmivas AM,allopathic,telmivas-amtablet5-mg40-mg,Tablet,Amlodipine Besilate + Telmisartan,5 mg+40 mg,Popular Pharmaceuticals Ltd.,"Unit Price: ৳ 12.50,(30's pack: ৳ 375.00),",(30's pack: ৳ 375.00)
30695,Telmivas,allopathic,telmivastablet40-mg,Tablet,Telmisartan,40 mg,Popular Pharmaceuticals Ltd.,"Unit Price: ৳ 12.50,(30's pack: ৳ 375.00),",(30's pack: ৳ 375.00)
31988,Telmitan Plus,allopathic,telmitan-plustablet80-mg25-mg,Tablet,Telmisartan + Hydrochlorothiazide,80 mg+25 mg,Opsonin Pharma Ltd.,"Unit Price: ৳ 22.00,(14's pack: ৳ 308.00),",(14's pack: ৳ 308.00)
29986,Telmitan Plus,allopathic,telmitan-plustablet80-mg125-mg,Tablet,Telmisartan + Hydrochlorothiazide,80 mg+12.5 mg,Opsonin Pharma Ltd.,"Unit Price: ৳ 20.00,(14's pack: ৳ 280.00),",(14's pack: ৳ 280.00)
29985,Telmitan Plus,allopathic,telmitan-plustablet40-mg125-mg,Tablet,Telmisartan + Hydrochlorothiazide,40 mg+12.5 mg,Opsonin Pharma Ltd.,"Unit Price: ৳ 12.50,(28's pack: ৳ 350.00),",(28's pack: ৳ 350.00)
31742,Telmitan Max,allopathic,telmitan-maxtablet10-mg80-mg,Tablet,Amlodipine Besilate + Telmisartan,10 mg+80 mg,Opsonin Pharma Ltd.,"Unit Price: ৳ 22.00,(14's pack: ৳ 308.00),",(14's pack: ৳ 308.00)
31741,Telmitan Max,allopathic,telmitan-maxtablet10-mg40-mg,Tablet,Amlodipine Besilate + Telmisartan,10 mg+40 mg,Opsonin Pharma Ltd.,"Unit Price: ৳ 14.00,(28's pack: ৳ 392.00),",(28's pack: ৳ 392.00)
29344,Telmitan Max,allopathic,telmitan-maxtablet5-mg80-mg,Tablet,Amlodipine Besilate + Telmisartan,5 mg+80 mg,Opsonin Pharma Ltd.,"Unit Price: ৳ 21.06,(14's pack: ৳ 294.84),",(14's pack: ৳ 294.84)
29343,Telmitan Max,allopathic,telmitan-maxtablet5-mg40-mg,Tablet,Amlodipine Besilate + Telmisartan,5 mg+40 mg,Opsonin Pharma Ltd.,"Unit Price: ৳ 13.03,(28's pack: ৳ 364.84),",(28's pack: ৳ 364.84)
30400,Telmitan,allopathic,telmitantablet20-mg,Tablet,Telmisartan,20 mg,Opsonin Pharma Ltd.,"Unit Price: ৳ 7.00,(42's pack: ৳ 294.00),",(42's pack: ৳ 294.00)
20129,Temcox,allopathic,temcoxtablet60-mg,Tablet,Etoricoxib,60 mg,Team Pharmaceuticals Ltd.,"Unit Price: ৳ 6.50,(30's pack: ৳ 195.00),",(30's pack: ৳ 195.00)
29000,Temcard,allopathic,temcardtablet80-mg,Tablet,Telmisartan,80 mg,Aristopharma Ltd.,"Unit Price: ৳ 20.00,(30's pack: ৳ 600.00),",(30's pack: ৳ 600.00)
28999,Temcard,allopathic,temcardtablet40-mg,Tablet,Telmisartan,40 mg,Aristopharma Ltd.,"Unit Price: ৳ 12.50,(30's pack: ৳ 375.00),",(30's pack: ৳ 375.00)
28998,Temcard,allopathic,temcardtablet20-mg,Tablet,Telmisartan,20 mg,Aristopharma Ltd.,"Unit Price: ৳ 7.00,(30's pack: ৳ 210.00),",(30's pack: ৳ 210.00)
27341,Temcal-D,allopathic,temcal-dtablet500-mg200-iu,Tablet,Calcium Carbonate [Elemental source] + Vitamin D3,500 mg+200 IU,Team Pharmaceuticals Ltd.,"Unit Price: ৳ 7.00,(60's pack: ৳ 420.00),,Unit Price: ৳ 7.00,(30's pack: ৳ 210.00),","(60's pack: ৳ 420.00),(30's pack: ৳ 210.00)"
27340,Tembrox,allopathic,tembroxsyrup15-mg5-ml,Syrup,Ambroxol Hydrochloride,15 mg/5 ml,Team Pharmaceuticals Ltd.,100 ml bottle: ৳ 47.00,
26582,Telukast,allopathic,telukasttablet10-mg,Tablet,Montelukast Sodium,10 mg,General Pharmaceuticals Ltd.,"Unit Price: ৳ 16.00,(30's pack: ৳ 480.00),",(30's pack: ৳ 480.00)
3850,Telukast,allopathic,telukastchewable-tablet5-mg,Chewable Tablet,Montelukast Sodium,5 mg,General Pharmaceuticals Ltd.,"Unit Price: ৳ 7.56,(20's pack: ৳ 151.20),",(20's pack: ৳ 151.20)
30200,Telmitan,allopathic,telmitantablet80-mg,Tablet,Telmisartan,80 mg,Opsonin Pharma Ltd.,"Unit Price: ৳ 21.06,(14's pack: ৳ 294.84),",(14's pack: ৳ 294.84)
30199,Telmitan,allopathic,telmitantablet40-mg,Tablet,Telmisartan,40 mg,Opsonin Pharma Ltd.,"Unit Price: ৳ 13.03,(28's pack: ৳ 364.84),",(28's pack: ৳ 364.84)
30193,Telmipres Plus,allopathic,telmipres-plustablet80-mg125-mg,Tablet,Telmisartan + Hydrochlorothiazide,80 mg+12.5 mg,Incepta Pharmaceuticals Ltd.,"Unit Price: ৳ 11.00,(30's pack: ৳ 330.00),",(30's pack: ৳ 330.00)
30192,Telmipres Plus,allopathic,telmipres-plustablet40-mg125-mg,Tablet,Telmisartan + Hydrochlorothiazide,40 mg+12.5 mg,Incepta Pharmaceuticals Ltd.,"Unit Price: ৳ 9.00,(30's pack: ৳ 270.00),",(30's pack: ৳ 270.00)
30194,Telmipres,allopathic,telmiprestablet20-mg,Tablet,Telmisartan,20 mg,Incepta Pharmaceuticals Ltd.,"Unit Price: ৳ 6.00,(30's pack: ৳ 180.00),",(30's pack: ৳ 180.00)
26248,Telmipres,allopathic,telmiprestablet80-mg,Tablet,Telmisartan,80 mg,Incepta Pharmaceuticals Ltd.,"Unit Price: ৳ 11.00,(28's pack: ৳ 308.00),",(28's pack: ৳ 308.00)
27890,Tempil,allopathic,tempiltablet500-mg,Tablet,Paracetamol,500 mg,Alco Pharma Ltd.,"Unit Price: ৳ 0.80,(200's pack: ৳ 160.00),,Unit Price: ৳ 0.80,(500's pack: ৳ 400.00),","(200's pack: ৳ 160.00),(500's pack: ৳ 400.00)"
10626,Tempanil Extra,allopathic,tempanil-extratablet500-mg65-mg,Tablet,Paracetamol + Caffeine,500 mg+65 mg,Amulet Pharmaceuticals Ltd.,"Unit Price: ৳ 1.91,(200's pack: ৳ 382.00),",(200's pack: ৳ 382.00)
10528,Tempanil,allopathic,tempaniltablet500-mg,Tablet,Paracetamol,500 mg,Amulet Pharmaceuticals Ltd.,"Unit Price: ৳ 0.80,(250's pack: ৳ 200.00),",(250's pack: ৳ 200.00)
10527,Tempac,allopathic,tempacoral-suspension120-mg5-ml,Oral Suspension,Paracetamol,120 mg/5 ml,Hallmark Pharmaceuticals Ltd.,60 ml bottle: ৳ 20.00,
10526,Tempac,allopathic,tempactablet500-mg,Tablet,Paracetamol,500 mg,Hallmark Pharmaceuticals Ltd.,"Unit Price: ৳ 0.80,(200's pack: ৳ 160.00),",(200's pack: ৳ 160.00)
31162,Temozar,allopathic,temozarcapsule250-mg,Capsule,Temozolomide,250 mg,Drug International Ltd.,"Unit Price: ৳ 1,250.00,(7's pack: ৳ 8,750.00),","(7's pack: ৳ 8,750.00)"
28386,Temozar,allopathic,temozarcapsule100-mg,Capsule,Temozolomide,100 mg,Drug International Ltd.,"Unit Price: ৳ 600.00,(7's pack: ৳ 4,200.00),","(7's pack: ৳ 4,200.00)"
26858,Temovate,allopathic,temovateointment005,Ointment,Clobetasol Propionate (Topical Preparation),0.05%,Healthcare Pharmaceuticals Ltd.,"10 gm tube: ৳ 68.00,20 gm tube: ৳ 80.00",
19445,Temovate,allopathic,temovatecream005,Cream,Clobetasol Propionate (Topical Preparation),0.05%,Healthcare Pharmaceuticals Ltd.,"10 gm tube: ৳ 58.00,20 gm tube: ৳ 70.00",
17264,Temonix,allopathic,temonixcapsule250-mg,Capsule,Temozolomide,250 mg,Beacon Pharmaceuticals Ltd.,"Unit Price: ৳ 1,300.00,(4's pack: ৳ 5,200.00),","(4's pack: ৳ 5,200.00)"
17263,Temonix,allopathic,temonixcapsule100-mg,Capsule,Temozolomide,100 mg,Beacon Pharmaceuticals Ltd.,"Unit Price: ৳ 600.00,(6's pack: ৳ 3,600.00),","(6's pack: ৳ 3,600.00)"
28780,Temolina,allopathic,temolinatablet5-mg,Tablet,Linagliptin,5 mg,Team Pharmaceuticals Ltd.,"Unit Price: ৳ 20.00,(30's pack: ৳ 600.00),",(30's pack: ৳ 600.00)
23571,Temol Extra,allopathic,temol-extratablet500-mg65-mg,Tablet,Paracetamol + Caffeine,500 mg+65 mg,Team Pharmaceuticals Ltd.,"Unit Price: ৳ 2.40,(200's pack: ৳ 480.00),",(200's pack: ৳ 480.00)
23539,Temol,allopathic,temoltablet500-mg,Tablet,Paracetamol,500 mg,Team Pharmaceuticals Ltd.,"Unit Price: ৳ 0.80,(200's pack: ৳ 160.00),",(200's pack: ৳ 160.00)
23538,Temol,allopathic,temoloral-suspension120-mg5-ml,Oral Suspension,Paracetamol,120 mg/5 ml,Team Pharmaceuticals Ltd.,60 ml bottle: ৳ 20.70,
27342,Temoket,allopathic,temoketimiv-injection30-mgml,IM/IV Injection,Ketorolac Tromethamine,30 mg/ml,Team Pharmaceuticals Ltd.,1 ml ampoule: ৳ 55.00,
33041,Tems,allopathic,temstablet80-mg,Tablet,Telmisartan,80 mg,Eskayef Pharmaceuticals Ltd.,"Unit Price: ৳ 20.00,(30's pack: ৳ 600.00),",(30's pack: ৳ 600.00)
33040,Tems,allopathic,temstablet40-mg,Tablet,Telmisartan,40 mg,Eskayef Pharmaceuticals Ltd.,"Unit Price: ৳ 12.50,(30's pack: ৳ 375.00),",(30's pack: ৳ 375.00)
10628,Temrif Plus,allopathic,temrif-plustablet500-mg65-mg,Tablet,Paracetamol + Caffeine,500 mg+65 mg,Monicopharma Ltd.,"Unit Price: ৳ 1.50,(100's pack: ৳ 150.00),",(100's pack: ৳ 150.00)
23575,Tempol-D,allopathic,tempol-dtablet325-mg375-mg,Tablet,Paracetamol + Tramadol Hydrochloride,325 mg+37.5 mg,Asiatic Laboratories Ltd.,"Unit Price: ৳ 8.00,(30's pack: ৳ 240.00),",(30's pack: ৳ 240.00)
10627,Tempol Plus,allopathic,tempol-plustablet500-mg65-mg,Tablet,Paracetamol + Caffeine,500 mg+65 mg,Asiatic Laboratories Ltd.,"Unit Price: ৳ 1.90,(100's pack: ৳ 190.00),",(100's pack: ৳ 190.00)
21290,Temoket,allopathic,temokettablet10-mg,Tablet,Ketorolac Tromethamine,10 mg,Team Pharmaceuticals Ltd.,"Unit Price: ৳ 9.50,(30's pack: ৳ 285.00),",(30's pack: ৳ 285.00)
23553,Temnor Plus,allopathic,temnor-plustablet500-mg65-mg,Tablet,Paracetamol + Caffeine,500 mg+65 mg,Centeon Pharma Ltd.,"Unit Price: ৳ 2.50,(100's pack: ৳ 250.00),",(100's pack: ৳ 250.00)
23440,Temnor,allopathic,temnortablet500-mg,Tablet,Paracetamol,500 mg,Centeon Pharma Ltd.,"Unit Price: ৳ 0.80,(100's pack: ৳ 80.00),",(100's pack: ৳ 80.00)
31419,Temixil,allopathic,temixiltablet10-mg,Tablet,Temazepam,10 mg,Renata Limited,"Unit Price: ৳ 10.00,(30's pack: ৳ 300.00),",(30's pack: ৳ 300.00)
28905,Temglip,allopathic,temgliptablet2-mg,Tablet,Glimepiride,2 mg,Team Pharmaceuticals Ltd.,"Unit Price: ৳ 9.00,(30's pack: ৳ 270.00),",(30's pack: ৳ 270.00)
28904,Temglip,allopathic,temgliptablet1-mg,Tablet,Glimepiride,1 mg,Team Pharmaceuticals Ltd.,"Unit Price: ৳ 6.00,(50's pack: ৳ 300.00),",(50's pack: ৳ 300.00)
10625,Temfin,allopathic,temfintablet500-mg65-mg,Tablet,Paracetamol + Caffeine,500 mg+65 mg,Organic Health Care Ltd.,"Unit Price: ৳ 1.80,(100's pack: ৳ 180.00),",(100's pack: ৳ 180.00)
20131,Temcox,allopathic,temcoxtablet120-mg,Tablet,Etoricoxib,120 mg,Team Pharmaceuticals Ltd.,"Unit Price: ৳ 13.00,(20's pack: ৳ 260.00),",(20's pack: ৳ 260.00)
20130,Temcox,allopathic,temcoxtablet90-mg,Tablet,Etoricoxib,90 mg,Team Pharmaceuticals Ltd.,"Unit Price: ৳ 11.50,(30's pack: ৳ 345.00),",(30's pack: ৳ 345.00)
18283,Tenobis Plus,allopathic,tenobis-plustablet10-mg625-mg,Tablet,Bisoprolol Fumarate + Hydrochlorothiazide,10 mg+6.25 mg,Drug International Ltd.,"Unit Price: ৳ 16.00,(10's pack: ৳ 160.00),",(10's pack: ৳ 160.00)
18282,Tenobis Plus,allopathic,tenobis-plustablet5-mg625-mg,Tablet,Bisoprolol Fumarate + Hydrochlorothiazide,5 mg+6.25 mg,Drug International Ltd.,"Unit Price: ৳ 10.00,(20's pack: ৳ 200.00),",(20's pack: ৳ 200.00)
18281,Tenobis Plus,allopathic,tenobis-plustablet25-mg625-mg,Tablet,Bisoprolol Fumarate + Hydrochlorothiazide,2.5 mg+6.25 mg,Drug International Ltd.,"Unit Price: ৳ 6.00,(30's pack: ৳ 180.00),",(30's pack: ৳ 180.00)
2506,Tenobis,allopathic,tenobistablet5-mg,Tablet,Bisoprolol Hemifumarate,5 mg,Drug International Ltd.,"Unit Price: ৳ 10.05,(42's pack: ৳ 422.10),",(42's pack: ৳ 422.10)
2505,Tenobis,allopathic,tenobistablet25-mg,Tablet,Bisoprolol Hemifumarate,2.5 mg,Drug International Ltd.,"Unit Price: ৳ 6.05,(56's pack: ৳ 338.80),",(56's pack: ৳ 338.80)
27397,Tenkular,allopathic,tenkulartablet5-mg,Tablet,Prochlorperazine Maleate,5 mg,United Pharmaceuticals Ltd.,"Unit Price: ৳ 0.40,(200's pack: ৳ 80.37),",(200's pack: ৳ 80.37)
22979,Tenizide,allopathic,tenizidetablet20-mg125-mg,Tablet,Olmesartan Medoxomil + Hydrochlorothiazide,20 mg+12.5 mg,UniMed UniHealth,"Unit Price: ৳ 8.00,(28's pack: ৳ 224.00),",(28's pack: ৳ 224.00)
22983,Tenivasc,allopathic,tenivasctablet5-mg20-mg,Tablet,Amlodipine Besilate + Olmesartan Medoxomil,5 mg+20 mg,UniMed UniHealth,"Unit Price: ৳ 8.00,(28's pack: ৳ 224.00),",(28's pack: ৳ 224.00)
4268,Tenil,allopathic,teniltablet3-mg,Tablet,Bromazepam,3 mg,ACME Laboratories Ltd.,"Unit Price: ৳ 5.50,(100's pack: ৳ 550.00),",(100's pack: ৳ 550.00)
22973,Tenicar,allopathic,tenicartablet40-mg,Tablet,Olmesartan Medoxomil,40 mg,UniMed UniHealth,"Unit Price: ৳ 15.00,(14's pack: ৳ 210.00),",(14's pack: ৳ 210.00)
22972,Tenicar,allopathic,tenicartablet20-mg,Tablet,Olmesartan Medoxomil,20 mg,UniMed UniHealth,"Unit Price: ৳ 8.00,(28's pack: ৳ 224.00),",(28's pack: ৳ 224.00)
225,Tendonil,allopathic,tendonilcapsule60-mg,Capsule,Acemetacin,60 mg,Orion Pharma Ltd.,"Unit Price: ৳ 8.02,(30's pack: ৳ 240.60),",(30's pack: ৳ 240.60)
31547,Tendia,allopathic,tendiaimiv-injection100-mg2-ml,IM/IV Injection,Tramadol Hydrochloride,100 mg/2 ml,ACI Limited,"2 ml ampoule: ৳ 20.13,(5's pack: ৳ 100.65),",(5's pack: ৳ 100.65)
18970,Tencef,allopathic,tencefcapsule400-mg,Capsule,Ceftibuten Dihydrate,400 mg,Navana Pharmaceuticals Ltd.,"Unit Price: ৳ 120.00,(7's pack: ৳ 840.00),",(7's pack: ৳ 840.00)
24832,Tenbee,allopathic,tenbeetablet300-mg,Tablet,Tenofovir Disoproxil Fumarate,300 mg,Jenphar Bangladesh Ltd.,"Unit Price: ৳ 85.00,(12's pack: ৳ 1,020.00),","(12's pack: ৳ 1,020.00)"
4365,Tenaxit,allopathic,tenaxittablet05-mg10-mg,Tablet,Flupentixol + Melitracen,0.5 mg+10 mg,Incepta Pharmaceuticals Ltd.,"Unit Price: ৳ 5.00,(50's pack: ৳ 250.00),",(50's pack: ৳ 250.00)
844,Tenocab,allopathic,tenocabtablet5-mg25-mg,Tablet,Amlodipine Besilate + Atenolol,5 mg+25 mg,ACI Limited,"Unit Price: ৳ 5.27,(100's pack: ৳ 527.00),",(100's pack: ৳ 527.00)
4267,Tenapam,allopathic,tenapamtablet3-mg,Tablet,Bromazepam,3 mg,General Pharmaceuticals Ltd.,"Unit Price: ৳ 5.00,(30's pack: ৳ 150.00),",(30's pack: ৳ 150.00)
30688,Tenafin,allopathic,tenafincream1,Cream,Butenafine Hydrochloride,1%,Beximco Pharmaceuticals Ltd.,15 gm tube: ৳ 50.00,
27349,Tenac TR,allopathic,tenac-trcapsule-timed-release100-mg,Capsule (Timed Release),Diclofenac Sodium,100 mg,Team Pharmaceuticals Ltd.,"Unit Price: ৳ 3.00,(50's pack: ৳ 150.00),",(50's pack: ৳ 150.00)
31929,Temzinc Plus,allopathic,temzinc-plustablet,Tablet,Vitamin B Complex + Zinc,,Team Pharmaceuticals Ltd.,"Unit Price: ৳ 3.00,(30's pack: ৳ 90.00),",(30's pack: ৳ 90.00)
25305,Temzinc Plus,allopathic,temzinc-plussyrup,Syrup,Vitamin B Complex + Zinc,,Team Pharmaceuticals Ltd.,"100 ml bottle: ৳ 53.00,200 ml bottle: ৳ 90.00",
27348,Temzinc,allopathic,temzincsyrup10-mg5-ml,Syrup,Zinc Sulfate Monohydrate,10 mg/5 ml,Team Pharmaceuticals Ltd.,100 ml bottle: ৳ 33.00,
25337,Temvit-N,allopathic,temvit-ntablet100-mg200-mg200-mcg,Tablet,"Vitamin B1, B6 & B12",100 mg+200 mg+200 mcg,Team Pharmaceuticals Ltd.,"Unit Price: ৳ 7.50,(60's pack: ৳ 450.00),,Unit Price: ৳ 7.50,(30's pack: ৳ 225.00),","(60's pack: ৳ 450.00),(30's pack: ৳ 225.00)"
27347,Temvit Gold,allopathic,temvit-goldtablet,Tablet,Multivitamin & Multimineral,,Team Pharmaceuticals Ltd.,"Unit Price: ৳ 9.00,(30's pack: ৳ 270.00),,Unit Price: ৳ 9.00,(50's pack: ৳ 450.00),","(30's pack: ৳ 270.00),(50's pack: ৳ 450.00)"
29214,Temvas,allopathic,temvastablet10-mg,Tablet,Atorvastatin Calcium,10 mg,Team Pharmaceuticals Ltd.,"Unit Price: ৳ 10.00,(30's pack: ৳ 300.00),",(30's pack: ৳ 300.00)
27346,Temtrix,allopathic,temtrixiv-injection2-gmvial,IV Injection,Ceftriaxone Sodium,2 gm/vial,Team Pharmaceuticals Ltd.,2 gm vial: ৳ 300.00,
27345,Temtrix,allopathic,temtrixiv-injection1-gmvial,IV Injection,Ceftriaxone Sodium,1 gm/vial,Team Pharmaceuticals Ltd.,1 gm vial: ৳ 190.00,
27344,Temtrix,allopathic,temtrixim-injection1-gmvial,IM Injection,Ceftriaxone Sodium,1 gm/vial,Team Pharmaceuticals Ltd.,1 gm vial: ৳ 190.00,
27343,Temseas,allopathic,temseassyrup,Syrup,Multivitamin & Cod Liver Oil,,Team Pharmaceuticals Ltd.,"100 ml bottle: ৳ 78.00,200 ml bottle: ৳ 142.00",
3657,Teolex SR,allopathic,teolex-srtablet-sustained-release200-mg,Tablet (Sustained Release),Theophylline,200 mg,ACI Limited,"Unit Price: ৳ 1.50,(100's pack: ৳ 150.00),",(100's pack: ৳ 150.00)
9759,Tenvira,allopathic,tenviratablet300-mg,Tablet,Tenofovir Disoproxil Fumarate,300 mg,Aristopharma Ltd.,"Unit Price: ৳ 80.00,(10's pack: ৳ 800.00),",(10's pack: ৳ 800.00)
27891,Tensnil,allopathic,tensniltablet10-mg,Tablet,Clobazam,10 mg,Alco Pharma Ltd.,"Unit Price: ৳ 4.00,(100's pack: ৳ 400.00),",(100's pack: ৳ 400.00)
4368,Tensicon,allopathic,tensicontablet05-mg10-mg,Tablet,Flupentixol + Melitracen,0.5 mg+10 mg,The White Horse Pharma,"Unit Price: ৳ 5.00,(50's pack: ৳ 250.00),",(50's pack: ৳ 250.00)
18328,Tensfree,allopathic,tensfreetablet3-mg,Tablet,Bromazepam,3 mg,Globe Pharmaceuticals Ltd.,"Unit Price: ৳ 4.50,(50's pack: ৳ 225.00),",(50's pack: ৳ 225.00)
19811,Tensareal,allopathic,tensarealtablet5-mg,Tablet,Diazepam,5 mg,Indo Bangla Pharmaceutical,"Unit Price: ৳ 0.25,(100's pack: ৳ 25.00),",(100's pack: ৳ 25.00)
4367,Tensa,allopathic,tensatablet05-mg10-mg,Tablet,Flupentixol + Melitracen,0.5 mg+10 mg,Marker Pharma Ltd.,"Unit Price: ৳ 3.50,(50's pack: ৳ 175.00),",(50's pack: ৳ 175.00)
24837,Tenoxim,allopathic,tenoximtablet20-mg,Tablet,Tenoxicam,20 mg,Eskayef Pharmaceuticals Ltd.,"Unit Price: ৳ 8.00,(30's pack: ৳ 240.00),",(30's pack: ৳ 240.00)
24833,Tenoviral,allopathic,tenoviraltablet300-mg,Tablet,Tenofovir Disoproxil Fumarate,300 mg,Opsonin Pharma Ltd.,"Unit Price: ৳ 85.26,(12's pack: ৳ 1,023.12),","(12's pack: ৳ 1,023.12)"
1103,Tenovir,allopathic,tenovirtablet50-mg,Tablet,Atenolol,50 mg,Virgo Pharmaceuticals Ltd.,"Unit Price: ৳ 0.75,(100's pack: ৳ 75.00),",(100's pack: ৳ 75.00)
11629,Tenorix,allopathic,tenorixtablet20-mg,Tablet,Tenoxicam,20 mg,Orion Pharma Ltd.,"Unit Price: ৳ 8.06,(30's pack: ৳ 241.80),",(30's pack: ৳ 241.80)
1109,Tenoren Plus,allopathic,tenoren-plustablet50-mg25-mg,Tablet,Atenolol + Chlorthalidone,50 mg+25 mg,ACI Limited,"Unit Price: ৳ 3.02,(50's pack: ৳ 151.00),",(50's pack: ৳ 151.00)
1102,Tenoren,allopathic,tenorentablet25-mg,Tablet,Atenolol,25 mg,ACI Limited,"Unit Price: ৳ 0.45,(50's pack: ৳ 22.50),",(50's pack: ৳ 22.50)
1101,Tenoren,allopathic,tenorentablet100-mg,Tablet,Atenolol,100 mg,ACI Limited,"Unit Price: ৳ 1.38,(100's pack: ৳ 138.00),",(100's pack: ৳ 138.00)
1100,Tenoren,allopathic,tenorentablet50-mg,Tablet,Atenolol,50 mg,ACI Limited,"Unit Price: ৳ 0.77,(200's pack: ৳ 154.00),",(200's pack: ৳ 154.00)
848,Tenopin,allopathic,tenopintablet5-mg50-mg,Tablet,Amlodipine Besilate + Atenolol,5 mg+50 mg,Sharif Pharmaceuticals Ltd.,"Unit Price: ৳ 4.51,(30's pack: ৳ 135.30),",(30's pack: ৳ 135.30)
2593,Terazon,allopathic,terazontablet5-mg,Tablet,Terazosin Hydrochloride,5 mg,Incepta Pharmaceuticals Ltd.,"Unit Price: ৳ 8.00,(30's pack: ৳ 240.00),",(30's pack: ৳ 240.00)
2592,Terazon,allopathic,terazontablet2-mg,Tablet,Terazosin Hydrochloride,2 mg,Incepta Pharmaceuticals Ltd.,"Unit Price: ৳ 5.00,(50's pack: ৳ 250.00),",(50's pack: ৳ 250.00)
8333,Teracin,allopathic,teracintablet500-mg,Tablet,Oxytetracycline,500 mg,Medicon Pharmaceuticals Ltd.,"Unit Price: ৳ 2.84,(20's pack: ৳ 56.81),",(20's pack: ৳ 56.81)
30781,Tepadina,allopathic,tepadinaiv-infusion15-mgvial,IV Infusion,Thiotepa,15 mg/vial,"Adienne Pharma, Switzerland","15 mg vial: ৳ 23,000.00",
11635,Tenopain,allopathic,tenopaintablet20-mg,Tablet,Tenoxicam,20 mg,Incepta Pharmaceuticals Ltd.,"Unit Price: ৳ 8.00,(30's pack: ৳ 240.00),",(30's pack: ৳ 240.00)
28601,Tenomin,allopathic,tenomintablet50-mg,Tablet,Atenolol,50 mg,Pacific Pharmaceuticals Ltd.,"Unit Price: ৳ 0.77,(100's pack: ৳ 77.00),",(100's pack: ৳ 77.00)
2471,Tenoloc,allopathic,tenoloctablet100-mg,Tablet,Atenolol,100 mg,ACME Laboratories Ltd.,"Unit Price: ৳ 1.37,(100's pack: ৳ 137.00),",(100's pack: ৳ 137.00)
1098,Tenoloc,allopathic,tenoloctablet50-mg,Tablet,Atenolol,50 mg,ACME Laboratories Ltd.,"Unit Price: ৳ 0.77,(100's pack: ৳ 77.00),",(100's pack: ৳ 77.00)
11628,Tenoflex,allopathic,tenoflextablet20-mg,Tablet,Tenoxicam,20 mg,Beacon Pharmaceuticals Ltd.,"Unit Price: ৳ 8.05,(30's pack: ৳ 241.50),",(30's pack: ৳ 241.50)
847,Tenodin,allopathic,tenodintablet5-mg50-mg,Tablet,Amlodipine Besilate + Atenolol,5 mg+50 mg,Asiatic Laboratories Ltd.,"Unit Price: ৳ 6.00,(30's pack: ৳ 180.00),",(30's pack: ৳ 180.00)
846,Tenodin,allopathic,tenodintablet5-mg25-mg,Tablet,Amlodipine Besilate + Atenolol,5 mg+25 mg,Asiatic Laboratories Ltd.,"Unit Price: ৳ 4.20,(30's pack: ৳ 126.00),",(30's pack: ৳ 126.00)
30619,Tenoclor,allopathic,tenoclortablet50-mg25-mg,Tablet,Atenolol + Chlorthalidone,50 mg+25 mg,Apex Pharmaceuticals Ltd.,"Unit Price: ৳ 2.50,(30's pack: ৳ 75.00),",(30's pack: ৳ 75.00)
1096,Tenocard,allopathic,tenocardtablet50-mg,Tablet,Atenolol,50 mg,Aristopharma Ltd.,"Unit Price: ৳ 0.75,(100's pack: ৳ 75.00),",(100's pack: ৳ 75.00)
845,Tenocab,allopathic,tenocabtablet5-mg50-mg,Tablet,Amlodipine Besilate + Atenolol,5 mg+50 mg,ACI Limited,"Unit Price: ৳ 6.02,(50's pack: ৳ 301.00),",(50's pack: ৳ 301.00)
3602,Terbulin,allopathic,terbulinsyrup15-mg5-ml,Syrup,Terbutaline Sulfate,1.5 mg/5 ml,Ibn Sina Pharmaceuticals Ltd.,100 ml bottle: ৳ 35.14,
31596,Terbixen,allopathic,terbixentablet250-mg,Tablet,Terbinafine Hydrochloride,250 mg,Everest Pharmaceuticals Ltd.,"Unit Price: ৳ 50.00,(10's pack: ৳ 500.00),",(10's pack: ৳ 500.00)
29442,Terbitac,allopathic,terbitaccream1,Cream,Terbinafine Hydrochloride,1%,Ziska Pharmaceuticals Ltd.,10 gm tube: ৳ 70.00,
29441,Terbitac,allopathic,terbitactablet250-mg,Tablet,Terbinafine Hydrochloride,250 mg,Ziska Pharmaceuticals Ltd.,"Unit Price: ৳ 50.00,(10's pack: ৳ 500.00),",(10's pack: ৳ 500.00)
32641,Terbinox,allopathic,terbinoxcream1,Cream,Terbinafine Hydrochloride,1%,Ibn Sina Pharmaceuticals Ltd.,10 gm tube: ৳ 60.00,
32459,Terbinox,allopathic,terbinoxtablet250-mg,Tablet,Terbinafine Hydrochloride,250 mg,Ibn Sina Pharmaceuticals Ltd.,"Unit Price: ৳ 30.00,(10's pack: ৳ 300.00),",(10's pack: ৳ 300.00)
32479,Terbin,allopathic,terbintopical-spray1,Topical Spray,Terbinafine Hydrochloride,1%,Opsonin Pharma Ltd.,30 ml bottle: ৳ 600.00,
31047,Terbin,allopathic,terbinpowder-for-suspension125-mgsachet,Powder for Suspension,Terbinafine Hydrochloride,125 mg/sachet,Opsonin Pharma Ltd.,"125 mg sachet: ৳ 60.00,(14's pack: ৳ 840.00),",(14's pack: ৳ 840.00)
24849,Terbin,allopathic,terbintablet250-mg,Tablet,Terbinafine Hydrochloride,250 mg,Opsonin Pharma Ltd.,"Unit Price: ৳ 60.00,(10's pack: ৳ 600.00),",(10's pack: ৳ 600.00)
10056,Terbin,allopathic,terbincream1,Cream,Terbinafine Hydrochloride,1%,Opsonin Pharma Ltd.,"5 gm tube: ৳ 30.00,10 gm tube: ৳ 50.00,15 gm tube: ৳ 80.00",
31733,Terbimax,allopathic,terbimaxcream1,Cream,Terbinafine Hydrochloride,1%,Renata Limited,10 gm tube: ৳ 80.00,
31732,Terbimax,allopathic,terbimaxtablet250-mg,Tablet,Terbinafine Hydrochloride,250 mg,Renata Limited,"Unit Price: ৳ 40.00,(14's pack: ৳ 560.00),",(14's pack: ৳ 560.00)
31052,Terbikill,allopathic,terbikillcream1,Cream,Terbinafine Hydrochloride,1%,ACME Laboratories Ltd.,15 gm tube: ৳ 100.00,
31051,Terbikill,allopathic,terbikilltablet250-mg,Tablet,Terbinafine Hydrochloride,250 mg,ACME Laboratories Ltd.,"Unit Price: ৳ 50.00,(10's pack: ৳ 500.00),",(10's pack: ৳ 500.00)
32345,Terbiheal,allopathic,terbihealcream1,Cream,Terbinafine Hydrochloride,1%,Al-Madina Pharmaceuticals Ltd.,10 gm tube: ৳ 70.00,
32343,Terbiheal,allopathic,terbihealtablet250-mg,Tablet,Terbinafine Hydrochloride,250 mg,Al-Madina Pharmaceuticals Ltd.,Unit Price: ৳ 50.00,
29601,Terrell,allopathic,terrellsolution-for-inhalation100-ml,Solution for Inhalation,Isoflurane,100 ml,"Piramal Critical Care, USA","100 ml bottle: ৳ 3,000.00",
13464,Terovit,allopathic,terovittablet5-mg,Tablet,Folic Acid,5 mg,Gaco Pharmaceuticals Ltd.,"Unit Price: ৳ 0.31,(100's pack: ৳ 31.00),",(100's pack: ৳ 31.00)
87,Ternilla,allopathic,ternillatablet100-mg,Tablet,Aceclofenac,100 mg,Healthcare Pharmaceuticals Ltd.,"Unit Price: ৳ 5.00,(50's pack: ৳ 250.00),",(50's pack: ৳ 250.00)
22541,Terminex,allopathic,terminextablet200-mg200-mcg,Tablet,Mifepristone + Misoprostol,200 mg+200 mcg,Square Pharmaceuticals Ltd.,5 tablet kit: ৳ 300.00,
28915,Termider,allopathic,termidertablet250-mg,Tablet,Terbinafine Hydrochloride,250 mg,Biopharma Laboratories Ltd.,"Unit Price: ৳ 40.00,(12's pack: ৳ 480.00),",(12's pack: ৳ 480.00)
10057,Termider,allopathic,termidercream1,Cream,Terbinafine Hydrochloride,1%,Biopharma Laboratories Ltd.,10 gm tube: ৳ 50.00,
16906,Tericin,allopathic,tericiniv-infusion50-mgvial,IV Infusion,Amphotericin B,50 mg/vial,Beacon Pharmaceuticals Ltd.,"50 mg vial: ৳ 15,045.10",
8980,Tergocin,allopathic,tergocinimiv-injection200-mgvial,IM/IV Injection,Teicoplanin,200 mg/vial,Incepta Pharmaceuticals Ltd.,"200 mg vial: ৳ 1,600.00",
10055,Terbifin,allopathic,terbifincream1,Cream,Terbinafine Hydrochloride,1%,Aristopharma Ltd.,"5 gm tube: ৳ 52.00,10 gm tube: ৳ 80.00",
10038,Terbifin,allopathic,terbifintablet250-mg,Tablet,Terbinafine Hydrochloride,250 mg,Aristopharma Ltd.,"Unit Price: ৳ 50.00,(12's pack: ৳ 600.00),",(12's pack: ৳ 600.00)
29179,Terbiderm,allopathic,terbidermtablet250-mg,Tablet,Terbinafine Hydrochloride,250 mg,Orion Pharma Ltd.,"Unit Price: ৳ 50.00,(10's pack: ৳ 500.00),",(10's pack: ৳ 500.00)
27285,Terbicon,allopathic,terbicontablet250-mg,Tablet,Terbinafine Hydrochloride,250 mg,Beacon Pharmaceuticals Ltd.,"Unit Price: ৳ 50.00,(12's pack: ৳ 600.00),",(12's pack: ৳ 600.00)
10054,Terbex,allopathic,terbexcream1,Cream,Terbinafine Hydrochloride,1%,Beximco Pharmaceuticals Ltd.,5 gm tube: ৳ 35.00,
10037,Terbex,allopathic,terbextablet250-mg,Tablet,Terbinafine Hydrochloride,250 mg,Beximco Pharmaceuticals Ltd.,"Unit Price: ৳ 50.00,(10's pack: ৳ 500.00),",(10's pack: ৳ 500.00)
8290,Tetram,allopathic,tetramcapsule250-mg,Capsule,Tetracycline Hydrochloride (Oral),250 mg,Modern Pharmaceuticals Ltd.,"Unit Price: ৳ 1.33,(100's pack: ৳ 133.00),",(100's pack: ৳ 133.00)
8316,Tetrafast,allopathic,tetrafastcapsule250-mg,Capsule,Tetracycline Hydrochloride (Oral),250 mg,Incepta Pharmaceuticals Ltd.,"Unit Price: ৳ 1.00,(100's pack: ৳ 100.00),",(100's pack: ৳ 100.00)
8286,Tetracycline H,allopathic,tetracycline-hcapsule250-mg,Capsule,Tetracycline Hydrochloride (Oral),250 mg,Hudson Pharmaceuticals Ltd.,"Unit Price: ৳ 1.00,(100's pack: ৳ 100.00),",(100's pack: ৳ 100.00)
8285,Tetracycline,allopathic,tetracyclinecapsule250-mg,Capsule,Tetracycline Hydrochloride (Oral),250 mg,Pharmadesh Laboratories Ltd.,"Unit Price: ৳ 1.32,(100's pack: ৳ 132.00),",(100's pack: ৳ 132.00)
8284,Tetracycline,allopathic,tetracyclinecapsule500-mg,Capsule,Tetracycline Hydrochloride (Oral),500 mg,Reliance Pharmaceuticals Ltd.,"Unit Price: ৳ 2.29,(100's pack: ৳ 228.76),",(100's pack: ৳ 228.76)
12730,Tetracomb,allopathic,tetracombointment,Ointment,Triamcinolone + Neomycin + Nystatin + Gramicidin,,Pharmasia Limited,"5 gm tube: ৳ 30.00,10 gm tube: ৳ 40.00",
12729,Tetracomb,allopathic,tetracombcream,Cream,Triamcinolone + Neomycin + Nystatin + Gramicidin,,Pharmasia Limited,"5 gm tube: ৳ 30.00,10 gm tube: ৳ 40.00",
8298,Tetracillin,allopathic,tetracillincapsule250-mg,Capsule,Tetracycline Hydrochloride (Oral),250 mg,Seema Pharmaceuticals Ltd.,"Unit Price: ৳ 1.26,(100's pack: ৳ 126.00),",(100's pack: ৳ 126.00)
30760,Tetracef,allopathic,tetracefiv-injection2-gmvial,IV Injection,Cefepime Hydrochloride,2 gm/vial,Beximco Pharmaceuticals Ltd.,"2 gm vial: ৳ 1,100.00",
8180,Tetracef,allopathic,tetracefimiv-injection1-gmvial,IM/IV Injection,Cefepime Hydrochloride,1 gm/vial,Beximco Pharmaceuticals Ltd.,1 gm vial: ৳ 550.00,
8179,Tetracef,allopathic,tetracefimiv-injection500-mgvial,IM/IV Injection,Cefepime Hydrochloride,500 mg/vial,Beximco Pharmaceuticals Ltd.,500 mg vial: ৳ 300.00,
30107,Tetrabez,allopathic,tetrabeztablet25-mg,Tablet,Tetrabenazine,25 mg,UniMed UniHealth,"Unit Price: ৳ 35.00,(20's pack: ৳ 700.00),",(20's pack: ৳ 700.00)
30106,Tetrabez,allopathic,tetrabeztablet125-mg,Tablet,Tetrabenazine,12.5 mg,UniMed UniHealth,"Unit Price: ৳ 20.00,(30's pack: ৳ 600.00),",(30's pack: ৳ 600.00)
31043,Tetraben,allopathic,tetrabentablet25-mg,Tablet,Tetrabenazine,25 mg,Incepta Pharmaceuticals Ltd.,"Unit Price: ৳ 35.00,(20's pack: ৳ 700.00),",(20's pack: ৳ 700.00)
31042,Tetraben,allopathic,tetrabentablet125-mg,Tablet,Tetrabenazine,12.5 mg,Incepta Pharmaceuticals Ltd.,"Unit Price: ৳ 20.00,(20's pack: ৳ 400.00),",(20's pack: ৳ 400.00)
28602,Tetclin,allopathic,tetclincapsule250-mg,Capsule,Tetracycline Hydrochloride (Oral),250 mg,Pacific Pharmaceuticals Ltd.,"Unit Price: ৳ 1.00,(100's pack: ৳ 100.00),",(100's pack: ৳ 100.00)
31519,Tetraxim,allopathic,tetraximsc-injection05-mlprefilled-syringe,SC Injection,"Diphtheria, Tetanus, Pertussis, Poliomyelitis Vaccine",0.5 ml/prefilled syringe,Synovia pharma plc,"0.5 ml prefilled syringe: ৳ 2,490.00",
8294,Tetrax,allopathic,tetraxcapsule500-mg,Capsule,Tetracycline Hydrochloride (Oral),500 mg,Square Pharmaceuticals Ltd.,"Unit Price: ৳ 3.39,(100's pack: ৳ 339.00),",(100's pack: ৳ 339.00)
12480,Tetrasol,allopathic,tetrasolsolution25,Solution,Monosulfiram,25%,ACI Limited,"30 ml bottle: ৳ 68.20,60 ml bottle: ৳ 90.34",
8293,Tetrasina,allopathic,tetrasinacapsule500-mg,Capsule,Tetracycline Hydrochloride (Oral),500 mg,Ibn Sina Pharmaceuticals Ltd.,"Unit Price: ৳ 3.30,(50's pack: ৳ 165.00),",(50's pack: ৳ 165.00)
8292,Tetrasina,allopathic,tetrasinacapsule250-mg,Capsule,Tetracycline Hydrochloride (Oral),250 mg,Ibn Sina Pharmaceuticals Ltd.,"Unit Price: ৳ 1.75,(100's pack: ৳ 175.00),",(100's pack: ৳ 175.00)
8317,Tetramin,allopathic,tetramincapsule250-mg,Capsule,Tetracycline Hydrochloride (Oral),250 mg,Aexim Pharmaceuticals Ltd.,"Unit Price: ৳ 1.00,(100's pack: ৳ 100.00),",(100's pack: ৳ 100.00)
8291,Tetramet,allopathic,tetrametcapsule250-mg,Capsule,Tetracycline Hydrochloride (Oral),250 mg,Medimet Pharmaceuticals Ltd.,"Unit Price: ৳ 1.37,(100's pack: ৳ 137.00),",(100's pack: ৳ 137.00)
15263,Tetagam-P,allopathic,tetagam-pim-injection250-iuml,IM Injection,Human Tetanus Immunoglobulin,250 IU/ml,CSL Behring,"250 IU pre-filled syringe: ৳ 1,023.00",
26385,Testoren,allopathic,testorenim-injection250-mgml,IM Injection,Testosterone Decanoate,250 mg/ml,ACI Limited,1 ml ampoule: ৳ 174.00,
5945,Testanon,allopathic,testanonim-injection250-mgml,IM Injection,Testosterone Decanoate,250 mg/ml,Nuvista Pharma Ltd.,1 ml ampoule: ৳ 174.19,
32985,Tesco GL,allopathic,tesco-glsyrup100-mg11-mg14-mg5-ml,Syrup,Guaifenesin + Levomenthol + Diphenhydramine,(100 mg+1.1 mg+14 mg)/5 ml,Techno Drugs Ltd.,100 ml bottle: ৳ 80.00,
32979,Tesco DL,allopathic,tesco-dlsyrup14-mg65-mg2-mg5-ml,Syrup,Diphenhydramine + Dextromethorphan + Levomenthol,(14 mg+6.5 mg+2 mg)/5 ml,Techno Drugs Ltd.,100 ml bottle: ৳ 80.00,
3604,Tervent,allopathic,terventsyrup15-mg5-ml,Syrup,Terbutaline Sulfate,1.5 mg/5 ml,UniMed UniHealth,100 ml bottle: ৳ 25.00,
3603,Tervent,allopathic,terventtablet25-mg,Tablet,Terbutaline Sulfate,2.5 mg,UniMed UniHealth,"Unit Price: ৳ 0.50,(100's pack: ৳ 50.00),",(100's pack: ৳ 50.00)
3663,Theonate,allopathic,theonatetablet300-mg,Tablet,Theophylline,300 mg,Doctor’s Chemical Works Ltd.,"Unit Price: ৳ 1.31,(100's pack: ৳ 131.00),",(100's pack: ৳ 131.00)
26667,Theo-fast,allopathic,theo-fastsyrup120-mg5-ml,Syrup,Theophylline,120 mg/5 ml,Globe Pharmaceuticals Ltd.,100 ml bottle: ৳ 30.95,
4369,Thenxet,allopathic,thenxettablet05-mg10-mg,Tablet,Flupentixol + Melitracen,0.5 mg+10 mg,Pacific Pharmaceuticals Ltd.,"Unit Price: ৳ 5.00,(100's pack: ৳ 500.00),",(100's pack: ৳ 500.00)
3662,Thenglate,allopathic,thenglatesyrup120-mg5-ml,Syrup,Theophylline,120 mg/5 ml,ACME Laboratories Ltd.,100 ml bottle: ৳ 31.04,
29779,Thelin,allopathic,thelintablet15-mg,Tablet,Propantheline Bromide,15 mg,Incepta Pharmaceuticals Ltd.,"Unit Price: ৳ 8.00,(50's pack: ৳ 400.00),",(50's pack: ৳ 400.00)
30819,Thalin,allopathic,thalintablet25-mg,Tablet,Chlorthalidone,25 mg,Beximco Pharmaceuticals Ltd.,"Unit Price: ৳ 5.00,(60's pack: ৳ 300.00),",(60's pack: ৳ 300.00)
2816,Thalidon,allopathic,thalidontablet25-mg,Tablet,Chlorthalidone,25 mg,Popular Pharmaceuticals Ltd.,"Unit Price: ৳ 5.02,(30's pack: ৳ 150.60),",(30's pack: ৳ 150.60)
13593,Thai-1,allopathic,thai-1imiv-injection100-mgml,IM/IV Injection,Thiamine Hydrochloride,100 mg/ml,Edruc Limited,"1 ml ampoule: ৳ 3.50,(10's pack: ৳ 35.00),",(10's pack: ৳ 35.00)
27795,Tgocef DS,allopathic,tgocef-dspowder-for-suspension200-mg5-ml,Powder for Suspension,Cefixime Trihydrate,200 mg/5 ml,Somatec Pharmaceuticals Ltd.,50 ml bottle: ৳ 280.00,
7660,Tgocef,allopathic,tgocefpowder-for-suspension100-mg5-ml,Powder for Suspension,Cefixime Trihydrate,100 mg/5 ml,Somatec Pharmaceuticals Ltd.,"30 ml bottle: ৳ 130.00,50 ml bottle: ৳ 195.00",
7659,Tgocef,allopathic,tgocefcapsule400-mg,Capsule,Cefixime Trihydrate,400 mg,Somatec Pharmaceuticals Ltd.,"Unit Price: ৳ 50.00,(4's pack: ৳ 200.00),",(4's pack: ৳ 200.00)
7658,Tgocef,allopathic,tgocefcapsule200-mg,Capsule,Cefixime Trihydrate,200 mg,Somatec Pharmaceuticals Ltd.,"Unit Price: ৳ 35.00,(12's pack: ৳ 420.01),",(12's pack: ৳ 420.01)
32467,Tget D,allopathic,tget-dophthalmic-solution0301,Ophthalmic Solution,Gatifloxacin + Dexamethasone,0.3%+0.1%,Opsonin Pharma Ltd.,5 ml drop: ৳ 120.00,
26034,Tezolin,allopathic,tezolintablet200-mg,Tablet,Tedizolid Phosphate,200 mg,Beximco Pharmaceuticals Ltd.,"Unit Price: ৳ 500.00,(6's pack: ৳ 3,000.00),","(6's pack: ৳ 3,000.00)"
26037,Tezolid,allopathic,tezolidiv-infusion200-mgvial,IV Infusion,Tedizolid Phosphate,200 mg/vial,Incepta Pharmaceuticals Ltd.,200 mg vial: ৳ 800.00,
26036,Tezolid,allopathic,tezolidtablet200-mg,Tablet,Tedizolid Phosphate,200 mg,Incepta Pharmaceuticals Ltd.,"Unit Price: ৳ 300.00,(6's pack: ৳ 1,800.00),","(6's pack: ৳ 1,800.00)"
3666,Theovent-SR,allopathic,theovent-srtablet-sustained-release300-mg,Tablet (Sustained Release),Theophylline,300 mg,Drug International Ltd.,"Unit Price: ৳ 2.05,(100's pack: ৳ 205.00),",(100's pack: ৳ 205.00)
3665,Theovent-SR,allopathic,theovent-srtablet-sustained-release200-mg,Tablet (Sustained Release),Theophylline,200 mg,Drug International Ltd.,"Unit Price: ৳ 1.60,(100's pack: ৳ 160.00),",(100's pack: ৳ 160.00)
24903,Theonate SR,allopathic,theonate-srtablet-sustained-release300-mg,Tablet (Sustained Release),Theophylline,300 mg,Doctor’s Chemical Works Ltd.,"Unit Price: ৳ 2.90,(40's pack: ৳ 116.00),",(40's pack: ৳ 116.00)
3664,Theonate,allopathic,theonatesyrup120-mg5-ml,Syrup,Theophylline,120 mg/5 ml,Doctor’s Chemical Works Ltd.,"50 ml bottle: ৳ 15.20,100 ml bottle: ৳ 25.00",
7657,Texit,allopathic,texitpowder-for-suspension100-mg5-ml,Powder for Suspension,Cefixime Trihydrate,100 mg/5 ml,Apex Pharmaceuticals Ltd.,"50 ml bottle: ৳ 195.00,100 ml bottle: ৳ 250.00",
7656,Texit,allopathic,texitcapsule400-mg,Capsule,Cefixime Trihydrate,400 mg,Apex Pharmaceuticals Ltd.,"Unit Price: ৳ 50.00,(7's pack: ৳ 350.00),",(7's pack: ৳ 350.00)
7655,Texit,allopathic,texitcapsule200-mg,Capsule,Cefixime Trihydrate,200 mg,Apex Pharmaceuticals Ltd.,"Unit Price: ৳ 35.00,(14's pack: ৳ 490.00),",(14's pack: ৳ 490.00)
11630,Texicam,allopathic,texicamtablet20-mg,Tablet,Tenoxicam,20 mg,Apex Pharmaceuticals Ltd.,"Unit Price: ৳ 8.00,(30's pack: ৳ 240.00),",(30's pack: ৳ 240.00)
25082,Texamic,allopathic,texamiccapsule500-mg,Capsule,Tranexamic Acid,500 mg,Euro Pharma Ltd.,"Unit Price: ৳ 19.00,(20's pack: ৳ 380.00),",(20's pack: ৳ 380.00)
15853,Texa,allopathic,texaophthalmic-solution0103,Ophthalmic Solution,Dexamethasone + Tobramycin,0.1%+0.3%,Drug International Ltd.,5 ml drop: ৳ 125.40,
9746,Teviral,allopathic,teviraltablet1-mg,Tablet,Entecavir,1 mg,ACI Limited,"Unit Price: ৳ 100.30,(10's pack: ৳ 1,003.00),","(10's pack: ৳ 1,003.00)"
9745,Teviral,allopathic,teviraltablet05-mg,Tablet,Entecavir,0.5 mg,ACI Limited,"Unit Price: ৳ 48.32,(10's pack: ৳ 483.20),",(10's pack: ৳ 483.20)
24862,Tetrazin,allopathic,tetrazintablet25-mg,Tablet,Tetrabenazine,25 mg,Beacon Pharmaceuticals Ltd.,"Unit Price: ৳ 35.00,(20's pack: ৳ 700.00),",(20's pack: ৳ 700.00)
16710,Tetrazin,allopathic,tetrazintablet125-mg,Tablet,Tetrabenazine,12.5 mg,Beacon Pharmaceuticals Ltd.,"Unit Price: ৳ 20.00,(20's pack: ৳ 400.00),",(20's pack: ৳ 400.00)
29234,Thoraz,allopathic,thoraztablet250-mg,Tablet,Azithromycin Dihydrate,250 mg,Al-Madina Pharmaceuticals Ltd.,"Unit Price: ৳ 25.00,(12's pack: ৳ 300.00),",(12's pack: ৳ 300.00)
8698,Thiza,allopathic,thizapowder-for-suspension200-mg5-ml,Powder for Suspension,Azithromycin Dihydrate,200 mg/5 ml,Kumudini Pharma Ltd.,"15 ml bottle: ৳ 85.00,30 ml bottle: ৳ 130.00",
8697,Thiza,allopathic,thizatablet500-mg,Tablet,Azithromycin Dihydrate,500 mg,Kumudini Pharma Ltd.,"Unit Price: ৳ 30.00,(16's pack: ৳ 480.00),",(16's pack: ৳ 480.00)
17229,Thixtra,allopathic,thixtratablet05-mg10-mg,Tablet,Flupentixol + Melitracen,0.5 mg+10 mg,NIPRO JMI Pharma Ltd.,"Unit Price: ৳ 5.02,(30's pack: ৳ 150.60),",(30's pack: ৳ 150.60)
13599,Thiovit,allopathic,thiovittablet100-mg,Tablet,Thiamine Hydrochloride,100 mg,Pharmadesh Laboratories Ltd.,"Unit Price: ৳ 0.80,(100's pack: ৳ 80.00),",(100's pack: ৳ 80.00)
27559,Thioton,allopathic,thiotoniv-injection1-gmvial,IV Injection,Thiopental Sodium,1 gm/vial,Techno Drugs Ltd.,1 gm vial: ৳ 100.00,
15286,Thioton,allopathic,thiotoniv-injection500-mgvial,IV Injection,Thiopental Sodium,500 mg/vial,Techno Drugs Ltd.,500 mg vial: ৳ 60.00,
2354,Thiotab,allopathic,thiotabtablet15-mg,Tablet,Sodium Thiosulfate,15 mg,Sonear Laboratories Ltd.,"Unit Price: ৳ 0.72,(100's pack: ৳ 72.00),",(100's pack: ৳ 72.00)
2353,Thiotab,allopathic,thiotabtablet75-mg,Tablet,Sodium Thiosulfate,7.5 mg,Sonear Laboratories Ltd.,"Unit Price: ৳ 0.46,(100's pack: ৳ 46.00),",(100's pack: ৳ 46.00)
13598,Thiosina,allopathic,thiosinatablet100-mg,Tablet,Thiamine Hydrochloride,100 mg,Ibn Sina Pharmaceuticals Ltd.,"Unit Price: ৳ 0.84,(200's pack: ৳ 168.00),",(200's pack: ৳ 168.00)
27558,Thiopen,allopathic,thiopeniv-injection1-gmvial,IV Injection,Thiopental Sodium,1 gm/vial,ACI Limited,1 gm vial: ৳ 100.68,
15284,Thiopen,allopathic,thiopeniv-injection500-mgvial,IV Injection,Thiopental Sodium,500 mg/vial,ACI Limited,500 mg vial: ৳ 70.05,
30503,Thiontal,allopathic,thiontaliv-injection500-mgvial,IV Injection,Thiopental Sodium,500 mg/vial,Renata Limited,500 mg vial: ৳ 69.59,
30502,Thiontal,allopathic,thiontaliv-injection1-gmvial,IV Injection,Thiopental Sodium,1 gm/vial,Renata Limited,1 gm vial: ৳ 100.00,
33170,Thiocard,allopathic,thiocardtablet25-mg,Tablet,Chlorthalidone,25 mg,Incepta Pharmaceuticals Ltd.,"Unit Price: ৳ 5.00,(30's pack: ৳ 150.00),",(30's pack: ৳ 150.00)
33169,Thiocard,allopathic,thiocardtablet15-mg,Tablet,Chlorthalidone,15 mg,Incepta Pharmaceuticals Ltd.,"Unit Price: ৳ 4.00,(30's pack: ৳ 120.00),",(30's pack: ৳ 120.00)
28353,Thymoglobulin,allopathic,thymoglobuliniv-injection25-mg10-ml,IV Injection,Anti-Thymocyte Globulin,25 mg/10 ml,Genzyme Corporation,"25 mg vial: ৳ 21,500.00",
8701,Thromax,allopathic,thromaxpowder-for-suspension200-mg5-ml,Powder for Suspension,Azithromycin Dihydrate,200 mg/5 ml,Novo Healthcare and Pharma Ltd.,"15 ml bottle: ৳ 90.27,35 ml bottle: ৳ 140.42",
8700,Thromax,allopathic,thromaxtablet500-mg,Tablet,Azithromycin Dihydrate,500 mg,Novo Healthcare and Pharma Ltd.,"Unit Price: ৳ 35.00,(12's pack: ৳ 420.00),",(12's pack: ৳ 420.00)
8699,Thromax,allopathic,thromaxtablet250-mg,Tablet,Azithromycin Dihydrate,250 mg,Novo Healthcare and Pharma Ltd.,"Unit Price: ৳ 20.00,(6's pack: ৳ 120.00),",(6's pack: ৳ 120.00)
8513,Throcin,allopathic,throcinpowder-for-suspension125-mg5-ml,Powder for Suspension,Erythromycin (Oral),125 mg/5 ml,Globe Pharmaceuticals Ltd.,100 ml bottle: ৳ 56.00,
16715,Thormon,allopathic,thormontablet50-mcg,Tablet,Levothyroxine Sodium,50 mcg,Aristopharma Ltd.,"Unit Price: ৳ 1.50,(100's pack: ৳ 150.00),",(100's pack: ৳ 150.00)
32321,Thoraz,allopathic,thoraztablet500-mg,Tablet,Azithromycin Dihydrate,500 mg,Al-Madina Pharmaceuticals Ltd.,"Unit Price: ৳ 35.00,(12's pack: ৳ 420.00),",(12's pack: ৳ 420.00)
29236,Thoraz,allopathic,thorazpowder-for-suspension200-mg5-ml,Powder for Suspension,Azithromycin Dihydrate,200 mg/5 ml,Al-Madina Pharmaceuticals Ltd.,"20 ml bottle: ৳ 100.00,35 ml bottle: ৳ 140.00",
13597,Thiatab,allopathic,thiatabtablet100-mg,Tablet,Thiamine Hydrochloride,100 mg,Mystic Pharmaceuticals Ltd.,"Unit Price: ৳ 0.73,(100's pack: ৳ 73.00),",(100's pack: ৳ 73.00)
13596,Thiason,allopathic,thiasonimiv-injection100-mgml,IM/IV Injection,Thiamine Hydrochloride,100 mg/ml,Jayson Pharmaceuticals Ltd.,"1 ml ampoule: ৳ 3.56,(10's pack: ৳ 35.60),",(10's pack: ৳ 35.60)
13595,Thiason,allopathic,thiasonimiv-injection100-mgml,IM/IV Injection,Thiamine Hydrochloride,100 mg/ml,Jayson Pharmaceuticals Ltd.,10 ml vial: ৳ 19.22,
24930,Thianomin,allopathic,thianominimiv-injection100-mgml,IM/IV Injection,Thiamine Hydrochloride,100 mg/ml,Rephco Pharmaceuticals Ltd.,1 ml ampoule: ৳ 2.60,
3668,Theovent-SR,allopathic,theovent-srcapsule-sustained-release300-mg,Capsule (Sustained Release),Theophylline,300 mg,Drug International Ltd.,"Unit Price: ৳ 3.00,(100's pack: ৳ 300.00),",(100's pack: ৳ 300.00)
3667,Theovent-SR,allopathic,theovent-srtablet-sustained-release400-mg,Tablet (Sustained Release),Theophylline,400 mg,Drug International Ltd.,"Unit Price: ৳ 2.98,(50's pack: ৳ 149.00),",(50's pack: ৳ 149.00)
5935,Tibilon,allopathic,tibilontablet25-mg,Tablet,Tibolone,2.5 mg,Beximco Pharmaceuticals Ltd.,"Unit Price: ৳ 21.57,(28's pack: ৳ 604.00),",(28's pack: ৳ 604.00)
32560,Tibeta,allopathic,tibetatablet5-mg,Tablet,Bisoprolol Hemifumarate,5 mg,Doctor TIMS Pharmaceuticals Ltd.,"Unit Price: ৳ 10.00,(30's pack: ৳ 300.00),",(30's pack: ৳ 300.00)
32559,Tibeta,allopathic,tibetatablet25-mg,Tablet,Bisoprolol Hemifumarate,2.5 mg,Doctor TIMS Pharmaceuticals Ltd.,"Unit Price: ৳ 6.02,(30's pack: ৳ 180.49),",(30's pack: ৳ 180.49)
23980,Tiapine XR,allopathic,tiapine-xrtablet-extended-release200-mg,Tablet (Extended Release),Quetiapine Fumarate,200 mg,General Pharmaceuticals Ltd.,"Unit Price: ৳ 20.00,(30's pack: ৳ 600.00),",(30's pack: ৳ 600.00)
23979,Tiapine XR,allopathic,tiapine-xrtablet-extended-release50-mg,Tablet (Extended Release),Quetiapine Fumarate,50 mg,General Pharmaceuticals Ltd.,"Unit Price: ৳ 7.00,(50's pack: ৳ 350.00),",(50's pack: ৳ 350.00)
23978,Tiapine,allopathic,tiapinetablet25-mg,Tablet,Quetiapine Fumarate,25 mg,General Pharmaceuticals Ltd.,"Unit Price: ৳ 3.01,(50's pack: ৳ 150.74),",(50's pack: ৳ 150.74)
4409,Tiapine,allopathic,tiapinetablet100-mg,Tablet,Quetiapine Fumarate,100 mg,General Pharmaceuticals Ltd.,"Unit Price: ৳ 10.07,(30's pack: ৳ 302.15),",(30's pack: ৳ 302.15)
6093,Tiagra,allopathic,tiagratablet10-mg,Tablet,Tadalafil,10 mg,Ziska Pharmaceuticals Ltd.,"Unit Price: ৳ 35.00,(4's pack: ৳ 140.00),",(4's pack: ৳ 140.00)
6092,Tiagra,allopathic,tiagratablet5-mg,Tablet,Tadalafil,5 mg,Ziska Pharmaceuticals Ltd.,"Unit Price: ৳ 18.00,(4's pack: ৳ 72.00),",(4's pack: ৳ 72.00)
13632,Ti-ediplex,allopathic,ti-ediplexinjection100-mg50-mg100-mg2-ml,Injection,"Vitamin B1, B2 & B6",(100 mg+50 mg+100 mg)/2 ml,Edruc Limited,"3 ml ampoule: ৳ 7.20,(6's pack: ৳ 43.20),",(6's pack: ৳ 43.20)
33140,Thyrozim,allopathic,thyrozimtablet100-mcg,Tablet,Levothyroxine Sodium,100 mcg,Ziska Pharmaceuticals Ltd.,Unit Price: ৳ 2.50,
33139,Thyrozim,allopathic,thyrozimtablet50-mcg,Tablet,Levothyroxine Sodium,50 mcg,Ziska Pharmaceuticals Ltd.,Unit Price: ৳ 2.00,
33138,Thyrozim,allopathic,thyrozimtablet25-mcg,Tablet,Levothyroxine Sodium,25 mcg,Ziska Pharmaceuticals Ltd.,Unit Price: ৳ 1.11,
29304,Thyrox,allopathic,thyroxtablet25-mcg,Tablet,Levothyroxine Sodium,25 mcg,Renata Limited,"Unit Price: ৳ 1.11,(100's pack: ৳ 111.00),",(100's pack: ৳ 111.00)
29846,Thyrox,allopathic,thyroxtablet100-mcg,Tablet,Levothyroxine Sodium,100 mcg,Renata Limited,"Unit Price: ৳ 3.10,(60's pack: ৳ 186.00),",(60's pack: ৳ 186.00)
5735,Thyrox,allopathic,thyroxtablet50-mcg,Tablet,Levothyroxine Sodium,50 mcg,Renata Limited,"Unit Price: ৳ 2.00,(90's pack: ৳ 180.00),",(90's pack: ৳ 180.00)
5936,Tibone,allopathic,tibonetablet25-mg,Tablet,Tibolone,2.5 mg,Techno Drugs Ltd.,"Unit Price: ৳ 20.00,(30's pack: ৳ 600.00),",(30's pack: ৳ 600.00)
28281,Tibofem,allopathic,tibofemtablet25-mg,Tablet,Tibolone,2.5 mg,ACME Laboratories Ltd.,"Unit Price: ৳ 20.00,(30's pack: ৳ 600.00),",(30's pack: ৳ 600.00)
29070,Tibilon,allopathic,tibilontablet25-mg,Tablet,Tibolone,2.5 mg,Nuvista Pharma Ltd.,"Unit Price: ৳ 21.56,(28's pack: ৳ 603.67),",(28's pack: ৳ 603.67)
5930,Tibo,allopathic,tibotablet25-mg,Tablet,Tibolone,2.5 mg,Popular Pharmaceuticals Ltd.,"Unit Price: ৳ 20.08,(30's pack: ৳ 602.40),",(30's pack: ৳ 602.40)
16717,Thyrotab,allopathic,thyrotabtablet50-mcg,Tablet,Levothyroxine Sodium,50 mcg,Ibn Sina Pharmaceuticals Ltd.,"Unit Price: ৳ 2.00,(100's pack: ৳ 200.00),",(100's pack: ৳ 200.00)
33136,Thyronor,allopathic,thyronortablet100-mcg,Tablet,Levothyroxine Sodium,100 mcg,Nuvista Pharma Ltd.,"Unit Price: ৳ 3.05,(105's pack: ৳ 320.00),",(105's pack: ৳ 320.00)
33135,Thyronor,allopathic,thyronortablet75-mcg,Tablet,Levothyroxine Sodium,75 mcg,Nuvista Pharma Ltd.,"Unit Price: ৳ 3.05,(105's pack: ৳ 320.00),",(105's pack: ৳ 320.00)
32990,Thyronor,allopathic,thyronortablet125-mcg,Tablet,Levothyroxine Sodium,12.5 mcg,Nuvista Pharma Ltd.,"Unit Price: ৳ 0.69,(105's pack: ৳ 72.44),",(105's pack: ৳ 72.44)
21671,Thyronor,allopathic,thyronortablet25-mcg,Tablet,Levothyroxine Sodium,25 mcg,Nuvista Pharma Ltd.,"Unit Price: ৳ 1.11,(105's pack: ৳ 116.55),",(105's pack: ৳ 116.55)
5734,Thyronor,allopathic,thyronortablet50-mcg,Tablet,Levothyroxine Sodium,50 mcg,Nuvista Pharma Ltd.,"Unit Price: ৳ 2.28,(105's pack: ৳ 239.40),",(105's pack: ৳ 239.40)
5733,Thyrolar,allopathic,thyrolartablet50-mcg,Tablet,Levothyroxine Sodium,50 mcg,ACME Laboratories Ltd.,"Unit Price: ৳ 1.20,(90's pack: ৳ 108.00),",(90's pack: ৳ 108.00)
5731,Thyrin,allopathic,thyrintablet25-mcg,Tablet,Levothyroxine Sodium,25 mcg,Square Pharmaceuticals Ltd.,"Unit Price: ৳ 1.11,(60's pack: ৳ 66.60),,Unit Price: ৳ 1.11,(90's pack: ৳ 99.90),","(60's pack: ৳ 66.60),(90's pack: ৳ 99.90)"
5732,Thyrin,allopathic,thyrintablet50-mcg,Tablet,Levothyroxine Sodium,50 mcg,Square Pharmaceuticals Ltd.,"Unit Price: ৳ 1.60,(90's pack: ৳ 144.00),",(90's pack: ৳ 144.00)
5730,Thynor,allopathic,thynortablet50-mcg,Tablet,Levothyroxine Sodium,50 mcg,Eskayef Pharmaceuticals Ltd.,"Unit Price: ৳ 2.00,(90's pack: ৳ 180.00),",(90's pack: ৳ 180.00)
32258,Ticarel,allopathic,ticareltablet60-mg,Tablet,Ticagrelor,60 mg,Incepta Pharmaceuticals Ltd.,"Unit Price: ৳ 50.00,(20's pack: ৳ 1,000.00),","(20's pack: ৳ 1,000.00)"
16720,Ticarel,allopathic,ticareltablet90-mg,Tablet,Ticagrelor,90 mg,Incepta Pharmaceuticals Ltd.,"Unit Price: ৳ 75.00,(20's pack: ৳ 1,500.00),","(20's pack: ৳ 1,500.00)"
32562,Ticard Plus,allopathic,ticard-plustablet5-mg50-mg,Tablet,Amlodipine Besilate + Atenolol,5 mg+50 mg,Doctor TIMS Pharmaceuticals Ltd.,"Unit Price: ৳ 6.00,(30's pack: ৳ 180.00),",(30's pack: ৳ 180.00)
32561,Ticard,allopathic,ticardtablet5-mg,Tablet,Amlodipine Besilate,5 mg,Doctor TIMS Pharmaceuticals Ltd.,"Unit Price: ৳ 5.00,(30's pack: ৳ 150.00),",(30's pack: ৳ 150.00)
20512,Ticamet,allopathic,ticametinhalation-capsule50-mcg100-mcg,Inhalation Capsule,Salmeterol + Fluticasone Propionate,50 mcg+100 mcg,Square Pharmaceuticals Ltd.,"Unit Price: ৳ 6.52,(30's pack: ৳ 195.60),",(30's pack: ৳ 195.60)
3963,Ticamet,allopathic,ticametinhalation-capsule50-mcg250-mcg,Inhalation Capsule,Salmeterol + Fluticasone Propionate,50 mcg+250 mcg,Square Pharmaceuticals Ltd.,"Unit Price: ৳ 12.03,(48's pack: ৳ 577.44),",(48's pack: ৳ 577.44)
3962,Ticamet,allopathic,ticametinhalation-capsule50-mcg500-mcg,Inhalation Capsule,Salmeterol + Fluticasone Propionate,50 mcg+500 mcg,Square Pharmaceuticals Ltd.,"Unit Price: ৳ 17.00,(30's pack: ৳ 510.00),",(30's pack: ৳ 510.00)
3961,Ticamet,allopathic,ticametinhaler25-mcg250-mcgpuff,Inhaler,Salmeterol + Fluticasone Propionate,(25 mcg+250 mcg)/puff,Square Pharmaceuticals Ltd.,"120 metered doses: ৳ 797.39,120 metered doses (refill): ৳ 695.00",
3960,Ticamet,allopathic,ticametinhaler25-mcg125-mcgpuff,Inhaler,Salmeterol + Fluticasone Propionate,(25 mcg+125 mcg)/puff,Square Pharmaceuticals Ltd.,120 metered doses: ৳ 596.79,
24944,Ticalog,allopathic,ticalogtablet90-mg,Tablet,Ticagrelor,90 mg,Square Pharmaceuticals Ltd.,"Unit Price: ৳ 65.00,(10's pack: ৳ 650.00),",(10's pack: ৳ 650.00)
32256,Ticaflow,allopathic,ticaflowtablet60-mg,Tablet,Ticagrelor,60 mg,ACME Laboratories Ltd.,"Unit Price: ৳ 35.00,(10's pack: ৳ 350.00),",(10's pack: ৳ 350.00)
32255,Ticaflow,allopathic,ticaflowtablet90-mg,Tablet,Ticagrelor,90 mg,ACME Laboratories Ltd.,"Unit Price: ৳ 75.00,(10's pack: ৳ 750.00),",(10's pack: ৳ 750.00)
24939,Ticacard,allopathic,ticacardtablet90-mg,Tablet,Ticagrelor,90 mg,Aristopharma Ltd.,"Unit Price: ৳ 75.00,(10's pack: ৳ 750.00),",(10's pack: ৳ 750.00)
26668,Tibucef,allopathic,tibucefpowder-for-suspension90-mg5-ml,Powder for Suspension,Ceftibuten Dihydrate,90 mg/5 ml,Globe Pharmaceuticals Ltd.,60 ml bottle: ৳ 465.00,
18961,Tibucef,allopathic,tibucefcapsule400-mg,Capsule,Ceftibuten Dihydrate,400 mg,Globe Pharmaceuticals Ltd.,"Unit Price: ৳ 120.00,(6's pack: ৳ 720.00),",(6's pack: ৳ 720.00)
30033,Tibs,allopathic,tibstablet6-mg,Tablet,Tegaserod,6 mg,Eskayef Pharmaceuticals Ltd.,"Unit Price: ৳ 6.00,(50's pack: ৳ 300.00),",(50's pack: ৳ 300.00)
3743,Tifen,allopathic,tifentablet1-mg,Tablet,Ketotifen Fumarate (Oral),1 mg,Somatec Pharmaceuticals Ltd.,"Unit Price: ৳ 2.00,(100's pack: ৳ 200.00),",(100's pack: ৳ 200.00)
1452,Tienum,allopathic,tienumimiv-injection5-mg2-ml,IM/IV Injection,Tiemonium Methylsulphate,5 mg/2 ml,Chemist Laboratories  Ltd.,"2 ml ampoule: ৳ 15.00,(5's pack: ৳ 75.00),",(5's pack: ৳ 75.00)
1451,Tienum,allopathic,tienumtablet50-mg,Tablet,Tiemonium Methylsulphate,50 mg,Chemist Laboratories  Ltd.,"Unit Price: ৳ 4.00,(50's pack: ৳ 200.00),",(50's pack: ৳ 200.00)
1450,Tiemo,allopathic,tiemotablet50-mg,Tablet,Tiemonium Methylsulphate,50 mg,Alco Pharma Ltd.,"Unit Price: ৳ 5.00,(30's pack: ৳ 150.00),",(30's pack: ৳ 150.00)
24968,Tie,allopathic,tietablet50-mg,Tablet,Tiemonium Methylsulphate,50 mg,One Pharma Ltd.,"Unit Price: ৳ 7.00,(50's pack: ৳ 350.00),",(50's pack: ৳ 350.00)
28641,Ticoplan,allopathic,ticoplanimiv-injection400-mgvial,IM/IV Injection,Teicoplanin,400 mg/vial,Healthcare Pharmaceuticals Ltd.,"400 mg vial: ৳ 1,300.00",
28640,Ticoplan,allopathic,ticoplanimiv-injection200-mgvial,IM/IV Injection,Teicoplanin,200 mg/vial,Healthcare Pharmaceuticals Ltd.,200 mg vial: ৳ 700.00,
24988,Ticoma DS,allopathic,ticoma-dsophthalmic-solution05,Ophthalmic Solution,Timolol Maleate,0.50%,Opsonin Pharma Ltd.,5 ml drop: ৳ 70.26,
32962,Ticoma B OSD,allopathic,ticoma-b-osdophthalmic-solution0205,Ophthalmic Solution,Brimonidine Tartrate + Timolol Maleate,0.2%+0.5%,Opsonin Pharma Ltd.,5 ml drop: ৳ 420.00,
18309,Ticoma B,allopathic,ticoma-bophthalmic-solution0205,Ophthalmic Solution,Brimonidine Tartrate + Timolol Maleate,0.2%+0.5%,Opsonin Pharma Ltd.,5 ml drop: ৳ 110.42,
15971,Ticofen,allopathic,ticofentablet1-mg5-ml,Tablet,Ketotifen Fumarate (Oral),1 mg/5 ml,Chemist Laboratories  Ltd.,100 ml bottle: ৳ 50.00,
17137,Ticlopid,allopathic,ticlopidtablet250-mg,Tablet,Ticlopidine Hydrochloride,250 mg,Drug International Ltd.,"Unit Price: ৳ 7.00,(30's pack: ৳ 210.00),",(30's pack: ৳ 210.00)
12642,Ticas,allopathic,ticascream005,Cream,Fluticasone Propionate (Topical),0.05%,Square Pharmaceuticals Ltd.,10 gm tube: ৳ 90.61,
5937,Tibonor,allopathic,tibonortablet25-mg,Tablet,Tibolone,2.5 mg,Eskayef Pharmaceuticals Ltd.,"Unit Price: ৳ 20.00,(30's pack: ৳ 600.00),",(30's pack: ৳ 600.00)
4448,Timex,allopathic,timextablet25-mg,Tablet,Clomipramine Hydrochloride,25 mg,Orion Pharma Ltd.,"Unit Price: ৳ 9.00,(30's pack: ৳ 270.00),",(30's pack: ৳ 270.00)
1454,Timeth,allopathic,timethtablet50-mg,Tablet,Tiemonium Methylsulphate,50 mg,Edruc Limited,"Unit Price: ৳ 4.00,(50's pack: ৳ 200.00),",(50's pack: ৳ 200.00)
1453,Timem,allopathic,timemtablet50-mg,Tablet,Tiemonium Methylsulphate,50 mg,Silva Pharmaceuticals Ltd.,"Unit Price: ৳ 5.75,(50's pack: ৳ 287.50),",(50's pack: ৳ 287.50)
15011,Tilex Max,allopathic,tilex-maxtablet750-mg50-mg,Tablet,Glucosamine Sulfate + Diacerein,750 mg+50 mg,Square Pharmaceuticals Ltd.,"Unit Price: ৳ 12.00,(60's pack: ৳ 720.00),",(60's pack: ৳ 720.00)
7350,TIL,allopathic,tilpowder-for-suspension125-mg5-ml,Powder for Suspension,Cefuroxime Axetil,125 mg/5 ml,Apex Pharmaceuticals Ltd.,70 ml bottle: ৳ 198.00,
7349,TIL,allopathic,tiltablet500-mg,Tablet,Cefuroxime Axetil,500 mg,Apex Pharmaceuticals Ltd.,"Unit Price: ৳ 52.50,(12's pack: ৳ 630.00),",(12's pack: ৳ 630.00)
7348,TIL,allopathic,tiltablet250-mg,Tablet,Cefuroxime Axetil,250 mg,Apex Pharmaceuticals Ltd.,"Unit Price: ৳ 25.00,(14's pack: ৳ 350.00),",(14's pack: ৳ 350.00)
20415,Tigover,allopathic,tigovertablet10-mg,Tablet,Flunarizine,10 mg,Renata Limited,"Unit Price: ৳ 5.00,(50's pack: ৳ 250.00),",(50's pack: ৳ 250.00)
20414,Tigover,allopathic,tigovertablet5-mg,Tablet,Flunarizine,5 mg,Renata Limited,"Unit Price: ৳ 3.50,(50's pack: ৳ 175.00),",(50's pack: ৳ 175.00)
28610,Tigocin,allopathic,tigocinointment2-ww,Ointment,Mupirocin,2% w/w,Pacific Pharmaceuticals Ltd.,10 gm tube: ৳ 140.00,
3351,Tigirate,allopathic,tigiratecapsule200-mg,Capsule,Fenofibrate,200 mg,Opsonin Pharma Ltd.,"Unit Price: ৳ 7.06,(30's pack: ৳ 211.80),",(30's pack: ৳ 211.80)
1241,Tiginor,allopathic,tiginortablet40-mg,Tablet,Atorvastatin Calcium,40 mg,Incepta Pharmaceuticals Ltd.,"Unit Price: ৳ 24.00,(20's pack: ৳ 480.00),",(20's pack: ৳ 480.00)
1240,Tiginor,allopathic,tiginortablet20-mg,Tablet,Atorvastatin Calcium,20 mg,Incepta Pharmaceuticals Ltd.,"Unit Price: ৳ 18.00,(24's pack: ৳ 432.00),",(24's pack: ৳ 432.00)
1239,Tiginor,allopathic,tiginortablet10-mg,Tablet,Atorvastatin Calcium,10 mg,Incepta Pharmaceuticals Ltd.,"Unit Price: ৳ 10.00,(30's pack: ৳ 300.00),",(30's pack: ৳ 300.00)
1238,Tigilow,allopathic,tigilowtablet20-mg,Tablet,Atorvastatin Calcium,20 mg,Labaid Pharma Ltd.,"Unit Price: ৳ 20.06,(30's pack: ৳ 601.90),",(30's pack: ৳ 601.90)
1237,Tigilow,allopathic,tigilowtablet10-mg,Tablet,Atorvastatin Calcium,10 mg,Labaid Pharma Ltd.,"Unit Price: ৳ 12.03,(30's pack: ৳ 361.00),",(30's pack: ৳ 361.00)
16091,Timocare,allopathic,timocareophthalmic-solution05,Ophthalmic Solution,Timolol Maleate,0.50%,Healthcare Pharmaceuticals Ltd.,5 ml drop: ৳ 80.00,
27480,Timoben,allopathic,timobensyrup10-mg5-ml,Syrup,Tiemonium Methylsulphate,10 mg/5 ml,Benham Pharmaceuticals Ltd.,100 ml bottle: ৳ 90.00,
24953,Timoben,allopathic,timobentablet50-mg,Tablet,Tiemonium Methylsulphate,50 mg,Benham Pharmaceuticals Ltd.,"Unit Price: ৳ 6.00,(50's pack: ৳ 300.00),",(50's pack: ৳ 300.00)
16113,Timo-Plus,allopathic,timo-plusophthalmic-solution0205,Ophthalmic Solution,Brimonidine Tartrate + Timolol Maleate,0.2%+0.5%,Reman Drug Laboratories Ltd.,5 ml drop: ৳ 110.00,
10629,Timidal Plus,allopathic,timidal-plustablet500-mg65-mg,Tablet,Paracetamol + Caffeine,500 mg+65 mg,Gaco Pharmaceuticals Ltd.,"Unit Price: ৳ 2.01,(100's pack: ৳ 201.00),",(100's pack: ৳ 201.00)
10534,Timidal,allopathic,timidaloral-suspension120-mg5-ml,Oral Suspension,Paracetamol,120 mg/5 ml,Gaco Pharmaceuticals Ltd.,60 ml bottle: ৳ 20.06,
10533,Timidal,allopathic,timidaltablet500-mg,Tablet,Paracetamol,500 mg,Gaco Pharmaceuticals Ltd.,"Unit Price: ৳ 0.80,(250's pack: ৳ 200.00),",(250's pack: ৳ 200.00)
3350,Tigicon,allopathic,tigiconcapsule200-mg,Capsule,Fenofibrate,200 mg,Aristopharma Ltd.,"Unit Price: ৳ 7.00,(30's pack: ৳ 210.00),",(30's pack: ৳ 210.00)
24940,Tigel,allopathic,tigeltablet90-mg,Tablet,Ticagrelor,90 mg,Beximco Pharmaceuticals Ltd.,"Unit Price: ৳ 75.00,(10's pack: ৳ 750.00),",(10's pack: ৳ 750.00)
32259,Tiga,allopathic,tigatablet60-mg,Tablet,Ticagrelor,60 mg,Drug International Ltd.,"Unit Price: ৳ 55.00,(14's pack: ৳ 770.00),",(14's pack: ৳ 770.00)
24941,Tiga,allopathic,tigatablet90-mg,Tablet,Ticagrelor,90 mg,Drug International Ltd.,"Unit Price: ৳ 75.00,(14's pack: ৳ 1,050.00),","(14's pack: ৳ 1,050.00)"
31584,Tifsi,allopathic,tifsisyrup1-mg5-ml,Syrup,Ketotifen Fumarate (Oral),1 mg/5 ml,Silco Pharmaceutical Ltd.,100 ml bottle: ৳ 50.00,
31583,Tifsi,allopathic,tifsitablet1-mg,Tablet,Ketotifen Fumarate (Oral),1 mg,Silco Pharmaceutical Ltd.,"Unit Price: ৳ 2.00,(100's pack: ৳ 200.00),",(100's pack: ৳ 200.00)
3744,Tifen,allopathic,tifensyrup1-mg5-ml,Syrup,Ketotifen Fumarate (Oral),1 mg/5 ml,Somatec Pharmaceuticals Ltd.,100 ml bottle: ৳ 45.00,
27779,Tinadin,allopathic,tinadintablet150-mg,Tablet,Ranitidine Hydrochloride,150 mg,Delta Pharma Ltd.,"Unit Price: ৳ 1.50,(90's pack: ৳ 135.00),,Unit Price: ৳ 1.50,(200's pack: ৳ 300.00),","(90's pack: ৳ 135.00),(200's pack: ৳ 300.00)"
29514,Tinactin,allopathic,tinactincream1,Cream,Ciclopirox Olamine (Cream),1%,Healthcare Pharmaceuticals Ltd.,15 gm tube: ৳ 110.00,
12721,Tinacort,allopathic,tinacortcream101,Cream,Econazole Nitrate + Triamcinolone Acetonide,1%+0.1%,Kemiko Pharmaceuticals Ltd.,10 gm tube: ৳ 45.00,
30132,Tinabil,allopathic,tinabiltablet20-mg,Tablet,Bilastine,20 mg,Incepta Pharmaceuticals Ltd.,"Unit Price: ৳ 15.00,(30's pack: ৳ 450.00),",(30's pack: ৳ 450.00)
24959,Timozin,allopathic,timozinimiv-injection5-mg2-ml,IM/IV Injection,Tiemonium Methylsulphate,5 mg/2 ml,Incepta Pharmaceuticals Ltd.,"2 ml ampoule: ৳ 15.00,(5's pack: ৳ 75.00),",(5's pack: ৳ 75.00)
1464,Timozin,allopathic,timozintablet50-mg,Tablet,Tiemonium Methylsulphate,50 mg,Incepta Pharmaceuticals Ltd.,"Unit Price: ৳ 6.00,(50's pack: ৳ 300.00),",(50's pack: ৳ 300.00)
1463,Timovis,allopathic,timovistablet50-mg,Tablet,Tiemonium Methylsulphate,50 mg,Kumudini Pharma Ltd.,"Unit Price: ৳ 4.00,(50's pack: ৳ 200.00),",(50's pack: ৳ 200.00)
16726,Timotor,allopathic,timotortablet100-mg,Tablet,Trimebutine Maleate,100 mg,Square Pharmaceuticals Ltd.,"Unit Price: ৳ 6.00,(50's pack: ৳ 300.00),",(50's pack: ৳ 300.00)
1462,Timothy,allopathic,timothyimiv-injection5-mg2-ml,IM/IV Injection,Tiemonium Methylsulphate,5 mg/2 ml,Eskayef Pharmaceuticals Ltd.,"2 ml ampoule: ৳ 15.00,(5's pack: ৳ 75.00),",(5's pack: ৳ 75.00)
1461,Timothy,allopathic,timothytablet50-mg,Tablet,Tiemonium Methylsulphate,50 mg,Eskayef Pharmaceuticals Ltd.,"Unit Price: ৳ 4.00,(50's pack: ৳ 200.00),",(50's pack: ৳ 200.00)
16099,Timosol,allopathic,timosolophthalmic-solution05,Ophthalmic Solution,Timolol Maleate,0.50%,Rephco Pharmaceuticals Ltd.,5 ml drop: ৳ 70.00,
16098,Timopress,allopathic,timopressophthalmic-solution05,Ophthalmic Solution,Timolol Maleate,0.50%,Incepta Pharmaceuticals Ltd.,5 ml drop: ৳ 70.00,
1460,Timopa,allopathic,timopatablet50-mg,Tablet,Tiemonium Methylsulphate,50 mg,Cosmic Pharma Ltd.,"Unit Price: ৳ 6.00,(50's pack: ৳ 300.00),",(50's pack: ৳ 300.00)
32563,Timonium,allopathic,timoniumtablet50-mg,Tablet,Tiemonium Methylsulphate,50 mg,Doctor TIMS Pharmaceuticals Ltd.,"Unit Price: ৳ 6.00,(50's pack: ৳ 300.00),",(50's pack: ৳ 300.00)
1458,Timonil,allopathic,timoniltablet50-mg,Tablet,Tiemonium Methylsulphate,50 mg,Popular Pharmaceuticals Ltd.,"Unit Price: ৳ 6.00,(50's pack: ৳ 300.00),",(50's pack: ৳ 300.00)
28604,Timonate,allopathic,timonateimiv-injection5-mg2-ml,IM/IV Injection,Tiemonium Methylsulphate,5 mg/2 ml,Pacific Pharmaceuticals Ltd.,"2 ml ampoule: ৳ 25.00,(5's pack: ৳ 125.00),",(5's pack: ৳ 125.00)
32923,Tinfix,allopathic,tinfixcapsule400-mg,Capsule,Cefixime Trihydrate,400 mg,Arges Life Science Limited,"Unit Price: ৳ 50.00,(8's pack: ৳ 400.00),",(8's pack: ৳ 400.00)
32922,Tinfix,allopathic,tinfixcapsule200-mg,Capsule,Cefixime Trihydrate,200 mg,Arges Life Science Limited,"Unit Price: ৳ 35.00,(12's pack: ৳ 420.00),",(12's pack: ৳ 420.00)
12398,Tinatrim,allopathic,tinatrimcream1,Cream,Clotrimazole (Topical),1%,GlaxoSmithKline,10 gm tube: ৳ 35.00,
12470,Tinafate,allopathic,tinafatecream1,Cream,Tolnaftate,1%,Pharmadesh Laboratories Ltd.,10 gm pack: ৳ 35.00,
28603,Timonate,allopathic,timonatetablet50-mg,Tablet,Tiemonium Methylsulphate,50 mg,Pacific Pharmaceuticals Ltd.,"Unit Price: ৳ 6.00,(50's pack: ৳ 300.00),",(50's pack: ৳ 300.00)
1456,Timonac,allopathic,timonactablet50-mg,Tablet,Tiemonium Methylsulphate,50 mg,Jenphar Bangladesh Ltd.,"Unit Price: ৳ 6.00,(50's pack: ৳ 300.00),",(50's pack: ৳ 300.00)
16097,Timomin,allopathic,timominophthalmic-solution05,Ophthalmic Solution,Timolol Maleate,0.50%,Nipa Pharmaceuticals Ltd.,5 ml drop: ৳ 70.00,
24965,Timomed,allopathic,timomedtablet50-mg,Tablet,Tiemonium Methylsulphate,50 mg,MedRx Life Science Ltd.,Unit Price: ৳ 5.00,
16096,Timolol,allopathic,timololophthalmic-solution05,Ophthalmic Solution,Timolol Maleate,0.50%,Opso Saline Ltd.,5 ml drop: ৳ 70.01,
16095,Timolol,allopathic,timololophthalmic-solution025,Ophthalmic Solution,Timolol Maleate,0.25%,Opso Saline Ltd.,5 ml drop: ৳ 42.95,
1455,Timolax,allopathic,timolaxtablet50-mg,Tablet,Tiemonium Methylsulphate,50 mg,Marker Pharma Ltd.,"Unit Price: ৳ 4.00,(50's pack: ৳ 200.00),",(50's pack: ৳ 200.00)
24948,Timofet,allopathic,timofettablet50-mg,Tablet,Tiemonium Methylsulphate,50 mg,Amulet Pharmaceuticals Ltd.,"Unit Price: ৳ 6.02,(50's pack: ৳ 301.00),",(50's pack: ৳ 301.00)
16093,Timodrop,allopathic,timodropophthalmic-solution05,Ophthalmic Solution,Timolol Maleate,0.50%,Reman Drug Laboratories Ltd.,5 ml drop: ৳ 75.00,
27745,Timodin,allopathic,timodinophthalmic-solution0205,Ophthalmic Solution,Brimonidine Tartrate + Timolol Maleate,0.2%+0.5%,Opso Saline Ltd.,5 ml drop: ৳ 110.42,
221,Tivizid,allopathic,tivizidtablet300-mg150-mg300-mg,Tablet,Abacavir + Lamivudine + Zidovudine,300 mg+150 mg+300 mg,Square Pharmaceuticals Ltd.,"Unit Price: ৳ 140.53,(10's pack: ৳ 1,405.28),","(10's pack: ৳ 1,405.28)"
32411,Tivit,allopathic,tivittablet100-mg,Tablet,Thiamine Hydrochloride,100 mg,ACI Limited,"Unit Price: ৳ 0.74,(250's pack: ৳ 185.00),",(250's pack: ৳ 185.00)
24952,Tivis,allopathic,tivisimiv-injection5-mg2-ml,IM/IV Injection,Tiemonium Methylsulphate,5 mg/2 ml,Beacon Pharmaceuticals Ltd.,"2 ml ampoule: ৳ 16.05,(5's pack: ৳ 80.25),",(5's pack: ৳ 80.25)
1472,Tivis,allopathic,tivistablet50-mg,Tablet,Tiemonium Methylsulphate,50 mg,Beacon Pharmaceuticals Ltd.,"Unit Price: ৳ 5.04,(50's pack: ৳ 252.00),",(50's pack: ৳ 252.00)
5938,Tivion,allopathic,tiviontablet25-mg,Tablet,Tibolone,2.5 mg,ACI Limited,"Unit Price: ৳ 20.06,(30's pack: ৳ 601.80),",(30's pack: ৳ 601.80)
9526,Tivanik,allopathic,tivaniktablet500-mg,Tablet,Levofloxacin Hemihydrate,500 mg,Silva Pharmaceuticals Ltd.,"Unit Price: ৳ 15.06,(20's pack: ৳ 301.20),",(20's pack: ৳ 301.20)
9525,Tivanik,allopathic,tivaniktablet250-mg,Tablet,Levofloxacin Hemihydrate,250 mg,Silva Pharmaceuticals Ltd.,"Unit Price: ৳ 8.03,(30's pack: ৳ 240.90),",(30's pack: ৳ 240.90)
1471,Tium,allopathic,tiumtablet50-mg,Tablet,Tiemonium Methylsulphate,50 mg,Ad-din Pharmaceuticals Ltd.,"Unit Price: ৳ 4.00,(30's pack: ৳ 120.00),",(30's pack: ৳ 120.00)
1470,Titos,allopathic,titostablet50-mg,Tablet,Tiemonium Methylsulphate,50 mg,Novo Healthcare and Pharma Ltd.,"Unit Price: ৳ 5.02,(30's pack: ৳ 150.48),",(30's pack: ৳ 150.48)
29229,Titan,allopathic,titaninhalation-capsule18-mcg,Inhalation Capsule,Tiotropium (Dry Powder Inhaler),18 mcg,Healthcare Pharmaceuticals Ltd.,"Unit Price: ৳ 8.00,(30's pack: ৳ 240.00),",(30's pack: ৳ 240.00)
8309,Titacin,allopathic,titacincapsule500-mg,Capsule,Tetracycline Hydrochloride (Oral),500 mg,Supreme Pharmaceutical Ltd.,"Unit Price: ৳ 2.00,(100's pack: ৳ 200.00),",(100's pack: ৳ 200.00)
8308,Titacin,allopathic,titacincapsule250-mg,Capsule,Tetracycline Hydrochloride (Oral),250 mg,Supreme Pharmaceutical Ltd.,"Unit Price: ৳ 1.30,(100's pack: ৳ 130.00),",(100's pack: ৳ 130.00)
1469,Tispa,allopathic,tispatablet50-mg,Tablet,Tiemonium Methylsulphate,50 mg,Concord Pharmaceuticals Ltd.,"Unit Price: ৳ 5.02,(50's pack: ৳ 251.00),",(50's pack: ৳ 251.00)
24997,Tiozol,allopathic,tiozolointment65,Ointment,Tioconazole,6.50%,Incepta Pharmaceuticals Ltd.,10 gm tube: ৳ 70.00,
16207,Tioxil,allopathic,tioxileye-capsule,Eye Capsule,"Vitamin C, Vitamin E, Lutein, Copper & Zinc",,ACI Limited,"Unit Price: ৳ 10.00,(32's pack: ৳ 320.00),",(32's pack: ৳ 320.00)
26386,Tiotrop,allopathic,tiotropinhalation-capsule18-mcg,Inhalation Capsule,Tiotropium (Dry Powder Inhaler),18 mcg,ACI Limited,"Unit Price: ৳ 8.00,(30's pack: ৳ 240.00),",(30's pack: ৳ 240.00)
28441,Tioriva (with device),allopathic,tioriva-with-deviceinhalation-capsule18-mcg,Inhalation Capsule,Tiotropium (Dry Powder Inhaler),18 mcg,Beximco Pharmaceuticals Ltd.,"Unit Price: ৳ 12.00,(30's pack: ৳ 360.00),",(30's pack: ৳ 360.00)
25000,Tioriva,allopathic,tiorivainhalation-capsule18-mcg,Inhalation Capsule,Tiotropium (Dry Powder Inhaler),18 mcg,Beximco Pharmaceuticals Ltd.,"Unit Price: ৳ 8.00,(30's pack: ৳ 240.00),",(30's pack: ৳ 240.00)
14589,Tiny-Z,allopathic,tiny-zsyrup10-mg5-ml,Syrup,Zinc Sulfate Monohydrate,10 mg/5 ml,Pharmasia Limited,100 ml bottle: ৳ 30.00,
30202,Tinobac,allopathic,tinobacim-injection2-gmvial,IM Injection,Spectinomycin,2 gm/vial,Incepta Pharmaceuticals Ltd.,2 gm vial: ৳ 250.00,
1468,Tino,allopathic,tinotablet50-mg,Tablet,Tiemonium Methylsulphate,50 mg,Delta Pharma Ltd.,"Unit Price: ৳ 4.00,(50's pack: ৳ 200.00),",(50's pack: ৳ 200.00)
10253,Tinizol DS,allopathic,tinizol-dstablet1-gm,Tablet,Tinidazole,1 gm,Beacon Pharmaceuticals Ltd.,"Unit Price: ৳ 5.72,(50's pack: ৳ 286.00),",(50's pack: ৳ 286.00)
24979,Tinium,allopathic,tiniumimiv-injection5-mg2-ml,IM/IV Injection,Tiemonium Methylsulphate,5 mg/2 ml,ACME Laboratories Ltd.,"2 ml ampoule: ৳ 20.07,(5's pack: ৳ 100.35),",(5's pack: ৳ 100.35)
24946,Tinium,allopathic,tiniumtablet50-mg,Tablet,Tiemonium Methylsulphate,50 mg,ACME Laboratories Ltd.,"Unit Price: ৳ 6.00,(50's pack: ৳ 300.00),",(50's pack: ৳ 300.00)
27076,Tiniril,allopathic,tiniriltablet16-mg,Tablet,Betahistine Dihydrochloride,16 mg,Opsonin Pharma Ltd.,"Unit Price: ৳ 5.00,(50's pack: ৳ 250.00),",(50's pack: ৳ 250.00)
4690,Tiniril,allopathic,tiniriltablet8-mg,Tablet,Betahistine Dihydrochloride,8 mg,Opsonin Pharma Ltd.,"Unit Price: ৳ 2.01,(112's pack: ৳ 225.12),",(112's pack: ৳ 225.12)
1467,Tinimet,allopathic,tinimetimiv-injection5-mg2-ml,IM/IV Injection,Tiemonium Methylsulphate,5 mg/2 ml,Rephco Pharmaceuticals Ltd.,"2 ml ampoule: ৳ 20.00,(10's pack: ৳ 200.00),",(10's pack: ৳ 200.00)
1466,Tinimet,allopathic,tinimettablet50-mg,Tablet,Tiemonium Methylsulphate,50 mg,Rephco Pharmaceuticals Ltd.,"Unit Price: ৳ 5.00,(50's pack: ৳ 250.00),",(50's pack: ৳ 250.00)
1465,Tinilux,allopathic,tiniluxtablet50-mg,Tablet,Tiemonium Methylsulphate,50 mg,Sharif Pharmaceuticals Ltd.,"Unit Price: ৳ 6.00,(50's pack: ৳ 300.00),",(50's pack: ৳ 300.00)
32924,Tinfix,allopathic,tinfixpowder-for-suspension100-mg5-ml,Powder for Suspension,Cefixime Trihydrate,100 mg/5 ml,Arges Life Science Limited,50 ml bottle: ৳ 210.00,
15733,Tobrel,allopathic,tobrelophthalmic-solution03,Ophthalmic Solution,Tobramycin (Ophthalmic),0.30%,Healthcare Pharmaceuticals Ltd.,5 ml drop: ৳ 100.00,
15732,Tobramin,allopathic,tobraminophthalmic-solution03,Ophthalmic Solution,Tobramycin (Ophthalmic),0.30%,Nipa Pharmaceuticals Ltd.,5 ml drop: ৳ 90.01,
28613,Tobram-D,allopathic,tobram-dophthalmic-solution0103,Ophthalmic Solution,Dexamethasone + Tobramycin,0.1%+0.3%,Pacific Pharmaceuticals Ltd.,5 ml drop: ৳ 150.00,
28612,Tobram,allopathic,tobramophthalmic-solution03,Ophthalmic Solution,Tobramycin (Ophthalmic),0.30%,Pacific Pharmaceuticals Ltd.,5 ml drop: ৳ 100.00,
27748,Tobracin D,allopathic,tobracin-dophthalmic-ointment0103,Ophthalmic Ointment,Dexamethasone + Tobramycin,0.1%+0.3%,Opso Saline Ltd.,3 gm tube: ৳ 90.00,
27747,Tobracin D,allopathic,tobracin-dophthalmic-solution0103,Ophthalmic Solution,Dexamethasone + Tobramycin,0.1%+0.3%,Opso Saline Ltd.,5 ml drop: ৳ 150.00,
27746,Tobracin,allopathic,tobracinophthalmic-solution03,Ophthalmic Solution,Tobramycin (Ophthalmic),0.30%,Opso Saline Ltd.,5 ml drop: ৳ 90.01,
15731,Tobracin,allopathic,tobracinophthalmic-ointment03,Ophthalmic Ointment,Tobramycin (Ophthalmic),0.30%,Opso Saline Ltd.,3 gm tube: ৳ 30.11,
26480,Tobrabac,allopathic,tobrabacophthalmic-ointment03,Ophthalmic Ointment,Tobramycin (Ophthalmic),0.30%,Popular Pharmaceuticals Ltd.,3 gm tube: ৳ 60.00,
15729,Tobrabac,allopathic,tobrabacophthalmic-solution03,Ophthalmic Solution,Tobramycin (Ophthalmic),0.30%,Popular Pharmaceuticals Ltd.,5 ml drop: ৳ 85.00,
15728,Tobirax,allopathic,tobiraxophthalmic-ointment03,Ophthalmic Ointment,Tobramycin (Ophthalmic),0.30%,Gaco Pharmaceuticals Ltd.,3.5 gm tube: ৳ 60.00,
15727,Tobirax,allopathic,tobiraxophthalmic-solution03,Ophthalmic Solution,Tobramycin (Ophthalmic),0.30%,Gaco Pharmaceuticals Ltd.,5 ml drop: ৳ 90.27,
15858,Tobidex,allopathic,tobidexophthalmic-ointment0103,Ophthalmic Ointment,Dexamethasone + Tobramycin,0.1%+0.3%,Gaco Pharmaceuticals Ltd.,3.5 gm tube: ৳ 90.27,
15856,Tobicort,allopathic,tobicortophthalmic-solution0103,Ophthalmic Solution,Dexamethasone + Tobramycin,0.1%+0.3%,Asiatic Laboratories Ltd.,5 ml drop: ৳ 150.00,
15857,Tobidex,allopathic,tobidexophthalmic-solution0103,Ophthalmic Solution,Dexamethasone + Tobramycin,0.1%+0.3%,Gaco Pharmaceuticals Ltd.,5 ml drop: ৳ 145.00,
15726,Tobi,allopathic,tobiophthalmic-solution03,Ophthalmic Solution,Tobramycin (Ophthalmic),0.30%,Asiatic Laboratories Ltd.,5 ml drop: ৳ 80.00,
15741,Tobasol,allopathic,tobasolnebuliser-solution300-mg5-ml,Nebuliser Solution,Tobramycin (Nebuliser Solution),300 mg/5 ml,Beximco Pharmaceuticals Ltd.,"5 ml ampoule: ৳ 100.00,(5's pack: ৳ 500.00),",(5's pack: ৳ 500.00)
15725,Tobam,allopathic,tobamophthalmic-solution03,Ophthalmic Solution,Tobramycin (Ophthalmic),0.30%,Monicopharma Ltd.,5 ml drop: ৳ 85.00,
1473,TMS,allopathic,tmstablet50-mg,Tablet,Tiemonium Methylsulphate,50 mg,Medicon Pharmaceuticals Ltd.,"Unit Price: ৳ 4.32,(50's pack: ৳ 215.90),",(50's pack: ৳ 215.90)
7888,Tizime,allopathic,tizimeimiv-injection1-gmvial,IM/IV Injection,Ceftazidime Pentahydrate,1 gm/vial,Globe Pharmaceuticals Ltd.,1 gm vial: ৳ 210.00,
7887,Tizime,allopathic,tizimeimiv-injection500-mgvial,IM/IV Injection,Ceftazidime Pentahydrate,500 mg/vial,Globe Pharmaceuticals Ltd.,500 mg vial: ৳ 115.00,
7886,Tizime,allopathic,tizimeimiv-injection250-mgvial,IM/IV Injection,Ceftazidime Pentahydrate,250 mg/vial,Globe Pharmaceuticals Ltd.,250 mg vial: ৳ 70.00,
30384,Tizem,allopathic,tizemtablet30-mg,Tablet,Diltiazem Hydrochloride (FC tablet),30 mg,Delta Pharma Ltd.,"Unit Price: ৳ 2.00,(100's pack: ৳ 200.00),",(100's pack: ৳ 200.00)
30383,Tizem,allopathic,tizemtablet60-mg,Tablet,Diltiazem Hydrochloride (FC tablet),60 mg,Delta Pharma Ltd.,"Unit Price: ৳ 3.80,(50's pack: ৳ 190.00),",(50's pack: ৳ 190.00)
11791,Tizalud,allopathic,tizaludtablet2-mg,Tablet,Tizanidine Hydrochloride,2 mg,Opsonin Pharma Ltd.,"Unit Price: ৳ 5.02,(30's pack: ৳ 150.60),",(30's pack: ৳ 150.60)
11790,Tizadin,allopathic,tizadintablet2-mg,Tablet,Tizanidine Hydrochloride,2 mg,ACI Limited,"Unit Price: ৳ 5.04,(50's pack: ৳ 252.00),",(50's pack: ৳ 252.00)
32410,Tizabet,allopathic,tizabetcapsule200-mg,Capsule,Fenofibrate,200 mg,ACI Limited,"Unit Price: ৳ 7.02,(30's pack: ৳ 210.60),",(30's pack: ৳ 210.60)
11999,Tiz,allopathic,tiztablet10-mg,Tablet,Cetirizine Hydrochloride,10 mg,Euro Pharma Ltd.,"Unit Price: ৳ 3.00,(100's pack: ৳ 300.00),",(100's pack: ৳ 300.00)
4371,Tixol,allopathic,tixoltablet05-mg10-mg,Tablet,Flupentixol + Melitracen,0.5 mg+10 mg,Alco Pharma Ltd.,"Unit Price: ৳ 4.00,(50's pack: ৳ 200.00),",(50's pack: ৳ 200.00)
4370,Tixocin,allopathic,tixocintablet05-mg10-mg,Tablet,Flupentixol + Melitracen,0.5 mg+10 mg,Sharif Pharmaceuticals Ltd.,"Unit Price: ৳ 5.00,(50's pack: ৳ 250.00),",(50's pack: ৳ 250.00)
28829,Tofaxen,allopathic,tofaxentablet5-mg,Tablet,Tofacitinib,5 mg,Everest Pharmaceuticals Ltd.,"Unit Price: ৳ 45.00,(14's pack: ৳ 630.00),,Unit Price: ৳ 45.00,(60's pack: ৳ 2,700.00),","(14's pack: ৳ 630.00),(60's pack: ৳ 2,700.00)"
28624,Tofator,allopathic,tofatortablet5-mg,Tablet,Tofacitinib,5 mg,Square Pharmaceuticals Ltd.,"Unit Price: ৳ 35.00,(10's pack: ৳ 350.00),",(10's pack: ৳ 350.00)
26030,Tofatin XR,allopathic,tofatin-xrtablet-extended-release11-mg,Tablet (Extended Release),Tofacitinib,11 mg,Ziska Pharmaceuticals Ltd.,"Unit Price: ৳ 80.00,(10's pack: ৳ 800.00),",(10's pack: ৳ 800.00)
26029,Tofatin,allopathic,tofatintablet5-mg,Tablet,Tofacitinib,5 mg,Ziska Pharmaceuticals Ltd.,"Unit Price: ৳ 45.00,(10's pack: ৳ 450.00),",(10's pack: ৳ 450.00)
31548,Tofara,allopathic,tofaratablet5-mg,Tablet,Tofacitinib,5 mg,ACI Limited,"Unit Price: ৳ 47.00,(30's pack: ৳ 1,410.00),","(30's pack: ৳ 1,410.00)"
26025,Tofanib XR,allopathic,tofanib-xrtablet-extended-release11-mg,Tablet (Extended Release),Tofacitinib,11 mg,Globe Pharmaceuticals Ltd.,"Unit Price: ৳ 80.00,(10's pack: ৳ 800.00),",(10's pack: ৳ 800.00)
26024,Tofanib,allopathic,tofanibtablet5-mg,Tablet,Tofacitinib,5 mg,Globe Pharmaceuticals Ltd.,"Unit Price: ৳ 48.00,(10's pack: ৳ 480.00),",(10's pack: ৳ 480.00)
26020,Tofacit XR,allopathic,tofacit-xrtablet-extended-release11-mg,Tablet (Extended Release),Tofacitinib,11 mg,Delta Pharma Ltd.,"Unit Price: ৳ 60.00,(10's pack: ৳ 600.00),",(10's pack: ৳ 600.00)
26019,Tofacit,allopathic,tofacittablet5-mg,Tablet,Tofacitinib,5 mg,Delta Pharma Ltd.,"Unit Price: ৳ 30.00,(10's pack: ৳ 300.00),",(10's pack: ৳ 300.00)
27286,Tofacinix,allopathic,tofacinixtablet-extended-release11-mg,Tablet (Extended Release),Tofacitinib,11 mg,Beacon Pharmaceuticals Ltd.,"Unit Price: ৳ 75.00,(30's pack: ৳ 2,250.00),","(30's pack: ৳ 2,250.00)"
33031,Tofacent XR,allopathic,tofacent-xrtablet-extended-release11-mg,Tablet (Extended Release),Tofacitinib,11 mg,Incepta Pharmaceuticals Ltd.,"Unit Price: ৳ 80.00,(10's pack: ৳ 800.00),",(10's pack: ৳ 800.00)
26027,Tofacent,allopathic,tofacenttablet5-mg,Tablet,Tofacitinib,5 mg,Incepta Pharmaceuticals Ltd.,"Unit Price: ৳ 35.00,(20's pack: ৳ 700.00),",(20's pack: ৳ 700.00)
11510,Tofa,allopathic,tofatablet500-mg,Tablet,Naproxen Sodium,500 mg,Kemiko Pharmaceuticals Ltd.,"Unit Price: ৳ 8.02,(50's pack: ৳ 401.00),",(50's pack: ৳ 401.00)
11509,Tofa,allopathic,tofatablet250-mg,Tablet,Naproxen Sodium,250 mg,Kemiko Pharmaceuticals Ltd.,"Unit Price: ৳ 4.01,(50's pack: ৳ 200.50),",(50's pack: ৳ 200.50)
27077,Todol,allopathic,todolimiv-injection60-mg2-ml,IM/IV Injection,Ketorolac Tromethamine,60 mg/2 ml,Opsonin Pharma Ltd.,2 ml ampoule: ৳ 95.65,
15454,Todol,allopathic,todolophthalmic-solution05,Ophthalmic Solution,Ketorolac Tromethamine (Ophthalmic),0.50%,Opsonin Pharma Ltd.,5 ml drop: ৳ 80.30,
15955,Tofen,allopathic,tofenophthalmic-solution0025,Ophthalmic Solution,Ketotifen Fumarate (Ophthalmic),0.03%,Beximco Pharmaceuticals Ltd.,5 ml drop: ৳ 100.00,
3746,Tofen,allopathic,tofensyrup1-mg5-ml,Syrup,Ketotifen Fumarate (Oral),1 mg/5 ml,Beximco Pharmaceuticals Ltd.,100 ml bottle: ৳ 65.00,
3745,Tofen,allopathic,tofentablet1-mg,Tablet,Ketotifen Fumarate (Oral),1 mg,Beximco Pharmaceuticals Ltd.,"Unit Price: ৳ 3.00,(200's pack: ৳ 600.00),,Unit Price: ৳ 3.00,(210's pack: ৳ 630.00),","(200's pack: ৳ 600.00),(210's pack: ৳ 630.00)"
31917,Tofe,allopathic,tofetablet200-mg,Tablet,Tolfenamic acid,200 mg,Sharif Pharmaceuticals Ltd.,"Unit Price: ৳ 9.00,(30's pack: ৳ 270.00),",(30's pack: ৳ 270.00)
15389,Todol,allopathic,todolimiv-injection30-mgml,IM/IV Injection,Ketorolac Tromethamine,30 mg/ml,Opsonin Pharma Ltd.,"1 ml ampoule: ৳ 56.37,(5's pack: ৳ 281.85),",(5's pack: ৳ 281.85)
15388,Todol,allopathic,todoltablet10-mg,Tablet,Ketorolac Tromethamine,10 mg,Opsonin Pharma Ltd.,"Unit Price: ৳ 10.04,(42's pack: ৳ 421.68),",(42's pack: ৳ 421.68)
30204,Tocoban,allopathic,tocobaniv-infusion375-mg5-ml,IV Infusion,Atosiban Acetate,37.5 mg/5 ml,Incepta Pharmaceuticals Ltd.,"5 ml vial: ৳ 2,500.00",
30203,Tocoban,allopathic,tocobaniv-infusion675-mg09-ml,IV Infusion,Atosiban Acetate,6.75 mg/0.9 ml,Incepta Pharmaceuticals Ltd.,0.9 ml vial: ৳ 650.00,
26022,Tocit XR,allopathic,tocit-xrtablet-extended-release11-mg,Tablet (Extended Release),Tofacitinib,11 mg,Drug International Ltd.,"Unit Price: ৳ 75.00,(14's pack: ৳ 1,050.00),","(14's pack: ৳ 1,050.00)"
26021,Tocit,allopathic,tocittablet5-mg,Tablet,Tofacitinib,5 mg,Drug International Ltd.,"Unit Price: ৳ 40.00,(14's pack: ৳ 560.00),",(14's pack: ৳ 560.00)
18738,Tocef DS,allopathic,tocef-dspowder-for-suspension200-mg5-ml,Powder for Suspension,Cefixime Trihydrate,200 mg/5 ml,General Pharmaceuticals Ltd.,50 ml bottle: ৳ 280.00,
7663,Tocef,allopathic,tocefpowder-for-suspension100-mg5-ml,Powder for Suspension,Cefixime Trihydrate,100 mg/5 ml,General Pharmaceuticals Ltd.,"37.5 ml bottle: ৳ 130.88,50 ml bottle: ৳ 210.00",
7662,Tocef,allopathic,tocefcapsule400-mg,Capsule,Cefixime Trihydrate,400 mg,General Pharmaceuticals Ltd.,"Unit Price: ৳ 50.34,(8's pack: ৳ 402.72),",(8's pack: ৳ 402.72)
7661,Tocef,allopathic,tocefcapsule200-mg,Capsule,Cefixime Trihydrate,200 mg,General Pharmaceuticals Ltd.,"Unit Price: ৳ 35.00,(12's pack: ৳ 420.00),",(12's pack: ৳ 420.00)
15622,Tolter,allopathic,toltertablet2-mg,Tablet,Tolterodine Tartrate,2 mg,Renata Limited,"Unit Price: ৳ 3.00,(30's pack: ৳ 90.00),",(30's pack: ৳ 90.00)
15498,Tolson,allopathic,tolsontablet100-mg,Tablet,Tolperisone Hydrochloride,100 mg,Opsonin Pharma Ltd.,"Unit Price: ৳ 10.00,(50's pack: ৳ 500.00),",(50's pack: ৳ 500.00)
15497,Tolson,allopathic,tolsontablet50-mg,Tablet,Tolperisone Hydrochloride,50 mg,Opsonin Pharma Ltd.,"Unit Price: ৳ 6.00,(50's pack: ৳ 300.00),",(50's pack: ৳ 300.00)
15496,Tolpa,allopathic,tolpatablet50-mg,Tablet,Tolperisone Hydrochloride,50 mg,Biopharma Laboratories Ltd.,"Unit Price: ৳ 4.00,(50's pack: ৳ 200.00),",(50's pack: ৳ 200.00)
31899,Tolosa,allopathic,tolosaiv-infusion80-mg4-ml,IV Infusion,Tocilizumab,80 mg/4 ml,Incepta Pharmaceuticals Ltd.,"4 ml vial: ৳ 8,500.00",
15620,Tolorin,allopathic,tolorintablet2-mg,Tablet,Tolterodine Tartrate,2 mg,General Pharmaceuticals Ltd.,"Unit Price: ৳ 3.02,(28's pack: ৳ 84.42),",(28's pack: ৳ 84.42)
15495,Tolmus,allopathic,tolmustablet50-mg,Tablet,Tolperisone Hydrochloride,50 mg,Beximco Pharmaceuticals Ltd.,"Unit Price: ৳ 3.00,(100's pack: ৳ 300.00),",(100's pack: ৳ 300.00)
11638,Tolmic,allopathic,tolmictablet200-mg,Tablet,Tolfenamic acid,200 mg,Beximco Pharmaceuticals Ltd.,"Unit Price: ৳ 8.03,(30's pack: ৳ 240.92),",(30's pack: ৳ 240.92)
3520,Tolin,allopathic,tolinsyrup2-mg5-ml,Syrup,Salbutamol,2 mg/5 ml,Mystic Pharmaceuticals Ltd.,100 ml bottle: ৳ 15.00,
3519,Tolin,allopathic,tolintablet4-mg,Tablet,Salbutamol,4 mg,Mystic Pharmaceuticals Ltd.,"Unit Price: ৳ 0.34,(100's pack: ৳ 34.00),",(100's pack: ৳ 34.00)
29513,Tolfort,allopathic,tolforttablet200-mg,Tablet,Tolfenamic acid,200 mg,Healthcare Pharmaceuticals Ltd.,"Unit Price: ৳ 10.00,(30's pack: ৳ 300.00),",(30's pack: ৳ 300.00)
25008,Tolfi,allopathic,tolfitablet200-mg,Tablet,Tolfenamic acid,200 mg,Benham Pharmaceuticals Ltd.,"Unit Price: ৳ 9.50,(30's pack: ৳ 285.00),",(30's pack: ৳ 285.00)
28200,Tolfenac SR,allopathic,tolfenac-srcapsule-sustained-release100-mg,Capsule (Sustained Release),Diclofenac Sodium,100 mg,Globex Pharmaceuticals Ltd.,"Unit Price: ৳ 3.00,(50's pack: ৳ 150.00),",(50's pack: ৳ 150.00)
11133,Tolfenac Plus,allopathic,tolfenac-plusim-injection75-mg20-mg2-ml,IM Injection,Diclofenac Sodium + Lidocaine Hydrochloride,(75 mg+20 mg)/2 ml,Globex Pharmaceuticals Ltd.,"2 ml ampoule: ৳ 12.00,(10's pack: ৳ 120.00),",(10's pack: ৳ 120.00)
29614,Tolfem,allopathic,tolfemtablet200-mg,Tablet,Tolfenamic acid,200 mg,Square Pharmaceuticals Ltd.,"Unit Price: ৳ 10.00,(30's pack: ৳ 300.00),",(30's pack: ৳ 300.00)
32987,Tolema,allopathic,tolematablet200-mg,Tablet,Tolfenamic acid,200 mg,Biopharma Laboratories Ltd.,"Unit Price: ৳ 10.00,(30's pack: ৳ 300.00),",(30's pack: ৳ 300.00)
3995,Tomephen,allopathic,tomephensyrup10-mg5-ml,Syrup,Dextromethorphan Hydrobromide,10 mg/5 ml,Incepta Pharmaceuticals Ltd.,100 ml bottle: ৳ 40.00,
3748,Toma,allopathic,tomasyrup1-mg5-ml,Syrup,Ketotifen Fumarate (Oral),1 mg/5 ml,Navana Pharmaceuticals Ltd.,100 ml bottle: ৳ 63.00,
3747,Toma,allopathic,tomatablet1-mg,Tablet,Ketotifen Fumarate (Oral),1 mg,Navana Pharmaceuticals Ltd.,"Unit Price: ৳ 2.00,(100's pack: ৳ 200.10),",(100's pack: ৳ 200.10)
15623,Toltrex,allopathic,toltrextablet2-mg,Tablet,Tolterodine Tartrate,2 mg,Incepta Pharmaceuticals Ltd.,"Unit Price: ৳ 3.00,(30's pack: ৳ 90.00),",(30's pack: ৳ 90.00)
27883,Tolec,allopathic,tolecimiv-injection60-mg2-ml,IM/IV Injection,Ketorolac Tromethamine,60 mg/2 ml,Alco Pharma Ltd.,2 ml ampoule: ৳ 95.29,
27882,Tolec,allopathic,tolecimiv-injection30-mgml,IM/IV Injection,Ketorolac Tromethamine,30 mg/ml,Alco Pharma Ltd.,1 ml ampoule: ৳ 55.17,
15391,Tolec,allopathic,tolectablet10-mg,Tablet,Ketorolac Tromethamine,10 mg,Alco Pharma Ltd.,"Unit Price: ৳ 10.03,(20's pack: ৳ 200.60),",(20's pack: ৳ 200.60)
15494,Tolcalm,allopathic,tolcalmtablet50-mg,Tablet,Tolperisone Hydrochloride,50 mg,General Pharmaceuticals Ltd.,"Unit Price: ৳ 4.01,(50's pack: ৳ 200.50),",(50's pack: ৳ 200.50)
21299,Tokn,allopathic,toknsyrup1-mg5-ml,Syrup,Ketotifen Fumarate (Oral),1 mg/5 ml,Alkad Laboratories,100 ml bottle: ৳ 50.00,
26023,Tojak,allopathic,tojaktablet5-mg,Tablet,Tofacitinib,5 mg,Eskayef Pharmaceuticals Ltd.,"Unit Price: ৳ 48.00,(10's pack: ৳ 480.00),",(10's pack: ৳ 480.00)
12306,Togent,allopathic,togentcream201,Cream,Diphenhydramine Hydrochloride + Zinc Acetate,2%+0.1%,Square Pharmaceuticals Ltd.,10 gm tube: ৳ 35.24,
4456,Tofranil,allopathic,tofraniltablet25-mg,Tablet,Imipramine Hydrochloride,25 mg,SANDOZ (A Novartis Division),"Unit Price: ৳ 5.60,(100's pack: ৳ 560.00),",(100's pack: ৳ 560.00)
31088,Tofix,allopathic,tofixtablet200-mg,Tablet,Tolfenamic acid,200 mg,Team Pharmaceuticals Ltd.,"Unit Price: ৳ 10.00,(30's pack: ৳ 300.00),",(30's pack: ৳ 300.00)
30374,Tofenver,allopathic,tofenvertablet1-mg,Tablet,Ketotifen Fumarate (Oral),1 mg,Veritas Pharmaceuticals Ltd.,"Unit Price: ৳ 2.50,(100's pack: ৳ 250.00),",(100's pack: ৳ 250.00)
12688,Topicazole Plus,allopathic,topicazole-pluscream21,Cream,Miconazole Nitrate + Hydrocortisone,2%+1%,Incepta Pharmaceuticals Ltd.,10 gm tube: ৳ 40.00,
10032,Topicazole,allopathic,topicazolecream2,Cream,Miconazole Nitrate (Topical),2%,Incepta Pharmaceuticals Ltd.,10 gm tube: ৳ 35.00,
30699,Topicacin,allopathic,topicacincream0025-ww,Cream,Capsaicin,0.025% w/w,Incepta Pharmaceuticals Ltd.,20 gm tube: ৳ 50.00,
30665,Topibet CL,allopathic,topibet-clcream0051,Cream,Betamethasone + Clotrimazole,0.05%+1%,Eskayef Pharmaceuticals Ltd.,10 gm tube: ৳ 25.00,
12553,Topibet CL,allopathic,topibet-clointment011,Ointment,Betamethasone + Clotrimazole,0.1%+1%,Eskayef Pharmaceuticals Ltd.,10 gm tube: ৳ 30.00,
29630,Topibac,allopathic,topibacointment1,Ointment,Retapamulin,1%,Popular Pharmaceuticals Ltd.,10 gm tube: ৳ 200.00,
15499,Toperin,allopathic,toperintablet50-mg,Tablet,Tolperisone Hydrochloride,50 mg,Eskayef Pharmaceuticals Ltd.,"Unit Price: ৳ 3.00,(60's pack: ৳ 180.00),",(60's pack: ৳ 180.00)
8083,Topcef,allopathic,topcefiv-injection2-gmvial,IV Injection,Ceftriaxone Sodium,2 gm/vial,Navana Pharmaceuticals Ltd.,2 gm vial: ৳ 301.00,
8082,Topcef,allopathic,topcefiv-injection1-gmvial,IV Injection,Ceftriaxone Sodium,1 gm/vial,Navana Pharmaceuticals Ltd.,1 gm vial: ৳ 190.58,
8081,Topcef,allopathic,topcefiv-injection500-mgvial,IV Injection,Ceftriaxone Sodium,500 mg/vial,Navana Pharmaceuticals Ltd.,500 mg vial: ৳ 130.39,
8079,Topcef,allopathic,topcefim-injection1-gmvial,IM Injection,Ceftriaxone Sodium,1 gm/vial,Navana Pharmaceuticals Ltd.,1 gm vial: ৳ 190.58,
8078,Topcef,allopathic,topcefim-injection500-mgvial,IM Injection,Ceftriaxone Sodium,500 mg/vial,Navana Pharmaceuticals Ltd.,500 mg vial: ৳ 130.39,
8077,Topcef,allopathic,topcefim-injection250-mgvial,IM Injection,Ceftriaxone Sodium,250 mg/vial,Navana Pharmaceuticals Ltd.,250 mg vial: ৳ 90.29,
11368,Top,allopathic,toptablet-enteric-coated100-mg,Tablet (Enteric Coated),Ketoprofen (oral & injection),100 mg,Biopharma Laboratories Ltd.,"Unit Price: ৳ 6.02,(30's pack: ৳ 180.50),",(30's pack: ৳ 180.50)
11367,Top,allopathic,toptablet-enteric-coated50-mg,Tablet (Enteric Coated),Ketoprofen (oral & injection),50 mg,Biopharma Laboratories Ltd.,"Unit Price: ৳ 3.51,(50's pack: ৳ 175.42),",(50's pack: ৳ 175.42)
28605,Tonemide,allopathic,tonemidetablet20-mg50-mg,Tablet,Furosemide + Spironolactone,20 mg+50 mg,Pacific Pharmaceuticals Ltd.,"Unit Price: ৳ 6.00,(30's pack: ৳ 180.00),",(30's pack: ৳ 180.00)
30035,Topiclo,allopathic,topiclotopical-spray005,Topical Spray,Clobetasol Propionate (Scalp Preparation),0.05%,Eskayef Pharmaceuticals Ltd.,30 ml bottle: ৳ 200.00,
30034,Topiclo,allopathic,topiclolotion005,Lotion,Clobetasol Propionate (Scalp Preparation),0.05%,Eskayef Pharmaceuticals Ltd.,60 ml bottle: ৳ 200.00,
12593,Topiclo,allopathic,topicloointment005,Ointment,Clobetasol Propionate (Topical Preparation),0.05%,Eskayef Pharmaceuticals Ltd.,10 gm tube: ৳ 50.00,
12592,Topiclo,allopathic,topiclocream005,Cream,Clobetasol Propionate (Topical Preparation),0.05%,Eskayef Pharmaceuticals Ltd.,10 gm tube: ৳ 45.00,
27756,Tone,allopathic,tonetablet100-mg,Tablet,Thiamine Hydrochloride,100 mg,Orion Pharma Ltd.,"Unit Price: ৳ 0.73,(100's pack: ৳ 73.00),",(100's pack: ৳ 73.00)
15860,Tomycin-D,allopathic,tomycin-dophthalmic-ointment0103,Ophthalmic Ointment,Dexamethasone + Tobramycin,0.1%+0.3%,Ibn Sina Pharmaceuticals Ltd.,3.5 gm tube: ৳ 90.00,
15859,Tomycin-D,allopathic,tomycin-dophthalmic-solution0103,Ophthalmic Solution,Dexamethasone + Tobramycin,0.1%+0.3%,Ibn Sina Pharmaceuticals Ltd.,5 ml drop: ৳ 150.00,
15738,Tomycin,allopathic,tomycinophthalmic-ointment03,Ophthalmic Ointment,Tobramycin (Ophthalmic),0.30%,Ibn Sina Pharmaceuticals Ltd.,3 gm tube: ৳ 55.00,
15737,Tomycin,allopathic,tomycinophthalmic-solution03,Ophthalmic Solution,Tobramycin (Ophthalmic),0.30%,Ibn Sina Pharmaceuticals Ltd.,5 ml drop: ৳ 90.00,
27943,Tomium,allopathic,tomiumtablet50-mg,Tablet,Tiemonium Methylsulphate,50 mg,The White Horse Pharma,"Unit Price: ৳ 6.00,(50's pack: ৳ 300.00),",(50's pack: ৳ 300.00)
28952,Tomin-D,allopathic,tomin-dophthalmic-solution0103,Ophthalmic Solution,Dexamethasone + Tobramycin,0.1%+0.3%,Kemiko Pharmaceuticals Ltd.,5 ml drop: ৳ 150.00,
28951,Tomin,allopathic,tominophthalmic-solution03,Ophthalmic Solution,Tobramycin (Ophthalmic),0.30%,Kemiko Pharmaceuticals Ltd.,5 ml drop: ৳ 100.00,
26533,Tomide,allopathic,tomidetablet5-mg,Tablet,Torasemide,5 mg,ACME Laboratories Ltd.,"Unit Price: ৳ 3.50,(30's pack: ৳ 105.00),",(30's pack: ৳ 105.00)
25042,Tomide,allopathic,tomidetablet25-mg,Tablet,Torasemide,2.5 mg,ACME Laboratories Ltd.,"Unit Price: ৳ 2.00,(30's pack: ৳ 60.00),",(30's pack: ৳ 60.00)
2250,Topra,allopathic,topratablet-enteric-coated40-mg,Tablet (Enteric Coated),Pantoprazole Sodium Sesquihydrate,40 mg,Jayson Pharmaceuticals Ltd.,"Unit Price: ৳ 5.03,(30's pack: ৳ 150.90),",(30's pack: ৳ 150.90)
2249,Topra,allopathic,topratablet-enteric-coated20-mg,Tablet (Enteric Coated),Pantoprazole Sodium Sesquihydrate,20 mg,Jayson Pharmaceuticals Ltd.,"Unit Price: ৳ 3.01,(30's pack: ৳ 90.30),",(30's pack: ৳ 90.30)
15081,Topoxin,allopathic,topoxiniv-infusion100-mg5-ml,IV Infusion,Etoposide,100 mg/5 ml,Beacon Pharmaceuticals Ltd.,100 mg vial: ৳ 400.00,
17309,Topotecan,allopathic,topotecaninjection1-mgml,Injection,Topotecan,1 mg/ml,ZAS Corporation,"4 mg vial: ৳ 9,500.00",
26629,Toposar,allopathic,toposariv-infusion100-mg5-ml,IV Infusion,Etoposide,100 mg/5 ml,Drug International Ltd.,100 mg vial: ৳ 350.00,
26628,Toposar,allopathic,toposarcapsule50-mg,Capsule,Etoposide,50 mg,Drug International Ltd.,"Unit Price: ৳ 70.00,(28's pack: ৳ 1,960.00),","(28's pack: ৳ 1,960.00)"
9621,Topomox,allopathic,topomoxtablet400-mg,Tablet,Moxifloxacin Hydrochloride (Tablet),400 mg,Leon Pharmaceuticals Ltd.,"Unit Price: ৳ 40.00,(8's pack: ৳ 320.00),",(8's pack: ৳ 320.00)
5095,Topmate,allopathic,topmatetablet50-mg,Tablet,Topiramate,50 mg,Renata Limited,"Unit Price: ৳ 6.00,(50's pack: ৳ 300.00),",(50's pack: ৳ 300.00)
5094,Topmate,allopathic,topmatetablet25-mg,Tablet,Topiramate,25 mg,Renata Limited,"Unit Price: ৳ 4.00,(50's pack: ৳ 200.00),",(50's pack: ৳ 200.00)
9416,Toplon,allopathic,toplontablet320-mg,Tablet,Gemifloxacin,320 mg,Renata Limited,"Unit Price: ৳ 65.00,(6's pack: ৳ 390.00),",(6's pack: ৳ 390.00)
9527,Toplevo,allopathic,toplevotablet500-mg,Tablet,Levofloxacin Hemihydrate,500 mg,NIPRO JMI Pharma Ltd.,"Unit Price: ৳ 15.03,(30's pack: ৳ 451.00),",(30's pack: ৳ 451.00)
3642,Topium,allopathic,topiuminhalation-capsule18-mcg,Inhalation Capsule,Tiotropium (Dry Powder Inhaler),18 mcg,ACME Laboratories Ltd.,"Unit Price: ৳ 7.00,(30's pack: ৳ 210.00),",(30's pack: ৳ 210.00)
29101,Topita SR,allopathic,topita-srtablet-sustained-release50-mg,Tablet (Sustained Release),Tapentadol Hydrochloride,50 mg,Beximco Pharmaceuticals Ltd.,"Unit Price: ৳ 14.00,(20's pack: ৳ 280.00),",(20's pack: ৳ 280.00)
29100,Topita SR,allopathic,topita-srtablet-sustained-release100-mg,Tablet (Sustained Release),Tapentadol Hydrochloride,100 mg,Beximco Pharmaceuticals Ltd.,"Unit Price: ৳ 25.00,(10's pack: ৳ 250.00),",(10's pack: ৳ 250.00)
5097,Topirva,allopathic,topirvatablet50-mg,Tablet,Topiramate,50 mg,Incepta Pharmaceuticals Ltd.,"Unit Price: ৳ 10.00,(50's pack: ৳ 500.00),",(50's pack: ৳ 500.00)
5096,Topirva,allopathic,topirvatablet25-mg,Tablet,Topiramate,25 mg,Incepta Pharmaceuticals Ltd.,"Unit Price: ৳ 4.00,(50's pack: ৳ 200.00),",(50's pack: ৳ 200.00)
27248,TopUp,allopathic,topuptablet10-mg,Tablet,Tadalafil,10 mg,Euro Pharma Ltd.,"Unit Price: ৳ 35.00,(8's pack: ৳ 280.00),",(8's pack: ৳ 280.00)
24756,TopUp,allopathic,topuptablet20-mg,Tablet,Tadalafil,20 mg,Euro Pharma Ltd.,"Unit Price: ৳ 50.00,(4's pack: ৳ 200.00),",(4's pack: ৳ 200.00)
24755,TopUp,allopathic,topuptablet5-mg,Tablet,Tadalafil,5 mg,Euro Pharma Ltd.,"Unit Price: ৳ 18.00,(4's pack: ৳ 72.00),",(4's pack: ৳ 72.00)
4113,Topsil,allopathic,topsilsyrup4-mg5-ml,Syrup,Bromhexine Hydrochloride,4 mg/5 ml,Zenith Pharmaceuticals Ltd.,100 ml bottle: ৳ 30.00,
4112,Topsil,allopathic,topsiltablet4-mg,Tablet,Bromhexine Hydrochloride,4 mg,Zenith Pharmaceuticals Ltd.,"Unit Price: ৳ 0.70,(100's pack: ৳ 70.00),",(100's pack: ৳ 70.00)
30701,Topril,allopathic,topriltablet50-mg,Tablet,Captopril,50 mg,Jayson Pharmaceuticals Ltd.,"Unit Price: ৳ 2.80,(50's pack: ৳ 140.00),",(50's pack: ৳ 140.00)
2581,Topress,allopathic,topresstablet50-mg,Tablet,Metoprolol Tartrate,50 mg,Eskayef Pharmaceuticals Ltd.,"Unit Price: ৳ 2.00,(100's pack: ৳ 200.00),",(100's pack: ৳ 200.00)
30967,Topimax,allopathic,topimaxtablet50-mg,Tablet,Topiramate,50 mg,Opsonin Pharma Ltd.,"Unit Price: ৳ 10.00,(50's pack: ৳ 500.00),",(50's pack: ৳ 500.00)
30966,Topimax,allopathic,topimaxtablet25-mg,Tablet,Topiramate,25 mg,Opsonin Pharma Ltd.,"Unit Price: ৳ 5.00,(50's pack: ৳ 250.00),",(50's pack: ৳ 250.00)
28611,Topidin,allopathic,topidinointment5-ww,Ointment,Povidone Iodine,5% w/w,Pacific Pharmaceuticals Ltd.,25 gm tube: ৳ 35.00,
12660,Topicort,allopathic,topicortcream1,Cream,Hydrocortisone Acetate,1%,Square Pharmaceuticals Ltd.,"10 gm tube: ৳ 40.13,20 gm tube: ৳ 70.00",
26802,Topiclo S,allopathic,topiclo-sointment0056,Ointment,Clobetasol Propionate + Salicylic Acid,0.05%+6%,Eskayef Pharmaceuticals Ltd.,10 gm tube: ৳ 80.00,
12611,Topiclo S,allopathic,topiclo-sointment0053,Ointment,Clobetasol Propionate + Salicylic Acid,0.05%+3%,Eskayef Pharmaceuticals Ltd.,"10 gm tube: ৳ 70.00,20 gm tube: ৳ 120.00",
13028,Topiclo NN,allopathic,topiclo-nnointment05-mg5-mg1-lac-iugm,Ointment,Clobetasol Propionate + Neomycin Sulphate + Nystatin,(0.5 mg+5 mg+1 Lac IU)/gm,Eskayef Pharmaceuticals Ltd.,15 gm tube: ৳ 65.00,
15455,Toroaid,allopathic,toroaidophthalmic-solution05,Ophthalmic Solution,Ketorolac Tromethamine (Ophthalmic),0.50%,General Pharmaceuticals Ltd.,5 ml drop: ৳ 80.00,
15399,Toroaid,allopathic,toroaidimiv-injection30-mgml,IM/IV Injection,Ketorolac Tromethamine,30 mg/ml,General Pharmaceuticals Ltd.,"1 ml ampoule: ৳ 55.17,(5's pack: ৳ 275.84),",(5's pack: ৳ 275.84)
15398,Toroaid,allopathic,toroaidtablet10-mg,Tablet,Ketorolac Tromethamine,10 mg,General Pharmaceuticals Ltd.,"Unit Price: ৳ 10.03,(30's pack: ৳ 300.90),",(30's pack: ৳ 300.90)
21231,Toro,allopathic,toroimiv-injection30-mgml,IM/IV Injection,Ketorolac Tromethamine,30 mg/ml,Amulet Pharmaceuticals Ltd.,2 ml ampoule: ৳ 95.00,
15397,Toro,allopathic,torotablet10-mg,Tablet,Ketorolac Tromethamine,10 mg,Amulet Pharmaceuticals Ltd.,"Unit Price: ৳ 10.00,(20's pack: ৳ 200.00),",(20's pack: ৳ 200.00)
11222,Torimon,allopathic,torimontablet120-mg,Tablet,Etoricoxib,120 mg,Nuvista Pharma Ltd.,"Unit Price: ৳ 14.04,(20's pack: ৳ 280.80),",(20's pack: ৳ 280.80)
11221,Torimon,allopathic,torimontablet90-mg,Tablet,Etoricoxib,90 mg,Nuvista Pharma Ltd.,"Unit Price: ৳ 12.04,(30's pack: ৳ 361.20),",(30's pack: ৳ 361.20)
28498,Torcox,allopathic,torcoxtablet120-mg,Tablet,Etoricoxib,120 mg,Navana Pharmaceuticals Ltd.,"Unit Price: ৳ 14.00,(30's pack: ৳ 420.00),",(30's pack: ৳ 420.00)
28497,Torcox,allopathic,torcoxtablet90-mg,Tablet,Etoricoxib,90 mg,Navana Pharmaceuticals Ltd.,"Unit Price: ৳ 12.00,(30's pack: ৳ 360.00),",(30's pack: ৳ 360.00)
28496,Torcox,allopathic,torcoxtablet60-mg,Tablet,Etoricoxib,60 mg,Navana Pharmaceuticals Ltd.,"Unit Price: ৳ 7.00,(30's pack: ৳ 210.00),",(30's pack: ৳ 210.00)
29524,Torcin D,allopathic,torcin-dophthalmic-ointment0103,Ophthalmic Ointment,Dexamethasone + Tobramycin,0.1%+0.3%,Opsonin Pharma Ltd.,3 gm tube: ৳ 90.00,
27078,Torcin D,allopathic,torcin-dophthalmic-solution0103,Ophthalmic Solution,Dexamethasone + Tobramycin,0.1%+0.3%,Opsonin Pharma Ltd.,5 ml drop: ৳ 150.00,
29899,Torcin,allopathic,torcinophthalmic-ointment03,Ophthalmic Ointment,Tobramycin (Ophthalmic),0.30%,Opsonin Pharma Ltd.,3 gm tube: ৳ 70.00,
15739,Torcin,allopathic,torcinophthalmic-solution03,Ophthalmic Solution,Tobramycin (Ophthalmic),0.30%,Opsonin Pharma Ltd.,5 ml drop: ৳ 90.00,
20108,Torbi,allopathic,torbitablet120-mg,Tablet,Etoricoxib,120 mg,Euro Pharma Ltd.,"Unit Price: ৳ 14.00,(20's pack: ৳ 280.00),",(20's pack: ৳ 280.00)
20107,Torbi,allopathic,torbitablet90-mg,Tablet,Etoricoxib,90 mg,Euro Pharma Ltd.,"Unit Price: ৳ 12.00,(30's pack: ৳ 360.00),",(30's pack: ৳ 360.00)
15441,Torosic,allopathic,torosictablet10-mg,Tablet,Ketorolac Tromethamine,10 mg,Opso Saline Ltd.,"Unit Price: ৳ 10.04,(30's pack: ৳ 301.20),",(30's pack: ৳ 301.20)
15400,Torolac,allopathic,torolactablet10-mg,Tablet,Ketorolac Tromethamine,10 mg,Silva Pharmaceuticals Ltd.,"Unit Price: ৳ 10.00,(30's pack: ৳ 300.00),",(30's pack: ৳ 300.00)
26583,Toroaid,allopathic,toroaidimiv-injection60-mg2-ml,IM/IV Injection,Ketorolac Tromethamine,60 mg/2 ml,General Pharmaceuticals Ltd.,2 ml ampoule: ৳ 95.29,
7815,Toraxim,allopathic,toraximpediatric-drops20-mgml,Pediatric Drops,Cefpodoxime Proxetil,20 mg/ml,Delta Pharma Ltd.,15 ml bottle: ৳ 60.00,
7814,Toraxim,allopathic,toraximpowder-for-suspension40-mg5-ml,Powder for Suspension,Cefpodoxime Proxetil,40 mg/5 ml,Delta Pharma Ltd.,50 ml bottle: ৳ 98.00,
15396,Torax,allopathic,toraximiv-injection30-mgml,IM/IV Injection,Ketorolac Tromethamine,30 mg/ml,Square Pharmaceuticals Ltd.,"1 ml ampoule: ৳ 60.00,(5's pack: ৳ 300.00),",(5's pack: ৳ 300.00)
15395,Torax,allopathic,toraximiv-injection60-mg2-ml,IM/IV Injection,Ketorolac Tromethamine,60 mg/2 ml,Square Pharmaceuticals Ltd.,2 ml ampoule: ৳ 100.00,
15394,Torax,allopathic,toraxtablet10-mg,Tablet,Ketorolac Tromethamine,10 mg,Square Pharmaceuticals Ltd.,"Unit Price: ৳ 12.00,(50's pack: ৳ 600.00),",(50's pack: ৳ 600.00)
27580,Toramax,allopathic,toramaximiv-injection60-mg2-ml,IM/IV Injection,Ketorolac Tromethamine,60 mg/2 ml,Popular Pharmaceuticals Ltd.,2 ml ampoule: ৳ 190.00,
15355,Toramax,allopathic,toramaximiv-injection30-mgml,IM/IV Injection,Ketorolac Tromethamine,30 mg/ml,Popular Pharmaceuticals Ltd.,"1 ml ampoule: ৳ 110.00,(5's pack: ৳ 550.00),",(5's pack: ৳ 550.00)
15354,Toramax,allopathic,toramaxtablet10-mg,Tablet,Ketorolac Tromethamine,10 mg,Popular Pharmaceuticals Ltd.,"Unit Price: ৳ 27.00,(20's pack: ৳ 540.00),",(20's pack: ৳ 540.00)
15390,Toralin,allopathic,toralintablet10-mg,Tablet,Ketorolac Tromethamine,10 mg,NIPRO JMI Pharma Ltd.,"Unit Price: ৳ 10.07,(30's pack: ৳ 302.10),",(30's pack: ৳ 302.10)
15393,Toradolin,allopathic,toradolinimiv-injection30-mgml,IM/IV Injection,Ketorolac Tromethamine,30 mg/ml,Radiant Pharmaceuticals Ltd.,"1 ml ampoule: ৳ 130.39,(5's pack: ৳ 651.95),",(5's pack: ৳ 651.95)
15392,Toradolin,allopathic,toradolintablet10-mg,Tablet,Ketorolac Tromethamine,10 mg,Radiant Pharmaceuticals Ltd.,"Unit Price: ৳ 30.09,(20's pack: ৳ 601.80),",(20's pack: ৳ 601.80)
15288,TPS,allopathic,tpsiv-injection500-mgvial,IV Injection,Thiopental Sodium,500 mg/vial,Popular Pharmaceuticals Ltd.,500 mg vial: ৳ 70.06,
32738,Tplase,allopathic,tplaseiv-injection5-mgml,IV Injection,Tenecteplase,5 mg/ml,Healthcare Pharmaceuticals Ltd.,"50 mg vial: ৳ 55,000.00",
13703,TPC,allopathic,tpctablet100-mg200-mg200-mcg,Tablet,"Vitamin B1, B6 & B12",100 mg+200 mg+200 mcg,ACME Laboratories Ltd.,"Unit Price: ৳ 8.00,(50's pack: ৳ 400.00),",(50's pack: ৳ 400.00)
13702,TPC,allopathic,tpcim-injection100-mg100-mg1-mg3-ml,IM Injection,"Vitamin B1, B6 & B12",(100 mg+100 mg+1 mg)/3 ml,ACME Laboratories Ltd.,"3 ml ampoule: ৳ 25.17,(6's pack: ৳ 151.02),",(6's pack: ৳ 151.02)
2337,Toza,allopathic,tozapowder-for-suspension100-mg5-ml,Powder for Suspension,Nitazoxanide,100 mg/5 ml,Eskayef Pharmaceuticals Ltd.,"30 ml bottle: ৳ 35.00,60 ml bottle: ৳ 50.00",
2336,Toza,allopathic,tozatablet500-mg,Tablet,Nitazoxanide,500 mg,Eskayef Pharmaceuticals Ltd.,"Unit Price: ৳ 10.00,(12's pack: ৳ 120.00),",(12's pack: ৳ 120.00)
30154,Toyavir,allopathic,toyavirtablet200-mg,Tablet,Favipiravir,200 mg,General Pharmaceuticals Ltd.,"Unit Price: ৳ 200.00,(20's pack: ৳ 4,000.00),","(20's pack: ৳ 4,000.00)"
3752,Totifen,allopathic,totifensyrup1-mg5-ml,Syrup,Ketotifen Fumarate (Oral),1 mg/5 ml,Renata Limited,100 ml bottle: ৳ 45.00,
3751,Totifen,allopathic,totifentablet1-mg,Tablet,Ketotifen Fumarate (Oral),1 mg,Renata Limited,"Unit Price: ৳ 2.00,(100's pack: ৳ 200.00),",(100's pack: ৳ 200.00)
3750,Toti,allopathic,totisyrup1-mg5-ml,Syrup,Ketotifen Fumarate (Oral),1 mg/5 ml,Eskayef Pharmaceuticals Ltd.,100 ml bottle: ৳ 55.00,
3749,Toti,allopathic,totitablet1-mg,Tablet,Ketotifen Fumarate (Oral),1 mg,Eskayef Pharmaceuticals Ltd.,"Unit Price: ৳ 2.50,(100's pack: ৳ 250.00),",(100's pack: ৳ 250.00)
27893,Tosma,allopathic,tosmatablet1-mg5-ml,Tablet,Ketotifen Fumarate (Oral),1 mg/5 ml,Alco Pharma Ltd.,100 ml bottle: ৳ 55.00,
27892,Tosma,allopathic,tosmatablet1-mg,Tablet,Ketotifen Fumarate (Oral),1 mg,Alco Pharma Ltd.,"Unit Price: ৳ 2.00,(30's pack: ৳ 60.00),",(30's pack: ৳ 60.00)
11225,Tory,allopathic,torytablet120-mg,Tablet,Etoricoxib,120 mg,Square Pharmaceuticals Ltd.,"Unit Price: ৳ 14.10,(20's pack: ৳ 282.00),",(20's pack: ৳ 282.00)
11224,Tory,allopathic,torytablet90-mg,Tablet,Etoricoxib,90 mg,Square Pharmaceuticals Ltd.,"Unit Price: ৳ 12.09,(30's pack: ৳ 362.70),",(30's pack: ৳ 362.70)
11223,Tory,allopathic,torytablet60-mg,Tablet,Etoricoxib,60 mg,Square Pharmaceuticals Ltd.,"Unit Price: ৳ 7.04,(30's pack: ৳ 211.20),",(30's pack: ৳ 211.20)
28607,Trado,allopathic,tradocapsule50-mg,Capsule,Tramadol Hydrochloride,50 mg,Pacific Pharmaceuticals Ltd.,"Unit Price: ৳ 8.00,(30's pack: ৳ 240.00),",(30's pack: ৳ 240.00)
3324,Tracid,allopathic,tracidimiv-injection500-mg5-ml,IM/IV Injection,Tranexamic Acid,500 mg/5 ml,ACME Laboratories Ltd.,"5 ml ampoule: ৳ 65.00,(3's pack: ৳ 195.00),",(3's pack: ৳ 195.00)
3323,Tracid,allopathic,tracidtablet500-mg,Tablet,Tranexamic Acid,500 mg,ACME Laboratories Ltd.,"Unit Price: ৳ 20.00,(20's pack: ৳ 400.00),,Unit Price: ৳ 20.00,(30's pack: ৳ 600.00),","(20's pack: ৳ 400.00),(30's pack: ৳ 600.00)"
18580,TR Care,allopathic,tr-careophthalmic-solution1,Ophthalmic Solution,Carboxymethylcellulose Sodium,1%,Healthcare Pharmaceuticals Ltd.,10 ml drop: ৳ 275.00,
27560,TPS,allopathic,tpsiv-injection1-gmvial,IV Injection,Thiopental Sodium,1 gm/vial,Popular Pharmaceuticals Ltd.,1 gm vial: ৳ 100.67,
1243,Torvas,allopathic,torvastablet10-mg,Tablet,Atorvastatin Calcium,10 mg,Kumudini Pharma Ltd.,"Unit Price: ৳ 10.00,(30's pack: ৳ 300.00),",(30's pack: ৳ 300.00)
1242,Torva,allopathic,torvatablet10-mg,Tablet,Atorvastatin Calcium,10 mg,Novus Pharmaceuticals Ltd.,"Unit Price: ৳ 10.00,(30's pack: ৳ 300.00),",(30's pack: ৳ 300.00)
27530,Torsid,allopathic,torsidtablet5-mg,Tablet,Torsemide,5 mg,Square Pharmaceuticals Ltd.,"Unit Price: ৳ 6.00,(30's pack: ৳ 180.00),",(30's pack: ৳ 180.00)
27529,Torsid,allopathic,torsidtablet20-mg,Tablet,Torsemide,20 mg,Square Pharmaceuticals Ltd.,"Unit Price: ৳ 8.00,(30's pack: ৳ 240.00),",(30's pack: ৳ 240.00)
7728,Torped,allopathic,torpedimiv-injection1-gm10-ml,IM/IV Injection,Cefotaxime,1 gm/10 ml,Orion Pharma Ltd.,1 mg vial: ৳ 130.88,
7727,Torped,allopathic,torpedimiv-injection500-mg10-ml,IM/IV Injection,Cefotaxime,500 mg/10 ml,Orion Pharma Ltd.,500 mg vial: ৳ 75.50,
7726,Torped,allopathic,torpedimiv-injection250-mg5-ml,IM/IV Injection,Cefotaxime,250 mg/5 ml,Orion Pharma Ltd.,250 mg vial: ৳ 50.35,
26986,Torosic,allopathic,torosicimiv-injection60-mg2-ml,IM/IV Injection,Ketorolac Tromethamine,60 mg/2 ml,Opso Saline Ltd.,2 ml ampoule: ৳ 95.36,
15442,Torosic,allopathic,torosicimiv-injection30-mgml,IM/IV Injection,Ketorolac Tromethamine,30 mg/ml,Opso Saline Ltd.,"1 ml ampoule: ৳ 56.21,(5's pack: ৳ 281.05),",(5's pack: ৳ 281.05)
25131,Trangina MR,allopathic,trangina-mrtablet-modified-release35-mg,Tablet (Modified Release),Trimetazidine Dihydrochloride,35 mg,Biopharma Laboratories Ltd.,"Unit Price: ৳ 6.00,(30's pack: ৳ 180.00),",(30's pack: ৳ 180.00)
25079,Tranexil,allopathic,tranexilcapsule500-mg,Capsule,Tranexamic Acid,500 mg,Beximco Pharmaceuticals Ltd.,"Unit Price: ৳ 15.00,(20's pack: ৳ 300.00),",(20's pack: ৳ 300.00)
3326,Tranexil,allopathic,tranexilimiv-injection500-mg5-ml,IM/IV Injection,Tranexamic Acid,500 mg/5 ml,Beximco Pharmaceuticals Ltd.,"5 ml ampoule: ৳ 50.00,(5's pack: ৳ 250.00),",(5's pack: ৳ 250.00)
17204,Traneta M,allopathic,traneta-mtablet25-mg1000-mg,Tablet,Linagliptin + Metformin Hydrochloride,2.5 mg+1000 mg,Beximco Pharmaceuticals Ltd.,"Unit Price: ৳ 16.00,(20's pack: ৳ 320.00),",(20's pack: ৳ 320.00)
17203,Traneta M,allopathic,traneta-mtablet25-mg850-mg,Tablet,Linagliptin + Metformin Hydrochloride,2.5 mg+850 mg,Beximco Pharmaceuticals Ltd.,"Unit Price: ৳ 14.00,(20's pack: ৳ 280.00),",(20's pack: ৳ 280.00)
17202,Traneta M,allopathic,traneta-mtablet25-mg500-mg,Tablet,Linagliptin + Metformin Hydrochloride,2.5 mg+500 mg,Beximco Pharmaceuticals Ltd.,"Unit Price: ৳ 12.00,(30's pack: ৳ 360.00),",(30's pack: ৳ 360.00)
5497,Traneta,allopathic,tranetatablet5-mg,Tablet,Linagliptin,5 mg,Beximco Pharmaceuticals Ltd.,"Unit Price: ৳ 18.00,(30's pack: ৳ 540.00),",(30's pack: ৳ 540.00)
29329,Tranbit,allopathic,tranbittablet25-mg,Tablet,Tenofovir Alafenamide,25 mg,Genvio Pharma Ltd.,"Unit Price: ৳ 90.00,(30's pack: ৳ 2,700.00),","(30's pack: ৳ 2,700.00)"
10724,Tranal,allopathic,tranalsuppository100-mg,Suppository,Tramadol Hydrochloride,100 mg,Opsonin Pharma Ltd.,"Unit Price: ৳ 15.06,(10's pack: ৳ 150.60),",(10's pack: ৳ 150.60)
10723,Tranal,allopathic,tranalimiv-injection100-mg2-ml,IM/IV Injection,Tramadol Hydrochloride,100 mg/2 ml,Opsonin Pharma Ltd.,"2 ml ampoule: ৳ 20.08,(5's pack: ৳ 100.40),",(5's pack: ৳ 100.40)
10722,Tranal,allopathic,tranalcapsule50-mg,Capsule,Tramadol Hydrochloride,50 mg,Opsonin Pharma Ltd.,"Unit Price: ৳ 7.53,(20's pack: ৳ 150.60),",(20's pack: ৳ 150.60)
11369,Tramp CR,allopathic,tramp-crcapsule-controlled-release100-mg,Capsule (Controlled Release),Ketoprofen (oral & injection),100 mg,Bristol Pharmaceuticals Ltd.,"Unit Price: ৳ 10.11,(50's pack: ৳ 505.50),",(50's pack: ৳ 505.50)
10779,Tramp,allopathic,tramptablet325-mg375-mg,Tablet,Paracetamol + Tramadol Hydrochloride,325 mg+37.5 mg,General Pharmaceuticals Ltd.,"Unit Price: ৳ 6.02,(50's pack: ৳ 301.00),",(50's pack: ৳ 301.00)
28606,Tramic,allopathic,tramicimiv-injection500-mg5-ml,IM/IV Injection,Tranexamic Acid,500 mg/5 ml,Pacific Pharmaceuticals Ltd.,"5 ml ampoule: ৳ 80.00,(5's pack: ৳ 400.00),",(5's pack: ৳ 400.00)
3325,Tramic,allopathic,tramiccapsule500-mg,Capsule,Tranexamic Acid,500 mg,Pacific Pharmaceuticals Ltd.,"Unit Price: ৳ 23.00,(30's pack: ৳ 690.00),",(30's pack: ৳ 690.00)
25073,Tramavir,allopathic,tramavirtablet100-mg,Tablet,Tramadol Hydrochloride,100 mg,Virgo Pharmaceuticals Ltd.,"Unit Price: ৳ 13.00,(30's pack: ৳ 390.00),",(30's pack: ৳ 390.00)
29525,Trapost,allopathic,trapostophthalmic-solution0004,Ophthalmic Solution,Travoprost,0.00%,Opsonin Pharma Ltd.,3 ml drop: ৳ 471.41,
4285,Tranquil,allopathic,tranquiltablet10-mg,Tablet,Clobazam,10 mg,Ibn Sina Pharmaceuticals Ltd.,"Unit Price: ৳ 4.00,(100's pack: ৳ 400.00),",(100's pack: ৳ 400.00)
25137,Trangit MR,allopathic,trangit-mrtablet-modified-release35-mg,Tablet (Modified Release),Trimetazidine Dihydrochloride,35 mg,SANDOZ (A Novartis Division),"Unit Price: ৳ 8.27,(42's pack: ৳ 347.54),",(42's pack: ৳ 347.54)
10721,Tramavir,allopathic,tramavircapsule50-mg,Capsule,Tramadol Hydrochloride,50 mg,Virgo Pharmaceuticals Ltd.,"Unit Price: ৳ 7.50,(30's pack: ৳ 225.00),",(30's pack: ৳ 225.00)
23584,Tramatol,allopathic,tramatoltablet325-mg375-mg,Tablet,Paracetamol + Tramadol Hydrochloride,325 mg+37.5 mg,Somatec Pharmaceuticals Ltd.,"Unit Price: ৳ 8.00,(30's pack: ৳ 240.00),",(30's pack: ৳ 240.00)
25057,Tramamax,allopathic,tramamaxtablet50-mg,Tablet,Tramadol Hydrochloride,50 mg,Guardian Healthcare Ltd.,Unit Price: ৳ 10.00,
10718,Tramadol,allopathic,tramadolcapsule50-mg,Capsule,Tramadol Hydrochloride,50 mg,Amico Laboratories Ltd.,"Unit Price: ৳ 6.00,(30's pack: ৳ 180.00),",(30's pack: ৳ 180.00)
33019,Tramacid,allopathic,tramacidsuppository100-mg,Suppository,Tramadol Hydrochloride,100 mg,Aristopharma Ltd.,Unit Price: ৳ 15.00,
15401,Tram-K,allopathic,tram-ktablet10-mg,Tablet,Ketorolac Tromethamine,10 mg,MST Pharma,"Unit Price: ৳ 10.00,(20's pack: ৳ 200.00),",(20's pack: ৳ 200.00)
4547,Tralin,allopathic,tralintablet100-mg,Tablet,Sertraline Hydrochloride,100 mg,Silva Pharmaceuticals Ltd.,"Unit Price: ৳ 7.03,(50's pack: ৳ 351.32),",(50's pack: ৳ 351.32)
4546,Tralin,allopathic,tralintablet50-mg,Tablet,Sertraline Hydrochloride,50 mg,Silva Pharmaceuticals Ltd.,"Unit Price: ৳ 4.02,(50's pack: ৳ 200.75),",(50's pack: ৳ 200.75)
4545,Tralin,allopathic,tralintablet25-mg,Tablet,Sertraline Hydrochloride,25 mg,Silva Pharmaceuticals Ltd.,"Unit Price: ৳ 2.51,(100's pack: ৳ 250.94),",(100's pack: ৳ 250.94)
28609,Trado Plus,allopathic,trado-plustablet325-mg375-mg,Tablet,Paracetamol + Tramadol Hydrochloride,325 mg+37.5 mg,Pacific Pharmaceuticals Ltd.,"Unit Price: ৳ 8.00,(30's pack: ৳ 240.00),",(30's pack: ৳ 240.00)
28608,Trado,allopathic,tradoimiv-injection100-mg2-ml,IM/IV Injection,Tramadol Hydrochloride,100 mg/2 ml,Pacific Pharmaceuticals Ltd.,"2 ml ampoule: ৳ 25.00,(5's pack: ৳ 125.00),",(5's pack: ৳ 125.00)
8096,Traxon,allopathic,traxoniv-injection2-gmvial,IV Injection,Ceftriaxone Sodium,2 gm/vial,Opsonin Pharma Ltd.,2 gm vial: ৳ 302.00,
8095,Traxon,allopathic,traxoniv-injection1-gmvial,IV Injection,Ceftriaxone Sodium,1 gm/vial,Opsonin Pharma Ltd.,1 gm vial: ৳ 190.58,
8094,Traxon,allopathic,traxoniv-injection500-mgvial,IV Injection,Ceftriaxone Sodium,500 mg/vial,Opsonin Pharma Ltd.,500 mg vial: ৳ 130.00,
8093,Traxon,allopathic,traxoniv-injection250-mgvial,IV Injection,Ceftriaxone Sodium,250 mg/vial,Opsonin Pharma Ltd.,250 mg vial: ৳ 100.00,
8092,Traxon,allopathic,traxonim-injection1-gmvial,IM Injection,Ceftriaxone Sodium,1 gm/vial,Opsonin Pharma Ltd.,1 gm vial: ৳ 190.00,
8091,Traxon,allopathic,traxonim-injection500-mgvial,IM Injection,Ceftriaxone Sodium,500 mg/vial,Opsonin Pharma Ltd.,500 mg vial: ৳ 130.00,
8090,Traxon,allopathic,traxonim-injection250-mgvial,IM Injection,Ceftriaxone Sodium,250 mg/vial,Opsonin Pharma Ltd.,250 mg vial: ৳ 100.00,
31056,Traxef,allopathic,traxefiv-injection2-gmvial,IV Injection,Ceftriaxone Sodium,2 gm/vial,Beacon Pharmaceuticals Ltd.,2 gm vial: ৳ 490.00,
27709,Traxef,allopathic,traxefiv-injection1-gmvial,IV Injection,Ceftriaxone Sodium,1 gm/vial,Beacon Pharmaceuticals Ltd.,1 gm vial: ৳ 320.96,
26397,Traxef,allopathic,traxefim-injection1-gmvial,IM Injection,Ceftriaxone Sodium,1 gm/vial,Beacon Pharmaceuticals Ltd.,1 gm vial: ৳ 320.96,
8089,Trax,allopathic,traxiv-injection1-gmvial,IV Injection,Ceftriaxone Sodium,1 gm/vial,Medimet Pharmaceuticals Ltd.,1 gm vial: ৳ 160.00,
8088,Trax,allopathic,traxiv-injection500-mgvial,IV Injection,Ceftriaxone Sodium,500 mg/vial,Medimet Pharmaceuticals Ltd.,500 mg vial: ৳ 120.00,
8087,Trax,allopathic,traxiv-injection250-mgvial,IV Injection,Ceftriaxone Sodium,250 mg/vial,Medimet Pharmaceuticals Ltd.,250 mg vial: ৳ 90.00,
8086,Trax,allopathic,traxim-injection1-gmvial,IM Injection,Ceftriaxone Sodium,1 gm/vial,Medimet Pharmaceuticals Ltd.,1 gm vial: ৳ 160.00,
8085,Trax,allopathic,traxim-injection500-mgvial,IM Injection,Ceftriaxone Sodium,500 mg/vial,Medimet Pharmaceuticals Ltd.,500 mg vial: ৳ 120.00,
8084,Trax,allopathic,traxim-injection250-mgvial,IM Injection,Ceftriaxone Sodium,250 mg/vial,Medimet Pharmaceuticals Ltd.,250 mg vial: ৳ 90.00,
10786,TRD-P,allopathic,trd-ptablet325-mg375-mg,Tablet,Paracetamol + Tramadol Hydrochloride,325 mg+37.5 mg,Mundipharma (BD) Pvt. Ltd.,"Unit Price: ৳ 8.00,(100's pack: ৳ 800.00),",(100's pack: ৳ 800.00)
10747,TRD-Contin,allopathic,trd-contintablet100-mg,Tablet,Tramadol Hydrochloride,100 mg,Mundipharma (BD) Pvt. Ltd.,"Unit Price: ৳ 30.10,(50's pack: ৳ 1,504.75),","(50's pack: ৳ 1,504.75)"
22553,Trazapin,allopathic,trazapintablet75-mg,Tablet,Mirtazapine,7.5 mg,Innovative Pharma (Albion),"Unit Price: ৳ 6.00,(30's pack: ৳ 180.00),",(30's pack: ৳ 180.00)
22552,Trazapin,allopathic,trazapintablet30-mg,Tablet,Mirtazapine,30 mg,Innovative Pharma (Albion),"Unit Price: ৳ 15.00,(50's pack: ৳ 750.00),",(50's pack: ৳ 750.00)
4571,Trazapin,allopathic,trazapintablet15-mg,Tablet,Mirtazapine,15 mg,Innovative Pharma (Albion),"Unit Price: ৳ 8.00,(30's pack: ৳ 240.00),",(30's pack: ৳ 240.00)
26707,Traxyl,allopathic,traxylimiv-injection500-mg5-ml,IM/IV Injection,Tranexamic Acid,500 mg/5 ml,Nuvista Pharma Ltd.,"5 ml ampoule: ৳ 60.00,(10's pack: ৳ 600.00),",(10's pack: ৳ 600.00)
3327,Traxyl,allopathic,traxylcapsule500-mg,Capsule,Tranexamic Acid,500 mg,Nuvista Pharma Ltd.,"Unit Price: ৳ 23.44,(20's pack: ৳ 468.80),",(20's pack: ৳ 468.80)
25093,Travolar,allopathic,travolarophthalmic-solution0004,Ophthalmic Solution,Travoprost,0.00%,Square Pharmaceuticals Ltd.,3 ml drop: ৳ 470.00,
32803,Travelit,allopathic,travelittablet50-mg,Tablet,Cyclizine Hydrochloride,50 mg,Sharif Pharmaceuticals Ltd.,"Unit Price: ৳ 12.00,(50's pack: ৳ 600.00),",(50's pack: ৳ 600.00)
16125,Travast Plus,allopathic,travast-plusophthalmic-solution000405,Ophthalmic Solution,Travoprost + Timolol Maleate,0.004%+0.5%,Incepta Pharmaceuticals Ltd.,3 ml drop: ৳ 500.00,
16724,Travast,allopathic,travastophthalmic-solution0004,Ophthalmic Solution,Travoprost,0.00%,Incepta Pharmaceuticals Ltd.,3 ml drop: ৳ 470.00,
25089,Travagen Z,allopathic,travagen-zophthalmic-solution0004,Ophthalmic Solution,Travoprost,0.00%,General Pharmaceuticals Ltd.,3 ml drop: ৳ 470.00,
32964,Trapost OSD,allopathic,trapost-osdophthalmic-solution0004,Ophthalmic Solution,Travoprost,0.00%,Opsonin Pharma Ltd.,3 ml drop: ৳ 650.00,
15150,Trastunix,allopathic,trastunixiv-infusion440-mg20-ml,IV Infusion,Trastuzumab,440 mg/20 ml,Beacon Pharmaceuticals Ltd.,"440 mg vial: ৳ 80,000.00",
3892,Trialon,allopathic,trialonimia-injection40-mgml,IM/IA Injection,Triamcinolone Acetonide (Injection),40 mg/ml,Drug International Ltd.,"1 ml vial: ৳ 75.00,(3's pack: ৳ 225.00),",(3's pack: ৳ 225.00)
3891,Triacin,allopathic,triacinimia-injection40-mgml,IM/IA Injection,Triamcinolone Acetonide (Injection),40 mg/ml,Kemiko Pharmaceuticals Ltd.,1 ml vial: ৳ 65.00,
13704,Tri-B,allopathic,tri-btablet100-mg200-mg200-mcg,Tablet,"Vitamin B1, B6 & B12",100 mg+200 mg+200 mcg,The White Horse Pharma,"Unit Price: ৳ 7.00,(50's pack: ৳ 350.00),",(50's pack: ৳ 350.00)
15062,Trexonate,allopathic,trexonateinjection50-mg2-ml,Injection,Methotrexate,50 mg/2 ml,Beacon Pharmaceuticals Ltd.,50 mg vial: ৳ 130.00,
15061,Trexonate,allopathic,trexonatetablet10-mg,Tablet,Methotrexate,10 mg,Beacon Pharmaceuticals Ltd.,"Unit Price: ৳ 15.00,(30's pack: ৳ 450.00),",(30's pack: ৳ 450.00)
15060,Trexonate,allopathic,trexonatetablet25-mg,Tablet,Methotrexate,2.5 mg,Beacon Pharmaceuticals Ltd.,"Unit Price: ৳ 5.00,(30's pack: ৳ 150.00),",(30's pack: ৳ 150.00)
29230,Trexam,allopathic,trexamimiv-injection250-mg5-ml,IM/IV Injection,Tranexamic Acid,250 mg/5 ml,Healthcare Pharmaceuticals Ltd.,"5 ml ampoule: ৳ 40.00,(5's pack: ৳ 200.00),",(5's pack: ৳ 200.00)
3330,Trexam,allopathic,trexamimiv-injection500-mg5-ml,IM/IV Injection,Tranexamic Acid,500 mg/5 ml,Healthcare Pharmaceuticals Ltd.,"5 ml ampoule: ৳ 80.00,(5's pack: ৳ 400.00),",(5's pack: ৳ 400.00)
3329,Trexam,allopathic,trexamtablet500-mg,Tablet,Tranexamic Acid,500 mg,Healthcare Pharmaceuticals Ltd.,"Unit Price: ৳ 20.00,(30's pack: ৳ 600.00),",(30's pack: ৳ 600.00)
32740,Trexall,allopathic,trexalltablet25-mg,Tablet,Methotrexate,2.5 mg,Healthcare Pharmaceuticals Ltd.,"Unit Price: ৳ 5.00,(30's pack: ৳ 150.00),",(30's pack: ৳ 150.00)
32739,Trexall,allopathic,trexalltablet10-mg,Tablet,Methotrexate,10 mg,Healthcare Pharmaceuticals Ltd.,"Unit Price: ৳ 15.00,(30's pack: ৳ 450.00),",(30's pack: ৳ 450.00)
31238,Trexall,allopathic,trexallinjection50-mg2-ml,Injection,Methotrexate,50 mg/2 ml,Healthcare Pharmaceuticals Ltd.,50 mg vial: ৳ 150.00,
9531,Trevox,allopathic,trevoxiv-infusion500-mg100-ml,IV Infusion,Levofloxacin Hemihydrate,500 mg/100 ml,Square Pharmaceuticals Ltd.,100 ml bottle: ৳ 100.30,
9529,Trevox,allopathic,trevoxtablet750-mg,Tablet,Levofloxacin Hemihydrate,750 mg,Square Pharmaceuticals Ltd.,"Unit Price: ৳ 20.13,(20's pack: ৳ 402.60),",(20's pack: ৳ 402.60)
9528,Trevox,allopathic,trevoxtablet500-mg,Tablet,Levofloxacin Hemihydrate,500 mg,Square Pharmaceuticals Ltd.,"Unit Price: ৳ 15.10,(30's pack: ৳ 453.00),",(30's pack: ৳ 453.00)
16840,Tresiba,allopathic,tresibasc-injection100-iuml,SC Injection,Insulin Degludec,100 IU/ml,Novo Nordisk Pharma (Pvt.) Ltd,"3 ml FlexTouch: ৳ 2,490.00,(5's pack: ৳ 12,450.00),","(5's pack: ৳ 12,450.00)"
489,Trialugel,allopathic,trialugelchewable-tablet250-mg400-mg,Chewable Tablet,Aluminium Hydroxide + Magnesium Hydroxide,250 mg+400 mg,Indo Bangla Pharmaceutical,"Unit Price: ৳ 0.40,(200's pack: ৳ 80.00),",(200's pack: ৳ 80.00)
31163,Trialon,allopathic,trialoncream01,Cream,Triamcinolone Acetonide (Topical),0.10%,Drug International Ltd.,10 gm tube: ৳ 25.00,
25104,Trialon,allopathic,trialonnasal-spray55-mcgspray,Nasal Spray,Triamcinolone Acetonide (Nasal Spray),55 mcg/spray,Drug International Ltd.,120 metered sprays: ৳ 200.00,
3902,Trialon,allopathic,trialonoral-paste01,Oral Paste,Triamcinolone Acetonide (Topical),0.10%,Drug International Ltd.,10 gm tube: ৳ 100.30,
32986,Trescof,allopathic,trescofsyrup200-mg15-mg15-mg5-ml,Syrup,Guaifenesin + Dextromethorphan + Menthol,(200 mg+15 mg+15 mg)/5 ml,One Pharma Ltd.,100 ml bottle: ৳ 85.00,
28186,Treptora,allopathic,treptoratablet50-mg,Tablet,Eltrombopag Olamine,50 mg,Genvio Pharma Ltd.,"Unit Price: ৳ 900.00,(28's pack: ৳ 25,200.00),","(28's pack: ৳ 25,200.00)"
28185,Treptora,allopathic,treptoratablet25-mg,Tablet,Eltrombopag Olamine,25 mg,Genvio Pharma Ltd.,"Unit Price: ৳ 500.00,(28's pack: ৳ 14,000.00),","(28's pack: ৳ 14,000.00)"
29331,Trepmac,allopathic,trepmactablet90-mg,Tablet,Brigatinib,90 mg,Genvio Pharma Ltd.,"Unit Price: ৳ 3,000.00,(30's pack: ৳ 90,000.00),","(30's pack: ৳ 90,000.00)"
3166,Trental,allopathic,trentaltablet-controlled-release400-mg,Tablet (Controlled Release),Pentoxifylline,400 mg,Synovia pharma plc,"Unit Price: ৳ 15.11,(30's pack: ৳ 453.30),",(30's pack: ৳ 453.30)
31604,Trelanti,allopathic,trelantiinhalation-capsule25-mcg625-mcg100-mcg,Inhalation Capsule,Vilanterol + Umeclidinium + Fluticasone Furoate,25 mcg+62.5 mcg+100 mcg,Square Pharmaceuticals Ltd.,"Unit Price: ৳ 90.00,(10's pack: ৳ 900.00),",(10's pack: ৳ 900.00)
27643,Trego,allopathic,tregonasal-ointment2-ww,Nasal Ointment,Mupirocin,2% w/w,Incepta Pharmaceuticals Ltd.,3 gm tube: ৳ 150.00,
12333,Trego,allopathic,tregoointment2-ww,Ointment,Mupirocin,2% w/w,Incepta Pharmaceuticals Ltd.,10 gm tube: ৳ 140.00,
5875,Trecilon,allopathic,trecilonimia-injection40-mgml,IM/IA Injection,Triamcinolone Acetonide (Injection),40 mg/ml,Rephco Pharmaceuticals Ltd.,1 ml vial: ৳ 65.00,
21165,Trec,allopathic,treccapsule100-mg,Capsule,Itraconazole,100 mg,Team Pharmaceuticals Ltd.,"Unit Price: ৳ 14.00,(20's pack: ৳ 280.00),",(20's pack: ৳ 280.00)
12413,Triderm,allopathic,tridermcream1,Cream,Clotrimazole (Topical),1%,Healthcare Pharmaceuticals Ltd.,"10 gm tube: ৳ 35.00,20 gm tube: ৳ 45.00",
10194,Tricozyl,allopathic,tricozyloral-suspension200-mg5-ml,Oral Suspension,Metronidazole,200 mg/5 ml,Edruc Limited,60 ml bottle: ৳ 25.00,
10193,Tricozyl,allopathic,tricozyltablet400-mg,Tablet,Metronidazole,400 mg,Edruc Limited,"Unit Price: ৳ 1.26,(100's pack: ৳ 126.00),",(100's pack: ৳ 126.00)
9063,Tricot DS,allopathic,tricot-dstablet800-mg160-mg,Tablet,Sulphamethoxazole + Trimethoprim,800 mg+160 mg,Reman Drug Laboratories Ltd.,"Unit Price: ৳ 2.10,(100's pack: ৳ 210.00),",(100's pack: ৳ 210.00)
9064,Tricot,allopathic,tricotoral-suspension200-mg40-mg5-ml,Oral Suspension,Sulphamethoxazole + Trimethoprim,(200 mg+40 mg)/5 ml,Reman Drug Laboratories Ltd.,60 ml bottle: ৳ 21.50,
12723,Tricoderma,allopathic,tricodermacream101,Cream,Econazole Nitrate + Triamcinolone Acetonide,1%+0.1%,General Pharmaceuticals Ltd.,"10 gm tube: ৳ 50.00,20 gm tube: ৳ 75.00",
26431,Triclean,allopathic,tricleancream0014005,Cream,Fluocinolone Acetonide + Hydroquinone + Tretinoin,0.01%+4%+0.05%,Aristopharma Ltd.,30 gm tube: ৳ 200.00,
7665,Tricef,allopathic,tricefpowder-for-suspension100-mg5-ml,Powder for Suspension,Cefixime Trihydrate,100 mg/5 ml,Ambee Pharmaceuticals Ltd.,50 ml bottle: ৳ 160.55,
7664,Tricef,allopathic,tricefcapsule200-mg,Capsule,Cefixime Trihydrate,200 mg,Ambee Pharmaceuticals Ltd.,"Unit Price: ৳ 25.09,(4's pack: ৳ 100.35),",(4's pack: ৳ 100.35)
5145,Tricalm,allopathic,tricalmtablet5-mg,Tablet,Trihexyphenidyl Hydrochloride,5 mg,ACI Limited,"Unit Price: ৳ 10.00,(50's pack: ৳ 500.00),",(50's pack: ৳ 500.00)
5144,Tricalm,allopathic,tricalmtablet2-mg,Tablet,Trihexyphenidyl Hydrochloride,2 mg,ACI Limited,"Unit Price: ৳ 5.00,(50's pack: ৳ 250.00),",(50's pack: ৳ 250.00)
31552,Tribrez,allopathic,tribrezinhaler55-mcg104-mcg182-mcgactuation,Inhaler,Formoterol Fumarate + Glycopyrrolate + Budesonide,(5.5 mcg+10.4 mcg+182 mcg)/actuation,Beximco Pharmaceuticals Ltd.,"120 metered sprays: ৳ 1,200.00",
13706,Tribion,allopathic,tribionim-injection100-mg100-mg1-mg3-ml,IM Injection,"Vitamin B1, B6 & B12",(100 mg+100 mg+1 mg)/3 ml,Globe Pharmaceuticals Ltd.,"3 ml ampoule: ৳ 25.00,(10's pack: ৳ 250.00),",(10's pack: ৳ 250.00)
13705,Tribion,allopathic,tribiontablet100-mg200-mg200-mcg,Tablet,"Vitamin B1, B6 & B12",100 mg+200 mg+200 mcg,Globe Pharmaceuticals Ltd.,"Unit Price: ৳ 7.00,(30's pack: ৳ 210.00),",(30's pack: ৳ 210.00)
28059,Triben DS,allopathic,triben-dschewable-tablet400-mg,Chewable Tablet,Albendazole,400 mg,Ambee Pharmaceuticals Ltd.,"Unit Price: ৳ 3.35,(25's pack: ৳ 83.78),",(25's pack: ৳ 83.78)
335,Triben,allopathic,tribenoral-suspension200-mg5-ml,Oral Suspension,Albendazole,200 mg/5 ml,Ambee Pharmaceuticals Ltd.,10 ml bottle: ৳ 14.00,
5127,Tridopa,allopathic,tridopatablet50-mg125-mg-200-mg,Tablet,Levodopa + Carbidopa + Entacapone,50 mg+12.5 mg +200 mg,ACI Limited,"Unit Price: ৳ 15.05,(20's pack: ৳ 301.00),",(20's pack: ৳ 301.00)
10749,Tridol,allopathic,tridolimiv-injection100-mg2-ml,IM/IV Injection,Tramadol Hydrochloride,100 mg/2 ml,Globex Pharmaceuticals Ltd.,2 ml ampoule: ৳ 20.00,
10748,Tridol,allopathic,tridolcapsule50-mg,Capsule,Tramadol Hydrochloride,50 mg,Globex Pharmaceuticals Ltd.,"Unit Price: ৳ 7.50,(18's pack: ৳ 135.00),",(18's pack: ৳ 135.00)
32851,Tribcol,allopathic,tribcoltablet2-mg,Tablet,Trihexyphenidyl Hydrochloride,2 mg,Genvio Pharma Ltd.,"Unit Price: ৳ 5.00,(30's pack: ৳ 150.00),",(30's pack: ৳ 150.00)
32850,Tribcol,allopathic,tribcoltablet5-mg,Tablet,Trihexyphenidyl Hydrochloride,5 mg,Genvio Pharma Ltd.,"Unit Price: ৳ 12.00,(30's pack: ৳ 360.00),",(30's pack: ৳ 360.00)
8103,Tribac,allopathic,tribaciv-injection2-gmvial,IV Injection,Ceftriaxone Sodium,2 gm/vial,Globe Pharmaceuticals Ltd.,2 gm vial: ৳ 300.00,
8102,Tribac,allopathic,tribaciv-injection1-gmvial,IV Injection,Ceftriaxone Sodium,1 gm/vial,Globe Pharmaceuticals Ltd.,1 gm vial: ৳ 180.00,
8101,Tribac,allopathic,tribaciv-injection500-mgvial,IV Injection,Ceftriaxone Sodium,500 mg/vial,Globe Pharmaceuticals Ltd.,500 mg vial: ৳ 120.00,
8100,Tribac,allopathic,tribaciv-injection250-mgvial,IV Injection,Ceftriaxone Sodium,250 mg/vial,Globe Pharmaceuticals Ltd.,250 mg vial: ৳ 90.00,
8099,Tribac,allopathic,tribacim-injection1-gmvial,IM Injection,Ceftriaxone Sodium,1 gm/vial,Globe Pharmaceuticals Ltd.,1 gm vial: ৳ 180.00,
8098,Tribac,allopathic,tribacim-injection500-mgvial,IM Injection,Ceftriaxone Sodium,500 mg/vial,Globe Pharmaceuticals Ltd.,500 mg vial: ৳ 120.00,
8097,Tribac,allopathic,tribacim-injection250-mgvial,IM Injection,Ceftriaxone Sodium,250 mg/vial,Globe Pharmaceuticals Ltd.,250 mg vial: ৳ 90.00,
3893,Triamon,allopathic,triamonimia-injection40-mgml,IM/IA Injection,Triamcinolone Acetonide (Injection),40 mg/ml,Globe Pharmaceuticals Ltd.,"1 ml vial: ৳ 70.00,(5's pack: ৳ 350.00),",(5's pack: ৳ 350.00)
12722,Triamace,allopathic,triamacecream101,Cream,Econazole Nitrate + Triamcinolone Acetonide,1%+0.1%,Edruc Limited,10 gm tube: ৳ 34.00,
8104,Triject,allopathic,trijectim-injection250-mgvial,IM Injection,Ceftriaxone Sodium,250 mg/vial,Eskayef Pharmaceuticals Ltd.,250 mg vial: ৳ 100.00,
30205,Trihexy,allopathic,trihexytablet1-mg,Tablet,Trihexyphenidyl Hydrochloride,1 mg,Incepta Pharmaceuticals Ltd.,"Unit Price: ৳ 3.00,(30's pack: ৳ 90.00),",(30's pack: ৳ 90.00)
25123,Trihexy,allopathic,trihexysyrup2-mg5-ml,Syrup,Trihexyphenidyl Hydrochloride,2 mg/5 ml,Incepta Pharmaceuticals Ltd.,50 ml bottle: ৳ 100.00,
5147,Trihexy,allopathic,trihexytablet5-mg,Tablet,Trihexyphenidyl Hydrochloride,5 mg,Incepta Pharmaceuticals Ltd.,"Unit Price: ৳ 10.00,(30's pack: ৳ 300.00),",(30's pack: ৳ 300.00)
5146,Trihexy,allopathic,trihexytablet2-mg,Tablet,Trihexyphenidyl Hydrochloride,2 mg,Incepta Pharmaceuticals Ltd.,"Unit Price: ৳ 5.00,(30's pack: ৳ 150.00),",(30's pack: ৳ 150.00)
32605,Trihale,allopathic,trihaleinhalation-capsule25-mcg625-mcg100-mcg,Inhalation Capsule,Vilanterol + Umeclidinium + Fluticasone Furoate,25 mcg+62.5 mcg+100 mcg,ACME Laboratories Ltd.,"Unit Price: ৳ 120.00,(30's pack: ৳ 3,600.00),","(30's pack: ৳ 3,600.00)"
30881,Triginal MR,allopathic,triginal-mrtablet-modified-release35-mg,Tablet (Modified Release),Trimetazidine Dihydrochloride,35 mg,Radiant Pharmaceuticals Ltd.,"Unit Price: ৳ 8.00,(42's pack: ৳ 336.00),",(42's pack: ৳ 336.00)
16413,Trigger,allopathic,triggertablet50-mg,Tablet,Sildenafil Citrate,50 mg,Globe Pharmaceuticals Ltd.,"Unit Price: ৳ 30.00,(4's pack: ৳ 120.00),",(4's pack: ৳ 120.00)
3353,Trigent,allopathic,trigentcapsule200-mg,Capsule,Fenofibrate,200 mg,UniMed UniHealth,"Unit Price: ৳ 7.00,(30's pack: ৳ 210.00),",(30's pack: ৳ 210.00)
9966,Trigal,allopathic,trigalcapsule150-mg,Capsule,Fluconazole,150 mg,Ad-din Pharmaceuticals Ltd.,"Unit Price: ৳ 18.00,(20's pack: ৳ 360.00),",(20's pack: ৳ 360.00)
9965,Trigal,allopathic,trigalcapsule50-mg,Capsule,Fluconazole,50 mg,Ad-din Pharmaceuticals Ltd.,"Unit Price: ৳ 7.00,(30's pack: ৳ 210.00),",(30's pack: ৳ 210.00)
13316,Trifol TR,allopathic,trifol-trcapsule-timed-release150-mg05-mg618-mg,Capsule (Timed Release),Ferrous Sulfate + Folic Acid + Zinc Sulfate,150 mg+0.5 mg+61.8 mg,Desh Pharmaceuticals Ltd.,"Unit Price: ৳ 2.90,(30's pack: ৳ 87.00),",(30's pack: ৳ 87.00)
18786,Trifix DS,allopathic,trifix-dspowder-for-suspension200-mg5-ml,Powder for Suspension,Cefixime Trihydrate,200 mg/5 ml,Pacific Pharmaceuticals Ltd.,50 ml bottle: ৳ 280.00,
18785,Trifix,allopathic,trifixcapsule400-mg,Capsule,Cefixime Trihydrate,400 mg,Pacific Pharmaceuticals Ltd.,"Unit Price: ৳ 50.00,(8's pack: ৳ 400.00),",(8's pack: ৳ 400.00)
7667,Trifix,allopathic,trifixpowder-for-suspension100-mg5-ml,Powder for Suspension,Cefixime Trihydrate,100 mg/5 ml,Pacific Pharmaceuticals Ltd.,50 ml bottle: ৳ 190.00,
7666,Trifix,allopathic,trifixcapsule200-mg,Capsule,Cefixime Trihydrate,200 mg,Pacific Pharmaceuticals Ltd.,"Unit Price: ৳ 35.00,(6's pack: ৳ 210.00),",(6's pack: ৳ 210.00)
8107,Triject,allopathic,trijectiv-injection250-mgvial,IV Injection,Ceftriaxone Sodium,250 mg/vial,Eskayef Pharmaceuticals Ltd.,250 mg vial: ৳ 100.00,
8106,Triject,allopathic,trijectim-injection1-gmvial,IM Injection,Ceftriaxone Sodium,1 gm/vial,Eskayef Pharmaceuticals Ltd.,1 gm vial: ৳ 190.00,
4155,Triex,allopathic,triexsyrup30-mg100-mg125-mg5-ml,Syrup,Pseudoephedrine + Guaiphenasine + Triprolidine,(30 mg+100 mg+1.25 mg)/5 ml,Supreme Pharmaceutical Ltd.,100 ml bottle: ৳ 32.00,
8105,Triject,allopathic,trijectim-injection500-mgvial,IM Injection,Ceftriaxone Sodium,500 mg/vial,Eskayef Pharmaceuticals Ltd.,500 mg vial: ৳ 130.00,
28627,Tridyl,allopathic,tridylsyrup5-mg5-ml,Syrup,Trihexyphenidyl Hydrochloride,5 mg/5 ml,Square Pharmaceuticals Ltd.,50 ml bottle: ৳ 125.00,
28626,Tridyl,allopathic,tridyltablet5-mg,Tablet,Trihexyphenidyl Hydrochloride,5 mg,Square Pharmaceuticals Ltd.,"Unit Price: ৳ 10.00,(30's pack: ৳ 300.00),",(30's pack: ৳ 300.00)
28625,Tridyl,allopathic,tridyltablet2-mg,Tablet,Trihexyphenidyl Hydrochloride,2 mg,Square Pharmaceuticals Ltd.,"Unit Price: ৳ 5.00,(30's pack: ৳ 150.00),",(30's pack: ৳ 150.00)
8705,Tridosil,allopathic,tridosiliv-infusion500-mgvial,IV Infusion,Azithromycin Dihydrate,500 mg/vial,Incepta Pharmaceuticals Ltd.,500 mg vial: ৳ 460.00,
8704,Tridosil,allopathic,tridosilpowder-for-suspension200-mg5-ml,Powder for Suspension,Azithromycin Dihydrate,200 mg/5 ml,Incepta Pharmaceuticals Ltd.,"15 ml bottle: ৳ 85.00,30 ml bottle: ৳ 130.00,35 ml bottle: ৳ 140.00,50 ml bottle: ৳ 185.00",
8703,Tridosil,allopathic,tridosiltablet500-mg,Tablet,Azithromycin Dihydrate,500 mg,Incepta Pharmaceuticals Ltd.,"Unit Price: ৳ 35.00,(12's pack: ৳ 420.00),",(12's pack: ৳ 420.00)
8702,Tridosil,allopathic,tridosiltablet250-mg,Tablet,Azithromycin Dihydrate,250 mg,Incepta Pharmaceuticals Ltd.,"Unit Price: ৳ 25.00,(6's pack: ৳ 150.00),",(6's pack: ৳ 150.00)
5129,Tridopa,allopathic,tridopatablet150-mg375-mg200-mg,Tablet,Levodopa + Carbidopa + Entacapone,150 mg+37.5 mg+200 mg,ACI Limited,"Unit Price: ৳ 30.09,(20's pack: ৳ 601.80),",(20's pack: ৳ 601.80)
5130,Tridopa,allopathic,tridopatablet200-mg50-mg200-mg,Tablet,Levodopa + Carbidopa + Entacapone,200 mg+50 mg+200 mg,ACI Limited,"Unit Price: ৳ 40.12,(20's pack: ৳ 802.40),",(20's pack: ৳ 802.40)
5128,Tridopa,allopathic,tridopatablet100-mg25-mg200-mg,Tablet,Levodopa + Carbidopa + Entacapone,100 mg+25 mg+200 mg,ACI Limited,"Unit Price: ৳ 25.08,(20's pack: ৳ 501.60),",(20's pack: ৳ 501.60)
8116,Trimax,allopathic,trimaxiv-injection1-gmvial,IV Injection,Ceftriaxone Sodium,1 gm/vial,Pharmasia Limited,1 gm vial: ৳ 160.00,
8115,Trimax,allopathic,trimaxiv-injection500-mgvial,IV Injection,Ceftriaxone Sodium,500 mg/vial,Pharmasia Limited,500 mg vial: ৳ 120.00,
8113,Trimax,allopathic,trimaxim-injection1-gmvial,IM Injection,Ceftriaxone Sodium,1 gm/vial,Pharmasia Limited,1 gm vial: ৳ 160.00,
8112,Trimax,allopathic,trimaxim-injection500-mgvial,IM Injection,Ceftriaxone Sodium,500 mg/vial,Pharmasia Limited,500 mg vial: ৳ 120.00,
8111,Trimax,allopathic,trimaxim-injection250-mgvial,IM Injection,Ceftriaxone Sodium,250 mg/vial,Pharmasia Limited,250 mg vial: ৳ 90.00,
27029,Trimacontin,allopathic,trimacontintablet-modified-release60-mg,Tablet (Modified Release),Trimetazidine Dihydrochloride,60 mg,Mundipharma (BD) Pvt. Ltd.,"Unit Price: ৳ 15.00,(30's pack: ৳ 450.00),",(30's pack: ৳ 450.00)
27028,Trimacontin,allopathic,trimacontintablet-modified-release35-mg,Tablet (Modified Release),Trimetazidine Dihydrochloride,35 mg,Mundipharma (BD) Pvt. Ltd.,"Unit Price: ৳ 9.00,(30's pack: ৳ 270.00),",(30's pack: ৳ 270.00)
9532,Trilon,allopathic,trilontablet500-mg,Tablet,Levofloxacin Hemihydrate,500 mg,The White Horse Pharma,"Unit Price: ৳ 15.00,(24's pack: ৳ 360.00),",(24's pack: ৳ 360.00)
30858,Trilock OFT,allopathic,trilock-oftflash-tablet5-mg,Flash Tablet,Montelukast Sodium,5 mg,Opsonin Pharma Ltd.,"Unit Price: ৳ 8.57,(42's pack: ৳ 360.00),",(42's pack: ৳ 360.00)
29564,Trilock OFT,allopathic,trilock-oftflash-tablet4-mg,Flash Tablet,Montelukast Sodium,4 mg,Opsonin Pharma Ltd.,"Unit Price: ৳ 6.00,(42's pack: ৳ 252.00),",(42's pack: ৳ 252.00)
3855,Trilock,allopathic,trilockoral-powder4-mg35-gm,Oral Powder,Montelukast Sodium,4 mg/3.5 gm,Opsonin Pharma Ltd.,"3.5 gm sachet: ৳ 8.06,(10's pack: ৳ 80.60),",(10's pack: ৳ 80.60)
3854,Trilock,allopathic,trilocktablet10-mg,Tablet,Montelukast Sodium,10 mg,Opsonin Pharma Ltd.,"Unit Price: ৳ 16.00,(42's pack: ৳ 672.00),",(42's pack: ৳ 672.00)
3853,Trilock,allopathic,trilocktablet5-mg,Tablet,Montelukast Sodium,5 mg,Opsonin Pharma Ltd.,"Unit Price: ৳ 8.06,(42's pack: ৳ 338.52),",(42's pack: ৳ 338.52)
3852,Trilock,allopathic,trilocktablet4-mg,Tablet,Montelukast Sodium,4 mg,Opsonin Pharma Ltd.,"Unit Price: ৳ 6.04,(42's pack: ৳ 253.68),",(42's pack: ৳ 253.68)
2828,Trilix SR,allopathic,trilix-srtablet-sustained-release15-mg,Tablet (Sustained Release),Indapamide,1.5 mg,Silva Pharmaceuticals Ltd.,"Unit Price: ৳ 5.02,(20's pack: ৳ 100.38),",(20's pack: ৳ 100.38)
4950,Trileptal,allopathic,trileptaloral-suspension60-mgml,Oral Suspension,Oxcarbazepine,60 mg/ml,Novartis (Bangladesh) Ltd.,"100 ml bottle: ৳ 1,072.00",
16728,Trimotil,allopathic,trimotiltablet100-mg,Tablet,Trimebutine Maleate,100 mg,Incepta Pharmaceuticals Ltd.,"Unit Price: ৳ 5.00,(50's pack: ৳ 250.00),",(50's pack: ৳ 250.00)
3141,Trimet-MR,allopathic,trimet-mrtablet-modified-release35-mg,Tablet (Modified Release),Trimetazidine Dihydrochloride,35 mg,Drug International Ltd.,"Unit Price: ৳ 6.00,(28's pack: ৳ 168.00),",(28's pack: ৳ 168.00)
3140,Trimet,allopathic,trimettablet20-mg,Tablet,Trimetazidine Dihydrochloride,20 mg,Drug International Ltd.,"Unit Price: ৳ 3.00,(50's pack: ৳ 150.00),",(50's pack: ৳ 150.00)
12807,Trimela,allopathic,trimelacream0014005,Cream,Fluocinolone Acetonide + Hydroquinone + Tretinoin,0.01%+4%+0.05%,Incepta Pharmaceuticals Ltd.,30 gm tube: ৳ 200.00,
3906,Trimcort,allopathic,trimcortoral-paste01,Oral Paste,Triamcinolone Acetonide (Topical),0.10%,Chemist Laboratories  Ltd.,10 gm tube: ৳ 100.00,
3894,Trimcort,allopathic,trimcortimia-injection40-mgml,IM/IA Injection,Triamcinolone Acetonide (Injection),40 mg/ml,Chemist Laboratories  Ltd.,"1 ml vial: ৳ 75.00,(6's pack: ৳ 450.00),",(6's pack: ৳ 450.00)
27079,Trimazole,allopathic,trimazoletopical-solution1,Topical Solution,Clotrimazole (Topical),1%,Opsonin Pharma Ltd.,20 ml bottle: ৳ 68.00,
12400,Trimazole,allopathic,trimazolecream1,Cream,Clotrimazole (Topical),1%,Opsonin Pharma Ltd.,"10 gm tube: ৳ 25.09,20 gm tube: ৳ 45.00",
8117,Trimax,allopathic,trimaxiv-injection2-gmvial,IV Injection,Ceftriaxone Sodium,2 gm/vial,Pharmasia Limited,2 gm vial: ৳ 300.00,
4949,Trileptal,allopathic,trileptaltablet600-mg,Tablet,Oxcarbazepine,600 mg,Novartis (Bangladesh) Ltd.,"Unit Price: ৳ 35.11,(50's pack: ৳ 1,755.49),","(50's pack: ৳ 1,755.49)"
4948,Trileptal,allopathic,trileptaltablet300-mg,Tablet,Oxcarbazepine,300 mg,Novartis (Bangladesh) Ltd.,"Unit Price: ৳ 20.06,(50's pack: ৳ 1,003.00),","(50's pack: ৳ 1,003.00)"
8110,Triject,allopathic,trijectiv-injection2-gmvial,IV Injection,Ceftriaxone Sodium,2 gm/vial,Eskayef Pharmaceuticals Ltd.,2 gm vial: ৳ 300.00,
8109,Triject,allopathic,trijectiv-injection1-gmvial,IV Injection,Ceftriaxone Sodium,1 gm/vial,Eskayef Pharmaceuticals Ltd.,1 gm vial: ৳ 190.00,
8108,Triject,allopathic,trijectiv-injection500-mgvial,IV Injection,Ceftriaxone Sodium,500 mg/vial,Eskayef Pharmaceuticals Ltd.,500 mg vial: ৳ 130.00,
2681,Tritace,allopathic,tritacetablet25-mg,Tablet,Ramipril,2.5 mg,Synovia pharma plc,"Unit Price: ৳ 9.53,(28's pack: ৳ 266.84),",(28's pack: ৳ 266.84)
3910,Trispray,allopathic,trispraynasal-spray55-mcgspray,Nasal Spray,Triamcinolone Acetonide (Nasal Spray),55 mcg/spray,Square Pharmaceuticals Ltd.,120 metered sprays: ৳ 201.00,
20421,Triquin,allopathic,triquincream0014005,Cream,Fluocinolone Acetonide + Hydroquinone + Tretinoin,0.01%+4%+0.05%,UniMed UniHealth,30 gm tube: ৳ 200.00,
9065,Triprim DS,allopathic,triprim-dstablet800-mg160-mg,Tablet,Sulphamethoxazole + Trimethoprim,800 mg+160 mg,Supreme Pharmaceutical Ltd.,"Unit Price: ৳ 2.00,(100's pack: ৳ 200.00),",(100's pack: ৳ 200.00)
9066,Triprim,allopathic,triprimoral-suspension200-mg40-mg5-ml,Oral Suspension,Sulphamethoxazole + Trimethoprim,(200 mg+40 mg)/5 ml,Supreme Pharmaceutical Ltd.,60 ml bottle: ৳ 21.00,
8124,Triphin,allopathic,triphiniv-injection2-gmvial,IV Injection,Ceftriaxone Sodium,2 gm/vial,Ziska Pharmaceuticals Ltd.,2 gm vial: ৳ 250.00,
8123,Triphin,allopathic,triphiniv-injection1-gmvial,IV Injection,Ceftriaxone Sodium,1 gm/vial,Ziska Pharmaceuticals Ltd.,1 gm vial: ৳ 160.00,
8122,Triphin,allopathic,triphiniv-injection500-mgvial,IV Injection,Ceftriaxone Sodium,500 mg/vial,Ziska Pharmaceuticals Ltd.,500 mg vial: ৳ 120.00,
8121,Triphin,allopathic,triphiniv-injection250-mgvial,IV Injection,Ceftriaxone Sodium,250 mg/vial,Ziska Pharmaceuticals Ltd.,250 mg vial: ৳ 80.00,
8120,Triphin,allopathic,triphinim-injection1-gmvial,IM Injection,Ceftriaxone Sodium,1 gm/vial,Ziska Pharmaceuticals Ltd.,1 gm vial: ৳ 160.00,
8119,Triphin,allopathic,triphinim-injection500-mgvial,IM Injection,Ceftriaxone Sodium,500 mg/vial,Ziska Pharmaceuticals Ltd.,500 mg vial: ৳ 120.00,
8118,Triphin,allopathic,triphinim-injection250-mgvial,IM Injection,Ceftriaxone Sodium,250 mg/vial,Ziska Pharmaceuticals Ltd.,250 mg vial: ৳ 80.00,
4158,Triphen,allopathic,triphensyrup30-mg100-mg125-mg5-ml,Syrup,Pseudoephedrine + Guaiphenasine + Triprolidine,(30 mg+100 mg+1.25 mg)/5 ml,Doctor’s Chemical Works Ltd.,100 ml bottle: ৳ 50.00,
30554,Trip,allopathic,triptablet10-mg,Tablet,Amitriptyline Hydrochloride,10 mg,Medicon Pharmaceuticals Ltd.,"Unit Price: ৳ 0.50,(100's pack: ৳ 50.00),",(100's pack: ৳ 50.00)
12724,Triozol,allopathic,triozolcream101,Cream,Econazole Nitrate + Triamcinolone Acetonide,1%+0.1%,Novo Healthcare and Pharma Ltd.,10 gm tube: ৳ 34.00,
16569,Triovix,allopathic,triovixtablet150-mg300-mg200-mg,Tablet,Lamivudine + Zidovudine + Nevirapine,150 mg+300 mg+200 mg,Beximco Pharmaceuticals Ltd.,"Unit Price: ৳ 70.00,(10's pack: ৳ 700.00),",(10's pack: ৳ 700.00)
16727,Tritin,allopathic,tritintablet100-mg,Tablet,Trimebutine Maleate,100 mg,Renata Limited,"Unit Price: ৳ 5.00,(30's pack: ৳ 150.00),",(30's pack: ৳ 150.00)
29831,Tritear,allopathic,tritearophthalmic-solution020361,Ophthalmic Solution,Glycerol + Hypromellose + Polyethylene Glycol 400,0.2%+0.36%+1%,Opsonin Pharma Ltd.,10 ml drop: ৳ 250.00,
2682,Tritace,allopathic,tritacetablet5-mg,Tablet,Ramipril,5 mg,Synovia pharma plc,"Unit Price: ৳ 14.04,(28's pack: ৳ 393.12),",(28's pack: ৳ 393.12)
32124,Triokit,allopathic,triokittablet30-mg1000-mg500-mg,Tablet,Lansoprazole + Amoxicillin + Clarithromycin,30 mg+1000 mg+500 mg,Opsonin Pharma Ltd.,"4 tablet strip: ৳ 55.00,(7's pack: ৳ 385.00),",(7's pack: ৳ 385.00)
16363,Trioclav,allopathic,trioclavtablet200-mg125-mg,Tablet,Cefpodoxime Proxetil + Clavulanic Acid,200 mg+125 mg,Eskayef Pharmaceuticals Ltd.,"Unit Price: ৳ 40.00,(7's pack: ৳ 280.00),",(7's pack: ৳ 280.00)
7673,Triocim DS,allopathic,triocim-dspowder-for-suspension200-mg5-ml,Powder for Suspension,Cefixime Trihydrate,200 mg/5 ml,Beximco Pharmaceuticals Ltd.,50 ml bottle: ৳ 320.00,
7672,Triocim,allopathic,triocimpowder-for-suspension100-mg5-ml,Powder for Suspension,Cefixime Trihydrate,100 mg/5 ml,Beximco Pharmaceuticals Ltd.,50 ml bottle: ৳ 210.00,
7671,Triocim,allopathic,triocimcapsule400-mg,Capsule,Cefixime Trihydrate,400 mg,Beximco Pharmaceuticals Ltd.,"Unit Price: ৳ 50.00,(6's pack: ৳ 300.00),",(6's pack: ৳ 300.00)
7670,Triocim,allopathic,triocimcapsule200-mg,Capsule,Cefixime Trihydrate,200 mg,Beximco Pharmaceuticals Ltd.,"Unit Price: ৳ 35.00,(16's pack: ৳ 560.00),",(16's pack: ৳ 560.00)
7669,Triocef,allopathic,triocefpowder-for-suspension100-mg5-ml,Powder for Suspension,Cefixime Trihydrate,100 mg/5 ml,Nipa Pharmaceuticals Ltd.,"37.5 ml bottle: ৳ 135.00,50 ml bottle: ৳ 195.00",
7668,Triocef,allopathic,triocefcapsule200-mg,Capsule,Cefixime Trihydrate,200 mg,Nipa Pharmaceuticals Ltd.,"Unit Price: ৳ 30.00,(12's pack: ৳ 360.00),",(12's pack: ৳ 360.00)
30420,Trinon,allopathic,trinoncream0025,Cream,Tretinoin (Topical),0.03%,Renata Limited,10 gm tube: ৳ 46.70,
12002,Trin,allopathic,trinsyrup5-mg5-ml,Syrup,Cetirizine Hydrochloride,5 mg/5 ml,Globe Pharmaceuticals Ltd.,60 ml bottle: ৳ 25.00,
12001,Trin,allopathic,trintablet10-mg,Tablet,Cetirizine Hydrochloride,10 mg,Globe Pharmaceuticals Ltd.,"Unit Price: ৳ 2.50,(100's pack: ৳ 250.00),",(100's pack: ৳ 250.00)
28060,Trofurit,allopathic,trofurittablet40-mg,Tablet,Furosemide,40 mg,Ambee Pharmaceuticals Ltd.,"Unit Price: ৳ 0.53,(100's pack: ৳ 53.00),",(100's pack: ৳ 53.00)
20779,Trocer,allopathic,trocertopical-spray400-mcgspray,Topical Spray,Nitroglycerin (Sublingual Spray),400 mcg/spray,Incepta Pharmaceuticals Ltd.,200 metered spray: ৳ 250.00,
3036,Trocer,allopathic,trocercapsule-sustained-release26-mg,Capsule (Sustained Release),Nitroglycerin (Oral preparation),2.6 mg,Incepta Pharmaceuticals Ltd.,"Unit Price: ৳ 5.00,(30's pack: ৳ 150.00),",(30's pack: ৳ 150.00)
30494,Trocane,allopathic,trocaneophthalmic-solution085,Ophthalmic Solution,Tropicamide + Phenylephrine Hydrochloride,0.8%+5%,Drug International Ltd.,5 ml drop: ৳ 70.00,
8131,Trizon,allopathic,trizoniv-injection2-gmvial,IV Injection,Ceftriaxone Sodium,2 gm/vial,ACME Laboratories Ltd.,2 gm vial: ৳ 300.90,
8130,Trizon,allopathic,trizoniv-injection1-gmvial,IV Injection,Ceftriaxone Sodium,1 gm/vial,ACME Laboratories Ltd.,1 gm vial: ৳ 190.58,
8129,Trizon,allopathic,trizoniv-injection500-mgvial,IV Injection,Ceftriaxone Sodium,500 mg/vial,ACME Laboratories Ltd.,500 mg vial: ৳ 130.39,
8127,Trizon,allopathic,trizonim-injection1-gmvial,IM Injection,Ceftriaxone Sodium,1 gm/vial,ACME Laboratories Ltd.,1 gm vial: ৳ 190.58,
8126,Trizon,allopathic,trizonim-injection500-mgvial,IM Injection,Ceftriaxone Sodium,500 mg/vial,ACME Laboratories Ltd.,500 mg vial: ৳ 130.39,
8125,Trizon,allopathic,trizonim-injection250-mgvial,IM Injection,Ceftriaxone Sodium,250 mg/vial,ACME Laboratories Ltd.,250 mg vial: ৳ 100.30,
26930,Trizin,allopathic,trizinophthalmic-solution024,Ophthalmic Solution,Cetirizine Hydrochloride (Ophthalmic),0.24%,Navana Pharmaceuticals Ltd.,5 ml drop: ৳ 140.00,
12024,Trizin,allopathic,trizinsyrup5-mg5-ml,Syrup,Cetirizine Hydrochloride,5 mg/5 ml,Navana Pharmaceuticals Ltd.,60 ml bottle: ৳ 30.00,
12007,Trizin,allopathic,trizintablet10-mg,Tablet,Cetirizine Hydrochloride,10 mg,Navana Pharmaceuticals Ltd.,"Unit Price: ৳ 1.00,(100's pack: ৳ 100.00),",(100's pack: ৳ 100.00)
7891,Trizidim,allopathic,trizidimimiv-injection1-gmvial,IM/IV Injection,Ceftazidime Pentahydrate,1 gm/vial,ACME Laboratories Ltd.,1 gm vial: ৳ 216.45,
7890,Trizidim,allopathic,trizidimimiv-injection500-mgvial,IM/IV Injection,Ceftazidime Pentahydrate,500 mg/vial,ACME Laboratories Ltd.,500 mg vial: ৳ 115.78,
7889,Trizidim,allopathic,trizidimimiv-injection250-mgvial,IM/IV Injection,Ceftazidime Pentahydrate,250 mg/vial,ACME Laboratories Ltd.,250 mg vial: ৳ 70.47,
10241,Troniz,allopathic,troniztablet500-mg,Tablet,Ornidazole,500 mg,UniMed UniHealth,"Unit Price: ৳ 6.50,(30's pack: ৳ 195.00),",(30's pack: ৳ 195.00)
15402,Tromark,allopathic,tromarktablet10-mg,Tablet,Ketorolac Tromethamine,10 mg,Hallmark Pharmaceuticals Ltd.,"Unit Price: ৳ 8.00,(30's pack: ৳ 240.00),",(30's pack: ৳ 240.00)
19658,Trolen,allopathic,trolencapsule25-mg,Capsule,Dantrolene Sodium,25 mg,Drug International Ltd.,"Unit Price: ৳ 10.00,(20's pack: ৳ 200.00),",(20's pack: ৳ 200.00)
21275,Troket,allopathic,trokettablet10-mg,Tablet,Ketorolac Tromethamine,10 mg,Orbit Pharmaceuticals Ltd.,Unit Price: ৳ 10.00,
28061,Trofurit,allopathic,trofuritimiv-injection20-mg2-ml,IM/IV Injection,Furosemide,20 mg/2 ml,Ambee Pharmaceuticals Ltd.,"2 ml ampoule: ৳ 3.53,(10's pack: ৳ 35.34),",(10's pack: ৳ 35.34)
30371,Trizedon MR,allopathic,trizedon-mrtablet-modified-release35-mg,Tablet (Modified Release),Trimetazidine Dihydrochloride,35 mg,Renata Limited,"Unit Price: ৳ 8.00,(30's pack: ৳ 240.00),",(30's pack: ৳ 240.00)
32565,Trixotim,allopathic,trixotimtablet325-mg375-mg,Tablet,Paracetamol + Tramadol Hydrochloride,325 mg+37.5 mg,Doctor TIMS Pharmaceuticals Ltd.,"Unit Price: ৳ 8.03,(30's pack: ৳ 240.92),",(30's pack: ৳ 240.92)
32564,Trixotim,allopathic,trixotimiv-injection1-gmvial,IV Injection,Ceftriaxone Sodium,1 gm/vial,Doctor TIMS Pharmaceuticals Ltd.,1 gm vial: ৳ 190.00,
18735,Trixim,allopathic,triximpowder-for-suspension100-mg5-ml,Powder for Suspension,Cefixime Trihydrate,100 mg/5 ml,Ethical Drug Ltd.,50 ml bottle: ৳ 190.00,
18734,Trixim,allopathic,triximcapsule400-mg,Capsule,Cefixime Trihydrate,400 mg,Ethical Drug Ltd.,"Unit Price: ৳ 50.00,(7's pack: ৳ 350.00),",(7's pack: ৳ 350.00)
18733,Trixim,allopathic,triximcapsule200-mg,Capsule,Cefixime Trihydrate,200 mg,Ethical Drug Ltd.,"Unit Price: ৳ 30.00,(21's pack: ৳ 630.00),",(21's pack: ৳ 630.00)
32788,Trivorin,allopathic,trivorintablet50-mg,Tablet,Voriconazole,50 mg,Somatec Pharmaceuticals Ltd.,Unit Price: ৳ 50.00,
32787,Trivorin,allopathic,trivorintablet200-mg,Tablet,Voriconazole,200 mg,Somatec Pharmaceuticals Ltd.,Unit Price: ৳ 120.00,
25681,Trivit,allopathic,trivittablet6-mg200-mg50-mg,Tablet,Betacarotene + Vitamin C + Vitamin E,6 mg+200 mg+50 mg,Astra Biopharmaceuticals Ltd.,Unit Price: ৳ 3.00,
3598,Trulax,allopathic,trulaxsyrup1-mg5-ml,Syrup,Levosalbutamol (Oral),1 mg/5 ml,Renata Limited,100 ml bottle: ৳ 45.00,
12816,Trugain,allopathic,trugainscalp-solution5,Scalp Solution,Minoxidil,5%,Ziska Pharmaceuticals Ltd.,60 ml bottle: ৳ 450.00,
12815,Trugain,allopathic,trugainscalp-solution2,Scalp Solution,Minoxidil,2%,Ziska Pharmaceuticals Ltd.,60 ml bottle: ৳ 400.00,
11294,Trufen,allopathic,trufentablet400-mg,Tablet,Ibuprofen,400 mg,Modern Pharmaceuticals Ltd.,"Unit Price: ৳ 1.26,(100's pack: ৳ 126.00),",(100's pack: ৳ 126.00)
7819,Trucef DS,allopathic,trucef-dspowder-for-suspension80-mg5-ml,Powder for Suspension,Cefpodoxime Proxetil,80 mg/5 ml,Renata Limited,50 ml bottle: ৳ 175.66,
7820,Trucef,allopathic,trucefpediatric-drops20-mgml,Pediatric Drops,Cefpodoxime Proxetil,20 mg/ml,Renata Limited,15 ml bottle: ৳ 60.23,
7818,Trucef,allopathic,trucefpowder-for-suspension40-mg5-ml,Powder for Suspension,Cefpodoxime Proxetil,40 mg/5 ml,Renata Limited,50 ml bottle: ৳ 98.37,
28158,Trucal,allopathic,trucaltablet400-mg,Tablet,Calcium Orotate,400 mg,Apex Pharmaceuticals Ltd.,"Unit Price: ৳ 8.00,(30's pack: ৳ 240.00),",(30's pack: ৳ 240.00)
6757,Trubid,allopathic,trubidpowder-for-suspension125-mg5-ml,Powder for Suspension,Cefadroxil Monohydrate,125 mg/5 ml,Opsonin Pharma Ltd.,"60 ml bottle: ৳ 50.19,100 ml bottle: ৳ 70.26",
6756,Trubid,allopathic,trubidcapsule500-mg,Capsule,Cefadroxil Monohydrate,500 mg,Opsonin Pharma Ltd.,"Unit Price: ৳ 15.00,(24's pack: ৳ 360.00),",(24's pack: ৳ 360.00)
15403,Troy,allopathic,troytablet10-mg,Tablet,Ketorolac Tromethamine,10 mg,Amico Laboratories Ltd.,"Unit Price: ৳ 10.00,(30's pack: ৳ 300.00),",(30's pack: ৳ 300.00)
30598,Trovastin,allopathic,trovastintablet5-mg10-mg,Tablet,Amlodipine Besilate + Atorvastatin,5 mg+10 mg,Popular Pharmaceuticals Ltd.,"Unit Price: ৳ 11.00,(30's pack: ৳ 330.00),",(30's pack: ৳ 330.00)
1245,Trova,allopathic,trovatablet20-mg,Tablet,Atorvastatin Calcium,20 mg,Biopharma Laboratories Ltd.,"Unit Price: ৳ 18.00,(10's pack: ৳ 180.00),",(10's pack: ৳ 180.00)
1244,Trova,allopathic,trovatablet10-mg,Tablet,Atorvastatin Calcium,10 mg,Biopharma Laboratories Ltd.,"Unit Price: ৳ 10.00,(30's pack: ৳ 300.00),",(30's pack: ৳ 300.00)
30108,Trospi,allopathic,trospitablet20-mg,Tablet,Trospium Chloride,20 mg,UniMed UniHealth,"Unit Price: ৳ 9.00,(30's pack: ৳ 270.00),",(30's pack: ৳ 270.00)
16050,Tropigen Plus,allopathic,tropigen-plusophthalmic-solution085,Ophthalmic Solution,Tropicamide + Phenylephrine Hydrochloride,0.8%+5%,General Pharmaceuticals Ltd.,5 ml drop: ৳ 80.24,
7892,Trum 3,allopathic,trum-3imiv-injection250-mgvial,IM/IV Injection,Ceftazidime Pentahydrate,250 mg/vial,Drug International Ltd.,250 mg vial: ৳ 70.25,
28949,Trulicity,allopathic,trulicitysc-injection15-mg05-ml,SC Injection,Dulaglutide,1.5 mg/0.5 ml,Eli Lilly and Company,"1.5 mg pre-filled syringe: ৳ 3,395.00,(4's pack: ৳ 13,580.00),","(4's pack: ৳ 13,580.00)"
28948,Trulicity,allopathic,trulicitysc-injection075-mg05-ml,SC Injection,Dulaglutide,0.75 mg/0.5 ml,Eli Lilly and Company,"0.75 mg pre-filled syringe: ৳ 3,395.00,(4's pack: ৳ 13,580.00),","(4's pack: ৳ 13,580.00)"
16041,Tropigen,allopathic,tropigenophthalmic-solution1,Ophthalmic Solution,Tropicamide,1%,General Pharmaceuticals Ltd.,5 ml drop: ৳ 85.26,
16049,Tropidil Plus,allopathic,tropidil-plusophthalmic-solution085,Ophthalmic Solution,Tropicamide + Phenylephrine Hydrochloride,0.8%+5%,Popular Pharmaceuticals Ltd.,5 ml drop: ৳ 80.30,
16040,Tropidil,allopathic,tropidilophthalmic-solution1,Ophthalmic Solution,Tropicamide,1%,Popular Pharmaceuticals Ltd.,5 ml drop: ৳ 85.32,
16039,Tropicamin,allopathic,tropicaminophthalmic-solution1,Ophthalmic Solution,Tropicamide,1%,Nipa Pharmaceuticals Ltd.,5 ml drop: ৳ 85.01,
16038,Tropicamin,allopathic,tropicaminophthalmic-solution05,Ophthalmic Solution,Tropicamide,0.50%,Nipa Pharmaceuticals Ltd.,5 ml drop: ৳ 60.00,
16037,Tropicamide,allopathic,tropicamideophthalmic-solution1,Ophthalmic Solution,Tropicamide,1%,Opso Saline Ltd.,5 ml drop: ৳ 85.29,
16036,Tropicamide,allopathic,tropicamideophthalmic-solution05,Ophthalmic Solution,Tropicamide,0.50%,Opso Saline Ltd.,5 ml drop: ৳ 60.00,
16035,Tropicam,allopathic,tropicamophthalmic-solution1,Ophthalmic Solution,Tropicamide,1%,Aristopharma Ltd.,5 ml drop: ৳ 85.00,
16034,Tropicam,allopathic,tropicamophthalmic-solution05,Ophthalmic Solution,Tropicamide,0.50%,Aristopharma Ltd.,5 ml drop: ৳ 60.00,
16047,Trophen,allopathic,trophenophthalmic-solution085,Ophthalmic Solution,Tropicamide + Phenylephrine Hydrochloride,0.8%+5%,Aristopharma Ltd.,5 ml drop: ৳ 90.00,
26249,Tropex,allopathic,tropexinhalation-capsule18-mcg,Inhalation Capsule,Tiotropium (Dry Powder Inhaler),18 mcg,Incepta Pharmaceuticals Ltd.,"Unit Price: ৳ 8.00,(30's pack: ৳ 240.00),",(30's pack: ৳ 240.00)
30716,Tulsi,allopathic,tulsisyrup125-mg5-ml,Syrup,Carbocisteine,125 mg/5 ml,Euro Pharma Ltd.,100 ml bottle: ৳ 40.00,
2408,Tulos,allopathic,tulosoral-solution335-gm5-ml,Oral Solution,Lactulose,3.35 gm/5 ml,ACME Laboratories Ltd.,"100 ml bottle: ৳ 140.00,200 ml bottle: ৳ 230.00",
2407,Tulac,allopathic,tulacoral-solution335-gm5-ml,Oral Solution,Lactulose,3.35 gm/5 ml,Eskayef Pharmaceuticals Ltd.,"50 ml bottle: ৳ 65.00,100 ml bottle: ৳ 140.00,200 ml bottle: ৳ 230.00",
11639,Tufnil,allopathic,tufniltablet200-mg,Tablet,Tolfenamic acid,200 mg,Eskayef Pharmaceuticals Ltd.,"Unit Price: ৳ 10.00,(40's pack: ৳ 400.00),,Unit Price: ৳ 10.00,(50's pack: ৳ 500.00),","(40's pack: ৳ 400.00),(50's pack: ৳ 500.00)"
30109,Tufmig,allopathic,tufmigtablet200-mg,Tablet,Tolfenamic acid,200 mg,UniMed UniHealth,"Unit Price: ৳ 10.00,(30's pack: ৳ 300.00),",(30's pack: ৳ 300.00)
32332,Tufexil,allopathic,tufexiltablet200-mg,Tablet,Tolfenamic acid,200 mg,Al-Madina Pharmaceuticals Ltd.,"Unit Price: ৳ 8.00,(30's pack: ৳ 240.00),",(30's pack: ৳ 240.00)
29888,TTO Thermal,allopathic,tto-thermalshampoo,Shampoo,Tea tree oil + Geothermal water (eye),,"JEO MED, Turkey","45 ml bottle: ৳ 950.00,100 ml bottle: ৳ 1,590.00",
15253,TT vax,allopathic,tt-vaxim-injection40-iu05-ml,IM Injection,Adsorbed Tetanus Vaccine,40 IU/0.5 ml,Popular Pharmaceuticals Ltd.,"0.5 ml vial: ৳ 95.00,(5's pack: ৳ 475.00),",(5's pack: ৳ 475.00)
629,Tryptin,allopathic,tryptintablet25-mg,Tablet,Amitriptyline Hydrochloride,25 mg,Square Pharmaceuticals Ltd.,"Unit Price: ৳ 1.76,(200's pack: ৳ 352.00),",(200's pack: ৳ 352.00)
628,Tryptin,allopathic,tryptintablet10-mg,Tablet,Amitriptyline Hydrochloride,10 mg,Square Pharmaceuticals Ltd.,"Unit Price: ৳ 0.85,(200's pack: ৳ 170.00),",(200's pack: ৳ 170.00)
25679,Truzith,allopathic,truzithpowder-for-suspension200-mg5-ml,Powder for Suspension,Azithromycin Dihydrate,200 mg/5 ml,The White Horse Pharma,"35 ml bottle: ৳ 130.00,50 ml bottle: ৳ 180.00",
8706,Truzith,allopathic,truzithtablet500-mg,Tablet,Azithromycin Dihydrate,500 mg,The White Horse Pharma,"Unit Price: ৳ 32.00,(12's pack: ৳ 384.00),",(12's pack: ৳ 384.00)
444,Truxil,allopathic,truxiltablet30-mg10-mg,Tablet,Almitrine Bismesylate + Raubasine,30 mg+10 mg,Square Pharmaceuticals Ltd.,"Unit Price: ৳ 10.03,(30's pack: ৳ 300.90),",(30's pack: ৳ 300.90)
18784,Truso PD,allopathic,truso-pdpediatric-drops25-mgml,Pediatric Drops,Cefixime Trihydrate,25 mg/ml,Orion Pharma Ltd.,15 ml bottle: ৳ 80.24,
7677,Truso DS,allopathic,truso-dspowder-for-suspension200-mg5-ml,Powder for Suspension,Cefixime Trihydrate,200 mg/5 ml,Orion Pharma Ltd.,50 ml bottle: ৳ 280.83,
7676,Truso,allopathic,trusopowder-for-suspension100-mg5-ml,Powder for Suspension,Cefixime Trihydrate,100 mg/5 ml,Orion Pharma Ltd.,"37.5 ml bottle: ৳ 135.00,50 ml bottle: ৳ 210.00",
7675,Truso,allopathic,trusocapsule400-mg,Capsule,Cefixime Trihydrate,400 mg,Orion Pharma Ltd.,"Unit Price: ৳ 50.15,(8's pack: ৳ 401.20),",(8's pack: ৳ 401.20)
7674,Truso,allopathic,trusocapsule200-mg,Capsule,Cefixime Trihydrate,200 mg,Orion Pharma Ltd.,"Unit Price: ৳ 35.11,(16's pack: ৳ 561.76),",(16's pack: ৳ 561.76)
16051,Trusil Plus,allopathic,trusil-plusophthalmic-solution085,Ophthalmic Solution,Tropicamide + Phenylephrine Hydrochloride,0.8%+5%,Gaco Pharmaceuticals Ltd.,5 ml drop: ৳ 85.00,
16043,Trusil,allopathic,trusilophthalmic-solution1,Ophthalmic Solution,Tropicamide,1%,Gaco Pharmaceuticals Ltd.,5 ml drop: ৳ 76.09,
16042,Trusil,allopathic,trusilophthalmic-solution05,Ophthalmic Solution,Tropicamide,0.50%,Gaco Pharmaceuticals Ltd.,5 ml drop: ৳ 55.80,
2253,Trupan,allopathic,trupaniv-injection40-mgvial,IV Injection,Pantoprazole Sodium Sesquihydrate,40 mg/vial,Square Pharmaceuticals Ltd.,40 mg vial: ৳ 80.24,
2252,Trupan,allopathic,trupantablet-enteric-coated40-mg,Tablet (Enteric Coated),Pantoprazole Sodium Sesquihydrate,40 mg,Square Pharmaceuticals Ltd.,"Unit Price: ৳ 7.02,(60's pack: ৳ 421.20),",(60's pack: ৳ 421.20)
2251,Trupan,allopathic,trupantablet-enteric-coated20-mg,Tablet (Enteric Coated),Pantoprazole Sodium Sesquihydrate,20 mg,Square Pharmaceuticals Ltd.,"Unit Price: ৳ 5.02,(60's pack: ৳ 301.20),",(60's pack: ৳ 301.20)
19413,Trunac,allopathic,trunactopical-gel120025,Topical Gel,Clindamycin + Tretinoin,1.2%+0.025%,Pharmasia Limited,15 gm tube: ৳ 140.00,
10726,Trumen,allopathic,trumenimiv-injection100-mg2-ml,IM/IV Injection,Tramadol Hydrochloride,100 mg/2 ml,General Pharmaceuticals Ltd.,"2 mg ampoule: ৳ 22.07,(5's pack: ৳ 110.35),",(5's pack: ৳ 110.35)
10725,Trumen,allopathic,trumencapsule50-mg,Capsule,Tramadol Hydrochloride,50 mg,General Pharmaceuticals Ltd.,"Unit Price: ৳ 7.56,(30's pack: ৳ 226.80),",(30's pack: ৳ 226.80)
31036,Trumega,allopathic,trumegacapsule1000-mg,Capsule,Omega-3 Acid Ethyl Esters [Salmon Fish Oil],1000 mg,Square Pharmaceuticals Ltd.,"Unit Price: ৳ 15.00,(30's pack: ৳ 450.00),",(30's pack: ৳ 450.00)
7894,Trum 3,allopathic,trum-3imiv-injection1-gmvial,IM/IV Injection,Ceftazidime Pentahydrate,1 gm/vial,Drug International Ltd.,1 gm vial: ৳ 225.70,
7893,Trum 3,allopathic,trum-3imiv-injection500-mgvial,IM/IV Injection,Ceftazidime Pentahydrate,500 mg/vial,Drug International Ltd.,500 mg vial: ৳ 120.40,
16571,Twinvir,allopathic,twinvirtablet90-mg400-mg,Tablet,Ledipasvir + Sofosbuvir,90 mg+400 mg,Incepta Pharmaceuticals Ltd.,"Unit Price: ৳ 1,000.00,(28's pack: ৳ 28,000.00),,Unit Price: ৳ 1,000.00,(6's pack: ৳ 6,000.00),","(28's pack: ৳ 28,000.00),(6's pack: ৳ 6,000.00)"
32385,Twindopa,allopathic,twindopatablet250-mg25-mg,Tablet,Levodopa + Carbidopa (FC tablet),250 mg+25 mg,Incepta Pharmaceuticals Ltd.,"Unit Price: ৳ 10.00,(30's pack: ৳ 300.00),",(30's pack: ৳ 300.00)
32384,Twindopa,allopathic,twindopatablet100-mg25-mg,Tablet,Levodopa + Carbidopa (FC tablet),100 mg+25 mg,Incepta Pharmaceuticals Ltd.,"Unit Price: ৳ 8.00,(30's pack: ৳ 240.00),",(30's pack: ৳ 240.00)
32383,Twindopa,allopathic,twindopatablet100-mg10-mg,Tablet,Levodopa + Carbidopa (FC tablet),100 mg+10 mg,Incepta Pharmaceuticals Ltd.,"Unit Price: ৳ 7.00,(30's pack: ৳ 210.00),",(30's pack: ৳ 210.00)
33171,Twincard,allopathic,twincardtablet50-mg25-mg,Tablet,Atenolol + Chlorthalidone,50 mg+25 mg,Incepta Pharmaceuticals Ltd.,Price Unavailable,
6759,Twicef,allopathic,twicefcapsule500-mg,Capsule,Cefadroxil Monohydrate,500 mg,ACME Laboratories Ltd.,"Unit Price: ৳ 12.09,(20's pack: ৳ 241.80),",(20's pack: ৳ 241.80)
27483,Tweet Silver,allopathic,tweet-silvertablet,Tablet,Multivitamin & Multimineral [A-Z silver preparation],,Benham Pharmaceuticals Ltd.,"Unit Price: ৳ 9.00,(30's pack: ৳ 270.00),",(30's pack: ৳ 270.00)
27482,Tweet Gold,allopathic,tweet-goldtablet,Tablet,Multivitamin & Multimineral [A-Z gold preparation],,Benham Pharmaceuticals Ltd.,"Unit Price: ৳ 9.00,(15's pack: ৳ 135.00),,Unit Price: ৳ 9.00,(30's pack: ৳ 270.00),","(15's pack: ৳ 135.00),(30's pack: ৳ 270.00)"
27481,Tweet Gold,allopathic,tweet-goldsyrup,Syrup,Multivitamin & Multimineral [A-Z gold preparation],,Benham Pharmaceuticals Ltd.,"100 ml bottle: ৳ 90.00,200 ml bottle: ৳ 158.00",
30926,Tussy,allopathic,tussysyrup30-mg100-mg125-mg5-ml,Syrup,Pseudoephedrine + Guaiphenasine + Triprolidine,(30 mg+100 mg+1.25 mg)/5 ml,Somatec Pharmaceuticals Ltd.,100 ml bottle: ৳ 31.62,
3997,Tussidex,allopathic,tussidexsyrup10-mg5-ml,Syrup,Dextromethorphan Hydrobromide,10 mg/5 ml,UniMed UniHealth,100 ml bottle: ৳ 23.00,
28300,Tussibic,allopathic,tussibictablet-sustained-release50-mg,Tablet (Sustained Release),Butamirate Citrate,50 mg,UniMed UniHealth,"Unit Price: ৳ 10.00,(30's pack: ৳ 300.00),",(30's pack: ৳ 300.00)
18429,Tussibic,allopathic,tussibicsyrup75-mg5-ml,Syrup,Butamirate Citrate,7.5 mg/5 ml,UniMed UniHealth,100 ml bottle: ৳ 80.00,
26314,Tuspel,allopathic,tuspelsyrup200-mg15-mg15-mg5-ml,Syrup,Guaifenesin + Dextromethorphan + Menthol,(200 mg+15 mg+15 mg)/5 ml,Beximco Pharmaceuticals Ltd.,100 ml bottle: ৳ 85.00,
31616,Tushinta,allopathic,tushintasyrup20-mg10-mg25-mg5-ml,Syrup,Dextromethorphan + Phenylephrine + Triprolidine,(20 mg+10 mg+2.5 mg)/5 ml,DBL Pharmaceuticals Ltd.,100 ml bottle: ৳ 100.00,
26803,Tuscof,allopathic,tuscofsyrup100-mg11-mg14-mg5-ml,Syrup,Guaifenesin + Levomenthol + Diphenhydramine,(100 mg+1.1 mg+14 mg)/5 ml,Eskayef Pharmaceuticals Ltd.,100 ml bottle: ৳ 85.00,
10631,Ty-Plus,allopathic,ty-plustablet500-mg65-mg,Tablet,Paracetamol + Caffeine,500 mg+65 mg,Edruc Limited,"Unit Price: ৳ 1.90,(100's pack: ৳ 189.82),,Unit Price: ৳ 1.90,(150's pack: ৳ 285.21),","(100's pack: ৳ 189.82),(150's pack: ৳ 285.21)"
32926,Twotil,allopathic,twotiltablet500-mg,Tablet,Cefuroxime Axetil,500 mg,Arges Life Science Limited,"Unit Price: ৳ 45.00,(6's pack: ৳ 270.00),",(6's pack: ৳ 270.00)
32925,Twotil,allopathic,twotiltablet250-mg,Tablet,Cefuroxime Axetil,250 mg,Arges Life Science Limited,"Unit Price: ৳ 25.00,(12's pack: ৳ 300.00),",(12's pack: ৳ 300.00)
11579,Twist,allopathic,twisttablet-delayed-release500-mg20-mg,Tablet (Delayed Release),Naproxen Sodium + Esomeprazole Magnesium,500 mg+20 mg,Chemist Laboratories  Ltd.,"Unit Price: ৳ 10.00,(60's pack: ৳ 600.00),",(60's pack: ৳ 600.00)
26286,Tusca Plus,allopathic,tusca-plussyrup100-mg11-mg14-mg5-ml,Syrup,Guaifenesin + Levomenthol + Diphenhydramine,(100 mg+1.1 mg+14 mg)/5 ml,Square Pharmaceuticals Ltd.,100 ml bottle: ৳ 80.00,
4159,Tusca,allopathic,tuscasyrup30-mg100-mg125-mg5-ml,Syrup,Pseudoephedrine + Guaiphenasine + Triprolidine,(30 mg+100 mg+1.25 mg)/5 ml,Square Pharmaceuticals Ltd.,100 ml bottle: ৳ 65.00,
26313,Turboclav,allopathic,turboclavtablet500-mg125-mg,Tablet,Cefuroxime Axetil + Clavulanic Acid,500 mg+125 mg,Beximco Pharmaceuticals Ltd.,"Unit Price: ৳ 50.00,(8's pack: ৳ 400.00),",(8's pack: ৳ 400.00)
26312,Turboclav,allopathic,turboclavtablet250-mg625-mg,Tablet,Cefuroxime Axetil + Clavulanic Acid,250 mg+62.5 mg,Beximco Pharmaceuticals Ltd.,"Unit Price: ৳ 30.00,(12's pack: ৳ 360.00),",(12's pack: ৳ 360.00)
7355,Turbocef,allopathic,turbocefiv-injection15-gmvial,IV Injection,Cefuroxime Axetil,1.5 gm/vial,Beximco Pharmaceuticals Ltd.,1.5 gm vial: ৳ 200.00,
7354,Turbocef,allopathic,turbocefimiv-injection750-mgvial,IM/IV Injection,Cefuroxime Axetil,750 mg/vial,Beximco Pharmaceuticals Ltd.,750 mg vial: ৳ 125.00,
7353,Turbocef,allopathic,turbocefpowder-for-suspension125-mg5-ml,Powder for Suspension,Cefuroxime Axetil,125 mg/5 ml,Beximco Pharmaceuticals Ltd.,70 ml bottle: ৳ 240.00,
7352,Turbocef,allopathic,turboceftablet500-mg,Tablet,Cefuroxime Axetil,500 mg,Beximco Pharmaceuticals Ltd.,"Unit Price: ৳ 45.00,(7's pack: ৳ 315.00),",(7's pack: ৳ 315.00)
7351,Turbocef,allopathic,turboceftablet250-mg,Tablet,Cefuroxime Axetil,250 mg,Beximco Pharmaceuticals Ltd.,"Unit Price: ৳ 25.00,(14's pack: ৳ 350.00),",(14's pack: ৳ 350.00)
8182,Tupime,allopathic,tupimeimiv-injection1-gmvial,IM/IV Injection,Cefepime Hydrochloride,1 gm/vial,Kemiko Pharmaceuticals Ltd.,1 gm vial: ৳ 551.65,
7070,Tydin DS,allopathic,tydin-dspowder-for-suspension250-mg5-ml,Powder for Suspension,Cephradine,250 mg/5 ml,Somatec Pharmaceuticals Ltd.,100 ml bottle: ৳ 120.46,
7068,Tydin,allopathic,tydinpowder-for-suspension125-mg5-ml,Powder for Suspension,Cephradine,125 mg/5 ml,Somatec Pharmaceuticals Ltd.,100 ml bottle: ৳ 82.00,
7067,Tydin,allopathic,tydincapsule500-mg,Capsule,Cephradine,500 mg,Somatec Pharmaceuticals Ltd.,"Unit Price: ৳ 14.68,(20's pack: ৳ 293.60),",(20's pack: ৳ 293.60)
10536,Tydenol,allopathic,tydenoloral-suspension120-mg5-ml,Oral Suspension,Paracetamol,120 mg/5 ml,Edruc Limited,60 ml bottle: ৳ 21.00,
10535,Tydenol,allopathic,tydenoltablet500-mg,Tablet,Paracetamol,500 mg,Edruc Limited,"Unit Price: ৳ 0.80,(200's pack: ৳ 160.00),",(200's pack: ৳ 160.00)
12981,Tycon,allopathic,tyconsuppository300-mg,Suppository,Tioconazole,300 mg,ACME Laboratories Ltd.,"Unit Price: ৳ 60.40,(5's pack: ৳ 302.00),",(5's pack: ৳ 302.00)
12451,Tycon,allopathic,tyconcream1,Cream,Tioconazole,1%,ACME Laboratories Ltd.,10 gm tube: ৳ 47.86,
19569,Tyclox,allopathic,tycloxpowder-for-suspension125-mg5-ml,Powder for Suspension,Cloxacillin Sodium,125 mg/5 ml,Astra Biopharmaceuticals Ltd.,100 ml bottle: ৳ 40.00,
19568,Tyclox,allopathic,tycloxcapsule500-mg,Capsule,Cloxacillin Sodium,500 mg,Astra Biopharmaceuticals Ltd.,Unit Price: ৳ 5.95,
938,Tyclav BID,allopathic,tyclav-bidpowder-for-suspension400-mg5750-mg5-ml,Powder for Suspension,Amoxicillin + Clavulanic Acid,(400 mg+57.50 mg)/5 ml,Beximco Pharmaceuticals Ltd.,50 ml bottle: ৳ 230.00,
937,Tyclav,allopathic,tyclavtablet500-mg125-mg,Tablet,Amoxicillin + Clavulanic Acid,500 mg+125 mg,Beximco Pharmaceuticals Ltd.,"Unit Price: ৳ 32.00,(18's pack: ৳ 576.00),",(18's pack: ৳ 576.00)
936,Tyclav,allopathic,tyclavtablet250-mg125-mg,Tablet,Amoxicillin + Clavulanic Acid,250 mg+125 mg,Beximco Pharmaceuticals Ltd.,"Unit Price: ৳ 25.00,(18's pack: ৳ 450.00),",(18's pack: ৳ 450.00)
935,Tyclav,allopathic,tyclavtablet875-mg125-mg,Tablet,Amoxicillin + Clavulanic Acid,875 mg+125 mg,Beximco Pharmaceuticals Ltd.,"Unit Price: ৳ 45.00,(12's pack: ৳ 540.00),",(12's pack: ৳ 540.00)
934,Tyclav,allopathic,tyclaviv-injection1-gm200-mg20-ml,IV Injection,Amoxicillin + Clavulanic Acid,(1 gm+200 mg)/20 ml,Beximco Pharmaceuticals Ltd.,1.2 gm vial: ৳ 300.00,
933,Tyclav,allopathic,tyclaviv-injection500-mg100-mg10-ml,IV Injection,Amoxicillin + Clavulanic Acid,(500 mg+100 mg)/10 ml,Beximco Pharmaceuticals Ltd.,600 mg vial: ৳ 150.00,
932,Tyclav,allopathic,tyclavpowder-for-suspension125-mg3125-mg5-ml,Powder for Suspension,Amoxicillin + Clavulanic Acid,(125 mg+31.25 mg)/5 ml,Beximco Pharmaceuticals Ltd.,100 ml bottle: ৳ 220.00,
9350,Tyflox,allopathic,tyfloxpowder-for-suspension250-mg5-ml,Powder for Suspension,Ciprofloxacin,250 mg/5 ml,Somatec Pharmaceuticals Ltd.,60 ml bottle: ৳ 100.00,
9348,Tyflox,allopathic,tyfloxtablet500-mg,Tablet,Ciprofloxacin,500 mg,Somatec Pharmaceuticals Ltd.,"Unit Price: ৳ 14.00,(30's pack: ৳ 420.00),",(30's pack: ৳ 420.00)
11317,Tyflam,allopathic,tyflamtablet400-mg,Tablet,Ibuprofen,400 mg,Astra Biopharmaceuticals Ltd.,"Unit Price: ৳ 1.43,(100's pack: ৳ 143.00),",(100's pack: ৳ 143.00)
27942,Tyfax DS,allopathic,tyfax-dscapsule400-mg,Capsule,Cefixime Trihydrate,400 mg,The White Horse Pharma,"Unit Price: ৳ 50.00,(8's pack: ৳ 400.00),",(8's pack: ৳ 400.00)
7680,Tyfax,allopathic,tyfaxpowder-for-suspension100-mg5-ml,Powder for Suspension,Cefixime Trihydrate,100 mg/5 ml,The White Horse Pharma,50 ml bottle: ৳ 195.74,
7678,Tyfax,allopathic,tyfaxcapsule200-mg,Capsule,Cefixime Trihydrate,200 mg,The White Horse Pharma,"Unit Price: ৳ 25.00,(12's pack: ৳ 300.00),",(12's pack: ৳ 300.00)
29055,Tydox,allopathic,tydoxcapsule100-mg,Capsule,Doxycycline Hydrochloride,100 mg,Somatec Pharmaceuticals Ltd.,"Unit Price: ৳ 2.01,(100's pack: ৳ 201.00),",(100's pack: ৳ 201.00)
6656,Tycil DS,allopathic,tycil-dspowder-for-suspension250-mg5-ml,Powder for Suspension,Amoxicillin Trihydrate,250 mg/5 ml,Beximco Pharmaceuticals Ltd.,100 ml bottle: ৳ 100.00,
6657,Tycil,allopathic,tycilpediatric-drops125-mg125-ml,Pediatric Drops,Amoxicillin Trihydrate,125 mg/1.25 ml,Beximco Pharmaceuticals Ltd.,15 ml bottle: ৳ 35.00,
6655,Tycil,allopathic,tycilpowder-for-suspension125-mg5-ml,Powder for Suspension,Amoxicillin Trihydrate,125 mg/5 ml,Beximco Pharmaceuticals Ltd.,100 ml bottle: ৳ 70.00,
6654,Tycil,allopathic,tycilcapsule500-mg,Capsule,Amoxicillin Trihydrate,500 mg,Beximco Pharmaceuticals Ltd.,"Unit Price: ৳ 7.50,(50's pack: ৳ 375.00),",(50's pack: ৳ 375.00)
6653,Tycil,allopathic,tycilcapsule250-mg,Capsule,Amoxicillin Trihydrate,250 mg,Beximco Pharmaceuticals Ltd.,"Unit Price: ৳ 4.00,(100's pack: ৳ 400.00),",(100's pack: ৳ 400.00)
25149,TyBlue,allopathic,tyblueophthalmic-solution006,Ophthalmic Solution,Trypan Blue,0.06%,Techno Drugs Ltd.,1 ml vial: ৳ 90.00,
12359,Tybac,allopathic,tybactopical-powder5-mg250-iugm,Topical Powder,Neomycin Sulfate + Bacitracin Zinc,(5 mg+250 IU)/gm,Somatec Pharmaceuticals Ltd.,5 gm pack: ৳ 15.43,
29305,Tyrokin,allopathic,tyrokintablet100-mg,Tablet,Imatinib Mesylate,100 mg,Renata Limited,"Unit Price: ৳ 100.00,(10's pack: ৳ 1,000.00),","(10's pack: ৳ 1,000.00)"
17254,Tyrokin,allopathic,tyrokintablet400-mg,Tablet,Imatinib Mesylate,400 mg,Renata Limited,"Unit Price: ৳ 400.00,(10's pack: ৳ 4,000.00),","(10's pack: ৳ 4,000.00)"
15257,Typhim Vi,allopathic,typhim-viim-injection25-mcg05-ml,IM Injection,Typhoid Polysaccharide Vaccine,25 mcg/0.5 ml,Synovia pharma plc,0.5 ml pre-filled syringe: ৳ 707.00,
15259,Typherix,allopathic,typherixim-injection25-mcg05-ml,IM Injection,Typhoid Polysaccharide Vaccine,25 mcg/0.5 ml,GlaxoSmithKline,0.5 ml pre-filled syringe: ৳ 394.00,
20898,Typan,allopathic,typantablet10-mg,Tablet,Hyoscine Butylbromide,10 mg,Astra Biopharmaceuticals Ltd.,Unit Price: ৳ 3.43,
28143,Tynol,allopathic,tynoloral-suspension120-mg5-ml,Oral Suspension,Paracetamol,120 mg/5 ml,Salton Pharmaceuticals Ltd.,60 ml bottle: ৳ 16.35,
23522,Tynol,allopathic,tynoltablet500-mg,Tablet,Paracetamol,500 mg,Salton Pharmaceuticals Ltd.,"Unit Price: ৳ 0.65,(500's pack: ৳ 325.00),",(500's pack: ৳ 325.00)
1476,Tynium,allopathic,tyniumimiv-injection5-mg2-ml,IM/IV Injection,Tiemonium Methylsulphate,5 mg/2 ml,ACI Limited,"2 ml ampoule: ৳ 17.60,(5's pack: ৳ 88.00),",(5's pack: ৳ 88.00)
1475,Tynium,allopathic,tyniumsyrup10-mg5-ml,Syrup,Tiemonium Methylsulphate,10 mg/5 ml,ACI Limited,"100 ml bottle: ৳ 88.00,50 ml bottle: ৳ 56.17",
1474,Tynium,allopathic,tyniumtablet50-mg,Tablet,Tiemonium Methylsulphate,50 mg,ACI Limited,"Unit Price: ৳ 8.00,(50's pack: ৳ 400.00),",(50's pack: ৳ 400.00)
14081,Tynisol,allopathic,tynisolpediatric-drops,Pediatric Drops,Multivitamin [Pediatric preparation],,Beximco Pharmaceuticals Ltd.,15 ml bottle: ৳ 24.00,
18333,Tynaxie,allopathic,tynaxietablet3-mg,Tablet,Bromazepam,3 mg,Navana Pharmaceuticals Ltd.,"Unit Price: ৳ 5.02,(30's pack: ৳ 150.47),",(30's pack: ৳ 150.47)
6661,Tymox,allopathic,tymoxpediatric-drops125-mg125-ml,Pediatric Drops,Amoxicillin Trihydrate,125 mg/1.25 ml,Somatec Pharmaceuticals Ltd.,15 ml bottle: ৳ 30.20,
6660,Tymox,allopathic,tymoxpowder-for-suspension125-mg5-ml,Powder for Suspension,Amoxicillin Trihydrate,125 mg/5 ml,Somatec Pharmaceuticals Ltd.,100 ml bottle: ৳ 47.14,
6659,Tymox,allopathic,tymoxcapsule500-mg,Capsule,Amoxicillin Trihydrate,500 mg,Somatec Pharmaceuticals Ltd.,"Unit Price: ৳ 6.04,(50's pack: ৳ 302.00),",(50's pack: ৳ 302.00)
19239,Tymin,allopathic,tymintablet4-mg,Tablet,Chlorpheniramine Maleate,4 mg,Astra Biopharmaceuticals Ltd.,Unit Price: ৳ 0.20,
5934,Ubilon,allopathic,ubilontablet25-mg,Tablet,Tibolone,2.5 mg,Incepta Pharmaceuticals Ltd.,"Unit Price: ৳ 20.00,(30's pack: ৳ 600.00),",(30's pack: ৳ 600.00)
4372,U4,allopathic,u4tablet05-mg10-mg,Tablet,Flupentixol + Melitracen,0.5 mg+10 mg,Orion Pharma Ltd.,"Unit Price: ৳ 5.01,(50's pack: ৳ 250.50),",(50's pack: ৳ 250.50)
32703,Tyvas,allopathic,tyvasimiv-injection5-mg2-ml,IM/IV Injection,Tiemonium Methylsulphate,5 mg/2 ml,Ethical Drug Ltd.,"2 mg ampoule: ৳ 25.00,(6's pack: ৳ 150.00),",(6's pack: ৳ 150.00)
24956,Tyvas,allopathic,tyvastablet50-mg,Tablet,Tiemonium Methylsulphate,50 mg,Ethical Drug Ltd.,"Unit Price: ৳ 5.00,(50's pack: ৳ 250.00),",(50's pack: ৳ 250.00)
18532,Tysinor,allopathic,tysinortablet500-mg,Tablet,Capecitabine,500 mg,Genvio Pharma Ltd.,"Unit Price: ৳ 120.00,(56's pack: ৳ 6,720.00),","(56's pack: ৳ 6,720.00)"
18531,Tysinor,allopathic,tysinortablet150-mg,Tablet,Capecitabine,150 mg,Genvio Pharma Ltd.,"Unit Price: ৳ 60.00,(32's pack: ৳ 1,920.00),","(32's pack: ৳ 1,920.00)"
17291,Tyronib,allopathic,tyronibtablet400-mg,Tablet,Imatinib Mesylate,400 mg,Healthcare Pharmaceuticals Ltd.,"Unit Price: ৳ 350.00,(30's pack: ৳ 10,500.00),","(30's pack: ৳ 10,500.00)"
17290,Tyronib,allopathic,tyronibtablet100-mg,Tablet,Imatinib Mesylate,100 mg,Healthcare Pharmaceuticals Ltd.,"Unit Price: ৳ 100.00,(30's pack: ৳ 3,000.00),","(30's pack: ৳ 3,000.00)"
19238,Tymin,allopathic,tyminsyrup2-mg5-ml,Syrup,Chlorpheniramine Maleate,2 mg/5 ml,Astra Biopharmaceuticals Ltd.,100 ml bottle: ৳ 11.00,
10630,Tylen Plus,allopathic,tylen-plustablet500-mg65-mg,Tablet,Paracetamol + Caffeine,500 mg+65 mg,Jenphar Bangladesh Ltd.,"Unit Price: ৳ 2.50,(200's pack: ৳ 500.00),,Unit Price: ৳ 2.50,(100's pack: ৳ 250.00),","(200's pack: ৳ 500.00),(100's pack: ৳ 250.00)"
10538,Tylen,allopathic,tylenoral-suspension120-mg5-ml,Oral Suspension,Paracetamol,120 mg/5 ml,Jenphar Bangladesh Ltd.,60 ml bottle: ৳ 20.63,
26287,Tylace,allopathic,tylaceeffervescent-tablet600-mg,Effervescent Tablet,Acetylcysteine,600 mg,Square Pharmaceuticals Ltd.,"Unit Price: ৳ 20.00,(10's pack: ৳ 200.00),",(10's pack: ৳ 200.00)
26675,Tykerb,allopathic,tykerbtablet250-mg,Tablet,Lapatinib,250 mg,Novartis (Bangladesh) Ltd.,"Unit Price: ৳ 357.84,(70's pack: ৳ 25,048.78),","(70's pack: ৳ 25,048.78)"
30021,Tygacil,allopathic,tygaciliv-infusion50-mgvial,IV Infusion,Tigecycline,50 mg/vial,Pfizer,"50 mg vial: ৳ 4,200.00",
1780,Ultac,allopathic,ultactablet150-mg,Tablet,Ranitidine Hydrochloride,150 mg,Aexim Pharmaceuticals Ltd.,"Unit Price: ৳ 1.50,(100's pack: ৳ 150.00),",(100's pack: ৳ 150.00)
2276,Ulsec,allopathic,ulsectablet1000-mg,Tablet,Sucralfate,1000 mg,Asiatic Laboratories Ltd.,"Unit Price: ৳ 5.50,(48's pack: ৳ 264.00),",(48's pack: ৳ 264.00)
29864,Ulrif,allopathic,ulriforal-suspension1-gm5-ml,Oral Suspension,Sucralfate,1 gm/5 ml,Square Pharmaceuticals Ltd.,200 ml bottle: ৳ 400.00,
10243,Ulnid,allopathic,ulnidtablet500-mg,Tablet,Ornidazole,500 mg,Ultra Pharma Ltd.,"Unit Price: ৳ 4.00,(30's pack: ৳ 120.00),",(30's pack: ৳ 120.00)
2444,Uliv,allopathic,ulivtablet300-mg,Tablet,Ursodeoxycholic Acid,300 mg,ACME Laboratories Ltd.,"Unit Price: ৳ 20.13,(10's pack: ৳ 201.30),",(10's pack: ৳ 201.30)
2443,Uliv,allopathic,ulivtablet150-mg,Tablet,Ursodeoxycholic Acid,150 mg,ACME Laboratories Ltd.,"Unit Price: ৳ 12.09,(20's pack: ৳ 241.80),",(20's pack: ৳ 241.80)
16732,Uliroid,allopathic,uliroidtablet5-mg,Tablet,Ulipristal Acetate [For uterine fibroids],5 mg,Ziska Pharmaceuticals Ltd.,"Unit Price: ৳ 40.00,(20's pack: ৳ 800.00),",(20's pack: ৳ 800.00)
25153,Ulicon,allopathic,ulicontablet30-mg,Tablet,Ulipristal Acetate [For emergency contraception],30 mg,Eskayef Pharmaceuticals Ltd.,Unit Price: ৳ 195.00,
24689,Ulfate,allopathic,ulfateoral-suspension1-gm5-ml,Oral Suspension,Sucralfate,1 gm/5 ml,Incepta Pharmaceuticals Ltd.,200 ml bottle: ৳ 400.00,
1779,Ulcar,allopathic,ulcartablet300-mg,Tablet,Ranitidine Hydrochloride,300 mg,Drug International Ltd.,"Unit Price: ৳ 4.05,(50's pack: ৳ 202.50),",(50's pack: ৳ 202.50)
1778,Ulcar,allopathic,ulcartablet150-mg,Tablet,Ranitidine Hydrochloride,150 mg,Drug International Ltd.,"Unit Price: ৳ 2.55,(100's pack: ৳ 255.00),",(100's pack: ৳ 255.00)
15278,Ufol,allopathic,ufolemulsion-for-infusion200-mg20-ml,Emulsion for infusion,Propofol,200 mg/20 ml,Incepta Pharmaceuticals Ltd.,"20 ml vial: ৳ 300.00,(5's pack: ৳ 1,500.00),","(5's pack: ৳ 1,500.00)"
25167,Udca,allopathic,udcatablet300-mg,Tablet,Ursodeoxycholic Acid,300 mg,Biopharma Laboratories Ltd.,"Unit Price: ৳ 23.00,(30's pack: ৳ 690.00),",(30's pack: ৳ 690.00)
24694,Ucrafate,allopathic,ucrafatetablet1000-mg,Tablet,Sucralfate,1000 mg,UniMed UniHealth,"Unit Price: ৳ 6.00,(30's pack: ৳ 180.00),",(30's pack: ৳ 180.00)
24693,Ucrafate,allopathic,ucrafateoral-suspension1-gm5-ml,Oral Suspension,Sucralfate,1 gm/5 ml,UniMed UniHealth,200 ml bottle: ৳ 400.00,
30533,Ucorex,allopathic,ucorextablet100-mg,Tablet,Allopurinol,100 mg,Healthcare Pharmaceuticals Ltd.,"Unit Price: ৳ 4.54,(50's pack: ৳ 227.00),",(50's pack: ৳ 227.00)
15533,Ultracaine Heavy,allopathic,ultracaine-heavyintraspinal-injection058,Intraspinal Injection,Bupivacaine Hydrochloride + Dextrose,0.5%+8%,Jayson Pharmaceuticals Ltd.,"4 ml ampoule: ৳ 30.20,(10's pack: ৳ 302.00),",(10's pack: ৳ 302.00)
30682,Ultracaine,allopathic,ultracaineinjection025,Injection,Bupivacaine Hydrochloride,0.25%,Jayson Pharmaceuticals Ltd.,20 ml vial: ৳ 35.53,
15519,Ultracaine,allopathic,ultracaineinjection05,Injection,Bupivacaine Hydrochloride,0.50%,Jayson Pharmaceuticals Ltd.,30 ml vial: ৳ 60.42,
31962,Ultra D,allopathic,ultra-dtablet1000-iu,Tablet,Colecalciferol [Vitamin D3],1000 IU,Sharif Pharmaceuticals Ltd.,"Unit Price: ৳ 2.00,(60's pack: ৳ 120.00),",(60's pack: ৳ 120.00)
29615,Ultivent,allopathic,ultiventinhalation-capsule110-mcg50-mcg,Inhalation Capsule,Indacaterol + Glycopyrronium,110 mcg+50 mcg,Square Pharmaceuticals Ltd.,"Unit Price: ৳ 70.00,(18's pack: ৳ 1,260.00),","(18's pack: ৳ 1,260.00)"
13039,Ulticort,allopathic,ulticortointment005,Ointment,Halobetasol Propionate,0.05%,Incepta Pharmaceuticals Ltd.,15 gm tube: ৳ 120.00,
13038,Ulticort,allopathic,ulticortcream005,Cream,Halobetasol Propionate,0.05%,Incepta Pharmaceuticals Ltd.,15 gm tube: ৳ 120.00,
16557,Ultibro,allopathic,ultibroinhalation-capsule110-mcg50-mcg,Inhalation Capsule,Indacaterol + Glycopyrronium,110 mcg+50 mcg,Novartis (Bangladesh) Ltd.,"Unit Price: ৳ 145.80,(30's pack: ৳ 4,374.00),","(30's pack: ৳ 4,374.00)"
15624,Ucol,allopathic,ucoltablet2-mg,Tablet,Tolterodine Tartrate,2 mg,Square Pharmaceuticals Ltd.,"Unit Price: ৳ 3.01,(60's pack: ৳ 180.60),",(60's pack: ৳ 180.60)
30110,Ucet Extra,allopathic,ucet-extratablet500-mg65-mg,Tablet,Paracetamol + Caffeine,500 mg+65 mg,UniMed UniHealth,"Unit Price: ৳ 2.50,(100's pack: ৳ 250.00),",(100's pack: ৳ 250.00)
30111,Ucet Extend,allopathic,ucet-extendtablet-extended-release665-mg,Tablet (Extended Release),Paracetamol,665 mg,UniMed UniHealth,"Unit Price: ৳ 1.50,(100's pack: ৳ 150.00),",(100's pack: ৳ 150.00)
2551,Ucardol,allopathic,ucardoltablet25-mg,Tablet,Carvedilol,25 mg,UniMed UniHealth,"Unit Price: ৳ 9.00,(30's pack: ৳ 270.00),",(30's pack: ৳ 270.00)
2550,Ucardol,allopathic,ucardoltablet125-mg,Tablet,Carvedilol,12.5 mg,UniMed UniHealth,"Unit Price: ৳ 5.00,(30's pack: ৳ 150.00),",(30's pack: ৳ 150.00)
2549,Ucardol,allopathic,ucardoltablet625-mg,Tablet,Carvedilol,6.25 mg,UniMed UniHealth,"Unit Price: ৳ 3.00,(30's pack: ৳ 90.00),",(30's pack: ৳ 90.00)
7072,Ultrasef,allopathic,ultrasefcapsule500-mg,Capsule,Cephradine,500 mg,Jayson Pharmaceuticals Ltd.,"Unit Price: ৳ 12.58,(20's pack: ৳ 251.60),",(20's pack: ৳ 251.60)
7071,Ultrasef,allopathic,ultrasefcapsule250-mg,Capsule,Cephradine,250 mg,Jayson Pharmaceuticals Ltd.,"Unit Price: ৳ 6.87,(20's pack: ৳ 137.40),",(20's pack: ৳ 137.40)
30761,Ultrapime,allopathic,ultrapimeiv-injection2-gmvial,IV Injection,Cefepime Hydrochloride,2 gm/vial,Incepta Pharmaceuticals Ltd.,"2 gm vial: ৳ 1,100.00",
8184,Ultrapime,allopathic,ultrapimeimiv-injection1-gmvial,IM/IV Injection,Cefepime Hydrochloride,1 gm/vial,Incepta Pharmaceuticals Ltd.,1 gm vial: ৳ 550.00,
8183,Ultrapime,allopathic,ultrapimeimiv-injection500-mgvial,IM/IV Injection,Cefepime Hydrochloride,500 mg/vial,Incepta Pharmaceuticals Ltd.,500 mg vial: ৳ 300.00,
11511,Ultranax,allopathic,ultranaxtablet500-mg,Tablet,Naproxen Sodium,500 mg,Ad-din Pharmaceuticals Ltd.,"Unit Price: ৳ 8.00,(30's pack: ৳ 240.00),",(30's pack: ৳ 240.00)
6664,Ultramox,allopathic,ultramoxpowder-for-suspension125-mg5-ml,Powder for Suspension,Amoxicillin Trihydrate,125 mg/5 ml,Globe Pharmaceuticals Ltd.,100 ml bottle: ৳ 47.29,
6663,Ultramox,allopathic,ultramoxcapsule500-mg,Capsule,Amoxicillin Trihydrate,500 mg,Globe Pharmaceuticals Ltd.,"Unit Price: ৳ 6.07,(50's pack: ৳ 303.50),",(50's pack: ৳ 303.50)
6662,Ultramox,allopathic,ultramoxcapsule250-mg,Capsule,Amoxicillin Trihydrate,250 mg,Globe Pharmaceuticals Ltd.,"Unit Price: ৳ 3.50,(100's pack: ৳ 350.00),",(100's pack: ৳ 350.00)
4708,Ultramet,allopathic,ultramettablet10-mg,Tablet,Metoclopramide Hydrochloride,10 mg,Ultra Pharma Ltd.,"Unit Price: ৳ 0.34,(30's pack: ৳ 10.20),",(30's pack: ৳ 10.20)
11086,Ultrafen SR,allopathic,ultrafen-srtablet-sustained-release100-mg,Tablet (Sustained Release),Diclofenac Sodium,100 mg,Beximco Pharmaceuticals Ltd.,"Unit Price: ৳ 3.00,(100's pack: ৳ 300.00),",(100's pack: ৳ 300.00)
11659,Ultrafen Plus,allopathic,ultrafen-plustablet75-mg200-mcg,Tablet,Diclofenac Sodium + Misoprostol,75 mg+200 mcg,Beximco Pharmaceuticals Ltd.,"Unit Price: ৳ 11.00,(30's pack: ৳ 330.00),",(30's pack: ৳ 330.00)
11658,Ultrafen Plus,allopathic,ultrafen-plustablet50-mg200-mcg,Tablet,Diclofenac Sodium + Misoprostol,50 mg+200 mcg,Beximco Pharmaceuticals Ltd.,"Unit Price: ৳ 10.00,(50's pack: ৳ 500.00),",(50's pack: ৳ 500.00)
11090,Ultrafen Extra,allopathic,ultrafen-extraim-injection75-mg20-mg2-ml,IM Injection,Diclofenac Sodium + Lidocaine Hydrochloride,(75 mg+20 mg)/2 ml,Beximco Pharmaceuticals Ltd.,"2 ml ampoule: ৳ 15.00,(10's pack: ৳ 150.00),",(10's pack: ৳ 150.00)
11089,Ultrafen,allopathic,ultrafenim-injection75-mg3-ml,IM Injection,Diclofenac Sodium,75 mg/3 ml,Beximco Pharmaceuticals Ltd.,"3 ml ampoule: ৳ 11.24,(10's pack: ৳ 112.40),",(10's pack: ৳ 112.40)
15558,Umactin,allopathic,umactintablet100-mg,Tablet,Nitrofurantoin,100 mg,UniMed UniHealth,"Unit Price: ৳ 8.00,(30's pack: ৳ 240.00),",(30's pack: ৳ 240.00)
15557,Umactin,allopathic,umactintablet50-mg,Tablet,Nitrofurantoin,50 mg,UniMed UniHealth,"Unit Price: ৳ 4.00,(30's pack: ৳ 120.00),",(30's pack: ৳ 120.00)
27426,Ultrasef,allopathic,ultrasefpediatric-drops125-mg125-ml,Pediatric Drops,Cephradine,125 mg/1.25 ml,Jayson Pharmaceuticals Ltd.,15 ml drop: ৳ 50.35,
7073,Ultrasef,allopathic,ultrasefpowder-for-suspension125-mg5-ml,Powder for Suspension,Cephradine,125 mg/5 ml,Jayson Pharmaceuticals Ltd.,100 ml bottle: ৳ 90.27,
11088,Ultrafen,allopathic,ultrafensuppository50-mg,Suppository,Diclofenac Sodium,50 mg,Beximco Pharmaceuticals Ltd.,"Unit Price: ৳ 15.00,(10's pack: ৳ 150.00),",(10's pack: ৳ 150.00)
11087,Ultrafen,allopathic,ultrafensuppository125-mg,Suppository,Diclofenac Sodium,12.5 mg,Beximco Pharmaceuticals Ltd.,"Unit Price: ৳ 9.00,(10's pack: ৳ 90.00),",(10's pack: ৳ 90.00)
11085,Ultrafen,allopathic,ultrafentablet50-mg,Tablet,Diclofenac Sodium,50 mg,Beximco Pharmaceuticals Ltd.,"Unit Price: ৳ 0.83,(200's pack: ৳ 165.42),",(200's pack: ৳ 165.42)
11084,Ultrafen,allopathic,ultrafentablet25-mg,Tablet,Diclofenac Sodium,25 mg,Beximco Pharmaceuticals Ltd.,"Unit Price: ৳ 0.53,(200's pack: ৳ 106.72),",(200's pack: ৳ 106.72)
24147,Ultradin,allopathic,ultradinsyrup75-mg5-ml,Syrup,Ranitidine Hydrochloride,75 mg/5 ml,Globe Pharmaceuticals Ltd.,100 ml bottle: ৳ 50.00,
10727,Ultradol,allopathic,ultradolcapsule50-mg,Capsule,Tramadol Hydrochloride,50 mg,Ad-din Pharmaceuticals Ltd.,"Unit Price: ৳ 7.50,(30's pack: ৳ 225.00),",(30's pack: ৳ 225.00)
1781,Ultradin,allopathic,ultradintablet150-mg,Tablet,Ranitidine Hydrochloride,150 mg,Globe Pharmaceuticals Ltd.,"Unit Price: ৳ 2.50,(100's pack: ৳ 250.00),",(100's pack: ৳ 250.00)
17801,Ultraclav,allopathic,ultraclavtablet500-mg125-mg,Tablet,Amoxicillin + Clavulanic Acid,500 mg+125 mg,Globe Pharmaceuticals Ltd.,"Unit Price: ৳ 25.00,(18's pack: ৳ 450.00),",(18's pack: ৳ 450.00)
402,Ultracarbon,allopathic,ultracarbontablet250-mg,Tablet,Activated Charcoal,250 mg,Merck,"Unit Price: ৳ 9.89,(50's pack: ৳ 494.50),",(50's pack: ৳ 494.50)
26481,Ultracal-D,allopathic,ultracal-dtablet500-mg200-iu,Tablet,Calcium Carbonate [Elemental source] + Vitamin D3,500 mg+200 IU,Popular Pharmaceuticals Ltd.,"Unit Price: ৳ 7.00,(30's pack: ৳ 210.00),,Unit Price: ৳ 7.00,(60's pack: ৳ 420.00),","(30's pack: ৳ 210.00),(60's pack: ৳ 420.00)"
14396,Ultracal-C,allopathic,ultracal-ceffervescent-tablet1000-mg327-mg500-mg,Effervescent Tablet,Calcium Lactate Gluconate + Calcium Carbonate + Vitamin C,1000 mg+327 mg+500 mg,Popular Pharmaceuticals Ltd.,"Unit Price: ৳ 10.54,(9's pack: ৳ 94.86),",(9's pack: ৳ 94.86)
7682,Unifix,allopathic,unifixpowder-for-suspension100-mg5-ml,Powder for Suspension,Cefixime Trihydrate,100 mg/5 ml,MST Pharma,50 ml bottle: ৳ 160.00,
7681,Unifix,allopathic,unifixcapsule200-mg,Capsule,Cefixime Trihydrate,200 mg,MST Pharma,"Unit Price: ৳ 30.00,(8's pack: ৳ 240.00),",(8's pack: ৳ 240.00)
13144,Unifer,allopathic,uniferiv-injection-or-infusion100-mg5-ml,IV Injection or Infusion,Iron Sucrose Injection [Elemental Iron],100 mg/5 ml,Ziska Pharmaceuticals Ltd.,5 ml ampoule: ৳ 326.00,
29418,Unifav,allopathic,unifavtablet200-mg,Tablet,Favipiravir,200 mg,UniMed UniHealth,"Unit Price: ৳ 200.00,(30's pack: ৳ 6,000.00),","(30's pack: ৳ 6,000.00)"
25426,Unifarin,allopathic,unifarintablet5-mg,Tablet,Warfarin Sodium,5 mg,UniMed UniHealth,"Unit Price: ৳ 5.00,(100's pack: ৳ 500.00),",(100's pack: ৳ 500.00)
25425,Unifarin,allopathic,unifarintablet25-mg,Tablet,Warfarin Sodium,2.5 mg,UniMed UniHealth,"Unit Price: ৳ 2.50,(100's pack: ৳ 250.00),",(100's pack: ৳ 250.00)
25424,Unifarin,allopathic,unifarintablet2-mg,Tablet,Warfarin Sodium,2 mg,UniMed UniHealth,"Unit Price: ৳ 2.00,(100's pack: ৳ 200.00),",(100's pack: ৳ 200.00)
25423,Unifarin,allopathic,unifarintablet1-mg,Tablet,Warfarin Sodium,1 mg,UniMed UniHealth,"Unit Price: ৳ 1.00,(100's pack: ৳ 100.00),",(100's pack: ৳ 100.00)
8365,Unidox,allopathic,unidoxcapsule100-mg,Capsule,Doxycycline Hydrochloride,100 mg,Globe Pharmaceuticals Ltd.,"Unit Price: ৳ 2.50,(100's pack: ৳ 250.00),",(100's pack: ৳ 250.00)
32995,Unicus,allopathic,unicusmups-tablet40-mg,MUPS Tablet,Esomeprazole (MUPS tablet),40 mg,General Pharmaceuticals Ltd.,Unit Price: ৳ 14.00,
32994,Unicus,allopathic,unicusmups-tablet20-mg,MUPS Tablet,Esomeprazole (MUPS tablet),20 mg,General Pharmaceuticals Ltd.,Unit Price: ৳ 10.00,
20854,Unicort N,allopathic,unicort-nointment0505,Ointment,Hydrocortisone Acetate + Neomycin Sulphate,0.5%+0.5%,Gaco Pharmaceuticals Ltd.,15 gm tube: ৳ 16.05,
12661,Unicort,allopathic,unicortcream1,Cream,Hydrocortisone Acetate,1%,Gaco Pharmaceuticals Ltd.,5 gm tube: ৳ 16.05,
3670,Unicontin,allopathic,unicontintablet-controlled-release400-mg,Tablet (Controlled Release),Theophylline,400 mg,Mundipharma (BD) Pvt. Ltd.,"Unit Price: ৳ 6.30,(100's pack: ৳ 630.00),",(100's pack: ৳ 630.00)
3669,Unicontin,allopathic,unicontintablet-controlled-release200-mg,Tablet (Controlled Release),Theophylline,200 mg,Mundipharma (BD) Pvt. Ltd.,"Unit Price: ৳ 3.31,(100's pack: ৳ 330.90),",(100's pack: ৳ 330.90)
7144,Uniclor,allopathic,uniclorpediatric-drops125-mg125-ml,Pediatric Drops,Cefaclor Monohydrate,125 mg/1.25 ml,Leon Pharmaceuticals Ltd.,15 ml bottle: ৳ 125.00,
10033,Unigal,allopathic,unigalcream2,Cream,Miconazole Nitrate (Topical),2%,Opsonin Pharma Ltd.,10 gm tube: ৳ 35.27,
10021,Unigal,allopathic,unigaloral-gel2-ww,Oral Gel,Miconazole Nitrate (Oral Gel),2% w/w,Opsonin Pharma Ltd.,15 gm tube: ৳ 60.18,
26586,Unifylin,allopathic,unifylinsyrup100-mg5-ml,Syrup,Doxophylline,100 mg/5 ml,General Pharmaceuticals Ltd.,100 ml bottle: ৳ 100.00,
26585,Unifylin,allopathic,unifylintablet400-mg,Tablet,Doxophylline,400 mg,General Pharmaceuticals Ltd.,"Unit Price: ৳ 10.00,(30's pack: ৳ 300.00),",(30's pack: ৳ 300.00)
26584,Unifylin,allopathic,unifylintablet200-mg,Tablet,Doxophylline,200 mg,General Pharmaceuticals Ltd.,"Unit Price: ৳ 6.00,(50's pack: ৳ 300.00),",(50's pack: ৳ 300.00)
9351,Uniflox,allopathic,unifloxtablet500-mg,Tablet,Ciprofloxacin,500 mg,Aexim Pharmaceuticals Ltd.,"Unit Price: ৳ 8.00,(30's pack: ৳ 240.00),",(30's pack: ৳ 240.00)
11295,Uniflam 400,allopathic,uniflam-400tablet400-mg,Tablet,Ibuprofen,400 mg,Bristol Pharmaceuticals Ltd.,"Unit Price: ৳ 1.00,(100's pack: ৳ 100.00),",(100's pack: ৳ 100.00)
13707,Unibion,allopathic,unibiontablet100-mg200-mg200-mcg,Tablet,"Vitamin B1, B6 & B12",100 mg+200 mg+200 mcg,Desh Pharmaceuticals Ltd.,"Unit Price: ৳ 5.00,(30's pack: ৳ 150.00),",(30's pack: ৳ 150.00)
22223,Uni-Medrol,allopathic,uni-medrolinjection80-mg2-ml,Injection,Methylprednisolone Acetate,80 mg/2 ml,Chemist Laboratories  Ltd.,80 mg vial: ৳ 180.00,
13247,Uneed,allopathic,uneedcapsule,Capsule,Iron + Folic acid + Vitamin B complex + Vitamin C,,Medicon Pharmaceuticals Ltd.,"Unit Price: ৳ 3.00,(28's pack: ৳ 84.09),",(28's pack: ৳ 84.09)
32777,Umactin BD,allopathic,umactin-bdcapsule375-mg-125-mg,Capsule,Nitrofurantoin + Nitrofurantoin Microcrystals,37.5 mg + 12.5 mg,UniMed UniHealth,Unit Price: ৳ 10.00,
29605,Uman Albumin,allopathic,uman-albuminiv-infusion20,IV Infusion,Albumin (Human),20%,"Kedrion Biopharma, Italy","50 ml bottle: ৳ 3,571.00,100 ml bottle: ৳ 7,600.00",
22898,Umactin BD,allopathic,umactin-bdcapsule75-mg25-mg,Capsule,Nitrofurantoin + Nitrofurantoin Microcrystals,75 mg+25 mg,UniMed UniHealth,"Unit Price: ৳ 20.00,(14's pack: ৳ 280.00),",(14's pack: ৳ 280.00)
15562,Umactin,allopathic,umactinoral-suspension25-mg5-ml,Oral Suspension,Nitrofurantoin,25 mg/5 ml,UniMed UniHealth,100 ml bottle: ৳ 80.00,
31428,Unisef,allopathic,unisefcapsule200-mg,Capsule,Cefixime Trihydrate,200 mg,Opso Saline Ltd.,"Unit Price: ৳ 35.00,(14's pack: ৳ 490.00),",(14's pack: ৳ 490.00)
31429,Unisef,allopathic,unisefcapsule400-mg,Capsule,Cefixime Trihydrate,400 mg,Opso Saline Ltd.,Unit Price: ৳ 50.35,
31427,Unisef,allopathic,unisefpowder-for-suspension100-mg5-ml,Powder for Suspension,Cefixime Trihydrate,100 mg/5 ml,Opso Saline Ltd.,50 ml bottle: ৳ 210.00,
14827,Unisaline Fruity,allopathic,unisaline-fruityoral-powder,Oral Powder,Oral Rehydration Salt [Flavored],,Ibn Sina Pharmaceuticals Ltd.,"10.5 gm sachet (lemon): ৳ 5.00,(20's pack: ৳ 100.00),,10.5 gm sachet (mango): ৳ 5.00,(20's pack: ৳ 100.00),,10.5 gm sachet (orange): ৳ 5.00,(20's pack: ৳ 100.00),","(20's pack: ৳ 100.00),(20's pack: ৳ 100.00),(20's pack: ৳ 100.00)"
14817,Unisaline,allopathic,unisalineoral-powder1025-gm,Oral Powder,Oral Rehydration Salt [Powder],10.25 gm,Ibn Sina Pharmaceuticals Ltd.,"Unit Price: ৳ 5.00,(20's pack: ৳ 100.00),",(20's pack: ৳ 100.00)
24009,Unirab,allopathic,unirabcapsule-delayed-release20-mg,Capsule (Delayed Release),Rabeprazole Sodium,20 mg,Concord Pharmaceuticals Ltd.,"Unit Price: ৳ 5.00,(60's pack: ৳ 300.00),",(60's pack: ৳ 300.00)
10272,Uniquin,allopathic,uniquintablet250-mg,Tablet,Chloroquine Phosphate,250 mg,Aexim Pharmaceuticals Ltd.,"Unit Price: ৳ 1.00,(100's pack: ৳ 100.00),",(100's pack: ৳ 100.00)
24061,Unipril,allopathic,unipriltablet125-mg,Tablet,Ramipril,1.25 mg,ACME Laboratories Ltd.,"Unit Price: ৳ 2.51,(30's pack: ৳ 75.30),",(30's pack: ৳ 75.30)
2684,Unipril,allopathic,unipriltablet5-mg,Tablet,Ramipril,5 mg,ACME Laboratories Ltd.,"Unit Price: ৳ 8.07,(30's pack: ৳ 242.10),",(30's pack: ৳ 242.10)
2683,Unipril,allopathic,unipriltablet25-mg,Tablet,Ramipril,2.5 mg,ACME Laboratories Ltd.,"Unit Price: ৳ 5.03,(30's pack: ৳ 150.90),",(30's pack: ৳ 150.90)
13842,Uniplex,allopathic,uniplexsyrup,Syrup,Vitamin B complex,,Aristopharma Ltd.,"100 ml bottle: ৳ 35.50,200 ml bottle: ৳ 62.00",
32458,Uniplar,allopathic,uniplarcapsule1-mcg,Capsule,Paricalcitol,1 mcg,UniMed UniHealth,"Unit Price: ৳ 20.00,(20's pack: ৳ 400.00),",(20's pack: ৳ 400.00)
8186,Unipim,allopathic,unipimimiv-injection1-gmvial,IM/IV Injection,Cefepime Hydrochloride,1 gm/vial,Drug International Ltd.,1 gm vial: ৳ 501.50,
8185,Unipim,allopathic,unipimimiv-injection500-mgvial,IM/IV Injection,Cefepime Hydrochloride,500 mg/vial,Drug International Ltd.,500 mg vial: ৳ 301.00,
6668,Unimox,allopathic,unimoxpediatric-drops125-mg125-ml,Pediatric Drops,Amoxicillin Trihydrate,125 mg/1.25 ml,Gaco Pharmaceuticals Ltd.,15 ml bottle: ৳ 28.32,
6667,Unimox,allopathic,unimoxpowder-for-suspension125-mg5-ml,Powder for Suspension,Amoxicillin Trihydrate,125 mg/5 ml,Gaco Pharmaceuticals Ltd.,100 ml bottle: ৳ 47.29,
13843,Univit-B,allopathic,univit-btablet,Tablet,Vitamin B complex,,Aristopharma Ltd.,"Unit Price: ৳ 0.62,(45's pack: ৳ 27.90),",(45's pack: ৳ 27.90)
29419,Univer,allopathic,univertablet6-mg,Tablet,Ivermectin (Tablet),6 mg,UniMed UniHealth,"Unit Price: ৳ 15.00,(10's pack: ৳ 150.00),",(10's pack: ৳ 150.00)
1782,Unitac,allopathic,unitactablet150-mg,Tablet,Ranitidine Hydrochloride,150 mg,Gaco Pharmaceuticals Ltd.,"Unit Price: ৳ 1.81,(100's pack: ৳ 181.00),",(100's pack: ৳ 181.00)
6666,Unimox,allopathic,unimoxcapsule500-mg,Capsule,Amoxicillin Trihydrate,500 mg,Gaco Pharmaceuticals Ltd.,"Unit Price: ৳ 6.73,(20's pack: ৳ 134.60),",(20's pack: ৳ 134.60)
6665,Unimox,allopathic,unimoxcapsule250-mg,Capsule,Amoxicillin Trihydrate,250 mg,Gaco Pharmaceuticals Ltd.,"Unit Price: ৳ 3.60,(100's pack: ৳ 360.00),",(100's pack: ৳ 360.00)
19710,Unilor,allopathic,unilorsyrup25-mg5-ml,Syrup,Desloratadine,2.5 mg/5 ml,Concord Pharmaceuticals Ltd.,60 ml bottle: ৳ 25.00,
19709,Unilor,allopathic,unilortablet5-mg,Tablet,Desloratadine,5 mg,Concord Pharmaceuticals Ltd.,"Unit Price: ৳ 2.50,(50's pack: ৳ 125.00),",(50's pack: ৳ 125.00)
3679,Unilin CR,allopathic,unilin-crtablet-controlled-release400-mg,Tablet (Controlled Release),Theophylline,400 mg,Opsonin Pharma Ltd.,"Unit Price: ৳ 2.99,(100's pack: ৳ 299.00),",(100's pack: ৳ 299.00)
3678,Unilin CR,allopathic,unilin-crtablet-controlled-release300-mg,Tablet (Controlled Release),Theophylline,300 mg,Opsonin Pharma Ltd.,"Unit Price: ৳ 2.35,(100's pack: ৳ 235.00),",(100's pack: ৳ 235.00)
3677,Unilin CR,allopathic,unilin-crtablet-controlled-release200-mg,Tablet (Controlled Release),Theophylline,200 mg,Opsonin Pharma Ltd.,"Unit Price: ৳ 1.60,(100's pack: ৳ 160.00),",(100's pack: ৳ 160.00)
3673,Unilin,allopathic,unilinsyrup120-mg5-ml,Syrup,Theophylline,120 mg/5 ml,Opsonin Pharma Ltd.,"50 ml bottle: ৳ 15.30,100 ml bottle: ৳ 30.95",
3671,Unikon SR,allopathic,unikon-srtablet-sustained-release400-mg,Tablet (Sustained Release),Theophylline,400 mg,Ibn Sina Pharmaceuticals Ltd.,"Unit Price: ৳ 2.98,(100's pack: ৳ 298.00),",(100's pack: ৳ 298.00)
3672,Unikon,allopathic,unikonsyrup120-mg5-ml,Syrup,Theophylline,120 mg/5 ml,Ibn Sina Pharmaceuticals Ltd.,100 ml bottle: ৳ 25.00,
12689,Unigal HC,allopathic,unigal-hccream21,Cream,Miconazole Nitrate + Hydrocortisone,2%+1%,Opsonin Pharma Ltd.,10 gm tube: ৳ 40.27,
2834,Urinide,allopathic,urinidetablet1-mg,Tablet,Bumetanide,1 mg,Navana Pharmaceuticals Ltd.,"Unit Price: ৳ 10.05,(30's pack: ৳ 301.35),",(30's pack: ৳ 301.35)
23725,Urilizer,allopathic,urilizeroral-solution1500-mg250-mg5-ml,Oral Solution,Potassium Citrate + Citric Acid,(1500 mg+250 mg)/5 ml,Kumudini Pharma Ltd.,200 ml bottle: ৳ 200.00,
15637,Urilit,allopathic,urilittablet-extended-release1080-mg,Tablet (Extended Release),Potassium Citrate,1080 mg,Opsonin Pharma Ltd.,"Unit Price: ৳ 10.03,(15's pack: ৳ 150.45),",(15's pack: ৳ 150.45)
9535,Urilev,allopathic,urileviv-infusion500-mg100-ml,IV Infusion,Levofloxacin Hemihydrate,500 mg/100 ml,Techno Drugs Ltd.,100 ml bottle: ৳ 100.00,
9533,Urilev,allopathic,urilevtablet500-mg,Tablet,Levofloxacin Hemihydrate,500 mg,Techno Drugs Ltd.,"Unit Price: ৳ 14.93,(20's pack: ৳ 298.59),",(20's pack: ৳ 298.59)
15583,Urilax,allopathic,urilaxtablet200-mg,Tablet,Flavoxate Hydrochloride,200 mg,Incepta Pharmaceuticals Ltd.,"Unit Price: ৳ 18.00,(30's pack: ৳ 540.00),",(30's pack: ৳ 540.00)
15582,Urilax,allopathic,urilaxtablet100-mg,Tablet,Flavoxate Hydrochloride,100 mg,Incepta Pharmaceuticals Ltd.,"Unit Price: ৳ 10.00,(30's pack: ৳ 300.00),",(30's pack: ৳ 300.00)
15566,Urikal,allopathic,urikaloral-solution1500-mg250-mg5-ml,Oral Solution,Potassium Citrate + Citric Acid,(1500 mg+250 mg)/5 ml,Incepta Pharmaceuticals Ltd.,"100 ml bottle: ৳ 120.00,200 ml bottle: ৳ 200.00",
15613,Uricare SR,allopathic,uricare-srcapsule-modified-release04-mg,Capsule (Modified Release),Tamsulosin  Hydrochloride,0.4 mg,The White Horse Pharma,"Unit Price: ৳ 10.00,(30's pack: ৳ 300.00),",(30's pack: ৳ 300.00)
27570,Urgotin,allopathic,urgotininjection02-mgml,Injection,Ergometrine Maleate,0.2 mg/ml,Chemist Laboratories  Ltd.,"1 ml ampoule: ৳ 3.00,(10's pack: ৳ 30.00),",(10's pack: ৳ 30.00)
16507,Urbifen,allopathic,urbifentablet50-mg,Tablet,Flurbiprofen,50 mg,General Pharmaceuticals Ltd.,"Unit Price: ৳ 5.00,(30's pack: ৳ 150.00),",(30's pack: ৳ 150.00)
29102,Ural-K,allopathic,ural-koral-solution1500-mg250-mg5-ml,Oral Solution,Potassium Citrate + Citric Acid,(1500 mg+250 mg)/5 ml,Beximco Pharmaceuticals Ltd.,200 ml bottle: ৳ 200.00,
25951,Uptiva,allopathic,uptivatablet150-mg,Tablet,Armodafinil,150 mg,Incepta Pharmaceuticals Ltd.,"Unit Price: ৳ 15.00,(30's pack: ৳ 450.00),",(30's pack: ৳ 450.00)
31087,Upanib,allopathic,upanibtablet-extended-release15-mg,Tablet (Extended Release),Upadacitinib,15 mg,Ziska Pharmaceuticals Ltd.,"Unit Price: ৳ 280.00,(10's pack: ৳ 2,800.00),","(10's pack: ৳ 2,800.00)"
31168,Upacit XR,allopathic,upacit-xrtablet-extended-release15-mg,Tablet (Extended Release),Upadacitinib,15 mg,Delta Pharma Ltd.,"Unit Price: ৳ 200.00,(10's pack: ৳ 2,000.00),","(10's pack: ৳ 2,000.00)"
12516,Unix-C,allopathic,unix-clotion510,Lotion,Permethrin + Crotamiton,5%+10%,UniMed UniHealth,60 ml bottle: ৳ 100.00,
30036,Uritol,allopathic,uritoltablet1-mg,Tablet,Tolterodine Tartrate,1 mg,Eskayef Pharmaceuticals Ltd.,"Unit Price: ৳ 2.00,(30's pack: ৳ 60.00),",(30's pack: ৳ 60.00)
33043,Uriten,allopathic,uritentablet-extended-release10-mg,Tablet (Extended Release),Alfuzosin Hydrochloride,10 mg,Square Pharmaceuticals Ltd.,"Unit Price: ৳ 10.07,(30's pack: ৳ 302.10),",(30's pack: ৳ 302.10)
11693,Uristat,allopathic,uristattablet80-mg,Tablet,Febuxostat,80 mg,Ibn Sina Pharmaceuticals Ltd.,"Unit Price: ৳ 22.00,(20's pack: ৳ 440.00),",(20's pack: ৳ 440.00)
11692,Uristat,allopathic,uristattablet40-mg,Tablet,Febuxostat,40 mg,Ibn Sina Pharmaceuticals Ltd.,"Unit Price: ৳ 12.00,(30's pack: ৳ 360.00),",(30's pack: ৳ 360.00)
15568,Uriset,allopathic,urisetoral-solution1500-mg250-mg5-ml,Oral Solution,Potassium Citrate + Citric Acid,(1500 mg+250 mg)/5 ml,Square Pharmaceuticals Ltd.,200 ml bottle: ৳ 200.00,
29264,Uripay,allopathic,uripaytablet200-mg,Tablet,Flavoxate Hydrochloride,200 mg,Al-Madina Pharmaceuticals Ltd.,"Unit Price: ৳ 15.00,(20's pack: ৳ 300.00),",(20's pack: ৳ 300.00)
29263,Uripay,allopathic,uripaytablet100-mg,Tablet,Flavoxate Hydrochloride,100 mg,Al-Madina Pharmaceuticals Ltd.,"Unit Price: ৳ 9.00,(30's pack: ৳ 270.00),",(30's pack: ৳ 270.00)
15567,Urinor,allopathic,urinororal-solution1500-mg250-mg5-ml,Oral Solution,Potassium Citrate + Citric Acid,(1500 mg+250 mg)/5 ml,Novelta Bestway Pharma Ltd.,200 ml bottle: ৳ 200.00,
28325,Urinom MR,allopathic,urinom-mrcapsule-modified-release04-mg,Capsule (Modified Release),Tamsulosin  Hydrochloride,0.4 mg,Opsonin Pharma Ltd.,"Unit Price: ৳ 10.00,(30's pack: ৳ 300.00),",(30's pack: ৳ 300.00)
31720,Urinom D,allopathic,urinom-dcapsule04-mg05-mg,Capsule,Tamsulosin Hydrochloride + Dutasteride,0.4 mg+0.5 mg,Opsonin Pharma Ltd.,"Unit Price: ৳ 20.00,(18's pack: ৳ 360.00),",(18's pack: ৳ 360.00)
15599,Urinom,allopathic,urinomtablet04-mg,Tablet,Tamsulosin  Hydrochloride,0.4 mg,Opsonin Pharma Ltd.,"Unit Price: ৳ 10.04,(20's pack: ৳ 200.80),",(20's pack: ৳ 200.80)
18409,Urinide,allopathic,urinidetablet5-mg,Tablet,Bumetanide,5 mg,Navana Pharmaceuticals Ltd.,"Unit Price: ৳ 18.00,(20's pack: ৳ 360.00),",(20's pack: ৳ 360.00)
12512,Unix,allopathic,unixcream5-ww,Cream,Permethrin,5% w/w,UniMed UniHealth,30 gm tube: ৳ 40.00,
14230,Univit-Plus,allopathic,univit-plustablet,Tablet,Multivitamin & Multimineral,,Aristopharma Ltd.,"Unit Price: ৳ 2.00,(30's pack: ৳ 60.00),",(30's pack: ৳ 60.00)
16707,Uromax-D,allopathic,uromax-dcapsule04-mg05-mg,Capsule,Tamsulosin Hydrochloride + Dutasteride,0.4 mg+0.5 mg,UniMed UniHealth,"Unit Price: ৳ 20.00,(28's pack: ৳ 560.00),",(28's pack: ৳ 560.00)
15603,Uromax,allopathic,uromaxcapsule-modified-release04-mg,Capsule (Modified Release),Tamsulosin  Hydrochloride,0.4 mg,UniMed UniHealth,"Unit Price: ৳ 10.00,(28's pack: ৳ 280.00),",(28's pack: ৳ 280.00)
24797,Urolosin-D,allopathic,urolosin-dcapsule04-mg05-mg,Capsule,Tamsulosin Hydrochloride + Dutasteride,0.4 mg+0.5 mg,General Pharmaceuticals Ltd.,"Unit Price: ৳ 20.00,(16's pack: ৳ 320.00),",(16's pack: ৳ 320.00)
15602,Urolosin,allopathic,urolosintablet04-mg,Tablet,Tamsulosin  Hydrochloride,0.4 mg,General Pharmaceuticals Ltd.,"Unit Price: ৳ 10.07,(28's pack: ৳ 282.00),",(28's pack: ৳ 282.00)
32602,Urokool,allopathic,urokooloral-solution1500-mg250-mg5-ml,Oral Solution,Potassium Citrate + Citric Acid,(1500 mg+250 mg)/5 ml,Opsonin Pharma Ltd.,200 ml bottle: ৳ 200.00,
15569,Urokit Plus,allopathic,urokit-plusoral-solution1500-mg250-mg5-ml,Oral Solution,Potassium Citrate + Citric Acid,(1500 mg+250 mg)/5 ml,Eskayef Pharmaceuticals Ltd.,200 ml bottle: ৳ 200.00,
15636,Urokit,allopathic,urokittablet-extended-release1080-mg,Tablet (Extended Release),Potassium Citrate,1080 mg,Eskayef Pharmaceuticals Ltd.,"Unit Price: ৳ 10.00,(15's pack: ৳ 150.00),,Unit Price: ৳ 10.00,(20's pack: ৳ 200.00),","(15's pack: ৳ 150.00),(20's pack: ৳ 200.00)"
26315,Uroflo Plus,allopathic,uroflo-pluscapsule04-mg05-mg,Capsule,Tamsulosin Hydrochloride + Dutasteride,0.4 mg+0.5 mg,Beximco Pharmaceuticals Ltd.,"Unit Price: ৳ 20.00,(20's pack: ৳ 400.00),",(20's pack: ৳ 400.00)
15601,Uroflo,allopathic,uroflocapsule-modified-release04-mg,Capsule (Modified Release),Tamsulosin  Hydrochloride,0.4 mg,Beximco Pharmaceuticals Ltd.,"Unit Price: ৳ 10.00,(20's pack: ৳ 200.00),",(20's pack: ৳ 200.00)
23721,Urodel-K,allopathic,urodel-koral-solution1500-mg250-mg5-ml,Oral Solution,Potassium Citrate + Citric Acid,(1500 mg+250 mg)/5 ml,Delta Pharma Ltd.,200 ml bottle: ৳ 200.00,
15575,Urodart,allopathic,urodartcapsule05-mg,Capsule,Dutasteride,0.5 mg,UniMed UniHealth,"Unit Price: ৳ 10.00,(28's pack: ৳ 280.00),",(28's pack: ৳ 280.00)
15564,Urocure SR,allopathic,urocure-srcapsule-sustained-release100-mg,Capsule (Sustained Release),Nitrofurantoin,100 mg,Square Pharmaceuticals Ltd.,"Unit Price: ৳ 20.06,(20's pack: ৳ 401.20),",(20's pack: ৳ 401.20)
15563,Urocure,allopathic,urocureoral-suspension25-mg5-ml,Oral Suspension,Nitrofurantoin,25 mg/5 ml,Square Pharmaceuticals Ltd.,100 ml bottle: ৳ 80.00,
31406,Urocid-N,allopathic,urocid-noral-solution1500-mg250-mg5-ml,Oral Solution,Potassium Citrate + Citric Acid,(1500 mg+250 mg)/5 ml,One Pharma Ltd.,200 ml bottle: ৳ 200.00,
32566,Urocare,allopathic,urocarecapsule-modified-release04-mg,Capsule (Modified Release),Tamsulosin  Hydrochloride,0.4 mg,Doctor TIMS Pharmaceuticals Ltd.,"Unit Price: ৳ 10.00,(20's pack: ৳ 200.00),",(20's pack: ৳ 200.00)
24798,Urocap-D,allopathic,urocap-dcapsule04-mg05-mg,Capsule,Tamsulosin Hydrochloride + Dutasteride,0.4 mg+0.5 mg,Ibn Sina Pharmaceuticals Ltd.,"Unit Price: ৳ 20.00,(30's pack: ৳ 600.00),",(30's pack: ৳ 600.00)
15600,Urocap,allopathic,urocapcapsule-modified-release04-mg,Capsule (Modified Release),Tamsulosin  Hydrochloride,0.4 mg,Ibn Sina Pharmaceuticals Ltd.,"Unit Price: ৳ 10.00,(30's pack: ৳ 300.00),",(30's pack: ৳ 300.00)
32470,Uroblock,allopathic,uroblocktablet-extended-release50-mg,Tablet (Extended Release),Mirabegron,50 mg,Nuvista Pharma Ltd.,,
32469,Uroblock,allopathic,uroblocktablet-extended-release25-mg,Tablet (Extended Release),Mirabegron,25 mg,Nuvista Pharma Ltd.,,
32274,Uroben XR,allopathic,uroben-xrtablet-extended-release50-mg,Tablet (Extended Release),Mirabegron,50 mg,Incepta Pharmaceuticals Ltd.,"Unit Price: ৳ 55.00,(30's pack: ৳ 1,650.00),","(30's pack: ৳ 1,650.00)"
32778,Urobak SR,allopathic,urobak-srcapsule-sustained-release100-mg,Capsule (Sustained Release),Nitrofurantoin,100 mg,Opsonin Pharma Ltd.,"Unit Price: ৳ 20.00,(20's pack: ৳ 400.00),",(20's pack: ৳ 400.00)
32273,Uroben XR,allopathic,uroben-xrtablet-extended-release25-mg,Tablet (Extended Release),Mirabegron,25 mg,Incepta Pharmaceuticals Ltd.,"Unit Price: ৳ 30.00,(30's pack: ৳ 900.00),",(30's pack: ৳ 900.00)
15560,Urobak,allopathic,urobakoral-suspension25-mg5-ml,Oral Suspension,Nitrofurantoin,25 mg/5 ml,Opsonin Pharma Ltd.,100 ml bottle: ৳ 60.00,
15559,Urobak,allopathic,urobaktablet100-mg,Tablet,Nitrofurantoin,100 mg,Opsonin Pharma Ltd.,"Unit Price: ৳ 6.00,(30's pack: ৳ 180.00),",(30's pack: ৳ 180.00)
29265,Urivent,allopathic,uriventcapsule-modified-release04-mg,Capsule (Modified Release),Tamsulosin  Hydrochloride,0.4 mg,Al-Madina Pharmaceuticals Ltd.,"Unit Price: ৳ 9.00,(30's pack: ৳ 270.00),",(30's pack: ৳ 270.00)
31715,Uritro,allopathic,uritrocapsule-sustained-release100-mg,Capsule (Sustained Release),Nitrofurantoin,100 mg,Team Pharmaceuticals Ltd.,"Unit Price: ৳ 20.00,(20's pack: ৳ 400.00),",(20's pack: ৳ 400.00)
31714,Uritro,allopathic,uritrocapsule-sustained-release50-mg,Capsule (Sustained Release),Nitrofurantoin,50 mg,Team Pharmaceuticals Ltd.,"Unit Price: ৳ 4.00,(30's pack: ৳ 120.00),",(30's pack: ৳ 120.00)
2896,Uritone,allopathic,uritonetablet40-mg50-mg,Tablet,Furosemide + Spironolactone,40 mg+50 mg,Renata Limited,"Unit Price: ৳ 10.00,(30's pack: ৳ 300.00),",(30's pack: ৳ 300.00)
2895,Uritone,allopathic,uritonetablet20-mg50-mg,Tablet,Furosemide + Spironolactone,20 mg+50 mg,Renata Limited,"Unit Price: ৳ 8.00,(30's pack: ৳ 240.00),",(30's pack: ৳ 240.00)
30037,Uritol,allopathic,uritoltablet2-mg,Tablet,Tolterodine Tartrate,2 mg,Eskayef Pharmaceuticals Ltd.,"Unit Price: ৳ 3.00,(30's pack: ৳ 90.00),",(30's pack: ৳ 90.00)
2448,Ursolic,allopathic,ursolictablet150-mg,Tablet,Ursodeoxycholic Acid,150 mg,Drug International Ltd.,"Unit Price: ৳ 12.00,(20's pack: ৳ 240.00),",(20's pack: ৳ 240.00)
32637,Urtizin,allopathic,urtizintablet25-mg,Tablet,Hydroxyzine  Hydrochloride,25 mg,UniMed UniHealth,"Unit Price: ৳ 2.00,(100's pack: ৳ 200.00),",(100's pack: ৳ 200.00)
32636,Urtizin,allopathic,urtizintablet10-mg,Tablet,Hydroxyzine  Hydrochloride,10 mg,UniMed UniHealth,"Unit Price: ৳ 1.25,(100's pack: ৳ 125.00),",(100's pack: ৳ 125.00)
28823,Urtinex,allopathic,urtinexoral-solution5-mg5-ml,Oral Solution,Rupatadine Fumarate,5 mg/5 ml,Everest Pharmaceuticals Ltd.,50 ml bottle: ৳ 60.00,
28822,Urtinex,allopathic,urtinextablet10-mg,Tablet,Rupatadine Fumarate,10 mg,Everest Pharmaceuticals Ltd.,"Unit Price: ৳ 12.00,(30's pack: ৳ 360.00),",(30's pack: ৳ 360.00)
25168,Ursoton,allopathic,ursotontablet300-mg,Tablet,Ursodeoxycholic Acid,300 mg,Centeon Pharma Ltd.,"Unit Price: ৳ 30.00,(30's pack: ৳ 900.00),",(30's pack: ৳ 900.00)
25169,Ursolic,allopathic,ursolicoral-suspension250-mg5-ml,Oral Suspension,Ursodeoxycholic Acid,250 mg/5 ml,Drug International Ltd.,50 ml bottle: ৳ 180.55,
2449,Ursolic,allopathic,ursolictablet300-mg,Tablet,Ursodeoxycholic Acid,300 mg,Drug International Ltd.,"Unit Price: ৳ 21.00,(10's pack: ৳ 210.00),",(10's pack: ৳ 210.00)
25170,Ursodil,allopathic,ursodiltablet150-mg,Tablet,Ursodeoxycholic Acid,150 mg,General Pharmaceuticals Ltd.,"Unit Price: ৳ 15.00,(30's pack: ৳ 450.00),",(30's pack: ৳ 450.00)
2447,Ursodil,allopathic,ursodiltablet300-mg,Tablet,Ursodeoxycholic Acid,300 mg,General Pharmaceuticals Ltd.,"Unit Price: ৳ 25.00,(20's pack: ৳ 500.00),",(20's pack: ৳ 500.00)
25174,Ursodex,allopathic,ursodextablet150-mg,Tablet,Ursodeoxycholic Acid,150 mg,Ibn Sina Pharmaceuticals Ltd.,"Unit Price: ৳ 12.00,(40's pack: ৳ 480.00),",(40's pack: ৳ 480.00)
25173,Ursodex,allopathic,ursodextablet300-mg,Tablet,Ursodeoxycholic Acid,300 mg,Ibn Sina Pharmaceuticals Ltd.,"Unit Price: ৳ 20.00,(20's pack: ৳ 400.00),",(20's pack: ৳ 400.00)
2446,Ursocol,allopathic,ursocoltablet300-mg,Tablet,Ursodeoxycholic Acid,300 mg,Sun Pharmaceutical Ltd.,"Unit Price: ৳ 25.00,(30's pack: ৳ 750.00),",(30's pack: ৳ 750.00)
2445,Ursocol,allopathic,ursocoltablet150-mg,Tablet,Ursodeoxycholic Acid,150 mg,Sun Pharmaceutical Ltd.,"Unit Price: ৳ 15.00,(50's pack: ৳ 750.00),",(50's pack: ৳ 750.00)
25181,Urso,allopathic,ursotablet300-mg,Tablet,Ursodeoxycholic Acid,300 mg,Square Pharmaceuticals Ltd.,"Unit Price: ৳ 25.00,(20's pack: ৳ 500.00),",(20's pack: ৳ 500.00)
25180,Urso,allopathic,ursotablet150-mg,Tablet,Ursodeoxycholic Acid,150 mg,Square Pharmaceuticals Ltd.,"Unit Price: ৳ 15.00,(20's pack: ৳ 300.00),",(20's pack: ৳ 300.00)
25790,Uroxime,allopathic,uroximetablet500-mg,Tablet,Cefuroxime Axetil,500 mg,Euro Pharma Ltd.,"Unit Price: ৳ 45.00,(12's pack: ৳ 540.00),",(12's pack: ৳ 540.00)
7357,Uroxime,allopathic,uroximepowder-for-suspension125-mg5-ml,Powder for Suspension,Cefuroxime Axetil,125 mg/5 ml,Euro Pharma Ltd.,70 ml bottle: ৳ 198.00,
7356,Uroxime,allopathic,uroximetablet250-mg,Tablet,Cefuroxime Axetil,250 mg,Euro Pharma Ltd.,"Unit Price: ৳ 25.00,(18's pack: ৳ 450.00),",(18's pack: ৳ 450.00)
23726,Urotrate,allopathic,urotrateoral-solution1500-mg250-mg5-ml,Oral Solution,Potassium Citrate + Citric Acid,(1500 mg+250 mg)/5 ml,Leon Pharmaceuticals Ltd.,200 ml bottle: ৳ 200.00,
15606,Urotam,allopathic,urotamcapsule-modified-release04-mg,Capsule (Modified Release),Tamsulosin  Hydrochloride,0.4 mg,Navana Pharmaceuticals Ltd.,"Unit Price: ৳ 10.03,(30's pack: ৳ 300.95),",(30's pack: ৳ 300.95)
11694,Urostat,allopathic,urostattablet40-mg,Tablet,Febuxostat,40 mg,General Pharmaceuticals Ltd.,"Unit Price: ৳ 12.04,(20's pack: ৳ 240.80),",(20's pack: ৳ 240.80)
2897,Urospin,allopathic,urospintablet20-mg50-mg,Tablet,Furosemide + Spironolactone,20 mg+50 mg,Biopharma Laboratories Ltd.,"Unit Price: ৳ 6.02,(30's pack: ৳ 180.50),",(30's pack: ৳ 180.50)
32603,Urosolv,allopathic,urosolvoral-solution1500-mg250-mg5-ml,Oral Solution,Potassium Citrate + Citric Acid,(1500 mg+250 mg)/5 ml,Edruc Limited,200 ml bottle: ৳ 200.00,
15605,Urosin,allopathic,urosincapsule-modified-release04-mg,Capsule (Modified Release),Tamsulosin  Hydrochloride,0.4 mg,Eskayef Pharmaceuticals Ltd.,"Unit Price: ৳ 10.00,(30's pack: ৳ 300.00),",(30's pack: ৳ 300.00)
24789,Uropro,allopathic,uroprocapsule-modified-release04-mg,Capsule (Modified Release),Tamsulosin  Hydrochloride,0.4 mg,Benham Pharmaceuticals Ltd.,"Unit Price: ৳ 9.00,(28's pack: ৳ 252.00),",(28's pack: ৳ 252.00)
16708,Uropass-D,allopathic,uropass-dcapsule04-mg05-mg,Capsule,Tamsulosin Hydrochloride + Dutasteride,0.4 mg+0.5 mg,ACME Laboratories Ltd.,"Unit Price: ৳ 20.00,(16's pack: ৳ 320.00),",(16's pack: ৳ 320.00)
15604,Uropass,allopathic,uropasscapsule-modified-release04-mg,Capsule (Modified Release),Tamsulosin  Hydrochloride,0.4 mg,ACME Laboratories Ltd.,"Unit Price: ৳ 10.07,(20's pack: ৳ 201.40),",(20's pack: ৳ 201.40)
16888,Uronase,allopathic,uronaseinjection500000-iu10-ml,Injection,Urokinase,500000 IU/10 ml,Beacon Pharmaceuticals Ltd.,"10 ml vial: ৳ 3,523.77",
15026,Uromitexan,allopathic,uromitexaniv-injection400-mg4-ml,IV Injection,Mesna,400 mg/4 ml,Baxter,"400 mg vial: ৳ 215.61,(15's pack: ৳ 3,234.15),","(15's pack: ৳ 3,234.15)"
13863,V-Plex,allopathic,v-plextablet,Tablet,Vitamin B complex,,ACME Laboratories Ltd.,"Unit Price: ৳ 0.60,(100's pack: ৳ 60.00),",(100's pack: ৳ 60.00)
26881,V-Nil,allopathic,v-niltablet25-mg50-mg,Tablet,Meclizine + Pyridoxine,25 mg+50 mg,Alco Pharma Ltd.,"Unit Price: ৳ 3.01,(50's pack: ৳ 150.50),",(50's pack: ৳ 150.50)
28326,Valarux,allopathic,valaruxtablet500-mg,Tablet,Valacyclovir,500 mg,Opsonin Pharma Ltd.,"Unit Price: ৳ 40.15,(10's pack: ৳ 401.50),",(10's pack: ৳ 401.50)
17427,Valarux,allopathic,valaruxtablet1-gm,Tablet,Valacyclovir,1 gm,Opsonin Pharma Ltd.,"Unit Price: ৳ 75.00,(12's pack: ৳ 900.00),",(12's pack: ৳ 900.00)
13385,V4Z,allopathic,v4zsyrup,Syrup,Vitamin B Complex + Zinc,,NIPRO JMI Pharma Ltd.,100 ml bottle: ৳ 45.14,
13844,V4,allopathic,v4syrup,Syrup,Vitamin B complex,,NIPRO JMI Pharma Ltd.,"100 ml bottle: ৳ 20.84,200 ml bottle: ৳ 38.03",
13712,V3N,allopathic,v3ntablet100-mg200-mg200-mcg,Tablet,"Vitamin B1, B6 & B12",100 mg+200 mg+200 mcg,NIPRO JMI Pharma Ltd.,"Unit Price: ৳ 8.00,(50's pack: ৳ 400.00),",(50's pack: ৳ 400.00)
16650,V-Plex Plus,allopathic,v-plex-plustablet,Tablet,Multivitamin & Multimineral,,ACME Laboratories Ltd.,"Unit Price: ৳ 2.00,(30's pack: ৳ 60.00),",(30's pack: ৳ 60.00)
13867,V-Plex,allopathic,v-pleximiv-injection,IM/IV Injection,Vitamin B complex,,ACME Laboratories Ltd.,"2 ml ampoule: ৳ 10.03,(10's pack: ৳ 100.30),",(10's pack: ৳ 100.30)
13866,V-Plex,allopathic,v-plexpediatric-drops,Pediatric Drops,Multivitamin [Pediatric preparation],,ACME Laboratories Ltd.,15 ml drop: ৳ 22.07,
13865,V-Plex,allopathic,v-plexsyrup,Syrup,Vitamin B complex,,ACME Laboratories Ltd.,"100 ml bottle: ৳ 35.65,200 ml bottle: ৳ 62.19",
13864,V-Plex,allopathic,v-plexcapsule,Capsule,Vitamin B complex,,ACME Laboratories Ltd.,"Unit Price: ৳ 1.00,(250's pack: ৳ 250.00),",(250's pack: ৳ 250.00)
13714,V-Nerve,allopathic,v-nerveim-injection100-mg100-mg1-mg3-ml,IM Injection,"Vitamin B1, B6 & B12",(100 mg+100 mg+1 mg)/3 ml,Monicopharma Ltd.,"3 ml ampoule: ৳ 25.00,(10's pack: ৳ 250.00),",(10's pack: ৳ 250.00)
13713,V-Nerve,allopathic,v-nervetablet100-mg200-mg200-mcg,Tablet,"Vitamin B1, B6 & B12",100 mg+200 mg+200 mcg,Monicopharma Ltd.,"Unit Price: ৳ 4.00,(30's pack: ৳ 120.00),",(30's pack: ৳ 120.00)
13575,V-Cod,allopathic,v-codsyrup,Syrup,Multivitamin & Cod Liver Oil,,Edruc Limited,100 ml bottle: ৳ 80.00,
22551,Utromeg,allopathic,utromegtablet-extended-release25-mg,Tablet (Extended Release),Mirabegron,25 mg,UniMed UniHealth,"Unit Price: ৳ 30.00,(10's pack: ৳ 300.00),",(10's pack: ৳ 300.00)
22550,Utromeg,allopathic,utromegtablet-extended-release50-mg,Tablet (Extended Release),Mirabegron,50 mg,UniMed UniHealth,"Unit Price: ৳ 55.00,(10's pack: ৳ 550.00),",(10's pack: ৳ 550.00)
26558,Utrogestan,allopathic,utrogestancapsule200-mg,Capsule,Progesterone (Capsule),200 mg,ZAS Corporation,"Unit Price: ৳ 72.00,(15's pack: ৳ 1,080.00),","(15's pack: ৳ 1,080.00)"
26557,Utrogestan,allopathic,utrogestancapsule100-mg,Capsule,Progesterone (Capsule),100 mg,ZAS Corporation,"Unit Price: ৳ 36.00,(30's pack: ৳ 1,080.00),","(30's pack: ৳ 1,080.00)"
15635,Utrobin,allopathic,utrobintablet10-mg,Tablet,Solifenacin Succinate,10 mg,UniMed UniHealth,"Unit Price: ৳ 30.00,(20's pack: ৳ 600.00),",(20's pack: ৳ 600.00)
15634,Utrobin,allopathic,utrobintablet5-mg,Tablet,Solifenacin Succinate,5 mg,UniMed UniHealth,"Unit Price: ৳ 15.00,(30's pack: ৳ 450.00),",(30's pack: ৳ 450.00)
25070,Utramal Retard,allopathic,utramal-retardretard-tablet50-mg,Retard Tablet,Tramadol Hydrochloride,50 mg,UniMed UniHealth,"Unit Price: ৳ 10.00,(30's pack: ৳ 300.00),",(30's pack: ৳ 300.00)
10746,Utramal Retard,allopathic,utramal-retardretard-tablet100-mg,Retard Tablet,Tramadol Hydrochloride,100 mg,UniMed UniHealth,"Unit Price: ৳ 20.00,(20's pack: ৳ 400.00),",(20's pack: ৳ 400.00)
25072,Utramal,allopathic,utramalcapsule50-mg,Capsule,Tramadol Hydrochloride,50 mg,UniMed UniHealth,"Unit Price: ৳ 8.50,(30's pack: ৳ 255.00),",(30's pack: ৳ 255.00)
25071,Utramal,allopathic,utramalimiv-injection100-mg2-ml,IM/IV Injection,Tramadol Hydrochloride,100 mg/2 ml,UniMed UniHealth,"2 ml ampoule: ৳ 25.00,(5's pack: ৳ 125.00),",(5's pack: ৳ 125.00)
10719,Utramal,allopathic,utramalsuppository100-mg,Suppository,Tramadol Hydrochloride,100 mg,UniMed UniHealth,"Unit Price: ৳ 25.00,(10's pack: ৳ 250.00),",(10's pack: ৳ 250.00)
10780,Utracet,allopathic,utracettablet325-mg375-mg,Tablet,Paracetamol + Tramadol Hydrochloride,325 mg+37.5 mg,UniMed UniHealth,"Unit Price: ৳ 8.00,(30's pack: ৳ 240.00),",(30's pack: ৳ 240.00)
31991,Utifos,allopathic,utifosoral-powder3-gmsachet,Oral Powder,Fosfomycin Trometamol,3 gm/sachet,Radiant Pharmaceuticals Ltd.,3 gm sachet: ৳ 350.00,
20547,Uteric,allopathic,uterictablet40-mg,Tablet,Furosemide,40 mg,Doctor’s Chemical Works Ltd.,"Unit Price: ৳ 0.52,(100's pack: ৳ 52.00),",(100's pack: ৳ 52.00)
25157,Utal,allopathic,utaltablet5-mg,Tablet,Ulipristal Acetate [For uterine fibroids],5 mg,Square Pharmaceuticals Ltd.,"Unit Price: ৳ 54.50,(20's pack: ৳ 1,090.00),","(20's pack: ৳ 1,090.00)"
31728,Valporin CR,allopathic,valporin-crtablet-controlled-release300-mg,Tablet (Controlled Release),Sodium Valproate,300 mg,Renata Limited,"Unit Price: ৳ 8.00,(30's pack: ৳ 240.00),",(30's pack: ৳ 240.00)
31727,Valporin CR,allopathic,valporin-crtablet-controlled-release500-mg,Tablet (Controlled Release),Sodium Valproate,500 mg,Renata Limited,"Unit Price: ৳ 12.00,(30's pack: ৳ 360.00),",(30's pack: ৳ 360.00)
31726,Valporin,allopathic,valporinsyrup200-mg5-ml,Syrup,Sodium Valproate,200 mg/5 ml,Renata Limited,100 ml bottle: ৳ 80.00,
3006,Valsartil Plus,allopathic,valsartil-plustablet80-mg125-mg,Tablet,Valsartan + Hydrochlorothiazide,80 mg+12.5 mg,Incepta Pharmaceuticals Ltd.,"Unit Price: ৳ 6.00,(30's pack: ৳ 180.00),",(30's pack: ৳ 180.00)
2808,Valsartil,allopathic,valsartiltablet160-mg,Tablet,Valsartan,160 mg,Incepta Pharmaceuticals Ltd.,"Unit Price: ৳ 8.00,(30's pack: ৳ 240.00),",(30's pack: ৳ 240.00)
2807,Valsartil,allopathic,valsartiltablet80-mg,Tablet,Valsartan,80 mg,Incepta Pharmaceuticals Ltd.,"Unit Price: ৳ 6.00,(30's pack: ৳ 180.00),",(30's pack: ৳ 180.00)
2806,Valsartil,allopathic,valsartiltablet40-mg,Tablet,Valsartan,40 mg,Incepta Pharmaceuticals Ltd.,"Unit Price: ৳ 5.00,(30's pack: ৳ 150.00),",(30's pack: ৳ 150.00)
2805,Valsan,allopathic,valsancapsule80-mg,Capsule,Valsartan,80 mg,Mystic Pharmaceuticals Ltd.,"Unit Price: ৳ 9.80,(20's pack: ৳ 196.00),",(20's pack: ৳ 196.00)
2804,Valpress,allopathic,valpresscapsule80-mg,Capsule,Valsartan,80 mg,Silva Pharmaceuticals Ltd.,"Unit Price: ৳ 8.00,(30's pack: ৳ 240.00),",(30's pack: ৳ 240.00)
31824,Valporin CR,allopathic,valporin-crtablet-controlled-release200-mg,Tablet (Controlled Release),Sodium Valproate,200 mg,Concord Pharmaceuticals Ltd.,"Unit Price: ৳ 5.00,(50's pack: ৳ 250.00),",(50's pack: ৳ 250.00)
9714,Valovir,allopathic,valovirtablet1-gm,Tablet,Valacyclovir,1 gm,Incepta Pharmaceuticals Ltd.,"Unit Price: ৳ 75.00,(8's pack: ৳ 600.00),",(8's pack: ৳ 600.00)
9713,Valovir,allopathic,valovirtablet500-mg,Tablet,Valacyclovir,500 mg,Incepta Pharmaceuticals Ltd.,"Unit Price: ৳ 40.00,(10's pack: ৳ 400.00),",(10's pack: ৳ 400.00)
24635,Valoate CR,allopathic,valoate-crtablet-controlled-release500-mg,Tablet (Controlled Release),Sodium Valproate,500 mg,Square Pharmaceuticals Ltd.,"Unit Price: ৳ 12.03,(30's pack: ৳ 360.90),",(30's pack: ৳ 360.90)
24634,Valoate CR,allopathic,valoate-crtablet-controlled-release300-mg,Tablet (Controlled Release),Sodium Valproate,300 mg,Square Pharmaceuticals Ltd.,"Unit Price: ৳ 8.03,(50's pack: ৳ 401.50),",(50's pack: ৳ 401.50)
24633,Valoate CR,allopathic,valoate-crtablet-controlled-release200-mg,Tablet (Controlled Release),Sodium Valproate,200 mg,Square Pharmaceuticals Ltd.,"Unit Price: ৳ 5.02,(50's pack: ৳ 251.00),",(50's pack: ৳ 251.00)
5078,Valoate,allopathic,valoatesyrup200-mg5-ml,Syrup,Sodium Valproate,200 mg/5 ml,Square Pharmaceuticals Ltd.,100 ml bottle: ৳ 100.30,
29617,Valmor,allopathic,valmortablet24-mg26-mg,Tablet,Sacubitril + Valsartan,24 mg+26 mg,Square Pharmaceuticals Ltd.,"Unit Price: ৳ 45.00,(10's pack: ৳ 450.00),",(10's pack: ৳ 450.00)
29616,Valmor,allopathic,valmortablet49-mg51-mg,Tablet,Sacubitril + Valsartan,49 mg+51 mg,Square Pharmaceuticals Ltd.,"Unit Price: ৳ 85.00,(10's pack: ৳ 850.00),",(10's pack: ৳ 850.00)
5086,Valex CR,allopathic,valex-crtablet-controlled-release500-mg,Tablet (Controlled Release),Sodium Valproate,500 mg,Incepta Pharmaceuticals Ltd.,"Unit Price: ৳ 12.00,(28's pack: ৳ 336.00),",(28's pack: ৳ 336.00)
5085,Valex CR,allopathic,valex-crtablet-controlled-release300-mg,Tablet (Controlled Release),Sodium Valproate,300 mg,Incepta Pharmaceuticals Ltd.,"Unit Price: ৳ 8.00,(50's pack: ৳ 400.00),",(50's pack: ৳ 400.00)
5084,Valex CR,allopathic,valex-crtablet-controlled-release200-mg,Tablet (Controlled Release),Sodium Valproate,200 mg,Incepta Pharmaceuticals Ltd.,"Unit Price: ৳ 5.00,(50's pack: ৳ 250.00),",(50's pack: ৳ 250.00)
5077,Valex,allopathic,valexsyrup200-mg5-ml,Syrup,Sodium Valproate,200 mg/5 ml,Incepta Pharmaceuticals Ltd.,100 ml bottle: ৳ 92.00,
5076,Valex,allopathic,valextablet200-mg,Tablet,Sodium Valproate,200 mg,Incepta Pharmaceuticals Ltd.,"Unit Price: ৳ 3.00,(60's pack: ৳ 180.00),",(60's pack: ৳ 180.00)
30310,Valestra,allopathic,valestratablet1-mg,Tablet,Estradiol Valerate,1 mg,Nuvista Pharma Ltd.,30 tablet pack: ৳ 300.00,
24627,Valepi,allopathic,valepitablet200-mg,Tablet,Sodium Valproate,200 mg,Medimet Pharmaceuticals Ltd.,"Unit Price: ৳ 6.20,(50's pack: ৳ 310.00),",(50's pack: ৳ 310.00)
16746,Valenty,allopathic,valentytablet20-mg,Tablet,Vardenafil,20 mg,Eskayef Pharmaceuticals Ltd.,"Unit Price: ৳ 60.00,(4's pack: ৳ 240.00),",(4's pack: ৳ 240.00)
16745,Valenty,allopathic,valentytablet10-mg,Tablet,Vardenafil,10 mg,Eskayef Pharmaceuticals Ltd.,"Unit Price: ৳ 35.00,(4's pack: ৳ 140.00),",(4's pack: ৳ 140.00)
30591,Valdipin,allopathic,valdipintablet5-mg160-mg,Tablet,Amlodipine Besilate + Valsartan,5 mg+160 mg,Popular Pharmaceuticals Ltd.,"Unit Price: ৳ 16.00,(30's pack: ৳ 480.00),",(30's pack: ৳ 480.00)
30590,Valdipin,allopathic,valdipintablet5-mg80-mg,Tablet,Amlodipine Besilate + Valsartan,5 mg+80 mg,Popular Pharmaceuticals Ltd.,"Unit Price: ৳ 9.00,(30's pack: ৳ 270.00),",(30's pack: ৳ 270.00)
26088,Valcyte,allopathic,valcytetablet450-mg,Tablet,Valganciclovir,450 mg,Roche Bangladesh Ltd.,"Unit Price: ৳ 850.00,(60's pack: ৳ 51,000.00),","(60's pack: ৳ 51,000.00)"
16614,Varigestrol,allopathic,varigestroltablet160-mg,Tablet,Megestrol Acetate,160 mg,"Laboratorio Varifarma, Argentina","Unit Price: ৳ 60.00,(30's pack: ৳ 1,800.00),","(30's pack: ৳ 1,800.00)"
15703,Varen,allopathic,varenophthalmic-solution05,Ophthalmic Solution,Chloramphenicol (Ophthalmic),0.50%,Monicopharma Ltd.,10 ml drop: ৳ 34.27,
25221,Vardena,allopathic,vardenatablet20-mg,Tablet,Vardenafil,20 mg,Globe Pharmaceuticals Ltd.,"Unit Price: ৳ 58.00,(4's pack: ৳ 232.00),",(4's pack: ৳ 232.00)
25220,Vardena,allopathic,vardenatablet10-mg,Tablet,Vardenafil,10 mg,Globe Pharmaceuticals Ltd.,"Unit Price: ৳ 32.00,(4's pack: ৳ 128.00),",(4's pack: ৳ 128.00)
16747,Varni,allopathic,varnitablet05-mg,Tablet,Varenicline Tartrate,0.5 mg,Monicopharma Ltd.,"Unit Price: ৳ 15.00,(20's pack: ৳ 300.00),",(20's pack: ৳ 300.00)
27251,Varnafil,allopathic,varnafiltablet20-mg,Tablet,Vardenafil,20 mg,Euro Pharma Ltd.,"Unit Price: ৳ 56.00,(4's pack: ৳ 224.00),",(4's pack: ৳ 224.00)
27250,Varnafil,allopathic,varnafiltablet10-mg,Tablet,Vardenafil,10 mg,Euro Pharma Ltd.,"Unit Price: ৳ 32.00,(8's pack: ৳ 256.00),",(8's pack: ৳ 256.00)
10196,Varizil,allopathic,variziliv-infusion500-mg100-ml,IV Infusion,Metronidazole,500 mg/100 ml,Drug International Ltd.,100 ml bottle: ৳ 45.00,
10195,Varizil,allopathic,variziltablet400-mg,Tablet,Metronidazole,400 mg,Drug International Ltd.,"Unit Price: ৳ 0.86,(100's pack: ৳ 86.00),",(100's pack: ৳ 86.00)
28957,Varivax,allopathic,varivaxsc-injection05-ml,SC Injection,Varicella Virus Vaccine,0.5 ml,MSD,"0.5 ml vial: ৳ 8,103.00",
15204,Varilrix,allopathic,varilrixsc-injection05-ml,SC Injection,Varicella Virus Vaccine,0.5 ml,GlaxoSmithKline,"0.5 ml vial: ৳ 2,350.00",
30262,Vardamate,allopathic,vardamatetablet20-mg,Tablet,Vardenafil,20 mg,Square Pharmaceuticals Ltd.,"Unit Price: ৳ 60.00,(10's pack: ৳ 600.00),",(10's pack: ৳ 600.00)
30261,Vardamate,allopathic,vardamatetablet10-mg,Tablet,Vardenafil,10 mg,Square Pharmaceuticals Ltd.,"Unit Price: ৳ 35.00,(10's pack: ৳ 350.00),",(10's pack: ৳ 350.00)
25219,Varda,allopathic,vardatablet20-mg,Tablet,Vardenafil,20 mg,Benham Pharmaceuticals Ltd.,"Unit Price: ৳ 58.00,(4's pack: ৳ 232.00),",(4's pack: ৳ 232.00)
25218,Varda,allopathic,vardatablet10-mg,Tablet,Vardenafil,10 mg,Benham Pharmaceuticals Ltd.,"Unit Price: ৳ 32.00,(4's pack: ৳ 128.00),",(4's pack: ৳ 128.00)
30065,Vaptan,allopathic,vaptantablet15-mg,Tablet,Tolvaptan,15 mg,Popular Pharmaceuticals Ltd.,"Unit Price: ৳ 70.00,(10's pack: ৳ 700.00),",(10's pack: ৳ 700.00)
10872,Vaporex,allopathic,vaporexointment,Ointment,Camphor + Menthol + Oil Clove + Oil Eucalyptus + Oil Turpentine,,Hallmark Pharmaceuticals Ltd.,30 gm tube: ৳ 35.00,
7824,Vanprox Forte,allopathic,vanprox-fortepowder-for-suspension80-mg5-ml,Powder for Suspension,Cefpodoxime Proxetil,80 mg/5 ml,Square Pharmaceuticals Ltd.,50 ml bottle: ৳ 176.19,
7825,Vanprox,allopathic,vanproxpediatric-drops20-mgml,Pediatric Drops,Cefpodoxime Proxetil,20 mg/ml,Square Pharmaceuticals Ltd.,15 ml bottle: ৳ 60.40,
7823,Vanprox,allopathic,vanproxpowder-for-suspension40-mg5-ml,Powder for Suspension,Cefpodoxime Proxetil,40 mg/5 ml,Square Pharmaceuticals Ltd.,50 ml bottle: ৳ 98.65,
8976,Vanmycin,allopathic,vanmyciniv-infusion1-gmvial,IV Infusion,Vancomycin Hydrochloride,1 gm/vial,Incepta Pharmaceuticals Ltd.,1 gm vial: ৳ 480.00,
8975,Vanmycin,allopathic,vanmyciniv-infusion500-mgvial,IV Infusion,Vancomycin Hydrochloride,500 mg/vial,Incepta Pharmaceuticals Ltd.,500 mg vial: ৳ 250.00,
30112,Vaniflo,allopathic,vaniflocream139,Cream,Eflornithine Hydrochloride,13.90%,UniMed UniHealth,"30 gm tube: ৳ 1,500.00",
8974,Vancomin,allopathic,vancominiv-infusion1-gmvial,IV Infusion,Vancomycin Hydrochloride,1 gm/vial,Opsonin Pharma Ltd.,1 gm vial: ৳ 481.81,
8973,Vancomin,allopathic,vancominiv-infusion500-mgvial,IV Infusion,Vancomycin Hydrochloride,500 mg/vial,Opsonin Pharma Ltd.,500 mg vial: ৳ 250.94,
8970,Vancard,allopathic,vancardiv-infusion1-gmvial,IV Infusion,Vancomycin Hydrochloride,1 gm/vial,Techno Drugs Ltd.,1 gm vial: ৳ 459.57,
8969,Vancard,allopathic,vancardiv-infusion500-mgvial,IV Infusion,Vancomycin Hydrochloride,500 mg/vial,Techno Drugs Ltd.,500 mg vial: ৳ 244.78,
25194,Valtin,allopathic,valtintablet160-mg,Tablet,Valsartan,160 mg,ACME Laboratories Ltd.,"Unit Price: ৳ 16.04,(30's pack: ৳ 481.20),",(30's pack: ৳ 481.20)
25193,Valtin,allopathic,valtintablet80-mg,Tablet,Valsartan,80 mg,ACME Laboratories Ltd.,"Unit Price: ৳ 9.03,(30's pack: ৳ 270.90),",(30's pack: ৳ 270.90)
25198,Valsartil Plus,allopathic,valsartil-plustablet160-mg25-mg,Tablet,Valsartan + Hydrochlorothiazide,160 mg+25 mg,Incepta Pharmaceuticals Ltd.,"Unit Price: ৳ 8.00,(30's pack: ৳ 240.00),",(30's pack: ৳ 240.00)
32882,Vastigro,allopathic,vastigrocapsule15-mg,Capsule,Rivastigmine Tartrate,1.5 mg,Incepta Pharmaceuticals Ltd.,"Unit Price: ৳ 20.00,(30's pack: ৳ 600.00),",(30's pack: ৳ 600.00)
3143,Vastarel MR,allopathic,vastarel-mrtablet-modified-release35-mg,Tablet (Modified Release),Trimetazidine Dihydrochloride,35 mg,Servier Bangladesh Operation,"Unit Price: ৳ 9.03,(30's pack: ৳ 270.90),,Unit Price: ৳ 9.03,(60's pack: ৳ 541.80),","(30's pack: ৳ 270.90),(60's pack: ৳ 541.80)"
3142,Vastadin MR,allopathic,vastadin-mrtablet-modified-release35-mg,Tablet (Modified Release),Trimetazidine Dihydrochloride,35 mg,Sharif Pharmaceuticals Ltd.,"Unit Price: ৳ 5.01,(30's pack: ৳ 150.30),",(30's pack: ৳ 150.30)
1247,Vass,allopathic,vasstablet20-mg,Tablet,Atorvastatin Calcium,20 mg,SANDOZ (A Novartis Division),"Unit Price: ৳ 20.10,(20's pack: ৳ 402.00),",(20's pack: ৳ 402.00)
1246,Vass,allopathic,vasstablet10-mg,Tablet,Atorvastatin Calcium,10 mg,SANDOZ (A Novartis Division),"Unit Price: ৳ 12.10,(30's pack: ৳ 363.00),",(30's pack: ৳ 363.00)
1648,Vave,allopathic,vavetablet10-mg,Tablet,Domperidone Maleate,10 mg,ACI Limited,"Unit Price: ৳ 3.00,(150's pack: ৳ 450.00),",(150's pack: ৳ 450.00)
25539,Vastor,allopathic,vastortablet10-mg,Tablet,Atorvastatin Calcium,10 mg,Ad-din Pharmaceuticals Ltd.,"Unit Price: ৳ 10.00,(20's pack: ৳ 200.00),",(20's pack: ৳ 200.00)
3416,Vastocor,allopathic,vastocortablet10-mg,Tablet,Simvastatin,10 mg,Incepta Pharmaceuticals Ltd.,"Unit Price: ৳ 12.00,(30's pack: ৳ 360.00),",(30's pack: ৳ 360.00)
24501,Vastin,allopathic,vastintablet10-mg,Tablet,Atorvastatin Calcium,10 mg,Amico Laboratories Ltd.,"Unit Price: ৳ 8.03,(20's pack: ৳ 160.60),",(20's pack: ৳ 160.60)
1249,Vastin,allopathic,vastintablet10-mg,Tablet,Atorvastatin Calcium,10 mg,Pharmadesh Laboratories Ltd.,"Unit Price: ৳ 8.03,(20's pack: ৳ 160.60),",(20's pack: ৳ 160.60)
32884,Vastigro,allopathic,vastigrocapsule45-mg,Capsule,Rivastigmine Tartrate,4.5 mg,Incepta Pharmaceuticals Ltd.,"Unit Price: ৳ 40.00,(20's pack: ৳ 800.00),",(20's pack: ৳ 800.00)
32883,Vastigro,allopathic,vastigrocapsule3-mg,Capsule,Rivastigmine Tartrate,3 mg,Incepta Pharmaceuticals Ltd.,"Unit Price: ৳ 30.00,(20's pack: ৳ 600.00),",(20's pack: ৳ 600.00)
18412,Vaspine,allopathic,vaspineintraspinal-injection058,Intraspinal Injection,Bupivacaine Hydrochloride + Dextrose,0.5%+8%,Healthcare Pharmaceuticals Ltd.,"4 ml ampoule: ৳ 32.00,(10's pack: ৳ 320.00),",(10's pack: ৳ 320.00)
28499,Vaspec MR,allopathic,vaspec-mrtablet-modified-release35-mg,Tablet (Modified Release),Trimetazidine Dihydrochloride,35 mg,Navana Pharmaceuticals Ltd.,"Unit Price: ৳ 6.00,(30's pack: ৳ 180.00),",(30's pack: ৳ 180.00)
30493,Vasotrop,allopathic,vasotropophthalmic-solution085,Ophthalmic Solution,Tropicamide + Phenylephrine Hydrochloride,0.8%+5%,Asiatic Laboratories Ltd.,5 ml drop: ৳ 90.00,
30697,Vasoproct,allopathic,vasoproctcapsule500-mg,Capsule,Calcium Dobesilate,500 mg,General Pharmaceuticals Ltd.,"Unit Price: ৳ 20.00,(30's pack: ৳ 600.00),",(30's pack: ৳ 600.00)
850,Vasopin Plus,allopathic,vasopin-plustablet5-mg50-mg,Tablet,Amlodipine Besilate + Atenolol,5 mg+50 mg,Silva Pharmaceuticals Ltd.,"Unit Price: ৳ 4.52,(30's pack: ৳ 135.46),",(30's pack: ৳ 135.46)
30563,Vasopin,allopathic,vasopintablet10-mg,Tablet,Amlodipine Besilate,10 mg,Silva Pharmaceuticals Ltd.,"Unit Price: ৳ 5.03,(30's pack: ৳ 150.97),",(30's pack: ৳ 150.97)
709,Vasopin,allopathic,vasopintablet5-mg,Tablet,Amlodipine Besilate,5 mg,Silva Pharmaceuticals Ltd.,"Unit Price: ৳ 4.02,(30's pack: ৳ 120.60),",(30's pack: ৳ 120.60)
31927,Vasolax,allopathic,vasolaxtablet-controlled-release400-mg,Tablet (Controlled Release),Pentoxifylline,400 mg,Beximco Pharmaceuticals Ltd.,"Unit Price: ৳ 7.00,(30's pack: ৳ 210.00),",(30's pack: ৳ 210.00)
22822,Vasocor,allopathic,vasocortablet25-mg,Tablet,Nebivolol Hydrochloride,2.5 mg,Popular Pharmaceuticals Ltd.,"Unit Price: ৳ 7.00,(30's pack: ৳ 210.00),",(30's pack: ৳ 210.00)
22821,Vasocor,allopathic,vasocortablet5-mg,Tablet,Nebivolol Hydrochloride,5 mg,Popular Pharmaceuticals Ltd.,"Unit Price: ৳ 12.00,(30's pack: ৳ 360.00),",(30's pack: ৳ 360.00)
3162,Vasocil,allopathic,vasociltablet100-mg,Tablet,Cilostazol,100 mg,Ibn Sina Pharmaceuticals Ltd.,"Unit Price: ৳ 12.00,(20's pack: ৳ 240.00),",(20's pack: ৳ 240.00)
3161,Vasocil,allopathic,vasociltablet50-mg,Tablet,Cilostazol,50 mg,Ibn Sina Pharmaceuticals Ltd.,"Unit Price: ৳ 7.02,(30's pack: ৳ 210.50),",(30's pack: ৳ 210.50)
27080,Vasco,allopathic,vascochewable-tablet500-mg,Chewable Tablet,Vitamin C [Ascorbic acid],500 mg,Opsonin Pharma Ltd.,"Unit Price: ৳ 3.50,(100's pack: ৳ 350.00),",(100's pack: ৳ 350.00)
13938,Vasco,allopathic,vascosyrup100-mg5-ml,Syrup,Vitamin C [Ascorbic acid],100 mg/5 ml,Opsonin Pharma Ltd.,100 ml bottle: ৳ 33.35,
13937,Vasco,allopathic,vascochewable-tablet250-mg,Chewable Tablet,Vitamin C [Ascorbic acid],250 mg,Opsonin Pharma Ltd.,"Unit Price: ৳ 1.90,(200's pack: ৳ 380.00),",(200's pack: ৳ 380.00)
32567,Vascare,allopathic,vascaretablet20-mg,Tablet,Trimetazidine Dihydrochloride,20 mg,Doctor TIMS Pharmaceuticals Ltd.,"Unit Price: ৳ 3.00,(30's pack: ৳ 90.00),",(30's pack: ৳ 90.00)
31164,Varox,allopathic,varoxtablet10-mg,Tablet,Rivaroxaban,10 mg,Drug International Ltd.,"Unit Price: ৳ 25.00,(14's pack: ৳ 350.00),",(14's pack: ৳ 350.00)
24296,Varox,allopathic,varoxtablet25-mg,Tablet,Rivaroxaban,2.5 mg,Drug International Ltd.,"Unit Price: ৳ 6.00,(28's pack: ৳ 168.00),",(28's pack: ৳ 168.00)
7075,Vecef,allopathic,vecefcapsule500-mg,Capsule,Cephradine,500 mg,Asiatic Laboratories Ltd.,"Unit Price: ৳ 12.50,(24's pack: ৳ 300.00),",(24's pack: ৳ 300.00)
14047,Vecarot,allopathic,vecarottablet6-mg200-mg50-mg,Tablet,Betacarotene + Vitamin C + Vitamin E,6 mg+200 mg+50 mg,Cosmic Pharma Ltd.,"Unit Price: ৳ 2.57,(30's pack: ৳ 77.10),",(30's pack: ৳ 77.10)
24446,Veagra,allopathic,veagratablet25-mg,Tablet,Sildenafil Citrate,25 mg,Astra Biopharmaceuticals Ltd.,Unit Price: ৳ 20.00,
6026,Veagra,allopathic,veagratablet100-mg,Tablet,Sildenafil Citrate,100 mg,Astra Biopharmaceuticals Ltd.,"Unit Price: ৳ 50.00,(4's pack: ৳ 200.00),",(4's pack: ৳ 200.00)
6025,Veagra,allopathic,veagratablet50-mg,Tablet,Sildenafil Citrate,50 mg,Astra Biopharmaceuticals Ltd.,"Unit Price: ৳ 30.00,(4's pack: ৳ 120.00),",(4's pack: ৳ 120.00)
27257,VD-Cal,allopathic,vd-caltablet500-mg200-iu,Tablet,Calcium Carbonate [Elemental source] + Vitamin D3,500 mg+200 IU,Centeon Pharma Ltd.,"Unit Price: ৳ 7.00,(30's pack: ৳ 210.00),",(30's pack: ৳ 210.00)
30040,Vedilol,allopathic,vediloltablet125-mg,Tablet,Carvedilol,12.5 mg,Eskayef Pharmaceuticals Ltd.,"Unit Price: ৳ 5.00,(40's pack: ৳ 200.00),",(40's pack: ৳ 200.00)
30039,Vedilol,allopathic,vediloltablet625-mg,Tablet,Carvedilol,6.25 mg,Eskayef Pharmaceuticals Ltd.,"Unit Price: ৳ 3.00,(40's pack: ৳ 120.00),",(40's pack: ৳ 120.00)
18180,Vectra,allopathic,vectratablet16-mg,Tablet,Betahistine Dihydrochloride,16 mg,Healthcare Pharmaceuticals Ltd.,"Unit Price: ৳ 5.00,(50's pack: ৳ 250.00),",(50's pack: ৳ 250.00)
18179,Vectra,allopathic,vectratablet8-mg,Tablet,Betahistine Dihydrochloride,8 mg,Healthcare Pharmaceuticals Ltd.,"Unit Price: ৳ 3.00,(50's pack: ৳ 150.00),",(50's pack: ৳ 150.00)
7077,Vecef-DS,allopathic,vecef-dspowder-for-suspension250-mg5-ml,Powder for Suspension,Cephradine,250 mg/5 ml,Asiatic Laboratories Ltd.,100 ml bottle: ৳ 120.00,
7078,Vecef,allopathic,vecefpediatric-drops125-mg125-ml,Pediatric Drops,Cephradine,125 mg/1.25 ml,Asiatic Laboratories Ltd.,15 ml bottle: ৳ 50.00,
7076,Vecef,allopathic,vecefpowder-for-suspension125-mg5-ml,Powder for Suspension,Cephradine,125 mg/5 ml,Asiatic Laboratories Ltd.,100 ml bottle: ৳ 80.00,
31815,Vcent,allopathic,vcenttablet200-mg,Tablet,Voriconazole,200 mg,Pharmasia Limited,"Unit Price: ৳ 130.00,(8's pack: ৳ 1,040.00),","(8's pack: ৳ 1,040.00)"
22462,VCAP,allopathic,vcapvaginal-suppository,Vaginal Suppository,Metronidazole + Neomycin Sulphate + Polymyxin B + Nystatin,,Renata Limited,"Unit Price: ৳ 25.00,(6's pack: ৳ 150.00),",(6's pack: ৳ 150.00)
32840,Vcand,allopathic,vcandpowder-for-suspension200-mg5-ml,Powder for Suspension,Voriconazole,200 mg/5 ml,Biopharma Laboratories Ltd.,"40 ml bottle: ৳ 1,000.00",
32839,Vcand,allopathic,vcandtablet50-mg,Tablet,Voriconazole,50 mg,Biopharma Laboratories Ltd.,"Unit Price: ৳ 40.00,(20's pack: ৳ 800.00),",(20's pack: ৳ 800.00)
31983,Vcand,allopathic,vcandtablet200-mg,Tablet,Voriconazole,200 mg,Biopharma Laboratories Ltd.,"Unit Price: ৳ 120.00,(12's pack: ৳ 1,440.00),","(12's pack: ৳ 1,440.00)"
13939,VC-250,allopathic,vc-250chewable-tablet250-mg,Chewable Tablet,Vitamin C [Ascorbic acid],250 mg,Aristopharma Ltd.,"Unit Price: ৳ 1.90,(200's pack: ৳ 380.00),",(200's pack: ৳ 380.00)
89,Vaxtin,allopathic,vaxtintablet100-mg,Tablet,Aceclofenac,100 mg,SANDOZ (A Novartis Division),"Unit Price: ৳ 5.10,(60's pack: ৳ 306.00),",(60's pack: ৳ 306.00)
15258,Vaxphoid,allopathic,vaxphoidim-injection25-mcg05-ml,IM Injection,Typhoid Polysaccharide Vaccine,25 mcg/0.5 ml,Incepta Pharmaceuticals Ltd.,0.5 ml vial: ৳ 500.00,
15255,Vaxitet-IG,allopathic,vaxitet-igim-injection3000-iuml,IM Injection,Tetanus Antitoxin [Equine],3000 IU/ml,Incepta Pharmaceuticals Ltd.,1 ml vial: ৳ 408.00,
15254,Vaxitet,allopathic,vaxitetim-injection40-iu05-ml,IM Injection,Adsorbed Tetanus Vaccine,40 IU/0.5 ml,Incepta Pharmaceuticals Ltd.,"0.5 ml vial: ৳ 60.00,(10's pack: ৳ 600.00),",(10's pack: ৳ 600.00)
28352,Vaxigrip Tetra,allopathic,vaxigrip-tetraim-injection05-mlprefilled-syringe,IM Injection,Inactivated Influenza Vaccine,0.5 ml/prefilled syringe,Synovia pharma plc,"0.5 ml pre-filled syringe: ৳ 1,135.00",
16518,Vaxem,allopathic,vaxeminjection10-mcg05-ml,Injection,Haemophilus Influenzae Type B Vaccine [Conjugated],10 mcg/0.5 ml,Novartis (Bangladesh) Ltd.,0.5 ml vial: ৳ 425.77,
23840,Vaxar,allopathic,vaxarcapsule75-mg,Capsule,Pregabalin,75 mg,Nuvista Pharma Ltd.,"Unit Price: ৳ 16.00,(30's pack: ৳ 480.00),",(30's pack: ৳ 480.00)
23839,Vaxar,allopathic,vaxarcapsule50-mg,Capsule,Pregabalin,50 mg,Nuvista Pharma Ltd.,"Unit Price: ৳ 12.00,(30's pack: ৳ 360.00),",(30's pack: ৳ 360.00)
23838,Vaxar,allopathic,vaxarcapsule25-mg,Capsule,Pregabalin,25 mg,Nuvista Pharma Ltd.,"Unit Price: ৳ 8.00,(30's pack: ৳ 240.00),",(30's pack: ৳ 240.00)
1651,Vave,allopathic,vavepediatric-drops5-mgml,Pediatric Drops,Domperidone Maleate,5 mg/ml,ACI Limited,15 ml drop: ৳ 25.08,
1650,Vave,allopathic,vaveoral-suspension5-mg5-ml,Oral Suspension,Domperidone Maleate,5 mg/5 ml,ACI Limited,"60 ml bottle: ৳ 35.11,100 ml bottle: ৳ 40.12",
7083,Velox,allopathic,veloxcapsule250-mg,Capsule,Cephradine,250 mg,Kemiko Pharmaceuticals Ltd.,"Unit Price: ৳ 7.02,(30's pack: ৳ 210.60),",(30's pack: ৳ 210.60)
7082,Velogen,allopathic,velogenpediatric-drops125-mg125-ml,Pediatric Drops,Cephradine,125 mg/1.25 ml,General Pharmaceuticals Ltd.,15 ml bottle: ৳ 50.35,
7081,Velogen,allopathic,velogenpowder-for-suspension125-mg5-ml,Powder for Suspension,Cephradine,125 mg/5 ml,General Pharmaceuticals Ltd.,100 ml bottle: ৳ 82.56,
7080,Velogen,allopathic,velogencapsule500-mg,Capsule,Cephradine,500 mg,General Pharmaceuticals Ltd.,"Unit Price: ৳ 12.59,(20's pack: ৳ 251.81),",(20's pack: ৳ 251.81)
7079,Velogen,allopathic,velogencapsule250-mg,Capsule,Cephradine,250 mg,General Pharmaceuticals Ltd.,"Unit Price: ৳ 6.54,(30's pack: ৳ 196.20),",(30's pack: ৳ 196.20)
7686,Velofix DS,allopathic,velofix-dspowder-for-suspension200-mg5-ml,Powder for Suspension,Cefixime Trihydrate,200 mg/5 ml,Pharmasia Limited,"37.5 ml bottle: ৳ 225.85,50 ml bottle: ৳ 320.00",
7685,Velofix,allopathic,velofixpowder-for-suspension100-mg5-ml,Powder for Suspension,Cefixime Trihydrate,100 mg/5 ml,Pharmasia Limited,50 ml bottle: ৳ 195.00,
15474,Vencur,allopathic,vencuriv-injection10-mgvial,IV Injection,Vecuronium Bromide,10 mg/vial,Popular Pharmaceuticals Ltd.,10 mg vial: ৳ 280.00,
25263,Velvin,allopathic,velvininjection10-mg10-ml,Injection,Vinblastine Sulfate,10 mg/10 ml,Beacon Pharmaceuticals Ltd.,10 mg vial: ৳ 850.00,
28847,Velpanex,allopathic,velpanextablet400-mg100-mg,Tablet,Sofosbuvir + Velpatasvir,400 mg+100 mg,Everest Pharmaceuticals Ltd.,"Unit Price: ৳ 1,000.00,(7's pack: ৳ 7,000.00),,Unit Price: ৳ 1,000.00,(28's pack: ৳ 28,000.00),","(7's pack: ৳ 7,000.00),(28's pack: ৳ 28,000.00)"
27987,Velpacee,allopathic,velpaceetablet400-mg100-mg,Tablet,Sofosbuvir + Velpatasvir,400 mg+100 mg,Jenphar Bangladesh Ltd.,"Unit Price: ৳ 1,000.00,(7's pack: ৳ 7,000.00),,Unit Price: ৳ 1,000.00,(28's pack: ৳ 28,000.00),","(7's pack: ৳ 7,000.00),(28's pack: ৳ 28,000.00)"
7086,Velox,allopathic,veloxpediatric-drops125-mg125-ml,Pediatric Drops,Cephradine,125 mg/1.25 ml,Kemiko Pharmaceuticals Ltd.,15 ml bottle: ৳ 50.15,
7085,Velox,allopathic,veloxpowder-for-suspension125-mg5-ml,Powder for Suspension,Cephradine,125 mg/5 ml,Kemiko Pharmaceuticals Ltd.,100 ml bottle: ৳ 80.24,
7084,Velox,allopathic,veloxcapsule500-mg,Capsule,Cephradine,500 mg,Kemiko Pharmaceuticals Ltd.,"Unit Price: ৳ 13.04,(20's pack: ৳ 260.80),",(20's pack: ৳ 260.80)
7684,Velofix,allopathic,velofixcapsule400-mg,Capsule,Cefixime Trihydrate,400 mg,Pharmasia Limited,"Unit Price: ৳ 50.00,(8's pack: ৳ 400.00),",(8's pack: ৳ 400.00)
7683,Velofix,allopathic,velofixcapsule200-mg,Capsule,Cefixime Trihydrate,200 mg,Pharmasia Limited,"Unit Price: ৳ 34.00,(12's pack: ৳ 408.00),",(12's pack: ৳ 408.00)
27196,Velofen TR,allopathic,velofen-trcapsule-timed-release100-mg,Capsule (Timed Release),Diclofenac Sodium,100 mg,Leon Pharmaceuticals Ltd.,"Unit Price: ৳ 3.00,(100's pack: ৳ 300.00),",(100's pack: ৳ 300.00)
25900,Velodin,allopathic,velodinpowder-for-suspension125-mg5-ml,Powder for Suspension,Cephradine,125 mg/5 ml,Guardian Healthcare Ltd.,100 ml bottle: ৳ 90.00,
25899,Velodin,allopathic,velodincapsule500-mg,Capsule,Cephradine,500 mg,Guardian Healthcare Ltd.,Unit Price: ৳ 13.00,
28308,Velcade,allopathic,velcadeiv-infusion1-mgvial,IV Infusion,Bortezomib,1 mg/vial,Janssen-Cilag,"1 mg vial: ৳ 14,204.90",
29231,Velatas,allopathic,velatastablet400-mg100-mg,Tablet,Sofosbuvir + Velpatasvir,400 mg+100 mg,Healthcare Pharmaceuticals Ltd.,"Unit Price: ৳ 1,000.00,(7's pack: ৳ 7,000.00),","(7's pack: ৳ 7,000.00)"
8389,Velacin,allopathic,velacincapsule100-mg,Capsule,Doxycycline Hydrochloride,100 mg,Doctor’s Chemical Works Ltd.,"Unit Price: ৳ 1.02,(100's pack: ৳ 102.00),",(100's pack: ৳ 102.00)
6057,Vegara,allopathic,vegaratablet100-mg,Tablet,Sildenafil Citrate,100 mg,Euro Pharma Ltd.,"Unit Price: ৳ 50.00,(4's pack: ৳ 200.00),",(4's pack: ৳ 200.00)
6056,Vegara,allopathic,vegaratablet50-mg,Tablet,Sildenafil Citrate,50 mg,Euro Pharma Ltd.,"Unit Price: ৳ 30.00,(8's pack: ৳ 240.00),",(8's pack: ৳ 240.00)
1653,Vegadon,allopathic,vegadonoral-suspension5-mg5-ml,Oral Suspension,Domperidone Maleate,5 mg/5 ml,Pharmasia Limited,60 ml bottle: ৳ 28.10,
1652,Vegadon,allopathic,vegadontablet10-mg,Tablet,Domperidone Maleate,10 mg,Pharmasia Limited,"Unit Price: ৳ 2.00,(100's pack: ৳ 200.00),",(100's pack: ৳ 200.00)
32107,Vefend,allopathic,vefendtablet50-mg,Tablet,Voriconazole,50 mg,ACME Laboratories Ltd.,"Unit Price: ৳ 50.00,(10's pack: ৳ 500.00),",(10's pack: ৳ 500.00)
32035,Vefend,allopathic,vefendtablet200-mg,Tablet,Voriconazole,200 mg,ACME Laboratories Ltd.,"Unit Price: ৳ 110.00,(8's pack: ৳ 880.00),",(8's pack: ৳ 880.00)
13940,Veesina,allopathic,veesinachewable-tablet250-mg,Chewable Tablet,Vitamin C [Ascorbic acid],250 mg,Ibn Sina Pharmaceuticals Ltd.,"Unit Price: ৳ 1.89,(100's pack: ৳ 189.00),",(100's pack: ৳ 189.00)
30041,Vedilol,allopathic,vediloltablet25-mg,Tablet,Carvedilol,25 mg,Eskayef Pharmaceuticals Ltd.,"Unit Price: ৳ 8.00,(20's pack: ৳ 160.00),",(20's pack: ৳ 160.00)
21664,Ventil,allopathic,ventilinhaler100-mcgpuff,Inhaler,Salbutamol (Inhaler),100 mcg/puff,Drug International Ltd.,200 metered doses: ৳ 190.00,
3616,Venterol,allopathic,venteroloral-solution5-mg5-ml,Oral Solution,Bambuterol Hydrochloride,5 mg/5 ml,Ibn Sina Pharmaceuticals Ltd.,60 ml bottle: ৳ 35.14,
3615,Venterol,allopathic,venteroltablet20-mg,Tablet,Bambuterol Hydrochloride,20 mg,Ibn Sina Pharmaceuticals Ltd.,"Unit Price: ৳ 3.01,(50's pack: ৳ 150.50),",(50's pack: ৳ 150.50)
3614,Venterol,allopathic,venteroltablet10-mg,Tablet,Bambuterol Hydrochloride,10 mg,Ibn Sina Pharmaceuticals Ltd.,"Unit Price: ৳ 1.50,(100's pack: ৳ 150.00),",(100's pack: ৳ 150.00)
3521,Ventel,allopathic,ventelsyrup2-mg5-ml,Syrup,Salbutamol,2 mg/5 ml,Apollo Pharmaceutical Ltd.,100 ml bottle: ৳ 22.75,
22603,Ventair,allopathic,ventairchewable-tablet5-mg,Chewable Tablet,Montelukast Sodium,5 mg,Ethical Drug Ltd.,"Unit Price: ৳ 7.00,(20's pack: ৳ 140.00),",(20's pack: ৳ 140.00)
22602,Ventair,allopathic,ventairtablet10-mg,Tablet,Montelukast Sodium,10 mg,Ethical Drug Ltd.,"Unit Price: ৳ 12.00,(20's pack: ৳ 240.00),",(20's pack: ৳ 240.00)
3522,Venol,allopathic,venolsyrup2-mg5-ml,Syrup,Salbutamol,2 mg/5 ml,Gaco Pharmaceuticals Ltd.,60 ml bottle: ৳ 10.78,
3528,Ventolin,allopathic,ventolintablet2-mg,Tablet,Salbutamol,2 mg,GlaxoSmithKline,"Unit Price: ৳ 0.26,(500's pack: ৳ 130.00),",(500's pack: ৳ 130.00)
3527,Ventolex,allopathic,ventolexsyrup2-mg5-ml,Syrup,Salbutamol,2 mg/5 ml,Desh Pharmaceuticals Ltd.,100 ml bottle: ৳ 100.00,
3526,Ventolex,allopathic,ventolextablet4-mg,Tablet,Salbutamol,4 mg,Desh Pharmaceuticals Ltd.,"Unit Price: ৳ 0.34,(500's pack: ৳ 170.00),",(500's pack: ৳ 170.00)
3525,Ventol,allopathic,ventolsyrup2-mg5-ml,Syrup,Salbutamol,2 mg/5 ml,Central Pharmaceuticals Ltd.,"60 ml bottle: ৳ 10.50,100 ml bottle: ৳ 15.00",
26805,Ventofil,allopathic,ventofiltablet400-mg,Tablet,Doxophylline,400 mg,Eskayef Pharmaceuticals Ltd.,"Unit Price: ৳ 10.00,(30's pack: ৳ 300.00),",(30's pack: ৳ 300.00)
26804,Ventofil,allopathic,ventofiltablet200-mg,Tablet,Doxophylline,200 mg,Eskayef Pharmaceuticals Ltd.,"Unit Price: ৳ 6.00,(30's pack: ৳ 180.00),",(30's pack: ৳ 180.00)
3600,Ventisal-L,allopathic,ventisal-lsyrup1-mg5-ml,Syrup,Levosalbutamol (Oral),1 mg/5 ml,Ibn Sina Pharmaceuticals Ltd.,"50 ml bottle: ৳ 30.00,100 ml bottle: ৳ 40.00",
3599,Ventisal-L,allopathic,ventisal-ltablet2-mg,Tablet,Levosalbutamol (Oral),2 mg,Ibn Sina Pharmaceuticals Ltd.,"Unit Price: ৳ 2.00,(100's pack: ৳ 200.00),",(100's pack: ৳ 200.00)
3524,Ventisal,allopathic,ventisalsyrup2-mg5-ml,Syrup,Salbutamol,2 mg/5 ml,Ibn Sina Pharmaceuticals Ltd.,100 ml bottle: ৳ 22.92,
3523,Ventisal,allopathic,ventisaltablet4-mg,Tablet,Salbutamol,4 mg,Ibn Sina Pharmaceuticals Ltd.,"Unit Price: ৳ 0.34,(100's pack: ৳ 34.00),",(100's pack: ৳ 34.00)
29266,Ventilast,allopathic,ventilasttablet10-mg,Tablet,Montelukast Sodium,10 mg,Al-Madina Pharmaceuticals Ltd.,"Unit Price: ৳ 14.50,(30's pack: ৳ 435.00),",(30's pack: ৳ 435.00)
21073,Ventil Plus,allopathic,ventil-plusinhaler100-mcg20-mcgpuff,Inhaler,Salbutamol + Ipratropium (Inhaler),(100 mcg+20 mcg)/puff,Drug International Ltd.,200 metered doses: ৳ 250.00,
13150,Venofer,allopathic,venoferiv-injection-or-infusion100-mg5-ml,IV Injection or Infusion,Iron Sucrose Injection [Elemental Iron],100 mg/5 ml,Vifor International Ltd.,"5 ml ampoule: ৳ 322.15,(5's pack: ৳ 1,610.75),","(5's pack: ৳ 1,610.75)"
4576,Venlax,allopathic,venlaxtablet75-mg,Tablet,Venlafaxine Hydrochloride,75 mg,General Pharmaceuticals Ltd.,"Unit Price: ৳ 10.07,(20's pack: ৳ 201.43),",(20's pack: ৳ 201.43)
4575,Venlax,allopathic,venlaxtablet375-mg,Tablet,Venlafaxine Hydrochloride,37.5 mg,General Pharmaceuticals Ltd.,"Unit Price: ৳ 5.54,(30's pack: ৳ 166.08),",(30's pack: ৳ 166.08)
4574,Veniz XR,allopathic,veniz-xrcapsule-extended-release75-mg,Capsule (Extended Release),Venlafaxine Hydrochloride,75 mg,Sun Pharmaceutical Ltd.,"Unit Price: ৳ 10.03,(50's pack: ৳ 501.50),,Unit Price: ৳ 10.03,(30's pack: ৳ 300.90),","(50's pack: ৳ 501.50),(30's pack: ৳ 300.90)"
4286,Venium,allopathic,veniumtablet10-mg,Tablet,Clobazam,10 mg,Hudson Pharmaceuticals Ltd.,"Unit Price: ৳ 2.70,(100's pack: ৳ 270.00),",(100's pack: ৳ 270.00)
13145,Veniron,allopathic,venironiv-injection-or-infusion100-mg5-ml,IV Injection or Infusion,Iron Sucrose Injection [Elemental Iron],100 mg/5 ml,Beximco Pharmaceuticals Ltd.,5 ml ampoule: ৳ 300.00,
33103,Veneta,allopathic,venetatablet50-mg,Tablet,Venetoclax,50 mg,Drug International Ltd.,,
33102,Veneta,allopathic,venetatablet100-mg,Tablet,Venetoclax,100 mg,Drug International Ltd.,Price Unavailable,
31150,Venesa,allopathic,venesatablet2-mg,Tablet,Dienogest,2 mg,ACME Laboratories Ltd.,"Unit Price: ৳ 50.00,(10's pack: ৳ 500.00),",(10's pack: ৳ 500.00)
15476,Vencuron,allopathic,vencuroniv-injection10-mgvial,IV Injection,Vecuronium Bromide,10 mg/vial,Techno Drugs Ltd.,10 mg vial: ৳ 200.00,
7827,Vercef DS,allopathic,vercef-dspowder-for-suspension80-mg5-ml,Powder for Suspension,Cefpodoxime Proxetil,80 mg/5 ml,Beximco Pharmaceuticals Ltd.,50 ml bottle: ৳ 175.00,
7828,Vercef,allopathic,vercefpediatric-drops20-mgml,Pediatric Drops,Cefpodoxime Proxetil,20 mg/ml,Beximco Pharmaceuticals Ltd.,15 ml bottle: ৳ 60.00,
7826,Vercef,allopathic,vercefpowder-for-suspension40-mg5-ml,Powder for Suspension,Cefpodoxime Proxetil,40 mg/5 ml,Beximco Pharmaceuticals Ltd.,50 ml bottle: ৳ 98.00,
25454,Verben,allopathic,verbenoral-suspension200-mg5-ml,Oral Suspension,Albendazole,200 mg/5 ml,Astra Biopharmaceuticals Ltd.,10 ml bottle: ৳ 15.00,
338,Verben,allopathic,verbenchewable-tablet400-mg,Chewable Tablet,Albendazole,400 mg,Astra Biopharmaceuticals Ltd.,"Unit Price: ৳ 4.00,(20's pack: ৳ 80.00),",(20's pack: ৳ 80.00)
28663,Veratin,allopathic,veratintablet6-mg,Tablet,Ivermectin (Tablet),6 mg,ACI Limited,"Unit Price: ৳ 15.00,(10's pack: ৳ 150.00),",(10's pack: ৳ 150.00)
3123,Veramil SR,allopathic,veramil-srtablet240-mg,Tablet,Verapamil Hydrochloride,240 mg,Rangs Pharmaceuticals Ltd.,"Unit Price: ৳ 7.02,(30's pack: ৳ 210.60),",(30's pack: ৳ 210.60)
3122,Veramil,allopathic,veramiltablet80-mg,Tablet,Verapamil Hydrochloride,80 mg,Rangs Pharmaceuticals Ltd.,"Unit Price: ৳ 3.01,(50's pack: ৳ 150.50),",(50's pack: ৳ 150.50)
1478,Veralgin,allopathic,veralginimiv-injection5-mg2-ml,IM/IV Injection,Tiemonium Methylsulphate,5 mg/2 ml,Aristopharma Ltd.,"2 ml ampoule: ৳ 25.00,(10's pack: ৳ 250.00),",(10's pack: ৳ 250.00)
29585,Vericef,allopathic,vericefpowder-for-suspension125-mg5-ml,Powder for Suspension,Cephradine,125 mg/5 ml,Veritas Pharmaceuticals Ltd.,100 ml bottle: ৳ 90.27,
29584,Vericef,allopathic,vericefcapsule500-mg,Capsule,Cephradine,500 mg,Veritas Pharmaceuticals Ltd.,"Unit Price: ৳ 10.00,(21's pack: ৳ 210.00),",(21's pack: ৳ 210.00)
4686,Vergon,allopathic,vergoninjection125-mgml,Injection,Prochlorperazine Maleate,12.5 mg/ml,Opsonin Pharma Ltd.,"1 ml ampoule: ৳ 5.01,(50's pack: ৳ 250.50),",(50's pack: ৳ 250.50)
4684,Vergon,allopathic,vergontablet5-mg,Tablet,Prochlorperazine Maleate,5 mg,Opsonin Pharma Ltd.,"Unit Price: ৳ 0.46,(680's pack: ৳ 312.80),",(680's pack: ৳ 312.80)
28774,Vercov,allopathic,vercovtablet6-mg,Tablet,Ivermectin (Tablet),6 mg,Team Pharmaceuticals Ltd.,"Unit Price: ৳ 10.00,(20's pack: ৳ 200.00),",(20's pack: ৳ 200.00)
1477,Veralgin,allopathic,veralgintablet50-mg,Tablet,Tiemonium Methylsulphate,50 mg,Aristopharma Ltd.,"Unit Price: ৳ 6.00,(50's pack: ৳ 300.00),",(50's pack: ৳ 300.00)
3120,Veracal SR,allopathic,veracal-srtablet240-mg,Tablet,Verapamil Hydrochloride,240 mg,Incepta Pharmaceuticals Ltd.,"Unit Price: ৳ 7.00,(30's pack: ৳ 210.00),",(30's pack: ৳ 210.00)
3119,Veracal SR,allopathic,veracal-srtablet180-mg,Tablet,Verapamil Hydrochloride,180 mg,Incepta Pharmaceuticals Ltd.,"Unit Price: ৳ 6.00,(30's pack: ৳ 180.00),",(30's pack: ৳ 180.00)
3121,Veracal,allopathic,veracaliv-infusion5-mg2-ml,IV Infusion,Verapamil Hydrochloride,5 mg/2 ml,Incepta Pharmaceuticals Ltd.,"2 ml ampoule: ৳ 30.00,(5's pack: ৳ 150.00),",(5's pack: ৳ 150.00)
3118,Veracal,allopathic,veracaltablet80-mg,Tablet,Verapamil Hydrochloride,80 mg,Incepta Pharmaceuticals Ltd.,"Unit Price: ৳ 3.00,(50's pack: ৳ 150.00),",(50's pack: ৳ 150.00)
3117,Veracal,allopathic,veracaltablet40-mg,Tablet,Verapamil Hydrochloride,40 mg,Incepta Pharmaceuticals Ltd.,"Unit Price: ৳ 2.25,(50's pack: ৳ 112.50),",(50's pack: ৳ 112.50)
33098,Ventoxen,allopathic,ventoxentablet100-mg,Tablet,Venetoclax,100 mg,Everest Pharmaceuticals Ltd.,"Unit Price: ৳ 580.00,(60's pack: ৳ 34,800.00),","(60's pack: ৳ 34,800.00)"
3534,Ventosol,allopathic,ventosolsyrup2-mg5-ml,Syrup,Salbutamol,2 mg/5 ml,Ad-din Pharmaceuticals Ltd.,100 ml bottle: ৳ 20.00,
33101,Ventonix,allopathic,ventonixtablet100-mg,Tablet,Venetoclax,100 mg,Beacon Pharmaceuticals Ltd.,"Unit Price: ৳ 600.00,(120's pack: ৳ 72,000.00),","(120's pack: ৳ 72,000.00)"
33100,Ventonix,allopathic,ventonixtablet50-mg,Tablet,Venetoclax,50 mg,Beacon Pharmaceuticals Ltd.,Unit Price: ৳ 350.00,
33099,Ventonix,allopathic,ventonixtablet10-mg,Tablet,Venetoclax,10 mg,Beacon Pharmaceuticals Ltd.,Unit Price: ৳ 75.00,
21615,Ventolin SR,allopathic,ventolin-srtablet-sustained-release8-mg,Tablet (Sustained Release),Salbutamol,8 mg,GlaxoSmithKline,"Unit Price: ৳ 0.79,(250's pack: ৳ 197.50),",(250's pack: ৳ 197.50)
3533,Ventolin,allopathic,ventolinrespirator-solution5-mgml,Respirator Solution,Salbutamol,5 mg/ml,GlaxoSmithKline,20 ml pack: ৳ 173.00,
3531,Ventolin,allopathic,ventolininhaler100-mcgpuff,Inhaler,Salbutamol (Inhaler),100 mcg/puff,GlaxoSmithKline,200 metered doses: ৳ 200.00,
3530,Ventolin,allopathic,ventolinsyrup2-mg5-ml,Syrup,Salbutamol,2 mg/5 ml,GlaxoSmithKline,100 ml bottle: ৳ 23.00,
3529,Ventolin,allopathic,ventolintablet4-mg,Tablet,Salbutamol,4 mg,GlaxoSmithKline,"Unit Price: ৳ 0.40,(500's pack: ৳ 200.00),",(500's pack: ৳ 200.00)
29817,Vermectin,allopathic,vermectintablet6-mg,Tablet,Ivermectin (Tablet),6 mg,Orion Pharma Ltd.,"Unit Price: ৳ 10.00,(20's pack: ৳ 200.00),",(20's pack: ৳ 200.00)
25678,Verizith,allopathic,verizithpowder-for-suspension200-mg5-ml,Powder for Suspension,Azithromycin Dihydrate,200 mg/5 ml,Veritas Pharmaceuticals Ltd.,"25 ml bottle: ৳ 115.35,35 ml bottle: ৳ 140.23",
25677,Verizith,allopathic,verizithtablet500-mg,Tablet,Azithromycin Dihydrate,500 mg,Veritas Pharmaceuticals Ltd.,"Unit Price: ৳ 35.11,(12's pack: ৳ 421.32),",(12's pack: ৳ 421.32)
12181,Verizin,allopathic,verizintablet5-mg,Tablet,Levocetirizine Dihydrochloride,5 mg,Sharif Pharmaceuticals Ltd.,"Unit Price: ৳ 2.00,(100's pack: ৳ 200.00),",(100's pack: ৳ 200.00)
18814,Verixim,allopathic,veriximpowder-for-suspension100-mg5-ml,Powder for Suspension,Cefixime Trihydrate,100 mg/5 ml,Veritas Pharmaceuticals Ltd.,50 ml bottle: ৳ 195.58,
18813,Verixim,allopathic,veriximcapsule400-mg,Capsule,Cefixime Trihydrate,400 mg,Veritas Pharmaceuticals Ltd.,"Unit Price: ৳ 50.00,(7's pack: ৳ 350.00),",(7's pack: ৳ 350.00)
18812,Verixim,allopathic,veriximcapsule200-mg,Capsule,Cefixime Trihydrate,200 mg,Veritas Pharmaceuticals Ltd.,"Unit Price: ৳ 35.00,(14's pack: ৳ 490.00),",(14's pack: ৳ 490.00)
29591,Veritrizin,allopathic,veritrizintablet10-mg,Tablet,Cetirizine Hydrochloride,10 mg,Veritas Pharmaceuticals Ltd.,"Unit Price: ৳ 3.00,(100's pack: ৳ 300.00),",(100's pack: ৳ 300.00)
25341,Verita-B,allopathic,verita-btablet100-mg200-mg200-mcg,Tablet,"Vitamin B1, B6 & B12",100 mg+200 mg+200 mcg,Veritas Pharmaceuticals Ltd.,"Unit Price: ৳ 7.00,(30's pack: ৳ 210.00),",(30's pack: ৳ 210.00)
29590,Verisol,allopathic,verisolhand-rub0570,Hand Rub,Chlorhexidine Gluconate + Isopropyl alcohol,0.5%+70%,Veritas Pharmaceuticals Ltd.,"100 ml bottle: ৳ 75.00,250 ml bottle: ৳ 130.00",
29818,Vermectin,allopathic,vermectintablet12-mg,Tablet,Ivermectin (Tablet),12 mg,Orion Pharma Ltd.,"Unit Price: ৳ 20.00,(20's pack: ৳ 400.00),",(20's pack: ৳ 400.00)
1421,Veripel SR,allopathic,veripel-srcapsule-sustained-release200-mg,Capsule (Sustained Release),Mebeverine Hydrochloride,200 mg,Beacon Pharmaceuticals Ltd.,"Unit Price: ৳ 9.03,(32's pack: ৳ 288.96),",(32's pack: ৳ 288.96)
22167,Verimet,allopathic,verimettablet850-mg,Tablet,Metformin Hydrochloride,850 mg,Veritas Pharmaceuticals Ltd.,"Unit Price: ৳ 4.02,(30's pack: ৳ 120.60),",(30's pack: ৳ 120.60)
22166,Verimet,allopathic,verimettablet500-mg,Tablet,Metformin Hydrochloride,500 mg,Veritas Pharmaceuticals Ltd.,"Unit Price: ৳ 3.01,(30's pack: ৳ 90.30),",(30's pack: ৳ 90.30)
29589,Verigold,allopathic,verigoldtablet,Tablet,Multivitamin & Multimineral [A-Z gold preparation],,Veritas Pharmaceuticals Ltd.,"Unit Price: ৳ 7.00,(15's pack: ৳ 105.00),,Unit Price: ৳ 7.00,(30's pack: ৳ 210.00),","(15's pack: ৳ 105.00),(30's pack: ৳ 210.00)"
32525,Verigat,allopathic,verigattablet10-mg,Tablet,Vericiguat,10 mg,ACME Laboratories Ltd.,"Unit Price: ৳ 100.00,(20's pack: ৳ 2,000.00),","(20's pack: ৳ 2,000.00)"
32524,Verigat,allopathic,verigattablet5-mg,Tablet,Vericiguat,5 mg,ACME Laboratories Ltd.,"Unit Price: ৳ 80.00,(14's pack: ৳ 1,120.00),","(14's pack: ৳ 1,120.00)"
32523,Verigat,allopathic,verigattablet25-mg,Tablet,Vericiguat,2.5 mg,ACME Laboratories Ltd.,"Unit Price: ৳ 40.00,(14's pack: ৳ 560.00),",(14's pack: ৳ 560.00)
28167,Verigan,allopathic,verigantablet200-mg,Tablet,Favipiravir,200 mg,Veritas Pharmaceuticals Ltd.,"Unit Price: ৳ 200.00,(40's pack: ৳ 8,000.00),","(40's pack: ৳ 8,000.00)"
29588,Verifen SR,allopathic,verifen-srcapsule-sustained-release100-mg,Capsule (Sustained Release),Diclofenac Sodium,100 mg,Veritas Pharmaceuticals Ltd.,"Unit Price: ৳ 3.01,(100's pack: ৳ 301.00),",(100's pack: ৳ 301.00)
29587,Verifen SR,allopathic,verifen-srtablet-sustained-release100-mg,Tablet (Sustained Release),Diclofenac Sodium,100 mg,Veritas Pharmaceuticals Ltd.,"Unit Price: ৳ 3.00,(100's pack: ৳ 300.00),",(100's pack: ৳ 300.00)
29586,Veridom,allopathic,veridomtablet10-mg,Tablet,Domperidone Maleate,10 mg,Veritas Pharmaceuticals Ltd.,"Unit Price: ৳ 3.00,(100's pack: ৳ 300.00),",(100's pack: ৳ 300.00)
30570,Veridipin Plus,allopathic,veridipin-plustablet5-mg25-mg,Tablet,Amlodipine Besilate + Atenolol,5 mg+25 mg,Veritas Pharmaceuticals Ltd.,"Unit Price: ৳ 5.01,(30's pack: ৳ 150.30),",(30's pack: ৳ 150.30)
17697,Veridipin Plus,allopathic,veridipin-plustablet5-mg50-mg,Tablet,Amlodipine Besilate + Atenolol,5 mg+50 mg,Veritas Pharmaceuticals Ltd.,"Unit Price: ৳ 6.01,(30's pack: ৳ 180.30),",(30's pack: ৳ 180.30)
30565,Veridipin,allopathic,veridipintablet5-mg,Tablet,Amlodipine Besilate,5 mg,Veritas Pharmaceuticals Ltd.,Unit Price: ৳ 5.01,
30564,Veridipin,allopathic,veridipintablet10-mg,Tablet,Amlodipine Besilate,10 mg,Veritas Pharmaceuticals Ltd.,Unit Price: ৳ 7.02,
24204,Veridin,allopathic,veridintablet150-mg,Tablet,Ranitidine Hydrochloride,150 mg,Veritas Pharmaceuticals Ltd.,"Unit Price: ৳ 2.53,(100's pack: ৳ 253.00),",(100's pack: ৳ 253.00)
29016,Vericox,allopathic,vericoxtablet120-mg,Tablet,Etoricoxib,120 mg,Veritas Pharmaceuticals Ltd.,"Unit Price: ৳ 14.00,(30's pack: ৳ 420.00),",(30's pack: ৳ 420.00)
29015,Vericox,allopathic,vericoxtablet90-mg,Tablet,Etoricoxib,90 mg,Veritas Pharmaceuticals Ltd.,"Unit Price: ৳ 12.00,(40's pack: ৳ 480.00),",(40's pack: ৳ 480.00)
29014,Vericox,allopathic,vericoxtablet60-mg,Tablet,Etoricoxib,60 mg,Veritas Pharmaceuticals Ltd.,"Unit Price: ৳ 7.00,(50's pack: ৳ 350.00),",(50's pack: ৳ 350.00)
8138,Vertex,allopathic,vertexiv-injection2-gmvial,IV Injection,Ceftriaxone Sodium,2 gm/vial,Orion Pharma Ltd.,2 gm vial: ৳ 302.04,
8137,Vertex,allopathic,vertexiv-injection1-gmvial,IV Injection,Ceftriaxone Sodium,1 gm/vial,Orion Pharma Ltd.,1 gm vial: ৳ 190.21,
8136,Vertex,allopathic,vertexiv-injection500-mgvial,IV Injection,Ceftriaxone Sodium,500 mg/vial,Orion Pharma Ltd.,500 mg vial: ৳ 130.39,
8135,Vertex,allopathic,vertexiv-injection250-mgvial,IV Injection,Ceftriaxone Sodium,250 mg/vial,Orion Pharma Ltd.,250 mg vial: ৳ 100.30,
2626,Versil,allopathic,versiltablet4-mg,Tablet,Perindopril Arginine,4 mg,ACME Laboratories Ltd.,"Unit Price: ৳ 12.09,(30's pack: ৳ 362.70),",(30's pack: ৳ 362.70)
28126,Versal,allopathic,versalcapsule-delayed-release20-mg,Capsule (Delayed Release),Esomeprazole,20 mg,Cosmic Pharma Ltd.,"Unit Price: ৳ 6.00,(50's pack: ৳ 300.00),",(50's pack: ৳ 300.00)
2113,Versal,allopathic,versaltablet-enteric-coated20-mg,Tablet (Enteric Coated),Esomeprazole,20 mg,Cosmic Pharma Ltd.,"Unit Price: ৳ 5.00,(50's pack: ৳ 250.00),",(50's pack: ৳ 250.00)
2898,Verospiron Plus,allopathic,verospiron-plustablet20-mg50-mg,Tablet,Furosemide + Spironolactone,20 mg+50 mg,Ambee Pharmaceuticals Ltd.,"Unit Price: ৳ 5.01,(30's pack: ৳ 150.35),",(30's pack: ৳ 150.35)
28062,Verospiron,allopathic,verospirontablet25-mg,Tablet,Spironolactone,25 mg,Ambee Pharmaceuticals Ltd.,"Unit Price: ৳ 5.01,(100's pack: ৳ 501.16),",(100's pack: ৳ 501.16)
15244,Verorab,allopathic,verorabimsc-injection25-iuml,IM/SC Injection,Rabies Vaccine,2.5 IU/ml,Synovia pharma plc,2.5 IU vial: ৳ 648.00,
8266,Veronem,allopathic,veronemiv-injection-or-infusion1-gmvial,IV Injection or Infusion,Meropenem Trihydrate,1 gm/vial,Veritas Pharmaceuticals Ltd.,"1 gm vial: ৳ 1,203.60",
30658,Vertinor,allopathic,vertinortablet16-mg,Tablet,Betahistine Dihydrochloride,16 mg,Popular Pharmaceuticals Ltd.,"Unit Price: ৳ 5.00,(50's pack: ৳ 250.00),",(50's pack: ৳ 250.00)
30657,Vertinor,allopathic,vertinortablet8-mg,Tablet,Betahistine Dihydrochloride,8 mg,Popular Pharmaceuticals Ltd.,"Unit Price: ৳ 3.00,(100's pack: ৳ 300.00),",(100's pack: ৳ 300.00)
30059,Vertina-DX,allopathic,vertina-dxtablet-extended-release20-mg20-mg,Tablet (Extended Release),Pyridoxine Hydrochloride + Doxylamine Succinate,20 mg+20 mg,Square Pharmaceuticals Ltd.,"Unit Price: ৳ 9.00,(30's pack: ৳ 270.00),",(30's pack: ৳ 270.00)
26288,Vertina-D,allopathic,vertina-dtablet-delayed-release10-mg10-mg,Tablet (Delayed Release),Pyridoxine Hydrochloride + Doxylamine Succinate,10 mg+10 mg,Square Pharmaceuticals Ltd.,"Unit Price: ৳ 5.00,(50's pack: ৳ 250.00),",(50's pack: ৳ 250.00)
4641,Vertina Plus,allopathic,vertina-plustablet25-mg50-mg,Tablet,Meclizine + Pyridoxine,25 mg+50 mg,Square Pharmaceuticals Ltd.,"Unit Price: ৳ 3.01,(50's pack: ৳ 150.50),",(50's pack: ৳ 150.50)
4687,Vertigan,allopathic,vertigantablet5-mg,Tablet,Prochlorperazine Maleate,5 mg,Pharmadesh Laboratories Ltd.,"Unit Price: ৳ 0.40,(500's pack: ৳ 200.00),",(500's pack: ৳ 200.00)
27895,Vertig,allopathic,vertigtablet10-mg,Tablet,Flunarizine,10 mg,Alco Pharma Ltd.,"Unit Price: ৳ 5.00,(30's pack: ৳ 150.00),",(30's pack: ৳ 150.00)
27894,Vertig,allopathic,vertigtablet5-mg,Tablet,Flunarizine,5 mg,Alco Pharma Ltd.,"Unit Price: ৳ 3.50,(30's pack: ৳ 105.00),",(30's pack: ৳ 105.00)
26894,Vertex,allopathic,vertexim-injection500-mgvial,IM Injection,Ceftriaxone Sodium,500 mg/vial,Orion Pharma Ltd.,500 mg vial: ৳ 130.39,
26893,Vertex,allopathic,vertexim-injection250-mgvial,IM Injection,Ceftriaxone Sodium,250 mg/vial,Orion Pharma Ltd.,250 mg vial: ৳ 100.30,
26892,Vertex,allopathic,vertexim-injection1-gmvial,IM Injection,Ceftriaxone Sodium,1 gm/vial,Orion Pharma Ltd.,1 gm vial: ৳ 190.21,
8265,Veronem,allopathic,veronemiv-injection-or-infusion500-mgvial,IV Injection or Infusion,Meropenem Trihydrate,500 mg/vial,Veritas Pharmaceuticals Ltd.,500 mg vial: ৳ 651.95,
30042,Veron,allopathic,verontablet135-mg,Tablet,Mebeverine Hydrochloride,135 mg,Eskayef Pharmaceuticals Ltd.,"Unit Price: ৳ 6.08,(50's pack: ৳ 304.00),",(50's pack: ৳ 304.00)
10344,Vermizol,allopathic,vermizolchewable-tablet100-mg,Chewable Tablet,Mebendazole,100 mg,Zenith Pharmaceuticals Ltd.,"Unit Price: ৳ 0.74,(60's pack: ৳ 44.40),",(60's pack: ৳ 44.40)
25477,Vermin-DS,allopathic,vermin-dschewable-tablet400-mg,Chewable Tablet,Albendazole,400 mg,Nipa Pharmaceuticals Ltd.,"Unit Price: ৳ 4.50,(25's pack: ৳ 112.49),",(25's pack: ৳ 112.49)
341,Vermikil,allopathic,vermikilchewable-tablet400-mg,Chewable Tablet,Albendazole,400 mg,NIPRO JMI Pharma Ltd.,"Unit Price: ৳ 3.53,(50's pack: ৳ 176.50),",(50's pack: ৳ 176.50)
340,Vermikil,allopathic,vermikiloral-suspension200-mg5-ml,Oral Suspension,Albendazole,200 mg/5 ml,NIPRO JMI Pharma Ltd.,10 ml bottle: ৳ 15.11,
339,Vermid,allopathic,vermidchewable-tablet400-mg,Chewable Tablet,Albendazole,400 mg,Somatec Pharmaceuticals Ltd.,"Unit Price: ৳ 5.00,(25's pack: ৳ 125.00),",(25's pack: ৳ 125.00)
10308,Vermicom,allopathic,vermicomsyrup40-mg5-ml,Syrup,Levamisole,40 mg/5 ml,Opsonin Pharma Ltd.,30 ml bottle: ৳ 18.00,
27414,Viagrex,allopathic,viagrextablet50-mg,Tablet,Sildenafil Citrate,50 mg,Premier Pharmaceuticals Ltd.,"Unit Price: ৳ 30.00,(4's pack: ৳ 120.00),",(4's pack: ৳ 120.00)
28768,Viagrazen,allopathic,viagrazentablet50-mg,Tablet,Sildenafil Citrate,50 mg,Zenith Pharmaceuticals Ltd.,"Unit Price: ৳ 25.00,(6's pack: ৳ 150.00),",(6's pack: ৳ 150.00)
28767,Viagrazen,allopathic,viagrazentablet100-mg,Tablet,Sildenafil Citrate,100 mg,Zenith Pharmaceuticals Ltd.,"Unit Price: ৳ 45.00,(6's pack: ৳ 270.00),",(6's pack: ৳ 270.00)
13730,Vgard,allopathic,vgardtablet25-mg25-mg1-mg,Tablet,"Vitamin B6, B9 & B12",25 mg+2.5 mg+1 mg,Opsonin Pharma Ltd.,"Unit Price: ৳ 4.03,(30's pack: ৳ 120.90),",(30's pack: ৳ 120.90)
25829,Vexotil,allopathic,vexotiltablet500-mg,Tablet,Cefuroxime Axetil,500 mg,Organic Health Care Ltd.,"Unit Price: ৳ 45.13,(8's pack: ৳ 361.04),",(8's pack: ৳ 361.04)
7359,Vexotil,allopathic,vexotilpowder-for-suspension125-mg5-ml,Powder for Suspension,Cefuroxime Axetil,125 mg/5 ml,Organic Health Care Ltd.,70 ml bottle: ৳ 198.60,
7358,Vexotil,allopathic,vexotiltablet250-mg,Tablet,Cefuroxime Axetil,250 mg,Organic Health Care Ltd.,"Unit Price: ৳ 25.08,(12's pack: ৳ 300.96),",(12's pack: ৳ 300.96)
3144,Vestar MR,allopathic,vestar-mrtablet-modified-release35-mg,Tablet (Modified Release),Trimetazidine Dihydrochloride,35 mg,Healthcare Pharmaceuticals Ltd.,"Unit Price: ৳ 8.00,(30's pack: ৳ 240.00),",(30's pack: ৳ 240.00)
27836,Vesotan,allopathic,vesotantablet16-mg,Tablet,Candesartan Cilexetil,16 mg,Rangs Pharmaceuticals Ltd.,"Unit Price: ৳ 11.03,(30's pack: ৳ 330.90),",(30's pack: ৳ 330.90)
27835,Vesotan,allopathic,vesotantablet8-mg,Tablet,Candesartan Cilexetil,8 mg,Rangs Pharmaceuticals Ltd.,"Unit Price: ৳ 6.02,(30's pack: ৳ 180.60),",(30's pack: ৳ 180.60)
12620,Vesol-N,allopathic,vesol-ncream05-mg5-mg1-lac-iugm,Cream,Clobetasol Propionate + Neomycin Sulphate + Nystatin,(0.5 mg+5 mg+1 Lac IU)/gm,Novo Healthcare and Pharma Ltd.,10 gm tube: ৳ 60.00,
27834,Vesodil,allopathic,vesodiltablet25-mg,Tablet,Carvedilol,25 mg,Rangs Pharmaceuticals Ltd.,"Unit Price: ৳ 8.03,(30's pack: ৳ 240.90),",(30's pack: ৳ 240.90)
17115,Vibose,allopathic,vibosetablet300-mcg,Tablet,Voglibose,300 mcg,Beximco Pharmaceuticals Ltd.,"Unit Price: ৳ 8.00,(30's pack: ৳ 240.00),",(30's pack: ৳ 240.00)
17114,Vibose,allopathic,vibosetablet200-mcg,Tablet,Voglibose,200 mcg,Beximco Pharmaceuticals Ltd.,"Unit Price: ৳ 6.00,(30's pack: ৳ 180.00),",(30's pack: ৳ 180.00)
6059,Viax,allopathic,viaxtablet100-mg,Tablet,Sildenafil Citrate,100 mg,Opsonin Pharma Ltd.,"Unit Price: ৳ 50.00,(4's pack: ৳ 200.00),",(4's pack: ৳ 200.00)
6058,Viax,allopathic,viaxtablet50-mg,Tablet,Sildenafil Citrate,50 mg,Opsonin Pharma Ltd.,"Unit Price: ৳ 30.00,(4's pack: ৳ 120.00),",(4's pack: ৳ 120.00)
6032,Viamax,allopathic,viamaxtablet100-mg,Tablet,Sildenafil Citrate,100 mg,UniMed UniHealth,"Unit Price: ৳ 50.00,(4's pack: ৳ 200.00),",(4's pack: ৳ 200.00)
6031,Viamax,allopathic,viamaxtablet50-mg,Tablet,Sildenafil Citrate,50 mg,UniMed UniHealth,"Unit Price: ৳ 30.00,(4's pack: ৳ 120.00),",(4's pack: ৳ 120.00)
6030,Viamax,allopathic,viamaxtablet25-mg,Tablet,Sildenafil Citrate,25 mg,UniMed UniHealth,"Unit Price: ৳ 20.00,(4's pack: ৳ 80.00),",(4's pack: ৳ 80.00)
27833,Vesodil,allopathic,vesodiltablet125-mg,Tablet,Carvedilol,12.5 mg,Rangs Pharmaceuticals Ltd.,"Unit Price: ৳ 5.02,(30's pack: ৳ 150.60),",(30's pack: ৳ 150.60)
27832,Vesodil,allopathic,vesodiltablet625-mg,Tablet,Carvedilol,6.25 mg,Rangs Pharmaceuticals Ltd.,"Unit Price: ৳ 3.01,(30's pack: ৳ 90.30),",(30's pack: ৳ 90.30)
851,Vesocal Plus,allopathic,vesocal-plustablet5-mg50-mg,Tablet,Amlodipine Besilate + Atenolol,5 mg+50 mg,Rangs Pharmaceuticals Ltd.,"Unit Price: ৳ 6.02,(30's pack: ৳ 180.60),",(30's pack: ৳ 180.60)
711,Vesocal,allopathic,vesocaltablet10-mg,Tablet,Amlodipine Besilate,10 mg,Rangs Pharmaceuticals Ltd.,"Unit Price: ৳ 8.03,(30's pack: ৳ 240.90),",(30's pack: ৳ 240.90)
710,Vesocal,allopathic,vesocaltablet5-mg,Tablet,Amlodipine Besilate,5 mg,Rangs Pharmaceuticals Ltd.,"Unit Price: ৳ 5.02,(50's pack: ৳ 251.00),",(50's pack: ৳ 251.00)
15404,Veslac,allopathic,veslactablet10-mg,Tablet,Ketorolac Tromethamine,10 mg,Reliance Pharmaceuticals Ltd.,"Unit Price: ৳ 10.30,(30's pack: ৳ 309.00),",(30's pack: ৳ 309.00)
32305,Vesinac,allopathic,vesinactablet10-mg,Tablet,Solifenacin Succinate,10 mg,Beximco Pharmaceuticals Ltd.,"Unit Price: ৳ 30.00,(20's pack: ৳ 600.00),",(20's pack: ৳ 600.00)
32304,Vesinac,allopathic,vesinactablet5-mg,Tablet,Solifenacin Succinate,5 mg,Beximco Pharmaceuticals Ltd.,"Unit Price: ৳ 15.00,(30's pack: ৳ 450.00),",(30's pack: ৳ 450.00)
4692,Veserc,allopathic,veserctablet16-mg,Tablet,Betahistine Dihydrochloride,16 mg,UniMed UniHealth,"Unit Price: ৳ 5.00,(50's pack: ৳ 250.00),",(50's pack: ৳ 250.00)
4691,Veserc,allopathic,veserctablet8-mg,Tablet,Betahistine Dihydrochloride,8 mg,UniMed UniHealth,"Unit Price: ৳ 3.00,(50's pack: ৳ 150.00),",(50's pack: ৳ 150.00)
13089,Vesanoid,allopathic,vesanoidcapsule10-mg,Capsule,Tretinoin (Oral),10 mg,Chepla Pharm-Gmbh,"Unit Price: ৳ 230.92,(100's pack: ৳ 23,092.40),","(100's pack: ৳ 23,092.40)"
32784,Viera,allopathic,vierapowder-for-suspension200-mg5-ml,Powder for Suspension,Voriconazole,200 mg/5 ml,Beacon Pharmaceuticals Ltd.,"40 ml bottle: ৳ 1,000.00",
32783,Viera,allopathic,vieratablet50-mg,Tablet,Voriconazole,50 mg,Beacon Pharmaceuticals Ltd.,,
32782,Viera,allopathic,vieratablet200-mg,Tablet,Voriconazole,200 mg,Beacon Pharmaceuticals Ltd.,,
8367,Vidox,allopathic,vidoxcapsule100-mg,Capsule,Doxycycline Hydrochloride,100 mg,Jayson Pharmaceuticals Ltd.,"Unit Price: ৳ 2.00,(50's pack: ৳ 100.00),",(50's pack: ৳ 100.00)
14158,Vidalin Silver,allopathic,vidalin-silvertablet,Tablet,Multivitamin & Multimineral [A-Z silver preparation],,Popular Pharmaceuticals Ltd.,"Unit Price: ৳ 9.00,(30's pack: ৳ 270.00),",(30's pack: ৳ 270.00)
29473,Vidalin N,allopathic,vidalin-niv-infusion,IV Infusion,Multivitamin & Normal Saline,,Popular Pharmaceuticals Ltd.,10 ml vial: ৳ 270.00,
14123,Vidalin Gold,allopathic,vidalin-goldtablet,Tablet,Multivitamin & Multimineral [A-Z gold preparation],,Popular Pharmaceuticals Ltd.,"Unit Price: ৳ 9.00,(15's pack: ৳ 135.00),,Unit Price: ৳ 9.00,(30's pack: ৳ 270.00),","(15's pack: ৳ 135.00),(30's pack: ৳ 270.00)"
29474,Vidalin D,allopathic,vidalin-div-infusion,IV Infusion,Multivitamin & 5% Dextrose,,Popular Pharmaceuticals Ltd.,10 ml vial: ৳ 290.00,
14797,Vidalin,allopathic,vidaliniv-infusion,IV Infusion,Multivitamin [Injection],,Popular Pharmaceuticals Ltd.,10 ml vial: ৳ 200.00,
28615,Vida Plus,allopathic,vida-plustablet50-mg850-mg,Tablet,Vildagliptin + Metformin Hydrochloride,50 mg+850 mg,Pacific Pharmaceuticals Ltd.,"Unit Price: ৳ 24.00,(20's pack: ৳ 480.00),",(20's pack: ৳ 480.00)
28614,Vida Plus,allopathic,vida-plustablet50-mg500-mg,Tablet,Vildagliptin + Metformin Hydrochloride,50 mg+500 mg,Pacific Pharmaceuticals Ltd.,"Unit Price: ৳ 22.00,(18's pack: ৳ 396.00),",(18's pack: ৳ 396.00)
5532,Vida,allopathic,vidatablet50-mg,Tablet,Vildagliptin,50 mg,Pacific Pharmaceuticals Ltd.,"Unit Price: ৳ 20.00,(30's pack: ৳ 600.00),",(30's pack: ৳ 600.00)
5724,Victoza,allopathic,victozainjection6-mgml,Injection,Liraglutide,6 mg/ml,Novo Nordisk Pharma (Pvt.) Ltd,"3 ml per-filled pen: ৳ 7,150.00",
12148,Vifas,allopathic,vifastablet180-mg,Tablet,Fexofenadine Hydrochloride,180 mg,Healthcare Pharmaceuticals Ltd.,"Unit Price: ৳ 10.00,(30's pack: ৳ 300.00),",(30's pack: ৳ 300.00)
12147,Vifas,allopathic,vifastablet120-mg,Tablet,Fexofenadine Hydrochloride,120 mg,Healthcare Pharmaceuticals Ltd.,"Unit Price: ৳ 8.00,(30's pack: ৳ 240.00),",(30's pack: ৳ 240.00)
12146,Vifas,allopathic,vifastablet60-mg,Tablet,Fexofenadine Hydrochloride,60 mg,Healthcare Pharmaceuticals Ltd.,"Unit Price: ৳ 5.00,(30's pack: ৳ 150.00),",(30's pack: ৳ 150.00)
16325,Viewgut,allopathic,viewgutpowder-for-suspension150-gm,Powder for Suspension,Barium Sulfate,150 gm,Popular Pharmaceuticals Ltd.,150 gm bag: ৳ 200.75,
24743,Viev,allopathic,vievtablet20-mg,Tablet,Tadalafil,20 mg,Alco Pharma Ltd.,"Unit Price: ৳ 60.18,(4's pack: ৳ 240.72),",(4's pack: ৳ 240.72)
6095,Viev,allopathic,vievtablet10-mg,Tablet,Tadalafil,10 mg,Alco Pharma Ltd.,"Unit Price: ৳ 35.11,(4's pack: ৳ 140.44),",(4's pack: ৳ 140.44)
7831,Victorin,allopathic,victorinpediatric-drops20-mgml,Pediatric Drops,Cefpodoxime Proxetil,20 mg/ml,Novo Healthcare and Pharma Ltd.,15 ml bottle: ৳ 60.18,
7830,Victorin,allopathic,victorinpowder-for-suspension40-mg5-ml,Powder for Suspension,Cefpodoxime Proxetil,40 mg/5 ml,Novo Healthcare and Pharma Ltd.,50 ml bottle: ৳ 98.29,
7829,Victorin,allopathic,victorincapsule200-mg,Capsule,Cefpodoxime Proxetil,200 mg,Novo Healthcare and Pharma Ltd.,"Unit Price: ৳ 40.00,(8's pack: ৳ 320.00),",(8's pack: ৳ 320.00)
14696,Vicon-Z,allopathic,vicon-zsyrup,Syrup,Vitamin B Complex + Zinc,,Kumudini Pharma Ltd.,100 ml bottle: ৳ 45.00,
14232,Vicon-M,allopathic,vicon-mtablet,Tablet,Multivitamin & Multimineral,,Kumudini Pharma Ltd.,"Unit Price: ৳ 1.65,(30's pack: ৳ 49.50),",(30's pack: ৳ 49.50)
13846,Vicon,allopathic,viconsyrup,Syrup,Vitamin B complex,,Kumudini Pharma Ltd.,200 ml bottle: ৳ 38.00,
13845,Vicon,allopathic,vicontablet,Tablet,Vitamin B complex,,Kumudini Pharma Ltd.,"Unit Price: ৳ 0.51,(45's pack: ৳ 22.95),",(45's pack: ৳ 22.95)
13731,Vicard,allopathic,vicardtablet25-mg25-mg1-mg,Tablet,"Vitamin B6, B9 & B12",25 mg+2.5 mg+1 mg,Popular Pharmaceuticals Ltd.,"Unit Price: ৳ 6.00,(30's pack: ৳ 180.00),",(30's pack: ৳ 180.00)
13248,VIC,allopathic,viccapsule,Capsule,Iron + Folic acid + Vitamin B complex + Vitamin C,,Decent Pharma Laboratories Ltd.,"Unit Price: ৳ 3.00,(100's pack: ৳ 300.00),",(100's pack: ৳ 300.00)
27645,Vibrenta,allopathic,vibrentasc-injection100-iuml,SC Injection,Insulin Glargine [rDNA],100 IU/ml,Incepta Pharmaceuticals Ltd.,3 ml PenSet: ৳ 600.00,
16839,Vibrenta,allopathic,vibrentasc-injection100-iuml,SC Injection,Insulin Glargine [rDNA],100 IU/ml,Incepta Pharmaceuticals Ltd.,3 ml vial: ৳ 600.00,
5716,Vildagil-M,allopathic,vildagil-mtablet50-mg850-mg,Tablet,Vildagliptin + Metformin Hydrochloride,50 mg+850 mg,Sharif Pharmaceuticals Ltd.,"Unit Price: ৳ 22.07,(20's pack: ৳ 441.40),",(20's pack: ৳ 441.40)
5715,Vildagil-M,allopathic,vildagil-mtablet50-mg500-mg,Tablet,Vildagliptin + Metformin Hydrochloride,50 mg+500 mg,Sharif Pharmaceuticals Ltd.,"Unit Price: ৳ 20.07,(20's pack: ৳ 401.40),",(20's pack: ৳ 401.40)
5534,Vildagil,allopathic,vildagiltablet50-mg,Tablet,Vildagliptin,50 mg,Sharif Pharmaceuticals Ltd.,"Unit Price: ৳ 18.04,(20's pack: ৳ 360.80),",(20's pack: ৳ 360.80)
33146,Vilazon,allopathic,vilazontablet20-mg,Tablet,Vilazodone Hydrochloride,20 mg,Renata Limited,"Unit Price: ৳ 50.00,(20's pack: ৳ 1,000.00),","(20's pack: ৳ 1,000.00)"
33145,Vilazon,allopathic,vilazontablet10-mg,Tablet,Vilazodone Hydrochloride,10 mg,Renata Limited,"Unit Price: ৳ 30.00,(20's pack: ৳ 600.00),",(20's pack: ৳ 600.00)
25244,Vilaptin,allopathic,vilaptintablet50-mg,Tablet,Vildagliptin,50 mg,United Pharmaceuticals Ltd.,"Unit Price: ৳ 20.08,(30's pack: ৳ 602.30),",(30's pack: ৳ 602.30)
31603,Vilanti,allopathic,vilantiinhalation-capsule25-mcg200-mcg,Inhalation Capsule,Vilanterol Trifenatate + Fluticasone Furoate,25 mcg+200 mcg,Square Pharmaceuticals Ltd.,"Unit Price: ৳ 30.00,(20's pack: ৳ 600.00),",(20's pack: ৳ 600.00)
31602,Vilanti,allopathic,vilantiinhalation-capsule25-mcg100-mcg,Inhalation Capsule,Vilanterol Trifenatate + Fluticasone Furoate,25 mcg+100 mcg,Square Pharmaceuticals Ltd.,"Unit Price: ৳ 22.00,(20's pack: ৳ 440.00),",(20's pack: ৳ 440.00)
13978,Vigotrum Gold,allopathic,vigotrum-goldtablet,Tablet,Multivitamin & Multimineral [A-Z gold preparation],,Kumudini Pharma Ltd.,"Unit Price: ৳ 7.00,(15's pack: ৳ 105.00),,Unit Price: ৳ 7.00,(30's pack: ৳ 210.00),","(15's pack: ৳ 105.00),(30's pack: ৳ 210.00)"
17603,Vigosol,allopathic,vigosoliv-infusion5,IV Infusion,Amino Acid + D-Sorbitol + Electrolytes,5%,Square Pharmaceuticals Ltd.,500 ml bottle: ৳ 352.00,
6037,Vigorex,allopathic,vigorextablet100-mg,Tablet,Sildenafil Citrate,100 mg,Square Pharmaceuticals Ltd.,"Unit Price: ৳ 50.15,(8's pack: ৳ 401.20),",(8's pack: ৳ 401.20)
6036,Vigorex,allopathic,vigorextablet50-mg,Tablet,Sildenafil Citrate,50 mg,Square Pharmaceuticals Ltd.,"Unit Price: ৳ 30.10,(8's pack: ৳ 240.80),",(8's pack: ৳ 240.80)
6035,Vigorex,allopathic,vigorextablet25-mg,Tablet,Sildenafil Citrate,25 mg,Square Pharmaceuticals Ltd.,"Unit Price: ৳ 20.06,(8's pack: ৳ 160.48),",(8's pack: ৳ 160.48)
14233,Vigor-M,allopathic,vigor-mtablet,Tablet,Multivitamin & Multimineral,,Hallmark Pharmaceuticals Ltd.,"Unit Price: ৳ 1.50,(30's pack: ৳ 45.00),",(30's pack: ৳ 45.00)
31829,Vildaglip M,allopathic,vildaglip-mtablet50-mg850-mg,Tablet,Vildagliptin + Metformin Hydrochloride,50 mg+850 mg,Concord Pharmaceuticals Ltd.,"Unit Price: ৳ 18.00,(24's pack: ৳ 432.00),",(24's pack: ৳ 432.00)
25249,Vildaglip M,allopathic,vildaglip-mtablet50-mg500-mg,Tablet,Vildagliptin + Metformin Hydrochloride,50 mg+500 mg,Concord Pharmaceuticals Ltd.,"Unit Price: ৳ 15.00,(20's pack: ৳ 300.00),",(20's pack: ৳ 300.00)
28180,Vildaglip,allopathic,vildagliptablet50-mg,Tablet,Vildagliptin,50 mg,Concord Pharmaceuticals Ltd.,"Unit Price: ৳ 12.00,(20's pack: ৳ 240.00),",(20's pack: ৳ 240.00)
13848,Vigor-B,allopathic,vigor-bsyrup,Syrup,Vitamin B complex,,Hallmark Pharmaceuticals Ltd.,200 ml bottle: ৳ 38.17,
13847,Vigor-B,allopathic,vigor-btablet,Tablet,Vitamin B complex,,Hallmark Pharmaceuticals Ltd.,"Unit Price: ৳ 0.44,(45's pack: ৳ 19.80),",(45's pack: ৳ 19.80)
14048,Vigor Ace,allopathic,vigor-acetablet6-mg200-mg50-mg,Tablet,Betacarotene + Vitamin C + Vitamin E,6 mg+200 mg+50 mg,Hallmark Pharmaceuticals Ltd.,"Unit Price: ৳ 3.00,(20's pack: ৳ 60.00),",(20's pack: ৳ 60.00)
13708,Vigor,allopathic,vigortablet100-mg200-mg200-mcg,Tablet,"Vitamin B1, B6 & B12",100 mg+200 mg+200 mcg,Hallmark Pharmaceuticals Ltd.,"Unit Price: ৳ 4.00,(30's pack: ৳ 120.00),",(30's pack: ৳ 120.00)
5533,Viglita,allopathic,viglitatablet50-mg,Tablet,Vildagliptin,50 mg,Square Pharmaceuticals Ltd.,"Unit Price: ৳ 16.00,(20's pack: ৳ 320.00),",(20's pack: ৳ 320.00)
5714,Viglimet,allopathic,viglimettablet50-mg850-mg,Tablet,Vildagliptin + Metformin Hydrochloride,50 mg+850 mg,Square Pharmaceuticals Ltd.,"Unit Price: ৳ 20.00,(30's pack: ৳ 600.00),",(30's pack: ৳ 600.00)
5713,Viglimet,allopathic,viglimettablet50-mg500-mg,Tablet,Vildagliptin + Metformin Hydrochloride,50 mg+500 mg,Square Pharmaceuticals Ltd.,"Unit Price: ৳ 18.00,(30's pack: ৳ 540.00),",(30's pack: ৳ 540.00)
10230,Vigil,allopathic,vigiloral-suspension200-mg5-ml,Oral Suspension,Metronidazole,200 mg/5 ml,Salton Pharmaceuticals Ltd.,60 ml bottle: ৳ 22.08,
10229,Vigil,allopathic,vigiltablet400-mg,Tablet,Metronidazole,400 mg,Salton Pharmaceuticals Ltd.,"Unit Price: ৳ 1.00,(100's pack: ৳ 100.00),",(100's pack: ৳ 100.00)
5540,Vigatin,allopathic,vigatintablet50-mg,Tablet,Vildagliptin,50 mg,Eskayef Pharmaceuticals Ltd.,"Unit Price: ৳ 20.00,(20's pack: ৳ 400.00),",(20's pack: ৳ 400.00)
26806,Vigamet,allopathic,vigamettablet50-mg500-mg,Tablet,Vildagliptin + Metformin Hydrochloride,50 mg+500 mg,Eskayef Pharmaceuticals Ltd.,"Unit Price: ৳ 20.00,(20's pack: ৳ 400.00),",(20's pack: ৳ 400.00)
5717,Vigamet,allopathic,vigamettablet50-mg850-mg,Tablet,Vildagliptin + Metformin Hydrochloride,50 mg+850 mg,Eskayef Pharmaceuticals Ltd.,"Unit Price: ৳ 22.00,(18's pack: ৳ 396.00),",(18's pack: ৳ 396.00)
20351,Vifas,allopathic,vifasoral-suspension30-mg5-ml,Oral Suspension,Fexofenadine Hydrochloride,30 mg/5 ml,Healthcare Pharmaceuticals Ltd.,50 ml bottle: ৳ 55.00,
8708,Vinzam,allopathic,vinzampowder-for-suspension200-mg5-ml,Powder for Suspension,Azithromycin Dihydrate,200 mg/5 ml,Ad-din Pharmaceuticals Ltd.,"15 ml bottle: ৳ 82.00,35 ml bottle: ৳ 130.00",
8707,Vinzam,allopathic,vinzamtablet500-mg,Tablet,Azithromycin Dihydrate,500 mg,Ad-din Pharmaceuticals Ltd.,"Unit Price: ৳ 30.00,(5's pack: ৳ 150.00),",(5's pack: ৳ 150.00)
3158,Vinton,allopathic,vintontablet5-mg,Tablet,Vinpocetine,5 mg,Aristopharma Ltd.,"Unit Price: ৳ 4.00,(100's pack: ৳ 400.00),",(100's pack: ৳ 400.00)
25264,Vinstin,allopathic,vinstininjection2-mgvial,Injection,Vincristine Sulfate,2 mg/vial,Drug International Ltd.,2 mg vial: ৳ 400.00,
3157,Vinsetine,allopathic,vinsetinetablet5-mg,Tablet,Vinpocetine,5 mg,Incepta Pharmaceuticals Ltd.,"Unit Price: ৳ 4.00,(100's pack: ৳ 400.00),",(100's pack: ৳ 400.00)
25270,Vinpoton,allopathic,vinpotontablet5-mg,Tablet,Vinpocetine,5 mg,ACME Laboratories Ltd.,"Unit Price: ৳ 4.01,(50's pack: ৳ 200.50),",(50's pack: ৳ 200.50)
17342,Vinorelbine SANDOZ,allopathic,vinorelbine-sandozinjection10-mgml,Injection,Vinorelbine Tartrate,10 mg/ml,SANDOZ (A Novartis Division),"10 mg vial: ৳ 1,478.66,50 mg vial: ৳ 5,181.84",
17282,Vinorelbine Axios,allopathic,vinorelbine-axiosinjection10-mgml,Injection,Vinorelbine Tartrate,10 mg/ml,BOTS Pvt. Limited,"50 mg vial: ৳ 9,500.00",
25265,Vinorel,allopathic,vinorelinjection10-mgml,Injection,Vinorelbine Tartrate,10 mg/ml,Beacon Pharmaceuticals Ltd.,"50 mg vial: ৳ 7,800.00",
15084,Vincrist,allopathic,vincristinjection2-mgvail,Injection,Vincristine Sulfate,2 mg/vail,Techno Drugs Ltd.,2 mg vial: ৳ 550.00,
15083,Vincrist,allopathic,vincristinjection1-mgvail,Injection,Vincristine Sulfate,1 mg/vail,Techno Drugs Ltd.,1 mg vial: ৳ 300.00,
3156,Vincet,allopathic,vincettablet5-mg,Tablet,Vinpocetine,5 mg,Eskayef Pharmaceuticals Ltd.,"Unit Price: ৳ 4.00,(50's pack: ৳ 200.00),",(50's pack: ৳ 200.00)
15082,Vinblastin,allopathic,vinblastininjection10-mg10-ml,Injection,Vinblastine Sulfate,10 mg/10 ml,City Overseas Ltd.,10 mg vial: ৳ 720.00,
22772,Vinap,allopathic,vinaptablet500-mg,Tablet,Naproxen Sodium,500 mg,Virgo Pharmaceuticals Ltd.,Unit Price: ৳ 7.00,
14234,Vimin Plus,allopathic,vimin-plustablet,Tablet,Multivitamin & Multimineral,,Gaco Pharmaceuticals Ltd.,"Unit Price: ৳ 1.50,(30's pack: ৳ 45.00),",(30's pack: ৳ 45.00)
12986,Viola,allopathic,violalotion125-gm5-ml,Lotion,Benzyl Benzoate,1.25 gm/5 ml,Hudson Pharmaceuticals Ltd.,"60 ml pack: ৳ 12.00,100 ml pack: ৳ 22.00",
12880,Viola,allopathic,violatopical-solution2,Topical Solution,Gentian Violet,2%,Kawsar Chemicals,15 ml solution: ৳ 20.00,
12879,Viola,allopathic,violatopical-solution1,Topical Solution,Gentian Violet,1%,Kawsar Chemicals,15 ml solution: ৳ 20.00,
12872,Viodin,allopathic,viodinmouthwash1-wv,Mouthwash,Povidone Iodine,1% w/v,Square Pharmaceuticals Ltd.,100 ml bottle: ৳ 35.11,
12866,Viodin,allopathic,viodinointment5-ww,Ointment,Povidone Iodine,5% w/w,Square Pharmaceuticals Ltd.,25 gm tube: ৳ 50.00,
12855,Viodin,allopathic,viodinsolution10-wv,Solution,Povidone Iodine,10% w/v,Square Pharmaceuticals Ltd.,"15 ml bottle: ৳ 25.08,(12's pack: ৳ 300.96),,100 ml bottle: ৳ 100.30,1000 ml bottle: ৳ 702.11",(12's pack: ৳ 300.96)
29084,Vilip,allopathic,viliptablet50-mg,Tablet,Vildagliptin,50 mg,Team Pharmaceuticals Ltd.,"Unit Price: ৳ 19.00,(30's pack: ৳ 570.00),",(30's pack: ৳ 570.00)
13850,Vilet B,allopathic,vilet-bsyrup,Syrup,Vitamin B complex,,Bengal drugs Ltd.,"100 ml bottle: ৳ 23.00,200 ml bottle: ৳ 43.00",
13849,Vilet B,allopathic,vilet-btablet,Tablet,Vitamin B complex,,Bengal drugs Ltd.,"Unit Price: ৳ 0.44,(45's pack: ৳ 19.80),",(45's pack: ৳ 19.80)
5535,Vildus,allopathic,vildustablet50-mg,Tablet,Vildagliptin,50 mg,Opsonin Pharma Ltd.,"Unit Price: ৳ 20.00,(20's pack: ৳ 400.00),",(20's pack: ৳ 400.00)
5721,Vildapin Plus,allopathic,vildapin-plustablet50-mg850-mg,Tablet,Vildagliptin + Metformin Hydrochloride,50 mg+850 mg,ACME Laboratories Ltd.,"Unit Price: ৳ 21.00,(20's pack: ৳ 420.00),",(20's pack: ৳ 420.00)
5720,Vildapin Plus,allopathic,vildapin-plustablet50-mg500-mg,Tablet,Vildagliptin + Metformin Hydrochloride,50 mg+500 mg,ACME Laboratories Ltd.,"Unit Price: ৳ 19.00,(20's pack: ৳ 380.00),",(20's pack: ৳ 380.00)
5541,Vildapin,allopathic,vildapintablet50-mg,Tablet,Vildagliptin,50 mg,ACME Laboratories Ltd.,"Unit Price: ৳ 15.04,(20's pack: ৳ 300.80),",(20's pack: ৳ 300.80)
5719,Vildamet,allopathic,vildamettablet50-mg850-mg,Tablet,Vildagliptin + Metformin Hydrochloride,50 mg+850 mg,Opsonin Pharma Ltd.,"Unit Price: ৳ 23.00,(18's pack: ৳ 414.00),",(18's pack: ৳ 414.00)
5718,Vildamet,allopathic,vildamettablet50-mg500-mg,Tablet,Vildagliptin + Metformin Hydrochloride,50 mg+500 mg,Opsonin Pharma Ltd.,"Unit Price: ৳ 22.06,(20's pack: ৳ 441.20),",(20's pack: ৳ 441.20)
9761,Vironil,allopathic,vironiltablet245-mg,Tablet,Tenofovir Disoproxil Fumarate,245 mg,UniMed UniHealth,"Unit Price: ৳ 95.00,(10's pack: ৳ 950.00),",(10's pack: ৳ 950.00)
31877,Vironex,allopathic,vironextablet05-mg,Tablet,Entecavir,0.5 mg,Everest Pharmaceuticals Ltd.,"Unit Price: ৳ 48.00,(28's pack: ৳ 1,344.00),","(28's pack: ৳ 1,344.00)"
16384,Virodacla,allopathic,virodaclatablet60-mg,Tablet,Daclatasvir,60 mg,Incepta Pharmaceuticals Ltd.,"Unit Price: ৳ 400.00,(12's pack: ৳ 4,800.00),","(12's pack: ৳ 4,800.00)"
13709,Virobion,allopathic,virobiontablet100-mg200-mg200-mcg,Tablet,"Vitamin B1, B6 & B12",100 mg+200 mg+200 mcg,Virgo Pharmaceuticals Ltd.,"Unit Price: ৳ 5.00,(50's pack: ৳ 250.00),",(50's pack: ৳ 250.00)
16537,Virlon Plus,allopathic,virlon-plustablet5-mg50-mg,Tablet,Amlodipine Besilate + Atenolol,5 mg+50 mg,Virgo Pharmaceuticals Ltd.,"Unit Price: ৳ 4.50,(30's pack: ৳ 135.00),",(30's pack: ৳ 135.00)
17680,Virlon,allopathic,virlontablet5-mg,Tablet,Amlodipine Besilate,5 mg,Virgo Pharmaceuticals Ltd.,"Unit Price: ৳ 4.00,(30's pack: ৳ 120.00),",(30's pack: ৳ 120.00)
239,Virine,allopathic,virineophthalmic-ointment3,Ophthalmic Ointment,Acyclovir (Ophthalmic),3%,Nipa Pharmaceuticals Ltd.,5 gm tube: ৳ 100.00,
14818,Virgo's Orsaline,allopathic,virgos-orsalineoral-powder1395-gm,Oral Powder,Oral Rehydration Salt [Powder],13.95 gm,Virgo Pharmaceuticals Ltd.,"Unit Price: ৳ 4.58,(20's pack: ৳ 91.60),",(20's pack: ৳ 91.60)
28215,Virflox,allopathic,virfloxtablet750-mg,Tablet,Ciprofloxacin,750 mg,Virgo Pharmaceuticals Ltd.,Unit Price: ৳ 18.00,
9353,Virflox,allopathic,virfloxpowder-for-suspension250-mg5-ml,Powder for Suspension,Ciprofloxacin,250 mg/5 ml,Virgo Pharmaceuticals Ltd.,60 ml bottle: ৳ 80.00,
9352,Virflox,allopathic,virfloxtablet500-mg,Tablet,Ciprofloxacin,500 mg,Virgo Pharmaceuticals Ltd.,"Unit Price: ৳ 14.00,(30's pack: ৳ 420.00),",(30's pack: ৳ 420.00)
9748,Virenta,allopathic,virentatablet05-mg,Tablet,Entecavir,0.5 mg,Eskayef Pharmaceuticals Ltd.,"Unit Price: ৳ 48.00,(10's pack: ৳ 480.00),",(10's pack: ৳ 480.00)
1655,Virdon,allopathic,virdonoral-suspension5-mg5-ml,Oral Suspension,Domperidone Maleate,5 mg/5 ml,Virgo Pharmaceuticals Ltd.,60 ml bottle: ৳ 28.00,
1654,Virdon,allopathic,virdontablet10-mg,Tablet,Domperidone Maleate,10 mg,Virgo Pharmaceuticals Ltd.,"Unit Price: ৳ 2.00,(100's pack: ৳ 200.00),",(100's pack: ৳ 200.00)
1783,Virdin,allopathic,virdintablet150-mg,Tablet,Ranitidine Hydrochloride,150 mg,Virgo Pharmaceuticals Ltd.,"Unit Price: ৳ 2.00,(100's pack: ৳ 200.00),",(100's pack: ৳ 200.00)
12004,Vircet,allopathic,vircetsyrup5-mg5-ml,Syrup,Cetirizine Hydrochloride,5 mg/5 ml,Virgo Pharmaceuticals Ltd.,60 ml bottle: ৳ 20.00,
158,Virux,allopathic,viruxtablet200-mg,Tablet,Acyclovir (Oral),200 mg,Square Pharmaceuticals Ltd.,"Unit Price: ৳ 14.10,(30's pack: ৳ 423.00),",(30's pack: ৳ 423.00)
157,Virux,allopathic,viruxoral-suspension200-mg5-ml,Oral Suspension,Acyclovir (Oral),200 mg/5 ml,Square Pharmaceuticals Ltd.,70 ml bottle: ৳ 125.85,
137,Virux,allopathic,viruxiv-infusion500-mgvial,IV Infusion,Acyclovir (Injection),500 mg/vial,Square Pharmaceuticals Ltd.,500 mg vial: ৳ 702.11,
29189,Virupos,allopathic,viruposophthalmic-ointment3,Ophthalmic Ointment,Acyclovir (Ophthalmic),3%,ZAS Corporation,5 gm tube: ৳ 600.00,
26669,Virunil,allopathic,viruniliv-infusion500-mgvial,IV Infusion,Acyclovir (Injection),500 mg/vial,Globe Pharmaceuticals Ltd.,500 mg vial: ৳ 700.00,
133,Virunil,allopathic,viruniliv-infusion250-mgvial,IV Infusion,Acyclovir (Injection),250 mg/vial,Globe Pharmaceuticals Ltd.,250 mg vial: ৳ 400.00,
154,Viroxi,allopathic,viroxitablet200-mg,Tablet,Acyclovir (Oral),200 mg,Eskayef Pharmaceuticals Ltd.,"Unit Price: ৳ 14.00,(20's pack: ৳ 280.00),",(20's pack: ৳ 280.00)
12003,Vircet,allopathic,vircettablet10-mg,Tablet,Cetirizine Hydrochloride,10 mg,Virgo Pharmaceuticals Ltd.,"Unit Price: ৳ 2.50,(100's pack: ৳ 250.00),",(100's pack: ৳ 250.00)
28716,Viraflu,allopathic,viraflutablet200-mg,Tablet,Favipiravir,200 mg,Beximco Pharmaceuticals Ltd.,"Unit Price: ৳ 200.00,(10's pack: ৳ 2,000.00),","(10's pack: ৳ 2,000.00)"
24223,Viracin,allopathic,viracincapsule200-mg,Capsule,Ribavirin,200 mg,Beximco Pharmaceuticals Ltd.,"Unit Price: ৳ 35.00,(30's pack: ৳ 1,050.00),","(30's pack: ৳ 1,050.00)"
9747,VIR,allopathic,virtablet05-mg,Tablet,Entecavir,0.5 mg,ACME Laboratories Ltd.,"Unit Price: ৳ 48.14,(10's pack: ৳ 481.40),",(10's pack: ৳ 481.40)
5723,Viptin Plus,allopathic,viptin-plustablet50-mg850-mg,Tablet,Vildagliptin + Metformin Hydrochloride,50 mg+850 mg,General Pharmaceuticals Ltd.,"Unit Price: ৳ 22.06,(20's pack: ৳ 441.29),",(20's pack: ৳ 441.29)
5722,Viptin Plus,allopathic,viptin-plustablet50-mg500-mg,Tablet,Vildagliptin + Metformin Hydrochloride,50 mg+500 mg,General Pharmaceuticals Ltd.,"Unit Price: ৳ 21.06,(20's pack: ৳ 421.28),",(20's pack: ৳ 421.28)
5536,Viptin,allopathic,viptintablet50-mg,Tablet,Vildagliptin,50 mg,General Pharmaceuticals Ltd.,"Unit Price: ৳ 20.06,(30's pack: ৳ 601.90),",(30's pack: ৳ 601.90)
29434,Viscotin,allopathic,viscotinnebuliser-solution600-mg3-ml,Nebuliser Solution,Acetylcysteine,600 mg/3 ml,UniMed UniHealth,"3 ml ampoule: ৳ 30.00,(5's pack: ৳ 150.00),",(5's pack: ৳ 150.00)
118,Viscotin,allopathic,viscotineffervescent-tablet600-mg,Effervescent Tablet,Acetylcysteine,600 mg,UniMed UniHealth,"Unit Price: ৳ 20.00,(10's pack: ৳ 200.00),",(10's pack: ৳ 200.00)
117,Viscotin,allopathic,viscotineffervescent-granules200-mgsachet,Effervescent Granules,Acetylcysteine,200 mg/sachet,UniMed UniHealth,"200 mg sachet: ৳ 15.00,(20's pack: ৳ 300.00),",(20's pack: ৳ 300.00)
116,Viscotin,allopathic,viscotineffervescent-granules100-mgsachet,Effervescent Granules,Acetylcysteine,100 mg/sachet,UniMed UniHealth,"100 mg sachet: ৳ 10.00,(20's pack: ৳ 200.00),",(20's pack: ৳ 200.00)
10866,Viscon,allopathic,visconcream308,Cream,Methyl Salicylate + Menthol,30%+8%,ACI Limited,20 gm tube: ৳ 60.41,
10865,Viscon,allopathic,visconcream1510,Cream,Methyl Salicylate + Menthol,15%+10%,ACI Limited,20 gm tube: ৳ 40.27,
16152,Viscogel,allopathic,viscogelviscoelastic-solution2,Viscoelastic Solution,Hydroxypropyl Methylcellulose,2%,General Pharmaceuticals Ltd.,3 ml pre-filled syringe: ৳ 120.00,
24555,Viscocid,allopathic,viscocidchewable-tablet500-mg100-mg,Chewable Tablet,Sodium Alginate + Potassium Bicarbonate,500 mg+100 mg,Beximco Pharmaceuticals Ltd.,"Unit Price: ৳ 5.00,(100's pack: ৳ 500.25),",(100's pack: ৳ 500.25)
16694,Viscocid,allopathic,viscocidoral-suspension500-mg100-mg5-ml,Oral Suspension,Sodium Alginate + Potassium Bicarbonate,(500 mg+100 mg)/5 ml,Beximco Pharmaceuticals Ltd.,200 ml bottle: ৳ 150.00,
1484,Visceralgine,allopathic,visceralgineimiv-injection5-mg2-ml,IM/IV Injection,Tiemonium Methylsulphate,5 mg/2 ml,Nuvista Pharma Ltd.,"2 ml ampoule: ৳ 39.57,(10's pack: ৳ 395.70),",(10's pack: ৳ 395.70)
1483,Visceralgine,allopathic,visceralginetablet50-mg,Tablet,Tiemonium Methylsulphate,50 mg,Nuvista Pharma Ltd.,"Unit Price: ৳ 8.27,(60's pack: ৳ 496.19),",(60's pack: ৳ 496.19)
24958,Visceral,allopathic,visceralimiv-injection5-mg2-ml,IM/IV Injection,Tiemonium Methylsulphate,5 mg/2 ml,Ibn Sina Pharmaceuticals Ltd.,"2 ml ampoule: ৳ 16.00,(10's pack: ৳ 160.00),",(10's pack: ৳ 160.00)
1482,Visceral,allopathic,visceraltablet50-mg,Tablet,Tiemonium Methylsulphate,50 mg,Ibn Sina Pharmaceuticals Ltd.,"Unit Price: ৳ 8.00,(50's pack: ৳ 400.00),",(50's pack: ৳ 400.00)
1481,Viscer,allopathic,viscerimiv-injection5-mg2-ml,IM/IV Injection,Tiemonium Methylsulphate,5 mg/2 ml,Techno Drugs Ltd.,"2 ml ampoule: ৳ 11.94,(10's pack: ৳ 119.44),",(10's pack: ৳ 119.44)
1480,Viscer,allopathic,viscertablet50-mg,Tablet,Tiemonium Methylsulphate,50 mg,Techno Drugs Ltd.,"Unit Price: ৳ 3.48,(50's pack: ৳ 174.18),",(50's pack: ৳ 174.18)
28737,Visarin,allopathic,visarinimiv-injection5-mg2-ml,IM/IV Injection,Tiemonium Methylsulphate,5 mg/2 ml,Pharmasia Limited,"2 ml ampoule: ৳ 25.00,(5's pack: ৳ 125.00),",(5's pack: ৳ 125.00)
27413,Visetil,allopathic,visetiltablet50-mg,Tablet,Tiemonium Methylsulphate,50 mg,Premier Pharmaceuticals Ltd.,"Unit Price: ৳ 5.00,(50's pack: ৳ 250.00),",(50's pack: ৳ 250.00)
1488,Viset,allopathic,visetimiv-injection5-mg2-ml,IM/IV Injection,Tiemonium Methylsulphate,5 mg/2 ml,Healthcare Pharmaceuticals Ltd.,"2 ml ampoule: ৳ 25.00,(10's pack: ৳ 250.00),",(10's pack: ৳ 250.00)
1487,Viset,allopathic,visetsyrup10-mg5-ml,Syrup,Tiemonium Methylsulphate,10 mg/5 ml,Healthcare Pharmaceuticals Ltd.,"100 ml bottle: ৳ 90.00,50 ml bottle: ৳ 55.00",
1486,Viset,allopathic,visettablet50-mg,Tablet,Tiemonium Methylsulphate,50 mg,Healthcare Pharmaceuticals Ltd.,"Unit Price: ৳ 8.00,(50's pack: ৳ 400.00),",(50's pack: ৳ 400.00)
1485,Visegin,allopathic,visegintablet50-mg,Tablet,Tiemonium Methylsulphate,50 mg,UniMed UniHealth,"Unit Price: ৳ 5.00,(30's pack: ৳ 150.00),",(30's pack: ৳ 150.00)
24973,Visarin,allopathic,visarinsyrup10-mg5-ml,Syrup,Tiemonium Methylsulphate,10 mg/5 ml,Pharmasia Limited,50 ml bottle: ৳ 55.00,
1479,Visarin,allopathic,visarintablet50-mg,Tablet,Tiemonium Methylsulphate,50 mg,Pharmasia Limited,"Unit Price: ৳ 6.00,(50's pack: ৳ 300.00),",(50's pack: ৳ 300.00)
24964,Visalex,allopathic,visalextablet50-mg,Tablet,Tiemonium Methylsulphate,50 mg,Leon Pharmaceuticals Ltd.,"Unit Price: ৳ 5.00,(50's pack: ৳ 250.00),",(50's pack: ৳ 250.00)
28616,Vis-A,allopathic,vis-acapsule50000-iu,Capsule,Vitamin A,50000 IU,Pacific Pharmaceuticals Ltd.,"Unit Price: ৳ 1.90,(100's pack: ৳ 190.00),",(100's pack: ৳ 190.00)
8710,Virzith,allopathic,virzithpowder-for-suspension200-mg5-ml,Powder for Suspension,Azithromycin Dihydrate,200 mg/5 ml,Virgo Pharmaceuticals Ltd.,"20 ml bottle: ৳ 100.00,50 ml bottle: ৳ 180.00",
8709,Virzith,allopathic,virzithtablet500-mg,Tablet,Azithromycin Dihydrate,500 mg,Virgo Pharmaceuticals Ltd.,"Unit Price: ৳ 30.00,(9's pack: ৳ 270.00),",(9's pack: ৳ 270.00)
119,Virux-HC,allopathic,virux-hccream51,Cream,Acyclovir + Hydrocortisone,5%+1%,Square Pharmaceuticals Ltd.,10 gm tube: ৳ 70.00,
16844,Virux,allopathic,viruxcream5-ww,Cream,Acyclovir (Topical),5% w/w,Square Pharmaceuticals Ltd.,10 gm tube: ৳ 70.00,
159,Virux,allopathic,viruxtablet400-mg,Tablet,Acyclovir (Oral),400 mg,Square Pharmaceuticals Ltd.,"Unit Price: ৳ 22.14,(20's pack: ৳ 442.80),",(20's pack: ৳ 442.80)
16220,Visudyne,allopathic,visudyneinjection2-mgml,Injection,Verteporfin,2 mg/ml,Novartis (Bangladesh) Ltd.,"15 mg vial: ৳ 137,799.79",
32444,Vistarin,allopathic,vistarinsc-injection2000-anti-xa-iu02-ml,SC Injection,Enoxaparin Sodium,2000 Anti-Xa IU/0.2 ml,ACI Limited,0.2 ml pre-filled syringe: ৳ 250.00,
32443,Vistarin,allopathic,vistarinsc-injection8000-anti-xa-iu08-ml,SC Injection,Enoxaparin Sodium,8000 Anti-Xa IU/0.8 ml,ACI Limited,0.8 ml pre-filled syringe: ৳ 650.00,
31550,Vistarin,allopathic,vistarinsc-injection6000-anti-xa-iu06-ml,SC Injection,Enoxaparin Sodium,6000 Anti-Xa IU/0.6 ml,ACI Limited,0.6 ml pre-filled syringe: ৳ 575.00,
31549,Vistarin,allopathic,vistarinsc-injection4000-anti-xa-iu04-ml,SC Injection,Enoxaparin Sodium,4000 Anti-Xa IU/0.4 ml,ACI Limited,0.4 ml pre-filled syringe: ৳ 425.00,
9658,Vista,allopathic,vistaophthalmic-solution03,Ophthalmic Solution,Ofloxacin (Ophthalmic),0.30%,Aristopharma Ltd.,5 ml drop: ৳ 85.00,
1498,Visral,allopathic,visralsuppository20-mg,Suppository,Tiemonium Methylsulphate,20 mg,Opsonin Pharma Ltd.,"Unit Price: ৳ 8.00,(10's pack: ৳ 80.00),",(10's pack: ৳ 80.00)
1497,Visral,allopathic,visraltablet50-mg,Tablet,Tiemonium Methylsulphate,50 mg,Opsonin Pharma Ltd.,"Unit Price: ৳ 7.00,(50's pack: ৳ 350.00),",(50's pack: ৳ 350.00)
1496,Visral,allopathic,visralsyrup10-mg5-ml,Syrup,Tiemonium Methylsulphate,10 mg/5 ml,Opsonin Pharma Ltd.,"50 ml bottle: ৳ 55.00,100 ml bottle: ৳ 88.00",
1495,Visral,allopathic,visralimiv-injection5-mg2-ml,IM/IV Injection,Tiemonium Methylsulphate,5 mg/2 ml,Opsonin Pharma Ltd.,"2 ml ampoule: ৳ 27.00,(10's pack: ৳ 270.00),",(10's pack: ৳ 270.00)
24957,Vispazin,allopathic,vispazinsyrup10-mg5-ml,Syrup,Tiemonium Methylsulphate,10 mg/5 ml,Globe Pharmaceuticals Ltd.,100 ml bottle: ৳ 90.00,
1494,Vispazin,allopathic,vispazinimiv-injection5-mg2-ml,IM/IV Injection,Tiemonium Methylsulphate,5 mg/2 ml,Globe Pharmaceuticals Ltd.,"2 ml ampoule: ৳ 15.00,(10's pack: ৳ 150.00),",(10's pack: ৳ 150.00)
1493,Vispazin,allopathic,vispazintablet50-mg,Tablet,Tiemonium Methylsulphate,50 mg,Globe Pharmaceuticals Ltd.,"Unit Price: ৳ 5.00,(50's pack: ৳ 250.00),",(50's pack: ৳ 250.00)
25397,Visovit,allopathic,visoviteye-capsule,Eye Capsule,"Vitamin C, Vitamin E, Lutein, Copper & Zinc",,Eskayef Pharmaceuticals Ltd.,"Unit Price: ৳ 10.00,(30's pack: ৳ 300.00),",(30's pack: ৳ 300.00)
24955,Visonium,allopathic,visoniumimiv-injection5-mg2-ml,IM/IV Injection,Tiemonium Methylsulphate,5 mg/2 ml,Drug International Ltd.,"2 ml ampoule: ৳ 25.10,(5's pack: ৳ 125.50),",(5's pack: ৳ 125.50)
1443,Visonium,allopathic,visoniumtablet50-mg,Tablet,Tiemonium Methylsulphate,50 mg,Drug International Ltd.,"Unit Price: ৳ 6.00,(50's pack: ৳ 300.00),",(50's pack: ৳ 300.00)
13601,Vita-1,allopathic,vita-1tablet100-mg,Tablet,Thiamine Hydrochloride,100 mg,Pacific Pharmaceuticals Ltd.,"Unit Price: ৳ 0.73,(100's pack: ৳ 73.00),",(100's pack: ৳ 73.00)
13577,Vita Seas,allopathic,vita-seassyrup,Syrup,Multivitamin & Cod Liver Oil,,Medicon Pharmaceuticals Ltd.,"100 ml bottle: ৳ 79.54,200 ml bottle: ৳ 144.31",
32953,Vita AZ Silver,allopathic,vita-az-silvertablet,Tablet,Multivitamin & Multimineral [A-Z silver preparation],,Euro Pharma Ltd.,"Unit Price: ৳ 7.00,(50's pack: ৳ 350.00),",(50's pack: ৳ 350.00)
27249,Vita AZ Gold,allopathic,vita-az-goldtablet,Tablet,Multivitamin & Multimineral [A-Z gold preparation],,Euro Pharma Ltd.,"Unit Price: ৳ 7.50,(30's pack: ৳ 225.00),,Unit Price: ৳ 7.50,(50's pack: ৳ 375.00),","(30's pack: ৳ 225.00),(50's pack: ৳ 375.00)"
26808,Visomox D,allopathic,visomox-dophthalmic-solution0501,Ophthalmic Solution,Moxifloxacin Hydrochloride + Dexamethasone,0.5%+0.1%,Eskayef Pharmaceuticals Ltd.,5 ml drop: ৳ 200.00,
26807,Visomox,allopathic,visomoxtablet400-mg,Tablet,Moxifloxacin Hydrochloride (Tablet),400 mg,Eskayef Pharmaceuticals Ltd.,"Unit Price: ৳ 40.00,(10's pack: ৳ 400.00),",(10's pack: ৳ 400.00)
9649,Visomox,allopathic,visomoxophthalmic-solution05,Ophthalmic Solution,Moxifloxacin Hydrochloride (Ophthalmic),0.50%,Eskayef Pharmaceuticals Ltd.,5 ml drop: ৳ 140.00,
1491,Visnor,allopathic,visnorimiv-injection5-mg2-ml,IM/IV Injection,Tiemonium Methylsulphate,5 mg/2 ml,Apex Pharmaceuticals Ltd.,"2 ml ampoule: ৳ 15.00,(10's pack: ৳ 150.00),",(10's pack: ৳ 150.00)
1490,Visnor,allopathic,visnortablet50-mg,Tablet,Tiemonium Methylsulphate,50 mg,Apex Pharmaceuticals Ltd.,"Unit Price: ৳ 4.00,(50's pack: ৳ 200.00),",(50's pack: ৳ 200.00)
17180,Visnil,allopathic,visnilsyrup10-mg5-ml,Syrup,Tiemonium Methylsulphate,10 mg/5 ml,NIPRO JMI Pharma Ltd.,100 ml bottle: ৳ 90.00,
1489,Visnil,allopathic,visniltablet50-mg,Tablet,Tiemonium Methylsulphate,50 mg,NIPRO JMI Pharma Ltd.,"Unit Price: ৳ 4.01,(50's pack: ৳ 200.50),",(50's pack: ৳ 200.50)
20947,Visitear,allopathic,visitearophthalmic-solution020361,Ophthalmic Solution,Glycerol + Hypromellose + Polyethylene Glycol 400,0.2%+0.36%+1%,Incepta Pharmaceuticals Ltd.,10 ml drop: ৳ 310.00,
16161,Visin,allopathic,visinophthalmic-solution020361,Ophthalmic Solution,Glycerol + Hypromellose + Polyethylene Glycol 400,0.2%+0.36%+1%,Popular Pharmaceuticals Ltd.,10 ml drop: ৳ 250.00,
16729,Visi Blue,allopathic,visi-blueophthalmic-solution006,Ophthalmic Solution,Trypan Blue,0.06%,Incepta Pharmaceuticals Ltd.,1 ml vial: ৳ 120.00,
13852,Vitacon,allopathic,vitaconsyrup,Syrup,Vitamin B complex,,Medicon Pharmaceuticals Ltd.,"100 ml bottle: ৳ 34.09,200 ml bottle: ৳ 53.41",
14236,Vitachild,allopathic,vitachildsyrup,Syrup,Multivitamin & Multimineral,,Popular Pharmaceuticals Ltd.,"100 ml bottle: ৳ 75.28,200 ml bottle: ৳ 140.52",
30655,Vitace,allopathic,vitacetablet6-mg200-mg50-mg,Tablet,Betacarotene + Vitamin C + Vitamin E,6 mg+200 mg+50 mg,Aristopharma Ltd.,"Unit Price: ৳ 3.00,(30's pack: ৳ 90.00),",(30's pack: ৳ 90.00)
13898,Vitacare,allopathic,vitacaresyrup,Syrup,Vitamin B complex,,Marksman Pharmaceuticals Ltd.,"100 ml bottle: ৳ 20.00,200 ml bottle: ৳ 37.00",
13727,Vitabion,allopathic,vitabiontablet100-mg200-mg200-mcg,Tablet,"Vitamin B1, B6 & B12",100 mg+200 mg+200 mcg,Incepta Pharmaceuticals Ltd.,"Unit Price: ৳ 8.00,(50's pack: ৳ 400.00),",(50's pack: ৳ 400.00)
13710,Vitabion,allopathic,vitabionim-injection100-mg100-mg1-mg3-ml,IM Injection,"Vitamin B1, B6 & B12",(100 mg+100 mg+1 mg)/3 ml,Incepta Pharmaceuticals Ltd.,"3 ml ampoule: ৳ 25.00,(5's pack: ৳ 125.00),",(5's pack: ৳ 125.00)
25286,Vita-Z,allopathic,vita-zsyrup,Syrup,Vitamin B Complex + Zinc,,Chemist Laboratories  Ltd.,100 ml bottle: ৳ 52.00,
14159,Vita-Silver,allopathic,vita-silvertablet,Tablet,Multivitamin & Multimineral [A-Z silver preparation],,Edruc Limited,"Unit Price: ৳ 6.00,(15's pack: ৳ 90.01),,Unit Price: ৳ 6.00,(30's pack: ৳ 180.00),","(15's pack: ৳ 90.01),(30's pack: ৳ 180.00)"
13603,Vita-One,allopathic,vita-onetablet100-mg,Tablet,Thiamine Hydrochloride,100 mg,Zenith Pharmaceuticals Ltd.,"Unit Price: ৳ 0.73,(100's pack: ৳ 73.00),",(100's pack: ৳ 73.00)
14082,Vita-M,allopathic,vita-mpediatric-drops,Pediatric Drops,Multivitamin [Pediatric preparation],,Opsonin Pharma Ltd.,15 ml drop: ৳ 22.00,
13732,Vita-Heart,allopathic,vita-hearttablet25-mg25-mg1-mg,Tablet,"Vitamin B6, B9 & B12",25 mg+2.5 mg+1 mg,Novo Healthcare and Pharma Ltd.,"Unit Price: ৳ 3.00,(30's pack: ৳ 90.00),",(30's pack: ৳ 90.00)
14124,Vita-Gold,allopathic,vita-goldtablet,Tablet,Multivitamin & Multimineral [A-Z gold preparation],,Edruc Limited,"Unit Price: ৳ 6.00,(15's pack: ৳ 90.01),,Unit Price: ৳ 6.00,(30's pack: ৳ 180.00),","(15's pack: ৳ 90.01),(30's pack: ৳ 180.00)"
33160,Vita-D3,allopathic,vita-d3im-injection200000-iuml,IM Injection,Colecalciferol [Vitamin D3],200000 IU/ml,Renata Limited,1 ml ampoule: ৳ 120.00,
26647,Vita-D3,allopathic,vita-d3capsule40000-iu,Capsule,Colecalciferol [Vitamin D3],40000 IU,Renata Limited,"Unit Price: ৳ 35.00,(10's pack: ৳ 350.00),",(10's pack: ৳ 350.00)
26646,Vita-D3,allopathic,vita-d3capsule20000-iu,Capsule,Colecalciferol [Vitamin D3],20000 IU,Renata Limited,"Unit Price: ৳ 20.00,(10's pack: ৳ 200.00),",(10's pack: ৳ 200.00)
29009,Vita-D,allopathic,vita-dcapsule40000-iu,Capsule,Colecalciferol [Vitamin D3],40000 IU,Euro Pharma Ltd.,"Unit Price: ৳ 35.00,(10's pack: ৳ 350.00),",(10's pack: ৳ 350.00)
30116,Vital-D,allopathic,vital-dcapsule1000-iu,Capsule,Colecalciferol [Vitamin D3],1000 IU,UniMed UniHealth,"Unit Price: ৳ 6.00,(30's pack: ৳ 180.00),",(30's pack: ৳ 180.00)
30115,Vital-D,allopathic,vital-dpediatric-drops200-iuml,Pediatric Drops,Colecalciferol [Vitamin D3],200 IU/ml,UniMed UniHealth,15 ml bottle: ৳ 75.00,
19324,Vital-D,allopathic,vital-dcapsule800-iu,Capsule,Colecalciferol [Vitamin D3],800 IU,UniMed UniHealth,"Unit Price: ৳ 4.00,(30's pack: ৳ 120.00),",(30's pack: ৳ 120.00)
19323,Vital-D,allopathic,vital-dcapsule40000-iu,Capsule,Colecalciferol [Vitamin D3],40000 IU,UniMed UniHealth,"Unit Price: ৳ 35.00,(7's pack: ৳ 245.00),,Unit Price: ৳ 35.00,(10's pack: ৳ 350.00),","(7's pack: ৳ 245.00),(10's pack: ৳ 350.00)"
19322,Vital-D,allopathic,vital-dcapsule20000-iu,Capsule,Colecalciferol [Vitamin D3],20000 IU,UniMed UniHealth,"Unit Price: ৳ 20.00,(7's pack: ৳ 140.00),,Unit Price: ৳ 20.00,(10's pack: ৳ 200.00),","(7's pack: ৳ 140.00),(10's pack: ৳ 200.00)"
30114,Vital-C,allopathic,vital-cchewable-tablet250-mg,Chewable Tablet,Vitamin C [Ascorbic acid],250 mg,UniMed UniHealth,"Unit Price: ৳ 1.90,(100's pack: ৳ 190.00),",(100's pack: ৳ 190.00)
14039,Vital E+C,allopathic,vital-ectablet250-mg200-mg,Tablet,Vitamin C + Vitamin E,250 mg+200 mg,UniMed UniHealth,"Unit Price: ৳ 4.00,(28's pack: ৳ 112.00),",(28's pack: ৳ 112.00)
13576,Vitagrow,allopathic,vitagrowsyrup,Syrup,Multivitamin & Cod Liver Oil,,Incepta Pharmaceuticals Ltd.,100 ml bottle: ৳ 80.00,
14734,Vitaforce-S,allopathic,vitaforce-stablet,Tablet,Super antioxidant [vitamins & minerals],,Biopharma Laboratories Ltd.,"Unit Price: ৳ 4.02,(30's pack: ৳ 120.46),",(30's pack: ৳ 120.46)
14050,Vitaforce,allopathic,vitaforcetablet6-mg200-mg50-mg,Tablet,Betacarotene + Vitamin C + Vitamin E,6 mg+200 mg+50 mg,Biopharma Laboratories Ltd.,"Unit Price: ৳ 3.00,(20's pack: ৳ 60.00),",(20's pack: ৳ 60.00)
16217,Vitafol,allopathic,vitafolophthalmic-solution,Ophthalmic Solution,Sodium Succinate + Cytochrome C + Adenosine + Nicotinamide,,Popular Pharmaceuticals Ltd.,5 ml drop: ৳ 125.00,
14697,Vitaflower-Z,allopathic,vitaflower-zsyrup,Syrup,Vitamin B Complex + Zinc,,Organic Health Care Ltd.,100 ml bottle: ৳ 50.15,
29008,Vita-D,allopathic,vita-dtablet2000-iu,Tablet,Colecalciferol [Vitamin D3],2000 IU,Euro Pharma Ltd.,"Unit Price: ৳ 2.50,(30's pack: ৳ 75.00),",(30's pack: ৳ 75.00)
13941,Vita-C,allopathic,vita-cchewable-tablet250-mg,Chewable Tablet,Vitamin C [Ascorbic acid],250 mg,Central Pharmaceuticals Ltd.,"Unit Price: ৳ 1.30,(200's pack: ৳ 260.00),",(200's pack: ৳ 260.00)
13578,Vitcod,allopathic,vitcodsyrup,Syrup,Multivitamin & Cod Liver Oil,,Alco Pharma Ltd.,"100 ml bottle: ৳ 80.00,200 ml bottle: ৳ 140.42",
14699,Vitazin,allopathic,vitazinsyrup,Syrup,Vitamin B Complex + Zinc,,Aristopharma Ltd.,100 ml bottle: ৳ 50.00,
13859,Vitatab,allopathic,vitatabtablet,Tablet,Vitamin B complex,,Bristol Pharmaceuticals Ltd.,"Unit Price: ৳ 0.40,(200's pack: ৳ 80.00),",(200's pack: ৳ 80.00)
14238,Vitasil M,allopathic,vitasil-mtablet,Tablet,Multivitamin & Multimineral,,Silva Pharmaceuticals Ltd.,"Unit Price: ৳ 1.50,(30's pack: ৳ 45.14),",(30's pack: ৳ 45.14)
13858,Vitasil B,allopathic,vitasil-bsyrup,Syrup,Vitamin B complex,,Silva Pharmaceuticals Ltd.,"100 ml bottle: ৳ 19.98,200 ml bottle: ৳ 37.96",
13857,Vitasil B,allopathic,vitasil-btablet,Tablet,Vitamin B complex,,Silva Pharmaceuticals Ltd.,"Unit Price: ৳ 0.44,(45's pack: ৳ 19.78),",(45's pack: ৳ 19.78)
16208,Vitared,allopathic,vitaredeye-capsule,Eye Capsule,"Vitamin C, Vitamin E, Lutein, Copper & Zinc",,Navana Pharmaceuticals Ltd.,"Unit Price: ৳ 10.00,(60's pack: ৳ 600.00),",(60's pack: ৳ 600.00)
14235,Vitaplus,allopathic,vitaplustablet,Tablet,Multivitamin & Multimineral,,Pharmadesh Laboratories Ltd.,"Unit Price: ৳ 1.80,(30's pack: ৳ 54.00),",(30's pack: ৳ 54.00)
14066,Vitaplus,allopathic,vitaplustablet,Tablet,Multivitamin [Adult preparation],,Pharmadesh Laboratories Ltd.,"Unit Price: ৳ 1.80,(30's pack: ৳ 54.00),",(30's pack: ৳ 54.00)
14698,Vitaplex-Z,allopathic,vitaplex-zsyrup,Syrup,Vitamin B Complex + Zinc,,Pharmadesh Laboratories Ltd.,100 ml bottle: ৳ 40.00,
13855,Vitaplex,allopathic,vitaplexsyrup,Syrup,Vitamin B complex,,Pharmadesh Laboratories Ltd.,"100 ml bottle: ৳ 25.00,200 ml bottle: ৳ 42.00",
13854,Vitaplex,allopathic,vitaplextablet,Tablet,Vitamin B complex,,Pharmadesh Laboratories Ltd.,"Unit Price: ৳ 0.51,(45's pack: ৳ 22.94),",(45's pack: ৳ 22.94)
14127,Vitan Gold,allopathic,vitan-goldtablet,Tablet,Multivitamin & Multimineral [A-Z gold preparation],,Amico Laboratories Ltd.,"Unit Price: ৳ 6.00,(30's pack: ৳ 180.00),",(30's pack: ৳ 180.00)
14160,Vitan,allopathic,vitantablet,Tablet,Multivitamin & Multimineral [A-Z silver preparation],,Amico Laboratories Ltd.,"Unit Price: ৳ 4.50,(30's pack: ৳ 135.00),",(30's pack: ৳ 135.00)
13270,Vitamom,allopathic,vitamomcapsule,Capsule,Iron + Folic Acid + Vitamin B Complex + Vitamine C + Zinc Sulfate,,Monicopharma Ltd.,"Unit Price: ৳ 3.50,(50's pack: ৳ 175.00),",(50's pack: ৳ 175.00)
14126,Vitaminz,allopathic,vitaminztablet,Tablet,Multivitamin & Multimineral [A-Z gold preparation],,Jayson Pharmaceuticals Ltd.,"Unit Price: ৳ 6.04,(30's pack: ৳ 181.20),,Unit Price: ৳ 6.04,(100's pack: ৳ 604.00),","(30's pack: ৳ 181.20),(100's pack: ৳ 604.00)"
14128,Vitex Gold,allopathic,vitex-goldtablet,Tablet,Multivitamin & Multimineral [A-Z gold preparation],,Ambee Pharmaceuticals Ltd.,"Unit Price: ৳ 5.52,(15's pack: ৳ 82.76),,Unit Price: ৳ 5.52,(30's pack: ৳ 165.50),","(15's pack: ৳ 82.76),(30's pack: ৳ 165.50)"
13862,Vitex,allopathic,viteximiv-injection,IM/IV Injection,Vitamin B complex,,Ambee Pharmaceuticals Ltd.,"2 ml ampoule: ৳ 4.39,(10's pack: ৳ 43.87),",(10's pack: ৳ 43.87)
13861,Vitex,allopathic,vitexsyrup,Syrup,Vitamin B complex,,Ambee Pharmaceuticals Ltd.,"100 ml bottle: ৳ 20.91,200 ml bottle: ৳ 38.18",
13860,Vitex,allopathic,vitexcapsule,Capsule,Vitamin B complex,,Ambee Pharmaceuticals Ltd.,"Unit Price: ৳ 0.53,(200's pack: ৳ 106.24),",(200's pack: ৳ 106.24)
13427,Vitamin B12,allopathic,vitamin-b12im-injection1-mgml,IM Injection,Cyanocobalamin,1 mg/ml,Rephco Pharmaceuticals Ltd.,"1 ml ampoule: ৳ 6.00,(25's pack: ৳ 150.00),",(25's pack: ৳ 150.00)
14176,Vitalgin,allopathic,vitalginsyrup,Syrup,Multivitamin & Multimineral [A-Z syrup preparation],,Ibn Sina Pharmaceuticals Ltd.,200 ml bottle: ৳ 190.00,
14237,Vitalex-M,allopathic,vitalex-mtablet,Tablet,Multivitamin & Multimineral,,Supreme Pharmaceutical Ltd.,"Unit Price: ৳ 1.50,(30's pack: ৳ 45.00),",(30's pack: ৳ 45.00)
14125,Vitalex Gold,allopathic,vitalex-goldtablet,Tablet,Multivitamin & Multimineral [A-Z gold preparation],,Supreme Pharmaceutical Ltd.,"Unit Price: ৳ 6.00,(30's pack: ৳ 180.00),",(30's pack: ৳ 180.00)
13853,Vitalex,allopathic,vitalexsyrup,Syrup,Vitamin B complex,,Supreme Pharmaceutical Ltd.,"100 ml bottle: ৳ 20.75,200 ml bottle: ৳ 38.00",
16218,Vitalens,allopathic,vitalensophthalmic-solution,Ophthalmic Solution,Sodium Succinate + Cytochrome C + Adenosine + Nicotinamide,,General Pharmaceuticals Ltd.,5 ml drop: ৳ 120.37,
17941,Vitalasta,allopathic,vitalastacapsule4-mg,Capsule,Astaxanthin,4 mg,UniMed UniHealth,"Unit Price: ৳ 22.00,(30's pack: ৳ 660.00),",(30's pack: ৳ 660.00)
17940,Vitalasta,allopathic,vitalastacapsule2-mg,Capsule,Astaxanthin,2 mg,UniMed UniHealth,"Unit Price: ৳ 12.00,(30's pack: ৳ 360.00),",(30's pack: ৳ 360.00)
30118,Vital-D,allopathic,vital-doral-solution10000-iuml,Oral Solution,Colecalciferol [Vitamin D3],10000 IU/ml,UniMed UniHealth,20 ml bottle: ৳ 175.00,
30117,Vital-D,allopathic,vital-dcapsule2000-iu,Capsule,Colecalciferol [Vitamin D3],2000 IU,UniMed UniHealth,"Unit Price: ৳ 10.00,(30's pack: ৳ 300.00),",(30's pack: ৳ 300.00)
32786,Vivori,allopathic,vivoritablet200-mg,Tablet,Voriconazole,200 mg,Beximco Pharmaceuticals Ltd.,"Unit Price: ৳ 100.00,(10's pack: ৳ 1,000.00),","(10's pack: ৳ 1,000.00)"
32785,Vivori,allopathic,vivoritablet50-mg,Tablet,Voriconazole,50 mg,Beximco Pharmaceuticals Ltd.,"Unit Price: ৳ 40.00,(10's pack: ৳ 400.00),",(10's pack: ৳ 400.00)
16203,Vivis,allopathic,viviseye-capsule,Eye Capsule,"Vitamin C, Vitamin E, Lutein, Copper & Zinc",,Beximco Pharmaceuticals Ltd.,"Unit Price: ৳ 10.00,(30's pack: ৳ 300.00),",(30's pack: ৳ 300.00)
30051,Vivicit,allopathic,vivicittablet500-mg,Tablet,Citicoline Sodium,500 mg,Incepta Pharmaceuticals Ltd.,"Unit Price: ৳ 50.00,(8's pack: ৳ 400.00),",(8's pack: ৳ 400.00)
31417,Vivanta,allopathic,vivantatablet97-mg103-mg,Tablet,Sacubitril + Valsartan,97 mg+103 mg,Beximco Pharmaceuticals Ltd.,"Unit Price: ৳ 120.00,(10's pack: ৳ 1,200.00),","(10's pack: ৳ 1,200.00)"
31416,Vivanta,allopathic,vivantatablet49-mg51-mg,Tablet,Sacubitril + Valsartan,49 mg+51 mg,Beximco Pharmaceuticals Ltd.,"Unit Price: ৳ 80.00,(10's pack: ৳ 800.00),",(10's pack: ৳ 800.00)
31415,Vivanta,allopathic,vivantatablet24-mg26-mg,Tablet,Sacubitril + Valsartan,24 mg+26 mg,Beximco Pharmaceuticals Ltd.,"Unit Price: ৳ 45.00,(10's pack: ৳ 450.00),",(10's pack: ৳ 450.00)
13851,Vitsa,allopathic,vitsacapsule,Capsule,Vitamin B complex,,Marker Pharma Ltd.,"Unit Price: ৳ 0.49,(100's pack: ৳ 49.00),",(100's pack: ৳ 49.00)
14161,Vitrum Silver,allopathic,vitrum-silvertablet,Tablet,Multivitamin & Multimineral [A-Z silver preparation],,Eskayef Pharmaceuticals Ltd.,"Unit Price: ৳ 7.00,(15's pack: ৳ 105.00),,Unit Price: ৳ 7.00,(30's pack: ৳ 210.00),","(15's pack: ৳ 105.00),(30's pack: ৳ 210.00)"
14130,Vitrum Gold,allopathic,vitrum-goldtablet,Tablet,Multivitamin & Multimineral [A-Z gold preparation],,Eskayef Pharmaceuticals Ltd.,"Unit Price: ৳ 7.00,(15's pack: ৳ 105.00),,Unit Price: ৳ 7.00,(30's pack: ৳ 210.00),","(15's pack: ৳ 105.00),(30's pack: ৳ 210.00)"
29056,Vitrocin,allopathic,vitrocincapsule100-mg,Capsule,Doxycycline Hydrochloride,100 mg,Nipa Pharmaceuticals Ltd.,"Unit Price: ৳ 2.00,(100's pack: ৳ 200.00),",(100's pack: ৳ 200.00)
14051,Vitoxi-3,allopathic,vitoxi-3tablet6-mg200-mg50-mg,Tablet,Betacarotene + Vitamin C + Vitamin E,6 mg+200 mg+50 mg,Desh Pharmaceuticals Ltd.,"Unit Price: ৳ 2.50,(20's pack: ৳ 50.00),",(20's pack: ৳ 50.00)
14167,Vitora Mom,allopathic,vitora-momtablet,Tablet,Multivitamin & Multimineral [For nursing mother],,Novelta Bestway Pharma Ltd.,"Unit Price: ৳ 3.00,(60's pack: ৳ 180.00),",(60's pack: ৳ 180.00)
14129,Vitora Gold,allopathic,vitora-goldtablet,Tablet,Multivitamin & Multimineral [A-Z gold preparation],,Novelta Bestway Pharma Ltd.,"Unit Price: ৳ 6.00,(30's pack: ৳ 180.00),",(30's pack: ৳ 180.00)
14177,Vitora,allopathic,vitorasyrup,Syrup,Multivitamin & Multimineral [A-Z syrup preparation],,Novelta Bestway Pharma Ltd.,"100 ml bottle: ৳ 85.00,200 ml bottle: ৳ 150.00",
13384,Vitonic,allopathic,vitonicsyrup,Syrup,Iron Polymaltose Complex + Vitamin B Complex + Zinc,,Beximco Pharmaceuticals Ltd.,"50 ml bottle: ৳ 30.00,100 ml bottle: ৳ 50.00,200 ml bottle: ৳ 80.00",
13271,Vizicon,allopathic,viziconcapsule,Capsule,Iron + Folic Acid + Vitamin B Complex + Vitamine C + Zinc Sulfate,,Opsonin Pharma Ltd.,"Unit Price: ৳ 3.51,(60's pack: ৳ 210.60),",(60's pack: ৳ 210.60)
31590,Viton-Z,allopathic,viton-zsyrup,Syrup,Vitamin B Complex + Zinc,,Silco Pharmaceutical Ltd.,100 ml bottle: ৳ 45.00,
31589,Viton-Z,allopathic,viton-ztablet,Tablet,Vitamin B Complex + Zinc,,Silco Pharmaceutical Ltd.,"Unit Price: ৳ 2.00,(30's pack: ৳ 60.00),",(30's pack: ৳ 60.00)
31588,Viton-M,allopathic,viton-mtablet,Tablet,Multivitamin & Multimineral,,Silco Pharmaceutical Ltd.,"Unit Price: ৳ 1.80,(30's pack: ৳ 54.00),",(30's pack: ৳ 54.00)
31587,Viton-EC,allopathic,viton-ectablet250-mg200-mg,Tablet,Vitamin C + Vitamin E,250 mg+200 mg,Silco Pharmaceutical Ltd.,"Unit Price: ৳ 2.50,(20's pack: ৳ 50.00),",(20's pack: ৳ 50.00)
31586,Viton,allopathic,vitontablet,Tablet,Vitamin B complex,,Silco Pharmaceutical Ltd.,"Unit Price: ৳ 0.69,(45's pack: ৳ 31.20),",(45's pack: ৳ 31.20)
31585,Viton,allopathic,vitonsyrup,Syrup,Vitamin B complex,,Silco Pharmaceutical Ltd.,"100 ml bottle: ৳ 35.00,200 ml bottle: ৳ 62.00",
26809,Vitocal D,allopathic,vitocal-deffervescent-tablet600-mg400-iu,Effervescent Tablet,Calcium Carbonate [Elemental source] + Vitamin D3,600 mg+400 IU,Eskayef Pharmaceuticals Ltd.,"Unit Price: ৳ 15.00,(10's pack: ৳ 150.00),",(10's pack: ৳ 150.00)
30984,VITIX,allopathic,vitixtablet,Tablet,"vitamins [C, E, B9 and B12] and minerals [Selenium, Copper and Zinc]",,ACM laboratoire dermatologique,"Unit Price: ৳ 50.00,(30's pack: ৳ 1,500.00),","(30's pack: ৳ 1,500.00)"
13069,Vitilimus,allopathic,vitilimusointment003,Ointment,Tacrolimus (Topical),0.03%,UniMed UniHealth,30 gm tube: ৳ 450.00,
13068,Vitilimus,allopathic,vitilimusointment01,Ointment,Tacrolimus (Topical),0.10%,UniMed UniHealth,"30 gm tube: ৳ 1,000.00",
22173,Vitilen,allopathic,vitilencapsule10-mg,Capsule,Methoxsalen,10 mg,Ziska Pharmaceuticals Ltd.,"Unit Price: ৳ 10.00,(50's pack: ৳ 500.00),",(50's pack: ৳ 500.00)
16616,Vitilen,allopathic,vitilenlotion1,Lotion,Methoxsalen,1%,Ziska Pharmaceuticals Ltd.,30 ml pack: ৳ 398.00,
14239,Vitex-M,allopathic,vitex-mtablet,Tablet,Multivitamin & Multimineral,,Ambee Pharmaceuticals Ltd.,"Unit Price: ৳ 1.49,(30's pack: ৳ 44.83),",(30's pack: ৳ 44.83)
11098,Voltalin SR,allopathic,voltalin-srtablet-sustained-release75-mg,Tablet (Sustained Release),Diclofenac Sodium,75 mg,Novartis (Bangladesh) Ltd.,"Unit Price: ৳ 11.03,(50's pack: ৳ 551.51),",(50's pack: ৳ 551.51)
11097,Voltalin Forte,allopathic,voltalin-fortetablet50-mg,Tablet,Diclofenac Sodium,50 mg,Novartis (Bangladesh) Ltd.,"Unit Price: ৳ 8.50,(100's pack: ৳ 850.00),",(100's pack: ৳ 850.00)
11143,Voltalin D,allopathic,voltalin-ddispersible-tablet50-mg,Dispersible Tablet,Diclofenac Sodium,50 mg,Novartis (Bangladesh) Ltd.,"Unit Price: ৳ 8.02,(100's pack: ৳ 802.00),",(100's pack: ৳ 802.00)
11116,Voltalin,allopathic,voltalinsuppository25-mg,Suppository,Diclofenac Sodium,25 mg,Novartis (Bangladesh) Ltd.,"Unit Price: ৳ 35.00,(10's pack: ৳ 350.00),",(10's pack: ৳ 350.00)
11102,Voltalin,allopathic,voltalinsuppository50-mg,Suppository,Diclofenac Sodium,50 mg,Novartis (Bangladesh) Ltd.,"Unit Price: ৳ 58.50,(20's pack: ৳ 1,170.00),","(20's pack: ৳ 1,170.00)"
11101,Voltalin,allopathic,voltalinsuppository125-mg,Suppository,Diclofenac Sodium,12.5 mg,Novartis (Bangladesh) Ltd.,"Unit Price: ৳ 31.00,(10's pack: ৳ 310.00),",(10's pack: ৳ 310.00)
11096,Voltalin,allopathic,voltalintablet25-mg,Tablet,Diclofenac Sodium,25 mg,Novartis (Bangladesh) Ltd.,"Unit Price: ৳ 4.00,(100's pack: ৳ 400.00),",(100's pack: ৳ 400.00)
30947,Voltagel,allopathic,voltagelgel1-ww,Gel,Diclofenac Sodium,1% w/w,Eskayef Pharmaceuticals Ltd.,"10 gm tube: ৳ 20.00,50 gm tube: ৳ 100.00",
27972,Voltafen,allopathic,voltafengel1-ww,Gel,Diclofenac Sodium,1% w/w,Sharif Pharmaceuticals Ltd.,"25 gm tube: ৳ 55.18,50 gm tube: ৳ 97.29",
14131,Volta Gold,allopathic,volta-goldtablet,Tablet,Multivitamin & Multimineral [A-Z gold preparation],,Amulet Pharmaceuticals Ltd.,"Unit Price: ৳ 6.00,(15's pack: ৳ 90.00),,Unit Price: ৳ 6.00,(30's pack: ৳ 180.00),","(15's pack: ৳ 90.00),(30's pack: ৳ 180.00)"
11095,Volpro 50,allopathic,volpro-50tablet50-mg,Tablet,Diclofenac Sodium,50 mg,Mystic Pharmaceuticals Ltd.,"Unit Price: ৳ 0.80,(100's pack: ৳ 80.00),",(100's pack: ৳ 80.00)
12649,Volog,allopathic,vologcream01,Cream,Halcinonide,0.10%,Bristol Myers Squibb,15 gm tube: ৳ 66.10,
11094,Volmax SR,allopathic,volmax-srtablet-sustained-release100-mg,Tablet (Sustained Release),Diclofenac Sodium,100 mg,Eskayef Pharmaceuticals Ltd.,"Unit Price: ৳ 3.00,(60's pack: ৳ 180.00),",(60's pack: ৳ 180.00)
26289,VOLINAC,allopathic,volinacgel1-ww,Gel,Diclofenac Sodium + Methyl Salicylate + Linseed Oil + Menthol,1% w/w,Square Pharmaceuticals Ltd.,50 gm tube: ৳ 100.00,
11141,Voligel,allopathic,voligelgel1-ww,Gel,Diclofenac Sodium,1% w/w,Beximco Pharmaceuticals Ltd.,50 gm tube: ৳ 97.00,
31724,Volifen,allopathic,volifentopical-spray1-vv,Topical Spray,Diclofenac Sodium,1% v/v,Opsonin Pharma Ltd.,"60 ml bottle: ৳ 220.00,150 ml bottle: ৳ 480.00",
28738,Voltid,allopathic,voltidtablet50-mg,Tablet,Diclofenac Sodium,50 mg,Pharmasia Limited,"Unit Price: ৳ 0.60,(100's pack: ৳ 60.00),",(100's pack: ৳ 60.00)
11103,Voltarol,allopathic,voltarolim-injection75-mg3-ml,IM Injection,Diclofenac Sodium,75 mg/3 ml,Techno Drugs Ltd.,"3 ml ampoule: ৳ 9.33,(8's pack: ৳ 74.65),",(8's pack: ৳ 74.65)
26677,Voltaren,allopathic,voltarenim-injection75-mg3-ml,IM Injection,Diclofenac Sodium,75 mg/3 ml,Novartis (Bangladesh) Ltd.,"3 ml ampoule: ৳ 150.57,(5's pack: ৳ 752.84),",(5's pack: ৳ 752.84)
11099,Voltalin SR,allopathic,voltalin-srtablet-sustained-release100-mg,Tablet (Sustained Release),Diclofenac Sodium,100 mg,Novartis (Bangladesh) Ltd.,"Unit Price: ৳ 18.00,(50's pack: ৳ 900.00),",(50's pack: ৳ 900.00)
17117,Volibo,allopathic,volibotablet300-mcg,Tablet,Voglibose,300 mcg,Sun Pharmaceutical Ltd.,"Unit Price: ৳ 8.00,(30's pack: ৳ 240.00),",(30's pack: ৳ 240.00)
17116,Volibo,allopathic,volibotablet200-mcg,Tablet,Voglibose,200 mcg,Sun Pharmaceutical Ltd.,"Unit Price: ৳ 6.00,(50's pack: ৳ 300.00),",(50's pack: ৳ 300.00)
17400,Volfenac,allopathic,volfenactablet100-mg,Tablet,Aceclofenac,100 mg,S.N. Pharmaceutical Ltd.,"Unit Price: ৳ 3.00,(100's pack: ৳ 300.00),",(100's pack: ৳ 300.00)
11092,Volcan SR,allopathic,volcan-srtablet-sustained-release100-mg,Tablet (Sustained Release),Diclofenac Sodium,100 mg,Biopharma Laboratories Ltd.,"Unit Price: ৳ 3.01,(50's pack: ৳ 150.74),",(50's pack: ৳ 150.74)
11091,Volcan,allopathic,volcantablet50-mg,Tablet,Diclofenac Sodium,50 mg,Biopharma Laboratories Ltd.,"Unit Price: ৳ 0.80,(100's pack: ৳ 80.00),",(100's pack: ৳ 80.00)
12182,Vocet,allopathic,vocettablet5-mg,Tablet,Levocetirizine Dihydrochloride,5 mg,Apex Pharmaceuticals Ltd.,"Unit Price: ৳ 2.00,(50's pack: ৳ 100.00),",(50's pack: ৳ 100.00)
13711,VN,allopathic,vntablet100-mg200-mg200-mcg,Tablet,"Vitamin B1, B6 & B12",100 mg+200 mg+200 mcg,Reliance Pharmaceuticals Ltd.,"Unit Price: ৳ 4.00,(15's pack: ৳ 60.00),",(15's pack: ৳ 60.00)
14122,VM Gold,allopathic,vm-goldtablet,Tablet,Multivitamin & Multimineral [A-Z gold preparation],,Organic Health Care Ltd.,"Unit Price: ৳ 8.00,(30's pack: ৳ 240.00),,Unit Price: ৳ 8.00,(50's pack: ৳ 400.00),","(30's pack: ৳ 240.00),(50's pack: ৳ 400.00)"
14700,Vizinc,allopathic,vizincsyrup,Syrup,Vitamin B Complex + Zinc,,Popular Pharmaceuticals Ltd.,100 ml bottle: ৳ 45.17,
13397,Vizicon Gold,allopathic,vizicon-goldcapsule,Capsule,Iron Polymaltose Complex + Folic Acid + Zinc + Vitamin B-Complex,,Opsonin Pharma Ltd.,"Unit Price: ৳ 6.02,(60's pack: ৳ 361.20),",(60's pack: ৳ 361.20)
29909,Voriderm,allopathic,voridermtablet200-mg,Tablet,Voriconazole,200 mg,Incepta Pharmaceuticals Ltd.,"Unit Price: ৳ 110.00,(10's pack: ৳ 1,100.00),","(10's pack: ৳ 1,100.00)"
16904,Voricon,allopathic,voriconpowder-for-suspension200-mg5-ml,Powder for Suspension,Voriconazole,200 mg/5 ml,General Pharmaceuticals Ltd.,"40 ml bottle: ৳ 1,000.00",
16903,Voricon,allopathic,voricontablet200-mg,Tablet,Voriconazole,200 mg,General Pharmaceuticals Ltd.,"Unit Price: ৳ 120.00,(8's pack: ৳ 960.00),",(8's pack: ৳ 960.00)
16902,Voricon,allopathic,voricontablet50-mg,Tablet,Voriconazole,50 mg,General Pharmaceuticals Ltd.,"Unit Price: ৳ 50.00,(8's pack: ৳ 400.00),",(8's pack: ৳ 400.00)
29618,Vori,allopathic,voritablet50-mg,Tablet,Voriconazole,50 mg,Square Pharmaceuticals Ltd.,"Unit Price: ৳ 35.00,(10's pack: ৳ 350.00),",(10's pack: ৳ 350.00)
29032,Vori,allopathic,voritablet200-mg,Tablet,Voriconazole,200 mg,Square Pharmaceuticals Ltd.,"Unit Price: ৳ 100.00,(10's pack: ৳ 1,000.00),","(10's pack: ৳ 1,000.00)"
32070,Vonazol,allopathic,vonazoltablet50-mg,Tablet,Voriconazole,50 mg,Eskayef Pharmaceuticals Ltd.,"Unit Price: ৳ 40.00,(10's pack: ৳ 400.00),",(10's pack: ৳ 400.00)
32069,Vonazol,allopathic,vonazoltablet200-mg,Tablet,Voriconazole,200 mg,Eskayef Pharmaceuticals Ltd.,"Unit Price: ৳ 120.00,(6's pack: ৳ 720.00),",(6's pack: ৳ 720.00)
26316,Vomix DR,allopathic,vomix-drtablet-delayed-release10-mg10-mg,Tablet (Delayed Release),Pyridoxine Hydrochloride + Doxylamine Succinate,10 mg+10 mg,Beximco Pharmaceuticals Ltd.,"Unit Price: ৳ 5.00,(60's pack: ৳ 300.00),",(60's pack: ৳ 300.00)
26929,Vomitop,allopathic,vomitoporal-suspension5-mg5-ml,Oral Suspension,Domperidone Maleate,5 mg/5 ml,Navana Pharmaceuticals Ltd.,60 ml bottle: ৳ 35.00,
1659,Vomitop,allopathic,vomitoppediatric-drops5-mgml,Pediatric Drops,Domperidone Maleate,5 mg/ml,Navana Pharmaceuticals Ltd.,15 ml drop: ৳ 25.00,
1658,Vomitop,allopathic,vomitoptablet10-mg,Tablet,Domperidone Maleate,10 mg,Navana Pharmaceuticals Ltd.,"Unit Price: ৳ 2.50,(100's pack: ৳ 250.00),",(100's pack: ৳ 250.00)
23139,VomitOF,allopathic,vomitoforal-solution4-mg5-ml,Oral Solution,Ondansetron,4 mg/5 ml,Chemist Laboratories  Ltd.,50 ml bottle: ৳ 30.00,
4763,Vomiset,allopathic,vomisettablet8-mg,Tablet,Ondansetron,8 mg,Jenphar Bangladesh Ltd.,"Unit Price: ৳ 10.00,(30's pack: ৳ 300.00),",(30's pack: ৳ 300.00)
32168,Vomiren,allopathic,vomirentablet05-mg,Tablet,Palonosetron,0.5 mg,Renata Limited,"Unit Price: ৳ 20.00,(20's pack: ৳ 400.00),",(20's pack: ৳ 400.00)
31398,Vomiren,allopathic,vomireniv-injection0075-mg15-ml,IV Injection,Palonosetron,0.075 mg/1.5 ml,Renata Limited,"1.5 ml ampoule: ৳ 75.00,(5's pack: ৳ 375.00),",(5's pack: ৳ 375.00)
28968,Vorifast,allopathic,vorifastiv-injection200-mgvial,IV Injection,Voriconazole,200 mg/vial,Healthcare Pharmaceuticals Ltd.,"200 mg vial: ৳ 2,000.00",
26859,Vorifast,allopathic,vorifasttablet200-mg,Tablet,Voriconazole,200 mg,Healthcare Pharmaceuticals Ltd.,"Unit Price: ৳ 110.00,(10's pack: ৳ 1,100.00),","(10's pack: ৳ 1,100.00)"
29911,Voriderm,allopathic,voridermtablet50-mg,Tablet,Voriconazole,50 mg,Incepta Pharmaceuticals Ltd.,"Unit Price: ৳ 40.00,(10's pack: ৳ 400.00),",(10's pack: ৳ 400.00)
29910,Voriderm,allopathic,voridermpowder-for-suspension200-mg5-ml,Powder for Suspension,Voriconazole,200 mg/5 ml,Incepta Pharmaceuticals Ltd.,"40 ml bottle: ৳ 1,000.00",
31397,Vomiren,allopathic,vomireniv-injection025-mg5-ml,IV Injection,Palonosetron,0.25 mg/5 ml,Renata Limited,"5 ml ampoule: ৳ 100.00,(5's pack: ৳ 500.00),",(5's pack: ৳ 500.00)
29884,Vomiren,allopathic,vomirencapsule05-mg,Capsule,Palonosetron,0.5 mg,Renata Limited,"Unit Price: ৳ 20.00,(20's pack: ৳ 400.00),",(20's pack: ৳ 400.00)
1657,Vomino,allopathic,vominooral-suspension5-mg5-ml,Oral Suspension,Domperidone Maleate,5 mg/5 ml,Monicopharma Ltd.,60 ml bottle: ৳ 28.00,
1656,Vomino,allopathic,vominotablet10-mg,Tablet,Domperidone Maleate,10 mg,Monicopharma Ltd.,"Unit Price: ৳ 2.00,(100's pack: ৳ 200.00),",(100's pack: ৳ 200.00)
23183,Vomidyl,allopathic,vomidyltablet8-mg,Tablet,Ondansetron,8 mg,Jenphar Bangladesh Ltd.,"Unit Price: ৳ 10.00,(30's pack: ৳ 300.00),",(30's pack: ৳ 300.00)
29342,Vomend,allopathic,vomendcapsule40-mg,Capsule,Aprepitant,40 mg,Merck,"Unit Price: ৳ 50.00,(6's pack: ৳ 300.00),",(6's pack: ৳ 300.00)
31119,Volulyte,allopathic,volulyteiv-infusion609,IV Infusion,Hydroxyethyl Starch + Sodium Chloride,6%+0.9%,Fresenius Kabi,500 ml bottle: ৳ 675.00,
27948,Volton TR,allopathic,volton-trcapsule-timed-release100-mg,Capsule (Timed Release),Diclofenac Sodium,100 mg,The White Horse Pharma,"Unit Price: ৳ 3.00,(50's pack: ৳ 150.00),",(50's pack: ৳ 150.00)
28739,Voltid SR,allopathic,voltid-srcapsule-sustained-release100-mg,Capsule (Sustained Release),Diclofenac Sodium,100 mg,Pharmasia Limited,"Unit Price: ৳ 3.02,(50's pack: ৳ 151.00),",(50's pack: ৳ 151.00)
28740,Voltid,allopathic,voltidgel1-ww,Gel,Diclofenac Sodium,1% w/w,Pharmasia Limited,10 gm tube: ৳ 12.95,
28985,Washout Ezy,allopathic,washout-ezyhand-rub750125145,Hand Rub,Isopropyl Alcohol + Hydrogen Peroxide + Glycerol,75%+0.125%+1.45%,Kumudini Pharma Ltd.,"100 ml bottle: ৳ 100.00,200 ml bottle: ৳ 200.00,250 ml bottle: ৳ 240.00",
28984,Washout,allopathic,washouthand-rub0570,Hand Rub,Chlorhexidine Gluconate + Isopropyl alcohol,0.5%+70%,Kumudini Pharma Ltd.,"50 ml bottle: ৳ 40.00,100 ml bottle: ৳ 70.00,200 ml bottle: ৳ 110.00,250 ml bottle: ৳ 130.00",
25421,Warin,allopathic,warintablet2-mg,Tablet,Warfarin Sodium,2 mg,Incepta Pharmaceuticals Ltd.,"Unit Price: ৳ 2.00,(100's pack: ৳ 200.00),",(100's pack: ৳ 200.00)
3216,Warin,allopathic,warintablet5-mg,Tablet,Warfarin Sodium,5 mg,Incepta Pharmaceuticals Ltd.,"Unit Price: ৳ 3.00,(100's pack: ৳ 300.00),",(100's pack: ৳ 300.00)
30495,Wandara,allopathic,wandaraimiv-injection1-gmvial,IM/IV Injection,Ertapenem,1 gm/vial,Incepta Pharmaceuticals Ltd.,"1 gm vial: ৳ 3,200.00",
11106,Vurdon SR,allopathic,vurdon-srcapsule-sustained-release100-mg,Capsule (Sustained Release),Diclofenac Sodium,100 mg,NIPRO JMI Pharma Ltd.,"Unit Price: ৳ 3.01,(50's pack: ৳ 150.50),",(50's pack: ৳ 150.50)
13715,VT-3,allopathic,vt-3tablet100-mg200-mg200-mcg,Tablet,"Vitamin B1, B6 & B12",100 mg+200 mg+200 mcg,Decent Pharma Laboratories Ltd.,"Unit Price: ৳ 1.88,(32's pack: ৳ 60.00),",(32's pack: ৳ 60.00)
30656,Vroot,allopathic,vroottablet6-mg200-mg50-mg,Tablet,Betacarotene + Vitamin C + Vitamin E,6 mg+200 mg+50 mg,Kemiko Pharmaceuticals Ltd.,"Unit Price: ৳ 2.51,(20's pack: ৳ 50.20),",(20's pack: ৳ 50.20)
26676,Votrient,allopathic,votrienttablet200-mg,Tablet,Pazopanib Hydrochloride,200 mg,Novartis (Bangladesh) Ltd.,"Unit Price: ৳ 628.06,(30's pack: ৳ 18,841.77),","(30's pack: ৳ 18,841.77)"
15145,Votrient,allopathic,votrienttablet200-mg,Tablet,Pazopanib Hydrochloride,200 mg,GlaxoSmithKline,"Unit Price: ৳ 625.67,(30's pack: ৳ 18,770.00),","(30's pack: ৳ 18,770.00)"
26632,Vorizol,allopathic,vorizolpowder-for-suspension200-mg5-ml,Powder for Suspension,Voriconazole,200 mg/5 ml,Drug International Ltd.,"40 ml bottle: ৳ 1,000.00",
26631,Vorizol,allopathic,vorizoltablet200-mg,Tablet,Voriconazole,200 mg,Drug International Ltd.,"Unit Price: ৳ 120.00,(7's pack: ৳ 840.00),",(7's pack: ৳ 840.00)
26630,Vorizol,allopathic,vorizoltablet50-mg,Tablet,Voriconazole,50 mg,Drug International Ltd.,"Unit Price: ৳ 40.00,(10's pack: ৳ 400.00),",(10's pack: ৳ 400.00)
31159,Voritec,allopathic,voritectablet200-mg,Tablet,Voriconazole,200 mg,Ziska Pharmaceuticals Ltd.,"Unit Price: ৳ 120.00,(10's pack: ৳ 1,200.00),","(10's pack: ৳ 1,200.00)"
31158,Voritec,allopathic,voritectablet50-mg,Tablet,Voriconazole,50 mg,Ziska Pharmaceuticals Ltd.,"Unit Price: ৳ 50.00,(10's pack: ৳ 500.00),",(10's pack: ৳ 500.00)
29835,Vorinox,allopathic,vorinoxpowder-for-suspension200-mg5-ml,Powder for Suspension,Voriconazole,200 mg/5 ml,Opsonin Pharma Ltd.,"40 ml bottle: ৳ 1,000.00",
30113,Waxsol,allopathic,waxsolear-drop05,Ear Drop,Docusate Sodium (Ear drop),0.50%,UniMed UniHealth,10 ml drop: ৳ 150.00,
33021,Water for injection,allopathic,water-for-injectionliquid10-mlampoule,Liquid,Water for injection,10 ml/ampoule,Aristopharma Ltd.,10 ml ampoule: ৳ 4.90,
33020,Water for injection,allopathic,water-for-injectionliquid5-mlampoule,Liquid,Water for injection,5 ml/ampoule,Aristopharma Ltd.,5 ml ampoule: ৳ 3.32,
27749,Water for injection,allopathic,water-for-injectionliquid10-mlampoule,Liquid,Water for injection,10 ml/ampoule,Opso Saline Ltd.,10 ml ampoule: ৳ 2.51,
27430,Water for injection,allopathic,water-for-injectionliquid10-mlampoule,Liquid,Water for injection,10 ml/ampoule,Jayson Pharmaceuticals Ltd.,"10 ml ampoule: ৳ 8.02,(100's pack: ৳ 802.00),",(100's pack: ৳ 802.00)
27429,Water for injection,allopathic,water-for-injectionliquid5-mlampoule,Liquid,Water for injection,5 ml/ampoule,Jayson Pharmaceuticals Ltd.,"5 ml ampoule: ৳ 5.01,(100's pack: ৳ 501.00),",(100's pack: ৳ 501.00)
27493,Water for Inj.,allopathic,water-for-injliquid5-mlampoule,Liquid,Water for injection,5 ml/ampoule,Edruc Limited,"5 ml ampoule: ৳ 12.00,(5's pack: ৳ 60.00),",(5's pack: ৳ 60.00)
28986,Washout Gel,allopathic,washout-gelhand-rub6635,Hand Rub,Ethanol + Isopropyl alcohol,66%+3.5%,Kumudini Pharma Ltd.,"50 ml bottle: ৳ 100.00,100 ml bottle: ৳ 170.00,200 ml bottle: ৳ 220.00,250 ml bottle: ৳ 250.00",
29834,Vorinox,allopathic,vorinoxtablet200-mg,Tablet,Voriconazole,200 mg,Opsonin Pharma Ltd.,"Unit Price: ৳ 110.00,(7's pack: ৳ 770.00),",(7's pack: ৳ 770.00)
29833,Vorinox,allopathic,vorinoxtablet50-mg,Tablet,Voriconazole,50 mg,Opsonin Pharma Ltd.,"Unit Price: ৳ 50.00,(10's pack: ৳ 500.00),",(10's pack: ৳ 500.00)
32789,Vorifend,allopathic,vorifendpowder-for-suspension200-mg5-ml,Powder for Suspension,Voriconazole,200 mg/5 ml,UniMed UniHealth,"40 ml bottle: ৳ 1,000.00",
30119,Vorifend,allopathic,vorifendtablet200-mg,Tablet,Voriconazole,200 mg,UniMed UniHealth,"Unit Price: ৳ 120.00,(10's pack: ৳ 1,200.00),","(10's pack: ৳ 1,200.00)"
32741,Vorifast,allopathic,vorifasttablet50-mg,Tablet,Voriconazole,50 mg,Healthcare Pharmaceuticals Ltd.,"Unit Price: ৳ 50.00,(10's pack: ৳ 500.00),",(10's pack: ৳ 500.00)
29381,Vorifast,allopathic,vorifastpowder-for-suspension200-mg5-ml,Powder for Suspension,Voriconazole,200 mg/5 ml,Healthcare Pharmaceuticals Ltd.,"40 ml bottle: ৳ 1,000.00",
3537,Windel,allopathic,windelsyrup2-mg5-ml,Syrup,Salbutamol,2 mg/5 ml,Incepta Pharmaceuticals Ltd.,100 ml bottle: ৳ 22.90,
3536,Windel,allopathic,windeltablet4-mg,Tablet,Salbutamol,4 mg,Incepta Pharmaceuticals Ltd.,"Unit Price: ৳ 0.34,(200's pack: ৳ 68.00),",(200's pack: ৳ 68.00)
3535,Windel,allopathic,windeltablet2-mg,Tablet,Salbutamol,2 mg,Incepta Pharmaceuticals Ltd.,"Unit Price: ৳ 0.26,(200's pack: ৳ 52.00),",(200's pack: ৳ 52.00)
27944,Wincef,allopathic,wincefcapsule500-mg,Capsule,Cephradine,500 mg,The White Horse Pharma,"Unit Price: ৳ 12.50,(24's pack: ৳ 300.00),",(24's pack: ৳ 300.00)
7088,Wincef,allopathic,wincefpowder-for-suspension125-mg5-ml,Powder for Suspension,Cephradine,125 mg/5 ml,The White Horse Pharma,100 ml bottle: ৳ 80.30,
9354,Winbac,allopathic,winbactablet500-mg,Tablet,Ciprofloxacin,500 mg,Radiant Pharmaceuticals Ltd.,"Unit Price: ৳ 16.05,(20's pack: ৳ 321.00),,Unit Price: ৳ 16.05,(28's pack: ৳ 449.40),","(20's pack: ৳ 321.00),(28's pack: ৳ 449.40)"
29232,Wigan,allopathic,wiganophthalmic-solution0205,Ophthalmic Solution,Brimonidine Tartrate + Timolol Maleate,0.2%+0.5%,Healthcare Pharmaceuticals Ltd.,5 ml drop: ৳ 120.00,
8982,Widebac,allopathic,widebaciv-infusion50-mgvial,IV Infusion,Tigecycline,50 mg/vial,Incepta Pharmaceuticals Ltd.,50 mg vial: ৳ 600.00,
30640,Whitfield,allopathic,whitfieldointment63,Ointment,Benzoic Acid + Salicylic Acid,6%+3%,Asiatic Laboratories Ltd.,30 gm tube: ৳ 13.00,
12463,Whitfield,allopathic,whitfieldointment63,Ointment,Benzoic Acid + Salicylic Acid,6%+3%,Unique Pharmaceuticals Ltd.,5 gm pack: ৳ 8.00,
12462,Whitfield,allopathic,whitfieldointment63,Ointment,Benzoic Acid + Salicylic Acid,6%+3%,Seema Pharmaceuticals Ltd.,25 gm pot: ৳ 8.60,
12459,Whitfield,allopathic,whitfieldointment63,Ointment,Benzoic Acid + Salicylic Acid,6%+3%,Millat Pharmaceuticals Ltd.,10 gm pack: ৳ 8.50,
12839,Welon,allopathic,welonsolution053,Solution,Chlorhexidine Gluconate + Cetrimide,0.5%+3%,Eskayef Pharmaceuticals Ltd.,"500 ml bottle: ৳ 85.00,1 liter pack: ৳ 145.00",
31157,Wellmet,allopathic,wellmettablet500-mg,Tablet,Metformin Hydrochloride,500 mg,One Pharma Ltd.,"Unit Price: ৳ 4.00,(30's pack: ৳ 120.00),",(30's pack: ৳ 120.00)
31156,Wellmet,allopathic,wellmettablet850-mg,Tablet,Metformin Hydrochloride,850 mg,One Pharma Ltd.,"Unit Price: ৳ 6.00,(30's pack: ৳ 180.00),",(30's pack: ৳ 180.00)
28830,Wellkid,allopathic,wellkidsyrup,Syrup,Multivitamin & Cod Liver Oil,,Everest Pharmaceuticals Ltd.,100 ml bottle: ৳ 90.00,
27946,Winfax,allopathic,winfaxtablet500-mg,Tablet,Cefuroxime Axetil,500 mg,The White Horse Pharma,"Unit Price: ৳ 45.00,(6's pack: ৳ 270.00),",(6's pack: ৳ 270.00)
27945,Winfax,allopathic,winfaxtablet250-mg,Tablet,Cefuroxime Axetil,250 mg,The White Horse Pharma,"Unit Price: ৳ 25.00,(12's pack: ৳ 300.00),",(12's pack: ৳ 300.00)
28002,Windo,allopathic,windotablet400-mg,Tablet,Doxophylline,400 mg,One Pharma Ltd.,"Unit Price: ৳ 10.00,(30's pack: ৳ 300.00),",(30's pack: ৳ 300.00)
28001,Windo,allopathic,windotablet200-mg,Tablet,Doxophylline,200 mg,One Pharma Ltd.,"Unit Price: ৳ 6.00,(50's pack: ৳ 300.00),",(50's pack: ৳ 300.00)
21074,Windel Plus,allopathic,windel-plusnebuliser-solution25-mg500-mcg3-ml,Nebuliser Solution,Salbutamol + Ipratropium (Solution for inhalation),(2.5 mg+500 mcg)/3 ml,Incepta Pharmaceuticals Ltd.,"3 ml ampoule: ৳ 20.00,(15's pack: ৳ 300.00),",(15's pack: ৳ 300.00)
27647,Windel DS,allopathic,windel-dsnebuliser-solution5-mg25-ml,Nebuliser Solution,Salbutamol,5 mg/2.5 ml,Incepta Pharmaceuticals Ltd.,"2.5 ml pack: ৳ 20.00,(10's pack: ৳ 200.00),",(10's pack: ৳ 200.00)
27648,Windel,allopathic,windelnebuliser-solution25-mg3-ml,Nebuliser Solution,Salbutamol,2.5 mg/3 ml,Incepta Pharmaceuticals Ltd.,"3 ml pack: ৳ 14.00,(10's pack: ৳ 140.00),",(10's pack: ৳ 140.00)
27646,Windel,allopathic,windelrespirator-solution5-mgml,Respirator Solution,Salbutamol,5 mg/ml,Incepta Pharmaceuticals Ltd.,20 ml pack: ৳ 120.00,
26250,Windel,allopathic,windelinjection05-mgml,Injection,Salbutamol,0.5 mg/ml,Incepta Pharmaceuticals Ltd.,"1 ml ampoule: ৳ 50.00,(5's pack: ৳ 250.00),",(5's pack: ৳ 250.00)
21620,Windel,allopathic,windelinjection5-mg5-ml,Injection,Salbutamol,5 mg/5 ml,Incepta Pharmaceuticals Ltd.,"5 ml ampoule: ৳ 120.00,(5's pack: ৳ 600.00),",(5's pack: ৳ 600.00)
3538,Windel,allopathic,windelinhalation-capsule200-mcg,Inhalation Capsule,Salbutamol,200 mcg,Incepta Pharmaceuticals Ltd.,"Unit Price: ৳ 2.50,(30's pack: ৳ 75.00),",(30's pack: ৳ 75.00)
29133,Welgut,allopathic,welgutcapsule20-billion,Capsule,Probiotic Combination [20 Billion],20 billion,Incepta Pharmaceuticals Ltd.,"Unit Price: ৳ 30.00,(20's pack: ৳ 600.00),",(20's pack: ৳ 600.00)
27291,Wedica,allopathic,wedicatablet50-mg,Tablet,Trelagliptin Succinate,50 mg,Beacon Pharmaceuticals Ltd.,"Unit Price: ৳ 265.20,(20's pack: ৳ 5,304.00),","(20's pack: ৳ 5,304.00)"
27290,Wedica,allopathic,wedicatablet100-mg,Tablet,Trelagliptin Succinate,100 mg,Beacon Pharmaceuticals Ltd.,"Unit Price: ৳ 526.50,(16's pack: ৳ 8,424.00),","(16's pack: ৳ 8,424.00)"
11234,X Dol,allopathic,x-doltablet120-mg,Tablet,Etoricoxib,120 mg,Concord Pharmaceuticals Ltd.,"Unit Price: ৳ 14.04,(20's pack: ৳ 280.80),",(20's pack: ৳ 280.80)
11233,X Dol,allopathic,x-doltablet90-mg,Tablet,Etoricoxib,90 mg,Concord Pharmaceuticals Ltd.,"Unit Price: ৳ 12.04,(30's pack: ৳ 361.20),",(30's pack: ৳ 361.20)
11232,X Dol,allopathic,x-doltablet60-mg,Tablet,Etoricoxib,60 mg,Concord Pharmaceuticals Ltd.,"Unit Price: ৳ 7.02,(30's pack: ৳ 210.60),",(30's pack: ৳ 210.60)
10354,Wormex,allopathic,wormexoral-suspension50-mgml,Oral Suspension,Pyrantel Pamoate,50 mg/ml,Hallmark Pharmaceuticals Ltd.,10 ml bottle: ৳ 11.07,
343,Wormex,allopathic,wormexchewable-tablet400-mg,Chewable Tablet,Albendazole,400 mg,Syntho Laboratories Ltd.,"Unit Price: ৳ 3.50,(26's pack: ৳ 91.00),",(26's pack: ৳ 91.00)
342,Wormex,allopathic,wormexoral-suspension200-mg5-ml,Oral Suspension,Albendazole,200 mg/5 ml,Syntho Laboratories Ltd.,10 ml bottle: ৳ 14.00,
26050,Wonica,allopathic,wonicacream139,Cream,Eflornithine Hydrochloride,13.90%,Incepta Pharmaceuticals Ltd.,"30 gm tube: ৳ 1,500.00",
1784,Wintack,allopathic,wintacktablet150-mg,Tablet,Ranitidine Hydrochloride,150 mg,The White Horse Pharma,"Unit Price: ৳ 2.00,(100's pack: ৳ 200.00),",(100's pack: ৳ 200.00)
1339,Winspa,allopathic,winspasyrup10-mg5-ml,Syrup,Dicycloverine Hydrochloride,10 mg/5 ml,Apex Pharmaceuticals Ltd.,50 ml bottle: ৳ 30.00,
1338,Winspa,allopathic,winspatablet10-mg,Tablet,Dicycloverine Hydrochloride,10 mg,Apex Pharmaceuticals Ltd.,"Unit Price: ৳ 2.00,(50's pack: ৳ 100.00),",(50's pack: ৳ 100.00)
27148,Winsol,allopathic,winsolhand-rub0570,Hand Rub,Chlorhexidine Gluconate + Isopropyl alcohol,0.5%+70%,Jayson Pharmaceuticals Ltd.,"50 ml bottle: ৳ 40.00,100 ml bottle: ৳ 75.23,250 ml bottle: ৳ 140.42",
26251,Winpain,allopathic,winpaincapsule50-mg,Capsule,Tramadol Hydrochloride,50 mg,Incepta Pharmaceuticals Ltd.,"Unit Price: ৳ 7.50,(40's pack: ৳ 300.00),",(40's pack: ৳ 300.00)
10735,Winpain,allopathic,winpainimiv-injection100-mg2-ml,IM/IV Injection,Tramadol Hydrochloride,100 mg/2 ml,Incepta Pharmaceuticals Ltd.,"2 ml ampoule: ৳ 20.00,(5's pack: ৳ 100.00),",(5's pack: ৳ 100.00)
26534,Winop,allopathic,winopimiv-injection60-mg2-ml,IM/IV Injection,Ketorolac Tromethamine,60 mg/2 ml,ACME Laboratories Ltd.,2 ml ampoule: ৳ 95.65,
15406,Winop,allopathic,winopimiv-injection30-mgml,IM/IV Injection,Ketorolac Tromethamine,30 mg/ml,ACME Laboratories Ltd.,2 ml ampoule: ৳ 55.37,
15405,Winop,allopathic,winoptablet10-mg,Tablet,Ketorolac Tromethamine,10 mg,ACME Laboratories Ltd.,"Unit Price: ৳ 10.07,(20's pack: ৳ 201.40),",(20's pack: ৳ 201.40)
4074,X-Cold,allopathic,x-coldsyrup15-mg5-ml,Syrup,Ambroxol Hydrochloride,15 mg/5 ml,ACME Laboratories Ltd.,100 ml bottle: ৳ 40.12,
27897,X-Cite,allopathic,x-citetablet100-mg,Tablet,Sildenafil Citrate,100 mg,Alco Pharma Ltd.,"Unit Price: ৳ 50.15,(4's pack: ৳ 200.60),",(4's pack: ৳ 200.60)
27896,X-Cite,allopathic,x-citetablet50-mg,Tablet,Sildenafil Citrate,50 mg,Alco Pharma Ltd.,"Unit Price: ৳ 30.09,(4's pack: ৳ 120.36),",(4's pack: ৳ 120.36)
30762,Winnipime,allopathic,winnipimeimiv-injection500-mgvial,IM/IV Injection,Cefepime Hydrochloride,500 mg/vial,Synovia pharma plc,500 mg vial: ৳ 300.00,
8189,Winnipime,allopathic,winnipimeiv-injection2-gmvial,IV Injection,Cefepime Hydrochloride,2 gm/vial,Synovia pharma plc,"2 gm vial: ৳ 1,103.31",
8188,Winnipime,allopathic,winnipimeimiv-injection1-gmvial,IM/IV Injection,Cefepime Hydrochloride,1 gm/vial,Synovia pharma plc,1 gm vial: ৳ 551.65,
8145,Winner,allopathic,winneriv-injection2-gmvial,IV Injection,Ceftriaxone Sodium,2 gm/vial,Biopharma Laboratories Ltd.,2 gm vial: ৳ 300.00,
8144,Winner,allopathic,winneriv-injection1-gmvial,IV Injection,Ceftriaxone Sodium,1 gm/vial,Biopharma Laboratories Ltd.,1 gm vial: ৳ 180.68,
8143,Winner,allopathic,winneriv-injection500-mgvial,IV Injection,Ceftriaxone Sodium,500 mg/vial,Biopharma Laboratories Ltd.,500 mg vial: ৳ 120.45,
8141,Winner,allopathic,winnerim-injection1-gmvial,IM Injection,Ceftriaxone Sodium,1 gm/vial,Biopharma Laboratories Ltd.,1 gm vial: ৳ 180.68,
8140,Winner,allopathic,winnerim-injection500-mgvial,IM Injection,Ceftriaxone Sodium,500 mg/vial,Biopharma Laboratories Ltd.,500 mg vial: ৳ 120.45,
11851,Winkol,allopathic,winkolsyrup2-mg5-ml,Syrup,Chlorpheniramine Maleate,2 mg/5 ml,Globe Pharmaceuticals Ltd.,100 ml bottle: ৳ 21.78,
25507,WinkOF,allopathic,winkofsyrup15-mg5-ml,Syrup,Ambroxol Hydrochloride,15 mg/5 ml,Chemist Laboratories  Ltd.,100 ml bottle: ৳ 40.00,
27947,Winfax,allopathic,winfaxpowder-for-suspension125-mg5-ml,Powder for Suspension,Cefuroxime Axetil,125 mg/5 ml,The White Horse Pharma,70 ml bottle: ৳ 198.00,
212,Xanax,allopathic,xanaxtablet05-mg,Tablet,Alprazolam,0.5 mg,Navana Pharmaceuticals Ltd.,"Unit Price: ৳ 2.51,(50's pack: ৳ 125.40),",(50's pack: ৳ 125.40)
211,Xanax,allopathic,xanaxtablet025-mg,Tablet,Alprazolam,0.25 mg,Navana Pharmaceuticals Ltd.,"Unit Price: ৳ 1.00,(100's pack: ৳ 100.00),",(100's pack: ৳ 100.00)
3332,Xamic,allopathic,xamicimiv-injection500-mg5-ml,IM/IV Injection,Tranexamic Acid,500 mg/5 ml,Renata Limited,"5 ml ampoule: ৳ 50.00,(5's pack: ৳ 250.00),",(5's pack: ৳ 250.00)
3331,Xamic,allopathic,xamiccapsule500-mg,Capsule,Tranexamic Acid,500 mg,Renata Limited,"Unit Price: ৳ 20.00,(20's pack: ৳ 400.00),",(20's pack: ৳ 400.00)
15132,Xaloplat,allopathic,xaloplativ-infusion5-mgml,IV Infusion,Oxaliplatin,5 mg/ml,Beacon Pharmaceuticals Ltd.,"50 mg vial: ৳ 3,000.00,100 mg vial: ৳ 5,500.00",
32266,Xalcort,allopathic,xalcorttablet30-mg,Tablet,Deflazacort,30 mg,Beacon Pharmaceuticals Ltd.,"Unit Price: ৳ 32.00,(10's pack: ৳ 320.00),",(10's pack: ৳ 320.00)
19695,Xalcort,allopathic,xalcorttablet24-mg,Tablet,Deflazacort,24 mg,Beacon Pharmaceuticals Ltd.,"Unit Price: ৳ 30.00,(30's pack: ৳ 900.00),",(30's pack: ৳ 900.00)
19694,Xalcort,allopathic,xalcortoral-suspension6-mg5-ml,Oral Suspension,Deflazacort,6 mg/5 ml,Beacon Pharmaceuticals Ltd.,60 ml bottle: ৳ 200.00,
16422,Xalcort,allopathic,xalcorttablet6-mg,Tablet,Deflazacort,6 mg,Beacon Pharmaceuticals Ltd.,"Unit Price: ৳ 8.02,(30's pack: ৳ 240.60),",(30's pack: ৳ 240.60)
16073,Xalatan,allopathic,xalatanophthalmic-solution0005,Ophthalmic Solution,Latanoprost,0.01%,Pfizer,2.5 ml drop: ৳ 703.75,
16072,Xalaprost,allopathic,xalaprostophthalmic-solution0005,Ophthalmic Solution,Latanoprost,0.01%,Beximco Pharmaceuticals Ltd.,2.5 ml drop: ৳ 460.00,
16122,Xalanol,allopathic,xalanolophthalmic-solution000505,Ophthalmic Solution,Latanoprost + Timolol,0.005%+0.5%,Beximco Pharmaceuticals Ltd.,2.5 ml drop: ৳ 495.00,
16121,Xalacom,allopathic,xalacomophthalmic-solution000505,Ophthalmic Solution,Latanoprost + Timolol,0.005%+0.5%,Pfizer,2.5 ml drop: ৳ 781.94,
23835,Xablin,allopathic,xablincapsule50-mg,Capsule,Pregabalin,50 mg,SANDOZ (A Novartis Division),"Unit Price: ৳ 15.00,(30's pack: ৳ 450.00),",(30's pack: ৳ 450.00)
5047,Xablin,allopathic,xablincapsule75-mg,Capsule,Pregabalin,75 mg,SANDOZ (A Novartis Division),"Unit Price: ৳ 17.15,(30's pack: ৳ 514.50),",(30's pack: ৳ 514.50)
91,Xa Fast,allopathic,xa-fasttablet100-mg,Tablet,Aceclofenac,100 mg,Desh Pharmaceuticals Ltd.,"Unit Price: ৳ 2.50,(80's pack: ৳ 200.00),",(80's pack: ৳ 200.00)
31414,Xanra,allopathic,xanracapsule-delayed-release60-mg,Capsule (Delayed Release),Dexlansoprazole,60 mg,Opso Saline Ltd.,"Unit Price: ৳ 16.00,(24's pack: ৳ 384.00),",(24's pack: ৳ 384.00)
31413,Xanra,allopathic,xanracapsule-delayed-release30-mg,Capsule (Delayed Release),Dexlansoprazole,30 mg,Opso Saline Ltd.,"Unit Price: ৳ 9.00,(30's pack: ৳ 270.00),",(30's pack: ৳ 270.00)
2341,Xanita,allopathic,xanitapowder-for-suspension100-mg5-ml,Powder for Suspension,Nitazoxanide,100 mg/5 ml,Renata Limited,"30 ml bottle: ৳ 40.00,60 ml bottle: ৳ 58.00",
2340,Xanita,allopathic,xanitatablet500-mg,Tablet,Nitazoxanide,500 mg,Renata Limited,"Unit Price: ৳ 10.04,(18's pack: ৳ 180.72),",(18's pack: ৳ 180.72)
2339,Xanide,allopathic,xanidepowder-for-suspension100-mg5-ml,Powder for Suspension,Nitazoxanide,100 mg/5 ml,Globe Pharmaceuticals Ltd.,"30 ml bottle: ৳ 35.00,60 ml bottle: ৳ 50.00",
2338,Xanide,allopathic,xanidetablet500-mg,Tablet,Nitazoxanide,500 mg,Globe Pharmaceuticals Ltd.,"Unit Price: ৳ 10.00,(12's pack: ৳ 120.00),",(12's pack: ৳ 120.00)
11763,Xanbac,allopathic,xanbactablet10-mg,Tablet,Baclofen,10 mg,MST Pharma,"Unit Price: ৳ 8.00,(30's pack: ৳ 240.00),",(30's pack: ৳ 240.00)
27837,X-Pectoran,allopathic,x-pectorantablet8-mg,Tablet,Bromhexine Hydrochloride,8 mg,Rangs Pharmaceuticals Ltd.,"Unit Price: ৳ 2.01,(50's pack: ৳ 100.50),",(50's pack: ৳ 100.50)
4115,X-Pectoran,allopathic,x-pectoransyrup4-mg5-ml,Syrup,Bromhexine Hydrochloride,4 mg/5 ml,Rangs Pharmaceuticals Ltd.,100 ml bottle: ৳ 40.13,
31044,X-Jelly,allopathic,x-jellytopical-gel1-gm-13-gm50-gm,Topical Gel,Hydroxyethyl Cellulose + Glycerin,(1 gm + 1.3 gm)/50 gm,Eskayef Pharmaceuticals Ltd.,50 gm tube: ৳ 175.00,
27484,X-Din,allopathic,x-dinoral-suspension30-mg5-ml,Oral Suspension,Fexofenadine Hydrochloride,30 mg/5 ml,Benham Pharmaceuticals Ltd.,100 ml bottle: ৳ 48.00,
20336,X-Din,allopathic,x-dintablet180-mg,Tablet,Fexofenadine Hydrochloride,180 mg,Benham Pharmaceuticals Ltd.,"Unit Price: ৳ 9.00,(30's pack: ৳ 270.00),",(30's pack: ৳ 270.00)
20335,X-Din,allopathic,x-dintablet120-mg,Tablet,Fexofenadine Hydrochloride,120 mg,Benham Pharmaceuticals Ltd.,"Unit Price: ৳ 7.00,(30's pack: ৳ 210.00),",(30's pack: ৳ 210.00)
4075,X-Cold,allopathic,x-coldpediatric-drops6-mgml,Pediatric Drops,Ambroxol Hydrochloride,6 mg/ml,ACME Laboratories Ltd.,15 ml bottle: ৳ 30.10,
10781,Xcel Max,allopathic,xcel-maxtablet325-mg375-mg,Tablet,Paracetamol + Tramadol Hydrochloride,325 mg+37.5 mg,ACI Limited,"Unit Price: ৳ 8.02,(30's pack: ৳ 240.60),",(30's pack: ৳ 240.60)
10541,Xcel ER,allopathic,xcel-ertablet-extended-release665-mg,Tablet (Extended Release),Paracetamol,665 mg,ACI Limited,"Unit Price: ৳ 1.50,(120's pack: ৳ 180.00),",(120's pack: ৳ 180.00)
23382,Xcel,allopathic,xcelsuppository500-mg,Suppository,Paracetamol,500 mg,ACI Limited,"Unit Price: ৳ 8.00,(20's pack: ৳ 160.00),",(20's pack: ৳ 160.00)
23380,Xcel,allopathic,xcelsuppository125-mg,Suppository,Paracetamol,125 mg,ACI Limited,"Unit Price: ৳ 4.00,(20's pack: ৳ 80.00),",(20's pack: ৳ 80.00)
23379,Xcel,allopathic,xcelsuppository250-mg,Suppository,Paracetamol,250 mg,ACI Limited,"Unit Price: ৳ 5.00,(20's pack: ৳ 100.00),",(20's pack: ৳ 100.00)
10544,Xcel,allopathic,xcelpediatric-drops80-mgml,Pediatric Drops,Paracetamol,80 mg/ml,ACI Limited,15 ml bottle: ৳ 12.35,
10543,Xcel,allopathic,xceloral-suspension120-mg5-ml,Oral Suspension,Paracetamol,120 mg/5 ml,ACI Limited,"60 ml bottle: ৳ 20.70,100 ml bottle: ৳ 30.00",
10542,Xcel,allopathic,xcelsyrup120-mg5-ml,Syrup,Paracetamol,120 mg/5 ml,ACI Limited,"60 ml bottle: ৳ 20.70,100 ml bottle: ৳ 31.87",
10539,Xcel,allopathic,xceltablet500-mg,Tablet,Paracetamol,500 mg,ACI Limited,"Unit Price: ৳ 0.80,(500's pack: ৳ 400.00),",(500's pack: ৳ 400.00)
9358,Xbac,allopathic,xbaciv-infusion200-mg100-ml,IV Infusion,Ciprofloxacin,200 mg/100 ml,Beacon Pharmaceuticals Ltd.,100 ml bottle: ৳ 145.99,
9357,Xbac,allopathic,xbacpowder-for-suspension250-mg5-ml,Powder for Suspension,Ciprofloxacin,250 mg/5 ml,Beacon Pharmaceuticals Ltd.,60 ml bottle: ৳ 90.60,
9356,Xbac,allopathic,xbactablet750-mg,Tablet,Ciprofloxacin,750 mg,Beacon Pharmaceuticals Ltd.,"Unit Price: ৳ 18.11,(20's pack: ৳ 362.20),",(20's pack: ৳ 362.20)
9355,Xbac,allopathic,xbactablet500-mg,Tablet,Ciprofloxacin,500 mg,Beacon Pharmaceuticals Ltd.,"Unit Price: ৳ 14.09,(30's pack: ৳ 422.70),",(30's pack: ৳ 422.70)
30974,Xarelta,allopathic,xareltatablet20-mg,Tablet,Rivaroxaban,20 mg,Opsonin Pharma Ltd.,"Unit Price: ৳ 45.00,(14's pack: ৳ 630.00),",(14's pack: ৳ 630.00)
30973,Xarelta,allopathic,xareltatablet15-mg,Tablet,Rivaroxaban,15 mg,Opsonin Pharma Ltd.,"Unit Price: ৳ 35.00,(14's pack: ৳ 490.00),",(14's pack: ৳ 490.00)
30972,Xarelta,allopathic,xareltatablet10-mg,Tablet,Rivaroxaban,10 mg,Opsonin Pharma Ltd.,"Unit Price: ৳ 25.00,(14's pack: ৳ 350.00),",(14's pack: ৳ 350.00)
28920,Xderm N,allopathic,xderm-nointment05-mg5-mg1-lac-iugm,Ointment,Clobetasol Propionate + Neomycin Sulphate + Nystatin,(0.5 mg+5 mg+1 Lac IU)/gm,Biopharma Laboratories Ltd.,15 gm tube: ৳ 65.00,
28919,Xderm N,allopathic,xderm-ncream05-mg5-mg1-lac-iugm,Cream,Clobetasol Propionate + Neomycin Sulphate + Nystatin,(0.5 mg+5 mg+1 Lac IU)/gm,Biopharma Laboratories Ltd.,10 gm tube: ৳ 60.00,
12595,Xderm,allopathic,xdermointment005,Ointment,Clobetasol Propionate (Topical Preparation),0.05%,Biopharma Laboratories Ltd.,10 gm tube: ৳ 50.19,
12594,Xderm,allopathic,xdermcream005,Cream,Clobetasol Propionate (Topical Preparation),0.05%,Biopharma Laboratories Ltd.,10 gm tube: ৳ 45.17,
27757,Xclor,allopathic,xclorpowder-for-suspension125-mg5-ml,Powder for Suspension,Cefaclor Monohydrate,125 mg/5 ml,Orion Pharma Ltd.,100 ml bottle: ৳ 190.57,
25759,Xcid,allopathic,xcidtablet1000-mg,Tablet,Calcium Carbonate,1000 mg,Square Pharmaceuticals Ltd.,"Unit Price: ৳ 2.01,(50's pack: ৳ 100.71),",(50's pack: ৳ 100.71)
10632,Xcel Plus,allopathic,xcel-plustablet500-mg65-mg,Tablet,Paracetamol + Caffeine,500 mg+65 mg,ACI Limited,"Unit Price: ৳ 2.35,(200's pack: ৳ 470.00),",(200's pack: ৳ 470.00)
30971,Xarelta,allopathic,xareltatablet25-mg,Tablet,Rivaroxaban,2.5 mg,Opsonin Pharma Ltd.,"Unit Price: ৳ 8.00,(28's pack: ৳ 224.00),",(28's pack: ৳ 224.00)
1788,Xardin,allopathic,xardintablet150-mg,Tablet,Ranitidine Hydrochloride,150 mg,Sharif Pharmaceuticals Ltd.,"Unit Price: ৳ 1.51,(100's pack: ৳ 151.00),",(100's pack: ৳ 151.00)
26545,Xanuric,allopathic,xanurictablet120-mg,Tablet,Febuxostat,120 mg,UniMed UniHealth,"Unit Price: ৳ 34.00,(10's pack: ৳ 340.00),",(10's pack: ৳ 340.00)
20166,Xanuric,allopathic,xanurictablet80-mg,Tablet,Febuxostat,80 mg,UniMed UniHealth,"Unit Price: ৳ 22.00,(10's pack: ৳ 220.00),",(10's pack: ৳ 220.00)
20165,Xanuric,allopathic,xanurictablet40-mg,Tablet,Febuxostat,40 mg,UniMed UniHealth,"Unit Price: ৳ 12.00,(30's pack: ৳ 360.00),",(30's pack: ৳ 360.00)
1787,Xantid,allopathic,xantidimiv-injection50-mg2-ml,IM/IV Injection,Ranitidine Hydrochloride,50 mg/2 ml,ACI Limited,"2 ml ampoule: ৳ 7.55,(10's pack: ৳ 75.50),",(10's pack: ৳ 75.50)
1785,Xantid,allopathic,xantidtablet150-mg,Tablet,Ranitidine Hydrochloride,150 mg,ACI Limited,"Unit Price: ৳ 2.51,(200's pack: ৳ 502.00),",(200's pack: ৳ 502.00)
15042,Xeloda,allopathic,xelodatablet500-mg,Tablet,Capecitabine,500 mg,Roche Bangladesh Ltd.,Unit Price: ৳ 155.00,
31441,Xelocin,allopathic,xelocintablet500-mg,Tablet,Capecitabine,500 mg,Beximco Pharmaceuticals Ltd.,"Unit Price: ৳ 150.00,(30's pack: ৳ 4,500.00),","(30's pack: ৳ 4,500.00)"
17287,Xelobine,allopathic,xelobinetablet500-mg,Tablet,Capecitabine,500 mg,Healthcare Pharmaceuticals Ltd.,"Unit Price: ৳ 150.00,(30's pack: ৳ 4,500.00),","(30's pack: ৳ 4,500.00)"
33030,Xelnib XR,allopathic,xelnib-xrtablet-extended-release11-mg,Tablet (Extended Release),Tofacitinib,11 mg,Opsonin Pharma Ltd.,"Unit Price: ৳ 80.00,(10's pack: ৳ 800.00),",(10's pack: ৳ 800.00)
33029,Xelnib,allopathic,xelnibtablet5-mg,Tablet,Tofacitinib,5 mg,Opsonin Pharma Ltd.,"Unit Price: ৳ 48.00,(10's pack: ৳ 480.00),",(10's pack: ৳ 480.00)
32367,Xelmet,allopathic,xelmettablet500-mg,Tablet,Metformin Hydrochloride,500 mg,Beacon Pharmaceuticals Ltd.,"Unit Price: ৳ 6.00,(60's pack: ৳ 360.00),",(60's pack: ৳ 360.00)
29186,Xelmet,allopathic,xelmettablet850-mg,Tablet,Metformin Hydrochloride,850 mg,Beacon Pharmaceuticals Ltd.,"Unit Price: ৳ 6.50,(60's pack: ৳ 390.00),",(60's pack: ৳ 390.00)
2829,Xelix SR,allopathic,xelix-srtablet-sustained-release15-mg,Tablet (Sustained Release),Indapamide,1.5 mg,Aristopharma Ltd.,"Unit Price: ৳ 5.00,(30's pack: ৳ 150.00),",(30's pack: ৳ 150.00)
1252,Xelitor,allopathic,xelitortablet20-mg,Tablet,Atorvastatin Calcium,20 mg,Novo Healthcare and Pharma Ltd.,"Unit Price: ৳ 18.05,(30's pack: ৳ 541.47),",(30's pack: ৳ 541.47)
1251,Xelitor,allopathic,xelitortablet10-mg,Tablet,Atorvastatin Calcium,10 mg,Novo Healthcare and Pharma Ltd.,"Unit Price: ৳ 10.03,(30's pack: ৳ 300.95),",(30's pack: ৳ 300.95)
28741,Xelevo,allopathic,xelevotablet500-mg,Tablet,Levofloxacin Hemihydrate,500 mg,Pharmasia Limited,"Unit Price: ৳ 15.00,(20's pack: ৳ 300.00),",(20's pack: ৳ 300.00)
1971,Xeldrin,allopathic,xeldriniv-injection40-mgvial,IV Injection,Omeprazole,40 mg/vial,ACI Limited,40 mg vial: ৳ 80.24,
1970,Xeldrin,allopathic,xeldrincapsule-delayed-release40-mg,Capsule (Delayed Release),Omeprazole,40 mg,ACI Limited,"Unit Price: ৳ 8.50,(40's pack: ৳ 340.00),",(40's pack: ৳ 340.00)
1969,Xeldrin,allopathic,xeldrincapsule-delayed-release20-mg,Capsule (Delayed Release),Omeprazole,20 mg,ACI Limited,"Unit Price: ৳ 5.02,(100's pack: ৳ 502.00),",(100's pack: ৳ 502.00)
1968,Xeldrin,allopathic,xeldrincapsule-delayed-release10-mg,Capsule (Delayed Release),Omeprazole,10 mg,ACI Limited,"Unit Price: ৳ 2.02,(50's pack: ৳ 101.00),",(50's pack: ৳ 101.00)
27097,Xelcoral-DX,allopathic,xelcoral-dxtablet600-mg400-iu,Tablet,Calcium Carbonate [Coral source] + Vitamin D3,600 mg+400 IU,One Pharma Ltd.,"Unit Price: ৳ 15.00,(30's pack: ৳ 450.00),",(30's pack: ৳ 450.00)
2775,Xelotan,allopathic,xelotantablet50-mg,Tablet,Losartan Potassium,50 mg,Pharmasia Limited,"Unit Price: ৳ 6.00,(30's pack: ৳ 180.00),",(30's pack: ৳ 180.00)
32093,Xelosil,allopathic,xelosiloral-suspension500-mg213-mg325-mg10-ml,Oral Suspension,Sodium Alginate + Sodium Bicarbonate + Calcium Carbonate,(500 mg+213 mg+325 mg)/10 ml,Everest Pharmaceuticals Ltd.,200 ml bottle: ৳ 250.00,
1974,Xelopes,allopathic,xelopesiv-injection40-mgvial,IV Injection,Omeprazole,40 mg/vial,Beacon Pharmaceuticals Ltd.,40 mg vial: ৳ 90.27,
1973,Xelopes,allopathic,xelopescapsule-delayed-release40-mg,Capsule (Delayed Release),Omeprazole,40 mg,Beacon Pharmaceuticals Ltd.,"Unit Price: ৳ 7.02,(30's pack: ৳ 210.60),",(30's pack: ৳ 210.60)
1972,Xelopes,allopathic,xelopescapsule-delayed-release20-mg,Capsule (Delayed Release),Omeprazole,20 mg,Beacon Pharmaceuticals Ltd.,"Unit Price: ৳ 5.02,(120's pack: ৳ 602.40),",(120's pack: ৳ 602.40)
27096,Xelcoral-D,allopathic,xelcoral-dtablet500-mg200-iu,Tablet,Calcium Carbonate [Coral source] + Vitamin D3,500 mg+200 IU,One Pharma Ltd.,"Unit Price: ৳ 10.00,(30's pack: ৳ 300.00),",(30's pack: ৳ 300.00)
24976,Xelcom,allopathic,xelcomtablet50-mg,Tablet,Tiemonium Methylsulphate,50 mg,Radiant Pharmaceuticals Ltd.,"Unit Price: ৳ 8.00,(50's pack: ৳ 400.00),",(50's pack: ৳ 400.00)
24975,Xelcom,allopathic,xelcomimiv-injection5-mg2-ml,IM/IV Injection,Tiemonium Methylsulphate,5 mg/2 ml,Radiant Pharmaceuticals Ltd.,"2 ml ampoule: ৳ 35.00,(10's pack: ৳ 350.00),",(10's pack: ৳ 350.00)
30566,Xelcard,allopathic,xelcardtablet10-mg,Tablet,Amlodipine Besilate,10 mg,Healthcare Pharmaceuticals Ltd.,Unit Price: ৳ 6.50,
712,Xelcard,allopathic,xelcardtablet5-mg,Tablet,Amlodipine Besilate,5 mg,Healthcare Pharmaceuticals Ltd.,"Unit Price: ৳ 5.00,(30's pack: ৳ 150.00),",(30's pack: ৳ 150.00)
32770,Xefer,allopathic,xeferiv-injection-or-infusion1-gm20-ml,IV Injection or Infusion,Ferric Carboxymaltose,1 gm/20 ml,Ziska Pharmaceuticals Ltd.,"20 ml vial: ৳ 1,300.00",
32769,Xefer,allopathic,xeferiv-injection-or-infusion100-mg2-ml,IV Injection or Infusion,Ferric Carboxymaltose,100 mg/2 ml,Ziska Pharmaceuticals Ltd.,2 gm vial: ৳ 400.00,
20176,Xefer,allopathic,xeferiv-injection-or-infusion500-mg10-ml,IV Injection or Infusion,Ferric Carboxymaltose,500 mg/10 ml,Ziska Pharmaceuticals Ltd.,10 ml vial: ৳ 700.00,
31984,Xderm S,allopathic,xderm-sointment0053,Ointment,Clobetasol Propionate + Salicylic Acid,0.05%+3%,Biopharma Laboratories Ltd.,10 gm tube: ৳ 70.00,
8191,Xenim,allopathic,xenimimiv-injection1-gmvial,IM/IV Injection,Cefepime Hydrochloride,1 gm/vial,Opsonin Pharma Ltd.,1 gm vial: ৳ 552.08,
8190,Xenim,allopathic,xenimimiv-injection500-mgvial,IM/IV Injection,Cefepime Hydrochloride,500 mg/vial,Opsonin Pharma Ltd.,500 mg vial: ৳ 301.13,
11592,Xenapro Plus,allopathic,xenapro-plustablet-delayed-release375-mg20-mg,Tablet (Delayed Release),Naproxen Sodium + Esomeprazole Magnesium,375 mg+20 mg,Renata Limited,"Unit Price: ৳ 8.00,(30's pack: ৳ 240.00),",(30's pack: ৳ 240.00)
11591,Xenapro Plus,allopathic,xenapro-plustablet-delayed-release500-mg20-mg,Tablet (Delayed Release),Naproxen Sodium + Esomeprazole Magnesium,500 mg+20 mg,Renata Limited,"Unit Price: ৳ 10.00,(30's pack: ৳ 300.00),",(30's pack: ৳ 300.00)
11513,Xenapro,allopathic,xenaprotablet500-mg,Tablet,Naproxen Sodium,500 mg,Renata Limited,"Unit Price: ৳ 8.03,(30's pack: ৳ 240.90),",(30's pack: ৳ 240.90)
14791,Xemocid Gold,allopathic,xemocid-goldiv-infusion710,IV Infusion,Amino Acid + Glucose + Electrolytes,7%+10%,Beacon Pharmaceuticals Ltd.,500 ml bottle: ৳ 551.64,
14790,Xemocid,allopathic,xemocidiv-infusion5,IV Infusion,Amino Acid + D-Sorbitol + Electrolytes,5%,Beacon Pharmaceuticals Ltd.,500 ml bottle: ৳ 501.50,
8201,Xemimax,allopathic,xemimaximiv-injection1-gmvial,IM/IV Injection,Cefepime Hydrochloride,1 gm/vial,Pharmasia Limited,1 gm vial: ৳ 550.00,
8200,Xemimax,allopathic,xemimaximiv-injection500-mgvial,IM/IV Injection,Cefepime Hydrochloride,500 mg/vial,Pharmasia Limited,500 mg vial: ৳ 300.00,
9417,Xemi,allopathic,xemitablet320-mg,Tablet,Gemifloxacin,320 mg,Orion Pharma Ltd.,"Unit Price: ৳ 50.15,(8's pack: ৳ 401.20),",(8's pack: ৳ 401.20)
29882,Xelpro MUPS,allopathic,xelpro-mupsmups-tablet20-mg,MUPS Tablet,Esomeprazole (MUPS tablet),20 mg,Pharmasia Limited,"Unit Price: ৳ 10.00,(50's pack: ৳ 500.00),",(50's pack: ৳ 500.00)
28742,Xelpro,allopathic,xelproiv-injection40-mgvial,IV Injection,Esomeprazole,40 mg/vial,Pharmasia Limited,40 mg vial: ৳ 90.00,
26992,Xelpro,allopathic,xelprocapsule-delayed-release40-mg,Capsule (Delayed Release),Esomeprazole,40 mg,Pharmasia Limited,"Unit Price: ৳ 9.00,(30's pack: ৳ 270.00),",(30's pack: ৳ 270.00)
26129,Xelpro,allopathic,xelprocapsule-delayed-release20-mg,Capsule (Delayed Release),Esomeprazole,20 mg,Pharmasia Limited,"Unit Price: ৳ 7.00,(100's pack: ৳ 700.00),",(100's pack: ৳ 700.00)
2115,Xelpro,allopathic,xelprotablet-enteric-coated40-mg,Tablet (Enteric Coated),Esomeprazole,40 mg,Pharmasia Limited,"Unit Price: ৳ 8.00,(30's pack: ৳ 240.00),",(30's pack: ৳ 240.00)
2114,Xelpro,allopathic,xelprotablet-enteric-coated20-mg,Tablet (Enteric Coated),Esomeprazole,20 mg,Pharmasia Limited,"Unit Price: ৳ 5.00,(90's pack: ৳ 450.00),",(90's pack: ৳ 450.00)
12818,Xenogrow,allopathic,xenogrowscalp-solution5,Scalp Solution,Minoxidil,5%,Incepta Pharmaceuticals Ltd.,60 ml bottle: ৳ 600.00,
12817,Xenogrow,allopathic,xenogrowscalp-solution2,Scalp Solution,Minoxidil,2%,Incepta Pharmaceuticals Ltd.,60 ml bottle: ৳ 500.00,
27287,Xenofer,allopathic,xenoferiv-injection-or-infusion50-mg25-ml,IV Injection or Infusion,Iron Sucrose Injection [Elemental Iron],50 mg/2.5 ml,Beacon Pharmaceuticals Ltd.,2.5 ml ampoule: ৳ 273.96,
13147,Xenofer,allopathic,xenoferiv-injection-or-infusion100-mg5-ml,IV Injection or Infusion,Iron Sucrose Injection [Elemental Iron],100 mg/5 ml,Beacon Pharmaceuticals Ltd.,5 ml ampoule: ৳ 350.00,
19453,Xenoderm,allopathic,xenodermointment05-mg5-mg1-lac-iugm,Ointment,Clobetasol Propionate + Neomycin Sulphate + Nystatin,(0.5 mg+5 mg+1 Lac IU)/gm,UniMed UniHealth,30 gm tube: ৳ 150.00,
19452,Xenoderm,allopathic,xenodermcream05-mg5-mg1-lac-iugm,Cream,Clobetasol Propionate + Neomycin Sulphate + Nystatin,(0.5 mg+5 mg+1 Lac IU)/gm,UniMed UniHealth,30 gm tube: ৳ 150.00,
12597,Xenocort,allopathic,xenocortointment005,Ointment,Clobetasol Propionate (Topical Preparation),0.05%,Orion Pharma Ltd.,10 gm tube: ৳ 50.35,
12596,Xenocort,allopathic,xenocortcream005,Cream,Clobetasol Propionate (Topical Preparation),0.05%,Orion Pharma Ltd.,10 gm tube: ৳ 40.27,
5166,Xenobese,allopathic,xenobesecapsule120-mg,Capsule,Orlistat,120 mg,Radiant Pharmaceuticals Ltd.,"Unit Price: ৳ 60.18,(21's pack: ৳ 1,263.78),","(21's pack: ৳ 1,263.78)"
1255,Xelpid,allopathic,xelpidtablet40-mg,Tablet,Atorvastatin Calcium,40 mg,Healthcare Pharmaceuticals Ltd.,"Unit Price: ৳ 24.00,(10's pack: ৳ 240.00),",(10's pack: ৳ 240.00)
1254,Xelpid,allopathic,xelpidtablet20-mg,Tablet,Atorvastatin Calcium,20 mg,Healthcare Pharmaceuticals Ltd.,"Unit Price: ৳ 18.00,(30's pack: ৳ 540.00),",(30's pack: ৳ 540.00)
1253,Xelpid,allopathic,xelpidtablet10-mg,Tablet,Atorvastatin Calcium,10 mg,Healthcare Pharmaceuticals Ltd.,"Unit Price: ৳ 10.00,(30's pack: ৳ 300.00),",(30's pack: ৳ 300.00)
15141,Xelpac,allopathic,xelpaciv-infusion6-mgml,IV Infusion,Paclitaxel,6 mg/ml,Beacon Pharmaceuticals Ltd.,"30 mg vial: ৳ 1,700.00,100 mg vial: ৳ 4,900.00,300 mg vial: ৳ 11,500.00",
2980,Xelotan Plus,allopathic,xelotan-plustablet50-mg125-mg,Tablet,Losartan Potassium + Hydrochlorothiazide,50 mg+12.5 mg,Pharmasia Limited,"Unit Price: ৳ 6.00,(30's pack: ৳ 180.00),",(30's pack: ৳ 180.00)
1664,Xeridon,allopathic,xeridonoral-suspension5-mg5-ml,Oral Suspension,Domperidone Maleate,5 mg/5 ml,Jenphar Bangladesh Ltd.,60 ml bottle: ৳ 35.00,
1663,Xeridon,allopathic,xeridontablet10-mg,Tablet,Domperidone Maleate,10 mg,Jenphar Bangladesh Ltd.,"Unit Price: ৳ 2.50,(100's pack: ৳ 250.00),",(100's pack: ৳ 250.00)
7833,Xepodox,allopathic,xepodoxpediatric-drops20-mgml,Pediatric Drops,Cefpodoxime Proxetil,20 mg/ml,Rangs Pharmaceuticals Ltd.,15 ml bottle: ৳ 60.18,
7832,Xepodox,allopathic,xepodoxpowder-for-suspension40-mg5-ml,Powder for Suspension,Cefpodoxime Proxetil,40 mg/5 ml,Rangs Pharmaceuticals Ltd.,50 ml bottle: ৳ 98.29,
1662,Xepadon,allopathic,xepadonpediatric-drops5-mgml,Pediatric Drops,Domperidone Maleate,5 mg/ml,Amico Laboratories Ltd.,15 ml drop: ৳ 18.00,
1661,Xepadon,allopathic,xepadonoral-suspension5-mg5-ml,Oral Suspension,Domperidone Maleate,5 mg/5 ml,Amico Laboratories Ltd.,60 ml bottle: ৳ 25.00,
1660,Xepadon,allopathic,xepadontablet10-mg,Tablet,Domperidone Maleate,10 mg,Amico Laboratories Ltd.,"Unit Price: ৳ 2.00,(50's pack: ৳ 100.00),",(50's pack: ৳ 100.00)
4897,Xentoin,allopathic,xentointablet100-mg,Tablet,Phenytoin Sodium,100 mg,Beacon Pharmaceuticals Ltd.,"Unit Price: ৳ 4.01,(50's pack: ৳ 200.50),",(50's pack: ৳ 200.50)
10867,Xenthol,allopathic,xentholcream308,Cream,Methyl Salicylate + Menthol,30%+8%,Eskayef Pharmaceuticals Ltd.,15 gm tube: ৳ 40.00,
31619,Xenovate,allopathic,xenovatescalp-solution005,Scalp Solution,Clobetasol Propionate (Scalp Preparation),0.05%,UniMed UniHealth,30 ml bottle: ৳ 250.00,
12599,Xenovate,allopathic,xenovateointment005,Ointment,Clobetasol Propionate (Topical Preparation),0.05%,UniMed UniHealth,"10 gm tube: ৳ 68.00,30 gm tube: ৳ 150.00",
12598,Xenovate,allopathic,xenovatecream005,Cream,Clobetasol Propionate (Topical Preparation),0.05%,UniMed UniHealth,10 gm tube: ৳ 58.00,
14872,Xenosol,allopathic,xenosoliv-infusion09,IV Infusion,Sodium Chloride (Intravenous Solution),0.90%,Beacon Pharmaceuticals Ltd.,"100 ml bag: ৳ 74.22,250 ml bag: ৳ 85.26,500 ml bag: ৳ 108.32",
13022,Xenosal,allopathic,xenosalointment0053,Ointment,Clobetasol Propionate + Salicylic Acid,0.05%+3%,UniMed UniHealth,30 gm tube: ৳ 150.00,
9537,Xenolev,allopathic,xenolevtablet500-mg,Tablet,Levofloxacin Hemihydrate,500 mg,Virgo Pharmaceuticals Ltd.,"Unit Price: ৳ 15.00,(20's pack: ৳ 300.00),",(20's pack: ৳ 300.00)
11581,Xenole,allopathic,xenoletablet-delayed-release500-mg20-mg,Tablet (Delayed Release),Naproxen Sodium + Esomeprazole Magnesium,500 mg+20 mg,Square Pharmaceuticals Ltd.,"Unit Price: ৳ 13.00,(30's pack: ৳ 390.00),",(30's pack: ৳ 390.00)
4871,Xetril,allopathic,xetriltablet05-mg,Tablet,Clonazepam,0.5 mg,Beximco Pharmaceuticals Ltd.,"Unit Price: ৳ 6.00,(100's pack: ৳ 600.00),",(100's pack: ৳ 600.00)
32473,Xerox,allopathic,xeroxtablet500-mg,Tablet,Ciprofloxacin,500 mg,Opso Saline Ltd.,"Unit Price: ৳ 15.05,(20's pack: ৳ 301.00),",(20's pack: ৳ 301.00)
1257,Xerova,allopathic,xerovatablet20-mg,Tablet,Atorvastatin Calcium,20 mg,Beacon Pharmaceuticals Ltd.,"Unit Price: ৳ 20.00,(14's pack: ৳ 280.00),",(14's pack: ৳ 280.00)
1256,Xerova,allopathic,xerovatablet10-mg,Tablet,Atorvastatin Calcium,10 mg,Beacon Pharmaceuticals Ltd.,"Unit Price: ৳ 12.00,(28's pack: ৳ 336.00),",(28's pack: ৳ 336.00)
29155,XeroSoft,allopathic,xerosoftointment5050,Ointment,White Soft Paraffin + Liquid Paraffin,50%+50%,UniMed UniHealth,"150 gm container: ৳ 450.00,50 gm container: ৳ 180.00",
1976,Xerosec,allopathic,xeroseccapsule-delayed-release40-mg,Capsule (Delayed Release),Omeprazole,40 mg,Synovia pharma plc,"Unit Price: ৳ 8.02,(30's pack: ৳ 240.60),",(30's pack: ৳ 240.60)
1975,Xerosec,allopathic,xeroseccapsule-delayed-release20-mg,Capsule (Delayed Release),Omeprazole,20 mg,Synovia pharma plc,"Unit Price: ৳ 5.02,(100's pack: ৳ 502.00),",(100's pack: ৳ 502.00)
4076,Xerokof,allopathic,xerokofsyrup15-mg5-ml,Syrup,Ambroxol Hydrochloride,15 mg/5 ml,Pharmasia Limited,100 ml bottle: ৳ 40.00,
1401,Xerocid,allopathic,xerocidoral-suspension500-mg100-mg5-ml,Oral Suspension,Sodium Alginate + Potassium Bicarbonate,(500 mg+100 mg)/5 ml,Novelta Bestway Pharma Ltd.,200 ml bottle: ৳ 125.00,
1400,Xerocid,allopathic,xerocidchewable-tablet500-mg100-mg,Chewable Tablet,Sodium Alginate + Potassium Bicarbonate,500 mg+100 mg,Novelta Bestway Pharma Ltd.,"Unit Price: ৳ 3.50,(50's pack: ৳ 175.00),",(50's pack: ৳ 175.00)
93,Xeriflam,allopathic,xeriflamtablet100-mg,Tablet,Aceclofenac,100 mg,Kumudini Pharma Ltd.,"Unit Price: ৳ 3.00,(100's pack: ৳ 300.00),",(100's pack: ৳ 300.00)
92,Xerifen,allopathic,xerifentablet100-mg,Tablet,Aceclofenac,100 mg,Peoples Pharma Ltd.,"Unit Price: ৳ 3.00,(100's pack: ৳ 300.00),",(100's pack: ৳ 300.00)
11580,Xenole,allopathic,xenoletablet-delayed-release375-mg20-mg,Tablet (Delayed Release),Naproxen Sodium + Esomeprazole Magnesium,375 mg+20 mg,Square Pharmaceuticals Ltd.,"Unit Price: ৳ 12.00,(30's pack: ৳ 360.00),",(30's pack: ৳ 360.00)
15407,Xenolac,allopathic,xenolactablet10-mg,Tablet,Ketorolac Tromethamine,10 mg,Marker Pharma Ltd.,"Unit Price: ৳ 10.00,(20's pack: ৳ 200.00),",(20's pack: ৳ 200.00)
15410,Xidolac,allopathic,xidolacimiv-injection30-mgml,IM/IV Injection,Ketorolac Tromethamine,30 mg/ml,Beximco Pharmaceuticals Ltd.,1 ml ampoule: ৳ 55.00,
15409,Xidolac,allopathic,xidolacimiv-injection10-mgml,IM/IV Injection,Ketorolac Tromethamine,10 mg/ml,Beximco Pharmaceuticals Ltd.,"1 ml ampoule: ৳ 30.00,(5's pack: ৳ 150.00),",(5's pack: ৳ 150.00)
15408,Xidolac,allopathic,xidolactablet10-mg,Tablet,Ketorolac Tromethamine,10 mg,Beximco Pharmaceuticals Ltd.,"Unit Price: ৳ 10.00,(20's pack: ৳ 200.00),",(20's pack: ৳ 200.00)
5262,Xido,allopathic,xidotablet80-mg,Tablet,Gliclazide,80 mg,Delta Pharma Ltd.,"Unit Price: ৳ 7.00,(50's pack: ৳ 350.00),",(50's pack: ৳ 350.00)
11632,Xicotil,allopathic,xicotiltablet20-mg,Tablet,Tenoxicam,20 mg,Aristopharma Ltd.,"Unit Price: ৳ 8.00,(30's pack: ৳ 240.00),",(30's pack: ৳ 240.00)
7432,Xiclav,allopathic,xiclavpowder-for-suspension125-mg3125-mg5-ml,Powder for Suspension,Cefuroxime Axetil + Clavulanic Acid,(125 mg+31.25 mg)/5 ml,Ziska Pharmaceuticals Ltd.,70 ml bottle: ৳ 250.00,
7431,Xiclav,allopathic,xiclavtablet500-mg125-mg,Tablet,Cefuroxime Axetil + Clavulanic Acid,500 mg+125 mg,Ziska Pharmaceuticals Ltd.,"Unit Price: ৳ 50.00,(14's pack: ৳ 700.00),",(14's pack: ৳ 700.00)
7430,Xiclav,allopathic,xiclavtablet250-mg625-mg,Tablet,Cefuroxime Axetil + Clavulanic Acid,250 mg+62.5 mg,Ziska Pharmaceuticals Ltd.,"Unit Price: ৳ 30.00,(14's pack: ৳ 420.00),",(14's pack: ৳ 420.00)
15936,Xibrofen,allopathic,xibrofenophthalmic-solution009,Ophthalmic Solution,Bromfenac Sodium,0.09%,Incepta Pharmaceuticals Ltd.,5 ml drop: ৳ 100.00,
29468,Xibast,allopathic,xibasttablet10-mg,Tablet,Ebastine,10 mg,Asiatic Laboratories Ltd.,"Unit Price: ৳ 6.00,(30's pack: ৳ 180.00),",(30's pack: ৳ 180.00)
28652,Xiamin,allopathic,xiamintablet750-mg50-mg,Tablet,Glucosamine Sulfate + Diacerein,750 mg+50 mg,Labaid Pharma Ltd.,"Unit Price: ৳ 12.00,(30's pack: ৳ 360.00),",(30's pack: ৳ 360.00)
10913,Xflam,allopathic,xflamtablet400-mg,Tablet,Dexibuprofen,400 mg,Square Pharmaceuticals Ltd.,"Unit Price: ৳ 5.03,(48's pack: ৳ 241.44),",(48's pack: ৳ 241.44)
24851,Xfin,allopathic,xfintablet250-mg,Tablet,Terbinafine Hydrochloride,250 mg,Square Pharmaceuticals Ltd.,"Unit Price: ৳ 40.00,(12's pack: ৳ 480.00),",(12's pack: ৳ 480.00)
10043,Xfin,allopathic,xfincream1,Cream,Terbinafine Hydrochloride,1%,Square Pharmaceuticals Ltd.,10 gm tube: ৳ 80.00,
28825,Xevlin,allopathic,xevlinpowder-for-suspension200-mg5-ml,Powder for Suspension,Azithromycin Dihydrate,200 mg/5 ml,Everest Pharmaceuticals Ltd.,50 ml bottle: ৳ 200.00,
28824,Xevlin,allopathic,xevlintablet500-mg,Tablet,Azithromycin Dihydrate,500 mg,Everest Pharmaceuticals Ltd.,"Unit Price: ৳ 35.00,(12's pack: ৳ 420.00),",(12's pack: ৳ 420.00)
7436,Ximeclav,allopathic,ximeclavtablet500-mg125-mg,Tablet,Cefuroxime Axetil + Clavulanic Acid,500 mg+125 mg,Globe Pharmaceuticals Ltd.,"Unit Price: ৳ 50.00,(6's pack: ৳ 300.00),",(6's pack: ৳ 300.00)
7435,Ximeclav,allopathic,ximeclavtablet250-mg625-mg,Tablet,Cefuroxime Axetil + Clavulanic Acid,250 mg+62.5 mg,Globe Pharmaceuticals Ltd.,"Unit Price: ৳ 30.00,(10's pack: ৳ 300.00),",(10's pack: ৳ 300.00)
7433,Ximeclav,allopathic,ximeclavpowder-for-suspension125-mg3125-mg5-ml,Powder for Suspension,Cefuroxime Axetil + Clavulanic Acid,(125 mg+31.25 mg)/5 ml,Globe Pharmaceuticals Ltd.,70 ml bottle: ৳ 250.00,
29150,Xil,allopathic,xilcapsule25-mg,Capsule,Pregabalin,25 mg,Orion Pharma Ltd.,"Unit Price: ৳ 8.00,(30's pack: ৳ 240.00),",(30's pack: ৳ 240.00)
5049,Xil,allopathic,xilcapsule75-mg,Capsule,Pregabalin,75 mg,Orion Pharma Ltd.,"Unit Price: ৳ 16.05,(30's pack: ৳ 481.50),",(30's pack: ৳ 481.50)
5048,Xil,allopathic,xilcapsule50-mg,Capsule,Pregabalin,50 mg,Orion Pharma Ltd.,"Unit Price: ৳ 12.04,(30's pack: ৳ 361.20),",(30's pack: ৳ 361.20)
17267,Xifos,allopathic,xifosiv-infusion2-gmvial,IV Infusion,Ifosfamide,2 gm/vial,Beacon Pharmaceuticals Ltd.,"2 gm vial: ৳ 3,200.00",
17266,Xifos,allopathic,xifosiv-infusion1-gmvial,IV Infusion,Ifosfamide,1 gm/vial,Beacon Pharmaceuticals Ltd.,"1 gm vial: ৳ 1,800.00",
7688,Xifim,allopathic,xifimpowder-for-suspension100-mg5-ml,Powder for Suspension,Cefixime Trihydrate,100 mg/5 ml,Bristol Pharmaceuticals Ltd.,50 ml bottle: ৳ 160.00,
7687,Xifim,allopathic,xifimcapsule200-mg,Capsule,Cefixime Trihydrate,200 mg,Bristol Pharmaceuticals Ltd.,"Unit Price: ৳ 30.00,(12's pack: ৳ 360.00),",(12's pack: ৳ 360.00)
8955,Xifamin,allopathic,xifamintablet200-mg,Tablet,Rifaximin,200 mg,NIPRO JMI Pharma Ltd.,"Unit Price: ৳ 20.00,(10's pack: ৳ 200.00),",(10's pack: ৳ 200.00)
21237,Xidolac Meltab,allopathic,xidolac-meltabdispersible-tablet10-mg,Dispersible Tablet,Ketorolac Tromethamine,10 mg,Beximco Pharmaceuticals Ltd.,"Unit Price: ৳ 12.00,(20's pack: ৳ 240.00),",(20's pack: ৳ 240.00)
17265,Xevirol,allopathic,xeviroltablet5-mg,Tablet,Everolimus,5 mg,Beacon Pharmaceuticals Ltd.,"Unit Price: ৳ 1,500.00,(10's pack: ৳ 15,000.00),","(10's pack: ৳ 15,000.00)"
4872,Xetril,allopathic,xetriltablet2-mg,Tablet,Clonazepam,2 mg,Beximco Pharmaceuticals Ltd.,"Unit Price: ৳ 10.00,(50's pack: ৳ 500.00),",(50's pack: ৳ 500.00)
7370,Ximorox,allopathic,ximoroxpowder-for-suspension125-mg5-ml,Powder for Suspension,Cefuroxime Axetil,125 mg/5 ml,Kumudini Pharma Ltd.,70 ml bottle: ৳ 195.00,
7369,Ximorox,allopathic,ximoroxtablet500-mg,Tablet,Cefuroxime Axetil,500 mg,Kumudini Pharma Ltd.,"Unit Price: ৳ 45.00,(8's pack: ৳ 360.00),",(8's pack: ৳ 360.00)
7368,Ximorox,allopathic,ximoroxtablet250-mg,Tablet,Cefuroxime Axetil,250 mg,Kumudini Pharma Ltd.,"Unit Price: ৳ 25.00,(12's pack: ৳ 300.00),",(12's pack: ৳ 300.00)
31154,Ximoclav,allopathic,ximoclavtablet500-mg125-mg,Tablet,Cefuroxime Axetil + Clavulanic Acid,500 mg+125 mg,Kumudini Pharma Ltd.,"Unit Price: ৳ 50.00,(7's pack: ৳ 350.00),",(7's pack: ৳ 350.00)
31153,Ximoclav,allopathic,ximoclavtablet250-mg625-mg,Tablet,Cefuroxime Axetil + Clavulanic Acid,250 mg+62.5 mg,Kumudini Pharma Ltd.,"Unit Price: ৳ 30.00,(7's pack: ৳ 210.00),",(7's pack: ৳ 210.00)
7841,Ximocef,allopathic,ximocefpediatric-drops20-mgml,Pediatric Drops,Cefpodoxime Proxetil,20 mg/ml,Kumudini Pharma Ltd.,50 ml bottle: ৳ 150.00,
7840,Ximocef,allopathic,ximocefpowder-for-suspension40-mg5-ml,Powder for Suspension,Cefpodoxime Proxetil,40 mg/5 ml,Kumudini Pharma Ltd.,50 ml bottle: ৳ 95.00,
7839,Ximocef,allopathic,ximocefcapsule200-mg,Capsule,Cefpodoxime Proxetil,200 mg,Kumudini Pharma Ltd.,"Unit Price: ৳ 40.00,(8's pack: ৳ 320.00),",(8's pack: ৳ 320.00)
26670,Ximetil,allopathic,ximetilpowder-for-suspension125-mg5-ml,Powder for Suspension,Cefuroxime Axetil,125 mg/5 ml,Globe Pharmaceuticals Ltd.,70 ml bottle: ৳ 198.00,
7367,Ximetil,allopathic,ximetiliv-injection15-gmvial,IV Injection,Cefuroxime Axetil,1.5 gm/vial,Globe Pharmaceuticals Ltd.,1.5 gm vial: ৳ 200.00,
7366,Ximetil,allopathic,ximetilimiv-injection750-mgvial,IM/IV Injection,Cefuroxime Axetil,750 mg/vial,Globe Pharmaceuticals Ltd.,750 mg vial: ৳ 125.00,
7365,Ximetil,allopathic,ximetiltablet500-mg,Tablet,Cefuroxime Axetil,500 mg,Globe Pharmaceuticals Ltd.,"Unit Price: ৳ 45.00,(12's pack: ৳ 540.00),",(12's pack: ৳ 540.00)
7364,Ximetil,allopathic,ximetiltablet250-mg,Tablet,Cefuroxime Axetil,250 mg,Globe Pharmaceuticals Ltd.,"Unit Price: ৳ 25.00,(16's pack: ৳ 400.00),",(16's pack: ৳ 400.00)
7837,Ximeprox DS,allopathic,ximeprox-dspowder-for-suspension80-mg5-ml,Powder for Suspension,Cefpodoxime Proxetil,80 mg/5 ml,Incepta Pharmaceuticals Ltd.,50 ml bottle: ৳ 175.00,
7838,Ximeprox,allopathic,ximeproxpediatric-drops20-mgml,Pediatric Drops,Cefpodoxime Proxetil,20 mg/ml,Incepta Pharmaceuticals Ltd.,15 ml bottle: ৳ 60.00,
7836,Ximeprox,allopathic,ximeproxpowder-for-suspension40-mg5-ml,Powder for Suspension,Cefpodoxime Proxetil,40 mg/5 ml,Incepta Pharmaceuticals Ltd.,"50 ml bottle: ৳ 98.00,100 ml bottle: ৳ 195.00",
14591,Xinc,allopathic,xincsyrup10-mg5-ml,Syrup,Zinc Sulfate Monohydrate,10 mg/5 ml,Eskayef Pharmaceuticals Ltd.,"100 ml bottle: ৳ 35.00,150 ml bottle: ৳ 50.00,200 ml bottle: ৳ 55.00",
14590,Xinc,allopathic,xinctablet20-mg,Tablet,Zinc Sulfate Monohydrate,20 mg,Eskayef Pharmaceuticals Ltd.,"Unit Price: ৳ 2.75,(60's pack: ৳ 165.00),,Unit Price: ৳ 2.75,(100's pack: ৳ 275.00),","(60's pack: ৳ 165.00),(100's pack: ৳ 275.00)"
26005,Xinarox CV,allopathic,xinarox-cvtablet500-mg125-mg,Tablet,Cefuroxime Axetil + Clavulanic Acid,500 mg+125 mg,NIPRO JMI Pharma Ltd.,"Unit Price: ৳ 50.00,(8's pack: ৳ 400.00),",(8's pack: ৳ 400.00)
26004,Xinarox CV,allopathic,xinarox-cvtablet250-mg625-mg,Tablet,Cefuroxime Axetil + Clavulanic Acid,250 mg+62.5 mg,NIPRO JMI Pharma Ltd.,"Unit Price: ৳ 30.00,(12's pack: ৳ 360.00),",(12's pack: ৳ 360.00)
17179,Xinarox,allopathic,xinaroxiv-injection15-gmvial,IV Injection,Cefuroxime Axetil,1.5 gm/vial,NIPRO JMI Pharma Ltd.,1.5 gm vial: ৳ 200.00,
17178,Xinarox,allopathic,xinaroximiv-injection750-mgvial,IM/IV Injection,Cefuroxime Axetil,750 mg/vial,NIPRO JMI Pharma Ltd.,750 mg vial: ৳ 125.00,
7320,Xinarox,allopathic,xinaroxtablet500-mg,Tablet,Cefuroxime Axetil,500 mg,NIPRO JMI Pharma Ltd.,"Unit Price: ৳ 45.14,(6's pack: ৳ 270.84),",(6's pack: ৳ 270.84)
7319,Xinarox,allopathic,xinaroxtablet250-mg,Tablet,Cefuroxime Axetil,250 mg,NIPRO JMI Pharma Ltd.,"Unit Price: ৳ 25.08,(12's pack: ৳ 300.96),",(12's pack: ৳ 300.96)
7835,Ximeprox,allopathic,ximeproxtablet200-mg,Tablet,Cefpodoxime Proxetil,200 mg,Incepta Pharmaceuticals Ltd.,"Unit Price: ৳ 28.00,(12's pack: ৳ 336.00),",(12's pack: ৳ 336.00)
7834,Ximeprox,allopathic,ximeproxtablet100-mg,Tablet,Cefpodoxime Proxetil,100 mg,Incepta Pharmaceuticals Ltd.,"Unit Price: ৳ 17.00,(24's pack: ৳ 408.00),",(24's pack: ৳ 408.00)
18689,Ximepime,allopathic,ximepimeiv-injection2-gmvial,IV Injection,Cefepime Hydrochloride,2 gm/vial,Globe Pharmaceuticals Ltd.,"2 gm vial: ৳ 1,100.00",
8193,Ximepime,allopathic,ximepimeimiv-injection1-gmvial,IM/IV Injection,Cefepime Hydrochloride,1 gm/vial,Globe Pharmaceuticals Ltd.,1 gm vial: ৳ 550.00,
8192,Ximepime,allopathic,ximepimeimiv-injection500-mgvial,IM/IV Injection,Cefepime Hydrochloride,500 mg/vial,Globe Pharmaceuticals Ltd.,500 mg vial: ৳ 300.00,
30778,Ximeclav,allopathic,ximeclavtablet125-mg3125-mg,Tablet,Cefuroxime Axetil + Clavulanic Acid,125 mg+31.25 mg,Globe Pharmaceuticals Ltd.,"Unit Price: ৳ 18.00,(10's pack: ৳ 180.00),",(10's pack: ৳ 180.00)
29267,Xiroket,allopathic,xirokettablet10-mg,Tablet,Ketorolac Tromethamine,10 mg,Al-Madina Pharmaceuticals Ltd.,"Unit Price: ৳ 9.00,(30's pack: ৳ 270.00),",(30's pack: ৳ 270.00)
30674,Xirofen,allopathic,xirofenophthalmic-solution009,Ophthalmic Solution,Bromfenac Sodium,0.09%,Apex Pharmaceuticals Ltd.,5 ml drop: ৳ 95.00,
9360,Xirocip XR,allopathic,xirocip-xrtablet-extended-release1000-mg,Tablet (Extended Release),Ciprofloxacin,1000 mg,Novo Healthcare and Pharma Ltd.,"Unit Price: ৳ 25.00,(8's pack: ৳ 200.00),",(8's pack: ৳ 200.00)
9362,Xirocip,allopathic,xirocipiv-infusion200-mg100-ml,IV Infusion,Ciprofloxacin,200 mg/100 ml,Novo Healthcare and Pharma Ltd.,100 ml bottle: ৳ 70.21,
9361,Xirocip,allopathic,xirocippowder-for-suspension250-mg5-ml,Powder for Suspension,Ciprofloxacin,250 mg/5 ml,Novo Healthcare and Pharma Ltd.,"60 ml bottle: ৳ 90.00,100 ml bottle: ৳ 140.00",
9359,Xirocip,allopathic,xirociptablet500-mg,Tablet,Ciprofloxacin,500 mg,Novo Healthcare and Pharma Ltd.,"Unit Price: ৳ 14.04,(20's pack: ৳ 280.85),",(20's pack: ৳ 280.85)
213,Xiotic,allopathic,xiotictablet05-mg,Tablet,Alprazolam,0.5 mg,Globe Pharmaceuticals Ltd.,"Unit Price: ৳ 1.75,(100's pack: ৳ 175.00),",(100's pack: ৳ 175.00)
18326,Xiopam,allopathic,xiopamtablet3-mg,Tablet,Bromazepam,3 mg,Euro Pharma Ltd.,"Unit Price: ৳ 5.00,(50's pack: ৳ 250.00),",(50's pack: ৳ 250.00)
4269,Xionil,allopathic,xioniltablet3-mg,Tablet,Bromazepam,3 mg,SANDOZ (A Novartis Division),"Unit Price: ৳ 5.10,(50's pack: ৳ 255.01),",(50's pack: ৳ 255.01)
31022,Xiomox,allopathic,xiomoxtablet400-mg,Tablet,Moxifloxacin Hydrochloride (Tablet),400 mg,Renata Limited,"Unit Price: ৳ 40.00,(12's pack: ৳ 480.00),",(12's pack: ৳ 480.00)
4888,Xioclon,allopathic,xioclontablet2-mg,Tablet,Clonazepam,2 mg,Somatec Pharmaceuticals Ltd.,"Unit Price: ৳ 7.00,(30's pack: ৳ 210.00),",(30's pack: ৳ 210.00)
4887,Xioclon,allopathic,xioclontablet1-mg,Tablet,Clonazepam,1 mg,Somatec Pharmaceuticals Ltd.,"Unit Price: ৳ 6.00,(30's pack: ৳ 180.00),",(30's pack: ৳ 180.00)
4886,Xioclon,allopathic,xioclontablet05-mg,Tablet,Clonazepam,0.5 mg,Somatec Pharmaceuticals Ltd.,"Unit Price: ৳ 5.00,(50's pack: ৳ 250.00),",(50's pack: ৳ 250.00)
19398,Xioclin,allopathic,xioclincapsule300-mg,Capsule,Clindamycin,300 mg,Edruc Limited,"Unit Price: ৳ 15.00,(20's pack: ৳ 300.00),",(20's pack: ৳ 300.00)
13386,Xinoplex I,allopathic,xinoplex-isyrup,Syrup,Iron Polymaltose Complex + Vitamin B Complex + Zinc,,Silva Pharmaceuticals Ltd.,"100 ml bottle: ৳ 50.18,200 ml bottle: ৳ 90.30",
14703,Xinoplex,allopathic,xinoplexsyrup,Syrup,Vitamin B Complex + Zinc,,Silva Pharmaceuticals Ltd.,100 ml bottle: ৳ 45.17,
12840,Xisol,allopathic,xisolhand-rub0570,Hand Rub,Chlorhexidine Gluconate + Isopropyl alcohol,0.5%+70%,Aristopharma Ltd.,"50 ml bottle: ৳ 40.00,250 ml bottle: ৳ 130.00",
26435,Xirom,allopathic,xiromophthalmic-solution007,Ophthalmic Solution,Bromfenac Sodium,0.07%,Aristopharma Ltd.,5 ml drop: ৳ 90.00,
15937,Xirom,allopathic,xiromophthalmic-solution009,Ophthalmic Solution,Bromfenac Sodium,0.09%,Aristopharma Ltd.,5 ml drop: ৳ 100.00,
29268,Xiroket,allopathic,xiroketimiv-injection30-mgml,IM/IV Injection,Ketorolac Tromethamine,30 mg/ml,Al-Madina Pharmaceuticals Ltd.,1 ml ampoule: ৳ 54.60,
4506,Xinolax DR,allopathic,xinolax-drcapsule-delayed-release60-mg,Capsule (Delayed Release),Duloxetine Hydrochloride,60 mg,Opsonin Pharma Ltd.,"Unit Price: ৳ 16.05,(20's pack: ৳ 321.00),",(20's pack: ৳ 321.00)
4505,Xinolax DR,allopathic,xinolax-drcapsule-delayed-release30-mg,Capsule (Delayed Release),Duloxetine Hydrochloride,30 mg,Opsonin Pharma Ltd.,"Unit Price: ৳ 10.00,(20's pack: ৳ 200.00),",(20's pack: ৳ 200.00)
4504,Xinolax DR,allopathic,xinolax-drcapsule-delayed-release20-mg,Capsule (Delayed Release),Duloxetine Hydrochloride,20 mg,Opsonin Pharma Ltd.,"Unit Price: ৳ 7.00,(30's pack: ৳ 210.00),",(30's pack: ৳ 210.00)
8855,Xindal,allopathic,xindalcapsule300-mg,Capsule,Clindamycin,300 mg,Orion Pharma Ltd.,"Unit Price: ৳ 15.04,(30's pack: ৳ 451.20),",(30's pack: ৳ 451.20)
8854,Xindal,allopathic,xindalcapsule150-mg,Capsule,Clindamycin,150 mg,Orion Pharma Ltd.,"Unit Price: ৳ 8.02,(30's pack: ৳ 240.60),",(30's pack: ৳ 240.60)
32435,Xinc OT,allopathic,xinc-ottablet60-mg,Tablet,Zinc Orotate,60 mg,Eskayef Pharmaceuticals Ltd.,"Unit Price: ৳ 5.00,(30's pack: ৳ 150.00),",(30's pack: ৳ 150.00)
27900,Xinc DT,allopathic,xinc-dtdispersible-tablet20-mg,Dispersible Tablet,Zinc Sulfate Monohydrate,20 mg,Alco Pharma Ltd.,"Unit Price: ৳ 1.75,(10's pack: ৳ 17.50),",(10's pack: ৳ 17.50)
26811,Xinc DS,allopathic,xinc-dssyrup20-mg5-ml,Syrup,Zinc Sulfate Monohydrate,20 mg/5 ml,Eskayef Pharmaceuticals Ltd.,100 ml bottle: ৳ 55.00,
14702,Xinc B,allopathic,xinc-bsyrup,Syrup,Vitamin B Complex + Zinc,,Eskayef Pharmaceuticals Ltd.,"100 ml bottle: ৳ 55.00,200 ml bottle: ৳ 95.00",
14701,Xinc B,allopathic,xinc-btablet,Tablet,Vitamin B Complex + Zinc,,Eskayef Pharmaceuticals Ltd.,"Unit Price: ৳ 3.00,(30's pack: ৳ 90.00),",(30's pack: ৳ 90.00)
30535,Xolam XR,allopathic,xolam-xrtablet-extended-release05-mg,Tablet (Extended Release),Alprazolam,0.5 mg,Aristopharma Ltd.,"Unit Price: ৳ 2.00,(50's pack: ৳ 100.00),",(50's pack: ৳ 100.00)
3964,Xolair,allopathic,xolairsc-injection150-mgvial,SC Injection,Omalizumab,150 mg/vial,Novartis (Bangladesh) Ltd.,"150 mg vial: ৳ 38,143.88",
26605,Xofyl,allopathic,xofyltablet400-mg,Tablet,Doxophylline,400 mg,Ibn Sina Pharmaceuticals Ltd.,"Unit Price: ৳ 6.00,(30's pack: ৳ 180.00),",(30's pack: ৳ 180.00)
26604,Xofyl,allopathic,xofyltablet200-mg,Tablet,Doxophylline,200 mg,Ibn Sina Pharmaceuticals Ltd.,"Unit Price: ৳ 4.00,(50's pack: ৳ 200.00),",(50's pack: ৳ 200.00)
29280,Xoferon,allopathic,xoferoniv-injection-or-infusion100-mg5-ml,IV Injection or Infusion,Iron Sucrose Injection [Elemental Iron],100 mg/5 ml,Novo Healthcare and Pharma Ltd.,5 ml ampoule: ৳ 325.98,
12945,Xofena,allopathic,xofenaoral-suspension30-mg5-ml,Oral Suspension,Fexofenadine Hydrochloride,30 mg/5 ml,Asiatic Laboratories Ltd.,50 ml bottle: ৳ 48.00,
12944,Xofena,allopathic,xofenatablet180-mg,Tablet,Fexofenadine Hydrochloride,180 mg,Asiatic Laboratories Ltd.,"Unit Price: ৳ 9.00,(30's pack: ৳ 270.00),",(30's pack: ৳ 270.00)
12943,Xofena,allopathic,xofenatablet120-mg,Tablet,Fexofenadine Hydrochloride,120 mg,Asiatic Laboratories Ltd.,"Unit Price: ৳ 7.00,(30's pack: ৳ 210.00),",(30's pack: ৳ 210.00)
12152,Xofedin,allopathic,xofedintablet180-mg,Tablet,Fexofenadine Hydrochloride,180 mg,Amulet Pharmaceuticals Ltd.,"Unit Price: ৳ 8.03,(30's pack: ৳ 240.90),",(30's pack: ৳ 240.90)
12151,Xofedin,allopathic,xofedintablet120-mg,Tablet,Fexofenadine Hydrochloride,120 mg,Amulet Pharmaceuticals Ltd.,"Unit Price: ৳ 6.52,(30's pack: ৳ 195.60),",(30's pack: ৳ 195.60)
12150,Xofast,allopathic,xofasttablet120-mg,Tablet,Fexofenadine Hydrochloride,120 mg,Ad-din Pharmaceuticals Ltd.,"Unit Price: ৳ 6.00,(20's pack: ৳ 120.00),",(20's pack: ৳ 120.00)
12149,Xofast,allopathic,xofasttablet60-mg,Tablet,Fexofenadine Hydrochloride,60 mg,Ad-din Pharmaceuticals Ltd.,"Unit Price: ৳ 3.50,(30's pack: ৳ 105.00),",(30's pack: ৳ 105.00)
4644,Xmec,allopathic,xmectablet25-mg50-mg,Tablet,Meclizine + Pyridoxine,25 mg+50 mg,Beacon Pharmaceuticals Ltd.,"Unit Price: ৳ 3.02,(50's pack: ৳ 151.00),",(50's pack: ৳ 151.00)
27178,Xiva,allopathic,xivatablet400-mg,Tablet,Doxophylline,400 mg,Apex Pharmaceuticals Ltd.,"Unit Price: ৳ 10.01,(30's pack: ৳ 300.30),",(30's pack: ৳ 300.30)
16461,Xiva,allopathic,xivasyrup100-mg5-ml,Syrup,Doxophylline,100 mg/5 ml,Apex Pharmaceuticals Ltd.,"60 ml bottle: ৳ 60.00,100 ml bottle: ৳ 98.72",
28921,Xitob,allopathic,xitobophthalmic-solution03,Ophthalmic Solution,Tobramycin (Ophthalmic),0.30%,Biopharma Laboratories Ltd.,5 ml drop: ৳ 90.00,
12087,Xonad,allopathic,xonadtablet180-mg,Tablet,Fexofenadine Hydrochloride,180 mg,Rephco Pharmaceuticals Ltd.,"Unit Price: ৳ 8.00,(30's pack: ৳ 240.00),",(30's pack: ৳ 240.00)
12086,Xonad,allopathic,xonadtablet120-mg,Tablet,Fexofenadine Hydrochloride,120 mg,Rephco Pharmaceuticals Ltd.,"Unit Price: ৳ 7.00,(30's pack: ৳ 210.00),",(30's pack: ৳ 210.00)
4374,Xolitra,allopathic,xolitratablet05-mg10-mg,Tablet,Flupentixol + Melitracen,0.5 mg+10 mg,Beacon Pharmaceuticals Ltd.,"Unit Price: ৳ 5.02,(50's pack: ৳ 251.00),",(50's pack: ৳ 251.00)
17269,Xoleron,allopathic,xoleroniv-infusion4-mg5-ml,IV Infusion,Zoledronic Acid [For hypercalcemia],4 mg/5 ml,Beacon Pharmaceuticals Ltd.,"4 mg vial: ৳ 5,000.00",
17152,Xolamid T,allopathic,xolamid-tophthalmic-suspension105,Ophthalmic Suspension,Brinzolamide + Timolol,1%+0.5%,Opsonin Pharma Ltd.,5 ml drop: ৳ 550.00,
32028,Xolamid B,allopathic,xolamid-bophthalmic-suspension102,Ophthalmic Suspension,Brinzolamide + Brimonidine Tartrate,1%+0.2%,Opsonin Pharma Ltd.,5 ml drop: ৳ 550.00,
17156,Xolamid,allopathic,xolamidophthalmic-suspension1,Ophthalmic Suspension,Brinzolamide,1%,Opsonin Pharma Ltd.,5 ml drop: ৳ 500.00,
30536,Xolam XR,allopathic,xolam-xrtablet-extended-release1-mg,Tablet (Extended Release),Alprazolam,1 mg,Aristopharma Ltd.,"Unit Price: ৳ 4.00,(100's pack: ৳ 400.00),",(100's pack: ৳ 400.00)
7373,Xitil,allopathic,xitilpowder-for-suspension125-mg5-ml,Powder for Suspension,Cefuroxime Axetil,125 mg/5 ml,Ziska Pharmaceuticals Ltd.,70 ml bottle: ৳ 198.00,
7372,Xitil,allopathic,xitiltablet500-mg,Tablet,Cefuroxime Axetil,500 mg,Ziska Pharmaceuticals Ltd.,"Unit Price: ৳ 45.00,(7's pack: ৳ 315.00),",(7's pack: ৳ 315.00)
7371,Xitil,allopathic,xitiltablet250-mg,Tablet,Cefuroxime Axetil,250 mg,Ziska Pharmaceuticals Ltd.,"Unit Price: ৳ 25.00,(14's pack: ৳ 350.00),",(14's pack: ৳ 350.00)
27288,Xitabin,allopathic,xitabintablet150-mg,Tablet,Capecitabine,150 mg,Beacon Pharmaceuticals Ltd.,"Unit Price: ৳ 60.00,(30's pack: ৳ 1,800.00),","(30's pack: ৳ 1,800.00)"
17268,Xitabin,allopathic,xitabintablet500-mg,Tablet,Capecitabine,500 mg,Beacon Pharmaceuticals Ltd.,"Unit Price: ৳ 125.00,(30's pack: ৳ 3,750.00),","(30's pack: ৳ 3,750.00)"
28159,Xisrol,allopathic,xisroltablet5-mg,Tablet,Bisoprolol Hemifumarate,5 mg,Apex Pharmaceuticals Ltd.,"Unit Price: ৳ 10.00,(30's pack: ৳ 300.00),",(30's pack: ৳ 300.00)
10546,Xpa XR,allopathic,xpa-xrtablet-extended-release665-mg,Tablet (Extended Release),Paracetamol,665 mg,Aristopharma Ltd.,"Unit Price: ৳ 1.50,(100's pack: ৳ 150.00),",(100's pack: ৳ 150.00)
10551,Xpa,allopathic,xpasuppository500-mg,Suppository,Paracetamol,500 mg,Aristopharma Ltd.,"Unit Price: ৳ 9.00,(20's pack: ৳ 180.00),",(20's pack: ৳ 180.00)
10550,Xpa,allopathic,xpasuppository250-mg,Suppository,Paracetamol,250 mg,Aristopharma Ltd.,"Unit Price: ৳ 6.00,(20's pack: ৳ 120.00),",(20's pack: ৳ 120.00)
10549,Xpa,allopathic,xpasuppository125-mg,Suppository,Paracetamol,125 mg,Aristopharma Ltd.,"Unit Price: ৳ 5.00,(10's pack: ৳ 50.00),",(10's pack: ৳ 50.00)
10548,Xpa,allopathic,xpapediatric-drops80-mgml,Pediatric Drops,Paracetamol,80 mg/ml,Aristopharma Ltd.,15 ml bottle: ৳ 14.80,
10547,Xpa,allopathic,xpaoral-suspension120-mg5-ml,Oral Suspension,Paracetamol,120 mg/5 ml,Aristopharma Ltd.,"60 ml bottle: ৳ 20.60,100 ml bottle: ৳ 30.00",
10545,Xpa,allopathic,xpatablet500-mg,Tablet,Paracetamol,500 mg,Aristopharma Ltd.,"Unit Price: ৳ 0.80,(250's pack: ৳ 200.00),",(250's pack: ৳ 200.00)
9721,Xoviral,allopathic,xoviralophthalmic-gel015,Ophthalmic Gel,Ganciclovir (Ophthalmic),0.15%,Aristopharma Ltd.,5 gm tube: ৳ 200.00,
26401,Xovir,allopathic,xovirtablet400-mg,Tablet,Acyclovir (Oral),400 mg,Beacon Pharmaceuticals Ltd.,"Unit Price: ৳ 22.00,(24's pack: ৳ 528.00),",(24's pack: ৳ 528.00)
26400,Xovir,allopathic,xovirtablet200-mg,Tablet,Acyclovir (Oral),200 mg,Beacon Pharmaceuticals Ltd.,"Unit Price: ৳ 14.00,(30's pack: ৳ 420.00),",(30's pack: ৳ 420.00)
26399,Xovir,allopathic,xoviroral-suspension200-mg5-ml,Oral Suspension,Acyclovir (Oral),200 mg/5 ml,Beacon Pharmaceuticals Ltd.,70 ml bottle: ৳ 125.00,
139,Xovir,allopathic,xoviriv-infusion500-mgvial,IV Infusion,Acyclovir (Injection),500 mg/vial,Beacon Pharmaceuticals Ltd.,500 mg vial: ৳ 702.11,
138,Xovir,allopathic,xoviriv-infusion250-mgvial,IV Infusion,Acyclovir (Injection),250 mg/vial,Beacon Pharmaceuticals Ltd.,250 mg vial: ৳ 401.20,
15035,Xorubin,allopathic,xorubiniv-infusion2-mgml,IV Infusion,Doxorubicin Hydrochloride,2 mg/ml,Beacon Pharmaceuticals Ltd.,"10 mg vial: ৳ 300.00,50 mg vial: ৳ 1,000.00",
7376,Xorimax,allopathic,xorimaxpowder-for-suspension125-mg5-ml,Powder for Suspension,Cefuroxime Axetil,125 mg/5 ml,SANDOZ (A Novartis Division),70 ml bottle: ৳ 251.00,
7375,Xorimax,allopathic,xorimaxtablet500-mg,Tablet,Cefuroxime Axetil,500 mg,SANDOZ (A Novartis Division),"Unit Price: ৳ 55.50,(14's pack: ৳ 777.00),",(14's pack: ৳ 777.00)
7374,Xorimax,allopathic,xorimaxtablet250-mg,Tablet,Cefuroxime Axetil,250 mg,SANDOZ (A Novartis Division),"Unit Price: ৳ 30.50,(14's pack: ৳ 427.00),",(14's pack: ৳ 427.00)
28160,Xoricard,allopathic,xoricardtablet20-mg,Tablet,Olmesartan Medoxomil,20 mg,Apex Pharmaceuticals Ltd.,"Unit Price: ৳ 8.00,(30's pack: ৳ 240.00),",(30's pack: ৳ 240.00)
31833,Xorest,allopathic,xoresttablet1-mg,Tablet,Clonazepam,1 mg,Everest Pharmaceuticals Ltd.,"Unit Price: ৳ 9.00,(30's pack: ৳ 270.00),",(30's pack: ৳ 270.00)
31832,Xorest,allopathic,xoresttablet05-mg,Tablet,Clonazepam,0.5 mg,Everest Pharmaceuticals Ltd.,"Unit Price: ৳ 7.00,(50's pack: ৳ 350.00),",(50's pack: ৳ 350.00)
32208,Xorel,allopathic,xoreltablet-enteric-coated10-mg,Tablet (Enteric Coated),Rabeprazole Sodium,10 mg,Ibn Sina Pharmaceuticals Ltd.,"Unit Price: ৳ 2.50,(100's pack: ৳ 250.00),",(100's pack: ৳ 250.00)
24019,Xorel,allopathic,xorelcapsule-delayed-release20-mg,Capsule (Delayed Release),Rabeprazole Sodium,20 mg,Ibn Sina Pharmaceuticals Ltd.,"Unit Price: ৳ 4.00,(100's pack: ৳ 400.00),",(100's pack: ৳ 400.00)
24018,Xorel,allopathic,xoreltablet-enteric-coated20-mg,Tablet (Enteric Coated),Rabeprazole Sodium,20 mg,Ibn Sina Pharmaceuticals Ltd.,"Unit Price: ৳ 3.00,(100's pack: ৳ 300.00),",(100's pack: ৳ 300.00)
27289,Xonimide,allopathic,xonimidedispersible-tablet50-mg,Dispersible Tablet,Zonisamide,50 mg,Beacon Pharmaceuticals Ltd.,"Unit Price: ৳ 15.00,(30's pack: ৳ 450.00),",(30's pack: ৳ 450.00)
25994,Xonimide,allopathic,xonimidecapsule50-mg,Capsule,Zonisamide,50 mg,Beacon Pharmaceuticals Ltd.,"Unit Price: ৳ 15.00,(30's pack: ৳ 450.00),",(30's pack: ৳ 450.00)
26979,Xone-3,allopathic,xone-3iv-injection500-mgvial,IV Injection,Ceftriaxone Sodium,500 mg/vial,Delta Pharma Ltd.,500 mg vial: ৳ 100.00,
26978,Xone-3,allopathic,xone-3iv-injection2-gmvial,IV Injection,Ceftriaxone Sodium,2 gm/vial,Delta Pharma Ltd.,2 gm vial: ৳ 250.00,
26977,Xone-3,allopathic,xone-3iv-injection1-gmvial,IV Injection,Ceftriaxone Sodium,1 gm/vial,Delta Pharma Ltd.,1 gm vial: ৳ 150.00,
26976,Xone-3,allopathic,xone-3im-injection500-mgvial,IM Injection,Ceftriaxone Sodium,500 mg/vial,Delta Pharma Ltd.,500 mg vial: ৳ 100.00,
20385,Xonad,allopathic,xonadoral-suspension30-mg5-ml,Oral Suspension,Fexofenadine Hydrochloride,30 mg/5 ml,Rephco Pharmaceuticals Ltd.,50 ml bottle: ৳ 48.00,
18682,Xtrapime,allopathic,xtrapimeiv-injection2-gmvial,IV Injection,Cefepime Hydrochloride,2 gm/vial,Asiatic Laboratories Ltd.,"2 gm vial: ৳ 1,100.00",
18681,Xtrapime,allopathic,xtrapimeimiv-injection1-gmvial,IM/IV Injection,Cefepime Hydrochloride,1 gm/vial,Asiatic Laboratories Ltd.,1 gm vial: ৳ 550.00,
18680,Xtrapime,allopathic,xtrapimeimiv-injection500-mgvial,IM/IV Injection,Cefepime Hydrochloride,500 mg/vial,Asiatic Laboratories Ltd.,500 mg vial: ৳ 300.00,
10737,Xtrapel SR,allopathic,xtrapel-srcapsule-sustained-release100-mg,Capsule (Sustained Release),Tramadol Hydrochloride,100 mg,Beacon Pharmaceuticals Ltd.,"Unit Price: ৳ 12.08,(30's pack: ৳ 362.40),",(30's pack: ৳ 362.40)
10751,Xtrapel,allopathic,xtrapelimiv-injection100-mg2-ml,IM/IV Injection,Tramadol Hydrochloride,100 mg/2 ml,Beacon Pharmaceuticals Ltd.,"2 mg ampoule: ৳ 20.13,(5's pack: ৳ 100.65),",(5's pack: ৳ 100.65)
10736,Xtrapel,allopathic,xtrapelcapsule50-mg,Capsule,Tramadol Hydrochloride,50 mg,Beacon Pharmaceuticals Ltd.,"Unit Price: ৳ 8.05,(20's pack: ৳ 161.00),",(20's pack: ৳ 161.00)
6671,Xtramox,allopathic,xtramoxpowder-for-suspension125-mg5-ml,Powder for Suspension,Amoxicillin Trihydrate,125 mg/5 ml,Bengal drugs Ltd.,100 ml bottle: ৳ 46.00,
6670,Xtramox,allopathic,xtramoxcapsule500-mg,Capsule,Amoxicillin Trihydrate,500 mg,Bengal drugs Ltd.,"Unit Price: ৳ 6.00,(50's pack: ৳ 300.00),",(50's pack: ৳ 300.00)
6669,Xtramox,allopathic,xtramoxcapsule250-mg,Capsule,Amoxicillin Trihydrate,250 mg,Bengal drugs Ltd.,"Unit Price: ৳ 3.50,(100's pack: ৳ 350.00),",(100's pack: ৳ 350.00)
17402,Xtrafen SR,allopathic,xtrafen-srtablet-sustained-release200-mg,Tablet (Sustained Release),Aceclofenac,200 mg,Delta Pharma Ltd.,"Unit Price: ৳ 6.67,(30's pack: ৳ 200.00),",(30's pack: ৳ 200.00)
17401,Xtrafen,allopathic,xtrafentablet100-mg,Tablet,Aceclofenac,100 mg,Delta Pharma Ltd.,"Unit Price: ৳ 2.00,(50's pack: ৳ 100.00),",(50's pack: ৳ 100.00)
19841,Xtradex,allopathic,xtradeximiv-injection5-mgml,IM/IV Injection,Dexamethasone,5 mg/ml,Pharmasia Limited,"1 ml ampoule: ৳ 15.00,(10's pack: ৳ 150.00),",(10's pack: ৳ 150.00)
28745,Xtracal-M,allopathic,xtracal-mtablet,Tablet,Calcium Carbonate + Vitamin D3 + Multimineral,,Pharmasia Limited,"Unit Price: ৳ 4.00,(30's pack: ৳ 120.00),",(30's pack: ৳ 120.00)
14478,Xtracal-D,allopathic,xtracal-dtablet500-mg200-iu,Tablet,Calcium Carbonate [Elemental source] + Vitamin D3,500 mg+200 IU,Pharmasia Limited,"Unit Price: ৳ 6.00,(60's pack: ৳ 360.00),",(60's pack: ৳ 360.00)
31529,Xtracal OT,allopathic,xtracal-ottablet740-mg,Tablet,Calcium Orotate,740 mg,Pharmasia Limited,"Unit Price: ৳ 11.00,(30's pack: ৳ 330.00),",(30's pack: ৳ 330.00)
31528,Xtracal OT,allopathic,xtracal-ottablet400-mg,Tablet,Calcium Orotate,400 mg,Pharmasia Limited,"Unit Price: ৳ 8.00,(50's pack: ৳ 400.00),",(50's pack: ৳ 400.00)
13420,Xvit,allopathic,xvitcapsule,Capsule,Carbonyl Iron + Folic Acid + Zinc Sulfate + Vitamin B Complex + Vitamin C,,Beacon Pharmaceuticals Ltd.,"Unit Price: ৳ 4.00,(50's pack: ৳ 200.00),",(50's pack: ৳ 200.00)
26671,Xtrum Gold,allopathic,xtrum-goldsyrup,Syrup,Multivitamin & Multimineral [A-Z gold preparation],,Globe Pharmaceuticals Ltd.,100 ml bottle: ৳ 90.00,
14134,Xtrum Gold,allopathic,xtrum-goldtablet,Tablet,Multivitamin & Multimineral [A-Z gold preparation],,Globe Pharmaceuticals Ltd.,"Unit Price: ৳ 7.00,(15's pack: ৳ 105.00),,Unit Price: ৳ 7.00,(30's pack: ৳ 210.00),","(15's pack: ৳ 105.00),(30's pack: ৳ 210.00)"
7377,Xtil,allopathic,xtiltablet250-mg,Tablet,Cefuroxime Axetil,250 mg,MST Pharma,"Unit Price: ৳ 25.00,(8's pack: ৳ 200.00),",(8's pack: ৳ 200.00)
11633,Xten,allopathic,xtentablet20-mg,Tablet,Tenoxicam,20 mg,Square Pharmaceuticals Ltd.,"Unit Price: ৳ 8.03,(30's pack: ৳ 240.90),",(30's pack: ৳ 240.90)
16366,Xtabac,allopathic,xtabactablet100-mg625-mg,Tablet,Cefpodoxime Proxetil + Clavulanic Acid,100 mg+62.5 mg,Opsonin Pharma Ltd.,"Unit Price: ৳ 20.00,(12's pack: ৳ 240.00),",(12's pack: ৳ 240.00)
16365,Xtabac,allopathic,xtabactablet200-mg125-mg,Tablet,Cefpodoxime Proxetil + Clavulanic Acid,200 mg+125 mg,Opsonin Pharma Ltd.,"Unit Price: ৳ 35.00,(12's pack: ৳ 420.00),",(12's pack: ৳ 420.00)
26877,Xride,allopathic,xridetablet60-mg,Tablet,Dapoxetine Hydrochloride,60 mg,Somatec Pharmaceuticals Ltd.,"Unit Price: ৳ 50.00,(8's pack: ৳ 400.00),",(8's pack: ৳ 400.00)
26876,Xride,allopathic,xridetablet30-mg,Tablet,Dapoxetine Hydrochloride,30 mg,Somatec Pharmaceuticals Ltd.,"Unit Price: ৳ 30.00,(12's pack: ৳ 360.00),",(12's pack: ৳ 360.00)
7842,Xpotil,allopathic,xpotilpowder-for-suspension40-mg5-ml,Powder for Suspension,Cefpodoxime Proxetil,40 mg/5 ml,Cosmic Pharma Ltd.,50 ml bottle: ৳ 98.00,
30508,Xpos,allopathic,xpostablet-delayed-release100-mg,Tablet (Delayed Release),Posaconazole,100 mg,Square Pharmaceuticals Ltd.,"Unit Price: ৳ 200.00,(10's pack: ৳ 2,000.00),","(10's pack: ৳ 2,000.00)"
28743,Xperia Gold,allopathic,xperia-goldtablet,Tablet,Multivitamin & Multimineral [A-Z gold preparation],,Pharmasia Limited,"Unit Price: ৳ 6.00,(30's pack: ৳ 180.00),",(30's pack: ৳ 180.00)
95,Xpain,allopathic,xpaintablet100-mg,Tablet,Aceclofenac,100 mg,Gaco Pharmaceuticals Ltd.,"Unit Price: ৳ 3.01,(50's pack: ৳ 150.50),",(50's pack: ৳ 150.50)
10633,Xpa-C,allopathic,xpa-ctablet500-mg65-mg,Tablet,Paracetamol + Caffeine,500 mg+65 mg,Aristopharma Ltd.,"Unit Price: ৳ 2.50,(200's pack: ৳ 500.00),",(200's pack: ৳ 500.00)
2792,Xyotil,allopathic,xyotiltablet40-mg,Tablet,Olmesartan Medoxomil,40 mg,Incepta Pharmaceuticals Ltd.,"Unit Price: ৳ 15.00,(30's pack: ৳ 450.00),",(30's pack: ৳ 450.00)
2791,Xyotil,allopathic,xyotiltablet20-mg,Tablet,Olmesartan Medoxomil,20 mg,Incepta Pharmaceuticals Ltd.,"Unit Price: ৳ 8.00,(30's pack: ৳ 240.00),",(30's pack: ৳ 240.00)
9762,Xynovir,allopathic,xynovirtablet300-mg,Tablet,Tenofovir Disoproxil Fumarate,300 mg,Incepta Pharmaceuticals Ltd.,"Unit Price: ৳ 85.00,(12's pack: ৳ 1,020.00),","(12's pack: ৳ 1,020.00)"
31878,Xynor,allopathic,xynortablet500-mg,Tablet,Ornidazole,500 mg,Beximco Pharmaceuticals Ltd.,"Unit Price: ৳ 6.50,(30's pack: ৳ 195.00),",(30's pack: ৳ 195.00)
11370,Xynofen SR,allopathic,xynofen-srcapsule-sustained-release100-mg,Capsule (Sustained Release),Ketoprofen (oral & injection),100 mg,Beximco Pharmaceuticals Ltd.,"Unit Price: ৳ 7.54,(50's pack: ৳ 376.86),",(50's pack: ৳ 376.86)
3038,Xynocard SR,allopathic,xynocard-srtablet-sustained-release26-mg,Tablet (Sustained Release),Nitroglycerin (Oral preparation),2.6 mg,The White Horse Pharma,"Unit Price: ৳ 3.00,(50's pack: ৳ 150.00),",(50's pack: ৳ 150.00)
16265,Xylovin,allopathic,xylovinnasal-drop01,Nasal Drop,Xylometazoline Hydrochloride,0.10%,Opso Saline Ltd.,"10 ml drop: ৳ 7.28,(12's pack: ৳ 87.36),",(12's pack: ৳ 87.36)
16264,Xylovin,allopathic,xylovinnasal-drop005,Nasal Drop,Xylometazoline Hydrochloride,0.05%,Opso Saline Ltd.,"10 ml drop: ৳ 7.28,(12's pack: ৳ 87.36),",(12's pack: ৳ 87.36)
2409,Xylose,allopathic,xyloseoral-solution335-gm5-ml,Oral Solution,Lactulose,3.35 gm/5 ml,Delta Pharma Ltd.,100 ml bottle: ৳ 120.00,
16296,Xylomet Plus,allopathic,xylomet-plusnasal-spray26-mg00325-mgspray,Nasal Spray,Sodium Cromoglicate + Xylometazoline Hydrochloride,(2.6 mg+0.0325 mg)/spray,Opsonin Pharma Ltd.,120 metered sprays: ৳ 110.00,
16263,Xylomet,allopathic,xylometnasal-drop01,Nasal Drop,Xylometazoline Hydrochloride,0.10%,Opsonin Pharma Ltd.,10 ml drop: ৳ 11.96,
13051,Xyloken,allopathic,xylokentopical-spray10-mgspray,Topical Spray,Lidocaine Hydrochloride (Spray),10 mg/spray,Opsonin Pharma Ltd.,"10 ml bottle: ৳ 100.30,50 ml bottle: ৳ 450.00",
21716,Xylogel,allopathic,xylogelgel2,Gel,Lidocaine Hydrochloride (Jelly),2%,UniMed UniHealth,30 gm tube: ৳ 100.00,
31222,Xylocon,allopathic,xyloconnasal-spray005,Nasal Spray,Oxymetazoline Hydrochloride (Nasal Preparation),0.05%,Square Pharmaceuticals Ltd.,10 ml nasal spray: ৳ 50.00,
16290,Xylocon,allopathic,xyloconnasal-drop0025,Nasal Drop,Oxymetazoline Hydrochloride (Nasal Preparation),0.03%,Square Pharmaceuticals Ltd.,"10 ml drop: ৳ 40.13,(6's pack: ৳ 240.78),",(6's pack: ৳ 240.78)
16289,Xylocon,allopathic,xyloconnasal-drop005,Nasal Drop,Oxymetazoline Hydrochloride (Nasal Preparation),0.05%,Square Pharmaceuticals Ltd.,"10 ml drop: ৳ 45.13,(6's pack: ৳ 270.78),",(6's pack: ৳ 270.78)
11889,Xyril,allopathic,xyriltablet25-mg,Tablet,Hydroxyzine  Hydrochloride,25 mg,Opsonin Pharma Ltd.,"Unit Price: ৳ 2.00,(200's pack: ৳ 400.00),",(200's pack: ৳ 400.00)
11888,Xyril,allopathic,xyriltablet10-mg,Tablet,Hydroxyzine  Hydrochloride,10 mg,Opsonin Pharma Ltd.,"Unit Price: ৳ 1.25,(200's pack: ৳ 250.00),",(200's pack: ৳ 250.00)
2988,Xyotil Plus,allopathic,xyotil-plustablet20-mg125-mg,Tablet,Olmesartan Medoxomil + Hydrochlorothiazide,20 mg+12.5 mg,Incepta Pharmaceuticals Ltd.,"Unit Price: ৳ 8.00,(30's pack: ৳ 240.00),",(30's pack: ৳ 240.00)
18764,Xylocef,allopathic,xylocefpowder-for-suspension100-mg5-ml,Powder for Suspension,Cefixime Trihydrate,100 mg/5 ml,Libra Pharmaceuticls Ltd.,50 ml bottle: ৳ 160.61,
18763,Xylocef,allopathic,xylocefcapsule200-mg,Capsule,Cefixime Trihydrate,200 mg,Libra Pharmaceuticls Ltd.,"Unit Price: ৳ 25.10,(8's pack: ৳ 200.80),",(8's pack: ৳ 200.80)
16295,Xylo Plus,allopathic,xylo-plusnasal-spray26-mg00325-mgspray,Nasal Spray,Sodium Cromoglicate + Xylometazoline Hydrochloride,(2.6 mg+0.0325 mg)/spray,Incepta Pharmaceuticals Ltd.,120 metered sprays: ৳ 110.00,
31508,Xylistin,allopathic,xylistinimiv-injection45-miu,IM/IV Injection,Colistimethate Sodium,4.5 MIU,ACME Laboratories Ltd.,"4.5 MIU vial: ৳ 1,000.00",
30026,Xyflo,allopathic,xyflochewable-tablet4-mg,Chewable Tablet,Montelukast Sodium,4 mg,Radiant Pharmaceuticals Ltd.,"Unit Price: ৳ 7.00,(30's pack: ৳ 210.00),",(30's pack: ৳ 210.00)
22639,Xyflo,allopathic,xyflotablet10-mg,Tablet,Montelukast Sodium,10 mg,Radiant Pharmaceuticals Ltd.,"Unit Price: ৳ 16.00,(30's pack: ৳ 480.00),",(30's pack: ৳ 480.00)
22638,Xyflo,allopathic,xyflochewable-tablet5-mg,Chewable Tablet,Montelukast Sodium,5 mg,Radiant Pharmaceuticals Ltd.,"Unit Price: ৳ 10.00,(30's pack: ৳ 300.00),",(30's pack: ৳ 300.00)
98,Xyfen,allopathic,xyfentablet100-mg,Tablet,Aceclofenac,100 mg,Supreme Pharmaceutical Ltd.,"Unit Price: ৳ 3.00,(30's pack: ৳ 90.00),",(30's pack: ৳ 90.00)
30837,Xyclon,allopathic,xyclontablet2-mg,Tablet,Clonazepam,2 mg,Ziska Pharmaceuticals Ltd.,"Unit Price: ৳ 10.00,(50's pack: ৳ 500.00),",(50's pack: ৳ 500.00)
30836,Xyclon,allopathic,xyclontablet1-mg,Tablet,Clonazepam,1 mg,Ziska Pharmaceuticals Ltd.,"Unit Price: ৳ 8.00,(50's pack: ৳ 400.00),",(50's pack: ৳ 400.00)
30835,Xyclon,allopathic,xyclontablet05-mg,Tablet,Clonazepam,0.5 mg,Ziska Pharmaceuticals Ltd.,"Unit Price: ৳ 6.00,(50's pack: ৳ 300.00),",(50's pack: ৳ 300.00)
23568,Zara Extra,allopathic,zara-extratablet500-mg65-mg,Tablet,Paracetamol + Caffeine,500 mg+65 mg,RN Pharmaceuticals,"Unit Price: ৳ 2.00,(100's pack: ৳ 200.00),",(100's pack: ৳ 200.00)
1259,Zapitor,allopathic,zapitortablet20-mg,Tablet,Atorvastatin Calcium,20 mg,Apex Pharmaceuticals Ltd.,"Unit Price: ৳ 12.00,(30's pack: ৳ 360.00),",(30's pack: ৳ 360.00)
1258,Zapitor,allopathic,zapitortablet10-mg,Tablet,Atorvastatin Calcium,10 mg,Apex Pharmaceuticals Ltd.,"Unit Price: ৳ 10.00,(30's pack: ৳ 300.00),",(30's pack: ৳ 300.00)
4313,Zapenia,allopathic,zapeniatablet100-mg,Tablet,Clozapine,100 mg,Incepta Pharmaceuticals Ltd.,"Unit Price: ৳ 9.00,(30's pack: ৳ 270.00),",(30's pack: ৳ 270.00)
4312,Zapenia,allopathic,zapeniatablet25-mg,Tablet,Clozapine,25 mg,Incepta Pharmaceuticals Ltd.,"Unit Price: ৳ 2.50,(50's pack: ৳ 125.00),",(50's pack: ৳ 125.00)
1057,Zanthin,allopathic,zanthincapsule4-mg,Capsule,Astaxanthin,4 mg,Square Pharmaceuticals Ltd.,"Unit Price: ৳ 22.00,(20's pack: ৳ 440.00),",(20's pack: ৳ 440.00)
1056,Zanthin,allopathic,zanthincapsule2-mg,Capsule,Astaxanthin,2 mg,Square Pharmaceuticals Ltd.,"Unit Price: ৳ 12.00,(30's pack: ৳ 360.00),",(30's pack: ৳ 360.00)
28197,Zantac,allopathic,zantactablet150-mg,Tablet,Ranitidine Hydrochloride,150 mg,GlaxoSmithKline,"Unit Price: ৳ 4.07,(100's pack: ৳ 407.00),",(100's pack: ৳ 407.00)
17242,Zaltrap,allopathic,zaltrapiv-infusion100-mg4-ml,IV Infusion,Aflibercept,100 mg/4 ml,Genzyme Corporation,"100 mg vial: ৳ 37,201.00",
28283,Zafir,allopathic,zafirtablet20-mg,Tablet,Zafirlukast,20 mg,ACME Laboratories Ltd.,"Unit Price: ৳ 20.07,(20's pack: ৳ 401.40),",(20's pack: ৳ 401.40)
15956,Zadit,allopathic,zaditophthalmic-solution0025,Ophthalmic Solution,Ketotifen Fumarate (Ophthalmic),0.03%,Popular Pharmaceuticals Ltd.,5 ml drop: ৳ 95.36,
3756,Zadit,allopathic,zaditsyrup1-mg5-ml,Syrup,Ketotifen Fumarate (Oral),1 mg/5 ml,Popular Pharmaceuticals Ltd.,100 ml bottle: ৳ 40.14,
3754,Zadifen,allopathic,zadifensyrup1-mg5-ml,Syrup,Ketotifen Fumarate (Oral),1 mg/5 ml,UniMed UniHealth,100 ml bottle: ৳ 45.00,
3753,Zadifen,allopathic,zadifentablet1-mg,Tablet,Ketotifen Fumarate (Oral),1 mg,UniMed UniHealth,"Unit Price: ৳ 2.00,(50's pack: ৳ 100.00),",(50's pack: ৳ 100.00)
1674,Zactrol,allopathic,zactroltablet40-mg,Tablet,Famotidine,40 mg,Peoples Pharma Ltd.,"Unit Price: ৳ 3.00,(100's pack: ৳ 300.00),",(100's pack: ৳ 300.00)
14641,Z-sil,allopathic,z-silsyrup10-mg5-ml,Syrup,Zinc Sulfate Monohydrate,10 mg/5 ml,Silva Pharmaceuticals Ltd.,"100 ml bottle: ৳ 25.17,200 ml bottle: ৳ 48.33",
14704,Zbvit,allopathic,zbvitsyrup,Syrup,Vitamin B Complex + Zinc,,Peoples Pharma Ltd.,100 ml bottle: ৳ 45.00,
32012,Zavicefta,allopathic,zaviceftaiv-infusion2-gm05-gmvial,IV Infusion,Ceftazidime + Avibactam,(2 gm+0.5 gm)/vial,Pfizer,"2.5 gm vial: ৳ 6,460.00,(10's pack: ৳ 64,600.00),","(10's pack: ৳ 64,600.00)"
431,Zatral,allopathic,zatraltablet-extended-release10-mg,Tablet (Extended Release),Alfuzosin Hydrochloride,10 mg,Eskayef Pharmaceuticals Ltd.,"Unit Price: ৳ 10.00,(30's pack: ৳ 300.00),",(30's pack: ৳ 300.00)
14715,Z-Plex,allopathic,z-plexsyrup,Syrup,Vitamin B Complex + Zinc,,ACME Laboratories Ltd.,"100 ml bottle: ৳ 55.00,200 ml bottle: ৳ 85.57",
21676,Z-Lidocaine Plus,allopathic,z-lidocaine-plusinjection2000125,Injection,Lidocaine + Epinephrine,2%+0.00125%,Ziska Pharmaceuticals Ltd.,50 ml vial: ৳ 100.00,
21718,Z-Lidocaine,allopathic,z-lidocainegel2,Gel,Lidocaine Hydrochloride (Jelly),2%,Ziska Pharmaceuticals Ltd.,30 gm tube: ৳ 90.00,
21717,Z-Lidocaine,allopathic,z-lidocaineinjection2,Injection,Lidocaine Hydrochloride (Injection),2%,Ziska Pharmaceuticals Ltd.,50 ml vial: ৳ 28.65,
13318,Z Fol,allopathic,z-folcapsule-timed-release150-mg05-mg618-mg,Capsule (Timed Release),Ferrous Sulfate + Folic Acid + Zinc Sulfate,150 mg+0.5 mg+61.8 mg,Bristol Pharmaceuticals Ltd.,"Unit Price: ৳ 2.93,(60's pack: ৳ 175.80),",(60's pack: ৳ 175.80)
27950,Yogra,allopathic,yogratablet100-mg,Tablet,Sildenafil Citrate,100 mg,The White Horse Pharma,"Unit Price: ৳ 50.00,(10's pack: ৳ 500.00),",(10's pack: ৳ 500.00)
27949,Yogra,allopathic,yogratablet50-mg,Tablet,Sildenafil Citrate,50 mg,The White Horse Pharma,"Unit Price: ৳ 30.00,(10's pack: ৳ 300.00),",(10's pack: ৳ 300.00)
16553,Xzema,allopathic,xzemacream201,Cream,Fucidic Acid + Betamethasone,2%+0.1%,Orion Pharma Ltd.,10 gm tube: ৳ 201.35,
4400,Xytrex,allopathic,xytrextablet10-mg,Tablet,Olanzapine,10 mg,ACI Limited,"Unit Price: ৳ 4.53,(100's pack: ৳ 453.00),",(100's pack: ৳ 453.00)
4399,Xytrex,allopathic,xytrextablet5-mg,Tablet,Olanzapine,5 mg,ACI Limited,"Unit Price: ৳ 2.52,(100's pack: ৳ 252.00),",(100's pack: ৳ 252.00)
11890,Xyril,allopathic,xyrilsyrup10-mg5-ml,Syrup,Hydroxyzine  Hydrochloride,10 mg/5 ml,Opsonin Pharma Ltd.,100 ml bottle: ৳ 38.00,
16248,Zelanex,allopathic,zelanexnasal-spray137-mcgspray,Nasal Spray,Azelastine Hydrochloride (Nasal Spray),137 mcg/spray,Opsonin Pharma Ltd.,120 metered sprays: ৳ 180.00,
9735,Zeffix,allopathic,zeffixtablet100-mg,Tablet,Lamivudine [For Chronic Hepatitis B],100 mg,GlaxoSmithKline,"Unit Price: ৳ 90.30,(10's pack: ৳ 903.00),",(10's pack: ৳ 903.00)
25287,Zeeplex,allopathic,zeeplexsyrup,Syrup,Vitamin B Complex + Zinc,,Cosmic Pharma Ltd.,"100 ml bottle: ৳ 45.00,200 ml bottle: ৳ 85.00",
14599,Zeenk,allopathic,zeenksyrup10-mg5-ml,Syrup,Zinc Sulfate Monohydrate,10 mg/5 ml,Cosmic Pharma Ltd.,100 ml bottle: ৳ 32.00,
14598,Zeenee,allopathic,zeeneesyrup10-mg5-ml,Syrup,Zinc Sulfate Monohydrate,10 mg/5 ml,Chemist Laboratories  Ltd.,100 ml bottle: ৳ 30.00,
13353,Zeefol-CI,allopathic,zeefol-cicapsule-timed-release50-mg050-mg6180-mg,Capsule (Timed Release),Carbonyl Iron + Folic Acid + Zinc Sulfate,50 mg+0.50 mg+61.80 mg,Eskayef Pharmaceuticals Ltd.,"Unit Price: ৳ 4.00,(90's pack: ৳ 360.00),",(90's pack: ৳ 360.00)
20298,Zeefol TR,allopathic,zeefol-trcapsule-timed-release150-mg05-mg618-mg,Capsule (Timed Release),Ferrous Sulfate + Folic Acid + Zinc Sulfate,150 mg+0.5 mg+61.8 mg,Eskayef Pharmaceuticals Ltd.,"Unit Price: ৳ 3.00,(60's pack: ৳ 180.00),",(60's pack: ৳ 180.00)
26812,Zeefol M,allopathic,zeefol-mtablet47-mg05-mg225-mg,Tablet,Iron Polymaltose Complex + Folic Acid + Zinc Sulfate,47 mg+0.5 mg+22.5 mg,Eskayef Pharmaceuticals Ltd.,"Unit Price: ৳ 3.50,(100's pack: ৳ 350.00),",(100's pack: ৳ 350.00)
30043,Zeefol AZ,allopathic,zeefol-aztablet,Tablet,Iron Polymaltose Complex + Folic Acid + Zinc + Vitamin B-Complex,,Eskayef Pharmaceuticals Ltd.,"Unit Price: ৳ 5.00,(60's pack: ৳ 300.00),",(60's pack: ৳ 300.00)
14597,Zee-2,allopathic,zee-2syrup10-mg5-ml,Syrup,Zinc Sulfate Monohydrate,10 mg/5 ml,Hudson Pharmaceuticals Ltd.,100 ml bottle: ৳ 50.00,
14596,Zee-1,allopathic,zee-1syrup405-mg5-ml,Syrup,Zinc Sulfate Monohydrate,4.05 mg/5 ml,Hudson Pharmaceuticals Ltd.,100 ml bottle: ৳ 30.00,
18859,Zedoxim,allopathic,zedoximpediatric-drops20-mgml,Pediatric Drops,Cefpodoxime Proxetil,20 mg/ml,Globe Pharmaceuticals Ltd.,15 ml bottle: ৳ 60.00,
18858,Zedoxim,allopathic,zedoximcapsule200-mg,Capsule,Cefpodoxime Proxetil,200 mg,Globe Pharmaceuticals Ltd.,"Unit Price: ৳ 40.00,(8's pack: ৳ 320.00),",(8's pack: ৳ 320.00)
18857,Zedoxim,allopathic,zedoximcapsule100-mg,Capsule,Cefpodoxime Proxetil,100 mg,Globe Pharmaceuticals Ltd.,"Unit Price: ৳ 20.00,(12's pack: ৳ 240.00),",(12's pack: ৳ 240.00)
7843,Zedoxim,allopathic,zedoximpowder-for-suspension40-mg5-ml,Powder for Suspension,Cefpodoxime Proxetil,40 mg/5 ml,Globe Pharmaceuticals Ltd.,50 ml bottle: ৳ 95.00,
28632,Zedex Max,allopathic,zedex-maxsyrup20-mg5-ml,Syrup,Zinc Sulfate Monohydrate,20 mg/5 ml,Beximco Pharmaceuticals Ltd.,100 ml bottle: ৳ 55.00,
7692,Zemicef DS,allopathic,zemicef-dspowder-for-suspension200-mg5-ml,Powder for Suspension,Cefixime Trihydrate,200 mg/5 ml,Popular Pharmaceuticals Ltd.,50 ml bottle: ৳ 321.22,
7691,Zemicef,allopathic,zemicefpowder-for-suspension100-mg5-ml,Powder for Suspension,Cefixime Trihydrate,100 mg/5 ml,Popular Pharmaceuticals Ltd.,"30 ml bottle: ৳ 135.00,40 ml bottle: ৳ 170.00,50 ml bottle: ৳ 210.00",
7690,Zemicef,allopathic,zemicefcapsule400-mg,Capsule,Cefixime Trihydrate,400 mg,Popular Pharmaceuticals Ltd.,"Unit Price: ৳ 50.19,(8's pack: ৳ 401.52),",(8's pack: ৳ 401.52)
7689,Zemicef,allopathic,zemicefcapsule200-mg,Capsule,Cefixime Trihydrate,200 mg,Popular Pharmaceuticals Ltd.,"Unit Price: ৳ 35.00,(14's pack: ৳ 490.00),",(14's pack: ৳ 490.00)
12648,Zemalog,allopathic,zemalogcream01,Cream,Halcinonide,0.10%,Gaco Pharmaceuticals Ltd.,5 gm tube: ৳ 18.05,
18018,Zeltas,allopathic,zeltasnasal-spray137-mcg50-mcgspray,Nasal Spray,Azelastine Hydrochloride + Fluticasone Propionate,(137 mcg+50 mcg)/spray,Opsonin Pharma Ltd.,120 metered sprays: ৳ 320.00,
29629,Zelanex,allopathic,zelanexophthalmic-solution005,Ophthalmic Solution,Azelastine Hydrochloride (Eye drop),0.05%,Opsonin Pharma Ltd.,5 ml drop: ৳ 130.00,
14594,Zedex DS,allopathic,zedex-dssyrup10-mg5-ml,Syrup,Zinc Sulfate Monohydrate,10 mg/5 ml,Beximco Pharmaceuticals Ltd.,100 ml bottle: ৳ 30.00,
28631,Zedex,allopathic,zedextablet20-mg,Tablet,Zinc Sulfate Monohydrate,20 mg,Beximco Pharmaceuticals Ltd.,"Unit Price: ৳ 1.51,(30's pack: ৳ 45.22),",(30's pack: ৳ 45.22)
7091,Zecef,allopathic,zecefpediatric-drops125-mg125-ml,Pediatric Drops,Cephradine,125 mg/1.25 ml,Gaco Pharmaceuticals Ltd.,15 ml bottle: ৳ 50.16,
7090,Zecef,allopathic,zecefpowder-for-suspension125-mg5-ml,Powder for Suspension,Cephradine,125 mg/5 ml,Gaco Pharmaceuticals Ltd.,100 ml bottle: ৳ 80.24,
7089,Zecef,allopathic,zecefcapsule500-mg,Capsule,Cephradine,500 mg,Gaco Pharmaceuticals Ltd.,"Unit Price: ৳ 12.54,(28's pack: ৳ 351.12),",(28's pack: ৳ 351.12)
14592,Zeal,allopathic,zealsyrup10-mg5-ml,Syrup,Zinc Sulfate Monohydrate,10 mg/5 ml,Jayson Pharmaceuticals Ltd.,100 ml bottle: ৳ 30.15,
30839,Zdiplex ZI,allopathic,zdiplex-zisyrup25-mcg100-mg1-mg5-ml,Syrup,Vitamin B12 + Elemental Iron + Folic Acid,(25 mcg+100 mg+1 mg)/5 ml,Edruc Limited,"100 ml bottle: ৳ 50.00,200 ml bottle: ৳ 100.00",
5829,Zenilon,allopathic,zenilontablet5-mg,Tablet,Prednisolone,5 mg,Zenith Pharmaceuticals Ltd.,"Unit Price: ৳ 1.14,(500's pack: ৳ 570.00),",(500's pack: ৳ 570.00)
2410,Zenilac,allopathic,zenilacoral-solution335-gm5-ml,Oral Solution,Lactulose,3.35 gm/5 ml,Zenith Pharmaceuticals Ltd.,100 ml bottle: ৳ 120.00,
1791,Zenil,allopathic,zeniltablet150-mg,Tablet,Ranitidine Hydrochloride,150 mg,Rangs Pharmaceuticals Ltd.,"Unit Price: ৳ 2.25,(100's pack: ৳ 225.00),",(100's pack: ৳ 225.00)
25851,Zenifor DS,allopathic,zenifor-dspowder-for-suspension250-mg5-ml,Powder for Suspension,Cefuroxime Axetil,250 mg/5 ml,Zenith Pharmaceuticals Ltd.,50 ml bottle: ৳ 198.00,
25850,Zenifor,allopathic,zenifortablet500-mg,Tablet,Cefuroxime Axetil,500 mg,Zenith Pharmaceuticals Ltd.,"Unit Price: ৳ 45.00,(8's pack: ৳ 360.00),",(8's pack: ৳ 360.00)
20221,Zenifol Plus,allopathic,zenifol-plustablet200-mg400-mcg,Tablet,Ferrous Fumarate + Folic acid,200 mg+400 mcg,Zenith Pharmaceuticals Ltd.,"Unit Price: ৳ 0.39,(45's pack: ৳ 17.55),",(45's pack: ৳ 17.55)
13176,Zenifol,allopathic,zenifoltablet200-mg200-mcg,Tablet,Ferrous Fumarate + Folic acid,200 mg+200 mcg,Zenith Pharmaceuticals Ltd.,"Unit Price: ৳ 0.30,(100's pack: ৳ 30.00),",(100's pack: ৳ 30.00)
1790,Zenidine,allopathic,zenidinetablet150-mg,Tablet,Ranitidine Hydrochloride,150 mg,Zenith Pharmaceuticals Ltd.,"Unit Price: ৳ 2.00,(100's pack: ৳ 200.00),",(100's pack: ৳ 200.00)
8714,Zenicin,allopathic,zenicinpowder-for-suspension200-mg5-ml,Powder for Suspension,Azithromycin Dihydrate,200 mg/5 ml,Zenith Pharmaceuticals Ltd.,"15 ml bottle: ৳ 80.00,30 ml bottle: ৳ 126.00,50 ml bottle: ৳ 180.00",
8713,Zenicin,allopathic,zenicintablet500-mg,Tablet,Azithromycin Dihydrate,500 mg,Zenith Pharmaceuticals Ltd.,"Unit Price: ৳ 30.00,(6's pack: ৳ 180.00),",(6's pack: ৳ 180.00)
7694,Zenicef,allopathic,zenicefpowder-for-suspension100-mg5-ml,Powder for Suspension,Cefixime Trihydrate,100 mg/5 ml,Zenith Pharmaceuticals Ltd.,50 ml bottle: ৳ 160.00,
7693,Zenicef,allopathic,zenicefcapsule200-mg,Capsule,Cefixime Trihydrate,200 mg,Zenith Pharmaceuticals Ltd.,"Unit Price: ৳ 25.00,(8's pack: ৳ 200.00),",(8's pack: ৳ 200.00)
28394,Zencal-D,allopathic,zencal-dtablet500-mg200-iu,Tablet,Calcium Carbonate [Elemental source] + Vitamin D3,500 mg+200 IU,Biogen Pharmaceuticals Ltd.,"Unit Price: ৳ 7.00,(30's pack: ৳ 210.00),,Unit Price: ৳ 7.00,(60's pack: ৳ 420.00),,Unit Price: ৳ 7.00,(100's pack: ৳ 700.00),","(30's pack: ৳ 210.00),(60's pack: ৳ 420.00),(100's pack: ৳ 700.00)"
28769,Zenbion,allopathic,zenbiontablet100-mg200-mg200-mcg,Tablet,"Vitamin B1, B6 & B12",100 mg+200 mg+200 mcg,Zenith Pharmaceuticals Ltd.,"Unit Price: ৳ 7.00,(50's pack: ৳ 350.00),",(50's pack: ৳ 350.00)
7095,Zenaf,allopathic,zenafpediatric-drops125-mg125-ml,Pediatric Drops,Cephradine,125 mg/1.25 ml,Cosmic Pharma Ltd.,15 ml bottle: ৳ 57.00,
7094,Zenaf,allopathic,zenafpowder-for-suspension125-mg5-ml,Powder for Suspension,Cephradine,125 mg/5 ml,Cosmic Pharma Ltd.,100 ml bottle: ৳ 82.00,
11515,Zenosyn,allopathic,zenosyntablet500-mg,Tablet,Naproxen Sodium,500 mg,Sharif Pharmaceuticals Ltd.,"Unit Price: ৳ 7.02,(30's pack: ৳ 210.60),",(30's pack: ৳ 210.60)
10265,Zenoquine,allopathic,zenoquinesyrup80-mg5-ml,Syrup,Chloroquine Phosphate,80 mg/5 ml,Zenith Pharmaceuticals Ltd.,60 ml bottle: ৳ 14.65,
10264,Zenoquine,allopathic,zenoquinetablet250-mg,Tablet,Chloroquine Phosphate,250 mg,Zenith Pharmaceuticals Ltd.,"Unit Price: ৳ 1.30,(30's pack: ৳ 39.00),",(30's pack: ৳ 39.00)
23371,Zenopan,allopathic,zenopantablet-enteric-coated20-mg,Tablet (Enteric Coated),Pantoprazole Sodium Sesquihydrate,20 mg,Zenith Pharmaceuticals Ltd.,"Unit Price: ৳ 5.00,(75's pack: ৳ 375.00),",(75's pack: ৳ 375.00)
30027,Zenocin,allopathic,zenocincream1-ww,Cream,Ozenoxacin,1% w/w,Navana Pharmaceuticals Ltd.,10 gm tube: ৳ 250.00,
28770,Zenith Milk Of Magnesia,allopathic,zenith-milk-of-magnesiaoral-suspension400-mg5-ml,Oral Suspension,Magnesium Hydroxide,400 mg/5 ml,Zenith Pharmaceuticals Ltd.,114 ml bottle: ৳ 60.00,
9812,Zenistin,allopathic,zenistinoral-suspension100000-unitml,Oral Suspension,Nystatin (Oral),100000 unit/ml,Zenith Pharmaceuticals Ltd.,12 ml bottle: ৳ 20.00,
7093,Zenaf,allopathic,zenafcapsule500-mg,Capsule,Cephradine,500 mg,Cosmic Pharma Ltd.,"Unit Price: ৳ 13.38,(21's pack: ৳ 280.98),",(21's pack: ৳ 280.98)
8712,Zemycin,allopathic,zemycinpowder-for-suspension200-mg5-ml,Powder for Suspension,Azithromycin Dihydrate,200 mg/5 ml,Gaco Pharmaceuticals Ltd.,"15 ml bottle: ৳ 85.26,35 ml bottle: ৳ 128.00,50 ml bottle: ৳ 172.00",
8711,Zemycin,allopathic,zemycintablet500-mg,Tablet,Azithromycin Dihydrate,500 mg,Gaco Pharmaceuticals Ltd.,"Unit Price: ৳ 30.09,(12's pack: ৳ 361.08),",(12's pack: ৳ 361.08)
14601,Zemin DS,allopathic,zemin-dssyrup20-mg5-ml,Syrup,Zinc Sulfate Monohydrate,20 mg/5 ml,Euro Pharma Ltd.,100 ml bottle: ৳ 55.00,
29082,Zemin,allopathic,zemintablet20-mg,Tablet,Zinc Sulfate Monohydrate,20 mg,Euro Pharma Ltd.,"Unit Price: ৳ 2.70,(100's pack: ৳ 270.00),",(100's pack: ৳ 270.00)
14600,Zemin,allopathic,zeminsyrup10-mg5-ml,Syrup,Zinc Sulfate Monohydrate,10 mg/5 ml,Euro Pharma Ltd.,100 ml bottle: ৳ 30.00,
32212,Zemicef Max,allopathic,zemicef-maxpediatric-drops100-mgml,Pediatric Drops,Cefixime Trihydrate,100 mg/ml,Popular Pharmaceuticals Ltd.,20 ml bottle: ৳ 250.00,
29890,Zerocal,allopathic,zerocaloral-powder12-mgsachet,Oral Powder,Sucralose,12 mg/sachet,Square Pharmaceuticals Ltd.,"12 mg sachet: ৳ 2.47,(75's pack: ৳ 185.00),",(75's pack: ৳ 185.00)
29889,Zerocal,allopathic,zerocaltablet65-mg,Tablet,Sucralose,6.5 mg,Square Pharmaceuticals Ltd.,"Unit Price: ৳ 1.30,(100's pack: ৳ 130.00),",(100's pack: ৳ 130.00)
8514,Zerobac,allopathic,zerobacpowder-for-suspension125-mg5-ml,Powder for Suspension,Erythromycin (Oral),125 mg/5 ml,Chemist Laboratories  Ltd.,100 ml bottle: ৳ 60.00,
28284,Zero,allopathic,zerooral-powder12-mgsachet,Oral Powder,Sucralose,12 mg/sachet,ACME Laboratories Ltd.,"12 mg sachet: ৳ 3.00,(20's pack: ৳ 60.00),",(20's pack: ৳ 60.00)
14764,Zero,allopathic,zerotablet8-mg,Tablet,Sucralose,8 mg,ACME Laboratories Ltd.,"Unit Price: ৳ 1.00,(100's pack: ৳ 100.00),",(100's pack: ৳ 100.00)
17283,Zerlinda,allopathic,zerlindaiv-infusion4-mg5-ml,IV Infusion,Zoledronic Acid [For hypercalcemia],4 mg/5 ml,BOTS Pvt. Limited,"4 mg vial: ৳ 7,800.00",
10634,Zerin-XP,allopathic,zerin-xptablet500-mg65-mg,Tablet,Paracetamol + Caffeine,500 mg+65 mg,Jayson Pharmaceuticals Ltd.,"Unit Price: ৳ 1.90,(100's pack: ৳ 190.00),",(100's pack: ৳ 190.00)
27427,Zerin,allopathic,zerinpediatric-drops80-mgml,Pediatric Drops,Paracetamol,80 mg/ml,Jayson Pharmaceuticals Ltd.,15 ml drop: ৳ 12.34,
10553,Zerin,allopathic,zerinoral-suspension120-mg5-ml,Oral Suspension,Paracetamol,120 mg/5 ml,Jayson Pharmaceuticals Ltd.,60 ml bottle: ৳ 20.70,
10552,Zerin,allopathic,zerintablet500-mg,Tablet,Paracetamol,500 mg,Jayson Pharmaceuticals Ltd.,"Unit Price: ৳ 0.80,(500's pack: ৳ 400.00),",(500's pack: ৳ 400.00)
4815,Zeptol CR,allopathic,zeptol-crtablet-controlled-release400-mg,Tablet (Controlled Release),Carbamazepine,400 mg,Sun Pharmaceutical Ltd.,"Unit Price: ৳ 8.52,(50's pack: ৳ 426.00),",(50's pack: ৳ 426.00)
4814,Zeptol CR,allopathic,zeptol-crtablet-controlled-release200-mg,Tablet (Controlled Release),Carbamazepine,200 mg,Sun Pharmaceutical Ltd.,"Unit Price: ৳ 7.00,(100's pack: ৳ 700.00),",(100's pack: ৳ 700.00)
4813,Zeptol,allopathic,zeptoltablet200-mg,Tablet,Carbamazepine,200 mg,Sun Pharmaceutical Ltd.,"Unit Price: ৳ 5.52,(100's pack: ৳ 552.00),",(100's pack: ৳ 552.00)
20303,Zepiron Plus,allopathic,zepiron-pluscapsule,Capsule,Iron Polymaltose Complex + Folic Acid + Zinc + Vitamin B-Complex,,Ibn Sina Pharmaceuticals Ltd.,"Unit Price: ৳ 5.00,(30's pack: ৳ 150.00),",(30's pack: ৳ 150.00)
16471,Zepiron,allopathic,zepirontablet47-mg05-mg225-mg,Tablet,Iron Polymaltose Complex + Folic Acid + Zinc Sulfate,47 mg+0.5 mg+22.5 mg,Ibn Sina Pharmaceuticals Ltd.,"Unit Price: ৳ 3.50,(30's pack: ৳ 105.00),",(30's pack: ৳ 105.00)
18315,Zepam,allopathic,zepamtablet3-mg,Tablet,Bromazepam,3 mg,ACI Limited,"Unit Price: ৳ 5.02,(50's pack: ৳ 251.00),",(50's pack: ৳ 251.00)
32297,Zeroflux,allopathic,zerofluxoral-suspension500-mg267-mg160-mg10-ml,Oral Suspension,Sodium Alginate + Sodium Bicarbonate + Calcium Carbonate,(500 mg+267 mg+160 mg)/10 ml,General Pharmaceuticals Ltd.,200 ml bottle: ৳ 250.00,
29270,Zerofen,allopathic,zerofentablet-enteric-coated100-mg,Tablet (Enteric Coated),Ketoprofen (oral & injection),100 mg,Al-Madina Pharmaceuticals Ltd.,"Unit Price: ৳ 6.00,(30's pack: ৳ 180.00),",(30's pack: ৳ 180.00)
29269,Zerofen,allopathic,zerofentablet-enteric-coated50-mg,Tablet (Enteric Coated),Ketoprofen (oral & injection),50 mg,Al-Madina Pharmaceuticals Ltd.,"Unit Price: ৳ 3.50,(50's pack: ৳ 175.00),",(50's pack: ৳ 175.00)
99,Zerodol,allopathic,zerodoltablet100-mg,Tablet,Aceclofenac,100 mg,Navana Pharmaceuticals Ltd.,"Unit Price: ৳ 3.01,(50's pack: ৳ 150.73),",(50's pack: ৳ 150.73)
15411,Zepac,allopathic,zepactablet10-mg,Tablet,Ketorolac Tromethamine,10 mg,SANDOZ (A Novartis Division),"Unit Price: ৳ 10.00,(30's pack: ৳ 300.00),",(30's pack: ৳ 300.00)
27899,Zep Junior,allopathic,zep-juniorsyrup10-mg5-ml,Syrup,Zinc Sulfate Monohydrate,10 mg/5 ml,Alco Pharma Ltd.,100 ml bottle: ৳ 35.11,
27898,Zep,allopathic,zepsyrup20-mg5-ml,Syrup,Zinc Sulfate Monohydrate,20 mg/5 ml,Alco Pharma Ltd.,100 ml bottle: ৳ 35.11,
27973,Zeosaline,allopathic,zeosalineoral-powder1395-gm,Oral Powder,Oral Rehydration Salt [Powder],13.95 gm,Sharif Pharmaceuticals Ltd.,"Unit Price: ৳ 4.58,(20's pack: ৳ 91.60),",(20's pack: ৳ 91.60)
26967,Zeofit,allopathic,zeofitcapsule-timed-release50-mg050-mg6180-mg,Capsule (Timed Release),Carbonyl Iron + Folic Acid + Zinc Sulfate,50 mg+0.50 mg+61.80 mg,Labaid Pharma Ltd.,"Unit Price: ৳ 4.00,(30's pack: ৳ 120.00),",(30's pack: ৳ 120.00)
5263,Zenzide,allopathic,zenzidetablet80-mg,Tablet,Gliclazide,80 mg,Zenith Pharmaceuticals Ltd.,"Unit Price: ৳ 6.00,(100's pack: ৳ 600.00),",(100's pack: ৳ 600.00)
4376,Zenxit,allopathic,zenxittablet05-mg10-mg,Tablet,Flupentixol + Melitracen,0.5 mg+10 mg,Zenith Pharmaceuticals Ltd.,"Unit Price: ৳ 3.25,(100's pack: ৳ 325.00),",(100's pack: ৳ 325.00)
28771,Zentolin,allopathic,zentolintablet4-mg,Tablet,Levosalbutamol (Oral),4 mg,Zenith Pharmaceuticals Ltd.,"Unit Price: ৳ 0.45,(500's pack: ৳ 225.00),",(500's pack: ৳ 225.00)
3540,Zentolin,allopathic,zentolinsyrup2-mg5-ml,Syrup,Salbutamol,2 mg/5 ml,Zenith Pharmaceuticals Ltd.,"60 ml bottle: ৳ 10.00,100 ml bottle: ৳ 16.00",
28772,Zenoxy,allopathic,zenoxycapsule250-mg,Capsule,Oxytetracycline,250 mg,Zenith Pharmaceuticals Ltd.,"Unit Price: ৳ 1.20,(100's pack: ৳ 120.00),",(100's pack: ৳ 120.00)
25401,Zicolin,allopathic,zicolineye-capsule,Eye Capsule,"Vitamin C, Vitamin E, Lutein, Copper & Zinc",,Monicopharma Ltd.,Unit Price: ৳ 10.00,
14706,Zico Plus,allopathic,zico-plussyrup,Syrup,Vitamin B Complex + Zinc,,General Pharmaceuticals Ltd.,100 ml bottle: ৳ 50.00,
14606,Zico,allopathic,zicosyrup10-mg5-ml,Syrup,Zinc Sulfate Monohydrate,10 mg/5 ml,General Pharmaceuticals Ltd.,100 ml bottle: ৳ 32.00,
15692,Zibac,allopathic,zibacophthalmic-solution1,Ophthalmic Solution,Azithromycin Dihydrate (Ophthalmic),1%,Popular Pharmaceuticals Ltd.,2.5 ml drop: ৳ 110.41,
8720,Zibac,allopathic,zibaciv-infusion500-mgml,IV Infusion,Azithromycin Dihydrate,500 mg/ml,Popular Pharmaceuticals Ltd.,500 mg vial: ৳ 461.74,
8719,Zibac,allopathic,zibacpowder-for-suspension200-mg5-ml,Powder for Suspension,Azithromycin Dihydrate,200 mg/5 ml,Popular Pharmaceuticals Ltd.,"15 ml bottle: ৳ 95.00,20 ml bottle: ৳ 100.00,25 ml bottle: ৳ 115.00,35 ml bottle: ৳ 150.00,50 ml bottle: ৳ 200.00",
8718,Zibac,allopathic,zibactablet500-mg,Tablet,Azithromycin Dihydrate,500 mg,Popular Pharmaceuticals Ltd.,"Unit Price: ৳ 35.00,(18's pack: ৳ 630.00),",(18's pack: ৳ 630.00)
8717,Zibac,allopathic,zibactablet250-mg,Tablet,Azithromycin Dihydrate,250 mg,Popular Pharmaceuticals Ltd.,"Unit Price: ৳ 25.00,(8's pack: ৳ 200.00),",(8's pack: ৳ 200.00)
31592,ZFC,allopathic,zfccapsule-timed-release50-mg050-mg6180-mg,Capsule (Timed Release),Carbonyl Iron + Folic Acid + Zinc Sulfate,50 mg+0.50 mg+61.80 mg,Silco Pharmaceutical Ltd.,"Unit Price: ৳ 3.00,(50's pack: ৳ 150.00),",(50's pack: ৳ 150.00)
14604,Zesup,allopathic,zesupsyrup10-mg5-ml,Syrup,Zinc Sulfate Monohydrate,10 mg/5 ml,Square Pharmaceuticals Ltd.,100 ml bottle: ৳ 35.11,
14053,Zest,allopathic,zesttablet6-mg200-mg50-mg,Tablet,Betacarotene + Vitamin C + Vitamin E,6 mg+200 mg+50 mg,Jayson Pharmaceuticals Ltd.,"Unit Price: ৳ 4.00,(50's pack: ৳ 200.00),",(50's pack: ৳ 200.00)
3294,Zesprin,allopathic,zesprintablet75-mg75-mg,Tablet,Clopidogrel + Aspirin,75 mg+75 mg,Zenith Pharmaceuticals Ltd.,"Unit Price: ৳ 11.00,(50's pack: ৳ 550.00),",(50's pack: ৳ 550.00)
30208,Zervin,allopathic,zervinophthalmic-solution024,Ophthalmic Solution,Cetirizine Hydrochloride (Ophthalmic),0.24%,Incepta Pharmaceuticals Ltd.,5 ml drop: ৳ 140.00,
30998,Zerotil Plus,allopathic,zerotil-plustablet500-mg125-mg,Tablet,Cefuroxime Axetil + Clavulanic Acid,500 mg+125 mg,Beacon Pharmaceuticals Ltd.,"Unit Price: ৳ 60.00,(14's pack: ৳ 840.00),",(14's pack: ৳ 840.00)
30997,Zerotil Plus,allopathic,zerotil-plustablet250-mg625-mg,Tablet,Cefuroxime Axetil + Clavulanic Acid,250 mg+62.5 mg,Beacon Pharmaceuticals Ltd.,"Unit Price: ৳ 35.00,(28's pack: ৳ 980.00),",(28's pack: ৳ 980.00)
31893,Zerotil,allopathic,zerotiliv-injection15-gmvial,IV Injection,Cefuroxime Axetil,1.5 gm/vial,Beacon Pharmaceuticals Ltd.,1.5 gm vial: ৳ 275.00,
7895,Zidicef,allopathic,zidicefimiv-injection250-mgvial,IM/IV Injection,Ceftazidime Pentahydrate,250 mg/vial,Popular Pharmaceuticals Ltd.,250 mg vial: ৳ 70.26,
5265,Zide,allopathic,zidetablet80-mg,Tablet,Gliclazide,80 mg,Pharmadesh Laboratories Ltd.,"Unit Price: ৳ 6.00,(50's pack: ৳ 300.00),",(50's pack: ৳ 300.00)
14719,Zicovit-B,allopathic,zicovit-bsyrup,Syrup,Vitamin B Complex + Zinc,,Globex Pharmaceuticals Ltd.,100 ml bottle: ৳ 45.00,
31892,Zerotil,allopathic,zerotilimiv-injection750-mgvial,IM/IV Injection,Cefuroxime Axetil,750 mg/vial,Beacon Pharmaceuticals Ltd.,750 mg vial: ৳ 200.00,
30445,Zerotil,allopathic,zerotilpowder-for-suspension125-mg5-ml,Powder for Suspension,Cefuroxime Axetil,125 mg/5 ml,Beacon Pharmaceuticals Ltd.,70 ml bottle: ৳ 275.00,
30444,Zerotil,allopathic,zerotiltablet500-mg,Tablet,Cefuroxime Axetil,500 mg,Beacon Pharmaceuticals Ltd.,"Unit Price: ৳ 45.00,(14's pack: ৳ 630.00),",(14's pack: ৳ 630.00)
30443,Zerotil,allopathic,zerotiltablet250-mg,Tablet,Cefuroxime Axetil,250 mg,Beacon Pharmaceuticals Ltd.,"Unit Price: ৳ 25.00,(14's pack: ৳ 350.00),",(14's pack: ৳ 350.00)
18339,Zerotens,allopathic,zerotenstablet3-mg,Tablet,Bromazepam,3 mg,Popular Pharmaceuticals Ltd.,"Unit Price: ৳ 4.00,(30's pack: ৳ 120.00),",(30's pack: ৳ 120.00)
26860,Zeropain,allopathic,zeropainimiv-injection60-mg2-ml,IM/IV Injection,Ketorolac Tromethamine,60 mg/2 ml,Healthcare Pharmaceuticals Ltd.,"2 ml ampoule: ৳ 100.00,(2's pack: ৳ 200.00),",(2's pack: ৳ 200.00)
15415,Zeropain,allopathic,zeropainimiv-injection30-mgml,IM/IV Injection,Ketorolac Tromethamine,30 mg/ml,Healthcare Pharmaceuticals Ltd.,"1 ml ampoule: ৳ 60.00,(5's pack: ৳ 300.00),",(5's pack: ৳ 300.00)
15414,Zeropain,allopathic,zeropaintablet10-mg,Tablet,Ketorolac Tromethamine,10 mg,Healthcare Pharmaceuticals Ltd.,"Unit Price: ৳ 12.00,(30's pack: ৳ 360.00),",(30's pack: ৳ 360.00)
30045,Zeromig,allopathic,zeromigtablet15-mg,Tablet,Pizotifen,1.5 mg,Eskayef Pharmaceuticals Ltd.,"Unit Price: ৳ 7.00,(30's pack: ৳ 210.00),",(30's pack: ৳ 210.00)
10821,Zeromig,allopathic,zeromigtablet05-mg,Tablet,Pizotifen,0.5 mg,Eskayef Pharmaceuticals Ltd.,"Unit Price: ৳ 3.00,(50's pack: ৳ 150.00),",(50's pack: ৳ 150.00)
29271,Zerolent,allopathic,zerolenttablet10-mg,Tablet,Baclofen,10 mg,Al-Madina Pharmaceuticals Ltd.,"Unit Price: ৳ 8.00,(30's pack: ৳ 240.00),",(30's pack: ৳ 240.00)
13407,Zifov,allopathic,zifovcapsule,Capsule,Iron + Folic Acid + Vitamin B Complex + Vitamine C + Zinc Sulfate,,Amulet Pharmaceuticals Ltd.,"Unit Price: ৳ 3.00,(50's pack: ৳ 150.00),",(50's pack: ৳ 150.00)
28107,Zifort,allopathic,zifortsyrup10-mg5-ml,Syrup,Zinc Sulfate Monohydrate,10 mg/5 ml,Ethical Drug Ltd.,100 ml bottle: ৳ 30.00,
13356,Zifonyl,allopathic,zifonylcapsule-timed-release50-mg050-mg6180-mg,Capsule (Timed Release),Carbonyl Iron + Folic Acid + Zinc Sulfate,50 mg+0.50 mg+61.80 mg,Kumudini Pharma Ltd.,"Unit Price: ৳ 3.00,(50's pack: ৳ 150.00),",(50's pack: ৳ 150.00)
14669,Zifolet,allopathic,zifolettablet5-mg20-mg,Tablet,Folic Acid + Zinc Sulfate Monohydrate,5 mg+20 mg,Square Pharmaceuticals Ltd.,"Unit Price: ৳ 1.51,(100's pack: ৳ 151.00),",(100's pack: ৳ 151.00)
13355,Zifocap,allopathic,zifocapcapsule-timed-release50-mg050-mg6180-mg,Capsule (Timed Release),Carbonyl Iron + Folic Acid + Zinc Sulfate,50 mg+0.50 mg+61.80 mg,Nuvista Pharma Ltd.,"Unit Price: ৳ 5.40,(56's pack: ৳ 302.40),",(56's pack: ৳ 302.40)
14609,Ziflu,allopathic,ziflusyrup10-mg5-ml,Syrup,Zinc Sulfate Monohydrate,10 mg/5 ml,Incepta Pharmaceuticals Ltd.,100 ml bottle: ৳ 30.00,
14608,Ziflu,allopathic,ziflutablet20-mg,Tablet,Zinc Sulfate Monohydrate,20 mg,Incepta Pharmaceuticals Ltd.,"Unit Price: ৳ 1.50,(100's pack: ৳ 150.00),",(100's pack: ৳ 150.00)
13335,Zifex SR,allopathic,zifex-srcapsule-sustained-release150-mg05-mg618-mg,Capsule (Sustained Release),Ferrous Sulfate + Folic Acid + Zinc Sulfate,150 mg+0.5 mg+61.8 mg,Salton Pharmaceuticals Ltd.,"Unit Price: ৳ 3.01,(50's pack: ৳ 150.50),",(50's pack: ৳ 150.50)
28500,Zifef TR,allopathic,zifef-trcapsule-timed-release150-mg05-mg618-mg,Capsule (Timed Release),Ferrous Sulfate + Folic Acid + Zinc Sulfate,150 mg+0.5 mg+61.8 mg,Navana Pharmaceuticals Ltd.,"Unit Price: ৳ 2.85,(30's pack: ৳ 85.64),",(30's pack: ৳ 85.64)
20324,Zifa TR,allopathic,zifa-trcapsule-timed-release150-mg05-mg618-mg,Capsule (Timed Release),Ferrous Sulfate + Folic Acid + Zinc Sulfate,150 mg+0.5 mg+61.8 mg,UniMed UniHealth,"Unit Price: ৳ 2.90,(30's pack: ৳ 87.00),",(30's pack: ৳ 87.00)
13354,Zif-CI,allopathic,zif-cicapsule-timed-release50-mg050-mg6180-mg,Capsule (Timed Release),Carbonyl Iron + Folic Acid + Zinc Sulfate,50 mg+0.50 mg+61.80 mg,Square Pharmaceuticals Ltd.,"Unit Price: ৳ 4.00,(60's pack: ৳ 240.00),",(60's pack: ৳ 240.00)
13421,Zif Forte,allopathic,zif-fortecapsule,Capsule,Carbonyl Iron + Folic Acid + Zinc Sulfate + Vitamin B Complex + Vitamin C,,Square Pharmaceuticals Ltd.,"Unit Price: ৳ 3.52,(60's pack: ৳ 211.20),",(60's pack: ৳ 211.20)
13319,Zif,allopathic,zifcapsule-timed-release150-mg05-mg618-mg,Capsule (Timed Release),Ferrous Sulfate + Folic Acid + Zinc Sulfate,150 mg+0.5 mg+61.8 mg,Square Pharmaceuticals Ltd.,"Unit Price: ৳ 3.01,(100's pack: ৳ 301.00),",(100's pack: ৳ 301.00)
14707,Zido-B,allopathic,zido-bsyrup,Syrup,Vitamin B Complex + Zinc,,Novo Healthcare and Pharma Ltd.,100 ml bottle: ৳ 45.13,
14569,Zido,allopathic,zidosyrup10-mg5-ml,Syrup,Zinc Sulfate Monohydrate,10 mg/5 ml,Novo Healthcare and Pharma Ltd.,100 ml bottle: ৳ 35.11,
30770,Zidimax,allopathic,zidimaximiv-injection1-gmvial,IM/IV Injection,Ceftazidime Pentahydrate,1 gm/vial,Biopharma Laboratories Ltd.,1 gm vial: ৳ 225.00,
13398,Ziliron B,allopathic,ziliron-bcapsule,Capsule,Iron Polymaltose Complex + Folic Acid + Zinc + Vitamin B-Complex,,Square Pharmaceuticals Ltd.,"Unit Price: ৳ 4.54,(30's pack: ৳ 136.20),",(30's pack: ৳ 136.20)
13320,Zilic-TR,allopathic,zilic-trcapsule-timed-release150-mg05-mg618-mg,Capsule (Timed Release),Ferrous Sulfate + Folic Acid + Zinc Sulfate,150 mg+0.5 mg+61.8 mg,Decent Pharma Laboratories Ltd.,"Unit Price: ৳ 3.00,(50's pack: ৳ 150.00),",(50's pack: ৳ 150.00)
31254,Zilas,allopathic,zilastablet20-mg,Tablet,Bilastine,20 mg,Healthcare Pharmaceuticals Ltd.,"Unit Price: ৳ 15.00,(30's pack: ৳ 450.00),",(30's pack: ৳ 450.00)
30472,Zilapro,allopathic,zilaprocapsule500-mg,Capsule,Cefprozil,500 mg,Beximco Pharmaceuticals Ltd.,Unit Price: ৳ 55.00,
30471,Zilapro,allopathic,zilaprocapsule250-mg,Capsule,Cefprozil,250 mg,Beximco Pharmaceuticals Ltd.,Unit Price: ৳ 30.00,
30470,Zilapro,allopathic,zilapropowder-for-suspension250-mg5-ml,Powder for Suspension,Cefprozil,250 mg/5 ml,Beximco Pharmaceuticals Ltd.,50 ml bottle: ৳ 276.00,
14610,Zikid,allopathic,zikidsyrup10-mg5-ml,Syrup,Zinc Sulfate Monohydrate,10 mg/5 ml,Globe Pharmaceuticals Ltd.,100 ml bottle: ৳ 35.00,
7903,Zidimax,allopathic,zidimaximiv-injection500-mgvial,IM/IV Injection,Ceftazidime Pentahydrate,500 mg/vial,Biopharma Laboratories Ltd.,500 mg vial: ৳ 115.00,
7902,Zidimax,allopathic,zidimaximiv-injection250-mgvial,IM/IV Injection,Ceftazidime Pentahydrate,250 mg/vial,Biopharma Laboratories Ltd.,250 mg vial: ৳ 70.00,
7900,Zidim,allopathic,zidimimiv-injection1-gmvial,IM/IV Injection,Ceftazidime Pentahydrate,1 gm/vial,Orion Pharma Ltd.,1 gm vial: ৳ 216.45,
7899,Zidim,allopathic,zidimimiv-injection500-mgvial,IM/IV Injection,Ceftazidime Pentahydrate,500 mg/vial,Orion Pharma Ltd.,500 mg vial: ৳ 115.78,
7898,Zidim,allopathic,zidimimiv-injection250-mgvial,IM/IV Injection,Ceftazidime Pentahydrate,250 mg/vial,Orion Pharma Ltd.,250 mg vial: ৳ 70.48,
7897,Zidicef,allopathic,zidicefimiv-injection1-gmvial,IM/IV Injection,Ceftazidime Pentahydrate,1 gm/vial,Popular Pharmaceuticals Ltd.,1 gm vial: ৳ 215.82,
7896,Zidicef,allopathic,zidicefimiv-injection500-mgvial,IM/IV Injection,Ceftazidime Pentahydrate,500 mg/vial,Popular Pharmaceuticals Ltd.,500 mg vial: ৳ 115.43,
27428,Zincare,allopathic,zincaredispersible-tablet20-mg,Dispersible Tablet,Zinc Sulfate Monohydrate,20 mg,Jayson Pharmaceuticals Ltd.,"Unit Price: ৳ 2.00,(30's pack: ৳ 60.00),",(30's pack: ৳ 60.00)
14708,Zinca Plex,allopathic,zinca-plexsyrup,Syrup,Vitamin B Complex + Zinc,,Apollo Pharmaceutical Ltd.,"100 ml bottle: ৳ 45.00,200 ml bottle: ৳ 85.00",
14613,Zinca,allopathic,zincasyrup10-mg5-ml,Syrup,Zinc Sulfate Monohydrate,10 mg/5 ml,Apollo Pharmaceutical Ltd.,100 ml bottle: ৳ 35.00,
14619,Zinc-S,allopathic,zinc-ssyrup10-mg5-ml,Syrup,Zinc Sulfate Monohydrate,10 mg/5 ml,Ambee Pharmaceuticals Ltd.,100 ml bottle: ৳ 25.00,
30970,Zinc-R,allopathic,zinc-rtablet20-mg,Tablet,Zinc Sulfate Monohydrate,20 mg,Radiant Pharmaceuticals Ltd.,"Unit Price: ৳ 2.75,(30's pack: ৳ 82.50),",(30's pack: ৳ 82.50)
31591,Zinc-Ag,allopathic,zinc-agsyrup10-mg5-ml,Syrup,Zinc Sulfate Monohydrate,10 mg/5 ml,Silco Pharmaceutical Ltd.,100 ml bottle: ৳ 52.00,
14620,Zinc Sulphate,allopathic,zinc-sulphatesyrup10-mg5-ml,Syrup,Zinc Sulfate Monohydrate,10 mg/5 ml,APC Pharma Ltd.,100 ml bottle: ৳ 30.00,
14709,Zinc Plus,allopathic,zinc-plussyrup,Syrup,Vitamin B Complex + Zinc,,Somatec Pharmaceuticals Ltd.,100 ml bottle: ৳ 45.00,
32317,Zinc Kid,allopathic,zinc-kiddispersible-tablet20-mg,Dispersible Tablet,Zinc Sulfate Monohydrate,20 mg,Al-Madina Pharmaceuticals Ltd.,"Unit Price: ৳ 2.00,(100's pack: ৳ 200.00),",(100's pack: ৳ 200.00)
12016,Zinal,allopathic,zinalsyrup5-mg5-ml,Syrup,Cetirizine Hydrochloride,5 mg/5 ml,UniMed UniHealth,60 ml bottle: ৳ 20.00,
13223,Zimon Plus,allopathic,zimon-plussyrup25-mcg100-mg1-mg5-ml,Syrup,Vitamin B12 + Elemental Iron + Folic Acid,(25 mcg+100 mg+1 mg)/5 ml,Zenith Pharmaceuticals Ltd.,60 ml bottle: ৳ 30.00,
14612,Zimon,allopathic,zimonsyrup10-mg5-ml,Syrup,Zinc Sulfate Monohydrate,10 mg/5 ml,Zenith Pharmaceuticals Ltd.,100 ml bottle: ৳ 30.00,
14611,Zimon,allopathic,zimontablet20-mg,Tablet,Zinc Sulfate Monohydrate,20 mg,Zenith Pharmaceuticals Ltd.,"Unit Price: ৳ 1.75,(100's pack: ৳ 175.00),",(100's pack: ৳ 175.00)
13321,Zimobin TR,allopathic,zimobin-trcapsule-timed-release150-mg05-mg618-mg,Capsule (Timed Release),Ferrous Sulfate + Folic Acid + Zinc Sulfate,150 mg+0.5 mg+61.8 mg,Apollo Pharmaceutical Ltd.,"Unit Price: ৳ 3.00,(30's pack: ৳ 90.00),",(30's pack: ৳ 90.00)
25666,Zimax,allopathic,zimaxtablet500-mg,Tablet,Azithromycin Dihydrate,500 mg,Square Pharmaceuticals Ltd.,"Unit Price: ৳ 35.11,(18's pack: ৳ 631.98),",(18's pack: ৳ 631.98)
8724,Zimax,allopathic,zimaxiv-infusion500-mgvial,IV Infusion,Azithromycin Dihydrate,500 mg/vial,Square Pharmaceuticals Ltd.,500 mg vial: ৳ 461.38,
8725,Zinex,allopathic,zinextablet250-mg,Tablet,Azithromycin Dihydrate,250 mg,Alco Pharma Ltd.,"Unit Price: ৳ 20.06,(12's pack: ৳ 240.72),",(12's pack: ৳ 240.72)
29783,ZincTab,allopathic,zinctabtablet20-mg,Tablet,Zinc Sulfate Monohydrate,20 mg,Ibn Sina Pharmaceuticals Ltd.,"Unit Price: ৳ 2.75,(60's pack: ৳ 165.00),",(60's pack: ৳ 165.00)
29448,Zincoral DT,allopathic,zincoral-dtdispersible-tablet20-mg,Dispersible Tablet,Zinc Sulfate Monohydrate,20 mg,Ziska Pharmaceuticals Ltd.,"Unit Price: ৳ 2.00,(100's pack: ৳ 200.00),",(100's pack: ৳ 200.00)
14618,Zincoral,allopathic,zincoralsyrup10-mg5-ml,Syrup,Zinc Sulfate Monohydrate,10 mg/5 ml,Ziska Pharmaceuticals Ltd.,100 ml bottle: ৳ 30.00,
4604,Zincin,allopathic,zincintablet15-mg,Tablet,Cinnarizine,15 mg,Aristopharma Ltd.,"Unit Price: ৳ 1.00,(250's pack: ৳ 250.00),",(250's pack: ৳ 250.00)
31144,ZincFast,allopathic,zincfasttablet60-mg,Tablet,Zinc Orotate,60 mg,NIPRO JMI Pharma Ltd.,"Unit Price: ৳ 5.00,(30's pack: ৳ 150.00),",(30's pack: ৳ 150.00)
14616,Zincep,allopathic,zincepsyrup10-mg5-ml,Syrup,Zinc Sulfate Monohydrate,10 mg/5 ml,Desh Pharmaceuticals Ltd.,100 ml bottle: ৳ 30.00,
14614,Zincase,allopathic,zincasesyrup10-mg5-ml,Syrup,Zinc Sulfate Monohydrate,10 mg/5 ml,Reliance Pharmaceuticals Ltd.,100 ml bottle: ৳ 27.00,
8723,Zimax,allopathic,zimaxpowder-for-suspension200-mg5-ml,Powder for Suspension,Azithromycin Dihydrate,200 mg/5 ml,Square Pharmaceuticals Ltd.,"15 ml bottle: ৳ 95.00,30 ml bottle: ৳ 140.00,50 ml bottle: ৳ 200.00",
8721,Zimax,allopathic,zimaxcapsule250-mg,Capsule,Azithromycin Dihydrate,250 mg,Square Pharmaceuticals Ltd.,"Unit Price: ৳ 25.08,(12's pack: ৳ 300.96),",(12's pack: ৳ 300.96)
13422,Zilvit,allopathic,zilvitcapsule,Capsule,Carbonyl Iron + Folic Acid + Zinc Sulfate + Vitamin B Complex + Vitamin C,,Eskayef Pharmaceuticals Ltd.,"Unit Price: ৳ 3.50,(60's pack: ৳ 210.00),",(60's pack: ৳ 210.00)
18021,Zilsart,allopathic,zilsarttablet40-mg,Tablet,Azilsartan Medoxomil,40 mg,ACME Laboratories Ltd.,"Unit Price: ৳ 12.00,(30's pack: ৳ 360.00),",(30's pack: ৳ 360.00)
1978,Zilon,allopathic,ziloncapsule-delayed-release40-mg,Capsule (Delayed Release),Omeprazole,40 mg,Radiant Pharmaceuticals Ltd.,"Unit Price: ৳ 7.52,(24's pack: ৳ 180.48),",(24's pack: ৳ 180.48)
1977,Zilon,allopathic,ziloncapsule-delayed-release20-mg,Capsule (Delayed Release),Omeprazole,20 mg,Radiant Pharmaceuticals Ltd.,"Unit Price: ৳ 5.02,(60's pack: ৳ 301.20),",(60's pack: ৳ 301.20)
13322,Ziron-F,allopathic,ziron-fcapsule-timed-release150-mg05-mg618-mg,Capsule (Timed Release),Ferrous Sulfate + Folic Acid + Zinc Sulfate,150 mg+0.5 mg+61.8 mg,Cosmic Pharma Ltd.,"Unit Price: ৳ 3.00,(50's pack: ৳ 150.00),",(50's pack: ৳ 150.00)
9722,Zirgan,allopathic,zirganophthalmic-gel015,Ophthalmic Gel,Ganciclovir (Ophthalmic),0.15%,Ibn Sina Pharmaceuticals Ltd.,5 gm tube: ৳ 200.00,
14631,Ziqui,allopathic,ziquisyrup10-mg5-ml,Syrup,Zinc Sulfate Monohydrate,10 mg/5 ml,Monicopharma Ltd.,100 ml bottle: ৳ 35.00,
4441,Zipradon,allopathic,zipradoncapsule40-mg,Capsule,Ziprasidone,40 mg,Drug International Ltd.,"Unit Price: ৳ 10.00,(30's pack: ৳ 300.00),",(30's pack: ৳ 300.00)
4440,Zipradon,allopathic,zipradoncapsule20-mg,Capsule,Ziprasidone,20 mg,Drug International Ltd.,"Unit Price: ৳ 5.00,(50's pack: ৳ 250.00),",(50's pack: ৳ 250.00)
14711,Zipol Plus,allopathic,zipol-plussyrup,Syrup,Vitamin B Complex + Zinc,,Apex Pharmaceuticals Ltd.,100 ml bottle: ৳ 45.00,
14630,Zipol,allopathic,zipolsyrup10-mg5-ml,Syrup,Zinc Sulfate Monohydrate,10 mg/5 ml,Apex Pharmaceuticals Ltd.,100 ml bottle: ৳ 32.00,
14629,Zinton,allopathic,zintonsyrup10-mg5-ml,Syrup,Zinc Sulfate Monohydrate,10 mg/5 ml,Millat Pharmaceuticals Ltd.,100 ml bottle: ৳ 35.00,
14628,Zinta-20,allopathic,zinta-20syrup20-mg5-ml,Syrup,Zinc Sulfate Monohydrate,20 mg/5 ml,MST Pharma,100 ml bottle: ৳ 50.00,
14627,Zinsul,allopathic,zinsulsyrup405-mg5-ml,Syrup,Zinc Sulfate Monohydrate,4.05 mg/5 ml,Doctor’s Chemical Works Ltd.,100 ml bottle: ৳ 28.00,
14657,Zins,allopathic,zinssyrup10-mg5-ml,Syrup,Zinc Sulfate Monohydrate,10 mg/5 ml,Indo Bangla Pharmaceutical,100 ml bottle: ৳ 26.00,
14626,Zinpro,allopathic,zinprosyrup10-mg5-ml,Syrup,Zinc Sulfate Monohydrate,10 mg/5 ml,Kumudini Pharma Ltd.,100 ml bottle: ৳ 30.00,
27081,Zinoret,allopathic,zinorettablet60-mg,Tablet,Zinc Orotate,60 mg,Opsonin Pharma Ltd.,"Unit Price: ৳ 5.00,(30's pack: ৳ 150.00),",(30's pack: ৳ 150.00)
14625,Zinon,allopathic,zinonsyrup10-mg5-ml,Syrup,Zinc Sulfate Monohydrate,10 mg/5 ml,Medicon Pharmaceuticals Ltd.,100 ml bottle: ৳ 34.00,
14624,Zinon,allopathic,zinontablet20-mg,Tablet,Zinc Sulfate Monohydrate,20 mg,Medicon Pharmaceuticals Ltd.,"Unit Price: ৳ 1.48,(30's pack: ৳ 44.32),",(30's pack: ৳ 44.32)
14710,Zinofa-B,allopathic,zinofa-bsyrup,Syrup,Vitamin B Complex + Zinc,,Modern Pharmaceuticals Ltd.,"100 ml bottle: ৳ 47.00,200 ml bottle: ৳ 85.00",
14067,Ziskavit-M,allopathic,ziskavit-mtablet,Tablet,Multivitamin [Adult preparation],,Ziska Pharmaceuticals Ltd.,"Unit Price: ৳ 2.00,(30's pack: ৳ 60.00),",(30's pack: ৳ 60.00)
13869,Ziskavit,allopathic,ziskavittablet,Tablet,Vitamin B complex,,Ziska Pharmaceuticals Ltd.,"Unit Price: ৳ 0.55,(100's pack: ৳ 55.00),",(100's pack: ৳ 55.00)
14819,Ziska Oral Saline,allopathic,ziska-oral-salineoral-powder1395-gm,Oral Powder,Oral Rehydration Salt [Powder],13.95 gm,Ziska Pharmaceuticals Ltd.,"Unit Price: ৳ 5.00,(20's pack: ৳ 100.00),",(20's pack: ৳ 100.00)
14632,Zis-DS,allopathic,zis-dssyrup10-mg5-ml,Syrup,Zinc Sulfate Monohydrate,10 mg/5 ml,ACME Laboratories Ltd.,100 ml bottle: ৳ 38.11,
14623,Zinofa,allopathic,zinofasyrup10-mg5-ml,Syrup,Zinc Sulfate Monohydrate,10 mg/5 ml,Modern Pharmaceuticals Ltd.,100 ml bottle: ৳ 30.00,
25796,Zinnat,allopathic,zinnatpowder-for-suspension125-mg5-ml,Powder for Suspension,Cefuroxime Axetil,125 mg/5 ml,GlaxoSmithKline,70 ml bottle: ৳ 360.00,
7383,Zinnat,allopathic,zinnattablet500-mg,Tablet,Cefuroxime Axetil,500 mg,GlaxoSmithKline,"Unit Price: ৳ 48.00,(14's pack: ৳ 672.00),",(14's pack: ৳ 672.00)
7382,Zinnat,allopathic,zinnattablet250-mg,Tablet,Cefuroxime Axetil,250 mg,GlaxoSmithKline,"Unit Price: ৳ 27.00,(14's pack: ৳ 378.00),",(14's pack: ৳ 378.00)
7381,Zinnat,allopathic,zinnattablet125-mg,Tablet,Cefuroxime Axetil,125 mg,GlaxoSmithKline,"Unit Price: ৳ 15.00,(14's pack: ৳ 210.00),",(14's pack: ৳ 210.00)
28922,Zinga,allopathic,zingatablet20-mg,Tablet,Zinc Sulfate Monohydrate,20 mg,Biopharma Laboratories Ltd.,"Unit Price: ৳ 2.00,(50's pack: ৳ 100.00),",(50's pack: ৳ 100.00)
14622,Zinga,allopathic,zingasyrup10-mg5-ml,Syrup,Zinc Sulfate Monohydrate,10 mg/5 ml,Biopharma Laboratories Ltd.,100 ml bottle: ৳ 35.00,
14670,Zinfo,allopathic,zinfocapsule500-mg225-mg,Capsule,Folic Acid + Zinc Sulfate Monohydrate,500 mg+22.5 mg,Marker Pharma Ltd.,"Unit Price: ৳ 3.00,(30's pack: ৳ 90.00),",(30's pack: ৳ 90.00)
8727,Zinex,allopathic,zinexpowder-for-suspension200-mg5-ml,Powder for Suspension,Azithromycin Dihydrate,200 mg/5 ml,Alco Pharma Ltd.,"15 ml bottle: ৳ 85.26,30 ml bottle: ৳ 130.39,50 ml bottle: ৳ 185.56",
8726,Zinex,allopathic,zinextablet500-mg,Tablet,Azithromycin Dihydrate,500 mg,Alco Pharma Ltd.,"Unit Price: ৳ 35.00,(12's pack: ৳ 420.00),",(12's pack: ৳ 420.00)
14635,Ziton,allopathic,zitonsyrup10-mg5-ml,Syrup,Zinc Sulfate Monohydrate,10 mg/5 ml,Drug International Ltd.,100 ml bottle: ৳ 30.10,
8745,Zithrox,allopathic,zithroxpowder-for-suspension200-mg5-ml,Powder for Suspension,Azithromycin Dihydrate,200 mg/5 ml,Eskayef Pharmaceuticals Ltd.,"20 ml bottle: ৳ 95.00,35 ml bottle: ৳ 140.00,50 ml bottle: ৳ 192.00",
8744,Zithrox,allopathic,zithroxtablet500-mg,Tablet,Azithromycin Dihydrate,500 mg,Eskayef Pharmaceuticals Ltd.,"Unit Price: ৳ 35.00,(12's pack: ৳ 420.00),",(12's pack: ৳ 420.00)
8743,Zithrox,allopathic,zithroxtablet250-mg,Tablet,Azithromycin Dihydrate,250 mg,Eskayef Pharmaceuticals Ltd.,"Unit Price: ৳ 25.00,(12's pack: ৳ 300.00),",(12's pack: ৳ 300.00)
8741,Zithrolex,allopathic,zithrolextablet500-mg,Tablet,Azithromycin Dihydrate,500 mg,Mystic Pharmaceuticals Ltd.,"Unit Price: ৳ 28.00,(6's pack: ৳ 168.00),",(6's pack: ৳ 168.00)
8739,Zithro,allopathic,zithropowder-for-suspension200-mg5-ml,Powder for Suspension,Azithromycin Dihydrate,200 mg/5 ml,Pharmadesh Laboratories Ltd.,"15 ml bottle: ৳ 86.11,30 ml bottle: ৳ 125.47",
8738,Zithro,allopathic,zithrocapsule500-mg,Capsule,Azithromycin Dihydrate,500 mg,Pharmadesh Laboratories Ltd.,"Unit Price: ৳ 30.11,(6's pack: ৳ 180.66),",(6's pack: ৳ 180.66)
8737,Zithro,allopathic,zithrocapsule250-mg,Capsule,Azithromycin Dihydrate,250 mg,Pharmadesh Laboratories Ltd.,"Unit Price: ৳ 20.06,(6's pack: ৳ 120.36),",(6's pack: ৳ 120.36)
8736,Zithrin,allopathic,zithriniv-infusion500-mgvial,IV Infusion,Azithromycin Dihydrate,500 mg/vial,Renata Limited,500 mg vial: ৳ 460.00,
8735,Zithrin,allopathic,zithrinpowder-for-suspension200-mg5-ml,Powder for Suspension,Azithromycin Dihydrate,200 mg/5 ml,Renata Limited,"15 ml bottle: ৳ 80.30,20 ml bottle: ৳ 85.32,30 ml bottle: ৳ 135.00,35 ml bottle: ৳ 140.00,50 ml bottle: ৳ 185.00",
8734,Zithrin,allopathic,zithrincapsule250-mg,Capsule,Azithromycin Dihydrate,250 mg,Renata Limited,"Unit Price: ৳ 20.00,(15's pack: ৳ 300.00),",(15's pack: ৳ 300.00)
8733,Zithrin,allopathic,zithrintablet500-mg,Tablet,Azithromycin Dihydrate,500 mg,Renata Limited,"Unit Price: ৳ 35.00,(15's pack: ৳ 525.00),",(15's pack: ৳ 525.00)
8732,Zithrin,allopathic,zithrintablet250-mg,Tablet,Azithromycin Dihydrate,250 mg,Renata Limited,"Unit Price: ৳ 25.00,(15's pack: ৳ 375.00),",(15's pack: ৳ 375.00)
8731,Zithracin,allopathic,zithracinpowder-for-suspension200-mg5-ml,Powder for Suspension,Azithromycin Dihydrate,200 mg/5 ml,Supreme Pharmaceutical Ltd.,"35 ml bottle: ৳ 130.00,50 ml bottle: ৳ 185.00",
8730,Zithracin,allopathic,zithracintablet500-mg,Tablet,Azithromycin Dihydrate,500 mg,Supreme Pharmaceutical Ltd.,"Unit Price: ৳ 35.00,(6's pack: ৳ 210.00),",(6's pack: ৳ 210.00)
3758,Ziten,allopathic,zitensyrup1-mg5-ml,Syrup,Ketotifen Fumarate (Oral),1 mg/5 ml,Pharmadesh Laboratories Ltd.,100 ml bottle: ৳ 40.00,
7905,Zitum,allopathic,zitumimiv-injection250-mgvial,IM/IV Injection,Ceftazidime Pentahydrate,250 mg/vial,ACI Limited,250 mg vial: ৳ 70.47,
8747,Zitrex,allopathic,zitrexpowder-for-suspension200-mg5-ml,Powder for Suspension,Azithromycin Dihydrate,200 mg/5 ml,Medicon Pharmaceuticals Ltd.,"20 ml bottle: ৳ 97.72,35 ml bottle: ৳ 138.63,50 ml bottle: ৳ 184.40",
8746,Zitrex,allopathic,zitrextablet500-mg,Tablet,Azithromycin Dihydrate,500 mg,Medicon Pharmaceuticals Ltd.,"Unit Price: ৳ 32.95,(12's pack: ৳ 395.43),",(12's pack: ৳ 395.43)
3757,Ziten,allopathic,zitentablet1-mg,Tablet,Ketotifen Fumarate (Oral),1 mg,Pharmadesh Laboratories Ltd.,"Unit Price: ৳ 2.00,(100's pack: ৳ 200.00),",(100's pack: ৳ 200.00)
15694,Zita,allopathic,zitaophthalmic-solution1,Ophthalmic Solution,Azithromycin Dihydrate (Ophthalmic),1%,Kemiko Pharmaceuticals Ltd.,2.5 ml drop: ৳ 120.35,
8729,Zita,allopathic,zitapowder-for-suspension200-mg5-ml,Powder for Suspension,Azithromycin Dihydrate,200 mg/5 ml,Kemiko Pharmaceuticals Ltd.,"15 ml bottle: ৳ 85.26,30 ml bottle: ৳ 130.39,50 ml bottle: ৳ 185.56",
8728,Zita,allopathic,zitatablet500-mg,Tablet,Azithromycin Dihydrate,500 mg,Kemiko Pharmaceuticals Ltd.,"Unit Price: ৳ 35.00,(12's pack: ৳ 420.00),",(12's pack: ৳ 420.00)
14634,Zisulmet,allopathic,zisulmetsyrup10-mg5-ml,Syrup,Zinc Sulfate Monohydrate,10 mg/5 ml,Medimet Pharmaceuticals Ltd.,100 ml bottle: ৳ 30.00,
14659,Zisul,allopathic,zisulsyrup10-mg5-ml,Syrup,Zinc Sulfate Monohydrate,10 mg/5 ml,Marksman Pharmaceuticals Ltd.,100 ml bottle: ৳ 25.00,
19295,Zistacin,allopathic,zistacintablet4-mg,Tablet,Chlorpheniramine Maleate,4 mg,Zenith Pharmaceuticals Ltd.,"Unit Price: ৳ 0.28,(500's pack: ৳ 140.00),",(500's pack: ৳ 140.00)
11853,Zistacin,allopathic,zistacinsyrup2-mg5-ml,Syrup,Chlorpheniramine Maleate,2 mg/5 ml,Zenith Pharmaceuticals Ltd.,"60 ml bottle: ৳ 9.00,100 ml bottle: ৳ 14.00",
30402,Zispin,allopathic,zispintablet15-mg,Tablet,Mirtazapine,15 mg,Opsonin Pharma Ltd.,"Unit Price: ৳ 8.00,(42's pack: ৳ 336.00),",(42's pack: ৳ 336.00)
14712,Zismo-B,allopathic,zismo-bsyrup,Syrup,Vitamin B Complex + Zinc,,Kemiko Pharmaceuticals Ltd.,"100 ml bottle: ৳ 50.14,200 ml bottle: ৳ 85.26",
14633,Zismo,allopathic,zismosyrup10-mg5-ml,Syrup,Zinc Sulfate Monohydrate,10 mg/5 ml,Kemiko Pharmaceuticals Ltd.,100 ml bottle: ৳ 35.00,
4768,Zofra,allopathic,zofraoral-solution4-mg5-ml,Oral Solution,Ondansetron,4 mg/5 ml,Eskayef Pharmaceuticals Ltd.,50 ml bottle: ৳ 45.00,
10824,Zofen TS,allopathic,zofen-tstablet15-mg,Tablet,Pizotifen,1.5 mg,Aristopharma Ltd.,"Unit Price: ৳ 7.20,(30's pack: ৳ 216.00),",(30's pack: ৳ 216.00)
10823,Zofen,allopathic,zofentablet05-mg,Tablet,Pizotifen,0.5 mg,Aristopharma Ltd.,"Unit Price: ৳ 3.10,(60's pack: ৳ 186.00),",(60's pack: ৳ 186.00)
1793,Zodin,allopathic,zodinsyrup75-mg5-ml,Syrup,Ranitidine Hydrochloride,75 mg/5 ml,Somatec Pharmaceuticals Ltd.,100 ml bottle: ৳ 40.14,
1792,Zodin,allopathic,zodintablet150-mg,Tablet,Ranitidine Hydrochloride,150 mg,Somatec Pharmaceuticals Ltd.,"Unit Price: ৳ 2.01,(100's pack: ৳ 201.00),",(100's pack: ৳ 201.00)
29771,Zodef,allopathic,zodeftablet24-mg,Tablet,Deflazacort,24 mg,Renata Limited,"Unit Price: ৳ 30.00,(20's pack: ৳ 600.00),",(20's pack: ৳ 600.00)
29770,Zodef,allopathic,zodeftablet6-mg,Tablet,Deflazacort,6 mg,Renata Limited,"Unit Price: ৳ 8.00,(30's pack: ৳ 240.00),",(30's pack: ৳ 240.00)
12662,Zocort,allopathic,zocortcream1,Cream,Hydrocortisone Acetate,1%,ACI Limited,15 gm tube: ৳ 38.25,
17299,Zoclast,allopathic,zoclastiv-infusion4-mg5-ml,IV Infusion,Zoledronic Acid [For hypercalcemia],4 mg/5 ml,Healthcare Pharmaceuticals Ltd.,"4 mg vial: ৳ 6,500.00",
29104,Zocil,allopathic,zociltablet100-mg,Tablet,Cilostazol,100 mg,Beximco Pharmaceuticals Ltd.,"Unit Price: ৳ 12.00,(20's pack: ৳ 240.00),",(20's pack: ৳ 240.00)
29103,Zocil,allopathic,zociltablet50-mg,Tablet,Cilostazol,50 mg,Beximco Pharmaceuticals Ltd.,"Unit Price: ৳ 7.00,(30's pack: ৳ 210.00),",(30's pack: ৳ 210.00)
981,Zocare,allopathic,zocareophthalmic-solution005004,Ophthalmic Solution,Antazoline + Tetryzoline,0.05%+0.04%,Healthcare Pharmaceuticals Ltd.,10 ml drop: ৳ 115.00,
346,Zoben,allopathic,zobenchewable-tablet400-mg,Chewable Tablet,Albendazole,400 mg,Amico Laboratories Ltd.,"Unit Price: ৳ 4.50,(50's pack: ৳ 225.00),",(50's pack: ৳ 225.00)
345,Zoben,allopathic,zobenoral-suspension200-mg5-ml,Oral Suspension,Albendazole,200 mg/5 ml,Amico Laboratories Ltd.,10 ml bottle: ৳ 18.00,
2343,Zoana,allopathic,zoanapowder-for-suspension100-mg5-ml,Powder for Suspension,Nitazoxanide,100 mg/5 ml,Orion Pharma Ltd.,"32 ml bottle: ৳ 35.24,62 ml bottle: ৳ 50.35",
2342,Zoana,allopathic,zoanatablet500-mg,Tablet,Nitazoxanide,500 mg,Orion Pharma Ltd.,"Unit Price: ৳ 10.07,(12's pack: ৳ 120.84),",(12's pack: ৳ 120.84)
30900,Zo-MUPS,allopathic,zo-mupsmups-tablet40-mg,MUPS Tablet,Esomeprazole (MUPS tablet),40 mg,Everest Pharmaceuticals Ltd.,"Unit Price: ৳ 14.00,(30's pack: ৳ 420.00),",(30's pack: ৳ 420.00)
28831,Zo-MUPS,allopathic,zo-mupsmups-tablet20-mg,MUPS Tablet,Esomeprazole (MUPS tablet),20 mg,Everest Pharmaceuticals Ltd.,"Unit Price: ৳ 10.00,(50's pack: ৳ 500.00),",(50's pack: ৳ 500.00)
14671,ZnF,allopathic,znftablet5-mg20-mg,Tablet,Folic Acid + Zinc Sulfate Monohydrate,5 mg+20 mg,Aristopharma Ltd.,"Unit Price: ৳ 2.00,(100's pack: ৳ 200.00),",(100's pack: ৳ 200.00)
14714,Zn-B,allopathic,zn-bsyrup,Syrup,Vitamin B Complex + Zinc,,Amico Laboratories Ltd.,100 ml bottle: ৳ 50.00,
14637,Zn,allopathic,znsyrup10-mg5-ml,Syrup,Zinc Sulfate Monohydrate,10 mg/5 ml,Amico Laboratories Ltd.,100 ml bottle: ৳ 35.00,
14636,ZMS,allopathic,zmssyrup10-mg5-ml,Syrup,Zinc Sulfate Monohydrate,10 mg/5 ml,Seema Pharmaceuticals Ltd.,100 ml bottle: ৳ 35.00,
30120,Zixol,allopathic,zixoltablet20-mg,Tablet,Zinc Sulfate Monohydrate,20 mg,UniMed UniHealth,"Unit Price: ৳ 2.00,(60's pack: ৳ 120.00),",(60's pack: ৳ 120.00)
28302,Zixol,allopathic,zixolsyrup10-mg5-ml,Syrup,Zinc Sulfate Monohydrate,10 mg/5 ml,UniMed UniHealth,100 ml bottle: ৳ 30.00,
27750,Zixin,allopathic,zixinpowder-for-suspension200-mg5-ml,Powder for Suspension,Azithromycin Dihydrate,200 mg/5 ml,Opso Saline Ltd.,"20 ml bottle: ৳ 100.00,35 ml bottle: ৳ 140.00,50 ml bottle: ৳ 200.00",
25644,Zixin,allopathic,zixintablet500-mg,Tablet,Azithromycin Dihydrate,500 mg,Opso Saline Ltd.,"Unit Price: ৳ 35.00,(7's pack: ৳ 245.00),",(7's pack: ৳ 245.00)
13389,Zivit-I,allopathic,zivit-isyrup,Syrup,Iron Polymaltose Complex + Vitamin B Complex + Zinc,,Alco Pharma Ltd.,"100 ml bottle: ৳ 60.18,200 ml bottle: ৳ 100.30",
27901,Zivit,allopathic,zivitsyrup,Syrup,Vitamin B Complex + Zinc,,Alco Pharma Ltd.,"100 ml bottle: ৳ 60.18,200 ml bottle: ৳ 100.30",
7907,Zitum,allopathic,zitumimiv-injection1-gmvial,IM/IV Injection,Ceftazidime Pentahydrate,1 gm/vial,ACI Limited,1 gm vial: ৳ 226.53,
7906,Zitum,allopathic,zitumimiv-injection500-mgvial,IM/IV Injection,Ceftazidime Pentahydrate,500 mg/vial,ACI Limited,500 mg vial: ৳ 115.78,
31014,Zolium XR,allopathic,zolium-xrtablet-extended-release2-mg,Tablet (Extended Release),Alprazolam,2 mg,Incepta Pharmaceuticals Ltd.,"Unit Price: ৳ 8.00,(30's pack: ৳ 240.00),",(30's pack: ৳ 240.00)
26254,Zolium XR,allopathic,zolium-xrtablet-extended-release1-mg,Tablet (Extended Release),Alprazolam,1 mg,Incepta Pharmaceuticals Ltd.,"Unit Price: ৳ 4.00,(30's pack: ৳ 120.00),",(30's pack: ৳ 120.00)
219,Zolium,allopathic,zoliumtablet05-mg,Tablet,Alprazolam,0.5 mg,Incepta Pharmaceuticals Ltd.,"Unit Price: ৳ 3.00,(100's pack: ৳ 300.00),",(100's pack: ৳ 300.00)
218,Zolium,allopathic,zoliumtablet025-mg,Tablet,Alprazolam,0.25 mg,Incepta Pharmaceuticals Ltd.,"Unit Price: ৳ 1.50,(100's pack: ৳ 150.00),",(100's pack: ৳ 150.00)
26292,Zolibac,allopathic,zolibacimiv-injection1-gmvial,IM/IV Injection,Cefazolin Sodium,1 gm/vial,Square Pharmaceuticals Ltd.,1000 mg vial: ৳ 200.00,
26290,Zolibac,allopathic,zolibacimiv-injection500-mgvial,IM/IV Injection,Cefazolin Sodium,500 mg/vial,Square Pharmaceuticals Ltd.,500 mg vial: ৳ 125.00,
100,Zolfin,allopathic,zolfintablet100-mg,Tablet,Aceclofenac,100 mg,Beximco Pharmaceuticals Ltd.,"Unit Price: ৳ 4.00,(100's pack: ৳ 400.00),",(100's pack: ৳ 400.00)
15179,Zoleta,allopathic,zoletatablet25-mg,Tablet,Letrozole,2.5 mg,Nuvista Pharma Ltd.,"Unit Price: ৳ 40.12,(10's pack: ৳ 401.20),",(10's pack: ৳ 401.20)
14948,Zolenic,allopathic,zoleniciv-infusion5-mg100-ml,IV Infusion,Zoledronic Acid [For osteoporosis],5 mg/100 ml,Incepta Pharmaceuticals Ltd.,"100 ml bottle: ৳ 6,000.00",
9970,Zolen,allopathic,zolencapsule150-mg,Capsule,Fluconazole,150 mg,Apex Pharmaceuticals Ltd.,"Unit Price: ৳ 18.00,(10's pack: ৳ 180.00),",(10's pack: ৳ 180.00)
9969,Zolen,allopathic,zolencapsule50-mg,Capsule,Fluconazole,50 mg,Apex Pharmaceuticals Ltd.,"Unit Price: ৳ 8.00,(50's pack: ৳ 400.00),",(50's pack: ৳ 400.00)
14952,Zoledron,allopathic,zoledroniv-infusion5-mg100-ml,IV Infusion,Zoledronic Acid [For osteoporosis],5 mg/100 ml,Opsonin Pharma Ltd.,"100 ml bottle: ৳ 5,950.00",
12443,Zolecon,allopathic,zoleconcream1,Cream,Econazole Nitrate,1%,Ad-din Pharmaceuticals Ltd.,10 gm tube: ৳ 25.00,
217,Zolax,allopathic,zolaxtablet05-mg,Tablet,Alprazolam,0.5 mg,Beximco Pharmaceuticals Ltd.,"Unit Price: ৳ 2.00,(100's pack: ৳ 200.00),",(100's pack: ৳ 200.00)
216,Zolax,allopathic,zolaxtablet025-mg,Tablet,Alprazolam,0.25 mg,Beximco Pharmaceuticals Ltd.,"Unit Price: ৳ 1.00,(100's pack: ৳ 100.00),",(100's pack: ৳ 100.00)
32325,Zolat,allopathic,zolatcapsule-delayed-release40-mg,Capsule (Delayed Release),Omeprazole,40 mg,Al-Madina Pharmaceuticals Ltd.,Unit Price: ৳ 7.00,
17159,Zolopt,allopathic,zoloptophthalmic-suspension1,Ophthalmic Suspension,Brinzolamide,1%,Eskayef Pharmaceuticals Ltd.,5 ml drop: ৳ 550.00,
101,Zolonac,allopathic,zolonactablet100-mg,Tablet,Aceclofenac,100 mg,Sharif Pharmaceuticals Ltd.,"Unit Price: ৳ 4.01,(50's pack: ৳ 200.50),",(50's pack: ৳ 200.50)
15147,Zolomide,allopathic,zolomidecapsule250-mg,Capsule,Temozolomide,250 mg,Techno Drugs Ltd.,"Unit Price: ৳ 1,300.00,(5's pack: ৳ 6,500.00),","(5's pack: ৳ 6,500.00)"
15146,Zolomide,allopathic,zolomidecapsule100-mg,Capsule,Temozolomide,100 mg,Techno Drugs Ltd.,"Unit Price: ৳ 650.00,(5's pack: ৳ 3,250.00),","(5's pack: ৳ 3,250.00)"
25439,Zolmit,allopathic,zolmittablet25-mg,Tablet,Zolmitriptan,2.5 mg,Beximco Pharmaceuticals Ltd.,"Unit Price: ৳ 25.00,(10's pack: ৳ 250.00),",(10's pack: ৳ 250.00)
29174,Zolivox,allopathic,zolivoxtablet600-mg,Tablet,Linezolid,600 mg,Square Pharmaceuticals Ltd.,"Unit Price: ৳ 85.00,(10's pack: ৳ 850.00),",(10's pack: ৳ 850.00)
29173,Zolivox,allopathic,zolivoxtablet400-mg,Tablet,Linezolid,400 mg,Square Pharmaceuticals Ltd.,"Unit Price: ৳ 60.00,(10's pack: ৳ 600.00),",(10's pack: ৳ 600.00)
29272,Zolat,allopathic,zolatcapsule-delayed-release20-mg,Capsule (Delayed Release),Omeprazole,20 mg,Al-Madina Pharmaceuticals Ltd.,"Unit Price: ৳ 5.00,(100's pack: ৳ 500.00),",(100's pack: ৳ 500.00)
17160,Zolamid Plus,allopathic,zolamid-plusophthalmic-suspension102,Ophthalmic Suspension,Brinzolamide + Brimonidine Tartrate,1%+0.2%,Incepta Pharmaceuticals Ltd.,5 ml drop: ৳ 550.00,
17157,Zolamid,allopathic,zolamidophthalmic-suspension1,Ophthalmic Suspension,Brinzolamide,1%,Incepta Pharmaceuticals Ltd.,5 ml drop: ৳ 500.00,
16333,Zoladin,allopathic,zoladinophthalmic-suspension102,Ophthalmic Suspension,Brinzolamide + Brimonidine Tartrate,1%+0.2%,Aristopharma Ltd.,5 ml drop: ৳ 550.00,
4767,Zofra ODT,allopathic,zofra-odtdispersible-tablet8-mg,Dispersible Tablet,Ondansetron,8 mg,Eskayef Pharmaceuticals Ltd.,"Unit Price: ৳ 10.00,(30's pack: ৳ 300.00),,Unit Price: ৳ 10.00,(42's pack: ৳ 420.00),","(30's pack: ৳ 300.00),(42's pack: ৳ 420.00)"
4766,Zofra ODT,allopathic,zofra-odtdispersible-tablet4-mg,Dispersible Tablet,Ondansetron,4 mg,Eskayef Pharmaceuticals Ltd.,"Unit Price: ৳ 5.00,(30's pack: ৳ 150.00),",(30's pack: ৳ 150.00)
4769,Zofra,allopathic,zofraimiv-injection8-mg4-ml,IM/IV Injection,Ondansetron,8 mg/4 ml,Eskayef Pharmaceuticals Ltd.,"4 ml ampoule: ৳ 30.00,(5's pack: ৳ 150.00),",(5's pack: ৳ 150.00)
18963,Zoventa,allopathic,zoventacapsule400-mg,Capsule,Ceftibuten Dihydrate,400 mg,Healthcare Pharmaceuticals Ltd.,"Unit Price: ৳ 120.00,(6's pack: ৳ 720.00),",(6's pack: ৳ 720.00)
18962,Zoventa,allopathic,zoventacapsule200-mg,Capsule,Ceftibuten Dihydrate,200 mg,Healthcare Pharmaceuticals Ltd.,"Unit Price: ৳ 70.00,(12's pack: ৳ 840.00),",(12's pack: ৳ 840.00)
2138,Zoton,allopathic,zotoncapsule-delayed-release30-mg,Capsule (Delayed Release),Lansoprazole,30 mg,General Pharmaceuticals Ltd.,"Unit Price: ৳ 6.04,(20's pack: ৳ 120.80),",(20's pack: ৳ 120.80)
2137,Zoton,allopathic,zotoncapsule-delayed-release15-mg,Capsule (Delayed Release),Lansoprazole,15 mg,General Pharmaceuticals Ltd.,"Unit Price: ৳ 3.52,(30's pack: ৳ 105.60),",(30's pack: ৳ 105.60)
9718,Zostiva,allopathic,zostivatablet1-gm,Tablet,Valacyclovir,1 gm,UniMed UniHealth,"Unit Price: ৳ 75.00,(4's pack: ৳ 300.00),",(4's pack: ৳ 300.00)
9717,Zostiva,allopathic,zostivatablet500-mg,Tablet,Valacyclovir,500 mg,UniMed UniHealth,"Unit Price: ৳ 40.00,(4's pack: ৳ 160.00),",(4's pack: ৳ 160.00)
4553,Zosert,allopathic,zoserttablet100-mg,Tablet,Sertraline Hydrochloride,100 mg,Sun Pharmaceutical Ltd.,"Unit Price: ৳ 10.03,(30's pack: ৳ 300.95),",(30's pack: ৳ 300.95)
4552,Zosert,allopathic,zoserttablet25-mg,Tablet,Sertraline Hydrochloride,25 mg,Sun Pharmaceutical Ltd.,"Unit Price: ৳ 3.02,(50's pack: ৳ 150.75),",(50's pack: ৳ 150.75)
4548,Zosert,allopathic,zoserttablet50-mg,Tablet,Sertraline Hydrochloride,50 mg,Sun Pharmaceutical Ltd.,"Unit Price: ৳ 6.02,(50's pack: ৳ 301.00),",(50's pack: ৳ 301.00)
1794,Zorep,allopathic,zoreptablet150-mg,Tablet,Ranitidine Hydrochloride,150 mg,Amico Laboratories Ltd.,"Unit Price: ৳ 1.50,(100's pack: ৳ 150.00),",(100's pack: ৳ 150.00)
26255,Zorate,allopathic,zoratetablet60-mg,Tablet,Zinc Orotate,60 mg,Incepta Pharmaceuticals Ltd.,"Unit Price: ৳ 5.00,(30's pack: ৳ 150.00),",(30's pack: ৳ 150.00)
8203,Zopime,allopathic,zopimeimiv-injection1-gmvial,IM/IV Injection,Cefepime Hydrochloride,1 gm/vial,Healthcare Pharmaceuticals Ltd.,1 gm vial: ৳ 550.00,
8202,Zopime,allopathic,zopimeimiv-injection500-mgvial,IM/IV Injection,Cefepime Hydrochloride,500 mg/vial,Healthcare Pharmaceuticals Ltd.,500 mg vial: ৳ 300.00,
4217,Zopilone,allopathic,zopilonetablet2-mg,Tablet,Eszopiclone,2 mg,Incepta Pharmaceuticals Ltd.,"Unit Price: ৳ 3.00,(50's pack: ৳ 150.00),",(50's pack: ৳ 150.00)
32280,Zopanib,allopathic,zopanibtablet400-mg,Tablet,Pazopanib Hydrochloride,400 mg,Beacon Pharmaceuticals Ltd.,"Unit Price: ৳ 1,044.00,(20's pack: ৳ 20,880.00),","(20's pack: ৳ 20,880.00)"
32279,Zopanib,allopathic,zopanibtablet200-mg,Tablet,Pazopanib Hydrochloride,200 mg,Beacon Pharmaceuticals Ltd.,"Unit Price: ৳ 580.00,(30's pack: ৳ 17,400.00),","(30's pack: ৳ 17,400.00)"
14178,Zovia Gold,allopathic,zovia-goldsyrup,Syrup,Multivitamin & Multimineral [A-Z syrup preparation],,Opsonin Pharma Ltd.,"100 ml bottle: ৳ 90.27,200 ml bottle: ৳ 185.00",
14135,Zovia Gold,allopathic,zovia-goldtablet,Tablet,Multivitamin & Multimineral [A-Z gold preparation],,Opsonin Pharma Ltd.,"Unit Price: ৳ 9.50,(15's pack: ৳ 142.50),,Unit Price: ৳ 9.50,(30's pack: ৳ 285.00),,Unit Price: ৳ 9.50,(60's pack: ৳ 570.00),","(15's pack: ৳ 142.50),(30's pack: ৳ 285.00),(60's pack: ৳ 570.00)"
18965,Zoventa DS,allopathic,zoventa-dspowder-for-suspension180-mg5-ml,Powder for Suspension,Ceftibuten Dihydrate,180 mg/5 ml,Healthcare Pharmaceuticals Ltd.,60 ml bottle: ৳ 800.00,
18964,Zoventa,allopathic,zoventapowder-for-suspension90-mg5-ml,Powder for Suspension,Ceftibuten Dihydrate,90 mg/5 ml,Healthcare Pharmaceuticals Ltd.,60 ml bottle: ৳ 480.00,
2255,Zopan,allopathic,zopantablet-enteric-coated40-mg,Tablet (Enteric Coated),Pantoprazole Sodium Sesquihydrate,40 mg,Kemiko Pharmaceuticals Ltd.,"Unit Price: ৳ 6.02,(50's pack: ৳ 301.00),",(50's pack: ৳ 301.00)
2254,Zopan,allopathic,zopantablet-enteric-coated20-mg,Tablet (Enteric Coated),Pantoprazole Sodium Sesquihydrate,20 mg,Kemiko Pharmaceuticals Ltd.,"Unit Price: ৳ 5.00,(50's pack: ৳ 250.00),",(50's pack: ৳ 250.00)
31009,Zonyra,allopathic,zonyracream0005,Cream,Trifarotene,0.01%,Ziska Pharmaceuticals Ltd.,15 gm tube: ৳ 250.00,
10797,Zomitan,allopathic,zomitantablet25-mg,Tablet,Zolmitriptan,2.5 mg,Incepta Pharmaceuticals Ltd.,"Unit Price: ৳ 25.00,(10's pack: ৳ 250.00),",(10's pack: ৳ 250.00)
14949,Zometa,allopathic,zometaiv-infusion4-mg5-ml,IV Infusion,Zoledronic Acid [For hypercalcemia],4 mg/5 ml,Novartis (Bangladesh) Ltd.,"4 mg vial: ৳ 30,113.60",
32781,Zolvo,allopathic,zolvopowder-for-suspension200-mg5-ml,Powder for Suspension,Voriconazole,200 mg/5 ml,Team Pharmaceuticals Ltd.,"40 ml bottle: ৳ 1,000.00",
32780,Zolvo,allopathic,zolvotablet200-mg,Tablet,Voriconazole,200 mg,Team Pharmaceuticals Ltd.,"Unit Price: ৳ 120.00,(10's pack: ৳ 1,200.00),","(10's pack: ৳ 1,200.00)"
32779,Zolvo,allopathic,zolvotablet50-mg,Tablet,Voriconazole,50 mg,Team Pharmaceuticals Ltd.,"Unit Price: ৳ 50.00,(10's pack: ৳ 500.00),",(10's pack: ৳ 500.00)
25437,Zoltero,allopathic,zolteroiv-infusion5-mg100-ml,IV Infusion,Zoledronic Acid [For osteoporosis],5 mg/100 ml,Beximco Pharmaceuticals Ltd.,"100 ml bottle: ৳ 7,000.00",
32569,Zolopt BR,allopathic,zolopt-brophthalmic-suspension102,Ophthalmic Suspension,Brinzolamide + Brimonidine Tartrate,1%+0.2%,Eskayef Pharmaceuticals Ltd.,5 ml drop: ৳ 550.00,
10738,Zydol,allopathic,zydolcapsule50-mg,Capsule,Tramadol Hydrochloride,50 mg,Novo Healthcare and Pharma Ltd.,"Unit Price: ৳ 7.52,(30's pack: ৳ 225.67),",(30's pack: ৳ 225.67)
8750,Zycin,allopathic,zycinpowder-for-suspension200-mg5-ml,Powder for Suspension,Azithromycin Dihydrate,200 mg/5 ml,Globe Pharmaceuticals Ltd.,"15 ml bottle: ৳ 85.00,30 ml bottle: ৳ 130.00,50 ml bottle: ৳ 185.00",
8749,Zycin,allopathic,zycintablet500-mg,Tablet,Azithromycin Dihydrate,500 mg,Globe Pharmaceuticals Ltd.,"Unit Price: ৳ 35.00,(12's pack: ৳ 420.00),",(12's pack: ৳ 420.00)
30683,Zybex SR,allopathic,zybex-srtablet-sustained-release150-mg,Tablet (Sustained Release),Bupropion Hydrochloride,150 mg,Beximco Pharmaceuticals Ltd.,"Unit Price: ৳ 10.00,(30's pack: ৳ 300.00),",(30's pack: ৳ 300.00)
25545,Zuvas,allopathic,zuvastablet20-mg,Tablet,Atorvastatin Calcium,20 mg,Benham Pharmaceuticals Ltd.,"Unit Price: ৳ 18.00,(20's pack: ৳ 360.00),",(20's pack: ৳ 360.00)
1260,Zuvas,allopathic,zuvastablet10-mg,Tablet,Atorvastatin Calcium,10 mg,Benham Pharmaceuticals Ltd.,"Unit Price: ৳ 10.00,(30's pack: ৳ 300.00),",(30's pack: ৳ 300.00)
8515,Zuracin,allopathic,zuracinpowder-for-suspension125-mg5-ml,Powder for Suspension,Erythromycin (Oral),125 mg/5 ml,Rephco Pharmaceuticals Ltd.,100 ml bottle: ৳ 61.00,
12513,Zunex,allopathic,zunexcream5-ww,Cream,Permethrin,5% w/w,Rephco Pharmaceuticals Ltd.,15 gm tube: ৳ 30.00,
8748,Zunami,allopathic,zunamitablet500-mg,Tablet,Azithromycin Dihydrate,500 mg,Nuvista Pharma Ltd.,"Unit Price: ৳ 45.00,(5's pack: ৳ 225.00),",(5's pack: ৳ 225.00)
24713,Zulfidin,allopathic,zulfidintablet500-mg,Tablet,Sulfasalazine,500 mg,UniMed UniHealth,"Unit Price: ৳ 7.00,(30's pack: ৳ 210.00),",(30's pack: ৳ 210.00)
3859,Zukast,allopathic,zukasttablet20-mg,Tablet,Zafirlukast,20 mg,Beximco Pharmaceuticals Ltd.,"Unit Price: ৳ 26.00,(10's pack: ৳ 260.00),",(10's pack: ৳ 260.00)
14654,ZT,allopathic,zttablet20-mg,Tablet,Zinc Sulfate Monohydrate,20 mg,Beacon Pharmaceuticals Ltd.,"Unit Price: ৳ 1.51,(60's pack: ৳ 90.60),",(60's pack: ৳ 90.60)
14639,ZS,allopathic,zssyrup10-mg5-ml,Syrup,Zinc Sulfate Monohydrate,10 mg/5 ml,Decent Pharma Laboratories Ltd.,100 ml bottle: ৳ 30.00,
2349,Zoxanid,allopathic,zoxanidpowder-for-suspension100-mg5-ml,Powder for Suspension,Nitazoxanide,100 mg/5 ml,Silva Pharmaceuticals Ltd.,"30 ml bottle: ৳ 35.24,60 ml bottle: ৳ 50.35",
2348,Zoxanid,allopathic,zoxanidtablet500-mg,Tablet,Nitazoxanide,500 mg,Silva Pharmaceuticals Ltd.,"Unit Price: ৳ 10.03,(30's pack: ৳ 301.00),",(30's pack: ৳ 301.00)
2347,Zoxan,allopathic,zoxanpowder-for-suspension100-mg5-ml,Powder for Suspension,Nitazoxanide,100 mg/5 ml,Opsonin Pharma Ltd.,"30 ml bottle: ৳ 35.13,60 ml bottle: ৳ 50.19",
28430,Zymar,allopathic,zymarophthalmic-solution03,Ophthalmic Solution,Gatifloxacin (Ophthalmic),0.30%,"Allergan, Inc.",5 ml drop: ৳ 247.72,
14643,Zym DS,allopathic,zym-dssyrup10-mg5-ml,Syrup,Zinc Sulfate Monohydrate,10 mg/5 ml,Hallmark Pharmaceuticals Ltd.,100 ml bottle: ৳ 35.00,
14642,Zym,allopathic,zymsyrup405-mg5-ml,Syrup,Zinc Sulfate Monohydrate,4.05 mg/5 ml,Hallmark Pharmaceuticals Ltd.,100 ml bottle: ৳ 30.00,
25585,Zylomax,allopathic,zylomaxtablet500-mg,Tablet,Azithromycin Dihydrate,500 mg,Alkad Laboratories,Unit Price: ৳ 35.00,
22676,Zydus,allopathic,zydustablet400-mg,Tablet,Moxifloxacin Hydrochloride (Tablet),400 mg,Healthcare Pharmaceuticals Ltd.,"Unit Price: ৳ 40.00,(14's pack: ৳ 560.00),",(14's pack: ৳ 560.00)
10739,Zydol SR,allopathic,zydol-srcapsule-sustained-release100-mg,Capsule (Sustained Release),Tramadol Hydrochloride,100 mg,Novo Healthcare and Pharma Ltd.,"Unit Price: ৳ 12.00,(30's pack: ৳ 360.00),",(30's pack: ৳ 360.00)
10740,Zydol,allopathic,zydolimiv-injection100-mg2-ml,IM/IV Injection,Tramadol Hydrochloride,100 mg/2 ml,Novo Healthcare and Pharma Ltd.,"2 mg ampoule: ৳ 18.05,(5's pack: ৳ 90.27),",(5's pack: ৳ 90.27)
2346,Zoxan,allopathic,zoxantablet500-mg,Tablet,Nitazoxanide,500 mg,Opsonin Pharma Ltd.,"Unit Price: ৳ 10.07,(18's pack: ৳ 181.26),",(18's pack: ৳ 181.26)
2345,Zox,allopathic,zoxpowder-for-suspension100-mg5-ml,Powder for Suspension,Nitazoxanide,100 mg/5 ml,Square Pharmaceuticals Ltd.,30 ml bottle: ৳ 35.24,
2344,Zox,allopathic,zoxtablet500-mg,Tablet,Nitazoxanide,500 mg,Square Pharmaceuticals Ltd.,"Unit Price: ৳ 10.07,(30's pack: ৳ 302.10),",(30's pack: ৳ 302.10)
14185,Zovia Teen G,allopathic,zovia-teen-gtablet,Tablet,Multivitamin & Multimineral [A-Z teen girls preparation],,Opsonin Pharma Ltd.,"Unit Price: ৳ 6.00,(30's pack: ৳ 180.00),",(30's pack: ৳ 180.00)
14183,Zovia Teen B,allopathic,zovia-teen-btablet,Tablet,Multivitamin & Multimineral [A-Z teen boys preparation],,Opsonin Pharma Ltd.,"Unit Price: ৳ 6.00,(30's pack: ৳ 180.00),",(30's pack: ৳ 180.00)
14162,Zovia Silver,allopathic,zovia-silvertablet,Tablet,Multivitamin & Multimineral [A-Z silver preparation],,Opsonin Pharma Ltd.,"Unit Price: ৳ 9.50,(30's pack: ৳ 285.00),,Unit Price: ৳ 9.50,(60's pack: ৳ 570.00),","(30's pack: ৳ 285.00),(60's pack: ৳ 570.00)"
13579,Zovia Kids,allopathic,zovia-kidssyrup,Syrup,Multivitamin & Cod Liver Oil,,Opsonin Pharma Ltd.,"100 ml bottle: ৳ 90.00,200 ml bottle: ৳ 145.98",
17270,Zytix,allopathic,zytixtablet250-mg,Tablet,Abiraterone Acetate,250 mg,Beacon Pharmaceuticals Ltd.,"Unit Price: ৳ 580.00,(6's pack: ৳ 3,480.00),","(6's pack: ৳ 3,480.00)"
28309,Zytiga,allopathic,zytigatablet250-mg,Tablet,Abiraterone Acetate,250 mg,Janssen-Cilag,"Unit Price: ৳ 1,665.82,(120's pack: ৳ 199,898.40),","(120's pack: ৳ 199,898.40)"
12005,Zytec,allopathic,zytectablet10-mg,Tablet,Cetirizine Hydrochloride,10 mg,Desh Pharmaceuticals Ltd.,"Unit Price: ৳ 1.50,(100's pack: ৳ 150.00),",(100's pack: ৳ 150.00)
31435,Zypred,allopathic,zypredophthalmic-suspension0503,Ophthalmic Suspension,Loteprednol Etabonate + Gatifloxacin,0.5%+0.3%,Aristopharma Ltd.,5 ml drop: ৳ 250.00,
30406,Zymet Pro,allopathic,zymet-procapsule325-mg,Capsule,Pancreatin,325 mg,Beximco Pharmaceuticals Ltd.,"Unit Price: ৳ 10.00,(90's pack: ৳ 900.00),,Unit Price: ৳ 10.00,(60's pack: ৳ 600.00),","(90's pack: ৳ 900.00),(60's pack: ৳ 600.00)"
2435,Zymet,allopathic,zymettablet325-mg,Tablet,Pancreatin,325 mg,Beximco Pharmaceuticals Ltd.,"Unit Price: ৳ 3.50,(100's pack: ৳ 350.00),",(100's pack: ৳ 350.00)
20604,Zymarin,allopathic,zymarinophthalmic-solution05,Ophthalmic Solution,Gatifloxacin (Ophthalmic),0.50%,Eskayef Pharmaceuticals Ltd.,5 ml drop: ৳ 125.00,
