brand id,brand name,type,slug,dosage form,generic,strength,manufacturer,package container,Package Size
6824,Ceflin,allopathic,ceflincapsule500-mg,Capsule,Cephradine,500 mg,Nipa Pharmaceuticals Ltd.,"Unit Price: ৳ 12.66,(20's pack: ৳ 253.20),",(20's pack: ৳ 253.20)
7943,Cefixon,allopathic,cefixoniv-injection2-gmvial,IV Injection,Ceftriaxone Sodium,2 gm/vial,Techno Drugs Ltd.,2 gm vial: ৳ 300.00,
7942,Cefixon,allopathic,cefixoniv-injection1-gmvial,IV Injection,Ceftriaxone Sodium,1 gm/vial,Techno Drugs Ltd.,1 gm vial: ৳ 250.00,
7941,Cefixon,allopathic,cefixoniv-injection500-mgvial,IV Injection,Ceftriaxone Sodium,500 mg/vial,Techno Drugs Ltd.,500 mg vial: ৳ 150.00,
7514,Cefixime-A,allopathic,cefixime-acapsule200-mg,Capsule,Cefixime Trihydrate,200 mg,Ad-din Pharmaceuticals Ltd.,"Unit Price: ৳ 30.00,(5's pack: ৳ 150.00),",(5's pack: ৳ 150.00)
7515,Cefixime-A,allopathic,cefixime-apowder-for-suspension100-mg5-ml,Powder for Suspension,Cefixime Trihydrate,100 mg/5 ml,Ad-din Pharmaceuticals Ltd.,50 ml bottle: ৳ 180.00,
18752,Cefixim DS,allopathic,cefixim-dspowder-for-suspension200-mg5-ml,Powder for Suspension,Cefixime Trihydrate,200 mg/5 ml,Ibn Sina Pharmaceuticals Ltd.,50 ml bottle: ৳ 280.00,
18753,Cefixim,allopathic,cefiximpediatric-drops25-mgml,Pediatric Drops,Cefixime Trihydrate,25 mg/ml,Ibn Sina Pharmaceuticals Ltd.,21 ml bottle: ৳ 100.00,
18751,Cefixim,allopathic,cefiximpowder-for-suspension100-mg5-ml,Powder for Suspension,Cefixime Trihydrate,100 mg/5 ml,Ibn Sina Pharmaceuticals Ltd.,"30 ml bottle: ৳ 130.00,40 ml bottle: ৳ 180.00,50 ml bottle: ৳ 210.00,75 ml bottle: ৳ 240.00",
18749,Cefixim,allopathic,cefiximcapsule200-mg,Capsule,Cefixime Trihydrate,200 mg,Ibn Sina Pharmaceuticals Ltd.,"Unit Price: ৳ 35.00,(20's pack: ৳ 700.00),",(20's pack: ৳ 700.00)
18750,Cefixim,allopathic,cefiximcapsule400-mg,Capsule,Cefixime Trihydrate,400 mg,Ibn Sina Pharmaceuticals Ltd.,"Unit Price: ৳ 55.00,(20's pack: ৳ 1,100.00),","(20's pack: ৳ 1,100.00)"
7739,Cefipod,allopathic,cefipodpediatric-drops20-mgml,Pediatric Drops,Cefpodoxime Proxetil,20 mg/ml,Asiatic Laboratories Ltd.,15 ml bottle: ৳ 60.00,
7737,Cefipod,allopathic,cefipodpowder-for-suspension40-mg5-ml,Powder for Suspension,Cefpodoxime Proxetil,40 mg/5 ml,Asiatic Laboratories Ltd.,50 ml bottle: ৳ 98.00,
28794,Cefinaaf,allopathic,cefinaafcapsule200-mg,Capsule,Cefixime Trihydrate,200 mg,Naafco Pharma Ltd.,"Unit Price: ৳ 35.00,(14's pack: ৳ 490.00),",(14's pack: ৳ 490.00)
28795,Cefinaaf,allopathic,cefinaafcapsule400-mg,Capsule,Cefixime Trihydrate,400 mg,Naafco Pharma Ltd.,"Unit Price: ৳ 50.00,(7's pack: ৳ 350.00),",(7's pack: ৳ 350.00)
28796,Cefinaaf,allopathic,cefinaafpowder-for-suspension100-mg5-ml,Powder for Suspension,Cefixime Trihydrate,100 mg/5 ml,Naafco Pharma Ltd.,50 ml bottle: ৳ 190.00,
7505,Cefim-3 DS,allopathic,cefim-3-dscapsule400-mg,Capsule,Cefixime Trihydrate,400 mg,ACI Limited,"Unit Price: ৳ 50.34,(6's pack: ৳ 302.04),",(6's pack: ৳ 302.04)
7507,Cefim-3 DS,allopathic,cefim-3-dspowder-for-suspension200-mg5-ml,Powder for Suspension,Cefixime Trihydrate,200 mg/5 ml,ACI Limited,50 ml bottle: ৳ 300.90,
26338,Cefim-3 DS,allopathic,cefim-3-dstablet400-mg,Tablet,Cefixime Trihydrate,400 mg,ACI Limited,"Unit Price: ৳ 50.15,(7's pack: ৳ 351.05),",(7's pack: ৳ 351.05)
7504,Cefim-3,allopathic,cefim-3capsule200-mg,Capsule,Cefixime Trihydrate,200 mg,ACI Limited,"Unit Price: ৳ 35.11,(12's pack: ৳ 421.32),",(12's pack: ৳ 421.32)
7506,Cefim-3,allopathic,cefim-3powder-for-suspension100-mg5-ml,Powder for Suspension,Cefixime Trihydrate,100 mg/5 ml,ACI Limited,"30 ml bottle: ৳ 130.39,50 ml bottle: ৳ 210.63,75 ml bottle: ৳ 241.62",
26337,Cefim-3,allopathic,cefim-3tablet200-mg,Tablet,Cefixime Trihydrate,200 mg,ACI Limited,"Unit Price: ৳ 30.09,(14's pack: ৳ 421.26),",(14's pack: ৳ 421.26)
18709,Cefim-3,allopathic,cefim-3pediatric-drops25-mgml,Pediatric Drops,Cefixime Trihydrate,25 mg/ml,ACI Limited,21 ml bottle: ৳ 100.00,
18739,Cefiget,allopathic,cefigetcapsule200-mg,Capsule,Cefixime Trihydrate,200 mg,Get Well Limited,Unit Price: ৳ 34.00,
18740,Cefiget,allopathic,cefigetcapsule400-mg,Capsule,Cefixime Trihydrate,400 mg,Get Well Limited,Unit Price: ৳ 49.00,
12613,Aclobet-N,allopathic,aclobet-nointment05-mg5-mg1-lac-iugm,Ointment,Clobetasol Propionate + Neomycin Sulphate + Nystatin,(0.5 mg+5 mg+1 Lac IU)/gm,ACME Laboratories Ltd.,15 gm tube: ৳ 65.45,
12612,Aclobet-N,allopathic,aclobet-ncream05-mg5-mg1-lac-iugm,Cream,Clobetasol Propionate + Neomycin Sulphate + Nystatin,(0.5 mg+5 mg+1 Lac IU)/gm,ACME Laboratories Ltd.,15 gm tube: ৳ 60.18,
26069,Cefopen,allopathic,cefopenimiv-injection2-gmvial,IM/IV Injection,Cefoperazone Sodium,2 gm/vial,Square Pharmaceuticals Ltd.,2 gm vial: ৳ 400.00,
26068,Cefopen,allopathic,cefopenimiv-injection1-gmvial,IM/IV Injection,Cefoperazone Sodium,1 gm/vial,Square Pharmaceuticals Ltd.,1 gm vial: ৳ 250.00,
29821,Cefopar,allopathic,cefoparimiv-injection1-gmvial,IM/IV Injection,Cefoperazone Sodium,1 gm/vial,Opsonin Pharma Ltd.,1 gm vial: ৳ 220.00,
29822,Cefopar,allopathic,cefoparimiv-injection2-gmvial,IM/IV Injection,Cefoperazone Sodium,2 gm/vial,Opsonin Pharma Ltd.,2 gm vial: ৳ 400.00,
27958,Cefone,allopathic,cefoneiv-injection2-gmvial,IV Injection,Ceftriaxone Sodium,2 gm/vial,Sharif Pharmaceuticals Ltd.,2 gm vial: ৳ 260.80,
27957,Cefone,allopathic,cefoneiv-injection1-gmvial,IV Injection,Ceftriaxone Sodium,1 gm/vial,Sharif Pharmaceuticals Ltd.,1 gm vial: ৳ 180.54,
27956,Cefone,allopathic,cefoneim-injection500-mgvial,IM Injection,Ceftriaxone Sodium,500 mg/vial,Sharif Pharmaceuticals Ltd.,500 mg vial: ৳ 120.37,
27955,Cefone,allopathic,cefoneim-injection250-mgvial,IM Injection,Ceftriaxone Sodium,250 mg/vial,Sharif Pharmaceuticals Ltd.,250 mg vial: ৳ 90.28,
7748,Cefomin,allopathic,cefominpowder-for-suspension40-mg5-ml,Powder for Suspension,Cefpodoxime Proxetil,40 mg/5 ml,Popular Pharmaceuticals Ltd.,50 ml bottle: ৳ 96.36,
7852,Cefokid DS,allopathic,cefokid-dspowder-for-suspension80-mg5-ml,Powder for Suspension,Cefpodoxime Proxetil,80 mg/5 ml,Euro Pharma Ltd.,50 ml bottle: ৳ 175.00,
7851,Cefokid,allopathic,cefokidpowder-for-suspension40-mg5-ml,Powder for Suspension,Cefpodoxime Proxetil,40 mg/5 ml,Euro Pharma Ltd.,50 ml bottle: ৳ 98.00,
29003,Cefoject,allopathic,cefojectimiv-injection1-gmvial,IM/IV Injection,Cefoperazone Sodium,1 gm/vial,Eskayef Pharmaceuticals Ltd.,1 gm vial: ৳ 250.00,
7745,Cefodox,allopathic,cefodoxpowder-for-suspension40-mg5-ml,Powder for Suspension,Cefpodoxime Proxetil,40 mg/5 ml,Bristol Pharmaceuticals Ltd.,50 ml bottle: ৳ 95.00,
7744,Cefodox,allopathic,cefodoxcapsule100-mg,Capsule,Cefpodoxime Proxetil,100 mg,Bristol Pharmaceuticals Ltd.,"Unit Price: ৳ 22.00,(4's pack: ৳ 88.00),",(4's pack: ৳ 88.00)
28515,Cefodim,allopathic,cefodimpowder-for-suspension40-mg5-ml,Powder for Suspension,Cefpodoxime Proxetil,40 mg/5 ml,Pacific Pharmaceuticals Ltd.,50 ml bottle: ৳ 95.00,
28514,Cefodim,allopathic,cefodimcapsule200-mg,Capsule,Cefpodoxime Proxetil,200 mg,Pacific Pharmaceuticals Ltd.,"Unit Price: ৳ 40.00,(10's pack: ৳ 400.00),",(10's pack: ৳ 400.00)
28513,Cefodim,allopathic,cefodimcapsule100-mg,Capsule,Cefpodoxime Proxetil,100 mg,Pacific Pharmaceuticals Ltd.,"Unit Price: ৳ 22.00,(20's pack: ৳ 440.00),",(20's pack: ৳ 440.00)
7520,Cefocef DS,allopathic,cefocef-dscapsule400-mg,Capsule,Cefixime Trihydrate,400 mg,Pharmadesh Laboratories Ltd.,"Unit Price: ৳ 45.16,(4's pack: ৳ 180.64),",(4's pack: ৳ 180.64)
7519,Cefocef,allopathic,cefocefcapsule200-mg,Capsule,Cefixime Trihydrate,200 mg,Pharmadesh Laboratories Ltd.,"Unit Price: ৳ 25.09,(8's pack: ৳ 200.72),",(8's pack: ৳ 200.72)
7521,Cefocef,allopathic,cefocefpowder-for-suspension100-mg5-ml,Powder for Suspension,Cefixime Trihydrate,100 mg/5 ml,Pharmadesh Laboratories Ltd.,50 ml bottle: ৳ 175.00,
18890,Cefobid,allopathic,cefobidcapsule200-mg,Capsule,Cefpodoxime Proxetil,200 mg,UniMed UniHealth,"Unit Price: ৳ 42.00,(8's pack: ৳ 336.00),",(8's pack: ৳ 336.00)
7740,Cefobid,allopathic,cefobidpowder-for-suspension40-mg5-ml,Powder for Suspension,Cefpodoxime Proxetil,40 mg/5 ml,UniMed UniHealth,50 ml bottle: ৳ 98.00,
7186,Cefobac,allopathic,cefobactablet250-mg,Tablet,Cefuroxime Axetil,250 mg,Popular Pharmaceuticals Ltd.,"Unit Price: ৳ 25.09,(20's pack: ৳ 501.80),",(20's pack: ৳ 501.80)
7187,Cefobac,allopathic,cefobactablet500-mg,Tablet,Cefuroxime Axetil,500 mg,Popular Pharmaceuticals Ltd.,"Unit Price: ৳ 45.17,(8's pack: ৳ 361.36),",(8's pack: ৳ 361.36)
7188,Cefobac,allopathic,cefobacpowder-for-suspension125-mg5-ml,Powder for Suspension,Cefuroxime Axetil,125 mg/5 ml,Popular Pharmaceuticals Ltd.,70 ml bottle: ৳ 198.75,
7189,Cefobac,allopathic,cefobacimiv-injection750-mgvial,IM/IV Injection,Cefuroxime Axetil,750 mg/vial,Popular Pharmaceuticals Ltd.,750 mg vial: ৳ 125.48,
7516,Cefmix,allopathic,cefmixcapsule200-mg,Capsule,Cefixime Trihydrate,200 mg,Monicopharma Ltd.,"Unit Price: ৳ 35.00,(12's pack: ৳ 420.00),",(12's pack: ৳ 420.00)
7517,Cefmix,allopathic,cefmixcapsule400-mg,Capsule,Cefixime Trihydrate,400 mg,Monicopharma Ltd.,"Unit Price: ৳ 50.00,(8's pack: ৳ 400.00),",(8's pack: ৳ 400.00)
7518,Cefmix,allopathic,cefmixpowder-for-suspension100-mg5-ml,Powder for Suspension,Cefixime Trihydrate,100 mg/5 ml,Monicopharma Ltd.,50 ml bottle: ৳ 195.00,
29922,Ceflon,allopathic,cefloncapsule250-mg,Capsule,Cefaclor Monohydrate,250 mg,Eskayef Pharmaceuticals Ltd.,"Unit Price: ৳ 16.00,(16's pack: ৳ 256.00),",(16's pack: ৳ 256.00)
12558,Aclobet,allopathic,aclobetointment005,Ointment,Clobetasol Propionate (Topical Preparation),0.05%,ACME Laboratories Ltd.,"10 gm tube: ৳ 50.14,30 gm tube: ৳ 150.00",
7155,Cefoxil,allopathic,cefoxiltablet250-mg,Tablet,Cefuroxime Axetil,250 mg,Rephco Pharmaceuticals Ltd.,"Unit Price: ৳ 25.00,(12's pack: ৳ 300.00),",(12's pack: ৳ 300.00)
7157,Cefoxil,allopathic,cefoxilpowder-for-suspension125-mg5-ml,Powder for Suspension,Cefuroxime Axetil,125 mg/5 ml,Rephco Pharmaceuticals Ltd.,70 ml bottle: ৳ 200.00,
28204,Cefoxguard,allopathic,cefoxguardiv-injection2-gmvial,IV Injection,Ceftriaxone Sodium,2 gm/vial,Guardian Healthcare Ltd.,2 gm vial: ৳ 300.00,
28203,Cefoxguard,allopathic,cefoxguardim-injection500-mgvial,IM Injection,Ceftriaxone Sodium,500 mg/vial,Guardian Healthcare Ltd.,500 mg vial: ৳ 120.00,
7711,Cefotime,allopathic,cefotimeimiv-injection1-gm10-ml,IM/IV Injection,Cefotaxime,1 gm/10 ml,Incepta Pharmaceuticals Ltd.,1 gm vial: ৳ 132.00,
7709,Cefotime,allopathic,cefotimeimiv-injection250-mg5-ml,IM/IV Injection,Cefotaxime,250 mg/5 ml,Incepta Pharmaceuticals Ltd.,250 mg vial: ৳ 50.00,
7710,Cefotime,allopathic,cefotimeimiv-injection500-mg10-ml,IM/IV Injection,Cefotaxime,500 mg/10 ml,Incepta Pharmaceuticals Ltd.,500 mg vial: ৳ 76.00,
7402,Cefotil Plus,allopathic,cefotil-plustablet250-mg625-mg,Tablet,Cefuroxime Axetil + Clavulanic Acid,250 mg+62.5 mg,Square Pharmaceuticals Ltd.,"Unit Price: ৳ 30.10,(12's pack: ৳ 361.20),",(12's pack: ৳ 361.20)
7403,Cefotil Plus,allopathic,cefotil-plustablet500-mg125-mg,Tablet,Cefuroxime Axetil + Clavulanic Acid,500 mg+125 mg,Square Pharmaceuticals Ltd.,"Unit Price: ৳ 50.15,(12's pack: ৳ 601.80),",(12's pack: ৳ 601.80)
19026,Cefotil Plus,allopathic,cefotil-pluspowder-for-suspension125-mg3125-mg5-ml,Powder for Suspension,Cefuroxime Axetil + Clavulanic Acid,(125 mg+31.25 mg)/5 ml,Square Pharmaceuticals Ltd.,70 ml bottle: ৳ 250.00,
7196,Cefotil,allopathic,cefotiliv-injection15-gmvial,IV Injection,Cefuroxime Axetil,1.5 gm/vial,Square Pharmaceuticals Ltd.,1.5 gm vial: ৳ 201.35,
7195,Cefotil,allopathic,cefotilimiv-injection750-mgvial,IM/IV Injection,Cefuroxime Axetil,750 mg/vial,Square Pharmaceuticals Ltd.,750 mg vial: ৳ 132.00,
7194,Cefotil,allopathic,cefotilpowder-for-suspension125-mg5-ml,Powder for Suspension,Cefuroxime Axetil,125 mg/5 ml,Square Pharmaceuticals Ltd.,70 ml bottle: ৳ 199.34,
7193,Cefotil,allopathic,cefotiltablet500-mg,Tablet,Cefuroxime Axetil,500 mg,Square Pharmaceuticals Ltd.,"Unit Price: ৳ 45.29,(12's pack: ৳ 543.48),",(12's pack: ৳ 543.48)
7192,Cefotil,allopathic,cefotiltablet250-mg,Tablet,Cefuroxime Axetil,250 mg,Square Pharmaceuticals Ltd.,"Unit Price: ৳ 25.17,(20's pack: ৳ 503.40),",(20's pack: ৳ 503.40)
7706,Cefotax,allopathic,cefotaximiv-injection250-mg5-ml,IM/IV Injection,Cefotaxime,250 mg/5 ml,Renata Limited,250 mg vial: ৳ 75.00,
7708,Cefotax,allopathic,cefotaximiv-injection1-gm10-ml,IM/IV Injection,Cefotaxime,1 gm/10 ml,Renata Limited,1 gm vial: ৳ 180.00,
7707,Cefotax,allopathic,cefotaximiv-injection500-mg10-ml,IM/IV Injection,Cefotaxime,500 mg/10 ml,Renata Limited,500 mg vial: ৳ 100.00,
7704,Cefot,allopathic,cefotimiv-injection1-gm10-ml,IM/IV Injection,Cefotaxime,1 gm/10 ml,ACI Limited,1 gm vial: ৳ 132.40,
32240,Cefot,allopathic,cefotimiv-injection2-mg10-ml,IM/IV Injection,Cefotaxime,2 mg/10 ml,ACI Limited,2 gm vial: ৳ 250.75,
7703,Cefot,allopathic,cefotimiv-injection500-mg10-ml,IM/IV Injection,Cefotaxime,500 mg/10 ml,ACI Limited,500 mg vial: ৳ 76.23,
7702,Cefot,allopathic,cefotimiv-injection250-mg5-ml,IM/IV Injection,Cefotaxime,250 mg/5 ml,ACI Limited,250 mg vial: ৳ 50.15,
7752,Ceforan DS,allopathic,ceforan-dspowder-for-suspension80-mg5-ml,Powder for Suspension,Cefpodoxime Proxetil,80 mg/5 ml,Drug International Ltd.,50 ml bottle: ৳ 175.00,
31048,Ceforan,allopathic,ceforancapsule200-mg,Capsule,Cefpodoxime Proxetil,200 mg,Drug International Ltd.,"Unit Price: ৳ 25.00,(14's pack: ৳ 350.00),",(14's pack: ৳ 350.00)
7751,Ceforan,allopathic,ceforanpowder-for-suspension40-mg5-ml,Powder for Suspension,Cefpodoxime Proxetil,40 mg/5 ml,Drug International Ltd.,"50 ml bottle: ৳ 75.25,100 ml bottle: ৳ 120.39",
26607,Ceforan,allopathic,ceforantablet100-mg,Tablet,Cefpodoxime Proxetil,100 mg,Drug International Ltd.,"Unit Price: ৳ 17.00,(16's pack: ৳ 272.00),",(16's pack: ৳ 272.00)
26608,Ceforan,allopathic,ceforantablet200-mg,Tablet,Cefpodoxime Proxetil,200 mg,Drug International Ltd.,"Unit Price: ৳ 28.00,(16's pack: ৳ 448.00),",(16's pack: ৳ 448.00)
28355,Ceforan,allopathic,ceforancapsule100-mg,Capsule,Cefpodoxime Proxetil,100 mg,Drug International Ltd.,"Unit Price: ৳ 19.99,(14's pack: ৳ 279.86),",(14's pack: ৳ 279.86)
18862,Cefoprox DS,allopathic,cefoprox-dspowder-for-suspension80-mg5-ml,Powder for Suspension,Cefpodoxime Proxetil,80 mg/5 ml,Leon Pharmaceuticals Ltd.,50 ml bottle: ৳ 175.00,
7853,Cefoprox,allopathic,cefoproxpowder-for-suspension40-mg5-ml,Powder for Suspension,Cefpodoxime Proxetil,40 mg/5 ml,Leon Pharmaceuticals Ltd.,50 ml bottle: ৳ 98.00,
12557,Aclobet,allopathic,aclobetcream005,Cream,Clobetasol Propionate (Topical Preparation),0.05%,ACME Laboratories Ltd.,10 gm tube: ৳ 45.13,
27324,Ceftem,allopathic,ceftempowder-for-suspension100-mg5-ml,Powder for Suspension,Cefixime Trihydrate,100 mg/5 ml,Team Pharmaceuticals Ltd.,50 ml bottle: ৳ 185.00,
7862,Ceftazim,allopathic,ceftazimimiv-injection250-mgvial,IM/IV Injection,Ceftazidime Pentahydrate,250 mg/vial,Aristopharma Ltd.,250 mg vial: ৳ 85.00,
7863,Ceftazim,allopathic,ceftazimimiv-injection500-mgvial,IM/IV Injection,Ceftazidime Pentahydrate,500 mg/vial,Aristopharma Ltd.,500 mg vial: ৳ 130.00,
7864,Ceftazim,allopathic,ceftazimimiv-injection1-gmvial,IM/IV Injection,Ceftazidime Pentahydrate,1 gm/vial,Aristopharma Ltd.,1 gm vial: ৳ 240.00,
7712,Ceftax,allopathic,ceftaximiv-injection250-mg5-ml,IM/IV Injection,Cefotaxime,250 mg/5 ml,Opsonin Pharma Ltd.,250 mg vial: ৳ 50.19,
7714,Ceftax,allopathic,ceftaximiv-injection1-gm10-ml,IM/IV Injection,Cefotaxime,1 gm/10 ml,Opsonin Pharma Ltd.,1 gm vial: ৳ 132.50,
7713,Ceftax,allopathic,ceftaximiv-injection500-mg10-ml,IM/IV Injection,Cefotaxime,500 mg/10 ml,Opsonin Pharma Ltd.,500 mg vial: ৳ 76.29,
7202,Cefstar,allopathic,cefstarpowder-for-suspension125-mg5-ml,Powder for Suspension,Cefuroxime Axetil,125 mg/5 ml,Pharmadesh Laboratories Ltd.,70 ml bottle: ৳ 190.00,
7201,Cefstar,allopathic,cefstartablet500-mg,Tablet,Cefuroxime Axetil,500 mg,Pharmadesh Laboratories Ltd.,"Unit Price: ৳ 45.16,(8's pack: ৳ 361.28),",(8's pack: ৳ 361.28)
7200,Cefstar,allopathic,cefstartablet250-mg,Tablet,Cefuroxime Axetil,250 mg,Pharmadesh Laboratories Ltd.,"Unit Price: ৳ 25.08,(8's pack: ৳ 200.64),",(8's pack: ৳ 200.64)
7199,Cefstar,allopathic,cefstartablet125-mg,Tablet,Cefuroxime Axetil,125 mg,Pharmadesh Laboratories Ltd.,"Unit Price: ৳ 15.05,(10's pack: ৳ 150.50),",(10's pack: ৳ 150.50)
30468,Cefrozil,allopathic,cefroziltablet500-mg,Tablet,Cefprozil,500 mg,Popular Pharmaceuticals Ltd.,"Unit Price: ৳ 55.19,(8's pack: ৳ 441.48),",(8's pack: ৳ 441.48)
30469,Cefrozil,allopathic,cefrozilpowder-for-suspension125-mg5-ml,Powder for Suspension,Cefprozil,125 mg/5 ml,Popular Pharmaceuticals Ltd.,50 ml bottle: ৳ 230.87,
30467,Cefrozil,allopathic,cefroziltablet250-mg,Tablet,Cefprozil,250 mg,Popular Pharmaceuticals Ltd.,"Unit Price: ৳ 30.11,(10's pack: ৳ 301.10),",(10's pack: ৳ 301.10)
7197,Cefroxil,allopathic,cefroxiltablet250-mg,Tablet,Cefuroxime Axetil,250 mg,Hallmark Pharmaceuticals Ltd.,"Unit Price: ৳ 25.00,(8's pack: ৳ 200.00),,Unit Price: ৳ 25.00,(12's pack: ৳ 300.00),","(8's pack: ৳ 200.00),(12's pack: ৳ 300.00)"
7198,Cefroxil,allopathic,cefroxilpowder-for-suspension125-mg5-ml,Powder for Suspension,Cefuroxime Axetil,125 mg/5 ml,Hallmark Pharmaceuticals Ltd.,70 ml bottle: ৳ 195.74,
6836,Cefrasyn,allopathic,cefrasyncapsule500-mg,Capsule,Cephradine,500 mg,MST Pharma,"Unit Price: ৳ 13.00,(20's pack: ৳ 260.00),",(20's pack: ৳ 260.00)
6837,Cefrasyn,allopathic,cefrasynpowder-for-suspension125-mg5-ml,Powder for Suspension,Cephradine,125 mg/5 ml,MST Pharma,100 ml bottle: ৳ 80.00,
6834,Cefranov,allopathic,cefranovcapsule500-mg,Capsule,Cephradine,500 mg,Novus Pharmaceuticals Ltd.,"Unit Price: ৳ 12.50,(24's pack: ৳ 300.00),",(24's pack: ৳ 300.00)
6835,Cefranov,allopathic,cefranovpowder-for-suspension125-mg5-ml,Powder for Suspension,Cephradine,125 mg/5 ml,Novus Pharmaceuticals Ltd.,100 ml bottle: ৳ 80.00,
6830,Ceframed,allopathic,ceframedcapsule250-mg,Capsule,Cephradine,250 mg,Medimet Pharmaceuticals Ltd.,"Unit Price: ৳ 7.00,(50's pack: ৳ 350.00),",(50's pack: ৳ 350.00)
6831,Ceframed,allopathic,ceframedcapsule500-mg,Capsule,Cephradine,500 mg,Medimet Pharmaceuticals Ltd.,"Unit Price: ৳ 12.00,(20's pack: ৳ 240.00),",(20's pack: ৳ 240.00)
6832,Ceframed,allopathic,ceframedpowder-for-suspension125-mg5-ml,Powder for Suspension,Cephradine,125 mg/5 ml,Medimet Pharmaceuticals Ltd.,100 ml bottle: ৳ 80.00,
6833,Ceframed,allopathic,ceframedpediatric-drops125-mg125-ml,Pediatric Drops,Cephradine,125 mg/1.25 ml,Medimet Pharmaceuticals Ltd.,15 ml bottle: ৳ 50.00,
17170,Cefracef DS,allopathic,cefracef-dspowder-for-suspension250-mg5-ml,Powder for Suspension,Cephradine,250 mg/5 ml,NIPRO JMI Pharma Ltd.,100 ml bottle: ৳ 135.00,
6827,Cefracef,allopathic,cefracefcapsule250-mg,Capsule,Cephradine,250 mg,NIPRO JMI Pharma Ltd.,"Unit Price: ৳ 6.55,(30's pack: ৳ 196.50),",(30's pack: ৳ 196.50)
6828,Cefracef,allopathic,cefracefcapsule500-mg,Capsule,Cephradine,500 mg,NIPRO JMI Pharma Ltd.,"Unit Price: ৳ 12.59,(24's pack: ৳ 302.16),",(24's pack: ৳ 302.16)
6829,Cefracef,allopathic,cefracefpowder-for-suspension125-mg5-ml,Powder for Suspension,Cephradine,125 mg/5 ml,NIPRO JMI Pharma Ltd.,100 ml bottle: ৳ 80.55,
18895,Cefpod,allopathic,cefpodtablet100-mg,Tablet,Cefpodoxime Proxetil,100 mg,Zenith Pharmaceuticals Ltd.,"Unit Price: ৳ 22.00,(6's pack: ৳ 132.00),",(6's pack: ৳ 132.00)
7156,Cefoxil,allopathic,cefoxiltablet500-mg,Tablet,Cefuroxime Axetil,500 mg,Rephco Pharmaceuticals Ltd.,"Unit Price: ৳ 45.00,(8's pack: ৳ 360.00),",(8's pack: ৳ 360.00)
23,Aclo,allopathic,aclotablet100-mg,Tablet,Aceclofenac,100 mg,Alco Pharma Ltd.,"Unit Price: ৳ 4.00,(100's pack: ৳ 400.00),",(100's pack: ৳ 400.00)
7945,Ceftizone,allopathic,ceftizoneim-injection500-mgvial,IM Injection,Ceftriaxone Sodium,500 mg/vial,Renata Limited,500 mg vial: ৳ 140.53,
7944,Ceftizone,allopathic,ceftizoneim-injection250-mgvial,IM Injection,Ceftriaxone Sodium,250 mg/vial,Renata Limited,250 mg vial: ৳ 100.38,
7948,Ceftizone,allopathic,ceftizoneiv-injection500-mgvial,IV Injection,Ceftriaxone Sodium,500 mg/vial,Renata Limited,500 mg vial: ৳ 140.53,
7949,Ceftizone,allopathic,ceftizoneiv-injection1-gmvial,IV Injection,Ceftriaxone Sodium,1 gm/vial,Renata Limited,1 gm vial: ৳ 250.00,
7950,Ceftizone,allopathic,ceftizoneiv-injection2-gmvial,IV Injection,Ceftriaxone Sodium,2 gm/vial,Renata Limited,2 gm vial: ৳ 341.28,
7946,Ceftizone,allopathic,ceftizoneim-injection1-gmvial,IM Injection,Ceftriaxone Sodium,1 gm/vial,Renata Limited,1 gm vial: ৳ 250.00,
18954,Ceftiten,allopathic,ceftitencapsule400-mg,Capsule,Ceftibuten Dihydrate,400 mg,Asiatic Laboratories Ltd.,"Unit Price: ৳ 120.00,(6's pack: ৳ 720.00),",(6's pack: ৳ 720.00)
18955,Ceftiten,allopathic,ceftitenpowder-for-suspension90-mg5-ml,Powder for Suspension,Ceftibuten Dihydrate,90 mg/5 ml,Asiatic Laboratories Ltd.,60 ml bottle: ৳ 480.00,
8159,Ceftipime,allopathic,ceftipimeimiv-injection1-gmvial,IM/IV Injection,Cefepime Hydrochloride,1 gm/vial,Renata Limited,1 gm vial: ৳ 552.08,
8158,Ceftipime,allopathic,ceftipimeimiv-injection500-mgvial,IM/IV Injection,Cefepime Hydrochloride,500 mg/vial,Renata Limited,500 mg vial: ৳ 301.13,
8160,Ceftipime,allopathic,ceftipimeiv-injection2-gmvial,IV Injection,Cefepime Hydrochloride,2 gm/vial,Renata Limited,"2 gm vial: ৳ 1,104.15",
29612,Ceftid QS,allopathic,ceftid-qspediatric-drops100-mgml,Pediatric Drops,Cefixime Trihydrate,100 mg/ml,Opsonin Pharma Ltd.,11 ml bottle: ৳ 225.00,
7529,Ceftid DS,allopathic,ceftid-dspowder-for-suspension200-mg5-ml,Powder for Suspension,Cefixime Trihydrate,200 mg/5 ml,Opsonin Pharma Ltd.,50 ml bottle: ৳ 321.21,
28314,Ceftid,allopathic,ceftidtablet200-mg,Tablet,Cefixime Trihydrate,200 mg,Opsonin Pharma Ltd.,"Unit Price: ৳ 35.11,(14's pack: ৳ 491.54),",(14's pack: ৳ 491.54)
28315,Ceftid,allopathic,ceftidtablet400-mg,Tablet,Cefixime Trihydrate,400 mg,Opsonin Pharma Ltd.,"Unit Price: ৳ 50.35,(7's pack: ৳ 352.45),",(7's pack: ৳ 352.45)
7526,Ceftid,allopathic,ceftidcapsule200-mg,Capsule,Cefixime Trihydrate,200 mg,Opsonin Pharma Ltd.,"Unit Price: ৳ 35.11,(14's pack: ৳ 491.54),",(14's pack: ৳ 491.54)
7527,Ceftid,allopathic,ceftidcapsule400-mg,Capsule,Cefixime Trihydrate,400 mg,Opsonin Pharma Ltd.,"Unit Price: ৳ 50.35,(7's pack: ৳ 352.45),",(7's pack: ৳ 352.45)
7528,Ceftid,allopathic,ceftidpowder-for-suspension100-mg5-ml,Powder for Suspension,Cefixime Trihydrate,100 mg/5 ml,Opsonin Pharma Ltd.,"37.5 ml bottle: ৳ 130.49,50 ml bottle: ৳ 210.63,75 ml bottle: ৳ 250.00",
7530,Ceftid,allopathic,ceftidpediatric-drops25-mgml,Pediatric Drops,Cefixime Trihydrate,25 mg/ml,Opsonin Pharma Ltd.,21 ml bottle: ৳ 98.00,
30736,Cefticlor,allopathic,cefticlorcapsule500-mg,Capsule,Cefaclor Monohydrate,500 mg,Renata Limited,"Unit Price: ৳ 38.14,(12's pack: ৳ 457.68),",(12's pack: ৳ 457.68)
30735,Cefticlor,allopathic,cefticlorcapsule250-mg,Capsule,Cefaclor Monohydrate,250 mg,Renata Limited,"Unit Price: ৳ 21.08,(12's pack: ৳ 252.96),",(12's pack: ৳ 252.96)
30734,Cefticlor,allopathic,cefticlorcapsule375-mg,Capsule,Cefaclor Monohydrate,375 mg,Renata Limited,"Unit Price: ৳ 30.11,(12's pack: ৳ 361.32),",(12's pack: ৳ 361.32)
30733,Cefticlor,allopathic,cefticlorpowder-for-suspension125-mg5-ml,Powder for Suspension,Cefaclor Monohydrate,125 mg/5 ml,Renata Limited,100 ml bottle: ৳ 190.72,
30732,Cefticlor,allopathic,cefticlorpediatric-drops125-mg125-ml,Pediatric Drops,Cefaclor Monohydrate,125 mg/1.25 ml,Renata Limited,15 ml bottle: ৳ 125.00,
18975,Ceftiben,allopathic,ceftibenpowder-for-suspension90-mg5-ml,Powder for Suspension,Ceftibuten Dihydrate,90 mg/5 ml,Square Pharmaceuticals Ltd.,60 ml bottle: ৳ 480.00,
18976,Ceftiben,allopathic,ceftibencapsule400-mg,Capsule,Ceftibuten Dihydrate,400 mg,Square Pharmaceuticals Ltd.,"Unit Price: ৳ 120.00,(6's pack: ৳ 720.00),",(6's pack: ৳ 720.00)
18950,Cefteria,allopathic,cefteriacapsule400-mg,Capsule,Ceftibuten Dihydrate,400 mg,ACI Limited,"Unit Price: ৳ 120.00,(10's pack: ৳ 1,200.00),","(10's pack: ৳ 1,200.00)"
18951,Cefteria,allopathic,cefteriapowder-for-suspension90-mg5-ml,Powder for Suspension,Ceftibuten Dihydrate,90 mg/5 ml,ACI Limited,"60 ml bottle: ৳ 481.00,120 ml bottle: ৳ 802.00",
27323,Ceftem,allopathic,ceftemcapsule400-mg,Capsule,Cefixime Trihydrate,400 mg,Team Pharmaceuticals Ltd.,"Unit Price: ৳ 45.00,(14's pack: ৳ 630.00),",(14's pack: ৳ 630.00)
4624,Acliz Plus,allopathic,acliz-plustablet25-mg50-mg,Tablet,Meclizine + Pyridoxine,25 mg+50 mg,Aristopharma Ltd.,"Unit Price: ৳ 3.00,(100's pack: ৳ 300.00),",(100's pack: ৳ 300.00)
7955,Ceftron,allopathic,ceftronim-injection250-mgvial,IM Injection,Ceftriaxone Sodium,250 mg/vial,Square Pharmaceuticals Ltd.,250 mg vial: ৳ 120.00,
7958,Ceftron,allopathic,ceftroniv-injection250-mgvial,IV Injection,Ceftriaxone Sodium,250 mg/vial,Square Pharmaceuticals Ltd.,250 mg vial: ৳ 120.00,
7959,Ceftron,allopathic,ceftroniv-injection500-mgvial,IV Injection,Ceftriaxone Sodium,500 mg/vial,Square Pharmaceuticals Ltd.,500 mg vial: ৳ 180.00,
7960,Ceftron,allopathic,ceftroniv-injection1-gmvial,IV Injection,Ceftriaxone Sodium,1 gm/vial,Square Pharmaceuticals Ltd.,1 gm vial: ৳ 250.00,
7961,Ceftron,allopathic,ceftroniv-injection2-gmvial,IV Injection,Ceftriaxone Sodium,2 gm/vial,Square Pharmaceuticals Ltd.,2 gm vial: ৳ 350.00,
7956,Ceftron,allopathic,ceftronim-injection500-mgvial,IM Injection,Ceftriaxone Sodium,500 mg/vial,Square Pharmaceuticals Ltd.,500 mg vial: ৳ 180.00,
7957,Ceftron,allopathic,ceftronim-injection1-gmvial,IM Injection,Ceftriaxone Sodium,1 gm/vial,Square Pharmaceuticals Ltd.,1 gm vial: ৳ 250.00,
7952,Ceftrix,allopathic,ceftrixim-injection500-mgvial,IM Injection,Ceftriaxone Sodium,500 mg/vial,Novo Healthcare and Pharma Ltd.,500 mg vial: ৳ 130.39,
7953,Ceftrix,allopathic,ceftrixiv-injection1-gmvial,IV Injection,Ceftriaxone Sodium,1 gm/vial,Novo Healthcare and Pharma Ltd.,1 gm vial: ৳ 160.48,
7954,Ceftrix,allopathic,ceftrixiv-injection2-gmvial,IV Injection,Ceftriaxone Sodium,2 gm/vial,Novo Healthcare and Pharma Ltd.,2 gm vial: ৳ 300.90,
7951,Ceftrix,allopathic,ceftrixim-injection250-mgvial,IM Injection,Ceftriaxone Sodium,250 mg/vial,Novo Healthcare and Pharma Ltd.,250 mg vial: ৳ 90.27,
29573,Ceftrimax,allopathic,ceftrimaxiv-injection1-gmvial,IV Injection,Ceftriaxone Sodium,1 gm/vial,Veritas Pharmaceuticals Ltd.,1 gm vial: ৳ 190.57,
29574,Ceftrimax,allopathic,ceftrimaxiv-injection2-gmvial,IV Injection,Ceftriaxone Sodium,2 gm/vial,Veritas Pharmaceuticals Ltd.,2 gm vial: ৳ 300.90,
29575,Ceftrimax,allopathic,ceftrimaxiv-injection500-mgvial,IV Injection,Ceftriaxone Sodium,500 mg/vial,Veritas Pharmaceuticals Ltd.,500 mg vial: ৳ 130.39,
29572,Ceftrimax,allopathic,ceftrimaxim-injection1-gmvial,IM Injection,Ceftriaxone Sodium,1 gm/vial,Veritas Pharmaceuticals Ltd.,1 gm vial: ৳ 190.57,
29571,Ceftrimax,allopathic,ceftrimaxim-injection500-mgvial,IM Injection,Ceftriaxone Sodium,500 mg/vial,Veritas Pharmaceuticals Ltd.,500 mg vial: ৳ 130.39,
26953,Ceftriaid,allopathic,ceftriaidim-injection500-mgvial,IM Injection,Ceftriaxone Sodium,500 mg/vial,Labaid Pharma Ltd.,500 mg vial: ৳ 200.00,
26954,Ceftriaid,allopathic,ceftriaidiv-injection1-gmvial,IV Injection,Ceftriaxone Sodium,1 gm/vial,Labaid Pharma Ltd.,1 gm vial: ৳ 320.00,
26955,Ceftriaid,allopathic,ceftriaidiv-injection2-gmvial,IV Injection,Ceftriaxone Sodium,2 gm/vial,Labaid Pharma Ltd.,2 gm vial: ৳ 490.00,
26956,Ceftriaid,allopathic,ceftriaidiv-injection500-mgvial,IV Injection,Ceftriaxone Sodium,500 mg/vial,Labaid Pharma Ltd.,500 mg vial: ৳ 200.00,
26952,Ceftriaid,allopathic,ceftriaidim-injection1-gmvial,IM Injection,Ceftriaxone Sodium,1 gm/vial,Labaid Pharma Ltd.,1 gm vial: ৳ 320.00,
26951,Ceftriaid,allopathic,ceftriaidim-injection250-mgvial,IM Injection,Ceftriaxone Sodium,250 mg/vial,Labaid Pharma Ltd.,250 mg vial: ৳ 130.00,
26295,Ceftoril,allopathic,ceftorilpowder-for-suspension90-mg5-ml,Powder for Suspension,Ceftibuten Dihydrate,90 mg/5 ml,Beximco Pharmaceuticals Ltd.,60 ml bottle: ৳ 480.00,
26294,Ceftoril,allopathic,ceftorilcapsule400-mg,Capsule,Ceftibuten Dihydrate,400 mg,Beximco Pharmaceuticals Ltd.,"Unit Price: ৳ 120.00,(8's pack: ৳ 960.00),",(8's pack: ৳ 960.00)
7455,Ceftoren,allopathic,ceftorentablet200-mg,Tablet,Cefditoren,200 mg,ACI Limited,"Unit Price: ৳ 150.00,(8's pack: ৳ 1,200.00),","(8's pack: ৳ 1,200.00)"
27542,Ceftoren,allopathic,ceftorentablet400-mg,Tablet,Cefditoren,400 mg,ACI Limited,"Unit Price: ৳ 250.00,(8's pack: ৳ 2,000.00),","(8's pack: ৳ 2,000.00)"
27217,Ceftobac,allopathic,ceftobacim-injection500-mgvial,IM Injection,Ceftriaxone Sodium,500 mg/vial,Organic Health Care Ltd.,500 mg vial: ৳ 120.00,
27218,Ceftobac,allopathic,ceftobaciv-injection1-gmvial,IV Injection,Ceftriaxone Sodium,1 gm/vial,Organic Health Care Ltd.,1 gm vial: ৳ 160.00,
27219,Ceftobac,allopathic,ceftobaciv-injection2-gmvial,IV Injection,Ceftriaxone Sodium,2 gm/vial,Organic Health Care Ltd.,2 gm vial: ৳ 300.00,
4606,Acliz,allopathic,aclizchewable-tablet50-mg,Chewable Tablet,Meclizine Hydrochloride,50 mg,Aristopharma Ltd.,"Unit Price: ৳ 2.50,(100's pack: ৳ 250.00),",(100's pack: ৳ 250.00)
32969,Aclitol,allopathic,aclitolinhalation-capsule400-mcg12-mcg,Inhalation Capsule,Aclidinium Bromide + Formoterol Fumarate,400 mcg+12 mcg,Square Pharmaceuticals Ltd.,"Unit Price: ৳ 25.00,(20's pack: ৳ 500.00),",(20's pack: ৳ 500.00)
28477,Cefzon,allopathic,cefzonimiv-injection1-gmvial,IM/IV Injection,Ceftazidime Pentahydrate,1 gm/vial,Navana Pharmaceuticals Ltd.,1 gm vial: ৳ 216.44,
7387,Cefuxet Plus,allopathic,cefuxet-plustablet500-mg125-mg,Tablet,Cefuroxime Axetil + Clavulanic Acid,500 mg+125 mg,Chemist Laboratories  Ltd.,"Unit Price: ৳ 100.00,(8's pack: ৳ 800.00),",(8's pack: ৳ 800.00)
7210,Cefuxet,allopathic,cefuxettablet500-mg,Tablet,Cefuroxime Axetil,500 mg,Chemist Laboratories  Ltd.,"Unit Price: ৳ 45.00,(12's pack: ৳ 540.00),",(12's pack: ৳ 540.00)
7209,Cefuxet,allopathic,cefuxettablet250-mg,Tablet,Cefuroxime Axetil,250 mg,Chemist Laboratories  Ltd.,"Unit Price: ৳ 25.00,(16's pack: ৳ 400.00),",(16's pack: ৳ 400.00)
7211,Cefuxet,allopathic,cefuxetpowder-for-suspension125-mg5-ml,Powder for Suspension,Cefuroxime Axetil,125 mg/5 ml,Chemist Laboratories  Ltd.,70 ml bottle: ৳ 198.00,
29455,Cefuson,allopathic,cefusontablet500-mg,Tablet,Cefuroxime Axetil,500 mg,Jayson Pharmaceuticals Ltd.,"Unit Price: ৳ 45.00,(6's pack: ৳ 270.00),,Unit Price: ৳ 45.00,(8's pack: ৳ 360.00),","(6's pack: ৳ 270.00),(8's pack: ৳ 360.00)"
29454,Cefuson,allopathic,cefusontablet250-mg,Tablet,Cefuroxime Axetil,250 mg,Jayson Pharmaceuticals Ltd.,"Unit Price: ৳ 25.00,(12's pack: ৳ 300.00),",(12's pack: ৳ 300.00)
31465,Cefusil CV,allopathic,cefusil-cvtablet500-mg125-mg,Tablet,Cefuroxime Axetil + Clavulanic Acid,500 mg+125 mg,Silco Pharmaceutical Ltd.,"Unit Price: ৳ 50.00,(8's pack: ৳ 400.00),",(8's pack: ৳ 400.00)
31464,Cefusil CV,allopathic,cefusil-cvtablet250-mg625-mg,Tablet,Cefuroxime Axetil + Clavulanic Acid,250 mg+62.5 mg,Silco Pharmaceutical Ltd.,"Unit Price: ৳ 30.00,(12's pack: ৳ 360.00),",(12's pack: ৳ 360.00)
31463,Cefusil,allopathic,cefusiltablet500-mg,Tablet,Cefuroxime Axetil,500 mg,Silco Pharmaceutical Ltd.,"Unit Price: ৳ 45.00,(12's pack: ৳ 540.00),",(12's pack: ৳ 540.00)
31462,Cefusil,allopathic,cefusiltablet250-mg,Tablet,Cefuroxime Axetil,250 mg,Silco Pharmaceutical Ltd.,"Unit Price: ৳ 25.00,(18's pack: ৳ 450.00),",(18's pack: ৳ 450.00)
32498,Cefurino Plus,allopathic,cefurino-pluspowder-for-suspension125-mg3125-mg5-ml,Powder for Suspension,Cefuroxime Axetil + Clavulanic Acid,(125 mg+31.25 mg)/5 ml,Doctor TIMS Pharmaceuticals Ltd.,70 ml bottle: ৳ 250.00,
32497,Cefurino Plus,allopathic,cefurino-plustablet500-mg125-mg,Tablet,Cefuroxime Axetil + Clavulanic Acid,500 mg+125 mg,Doctor TIMS Pharmaceuticals Ltd.,"Unit Price: ৳ 50.00,(14's pack: ৳ 700.00),",(14's pack: ৳ 700.00)
32496,Cefurino,allopathic,cefurinotablet250-mg,Tablet,Cefuroxime Axetil,250 mg,Doctor TIMS Pharmaceuticals Ltd.,"Unit Price: ৳ 25.00,(14's pack: ৳ 350.00),",(14's pack: ৳ 350.00)
19024,Cefurim CV,allopathic,cefurim-cvtablet250-mg625-mg,Tablet,Cefuroxime Axetil + Clavulanic Acid,250 mg+62.5 mg,Somatec Pharmaceuticals Ltd.,"Unit Price: ৳ 30.00,(12's pack: ৳ 360.00),",(12's pack: ৳ 360.00)
19023,Cefurim CV,allopathic,cefurim-cvpowder-for-suspension125-mg3125-mg5-ml,Powder for Suspension,Cefuroxime Axetil + Clavulanic Acid,(125 mg+31.25 mg)/5 ml,Somatec Pharmaceuticals Ltd.,70 ml bottle: ৳ 250.00,
19025,Cefurim CV,allopathic,cefurim-cvtablet500-mg125-mg,Tablet,Cefuroxime Axetil + Clavulanic Acid,500 mg+125 mg,Somatec Pharmaceuticals Ltd.,"Unit Price: ৳ 50.00,(8's pack: ৳ 400.00),",(8's pack: ৳ 400.00)
7206,Cefurim,allopathic,cefurimtablet250-mg,Tablet,Cefuroxime Axetil,250 mg,Somatec Pharmaceuticals Ltd.,"Unit Price: ৳ 25.10,(12's pack: ৳ 301.20),",(12's pack: ৳ 301.20)
7207,Cefurim,allopathic,cefurimtablet500-mg,Tablet,Cefuroxime Axetil,500 mg,Somatec Pharmaceuticals Ltd.,"Unit Price: ৳ 45.17,(8's pack: ৳ 361.35),",(8's pack: ৳ 361.35)
7208,Cefurim,allopathic,cefurimpowder-for-suspension125-mg5-ml,Powder for Suspension,Cefuroxime Axetil,125 mg/5 ml,Somatec Pharmaceuticals Ltd.,70 ml bottle: ৳ 200.00,
27325,Cefurav Plus,allopathic,cefurav-plustablet250-mg625-mg,Tablet,Cefuroxime Axetil + Clavulanic Acid,250 mg+62.5 mg,Team Pharmaceuticals Ltd.,"Unit Price: ৳ 30.00,(14's pack: ৳ 420.00),",(14's pack: ৳ 420.00)
27327,Cefurav Plus,allopathic,cefurav-pluspowder-for-suspension125-mg3125-mg5-ml,Powder for Suspension,Cefuroxime Axetil + Clavulanic Acid,(125 mg+31.25 mg)/5 ml,Team Pharmaceuticals Ltd.,70 ml bottle: ৳ 250.00,
27326,Cefurav Plus,allopathic,cefurav-plustablet500-mg125-mg,Tablet,Cefuroxime Axetil + Clavulanic Acid,500 mg+125 mg,Team Pharmaceuticals Ltd.,"Unit Price: ৳ 50.00,(14's pack: ৳ 700.00),",(14's pack: ৳ 700.00)
7205,Cefunix,allopathic,cefunixpowder-for-suspension125-mg5-ml,Powder for Suspension,Cefuroxime Axetil,125 mg/5 ml,Virgo Pharmaceuticals Ltd.,70 ml bottle: ৳ 190.00,
7204,Cefunix,allopathic,cefunixtablet500-mg,Tablet,Cefuroxime Axetil,500 mg,Virgo Pharmaceuticals Ltd.,"Unit Price: ৳ 40.00,(8's pack: ৳ 320.00),",(8's pack: ৳ 320.00)
7203,Cefunix,allopathic,cefunixtablet250-mg,Tablet,Cefuroxime Axetil,250 mg,Virgo Pharmaceuticals Ltd.,"Unit Price: ৳ 25.00,(8's pack: ৳ 200.00),",(8's pack: ৳ 200.00)
25814,Cefuact,allopathic,cefuactpowder-for-suspension125-mg5-ml,Powder for Suspension,Cefuroxime Axetil,125 mg/5 ml,Leon Pharmaceuticals Ltd.,70 ml bottle: ৳ 199.00,
25813,Cefuact,allopathic,cefuacttablet500-mg,Tablet,Cefuroxime Axetil,500 mg,Leon Pharmaceuticals Ltd.,"Unit Price: ৳ 45.00,(8's pack: ৳ 360.00),",(8's pack: ৳ 360.00)
25812,Cefuact,allopathic,cefuacttablet250-mg,Tablet,Cefuroxime Axetil,250 mg,Leon Pharmaceuticals Ltd.,"Unit Price: ৳ 25.00,(20's pack: ৳ 500.00),",(20's pack: ৳ 500.00)
25819,Cefu M,allopathic,cefu-mimiv-injection750-mgvial,IM/IV Injection,Cefuroxime Axetil,750 mg/vial,Medimet Pharmaceuticals Ltd.,750 mg vial: ৳ 125.00,
17440,Aclene Plus,allopathic,aclene-plusgel0125,Gel,Adapalene + Benzoyl peroxide,0.1%+2.5%,Drug International Ltd.,10 gm tube: ৳ 150.00,
10411,Centamol,allopathic,centamoloral-suspension120-mg5-ml,Oral Suspension,Paracetamol,120 mg/5 ml,Central Pharmaceuticals Ltd.,60 ml bottle: ৳ 16.00,
10410,Centamol,allopathic,centamoltablet500-mg,Tablet,Paracetamol,500 mg,Central Pharmaceuticals Ltd.,"Unit Price: ৳ 0.55,(200's pack: ৳ 110.00),",(200's pack: ৳ 110.00)
10571,Centamol,allopathic,centamoltablet500-mg65-mg,Tablet,Paracetamol + Caffeine,500 mg+65 mg,Central Pharmaceuticals Ltd.,"Unit Price: ৳ 1.90,(100's pack: ৳ 190.00),",(100's pack: ৳ 190.00)
11805,Centagan,allopathic,centagansyrup2-mg5-ml,Syrup,Chlorpheniramine Maleate,2 mg/5 ml,Central Pharmaceuticals Ltd.,100 ml bottle: ৳ 12.00,
3889,Cenolon,allopathic,cenolonimia-injection40-mgml,IM/IA Injection,Triamcinolone Acetonide (Injection),40 mg/ml,Incepta Pharmaceuticals Ltd.,1 ml vial: ৳ 75.00,
3907,Cenolon,allopathic,cenolonnasal-spray55-mcgspray,Nasal Spray,Triamcinolone Acetonide (Nasal Spray),55 mcg/spray,Incepta Pharmaceuticals Ltd.,120 metered sprays: ৳ 200.00,
14299,Cenet,allopathic,cenettablet500-mg,Tablet,Calcium Carbonate,500 mg,Central Pharmaceuticals Ltd.,"Unit Price: ৳ 1.60,(50's pack: ৳ 80.00),",(50's pack: ৳ 80.00)
6501,Cemoxin,allopathic,cemoxinpowder-for-suspension125-mg5-ml,Powder for Suspension,Amoxicillin Trihydrate,125 mg/5 ml,Central Pharmaceuticals Ltd.,100 ml bottle: ৳ 45.00,
6500,Cemoxin,allopathic,cemoxincapsule500-mg,Capsule,Amoxicillin Trihydrate,500 mg,Central Pharmaceuticals Ltd.,"Unit Price: ৳ 6.50,(50's pack: ৳ 325.00),",(50's pack: ৳ 325.00)
6499,Cemoxin,allopathic,cemoxincapsule250-mg,Capsule,Amoxicillin Trihydrate,250 mg,Central Pharmaceuticals Ltd.,"Unit Price: ৳ 3.40,(100's pack: ৳ 340.00),",(100's pack: ৳ 340.00)
7532,Cemix-3,allopathic,cemix-3powder-for-suspension100-mg5-ml,Powder for Suspension,Cefixime Trihydrate,100 mg/5 ml,Seema Pharmaceuticals Ltd.,50 ml bottle: ৳ 195.00,
7531,Cemix-3,allopathic,cemix-3capsule200-mg,Capsule,Cefixime Trihydrate,200 mg,Seema Pharmaceuticals Ltd.,"Unit Price: ৳ 30.00,(8's pack: ৳ 240.00),",(8's pack: ৳ 240.00)
18747,Cemaxi,allopathic,cemaxicapsule200-mg,Capsule,Cefixime Trihydrate,200 mg,Guardian Healthcare Ltd.,"Unit Price: ৳ 30.00,(18's pack: ৳ 540.00),",(18's pack: ৳ 540.00)
18748,Cemaxi,allopathic,cemaxipowder-for-suspension100-mg5-ml,Powder for Suspension,Cefixime Trihydrate,100 mg/5 ml,Guardian Healthcare Ltd.,"30 ml bottle: ৳ 120.00,50 ml bottle: ৳ 190.00",
29118,Celutis,allopathic,celutistablet200-mg,Tablet,Tedizolid Phosphate,200 mg,General Pharmaceuticals Ltd.,"Unit Price: ৳ 450.00,(6's pack: ৳ 2,700.00),","(6's pack: ৳ 2,700.00)"
15751,Celudex,allopathic,celudexophthalmic-solution01,Ophthalmic Solution,Betamethasone Sodium Phosphate,0.10%,Drug International Ltd.,5 ml drop: ৳ 60.00,
12010,Celozin,allopathic,celozintablet10-mg,Tablet,Cetirizine Hydrochloride,10 mg,Leon Pharmaceuticals Ltd.,"Unit Price: ৳ 2.50,(100's pack: ৳ 250.00),",(100's pack: ৳ 250.00)
19153,Celozin,allopathic,celozinsyrup5-mg5-ml,Syrup,Cetirizine Hydrochloride,5 mg/5 ml,Leon Pharmaceuticals Ltd.,60 ml bottle: ৳ 30.00,
1,Celofen,allopathic,celofentablet100-mg,Tablet,Aceclofenac,100 mg,ACI Limited,"Unit Price: ৳ 4.01,(50's pack: ৳ 200.50),",(50's pack: ৳ 200.50)
15158,Cellcept,allopathic,cellcepttablet500-mg,Tablet,Mycophenolate Mofetil,500 mg,Roche Bangladesh Ltd.,Unit Price: ৳ 88.00,
30047,Celipress,allopathic,celipresstablet200-mg,Tablet,Celiprolol Hydrochloride,200 mg,Eskayef Pharmaceuticals Ltd.,"Unit Price: ৳ 8.00,(20's pack: ৳ 160.00),",(20's pack: ৳ 160.00)
30789,Celipress,allopathic,celipresstablet400-mg,Tablet,Celiprolol Hydrochloride,400 mg,Eskayef Pharmaceuticals Ltd.,"Unit Price: ৳ 15.00,(10's pack: ৳ 150.00),",(10's pack: ৳ 150.00)
29117,Celeste,allopathic,celestetablet20-mg,Tablet,Tadalafil,20 mg,General Pharmaceuticals Ltd.,"Unit Price: ৳ 35.00,(4's pack: ৳ 140.00),",(4's pack: ৳ 140.00)
30133,Celenta,allopathic,celentacapsule100-mg,Capsule,Celecoxib,100 mg,Incepta Pharmaceuticals Ltd.,"Unit Price: ৳ 4.50,(50's pack: ৳ 225.00),",(50's pack: ৳ 225.00)
30783,Celenta,allopathic,celentacapsule200-mg,Capsule,Celecoxib,200 mg,Incepta Pharmaceuticals Ltd.,"Unit Price: ৳ 8.00,(40's pack: ৳ 320.00),",(40's pack: ৳ 320.00)
10874,Celeco,allopathic,celecocapsule100-mg,Capsule,Celecoxib,100 mg,Medimet Pharmaceuticals Ltd.,"Unit Price: ৳ 4.50,(50's pack: ৳ 225.00),",(50's pack: ৳ 225.00)
10875,Celeco,allopathic,celecocapsule200-mg,Capsule,Celecoxib,200 mg,Medimet Pharmaceuticals Ltd.,"Unit Price: ৳ 8.00,(30's pack: ৳ 240.00),",(30's pack: ৳ 240.00)
30131,Celbarin,allopathic,celbarincapsule200-mg,Capsule,Ribavirin,200 mg,Incepta Pharmaceuticals Ltd.,"Unit Price: ৳ 35.00,(20's pack: ৳ 700.00),",(20's pack: ৳ 700.00)
7865,Cefzon,allopathic,cefzonimiv-injection250-mgvial,IM/IV Injection,Ceftazidime Pentahydrate,250 mg/vial,Navana Pharmaceuticals Ltd.,250 mg vial: ৳ 80.00,
168,Aclene,allopathic,aclenecream01,Cream,Adapalene,0.10%,Drug International Ltd.,10 gm tube: ৳ 60.00,
14946,Aclasta,allopathic,aclastaiv-infusion5-mg100-ml,IV Infusion,Zoledronic Acid [For osteoporosis],5 mg/100 ml,SANDOZ (A Novartis Division),"100 ml bottle: ৳ 33,927.98",
29072,Cephracap DS,allopathic,cephracap-dspowder-for-suspension250-mg5-ml,Powder for Suspension,Cephradine,250 mg/5 ml,Euro Pharma Ltd.,100 ml bottle: ৳ 120.00,
6842,Cephracap,allopathic,cephracapcapsule500-mg,Capsule,Cephradine,500 mg,Euro Pharma Ltd.,"Unit Price: ৳ 15.00,(20's pack: ৳ 300.00),",(20's pack: ৳ 300.00)
18757,Cephoral DS,allopathic,cephoral-dspowder-for-suspension200-mg5-ml,Powder for Suspension,Cefixime Trihydrate,200 mg/5 ml,Labaid Pharma Ltd.,50 ml bottle: ৳ 300.00,
7533,Cephoral,allopathic,cephoralcapsule200-mg,Capsule,Cefixime Trihydrate,200 mg,Labaid Pharma Ltd.,"Unit Price: ৳ 35.11,(14's pack: ৳ 491.55),",(14's pack: ৳ 491.55)
18758,Cephoral,allopathic,cephoralpediatric-drops25-mgml,Pediatric Drops,Cefixime Trihydrate,25 mg/ml,Labaid Pharma Ltd.,21 ml bottle: ৳ 100.00,
7535,Cephoral,allopathic,cephoralpowder-for-suspension100-mg5-ml,Powder for Suspension,Cefixime Trihydrate,100 mg/5 ml,Labaid Pharma Ltd.,50 ml bottle: ৳ 230.00,
7534,Cephoral,allopathic,cephoralcapsule400-mg,Capsule,Cefixime Trihydrate,400 mg,Labaid Pharma Ltd.,"Unit Price: ৳ 55.14,(7's pack: ৳ 386.00),",(7's pack: ৳ 386.00)
6840,Cephid,allopathic,cephidcapsule500-mg,Capsule,Cephradine,500 mg,Zenith Pharmaceuticals Ltd.,"Unit Price: ৳ 12.50,(20's pack: ৳ 250.00),",(20's pack: ৳ 250.00)
6839,Cephid,allopathic,cephidcapsule250-mg,Capsule,Cephradine,250 mg,Zenith Pharmaceuticals Ltd.,"Unit Price: ৳ 6.52,(30's pack: ৳ 195.60),",(30's pack: ৳ 195.60)
6841,Cephid,allopathic,cephidpowder-for-suspension125-mg5-ml,Powder for Suspension,Cephradine,125 mg/5 ml,Zenith Pharmaceuticals Ltd.,100 ml bottle: ৳ 80.00,
6704,Cephaxin,allopathic,cephaxincapsule500-mg,Capsule,Cephalexin,500 mg,Pharmadesh Laboratories Ltd.,"Unit Price: ৳ 10.53,(20's pack: ৳ 210.60),",(20's pack: ৳ 210.60)
6705,Cephaxin,allopathic,cephaxinpowder-for-suspension125-mg5-ml,Powder for Suspension,Cephalexin,125 mg/5 ml,Pharmadesh Laboratories Ltd.,100 ml bottle: ৳ 72.27,
6720,Cephalor,allopathic,cephalorpowder-for-suspension125-mg5-ml,Powder for Suspension,Cephalexin,125 mg/5 ml,Skylab Pharmaceuticals Ltd.,100 ml bottle: ৳ 81.50,
6719,Cephalor,allopathic,cephalorcapsule250-mg,Capsule,Cephalexin,250 mg,Skylab Pharmaceuticals Ltd.,"Unit Price: ৳ 6.78,(100's pack: ৳ 678.00),",(100's pack: ৳ 678.00)
30793,Cephalen,allopathic,cephalencapsule500-mg,Capsule,Cephalexin,500 mg,Beximco Pharmaceuticals Ltd.,"Unit Price: ৳ 13.29,(50's pack: ৳ 664.50),",(50's pack: ৳ 664.50)
30792,Cephalen,allopathic,cephalencapsule250-mg,Capsule,Cephalexin,250 mg,Beximco Pharmaceuticals Ltd.,"Unit Price: ৳ 6.88,(100's pack: ৳ 688.00),",(100's pack: ৳ 688.00)
30791,Cephalen,allopathic,cephalenpowder-for-suspension125-mg5-ml,Powder for Suspension,Cephalexin,125 mg/5 ml,Beximco Pharmaceuticals Ltd.,100 ml bottle: ৳ 84.27,
7755,Cepdoxim,allopathic,cepdoximpowder-for-suspension40-mg5-ml,Powder for Suspension,Cefpodoxime Proxetil,40 mg/5 ml,Alco Pharma Ltd.,"50 ml bottle: ৳ 90.27,100 ml bottle: ৳ 175.53",
6838,Ceodin,allopathic,ceodinpowder-for-suspension125-mg5-ml,Powder for Suspension,Cephradine,125 mg/5 ml,Central Pharmaceuticals Ltd.,100 ml bottle: ৳ 80.00,
14142,Century Select,allopathic,century-selecttablet,Tablet,Multivitamin & Multimineral [A-Z silver preparation],,UniMed UniHealth,"Unit Price: ৳ 6.00,(30's pack: ৳ 180.00),",(30's pack: ৳ 180.00)
14093,Century Forte,allopathic,century-fortetablet,Tablet,Multivitamin & Multimineral [A-Z gold preparation],,UniMed UniHealth,"Unit Price: ৳ 6.00,(30's pack: ৳ 180.00),",(30's pack: ৳ 180.00)
14092,Central Gold,allopathic,central-goldtablet,Tablet,Multivitamin & Multimineral [A-Z gold preparation],,Central Pharmaceuticals Ltd.,"Unit Price: ৳ 6.50,(30's pack: ৳ 195.00),",(30's pack: ৳ 195.00)
30139,Centradol ER,allopathic,centradol-ertablet-extended-release100-mg,Tablet (Extended Release),Tapentadol Hydrochloride,100 mg,Incepta Pharmaceuticals Ltd.,"Unit Price: ৳ 20.00,(10's pack: ৳ 200.00),",(10's pack: ৳ 200.00)
26196,Centradol,allopathic,centradoltablet75-mg,Tablet,Tapentadol Hydrochloride,75 mg,Incepta Pharmaceuticals Ltd.,"Unit Price: ৳ 17.00,(10's pack: ৳ 170.00),",(10's pack: ৳ 170.00)
24808,Centradol,allopathic,centradoltablet50-mg,Tablet,Tapentadol Hydrochloride,50 mg,Incepta Pharmaceuticals Ltd.,"Unit Price: ৳ 12.00,(20's pack: ৳ 240.00),",(20's pack: ৳ 240.00)
2454,Centoxin,allopathic,centoxintablet025-mg,Tablet,Digoxin,0.25 mg,Opsonin Pharma Ltd.,"Unit Price: ৳ 1.09,(50's pack: ৳ 54.50),",(50's pack: ৳ 54.50)
2455,Centoxin,allopathic,centoxinoral-solution025-mg5-ml,Oral Solution,Digoxin,0.25 mg/5 ml,Opsonin Pharma Ltd.,60 ml bottle: ৳ 75.50,
22097,Centomin,allopathic,centomintablet500-mg,Tablet,Metformin Hydrochloride,500 mg,Centeon Pharma Ltd.,"Unit Price: ৳ 4.00,(100's pack: ৳ 400.00),",(100's pack: ৳ 400.00)
22098,Centomin,allopathic,centomintablet850-mg,Tablet,Metformin Hydrochloride,850 mg,Centeon Pharma Ltd.,"Unit Price: ৳ 6.00,(30's pack: ৳ 180.00),",(30's pack: ৳ 180.00)
22594,Centokast,allopathic,centokasttablet10-mg,Tablet,Montelukast Sodium,10 mg,Centeon Pharma Ltd.,"Unit Price: ৳ 15.00,(30's pack: ৳ 450.00),",(30's pack: ৳ 450.00)
12009,Ceritec,allopathic,ceritectablet10-mg,Tablet,Cetirizine Hydrochloride,10 mg,S.N. Pharmaceutical Ltd.,"Unit Price: ৳ 2.25,(100's pack: ৳ 225.00),",(100's pack: ৳ 225.00)
31181,Cerinib,allopathic,cerinibcapsule150-mg,Capsule,Ceritinib,150 mg,Drug International Ltd.,"Unit Price: ৳ 626.67,(30's pack: ৳ 18,800.00),","(30's pack: ৳ 18,800.00)"
3154,Cerevas,allopathic,cerevastablet5-mg,Tablet,Vinpocetine,5 mg,Square Pharmaceuticals Ltd.,"Unit Price: ৳ 4.03,(50's pack: ৳ 201.50),",(50's pack: ৳ 201.50)
3153,Cereton,allopathic,ceretoninjection10-mg2-ml,Injection,Vinpocetine,10 mg/2 ml,General Pharmaceuticals Ltd.,"2 ml ampoule: ৳ 40.12,(5's pack: ৳ 200.60),",(5's pack: ৳ 200.60)
3152,Cereton,allopathic,ceretontablet5-mg,Tablet,Vinpocetine,5 mg,General Pharmaceuticals Ltd.,"Unit Price: ৳ 4.04,(50's pack: ৳ 202.00),",(50's pack: ৳ 202.00)
3151,Cerenin,allopathic,cerenintablet5-mg,Tablet,Vinpocetine,5 mg,Ambee Pharmaceuticals Ltd.,"Unit Price: ৳ 3.55,(50's pack: ৳ 177.64),",(50's pack: ৳ 177.64)
26339,Ceptiva,allopathic,ceptivatablet003-mg015-mg,Tablet,Ethinyl Estradiol + Desogestrel (0.03 mg),0.03 mg+0.15 mg,ACI Limited,21 tablet pack: ৳ 105.00,
24159,Ceptin-R,allopathic,ceptin-rtablet150-mg,Tablet,Ranitidine Hydrochloride,150 mg,Leon Pharmaceuticals Ltd.,"Unit Price: ৳ 2.00,(100's pack: ৳ 200.00),",(100's pack: ৳ 200.00)
6853,Ceproval,allopathic,ceprovalpowder-for-suspension125-mg5-ml,Powder for Suspension,Cephradine,125 mg/5 ml,Peoples Pharma Ltd.,100 ml bottle: ৳ 70.00,
6852,Ceproval,allopathic,ceprovalcapsule500-mg,Capsule,Cephradine,500 mg,Peoples Pharma Ltd.,"Unit Price: ৳ 10.50,(20's pack: ৳ 210.00),",(20's pack: ৳ 210.00)
9155,Ceprocon,allopathic,ceprocontablet500-mg,Tablet,Ciprofloxacin,500 mg,Concord Pharmaceuticals Ltd.,"Unit Price: ৳ 12.04,(30's pack: ৳ 361.20),",(30's pack: ৳ 361.20)
9156,Ceprocon,allopathic,ceproconpowder-for-suspension250-mg5-ml,Powder for Suspension,Ciprofloxacin,250 mg/5 ml,Concord Pharmaceuticals Ltd.,60 ml bottle: ৳ 98.00,
7756,Cepoxid,allopathic,cepoxidpowder-for-suspension40-mg5-ml,Powder for Suspension,Cefpodoxime Proxetil,40 mg/5 ml,Apex Pharmaceuticals Ltd.,50 ml bottle: ৳ 98.00,
28150,Cepoxid,allopathic,cepoxidtablet200-mg,Tablet,Cefpodoxime Proxetil,200 mg,Apex Pharmaceuticals Ltd.,"Unit Price: ৳ 41.00,(14's pack: ৳ 574.00),",(14's pack: ৳ 574.00)
6711,Ceporex,allopathic,ceporexpowder-for-suspension125-mg5-ml,Powder for Suspension,Cephalexin,125 mg/5 ml,GlaxoSmithKline,100 ml bottle: ৳ 84.27,
6710,Ceporex,allopathic,ceporexcapsule500-mg,Capsule,Cephalexin,500 mg,GlaxoSmithKline,"Unit Price: ৳ 12.73,(50's pack: ৳ 636.50),",(50's pack: ৳ 636.50)
6709,Ceporex,allopathic,ceporexcapsule250-mg,Capsule,Cephalexin,250 mg,GlaxoSmithKline,"Unit Price: ৳ 6.90,(100's pack: ৳ 690.00),",(100's pack: ৳ 690.00)
6706,Ceporal,allopathic,ceporalcapsule250-mg,Capsule,Cephalexin,250 mg,Medimet Pharmaceuticals Ltd.,"Unit Price: ৳ 5.50,(40's pack: ৳ 220.00),",(40's pack: ৳ 220.00)
6707,Ceporal,allopathic,ceporalcapsule500-mg,Capsule,Cephalexin,500 mg,Medimet Pharmaceuticals Ltd.,"Unit Price: ৳ 10.00,(20's pack: ৳ 200.00),",(20's pack: ৳ 200.00)
6708,Ceporal,allopathic,ceporalpowder-for-suspension125-mg5-ml,Powder for Suspension,Cephalexin,125 mg/5 ml,Medimet Pharmaceuticals Ltd.,100 ml bottle: ৳ 78.00,
18706,Cepime,allopathic,cepimeimiv-injection1-gmvial,IM/IV Injection,Cefepime Hydrochloride,1 gm/vial,Rephco Pharmaceuticals Ltd.,1 gm vial: ৳ 550.00,
18707,Cepime,allopathic,cepimeimiv-injection500-mgvial,IM/IV Injection,Cefepime Hydrochloride,500 mg/vial,Rephco Pharmaceuticals Ltd.,500 mg vial: ৳ 300.00,
6848,Cephran DS,allopathic,cephran-dspowder-for-suspension250-mg5-ml,Powder for Suspension,Cephradine,250 mg/5 ml,Opsonin Pharma Ltd.,100 ml bottle: ৳ 120.81,
6851,Cephran,allopathic,cephranimiv-injection1-gmvial,IM/IV Injection,Cephradine,1 gm/vial,Opsonin Pharma Ltd.,1 gm vial: ৳ 80.30,
6850,Cephran,allopathic,cephranimiv-injection500-mgvial,IM/IV Injection,Cephradine,500 mg/vial,Opsonin Pharma Ltd.,"500 mg vial: ৳ 54.20,(4's pack: ৳ 216.80),",(4's pack: ৳ 216.80)
6849,Cephran,allopathic,cephranpediatric-drops125-mg125-ml,Pediatric Drops,Cephradine,125 mg/1.25 ml,Opsonin Pharma Ltd.,15 ml bottle: ৳ 65.00,
6847,Cephran,allopathic,cephranpowder-for-suspension125-mg5-ml,Powder for Suspension,Cephradine,125 mg/5 ml,Opsonin Pharma Ltd.,100 ml bottle: ৳ 90.00,
6846,Cephran,allopathic,cephrancapsule500-mg,Capsule,Cephradine,500 mg,Opsonin Pharma Ltd.,"Unit Price: ৳ 15.05,(30's pack: ৳ 451.50),",(30's pack: ৳ 451.50)
6845,Cephradex DS,allopathic,cephradex-dspowder-for-suspension125-mg5-ml,Powder for Suspension,Cephradine,125 mg/5 ml,Marker Pharma Ltd.,100 ml bottle: ৳ 80.00,
6844,Cephradex,allopathic,cephradexcapsule500-mg,Capsule,Cephradine,500 mg,Marker Pharma Ltd.,"Unit Price: ৳ 12.50,(20's pack: ৳ 250.00),",(20's pack: ৳ 250.00)
12154,Acitrin-L,allopathic,acitrin-loral-solution25-mg5-ml,Oral Solution,Levocetirizine Dihydrochloride,2.5 mg/5 ml,ACI Limited,60 ml bottle: ৳ 55.00,
11932,Cesil,allopathic,cesilsyrup5-mg5-ml,Syrup,Cetirizine Hydrochloride,5 mg/5 ml,Silva Pharmaceuticals Ltd.,60 ml bottle: ৳ 16.00,
15098,Cesalin,allopathic,cesaliniv-infusion1-mgml,IV Infusion,Cisplatin,1 mg/ml,Techno Drugs Ltd.,"10 mg vial: ৳ 220.00,50 mg vial: ৳ 800.00",
19145,Cerzin,allopathic,cerzintablet10-mg,Tablet,Cetirizine Hydrochloride,10 mg,FnF Pharmaceuticals Ltd.,"Unit Price: ৳ 2.50,(100's pack: ৳ 250.00),",(100's pack: ৳ 250.00)
15232,Cervarix,allopathic,cervarixim-injection05-mldose,IM Injection,Human Papillomavirus Bivalent (Types 16 & 18),0.5 ml/dose,GlaxoSmithKline,"0.5 ml pre-filled syringe: ৳ 2,100.00",
27279,Certus,allopathic,certustablet250-mg,Tablet,Lapatinib,250 mg,Beacon Pharmaceuticals Ltd.,"Unit Price: ৳ 350.00,(35's pack: ৳ 12,250.00),","(35's pack: ৳ 12,250.00)"
29860,Certiva,allopathic,certivatablet,Tablet,Multivitamin & Multimineral [A-Z gold preparation],,Everest Pharmaceuticals Ltd.,"Unit Price: ৳ 8.00,(30's pack: ৳ 240.00),",(30's pack: ৳ 240.00)
15154,Certican,allopathic,certicantablet050-mg,Tablet,Everolimus,0.50 mg,Novartis (Bangladesh) Ltd.,"Unit Price: ৳ 250.95,(60's pack: ৳ 15,056.79),","(60's pack: ৳ 15,056.79)"
15153,Certican,allopathic,certicantablet025-mg,Tablet,Everolimus,0.25 mg,Novartis (Bangladesh) Ltd.,"Unit Price: ৳ 125.47,(60's pack: ৳ 7,528.40),","(60's pack: ৳ 7,528.40)"
15155,Certican,allopathic,certicantablet075-mg,Tablet,Everolimus,0.75 mg,Novartis (Bangladesh) Ltd.,"Unit Price: ৳ 376.42,(60's pack: ৳ 22,585.20),","(60's pack: ৳ 22,585.20)"
7221,Ceroxime,allopathic,ceroximepowder-for-suspension125-mg5-ml,Powder for Suspension,Cefuroxime Axetil,125 mg/5 ml,Asiatic Laboratories Ltd.,70 ml bottle: ৳ 198.00,
7220,Ceroxime,allopathic,ceroximetablet500-mg,Tablet,Cefuroxime Axetil,500 mg,Asiatic Laboratories Ltd.,"Unit Price: ৳ 45.00,(8's pack: ৳ 360.00),",(8's pack: ৳ 360.00)
7219,Ceroxime,allopathic,ceroximetablet250-mg,Tablet,Cefuroxime Axetil,250 mg,Asiatic Laboratories Ltd.,"Unit Price: ৳ 25.00,(16's pack: ৳ 400.00),",(16's pack: ৳ 400.00)
27133,Ceroxime,allopathic,ceroximeimiv-injection750-mgvial,IM/IV Injection,Cefuroxime Axetil,750 mg/vial,Asiatic Laboratories Ltd.,750 mg vial: ৳ 125.00,
7217,Cerox-A,allopathic,cerox-aimiv-injection750-mgvial,IM/IV Injection,Cefuroxime Axetil,750 mg/vial,ACI Limited,750 mg vial: ৳ 126.12,
7215,Cerox-A,allopathic,cerox-apowder-for-suspension125-mg5-ml,Powder for Suspension,Cefuroxime Axetil,125 mg/5 ml,ACI Limited,70 ml bottle: ৳ 199.35,
32242,Cerox-A,allopathic,cerox-aimiv-injection250-mgvial,IM/IV Injection,Cefuroxime Axetil,250 mg/vial,ACI Limited,250 mg vial: ৳ 55.38,
32241,Cerox-A,allopathic,cerox-atablet125-mg,Tablet,Cefuroxime Axetil,125 mg,ACI Limited,"Unit Price: ৳ 15.11,(10's pack: ৳ 151.10),",(10's pack: ৳ 151.10)
7214,Cerox-A,allopathic,cerox-atablet500-mg,Tablet,Cefuroxime Axetil,500 mg,ACI Limited,"Unit Price: ৳ 45.31,(8's pack: ৳ 362.48),",(8's pack: ৳ 362.48)
7213,Cerox-A,allopathic,cerox-atablet250-mg,Tablet,Cefuroxime Axetil,250 mg,ACI Limited,"Unit Price: ৳ 25.17,(16's pack: ৳ 402.72),",(16's pack: ৳ 402.72)
7218,Cerox-A,allopathic,cerox-aiv-injection15-gmvial,IV Injection,Cefuroxime Axetil,1.5 gm/vial,ACI Limited,1.5 gm vial: ৳ 201.35,
7404,Cerox CV,allopathic,cerox-cvpowder-for-suspension125-mg3125-mg5-ml,Powder for Suspension,Cefuroxime Axetil + Clavulanic Acid,(125 mg+31.25 mg)/5 ml,ACI Limited,70 ml bottle: ৳ 250.75,
7405,Cerox CV,allopathic,cerox-cvtablet125-mg3125-mg,Tablet,Cefuroxime Axetil + Clavulanic Acid,125 mg+31.25 mg,ACI Limited,"Unit Price: ৳ 21.06,(12's pack: ৳ 252.72),",(12's pack: ৳ 252.72)
7406,Cerox CV,allopathic,cerox-cvtablet250-mg625-mg,Tablet,Cefuroxime Axetil + Clavulanic Acid,250 mg+62.5 mg,ACI Limited,"Unit Price: ৳ 35.00,(12's pack: ৳ 420.00),",(12's pack: ৳ 420.00)
7407,Cerox CV,allopathic,cerox-cvtablet500-mg125-mg,Tablet,Cefuroxime Axetil + Clavulanic Acid,500 mg+125 mg,ACI Limited,"Unit Price: ৳ 60.00,(14's pack: ৳ 840.00),",(14's pack: ৳ 840.00)
15832,Cerodex,allopathic,cerodexophthalmic-solution0301,Ophthalmic Solution,Ciprofloxacin + Dexamethasone,0.3%+0.1%,Gaco Pharmaceuticals Ltd.,5 ml drop: ৳ 75.23,
16244,Cero-HC,allopathic,cero-hcophthalmic-suspension031,Ophthalmic Suspension,Ciprofloxacin + Hydrocortisone Acetate,0.3%+1%,Gaco Pharmaceuticals Ltd.,10 ml drop: ৳ 55.17,
9157,Cero,allopathic,cerotablet500-mg,Tablet,Ciprofloxacin,500 mg,Gaco Pharmaceuticals Ltd.,"Unit Price: ৳ 14.05,(30's pack: ৳ 421.50),",(30's pack: ৳ 421.50)
9109,Cero,allopathic,ceroophthalmic-ointment03,Ophthalmic Ointment,Ciprofloxacin (Ophthalmic),0.30%,Gaco Pharmaceuticals Ltd.,5 gm tube: ৳ 35.00,
9108,Cero,allopathic,ceroophthalmic-solution03,Ophthalmic Solution,Ciprofloxacin (Ophthalmic),0.30%,Gaco Pharmaceuticals Ltd.,"5 ml drop: ৳ 40.00,10 ml drop: ৳ 50.16",
31926,Cerivin,allopathic,cerivintablet5-mg,Tablet,Vinpocetine,5 mg,Beximco Pharmaceuticals Ltd.,"Unit Price: ৳ 4.02,(100's pack: ৳ 402.00),",(100's pack: ৳ 402.00)
12153,Acitrin-L,allopathic,acitrin-ltablet5-mg,Tablet,Levocetirizine Dihydrochloride,5 mg,ACI Limited,"Unit Price: ৳ 3.01,(100's pack: ৳ 301.00),",(100's pack: ৳ 301.00)
11937,Cetra,allopathic,cetratablet10-mg,Tablet,Cetirizine Hydrochloride,10 mg,Cosmo Pharma Ltd.,"Unit Price: ৳ 2.02,(100's pack: ৳ 202.00),",(100's pack: ৳ 202.00)
14020,Cetox Plus,allopathic,cetox-plustablet250-mg200-mg,Tablet,Vitamin C + Vitamin E,250 mg+200 mg,Chemist Laboratories  Ltd.,"Unit Price: ৳ 4.00,(20's pack: ৳ 80.00),",(20's pack: ৳ 80.00)
30648,Cetox Plus,allopathic,cetox-plustablet6-mg200-mg50-mg,Tablet,Betacarotene + Vitamin C + Vitamin E,6 mg+200 mg+50 mg,Chemist Laboratories  Ltd.,"Unit Price: ৳ 4.00,(20's pack: ৳ 80.00),",(20's pack: ৳ 80.00)
23394,Cetol,allopathic,cetoltablet500-mg,Tablet,Paracetamol,500 mg,Aztec Pharmaceuticals Ltd.,Unit Price: ৳ 0.80,
23393,Cetol,allopathic,cetoloral-suspension120-mg5-ml,Oral Suspension,Paracetamol,120 mg/5 ml,Aztec Pharmaceuticals Ltd.,"60 ml bottle: ৳ 16.00,100 ml bottle: ৳ 20.00",
30647,Ceto,allopathic,cetotablet6-mg200-mg50-mg,Tablet,Betacarotene + Vitamin C + Vitamin E,6 mg+200 mg+50 mg,General Pharmaceuticals Ltd.,"Unit Price: ৳ 3.00,(20's pack: ৳ 60.00),",(20's pack: ৳ 60.00)
32316,Cetmax,allopathic,cetmaxtablet10-mg,Tablet,Cetirizine Hydrochloride,10 mg,Al-Madina Pharmaceuticals Ltd.,"Unit Price: ৳ 3.00,(100's pack: ৳ 300.00),",(100's pack: ৳ 300.00)
11936,Cetjet,allopathic,cetjettablet10-mg,Tablet,Cetirizine Hydrochloride,10 mg,Reliance Pharmaceuticals Ltd.,"Unit Price: ৳ 2.00,(100's pack: ৳ 200.00),",(100's pack: ৳ 200.00)
11935,Cetizin,allopathic,cetizintablet10-mg,Tablet,Cetirizine Hydrochloride,10 mg,ACME Laboratories Ltd.,"Unit Price: ৳ 3.01,(100's pack: ৳ 301.00),",(100's pack: ৳ 301.00)
30870,Cetisoft,allopathic,cetisoftcapsule10-mg,Capsule,Cetirizine Hydrochloride,10 mg,ACME Laboratories Ltd.,"Unit Price: ৳ 4.00,(50's pack: ৳ 200.00),",(50's pack: ৳ 200.00)
11934,Cetirizine,allopathic,cetirizinesyrup5-mg5-ml,Syrup,Cetirizine Hydrochloride,5 mg/5 ml,APC Pharma Ltd.,60 ml bottle: ৳ 16.00,
11933,Cetirizine,allopathic,cetirizinetablet10-mg,Tablet,Cetirizine Hydrochloride,10 mg,APC Pharma Ltd.,"Unit Price: ৳ 2.50,(100's pack: ৳ 250.00),",(100's pack: ৳ 250.00)
27227,Cetaxone,allopathic,cetaxoneim-injection500-mgvial,IM Injection,Ceftriaxone Sodium,500 mg/vial,Euro Pharma Ltd.,500 mg vial: ৳ 130.00,
27229,Cetaxone,allopathic,cetaxoneiv-injection2-gmvial,IV Injection,Ceftriaxone Sodium,2 gm/vial,Euro Pharma Ltd.,2 gm vial: ৳ 300.00,
27228,Cetaxone,allopathic,cetaxoneiv-injection1-gmvial,IV Injection,Ceftriaxone Sodium,1 gm/vial,Euro Pharma Ltd.,1 gm vial: ৳ 190.00,
30764,Cetaxim,allopathic,cetaximimiv-injection250-mg5-ml,IM/IV Injection,Cefotaxime,250 mg/5 ml,Globe Pharmaceuticals Ltd.,250 mg vial: ৳ 50.00,
30763,Cetaxim,allopathic,cetaximimiv-injection1-gm10-ml,IM/IV Injection,Cefotaxime,1 gm/10 ml,Globe Pharmaceuticals Ltd.,1 gm vial: ৳ 130.00,
30765,Cetaxim,allopathic,cetaximimiv-injection500-mg10-ml,IM/IV Injection,Cefotaxime,500 mg/10 ml,Globe Pharmaceuticals Ltd.,500 mg vial: ৳ 76.00,
10574,Cetam Plus,allopathic,cetam-plustablet500-mg65-mg,Tablet,Paracetamol + Caffeine,500 mg+65 mg,Pacific Pharmaceuticals Ltd.,"Unit Price: ৳ 2.50,(200's pack: ৳ 500.00),",(200's pack: ৳ 500.00)
10415,Cetam,allopathic,cetamtablet500-mg,Tablet,Paracetamol,500 mg,Pacific Pharmaceuticals Ltd.,"Unit Price: ৳ 0.60,(100's pack: ৳ 60.00),,Unit Price: ৳ 0.60,(200's pack: ৳ 120.00),,Unit Price: ৳ 0.60,(500's pack: ৳ 300.00),","(100's pack: ৳ 60.00),(200's pack: ৳ 120.00),(500's pack: ৳ 300.00)"
10416,Cetam,allopathic,cetamoral-suspension120-mg5-ml,Oral Suspension,Paracetamol,120 mg/5 ml,Pacific Pharmaceuticals Ltd.,60 ml bottle: ৳ 20.70,
10573,Cetal Plus,allopathic,cetal-plustablet500-mg65-mg,Tablet,Paracetamol + Caffeine,500 mg+65 mg,Supreme Pharmaceutical Ltd.,"Unit Price: ৳ 1.90,(100's pack: ৳ 190.00),",(100's pack: ৳ 190.00)
10414,Cetal,allopathic,cetaloral-suspension120-mg5-ml,Oral Suspension,Paracetamol,120 mg/5 ml,Supreme Pharmaceutical Ltd.,60 ml bottle: ৳ 20.63,
10572,Cetadol Plus,allopathic,cetadol-plustablet500-mg65-mg,Tablet,Paracetamol + Caffeine,500 mg+65 mg,Doctor’s Chemical Works Ltd.,"Unit Price: ৳ 1.50,(200's pack: ৳ 300.00),",(200's pack: ৳ 300.00)
23454,Cetadol,allopathic,cetadoltablet500-mg,Tablet,Paracetamol,500 mg,Doctor’s Chemical Works Ltd.,"Unit Price: ৳ 0.60,(200's pack: ৳ 120.00),",(200's pack: ৳ 120.00)
10412,Cetadol,allopathic,cetadoloral-suspension120-mg5-ml,Oral Suspension,Paracetamol,120 mg/5 ml,Doctor’s Chemical Works Ltd.,60 ml bottle: ৳ 16.00,
23573,Cetacaf,allopathic,cetacaftablet500-mg65-mg,Tablet,Paracetamol + Caffeine,500 mg+65 mg,United Pharmaceuticals Ltd.,"Unit Price: ৳ 1.51,(100's pack: ৳ 151.14),",(100's pack: ৳ 151.14)
30405,Cesonide,allopathic,cesonidesolution-for-inhalation80-mcgactuation,Solution for Inhalation,Ciclesonide (Inhalation Aerosol),80 mcg/actuation,Beximco Pharmaceuticals Ltd.,120 metered doses: ৳ 275.00,
30404,Cesonide,allopathic,cesonidesolution-for-inhalation160-mcgactuation,Solution for Inhalation,Ciclesonide (Inhalation Aerosol),160 mcg/actuation,Beximco Pharmaceuticals Ltd.,120 metered doses: ৳ 375.00,
11910,Acitrin,allopathic,acitrinpediatric-drops25-mgml,Pediatric Drops,Cetirizine Hydrochloride,2.5 mg/ml,ACI Limited,15 ml bottle: ৳ 25.08,
33116,Charm,allopathic,charmtablet50-mg,Tablet,Sildenafil Citrate,50 mg,Drug International Ltd.,"Unit Price: ৳ 30.10,(4's pack: ৳ 120.40),",(4's pack: ৳ 120.40)
10870,Champion,allopathic,championcream30104,Cream,Methyl Salicylate + Menthol + Camphor,30%+10%+4%,Drug International Ltd.,"15 gm tube: ৳ 100.00,30 gm tube: ৳ 120.40",
18582,Cfresh Liquigel,allopathic,cfresh-liquigelophthalmic-solution1,Ophthalmic Solution,Carboxymethylcellulose Sodium,1%,Navana Pharmaceuticals Ltd.,10 ml drop: ৳ 270.00,
7114,CFL,allopathic,cflpediatric-drops125-mg125-ml,Pediatric Drops,Cefaclor Monohydrate,125 mg/1.25 ml,Sharif Pharmaceuticals Ltd.,15 ml bottle: ৳ 125.37,
7113,CFL,allopathic,cflpowder-for-suspension125-mg5-ml,Powder for Suspension,Cefaclor Monohydrate,125 mg/5 ml,Sharif Pharmaceuticals Ltd.,100 ml bottle: ৳ 190.58,
11944,Cezin,allopathic,cezintablet10-mg,Tablet,Cetirizine Hydrochloride,10 mg,Medicon Pharmaceuticals Ltd.,"Unit Price: ৳ 1.70,(100's pack: ৳ 170.44),",(100's pack: ৳ 170.44)
11945,Cezin,allopathic,cezinsyrup5-mg5-ml,Syrup,Cetirizine Hydrochloride,5 mg/5 ml,Medicon Pharmaceuticals Ltd.,60 ml bottle: ৳ 18.18,
7223,Cexitil,allopathic,cexitiltablet500-mg,Tablet,Cefuroxime Axetil,500 mg,Medicon Pharmaceuticals Ltd.,"Unit Price: ৳ 44.03,(12's pack: ৳ 528.37),",(12's pack: ৳ 528.37)
7222,Cexitil,allopathic,cexitiltablet250-mg,Tablet,Cefuroxime Axetil,250 mg,Medicon Pharmaceuticals Ltd.,"Unit Price: ৳ 22.73,(12's pack: ৳ 272.71),",(12's pack: ৳ 272.71)
7538,Cexime,allopathic,ceximepowder-for-suspension100-mg5-ml,Powder for Suspension,Cefixime Trihydrate,100 mg/5 ml,GlaxoSmithKline,50 ml bottle: ৳ 200.00,
7537,Cexime,allopathic,ceximecapsule400-mg,Capsule,Cefixime Trihydrate,400 mg,GlaxoSmithKline,"Unit Price: ৳ 50.00,(7's pack: ৳ 350.00),",(7's pack: ৳ 350.00)
7536,Cexime,allopathic,ceximecapsule200-mg,Capsule,Cefixime Trihydrate,200 mg,GlaxoSmithKline,"Unit Price: ৳ 35.11,(14's pack: ৳ 491.54),",(14's pack: ৳ 491.54)
12157,Cevozin,allopathic,cevozintablet5-mg,Tablet,Levocetirizine Dihydrochloride,5 mg,Ad-din Pharmaceuticals Ltd.,"Unit Price: ৳ 2.00,(100's pack: ৳ 200.00),",(100's pack: ৳ 200.00)
13917,Cevion,allopathic,cevioneffervescent-tablet1000-mg,Effervescent Tablet,Vitamin C [Ascorbic acid],1000 mg,Healthcare Pharmaceuticals Ltd.,"Unit Price: ৳ 8.08,(10's pack: ৳ 80.82),",(10's pack: ৳ 80.82)
13916,Cevalin,allopathic,cevalinchewable-tablet250-mg,Chewable Tablet,Vitamin C [Ascorbic acid],250 mg,Biopharma Laboratories Ltd.,"Unit Price: ৳ 1.90,(200's pack: ৳ 380.00),",(200's pack: ৳ 380.00)
11943,Cetzin,allopathic,cetzinsyrup5-mg5-ml,Syrup,Cetirizine Hydrochloride,5 mg/5 ml,Cosmic Pharma Ltd.,60 ml bottle: ৳ 25.00,
11942,Cetzin,allopathic,cetzintablet10-mg,Tablet,Cetirizine Hydrochloride,10 mg,Cosmic Pharma Ltd.,"Unit Price: ৳ 3.00,(100's pack: ৳ 300.00),",(100's pack: ৳ 300.00)
17247,Cetuxim,allopathic,cetuximiv-infusion5-mgml,IV Infusion,Cetuximab,5 mg/ml,Beacon Pharmaceuticals Ltd.,"20 ml vial: ৳ 25,000.00",
5980,Cetrotide,allopathic,cetrotidesc-injection250-mcgvial,SC Injection,Cetrorelix Acetate,250 mcg/vial,Merck,"250 mcg vial: ৳ 3,592.90,(7's pack: ৳ 25,150.30),","(7's pack: ৳ 25,150.30)"
32499,Cetrol,allopathic,cetroltablet10-mg,Tablet,Cetirizine Hydrochloride,10 mg,Doctor TIMS Pharmaceuticals Ltd.,"Unit Price: ৳ 3.00,(100's pack: ৳ 300.00),",(100's pack: ৳ 300.00)
19132,Cetriz,allopathic,cetrizsyrup5-mg5-ml,Syrup,Cetirizine Hydrochloride,5 mg/5 ml,Astra Biopharmaceuticals Ltd.,60 ml bottle: ৳ 20.00,
11941,Cetriz,allopathic,cetriztablet10-mg,Tablet,Cetirizine Hydrochloride,10 mg,Astra Biopharmaceuticals Ltd.,"Unit Price: ৳ 2.50,(30's pack: ৳ 75.00),",(30's pack: ৳ 75.00)
32298,Cetrin,allopathic,cetrincapsule10-mg,Capsule,Cetirizine Hydrochloride,10 mg,Drug International Ltd.,"Unit Price: ৳ 4.00,(60's pack: ৳ 240.00),",(60's pack: ৳ 240.00)
11940,Cetrin,allopathic,cetrintablet10-mg,Tablet,Cetirizine Hydrochloride,10 mg,Drug International Ltd.,"Unit Price: ৳ 3.00,(100's pack: ৳ 300.00),",(100's pack: ৳ 300.00)
11939,Cetrimax,allopathic,cetrimaxtablet10-mg,Tablet,Cetirizine Hydrochloride,10 mg,Novus Pharmaceuticals Ltd.,"Unit Price: ৳ 2.50,(100's pack: ৳ 250.00),",(100's pack: ৳ 250.00)
19137,Cetril,allopathic,cetrilsyrup5-mg5-ml,Syrup,Cetirizine Hydrochloride,5 mg/5 ml,Chemist Laboratories  Ltd.,60 ml bottle: ৳ 30.00,
11938,Cetril,allopathic,cetriltablet10-mg,Tablet,Cetirizine Hydrochloride,10 mg,Chemist Laboratories  Ltd.,"Unit Price: ৳ 2.52,(150's pack: ৳ 378.00),",(150's pack: ৳ 378.00)
28388,Cetrigen,allopathic,cetrigentablet10-mg,Tablet,Cetirizine Hydrochloride,10 mg,Biogen Pharmaceuticals Ltd.,"Unit Price: ৳ 2.50,(100's pack: ৳ 250.00),",(100's pack: ৳ 250.00)
12015,Cetriben,allopathic,cetribentablet10-mg,Tablet,Cetirizine Hydrochloride,10 mg,Benham Pharmaceuticals Ltd.,"Unit Price: ৳ 3.00,(100's pack: ৳ 300.00),",(100's pack: ৳ 300.00)
19134,Cetriben,allopathic,cetribensyrup5-mg5-ml,Syrup,Cetirizine Hydrochloride,5 mg/5 ml,Benham Pharmaceuticals Ltd.,60 ml bottle: ৳ 30.00,
11909,Acitrin,allopathic,acitrinsyrup5-mg5-ml,Syrup,Cetirizine Hydrochloride,5 mg/5 ml,ACI Limited,60 ml bottle: ৳ 30.09,
14885,Cholera Fluid,allopathic,cholera-fluidiv-infusion,IV Infusion,Cholera Saline,,Institute of Public Health (IPH),"Not for sale,Not for sale",
26181,Cholenak,allopathic,cholenakiv-infusion05010393,IV Infusion,Sodium Chloride + Potassium Chloride + Sodium Acetate,0.5%+0.1%+0.393%,Square Pharmaceuticals Ltd.,"500 ml bottle: ৳ 70.15,1000 ml bottle: ৳ 92.00",
31059,Cholcut,allopathic,cholcuttablet20-mg,Tablet,Rosuvastatin,20 mg,Ziska Pharmaceuticals Ltd.,"Unit Price: ৳ 30.00,(20's pack: ৳ 600.00),",(20's pack: ৳ 600.00)
24368,Cholcut,allopathic,cholcuttablet10-mg,Tablet,Rosuvastatin,10 mg,Ziska Pharmaceuticals Ltd.,"Unit Price: ৳ 20.00,(20's pack: ৳ 400.00),",(20's pack: ৳ 400.00)
24369,Cholcut,allopathic,cholcuttablet5-mg,Tablet,Rosuvastatin,5 mg,Ziska Pharmaceuticals Ltd.,"Unit Price: ৳ 10.00,(30's pack: ৳ 300.00),",(30's pack: ৳ 300.00)
11855,Chlorpheniramine,allopathic,chlorpheniraminetablet4-mg,Tablet,Chlorpheniramine Maleate,4 mg,Medimet Pharmaceuticals Ltd.,"Unit Price: ৳ 0.18,(100's pack: ৳ 18.00),",(100's pack: ৳ 18.00)
19195,Chlorphen,allopathic,chlorphenophthalmic-solution05,Ophthalmic Solution,Chloramphenicol (Ophthalmic),0.50%,Nipa Pharmaceuticals Ltd.,10 ml drop: ৳ 30.00,
30806,Chlorphen,allopathic,chlorphencapsule250-mg,Capsule,Chloramphenicol (Oral),250 mg,Nipa Pharmaceuticals Ltd.,"Unit Price: ৳ 2.00,(100's pack: ৳ 200.00),",(100's pack: ৳ 200.00)
8888,Chlorphen,allopathic,chlorphenear-drop51,Ear Drop,Chloramphenicol + Lidocaine Hydrochloride,5%+1%,Nipa Pharmaceuticals Ltd.,10 ml drop: ৳ 20.23,
8889,Chlorphen,allopathic,chlorphenophthalmic-ointment1,Ophthalmic Ointment,Chloramphenicol (Ophthalmic),1%,Nipa Pharmaceuticals Ltd.,3 gm tube: ৳ 8.50,
19185,Chlorovis,allopathic,chlorovisophthalmic-solution05,Ophthalmic Solution,Chloramphenicol (Ophthalmic),0.50%,Biopharma Laboratories Ltd.,10 ml drop: ৳ 34.40,
28855,Chlorosol,allopathic,chlorosolhand-rub0570,Hand Rub,Chlorhexidine Gluconate + Isopropyl alcohol,0.5%+70%,Ziska Pharmaceuticals Ltd.,250 ml bottle: ৳ 130.00,
8877,Chlorool,allopathic,chlorooloral-suspension125-mg5-ml,Oral Suspension,Chloramphenicol (Oral),125 mg/5 ml,Seema Pharmaceuticals Ltd.,60 ml bottle: ৳ 20.00,
8876,Chlorool,allopathic,chloroolcapsule250-mg,Capsule,Chloramphenicol (Oral),250 mg,Seema Pharmaceuticals Ltd.,"Unit Price: ৳ 3.00,(100's pack: ৳ 300.00),",(100's pack: ৳ 300.00)
15796,Chlorodex,allopathic,chlorodexophthalmic-solution0105,Ophthalmic Solution,Dexamethasone + Chloramphenicol,0.1%+0.5%,Nipa Pharmaceuticals Ltd.,5 ml drop: ৳ 70.00,
15816,Chlormet,allopathic,chlormetophthalmic-solution0105,Ophthalmic Solution,Dexamethasone + Chloramphenicol,0.1%+0.5%,Beximco Pharmaceuticals Ltd.,5 ml drop: ৳ 70.00,
8875,Chloramphenicol,allopathic,chloramphenicolcapsule250-mg,Capsule,Chloramphenicol (Oral),250 mg,Hudson Pharmaceuticals Ltd.,"Unit Price: ৳ 2.20,(100's pack: ৳ 220.00),",(100's pack: ৳ 220.00)
29987,Chiro Cyst,allopathic,chiro-cystcapsule500-mg,Capsule,D-chiro-inositol,500 mg,Radiant Nutraceuticals Ltd.,"Unit Price: ৳ 80.00,(14's pack: ৳ 1,120.00),","(14's pack: ৳ 1,120.00)"
302,Chir DS,allopathic,chir-dschewable-tablet400-mg,Chewable Tablet,Albendazole,400 mg,Reliance Pharmaceuticals Ltd.,"Unit Price: ৳ 5.14,(10's pack: ৳ 51.40),",(10's pack: ৳ 51.40)
13919,Chewce,allopathic,chewcechewable-tablet250-mg,Chewable Tablet,Vitamin C [Ascorbic acid],250 mg,Navana Pharmaceuticals Ltd.,"Unit Price: ৳ 1.90,(200's pack: ৳ 380.00),",(200's pack: ৳ 380.00)
8331,Chemomycine,allopathic,chemomycinecapsule250-mg,Capsule,Oxytetracycline,250 mg,Salton Pharmaceuticals Ltd.,"Unit Price: ৳ 1.20,(100's pack: ৳ 120.00),",(100's pack: ৳ 120.00)
30531,Chemocain-A,allopathic,chemocain-ainjection200005,Injection,Lidocaine + Adrenaline,2%+0.0005%,Chemist Laboratories  Ltd.,50 ml vial: ৳ 65.00,
404,Chemocain-A,allopathic,chemocain-ainjection200005,Injection,Lidocaine + Epinephrine,2%+0.0005%,Chemist Laboratories  Ltd.,50 ml ampoule: ৳ 65.00,
21687,Chemocain,allopathic,chemocaininjection2,Injection,Lidocaine Hydrochloride (Injection),2%,Chemist Laboratories  Ltd.,50 ml ampoule: ৳ 28.65,
30846,Chelova,allopathic,chelovadispersible-tablet250-mg,Dispersible Tablet,Deferasirox,250 mg,Jenphar Bangladesh Ltd.,"Unit Price: ৳ 60.00,(30's pack: ৳ 1,800.00),","(30's pack: ৳ 1,800.00)"
30847,Chelova,allopathic,chelovadispersible-tablet500-mg,Dispersible Tablet,Deferasirox,500 mg,Jenphar Bangladesh Ltd.,"Unit Price: ৳ 100.00,(30's pack: ৳ 3,000.00),","(30's pack: ৳ 3,000.00)"
4526,Chear,allopathic,cheartablet100-mg,Tablet,Sertraline Hydrochloride,100 mg,ACI Limited,"Unit Price: ৳ 10.07,(50's pack: ৳ 503.50),",(50's pack: ৳ 503.50)
4524,Chear,allopathic,cheartablet25-mg,Tablet,Sertraline Hydrochloride,25 mg,ACI Limited,"Unit Price: ৳ 3.02,(100's pack: ৳ 302.00),",(100's pack: ৳ 302.00)
4525,Chear,allopathic,cheartablet50-mg,Tablet,Sertraline Hydrochloride,50 mg,ACI Limited,"Unit Price: ৳ 6.04,(50's pack: ৳ 302.00),",(50's pack: ৳ 302.00)
24565,Charnil,allopathic,charniloral-suspension500-mg100-mg5-ml,Oral Suspension,Sodium Alginate + Potassium Bicarbonate,(500 mg+100 mg)/5 ml,Team Pharmaceuticals Ltd.,200 ml bottle: ৳ 146.00,
30934,Cilanem,allopathic,cilanemiv-injection500-mg500-mgvial,IV Injection,Imipenem + Cilastatin,(500 mg+500 mg)/vial,Eskayef Pharmaceuticals Ltd.,"500 mg vial: ৳ 1,195.00",
19369,Cikolin,allopathic,cikolinimiv-injection500-mg4-ml,IM/IV Injection,Citicoline Sodium,500 mg/4 ml,Drug International Ltd.,"4 ml ampoule: ৳ 140.00,(3's pack: ৳ 420.00),",(3's pack: ৳ 420.00)
19368,Cikolin,allopathic,cikolintablet500-mg,Tablet,Citicoline Sodium,500 mg,Drug International Ltd.,"Unit Price: ৳ 50.00,(7's pack: ৳ 350.00),",(7's pack: ৳ 350.00)
9110,Ciflox,allopathic,cifloxophthalmic-solution03,Ophthalmic Solution,Ciprofloxacin (Ophthalmic),0.30%,Reman Drug Laboratories Ltd.,10 ml drop: ৳ 50.00,
9111,Ciflox,allopathic,cifloxophthalmic-ointment03,Ophthalmic Ointment,Ciprofloxacin (Ophthalmic),0.30%,Reman Drug Laboratories Ltd.,5 gm tube: ৳ 35.00,
9160,Ciflox,allopathic,cifloxtablet500-mg,Tablet,Ciprofloxacin,500 mg,Reman Drug Laboratories Ltd.,"Unit Price: ৳ 12.50,(20's pack: ৳ 250.00),",(20's pack: ৳ 250.00)
15822,Ciflodex,allopathic,ciflodexophthalmic-solution0301,Ophthalmic Solution,Ciprofloxacin + Dexamethasone,0.3%+0.1%,Reman Drug Laboratories Ltd.,5 ml drop: ৳ 75.00,
9159,Ciflocin,allopathic,ciflocintablet500-mg,Tablet,Ciprofloxacin,500 mg,Astra Biopharmaceuticals Ltd.,"Unit Price: ৳ 12.00,(20's pack: ৳ 240.00),",(20's pack: ৳ 240.00)
31040,Cifibet,allopathic,cifibettablet100-mg,Tablet,Ciprofibrate,100 mg,Eskayef Pharmaceuticals Ltd.,"Unit Price: ৳ 15.00,(30's pack: ৳ 450.00),",(30's pack: ৳ 450.00)
28151,Cidogrel,allopathic,cidogreltablet75-mg,Tablet,Clopidogrel Bisulphate,75 mg,Apex Pharmaceuticals Ltd.,"Unit Price: ৳ 12.00,(30's pack: ৳ 360.00),",(30's pack: ৳ 360.00)
19328,Cicloson,allopathic,ciclosonnasal-spray50-mcgspray,Nasal Spray,Ciclesonide (Nasal Spray),50 mcg/spray,Incepta Pharmaceuticals Ltd.,120 metered sprays: ৳ 350.00,
29619,Cicloderm,allopathic,ciclodermcream1,Cream,Ciclopirox Olamine (Cream),1%,Popular Pharmaceuticals Ltd.,15 gm tube: ৳ 110.00,
19329,Ciclex,allopathic,ciclexnasal-spray50-mcgspray,Nasal Spray,Ciclesonide (Nasal Spray),50 mcg/spray,Opsonin Pharma Ltd.,120 metered sprays: ৳ 250.75,
9158,Cibact,allopathic,cibacttablet500-mg,Tablet,Ciprofloxacin,500 mg,Euro Pharma Ltd.,"Unit Price: ৳ 14.00,(30's pack: ৳ 420.00),",(30's pack: ৳ 420.00)
27225,Cibact,allopathic,cibacttablet750-mg,Tablet,Ciprofloxacin,750 mg,Euro Pharma Ltd.,"Unit Price: ৳ 18.00,(20's pack: ৳ 360.00),",(20's pack: ৳ 360.00)
27226,Cibact,allopathic,cibactpowder-for-suspension250-mg5-ml,Powder for Suspension,Ciprofloxacin,250 mg/5 ml,Euro Pharma Ltd.,60 ml bottle: ৳ 100.00,
6068,Ciaton,allopathic,ciatontablet5-mg,Tablet,Tadalafil,5 mg,ACI Limited,"Unit Price: ৳ 18.05,(4's pack: ৳ 72.20),",(4's pack: ৳ 72.20)
6069,Ciaton,allopathic,ciatontablet10-mg,Tablet,Tadalafil,10 mg,ACI Limited,"Unit Price: ৳ 35.11,(4's pack: ৳ 140.44),",(4's pack: ৳ 140.44)
6070,Ciaton,allopathic,ciatontablet20-mg,Tablet,Tadalafil,20 mg,ACI Limited,"Unit Price: ৳ 60.18,(4's pack: ৳ 240.72),",(4's pack: ৳ 240.72)
24775,Cialix,allopathic,cialixtablet20-mg,Tablet,Tadalafil,20 mg,NIPRO JMI Pharma Ltd.,Unit Price: ৳ 60.18,
24774,Cialix,allopathic,cialixtablet5-mg,Tablet,Tadalafil,5 mg,NIPRO JMI Pharma Ltd.,Unit Price: ৳ 18.05,
6067,Cialix,allopathic,cialixtablet10-mg,Tablet,Tadalafil,10 mg,NIPRO JMI Pharma Ltd.,"Unit Price: ৳ 35.11,(4's pack: ৳ 140.44),",(4's pack: ৳ 140.44)
28476,Ciafil,allopathic,ciafiltablet20-mg,Tablet,Tadalafil,20 mg,Navana Pharmaceuticals Ltd.,"Unit Price: ৳ 55.16,(4's pack: ৳ 220.64),",(4's pack: ৳ 220.64)
28475,Ciafil,allopathic,ciafiltablet10-mg,Tablet,Tadalafil,10 mg,Navana Pharmaceuticals Ltd.,"Unit Price: ৳ 35.11,(4's pack: ৳ 140.44),",(4's pack: ৳ 140.44)
303,Chuben DS,allopathic,chuben-dschewable-tablet400-mg,Chewable Tablet,Albendazole,400 mg,Alco Pharma Ltd.,"Unit Price: ৳ 5.00,(48's pack: ৳ 240.00),",(48's pack: ৳ 240.00)
24222,Chrocee,allopathic,chroceecapsule200-mg,Capsule,Ribavirin,200 mg,ACI Limited,"Unit Price: ৳ 35.00,(20's pack: ৳ 700.00),",(20's pack: ৳ 700.00)
26162,Choriofactor,allopathic,choriofactorim-injection5000-iuvial,IM Injection,Human Chorionic Gonadotrophin,5000 IU/vial,ZAS Corporation,"5000 IU vial: ৳ 2,300.00",
30222,Cholvax,allopathic,cholvaxoral-suspension15-mlvial,Oral Suspension,Oral Cholera Vaccine,1.5 ml/vial,Incepta Pharmaceuticals Ltd.,"1.5 ml vial: ৳ 1,000.00",
14884,Cholera Saline,allopathic,cholera-salineiv-infusion,IV Infusion,Cholera Saline,,Opso Saline Ltd.,"500 ml bag: ৳ 72.17,1000 ml bag: ৳ 91.71",
14890,Cholera Saline,allopathic,cholera-salineiv-infusion,IV Infusion,Cholera Saline,,ACME Laboratories Ltd.,"500 ml bag: ৳ 70.14,1000 ml bag: ৳ 91.99",
11908,Acitrin,allopathic,acitrintablet10-mg,Tablet,Cetirizine Hydrochloride,10 mg,ACI Limited,"Unit Price: ৳ 3.01,(100's pack: ৳ 301.00),",(100's pack: ৳ 301.00)
575,Cinamak,allopathic,cinamakimiv-injection250-mg2-ml,IM/IV Injection,Amikacin,250 mg/2 ml,Techno Drugs Ltd.,"2 ml ampoule: ৳ 11.99,(10's pack: ৳ 119.89),",(10's pack: ৳ 119.89)
8633,Cinalid,allopathic,cinalidpowder-for-suspension200-mg5-ml,Powder for Suspension,Azithromycin Dihydrate,200 mg/5 ml,Jayson Pharmaceuticals Ltd.,"15 ml bottle: ৳ 75.50,35 ml bottle: ৳ 130.39",
8632,Cinalid,allopathic,cinalidtablet500-mg,Tablet,Azithromycin Dihydrate,500 mg,Jayson Pharmaceuticals Ltd.,"Unit Price: ৳ 34.00,(6's pack: ৳ 204.00),",(6's pack: ৳ 204.00)
26905,Cinagen-D,allopathic,cinagen-dophthalmic-solution0501,Ophthalmic Solution,Moxifloxacin Hydrochloride + Dexamethasone,0.5%+0.1%,Navana Pharmaceuticals Ltd.,5 ml drop: ৳ 200.00,
22685,Cinagen XG,allopathic,cinagen-xgophthalmic-solution0504,Ophthalmic Solution,Moxifloxacin Hydrochloride + Xanthan Gum,0.5%+0.4%,Navana Pharmaceuticals Ltd.,5 ml drop: ৳ 150.00,
9624,Cinagen,allopathic,cinagenophthalmic-solution05,Ophthalmic Solution,Moxifloxacin Hydrochloride (Ophthalmic),0.50%,Navana Pharmaceuticals Ltd.,5 ml drop: ৳ 140.00,
29362,Cilvas,allopathic,cilvastablet10-mg,Tablet,Cilnidipine,10 mg,Labaid Pharma Ltd.,"Unit Price: ৳ 9.00,(30's pack: ৳ 270.00),",(30's pack: ৳ 270.00)
29335,Cilvas,allopathic,cilvastablet5-mg,Tablet,Cilnidipine,5 mg,Labaid Pharma Ltd.,"Unit Price: ৳ 7.00,(30's pack: ৳ 210.00),",(30's pack: ৳ 210.00)
3159,Cilosta,allopathic,cilostatablet100-mg,Tablet,Cilostazol,100 mg,Square Pharmaceuticals Ltd.,"Unit Price: ৳ 12.09,(30's pack: ৳ 362.70),",(30's pack: ৳ 362.70)
9162,Cilocin XR,allopathic,cilocin-xrtablet-extended-release500-mg,Tablet (Extended Release),Ciprofloxacin,500 mg,Pacific Pharmaceuticals Ltd.,"Unit Price: ৳ 8.00,(30's pack: ৳ 240.00),",(30's pack: ৳ 240.00)
28521,Cilocin,allopathic,cilocinophthalmic-solution03,Ophthalmic Solution,Ciprofloxacin (Ophthalmic),0.30%,Pacific Pharmaceuticals Ltd.,5 ml drop: ৳ 40.00,
9161,Cilocin,allopathic,cilocintablet500-mg,Tablet,Ciprofloxacin,500 mg,Pacific Pharmaceuticals Ltd.,"Unit Price: ৳ 12.00,(50's pack: ৳ 600.00),",(50's pack: ৳ 600.00)
9163,Cilocin,allopathic,cilocinpowder-for-suspension250-mg5-ml,Powder for Suspension,Ciprofloxacin,250 mg/5 ml,Pacific Pharmaceuticals Ltd.,60 ml bottle: ৳ 100.00,
26343,Cilocab,allopathic,cilocabtablet5-mg,Tablet,Cilnidipine,5 mg,ACI Limited,"Unit Price: ৳ 7.00,(30's pack: ৳ 210.00),",(30's pack: ৳ 210.00)
26342,Cilocab,allopathic,cilocabtablet10-mg,Tablet,Cilnidipine,10 mg,ACI Limited,"Unit Price: ৳ 9.00,(30's pack: ৳ 270.00),",(30's pack: ৳ 270.00)
26458,Cilnivas,allopathic,cilnivastablet5-mg,Tablet,Cilnidipine,5 mg,Popular Pharmaceuticals Ltd.,"Unit Price: ৳ 5.00,(30's pack: ৳ 150.00),",(30's pack: ৳ 150.00)
26459,Cilnivas,allopathic,cilnivastablet10-mg,Tablet,Cilnidipine,10 mg,Popular Pharmaceuticals Ltd.,"Unit Price: ৳ 8.00,(30's pack: ৳ 240.00),",(30's pack: ৳ 240.00)
25970,Cilnipin,allopathic,cilnipintablet5-mg,Tablet,Cilnidipine,5 mg,Aristopharma Ltd.,"Unit Price: ৳ 7.00,(30's pack: ৳ 210.00),",(30's pack: ৳ 210.00)
25971,Cilnipin,allopathic,cilnipintablet10-mg,Tablet,Cilnidipine,10 mg,Aristopharma Ltd.,"Unit Price: ৳ 9.00,(30's pack: ৳ 270.00),",(30's pack: ৳ 270.00)
32465,Cilnior,allopathic,cilniortablet10-mg,Tablet,Cilnidipine,10 mg,Orion Pharma Ltd.,"Unit Price: ৳ 9.00,(30's pack: ৳ 270.00),",(30's pack: ৳ 270.00)
32464,Cilnior,allopathic,cilniortablet5-mg,Tablet,Cilnidipine,5 mg,Orion Pharma Ltd.,"Unit Price: ৳ 7.00,(30's pack: ৳ 210.00),",(30's pack: ৳ 210.00)
25983,Cilnical,allopathic,cilnicaltablet10-mg,Tablet,Cilnidipine,10 mg,UniMed UniHealth,"Unit Price: ৳ 9.00,(30's pack: ৳ 270.00),",(30's pack: ৳ 270.00)
33028,Cilmedip,allopathic,cilmediptablet10-mg,Tablet,Cilnidipine,10 mg,Ibn Sina Pharmaceuticals Ltd.,"Unit Price: ৳ 6.00,(30's pack: ৳ 180.00),",(30's pack: ৳ 180.00)
33027,Cilmedip,allopathic,cilmediptablet5-mg,Tablet,Cilnidipine,5 mg,Ibn Sina Pharmaceuticals Ltd.,"Unit Price: ৳ 4.00,(30's pack: ৳ 120.00),",(30's pack: ৳ 120.00)
29769,Cilma,allopathic,cilmatablet5-mg,Tablet,Cilnidipine,5 mg,Renata Limited,"Unit Price: ৳ 7.00,(30's pack: ৳ 210.00),",(30's pack: ৳ 210.00)
29768,Cilma,allopathic,cilmatablet10-mg,Tablet,Cilnidipine,10 mg,Renata Limited,"Unit Price: ৳ 9.00,(30's pack: ৳ 270.00),",(30's pack: ৳ 270.00)
27761,Cildocal,allopathic,cildocaltablet5-mg,Tablet,Cilnidipine,5 mg,Delta Pharma Ltd.,"Unit Price: ৳ 3.00,(30's pack: ৳ 90.00),",(30's pack: ৳ 90.00)
27762,Cildocal,allopathic,cildocaltablet10-mg,Tablet,Cilnidipine,10 mg,Delta Pharma Ltd.,"Unit Price: ৳ 5.00,(30's pack: ৳ 150.00),",(30's pack: ৳ 150.00)
25978,Cildip,allopathic,cildiptablet5-mg,Tablet,Cilnidipine,5 mg,Opsonin Pharma Ltd.,"Unit Price: ৳ 7.00,(42's pack: ৳ 294.00),",(42's pack: ৳ 294.00)
25977,Cildip,allopathic,cildiptablet10-mg,Tablet,Cilnidipine,10 mg,Opsonin Pharma Ltd.,"Unit Price: ৳ 9.00,(28's pack: ৳ 252.00),,Unit Price: ৳ 9.00,(42's pack: ৳ 378.00),","(28's pack: ৳ 252.00),(42's pack: ৳ 378.00)"
29673,Jernide,herbal,jernidesyrup300-mg100-mg015-ml,Syrup,Liquorice + Cascara Sagrada + Belladona,300 mg+100 mg+0.15 ml,Hamdard Bangladesh,100 ml bottle: ৳ 70.00,
27103,Cip,allopathic,ciptablet500-mg,Tablet,Ciprofloxacin,500 mg,Asiatic Laboratories Ltd.,"Unit Price: ৳ 14.00,(30's pack: ৳ 420.00),",(30's pack: ৳ 420.00)
9112,Cip,allopathic,cipophthalmic-solution03,Ophthalmic Solution,Ciprofloxacin (Ophthalmic),0.30%,Asiatic Laboratories Ltd.,10 ml drop: ৳ 40.00,
30827,Cip,allopathic,cipophthalmic-ointment03,Ophthalmic Ointment,Ciprofloxacin (Ophthalmic),0.30%,Asiatic Laboratories Ltd.,3 gm tube: ৳ 32.00,
27134,Cip,allopathic,ciptablet750-mg,Tablet,Ciprofloxacin,750 mg,Asiatic Laboratories Ltd.,"Unit Price: ৳ 18.00,(12's pack: ৳ 216.00),",(12's pack: ৳ 216.00)
28026,Cinon,allopathic,cinoncream01,Cream,Halcinonide,0.10%,Ambee Pharmaceuticals Ltd.,5 gm tube: ৳ 16.00,
4601,Cinomyst,allopathic,cinomysttablet15-mg,Tablet,Cinnarizine,15 mg,Mystic Pharmaceuticals Ltd.,"Unit Price: ৳ 0.70,(100's pack: ৳ 70.00),",(100's pack: ৳ 70.00)
12624,Cinoderm,allopathic,cinodermcream0025,Cream,Fluocinolone Acetonide,0.03%,Drug International Ltd.,10 gm tube: ৳ 45.00,
4600,Cinnarizine,allopathic,cinnarizinetablet15-mg,Tablet,Cinnarizine,15 mg,Bristol Pharmaceuticals Ltd.,"Unit Price: ৳ 1.00,(200's pack: ৳ 200.00),",(200's pack: ৳ 200.00)
14359,Cinet,allopathic,cinettablet500-mg,Tablet,Calcium Carbonate,500 mg,Belsen Pharmaceuticals Ltd.,"Unit Price: ৳ 2.00,(30's pack: ৳ 60.00),",(30's pack: ৳ 60.00)
5106,Cinemet CR,allopathic,cinemet-crtablet-controlled-release200-mg50-mg,Tablet (Controlled Release),Levodopa + Carbidopa (CR tablet),200 mg+50 mg,ACI Limited,"Unit Price: ৳ 12.50,(50's pack: ৳ 625.00),",(50's pack: ৳ 625.00)
30708,Cinemet CR,allopathic,cinemet-crtablet-controlled-release100-mg25-mg,Tablet (Controlled Release),Levodopa + Carbidopa (CR tablet),100 mg+25 mg,ACI Limited,"Unit Price: ৳ 10.00,(50's pack: ৳ 500.00),",(50's pack: ৳ 500.00)
27976,Cinekar,allopathic,cinekartablet5-mg,Tablet,Cilnidipine,5 mg,Jenphar Bangladesh Ltd.,"Unit Price: ৳ 7.00,(30's pack: ৳ 210.00),",(30's pack: ৳ 210.00)
27977,Cinekar,allopathic,cinekartablet10-mg,Tablet,Cilnidipine,10 mg,Jenphar Bangladesh Ltd.,"Unit Price: ৳ 9.00,(30's pack: ৳ 270.00),",(30's pack: ৳ 270.00)
4620,Cinazin Plus,allopathic,cinazin-plustablet20-mg40-mg,Tablet,Cinnarizine + Dimenhydrinate,20 mg+40 mg,ACME Laboratories Ltd.,"Unit Price: ৳ 1.51,(50's pack: ৳ 75.50),",(50's pack: ৳ 75.50)
4599,Cinazin,allopathic,cinazintablet15-mg,Tablet,Cinnarizine,15 mg,ACME Laboratories Ltd.,"Unit Price: ৳ 0.70,(100's pack: ৳ 70.00),",(100's pack: ৳ 70.00)
4619,Cinarzin Plus,allopathic,cinarzin-plustablet20-mg40-mg,Tablet,Cinnarizine + Dimenhydrinate,20 mg+40 mg,Ibn Sina Pharmaceuticals Ltd.,"Unit Price: ৳ 2.00,(100's pack: ৳ 200.00),",(100's pack: ৳ 200.00)
4598,Cinarzin,allopathic,cinarzintablet15-mg,Tablet,Cinnarizine,15 mg,Ibn Sina Pharmaceuticals Ltd.,"Unit Price: ৳ 1.00,(100's pack: ৳ 100.00),",(100's pack: ৳ 100.00)
4623,Cinaryl Plus,allopathic,cinaryl-plustablet20-mg40-mg,Tablet,Cinnarizine + Dimenhydrinate,20 mg+40 mg,Opsonin Pharma Ltd.,"Unit Price: ৳ 2.00,(100's pack: ৳ 200.00),",(100's pack: ৳ 200.00)
4597,Cinaryl,allopathic,cinaryltablet15-mg,Tablet,Cinnarizine,15 mg,Opsonin Pharma Ltd.,"Unit Price: ৳ 1.00,(100's pack: ৳ 100.00),",(100's pack: ৳ 100.00)
4618,Cinaron Plus,allopathic,cinaron-plustablet20-mg40-mg,Tablet,Cinnarizine + Dimenhydrinate,20 mg+40 mg,Square Pharmaceuticals Ltd.,"Unit Price: ৳ 2.00,(100's pack: ৳ 200.00),,Unit Price: ৳ 2.00,(140's pack: ৳ 280.00),","(100's pack: ৳ 200.00),(140's pack: ৳ 280.00)"
4596,Cinaron,allopathic,cinarontablet15-mg,Tablet,Cinnarizine,15 mg,Square Pharmaceuticals Ltd.,"Unit Price: ৳ 1.00,(200's pack: ৳ 200.00),",(200's pack: ৳ 200.00)
4595,Cinarin,allopathic,cinarintablet15-mg,Tablet,Cinnarizine,15 mg,Nipa Pharmaceuticals Ltd.,"Unit Price: ৳ 1.00,(100's pack: ৳ 100.00),",(100's pack: ৳ 100.00)
15844,Cinarex D,allopathic,cinarex-dophthalmic-solution0103,Ophthalmic Solution,Dexamethasone + Tobramycin,0.1%+0.3%,Beximco Pharmaceuticals Ltd.,5 ml drop: ৳ 150.00,
15720,Cinarex,allopathic,cinarexophthalmic-solution03,Ophthalmic Solution,Tobramycin (Ophthalmic),0.30%,Beximco Pharmaceuticals Ltd.,5 ml drop: ৳ 100.00,
12786,Cinamycin Plus,allopathic,cinamycin-plustopical-gel120025,Topical Gel,Clindamycin + Tretinoin,1.2%+0.025%,Ibn Sina Pharmaceuticals Ltd.,15 gm tube: ৳ 150.00,
8811,Cinamycin,allopathic,cinamycincapsule300-mg,Capsule,Clindamycin,300 mg,Ibn Sina Pharmaceuticals Ltd.,"Unit Price: ৳ 15.00,(30's pack: ৳ 450.00),",(30's pack: ৳ 450.00)
8810,Cinamycin,allopathic,cinamycincapsule150-mg,Capsule,Clindamycin,150 mg,Ibn Sina Pharmaceuticals Ltd.,"Unit Price: ৳ 8.00,(30's pack: ৳ 240.00),",(30's pack: ৳ 240.00)
19400,Cinamycin,allopathic,cinamycinimiv-injection300-mg2-ml,IM/IV Injection,Clindamycin,300 mg/2 ml,Ibn Sina Pharmaceuticals Ltd.,"2 ml ampoule: ৳ 40.00,(5's pack: ৳ 200.00),",(5's pack: ৳ 200.00)
27590,Cinamycin,allopathic,cinamycinimiv-injection600-mg4-ml,IM/IV Injection,Clindamycin,600 mg/4 ml,Ibn Sina Pharmaceuticals Ltd.,"4 ml ampoule: ৳ 70.00,(5's pack: ৳ 350.00),",(5's pack: ৳ 350.00)
7916,Aciphin,allopathic,aciphiniv-injection2-gmvial,IV Injection,Ceftriaxone Sodium,2 gm/vial,ACI Limited,2 gm vial: ৳ 302.04,
7915,Aciphin,allopathic,aciphiniv-injection1-gmvial,IV Injection,Ceftriaxone Sodium,1 gm/vial,ACI Limited,1 gm vial: ৳ 191.29,
9182,Cipro-A,allopathic,cipro-atablet750-mg,Tablet,Ciprofloxacin,750 mg,ACME Laboratories Ltd.,"Unit Price: ৳ 18.11,(20's pack: ৳ 362.20),",(20's pack: ৳ 362.20)
9184,Cipro-A,allopathic,cipro-aiv-infusion200-mg100-ml,IV Infusion,Ciprofloxacin,200 mg/100 ml,ACME Laboratories Ltd.,100 ml bottle: ৳ 146.94,
9181,Cipro-A,allopathic,cipro-atablet500-mg,Tablet,Ciprofloxacin,500 mg,ACME Laboratories Ltd.,"Unit Price: ৳ 15.00,(20's pack: ৳ 300.00),",(20's pack: ৳ 300.00)
9183,Cipro-A,allopathic,cipro-apowder-for-suspension250-mg5-ml,Powder for Suspension,Ciprofloxacin,250 mg/5 ml,ACME Laboratories Ltd.,60 ml bottle: ৳ 100.30,
9180,Cipro-A,allopathic,cipro-atablet250-mg,Tablet,Ciprofloxacin,250 mg,ACME Laboratories Ltd.,"Unit Price: ৳ 8.56,(30's pack: ৳ 256.80),",(30's pack: ৳ 256.80)
9179,Cipro,allopathic,cipropowder-for-suspension250-mg5-ml,Powder for Suspension,Ciprofloxacin,250 mg/5 ml,Apollo Pharmaceutical Ltd.,60 ml bottle: ৳ 80.00,
9178,Cipro,allopathic,ciprotablet500-mg,Tablet,Ciprofloxacin,500 mg,Apollo Pharmaceutical Ltd.,"Unit Price: ৳ 10.00,(30's pack: ৳ 300.00),",(30's pack: ৳ 300.00)
9115,Ciprin,allopathic,ciprinophthalmic-ointment03,Ophthalmic Ointment,Ciprofloxacin (Ophthalmic),0.30%,Nipa Pharmaceuticals Ltd.,3 gm tube: ৳ 35.00,
9177,Ciprin,allopathic,ciprintablet500-mg,Tablet,Ciprofloxacin,500 mg,Nipa Pharmaceuticals Ltd.,"Unit Price: ৳ 12.00,(30's pack: ৳ 360.00),",(30's pack: ৳ 360.00)
9114,Ciprin,allopathic,ciprinophthalmic-solution03,Ophthalmic Solution,Ciprofloxacin (Ophthalmic),0.30%,Nipa Pharmaceuticals Ltd.,"5 ml drop: ৳ 40.00,10 ml drop: ৳ 50.00",
31019,Cipran,allopathic,ciprancapsule-extended-release80-mg,Capsule (Extended Release),Levomilnacipran Hydrochloride,80 mg,Renata Limited,"Unit Price: ৳ 35.00,(18's pack: ৳ 630.00),",(18's pack: ৳ 630.00)
31020,Cipran,allopathic,ciprancapsule-extended-release40-mg,Capsule (Extended Release),Levomilnacipran Hydrochloride,40 mg,Renata Limited,"Unit Price: ৳ 18.00,(18's pack: ৳ 324.00),",(18's pack: ৳ 324.00)
9175,Cipoxia,allopathic,cipoxiatablet500-mg,Tablet,Ciprofloxacin,500 mg,Pharmasia Limited,"Unit Price: ৳ 14.00,(20's pack: ৳ 280.00),",(20's pack: ৳ 280.00)
9176,Cipoxia,allopathic,cipoxiapowder-for-suspension250-mg5-ml,Powder for Suspension,Ciprofloxacin,250 mg/5 ml,Pharmasia Limited,60 ml bottle: ৳ 100.00,
9174,Ciplon DS,allopathic,ciplon-dsiv-infusion400-mg100-ml,IV Infusion,Ciprofloxacin,400 mg/100 ml,Techno Drugs Ltd.,100 ml bottle: ৳ 144.32,
9173,Ciplon,allopathic,ciploniv-infusion200-mg100-ml,IV Infusion,Ciprofloxacin,200 mg/100 ml,Techno Drugs Ltd.,100 ml bottle: ৳ 74.65,
9172,Ciplon,allopathic,ciplontablet750-mg,Tablet,Ciprofloxacin,750 mg,Techno Drugs Ltd.,"Unit Price: ৳ 17.92,(20's pack: ৳ 358.32),",(20's pack: ৳ 358.32)
9171,Ciplon,allopathic,ciplontablet500-mg,Tablet,Ciprofloxacin,500 mg,Techno Drugs Ltd.,"Unit Price: ৳ 13.93,(30's pack: ৳ 418.03),",(30's pack: ৳ 418.03)
29246,Cipex,allopathic,cipexpowder-for-suspension250-mg5-ml,Powder for Suspension,Ciprofloxacin,250 mg/5 ml,Al-Madina Pharmaceuticals Ltd.,60 ml bottle: ৳ 90.00,
29245,Cipex,allopathic,cipextablet500-mg,Tablet,Ciprofloxacin,500 mg,Al-Madina Pharmaceuticals Ltd.,"Unit Price: ৳ 12.00,(30's pack: ৳ 360.00),",(30's pack: ৳ 360.00)
29244,Cipex,allopathic,cipextablet250-mg,Tablet,Ciprofloxacin,250 mg,Al-Madina Pharmaceuticals Ltd.,"Unit Price: ৳ 7.00,(30's pack: ৳ 210.00),",(30's pack: ৳ 210.00)
32331,Cipex,allopathic,cipextablet750-mg,Tablet,Ciprofloxacin,750 mg,Al-Madina Pharmaceuticals Ltd.,Unit Price: ৳ 17.00,
19351,Cipcin-DX,allopathic,cipcin-dxophthalmic-solution0301,Ophthalmic Solution,Ciprofloxacin + Dexamethasone,0.3%+0.1%,Biopharma Laboratories Ltd.,5 ml drop: ৳ 75.00,
9169,Cipcin,allopathic,cipcinpowder-for-suspension250-mg5-ml,Powder for Suspension,Ciprofloxacin,250 mg/5 ml,Biopharma Laboratories Ltd.,60 ml bottle: ৳ 100.00,
19345,Cipcin,allopathic,cipcinophthalmic-solution03,Ophthalmic Solution,Ciprofloxacin (Ophthalmic),0.30%,Biopharma Laboratories Ltd.,5 ml drop: ৳ 40.00,
9168,Cipcin,allopathic,cipcintablet750-mg,Tablet,Ciprofloxacin,750 mg,Biopharma Laboratories Ltd.,"Unit Price: ৳ 18.08,(12's pack: ৳ 216.91),",(12's pack: ৳ 216.91)
9167,Cipcin,allopathic,cipcintablet500-mg,Tablet,Ciprofloxacin,500 mg,Biopharma Laboratories Ltd.,"Unit Price: ৳ 15.06,(30's pack: ৳ 451.80),",(30's pack: ৳ 451.80)
9166,Cipcin,allopathic,cipcintablet250-mg,Tablet,Ciprofloxacin,250 mg,Biopharma Laboratories Ltd.,"Unit Price: ৳ 8.52,(30's pack: ৳ 255.73),",(30's pack: ৳ 255.73)
28889,Cipcin,allopathic,cipciniv-infusion200-mg100-ml,IV Infusion,Ciprofloxacin,200 mg/100 ml,Biopharma Laboratories Ltd.,100 ml bottle: ৳ 140.00,
15823,Cip-D,allopathic,cip-dophthalmic-solution0301,Ophthalmic Solution,Ciprofloxacin + Dexamethasone,0.3%+0.1%,Asiatic Laboratories Ltd.,5 ml drop: ৳ 75.00,
9203,Ciprom,allopathic,cipromtablet250-mg,Tablet,Ciprofloxacin,250 mg,Millat Pharmaceuticals Ltd.,"Unit Price: ৳ 5.00,(30's pack: ৳ 150.00),",(30's pack: ৳ 150.00)
9204,Ciprom,allopathic,cipromtablet500-mg,Tablet,Ciprofloxacin,500 mg,Millat Pharmaceuticals Ltd.,"Unit Price: ৳ 12.00,(20's pack: ৳ 240.00),",(20's pack: ৳ 240.00)
9202,Ciprolyn,allopathic,ciprolynpowder-for-suspension250-mg5-ml,Powder for Suspension,Ciprofloxacin,250 mg/5 ml,Cosmic Pharma Ltd.,60 ml bottle: ৳ 90.00,
9201,Ciprolyn,allopathic,ciprolyntablet500-mg,Tablet,Ciprofloxacin,500 mg,Cosmic Pharma Ltd.,"Unit Price: ৳ 13.00,(30's pack: ৳ 390.00),",(30's pack: ৳ 390.00)
9197,Ciprol DS,allopathic,ciprol-dspowder-for-suspension250-mg5-ml,Powder for Suspension,Ciprofloxacin,250 mg/5 ml,Medicon Pharmaceuticals Ltd.,60 ml bottle: ৳ 95.45,
9196,Ciprol,allopathic,ciproltablet500-mg,Tablet,Ciprofloxacin,500 mg,Medicon Pharmaceuticals Ltd.,"Unit Price: ৳ 11.36,(30's pack: ৳ 340.90),",(30's pack: ৳ 340.90)
28202,Ciproguard,allopathic,ciproguardtablet500-mg,Tablet,Ciprofloxacin,500 mg,Guardian Healthcare Ltd.,"Unit Price: ৳ 14.05,(30's pack: ৳ 421.50),",(30's pack: ৳ 421.50)
28390,Ciprogen,allopathic,ciprogentablet500-mg,Tablet,Ciprofloxacin,500 mg,Biogen Pharmaceuticals Ltd.,"Unit Price: ৳ 14.00,(20's pack: ৳ 280.00),,Unit Price: ৳ 14.00,(30's pack: ৳ 420.00),","(20's pack: ৳ 280.00),(30's pack: ৳ 420.00)"
16245,Ciprocort,allopathic,ciprocortophthalmic-suspension031,Ophthalmic Suspension,Ciprofloxacin + Hydrocortisone Acetate,0.3%+1%,Drug International Ltd.,10 ml drop: ৳ 90.00,
9195,Ciprocin,allopathic,ciprocinpowder-for-suspension250-mg5-ml,Powder for Suspension,Ciprofloxacin,250 mg/5 ml,Square Pharmaceuticals Ltd.,60 ml bottle: ৳ 100.30,
9193,Ciprocin,allopathic,ciprocintablet750-mg,Tablet,Ciprofloxacin,750 mg,Square Pharmaceuticals Ltd.,"Unit Price: ৳ 18.12,(20's pack: ৳ 362.40),",(20's pack: ৳ 362.40)
9192,Ciprocin,allopathic,ciprocintablet500-mg,Tablet,Ciprofloxacin,500 mg,Square Pharmaceuticals Ltd.,"Unit Price: ৳ 15.05,(30's pack: ৳ 451.50),",(30's pack: ৳ 451.50)
9191,Ciprocin,allopathic,ciprocintablet250-mg,Tablet,Ciprofloxacin,250 mg,Square Pharmaceuticals Ltd.,"Unit Price: ৳ 8.56,(50's pack: ৳ 428.00),",(50's pack: ৳ 428.00)
9118,Ciprocin,allopathic,ciprocinophthalmic-solution03,Ophthalmic Solution,Ciprofloxacin (Ophthalmic),0.30%,Square Pharmaceuticals Ltd.,5 ml drop: ৳ 50.00,
26178,Ciprocin,allopathic,ciprociniv-infusion200-mg100-ml,IV Infusion,Ciprofloxacin,200 mg/100 ml,Square Pharmaceuticals Ltd.,100 ml vial: ৳ 146.00,
9190,Ciprocap,allopathic,ciprocaptablet500-mg,Tablet,Ciprofloxacin,500 mg,Sonear Laboratories Ltd.,"Unit Price: ৳ 14.35,(16's pack: ৳ 229.60),",(16's pack: ৳ 229.60)
9189,Ciprocap,allopathic,ciprocaptablet250-mg,Tablet,Ciprofloxacin,250 mg,Sonear Laboratories Ltd.,"Unit Price: ৳ 8.71,(30's pack: ৳ 261.30),",(30's pack: ৳ 261.30)
27006,Ciprobey,allopathic,ciprobeypowder-for-suspension250-mg5-ml,Powder for Suspension,Ciprofloxacin,250 mg/5 ml,Sharif Pharmaceuticals Ltd.,60 ml bottle: ৳ 90.28,
27005,Ciprobey,allopathic,ciprobeytablet500-mg,Tablet,Ciprofloxacin,500 mg,Sharif Pharmaceuticals Ltd.,"Unit Price: ৳ 14.04,(30's pack: ৳ 421.20),",(30's pack: ৳ 421.20)
9187,Ciprobac DS,allopathic,ciprobac-dspowder-for-suspension250-mg5-ml,Powder for Suspension,Ciprofloxacin,250 mg/5 ml,Bristol Pharmaceuticals Ltd.,60 ml bottle: ৳ 80.00,
9186,Ciprobac 500,allopathic,ciprobac-500tablet500-mg,Tablet,Ciprofloxacin,500 mg,Bristol Pharmaceuticals Ltd.,"Unit Price: ৳ 10.00,(20's pack: ৳ 200.00),",(20's pack: ৳ 200.00)
9185,Ciproaid,allopathic,ciproaidtablet500-mg,Tablet,Ciprofloxacin,500 mg,Labaid Pharma Ltd.,"Unit Price: ৳ 15.05,(20's pack: ৳ 300.93),",(20's pack: ৳ 300.93)
9216,Cipro-S,allopathic,cipro-stablet500-mg,Tablet,Ciprofloxacin,500 mg,Seema Pharmaceuticals Ltd.,"Unit Price: ৳ 14.00,(50's pack: ৳ 700.00),",(50's pack: ৳ 700.00)
9217,Cipro-S,allopathic,cipro-spowder-for-suspension250-mg5-ml,Powder for Suspension,Ciprofloxacin,250 mg/5 ml,Seema Pharmaceuticals Ltd.,60 ml bottle: ৳ 90.00,
9207,Cipro-M,allopathic,cipro-mtablet750-mg,Tablet,Ciprofloxacin,750 mg,Modern Pharmaceuticals Ltd.,"Unit Price: ৳ 18.06,(20's pack: ৳ 361.20),",(20's pack: ৳ 361.20)
9206,Cipro-M,allopathic,cipro-mtablet500-mg,Tablet,Ciprofloxacin,500 mg,Modern Pharmaceuticals Ltd.,"Unit Price: ৳ 14.06,(40's pack: ৳ 562.40),",(40's pack: ৳ 562.40)
15824,Cipro-D,allopathic,cipro-dophthalmic-solution0301,Ophthalmic Solution,Ciprofloxacin + Dexamethasone,0.3%+0.1%,ACME Laboratories Ltd.,5 ml drop: ৳ 75.22,
27564,Cipro-C,allopathic,cipro-cpowder-for-suspension250-mg5-ml,Powder for Suspension,Ciprofloxacin,250 mg/5 ml,Chemist Laboratories  Ltd.,60 ml bottle: ৳ 100.00,
9188,Cipro-C,allopathic,cipro-ctablet500-mg,Tablet,Ciprofloxacin,500 mg,Chemist Laboratories  Ltd.,"Unit Price: ৳ 10.00,(50's pack: ৳ 500.00),",(50's pack: ৳ 500.00)
9116,Cipro-A,allopathic,cipro-aophthalmic-solution03,Ophthalmic Solution,Ciprofloxacin (Ophthalmic),0.30%,ACME Laboratories Ltd.,5 ml drop: ৳ 40.12,
7914,Aciphin,allopathic,aciphiniv-injection500-mgvial,IV Injection,Ceftriaxone Sodium,500 mg/vial,ACI Limited,500 mg vial: ৳ 130.39,
27712,Ciproxy D,allopathic,ciproxy-dophthalmic-solution0301,Ophthalmic Solution,Ciprofloxacin + Dexamethasone,0.3%+0.1%,Opso Saline Ltd.,5 ml drop: ৳ 75.00,
27713,Ciproxy,allopathic,ciproxyophthalmic-ointment03,Ophthalmic Ointment,Ciprofloxacin (Ophthalmic),0.30%,Opso Saline Ltd.,3 gm tube: ৳ 35.00,
9229,Ciproxy,allopathic,ciproxyiv-infusion200-mg100-ml,IV Infusion,Ciprofloxacin,200 mg/100 ml,Opso Saline Ltd.,100 ml bottle: ৳ 70.26,
9120,Ciproxy,allopathic,ciproxyophthalmic-solution03,Ophthalmic Solution,Ciprofloxacin (Ophthalmic),0.30%,Opso Saline Ltd.,10 ml drop: ৳ 50.00,
27908,Ciproxim,allopathic,ciproximtablet500-mg,Tablet,Ciprofloxacin,500 mg,The White Horse Pharma,"Unit Price: ৳ 12.00,(24's pack: ৳ 288.00),",(24's pack: ৳ 288.00)
9226,Ciproxen,allopathic,ciproxentablet250-mg,Tablet,Ciprofloxacin,250 mg,Ad-din Pharmaceuticals Ltd.,"Unit Price: ৳ 7.00,(30's pack: ৳ 210.00),",(30's pack: ৳ 210.00)
9227,Ciproxen,allopathic,ciproxentablet500-mg,Tablet,Ciprofloxacin,500 mg,Ad-din Pharmaceuticals Ltd.,"Unit Price: ৳ 14.00,(14's pack: ৳ 196.00),,Unit Price: ৳ 14.00,(20's pack: ৳ 280.00),","(14's pack: ৳ 196.00),(20's pack: ৳ 280.00)"
9223,Ciprox XR,allopathic,ciprox-xrtablet-extended-release1000-mg,Tablet (Extended Release),Ciprofloxacin,1000 mg,Opsonin Pharma Ltd.,"Unit Price: ৳ 20.08,(6's pack: ৳ 120.48),",(6's pack: ৳ 120.48)
9224,Ciprox DS,allopathic,ciprox-dspowder-for-suspension250-mg5-ml,Powder for Suspension,Ciprofloxacin,250 mg/5 ml,Opsonin Pharma Ltd.,60 ml bottle: ৳ 100.00,
9220,Ciprox,allopathic,ciproxtablet250-mg,Tablet,Ciprofloxacin,250 mg,Opsonin Pharma Ltd.,"Unit Price: ৳ 8.53,(30's pack: ৳ 255.90),",(30's pack: ৳ 255.90)
9221,Ciprox,allopathic,ciproxtablet500-mg,Tablet,Ciprofloxacin,500 mg,Opsonin Pharma Ltd.,"Unit Price: ৳ 15.05,(20's pack: ৳ 301.00),",(20's pack: ৳ 301.00)
9225,Ciprox,allopathic,ciproxiv-infusion200-mg100-ml,IV Infusion,Ciprofloxacin,200 mg/100 ml,Opsonin Pharma Ltd.,100 ml bottle: ৳ 70.48,
29516,Ciprox,allopathic,ciproxophthalmic-ointment03,Ophthalmic Ointment,Ciprofloxacin (Ophthalmic),0.30%,Opsonin Pharma Ltd.,3 gm tube: ৳ 35.00,
9119,Ciprox,allopathic,ciproxophthalmic-solution03,Ophthalmic Solution,Ciprofloxacin (Ophthalmic),0.30%,Opsonin Pharma Ltd.,5 ml drop: ৳ 40.15,
9222,Ciprox,allopathic,ciproxtablet750-mg,Tablet,Ciprofloxacin,750 mg,Opsonin Pharma Ltd.,"Unit Price: ৳ 18.07,(18's pack: ৳ 325.26),",(18's pack: ৳ 325.26)
27252,Ciproton,allopathic,ciprotontablet500-mg,Tablet,Ciprofloxacin,500 mg,Centeon Pharma Ltd.,"Unit Price: ৳ 15.00,(30's pack: ৳ 450.00),",(30's pack: ৳ 450.00)
32500,Ciprotim,allopathic,ciprotimtablet500-mg,Tablet,Ciprofloxacin,500 mg,Doctor TIMS Pharmaceuticals Ltd.,"Unit Price: ৳ 14.00,(30's pack: ৳ 420.00),",(30's pack: ৳ 420.00)
9218,Ciprotec,allopathic,ciprotectablet500-mg,Tablet,Ciprofloxacin,500 mg,APC Pharma Ltd.,"Unit Price: ৳ 8.00,(20's pack: ৳ 160.00),",(20's pack: ৳ 160.00)
9219,Ciprotec,allopathic,ciprotecpowder-for-suspension250-mg5-ml,Powder for Suspension,Ciprofloxacin,250 mg/5 ml,APC Pharma Ltd.,60 ml bottle: ৳ 80.00,
9214,Cipronor,allopathic,cipronortablet500-mg,Tablet,Ciprofloxacin,500 mg,Novelta Bestway Pharma Ltd.,"Unit Price: ৳ 14.00,(20's pack: ৳ 280.00),",(20's pack: ৳ 280.00)
9215,Cipronor,allopathic,cipronorpowder-for-suspension250-mg5-ml,Powder for Suspension,Ciprofloxacin,250 mg/5 ml,Novelta Bestway Pharma Ltd.,60 ml bottle: ৳ 100.00,
9212,Cipronil,allopathic,ciproniltablet500-mg,Tablet,Ciprofloxacin,500 mg,Silva Pharmaceuticals Ltd.,"Unit Price: ৳ 14.05,(30's pack: ৳ 421.50),",(30's pack: ৳ 421.50)
9213,Cipronil,allopathic,cipronilpowder-for-suspension250-mg5-ml,Powder for Suspension,Ciprofloxacin,250 mg/5 ml,Silva Pharmaceuticals Ltd.,60 ml bottle: ৳ 95.00,
27398,Cipronil,allopathic,ciproniltablet750-mg,Tablet,Ciprofloxacin,750 mg,Silva Pharmaceuticals Ltd.,"Unit Price: ৳ 18.12,(12's pack: ৳ 217.47),",(12's pack: ৳ 217.47)
28785,Cipronaaf,allopathic,cipronaaftablet500-mg,Tablet,Ciprofloxacin,500 mg,Naafco Pharma Ltd.,"Unit Price: ৳ 14.00,(20's pack: ৳ 280.00),",(20's pack: ৳ 280.00)
9210,Cipron,allopathic,ciprontablet500-mg,Tablet,Ciprofloxacin,500 mg,Edruc Limited,"Unit Price: ৳ 14.00,(50's pack: ৳ 700.00),",(50's pack: ৳ 700.00)
9211,Cipron,allopathic,cipronpowder-for-suspension250-mg5-ml,Powder for Suspension,Ciprofloxacin,250 mg/5 ml,Edruc Limited,60 ml bottle: ৳ 90.01,
9208,Cipromet,allopathic,cipromettablet250-mg,Tablet,Ciprofloxacin,250 mg,Medimet Pharmaceuticals Ltd.,"Unit Price: ৳ 6.00,(30's pack: ৳ 180.00),",(30's pack: ৳ 180.00)
9209,Cipromet,allopathic,cipromettablet500-mg,Tablet,Ciprofloxacin,500 mg,Medimet Pharmaceuticals Ltd.,"Unit Price: ৳ 10.00,(20's pack: ৳ 200.00),",(20's pack: ৳ 200.00)
9205,Ciprom DS,allopathic,ciprom-dspowder-for-suspension250-mg5-ml,Powder for Suspension,Ciprofloxacin,250 mg/5 ml,Millat Pharmaceuticals Ltd.,100 ml bottle: ৳ 80.00,
7913,Aciphin,allopathic,aciphiniv-injection250-mgvial,IV Injection,Ceftriaxone Sodium,250 mg/vial,ACI Limited,250 mg vial: ৳ 100.30,
4464,Citapram,allopathic,citapramtablet20-mg,Tablet,Citalopram Hydrobromide,20 mg,General Pharmaceuticals Ltd.,"Unit Price: ৳ 8.05,(30's pack: ৳ 241.50),",(30's pack: ৳ 241.50)
4463,Citapram,allopathic,citapramtablet10-mg,Tablet,Citalopram Hydrobromide,10 mg,General Pharmaceuticals Ltd.,"Unit Price: ৳ 5.04,(50's pack: ৳ 252.13),",(50's pack: ৳ 252.13)
4466,Citalon,allopathic,citalontablet10-mg,Tablet,Escitalopram Oxalate,10 mg,Popular Pharmaceuticals Ltd.,"Unit Price: ৳ 10.00,(30's pack: ৳ 300.00),",(30's pack: ৳ 300.00)
19365,Citalon,allopathic,citalontablet5-mg,Tablet,Escitalopram Oxalate,5 mg,Popular Pharmaceuticals Ltd.,"Unit Price: ৳ 6.00,(30's pack: ৳ 180.00),",(30's pack: ৳ 180.00)
4465,Citalex,allopathic,citalextablet10-mg,Tablet,Escitalopram Oxalate,10 mg,Opsonin Pharma Ltd.,"Unit Price: ৳ 8.03,(20's pack: ৳ 160.60),",(20's pack: ৳ 160.60)
19364,Citalex,allopathic,citalextablet5-mg,Tablet,Escitalopram Oxalate,5 mg,Opsonin Pharma Ltd.,"Unit Price: ৳ 5.50,(30's pack: ৳ 165.00),",(30's pack: ৳ 165.00)
4484,Citalam,allopathic,citalamtablet5-mg,Tablet,Escitalopram Oxalate,5 mg,ACI Limited,"Unit Price: ৳ 7.00,(50's pack: ৳ 350.00),",(50's pack: ৳ 350.00)
4485,Citalam,allopathic,citalamtablet10-mg,Tablet,Escitalopram Oxalate,10 mg,ACI Limited,"Unit Price: ৳ 12.00,(50's pack: ৳ 600.00),",(50's pack: ৳ 600.00)
17306,Cisplatin PhaRes,allopathic,cisplatin-pharesiv-infusion1-mgml,IV Infusion,Cisplatin,1 mg/ml,Pharma Resources,"10 mg vial: ৳ 735.00,50 mg vial: ৳ 1,335.00",
15100,Cisplatin Hexal,allopathic,cisplatin-hexaliv-infusion1-mgml,IV Infusion,Cisplatin,1 mg/ml,SANDOZ (A Novartis Division),"10 mg vial: ৳ 496.83,50 mg vial: ৳ 1,170.36",
17327,Cisplatin,allopathic,cisplatiniv-infusion1-mgml,IV Infusion,Cisplatin,1 mg/ml,Pfizer,"10 mg vial: ৳ 440.00,50 mg vial: ৳ 984.00",
17286,Cisplat,allopathic,cisplativ-infusion1-mgml,IV Infusion,Cisplatin,1 mg/ml,Healthcare Pharmaceuticals Ltd.,"10 mg vial: ৳ 300.00,50 mg vial: ৳ 957.00",
8211,Cispenam,allopathic,cispenamiv-injection250-mg250-mgvial,IV Injection,Imipenem + Cilastatin,(250 mg+250 mg)/vial,Incepta Pharmaceuticals Ltd.,250 mg vial: ৳ 650.00,
8206,Cispenam,allopathic,cispenamiv-injection500-mg500-mgvial,IV Injection,Imipenem + Cilastatin,(500 mg+500 mg)/vial,Incepta Pharmaceuticals Ltd.,"500 mg vial: ৳ 1,195.00",
31215,Ciscort,allopathic,ciscortnasal-spray50-mcgspray,Nasal Spray,Ciclesonide (Nasal Spray),50 mcg/spray,Opso Saline Ltd.,120 metered sprays: ৳ 350.00,
11949,Cirizin,allopathic,cirizinsyrup5-mg5-ml,Syrup,Cetirizine Hydrochloride,5 mg/5 ml,Ad-din Pharmaceuticals Ltd.,60 ml bottle: ৳ 22.00,
11948,Cirizin,allopathic,cirizintablet10-mg,Tablet,Cetirizine Hydrochloride,10 mg,Ad-din Pharmaceuticals Ltd.,"Unit Price: ৳ 2.00,(100's pack: ৳ 200.00),",(100's pack: ৳ 200.00)
11947,Cipzin,allopathic,cipzinsyrup5-mg5-ml,Syrup,Cetirizine Hydrochloride,5 mg/5 ml,Seema Pharmaceuticals Ltd.,60 ml bottle: ৳ 20.00,
11946,Cipzin,allopathic,cipzintablet10-mg,Tablet,Cetirizine Hydrochloride,10 mg,Seema Pharmaceuticals Ltd.,"Unit Price: ৳ 2.00,(100's pack: ৳ 200.00),",(100's pack: ৳ 200.00)
9236,Ciprozid-XR,allopathic,ciprozid-xrtablet-extended-release1000-mg,Tablet (Extended Release),Ciprofloxacin,1000 mg,Drug International Ltd.,"Unit Price: ৳ 18.00,(12's pack: ৳ 216.00),",(12's pack: ৳ 216.00)
15825,Ciprozid-DX,allopathic,ciprozid-dxophthalmic-solution0301,Ophthalmic Solution,Ciprofloxacin + Dexamethasone,0.3%+0.1%,Drug International Ltd.,5 ml drop: ৳ 75.28,
9234,Ciprozid-DS,allopathic,ciprozid-dstablet500-mg,Tablet,Ciprofloxacin,500 mg,Drug International Ltd.,"Unit Price: ৳ 15.00,(30's pack: ৳ 450.00),",(30's pack: ৳ 450.00)
9235,Ciprozid,allopathic,ciprozidtablet750-mg,Tablet,Ciprofloxacin,750 mg,Drug International Ltd.,"Unit Price: ৳ 18.00,(30's pack: ৳ 540.00),",(30's pack: ৳ 540.00)
9233,Ciprozid,allopathic,ciprozidtablet250-mg,Tablet,Ciprofloxacin,250 mg,Drug International Ltd.,"Unit Price: ৳ 8.00,(50's pack: ৳ 400.00),",(50's pack: ৳ 400.00)
9237,Ciprozid,allopathic,ciprozidpowder-for-suspension250-mg5-ml,Powder for Suspension,Ciprofloxacin,250 mg/5 ml,Drug International Ltd.,60 ml bottle: ৳ 100.00,
9122,Ciprozid,allopathic,ciprozidophthalmic-solution03,Ophthalmic Solution,Ciprofloxacin (Ophthalmic),0.30%,Drug International Ltd.,10 ml drop: ৳ 40.00,
9238,Ciprozid,allopathic,ciprozidiv-infusion200-mg100-ml,IV Infusion,Ciprofloxacin,200 mg/100 ml,Drug International Ltd.,100 ml bottle: ৳ 70.00,
9231,Ciprozen DS,allopathic,ciprozen-dstablet500-mg,Tablet,Ciprofloxacin,500 mg,Zenith Pharmaceuticals Ltd.,"Unit Price: ৳ 14.00,(50's pack: ৳ 700.00),",(50's pack: ৳ 700.00)
9232,Ciprozen,allopathic,ciprozenpowder-for-suspension250-mg5-ml,Powder for Suspension,Ciprofloxacin,250 mg/5 ml,Zenith Pharmaceuticals Ltd.,60 ml bottle: ৳ 75.00,
9230,Ciprozen,allopathic,ciprozentablet250-mg,Tablet,Ciprofloxacin,250 mg,Zenith Pharmaceuticals Ltd.,"Unit Price: ৳ 8.03,(50's pack: ৳ 401.50),",(50's pack: ৳ 401.50)
7912,Aciphin,allopathic,aciphinim-injection1-gmvial,IM Injection,Ceftriaxone Sodium,1 gm/vial,ACI Limited,1 gm vial: ৳ 191.29,
29141,Clacido,allopathic,clacidoiv-injection1-gm200-mg20-ml,IV Injection,Amoxicillin + Clavulanic Acid,(1 gm+200 mg)/20 ml,Healthcare Pharmaceuticals Ltd.,1.2 gm vial: ৳ 300.00,
29146,Clacido,allopathic,clacidopowder-for-suspension125-mg3125-mg5-ml,Powder for Suspension,Amoxicillin + Clavulanic Acid,(125 mg+31.25 mg)/5 ml,Healthcare Pharmaceuticals Ltd.,100 ml bottle: ৳ 220.00,
29144,Clacido,allopathic,clacidotablet500-mg125-mg,Tablet,Amoxicillin + Clavulanic Acid,500 mg+125 mg,Healthcare Pharmaceuticals Ltd.,"Unit Price: ৳ 32.00,(18's pack: ৳ 576.00),",(18's pack: ৳ 576.00)
29142,Clacido,allopathic,clacidotablet875-mg125-mg,Tablet,Amoxicillin + Clavulanic Acid,875 mg+125 mg,Healthcare Pharmaceuticals Ltd.,"Unit Price: ৳ 45.00,(12's pack: ৳ 540.00),",(12's pack: ৳ 540.00)
29140,Clacido,allopathic,clacidoiv-injection500-mg100-mg10-ml,IV Injection,Amoxicillin + Clavulanic Acid,(500 mg+100 mg)/10 ml,Healthcare Pharmaceuticals Ltd.,600 mg vial: ৳ 150.00,
7409,Clacef,allopathic,claceftablet250-mg625-mg,Tablet,Cefuroxime Axetil + Clavulanic Acid,250 mg+62.5 mg,Opso Saline Ltd.,"Unit Price: ৳ 30.00,(12's pack: ৳ 360.00),",(12's pack: ৳ 360.00)
7410,Clacef,allopathic,claceftablet500-mg125-mg,Tablet,Cefuroxime Axetil + Clavulanic Acid,500 mg+125 mg,Opso Saline Ltd.,"Unit Price: ৳ 50.00,(8's pack: ৳ 400.00),",(8's pack: ৳ 400.00)
7408,Clacef,allopathic,claceftablet125-mg3125-mg,Tablet,Cefuroxime Axetil + Clavulanic Acid,125 mg+31.25 mg,Opso Saline Ltd.,"Unit Price: ৳ 18.00,(16's pack: ৳ 288.00),",(16's pack: ৳ 288.00)
23727,CK,allopathic,ckoral-solution1500-mg250-mg5-ml,Oral Solution,Potassium Citrate + Citric Acid,(1500 mg+250 mg)/5 ml,Popular Pharmaceuticals Ltd.,200 ml bottle: ৳ 200.00,
11954,Cizin,allopathic,cizinsyrup5-mg5-ml,Syrup,Cetirizine Hydrochloride,5 mg/5 ml,Nipa Pharmaceuticals Ltd.,60 ml bottle: ৳ 15.17,
11953,Cizin,allopathic,cizintablet10-mg,Tablet,Cetirizine Hydrochloride,10 mg,Nipa Pharmaceuticals Ltd.,"Unit Price: ৳ 2.00,(100's pack: ৳ 200.00),",(100's pack: ৳ 200.00)
9123,Civox,allopathic,civoxophthalmic-solution03,Ophthalmic Solution,Ciprofloxacin (Ophthalmic),0.30%,Popular Pharmaceuticals Ltd.,5 ml drop: ৳ 35.13,
9244,Civox,allopathic,civoxiv-infusion200-mg100-ml,IV Infusion,Ciprofloxacin,200 mg/100 ml,Popular Pharmaceuticals Ltd.,100 ml vial: ৳ 145.00,
9243,Civox,allopathic,civoxpowder-for-suspension200-mg5-ml,Powder for Suspension,Ciprofloxacin,200 mg/5 ml,Popular Pharmaceuticals Ltd.,60 ml bottle: ৳ 90.35,
9242,Civox,allopathic,civoxtablet500-mg,Tablet,Ciprofloxacin,500 mg,Popular Pharmaceuticals Ltd.,"Unit Price: ৳ 14.05,(24's pack: ৳ 337.20),",(24's pack: ৳ 337.20)
15826,Civodex,allopathic,civodexophthalmic-solution0301,Ophthalmic Solution,Ciprofloxacin + Dexamethasone,0.3%+0.1%,Popular Pharmaceuticals Ltd.,5 ml drop: ৳ 75.28,
13409,Civic-ZF,allopathic,civic-zfcapsule,Capsule,Carbonyl Iron + Folic Acid + Zinc Sulfate + Vitamin B Complex + Vitamin C,,Kumudini Pharma Ltd.,"Unit Price: ৳ 3.50,(50's pack: ৳ 175.00),",(50's pack: ৳ 175.00)
31098,Citrux-C,allopathic,citrux-cchewable-tablet250-mg,Chewable Tablet,Vitamin C [Ascorbic acid],250 mg,NIPRO JMI Pharma Ltd.,"Unit Price: ৳ 1.90,(100's pack: ৳ 190.00),",(100's pack: ৳ 190.00)
26492,Citrosol,allopathic,citrosoloral-solution1500-mg250-mg5-ml,Oral Solution,Potassium Citrate + Citric Acid,(1500 mg+250 mg)/5 ml,ACME Laboratories Ltd.,200 ml bottle: ৳ 200.00,
16344,Citritol,allopathic,citritoltablet025-mcg252-mg,Tablet,Calcitriol + Calcium Citrate,0.25 mcg+252 mg,Opsonin Pharma Ltd.,"Unit Price: ৳ 6.00,(30's pack: ৳ 180.00),",(30's pack: ৳ 180.00)
15565,Citra-K,allopathic,citra-koral-solution1500-mg250-mg5-ml,Oral Solution,Potassium Citrate + Citric Acid,(1500 mg+250 mg)/5 ml,UniMed UniHealth,200 ml bottle: ৳ 200.00,
30489,Citofer,allopathic,citofertablet210-mg,Tablet,Ferric Citrate,210 mg,Incepta Pharmaceuticals Ltd.,"Unit Price: ৳ 25.00,(20's pack: ৳ 500.00),",(20's pack: ৳ 500.00)
11952,Citizen,allopathic,citizentablet10-mg,Tablet,Cetirizine Hydrochloride,10 mg,Zenith Pharmaceuticals Ltd.,"Unit Price: ৳ 2.00,(100's pack: ৳ 200.00),",(100's pack: ৳ 200.00)
27499,Citivas,allopathic,citivastablet500-mg,Tablet,Citicoline Sodium,500 mg,Square Pharmaceuticals Ltd.,"Unit Price: ৳ 50.00,(10's pack: ৳ 500.00),",(10's pack: ৳ 500.00)
11951,Citin,allopathic,citinsyrup5-mg5-ml,Syrup,Cetirizine Hydrochloride,5 mg/5 ml,Opsonin Pharma Ltd.,60 ml bottle: ৳ 30.10,
11950,Citin,allopathic,citintablet10-mg,Tablet,Cetirizine Hydrochloride,10 mg,Opsonin Pharma Ltd.,"Unit Price: ৳ 3.00,(100's pack: ৳ 300.00),",(100's pack: ৳ 300.00)
19367,Citicol,allopathic,citicoltablet500-mg,Tablet,Citicoline Sodium,500 mg,Beximco Pharmaceuticals Ltd.,"Unit Price: ৳ 50.00,(10's pack: ৳ 500.00),",(10's pack: ৳ 500.00)
5179,Citicol,allopathic,citicolimiv-injection500-mg4-ml,IM/IV Injection,Citicoline Sodium,500 mg/4 ml,Beximco Pharmaceuticals Ltd.,"4 ml ampoule: ৳ 140.00,(5's pack: ৳ 700.00),",(5's pack: ৳ 700.00)
4929,Citazar,allopathic,citazartablet250-mg,Tablet,Levetiracetam,250 mg,ACI Limited,"Unit Price: ৳ 15.11,(20's pack: ৳ 302.20),",(20's pack: ৳ 302.20)
4930,Citazar,allopathic,citazartablet500-mg,Tablet,Levetiracetam,500 mg,ACI Limited,"Unit Price: ৳ 25.17,(10's pack: ৳ 251.70),",(10's pack: ৳ 251.70)
30448,Clascon,allopathic,clasconcream1-ww,Cream,Clascoterone,1% w/w,Navana Pharmaceuticals Ltd.,10 gm tube: ৳ 900.00,
3272,Clas,allopathic,clastablet75-mg75-mg,Tablet,Clopidogrel + Aspirin,75 mg+75 mg,Delta Pharma Ltd.,"Unit Price: ৳ 8.00,(30's pack: ৳ 240.00),",(30's pack: ৳ 240.00)
8759,Clarocin,allopathic,clarocintablet500-mg,Tablet,Clarithromycin,500 mg,Desh Pharmaceuticals Ltd.,"Unit Price: ৳ 30.00,(12's pack: ৳ 360.00),",(12's pack: ৳ 360.00)
16240,Clarizol,allopathic,clarizolear-drop1,Ear Drop,Clotrimazole (Ear drop),1%,Incepta Pharmaceuticals Ltd.,10 ml drop: ৳ 80.00,
27589,Clarizol,allopathic,clarizoltopical-solution1,Topical Solution,Clotrimazole (Topical),1%,Incepta Pharmaceuticals Ltd.,20 ml bottle: ৳ 68.00,
19378,Clarith,allopathic,clarithpowder-for-suspension125-mg5-ml,Powder for Suspension,Clarithromycin,125 mg/5 ml,Ibn Sina Pharmaceuticals Ltd.,70 ml bottle: ৳ 350.00,
19377,Clarith,allopathic,clarithtablet500-mg,Tablet,Clarithromycin,500 mg,Ibn Sina Pharmaceuticals Ltd.,"Unit Price: ৳ 30.00,(10's pack: ৳ 300.00),",(10's pack: ৳ 300.00)
8758,Clarison,allopathic,clarisontablet500-mg,Tablet,Clarithromycin,500 mg,Hudson Pharmaceuticals Ltd.,"Unit Price: ৳ 45.00,(10's pack: ৳ 450.00),",(10's pack: ৳ 450.00)
8756,Clarin,allopathic,clarintablet250-mg,Tablet,Clarithromycin,250 mg,Drug International Ltd.,"Unit Price: ৳ 25.10,(10's pack: ৳ 251.00),",(10's pack: ৳ 251.00)
8757,Clarin,allopathic,clarintablet500-mg,Tablet,Clarithromycin,500 mg,Drug International Ltd.,"Unit Price: ৳ 40.00,(10's pack: ৳ 400.00),",(10's pack: ৳ 400.00)
19371,Clarimycin,allopathic,clarimycintablet500-mg,Tablet,Clarithromycin,500 mg,Amico Laboratories Ltd.,"Unit Price: ৳ 45.00,(10's pack: ৳ 450.00),",(10's pack: ৳ 450.00)
12158,Clarigen,allopathic,clarigentablet5-mg,Tablet,Levocetirizine Dihydrochloride,5 mg,Drug International Ltd.,"Unit Price: ৳ 2.00,(100's pack: ৳ 200.00),",(100's pack: ৳ 200.00)
8754,Claricin,allopathic,claricintablet250-mg,Tablet,Clarithromycin,250 mg,ACME Laboratories Ltd.,"Unit Price: ৳ 25.17,(8's pack: ৳ 201.36),",(8's pack: ৳ 201.36)
19370,Claricin,allopathic,claricinpowder-for-suspension125-mg5-ml,Powder for Suspension,Clarithromycin,125 mg/5 ml,ACME Laboratories Ltd.,60 ml bottle: ৳ 395.00,
8755,Claricin,allopathic,claricintablet500-mg,Tablet,Clarithromycin,500 mg,ACME Laboratories Ltd.,"Unit Price: ৳ 40.27,(8's pack: ৳ 322.16),",(8's pack: ৳ 322.16)
12231,Clarex,allopathic,clarextablet5-mg,Tablet,Desloratadine,5 mg,Asiatic Laboratories Ltd.,"Unit Price: ৳ 2.50,(50's pack: ৳ 125.00),",(50's pack: ৳ 125.00)
31968,Clamycin,allopathic,clamycintablet500-mg,Tablet,Clarithromycin,500 mg,Biopharma Laboratories Ltd.,"Unit Price: ৳ 40.00,(12's pack: ৳ 480.00),",(12's pack: ৳ 480.00)
897,Clamox DS,allopathic,clamox-dspowder-for-suspension400-mg5750-mg5-ml,Powder for Suspension,Amoxicillin + Clavulanic Acid,(400 mg+57.50 mg)/5 ml,Opsonin Pharma Ltd.,35 ml bottle: ৳ 90.34,
891,Clamox,allopathic,clamoxiv-injection500-mg100-mg10-ml,IV Injection,Amoxicillin + Clavulanic Acid,(500 mg+100 mg)/10 ml,Opsonin Pharma Ltd.,600 mg vial: ৳ 140.53,
892,Clamox,allopathic,clamoxiv-injection1-gm200-mg20-ml,IV Injection,Amoxicillin + Clavulanic Acid,(1 gm+200 mg)/20 ml,Opsonin Pharma Ltd.,1.2 gm vial: ৳ 300.00,
893,Clamox,allopathic,clamoxpowder-for-suspension125-mg3125-mg5-ml,Powder for Suspension,Amoxicillin + Clavulanic Acid,(125 mg+31.25 mg)/5 ml,Opsonin Pharma Ltd.,100 ml bottle: ৳ 210.00,
894,Clamox,allopathic,clamoxtablet875-mg125-mg,Tablet,Amoxicillin + Clavulanic Acid,875 mg+125 mg,Opsonin Pharma Ltd.,"Unit Price: ৳ 40.00,(12's pack: ৳ 480.00),",(12's pack: ৳ 480.00)
895,Clamox,allopathic,clamoxtablet250-mg125-mg,Tablet,Amoxicillin + Clavulanic Acid,250 mg+125 mg,Opsonin Pharma Ltd.,"Unit Price: ৳ 22.00,(18's pack: ৳ 396.00),",(18's pack: ৳ 396.00)
896,Clamox,allopathic,clamoxtablet500-mg125-mg,Tablet,Amoxicillin + Clavulanic Acid,500 mg+125 mg,Opsonin Pharma Ltd.,"Unit Price: ৳ 32.00,(12's pack: ৳ 384.00),",(12's pack: ৳ 384.00)
32342,Claim ER,allopathic,claim-ertablet-extended-release200-mg,Tablet (Extended Release),Aceclofenac,200 mg,Al-Madina Pharmaceuticals Ltd.,"Unit Price: ৳ 7.00,(30's pack: ৳ 210.00),",(30's pack: ৳ 210.00)
29247,Claim,allopathic,claimtablet100-mg,Tablet,Aceclofenac,100 mg,Al-Madina Pharmaceuticals Ltd.,"Unit Price: ৳ 3.50,(100's pack: ৳ 350.00),",(100's pack: ৳ 350.00)
12191,Cladin,allopathic,cladintablet10-mg,Tablet,Loratadine,10 mg,Ad-din Pharmaceuticals Ltd.,"Unit Price: ৳ 2.25,(100's pack: ৳ 225.00),",(100's pack: ৳ 225.00)
8753,Clacin,allopathic,clacintablet500-mg,Tablet,Clarithromycin,500 mg,Medimet Pharmaceuticals Ltd.,"Unit Price: ৳ 40.00,(4's pack: ৳ 160.00),",(4's pack: ৳ 160.00)
29145,Clacido BID,allopathic,clacido-bidpowder-for-suspension400-mg5750-mg5-ml,Powder for Suspension,Amoxicillin + Clavulanic Acid,(400 mg+57.50 mg)/5 ml,Healthcare Pharmaceuticals Ltd.,35 ml bottle: ৳ 100.00,
7911,Aciphin,allopathic,aciphinim-injection500-mgvial,IM Injection,Ceftriaxone Sodium,500 mg/vial,ACI Limited,500 mg vial: ৳ 130.39,
7910,Aciphin,allopathic,aciphinim-injection250-mgvial,IM Injection,Ceftriaxone Sodium,250 mg/vial,ACI Limited,250 mg vial: ৳ 100.30,
30267,Cleanstar Clove,allopathic,cleanstar-clovemouthwash3-gm100-ml,Mouthwash,Clove oil,3 gm/100 ml,The White Horse Pharma,"100 ml bottle: ৳ 75.00,200 ml bottle: ৳ 140.00",
29361,Cleansol HP,allopathic,cleansol-hphand-rub750125145,Hand Rub,Isopropyl Alcohol + Hydrogen Peroxide + Glycerol,75%+0.125%+1.45%,ACME Laboratories Ltd.,"50 ml bottle: ৳ 40.00,100 ml bottle: ৳ 70.00,200 ml bottle: ৳ 200.00",
29384,Cleansol,allopathic,cleansolhand-rub0570,Hand Rub,Chlorhexidine Gluconate + Isopropyl alcohol,0.5%+70%,ACME Laboratories Ltd.,"50 ml bottle: ৳ 40.00,250 ml bottle: ৳ 130.00",
12848,Cleanser,allopathic,cleansersolution10-wv,Solution,Povidone Iodine,10% w/v,General Pharmaceuticals Ltd.,"100 ml bottle: ৳ 85.00,1000 ml bottle: ৳ 625.00",
29529,CleanMax,allopathic,cleanmaxhand-rub750125145,Hand Rub,Isopropyl Alcohol + Hydrogen Peroxide + Glycerol,75%+0.125%+1.45%,Cosmic Pharma Ltd.,"50 ml bottle: ৳ 40.00,100 ml bottle: ৳ 100.00,200 ml bottle: ৳ 200.00",
29273,Cleanex,allopathic,cleanexhand-rub6635,Hand Rub,Ethanol + Isopropyl alcohol,66%+3.5%,Al-Madina Pharmaceuticals Ltd.,"50 ml bottle: ৳ 100.00,100 ml bottle: ৳ 170.00",
26344,Clean gel,allopathic,clean-gelhand-rub6635,Hand Rub,Ethanol + Isopropyl alcohol,66%+3.5%,ACI Limited,"10 ml pen device: ৳ 75.00,50 ml bottle: ৳ 100.00,250 ml bottle: ৳ 250.00,250 ml bottle (with dispenser): ৳ 320.00,500 ml bottle: ৳ 286.64",
20661,Claz,allopathic,claztablet80-mg,Tablet,Gliclazide,80 mg,Astra Biopharmaceuticals Ltd.,Unit Price: ৳ 6.00,
3192,Claxo,allopathic,claxosc-injection6000-anti-xa-iu06-ml,SC Injection,Enoxaparin Sodium,6000 Anti-Xa IU/0.6 ml,General Pharmaceuticals Ltd.,0.6 ml pre-filled syringe: ৳ 575.00,
30909,Claxo,allopathic,claxosc-injection4000-anti-xa-iu04-ml,SC Injection,Enoxaparin Sodium,4000 Anti-Xa IU/0.4 ml,General Pharmaceuticals Ltd.,0.4 ml pre-filled syringe: ৳ 351.00,
30772,Clavuxim,allopathic,clavuximtablet250-mg625-mg,Tablet,Cefuroxime Axetil + Clavulanic Acid,250 mg+62.5 mg,Organic Health Care Ltd.,Unit Price: ৳ 30.00,
30773,Clavuxim,allopathic,clavuximtablet500-mg125-mg,Tablet,Cefuroxime Axetil + Clavulanic Acid,500 mg+125 mg,Organic Health Care Ltd.,Unit Price: ৳ 50.00,
19004,Clavuxet,allopathic,clavuxettablet250-mg625-mg,Tablet,Cefuroxime Axetil + Clavulanic Acid,250 mg+62.5 mg,Leon Pharmaceuticals Ltd.,"Unit Price: ৳ 30.07,(14's pack: ৳ 421.00),",(14's pack: ৳ 421.00)
18985,Clavutil,allopathic,clavutiltablet500-mg125-mg,Tablet,Cefuroxime Axetil + Clavulanic Acid,500 mg+125 mg,Apex Pharmaceuticals Ltd.,"Unit Price: ৳ 50.00,(8's pack: ৳ 400.00),",(8's pack: ৳ 400.00)
18984,Clavutil,allopathic,clavutiltablet250-mg625-mg,Tablet,Cefuroxime Axetil + Clavulanic Acid,250 mg+62.5 mg,Apex Pharmaceuticals Ltd.,"Unit Price: ৳ 30.00,(14's pack: ৳ 420.00),",(14's pack: ৳ 420.00)
18983,Clavutil,allopathic,clavutilpowder-for-suspension125-mg3125-mg5-ml,Powder for Suspension,Cefuroxime Axetil + Clavulanic Acid,(125 mg+31.25 mg)/5 ml,Apex Pharmaceuticals Ltd.,70 ml bottle: ৳ 252.75,
7391,Clavusef,allopathic,clavusefpowder-for-suspension125-mg3125-mg5-ml,Powder for Suspension,Cefuroxime Axetil + Clavulanic Acid,(125 mg+31.25 mg)/5 ml,Opsonin Pharma Ltd.,70 ml bottle: ৳ 252.75,
7390,Clavusef,allopathic,clavuseftablet500-mg125-mg,Tablet,Cefuroxime Axetil + Clavulanic Acid,500 mg+125 mg,Opsonin Pharma Ltd.,"Unit Price: ৳ 55.00,(12's pack: ৳ 660.00),",(12's pack: ৳ 660.00)
7389,Clavusef,allopathic,clavuseftablet250-mg625-mg,Tablet,Cefuroxime Axetil + Clavulanic Acid,250 mg+62.5 mg,Opsonin Pharma Ltd.,"Unit Price: ৳ 35.00,(16's pack: ৳ 560.00),",(16's pack: ৳ 560.00)
7388,Clavusef,allopathic,clavuseftablet125-mg3125-mg,Tablet,Cefuroxime Axetil + Clavulanic Acid,125 mg+31.25 mg,Opsonin Pharma Ltd.,"Unit Price: ৳ 18.05,(16's pack: ৳ 288.80),",(16's pack: ৳ 288.80)
7411,Clavurox,allopathic,clavuroxtablet500-mg125-mg,Tablet,Cefuroxime Axetil + Clavulanic Acid,500 mg+125 mg,Popular Pharmaceuticals Ltd.,"Unit Price: ৳ 50.00,(14's pack: ৳ 700.00),",(14's pack: ৳ 700.00)
7412,Clavurox,allopathic,clavuroxtablet250-mg625-mg,Tablet,Cefuroxime Axetil + Clavulanic Acid,250 mg+62.5 mg,Popular Pharmaceuticals Ltd.,"Unit Price: ৳ 30.00,(14's pack: ৳ 420.00),",(14's pack: ৳ 420.00)
19017,Clavurox,allopathic,clavuroxpowder-for-suspension125-mg3125-mg5-ml,Powder for Suspension,Cefuroxime Axetil + Clavulanic Acid,(125 mg+31.25 mg)/5 ml,Popular Pharmaceuticals Ltd.,70 ml bottle: ৳ 252.00,
16358,Clavuran,allopathic,clavurantablet200-mg125-mg,Tablet,Cefpodoxime Proxetil + Clavulanic Acid,200 mg+125 mg,Drug International Ltd.,"Unit Price: ৳ 35.15,(14's pack: ৳ 492.10),",(14's pack: ৳ 492.10)
16357,Clavuran,allopathic,clavurantablet100-mg625-mg,Tablet,Cefpodoxime Proxetil + Clavulanic Acid,100 mg+62.5 mg,Drug International Ltd.,"Unit Price: ৳ 22.10,(14's pack: ৳ 309.40),",(14's pack: ৳ 309.40)
30600,Clavoxil,allopathic,clavoxiltablet500-mg125-mg,Tablet,Amoxicillin + Clavulanic Acid,500 mg+125 mg,Renata Limited,"Unit Price: ৳ 25.00,(18's pack: ৳ 450.00),",(18's pack: ৳ 450.00)
30599,Clavoxil,allopathic,clavoxiltablet250-mg125-mg,Tablet,Amoxicillin + Clavulanic Acid,250 mg+125 mg,Renata Limited,"Unit Price: ৳ 20.00,(18's pack: ৳ 360.00),",(18's pack: ৳ 360.00)
29248,Claviator-CV,allopathic,claviator-cvtablet250-mg625-mg,Tablet,Cefuroxime Axetil + Clavulanic Acid,250 mg+62.5 mg,Al-Madina Pharmaceuticals Ltd.,"Unit Price: ৳ 30.00,(14's pack: ৳ 420.00),",(14's pack: ৳ 420.00)
29249,Claviator-CV,allopathic,claviator-cvtablet500-mg125-mg,Tablet,Cefuroxime Axetil + Clavulanic Acid,500 mg+125 mg,Al-Madina Pharmaceuticals Ltd.,"Unit Price: ৳ 50.00,(7's pack: ৳ 350.00),",(7's pack: ৳ 350.00)
29250,Claviator-CV,allopathic,claviator-cvpowder-for-suspension125-mg3125-mg5-ml,Powder for Suspension,Cefuroxime Axetil + Clavulanic Acid,(125 mg+31.25 mg)/5 ml,Al-Madina Pharmaceuticals Ltd.,70 ml bottle: ৳ 250.00,
4483,Acipam,allopathic,acipamtablet10-mg,Tablet,Escitalopram Oxalate,10 mg,Ibn Sina Pharmaceuticals Ltd.,"Unit Price: ৳ 10.00,(30's pack: ৳ 300.00),",(30's pack: ৳ 300.00)
8819,Clincin,allopathic,clincincapsule300-mg,Capsule,Clindamycin,300 mg,Navana Pharmaceuticals Ltd.,"Unit Price: ৳ 15.05,(30's pack: ৳ 451.40),",(30's pack: ৳ 451.40)
8818,Clincin,allopathic,clincincapsule150-mg,Capsule,Clindamycin,150 mg,Navana Pharmaceuticals Ltd.,"Unit Price: ৳ 8.03,(30's pack: ৳ 240.90),",(30's pack: ৳ 240.90)
29811,Clinail,allopathic,clinailnail-lacquer5-wv,Nail Lacquer,Amorolfine Hydrochloride (Nail Lacquer),5% w/v,Incepta Pharmaceuticals Ltd.,3 ml bottle: ৳ 500.00,
13090,Clinacyn T,allopathic,clinacyn-ttopical-gel120025,Topical Gel,Clindamycin + Tretinoin,1.2%+0.025%,Beximco Pharmaceuticals Ltd.,15 gm tube: ৳ 150.00,
8868,Clinacyn,allopathic,clinacyncapsule300-mg,Capsule,Clindamycin,300 mg,Beximco Pharmaceuticals Ltd.,"Unit Price: ৳ 15.00,(30's pack: ৳ 450.00),",(30's pack: ৳ 450.00)
8867,Clinacyn,allopathic,clinacyncapsule150-mg,Capsule,Clindamycin,150 mg,Beximco Pharmaceuticals Ltd.,"Unit Price: ৳ 8.00,(30's pack: ৳ 240.00),",(30's pack: ৳ 240.00)
8817,Climycin,allopathic,climycincapsule300-mg,Capsule,Clindamycin,300 mg,Square Pharmaceuticals Ltd.,"Unit Price: ৳ 15.10,(30's pack: ৳ 453.00),",(30's pack: ৳ 453.00)
8862,Climed,allopathic,climedcapsule150-mg,Capsule,Clindamycin,150 mg,Leon Pharmaceuticals Ltd.,"Unit Price: ৳ 8.00,(30's pack: ৳ 240.00),",(30's pack: ৳ 240.00)
8863,Climed,allopathic,climedcapsule300-mg,Capsule,Clindamycin,300 mg,Leon Pharmaceuticals Ltd.,"Unit Price: ৳ 15.00,(30's pack: ৳ 450.00),",(30's pack: ৳ 450.00)
3197,Clexane,allopathic,clexanesc-injection2000-anti-xa-iu02-ml,SC Injection,Enoxaparin Sodium,2000 Anti-Xa IU/0.2 ml,Synovia pharma plc,0.2 ml pre-filled syringe: ৳ 270.81,
3200,Clexane,allopathic,clexanesc-injection8000-anti-xa-iu08-ml,SC Injection,Enoxaparin Sodium,8000 Anti-Xa IU/0.8 ml,Synovia pharma plc,"0.8 ml pre-filled syringe: ৳ 802.41,(2's pack: ৳ 1,604.82),","(2's pack: ৳ 1,604.82)"
3199,Clexane,allopathic,clexanesc-injection6000-anti-xa-iu06-ml,SC Injection,Enoxaparin Sodium,6000 Anti-Xa IU/0.6 ml,Synovia pharma plc,"0.6 ml pre-filled syringe: ৳ 651.95,(2's pack: ৳ 1,303.90),","(2's pack: ৳ 1,303.90)"
3198,Clexane,allopathic,clexanesc-injection4000-anti-xa-iu04-ml,SC Injection,Enoxaparin Sodium,4000 Anti-Xa IU/0.4 ml,Synovia pharma plc,"0.4 ml pre-filled syringe: ৳ 461.38,(2's pack: ৳ 922.76),",(2's pack: ৳ 922.76)
3193,Cleven,allopathic,clevensc-injection2000-anti-xa-iu02-ml,SC Injection,Enoxaparin Sodium,2000 Anti-Xa IU/0.2 ml,Beximco Pharmaceuticals Ltd.,0.2 ml pre-filled syringe: ৳ 250.00,
3194,Cleven,allopathic,clevensc-injection4000-anti-xa-iu04-ml,SC Injection,Enoxaparin Sodium,4000 Anti-Xa IU/0.4 ml,Beximco Pharmaceuticals Ltd.,0.4 ml pre-filled syringe: ৳ 450.00,
3195,Cleven,allopathic,clevensc-injection6000-anti-xa-iu06-ml,SC Injection,Enoxaparin Sodium,6000 Anti-Xa IU/0.6 ml,Beximco Pharmaceuticals Ltd.,0.6 ml pre-filled syringe: ৳ 576.00,
3196,Cleven,allopathic,clevensc-injection8000-anti-xa-iu08-ml,SC Injection,Enoxaparin Sodium,8000 Anti-Xa IU/0.8 ml,Beximco Pharmaceuticals Ltd.,0.8 ml pre-filled syringe: ৳ 650.00,
19480,Clepam,allopathic,clepamtablet2-mg,Tablet,Clonazepam,2 mg,Euro Pharma Ltd.,"Unit Price: ৳ 9.50,(30's pack: ৳ 285.00),",(30's pack: ৳ 285.00)
27230,Clepam,allopathic,clepamtablet05-mg,Tablet,Clonazepam,0.5 mg,Euro Pharma Ltd.,"Unit Price: ৳ 5.50,(50's pack: ৳ 275.00),",(50's pack: ৳ 275.00)
30833,Clepam,allopathic,clepamtablet1-mg,Tablet,Clonazepam,1 mg,Euro Pharma Ltd.,"Unit Price: ৳ 8.00,(50's pack: ৳ 400.00),",(50's pack: ৳ 400.00)
8861,Cleomycin,allopathic,cleomycincapsule300-mg,Capsule,Clindamycin,300 mg,Rangs Pharmaceuticals Ltd.,"Unit Price: ৳ 15.00,(30's pack: ৳ 450.00),",(30's pack: ৳ 450.00)
8813,Cleodin,allopathic,cleodincapsule300-mg,Capsule,Clindamycin,300 mg,General Pharmaceuticals Ltd.,"Unit Price: ৳ 15.00,(30's pack: ৳ 450.00),",(30's pack: ৳ 450.00)
13078,Cleocin,allopathic,cleocinvaginal-cream2,Vaginal Cream,Clindamycin (Vaginal Cream),2%,Healthcare Pharmaceuticals Ltd.,20 gm tube: ৳ 73.00,
8859,Cleocin,allopathic,cleocincapsule150-mg,Capsule,Clindamycin,150 mg,Healthcare Pharmaceuticals Ltd.,"Unit Price: ৳ 10.00,(30's pack: ৳ 300.00),",(30's pack: ৳ 300.00)
8860,Cleocin,allopathic,cleocincapsule300-mg,Capsule,Clindamycin,300 mg,Healthcare Pharmaceuticals Ltd.,"Unit Price: ৳ 16.00,(28's pack: ৳ 448.00),",(28's pack: ৳ 448.00)
28992,Cleo,allopathic,cleotablet2-mg0035-mg,Tablet,Cyproterone Acetate + Ethinyl Estradiol,2 mg+0.035 mg,Nuvista Pharma Ltd.,21 tablet pack: ৳ 199.50,
12819,Clenol,allopathic,clenolcream0105,Cream,Chlorhexidine Hydrochloride + Cetrimide,0.1%+0.5%,Mystic Pharmaceuticals Ltd.,"15 gm tube: ৳ 12.00,30 gm tube: ৳ 19.00",
29436,Cleanstar Plus,allopathic,cleanstar-plusmouthwash,Mouthwash,Eucalyptol + Menthol + Methyl Salicylate + Thymol + Sodium Fluoride,,Sharif Pharmaceuticals Ltd.,"120 ml bottle: ৳ 85.00,250 ml bottle: ৳ 150.00",
29437,Cleanstar Gold,allopathic,cleanstar-goldmouthwash,Mouthwash,Menthol + Thymol + Eucalyptol  + Methyl Salicylate,,The White Horse Pharma,"120 ml bottle: ৳ 75.00,250 ml bottle: ৳ 140.00",
29438,Cleanstar Cool Mint,allopathic,cleanstar-cool-mintmouthwash,Mouthwash,Menthol + Thymol + Eucalyptol  + Methyl Salicylate,,The White Horse Pharma,"120 ml bottle: ৳ 75.00,250 ml bottle: ৳ 140.00",
4482,Acipam,allopathic,acipamtablet5-mg,Tablet,Escitalopram Oxalate,5 mg,Ibn Sina Pharmaceuticals Ltd.,"Unit Price: ৳ 5.50,(50's pack: ৳ 275.00),",(50's pack: ৳ 275.00)
8835,Clinex,allopathic,clinexcapsule150-mg,Capsule,Clindamycin,150 mg,Aristopharma Ltd.,"Unit Price: ৳ 8.00,(30's pack: ৳ 240.00),",(30's pack: ৳ 240.00)
8836,Clinex,allopathic,clinexcapsule300-mg,Capsule,Clindamycin,300 mg,Aristopharma Ltd.,"Unit Price: ৳ 15.00,(30's pack: ৳ 450.00),",(30's pack: ৳ 450.00)
12767,Clinex,allopathic,clinexlotion1,Lotion,Clindamycin (Lotion),1%,Aristopharma Ltd.,25 ml bottle: ৳ 125.00,
13082,Clindax-B,allopathic,clindax-btopical-gel15,Topical Gel,Clindamycin + Benzoyl peroxide,1%+5%,Opsonin Pharma Ltd.,10 gm tube: ৳ 150.00,
12788,Clindax Plus,allopathic,clindax-plustopical-gel120025,Topical Gel,Clindamycin + Tretinoin,1.2%+0.025%,Opsonin Pharma Ltd.,"10 gm tube: ৳ 120.45,15 gm tube: ৳ 150.00",
8830,Clindax,allopathic,clindaxcapsule150-mg,Capsule,Clindamycin,150 mg,Opsonin Pharma Ltd.,"Unit Price: ৳ 8.03,(30's pack: ৳ 240.90),",(30's pack: ৳ 240.90)
8834,Clindax,allopathic,clindaximiv-injection600-mg4-ml,IM/IV Injection,Clindamycin,600 mg/4 ml,Opsonin Pharma Ltd.,"4 ml ampoule: ৳ 70.26,(5's pack: ৳ 351.30),",(5's pack: ৳ 351.30)
8832,Clindax,allopathic,clindaxpowder-for-suspension75-mg5-ml,Powder for Suspension,Clindamycin,75 mg/5 ml,Opsonin Pharma Ltd.,100 ml bottle: ৳ 250.94,
8833,Clindax,allopathic,clindaximiv-injection300-mg2-ml,IM/IV Injection,Clindamycin,300 mg/2 ml,Opsonin Pharma Ltd.,"2 ml ampoule: ৳ 40.15,(5's pack: ৳ 200.75),",(5's pack: ৳ 200.75)
12766,Clindax,allopathic,clindaxlotion1,Lotion,Clindamycin (Lotion),1%,Opsonin Pharma Ltd.,25 ml bottle: ৳ 125.85,
13081,Clindax,allopathic,clindaxvaginal-cream2,Vaginal Cream,Clindamycin (Vaginal Cream),2%,Opsonin Pharma Ltd.,20 gm tube: ৳ 70.26,
8831,Clindax,allopathic,clindaxcapsule300-mg,Capsule,Clindamycin,300 mg,Opsonin Pharma Ltd.,"Unit Price: ৳ 15.06,(30's pack: ৳ 451.80),",(30's pack: ৳ 451.80)
8870,Clindaver,allopathic,clindavercapsule300-mg,Capsule,Clindamycin,300 mg,Veritas Pharmaceuticals Ltd.,"Unit Price: ৳ 15.05,(30's pack: ৳ 451.50),",(30's pack: ৳ 451.50)
8829,Clindamet,allopathic,clindametcapsule300-mg,Capsule,Clindamycin,300 mg,Somatec Pharmaceuticals Ltd.,"Unit Price: ৳ 15.00,(30's pack: ৳ 450.00),",(30's pack: ৳ 450.00)
8828,Clindamet,allopathic,clindametcapsule150-mg,Capsule,Clindamycin,150 mg,Somatec Pharmaceuticals Ltd.,"Unit Price: ৳ 8.00,(30's pack: ৳ 240.00),",(30's pack: ৳ 240.00)
12787,Clindacin Plus,allopathic,clindacin-plustopical-gel120025,Topical Gel,Clindamycin + Tretinoin,1.2%+0.025%,Incepta Pharmaceuticals Ltd.,15 gm tube: ৳ 150.00,
12765,Clindacin,allopathic,clindacinlotion1,Lotion,Clindamycin (Lotion),1%,Incepta Pharmaceuticals Ltd.,25 ml bottle: ৳ 125.00,
13080,Clindacin,allopathic,clindacinvaginal-cream2,Vaginal Cream,Clindamycin (Vaginal Cream),2%,Incepta Pharmaceuticals Ltd.,20 gm tube: ৳ 70.00,
8869,Clindacin,allopathic,clindacinpowder-for-suspension75-mg5-ml,Powder for Suspension,Clindamycin,75 mg/5 ml,Incepta Pharmaceuticals Ltd.,100 ml bottle: ৳ 280.00,
8827,Clindacin,allopathic,clindacinimiv-injection300-mg2-ml,IM/IV Injection,Clindamycin,300 mg/2 ml,Incepta Pharmaceuticals Ltd.,"2 ml ampoule: ৳ 40.00,(5's pack: ৳ 200.00),",(5's pack: ৳ 200.00)
8825,Clindacin,allopathic,clindacincapsule300-mg,Capsule,Clindamycin,300 mg,Incepta Pharmaceuticals Ltd.,"Unit Price: ৳ 15.00,(30's pack: ৳ 450.00),",(30's pack: ৳ 450.00)
26197,Clindacin,allopathic,clindacinimiv-injection600-mg4-ml,IM/IV Injection,Clindamycin,600 mg/4 ml,Incepta Pharmaceuticals Ltd.,"4 ml ampoule: ৳ 70.00,(5's pack: ৳ 350.00),",(5's pack: ৳ 350.00)
8824,Clindacin,allopathic,clindacincapsule150-mg,Capsule,Clindamycin,150 mg,Incepta Pharmaceuticals Ltd.,"Unit Price: ৳ 8.00,(30's pack: ৳ 240.00),",(30's pack: ৳ 240.00)
19394,Clindacap,allopathic,clindacapcapsule150-mg,Capsule,Clindamycin,150 mg,Astra Biopharmaceuticals Ltd.,"Unit Price: ৳ 8.00,(30's pack: ৳ 240.00),",(30's pack: ৳ 240.00)
19393,Clindacap,allopathic,clindacapcapsule300-mg,Capsule,Clindamycin,300 mg,Astra Biopharmaceuticals Ltd.,"Unit Price: ৳ 15.00,(30's pack: ৳ 450.00),",(30's pack: ৳ 450.00)
19395,Clindaben,allopathic,clindabencapsule150-mg,Capsule,Clindamycin,150 mg,Benham Pharmaceuticals Ltd.,"Unit Price: ৳ 8.00,(30's pack: ৳ 240.00),",(30's pack: ৳ 240.00)
19396,Clindaben,allopathic,clindabencapsule300-mg,Capsule,Clindamycin,300 mg,Benham Pharmaceuticals Ltd.,"Unit Price: ৳ 15.00,(30's pack: ৳ 450.00),",(30's pack: ৳ 450.00)
8821,Clindabac,allopathic,clindabaccapsule300-mg,Capsule,Clindamycin,300 mg,Popular Pharmaceuticals Ltd.,"Unit Price: ৳ 15.00,(30's pack: ৳ 450.00),",(30's pack: ৳ 450.00)
8820,Clindabac,allopathic,clindabaccapsule150-mg,Capsule,Clindamycin,150 mg,Popular Pharmaceuticals Ltd.,"Unit Price: ৳ 8.00,(30's pack: ৳ 240.00),",(30's pack: ৳ 240.00)
32501,Clinda-TIMS,allopathic,clinda-timscapsule300-mg,Capsule,Clindamycin,300 mg,Doctor TIMS Pharmaceuticals Ltd.,"Unit Price: ৳ 15.00,(30's pack: ৳ 450.00),",(30's pack: ৳ 450.00)
1678,Acin,allopathic,acinsyrup75-mg5-ml,Syrup,Ranitidine Hydrochloride,75 mg/5 ml,Biopharma Laboratories Ltd.,100 ml bottle: ৳ 45.30,
6179,Clobex,allopathic,clobexpowder-for-suspension125-mg5-ml,Powder for Suspension,Cloxacillin Sodium,125 mg/5 ml,Beximco Pharmaceuticals Ltd.,100 ml bottle: ৳ 43.85,
6178,Clobex,allopathic,clobexcapsule500-mg,Capsule,Cloxacillin Sodium,500 mg,Beximco Pharmaceuticals Ltd.,"Unit Price: ৳ 5.96,(100's pack: ৳ 596.00),",(100's pack: ৳ 596.00)
19454,Clobesol SA,allopathic,clobesol-saointment0053,Ointment,Clobetasol Propionate + Salicylic Acid,0.05%+3%,Aristopharma Ltd.,"10 gm tube: ৳ 70.00,30 gm tube: ৳ 150.00",
12564,Clobesol,allopathic,clobesolointment005,Ointment,Clobetasol Propionate (Topical Preparation),0.05%,Aristopharma Ltd.,"10 gm tube: ৳ 68.00,30 gm tube: ৳ 150.00",
12563,Clobesol,allopathic,clobesolcream005,Cream,Clobetasol Propionate (Topical Preparation),0.05%,Aristopharma Ltd.,10 gm tube: ৳ 58.00,
12614,Clobeon,allopathic,clobeoncream05-mg5-mg1-lac-iugm,Cream,Clobetasol Propionate + Neomycin Sulphate + Nystatin,(0.5 mg+5 mg+1 Lac IU)/gm,Jenphar Bangladesh Ltd.,10 gm tube: ৳ 60.00,
12562,Clobenate,allopathic,clobenateointment005,Ointment,Clobetasol Propionate (Topical Preparation),0.05%,Jenphar Bangladesh Ltd.,10 gm tube: ৳ 50.00,
12561,Clobenate,allopathic,clobenatecream005,Cream,Clobetasol Propionate (Topical Preparation),0.05%,Jenphar Bangladesh Ltd.,10 gm tube: ৳ 45.00,
12560,Clobederm,allopathic,clobedermcream005,Cream,Clobetasol Propionate (Topical Preparation),0.05%,Drug International Ltd.,10 gm tube: ৳ 45.00,
19433,Clobederm,allopathic,clobedermointment005,Ointment,Clobetasol Propionate (Topical Preparation),0.05%,Drug International Ltd.,10 gm tube: ৳ 50.00,
30952,Clobecort,allopathic,clobecortcream005,Cream,Clobetasone Butyrate,0.05%,Opsonin Pharma Ltd.,25 gm tube: ৳ 75.00,
30953,Clobecort,allopathic,clobecortointment005,Ointment,Clobetasone Butyrate,0.05%,Opsonin Pharma Ltd.,25 gm tube: ৳ 75.00,
7115,Clobac,allopathic,clobacpowder-for-suspension125-mg5-ml,Powder for Suspension,Cefaclor Monohydrate,125 mg/5 ml,Opsonin Pharma Ltd.,100 ml bottle: ৳ 180.68,
7116,Clobac,allopathic,clobacpediatric-drops125-mg125-ml,Pediatric Drops,Cefaclor Monohydrate,125 mg/1.25 ml,Opsonin Pharma Ltd.,15 ml bottle: ৳ 125.85,
4272,Clob,allopathic,clobtablet10-mg,Tablet,Clobazam,10 mg,Opsonin Pharma Ltd.,"Unit Price: ৳ 3.51,(100's pack: ৳ 351.00),",(100's pack: ৳ 351.00)
4610,Clizin,allopathic,clizintablet50-mg,Tablet,Meclizine Hydrochloride,50 mg,Peoples Pharma Ltd.,"Unit Price: ৳ 2.50,(100's pack: ৳ 250.00),",(100's pack: ৳ 250.00)
32441,Clix,allopathic,clixpowder-for-suspension125-mg5-ml,Powder for Suspension,Clarithromycin,125 mg/5 ml,Eskayef Pharmaceuticals Ltd.,60 ml bottle: ৳ 395.00,
29177,Clix,allopathic,clixtablet500-mg,Tablet,Clarithromycin,500 mg,Eskayef Pharmaceuticals Ltd.,"Unit Price: ৳ 40.00,(6's pack: ৳ 240.00),",(6's pack: ৳ 240.00)
10259,Clit,allopathic,clittablet250-mg,Tablet,Chloroquine Phosphate,250 mg,Hudson Pharmaceuticals Ltd.,"Unit Price: ৳ 1.20,(100's pack: ৳ 120.00),",(100's pack: ৳ 120.00)
19219,Clit,allopathic,clitsyrup80-mg5-ml,Syrup,Chloroquine Phosphate,80 mg/5 ml,Hudson Pharmaceuticals Ltd.,60 ml bottle: ৳ 22.00,
30225,Clioquin,allopathic,clioquincream00253,Cream,Fluocinolone Acetonide + Clioquinol,0.025%+3%,ACME Laboratories Ltd.,30 gm tube: ৳ 180.00,
16242,Cliomet,allopathic,cliometear-drop1002,Ear Drop,Clioquinol + Flumetasone Pivalate,1%+0.02%,Incepta Pharmaceuticals Ltd.,5 ml drop: ৳ 100.00,
27909,Clintrix,allopathic,clintrixtopical-gel120025,Topical Gel,Clindamycin + Tretinoin,1.2%+0.025%,The White Horse Pharma,15 gm tube: ৳ 150.00,
27038,Clinosol Vit,allopathic,clinosol-vitiv-infusion5,IV Infusion,Amino Acid + D-Sorbitol + Electrolytes,5%,Opsonin Pharma Ltd.,500 ml bottle: ৳ 475.00,
14773,Clinosol IV,allopathic,clinosol-iviv-infusion5,IV Infusion,Amino Acid + D-Sorbitol + Electrolytes,5%,Opsonin Pharma Ltd.,500 ml bottle: ৳ 352.38,
14774,Clinosol Gold,allopathic,clinosol-goldiv-infusion710,IV Infusion,Amino Acid + Glucose + Electrolytes,7%+10%,Opsonin Pharma Ltd.,500 ml bottle: ৳ 401.52,
11616,Clinorel,allopathic,clinoreltablet200-mg,Tablet,Sulindac,200 mg,Opsonin Pharma Ltd.,"Unit Price: ৳ 9.54,(30's pack: ৳ 286.20),",(30's pack: ৳ 286.20)
11615,Clinorel,allopathic,clinoreltablet100-mg,Tablet,Sulindac,100 mg,Opsonin Pharma Ltd.,"Unit Price: ৳ 5.00,(50's pack: ৳ 250.00),",(50's pack: ৳ 250.00)
12790,Clinface,allopathic,clinfacetopical-gel120025,Topical Gel,Clindamycin + Tretinoin,1.2%+0.025%,Square Pharmaceuticals Ltd.,15 gm tube: ৳ 151.02,
12789,Clinex Plus,allopathic,clinex-plustopical-gel120025,Topical Gel,Clindamycin + Tretinoin,1.2%+0.025%,Aristopharma Ltd.,15 gm tube: ৳ 150.00,
1676,Acin,allopathic,acintablet150-mg,Tablet,Ranitidine Hydrochloride,150 mg,Biopharma Laboratories Ltd.,"Unit Price: ৳ 2.02,(150's pack: ৳ 302.40),",(150's pack: ৳ 302.40)
19482,Clon,allopathic,clontablet2-mg,Tablet,Clonazepam,2 mg,Globe Pharmaceuticals Ltd.,"Unit Price: ৳ 7.00,(50's pack: ৳ 350.00),",(50's pack: ৳ 350.00)
4824,Clon,allopathic,clontablet05-mg,Tablet,Clonazepam,0.5 mg,Globe Pharmaceuticals Ltd.,"Unit Price: ৳ 4.50,(100's pack: ৳ 450.00),",(100's pack: ৳ 450.00)
4823,Cloma,allopathic,clomatablet2-mg,Tablet,Clonazepam,2 mg,Biopharma Laboratories Ltd.,"Unit Price: ৳ 10.00,(30's pack: ৳ 300.00),",(30's pack: ৳ 300.00)
31976,Cloma,allopathic,clomatablet1-mg,Tablet,Clonazepam,1 mg,Biopharma Laboratories Ltd.,"Unit Price: ৳ 8.00,(50's pack: ৳ 400.00),",(50's pack: ৳ 400.00)
4822,Cloma,allopathic,clomatablet05-mg,Tablet,Clonazepam,0.5 mg,Biopharma Laboratories Ltd.,"Unit Price: ৳ 5.75,(50's pack: ৳ 287.50),",(50's pack: ৳ 287.50)
1177,Cloles,allopathic,clolestablet10-mg,Tablet,Atorvastatin Calcium,10 mg,Doctor’s Chemical Works Ltd.,"Unit Price: ৳ 8.00,(30's pack: ৳ 240.00),",(30's pack: ৳ 240.00)
19514,Clogrel Plus,allopathic,clogrel-plustablet75-mg75-mg,Tablet,Clopidogrel + Aspirin,75 mg+75 mg,Ad-din Pharmaceuticals Ltd.,"Unit Price: ৳ 11.00,(30's pack: ৳ 330.00),",(30's pack: ৳ 330.00)
3225,Clogrel,allopathic,clogreltablet75-mg,Tablet,Clopidogrel Bisulphate,75 mg,Ad-din Pharmaceuticals Ltd.,"Unit Price: ৳ 9.00,(45's pack: ৳ 405.00),",(45's pack: ৳ 405.00)
3273,Clognil Plus,allopathic,clognil-plustablet75-mg75-mg,Tablet,Clopidogrel + Aspirin,75 mg+75 mg,Orion Pharma Ltd.,"Unit Price: ৳ 12.04,(30's pack: ৳ 361.20),",(30's pack: ৳ 361.20)
3224,Clognil,allopathic,clogniltablet75-mg,Tablet,Clopidogrel Bisulphate,75 mg,Orion Pharma Ltd.,"Unit Price: ৳ 12.00,(30's pack: ৳ 360.00),",(30's pack: ৳ 360.00)
30607,Clogfree Plus,allopathic,clogfree-plustablet75-mg75-mg,Tablet,Clopidogrel + Aspirin,75 mg+75 mg,Asiatic Laboratories Ltd.,"Unit Price: ৳ 12.00,(30's pack: ৳ 360.00),",(30's pack: ৳ 360.00)
27135,Clogfree,allopathic,clogfreetablet75-mg,Tablet,Clopidogrel Bisulphate,75 mg,Asiatic Laboratories Ltd.,"Unit Price: ৳ 12.00,(30's pack: ৳ 360.00),",(30's pack: ৳ 360.00)
4447,Clofranil,allopathic,clofraniltablet25-mg,Tablet,Clomipramine Hydrochloride,25 mg,Sun Pharmaceutical Ltd.,"Unit Price: ৳ 5.50,(50's pack: ৳ 275.00),,Unit Price: ৳ 5.50,(100's pack: ৳ 550.00),","(50's pack: ৳ 275.00),(100's pack: ৳ 550.00)"
10955,Clofenac SR,allopathic,clofenac-srtablet-sustained-release100-mg,Tablet (Sustained Release),Diclofenac Sodium,100 mg,Square Pharmaceuticals Ltd.,"Unit Price: ৳ 4.02,(100's pack: ৳ 402.00),",(100's pack: ৳ 402.00)
10957,Clofenac Plus,allopathic,clofenac-plusim-injection75-mg20-mg2-ml,IM Injection,Diclofenac Sodium + Lidocaine Hydrochloride,(75 mg+20 mg)/2 ml,Square Pharmaceuticals Ltd.,"2 ml ampoule: ৳ 15.10,(10's pack: ৳ 151.00),",(10's pack: ৳ 151.00)
11142,Clofenac DT,allopathic,clofenac-dtdispersible-tablet50-mg,Dispersible Tablet,Diclofenac Sodium,50 mg,Square Pharmaceuticals Ltd.,"Unit Price: ৳ 4.02,(100's pack: ৳ 402.00),",(100's pack: ৳ 402.00)
10960,Clofenac,allopathic,clofenacsuppository50-mg,Suppository,Diclofenac Sodium,50 mg,Square Pharmaceuticals Ltd.,"Unit Price: ৳ 15.10,(20's pack: ৳ 302.00),",(20's pack: ৳ 302.00)
10959,Clofenac,allopathic,clofenacsuppository25-mg,Suppository,Diclofenac Sodium,25 mg,Square Pharmaceuticals Ltd.,"Unit Price: ৳ 12.09,(15's pack: ৳ 181.35),",(15's pack: ৳ 181.35)
10958,Clofenac,allopathic,clofenacsuppository125-mg,Suppository,Diclofenac Sodium,12.5 mg,Square Pharmaceuticals Ltd.,"Unit Price: ৳ 9.06,(10's pack: ৳ 90.60),",(10's pack: ৳ 90.60)
11109,Clofenac,allopathic,clofenacgel1-ww,Gel,Diclofenac Sodium,1% w/w,Square Pharmaceuticals Ltd.,20 gm tube: ৳ 40.00,
10954,Clofenac,allopathic,clofenactablet50-mg,Tablet,Diclofenac Sodium,50 mg,Square Pharmaceuticals Ltd.,"Unit Price: ৳ 1.51,(200's pack: ৳ 302.00),",(200's pack: ৳ 302.00)
10952,Clofen TR,allopathic,clofen-trcapsule-timed-release100-mg,Capsule (Timed Release),Diclofenac Sodium,100 mg,Cosmic Pharma Ltd.,"Unit Price: ৳ 3.08,(50's pack: ৳ 154.00),",(50's pack: ৳ 154.00)
40,Clof,allopathic,cloftablet100-mg,Tablet,Aceclofenac,100 mg,Biopharma Laboratories Ltd.,"Unit Price: ৳ 4.00,(100's pack: ৳ 400.00),",(100's pack: ৳ 400.00)
12385,Cloderm,allopathic,clodermcream1,Cream,Clotrimazole (Topical),1%,General Pharmaceuticals Ltd.,10 gm tube: ৳ 35.20,
12384,Clodal,allopathic,clodalcream1,Cream,Clotrimazole (Topical),1%,Globe Pharmaceuticals Ltd.,10 gm tube: ৳ 25.00,
7117,Clocef,allopathic,clocefcapsule500-mg,Capsule,Cefaclor Monohydrate,500 mg,Amico Laboratories Ltd.,"Unit Price: ৳ 45.00,(8's pack: ৳ 360.00),",(8's pack: ৳ 360.00)
7118,Clocef,allopathic,clocefpowder-for-suspension125-mg5-ml,Powder for Suspension,Cefaclor Monohydrate,125 mg/5 ml,Amico Laboratories Ltd.,100 ml bottle: ৳ 175.00,
32406,Clocard-A,allopathic,clocard-atablet75-mg75-mg,Tablet,Clopidogrel + Aspirin,75 mg+75 mg,Aristopharma Ltd.,"Unit Price: ৳ 12.00,(30's pack: ৳ 360.00),",(30's pack: ৳ 360.00)
19534,Clocard,allopathic,clocardtablet75-mg,Tablet,Clopidogrel Bisulphate,75 mg,Aristopharma Ltd.,"Unit Price: ৳ 11.00,(30's pack: ৳ 330.00),",(30's pack: ৳ 330.00)
4274,Clobid,allopathic,clobidtablet10-mg,Tablet,Clobazam,10 mg,Medimet Pharmaceuticals Ltd.,"Unit Price: ৳ 3.00,(100's pack: ৳ 300.00),",(100's pack: ৳ 300.00)
27536,Acilog Mix,allopathic,acilog-mixsc-injection3070,SC Injection,Biphasic Insulin Aspart [rDNA],30%+70%,ACI Limited,"3 ml biopen: ৳ 825.00,(5's pack: ৳ 4,125.00),","(5's pack: ৳ 4,125.00)"
3275,Clopid-AS,allopathic,clopid-astablet75-mg75-mg,Tablet,Clopidogrel + Aspirin,75 mg+75 mg,Drug International Ltd.,"Unit Price: ৳ 12.00,(30's pack: ৳ 360.00),",(30's pack: ৳ 360.00)
3227,Clopid,allopathic,clopidtablet75-mg,Tablet,Clopidogrel Bisulphate,75 mg,Drug International Ltd.,"Unit Price: ৳ 12.00,(28's pack: ৳ 336.00),",(28's pack: ৳ 336.00)
4834,Clopam,allopathic,clopamtablet2-mg,Tablet,Clonazepam,2 mg,Sharif Pharmaceuticals Ltd.,"Unit Price: ৳ 8.00,(30's pack: ৳ 240.00),",(30's pack: ৳ 240.00)
4833,Clopam,allopathic,clopamtablet05-mg,Tablet,Clonazepam,0.5 mg,Sharif Pharmaceuticals Ltd.,"Unit Price: ৳ 5.00,(50's pack: ৳ 250.00),",(50's pack: ৳ 250.00)
32971,Clonzy,allopathic,clonzytablet1-mg,Tablet,Clonazepam,1 mg,Pharmasia Limited,"Unit Price: ৳ 9.00,(45's pack: ৳ 405.00),",(45's pack: ৳ 405.00)
4879,Clonzy,allopathic,clonzytablet05-mg,Tablet,Clonazepam,0.5 mg,Pharmasia Limited,"Unit Price: ৳ 6.00,(50's pack: ৳ 300.00),",(50's pack: ৳ 300.00)
4880,Clonzy,allopathic,clonzytablet2-mg,Tablet,Clonazepam,2 mg,Pharmasia Limited,"Unit Price: ৳ 10.00,(30's pack: ৳ 300.00),",(30's pack: ৳ 300.00)
3274,Clontas,allopathic,clontastablet75-mg75-mg,Tablet,Clopidogrel + Aspirin,75 mg+75 mg,Opsonin Pharma Ltd.,"Unit Price: ৳ 12.00,(30's pack: ৳ 360.00),",(30's pack: ৳ 360.00)
3226,Clont,allopathic,clonttablet75-mg,Tablet,Clopidogrel Bisulphate,75 mg,Opsonin Pharma Ltd.,"Unit Price: ৳ 12.03,(30's pack: ৳ 360.90),",(30's pack: ৳ 360.90)
4832,Clonium,allopathic,cloniumtablet2-mg,Tablet,Clonazepam,2 mg,ACI Limited,"Unit Price: ৳ 10.00,(50's pack: ৳ 500.00),",(50's pack: ৳ 500.00)
4831,Clonium,allopathic,cloniumtablet1-mg,Tablet,Clonazepam,1 mg,ACI Limited,"Unit Price: ৳ 8.00,(50's pack: ৳ 400.00),",(50's pack: ৳ 400.00)
4830,Clonium,allopathic,cloniumtablet05-mg,Tablet,Clonazepam,0.5 mg,ACI Limited,"Unit Price: ৳ 6.50,(100's pack: ৳ 650.00),",(100's pack: ৳ 650.00)
2458,Clonipres,allopathic,cloniprestablet01-mg,Tablet,Clonidine Hydrochloride,0.1 mg,Navana Pharmaceuticals Ltd.,"Unit Price: ৳ 8.03,(60's pack: ৳ 481.84),",(60's pack: ৳ 481.84)
4878,Clonil,allopathic,cloniltablet2-mg,Tablet,Clonazepam,2 mg,Jenphar Bangladesh Ltd.,"Unit Price: ৳ 10.00,(30's pack: ৳ 300.00),",(30's pack: ৳ 300.00)
4877,Clonil,allopathic,cloniltablet05-mg,Tablet,Clonazepam,0.5 mg,Jenphar Bangladesh Ltd.,"Unit Price: ৳ 6.00,(50's pack: ৳ 300.00),",(50's pack: ৳ 300.00)
31350,Clonepam,allopathic,clonepamtablet2-mg,Tablet,Clonazepam,2 mg,Pacific Pharmaceuticals Ltd.,Unit Price: ৳ 10.00,
31349,Clonepam,allopathic,clonepamtablet05-mg,Tablet,Clonazepam,0.5 mg,Pacific Pharmaceuticals Ltd.,"Unit Price: ৳ 6.00,(30's pack: ৳ 180.00),",(30's pack: ৳ 180.00)
4829,Clonatril,allopathic,clonatriltablet2-mg,Tablet,Clonazepam,2 mg,Healthcare Pharmaceuticals Ltd.,"Unit Price: ৳ 10.00,(30's pack: ৳ 300.00),",(30's pack: ৳ 300.00)
4828,Clonatril,allopathic,clonatriltablet1-mg,Tablet,Clonazepam,1 mg,Healthcare Pharmaceuticals Ltd.,"Unit Price: ৳ 8.00,(30's pack: ৳ 240.00),",(30's pack: ৳ 240.00)
4827,Clonatril,allopathic,clonatriltablet05-mg,Tablet,Clonazepam,0.5 mg,Healthcare Pharmaceuticals Ltd.,"Unit Price: ৳ 6.00,(50's pack: ৳ 300.00),",(50's pack: ৳ 300.00)
13023,Clonate-NN,allopathic,clonate-nncream05-mg5-mg1-lac-iugm,Cream,Clobetasol Propionate + Neomycin Sulphate + Nystatin,(0.5 mg+5 mg+1 Lac IU)/gm,Kemiko Pharmaceuticals Ltd.,15 gm tube: ৳ 75.22,
13018,Clonate,allopathic,clonateointment005,Ointment,Clobetasol Propionate (Topical Preparation),0.05%,Kemiko Pharmaceuticals Ltd.,10 gm tube: ৳ 50.14,
4826,Clonapin,allopathic,clonapintablet2-mg,Tablet,Clonazepam,2 mg,Popular Pharmaceuticals Ltd.,"Unit Price: ৳ 8.00,(30's pack: ৳ 240.00),",(30's pack: ৳ 240.00)
4825,Clonapin,allopathic,clonapintablet05-mg,Tablet,Clonazepam,0.5 mg,Popular Pharmaceuticals Ltd.,"Unit Price: ৳ 5.00,(30's pack: ৳ 150.00),",(30's pack: ৳ 150.00)
26461,Clonapin,allopathic,clonapintablet1-mg,Tablet,Clonazepam,1 mg,Popular Pharmaceuticals Ltd.,"Unit Price: ৳ 7.00,(30's pack: ৳ 210.00),",(30's pack: ৳ 210.00)
4875,Clonapex,allopathic,clonapextablet05-mg,Tablet,Clonazepam,0.5 mg,Apex Pharmaceuticals Ltd.,"Unit Price: ৳ 5.50,(50's pack: ৳ 275.00),",(50's pack: ৳ 275.00)
4876,Clonapex,allopathic,clonapextablet2-mg,Tablet,Clonazepam,2 mg,Apex Pharmaceuticals Ltd.,"Unit Price: ৳ 8.00,(30's pack: ৳ 240.00),",(30's pack: ৳ 240.00)
27781,Clonac TR,allopathic,clonac-trcapsule-timed-release100-mg,Capsule (Timed Release),Diclofenac Sodium,100 mg,Somatec Pharmaceuticals Ltd.,"Unit Price: ৳ 3.01,(50's pack: ৳ 150.50),",(50's pack: ৳ 150.50)
4874,Clonaben,allopathic,clonabentablet05-mg,Tablet,Clonazepam,0.5 mg,Benham Pharmaceuticals Ltd.,"Unit Price: ৳ 6.00,(50's pack: ৳ 300.00),",(50's pack: ৳ 300.00)
19472,Clonaben,allopathic,clonabentablet2-mg,Tablet,Clonazepam,2 mg,Benham Pharmaceuticals Ltd.,"Unit Price: ৳ 8.00,(50's pack: ৳ 400.00),",(50's pack: ৳ 400.00)
16830,Acilog Mix,allopathic,acilog-mixsc-injection3070,SC Injection,Biphasic Insulin Aspart [rDNA],30%+70%,ACI Limited,3 ml vial: ৳ 450.00,
30834,Cloron,allopathic,clorontablet2-mg,Tablet,Clonazepam,2 mg,Eskayef Pharmaceuticals Ltd.,"Unit Price: ৳ 10.00,(50's pack: ৳ 500.00),",(50's pack: ৳ 500.00)
19479,Cloron,allopathic,clorontablet1-mg,Tablet,Clonazepam,1 mg,Eskayef Pharmaceuticals Ltd.,"Unit Price: ৳ 8.00,(50's pack: ৳ 400.00),",(50's pack: ৳ 400.00)
26749,Cloron,allopathic,cloronpediatric-drops25-mgml,Pediatric Drops,Clonazepam,2.5 mg/ml,Eskayef Pharmaceuticals Ltd.,10 ml drop: ৳ 80.00,
4835,Cloron,allopathic,clorontablet05-mg,Tablet,Clonazepam,0.5 mg,Eskayef Pharmaceuticals Ltd.,"Unit Price: ৳ 6.00,(100's pack: ৳ 600.00),",(100's pack: ৳ 600.00)
4836,Cloron,allopathic,clorontablet2-mg,Tablet,Clonazepam,2 mg,Eskayef Pharmaceuticals Ltd.,"Unit Price: ৳ 10.00,(50's pack: ৳ 500.00),",(50's pack: ৳ 500.00)
7122,Clorocef,allopathic,clorocefpediatric-drops125-mg125-ml,Pediatric Drops,Cefaclor Monohydrate,125 mg/1.25 ml,Ibn Sina Pharmaceuticals Ltd.,15 ml bottle: ৳ 130.00,
7119,Clorocef,allopathic,clorocefcapsule250-mg,Capsule,Cefaclor Monohydrate,250 mg,Ibn Sina Pharmaceuticals Ltd.,"Unit Price: ৳ 22.00,(12's pack: ৳ 264.00),",(12's pack: ৳ 264.00)
7121,Clorocef,allopathic,clorocefpowder-for-suspension125-mg5-ml,Powder for Suspension,Cefaclor Monohydrate,125 mg/5 ml,Ibn Sina Pharmaceuticals Ltd.,100 ml bottle: ৳ 205.00,
7120,Clorocef,allopathic,clorocefcapsule500-mg,Capsule,Cefaclor Monohydrate,500 mg,Ibn Sina Pharmaceuticals Ltd.,"Unit Price: ৳ 40.00,(12's pack: ৳ 480.00),",(12's pack: ৳ 480.00)
12673,Clori HC,allopathic,clori-hccream11,Cream,Clotrimazole + Hydrocortisone,1%+1%,Amulet Pharmaceuticals Ltd.,10 gm tube: ৳ 35.00,
3279,Clorel-A,allopathic,clorel-atablet75-mg75-mg,Tablet,Clopidogrel + Aspirin,75 mg+75 mg,ACI Limited,"Unit Price: ৳ 12.04,(30's pack: ৳ 361.20),",(30's pack: ৳ 361.20)
3232,Clorel,allopathic,cloreltablet75-mg,Tablet,Clopidogrel Bisulphate,75 mg,ACI Limited,"Unit Price: ৳ 12.04,(30's pack: ৳ 361.20),",(30's pack: ৳ 361.20)
11806,Cloramin,allopathic,cloraminsyrup2-mg5-ml,Syrup,Chlorpheniramine Maleate,2 mg/5 ml,Orion Pharma Ltd.,100 ml bottle: ৳ 21.85,
15798,Cloram-D,allopathic,cloram-dophthalmic-solution0105,Ophthalmic Solution,Dexamethasone + Chloramphenicol,0.1%+0.5%,Ibn Sina Pharmaceuticals Ltd.,5 ml drop: ৳ 70.00,
8890,Cloram,allopathic,cloramophthalmic-solution05,Ophthalmic Solution,Chloramphenicol (Ophthalmic),0.50%,Ibn Sina Pharmaceuticals Ltd.,10 ml drop: ৳ 34.39,
8891,Cloram,allopathic,cloramophthalmic-ointment1,Ophthalmic Ointment,Chloramphenicol (Ophthalmic),1%,Ibn Sina Pharmaceuticals Ltd.,5 gm tube: ৳ 13.00,
30809,Cloradex,allopathic,cloradexophthalmic-solution0105,Ophthalmic Solution,Dexamethasone + Chloramphenicol,0.1%+0.5%,Navana Pharmaceuticals Ltd.,5 ml drop: ৳ 70.00,
28993,Cloplet,allopathic,cloplettablet75-mg,Tablet,Clopidogrel Bisulphate,75 mg,Nuvista Pharma Ltd.,"Unit Price: ৳ 12.00,(30's pack: ৳ 360.00),",(30's pack: ৳ 360.00)
4380,Clopixol Depot,allopathic,clopixol-depotinjection200-mgml,Injection,Zuclopenthixol,200 mg/ml,Lundbeck Pharmaceuticals Ltd.,"1 ml ampoule: ৳ 433.31,(10's pack: ৳ 4,333.10),","(10's pack: ৳ 4,333.10)"
4377,Clopixol Acuphase,allopathic,clopixol-acuphaseinjection50-mgml,Injection,Zuclopenthixol,50 mg/ml,Lundbeck Pharmaceuticals Ltd.,"1 ml ampoule: ৳ 521.40,(5's pack: ৳ 2,607.00),","(5's pack: ৳ 2,607.00)"
4379,Clopixol,allopathic,clopixoltablet10-mg,Tablet,Zuclopenthixol,10 mg,Lundbeck Pharmaceuticals Ltd.,"Unit Price: ৳ 15.93,(100's pack: ৳ 1,593.00),","(100's pack: ৳ 1,593.00)"
16374,Clopirox,allopathic,clopiroxcream1,Cream,Ciclopirox Olamine (Cream),1%,Square Pharmaceuticals Ltd.,15 gm tube: ৳ 110.00,
27500,Clopirox,allopathic,clopiroxshampoo1,Shampoo,Ciclopirox Olamine (Shampoo),1%,Square Pharmaceuticals Ltd.,100 ml bottle: ৳ 350.00,
3231,Clopirel,allopathic,clopireltablet75-mg,Tablet,Clopidogrel Bisulphate,75 mg,Novo Healthcare and Pharma Ltd.,"Unit Price: ৳ 10.00,(30's pack: ৳ 300.00),",(30's pack: ৳ 300.00)
3278,Clopilet A,allopathic,clopilet-atablet75-mg75-mg,Tablet,Clopidogrel + Aspirin,75 mg+75 mg,Sun Pharmaceutical Ltd.,"Unit Price: ৳ 12.00,(50's pack: ৳ 600.00),",(50's pack: ৳ 600.00)
3230,Clopilet,allopathic,clopilettablet75-mg,Tablet,Clopidogrel Bisulphate,75 mg,Sun Pharmaceutical Ltd.,"Unit Price: ৳ 12.00,(50's pack: ৳ 600.00),",(50's pack: ৳ 600.00)
28517,Clopigel Plus,allopathic,clopigel-plustablet75-mg75-mg,Tablet,Clopidogrel + Aspirin,75 mg+75 mg,Pacific Pharmaceuticals Ltd.,"Unit Price: ৳ 10.00,(30's pack: ৳ 300.00),",(30's pack: ৳ 300.00)
28516,Clopigel,allopathic,clopigeltablet75-mg,Tablet,Clopidogrel Bisulphate,75 mg,Pacific Pharmaceuticals Ltd.,"Unit Price: ৳ 9.10,(30's pack: ৳ 273.00),",(30's pack: ৳ 273.00)
3276,Clopidol Plus,allopathic,clopidol-plustablet75-mg75-mg,Tablet,Clopidogrel + Aspirin,75 mg+75 mg,Alco Pharma Ltd.,"Unit Price: ৳ 12.04,(20's pack: ৳ 240.80),",(20's pack: ৳ 240.80)
27847,Clopidol,allopathic,clopidoltablet75-mg,Tablet,Clopidogrel Bisulphate,75 mg,Alco Pharma Ltd.,"Unit Price: ৳ 10.03,(30's pack: ৳ 300.90),",(30's pack: ৳ 300.90)
27535,Acilog,allopathic,acilogsc-injection100-iuml,SC Injection,Protamine Crystallised Insulin Aspart,100 IU/ml,ACI Limited,"3 ml BioPen: ৳ 825.00,(5's pack: ৳ 4,125.00),","(5's pack: ৳ 4,125.00)"
19601,Cloxacin,allopathic,cloxacincapsule500-mg,Capsule,Cloxacillin Sodium,500 mg,Pharmadesh Laboratories Ltd.,"Unit Price: ৳ 10.53,(20's pack: ৳ 210.60),",(20's pack: ৳ 210.60)
19600,Cloxacin,allopathic,cloxacinpowder-for-suspension125-mg5-ml,Powder for Suspension,Cloxacillin Sodium,125 mg/5 ml,Pharmadesh Laboratories Ltd.,100 ml bottle: ৳ 72.27,
6231,Clox-F DS,allopathic,clox-f-dspowder-for-suspension250-mg5-ml,Powder for Suspension,Flucloxacillin Sodium,250 mg/5 ml,Asiatic Laboratories Ltd.,100 ml bottle: ৳ 110.00,
6228,Clox-F,allopathic,clox-fcapsule250-mg,Capsule,Flucloxacillin Sodium,250 mg,Asiatic Laboratories Ltd.,"Unit Price: ৳ 5.00,(48's pack: ৳ 240.00),",(48's pack: ৳ 240.00)
6230,Clox-F,allopathic,clox-fpowder-for-suspension125-mg5-ml,Powder for Suspension,Flucloxacillin Sodium,125 mg/5 ml,Asiatic Laboratories Ltd.,100 ml bottle: ৳ 60.00,
6229,Clox-F,allopathic,clox-fcapsule500-mg,Capsule,Flucloxacillin Sodium,500 mg,Asiatic Laboratories Ltd.,"Unit Price: ৳ 10.00,(48's pack: ৳ 480.00),",(48's pack: ৳ 480.00)
147,Clovir,allopathic,clovirtablet200-mg,Tablet,Acyclovir (Oral),200 mg,Ibn Sina Pharmaceuticals Ltd.,"Unit Price: ৳ 14.00,(30's pack: ৳ 420.00),",(30's pack: ৳ 420.00)
148,Clovir,allopathic,clovirtablet400-mg,Tablet,Acyclovir (Oral),400 mg,Ibn Sina Pharmaceuticals Ltd.,"Unit Price: ৳ 22.00,(20's pack: ৳ 440.00),",(20's pack: ৳ 440.00)
17434,Clovir,allopathic,clovircream5-ww,Cream,Acyclovir (Topical),5% w/w,Ibn Sina Pharmaceuticals Ltd.,5 gm tube: ৳ 40.00,
235,Clovir,allopathic,clovirophthalmic-ointment3,Ophthalmic Ointment,Acyclovir (Ophthalmic),3%,Ibn Sina Pharmaceuticals Ltd.,5 gm tube: ৳ 100.00,
29440,Clovcare,allopathic,clovcaremouthwash3-gm100-ml,Mouthwash,Clove oil,3 gm/100 ml,The White Horse Pharma,"100 ml bottle: ৳ 75.00,200 ml bottle: ৳ 140.00",
13025,Clovate N,allopathic,clovate-nointment05-mg5-mg1-lac-iugm,Ointment,Clobetasol Propionate + Neomycin Sulphate + Nystatin,(0.5 mg+5 mg+1 Lac IU)/gm,ACI Limited,15 gm tube: ৳ 70.21,
13024,Clovate N,allopathic,clovate-ncream05-mg5-mg1-lac-iugm,Cream,Clobetasol Propionate + Neomycin Sulphate + Nystatin,(0.5 mg+5 mg+1 Lac IU)/gm,ACI Limited,10 gm tube: ৳ 65.20,
12565,Clovate,allopathic,clovatecream005,Cream,Clobetasol Propionate (Topical Preparation),0.05%,ACI Limited,10 gm tube: ৳ 58.17,
12566,Clovate,allopathic,clovateointment005,Ointment,Clobetasol Propionate (Topical Preparation),0.05%,ACI Limited,10 gm tube: ৳ 68.20,
12600,Clovate,allopathic,clovatescalp-solution005,Scalp Solution,Clobetasol Propionate (Scalp Preparation),0.05%,ACI Limited,30 ml bottle: ৳ 200.60,
12411,Clotzol,allopathic,clotzolcream1,Cream,Clotrimazole (Topical),1%,Sharif Pharmaceuticals Ltd.,10 gm tube: ৳ 29.08,
12388,Clotrizole,allopathic,clotrizolecream1,Cream,Clotrimazole (Topical),1%,Reman Drug Laboratories Ltd.,10 gm tube: ৳ 30.11,
19552,Clotrimazole,allopathic,clotrimazolecream1,Cream,Clotrimazole (Topical),1%,Amico Laboratories Ltd.,"10 gm tube: ৳ 35.00,20 gm tube: ৳ 60.00",
12403,Clotrim,allopathic,clotrimvaginal-suppository200-mg,Vaginal Suppository,Clotrimazole (Vaginal suppository),200 mg,ACME Laboratories Ltd.,"Unit Price: ৳ 20.13,(3's pack: ৳ 60.39),",(3's pack: ৳ 60.39)
12387,Clotrim,allopathic,clotrimcream1,Cream,Clotrimazole (Topical),1%,ACME Laboratories Ltd.,"5 gm tube: ৳ 18.37,10 gm tube: ৳ 30.10",
12674,Clotison,allopathic,clotisoncream11,Cream,Clotrimazole + Hydrocortisone,1%+1%,Biopharma Laboratories Ltd.,10 gm tube: ৳ 30.00,
19543,Clotinil,allopathic,clotiniltablet75-mg,Tablet,Clopidogrel Bisulphate,75 mg,Rephco Pharmaceuticals Ltd.,"Unit Price: ৳ 11.00,(30's pack: ৳ 330.00),",(30's pack: ৳ 330.00)
32448,Clotinex,allopathic,clotinexsc-injection8000-anti-xa-iu08-ml,SC Injection,Enoxaparin Sodium,8000 Anti-Xa IU/0.8 ml,Square Pharmaceuticals Ltd.,0.8 ml pre-filled syringe: ৳ 651.95,
3201,Clotinex,allopathic,clotinexsc-injection4000-anti-xa-iu04-ml,SC Injection,Enoxaparin Sodium,4000 Anti-Xa IU/0.4 ml,Square Pharmaceuticals Ltd.,0.4 ml pre-filled syringe: ৳ 451.36,
3202,Clotinex,allopathic,clotinexsc-injection6000-anti-xa-iu06-ml,SC Injection,Enoxaparin Sodium,6000 Anti-Xa IU/0.6 ml,Square Pharmaceuticals Ltd.,0.6 ml pre-filled syringe: ৳ 576.73,
27751,Clotech-D,allopathic,clotech-dsolution500-mg100-ml,Solution,Sodium Hypochlorite,500 mg/100 ml,Opso Saline Ltd.,4 Liter Pack: ৳ 170.00,
12386,Closten,allopathic,clostencream1,Cream,Clotrimazole (Topical),1%,Alco Pharma Ltd.,10 gm tube: ৳ 28.80,
12549,Closon,allopathic,closoncream0051,Cream,Betamethasone + Clotrimazole,0.05%+1%,Medicon Pharmaceuticals Ltd.,10 gm tube: ৳ 28.00,
13020,Closalic,allopathic,closalicointment0053,Ointment,Clobetasol Propionate + Salicylic Acid,0.05%+3%,Ziska Pharmaceuticals Ltd.,"10 gm tube: ৳ 70.00,30 gm tube: ৳ 150.00",
16776,Acilog,allopathic,acilogsc-injection100-iuml,SC Injection,Protamine Crystallised Insulin Aspart,100 IU/ml,ACI Limited,3 ml vial: ৳ 450.00,
5099,Co-dopa,allopathic,co-dopatablet250-mg25-mg,Tablet,Levodopa + Carbidopa (FC tablet),250 mg+25 mg,UniMed UniHealth,"Unit Price: ৳ 10.00,(30's pack: ৳ 300.00),",(30's pack: ৳ 300.00)
3094,Co-Disys,allopathic,co-disystablet5-mg80-mg,Tablet,Amlodipine Besilate + Valsartan,5 mg+80 mg,Healthcare Pharmaceuticals Ltd.,"Unit Price: ৳ 10.00,(30's pack: ৳ 300.00),",(30's pack: ৳ 300.00)
30594,Co-Disys,allopathic,co-disystablet10-mg160-mg,Tablet,Amlodipine Besilate + Valsartan,10 mg+160 mg,Healthcare Pharmaceuticals Ltd.,Unit Price: ৳ 19.00,
3095,Co-Disys,allopathic,co-disystablet5-mg160-mg,Tablet,Amlodipine Besilate + Valsartan,5 mg+160 mg,Healthcare Pharmaceuticals Ltd.,"Unit Price: ৳ 18.00,(30's pack: ৳ 540.00),",(30's pack: ৳ 540.00)
3004,Co-Diovan,allopathic,co-diovantablet160-mg125-mg,Tablet,Valsartan + Hydrochlorothiazide,160 mg+12.5 mg,Novartis (Bangladesh) Ltd.,"Unit Price: ৳ 66.20,(28's pack: ৳ 1,853.60),","(28's pack: ৳ 1,853.60)"
3003,Co-Diovan,allopathic,co-diovantablet80-mg125-mg,Tablet,Valsartan + Hydrochlorothiazide,80 mg+12.5 mg,Novartis (Bangladesh) Ltd.,"Unit Price: ৳ 48.14,(28's pack: ৳ 1,347.92),","(28's pack: ৳ 1,347.92)"
25200,Co-Diovan,allopathic,co-diovantablet160-mg25-mg,Tablet,Valsartan + Hydrochlorothiazide,160 mg+25 mg,Novartis (Bangladesh) Ltd.,"Unit Price: ৳ 66.20,(28's pack: ৳ 1,853.60),","(28's pack: ৳ 1,853.60)"
7414,Co-axet,allopathic,co-axettablet250-mg625-mg,Tablet,Cefuroxime Axetil + Clavulanic Acid,250 mg+62.5 mg,Orion Pharma Ltd.,"Unit Price: ৳ 30.09,(20's pack: ৳ 601.80),",(20's pack: ৳ 601.80)
30775,Co-axet,allopathic,co-axetpowder-for-suspension125-mg3125-mg5-ml,Powder for Suspension,Cefuroxime Axetil + Clavulanic Acid,(125 mg+31.25 mg)/5 ml,Orion Pharma Ltd.,70 ml bottle: ৳ 250.00,
7415,Co-axet,allopathic,co-axettablet500-mg125-mg,Tablet,Cefuroxime Axetil + Clavulanic Acid,500 mg+125 mg,Orion Pharma Ltd.,"Unit Price: ৳ 50.15,(8's pack: ৳ 401.20),",(8's pack: ৳ 401.20)
13539,CNV,allopathic,cnvsyrup,Syrup,Multivitamin & Cod Liver Oil,,Delta Pharma Ltd.,100 ml bottle: ৳ 80.00,
28927,CMC-Gel,allopathic,cmc-gelophthalmic-solution1,Ophthalmic Solution,Carboxymethylcellulose Sodium,1%,Biopharma Laboratories Ltd.,10 ml drop: ৳ 250.00,
29187,CMC Luvis,allopathic,cmc-luvisophthalmic-solution05,Ophthalmic Solution,Carmellose Sodium,0.50%,ZAS Corporation,10 ml drop: ৳ 950.00,
30863,Clozyl,allopathic,clozyltablet400-mg,Tablet,Metronidazole,400 mg,Team Pharmaceuticals Ltd.,"Unit Price: ৳ 1.50,(100's pack: ৳ 150.00),",(100's pack: ৳ 150.00)
30864,Clozyl,allopathic,clozyloral-suspension200-mg5-ml,Oral Suspension,Metronidazole,200 mg/5 ml,Team Pharmaceuticals Ltd.,60 ml bottle: ৳ 29.90,
12390,Clozox,allopathic,clozoxcream1,Cream,Clotrimazole (Topical),1%,UniMed UniHealth,10 gm tube: ৳ 25.00,
12550,Clozosone,allopathic,clozosonecream0051,Cream,Betamethasone + Clotrimazole,0.05%+1%,UniMed UniHealth,10 gm tube: ৳ 25.00,
27329,Clozema,allopathic,clozemacream005,Cream,Clobetasol Propionate (Topical Preparation),0.05%,Team Pharmaceuticals Ltd.,10 gm tube: ৳ 55.00,
27328,Clozema,allopathic,clozemaointment005,Ointment,Clobetasol Propionate (Topical Preparation),0.05%,Team Pharmaceuticals Ltd.,10 gm tube: ৳ 65.00,
30832,Clozam,allopathic,clozamtablet10-mg,Tablet,Clobazam,10 mg,Navana Pharmaceuticals Ltd.,"Unit Price: ৳ 2.81,(100's pack: ৳ 281.00),",(100's pack: ৳ 281.00)
6186,Cloxpen,allopathic,cloxpencapsule500-mg,Capsule,Cloxacillin Sodium,500 mg,Drug International Ltd.,"Unit Price: ৳ 5.92,(40's pack: ৳ 236.80),",(40's pack: ৳ 236.80)
6201,Cloxmet,allopathic,cloxmetcapsule500-mg,Capsule,Cloxacillin Sodium,500 mg,Medimet Pharmaceuticals Ltd.,"Unit Price: ৳ 5.75,(50's pack: ৳ 287.50),",(50's pack: ৳ 287.50)
6184,Cloxin,allopathic,cloxinpowder-for-suspension125-mg5-ml,Powder for Suspension,Cloxacillin Sodium,125 mg/5 ml,Opsonin Pharma Ltd.,100 ml bottle: ৳ 44.84,
6185,Cloxin,allopathic,cloxininjection500-mgvial,Injection,Cloxacillin Sodium,500 mg/vial,Opsonin Pharma Ltd.,"500 mg vial: ৳ 25.31,(4's pack: ৳ 101.24),",(4's pack: ৳ 101.24)
6183,Cloxin,allopathic,cloxincapsule500-mg,Capsule,Cloxacillin Sodium,500 mg,Opsonin Pharma Ltd.,"Unit Price: ৳ 5.92,(52's pack: ৳ 307.84),",(52's pack: ৳ 307.84)
19573,Cloxil,allopathic,cloxilpowder-for-suspension125-mg5-ml,Powder for Suspension,Cloxacillin Sodium,125 mg/5 ml,Doctor’s Chemical Works Ltd.,100 ml bottle: ৳ 42.65,
6181,Cloxil,allopathic,cloxilcapsule500-mg,Capsule,Cloxacillin Sodium,500 mg,Doctor’s Chemical Works Ltd.,"Unit Price: ৳ 5.50,(100's pack: ৳ 550.00),",(100's pack: ৳ 550.00)
29576,Cloxakil,allopathic,cloxakilcapsule500-mg,Capsule,Flucloxacillin Sodium,500 mg,Veritas Pharmaceuticals Ltd.,"Unit Price: ৳ 10.50,(20's pack: ৳ 210.00),",(20's pack: ৳ 210.00)
6226,Cloxafu,allopathic,cloxafucapsule250-mg,Capsule,Flucloxacillin Sodium,250 mg,Sonear Laboratories Ltd.,"Unit Price: ৳ 5.64,(40's pack: ৳ 225.60),",(40's pack: ৳ 225.60)
6227,Cloxafu,allopathic,cloxafucapsule500-mg,Capsule,Flucloxacillin Sodium,500 mg,Sonear Laboratories Ltd.,"Unit Price: ৳ 10.25,(20's pack: ৳ 205.00),",(20's pack: ৳ 205.00)
9659,Aciflox,allopathic,acifloxtablet200-mg,Tablet,Sparfloxacin,200 mg,ACI Limited,"Unit Price: ৳ 12.00,(10's pack: ৳ 120.00),",(10's pack: ৳ 120.00)
3985,Cofof,allopathic,cofoftablet-sustained-release50-mg,Tablet (Sustained Release),Butamirate Citrate,50 mg,Euro Pharma Ltd.,"Unit Price: ৳ 10.00,(30's pack: ৳ 300.00),",(30's pack: ৳ 300.00)
3984,Cofof,allopathic,cofofsyrup75-mg5-ml,Syrup,Butamirate Citrate,7.5 mg/5 ml,Euro Pharma Ltd.,100 ml bottle: ৳ 80.00,
4138,Cofnil Plus,allopathic,cofnil-plussyrup200-mg15-mg15-mg5-ml,Syrup,Guaifenesin + Dextromethorphan + Menthol,(200 mg+15 mg+15 mg)/5 ml,General Pharmaceuticals Ltd.,100 ml bottle: ৳ 85.00,
4094,Coflyt,allopathic,coflytsyrup4-mg5-ml,Syrup,Bromhexine Hydrochloride,4 mg/5 ml,Asiatic Laboratories Ltd.,100 ml bottle: ৳ 30.00,
25512,Cofexin,allopathic,cofexinsyrup15-mg5-ml,Syrup,Ambroxol Hydrochloride,15 mg/5 ml,Globex Pharmaceuticals Ltd.,100 ml bottle: ৳ 35.00,
4137,Cofdil,allopathic,cofdilsyrup30-mg100-mg125-mg5-ml,Syrup,Pseudoephedrine + Guaiphenasine + Triprolidine,(30 mg+100 mg+1.25 mg)/5 ml,Central Pharmaceuticals Ltd.,100 ml bottle: ৳ 50.00,
4136,Codyl,allopathic,codylsyrup30-mg100-mg125-mg5-ml,Syrup,Pseudoephedrine + Guaiphenasine + Triprolidine,(30 mg+100 mg+1.25 mg)/5 ml,Medimet Pharmaceuticals Ltd.,100 ml bottle: ৳ 50.00,
13543,Codvita,allopathic,codvitasyrup,Syrup,Multivitamin & Cod Liver Oil,,Amico Laboratories Ltd.,100 ml bottle: ৳ 80.00,
13531,Codvit,allopathic,codvitcapsule600-iu85-iu03-iu,Capsule,Cod Liver Oil,600 IU+85 IU+0.3 IU,Opsonin Pharma Ltd.,"Unit Price: ৳ 2.00,(100's pack: ৳ 200.00),",(100's pack: ৳ 200.00)
13541,Codomix,allopathic,codomixsyrup,Syrup,Multivitamin & Cod Liver Oil,,Jayson Pharmaceuticals Ltd.,100 ml bottle: ৳ 85.00,
14068,Codmin,allopathic,codminsyrup,Syrup,Multivitamin & Multimineral,,Globex Pharmaceuticals Ltd.,100 ml bottle: ৳ 80.00,
13540,Codlivit,allopathic,codlivitsyrup,Syrup,Multivitamin & Cod Liver Oil,,Silva Pharmaceuticals Ltd.,"100 ml bottle: ৳ 80.27,200 ml bottle: ৳ 150.51",
13527,Codliv,allopathic,codlivcapsule600-iu85-iu03-iu,Capsule,Cod Liver Oil,600 IU+85 IU+0.3 IU,Pacific Pharmaceuticals Ltd.,"Unit Price: ৳ 2.00,(100's pack: ৳ 200.00),",(100's pack: ৳ 200.00)
28024,Codex,allopathic,codexsyrup30-mg100-mg125-mg5-ml,Syrup,Pseudoephedrine + Guaiphenasine + Triprolidine,(30 mg+100 mg+1.25 mg)/5 ml,Ambee Pharmaceuticals Ltd.,100 ml bottle: ৳ 49.97,
32244,Coderin,allopathic,coderintablet-extended-release10-mg240-mg,Tablet (Extended Release),Loratadine + Pseudoephedrine,10 mg+240 mg,ACI Limited,"Unit Price: ৳ 6.04,(50's pack: ৳ 302.00),",(50's pack: ৳ 302.00)
32245,Coderin,allopathic,coderintablet-extended-release5-mg120-mg,Tablet (Extended Release),Loratadine + Pseudoephedrine,5 mg+120 mg,ACI Limited,"Unit Price: ৳ 4.03,(50's pack: ৳ 201.50),",(50's pack: ৳ 201.50)
13530,Codcap,allopathic,codcapcapsule600-iu85-iu03-iu,Capsule,Cod Liver Oil,600 IU+85 IU+0.3 IU,Incepta Pharmaceuticals Ltd.,"Unit Price: ৳ 2.00,(100's pack: ৳ 200.00),",(100's pack: ৳ 200.00)
13542,Cod Plus,allopathic,cod-plussyrup,Syrup,Multivitamin & Cod Liver Oil,,Apex Pharmaceuticals Ltd.,"100 ml bottle: ৳ 80.00,200 ml bottle: ৳ 145.00",
13529,Cod Oil,allopathic,cod-oilcapsule600-iu85-iu03-iu,Capsule,Cod Liver Oil,600 IU+85 IU+0.3 IU,Rangs Pharmaceuticals Ltd.,"Unit Price: ৳ 2.01,(50's pack: ৳ 100.50),",(50's pack: ৳ 100.50)
13528,Cod Liver Oil,allopathic,cod-liver-oilcapsule600-iu85-iu03-iu,Capsule,Cod Liver Oil,600 IU+85 IU+0.3 IU,Drug International Ltd.,"Unit Price: ৳ 2.00,(50's pack: ৳ 100.00),",(50's pack: ৳ 100.00)
12568,Cobesol,allopathic,cobesolointment005,Ointment,Clobetasol Propionate (Topical Preparation),0.05%,Pharmasia Limited,10 gm tube: ৳ 50.00,
12567,Cobesol,allopathic,cobesolcream005,Cream,Clobetasol Propionate (Topical Preparation),0.05%,Pharmasia Limited,10 gm tube: ৳ 45.00,
32243,Coavlon,allopathic,coavlontablet20-mg120-mg,Tablet,Artemether + Lumefantrine,20 mg+120 mg,ACI Limited,"Unit Price: ৳ 20.14,(24's pack: ৳ 483.36),",(24's pack: ৳ 483.36)
17727,Co-Valtin,allopathic,co-valtintablet5-mg80-mg,Tablet,Amlodipine Besilate + Valsartan,5 mg+80 mg,ACME Laboratories Ltd.,"Unit Price: ৳ 9.03,(30's pack: ৳ 270.90),",(30's pack: ৳ 270.90)
17728,Co-Valtin,allopathic,co-valtintablet5-mg160-mg,Tablet,Amlodipine Besilate + Valsartan,5 mg+160 mg,ACME Laboratories Ltd.,"Unit Price: ৳ 16.04,(30's pack: ৳ 481.20),",(30's pack: ৳ 481.20)
9008,Co-Try DS,allopathic,co-try-dstablet800-mg160-mg,Tablet,Sulphamethoxazole + Trimethoprim,800 mg+160 mg,Ad-din Pharmaceuticals Ltd.,"Unit Price: ৳ 2.00,(100's pack: ৳ 200.00),",(100's pack: ৳ 200.00)
16920,Co-Try,allopathic,co-tryoral-suspension200-mg40-mg5-ml,Oral Suspension,Sulphamethoxazole + Trimethoprim,(200 mg+40 mg)/5 ml,Ad-din Pharmaceuticals Ltd.,60 ml bottle: ৳ 21.50,
31012,Co-dopa CR,allopathic,co-dopa-crtablet-controlled-release100-mg25-mg,Tablet (Controlled Release),Levodopa + Carbidopa (CR tablet),100 mg+25 mg,UniMed UniHealth,"Unit Price: ৳ 10.00,(30's pack: ৳ 300.00),",(30's pack: ৳ 300.00)
21496,Co-dopa CR,allopathic,co-dopa-crtablet-controlled-release200-mg50-mg,Tablet (Controlled Release),Levodopa + Carbidopa (CR tablet),200 mg+50 mg,UniMed UniHealth,"Unit Price: ৳ 20.00,(20's pack: ৳ 400.00),",(20's pack: ৳ 400.00)
30332,Acifix,allopathic,acifixtablet-enteric-coated20-mg,Tablet (Enteric Coated),Rabeprazole Sodium,20 mg,Beximco Pharmaceuticals Ltd.,"Unit Price: ৳ 7.00,(60's pack: ৳ 420.00),,Unit Price: ৳ 7.00,(100's pack: ৳ 700.00),","(60's pack: ৳ 420.00),(100's pack: ৳ 700.00)"
2256,Acifix,allopathic,acifixcapsule-delayed-release20-mg,Capsule (Delayed Release),Rabeprazole Sodium,20 mg,Beximco Pharmaceuticals Ltd.,"Unit Price: ৳ 8.00,(60's pack: ৳ 480.00),",(60's pack: ৳ 480.00)
3680,Combair,allopathic,combairinhaler100-mcg20-mcgpuff,Inhaler,Salbutamol + Ipratropium (Inhaler),(100 mcg+20 mcg)/puff,ACI Limited,"200 metered doses: ৳ 250.75,200 metered doses (refill): ৳ 230.69",
29319,Comarit,allopathic,comaritcapsule80-mg,Capsule,Cabozantinib,80 mg,Genvio Pharma Ltd.,"Unit Price: ৳ 2,200.00,(28's pack: ৳ 61,600.00),","(28's pack: ৳ 61,600.00)"
29318,Comarit,allopathic,comaritcapsule20-mg,Capsule,Cabozantinib,20 mg,Genvio Pharma Ltd.,"Unit Price: ৳ 700.00,(30's pack: ৳ 21,000.00),","(30's pack: ৳ 21,000.00)"
11675,Coluric,allopathic,colurictablet06-mg,Tablet,Colchicine,0.6 mg,UniMed UniHealth,"Unit Price: ৳ 7.50,(14's pack: ৳ 105.00),",(14's pack: ৳ 105.00)
30246,Colostat,allopathic,colostattablet20-mg,Tablet,Atorvastatin Calcium,20 mg,Ibn Sina Pharmaceuticals Ltd.,"Unit Price: ৳ 15.00,(30's pack: ৳ 450.00),",(30's pack: ৳ 450.00)
1178,Colostat,allopathic,colostattablet10-mg,Tablet,Atorvastatin Calcium,10 mg,Ibn Sina Pharmaceuticals Ltd.,"Unit Price: ৳ 10.00,(30's pack: ৳ 300.00),",(30's pack: ৳ 300.00)
26906,Colomeb,allopathic,colomebtablet135-mg,Tablet,Mebeverine Hydrochloride,135 mg,Navana Pharmaceuticals Ltd.,"Unit Price: ৳ 6.00,(50's pack: ৳ 300.00),",(50's pack: ৳ 300.00)
13515,Colitrol,allopathic,colitroliv-injection1-mcgml,IV Injection,Calcitriol,1 mcg/ml,Incepta Pharmaceuticals Ltd.,1 ml ampoule: ৳ 155.00,
13514,Colitrol,allopathic,colitrolcapsule025-mcg,Capsule,Calcitriol,0.25 mcg,Incepta Pharmaceuticals Ltd.,"Unit Price: ৳ 10.00,(30's pack: ৳ 300.00),",(30's pack: ৳ 300.00)
30779,Colistimethate (CMS),allopathic,colistimethate-cmsimiv-injection1-miu,IM/IV Injection,Colistimethate Sodium,1 MIU,"Xellia Pharmaceuticals, Denmark",1 MIU vial: ৳ 650.00,
30780,Colistimethate (CMS),allopathic,colistimethate-cmsimiv-injection45-miu,IM/IV Injection,Colistimethate Sodium,4.5 MIU,"Xellia Pharmaceuticals, Denmark","4.5 MIU vial: ৳ 2,200.00",
1358,Colipan,allopathic,colipantablet10-mg,Tablet,Hyoscine Butylbromide,10 mg,Medimet Pharmaceuticals Ltd.,"Unit Price: ৳ 3.00,(100's pack: ৳ 300.00),",(100's pack: ৳ 300.00)
1360,Colipan,allopathic,colipaninjection20-mgml,Injection,Hyoscine Butylbromide,20 mg/ml,Medimet Pharmaceuticals Ltd.,"1 ml ampoule: ৳ 7.85,(10's pack: ৳ 78.50),",(10's pack: ৳ 78.50)
1359,Colipan,allopathic,colipantablet20-mg,Tablet,Hyoscine Butylbromide,20 mg,Medimet Pharmaceuticals Ltd.,"Unit Price: ৳ 5.65,(50's pack: ৳ 282.50),",(50's pack: ৳ 282.50)
11678,Colimax,allopathic,colimaxtablet06-mg,Tablet,Colchicine,0.6 mg,Square Pharmaceuticals Ltd.,"Unit Price: ৳ 5.02,(30's pack: ৳ 150.60),",(30's pack: ৳ 150.60)
1317,Colicon,allopathic,colicontablet10-mg,Tablet,Dicycloverine Hydrochloride,10 mg,Square Pharmaceuticals Ltd.,"Unit Price: ৳ 2.01,(100's pack: ৳ 201.00),",(100's pack: ৳ 201.00)
1318,Colicon,allopathic,coliconsyrup10-mg5-ml,Syrup,Dicycloverine Hydrochloride,10 mg/5 ml,Square Pharmaceuticals Ltd.,50 ml bottle: ৳ 30.20,
3990,Coldflu,allopathic,coldflusyrup10-mg5-ml,Syrup,Dextromethorphan Hydrobromide,10 mg/5 ml,Amico Laboratories Ltd.,100 ml bottle: ৳ 23.00,
4141,Coldex,allopathic,coldexsyrup30-mg100-mg125-mg5-ml,Syrup,Pseudoephedrine + Guaiphenasine + Triprolidine,(30 mg+100 mg+1.25 mg)/5 ml,Millat Pharmaceuticals Ltd.,100 ml bottle: ৳ 50.00,
18378,Cold B,allopathic,cold-btablet4-mg,Tablet,Bromhexine Hydrochloride,4 mg,Medimet Pharmaceuticals Ltd.,"Unit Price: ৳ 0.70,(100's pack: ৳ 70.00),",(100's pack: ৳ 70.00)
304,Colaz,allopathic,colazoral-suspension200-mg5-ml,Oral Suspension,Albendazole,200 mg/5 ml,Cosmic Pharma Ltd.,10 ml bottle: ৳ 19.00,
305,Colaz,allopathic,colazchewable-tablet400-mg,Chewable Tablet,Albendazole,400 mg,Cosmic Pharma Ltd.,"Unit Price: ৳ 5.00,(30's pack: ৳ 150.00),",(30's pack: ৳ 150.00)
4276,Colax,allopathic,colaxtablet10-mg,Tablet,Clobazam,10 mg,Pharmadesh Laboratories Ltd.,"Unit Price: ৳ 2.74,(50's pack: ৳ 137.00),",(50's pack: ৳ 137.00)
13431,Colamin,allopathic,colamintablet500-mcg,Tablet,Mecobalamin,500 mcg,Rangs Pharmaceuticals Ltd.,"Unit Price: ৳ 4.02,(30's pack: ৳ 120.60),",(30's pack: ৳ 120.60)
12889,Colagel,allopathic,colagelgel15,Gel,L-Lysine Hydrochloride,15%,Incepta Pharmaceuticals Ltd.,25 gm tube: ৳ 80.00,
5180,Cogniz,allopathic,cogniztablet500-mg,Tablet,Citicoline Sodium,500 mg,UniMed UniHealth,"Unit Price: ৳ 50.00,(12's pack: ৳ 600.00),",(12's pack: ৳ 600.00)
32983,Cofson plus,allopathic,cofson-plussyrup100-mg11-mg14-mg5-ml,Syrup,Guaifenesin + Levomenthol + Diphenhydramine,(100 mg+1.1 mg+14 mg)/5 ml,Hudson Pharmaceuticals Ltd.,100 ml bottle: ৳ 80.00,
4140,Cofson,allopathic,cofsonsyrup30-mg100-mg125-mg5-ml,Syrup,Pseudoephedrine + Guaiphenasine + Triprolidine,(30 mg+100 mg+1.25 mg)/5 ml,Hudson Pharmaceuticals Ltd.,100 ml bottle: ৳ 50.00,
4139,Cofrid,allopathic,cofridsyrup200-mg15-mg15-mg5-ml,Syrup,Guaifenesin + Dextromethorphan + Menthol,(200 mg+15 mg+15 mg)/5 ml,ACME Laboratories Ltd.,100 ml bottle: ৳ 85.00,
20946,Cofresh,allopathic,cofreshophthalmic-solution020361,Ophthalmic Solution,Glycerol + Hypromellose + Polyethylene Glycol 400,0.2%+0.36%+1%,Ibn Sina Pharmaceuticals Ltd.,10 ml drop: ৳ 250.00,
16576,Acidrox M,allopathic,acidrox-mchewable-tablet400-mg,Chewable Tablet,Magaldrate,400 mg,Syntho Laboratories Ltd.,"Unit Price: ৳ 1.00,(150's pack: ৳ 150.00),",(150's pack: ৳ 150.00)
13126,Compiron,allopathic,compironpediatric-drops50-mgml,Pediatric Drops,Iron Polymaltose Complex,50 mg/ml,Incepta Pharmaceuticals Ltd.,30 ml drop: ৳ 50.00,
27592,Compimet,allopathic,compimettablet15-mg850-mg,Tablet,Pioglitazone + Metformin Hydrochloride,15 mg+850 mg,Incepta Pharmaceuticals Ltd.,"Unit Price: ৳ 11.00,(30's pack: ৳ 330.00),",(30's pack: ৳ 330.00)
5639,Compimet,allopathic,compimettablet15-mg500-mg,Tablet,Pioglitazone + Metformin Hydrochloride,15 mg+500 mg,Incepta Pharmaceuticals Ltd.,"Unit Price: ৳ 10.00,(30's pack: ৳ 300.00),",(30's pack: ৳ 300.00)
5956,Comipen,allopathic,comipentablet50-mg,Tablet,Clomiphene Citrate,50 mg,Pacific Pharmaceuticals Ltd.,"Unit Price: ৳ 16.67,(30's pack: ৳ 500.00),",(30's pack: ৳ 500.00)
26957,Comfy,allopathic,comfytablet1-mg,Tablet,Clonazepam,1 mg,Labaid Pharma Ltd.,"Unit Price: ৳ 8.00,(30's pack: ৳ 240.00),",(30's pack: ৳ 240.00)
19488,Comfy,allopathic,comfytablet05-mg,Tablet,Clonazepam,0.5 mg,Labaid Pharma Ltd.,"Unit Price: ৳ 6.00,(50's pack: ৳ 300.00),",(50's pack: ৳ 300.00)
19489,Comfy,allopathic,comfytablet2-mg,Tablet,Clonazepam,2 mg,Labaid Pharma Ltd.,"Unit Price: ৳ 10.00,(20's pack: ৳ 200.00),",(20's pack: ৳ 200.00)
2378,Comfort,allopathic,comfortoral-solution335-gm5-ml,Oral Solution,Lactulose,3.35 gm/5 ml,APC Pharma Ltd.,100 ml bottle: ৳ 80.00,
3559,Comfil,allopathic,comfilsyrup1-mg5-ml,Syrup,Levosalbutamol (Oral),1 mg/5 ml,Pharmasia Limited,100 ml bottle: ৳ 38.00,
3558,Comfil,allopathic,comfiltablet2-mg,Tablet,Levosalbutamol (Oral),2 mg,Pharmasia Limited,"Unit Price: ৳ 1.71,(50's pack: ৳ 85.50),",(50's pack: ৳ 85.50)
5364,Comet XR,allopathic,comet-xrtablet-extended-release1000-mg,Tablet (Extended Release),Metformin Hydrochloride,1000 mg,Square Pharmaceuticals Ltd.,"Unit Price: ৳ 9.03,(30's pack: ৳ 270.90),",(30's pack: ৳ 270.90)
5363,Comet XR,allopathic,comet-xrtablet-extended-release500-mg,Tablet (Extended Release),Metformin Hydrochloride,500 mg,Square Pharmaceuticals Ltd.,"Unit Price: ৳ 6.02,(50's pack: ৳ 301.00),",(50's pack: ৳ 301.00)
5361,Comet,allopathic,comettablet850-mg,Tablet,Metformin Hydrochloride,850 mg,Square Pharmaceuticals Ltd.,"Unit Price: ৳ 6.02,(50's pack: ৳ 301.00),",(50's pack: ৳ 301.00)
5359,Comet,allopathic,comettablet500-mg,Tablet,Metformin Hydrochloride,500 mg,Square Pharmaceuticals Ltd.,"Unit Price: ৳ 4.02,(100's pack: ৳ 402.00),",(100's pack: ৳ 402.00)
13642,Combomin,allopathic,combomintablet100-mg200-mg200-mcg,Tablet,"Vitamin B1, B6 & B12",100 mg+200 mg+200 mcg,Ad-din Pharmaceuticals Ltd.,"Unit Price: ৳ 4.00,(30's pack: ৳ 120.00),",(30's pack: ৳ 120.00)
16705,Combomax,allopathic,combomaxcapsule04-mg05-mg,Capsule,Tamsulosin Hydrochloride + Dutasteride,0.4 mg+0.5 mg,Drug International Ltd.,"Unit Price: ৳ 18.00,(28's pack: ৳ 504.00),",(28's pack: ৳ 504.00)
16360,Combocef,allopathic,comboceftablet100-mg625-mg,Tablet,Cefpodoxime Proxetil + Clavulanic Acid,100 mg+62.5 mg,ACI Limited,"Unit Price: ৳ 30.09,(12's pack: ৳ 361.08),",(12's pack: ৳ 361.08)
16359,Combocef,allopathic,comboceftablet200-mg125-mg,Tablet,Cefpodoxime Proxetil + Clavulanic Acid,200 mg+125 mg,ACI Limited,"Unit Price: ৳ 50.15,(12's pack: ৳ 601.80),",(12's pack: ৳ 601.80)
13768,Combivit,allopathic,combivitimiv-injection,IM/IV Injection,Vitamin B complex,,Orion Pharma Ltd.,"2 ml ampoule: ৳ 10.03,(10's pack: ৳ 100.30),",(10's pack: ৳ 100.30)
21072,Combiver,allopathic,combiverinhaler100-mcg20-mcgpuff,Inhaler,Salbutamol + Ipratropium (Inhaler),(100 mcg+20 mcg)/puff,Healthcare Pharmaceuticals Ltd.,200 metered doses: ৳ 270.00,
27138,Combisol,allopathic,combisolsolution033,Solution,Chlorhexidine Gluconate + Cetrimide,0.3%+3%,Jayson Pharmaceuticals Ltd.,1 liter pack: ৳ 220.00,
16112,Combipres,allopathic,combipresophthalmic-solution0205,Ophthalmic Solution,Brimonidine Tartrate + Timolol Maleate,0.2%+0.5%,Aristopharma Ltd.,5 ml drop: ৳ 120.00,
19518,Combiplat,allopathic,combiplattablet75-mg75-mg,Tablet,Clopidogrel + Aspirin,75 mg+75 mg,Beacon Pharmaceuticals Ltd.,"Unit Price: ৳ 11.07,(30's pack: ৳ 332.10),",(30's pack: ৳ 332.10)
6116,Combipen,allopathic,combipeninjection3-lac-unit1-lac-unitvial,Injection,Procaine Penicillin + Benzyl Penicillin,(3 lac unit+1 lac unit)/vial,ACME Laboratories Ltd.,"4 lac unit vial: ৳ 17.19,(5's pack: ৳ 85.95),",(5's pack: ৳ 85.95)
26820,Combigan,allopathic,combiganophthalmic-solution0205,Ophthalmic Solution,Brimonidine Tartrate + Timolol Maleate,0.2%+0.5%,"Allergan, Inc.",5 ml drop: ৳ 712.00,
29620,Combiderm,allopathic,combidermcream005101,Cream,Betamethasone + Clotrimazole + Gentamicin,0.05%+1%+0.1%,Popular Pharmaceuticals Ltd.,15 gm tube: ৳ 75.00,
28622,Combicid,allopathic,combicidcream00507521,Cream,Clobetasol Propionate + Ofloxacin + Ornidazole + Terbinafine,0.05%+0.75%+2%+1%,Square Pharmaceuticals Ltd.,15 gm tube: ৳ 150.00,
827,Combicard,allopathic,combicardtablet5-mg50-mg,Tablet,Amlodipine Besilate + Atenolol,5 mg+50 mg,Healthcare Pharmaceuticals Ltd.,"Unit Price: ৳ 6.00,(30's pack: ৳ 180.00),",(30's pack: ৳ 180.00)
16111,Combat,allopathic,combatophthalmic-solution0205,Ophthalmic Solution,Brimonidine Tartrate + Timolol Maleate,0.2%+0.5%,General Pharmaceuticals Ltd.,5 ml drop: ৳ 120.00,
32247,Combair,allopathic,combairrespirator-solution25-mg500-mcgml,Respirator Solution,Salbutamol + Ipratropium (Solution for inhalation),(2.5 mg+500 mcg)/ml,ACI Limited,20 ml bottle: ৳ 226.38,
19491,Conpan,allopathic,conpantablet2-mg,Tablet,Clonazepam,2 mg,Navana Pharmaceuticals Ltd.,"Unit Price: ৳ 9.00,(30's pack: ৳ 270.00),",(30's pack: ৳ 270.00)
26907,Conpan,allopathic,conpantablet1-mg,Tablet,Clonazepam,1 mg,Navana Pharmaceuticals Ltd.,"Unit Price: ৳ 8.00,(50's pack: ৳ 400.00),",(50's pack: ৳ 400.00)
32374,Conloss,allopathic,conlossoral-solution335-gm5-ml,Oral Solution,Lactulose,3.35 gm/5 ml,Everest Pharmaceuticals Ltd.,,
2379,Conlax,allopathic,conlaxoral-solution335-gm5-ml,Oral Solution,Lactulose,3.35 gm/5 ml,UniMed UniHealth,100 ml bottle: ৳ 140.00,
27039,Conicol,allopathic,conicolophthalmic-solution05,Ophthalmic Solution,Chloramphenicol (Ophthalmic),0.50%,Opsonin Pharma Ltd.,10 ml drop: ৳ 34.40,
29482,Conicol,allopathic,conicolophthalmic-ointment1,Ophthalmic Ointment,Chloramphenicol (Ophthalmic),1%,Opsonin Pharma Ltd.,3 gm tube: ৳ 9.71,
16291,Congenil,allopathic,congenilnasal-drop0025,Nasal Drop,Oxymetazoline Hydrochloride (Nasal Preparation),0.03%,Navana Pharmaceuticals Ltd.,10 ml drop: ৳ 40.12,
16285,Congenil,allopathic,congenilnasal-drop005,Nasal Drop,Oxymetazoline Hydrochloride (Nasal Preparation),0.05%,Navana Pharmaceuticals Ltd.,10 ml drop: ৳ 45.13,
16270,Confree,allopathic,confreenasal-drop005,Nasal Drop,Oxymetazoline Hydrochloride (Nasal Preparation),0.05%,Asiatic Laboratories Ltd.,10 ml drop: ৳ 45.00,
16271,Confree,allopathic,confreenasal-drop0025,Nasal Drop,Oxymetazoline Hydrochloride (Nasal Preparation),0.03%,Asiatic Laboratories Ltd.,10 ml drop: ৳ 40.00,
5280,Condia,allopathic,condiatablet1-mg,Tablet,Glimepiride,1 mg,Jenphar Bangladesh Ltd.,"Unit Price: ৳ 4.50,(30's pack: ৳ 135.00),",(30's pack: ৳ 135.00)
5281,Condia,allopathic,condiatablet2-mg,Tablet,Glimepiride,2 mg,Jenphar Bangladesh Ltd.,"Unit Price: ৳ 8.00,(30's pack: ৳ 240.00),",(30's pack: ৳ 240.00)
5282,Condia,allopathic,condiatablet3-mg,Tablet,Glimepiride,3 mg,Jenphar Bangladesh Ltd.,"Unit Price: ৳ 10.00,(30's pack: ৳ 300.00),",(30's pack: ৳ 300.00)
2501,Concor,allopathic,concortablet10-mg,Tablet,Bisoprolol Hemifumarate,10 mg,Merck,"Unit Price: ৳ 26.00,(30's pack: ৳ 780.00),",(30's pack: ৳ 780.00)
2500,Conbis,allopathic,conbistablet5-mg,Tablet,Bisoprolol Hemifumarate,5 mg,Jenphar Bangladesh Ltd.,"Unit Price: ৳ 10.00,(30's pack: ৳ 300.00),",(30's pack: ৳ 300.00)
2499,Conbis,allopathic,conbistablet25-mg,Tablet,Bisoprolol Hemifumarate,2.5 mg,Jenphar Bangladesh Ltd.,"Unit Price: ৳ 6.00,(30's pack: ৳ 180.00),",(30's pack: ৳ 180.00)
9837,Conazole,allopathic,conazolecapsule50-mg,Capsule,Fluconazole,50 mg,Apollo Pharmaceutical Ltd.,"Unit Price: ৳ 8.00,(30's pack: ৳ 240.00),",(30's pack: ৳ 240.00)
28085,Conazol-T,allopathic,conazol-tcream101,Cream,Econazole Nitrate + Triamcinolone Acetonide,1%+0.1%,Ethical Drug Ltd.,10 gm tube: ৳ 40.00,
9835,Conaz,allopathic,conazcapsule50-mg,Capsule,Fluconazole,50 mg,Orion Pharma Ltd.,"Unit Price: ৳ 8.06,(20's pack: ৳ 161.20),",(20's pack: ৳ 161.20)
9836,Conaz,allopathic,conazcapsule150-mg,Capsule,Fluconazole,150 mg,Orion Pharma Ltd.,"Unit Price: ৳ 22.14,(12's pack: ৳ 265.68),",(12's pack: ৳ 265.68)
25109,Conatrim,allopathic,conatrimcream101,Cream,Econazole Nitrate + Triamcinolone Acetonide,1%+0.1%,Ad-din Pharmaceuticals Ltd.,10 gm tube: ৳ 34.00,
12450,Conasyd,allopathic,conasydcream1,Cream,Tioconazole,1%,Renata Limited,10 gm tube: ৳ 63.00,
2833,Conart,allopathic,conarttablet1-mg,Tablet,Bumetanide,1 mg,ACI Limited,"Unit Price: ৳ 5.02,(30's pack: ৳ 150.60),",(30's pack: ৳ 150.60)
9834,Con,allopathic,contablet50-mg,Tablet,Fluconazole,50 mg,Reliance Pharmaceuticals Ltd.,"Unit Price: ৳ 8.00,(30's pack: ৳ 240.00),",(30's pack: ৳ 240.00)
13770,Comvit-B,allopathic,comvit-bsyrup,Syrup,Vitamin B complex,,Mystic Pharmaceuticals Ltd.,"100 ml bottle: ৳ 20.70,200 ml bottle: ৳ 38.03",
5217,Comprid XR,allopathic,comprid-xrtablet-extended-release30-mg,Tablet (Extended Release),Gliclazide,30 mg,Square Pharmaceuticals Ltd.,"Unit Price: ৳ 6.04,(30's pack: ৳ 181.20),,Unit Price: ৳ 6.04,(50's pack: ৳ 302.00),","(30's pack: ৳ 181.20),(50's pack: ৳ 302.00)"
20701,Comprid XR,allopathic,comprid-xrtablet-extended-release60-mg,Tablet (Extended Release),Gliclazide,60 mg,Square Pharmaceuticals Ltd.,"Unit Price: ৳ 11.03,(30's pack: ৳ 330.90),",(30's pack: ৳ 330.90)
5216,Comprid,allopathic,compridtablet80-mg,Tablet,Gliclazide,80 mg,Square Pharmaceuticals Ltd.,"Unit Price: ৳ 7.02,(60's pack: ৳ 421.20),",(60's pack: ৳ 421.20)
13769,Complavit,allopathic,complavitsyrup,Syrup,Vitamin B complex,,GlaxoSmithKline,100 ml bottle: ৳ 20.92,
13125,Compiron,allopathic,compironsyrup50-mg5-ml,Syrup,Iron Polymaltose Complex,50 mg/5 ml,Incepta Pharmaceuticals Ltd.,"100 ml bottle: ৳ 50.00,200 ml bottle: ৳ 90.00",
31532,Acidron,allopathic,acidroniv-infusion4-mg5-ml,IV Infusion,Zoledronic Acid [For hypercalcemia],4 mg/5 ml,ACI Limited,"4 mg vial: ৳ 5,000.00",
32863,Copnat-N,allopathic,copnat-nointment005,Ointment,Clobetasol Propionate (Topical Preparation),0.05%,Renata Limited,15 gm tube: ৳ 70.00,
32862,Copnat-N,allopathic,copnat-ncream005,Cream,Clobetasol Propionate (Topical Preparation),0.05%,Renata Limited,15 gm tube: ৳ 70.00,
4143,Cophyl,allopathic,cophylsyrup30-mg100-mg125-mg5-ml,Syrup,Pseudoephedrine + Guaiphenasine + Triprolidine,(30 mg+100 mg+1.25 mg)/5 ml,Pharmadesh Laboratories Ltd.,100 ml bottle: ৳ 55.00,
4142,Cophilex,allopathic,cophilexsyrup30-mg100-mg125-mg5-ml,Syrup,Pseudoephedrine + Guaiphenasine + Triprolidine,(30 mg+100 mg+1.25 mg)/5 ml,Opsonin Pharma Ltd.,100 ml bottle: ৳ 55.00,
9771,Copeg,allopathic,copegcapsule200-mg,Capsule,Ribavirin,200 mg,Beacon Pharmaceuticals Ltd.,"Unit Price: ৳ 35.00,(20's pack: ৳ 700.00),",(20's pack: ৳ 700.00)
32502,Cope,allopathic,copetablet25-mg,Tablet,Clozapine,25 mg,Doctor TIMS Pharmaceuticals Ltd.,"Unit Price: ৳ 2.50,(50's pack: ৳ 125.00),",(50's pack: ৳ 125.00)
32503,Cope,allopathic,copetablet100-mg,Tablet,Clozapine,100 mg,Doctor TIMS Pharmaceuticals Ltd.,"Unit Price: ৳ 9.00,(30's pack: ৳ 270.00),",(30's pack: ৳ 270.00)
26874,Copadox,allopathic,copadoxtablet400-mg,Tablet,Doxophylline,400 mg,Somatec Pharmaceuticals Ltd.,"Unit Price: ৳ 10.00,(30's pack: ৳ 300.00),",(30's pack: ৳ 300.00)
14645,Conzi,allopathic,conzisyrup10-mg5-ml,Syrup,Zinc Sulfate Monohydrate,10 mg/5 ml,Concord Pharmaceuticals Ltd.,100 ml bottle: ৳ 35.11,
24629,Convules SR,allopathic,convules-srtablet-controlled-release300-mg,Tablet (Controlled Release),Sodium Valproate,300 mg,Opsonin Pharma Ltd.,"Unit Price: ৳ 6.04,(30's pack: ৳ 181.20),",(30's pack: ৳ 181.20)
24630,Convules SR,allopathic,convules-srtablet-controlled-release500-mg,Tablet (Controlled Release),Sodium Valproate,500 mg,Opsonin Pharma Ltd.,"Unit Price: ৳ 10.07,(20's pack: ৳ 201.40),",(20's pack: ৳ 201.40)
24628,Convules SR,allopathic,convules-srtablet-controlled-release200-mg,Tablet (Controlled Release),Sodium Valproate,200 mg,Opsonin Pharma Ltd.,"Unit Price: ৳ 4.02,(50's pack: ৳ 201.00),",(50's pack: ৳ 201.00)
5063,Convules,allopathic,convulessyrup200-mg5-ml,Syrup,Sodium Valproate,200 mg/5 ml,Opsonin Pharma Ltd.,100 ml bottle: ৳ 75.28,
14716,Convit Z,allopathic,convit-zsyrup,Syrup,Vitamin B Complex + Zinc,,Concord Pharmaceuticals Ltd.,"100 ml bottle: ৳ 50.00,200 ml bottle: ৳ 85.00",
13883,Convit B,allopathic,convit-bsyrup,Syrup,Vitamin B complex,,Concord Pharmaceuticals Ltd.,200 ml bottle: ৳ 62.19,
22986,Contova DS,allopathic,contova-dsophthalmic-solution02,Ophthalmic Solution,Olopatadine Hydrochloride (Ophthalmic),0.20%,ACI Limited,5 ml drop: ৳ 150.00,
15979,Contova,allopathic,contovaophthalmic-solution01,Ophthalmic Solution,Olopatadine Hydrochloride (Ophthalmic),0.10%,ACI Limited,5 ml drop: ৳ 107.00,
3653,Contine,allopathic,continesyrup120-mg5-ml,Syrup,Theophylline,120 mg/5 ml,Aristopharma Ltd.,100 ml bottle: ৳ 31.00,
3651,Contine,allopathic,continetablet-controlled-release200-mg,Tablet (Controlled Release),Theophylline,200 mg,Aristopharma Ltd.,"Unit Price: ৳ 1.60,(100's pack: ৳ 160.00),",(100's pack: ৳ 160.00)
3652,Contine,allopathic,continetablet-controlled-release300-mg,Tablet (Controlled Release),Theophylline,300 mg,Aristopharma Ltd.,"Unit Price: ৳ 2.35,(100's pack: ৳ 235.00),",(100's pack: ৳ 235.00)
3675,Contine,allopathic,continetablet-controlled-release400-mg,Tablet (Controlled Release),Theophylline,400 mg,Aristopharma Ltd.,"Unit Price: ৳ 2.98,(100's pack: ৳ 298.00),",(100's pack: ৳ 298.00)
30945,Contilos,allopathic,contilosoral-solution335-gm5-ml,Oral Solution,Lactulose,3.35 gm/5 ml,Goodman Pharmaceuticals Ltd.,100 ml bottle: ৳ 130.00,
31186,Contilex TS,allopathic,contilex-tstablet750-mg600-mg,Tablet,Glucosamine Sulfate + Chondroitin,750 mg+600 mg,Square Pharmaceuticals Ltd.,"Unit Price: ৳ 16.00,(20's pack: ৳ 320.00),",(20's pack: ৳ 320.00)
14977,Contilex,allopathic,contilextablet250-mg200-mg,Tablet,Glucosamine Sulfate + Chondroitin,250 mg+200 mg,Square Pharmaceuticals Ltd.,"Unit Price: ৳ 8.06,(30's pack: ৳ 241.80),",(30's pack: ৳ 241.80)
5219,Consucon MR,allopathic,consucon-mrtablet-modified-release30-mg,Tablet (Modified Release),Gliclazide,30 mg,Incepta Pharmaceuticals Ltd.,"Unit Price: ৳ 6.00,(50's pack: ৳ 300.00),",(50's pack: ৳ 300.00)
20677,Consucon MR,allopathic,consucon-mrtablet-modified-release60-mg,Tablet (Modified Release),Gliclazide,60 mg,Incepta Pharmaceuticals Ltd.,"Unit Price: ৳ 11.00,(30's pack: ৳ 330.00),",(30's pack: ৳ 330.00)
5218,Consucon,allopathic,consucontablet80-mg,Tablet,Gliclazide,80 mg,Incepta Pharmaceuticals Ltd.,"Unit Price: ৳ 7.00,(50's pack: ৳ 350.00),",(50's pack: ৳ 350.00)
16001,Conrif DS,allopathic,conrif-dsophthalmic-solution02,Ophthalmic Solution,Olopatadine Hydrochloride (Ophthalmic),0.20%,Globe Pharmaceuticals Ltd.,5 ml drop: ৳ 150.00,
15996,Conrif,allopathic,conrifophthalmic-solution01,Ophthalmic Solution,Olopatadine Hydrochloride (Ophthalmic),0.10%,Globe Pharmaceuticals Ltd.,5 ml drop: ৳ 100.00,
19490,Conpan,allopathic,conpantablet05-mg,Tablet,Clonazepam,0.5 mg,Navana Pharmaceuticals Ltd.,"Unit Price: ৳ 5.80,(50's pack: ৳ 290.00),",(50's pack: ৳ 290.00)
15754,Acicot,allopathic,acicotophthalmic-solution01,Ophthalmic Solution,Dexamethasone (Ophthalmic),0.10%,ACI Limited,5 ml drop: ৳ 65.00,
3124,Corangi,allopathic,corangitablet10-mg,Tablet,Nicorandil,10 mg,UniMed UniHealth,"Unit Price: ৳ 6.00,(30's pack: ৳ 180.00),",(30's pack: ৳ 180.00)
27905,Coralvit-D,allopathic,coralvit-dtablet500-mg200-iu,Tablet,Calcium Carbonate [Coral source] + Vitamin D3,500 mg+200 IU,The White Horse Pharma,"Unit Price: ৳ 10.00,(30's pack: ৳ 300.00),",(30's pack: ৳ 300.00)
26593,CoralTab-DX,allopathic,coraltab-dxtablet600-mg400-iu,Tablet,Calcium Carbonate [Coral source] + Vitamin D3,600 mg+400 IU,Ibn Sina Pharmaceuticals Ltd.,"Unit Price: ৳ 10.00,(30's pack: ৳ 300.00),",(30's pack: ৳ 300.00)
26592,CoralTab,allopathic,coraltabtablet500-mg200-iu,Tablet,Calcium Carbonate [Coral source] + Vitamin D3,500 mg+200 IU,Ibn Sina Pharmaceuticals Ltd.,"Unit Price: ৳ 8.00,(50's pack: ৳ 400.00),",(50's pack: ৳ 400.00)
29208,CoralMax-DX,allopathic,coralmax-dxtablet600-mg400-iu,Tablet,Calcium Carbonate [Coral source] + Vitamin D3,600 mg+400 IU,Orion Pharma Ltd.,"Unit Price: ৳ 15.00,(30's pack: ৳ 450.00),",(30's pack: ৳ 450.00)
29207,CoralMax-D,allopathic,coralmax-dtablet500-mg200-iu,Tablet,Calcium Carbonate [Coral source] + Vitamin D3,500 mg+200 IU,Orion Pharma Ltd.,"Unit Price: ৳ 10.00,(30's pack: ৳ 300.00),",(30's pack: ৳ 300.00)
29251,Coralium-D,allopathic,coralium-dtablet500-mg200-iu,Tablet,Calcium Carbonate [Coral source] + Vitamin D3,500 mg+200 IU,Al-Madina Pharmaceuticals Ltd.,"Unit Price: ৳ 10.00,(15's pack: ৳ 150.00),,Unit Price: ৳ 10.00,(30's pack: ৳ 300.00),","(15's pack: ৳ 150.00),(30's pack: ৳ 300.00)"
27170,Coralgen D,allopathic,coralgen-dtablet500-mg200-iu,Tablet,Calcium Carbonate [Coral source] + Vitamin D3,500 mg+200 IU,Apex Pharmaceuticals Ltd.,"Unit Price: ৳ 10.00,(30's pack: ৳ 300.00),",(30's pack: ৳ 300.00)
26494,Coralex DX,allopathic,coralex-dxtablet600-mg400-iu,Tablet,Calcium Carbonate [Coral source] + Vitamin D3,600 mg+400 IU,ACME Laboratories Ltd.,"Unit Price: ৳ 15.00,(30's pack: ৳ 450.00),",(30's pack: ৳ 450.00)
26493,Coralex,allopathic,coralextablet500-mg200-iu,Tablet,Calcium Carbonate [Coral source] + Vitamin D3,500 mg+200 IU,ACME Laboratories Ltd.,"Unit Price: ৳ 10.00,(60's pack: ৳ 600.00),",(60's pack: ৳ 600.00)
29849,Coralcin-DX,allopathic,coralcin-dxtablet600-mg400-iu,Tablet,Calcium Carbonate [Coral source] + Vitamin D3,600 mg+400 IU,Renata Limited,"Unit Price: ৳ 15.00,(15's pack: ৳ 225.00),,Unit Price: ৳ 15.00,(30's pack: ৳ 450.00),","(15's pack: ৳ 225.00),(30's pack: ৳ 450.00)"
29295,Coralcin-D,allopathic,coralcin-dtablet500-mg200-iu,Tablet,Calcium Carbonate [Coral source] + Vitamin D3,500 mg+200 IU,Renata Limited,"Unit Price: ৳ 10.00,(60's pack: ৳ 600.00),",(60's pack: ৳ 600.00)
30951,Coralcal-Kit,allopathic,coralcal-kittablet150-mg600-mg400-iu,Tablet,Ibandronic Acid + Calcium Carbonate + Vitamin D3,150 mg+600 mg+400 IU,Radiant Pharmaceuticals Ltd.,"(1 & 30) tablet kit: ৳ 2,950.00",
18451,CoralCal-DX,allopathic,coralcal-dxtablet600-mg400-iu,Tablet,Calcium Carbonate [Elemental source] + Vitamin D3,600 mg+400 IU,Radiant Pharmaceuticals Ltd.,"Unit Price: ৳ 15.05,(40's pack: ৳ 602.00),",(40's pack: ৳ 602.00)
14438,CoralCal-D,allopathic,coralcal-dtablet500-mg200-iu,Tablet,Calcium Carbonate [Coral source] + Vitamin D3,500 mg+200 IU,Radiant Pharmaceuticals Ltd.,"Unit Price: ৳ 11.00,(60's pack: ৳ 660.00),",(60's pack: ৳ 660.00)
27464,Coralben D,allopathic,coralben-dtablet500-mg200-iu,Tablet,Calcium Carbonate [Coral source] + Vitamin D3,500 mg+200 IU,Benham Pharmaceuticals Ltd.,"Unit Price: ৳ 10.00,(30's pack: ৳ 300.00),",(30's pack: ৳ 300.00)
26993,Coral CD,allopathic,coral-cdtablet500-mg200-iu,Tablet,Calcium Carbonate [Coral source] + Vitamin D3,500 mg+200 IU,Rangs Pharmaceuticals Ltd.,"Unit Price: ৳ 10.00,(40's pack: ৳ 400.00),",(40's pack: ৳ 400.00)
26709,Corabon-DX,allopathic,corabon-dxtablet600-mg400-iu,Tablet,Calcium Carbonate [Coral source] + Vitamin D3,600 mg+400 IU,Nuvista Pharma Ltd.,"Unit Price: ৳ 15.00,(30's pack: ৳ 450.00),",(30's pack: ৳ 450.00)
14488,Corabon-D,allopathic,corabon-dtablet500-mg200-iu,Tablet,Calcium Carbonate [Coral source] + Vitamin D3,500 mg+200 IU,Nuvista Pharma Ltd.,"Unit Price: ৳ 10.03,(50's pack: ৳ 501.50),",(50's pack: ৳ 501.50)
1274,Corabid,allopathic,corabidtablet5-mg,Tablet,Ivabradine,5 mg,UniMed UniHealth,"Unit Price: ৳ 35.00,(14's pack: ৳ 490.00),",(14's pack: ৳ 490.00)
1275,Corabid,allopathic,corabidtablet75-mg,Tablet,Ivabradine,7.5 mg,UniMed UniHealth,"Unit Price: ৳ 50.00,(14's pack: ৳ 700.00),",(14's pack: ৳ 700.00)
27543,Cora-DX Vita,allopathic,cora-dx-vitaeffervescent-tablet1358196-mg600-mg400-iu,Effervescent Tablet,Calcium Lactate Gluconate + Calcium Carbonate + Vitamin D3,1358.196 mg+600 mg+400 IU,ACI Limited,"Unit Price: ৳ 17.00,(14's pack: ৳ 238.00),",(14's pack: ৳ 238.00)
18439,Cora-DX,allopathic,cora-dxtablet600-mg400-iu,Tablet,Calcium Carbonate [Coral source] + Vitamin D3,600 mg+400 IU,ACI Limited,"Unit Price: ৳ 15.00,(30's pack: ৳ 450.00),",(30's pack: ৳ 450.00)
26345,Cora-D,allopathic,cora-dtablet500-mg200-iu,Tablet,Calcium Carbonate [Coral source] + Vitamin D3,500 mg+200 IU,ACI Limited,"Unit Price: ৳ 10.50,(50's pack: ৳ 525.00),",(50's pack: ৳ 525.00)
32468,Cora-C,allopathic,cora-ceffervescent-tablet1000327-mg500-mg400-iu,Effervescent Tablet,Calcium Lactate Gluconate + Coral Calcium + Vitamin C + Vitamin D3,1000+327 mg+500 mg+400 I.U.,ACI Limited,"Unit Price: ৳ 12.00,(14's pack: ৳ 168.00),",(14's pack: ৳ 168.00)
32371,Cora Kit,allopathic,cora-kittablet150-mg600-mg400-iu,Tablet,Ibandronic Acid + Calcium Carbonate + Vitamin D3,150 mg+600 mg+400 IU,ACI Limited,"(1 & 60) tablet kit: ৳ 2,200.00",
4010,Coprin,allopathic,coprinsyrup10-mg30-mg125-mg5-ml,Syrup,Dextromethorphan + Pseudoephedrine + Triprolidine,(10 mg+30 mg+1.25 mg)/5 ml,Doctor’s Chemical Works Ltd.,100 ml bottle: ৳ 55.00,
32177,Coport M,allopathic,coport-mtablet5-mg500-mg,Tablet,Empagliflozin + Metformin Hydrochloride,5 mg+500 mg,ACI Limited,"Unit Price: ৳ 20.00,(30's pack: ৳ 600.00),",(30's pack: ৳ 600.00)
31384,Coport,allopathic,coporttablet10-mg,Tablet,Empagliflozin,10 mg,ACI Limited,"Unit Price: ৳ 25.00,(30's pack: ৳ 750.00),",(30's pack: ৳ 750.00)
31385,Coport,allopathic,coporttablet25-mg,Tablet,Empagliflozin,25 mg,ACI Limited,"Unit Price: ৳ 40.00,(30's pack: ৳ 1,200.00),","(30's pack: ৳ 1,200.00)"
232,Aciclon,allopathic,aciclonophthalmic-ointment3,Ophthalmic Ointment,Acyclovir (Ophthalmic),3%,Reman Drug Laboratories Ltd.,"3 gm tube: ৳ 60.00,5 gm tube: ৳ 100.00",
26710,Cortiflo,allopathic,cortiflotablet6-mg,Tablet,Deflazacort,6 mg,Nuvista Pharma Ltd.,"Unit Price: ৳ 10.00,(30's pack: ৳ 300.00),",(30's pack: ৳ 300.00)
12655,Cortider,allopathic,cortidercream1,Cream,Hydrocortisone Acetate,1%,Eskayef Pharmaceuticals Ltd.,10 gm tube: ৳ 35.00,
5781,Cortef,allopathic,cortefimiv-injection100-mg2-ml,IM/IV Injection,Hydrocortisone,100 mg/2 ml,Aristopharma Ltd.,100 mg vial: ৳ 50.00,
5796,Cortan,allopathic,cortantablet20-mg,Tablet,Prednisolone,20 mg,Incepta Pharmaceuticals Ltd.,"Unit Price: ৳ 6.27,(50's pack: ৳ 313.50),",(50's pack: ৳ 313.50)
5795,Cortan,allopathic,cortantablet10-mg,Tablet,Prednisolone,10 mg,Incepta Pharmaceuticals Ltd.,"Unit Price: ৳ 3.23,(100's pack: ৳ 323.00),",(100's pack: ৳ 323.00)
5797,Cortan,allopathic,cortanoral-solution5-mg5-ml,Oral Solution,Prednisolone,5 mg/5 ml,Incepta Pharmaceuticals Ltd.,"50 ml bottle: ৳ 65.00,100 ml bottle: ৳ 95.00",
15912,Cortan,allopathic,cortanophthalmic-suspension1,Ophthalmic Suspension,Prednisolone Acetate,1%,Incepta Pharmaceuticals Ltd.,5 ml drop: ৳ 100.00,
5794,Cortan,allopathic,cortantablet5-mg,Tablet,Prednisolone,5 mg,Incepta Pharmaceuticals Ltd.,"Unit Price: ৳ 1.72,(200's pack: ৳ 344.00),",(200's pack: ৳ 344.00)
22289,Cortan,allopathic,cortantablet2-mg,Tablet,Prednisolone,2 mg,Incepta Pharmaceuticals Ltd.,"Unit Price: ৳ 0.80,(50's pack: ৳ 40.00),",(50's pack: ৳ 40.00)
5790,Cortaid,allopathic,cortaidimiv-injection100-mg2-ml,IM/IV Injection,Hydrocortisone,100 mg/2 ml,Novo Healthcare and Pharma Ltd.,100 mg vial: ৳ 50.00,
32288,Corsil-D,allopathic,corsil-dtablet500-mg200-iu,Tablet,Calcium Carbonate [Coral source] + Vitamin D3,500 mg+200 IU,DBL Pharmaceuticals Ltd.,"Unit Price: ৳ 11.00,(30's pack: ৳ 330.00),",(30's pack: ৳ 330.00)
32899,Corovas,allopathic,corovastablet5-mg,Tablet,Rosuvastatin,5 mg,Biopharma Laboratories Ltd.,"Unit Price: ৳ 10.00,(30's pack: ৳ 300.00),",(30's pack: ৳ 300.00)
32901,Corovas,allopathic,corovastablet20-mg,Tablet,Rosuvastatin,20 mg,Biopharma Laboratories Ltd.,"Unit Price: ৳ 30.00,(20's pack: ৳ 600.00),",(20's pack: ৳ 600.00)
32900,Corovas,allopathic,corovastablet10-mg,Tablet,Rosuvastatin,10 mg,Biopharma Laboratories Ltd.,"Unit Price: ৳ 20.00,(30's pack: ৳ 600.00),",(30's pack: ৳ 600.00)
30931,Coroquin,allopathic,coroquintablet200-mg,Tablet,Hydroxychloroquine Sulphate,200 mg,Biopharma Laboratories Ltd.,"Unit Price: ৳ 12.00,(30's pack: ৳ 360.00),",(30's pack: ৳ 360.00)
30930,Corofree,allopathic,corofreetablet200-mg,Tablet,Hydroxychloroquine Sulphate,200 mg,Aristopharma Ltd.,"Unit Price: ৳ 15.00,(30's pack: ৳ 450.00),",(30's pack: ৳ 450.00)
32678,Corlift,allopathic,corlifttablet10-mg,Tablet,Vericiguat,10 mg,Ziska Pharmaceuticals Ltd.,"Unit Price: ৳ 100.00,(10's pack: ৳ 1,000.00),","(10's pack: ৳ 1,000.00)"
32677,Corlift,allopathic,corlifttablet5-mg,Tablet,Vericiguat,5 mg,Ziska Pharmaceuticals Ltd.,"Unit Price: ৳ 80.00,(20's pack: ৳ 1,600.00),","(20's pack: ৳ 1,600.00)"
32676,Corlift,allopathic,corlifttablet25-mg,Tablet,Vericiguat,2.5 mg,Ziska Pharmaceuticals Ltd.,"Unit Price: ৳ 40.00,(30's pack: ৳ 1,200.00),","(30's pack: ৳ 1,200.00)"
3385,Corestin,allopathic,corestintablet10-mg,Tablet,Rosuvastatin,10 mg,UniMed UniHealth,"Unit Price: ৳ 25.00,(30's pack: ৳ 750.00),",(30's pack: ৳ 750.00)
3384,Corestin,allopathic,corestintablet5-mg,Tablet,Rosuvastatin,5 mg,UniMed UniHealth,"Unit Price: ৳ 12.50,(28's pack: ৳ 350.00),,Unit Price: ৳ 12.50,(30's pack: ৳ 375.00),","(28's pack: ৳ 350.00),(30's pack: ৳ 375.00)"
24365,Corestin,allopathic,corestintablet20-mg,Tablet,Rosuvastatin,20 mg,UniMed UniHealth,"Unit Price: ৳ 50.00,(10's pack: ৳ 500.00),",(10's pack: ৳ 500.00)
24570,Cordema,allopathic,cordemaophthalmic-solution5,Ophthalmic Solution,Sodium Chloride (Ophthalmic Solution),5%,Globe Pharmaceuticals Ltd.,10 ml drop: ৳ 70.00,
32434,Cordef,allopathic,cordeftablet24-mg,Tablet,Deflazacort,24 mg,Ibn Sina Pharmaceuticals Ltd.,"Unit Price: ৳ 30.00,(20's pack: ৳ 600.00),",(20's pack: ৳ 600.00)
32207,Cordef,allopathic,cordeftablet6-mg,Tablet,Deflazacort,6 mg,Ibn Sina Pharmaceuticals Ltd.,"Unit Price: ৳ 8.00,(50's pack: ৳ 400.00),",(50's pack: ৳ 400.00)
30551,Cordarone,allopathic,cordaronetablet100-mg,Tablet,Amiodarone Hydrochloride,100 mg,Synovia pharma plc,"Unit Price: ৳ 10.10,(30's pack: ৳ 303.00),",(30's pack: ৳ 303.00)
30552,Cordarone,allopathic,cordaronetablet200-mg,Tablet,Amiodarone Hydrochloride,200 mg,Synovia pharma plc,"Unit Price: ৳ 18.07,(30's pack: ৳ 542.10),",(30's pack: ৳ 542.10)
31740,Corcal D,allopathic,corcal-dtablet500-mg200-iu,Tablet,Calcium Carbonate [Coral source] + Vitamin D3,500 mg+200 IU,Opso Saline Ltd.,"Unit Price: ৳ 10.00,(30's pack: ৳ 300.00),",(30's pack: ৳ 300.00)
9421,Corbic,allopathic,corbictablet500-mg,Tablet,Levofloxacin Hemihydrate,500 mg,Novo Healthcare and Pharma Ltd.,"Unit Price: ৳ 15.00,(10's pack: ৳ 150.00),",(10's pack: ৳ 150.00)
28776,Corasis-D,allopathic,corasis-dtablet500-mg200-iu,Tablet,Calcium Carbonate [Coral source] + Vitamin D3,500 mg+200 IU,Team Pharmaceuticals Ltd.,"Unit Price: ৳ 10.00,(30's pack: ৳ 300.00),",(30's pack: ৳ 300.00)
26323,Acical-MX,allopathic,acical-mxeffervescent-tablet,Effervescent Tablet,Calcium Carbonate + Vitamin D3 + Multimineral,,ACI Limited,"Unit Price: ৳ 20.00,(10's pack: ৳ 200.00),",(10's pack: ৳ 200.00)
10963,Cosfenac SR,allopathic,cosfenac-srcapsule-sustained-release100-mg,Capsule (Sustained Release),Diclofenac Sodium,100 mg,Cosmo Pharma Ltd.,"Unit Price: ৳ 3.00,(50's pack: ৳ 150.00),",(50's pack: ৳ 150.00)
26678,Cosentyx,allopathic,cosentyxinjection150-mgml,Injection,Secukinumab,150 mg/ml,Novartis (Bangladesh) Ltd.,"150 mg pre-filled pen: ৳ 63,001.64",
29896,Cosec-MUPS,allopathic,cosec-mupsmups-tablet20-mg,MUPS Tablet,Omeprazole (MUPS tablet),20 mg,Drug International Ltd.,"Unit Price: ৳ 7.00,(28's pack: ৳ 196.00),",(28's pack: ৳ 196.00)
1809,Cosec,allopathic,coseciv-injection40-mgvial,IV Injection,Omeprazole,40 mg/vial,Drug International Ltd.,40 mg vial: ৳ 90.30,
1808,Cosec,allopathic,coseccapsule-delayed-release40-mg,Capsule (Delayed Release),Omeprazole,40 mg,Drug International Ltd.,"Unit Price: ৳ 8.00,(40's pack: ৳ 320.00),",(40's pack: ৳ 320.00)
1807,Cosec,allopathic,coseccapsule-delayed-release20-mg,Capsule (Delayed Release),Omeprazole,20 mg,Drug International Ltd.,"Unit Price: ৳ 5.00,(60's pack: ৳ 300.00),",(60's pack: ৳ 300.00)
8335,Cosdox,allopathic,cosdoxcapsule100-mg,Capsule,Doxycycline Hydrochloride,100 mg,Cosmo Pharma Ltd.,"Unit Price: ৳ 2.00,(100's pack: ৳ 200.00),",(100's pack: ৳ 200.00)
6187,Cosclox,allopathic,coscloxcapsule500-mg,Capsule,Cloxacillin Sodium,500 mg,Cosmo Pharma Ltd.,"Unit Price: ৳ 5.46,(40's pack: ৳ 218.40),",(40's pack: ৳ 218.40)
6854,Coscef,allopathic,coscefcapsule500-mg,Capsule,Cephradine,500 mg,Cosmo Pharma Ltd.,"Unit Price: ৳ 12.00,(20's pack: ৳ 240.00),",(20's pack: ৳ 240.00)
6855,Coscef,allopathic,coscefpowder-for-suspension125-mg5-ml,Powder for Suspension,Cephradine,125 mg/5 ml,Cosmo Pharma Ltd.,100 ml bottle: ৳ 80.00,
306,Cosben,allopathic,cosbenchewable-tablet400-mg,Chewable Tablet,Albendazole,400 mg,Cosmo Pharma Ltd.,"Unit Price: ৳ 3.00,(50's pack: ৳ 150.00),",(50's pack: ৳ 150.00)
29932,Cosat-DS,allopathic,cosat-dstablet800-mg160-mg,Tablet,Sulphamethoxazole + Trimethoprim,800 mg+160 mg,Eskayef Pharmaceuticals Ltd.,"Unit Price: ৳ 2.55,(100's pack: ৳ 255.00),",(100's pack: ৳ 255.00)
29933,Cosat,allopathic,cosatoral-suspension200-mg40-mg5-ml,Oral Suspension,Sulphamethoxazole + Trimethoprim,(200 mg+40 mg)/5 ml,Eskayef Pharmaceuticals Ltd.,60 ml bottle: ৳ 22.07,
15004,Cosarin,allopathic,cosarintablet750-mg50-mg,Tablet,Glucosamine Sulfate + Diacerein,750 mg+50 mg,Opsonin Pharma Ltd.,"Unit Price: ৳ 12.03,(30's pack: ৳ 360.90),",(30's pack: ৳ 360.90)
27545,Corzil,allopathic,corziltablet40-mg,Tablet,Azilsartan Medoxomil,40 mg,ACI Limited,"Unit Price: ৳ 12.00,(30's pack: ৳ 360.00),",(30's pack: ৳ 360.00)
27546,Corzil,allopathic,corziltablet80-mg,Tablet,Azilsartan Medoxomil,80 mg,ACI Limited,"Unit Price: ৳ 22.00,(30's pack: ৳ 660.00),",(30's pack: ৳ 660.00)
24334,Corvastin,allopathic,corvastintablet20-mg,Tablet,Rosuvastatin,20 mg,Centeon Pharma Ltd.,"Unit Price: ৳ 30.00,(20's pack: ৳ 600.00),",(20's pack: ৳ 600.00)
24333,Corvastin,allopathic,corvastintablet10-mg,Tablet,Rosuvastatin,10 mg,Centeon Pharma Ltd.,"Unit Price: ৳ 20.00,(30's pack: ৳ 600.00),",(30's pack: ৳ 600.00)
28086,Cortucin-N,allopathic,cortucin-ncream0105,Cream,Betamethasone + Neomycin Sulphate (Topical),0.1%+0.5%,Ethical Drug Ltd.,5 gm tube: ৳ 18.50,
22267,Cortisol,allopathic,cortisolophthalmic-suspension1,Ophthalmic Suspension,Prednisolone Acetate,1%,Aristopharma Ltd.,5 ml drop: ৳ 100.00,
5798,Cortisol,allopathic,cortisoltablet5-mg,Tablet,Prednisolone,5 mg,Aristopharma Ltd.,"Unit Price: ৳ 1.70,(200's pack: ৳ 340.00),",(200's pack: ৳ 340.00)
5799,Cortisol,allopathic,cortisoltablet10-mg,Tablet,Prednisolone,10 mg,Aristopharma Ltd.,"Unit Price: ৳ 3.20,(100's pack: ৳ 320.00),",(100's pack: ৳ 320.00)
5800,Cortisol,allopathic,cortisoltablet20-mg,Tablet,Prednisolone,20 mg,Aristopharma Ltd.,"Unit Price: ৳ 6.25,(50's pack: ৳ 312.50),",(50's pack: ৳ 312.50)
5801,Cortisol,allopathic,cortisoloral-solution5-mg5-ml,Oral Solution,Prednisolone,5 mg/5 ml,Aristopharma Ltd.,50 ml bottle: ৳ 65.00,
5782,Cortinex,allopathic,cortineximiv-injection100-mg2-ml,IM/IV Injection,Hydrocortisone,100 mg/2 ml,Ziska Pharmaceuticals Ltd.,100 mg vial: ৳ 50.00,
12656,Cortimet,allopathic,cortimetcream1,Cream,Hydrocortisone Acetate,1%,Medimet Pharmaceuticals Ltd.,10 gm tube: ৳ 28.00,
19693,Cortimax,allopathic,cortimaxtablet6-mg,Tablet,Deflazacort,6 mg,ACME Laboratories Ltd.,"Unit Price: ৳ 8.00,(30's pack: ৳ 240.00),",(30's pack: ৳ 240.00)
26495,Cortimax,allopathic,cortimaxtablet24-mg,Tablet,Deflazacort,24 mg,ACME Laboratories Ltd.,"Unit Price: ৳ 30.00,(20's pack: ৳ 600.00),",(20's pack: ৳ 600.00)
32262,Cortimax,allopathic,cortimaxoral-suspension6-mg5-ml,Oral Suspension,Deflazacort,6 mg/5 ml,ACME Laboratories Ltd.,60 ml bottle: ৳ 200.00,
32263,Cortiflo,allopathic,cortiflotablet24-mg,Tablet,Deflazacort,24 mg,Nuvista Pharma Ltd.,"Unit Price: ৳ 30.00,(30's pack: ৳ 900.00),",(30's pack: ৳ 900.00)
32195,Acical-M,allopathic,acical-mtablet,Tablet,Calcium Carbonate + Vitamin D3 + Multimineral,,ACI Limited,"Unit Price: ৳ 7.00,(30's pack: ৳ 210.00),",(30's pack: ৳ 210.00)
5784,Cotson,allopathic,cotsonimiv-injection100-mg2-ml,IM/IV Injection,Hydrocortisone,100 mg/2 ml,Opsonin Pharma Ltd.,100 mg vial: ৳ 50.35,
5783,Cotson,allopathic,cotsontablet10-mg,Tablet,Hydrocortisone,10 mg,Opsonin Pharma Ltd.,"Unit Price: ৳ 2.51,(100's pack: ৳ 251.00),",(100's pack: ৳ 251.00)
9009,Cots,allopathic,cotsoral-suspension200-mg40-mg5-ml,Oral Suspension,Sulphamethoxazole + Trimethoprim,(200 mg+40 mg)/5 ml,Opsonin Pharma Ltd.,60 ml bottle: ৳ 22.14,
9074,Cotrimox DS,allopathic,cotrimox-dstablet800-mg160-mg,Tablet,Sulphamethoxazole + Trimethoprim,800 mg+160 mg,Indo Bangla Pharmaceutical,"Unit Price: ৳ 2.00,(100's pack: ৳ 200.00),",(100's pack: ৳ 200.00)
9073,Cotrimox,allopathic,cotrimoxtablet400-mg80-mg,Tablet,Sulphamethoxazole + Trimethoprim,400 mg+80 mg,Indo Bangla Pharmaceutical,"Unit Price: ৳ 1.35,(100's pack: ৳ 135.00),",(100's pack: ৳ 135.00)
9072,Cotrimox,allopathic,cotrimoxoral-suspension200-mg40-mg5-ml,Oral Suspension,Sulphamethoxazole + Trimethoprim,(200 mg+40 mg)/5 ml,Indo Bangla Pharmaceutical,60 ml bottle: ৳ 21.00,
9006,Cotrim DS,allopathic,cotrim-dstablet800-mg160-mg,Tablet,Sulphamethoxazole + Trimethoprim,800 mg+160 mg,Square Pharmaceuticals Ltd.,"Unit Price: ৳ 2.04,(100's pack: ৳ 204.00),",(100's pack: ৳ 204.00)
9005,Cotrim,allopathic,cotrimtablet400-mg80-mg,Tablet,Sulphamethoxazole + Trimethoprim,400 mg+80 mg,Square Pharmaceuticals Ltd.,"Unit Price: ৳ 1.49,(100's pack: ৳ 149.00),",(100's pack: ৳ 149.00)
9007,Cotrim,allopathic,cotrimoral-suspension200-mg40-mg5-ml,Oral Suspension,Sulphamethoxazole + Trimethoprim,(200 mg+40 mg)/5 ml,Square Pharmaceuticals Ltd.,60 ml bottle: ৳ 21.64,
9003,Cotrazen DS,allopathic,cotrazen-dstablet800-mg160-mg,Tablet,Sulphamethoxazole + Trimethoprim,800 mg+160 mg,Zenith Pharmaceuticals Ltd.,"Unit Price: ৳ 2.02,(100's pack: ৳ 202.00),",(100's pack: ৳ 202.00)
9004,Cotrazen,allopathic,cotrazenoral-suspension200-mg40-mg5-ml,Oral Suspension,Sulphamethoxazole + Trimethoprim,(200 mg+40 mg)/5 ml,Zenith Pharmaceuticals Ltd.,60 ml bottle: ৳ 21.36,
9002,Cotrazen,allopathic,cotrazentablet400-mg80-mg,Tablet,Sulphamethoxazole + Trimethoprim,400 mg+80 mg,Zenith Pharmaceuticals Ltd.,"Unit Price: ৳ 1.40,(100's pack: ৳ 140.00),",(100's pack: ৳ 140.00)
15845,Cotadex,allopathic,cotadexophthalmic-solution0103,Ophthalmic Solution,Dexamethasone + Tobramycin,0.1%+0.3%,Monicopharma Ltd.,5 ml drop: ৳ 150.00,
1523,Cosy,allopathic,cosyoral-suspension5-mg5-ml,Oral Suspension,Domperidone Maleate,5 mg/5 ml,Orion Pharma Ltd.,"60 ml bottle: ৳ 28.19,100 ml bottle: ৳ 38.26",
1522,Cosy,allopathic,cosytablet10-mg,Tablet,Domperidone Maleate,10 mg,Orion Pharma Ltd.,"Unit Price: ৳ 2.50,(100's pack: ৳ 250.00),",(100's pack: ৳ 250.00)
13228,Cosvit TR,allopathic,cosvit-trcapsule-timed-release,Capsule (Timed Release),Iron + Folic acid + Vitamin B complex + Vitamin C,,Cosmo Pharma Ltd.,"Unit Price: ৳ 3.00,(50's pack: ৳ 150.00),",(50's pack: ৳ 150.00)
14300,Costin,allopathic,costintablet500-mg,Tablet,Calcium Carbonate,500 mg,General Pharmaceuticals Ltd.,"Unit Price: ৳ 3.01,(100's pack: ৳ 301.00),",(100's pack: ৳ 301.00)
26711,Costa-B,allopathic,costa-btablet100-mg200-mg200-mcg,Tablet,"Vitamin B1, B6 & B12",100 mg+200 mg+200 mcg,Nuvista Pharma Ltd.,"Unit Price: ৳ 8.00,(50's pack: ৳ 400.00),",(50's pack: ৳ 400.00)
2141,Cospra,allopathic,cospratablet-enteric-coated20-mg,Tablet (Enteric Coated),Pantoprazole Sodium Sesquihydrate,20 mg,Cosmo Pharma Ltd.,"Unit Price: ৳ 2.50,(50's pack: ৳ 125.00),",(50's pack: ৳ 125.00)
32084,Cosnap Plus,allopathic,cosnap-plustablet-delayed-release500-mg20-mg,Tablet (Delayed Release),Naproxen Sodium + Esomeprazole Magnesium,500 mg+20 mg,Cosmo Pharma Ltd.,"Unit Price: ৳ 10.00,(28's pack: ৳ 280.00),",(28's pack: ৳ 280.00)
11416,Cosnap,allopathic,cosnaptablet250-mg,Tablet,Naproxen Sodium,250 mg,Cosmo Pharma Ltd.,"Unit Price: ৳ 3.00,(50's pack: ৳ 150.00),",(50's pack: ৳ 150.00)
31932,Cosmozole,allopathic,cosmozolecapsule-delayed-release20-mg,Capsule (Delayed Release),Esomeprazole,20 mg,Cosmo Pharma Ltd.,Unit Price: ৳ 6.50,
31933,Cosmozole,allopathic,cosmozolecapsule-delayed-release40-mg,Capsule (Delayed Release),Esomeprazole,40 mg,Cosmo Pharma Ltd.,Unit Price: ৳ 8.50,
12779,Cosmotrin,allopathic,cosmotrincream0025,Cream,Tretinoin (Topical),0.03%,Beximco Pharmaceuticals Ltd.,10 gm tube: ৳ 45.00,
32166,Cosmotil,allopathic,cosmotiltablet250-mg625-mg,Tablet,Cefuroxime Axetil + Clavulanic Acid,250 mg+62.5 mg,Cosmo Pharma Ltd.,"Unit Price: ৳ 30.00,(12's pack: ৳ 360.00),",(12's pack: ৳ 360.00)
32167,Cosmotil,allopathic,cosmotiltablet500-mg125-mg,Tablet,Cefuroxime Axetil + Clavulanic Acid,500 mg+125 mg,Cosmo Pharma Ltd.,"Unit Price: ৳ 50.00,(8's pack: ৳ 400.00),",(8's pack: ৳ 400.00)
9422,Coslev,allopathic,coslevtablet500-mg,Tablet,Levofloxacin Hemihydrate,500 mg,Cosmo Pharma Ltd.,"Unit Price: ৳ 14.00,(20's pack: ৳ 280.00),",(20's pack: ৳ 280.00)
4277,Cosium,allopathic,cosiumtablet10-mg,Tablet,Clobazam,10 mg,ACME Laboratories Ltd.,"Unit Price: ৳ 3.52,(100's pack: ৳ 352.00),",(100's pack: ৳ 352.00)
9838,Cosflu,allopathic,cosflutablet50-mg,Tablet,Fluconazole,50 mg,Cosmo Pharma Ltd.,"Unit Price: ৳ 8.00,(30's pack: ৳ 240.00),",(30's pack: ৳ 240.00)
13282,Cosfez TR,allopathic,cosfez-trcapsule-timed-release150-mg05-mg618-mg,Capsule (Timed Release),Ferrous Sulfate + Folic Acid + Zinc Sulfate,150 mg+0.5 mg+61.8 mg,Cosmo Pharma Ltd.,"Unit Price: ৳ 2.90,(50's pack: ৳ 145.00),",(50's pack: ৳ 145.00)
26322,Acical-DX,allopathic,acical-dxeffervescent-tablet600-mg400-iu,Effervescent Tablet,Calcium Carbonate [Elemental source] + Vitamin D3,600 mg+400 IU,ACI Limited,"Unit Price: ৳ 15.00,(14's pack: ৳ 210.00),",(14's pack: ৳ 210.00)
30786,Coxib,allopathic,coxibcapsule200-mg,Capsule,Celecoxib,200 mg,Alco Pharma Ltd.,"Unit Price: ৳ 7.00,(50's pack: ৳ 350.00),",(50's pack: ৳ 350.00)
30785,Coxib,allopathic,coxibcapsule100-mg,Capsule,Celecoxib,100 mg,Alco Pharma Ltd.,"Unit Price: ৳ 4.00,(50's pack: ৳ 200.00),",(50's pack: ৳ 200.00)
11169,Coxia,allopathic,coxiatablet60-mg,Tablet,Etoricoxib,60 mg,ACI Limited,"Unit Price: ৳ 7.05,(30's pack: ৳ 211.50),",(30's pack: ৳ 211.50)
11170,Coxia,allopathic,coxiatablet90-mg,Tablet,Etoricoxib,90 mg,ACI Limited,"Unit Price: ৳ 12.09,(30's pack: ৳ 362.70),",(30's pack: ৳ 362.70)
11171,Coxia,allopathic,coxiatablet120-mg,Tablet,Etoricoxib,120 mg,ACI Limited,"Unit Price: ৳ 14.09,(20's pack: ৳ 281.80),",(20's pack: ৳ 281.80)
11168,Coxfree,allopathic,coxfreetablet120-mg,Tablet,Etoricoxib,120 mg,Kemiko Pharmaceuticals Ltd.,"Unit Price: ৳ 14.04,(20's pack: ৳ 280.80),",(20's pack: ৳ 280.80)
11167,Coxfree,allopathic,coxfreetablet90-mg,Tablet,Etoricoxib,90 mg,Kemiko Pharmaceuticals Ltd.,"Unit Price: ৳ 12.03,(30's pack: ৳ 360.90),",(30's pack: ৳ 360.90)
11166,Coxfree,allopathic,coxfreetablet60-mg,Tablet,Etoricoxib,60 mg,Kemiko Pharmaceuticals Ltd.,"Unit Price: ৳ 7.02,(30's pack: ৳ 210.60),",(30's pack: ৳ 210.60)
11164,Coxetori,allopathic,coxetoritablet60-mg,Tablet,Etoricoxib,60 mg,Amulet Pharmaceuticals Ltd.,"Unit Price: ৳ 7.00,(30's pack: ৳ 210.00),",(30's pack: ৳ 210.00)
11165,Coxetori,allopathic,coxetoritablet120-mg,Tablet,Etoricoxib,120 mg,Amulet Pharmaceuticals Ltd.,"Unit Price: ৳ 12.00,(20's pack: ৳ 240.00),",(20's pack: ৳ 240.00)
11162,Coxet,allopathic,coxettablet90-mg,Tablet,Etoricoxib,90 mg,Pacific Pharmaceuticals Ltd.,"Unit Price: ৳ 12.00,(30's pack: ৳ 360.00),",(30's pack: ৳ 360.00)
11163,Coxet,allopathic,coxettablet120-mg,Tablet,Etoricoxib,120 mg,Pacific Pharmaceuticals Ltd.,"Unit Price: ৳ 14.00,(20's pack: ৳ 280.00),",(20's pack: ৳ 280.00)
11161,Cox-E,allopathic,cox-etablet120-mg,Tablet,Etoricoxib,120 mg,Popular Pharmaceuticals Ltd.,"Unit Price: ৳ 14.00,(30's pack: ৳ 420.00),",(30's pack: ৳ 420.00)
11160,Cox-E,allopathic,cox-etablet90-mg,Tablet,Etoricoxib,90 mg,Popular Pharmaceuticals Ltd.,"Unit Price: ৳ 12.00,(30's pack: ৳ 360.00),",(30's pack: ৳ 360.00)
11159,Cox-E,allopathic,cox-etablet60-mg,Tablet,Etoricoxib,60 mg,Popular Pharmaceuticals Ltd.,"Unit Price: ৳ 7.00,(30's pack: ৳ 210.00),",(30's pack: ৳ 210.00)
10882,Cox B,allopathic,cox-bcapsule200-mg,Capsule,Celecoxib,200 mg,Beximco Pharmaceuticals Ltd.,"Unit Price: ৳ 8.00,(50's pack: ৳ 400.00),",(50's pack: ৳ 400.00)
30784,Cox B,allopathic,cox-bcapsule100-mg,Capsule,Celecoxib,100 mg,Beximco Pharmaceuticals Ltd.,"Unit Price: ৳ 4.50,(50's pack: ৳ 225.00),",(50's pack: ৳ 225.00)
17221,Covit-M,allopathic,covit-msyrup,Syrup,Multivitamin [Adult preparation],,Ethical Drug Ltd.,"100 ml bottle: ৳ 80.00,200 ml bottle: ৳ 150.00",
29433,Covishield,allopathic,covishieldim-injection,IM Injection,COVID Vaccine,,Serum Institute of India,Price Unavailable,
28837,Covirin,allopathic,covirincapsule200-mg,Capsule,Ribavirin,200 mg,Everest Pharmaceuticals Ltd.,"Unit Price: ৳ 33.00,(30's pack: ৳ 990.00),",(30's pack: ৳ 990.00)
30874,Covikil,allopathic,covikiltablet200-mg,Tablet,Hydroxychloroquine Sulphate,200 mg,Radiant Pharmaceuticals Ltd.,"Unit Price: ৳ 12.00,(30's pack: ৳ 360.00),,Unit Price: ৳ 12.00,(50's pack: ৳ 600.00),,Unit Price: ৳ 12.00,(100's pack: ৳ 1,200.00),","(30's pack: ৳ 360.00),(50's pack: ৳ 600.00),(100's pack: ৳ 1,200.00)"
2916,Coversyl Plus,allopathic,coversyl-plustablet125-mg4-mg,Tablet,Indapamide + Perindopril Arginine,1.25 mg+4 mg,Servier Bangladesh Operation,"Unit Price: ৳ 21.00,(30's pack: ৳ 630.00),",(30's pack: ৳ 630.00)
2617,Coversyl,allopathic,coversyltablet8-mg,Tablet,Perindopril Arginine,8 mg,Servier Bangladesh Operation,"Unit Price: ৳ 25.00,(30's pack: ৳ 750.00),",(30's pack: ৳ 750.00)
2616,Coversyl,allopathic,coversyltablet4-mg,Tablet,Perindopril Arginine,4 mg,Servier Bangladesh Operation,"Unit Price: ৳ 16.50,(30's pack: ৳ 495.00),",(30's pack: ৳ 495.00)
28282,Coveram,allopathic,coveramtablet5-mg5-mg,Tablet,Perindopril Arginine + Amlodipine,5 mg+5 mg,Servier Bangladesh Operation,"Unit Price: ৳ 21.00,(30's pack: ৳ 630.00),",(30's pack: ৳ 630.00)
26706,Coveram,allopathic,coveramtablet5-mg10-mg,Tablet,Perindopril Arginine + Amlodipine,5 mg+10 mg,Servier Bangladesh Operation,"Unit Price: ৳ 21.00,(30's pack: ৳ 630.00),",(30's pack: ৳ 630.00)
8967,Covan,allopathic,covaniv-infusion500-mgvial,IV Infusion,Vancomycin Hydrochloride,500 mg/vial,Renata Limited,500 mg vial: ৳ 250.00,
8968,Covan,allopathic,covaniv-infusion1-gmvial,IV Infusion,Vancomycin Hydrochloride,1 gm/vial,Renata Limited,1 gm vial: ৳ 480.00,
30981,Coughcut,allopathic,coughcutsyrup75-mg5-ml,Syrup,Butamirate Citrate,7.5 mg/5 ml,Pacific Pharmaceuticals Ltd.,200 ml bottle: ৳ 150.00,
26346,Coufix,allopathic,coufixsyrup200-mg15-mg15-mg5-ml,Syrup,Guaifenesin + Dextromethorphan + Menthol,(200 mg+15 mg+15 mg)/5 ml,ACI Limited,100 ml bottle: ৳ 85.00,
14400,Acical-D,allopathic,acical-dtablet500-mg200-iu,Tablet,Calcium Carbonate [Elemental source] + Vitamin D3,500 mg+200 IU,ACI Limited,"Unit Price: ৳ 7.00,(50's pack: ৳ 350.00),",(50's pack: ৳ 350.00)
9245,Cpflox,allopathic,cpfloxtablet500-mg,Tablet,Ciprofloxacin,500 mg,Cosmo Pharma Ltd.,"Unit Price: ৳ 10.11,(20's pack: ৳ 202.20),",(20's pack: ৳ 202.20)
11268,Cpfen,allopathic,cpfentablet400-mg,Tablet,Ibuprofen,400 mg,Cosmo Pharma Ltd.,"Unit Price: ৳ 1.31,(100's pack: ৳ 131.00),",(100's pack: ৳ 131.00)
13191,Cpefro TR,allopathic,cpefro-trcapsule-timed-release150-mg05-mg,Capsule (Timed Release),Ferrous Sulfate + Folic Acid,150 mg+0.5 mg,Cosmo Pharma Ltd.,"Unit Price: ৳ 2.32,(50's pack: ৳ 116.00),",(50's pack: ৳ 116.00)
1524,Cpdom,allopathic,cpdomtablet10-mg,Tablet,Domperidone Maleate,10 mg,Cosmo Pharma Ltd.,"Unit Price: ৳ 2.00,(100's pack: ৳ 200.00),",(100's pack: ৳ 200.00)
14301,Cpcal,allopathic,cpcaltablet500-mg,Tablet,Calcium Carbonate,500 mg,Cosmo Pharma Ltd.,"Unit Price: ৳ 2.00,(100's pack: ৳ 200.00),",(100's pack: ৳ 200.00)
7845,CP,allopathic,cppediatric-drops20-mgml,Pediatric Drops,Cefpodoxime Proxetil,20 mg/ml,ACME Laboratories Ltd.,15 ml bottle: ৳ 60.40,
7758,CP,allopathic,cppowder-for-suspension40-mg5-ml,Powder for Suspension,Cefpodoxime Proxetil,40 mg/5 ml,ACME Laboratories Ltd.,50 ml bottle: ৳ 98.65,
27501,Cozycol,allopathic,cozycoltablet-delayed-release800-mg,Tablet (Delayed Release),Mesalazine [5-aminosalicylic acid],800 mg,Square Pharmaceuticals Ltd.,"Unit Price: ৳ 20.00,(30's pack: ৳ 600.00),",(30's pack: ৳ 600.00)
16119,Cozopt,allopathic,cozoptophthalmic-solution205,Ophthalmic Solution,Dorzolamide + Timolol,2%+0.5%,Aristopharma Ltd.,5 ml drop: ৳ 550.00,
4837,Cozinil,allopathic,coziniltablet05-mg,Tablet,Clonazepam,0.5 mg,Rephco Pharmaceuticals Ltd.,"Unit Price: ৳ 3.00,(50's pack: ৳ 150.00),",(50's pack: ৳ 150.00)
4838,Cozinil,allopathic,coziniltablet2-mg,Tablet,Clonazepam,2 mg,Rephco Pharmaceuticals Ltd.,"Unit Price: ৳ 6.00,(20's pack: ৳ 120.00),",(20's pack: ৳ 120.00)
32690,Cozid,allopathic,cozidimiv-injection500-mgvial,IM/IV Injection,Ceftazidime Pentahydrate,500 mg/vial,Beacon Pharmaceuticals Ltd.,500 mg vial: ৳ 130.00,
32689,Cozid,allopathic,cozidimiv-injection250-mgvial,IM/IV Injection,Ceftazidime Pentahydrate,250 mg/vial,Beacon Pharmaceuticals Ltd.,250 mg vial: ৳ 85.00,
32691,Cozid,allopathic,cozidimiv-injection1-gmvial,IM/IV Injection,Ceftazidime Pentahydrate,1 gm/vial,Beacon Pharmaceuticals Ltd.,1 gm vial: ৳ 240.00,
32692,Cozid,allopathic,cozidointment2-ww,Ointment,Mupirocin,2% w/w,Ethical Drug Ltd.,10 gm tube: ৳ 140.00,
33097,Cozen,herbal,cozencapsule600-mg,Capsule,Marine Collagen,600 mg,Drug International Ltd.,,
2710,Cozaril,allopathic,cozariltablet50-mg,Tablet,Losartan Potassium,50 mg,Hallmark Pharmaceuticals Ltd.,"Unit Price: ৳ 4.03,(30's pack: ৳ 120.90),",(30's pack: ৳ 120.90)
32313,CoxTop,allopathic,coxtoptablet60-mg,Tablet,Etoricoxib,60 mg,Al-Madina Pharmaceuticals Ltd.,"Unit Price: ৳ 7.00,(30's pack: ৳ 210.00),",(30's pack: ৳ 210.00)
32314,CoxTop,allopathic,coxtoptablet90-mg,Tablet,Etoricoxib,90 mg,Al-Madina Pharmaceuticals Ltd.,"Unit Price: ৳ 12.00,(20's pack: ৳ 240.00),",(20's pack: ৳ 240.00)
32315,CoxTop,allopathic,coxtoptablet120-mg,Tablet,Etoricoxib,120 mg,Al-Madina Pharmaceuticals Ltd.,"Unit Price: ৳ 14.00,(20's pack: ৳ 280.00),",(20's pack: ৳ 280.00)
11236,Coxsafe,allopathic,coxsafetablet60-mg,Tablet,Etoricoxib,60 mg,Sharif Pharmaceuticals Ltd.,"Unit Price: ৳ 7.00,(30's pack: ৳ 210.00),",(30's pack: ৳ 210.00)
11237,Coxsafe,allopathic,coxsafetablet90-mg,Tablet,Etoricoxib,90 mg,Sharif Pharmaceuticals Ltd.,"Unit Price: ৳ 12.00,(30's pack: ৳ 360.00),",(30's pack: ৳ 360.00)
11238,Coxsafe,allopathic,coxsafetablet120-mg,Tablet,Etoricoxib,120 mg,Sharif Pharmaceuticals Ltd.,"Unit Price: ৳ 14.00,(20's pack: ৳ 280.00),",(20's pack: ৳ 280.00)
29457,Coxpar,allopathic,coxparimiv-injection40-mgvial,IM/IV Injection,Parecoxib,40 mg/vial,Incepta Pharmaceuticals Ltd.,40 mg vial: ৳ 200.00,
11175,Coxpain,allopathic,coxpaintablet90-mg,Tablet,Etoricoxib,90 mg,Novo Healthcare and Pharma Ltd.,"Unit Price: ৳ 12.04,(20's pack: ৳ 240.72),",(20's pack: ৳ 240.72)
11174,Coxpain,allopathic,coxpaintablet60-mg,Tablet,Etoricoxib,60 mg,Novo Healthcare and Pharma Ltd.,"Unit Price: ৳ 8.02,(30's pack: ৳ 240.72),",(30's pack: ৳ 240.72)
11176,Coxpain,allopathic,coxpaintablet120-mg,Tablet,Etoricoxib,120 mg,Novo Healthcare and Pharma Ltd.,"Unit Price: ৳ 21.06,(10's pack: ৳ 210.63),",(10's pack: ৳ 210.63)
11172,Coxitor,allopathic,coxitortablet60-mg,Tablet,Etoricoxib,60 mg,Beacon Pharmaceuticals Ltd.,"Unit Price: ৳ 7.05,(30's pack: ৳ 211.50),",(30's pack: ৳ 211.50)
27271,Coxitor,allopathic,coxitortablet120-mg,Tablet,Etoricoxib,120 mg,Beacon Pharmaceuticals Ltd.,"Unit Price: ৳ 14.00,(20's pack: ৳ 280.00),",(20's pack: ৳ 280.00)
11173,Coxitor,allopathic,coxitortablet90-mg,Tablet,Etoricoxib,90 mg,Beacon Pharmaceuticals Ltd.,"Unit Price: ৳ 12.08,(20's pack: ৳ 241.60),",(20's pack: ৳ 241.60)
14388,Acical-C,allopathic,acical-ceffervescent-tablet1000-mg327-mg500-mg,Effervescent Tablet,Calcium Lactate Gluconate + Calcium Carbonate + Vitamin C,1000 mg+327 mg+500 mg,ACI Limited,"Unit Price: ৳ 11.03,(10's pack: ৳ 110.30),",(10's pack: ৳ 110.30)
19632,Crotam Plus,allopathic,crotam-pluslotion510,Lotion,Permethrin + Crotamiton,5%+10%,Ethical Drug Ltd.,60 ml bottle: ৳ 100.00,
366,Cronix,allopathic,cronixlotion10,Lotion,Crotamiton,10%,UniMed UniHealth,60 ml tube: ৳ 80.00,
30838,Cromolin,allopathic,cromolinophthalmic-solution4,Ophthalmic Solution,Sodium Cromoglicate [4%],4%,Ibn Sina Pharmaceuticals Ltd.,10 ml drop: ৳ 80.00,
3775,Croma,allopathic,cromatablet10-mg,Tablet,Montelukast Sodium,10 mg,Sharif Pharmaceuticals Ltd.,"Unit Price: ৳ 12.03,(30's pack: ৳ 360.90),",(30's pack: ৳ 360.90)
3773,Croma,allopathic,cromadispersible-tablet4-mg,Dispersible Tablet,Montelukast Sodium,4 mg,Sharif Pharmaceuticals Ltd.,"Unit Price: ৳ 6.01,(30's pack: ৳ 180.30),",(30's pack: ৳ 180.30)
3774,Croma,allopathic,cromachewable-tablet5-mg,Chewable Tablet,Montelukast Sodium,5 mg,Sharif Pharmaceuticals Ltd.,"Unit Price: ৳ 8.03,(30's pack: ৳ 240.90),",(30's pack: ৳ 240.90)
365,Crodex,allopathic,crodexcream10,Cream,Crotamiton,10%,Gaco Pharmaceuticals Ltd.,20 gm tube: ৳ 60.18,
25992,Crizonix,allopathic,crizonixcapsule250-mg,Capsule,Crizotinib,250 mg,Beacon Pharmaceuticals Ltd.,"Unit Price: ৳ 2,000.00,(28's pack: ৳ 56,000.00),","(28's pack: ৳ 56,000.00)"
25993,Crizocent,allopathic,crizocentcapsule250-mg,Capsule,Crizotinib,250 mg,Incepta Pharmaceuticals Ltd.,"Unit Price: ৳ 1,500.00,(12's pack: ৳ 18,000.00),,Unit Price: ৳ 1,500.00,(30's pack: ৳ 45,000.00),","(12's pack: ৳ 18,000.00),(30's pack: ৳ 45,000.00)"
15087,Criston,allopathic,cristoninjection2-mgvail,Injection,Vincristine Sulfate,2 mg/vail,Beacon Pharmaceuticals Ltd.,2 mg vial: ৳ 580.00,
15086,Criston,allopathic,cristoninjection1-mgvail,Injection,Vincristine Sulfate,1 mg/vail,Beacon Pharmaceuticals Ltd.,1 mg vial: ৳ 350.00,
30052,Crisaderm,allopathic,crisadermointment2-ww,Ointment,Crisaborole,2% w/w,Incepta Pharmaceuticals Ltd.,10 gm tube: ৳ 500.00,
32417,Crisa,allopathic,crisaointment2-ww,Ointment,Crisaborole,2% w/w,ACME Laboratories Ltd.,10 gm tube: ৳ 500.00,
5113,Criptine,allopathic,criptinetablet25-mg,Tablet,Bromocriptine Mesylate,2.5 mg,Renata Limited,"Unit Price: ৳ 12.00,(30's pack: ৳ 360.00),",(30's pack: ৳ 360.00)
28945,Crinone,allopathic,crinonevaginal-gel8,Vaginal Gel,Progesterone (Vaginal Gel),8%,Merck,"Unit Price: ৳ 339.00,(15's pack: ৳ 5,085.00),","(15's pack: ৳ 5,085.00)"
15166,Crilomus,allopathic,crilomuscapsule1-mg,Capsule,Tacrolimus (Oral),1 mg,SANDOZ (A Novartis Division),"Unit Price: ৳ 50.19,(50's pack: ৳ 2,509.47),","(50's pack: ৳ 2,509.47)"
15165,Crilomus,allopathic,crilomuscapsule05-mg,Capsule,Tacrolimus (Oral),0.5 mg,SANDOZ (A Novartis Division),"Unit Price: ৳ 28.11,(50's pack: ৳ 1,405.29),","(50's pack: ৳ 1,405.29)"
2433,Crezyme,allopathic,crezymetablet325-mg,Tablet,Pancreatin,325 mg,Opsonin Pharma Ltd.,"Unit Price: ৳ 3.50,(100's pack: ৳ 350.00),",(100's pack: ৳ 350.00)
24356,Creva,allopathic,crevatablet10-mg,Tablet,Rosuvastatin,10 mg,Radiant Pharmaceuticals Ltd.,"Unit Price: ৳ 27.00,(28's pack: ৳ 756.00),",(28's pack: ৳ 756.00)
24355,Creva,allopathic,crevatablet5-mg,Tablet,Rosuvastatin,5 mg,Radiant Pharmaceuticals Ltd.,"Unit Price: ৳ 14.00,(42's pack: ৳ 588.00),",(42's pack: ৳ 588.00)
26750,Creston,allopathic,crestontablet5-mg,Tablet,Rosuvastatin,5 mg,Eskayef Pharmaceuticals Ltd.,"Unit Price: ৳ 10.00,(30's pack: ৳ 300.00),",(30's pack: ৳ 300.00)
3386,Creston,allopathic,crestontablet10-mg,Tablet,Rosuvastatin,10 mg,Eskayef Pharmaceuticals Ltd.,"Unit Price: ৳ 15.00,(20's pack: ৳ 300.00),",(20's pack: ৳ 300.00)
29931,Creston,allopathic,crestontablet20-mg,Tablet,Rosuvastatin,20 mg,Eskayef Pharmaceuticals Ltd.,"Unit Price: ৳ 25.00,(10's pack: ৳ 250.00),",(10's pack: ৳ 250.00)
28182,Creso,allopathic,cresotablet-enteric-coated40-mg,Tablet (Enteric Coated),Esomeprazole,40 mg,Apex Pharmaceuticals Ltd.,"Unit Price: ৳ 8.00,(30's pack: ৳ 240.00),",(30's pack: ৳ 240.00)
28181,Creso,allopathic,cresotablet-enteric-coated20-mg,Tablet (Enteric Coated),Esomeprazole,20 mg,Apex Pharmaceuticals Ltd.,"Unit Price: ৳ 5.00,(60's pack: ৳ 300.00),",(60's pack: ৳ 300.00)
25601,Cpzith,allopathic,cpzithtablet500-mg,Tablet,Azithromycin Dihydrate,500 mg,Cosmo Pharma Ltd.,Unit Price: ৳ 30.00,
25602,Cpzith,allopathic,cpzithpowder-for-suspension200-mg5-ml,Powder for Suspension,Azithromycin Dihydrate,200 mg/5 ml,Cosmo Pharma Ltd.,50 ml bottle: ৳ 180.00,
13884,Cpvit B,allopathic,cpvit-bcapsule,Capsule,Vitamin B complex,,Cosmo Pharma Ltd.,"Unit Price: ৳ 0.42,(45's pack: ৳ 19.00),",(45's pack: ৳ 19.00)
8431,Cpmycin,allopathic,cpmycintablet250-mg,Tablet,Erythromycin (Oral),250 mg,Cosmo Pharma Ltd.,"Unit Price: ৳ 4.00,(100's pack: ৳ 400.00),",(100's pack: ৳ 400.00)
10576,Cpmol,allopathic,cpmoltablet500-mg65-mg,Tablet,Paracetamol + Caffeine,500 mg+65 mg,Cosmo Pharma Ltd.,"Unit Price: ৳ 1.50,(100's pack: ৳ 150.00),",(100's pack: ৳ 150.00)
14343,Acical JR,allopathic,acical-jrchewable-tablet250-mg,Chewable Tablet,Calcium Carbonate,250 mg,ACI Limited,"Unit Price: ৳ 3.01,(50's pack: ৳ 150.50),",(50's pack: ৳ 150.50)
1321,Cyclopan,allopathic,cyclopansyrup10-mg5-ml,Syrup,Dicycloverine Hydrochloride,10 mg/5 ml,Incepta Pharmaceuticals Ltd.,50 ml bottle: ৳ 30.00,
30141,Cyclopan,allopathic,cyclopanim-injection20-mg2-ml,IM Injection,Dicycloverine Hydrochloride,20 mg/2 ml,Incepta Pharmaceuticals Ltd.,"2 ml ampoule: ৳ 8.00,(5's pack: ৳ 40.00),",(5's pack: ৳ 40.00)
1320,Cyclopan,allopathic,cyclopantablet10-mg,Tablet,Dicycloverine Hydrochloride,10 mg,Incepta Pharmaceuticals Ltd.,"Unit Price: ৳ 2.00,(100's pack: ৳ 200.00),",(100's pack: ৳ 200.00)
15013,Cyclomide,allopathic,cyclomideiv-infusion1-gmvial,IV Infusion,Cyclophosphamide,1 gm/vial,Techno Drugs Ltd.,1 gm vial: ৳ 700.00,
15012,Cyclomide,allopathic,cyclomideiv-infusion200-mgvial,IV Infusion,Cyclophosphamide,200 mg/vial,Techno Drugs Ltd.,200 mg vial: ৳ 150.00,
5131,Cyclid,allopathic,cyclidtablet5-mg,Tablet,Procyclidine Hydrochloride,5 mg,Incepta Pharmaceuticals Ltd.,"Unit Price: ৳ 1.00,(100's pack: ৳ 100.00),",(100's pack: ৳ 100.00)
5132,Cyclid,allopathic,cyclidimiv-injection10-mg2-ml,IM/IV Injection,Procyclidine Hydrochloride,10 mg/2 ml,Incepta Pharmaceuticals Ltd.,2 ml ampoule: ৳ 30.00,
25331,Cyano-B,allopathic,cyano-btablet100-mg200-mg200-mcg,Tablet,"Vitamin B1, B6 & B12",100 mg+200 mg+200 mcg,Orbit Pharmaceuticals Ltd.,Unit Price: ৳ 4.00,
813,CVnor-A,allopathic,cvnor-atablet5-mg50-mg,Tablet,Amlodipine Besilate + Atenolol,5 mg+50 mg,Navana Pharmaceuticals Ltd.,"Unit Price: ৳ 6.02,(60's pack: ৳ 361.00),",(60's pack: ৳ 361.00)
665,CVnor,allopathic,cvnortablet5-mg,Tablet,Amlodipine Besilate,5 mg,Navana Pharmaceuticals Ltd.,"Unit Price: ৳ 5.02,(30's pack: ৳ 150.47),",(30's pack: ৳ 150.47)
30561,CVnor,allopathic,cvnortablet10-mg,Tablet,Amlodipine Besilate,10 mg,Navana Pharmaceuticals Ltd.,"Unit Price: ৳ 6.00,(30's pack: ৳ 180.00),",(30's pack: ৳ 180.00)
236,Cuvir,allopathic,cuvirophthalmic-ointment3,Ophthalmic Ointment,Acyclovir (Ophthalmic),3%,General Pharmaceuticals Ltd.,5 gm tube: ৳ 125.00,
12636,Cutivate,allopathic,cutivateointment0005,Ointment,Fluticasone Propionate (Topical),0.01%,GlaxoSmithKline,10 gm tube: ৳ 76.14,
12635,Cutivate,allopathic,cutivatecream005,Cream,Fluticasone Propionate (Topical),0.05%,GlaxoSmithKline,10 gm tube: ৳ 115.43,
12633,Cutisone,allopathic,cutisonecream005,Cream,Fluticasone Propionate (Topical),0.05%,General Pharmaceuticals Ltd.,10 gm tube: ৳ 98.00,
12634,Cutisone,allopathic,cutisoneointment0005,Ointment,Fluticasone Propionate (Topical),0.01%,General Pharmaceuticals Ltd.,10 gm tube: ৳ 50.35,
6857,Cusef,allopathic,cusefcapsule500-mg,Capsule,Cephradine,500 mg,Delta Pharma Ltd.,"Unit Price: ৳ 12.50,(24's pack: ৳ 300.00),",(24's pack: ৳ 300.00)
6856,Cusef,allopathic,cusefcapsule250-mg,Capsule,Cephradine,250 mg,Delta Pharma Ltd.,"Unit Price: ৳ 6.50,(20's pack: ৳ 130.00),",(20's pack: ৳ 130.00)
12159,Curin,allopathic,curintablet5-mg,Tablet,Levocetirizine Dihydrochloride,5 mg,Beximco Pharmaceuticals Ltd.,"Unit Price: ৳ 3.00,(100's pack: ৳ 300.00),",(100's pack: ৳ 300.00)
367,Curex,allopathic,curexcream10,Cream,Crotamiton,10%,Kumudini Pharma Ltd.,10 gm tube: ৳ 30.00,
27711,Curepen,allopathic,curepeniv-injection-or-infusion1-gmvial,IV Injection or Infusion,Meropenem Trihydrate,1 gm/vial,Opso Saline Ltd.,"1 gm vial: ৳ 1,254.20",
27710,Curepen,allopathic,curepeniv-injection-or-infusion500-mgvial,IV Injection or Infusion,Meropenem Trihydrate,500 mg/vial,Opso Saline Ltd.,500 mg vial: ৳ 652.18,
8635,Curazith,allopathic,curazithtablet500-mg,Tablet,Azithromycin Dihydrate,500 mg,Synovia pharma plc,"Unit Price: ৳ 35.11,(12's pack: ৳ 421.32),",(12's pack: ৳ 421.32)
8636,Curazith,allopathic,curazithpowder-for-suspension200-mg5-ml,Powder for Suspension,Azithromycin Dihydrate,200 mg/5 ml,Synovia pharma plc,"15 ml bottle: ৳ 85.26,30 ml bottle: ৳ 130.39",
8634,Curazith,allopathic,curazithtablet250-mg,Tablet,Azithromycin Dihydrate,250 mg,Synovia pharma plc,"Unit Price: ৳ 20.06,(6's pack: ৳ 120.36),",(6's pack: ৳ 120.36)
29380,Curafin,allopathic,curafincream025,Cream,Amorolfine Hydrochloride (cream),0.25%,Navana Pharmaceuticals Ltd.,"10 gm tube: ৳ 100.00,30 gm tube: ৳ 280.00",
26151,Curacid,allopathic,curacidcapsule-delayed-release20-mg,Capsule (Delayed Release),Esomeprazole,20 mg,Rangs Pharmaceuticals Ltd.,"Unit Price: ৳ 7.00,(28's pack: ৳ 196.00),,Unit Price: ৳ 7.00,(60's pack: ৳ 420.00),,Unit Price: ৳ 7.00,(100's pack: ৳ 700.00),","(28's pack: ৳ 196.00),(60's pack: ৳ 420.00),(100's pack: ৳ 700.00)"
1987,Curacid,allopathic,curacidcapsule-delayed-release40-mg,Capsule (Delayed Release),Esomeprazole,40 mg,Rangs Pharmaceuticals Ltd.,"Unit Price: ৳ 9.50,(20's pack: ৳ 190.00),",(20's pack: ৳ 190.00)
11955,CTZ,allopathic,ctztablet10-mg,Tablet,Cetirizine Hydrochloride,10 mg,Delta Pharma Ltd.,"Unit Price: ৳ 1.00,(90's pack: ৳ 90.00),",(90's pack: ৳ 90.00)
19633,Crotamed,allopathic,crotamedlotion510,Lotion,Permethrin + Crotamiton,5%+10%,MedRx Life Science Ltd.,100 ml bottle: ৳ 100.00,
14265,Acical,allopathic,acicaltablet500-mg,Tablet,Calcium Carbonate,500 mg,ACI Limited,"Unit Price: ৳ 4.01,(100's pack: ৳ 401.00),",(100's pack: ৳ 401.00)
31243,Cytara,allopathic,cytaraiv-infusion1000-mgvial,IV Infusion,Cytarabine,1000 mg/vial,Healthcare Pharmaceuticals Ltd.,"1000 mg vial: ৳ 1,650.00",
14195,Cytaplex-M,allopathic,cytaplex-mtablet,Tablet,Multivitamin & Multimineral,,Central Pharmaceuticals Ltd.,"Unit Price: ৳ 1.50,(30's pack: ৳ 45.00),",(30's pack: ৳ 45.00)
13772,Cytaplex,allopathic,cytaplexcapsule,Capsule,Vitamin B complex,,Central Pharmaceuticals Ltd.,"Unit Price: ৳ 0.55,(200's pack: ৳ 110.00),",(200's pack: ৳ 110.00)
13773,Cytaplex,allopathic,cytaplexsyrup,Syrup,Vitamin B complex,,Central Pharmaceuticals Ltd.,200 ml bottle: ৳ 37.60,
6129,Cytapen-V,allopathic,cytapen-vpowder-for-suspension125-mg5-ml,Powder for Suspension,Phenoxymethyl Penicillin [Penicillin V],125 mg/5 ml,Edruc Limited,50 ml bottle: ৳ 28.00,
6128,Cytapen-V,allopathic,cytapen-vtablet250-mg,Tablet,Phenoxymethyl Penicillin [Penicillin V],250 mg,Edruc Limited,"Unit Price: ৳ 2.30,(100's pack: ৳ 230.00),",(100's pack: ৳ 230.00)
15045,Cytabin,allopathic,cytabiniv-infusion100-mgvial,IV Infusion,Cytarabine,100 mg/vial,Beacon Pharmaceuticals Ltd.,100 mg vial: ৳ 180.00,
31244,Cytabin,allopathic,cytabiniv-infusion500-mgvial,IV Infusion,Cytarabine,500 mg/vial,Beacon Pharmaceuticals Ltd.,500 mg vial: ৳ 900.00,
31245,Cytabin,allopathic,cytabiniv-infusion1000-mgvial,IV Infusion,Cytarabine,1000 mg/vial,Beacon Pharmaceuticals Ltd.,"1000 mg vial: ৳ 1,550.00",
30491,Cystosan,allopathic,cystosancapsule100-mg,Capsule,Pentosan Polysulfate Sodium,100 mg,Incepta Pharmaceuticals Ltd.,Unit Price: ৳ 40.00,
11795,Cyrin,allopathic,cyrintablet10-mg,Tablet,Cyclobenzaprine Hydrochloride,10 mg,Hallmark Pharmaceuticals Ltd.,"Unit Price: ৳ 3.00,(50's pack: ৳ 150.00),",(50's pack: ৳ 150.00)
31235,Cyramza,allopathic,cyramzaiv-infusion10-mgml,IV Infusion,Ramucirumab,10 mg/ml,Eli Lilly and Company,"100 mg vial: ৳ 47,700.00,500 mg vial: ৳ 238,200.00",
26414,Cyporin,allopathic,cyporinophthalmic-emulsion005,Ophthalmic Emulsion,Cyclosporine (Ophthalmic),0.05%,Aristopharma Ltd.,5 ml drop: ৳ 210.00,
28357,Cyphos,allopathic,cyphosiv-infusion1-gmvial,IV Infusion,Cyclophosphamide,1 gm/vial,Drug International Ltd.,1 gm vial: ৳ 600.00,
19643,Cyphos,allopathic,cyphosiv-infusion200-mgvial,IV Infusion,Cyclophosphamide,200 mg/vial,Drug International Ltd.,200 mg vial: ৳ 150.00,
10753,Cynta,allopathic,cyntatablet75-mg,Tablet,Tapentadol Hydrochloride,75 mg,Healthcare Pharmaceuticals Ltd.,"Unit Price: ৳ 20.00,(20's pack: ৳ 400.00),",(20's pack: ৳ 400.00)
24807,Cynta,allopathic,cyntatablet100-mg,Tablet,Tapentadol Hydrochloride,100 mg,Healthcare Pharmaceuticals Ltd.,"Unit Price: ৳ 25.00,(10's pack: ৳ 250.00),,Unit Price: ৳ 25.00,(20's pack: ৳ 500.00),","(10's pack: ৳ 250.00),(20's pack: ৳ 500.00)"
10752,Cynta,allopathic,cyntatablet50-mg,Tablet,Tapentadol Hydrochloride,50 mg,Healthcare Pharmaceuticals Ltd.,"Unit Price: ৳ 14.00,(30's pack: ৳ 420.00),",(30's pack: ৳ 420.00)
13423,Cynovit,allopathic,cynovitim-injection1-mgml,IM Injection,Cyanocobalamin,1 mg/ml,Chemist Laboratories  Ltd.,"1 ml ampoule: ৳ 4.04,(25's pack: ৳ 101.00),",(25's pack: ৳ 101.00)
13430,Cynomin-H,allopathic,cynomin-him-injection1000-mcgml,IM Injection,Hydroxocobalamin,1000 mcg/ml,Jayson Pharmaceuticals Ltd.,"1 ml ampoule: ৳ 30.09,(10's pack: ৳ 300.90),",(10's pack: ৳ 300.90)
13425,Cynomin,allopathic,cynominim-injection1-mgml,IM Injection,Cyanocobalamin,1 mg/ml,Jayson Pharmaceuticals Ltd.,"1 ml ampoule: ৳ 5.02,(10's pack: ৳ 50.20),,10 ml ampoule: ৳ 32.16",(10's pack: ৳ 50.20)
13424,Cynomin,allopathic,cynominimsc-injection250-mcgml,IM/SC Injection,Cyanocobalamin,250 mcg/ml,Jayson Pharmaceuticals Ltd.,"1 ml ampoule: ৳ 4.51,(10's pack: ৳ 45.10),",(10's pack: ৳ 45.10)
3890,Cynocort,allopathic,cynocortimia-injection40-mgml,IM/IA Injection,Triamcinolone Acetonide (Injection),40 mg/ml,Techno Drugs Ltd.,1 ml vial: ৳ 70.00,
32463,Cylac,allopathic,cylactopical-solution167167,Topical Solution,Salicylic Acid + Lactic Acid,16.7%+16.7%,Pharmasia Limited,"5 gm tube: ৳ 100.00,10 gm tube: ৳ 180.00",
29321,Cykin,allopathic,cykincapsule125-mg,Capsule,Palbociclib,125 mg,Genvio Pharma Ltd.,"Unit Price: ৳ 2,600.00,(28's pack: ৳ 72,800.00),","(28's pack: ৳ 72,800.00)"
6188,Cyclox,allopathic,cycloxcapsule500-mg,Capsule,Cloxacillin Sodium,500 mg,Sonear Laboratories Ltd.,"Unit Price: ৳ 5.96,(40's pack: ৳ 238.40),",(40's pack: ৳ 238.40)
237,Cyclovex,allopathic,cyclovexophthalmic-ointment3,Ophthalmic Ointment,Acyclovir (Ophthalmic),3%,Opso Saline Ltd.,3 gm tube: ৳ 45.17,
15019,Cyclotox,allopathic,cyclotoxiv-infusion200-mgvial,IV Infusion,Cyclophosphamide,200 mg/vial,Beacon Pharmaceuticals Ltd.,200 mg vial: ৳ 180.00,
15018,Cyclotox,allopathic,cyclotoxiv-infusion1-gmvial,IV Infusion,Cyclophosphamide,1 gm/vial,Beacon Pharmaceuticals Ltd.,1 gm vial: ৳ 650.00,
13064,Cyclorin,allopathic,cyclorinophthalmic-emulsion005,Ophthalmic Emulsion,Cyclosporine (Ophthalmic),0.05%,Ibn Sina Pharmaceuticals Ltd.,5 ml drop: ৳ 210.00,
27533,Acicaft,allopathic,acicaftophthalmic-solution025,Ophthalmic Solution,Alcaftadine,0.25%,ACI Limited,5 ml drop: ৳ 400.00,
28523,D-Best,allopathic,d-bestim-injection200000-iuml,IM Injection,Colecalciferol [Vitamin D3],200000 IU/ml,Pacific Pharmaceuticals Ltd.,1 ml ampoule: ৳ 120.00,
30831,D-Best,allopathic,d-bestcapsule40000-iu,Capsule,Colecalciferol [Vitamin D3],40000 IU,Pacific Pharmaceuticals Ltd.,Unit Price: ৳ 35.00,
26184,D-Balance,allopathic,d-balancecapsule40000-iu,Capsule,Colecalciferol [Vitamin D3],40000 IU,Square Pharmaceuticals Ltd.,"Unit Price: ৳ 35.00,(10's pack: ৳ 350.00),",(10's pack: ৳ 350.00)
29413,D-Balance,allopathic,d-balanceim-injection200000-iuml,IM Injection,Colecalciferol [Vitamin D3],200000 IU/ml,Square Pharmaceuticals Ltd.,1 ml ampoule: ৳ 120.00,
27502,D-Balance,allopathic,d-balancecapsule50000-iu,Capsule,Colecalciferol [Vitamin D3],50000 IU,Square Pharmaceuticals Ltd.,"Unit Price: ৳ 40.00,(10's pack: ৳ 400.00),",(10's pack: ৳ 400.00)
26183,D-Balance,allopathic,d-balancecapsule20000-iu,Capsule,Colecalciferol [Vitamin D3],20000 IU,Square Pharmaceuticals Ltd.,"Unit Price: ৳ 20.00,(10's pack: ৳ 200.00),",(10's pack: ৳ 200.00)
26185,D-Balance,allopathic,d-balancecapsule2000-iu,Capsule,Colecalciferol [Vitamin D3],2000 IU,Square Pharmaceuticals Ltd.,"Unit Price: ৳ 4.00,(30's pack: ৳ 120.00),",(30's pack: ৳ 120.00)
30250,D-40000,allopathic,d-40000capsule40000-iu,Capsule,Colecalciferol [Vitamin D3],40000 IU,Ibn Sina Pharmaceuticals Ltd.,"Unit Price: ৳ 35.00,(10's pack: ৳ 350.00),",(10's pack: ৳ 350.00)
30249,D-20000,allopathic,d-20000capsule20000-iu,Capsule,Colecalciferol [Vitamin D3],20000 IU,Ibn Sina Pharmaceuticals Ltd.,"Unit Price: ৳ 20.00,(10's pack: ৳ 200.00),",(10's pack: ৳ 200.00)
32617,D-2000,allopathic,d-2000tablet2000-iu,Tablet,Colecalciferol [Vitamin D3],2000 IU,Ibn Sina Pharmaceuticals Ltd.,"Unit Price: ৳ 2.50,(50's pack: ৳ 125.00),",(50's pack: ৳ 125.00)
32616,D-1000,allopathic,d-1000tablet1000-iu,Tablet,Colecalciferol [Vitamin D3],1000 IU,Ibn Sina Pharmaceuticals Ltd.,"Unit Price: ৳ 2.00,(50's pack: ৳ 100.00),",(50's pack: ৳ 100.00)
10094,D Metro,allopathic,d-metrotablet400-mg,Tablet,Metronidazole,400 mg,Desh Pharmaceuticals Ltd.,"Unit Price: ৳ 0.80,(100's pack: ৳ 80.00),",(100's pack: ৳ 80.00)
10095,D Metro,allopathic,d-metrooral-suspension200-mg5-ml,Oral Suspension,Metronidazole,200 mg/5 ml,Desh Pharmaceuticals Ltd.,60 ml bottle: ৳ 16.80,
14526,CZM,allopathic,czmtablet,Tablet,Calcium Carbonate + Vitamin D3 + Multimineral,,Decent Pharma Laboratories Ltd.,"Unit Price: ৳ 4.00,(30's pack: ৳ 120.00),",(30's pack: ৳ 120.00)
11956,CZ,allopathic,cztablet10-mg,Tablet,Cetirizine Hydrochloride,10 mg,Organic Health Care Ltd.,"Unit Price: ৳ 2.51,(100's pack: ৳ 251.00),",(100's pack: ৳ 251.00)
29795,Cytosor,allopathic,cytosoriv-infusion100-mgvial,IV Infusion,Cytarabine,100 mg/vial,Eskayef Pharmaceuticals Ltd.,100 mg vial: ৳ 180.00,
31246,Cytosor,allopathic,cytosoriv-infusion500-mgvial,IV Infusion,Cytarabine,500 mg/vial,Eskayef Pharmaceuticals Ltd.,500 mg vial: ৳ 900.00,
31534,Cytopag,allopathic,cytopagtablet25-mg,Tablet,Eltrombopag Olamine,25 mg,ACI Limited,"Unit Price: ৳ 500.00,(7's pack: ৳ 3,500.00),,Unit Price: ৳ 500.00,(14's pack: ৳ 7,000.00),","(7's pack: ৳ 3,500.00),(14's pack: ৳ 7,000.00)"
26198,Cytomis Kit,allopathic,cytomis-kittablet200-mg200-mcg,Tablet,Mifepristone + Misoprostol,200 mg+200 mcg,Incepta Pharmaceuticals Ltd.,5 tablet kit: ৳ 300.00,
15656,Cytomis,allopathic,cytomistablet200-mcg,Tablet,Misoprostol,200 mcg,Incepta Pharmaceuticals Ltd.,"Unit Price: ৳ 15.00,(30's pack: ৳ 450.00),",(30's pack: ৳ 450.00)
15655,Cytomis,allopathic,cytomistablet100-mcg,Tablet,Misoprostol,100 mcg,Incepta Pharmaceuticals Ltd.,"Unit Price: ৳ 8.00,(30's pack: ৳ 240.00),",(30's pack: ৳ 240.00)
22570,Cytomis,allopathic,cytomistablet600-mcg,Tablet,Misoprostol,600 mcg,Incepta Pharmaceuticals Ltd.,"Unit Price: ৳ 40.00,(10's pack: ৳ 400.00),",(10's pack: ৳ 400.00)
28356,Cytomia,allopathic,cytomiaiv-infusion100-mgvial,IV Infusion,Cytarabine,100 mg/vial,Drug International Ltd.,100 mg vial: ৳ 180.00,
20610,Cytogem,allopathic,cytogemiv-infusion200-mgvial,IV Infusion,Gemcitabine,200 mg/vial,Drug International Ltd.,"200 mg vial: ৳ 1,200.00",
26689,Cytogem,allopathic,cytogemiv-infusion1-gmvial,IV Infusion,Gemcitabine,1 gm/vial,Drug International Ltd.,"1 gm vial: ৳ 4,500.00",
28122,Cytocid,allopathic,cytocidoral-suspension175-mg225-mg5-ml,Oral Suspension,Aluminium Hydroxide + Magnesium Hydroxide,(175 mg+225 mg)/5 ml,Central Pharmaceuticals Ltd.,200 ml bottle: ৳ 32.00,
463,Cytocid,allopathic,cytocidchewable-tablet250-mg400-mg,Chewable Tablet,Aluminium Hydroxide + Magnesium Hydroxide,250 mg+400 mg,Central Pharmaceuticals Ltd.,"Unit Price: ৳ 0.50,(200's pack: ৳ 100.00),",(200's pack: ৳ 100.00)
18574,Cytocarb,allopathic,cytocarbiv-infusion10-mgml,IV Infusion,Carboplatin,10 mg/ml,Healthcare Pharmaceuticals Ltd.,"150 mg vial: ৳ 1,600.00,450 mg vial: ৳ 4,400.00",
31241,Cytara,allopathic,cytaraiv-infusion100-mgvial,IV Infusion,Cytarabine,100 mg/vial,Healthcare Pharmaceuticals Ltd.,100 mg vial: ৳ 200.00,
31242,Cytara,allopathic,cytaraiv-infusion500-mgvial,IV Infusion,Cytarabine,500 mg/vial,Healthcare Pharmaceuticals Ltd.,500 mg vial: ৳ 950.00,
29703,Hamdard Chyabanprash,herbal,hamdard-chyabanprashoral-suspension,Oral Suspension,Emblic Myrobalan + Aswagandha + Grape,,Hamdard Bangladesh,"250 gm container: ৳ 250.00,500 gm container: ৳ 450.00",
28133,D-Floxin,allopathic,d-floxinpowder-for-suspension250-mg5-ml,Powder for Suspension,Ciprofloxacin,250 mg/5 ml,Doctor’s Chemical Works Ltd.,60 ml bottle: ৳ 65.00,
9249,D-Floxin,allopathic,d-floxintablet250-mg,Tablet,Ciprofloxacin,250 mg,Doctor’s Chemical Works Ltd.,"Unit Price: ৳ 4.55,(30's pack: ৳ 136.50),",(30's pack: ৳ 136.50)
7546,D-Fix,allopathic,d-fixpowder-for-suspension100-mg5-ml,Powder for Suspension,Cefixime Trihydrate,100 mg/5 ml,Desh Pharmaceuticals Ltd.,50 ml bottle: ৳ 160.00,
7545,D-Fix,allopathic,d-fixcapsule200-mg,Capsule,Cefixime Trihydrate,200 mg,Desh Pharmaceuticals Ltd.,"Unit Price: ৳ 25.00,(6's pack: ৳ 150.00),,Unit Price: ৳ 25.00,(12's pack: ৳ 300.00),","(6's pack: ৳ 150.00),(12's pack: ৳ 300.00)"
30081,D-film,allopathic,d-filmtopical-solution167167,Topical Solution,Salicylic Acid + Lactic Acid,16.7%+16.7%,UniMed UniHealth,15 ml bottle: ৳ 250.00,
30025,D-Fill,allopathic,d-fillcapsule40000-iu,Capsule,Colecalciferol [Vitamin D3],40000 IU,General Pharmaceuticals Ltd.,"Unit Price: ৳ 35.00,(10's pack: ৳ 350.00),",(10's pack: ৳ 350.00)
30024,D-Fill,allopathic,d-fillcapsule20000-iu,Capsule,Colecalciferol [Vitamin D3],20000 IU,General Pharmaceuticals Ltd.,"Unit Price: ৳ 20.00,(10's pack: ৳ 200.00),",(10's pack: ৳ 200.00)
11110,D-Fenac,allopathic,d-fenacgel1-ww,Gel,Diclofenac Sodium,1% w/w,Doctor’s Chemical Works Ltd.,"10 gm tube: ৳ 12.68,20 gm tube: ৳ 25.00",
10803,D-Fen,allopathic,d-fentablet15-mg,Tablet,Pizotifen,1.5 mg,Drug International Ltd.,"Unit Price: ৳ 6.00,(50's pack: ৳ 300.00),",(50's pack: ৳ 300.00)
10802,D-Fen,allopathic,d-fentablet05-mg,Tablet,Pizotifen,0.5 mg,Drug International Ltd.,"Unit Price: ৳ 3.00,(50's pack: ৳ 150.00),",(50's pack: ৳ 150.00)
3181,D-Dopamine,allopathic,d-dopamineiv-injection200-mg5-ml,IV Injection,Dopamine Hydrochloride,200 mg/5 ml,Drug International Ltd.,"5 ml ampoule: ৳ 45.15,(3's pack: ৳ 135.45),",(3's pack: ৳ 135.45)
5100,D-Dopa,allopathic,d-dopatablet100-mg10-mg,Tablet,Levodopa + Carbidopa (FC tablet),100 mg+10 mg,Drug International Ltd.,"Unit Price: ৳ 6.00,(30's pack: ৳ 180.00),",(30's pack: ৳ 180.00)
5101,D-Dopa,allopathic,d-dopatablet250-mg25-mg,Tablet,Levodopa + Carbidopa (FC tablet),250 mg+25 mg,Drug International Ltd.,"Unit Price: ৳ 6.05,(50's pack: ৳ 302.50),",(50's pack: ৳ 302.50)
3991,D-cough,allopathic,d-coughsyrup10-mg5-ml,Syrup,Dextromethorphan Hydrobromide,10 mg/5 ml,Opsonin Pharma Ltd.,100 ml bottle: ৳ 35.11,
15779,D-Cort,allopathic,d-cortophthalmic-solution01,Ophthalmic Solution,Dexamethasone (Ophthalmic),0.10%,Globe Pharmaceuticals Ltd.,5 ml drop: ৳ 70.00,
5741,D-cort,allopathic,d-corttablet05-mg,Tablet,Dexamethasone,0.5 mg,Globe Pharmaceuticals Ltd.,"Unit Price: ৳ 0.75,(100's pack: ৳ 75.00),",(100's pack: ৳ 75.00)
5742,D-cort,allopathic,d-cortimiv-injection5-mgml,IM/IV Injection,Dexamethasone,5 mg/ml,Globe Pharmaceuticals Ltd.,"1 ml ampoule: ৳ 15.00,(10's pack: ৳ 150.00),",(10's pack: ৳ 150.00)
10419,D-Cetamol,allopathic,d-cetamoloral-suspension120-mg5-ml,Oral Suspension,Paracetamol,120 mg/5 ml,Decent Pharma Laboratories Ltd.,60 ml bottle: ৳ 16.00,
10418,D-Cetamol,allopathic,d-cetamoltablet500-mg,Tablet,Paracetamol,500 mg,Decent Pharma Laboratories Ltd.,"Unit Price: ৳ 0.80,(250's pack: ৳ 200.00),",(250's pack: ৳ 200.00)
29567,D-Care,allopathic,d-carecapsule40000-iu,Capsule,Colecalciferol [Vitamin D3],40000 IU,The White Horse Pharma,"Unit Price: ৳ 35.00,(10's pack: ৳ 350.00),",(10's pack: ৳ 350.00)
29566,D-Care,allopathic,d-carecapsule20000-iu,Capsule,Colecalciferol [Vitamin D3],20000 IU,The White Horse Pharma,"Unit Price: ৳ 20.00,(10's pack: ৳ 200.00),",(10's pack: ৳ 200.00)
31050,D-Cap,allopathic,d-capcapsule2000-iu,Capsule,Colecalciferol [Vitamin D3],2000 IU,Drug International Ltd.,"Unit Price: ৳ 7.00,(50's pack: ৳ 350.00),",(50's pack: ৳ 350.00)
19317,D-Cap,allopathic,d-capcapsule800-iu,Capsule,Colecalciferol [Vitamin D3],800 IU,Drug International Ltd.,"Unit Price: ৳ 4.00,(50's pack: ৳ 200.00),",(50's pack: ৳ 200.00)
19316,D-Cap,allopathic,d-capcapsule20000-iu,Capsule,Colecalciferol [Vitamin D3],20000 IU,Drug International Ltd.,"Unit Price: ৳ 20.00,(10's pack: ৳ 200.00),",(10's pack: ৳ 200.00)
19315,D-Cap,allopathic,d-capcapsule40000-iu,Capsule,Colecalciferol [Vitamin D3],40000 IU,Drug International Ltd.,"Unit Price: ৳ 35.00,(10's pack: ৳ 350.00),",(10's pack: ৳ 350.00)
29364,D-Cap,allopathic,d-capcapsule1000-iu,Capsule,Colecalciferol [Vitamin D3],1000 IU,Drug International Ltd.,"Unit Price: ৳ 5.00,(50's pack: ৳ 250.00),",(50's pack: ৳ 250.00)
21606,D-Butamol,allopathic,d-butamoltablet2-mg,Tablet,Salbutamol,2 mg,Doctor’s Chemical Works Ltd.,"Unit Price: ৳ 0.26,(100's pack: ৳ 26.00),",(100's pack: ৳ 26.00)
21605,D-Butamol,allopathic,d-butamoltablet4-mg,Tablet,Salbutamol,4 mg,Doctor’s Chemical Works Ltd.,"Unit Price: ৳ 0.33,(100's pack: ৳ 33.00),",(100's pack: ৳ 33.00)
3465,D-Butamol,allopathic,d-butamolsyrup2-mg5-ml,Syrup,Salbutamol,2 mg/5 ml,Doctor’s Chemical Works Ltd.,100 ml bottle: ৳ 14.00,
23204,ACI ORS Fruity,allopathic,aci-ors-fruityoral-powder,Oral Powder,Oral Rehydration Salt [Flavored],,ACI Limited,"Unit Price: ৳ 5.00,(20's pack: ৳ 100.00),",(20's pack: ৳ 100.00)
23195,ACI ORS,allopathic,aci-orsoral-powder1025-gm,Oral Powder,Oral Rehydration Salt [Powder],10.25 gm,ACI Limited,"Unit Price: ৳ 5.00,(20's pack: ৳ 100.00),",(20's pack: ৳ 100.00)
29346,D-Vine,allopathic,d-vinecapsule20000-iu,Capsule,Colecalciferol [Vitamin D3],20000 IU,Healthcare Pharmaceuticals Ltd.,"Unit Price: ৳ 20.00,(20's pack: ৳ 400.00),",(20's pack: ৳ 400.00)
32656,D-Vine,allopathic,d-vinetablet2000-iu,Tablet,Colecalciferol [Vitamin D3],2000 IU,Healthcare Pharmaceuticals Ltd.,"Unit Price: ৳ 2.50,(30's pack: ৳ 75.00),",(30's pack: ৳ 75.00)
4893,D-Toin,allopathic,d-tointablet100-mg,Tablet,Phenytoin Sodium,100 mg,Drug International Ltd.,"Unit Price: ৳ 3.50,(100's pack: ৳ 350.00),",(100's pack: ৳ 350.00)
29042,D-Star,allopathic,d-startablet2000-iu,Tablet,Colecalciferol [Vitamin D3],2000 IU,NIPRO JMI Pharma Ltd.,"Unit Price: ৳ 2.50,(30's pack: ৳ 75.00),",(30's pack: ৳ 75.00)
26118,D-Star,allopathic,d-starcapsule20000-iu,Capsule,Colecalciferol [Vitamin D3],20000 IU,NIPRO JMI Pharma Ltd.,"Unit Price: ৳ 20.00,(10's pack: ৳ 200.00),",(10's pack: ৳ 200.00)
26119,D-Star,allopathic,d-starcapsule40000-iu,Capsule,Colecalciferol [Vitamin D3],40000 IU,NIPRO JMI Pharma Ltd.,"Unit Price: ৳ 35.00,(8's pack: ৳ 280.00),",(8's pack: ৳ 280.00)
33006,D-Sol,allopathic,d-solnasal-drop09,Nasal Drop,Sodium Chloride (Nasal preparation),0.90%,Aristopharma Ltd.,10 ml drop: ৳ 23.00,
28857,D-Shine,allopathic,d-shinecapsule40000-iu,Capsule,Colecalciferol [Vitamin D3],40000 IU,One Pharma Ltd.,"Unit Price: ৳ 34.00,(10's pack: ৳ 340.00),",(10's pack: ৳ 340.00)
28856,D-Shine,allopathic,d-shinecapsule20000-iu,Capsule,Colecalciferol [Vitamin D3],20000 IU,One Pharma Ltd.,"Unit Price: ৳ 19.00,(20's pack: ৳ 380.00),",(20's pack: ৳ 380.00)
29357,D-Shine,allopathic,d-shinetablet2000-iu,Tablet,Colecalciferol [Vitamin D3],2000 IU,One Pharma Ltd.,"Unit Price: ৳ 2.30,(100's pack: ৳ 230.00),",(100's pack: ৳ 230.00)
19312,D-Rise,allopathic,d-risecapsule40000-iu,Capsule,Colecalciferol [Vitamin D3],40000 IU,Beximco Pharmaceuticals Ltd.,"Unit Price: ৳ 35.00,(10's pack: ৳ 350.00),",(10's pack: ৳ 350.00)
19313,D-Rise,allopathic,d-risecapsule20000-iu,Capsule,Colecalciferol [Vitamin D3],20000 IU,Beximco Pharmaceuticals Ltd.,"Unit Price: ৳ 20.00,(10's pack: ৳ 200.00),",(10's pack: ৳ 200.00)
19314,D-Rise,allopathic,d-risetablet2000-iu,Tablet,Colecalciferol [Vitamin D3],2000 IU,Beximco Pharmaceuticals Ltd.,"Unit Price: ৳ 2.50,(30's pack: ৳ 75.00),",(30's pack: ৳ 75.00)
30302,D-Rise,allopathic,d-riseim-injection200000-iuml,IM Injection,Colecalciferol [Vitamin D3],200000 IU/ml,Beximco Pharmaceuticals Ltd.,1 ml ampoule: ৳ 120.00,
31217,D-Revive,allopathic,d-revivecapsule20000-iu,Capsule,Colecalciferol [Vitamin D3],20000 IU,Labaid Pharma Ltd.,"Unit Price: ৳ 20.00,(10's pack: ৳ 200.00),",(10's pack: ৳ 200.00)
32680,D-Revive,allopathic,d-revivetablet2000-iu,Tablet,Colecalciferol [Vitamin D3],2000 IU,Labaid Pharma Ltd.,"Unit Price: ৳ 2.50,(60's pack: ৳ 150.00),",(60's pack: ৳ 150.00)
32679,D-Revive,allopathic,d-revivetablet1000-iu,Tablet,Colecalciferol [Vitamin D3],1000 IU,Labaid Pharma Ltd.,"Unit Price: ৳ 2.00,(60's pack: ৳ 120.00),",(60's pack: ৳ 120.00)
31218,D-Revive,allopathic,d-revivecapsule40000-iu,Capsule,Colecalciferol [Vitamin D3],40000 IU,Labaid Pharma Ltd.,"Unit Price: ৳ 35.00,(12's pack: ৳ 420.00),",(12's pack: ৳ 420.00)
32507,D-Proton,allopathic,d-protoncapsule-delayed-release30-mg,Capsule (Delayed Release),Dexlansoprazole,30 mg,Doctor TIMS Pharmaceuticals Ltd.,"Unit Price: ৳ 10.00,(50's pack: ৳ 500.00),",(50's pack: ৳ 500.00)
23672,D-Pira,allopathic,d-piratablet800-mg,Tablet,Piracetam,800 mg,Drug International Ltd.,"Unit Price: ৳ 6.00,(30's pack: ৳ 180.00),",(30's pack: ৳ 180.00)
4220,D-Pam,allopathic,d-pamtablet5-mg,Tablet,Diazepam,5 mg,General Pharmaceuticals Ltd.,"Unit Price: ৳ 0.68,(100's pack: ৳ 68.00),",(100's pack: ৳ 68.00)
15767,D-One,allopathic,d-oneophthalmic-solution01,Ophthalmic Solution,Dexamethasone (Ophthalmic),0.10%,Nipa Pharmaceuticals Ltd.,5 ml drop: ৳ 70.00,
21721,D-Lina,allopathic,d-linatablet5-mg,Tablet,Linagliptin,5 mg,Desh Pharmaceuticals Ltd.,"Unit Price: ৳ 16.00,(30's pack: ৳ 480.00),",(30's pack: ৳ 480.00)
14263,D-Lactate,allopathic,d-lactatetablet300-mg,Tablet,Calcium Lactate,300 mg,Doctor’s Chemical Works Ltd.,"Unit Price: ৳ 0.29,(100's pack: ৳ 29.00),",(100's pack: ৳ 29.00)
2380,D-Lac,allopathic,d-lacoral-solution335-gm5-ml,Oral Solution,Lactulose,3.35 gm/5 ml,Drug International Ltd.,"50 ml bottle: ৳ 70.00,100 ml bottle: ৳ 130.00,200 ml bottle: ৳ 220.00",
28651,D-gain ODT,allopathic,d-gain-odtdispersible-tablet2000-iu,Dispersible Tablet,Colecalciferol [Vitamin D3],2000 IU,Beacon Pharmaceuticals Ltd.,"Unit Price: ৳ 4.00,(10's pack: ৳ 40.00),",(10's pack: ৳ 40.00)
28650,D-gain,allopathic,d-gaincapsule40000-iu,Capsule,Colecalciferol [Vitamin D3],40000 IU,Beacon Pharmaceuticals Ltd.,"Unit Price: ৳ 35.00,(6's pack: ৳ 210.00),",(6's pack: ৳ 210.00)
28649,D-gain,allopathic,d-gaincapsule20000-iu,Capsule,Colecalciferol [Vitamin D3],20000 IU,Beacon Pharmaceuticals Ltd.,"Unit Price: ৳ 20.00,(8's pack: ৳ 160.00),",(8's pack: ৳ 160.00)
5371,D-Fo,allopathic,d-fotablet850-mg,Tablet,Metformin Hydrochloride,850 mg,Decent Pharma Laboratories Ltd.,"Unit Price: ৳ 2.50,(30's pack: ৳ 75.00),",(30's pack: ৳ 75.00)
9250,D-Floxin,allopathic,d-floxintablet500-mg,Tablet,Ciprofloxacin,500 mg,Doctor’s Chemical Works Ltd.,"Unit Price: ৳ 12.00,(30's pack: ৳ 360.00),",(30's pack: ৳ 360.00)
22,Acflam,allopathic,acflamtablet100-mg,Tablet,Aceclofenac,100 mg,Apollo Pharmaceutical Ltd.,"Unit Price: ৳ 4.00,(100's pack: ৳ 400.00),",(100's pack: ৳ 400.00)
12734,Daivonex,allopathic,daivonexointment0005-ww,Ointment,Calcipotriol Monohydrate,0.005% w/w,Bristol Myers Squibb,"30 gm tube: ৳ 1,377.98",
2416,Daflon,allopathic,daflontablet450-mg50-mg,Tablet,Micronised Diosmin + Hesperidin,450 mg+50 mg,Servier Bangladesh Operation,"Unit Price: ৳ 13.00,(30's pack: ৳ 390.00),",(30's pack: ৳ 390.00)
28218,Daflon,allopathic,daflontablet900-mg100-mg,Tablet,Micronised Diosmin + Hesperidin,900 mg+100 mg,Servier Bangladesh Operation,"Unit Price: ৳ 23.00,(30's pack: ৳ 690.00),",(30's pack: ৳ 690.00)
5284,Dactus,allopathic,dactustablet2-mg,Tablet,Glimepiride,2 mg,ACME Laboratories Ltd.,"Unit Price: ৳ 6.50,(40's pack: ৳ 260.00),",(40's pack: ৳ 260.00)
5285,Dactus,allopathic,dactustablet3-mg,Tablet,Glimepiride,3 mg,ACME Laboratories Ltd.,"Unit Price: ৳ 8.50,(30's pack: ৳ 255.00),",(30's pack: ৳ 255.00)
5283,Dactus,allopathic,dactustablet1-mg,Tablet,Glimepiride,1 mg,ACME Laboratories Ltd.,"Unit Price: ৳ 4.00,(50's pack: ৳ 200.00),",(50's pack: ৳ 200.00)
33162,Dacocent,allopathic,dacocenttablet45-mg,Tablet,Dacomitinib,45 mg,Incepta Pharmaceuticals Ltd.,"Unit Price: ৳ 300.00,(10's pack: ৳ 3,000.00),","(10's pack: ৳ 3,000.00)"
12768,Daclin,allopathic,daclinlotion1,Lotion,Clindamycin (Lotion),1%,ACI Limited,25 ml bottle: ৳ 125.38,
8837,Daclin,allopathic,daclincapsule150-mg,Capsule,Clindamycin,150 mg,ACI Limited,"Unit Price: ৳ 8.02,(30's pack: ৳ 240.60),",(30's pack: ৳ 240.60)
8838,Daclin,allopathic,daclincapsule300-mg,Capsule,Clindamycin,300 mg,ACI Limited,"Unit Price: ৳ 15.05,(30's pack: ৳ 451.50),",(30's pack: ৳ 451.50)
28838,Daclaxen,allopathic,daclaxentablet60-mg,Tablet,Daclatasvir,60 mg,Everest Pharmaceuticals Ltd.,"Unit Price: ৳ 395.00,(7's pack: ৳ 2,765.00),,Unit Price: ৳ 395.00,(14's pack: ৳ 5,530.00),","(7's pack: ৳ 2,765.00),(14's pack: ৳ 5,530.00)"
16383,Daclavir,allopathic,daclavirtablet60-mg,Tablet,Daclatasvir,60 mg,Beacon Pharmaceuticals Ltd.,"Unit Price: ৳ 400.00,(10's pack: ৳ 4,000.00),","(10's pack: ৳ 4,000.00)"
30842,Daclacee,allopathic,daclaceetablet60-mg,Tablet,Daclatasvir,60 mg,Jenphar Bangladesh Ltd.,"Unit Price: ৳ 400.00,(60's pack: ৳ 24,000.00),","(60's pack: ৳ 24,000.00)"
26011,Dacarzin,allopathic,dacarziniv-infusion200-mgvial,IV Infusion,Dacarbazine,200 mg/vial,Beacon Pharmaceuticals Ltd.,"200 mg vial: ৳ 1,000.00",
20528,Dabixta,allopathic,dabixtacapsule110-mg,Capsule,Dabigatran Etexilate Mesylate,110 mg,UniMed UniHealth,"Unit Price: ৳ 95.00,(10's pack: ৳ 950.00),",(10's pack: ৳ 950.00)
20527,Dabixta,allopathic,dabixtacapsule75-mg,Capsule,Dabigatran Etexilate Mesylate,75 mg,UniMed UniHealth,"Unit Price: ৳ 75.00,(10's pack: ৳ 750.00),",(10's pack: ৳ 750.00)
32714,Dabiran,allopathic,dabirancapsule75-mg,Capsule,Dabigatran Etexilate Mesylate,75 mg,Healthcare Pharmaceuticals Ltd.,Unit Price: ৳ 75.00,
32713,Dabiran,allopathic,dabirancapsule110-mg,Capsule,Dabigatran Etexilate Mesylate,110 mg,Healthcare Pharmaceuticals Ltd.,"Unit Price: ৳ 95.00,(12's pack: ৳ 1,140.00),","(12's pack: ৳ 1,140.00)"
32712,Dabiran,allopathic,dabirancapsule150-mg,Capsule,Dabigatran Etexilate Mesylate,150 mg,Healthcare Pharmaceuticals Ltd.,"Unit Price: ৳ 95.00,(12's pack: ৳ 1,140.00),","(12's pack: ৳ 1,140.00)"
32716,Dabigat,allopathic,dabigatcapsule75-mg,Capsule,Dabigatran Etexilate Mesylate,75 mg,Incepta Pharmaceuticals Ltd.,Unit Price: ৳ 75.00,
32715,Dabigat,allopathic,dabigatcapsule110-mg,Capsule,Dabigatran Etexilate Mesylate,110 mg,Incepta Pharmaceuticals Ltd.,Unit Price: ৳ 95.00,
27548,D3,allopathic,d3im-injection200000-iuml,IM Injection,Colecalciferol [Vitamin D3],200000 IU/ml,ACI Limited,1 ml ampoule: ৳ 120.00,
27547,D3,allopathic,d3pediatric-drops200-iuml,Pediatric Drops,Colecalciferol [Vitamin D3],200 IU/ml,ACI Limited,15 ml bottle: ৳ 75.00,
26347,D3,allopathic,d3tablet2000-iu,Tablet,Colecalciferol [Vitamin D3],2000 IU,ACI Limited,"Unit Price: ৳ 2.50,(30's pack: ৳ 75.00),",(30's pack: ৳ 75.00)
26348,D3,allopathic,d3capsule20000-iu,Capsule,Colecalciferol [Vitamin D3],20000 IU,ACI Limited,"Unit Price: ৳ 20.00,(10's pack: ৳ 200.00),",(10's pack: ৳ 200.00)
26349,D3,allopathic,d3capsule40000-iu,Capsule,Colecalciferol [Vitamin D3],40000 IU,ACI Limited,"Unit Price: ৳ 35.00,(12's pack: ৳ 420.00),",(12's pack: ৳ 420.00)
15208,D.P.T Vaccine,allopathic,dpt-vaccineinjection05-ml,Injection,Diphtheria + Pertussis + Tetanus [DPT],0.5 ml,CSL Behring,"Unit Price: ৳ 17.95,(10's pack: ৳ 179.50),",(10's pack: ৳ 179.50)
13645,D-Vital,allopathic,d-vitaltablet100-mg200-mg200-mcg,Tablet,"Vitamin B1, B6 & B12",100 mg+200 mg+200 mcg,Doctor’s Chemical Works Ltd.,"Unit Price: ৳ 4.00,(40's pack: ৳ 160.00),",(40's pack: ৳ 160.00)
29560,D-Vine,allopathic,d-vinepediatric-drops200-iuml,Pediatric Drops,Colecalciferol [Vitamin D3],200 IU/ml,Healthcare Pharmaceuticals Ltd.,15 ml bottle: ৳ 75.00,
5,ACF,allopathic,acftablet100-mg,Tablet,Aceclofenac,100 mg,Decent Pharma Laboratories Ltd.,"Unit Price: ৳ 4.00,(100's pack: ৳ 400.00),",(100's pack: ৳ 400.00)
10764,Acetram,allopathic,acetramtablet325-mg375-mg,Tablet,Paracetamol + Tramadol Hydrochloride,325 mg+37.5 mg,Square Pharmaceuticals Ltd.,"Unit Price: ৳ 8.03,(30's pack: ৳ 240.90),",(30's pack: ৳ 240.90)
20437,Danxit,allopathic,danxittablet05-mg10-mg,Tablet,Flupentixol + Melitracen,0.5 mg+10 mg,Astra Biopharmaceuticals Ltd.,Unit Price: ৳ 4.00,
23171,Dantron,allopathic,dantrontablet8-mg,Tablet,Ondansetron,8 mg,One Pharma Ltd.,"Unit Price: ৳ 10.00,(30's pack: ৳ 300.00),",(30's pack: ৳ 300.00)
23172,Dantron,allopathic,dantronoral-solution4-mg5-ml,Oral Solution,Ondansetron,4 mg/5 ml,One Pharma Ltd.,50 ml bottle: ৳ 40.00,
19660,Danlene,allopathic,danlenecapsule25-mg,Capsule,Dantrolene Sodium,25 mg,Incepta Pharmaceuticals Ltd.,"Unit Price: ৳ 10.00,(30's pack: ৳ 300.00),",(30's pack: ৳ 300.00)
19418,Danium,allopathic,daniumtablet10-mg,Tablet,Clobazam,10 mg,Doctor’s Chemical Works Ltd.,"Unit Price: ৳ 2.90,(100's pack: ৳ 290.00),",(100's pack: ৳ 290.00)
32904,Danilo,allopathic,danilotablet60-mg,Tablet,Etoricoxib,60 mg,Healthcare Pharmaceuticals Ltd.,"Unit Price: ৳ 7.00,(30's pack: ৳ 210.00),",(30's pack: ৳ 210.00)
29149,Danilo,allopathic,danilotablet90-mg,Tablet,Etoricoxib,90 mg,Healthcare Pharmaceuticals Ltd.,"Unit Price: ৳ 12.00,(30's pack: ৳ 360.00),",(30's pack: ৳ 360.00)
29148,Danilo,allopathic,danilotablet120-mg,Tablet,Etoricoxib,120 mg,Healthcare Pharmaceuticals Ltd.,"Unit Price: ৳ 14.00,(30's pack: ৳ 420.00),",(30's pack: ৳ 420.00)
29147,Danib,allopathic,danibtablet100-mg,Tablet,Dasatinib,100 mg,Healthcare Pharmaceuticals Ltd.,"Unit Price: ৳ 435.00,(30's pack: ৳ 13,050.00),","(30's pack: ৳ 13,050.00)"
29819,Danflex,allopathic,danflexcapsule25-mg,Capsule,Dantrolene Sodium,25 mg,Opsonin Pharma Ltd.,"Unit Price: ৳ 10.00,(30's pack: ৳ 300.00),",(30's pack: ৳ 300.00)
29820,Danflex,allopathic,danflexcapsule50-mg,Capsule,Dantrolene Sodium,50 mg,Opsonin Pharma Ltd.,"Unit Price: ৳ 15.00,(20's pack: ৳ 300.00),",(20's pack: ৳ 300.00)
9999,Dancel,allopathic,dancelshampoo2,Shampoo,Ketoconazole (Shampoo),2%,Incepta Pharmaceuticals Ltd.,"60 ml bottle: ৳ 175.00,100 ml bottle: ৳ 230.00",
5989,Danazol,allopathic,danazolcapsule100-mg,Capsule,Danazol,100 mg,Ibn Sina Pharmaceuticals Ltd.,"Unit Price: ৳ 20.00,(20's pack: ৳ 400.00),",(20's pack: ৳ 400.00)
5990,Danazol,allopathic,danazolcapsule200-mg,Capsule,Danazol,200 mg,Ibn Sina Pharmaceuticals Ltd.,"Unit Price: ৳ 38.00,(10's pack: ৳ 380.00),",(10's pack: ৳ 380.00)
5981,Danamet,allopathic,danametcapsule100-mg,Capsule,Danazol,100 mg,Eskayef Pharmaceuticals Ltd.,"Unit Price: ৳ 20.00,(20's pack: ৳ 400.00),",(20's pack: ৳ 400.00)
5982,Danamet,allopathic,danametcapsule200-mg,Capsule,Danazol,200 mg,Eskayef Pharmaceuticals Ltd.,"Unit Price: ৳ 38.00,(20's pack: ৳ 760.00),",(20's pack: ৳ 760.00)
24458,Danafil,allopathic,danafiltablet25-mg,Tablet,Sildenafil Citrate,25 mg,NIPRO JMI Pharma Ltd.,Unit Price: ৳ 18.05,
24459,Danafil,allopathic,danafiltablet100-mg,Tablet,Sildenafil Citrate,100 mg,NIPRO JMI Pharma Ltd.,Unit Price: ৳ 50.15,
6000,Danafil,allopathic,danafiltablet50-mg,Tablet,Sildenafil Citrate,50 mg,NIPRO JMI Pharma Ltd.,"Unit Price: ৳ 30.09,(4's pack: ৳ 120.36),",(4's pack: ৳ 120.36)
12791,Dalacin Plus,allopathic,dalacin-plustopical-gel120025,Topical Gel,Clindamycin + Tretinoin,1.2%+0.025%,Drug International Ltd.,15 gm tube: ৳ 150.00,
8842,Dalacin C,allopathic,dalacin-ccapsule300-mg,Capsule,Clindamycin,300 mg,Pfizer,"Unit Price: ৳ 53.01,(16's pack: ৳ 848.16),",(16's pack: ৳ 848.16)
8843,Dalacin C,allopathic,dalacin-cimiv-injection600-mg4-ml,IM/IV Injection,Clindamycin,600 mg/4 ml,Pfizer,4 ml ampoule: ৳ 332.00,
28370,Dalacin,allopathic,dalacinimiv-injection600-mg4-ml,IM/IV Injection,Clindamycin,600 mg/4 ml,Drug International Ltd.,"4 ml ampoule: ৳ 70.00,(3's pack: ৳ 210.00),",(3's pack: ৳ 210.00)
28371,Dalacin,allopathic,dalacinimiv-injection300-mg2-ml,IM/IV Injection,Clindamycin,300 mg/2 ml,Drug International Ltd.,"2 ml ampoule: ৳ 40.00,(5's pack: ৳ 200.00),",(5's pack: ৳ 200.00)
8839,Dalacin,allopathic,dalacincapsule300-mg,Capsule,Clindamycin,300 mg,Drug International Ltd.,"Unit Price: ৳ 15.00,(14's pack: ৳ 210.00),",(14's pack: ৳ 210.00)
10009,Dakrin,allopathic,dakrinoral-gel2-ww,Oral Gel,Miconazole Nitrate (Oral Gel),2% w/w,General Pharmaceuticals Ltd.,15 gm tube: ৳ 60.18,
19655,Dakovir-C,allopathic,dakovir-ctablet60-mg,Tablet,Daclatasvir,60 mg,Beximco Pharmaceuticals Ltd.,"Unit Price: ৳ 400.00,(14's pack: ৳ 5,600.00),","(14's pack: ৳ 5,600.00)"
19656,Dakla,allopathic,daklatablet60-mg,Tablet,Daclatasvir,60 mg,Healthcare Pharmaceuticals Ltd.,"Unit Price: ৳ 400.00,(7's pack: ৳ 2,800.00),","(7's pack: ৳ 2,800.00)"
26182,Daizy,allopathic,daizytablet2-mg,Tablet,Dienogest,2 mg,Square Pharmaceuticals Ltd.,"Unit Price: ৳ 50.00,(10's pack: ৳ 500.00),",(10's pack: ৳ 500.00)
12733,Daivonex,allopathic,daivonexcream0005-ww,Cream,Calcipotriol Monohydrate,0.005% w/w,Bristol Myers Squibb,"30 gm tube: ৳ 1,377.98",
2594,Acetor,allopathic,acetortablet25-mg,Tablet,Captopril,25 mg,Drug International Ltd.,"Unit Price: ৳ 3.00,(100's pack: ৳ 300.00),",(100's pack: ৳ 300.00)
30062,Darboren,allopathic,darborensc-injection40-mcg04-ml,SC Injection,Darbepoetin Alfa,40 mcg/0.4 ml,Square Pharmaceuticals Ltd.,"40 mcg pre-filled syringe: ৳ 4,500.00",
30064,Darboren,allopathic,darborensc-injection60-mcg03-ml,SC Injection,Darbepoetin Alfa,60 mcg/0.3 ml,Square Pharmaceuticals Ltd.,"60 mcg pre-filled syringe: ৳ 5,500.00",
30063,Darboren,allopathic,darborensc-injection25-mcg042-ml,SC Injection,Darbepoetin Alfa,25 mcg/0.42 ml,Square Pharmaceuticals Ltd.,"25 mcg pre-filled syringe: ৳ 2,800.00",
25966,Darbetin,allopathic,darbetinsc-injection25-mcg042-ml,SC Injection,Darbepoetin Alfa,25 mcg/0.42 ml,Healthcare Pharmaceuticals Ltd.,"25 mcg pre-filled syringe: ৳ 2,840.71",
25969,Darbetin,allopathic,darbetinsc-injection100-mcg05-ml,SC Injection,Darbepoetin Alfa,100 mcg/0.5 ml,Healthcare Pharmaceuticals Ltd.,"100 mcg pre-filled syringe: ৳ 9,090.29",
25968,Darbetin,allopathic,darbetinsc-injection60-mcg03-ml,SC Injection,Darbepoetin Alfa,60 mcg/0.3 ml,Healthcare Pharmaceuticals Ltd.,"60 mcg pre-filled syringe: ৳ 5,505.31",
25967,Darbetin,allopathic,darbetinsc-injection40-mcg04-ml,SC Injection,Darbepoetin Alfa,40 mcg/0.4 ml,Healthcare Pharmaceuticals Ltd.,"40 mcg pre-filled syringe: ৳ 4,545.15",
27303,Darbesis,allopathic,darbesissc-injection25-mcg042-ml,SC Injection,Darbepoetin Alfa,25 mcg/0.42 ml,Beacon Pharmaceuticals Ltd.,"25 mcg pre-filled syringe: ৳ 2,840.00",
27304,Darbesis,allopathic,darbesissc-injection40-mcg04-ml,SC Injection,Darbepoetin Alfa,40 mcg/0.4 ml,Beacon Pharmaceuticals Ltd.,"40 mcg pre-filled syringe: ৳ 4,545.00",
27305,Darbesis,allopathic,darbesissc-injection60-mcg03-ml,SC Injection,Darbepoetin Alfa,60 mcg/0.3 ml,Beacon Pharmaceuticals Ltd.,"60 mcg pre-filled syringe: ৳ 5,505.00",
16392,Dapoxen,allopathic,dapoxentablet30-mg,Tablet,Dapoxetine Hydrochloride,30 mg,Opsonin Pharma Ltd.,"Unit Price: ৳ 30.00,(4's pack: ৳ 120.00),",(4's pack: ৳ 120.00)
16393,Dapoxen,allopathic,dapoxentablet60-mg,Tablet,Dapoxetine Hydrochloride,60 mg,Opsonin Pharma Ltd.,"Unit Price: ৳ 50.00,(4's pack: ৳ 200.00),",(4's pack: ৳ 200.00)
16391,Dapotin,allopathic,dapotintablet30-mg,Tablet,Dapoxetine Hydrochloride,30 mg,Beacon Pharmaceuticals Ltd.,"Unit Price: ৳ 30.09,(20's pack: ৳ 601.80),",(20's pack: ৳ 601.80)
16389,Daporex,allopathic,daporextablet30-mg,Tablet,Dapoxetine Hydrochloride,30 mg,Euro Pharma Ltd.,"Unit Price: ৳ 30.00,(8's pack: ৳ 240.00),",(8's pack: ৳ 240.00)
16390,Daporex,allopathic,daporextablet60-mg,Tablet,Dapoxetine Hydrochloride,60 mg,Euro Pharma Ltd.,"Unit Price: ৳ 50.00,(4's pack: ৳ 200.00),",(4's pack: ৳ 200.00)
26721,Dapgel,allopathic,dapgelgel75,Gel,Dapsone,7.50%,Ziska Pharmaceuticals Ltd.,30 gm tube: ৳ 250.00,
30269,Dapclin,allopathic,dapclingel5,Gel,Dapsone,5%,Eskayef Pharmaceuticals Ltd.,30 gm tube: ৳ 200.00,
30268,Dapclin,allopathic,dapclingel75,Gel,Dapsone,7.50%,Eskayef Pharmaceuticals Ltd.,30 gm tube: ৳ 250.00,
16388,Dapazin,allopathic,dapazintablet5-mg,Tablet,Dapagliflozin Propanediol,5 mg,Concord Pharmaceuticals Ltd.,"Unit Price: ৳ 20.00,(28's pack: ৳ 560.00),",(28's pack: ৳ 560.00)
19663,Dapazin,allopathic,dapazintablet10-mg,Tablet,Dapagliflozin Propanediol,10 mg,Concord Pharmaceuticals Ltd.,"Unit Price: ৳ 30.00,(14's pack: ৳ 420.00),",(14's pack: ৳ 420.00)
27306,Dapawin,allopathic,dapawintablet5-mg,Tablet,Dapagliflozin Propanediol,5 mg,Beacon Pharmaceuticals Ltd.,"Unit Price: ৳ 16.00,(30's pack: ৳ 480.00),",(30's pack: ৳ 480.00)
19664,Daparol,allopathic,daparoltablet5-mg,Tablet,Dapagliflozin Propanediol,5 mg,Drug International Ltd.,"Unit Price: ৳ 12.00,(14's pack: ৳ 168.00),",(14's pack: ৳ 168.00)
16387,Dapaglip,allopathic,dapagliptablet5-mg,Tablet,Dapagliflozin Propanediol,5 mg,Incepta Pharmaceuticals Ltd.,"Unit Price: ৳ 16.00,(30's pack: ৳ 480.00),",(30's pack: ৳ 480.00)
30843,Dapaglip,allopathic,dapagliptablet10-mg,Tablet,Dapagliflozin Propanediol,10 mg,Incepta Pharmaceuticals Ltd.,"Unit Price: ৳ 30.00,(20's pack: ৳ 600.00),",(20's pack: ৳ 600.00)
5367,Daomin XR,allopathic,daomin-xrtablet-extended-release500-mg,Tablet (Extended Release),Metformin Hydrochloride,500 mg,ACME Laboratories Ltd.,"Unit Price: ৳ 6.00,(50's pack: ৳ 300.00),",(50's pack: ৳ 300.00)
5368,Daomin XR,allopathic,daomin-xrtablet-extended-release1000-mg,Tablet (Extended Release),Metformin Hydrochloride,1000 mg,ACME Laboratories Ltd.,"Unit Price: ৳ 8.00,(30's pack: ৳ 240.00),",(30's pack: ৳ 240.00)
5366,Daomin,allopathic,daomintablet850-mg,Tablet,Metformin Hydrochloride,850 mg,ACME Laboratories Ltd.,"Unit Price: ৳ 6.00,(40's pack: ৳ 240.00),",(40's pack: ৳ 240.00)
5365,Daomin,allopathic,daomintablet500-mg,Tablet,Metformin Hydrochloride,500 mg,ACME Laboratories Ltd.,"Unit Price: ৳ 4.00,(100's pack: ৳ 400.00),",(100's pack: ৳ 400.00)
5983,Danzol,allopathic,danzolcapsule100-mg,Capsule,Danazol,100 mg,Renata Limited,"Unit Price: ৳ 20.00,(30's pack: ৳ 600.00),",(30's pack: ৳ 600.00)
5984,Danzol,allopathic,danzolcapsule200-mg,Capsule,Danazol,200 mg,Renata Limited,"Unit Price: ৳ 38.00,(20's pack: ৳ 760.00),",(20's pack: ৳ 760.00)
10392,Aceto,allopathic,acetotablet500-mg,Tablet,Paracetamol,500 mg,Reliance Pharmaceuticals Ltd.,"Unit Price: ৳ 0.79,(100's pack: ৳ 79.00),",(100's pack: ৳ 79.00)
12750,De-Rash,allopathic,de-rashointment40,Ointment,Zinc Oxide,40%,Square Pharmaceuticals Ltd.,25 gm tube: ৳ 50.35,
30677,De-Cold,allopathic,de-coldsyrup4-mg5-ml,Syrup,Bromhexine Hydrochloride,4 mg/5 ml,Aexim Pharmaceuticals Ltd.,100 ml bottle: ৳ 30.00,
29780,DDR,allopathic,ddrcapsule-delayed-release30-mg,Capsule (Delayed Release),Dexlansoprazole,30 mg,ACME Laboratories Ltd.,"Unit Price: ৳ 9.00,(30's pack: ৳ 270.00),",(30's pack: ৳ 270.00)
29781,DDR,allopathic,ddrcapsule-delayed-release60-mg,Capsule (Delayed Release),Dexlansoprazole,60 mg,ACME Laboratories Ltd.,"Unit Price: ৳ 16.00,(30's pack: ৳ 480.00),",(30's pack: ৳ 480.00)
3233,Dclot,allopathic,dclottablet75-mg,Tablet,Clopidogrel Bisulphate,75 mg,ACME Laboratories Ltd.,"Unit Price: ৳ 11.00,(30's pack: ৳ 330.00),",(30's pack: ৳ 330.00)
10964,DCF,allopathic,dcftablet50-mg,Tablet,Diclofenac Sodium,50 mg,Decent Pharma Laboratories Ltd.,"Unit Price: ৳ 0.60,(100's pack: ৳ 60.00),",(100's pack: ৳ 60.00)
10577,DC-Plus,allopathic,dc-plustablet500-mg65-mg,Tablet,Paracetamol + Caffeine,500 mg+65 mg,Decent Pharma Laboratories Ltd.,"Unit Price: ৳ 2.00,(100's pack: ৳ 200.00),",(100's pack: ৳ 200.00)
12364,Dazine,allopathic,dazinecream1,Cream,Silver Sulfadiazine,1%,Alco Pharma Ltd.,25 gm tube: ৳ 50.00,
29934,Dayprox,allopathic,dayproxtablet600-mg,Tablet,Oxaprozin,600 mg,Eskayef Pharmaceuticals Ltd.,"Unit Price: ৳ 7.00,(30's pack: ৳ 210.00),",(30's pack: ৳ 210.00)
27302,Daykof,allopathic,daykofsyrup100-mg11-mg14-mg5-ml,Syrup,Guaifenesin + Levomenthol + Diphenhydramine,(100 mg+1.1 mg+14 mg)/5 ml,Beacon Pharmaceuticals Ltd.,100 ml bottle: ৳ 80.24,
11893,Dayhista,allopathic,dayhistatablet50-mg,Tablet,Mebhydrolin Napadisylate,50 mg,Medimet Pharmaceuticals Ltd.,"Unit Price: ৳ 2.50,(100's pack: ৳ 250.00),",(100's pack: ৳ 250.00)
28369,Daxotel,allopathic,daxoteliv-infusion80-mgvial,IV Infusion,Docetaxel Trihydrate,80 mg/vial,Drug International Ltd.,"80 mg vial: ৳ 8,500.00",
19669,Daxetin,allopathic,daxetintablet30-mg,Tablet,Dapoxetine Hydrochloride,30 mg,ACI Limited,"Unit Price: ৳ 30.00,(12's pack: ৳ 360.00),",(12's pack: ৳ 360.00)
19670,Daxetin,allopathic,daxetintablet60-mg,Tablet,Dapoxetine Hydrochloride,60 mg,ACI Limited,"Unit Price: ৳ 50.00,(8's pack: ৳ 400.00),",(8's pack: ৳ 400.00)
14378,Davycal,allopathic,davycaltablet400-mg,Tablet,Calcium Orotate,400 mg,Novelta Bestway Pharma Ltd.,"Unit Price: ৳ 8.00,(30's pack: ৳ 240.00),",(30's pack: ৳ 240.00)
32001,Daunobin,allopathic,daunobiniv-infusion20-mg4-ml,IV Infusion,Daunorubicin,20 mg/4 ml,Healthcare Pharmaceuticals Ltd.,20 mg vial: ৳ 600.00,
31171,Dasinib,allopathic,dasinibtablet100-mg,Tablet,Dasatinib,100 mg,Drug International Ltd.,"Unit Price: ৳ 280.00,(20's pack: ৳ 5,600.00),","(20's pack: ৳ 5,600.00)"
30845,Dasatin,allopathic,dasatintablet100-mg,Tablet,Dasatinib,100 mg,Jenphar Bangladesh Ltd.,"Unit Price: ৳ 350.00,(30's pack: ৳ 10,500.00),","(30's pack: ৳ 10,500.00)"
32449,Dasatab,allopathic,dasatabtablet20-mg,Tablet,Dasatinib,20 mg,Eskayef Pharmaceuticals Ltd.,"Unit Price: ৳ 80.00,(30's pack: ৳ 2,400.00),","(30's pack: ৳ 2,400.00)"
32450,Dasatab,allopathic,dasatabtablet100-mg,Tablet,Dasatinib,100 mg,Eskayef Pharmaceuticals Ltd.,"Unit Price: ৳ 400.00,(30's pack: ৳ 12,000.00),","(30's pack: ৳ 12,000.00)"
27272,Dasanix,allopathic,dasanixtablet50-mg,Tablet,Dasatinib,50 mg,Beacon Pharmaceuticals Ltd.,"Unit Price: ৳ 200.00,(60's pack: ৳ 12,000.00),","(60's pack: ৳ 12,000.00)"
17248,Dasanix,allopathic,dasanixtablet20-mg,Tablet,Dasatinib,20 mg,Beacon Pharmaceuticals Ltd.,"Unit Price: ৳ 80.00,(30's pack: ৳ 2,400.00),","(30's pack: ৳ 2,400.00)"
17249,Dasanix,allopathic,dasanixtablet100-mg,Tablet,Dasatinib,100 mg,Beacon Pharmaceuticals Ltd.,"Unit Price: ৳ 400.00,(30's pack: ৳ 12,000.00),","(30's pack: ৳ 12,000.00)"
30221,Dasacent,allopathic,dasacenttablet140-mg,Tablet,Dasatinib,140 mg,Incepta Pharmaceuticals Ltd.,"Unit Price: ৳ 550.00,(10's pack: ৳ 5,500.00),","(10's pack: ৳ 5,500.00)"
30220,Dasacent,allopathic,dasacenttablet100-mg,Tablet,Dasatinib,100 mg,Incepta Pharmaceuticals Ltd.,"Unit Price: ৳ 400.00,(10's pack: ৳ 4,000.00),","(10's pack: ৳ 4,000.00)"
19657,Darvoni,allopathic,darvonitablet60-mg400-mg,Tablet,Daclatasvir + Sofosbuvir,60 mg+400 mg,Beacon Pharmaceuticals Ltd.,"Unit Price: ৳ 1,000.00,(6's pack: ৳ 6,000.00),","(6's pack: ৳ 6,000.00)"
29900,Darven,allopathic,darventablet5-mg,Tablet,Cilnidipine,5 mg,General Pharmaceuticals Ltd.,"Unit Price: ৳ 7.00,(30's pack: ৳ 210.00),",(30's pack: ৳ 210.00)
29901,Darven,allopathic,darventablet10-mg,Tablet,Cilnidipine,10 mg,General Pharmaceuticals Ltd.,"Unit Price: ৳ 9.00,(30's pack: ৳ 270.00),",(30's pack: ৳ 270.00)
32795,Darma,allopathic,darmacapsule150-mg,Capsule,Fluconazole,150 mg,Alco Pharma Ltd.,"Unit Price: ৳ 8.02,(12's pack: ৳ 96.24),",(12's pack: ৳ 96.24)
15627,Darifen ER,allopathic,darifen-ertablet-extended-release75-mg,Tablet (Extended Release),Darifenacin,7.5 mg,ACME Laboratories Ltd.,"Unit Price: ৳ 22.07,(7's pack: ৳ 154.50),",(7's pack: ৳ 154.50)
33042,Aceten,allopathic,aceteneffervescent-granules100-mgsachet,Effervescent Granules,Acetylcysteine,100 mg/sachet,Eskayef Pharmaceuticals Ltd.,"100 mg sachet: ৳ 10.00,(20's pack: ৳ 200.00),",(20's pack: ৳ 200.00)
13339,Defaz CI,allopathic,defaz-cicapsule-timed-release50-mg050-mg6180-mg,Capsule (Timed Release),Carbonyl Iron + Folic Acid + Zinc Sulfate,50 mg+0.50 mg+61.80 mg,ACME Laboratories Ltd.,"Unit Price: ৳ 3.01,(30's pack: ৳ 90.30),",(30's pack: ৳ 90.30)
29408,Deep Heat,allopathic,deep-heatcream308,Cream,Methyl Salicylate + Menthol,30%+8%,Pharmasia Limited,"30 gm tube: ৳ 90.00,5 gm tube: ৳ 25.00",
12232,Deen,allopathic,deentablet5-mg,Tablet,Desloratadine,5 mg,Kemiko Pharmaceuticals Ltd.,"Unit Price: ৳ 2.51,(50's pack: ৳ 125.50),",(50's pack: ৳ 125.50)
1525,Dedom,allopathic,dedomtablet10-mg,Tablet,Domperidone Maleate,10 mg,Decent Pharma Laboratories Ltd.,"Unit Price: ৳ 1.90,(100's pack: ৳ 190.00),",(100's pack: ৳ 190.00)
1526,Dedom,allopathic,dedomoral-suspension5-mg5-ml,Oral Suspension,Domperidone Maleate,5 mg/5 ml,Decent Pharma Laboratories Ltd.,60 ml bottle: ৳ 28.00,
3971,Deconil SR,allopathic,deconil-srtablet-sustained-release50-mg,Tablet (Sustained Release),Butamirate Citrate,50 mg,Orion Pharma Ltd.,"Unit Price: ৳ 10.07,(30's pack: ৳ 302.10),",(30's pack: ৳ 302.10)
3986,Deconil,allopathic,deconilsyrup75-mg5-ml,Syrup,Butamirate Citrate,7.5 mg/5 ml,Orion Pharma Ltd.,100 ml bottle: ৳ 80.24,
28868,Decomit Plus,allopathic,decomit-plusinhaler200-mcg6-mcgpuff,Inhaler,Beclometasone Dipropionate + Formoterol Fumarate,(200 mcg+6 mcg)/puff,Beximco Pharmaceuticals Ltd.,200 metered doses: ৳ 550.00,
28869,Decomit Plus,allopathic,decomit-plusinhaler100-mcg6-mcgpuff,Inhaler,Beclometasone Dipropionate + Formoterol Fumarate,(100 mcg+6 mcg)/puff,Beximco Pharmaceuticals Ltd.,200 metered doses: ৳ 450.00,
3871,Decomit,allopathic,decomitinhaler50-mcgpuff,Inhaler,Beclomethasone Dipropionate (Inhaler),50 mcg/puff,Beximco Pharmaceuticals Ltd.,200 metered doses: ৳ 220.00,
3869,Decomit,allopathic,decomitinhaler100-mcgpuff,Inhaler,Beclomethasone Dipropionate (Inhaler),100 mcg/puff,Beximco Pharmaceuticals Ltd.,200 metered doses: ৳ 270.00,
16299,Decomit,allopathic,decomitnasal-spray50-mcgspray,Nasal Spray,Beclomethasone Dipropionate (Nasal Spray),50 mcg/spray,Beximco Pharmaceuticals Ltd.,200 metered spray: ৳ 146.00,
32440,Decoff Plus,allopathic,decoff-plussyrup20-mg10-mg25-mg5-ml,Syrup,Dextromethorphan + Phenylephrine + Triprolidine,(20 mg+10 mg+2.5 mg)/5 ml,Hudson Pharmaceuticals Ltd.,100 ml bottle: ৳ 100.00,
4011,Decoff,allopathic,decoffsyrup10-mg30-mg125-mg5-ml,Syrup,Dextromethorphan + Pseudoephedrine + Triprolidine,(10 mg+30 mg+1.25 mg)/5 ml,Hudson Pharmaceuticals Ltd.,100 ml bottle: ৳ 50.00,
19737,Decason C,allopathic,decason-cophthalmic-solution0105,Ophthalmic Solution,Dexamethasone + Chloramphenicol,0.1%+0.5%,Opsonin Pharma Ltd.,5 ml drop: ৳ 70.00,
5744,Decason,allopathic,decasontablet05-mg,Tablet,Dexamethasone,0.5 mg,Opsonin Pharma Ltd.,"Unit Price: ৳ 1.01,(200's pack: ৳ 202.00),",(200's pack: ৳ 202.00)
29484,Decason,allopathic,decasonophthalmic-solution01,Ophthalmic Solution,Dexamethasone (Ophthalmic),0.10%,Opsonin Pharma Ltd.,5 ml drop: ৳ 70.00,
5745,Decason,allopathic,decasonimiv-injection5-mgml,IM/IV Injection,Dexamethasone,5 mg/ml,Opsonin Pharma Ltd.,"1 ml ampoule: ৳ 22.24,(10's pack: ৳ 222.40),",(10's pack: ৳ 222.40)
29483,Decason,allopathic,decasonophthalmic-ointment005,Ophthalmic Ointment,Dexamethasone (Ophthalmic),0.05%,Opsonin Pharma Ltd.,3 gm tube: ৳ 60.00,
15799,Decalor,allopathic,decalorophthalmic-solution0105,Ophthalmic Solution,Dexamethasone + Chloramphenicol,0.1%+0.5%,Jayson Pharmaceuticals Ltd.,5 ml drop: ৳ 50.33,
14259,Decal,allopathic,decaltablet300-mg,Tablet,Calcium Lactate,300 mg,Desh Pharmaceuticals Ltd.,"Unit Price: ৳ 0.29,(100's pack: ৳ 29.00),",(100's pack: ৳ 29.00)
10087,Decagyl,allopathic,decagyltablet400-mg,Tablet,Metronidazole,400 mg,Decent Pharma Laboratories Ltd.,"Unit Price: ৳ 1.00,(100's pack: ৳ 100.00),",(100's pack: ৳ 100.00)
10088,Decagyl,allopathic,decagyloral-suspension200-mg5-ml,Oral Suspension,Metronidazole,200 mg/5 ml,Decent Pharma Laboratories Ltd.,60 ml bottle: ৳ 25.50,
5743,Decafos,allopathic,decafosimiv-injection5-mgml,IM/IV Injection,Dexamethasone,5 mg/ml,Techno Drugs Ltd.,"1 ml ampoule: ৳ 22.00,(10's pack: ৳ 220.00),",(10's pack: ৳ 220.00)
3466,Decabutamol,allopathic,decabutamolsyrup2-mg5-ml,Syrup,Salbutamol,2 mg/5 ml,Decent Pharma Laboratories Ltd.,100 ml bottle: ৳ 21.83,
5946,Decabolon,allopathic,decabolonim-injection50-mgml,IM Injection,Nandrolone Decanoate,50 mg/ml,Techno Drugs Ltd.,1 ml ampoule: ৳ 195.00,
5947,Deca-Durabolin,allopathic,deca-durabolinim-injection50-mgml,IM Injection,Nandrolone Decanoate,50 mg/ml,Nuvista Pharma Ltd.,"1 ml ampoule: ৳ 218.46,(2's pack: ৳ 436.92),",(2's pack: ৳ 436.92)
13502,Debolin,allopathic,debolinim-injection200000-iuml,IM Injection,Colecalciferol [Vitamin D3],200000 IU/ml,Chemist Laboratories  Ltd.,"1 ml ampoule: ৳ 110.00,(4's pack: ৳ 440.00),",(4's pack: ৳ 440.00)
27763,Debion,allopathic,debiontablet100-mg200-mg200-mcg,Tablet,"Vitamin B1, B6 & B12",100 mg+200 mg+200 mcg,Delta Pharma Ltd.,"Unit Price: ৳ 7.00,(30's pack: ৳ 210.00),",(30's pack: ৳ 210.00)
32929,Debac,allopathic,debaccapsule500-mg,Capsule,Flucloxacillin Sodium,500 mg,FnF Pharmaceuticals Ltd.,Unit Price: ৳ 10.00,
32856,Aceten,allopathic,aceteneffervescent-tablet600-mg,Effervescent Tablet,Acetylcysteine,600 mg,Eskayef Pharmaceuticals Ltd.,"Unit Price: ৳ 20.00,(10's pack: ৳ 200.00),",(10's pack: ৳ 200.00)
26500,Defrol,allopathic,defroloral-solution1000-iu5-ml,Oral Solution,Colecalciferol [Vitamin D3],1000 IU/5 ml,ACME Laboratories Ltd.,100 ml bottle: ৳ 75.00,
19310,Defrol,allopathic,defroltablet1000-iu,Tablet,Colecalciferol [Vitamin D3],1000 IU,ACME Laboratories Ltd.,"Unit Price: ৳ 2.00,(30's pack: ৳ 60.00),",(30's pack: ৳ 60.00)
28751,Deformin,allopathic,deformintablet850-mg,Tablet,Metformin Hydrochloride,850 mg,Zenith Pharmaceuticals Ltd.,"Unit Price: ৳ 4.00,(100's pack: ৳ 400.00),",(100's pack: ৳ 400.00)
28750,Deformin,allopathic,deformintablet500-mg,Tablet,Metformin Hydrochloride,500 mg,Zenith Pharmaceuticals Ltd.,"Unit Price: ৳ 3.00,(100's pack: ৳ 300.00),",(100's pack: ৳ 300.00)
1528,Deflux Meltab,allopathic,deflux-meltabdispersible-tablet10-mg,Dispersible Tablet,Domperidone Maleate,10 mg,Beximco Pharmaceuticals Ltd.,"Unit Price: ৳ 3.00,(100's pack: ৳ 300.00),",(100's pack: ৳ 300.00)
1527,Deflux,allopathic,defluxtablet10-mg,Tablet,Domperidone Maleate,10 mg,Beximco Pharmaceuticals Ltd.,"Unit Price: ৳ 3.50,(150's pack: ৳ 525.00),",(150's pack: ৳ 525.00)
1529,Deflux,allopathic,defluxoral-suspension5-mg5-ml,Oral Suspension,Domperidone Maleate,5 mg/5 ml,Beximco Pharmaceuticals Ltd.,100 ml bottle: ৳ 38.00,
1530,Deflux,allopathic,defluxpediatric-drops5-mgml,Pediatric Drops,Domperidone Maleate,5 mg/ml,Beximco Pharmaceuticals Ltd.,15 ml drop: ৳ 20.00,
9248,Deflox DS,allopathic,deflox-dspowder-for-suspension250-mg5-ml,Powder for Suspension,Ciprofloxacin,250 mg/5 ml,Desh Pharmaceuticals Ltd.,60 ml bottle: ৳ 80.00,
9246,Deflox,allopathic,defloxtablet250-mg,Tablet,Ciprofloxacin,250 mg,Desh Pharmaceuticals Ltd.,"Unit Price: ৳ 10.50,(30's pack: ৳ 315.00),",(30's pack: ৳ 315.00)
9247,Deflox,allopathic,defloxtablet750-mg,Tablet,Ciprofloxacin,750 mg,Desh Pharmaceuticals Ltd.,"Unit Price: ৳ 13.00,(20's pack: ৳ 260.00),",(20's pack: ৳ 260.00)
30157,Deflazit,allopathic,deflazitoral-suspension6-mg5-ml,Oral Suspension,Deflazacort,6 mg/5 ml,Incepta Pharmaceuticals Ltd.,50 ml bottle: ৳ 175.00,
19698,Deflazit,allopathic,deflazittablet24-mg,Tablet,Deflazacort,24 mg,Incepta Pharmaceuticals Ltd.,"Unit Price: ৳ 30.00,(20's pack: ৳ 600.00),",(20's pack: ৳ 600.00)
16419,Deflazit,allopathic,deflazittablet6-mg,Tablet,Deflazacort,6 mg,Incepta Pharmaceuticals Ltd.,"Unit Price: ৳ 8.00,(30's pack: ৳ 240.00),",(30's pack: ৳ 240.00)
32007,Deflaza,allopathic,deflazaoral-suspension6-mg5-ml,Oral Suspension,Deflazacort,6 mg/5 ml,UniMed UniHealth,60 ml bottle: ৳ 200.00,
30078,Deflaza,allopathic,deflazatablet6-mg,Tablet,Deflazacort,6 mg,UniMed UniHealth,"Unit Price: ৳ 10.00,(30's pack: ৳ 300.00),",(30's pack: ৳ 300.00)
30079,Deflaza,allopathic,deflazatablet24-mg,Tablet,Deflazacort,24 mg,UniMed UniHealth,"Unit Price: ৳ 30.00,(20's pack: ৳ 600.00),",(20's pack: ৳ 600.00)
30080,Deflaza,allopathic,deflazatablet30-mg,Tablet,Deflazacort,30 mg,UniMed UniHealth,"Unit Price: ৳ 32.00,(10's pack: ৳ 320.00),",(10's pack: ৳ 320.00)
29557,Deflaxen,allopathic,deflaxentablet6-mg,Tablet,Deflazacort,6 mg,Everest Pharmaceuticals Ltd.,"Unit Price: ৳ 8.00,(30's pack: ৳ 240.00),",(30's pack: ৳ 240.00)
30848,Deflaxen,allopathic,deflaxenoral-suspension6-mg5-ml,Oral Suspension,Deflazacort,6 mg/5 ml,Everest Pharmaceuticals Ltd.,60 ml bottle: ৳ 200.00,
30849,Deflaxen,allopathic,deflaxentablet24-mg,Tablet,Deflazacort,24 mg,Everest Pharmaceuticals Ltd.,"Unit Price: ৳ 30.00,(20's pack: ৳ 600.00),",(20's pack: ৳ 600.00)
11269,Deflam,allopathic,deflamtablet400-mg,Tablet,Ibuprofen,400 mg,Desh Pharmaceuticals Ltd.,"Unit Price: ৳ 1.00,(100's pack: ৳ 100.00),",(100's pack: ৳ 100.00)
26186,Deflacort,allopathic,deflacorttablet30-mg,Tablet,Deflazacort,30 mg,Square Pharmaceuticals Ltd.,"Unit Price: ৳ 32.00,(10's pack: ৳ 320.00),",(10's pack: ৳ 320.00)
16417,Deflacort,allopathic,deflacorttablet6-mg,Tablet,Deflazacort,6 mg,Square Pharmaceuticals Ltd.,"Unit Price: ৳ 9.50,(60's pack: ৳ 570.00),",(60's pack: ৳ 570.00)
16418,Deflacort,allopathic,deflacorttablet24-mg,Tablet,Deflazacort,24 mg,Square Pharmaceuticals Ltd.,"Unit Price: ৳ 30.00,(20's pack: ৳ 600.00),",(20's pack: ৳ 600.00)
26187,Deflacort,allopathic,deflacortoral-suspension6-mg5-ml,Oral Suspension,Deflazacort,6 mg/5 ml,Square Pharmaceuticals Ltd.,60 ml bottle: ৳ 200.00,
13135,Defiron,allopathic,defironiv-injection-or-infusion100-mg5-ml,IV Injection or Infusion,Iron Sucrose Injection [Elemental Iron],100 mg/5 ml,Square Pharmaceuticals Ltd.,5 ml ampoule: ৳ 350.00,
32821,Defera,allopathic,deferatablet500-mg,Tablet,Deferiprone,500 mg,Jenphar Bangladesh Ltd.,"Unit Price: ৳ 12.50,(50's pack: ৳ 625.00),",(50's pack: ৳ 625.00)
32264,Defcort,allopathic,defcorttablet6-mg,Tablet,Deflazacort,6 mg,Eskayef Pharmaceuticals Ltd.,"Unit Price: ৳ 8.00,(30's pack: ৳ 240.00),",(30's pack: ৳ 240.00)
32265,Defcort,allopathic,defcorttablet24-mg,Tablet,Deflazacort,24 mg,Eskayef Pharmaceuticals Ltd.,"Unit Price: ৳ 30.00,(20's pack: ৳ 600.00),",(20's pack: ৳ 600.00)
10559,Aceta-X,allopathic,aceta-xtablet500-mg65-mg,Tablet,Paracetamol + Caffeine,500 mg+65 mg,Biopharma Laboratories Ltd.,"Unit Price: ৳ 2.50,(100's pack: ৳ 250.00),",(100's pack: ৳ 250.00)
29429,Delight,allopathic,delighttablet2000-iu,Tablet,Colecalciferol [Vitamin D3],2000 IU,Opsonin Pharma Ltd.,"Unit Price: ৳ 2.50,(50's pack: ৳ 125.00),",(50's pack: ৳ 125.00)
29427,Delight,allopathic,delightcapsule20000-iu,Capsule,Colecalciferol [Vitamin D3],20000 IU,Opsonin Pharma Ltd.,"Unit Price: ৳ 20.00,(20's pack: ৳ 400.00),",(20's pack: ৳ 400.00)
12482,Delice,allopathic,delicecream5-ww,Cream,Permethrin,5% w/w,Amico Laboratories Ltd.,30 gm tube: ৳ 45.00,
20343,Delfex,allopathic,delfexoral-suspension30-mg5-ml,Oral Suspension,Fexofenadine Hydrochloride,30 mg/5 ml,Delta Pharma Ltd.,50 ml bottle: ৳ 48.00,
20342,Delfex,allopathic,delfextablet120-mg,Tablet,Fexofenadine Hydrochloride,120 mg,Delta Pharma Ltd.,"Unit Price: ৳ 5.00,(30's pack: ৳ 150.00),",(30's pack: ৳ 150.00)
4331,Deleta,allopathic,deletatablet05-mg10-mg,Tablet,Flupentixol + Melitracen,0.5 mg+10 mg,General Pharmaceuticals Ltd.,"Unit Price: ৳ 5.01,(50's pack: ৳ 250.50),",(50's pack: ৳ 250.50)
10348,Delentin,allopathic,delentinoral-suspension50-mgml,Oral Suspension,Pyrantel Pamoate,50 mg/ml,Renata Limited,10 ml bottle: ৳ 16.05,
10352,Delentin,allopathic,delentintablet125-mg,Tablet,Pyrantel Pamoate,125 mg,Renata Limited,"Unit Price: ৳ 1.66,(100's pack: ৳ 165.56),",(100's pack: ৳ 165.56)
32749,Delcyst,allopathic,delcystcapsule500-mg,Capsule,D-chiro-inositol,500 mg,Popular Pharmaceuticals Ltd.,"Unit Price: ৳ 80.00,(10's pack: ৳ 800.00),",(10's pack: ৳ 800.00)
5266,Delazide,allopathic,delazidetablet80-mg,Tablet,Gliclazide,80 mg,Doctor’s Chemical Works Ltd.,"Unit Price: ৳ 6.00,(50's pack: ৳ 300.00),",(50's pack: ৳ 300.00)
28635,Delanzo,allopathic,delanzocapsule-delayed-release60-mg,Capsule (Delayed Release),Dexlansoprazole,60 mg,Nuvista Pharma Ltd.,"Unit Price: ৳ 15.00,(30's pack: ৳ 450.00),",(30's pack: ৳ 450.00)
28634,Delanzo,allopathic,delanzocapsule-delayed-release30-mg,Capsule (Delayed Release),Dexlansoprazole,30 mg,Nuvista Pharma Ltd.,"Unit Price: ৳ 10.00,(30's pack: ৳ 300.00),",(30's pack: ৳ 300.00)
19752,Delanix,allopathic,delanixcapsule-delayed-release60-mg,Capsule (Delayed Release),Dexlansoprazole,60 mg,Incepta Pharmaceuticals Ltd.,"Unit Price: ৳ 16.00,(28's pack: ৳ 448.00),",(28's pack: ৳ 448.00)
19753,Delanix,allopathic,delanixcapsule-delayed-release30-mg,Capsule (Delayed Release),Dexlansoprazole,30 mg,Incepta Pharmaceuticals Ltd.,"Unit Price: ৳ 9.00,(30's pack: ৳ 270.00),",(30's pack: ৳ 270.00)
31530,Delaflox,allopathic,delafloxiv-infusion300-mgvial,IV Infusion,Delafloxacin,300 mg/vial,ACME Laboratories Ltd.,"300 mg vial: ৳ 1,500.00",
8371,Delacin,allopathic,delacincapsule100-mg,Capsule,Doxycycline Hydrochloride,100 mg,Aexim Pharmaceuticals Ltd.,"Unit Price: ৳ 1.50,(100's pack: ৳ 150.00),",(100's pack: ৳ 150.00)
29501,Dekalin VT,allopathic,dekalin-vtvaginal-tablet10-mg,Vaginal Tablet,Dequalinium Chloride,10 mg,Nuvista Pharma Ltd.,"Unit Price: ৳ 35.00,(6's pack: ৳ 210.00),",(6's pack: ৳ 210.00)
16394,Dejac,allopathic,dejactablet30-mg,Tablet,Dapoxetine Hydrochloride,30 mg,Globe Pharmaceuticals Ltd.,"Unit Price: ৳ 30.00,(4's pack: ৳ 120.00),",(4's pack: ৳ 120.00)
1531,Degut,allopathic,deguttablet10-mg,Tablet,Domperidone Maleate,10 mg,Delta Pharma Ltd.,"Unit Price: ৳ 2.00,(90's pack: ৳ 180.00),",(90's pack: ৳ 180.00)
22704,Degram,allopathic,degramoral-suspension300-mg5-ml,Oral Suspension,Nalidixic Acid,300 mg/5 ml,Doctor’s Chemical Works Ltd.,50 ml bottle: ৳ 30.00,
15547,Degram,allopathic,degramtablet500-mg,Tablet,Nalidixic Acid,500 mg,Doctor’s Chemical Works Ltd.,"Unit Price: ৳ 3.87,(100's pack: ৳ 387.00),",(100's pack: ৳ 387.00)
19691,Defzort,allopathic,defzorttablet6-mg,Tablet,Deflazacort,6 mg,ACI Limited,"Unit Price: ৳ 8.00,(30's pack: ৳ 240.00),",(30's pack: ৳ 240.00)
19692,Defzort,allopathic,defzorttablet24-mg,Tablet,Deflazacort,24 mg,ACI Limited,"Unit Price: ৳ 30.00,(20's pack: ৳ 600.00),",(20's pack: ৳ 600.00)
9840,Defungi,allopathic,defungicapsule150-mg,Capsule,Fluconazole,150 mg,NIPRO JMI Pharma Ltd.,"Unit Price: ৳ 22.16,(10's pack: ৳ 221.60),",(10's pack: ৳ 221.60)
9839,Defungi,allopathic,defungicapsule50-mg,Capsule,Fluconazole,50 mg,NIPRO JMI Pharma Ltd.,"Unit Price: ৳ 8.06,(30's pack: ৳ 241.80),",(30's pack: ৳ 241.80)
28248,Defrol OFT,allopathic,defrol-oftflash-tablet2000-iu,Flash Tablet,Colecalciferol [Vitamin D3],2000 IU,ACME Laboratories Ltd.,"Unit Price: ৳ 6.00,(30's pack: ৳ 180.00),",(30's pack: ৳ 180.00)
26499,Defrol,allopathic,defrolcapsule40000-iu,Capsule,Colecalciferol [Vitamin D3],40000 IU,ACME Laboratories Ltd.,"Unit Price: ৳ 35.00,(10's pack: ৳ 350.00),",(10's pack: ৳ 350.00)
29345,Defrol,allopathic,defrolim-injection200000-iuml,IM Injection,Colecalciferol [Vitamin D3],200000 IU/ml,ACME Laboratories Ltd.,1 ml ampoule: ৳ 120.00,
10782,Aceta-T,allopathic,aceta-ttablet325-mg375-mg,Tablet,Paracetamol + Tramadol Hydrochloride,325 mg+37.5 mg,Biopharma Laboratories Ltd.,"Unit Price: ৳ 10.67,(30's pack: ৳ 320.00),",(30's pack: ৳ 320.00)
10391,Aceta-PD,allopathic,aceta-pdpediatric-drops80-mgml,Pediatric Drops,Paracetamol,80 mg/ml,Biopharma Laboratories Ltd.,30 ml bottle: ৳ 20.70,
31963,Aceta One,allopathic,aceta-onetablet1000-mg,Tablet,Paracetamol,1000 mg,Biopharma Laboratories Ltd.,"Unit Price: ৳ 1.39,(100's pack: ৳ 139.00),",(100's pack: ৳ 139.00)
5750,Demax,allopathic,demaximiv-injection5-mgml,IM/IV Injection,Dexamethasone,5 mg/ml,Medimet Pharmaceuticals Ltd.,"1 ml ampoule: ৳ 15.00,(10's pack: ৳ 150.00),",(10's pack: ৳ 150.00)
8637,Demacro,allopathic,demacrotablet500-mg,Tablet,Azithromycin Dihydrate,500 mg,Decent Pharma Laboratories Ltd.,"Unit Price: ৳ 30.00,(8's pack: ৳ 240.00),",(8's pack: ৳ 240.00)
8638,Demacro,allopathic,demacropowder-for-suspension200-mg5-ml,Powder for Suspension,Azithromycin Dihydrate,200 mg/5 ml,Decent Pharma Laboratories Ltd.,15 ml bottle: ৳ 85.00,
32008,Delzo,allopathic,delzocapsule-delayed-release30-mg,Capsule (Delayed Release),Dexlansoprazole,30 mg,Eskayef Pharmaceuticals Ltd.,"Unit Price: ৳ 10.00,(30's pack: ৳ 300.00),",(30's pack: ৳ 300.00)
32009,Delzo,allopathic,delzocapsule-delayed-release60-mg,Capsule (Delayed Release),Dexlansoprazole,60 mg,Eskayef Pharmaceuticals Ltd.,"Unit Price: ৳ 17.00,(20's pack: ৳ 340.00),",(20's pack: ৳ 340.00)
32080,Deltora,allopathic,deltoratablet10-mg,Tablet,Ketorolac Tromethamine,10 mg,DBL Pharmaceuticals Ltd.,"Unit Price: ৳ 27.00,(10's pack: ৳ 270.00),",(10's pack: ৳ 270.00)
5808,Deltasone,allopathic,deltasonetablet5-mg,Tablet,Prednisolone,5 mg,Renata Limited,"Unit Price: ৳ 1.72,(250's pack: ৳ 430.00),,Unit Price: ৳ 1.72,(500's pack: ৳ 860.00),","(250's pack: ৳ 430.00),(500's pack: ৳ 860.00)"
5809,Deltasone,allopathic,deltasonetablet10-mg,Tablet,Prednisolone,10 mg,Renata Limited,"Unit Price: ৳ 3.23,(100's pack: ৳ 323.00),",(100's pack: ৳ 323.00)
5810,Deltasone,allopathic,deltasonetablet20-mg,Tablet,Prednisolone,20 mg,Renata Limited,"Unit Price: ৳ 6.26,(50's pack: ৳ 313.00),",(50's pack: ৳ 313.00)
5811,Deltasone,allopathic,deltasoneoral-solution5-mg5-ml,Oral Solution,Prednisolone,5 mg/5 ml,Renata Limited,"50 ml bottle: ৳ 60.00,100 ml bottle: ৳ 95.00",
5805,Deltapred,allopathic,deltapredtablet10-mg,Tablet,Prednisolone,10 mg,Ziska Pharmaceuticals Ltd.,"Unit Price: ৳ 2.00,(100's pack: ৳ 200.00),",(100's pack: ৳ 200.00)
5804,Deltapred,allopathic,deltapredtablet5-mg,Tablet,Prednisolone,5 mg,Ziska Pharmaceuticals Ltd.,"Unit Price: ৳ 1.10,(500's pack: ৳ 550.00),",(500's pack: ৳ 550.00)
5803,Deltacort,allopathic,deltacorttablet5-mg,Tablet,Prednisolone,5 mg,Desh Pharmaceuticals Ltd.,"Unit Price: ৳ 0.62,(500's pack: ৳ 310.00),",(500's pack: ৳ 310.00)
5802,Delta,allopathic,deltatablet5-mg,Tablet,Prednisolone,5 mg,Bristol Pharmaceuticals Ltd.,"Unit Price: ৳ 0.70,(500's pack: ৳ 350.00),",(500's pack: ৳ 350.00)
21169,Delpino,allopathic,delpinotablet5-mg,Tablet,Ivabradine,5 mg,Healthcare Pharmaceuticals Ltd.,"Unit Price: ৳ 25.00,(10's pack: ৳ 250.00),",(10's pack: ৳ 250.00)
21168,Delpino,allopathic,delpinotablet75-mg,Tablet,Ivabradine,7.5 mg,Healthcare Pharmaceuticals Ltd.,"Unit Price: ৳ 35.00,(10's pack: ৳ 350.00),",(10's pack: ৳ 350.00)
32015,Delpark,allopathic,delparktablet1-mg,Tablet,Trihexyphenidyl Hydrochloride,1 mg,Healthcare Pharmaceuticals Ltd.,"Unit Price: ৳ 3.00,(60's pack: ৳ 180.00),",(60's pack: ৳ 180.00)
25121,Delpark,allopathic,delparktablet2-mg,Tablet,Trihexyphenidyl Hydrochloride,2 mg,Healthcare Pharmaceuticals Ltd.,"Unit Price: ৳ 5.50,(30's pack: ৳ 165.00),",(30's pack: ৳ 165.00)
25122,Delpark,allopathic,delparktablet5-mg,Tablet,Trihexyphenidyl Hydrochloride,5 mg,Healthcare Pharmaceuticals Ltd.,"Unit Price: ৳ 12.00,(30's pack: ৳ 360.00),",(30's pack: ৳ 360.00)
29935,Deloxi,allopathic,deloxicapsule-delayed-release20-mg,Capsule (Delayed Release),Duloxetine Hydrochloride,20 mg,Eskayef Pharmaceuticals Ltd.,"Unit Price: ৳ 7.00,(36's pack: ৳ 252.00),",(36's pack: ৳ 252.00)
29936,Deloxi,allopathic,deloxicapsule-delayed-release60-mg,Capsule (Delayed Release),Duloxetine Hydrochloride,60 mg,Eskayef Pharmaceuticals Ltd.,"Unit Price: ৳ 18.00,(16's pack: ৳ 288.00),",(16's pack: ৳ 288.00)
12237,Delotad,allopathic,delotadtablet5-mg,Tablet,Desloratadine,5 mg,Organic Health Care Ltd.,"Unit Price: ৳ 2.50,(50's pack: ৳ 125.00),",(50's pack: ৳ 125.00)
12236,Delot,allopathic,delotsyrup25-mg5-ml,Syrup,Desloratadine,2.5 mg/5 ml,Apex Pharmaceuticals Ltd.,60 ml bottle: ৳ 25.00,
12235,Delot,allopathic,delottablet5-mg,Tablet,Desloratadine,5 mg,Apex Pharmaceuticals Ltd.,"Unit Price: ৳ 2.00,(50's pack: ৳ 100.00),",(50's pack: ৳ 100.00)
12234,Delosia,allopathic,delosiasyrup25-mg5-ml,Syrup,Desloratadine,2.5 mg/5 ml,Pharmasia Limited,60 ml bottle: ৳ 28.00,
12233,Delosia,allopathic,delosiatablet5-mg,Tablet,Desloratadine,5 mg,Pharmasia Limited,"Unit Price: ৳ 3.00,(100's pack: ৳ 300.00),",(100's pack: ৳ 300.00)
26462,Delkof Plus,allopathic,delkof-plussyrup10-mg30-mg125-mg5-ml,Syrup,Dextromethorphan + Pseudoephedrine + Triprolidine,(10 mg+30 mg+1.25 mg)/5 ml,Popular Pharmaceuticals Ltd.,100 ml bottle: ৳ 100.00,
31212,Delight,allopathic,delighttablet1000-iu,Tablet,Colecalciferol [Vitamin D3],1000 IU,Opsonin Pharma Ltd.,"Unit Price: ৳ 2.00,(50's pack: ৳ 100.00),",(50's pack: ৳ 100.00)
29430,Delight,allopathic,delightim-injection200000-iuml,IM Injection,Colecalciferol [Vitamin D3],200000 IU/ml,Opsonin Pharma Ltd.,1 ml ampoule: ৳ 120.37,
23437,Aceta Extend,allopathic,aceta-extendtablet-extended-release665-mg,Tablet (Extended Release),Paracetamol,665 mg,Biopharma Laboratories Ltd.,"Unit Price: ৳ 1.50,(100's pack: ৳ 150.00),",(100's pack: ৳ 150.00)
10390,Aceta,allopathic,acetaoral-suspension120-mg5-ml,Oral Suspension,Paracetamol,120 mg/5 ml,Biopharma Laboratories Ltd.,"60 ml bottle: ৳ 20.62,100 ml bottle: ৳ 31.00",
30335,Denixil,allopathic,denixiltablet025-mg,Tablet,Clonazepam,0.25 mg,Renata Limited,"Unit Price: ৳ 3.50,(50's pack: ৳ 175.00),",(50's pack: ৳ 175.00)
29297,Denixil,allopathic,denixiltablet1-mg,Tablet,Clonazepam,1 mg,Renata Limited,"Unit Price: ৳ 8.00,(50's pack: ৳ 400.00),",(50's pack: ৳ 400.00)
4839,Denixil,allopathic,denixiltablet05-mg,Tablet,Clonazepam,0.5 mg,Renata Limited,"Unit Price: ৳ 6.00,(50's pack: ৳ 300.00),",(50's pack: ৳ 300.00)
4840,Denixil,allopathic,denixiltablet2-mg,Tablet,Clonazepam,2 mg,Renata Limited,"Unit Price: ৳ 10.00,(30's pack: ৳ 300.00),",(30's pack: ৳ 300.00)
1687,Denitine,allopathic,denitinetablet150-mg,Tablet,Ranitidine Hydrochloride,150 mg,Doctor’s Chemical Works Ltd.,"Unit Price: ৳ 2.00,(100's pack: ৳ 200.00),",(100's pack: ৳ 200.00)
15800,Denicol,allopathic,denicolophthalmic-solution0105,Ophthalmic Solution,Dexamethasone + Chloramphenicol,0.1%+0.5%,ACI Limited,5 ml drop: ৳ 70.00,
31116,Denazit,allopathic,denazittablet05-mg10-mg,Tablet,Flupentixol + Melitracen,0.5 mg+10 mg,Biogen Pharmaceuticals Ltd.,"Unit Price: ৳ 5.00,(100's pack: ৳ 500.00),",(100's pack: ৳ 500.00)
11807,Denamine,allopathic,denaminetablet4-mg,Tablet,Chlorpheniramine Maleate,4 mg,Desh Pharmaceuticals Ltd.,"Unit Price: ৳ 0.12,(500's pack: ৳ 60.00),",(500's pack: ৳ 60.00)
6509,Demoxil DS,allopathic,demoxil-dspowder-for-suspension250-mg5-ml,Powder for Suspension,Amoxicillin Trihydrate,250 mg/5 ml,Drug International Ltd.,100 ml bottle: ৳ 65.00,
6512,Demoxil,allopathic,demoxilimiv-injection1-gmvial,IM/IV Injection,Amoxicillin Trihydrate,1 gm/vial,Drug International Ltd.,1 gm vial: ৳ 45.47,
6508,Demoxil,allopathic,demoxilpowder-for-suspension125-mg5-ml,Powder for Suspension,Amoxicillin Trihydrate,125 mg/5 ml,Drug International Ltd.,100 ml bottle: ৳ 47.14,
6507,Demoxil,allopathic,demoxilcapsule500-mg,Capsule,Amoxicillin Trihydrate,500 mg,Drug International Ltd.,"Unit Price: ৳ 6.27,(50's pack: ৳ 313.50),",(50's pack: ৳ 313.50)
6506,Demoxil,allopathic,demoxilcapsule250-mg,Capsule,Amoxicillin Trihydrate,250 mg,Drug International Ltd.,"Unit Price: ৳ 3.29,(100's pack: ৳ 329.00),",(100's pack: ৳ 329.00)
901,Demoxiclave Forte,allopathic,demoxiclave-fortepowder-for-suspension400-mg5750-mg5-ml,Powder for Suspension,Amoxicillin + Clavulanic Acid,(400 mg+57.50 mg)/5 ml,Drug International Ltd.,35 ml bottle: ৳ 90.30,
28367,Demoxiclave,allopathic,demoxiclavetablet875-mg125-mg,Tablet,Amoxicillin + Clavulanic Acid,875 mg+125 mg,Drug International Ltd.,"Unit Price: ৳ 45.00,(7's pack: ৳ 315.00),",(7's pack: ৳ 315.00)
903,Demoxiclave,allopathic,demoxiclavetablet500-mg125-mg,Tablet,Amoxicillin + Clavulanic Acid,500 mg+125 mg,Drug International Ltd.,"Unit Price: ৳ 24.00,(20's pack: ৳ 480.00),",(20's pack: ৳ 480.00)
902,Demoxiclave,allopathic,demoxiclavetablet250-mg125-mg,Tablet,Amoxicillin + Clavulanic Acid,250 mg+125 mg,Drug International Ltd.,"Unit Price: ৳ 16.00,(20's pack: ৳ 320.00),",(20's pack: ৳ 320.00)
900,Demoxiclave,allopathic,demoxiclavepowder-for-suspension125-mg3125-mg5-ml,Powder for Suspension,Amoxicillin + Clavulanic Acid,(125 mg+31.25 mg)/5 ml,Drug International Ltd.,100 ml bottle: ৳ 150.00,
6503,Demox-500,allopathic,demox-500capsule500-mg,Capsule,Amoxicillin Trihydrate,500 mg,Desh Pharmaceuticals Ltd.,"Unit Price: ৳ 6.00,(50's pack: ৳ 300.00),",(50's pack: ৳ 300.00)
6505,Demox,allopathic,demoxpediatric-drops125-mg125-ml,Pediatric Drops,Amoxicillin Trihydrate,125 mg/1.25 ml,Desh Pharmaceuticals Ltd.,15 ml bottle: ৳ 28.00,
6504,Demox,allopathic,demoxpowder-for-suspension125-mg5-ml,Powder for Suspension,Amoxicillin Trihydrate,125 mg/5 ml,Desh Pharmaceuticals Ltd.,100 ml bottle: ৳ 44.00,
6502,Demox,allopathic,demoxcapsule250-mg,Capsule,Amoxicillin Trihydrate,250 mg,Desh Pharmaceuticals Ltd.,"Unit Price: ৳ 3.00,(100's pack: ৳ 300.00),",(100's pack: ৳ 300.00)
11539,Demovo,allopathic,demovotablet-delayed-release500-mg20-mg,Tablet (Delayed Release),Naproxen Sodium + Esomeprazole Magnesium,500 mg+20 mg,Delta Pharma Ltd.,"Unit Price: ৳ 10.00,(24's pack: ৳ 240.00),",(24's pack: ৳ 240.00)
11538,Demovo,allopathic,demovotablet-delayed-release375-mg20-mg,Tablet (Delayed Release),Naproxen Sodium + Esomeprazole Magnesium,375 mg+20 mg,Delta Pharma Ltd.,"Unit Price: ৳ 8.00,(24's pack: ৳ 192.00),",(24's pack: ৳ 192.00)
29452,Dementa-D,allopathic,dementa-dcapsule-extended-release14-mg10-mg,Capsule (Extended Release),Memantine + Donepezil,14 mg+10 mg,Ziska Pharmaceuticals Ltd.,"Unit Price: ৳ 25.00,(30's pack: ৳ 750.00),",(30's pack: ৳ 750.00)
29453,Dementa-D,allopathic,dementa-dcapsule-extended-release28-mg10-mg,Capsule (Extended Release),Memantine + Donepezil,28 mg+10 mg,Ziska Pharmaceuticals Ltd.,"Unit Price: ৳ 35.00,(32's pack: ৳ 1,120.00),","(32's pack: ৳ 1,120.00)"
5189,Dementa,allopathic,dementatablet5-mg,Tablet,Memantine Hydrochloride,5 mg,Ziska Pharmaceuticals Ltd.,"Unit Price: ৳ 10.00,(30's pack: ৳ 300.00),",(30's pack: ৳ 300.00)
5201,Demelon,allopathic,demeloncapsule3-mg,Capsule,Rivastigmine Tartrate,3 mg,UniMed UniHealth,"Unit Price: ৳ 40.00,(14's pack: ৳ 560.00),",(14's pack: ৳ 560.00)
5200,Demelon,allopathic,demeloncapsule15-mg,Capsule,Rivastigmine Tartrate,1.5 mg,UniMed UniHealth,"Unit Price: ৳ 20.00,(28's pack: ৳ 560.00),",(28's pack: ৳ 560.00)
5749,Demax,allopathic,demaxtablet05-mg,Tablet,Dexamethasone,0.5 mg,Medimet Pharmaceuticals Ltd.,"Unit Price: ৳ 1.00,(100's pack: ৳ 100.00),",(100's pack: ৳ 100.00)
10389,Aceta,allopathic,acetatablet500-mg,Tablet,Paracetamol,500 mg,Biopharma Laboratories Ltd.,"Unit Price: ৳ 0.80,(200's pack: ৳ 160.00),",(200's pack: ৳ 160.00)
10578,Depol Extra,allopathic,depol-extratablet500-mg65-mg,Tablet,Paracetamol + Caffeine,500 mg+65 mg,Desh Pharmaceuticals Ltd.,"Unit Price: ৳ 1.60,(100's pack: ৳ 160.00),,Unit Price: ৳ 1.60,(200's pack: ৳ 320.00),","(100's pack: ৳ 160.00),(200's pack: ৳ 320.00)"
10421,Depol,allopathic,depoloral-suspension120-mg5-ml,Oral Suspension,Paracetamol,120 mg/5 ml,Desh Pharmaceuticals Ltd.,60 ml bottle: ৳ 16.00,
10420,Depol,allopathic,depoltablet500-mg,Tablet,Paracetamol,500 mg,Desh Pharmaceuticals Ltd.,"Unit Price: ৳ 0.60,(400's pack: ৳ 240.00),",(400's pack: ৳ 240.00)
22254,Depodrol,allopathic,depodroltablet8-mg,Tablet,Methylprednisolone,8 mg,Opsonin Pharma Ltd.,"Unit Price: ৳ 10.00,(30's pack: ৳ 300.00),",(30's pack: ৳ 300.00)
22253,Depodrol,allopathic,depodroltablet4-mg,Tablet,Methylprednisolone,4 mg,Opsonin Pharma Ltd.,"Unit Price: ৳ 5.00,(56's pack: ৳ 280.00),",(56's pack: ৳ 280.00)
22255,Depodrol,allopathic,depodroltablet16-mg,Tablet,Methylprednisolone,16 mg,Opsonin Pharma Ltd.,"Unit Price: ৳ 20.00,(20's pack: ৳ 400.00),",(20's pack: ৳ 400.00)
22252,Depodrol,allopathic,depodroltablet2-mg,Tablet,Methylprednisolone,2 mg,Opsonin Pharma Ltd.,"Unit Price: ৳ 3.00,(50's pack: ৳ 150.00),",(50's pack: ৳ 150.00)
22232,Depo-pred,allopathic,depo-predinjection40-mgml,Injection,Methylprednisolone Acetate,40 mg/ml,Ziska Pharmaceuticals Ltd.,"40 mg vial: ৳ 75.00,(3's pack: ৳ 225.00),",(3's pack: ৳ 225.00)
28930,Depo Medrol,allopathic,depo-medrolinjection80-mg2-ml,Injection,Methylprednisolone Acetate,80 mg/2 ml,Pfizer,80 mg vial: ৳ 159.00,
28929,Depo Medrol,allopathic,depo-medrolinjection40-mgml,Injection,Methylprednisolone Acetate,40 mg/ml,Pfizer,40 mg vial: ৳ 120.00,
4554,Depnox SR,allopathic,depnox-srtablet-sustained-release150-mg,Tablet (Sustained Release),Bupropion Hydrochloride,150 mg,Jayson Pharmaceuticals Ltd.,"Unit Price: ৳ 10.06,(30's pack: ৳ 301.80),",(30's pack: ৳ 301.80)
13774,Deplex,allopathic,deplexcapsule,Capsule,Vitamin B complex,,Decent Pharma Laboratories Ltd.,"Unit Price: ৳ 0.56,(250's pack: ৳ 140.00),",(250's pack: ৳ 140.00)
13775,Deplex,allopathic,deplexsyrup,Syrup,Vitamin B complex,,Decent Pharma Laboratories Ltd.,100 ml bottle: ৳ 26.50,
13096,Depiquin,allopathic,depiquincream4,Cream,Hydroquinone,4%,UniMed UniHealth,20 gm tube: ৳ 200.00,
33056,Depian,allopathic,depiantablet25-mg,Tablet,Dehydroepiandrosterone,25 mg,Renata Limited,"Unit Price: ৳ 15.00,(30's pack: ৳ 450.00),",(30's pack: ৳ 450.00)
4842,Depanil,allopathic,depaniltablet2-mg,Tablet,Clonazepam,2 mg,Rangs Pharmaceuticals Ltd.,"Unit Price: ৳ 7.00,(30's pack: ৳ 210.00),",(30's pack: ৳ 210.00)
4841,Depanil,allopathic,depaniltablet05-mg,Tablet,Clonazepam,0.5 mg,Rangs Pharmaceuticals Ltd.,"Unit Price: ৳ 4.00,(50's pack: ৳ 200.00),",(50's pack: ৳ 200.00)
9013,Deotrim DS,allopathic,deotrim-dstablet800-mg160-mg,Tablet,Sulphamethoxazole + Trimethoprim,800 mg+160 mg,Desh Pharmaceuticals Ltd.,"Unit Price: ৳ 1.80,(100's pack: ৳ 180.00),",(100's pack: ৳ 180.00)
9012,Deotrim,allopathic,deotrimtablet400-mg80-mg,Tablet,Sulphamethoxazole + Trimethoprim,400 mg+80 mg,Desh Pharmaceuticals Ltd.,"Unit Price: ৳ 1.20,(100's pack: ৳ 120.00),",(100's pack: ৳ 120.00)
9014,Deotrim,allopathic,deotrimoral-suspension200-mg40-mg5-ml,Oral Suspension,Sulphamethoxazole + Trimethoprim,(200 mg+40 mg)/5 ml,Desh Pharmaceuticals Ltd.,60 ml bottle: ৳ 17.50,
10297,Deotrex,allopathic,deotrextablet40-mg,Tablet,Levamisole,40 mg,Desh Pharmaceuticals Ltd.,"Unit Price: ৳ 0.35,(100's pack: ৳ 35.00),",(100's pack: ৳ 35.00)
10298,Deotrex,allopathic,deotrexsyrup40-mg5-ml,Syrup,Levamisole,40 mg/5 ml,Desh Pharmaceuticals Ltd.,30 ml bottle: ৳ 11.00,
27465,Deonac TR,allopathic,deonac-trcapsule-timed-release100-mg,Capsule (Timed Release),Diclofenac Sodium,100 mg,Benham Pharmaceuticals Ltd.,"Unit Price: ৳ 3.00,(50's pack: ৳ 150.00),",(50's pack: ৳ 150.00)
13504,Deon,allopathic,deonim-injection200000-iuml,IM Injection,Colecalciferol [Vitamin D3],200000 IU/ml,Rephco Pharmaceuticals Ltd.,1 ml ampoule: ৳ 90.00,
7544,Denvar DS,allopathic,denvar-dspowder-for-suspension200-mg5-ml,Powder for Suspension,Cefixime Trihydrate,200 mg/5 ml,Healthcare Pharmaceuticals Ltd.,"37.5 ml bottle: ৳ 240.00,50 ml in Bottle: ৳ 320.00",
7543,Denvar,allopathic,denvarpowder-for-suspension100-mg5-ml,Powder for Suspension,Cefixime Trihydrate,100 mg/5 ml,Healthcare Pharmaceuticals Ltd.,"30 ml bottle: ৳ 145.00,40 ml bottle: ৳ 175.00,50 ml bottle: ৳ 210.00",
7542,Denvar,allopathic,denvarcapsule400-mg,Capsule,Cefixime Trihydrate,400 mg,Healthcare Pharmaceuticals Ltd.,"Unit Price: ৳ 50.00,(12's pack: ৳ 600.00),",(12's pack: ৳ 600.00)
7541,Denvar,allopathic,denvarcapsule200-mg,Capsule,Cefixime Trihydrate,200 mg,Healthcare Pharmaceuticals Ltd.,"Unit Price: ৳ 35.00,(24's pack: ৳ 840.00),",(24's pack: ৳ 840.00)
27593,Denosis,allopathic,denosissc-injection120-mg17-ml,SC Injection,Denosumab,120 mg/1.7 ml,Incepta Pharmaceuticals Ltd.,"1.7 ml pre-filled syringe: ৳ 35,000.00",
17308,Denosis,allopathic,denosissc-injection60-mgml,SC Injection,Denosumab,60 mg/ml,Incepta Pharmaceuticals Ltd.,"1 ml pre-filled syringe: ৳ 18,000.00",
31935,Aces Plus,allopathic,aces-plustablet,Tablet,Super antioxidant [vitamins & minerals],,Ambee Pharmaceuticals Ltd.,"Unit Price: ৳ 4.00,(30's pack: ৳ 120.00),",(30's pack: ৳ 120.00)
12483,Dermanix,allopathic,dermanixcream5-ww,Cream,Permethrin,5% w/w,Novo Healthcare and Pharma Ltd.,30 gm tube: ৳ 55.16,
12647,Dermalog,allopathic,dermalogcream01,Cream,Halcinonide,0.10%,Jayson Pharmaceuticals Ltd.,10 gm tube: ৳ 40.12,
28726,Dermafin,allopathic,dermafintablet250-mg,Tablet,Terbinafine Hydrochloride,250 mg,Delta Pharma Ltd.,"Unit Price: ৳ 20.00,(10's pack: ৳ 200.00),",(10's pack: ৳ 200.00)
12570,Dermacort,allopathic,dermacortointment005,Ointment,Clobetasol Propionate (Topical Preparation),0.05%,Ibn Sina Pharmaceuticals Ltd.,10 gm tube: ৳ 52.00,
12569,Dermacort,allopathic,dermacortcream005,Cream,Clobetasol Propionate (Topical Preparation),0.05%,Ibn Sina Pharmaceuticals Ltd.,10 gm tube: ৳ 50.00,
33076,Dermacom,allopathic,dermacomcream00507521,Cream,Clobetasol Propionate + Ofloxacin + Ornidazole + Terbinafine,0.05%+0.75%+2%+1%,Ibn Sina Pharmaceuticals Ltd.,15 gm tube: ৳ 150.00,
12664,Dermabac,allopathic,dermabaccream21,Cream,Fusidic acid + Hydrocortisone,2%+1%,Chemist Laboratories  Ltd.,10 gm tube: ৳ 125.00,
12337,Derma Aid,allopathic,derma-aidtopical-powder5-mg250-iugm,Topical Powder,Neomycin Sulfate + Bacitracin Zinc,(5 mg+250 IU)/gm,Edruc Limited,5 gm pack: ৳ 20.00,
18045,Derma Aid,allopathic,derma-aidointment5-mg500-iugm,Ointment,Neomycin Sulfate + Bacitracin Zinc,(5 mg+500 IU)/gm,Edruc Limited,10 gm tube: ৳ 24.00,
9842,Derma,allopathic,dermacapsule150-mg,Capsule,Fluconazole,150 mg,Alco Pharma Ltd.,"Unit Price: ৳ 20.06,(20's pack: ৳ 401.20),",(20's pack: ৳ 401.20)
9841,Derma,allopathic,dermacapsule50-mg,Capsule,Fluconazole,50 mg,Alco Pharma Ltd.,"Unit Price: ৳ 8.02,(30's pack: ৳ 240.60),",(30's pack: ৳ 240.60)
32640,Derisofer,allopathic,derisoferiv-injection500-mg5-ml,IV Injection,Ferric Derisomaltose,500 mg/5 ml,Ziska Pharmaceuticals Ltd.,5 ml vial: ৳ 800.00,
31013,Derisofer,allopathic,derisoferiv-injection1000-mg10-ml,IV Injection,Ferric Derisomaltose,1000 mg/10 ml,Ziska Pharmaceuticals Ltd.,"10 ml vial: ৳ 1,500.00",
32639,Derisofer,allopathic,derisoferiv-injection100-mgml,IV Injection,Ferric Derisomaltose,100 mg/ml,Ziska Pharmaceuticals Ltd.,1 ml vial: ৳ 450.00,
27848,Derfin,allopathic,derfincream1,Cream,Terbinafine Hydrochloride,1%,Alco Pharma Ltd.,10 gm tube: ৳ 34.50,
30156,Derbicil,allopathic,derbicilcream1,Cream,Terbinafine Hydrochloride,1%,Incepta Pharmaceuticals Ltd.,5 gm tube: ৳ 50.00,
12238,Derat,allopathic,derattablet5-mg,Tablet,Desloratadine,5 mg,Pacific Pharmaceuticals Ltd.,"Unit Price: ৳ 2.50,(50's pack: ৳ 125.00),",(50's pack: ৳ 125.00)
23450,Depyrin,allopathic,depyrintablet500-mg,Tablet,Paracetamol,500 mg,Delta Pharma Ltd.,"Unit Price: ৳ 0.80,(500's pack: ৳ 400.00),",(500's pack: ৳ 400.00)
11299,Deprofen,allopathic,deprofentablet400-mg,Tablet,Ibuprofen,400 mg,Doctor’s Chemical Works Ltd.,"Unit Price: ৳ 0.91,(100's pack: ৳ 91.00),",(100's pack: ৳ 91.00)
4390,Deprex,allopathic,deprextablet10-mg,Tablet,Olanzapine,10 mg,Square Pharmaceuticals Ltd.,"Unit Price: ৳ 4.50,(50's pack: ৳ 225.00),",(50's pack: ৳ 225.00)
4389,Deprex,allopathic,deprextablet5-mg,Tablet,Olanzapine,5 mg,Square Pharmaceuticals Ltd.,"Unit Price: ৳ 2.50,(50's pack: ৳ 125.00),",(50's pack: ৳ 125.00)
4332,Depresil,allopathic,depresiltablet05-mg10-mg,Tablet,Flupentixol + Melitracen,0.5 mg+10 mg,Rangs Pharmaceuticals Ltd.,"Unit Price: ৳ 4.50,(50's pack: ৳ 225.00),",(50's pack: ৳ 225.00)
4453,Depram,allopathic,depramtablet25-mg,Tablet,Imipramine Hydrochloride,25 mg,Square Pharmaceuticals Ltd.,"Unit Price: ৳ 4.02,(60's pack: ৳ 241.20),",(60's pack: ৳ 241.20)
26610,Depomed,allopathic,depomedtablet2-mg,Tablet,Methylprednisolone,2 mg,Drug International Ltd.,"Unit Price: ৳ 3.00,(50's pack: ৳ 150.00),",(50's pack: ৳ 150.00)
26611,Depomed,allopathic,depomedimiv-injection500-mgvial,IM/IV Injection,Methylprednisolone Sodium Succcinate,500 mg/vial,Drug International Ltd.,500 mg vial: ৳ 600.00,
22238,Depomed,allopathic,depomedtablet4-mg,Tablet,Methylprednisolone,4 mg,Drug International Ltd.,"Unit Price: ৳ 6.00,(50's pack: ৳ 300.00),",(50's pack: ৳ 300.00)
22234,Depomed,allopathic,depomedtablet8-mg,Tablet,Methylprednisolone,8 mg,Drug International Ltd.,"Unit Price: ৳ 10.00,(20's pack: ৳ 200.00),",(20's pack: ৳ 200.00)
22225,Depomed,allopathic,depomedinjection80-mg2-ml,Injection,Methylprednisolone Acetate,80 mg/2 ml,Drug International Ltd.,"80 mg vial: ৳ 100.30,(3's pack: ৳ 300.90),",(3's pack: ৳ 300.90)
22224,Depomed,allopathic,depomedinjection40-mgml,Injection,Methylprednisolone Acetate,40 mg/ml,Drug International Ltd.,"40 mg vial: ৳ 75.25,(3's pack: ৳ 225.75),",(3's pack: ৳ 225.75)
26609,Depomed,allopathic,depomedtablet16-mg,Tablet,Methylprednisolone,16 mg,Drug International Ltd.,"Unit Price: ৳ 20.00,(10's pack: ৳ 200.00),",(10's pack: ৳ 200.00)
31268,Acerux-H,allopathic,acerux-hcream51,Cream,Acyclovir + Hydrocortisone,5%+1%,Opsonin Pharma Ltd.,5 gm tube: ৳ 35.00,
12324,Dermupin,allopathic,dermupinointment2-ww,Ointment,Mupirocin,2% w/w,ACME Laboratories Ltd.,10 gm tube: ৳ 140.42,
12602,Dermovate,allopathic,dermovatescalp-solution005,Scalp Solution,Clobetasol Propionate (Scalp Preparation),0.05%,GlaxoSmithKline,30 ml bottle: ৳ 250.00,
12577,Dermovate,allopathic,dermovateointment005,Ointment,Clobetasol Propionate (Topical Preparation),0.05%,GlaxoSmithKline,10 gm tube: ৳ 69.13,
12576,Dermovate,allopathic,dermovatecream005,Cream,Clobetasol Propionate (Topical Preparation),0.05%,GlaxoSmithKline,10 gm tube: ৳ 58.21,
29167,Dermoset,allopathic,dermosetcream005,Cream,Clobetasol Propionate (Topical Preparation),0.05%,The White Horse Pharma,10 gm tube: ৳ 50.00,
29786,Dermomix,allopathic,dermomixcream00507521,Cream,Clobetasol Propionate + Ofloxacin + Ornidazole + Terbinafine,0.05%+0.75%+2%+1%,Incepta Pharmaceuticals Ltd.,15 gm tube: ৳ 150.00,
30415,Dermocin,allopathic,dermocinointment2-ww,Ointment,Mupirocin,2% w/w,Aristopharma Ltd.,10 gm tube: ৳ 140.00,
12323,Dermoban,allopathic,dermobanointment2-ww,Ointment,Mupirocin,2% w/w,Opsonin Pharma Ltd.,"10 gm tube: ৳ 130.50,15 gm tube: ৳ 180.00",
12456,Dermin,allopathic,derminointment63,Ointment,Benzoic Acid + Salicylic Acid,6%+3%,Jayson Pharmaceuticals Ltd.,25 gm tube: ৳ 20.06,
12625,Dermidex,allopathic,dermidexcream0025,Cream,Fluocinolone Acetonide,0.03%,Amico Laboratories Ltd.,5 gm tube: ৳ 30.00,
9973,Dermicon,allopathic,dermiconcapsule150-mg,Capsule,Fluconazole,150 mg,Asiatic Laboratories Ltd.,"Unit Price: ৳ 22.00,(10's pack: ৳ 220.00),",(10's pack: ৳ 220.00)
9974,Dermicon,allopathic,dermiconcapsule50-mg,Capsule,Fluconazole,50 mg,Asiatic Laboratories Ltd.,"Unit Price: ৳ 8.00,(30's pack: ৳ 240.00),",(30's pack: ৳ 240.00)
29485,Dermex S,allopathic,dermex-sointment0053,Ointment,Clobetasol Propionate + Salicylic Acid,0.05%+3%,Opsonin Pharma Ltd.,"10 gm tube: ৳ 70.00,30 gm tube: ৳ 150.00",
12617,Dermex NN,allopathic,dermex-nncream05-mg5-mg1-lac-iugm,Cream,Clobetasol Propionate + Neomycin Sulphate + Nystatin,(0.5 mg+5 mg+1 Lac IU)/gm,Opsonin Pharma Ltd.,"10 gm tube: ৳ 55.21,20 gm tube: ৳ 80.00",
12574,Dermex,allopathic,dermexcream005,Cream,Clobetasol Propionate (Topical Preparation),0.05%,Opsonin Pharma Ltd.,"10 gm tube: ৳ 43.97,20 gm tube: ৳ 70.48",
12575,Dermex,allopathic,dermexointment005,Ointment,Clobetasol Propionate (Topical Preparation),0.05%,Opsonin Pharma Ltd.,10 gm tube: ৳ 48.88,
27151,Dermatas N,allopathic,dermatas-ncream05-mg5-mg1-lac-iugm,Cream,Clobetasol Propionate + Neomycin Sulphate + Nystatin,(0.5 mg+5 mg+1 Lac IU)/gm,Kumudini Pharma Ltd.,15 gm tube: ৳ 70.00,
27150,Dermatas,allopathic,dermatascream005,Cream,Clobetasol Propionate (Topical Preparation),0.05%,Kumudini Pharma Ltd.,10 gm tube: ৳ 55.00,
19446,Dermastin,allopathic,dermastincream05-mg5-mg1-lac-iugm,Cream,Clobetasol Propionate + Neomycin Sulphate + Nystatin,(0.5 mg+5 mg+1 Lac IU)/gm,Ibn Sina Pharmaceuticals Ltd.,15 gm tube: ৳ 60.00,
19447,Dermastin,allopathic,dermastinointment05-mg5-mg1-lac-iugm,Ointment,Clobetasol Propionate + Neomycin Sulphate + Nystatin,(0.5 mg+5 mg+1 Lac IU)/gm,Ibn Sina Pharmaceuticals Ltd.,15 gm tube: ৳ 70.00,
12601,Dermasol-S,allopathic,dermasol-sscalp-solution005,Scalp Solution,Clobetasol Propionate (Scalp Preparation),0.05%,Square Pharmaceuticals Ltd.,25 ml bottle: ৳ 200.61,
12616,Dermasol-N,allopathic,dermasol-nointment05-mg5-mg1-lac-iugm,Ointment,Clobetasol Propionate + Neomycin Sulphate + Nystatin,(0.5 mg+5 mg+1 Lac IU)/gm,Square Pharmaceuticals Ltd.,"15 gm tube: ৳ 75.22,25 gm tube: ৳ 90.00",
12615,Dermasol-N,allopathic,dermasol-ncream05-mg5-mg1-lac-iugm,Cream,Clobetasol Propionate + Neomycin Sulphate + Nystatin,(0.5 mg+5 mg+1 Lac IU)/gm,Square Pharmaceuticals Ltd.,15 gm tube: ৳ 70.21,
12572,Dermasol,allopathic,dermasolointment005,Ointment,Clobetasol Propionate (Topical Preparation),0.05%,Square Pharmaceuticals Ltd.,20 gm tube: ৳ 75.50,
12571,Dermasol,allopathic,dermasolcream005,Cream,Clobetasol Propionate (Topical Preparation),0.05%,Square Pharmaceuticals Ltd.,20 gm tube: ৳ 70.48,
27330,Dermasoft,allopathic,dermasoftointment2-ww,Ointment,Mupirocin,2% w/w,Team Pharmaceuticals Ltd.,10 gm tube: ৳ 137.00,
12405,Dermasim VT,allopathic,dermasim-vtvaginal-tablet200-mg,Vaginal Tablet,Clotrimazole (Vaginal tablet),200 mg,ACI Limited,"Unit Price: ৳ 20.08,(3's pack: ৳ 60.24),",(3's pack: ৳ 60.24)
12406,Dermasim VT,allopathic,dermasim-vtvaginal-tablet500-mg,Vaginal Tablet,Clotrimazole (Vaginal tablet),500 mg,ACI Limited,Unit Price: ৳ 60.41,
12392,Dermasim,allopathic,dermasimcream1,Cream,Clotrimazole (Topical),1%,ACI Limited,15 gm tube: ৳ 40.12,
12391,Dermasim,allopathic,dermasimtopical-solution1,Topical Solution,Clotrimazole (Topical),1%,ACI Limited,20 ml bottle: ৳ 68.20,
29460,Acerux,allopathic,aceruxtablet800-mg,Tablet,Acyclovir (Oral),800 mg,Opsonin Pharma Ltd.,"Unit Price: ৳ 30.00,(10's pack: ৳ 300.00),",(10's pack: ৳ 300.00)
12252,Desodin,allopathic,desodintablet5-mg,Tablet,Desloratadine,5 mg,Eskayef Pharmaceuticals Ltd.,"Unit Price: ৳ 3.00,(50's pack: ৳ 150.00),",(50's pack: ৳ 150.00)
12277,Desodin,allopathic,desodinsyrup25-mg5-ml,Syrup,Desloratadine,2.5 mg/5 ml,Eskayef Pharmaceuticals Ltd.,60 ml bottle: ৳ 25.00,
26048,Desocort,allopathic,desocortcream025,Cream,Desoximetasone,0.25%,Incepta Pharmaceuticals Ltd.,20 gm tube: ৳ 150.00,
12251,Desmin,allopathic,desmintablet5-mg,Tablet,Desloratadine,5 mg,Euro Pharma Ltd.,"Unit Price: ৳ 2.50,(100's pack: ৳ 250.00),",(100's pack: ৳ 250.00)
12250,Desmark,allopathic,desmarktablet5-mg,Tablet,Desloratadine,5 mg,Hallmark Pharmaceuticals Ltd.,"Unit Price: ৳ 2.00,(50's pack: ৳ 100.00),",(50's pack: ৳ 100.00)
31466,Deslosil,allopathic,deslosiltablet5-mg,Tablet,Desloratadine,5 mg,Silco Pharmaceutical Ltd.,"Unit Price: ৳ 2.50,(50's pack: ৳ 125.00),",(50's pack: ৳ 125.00)
12249,Deslorin,allopathic,deslorinsyrup25-mg5-ml,Syrup,Desloratadine,2.5 mg/5 ml,ACI Limited,60 ml bottle: ৳ 25.17,
12248,Deslorin,allopathic,deslorintablet5-mg,Tablet,Desloratadine,5 mg,ACI Limited,"Unit Price: ৳ 2.51,(100's pack: ৳ 251.00),",(100's pack: ৳ 251.00)
19706,Deslorat,allopathic,deslorattablet5-mg,Tablet,Desloratadine,5 mg,Astra Biopharmaceuticals Ltd.,Unit Price: ৳ 3.00,
12247,Deslor Kids,allopathic,deslor-kidspediatric-drops05-mgml,Pediatric Drops,Desloratadine,0.5 mg/ml,Orion Pharma Ltd.,15 ml bottle: ৳ 25.08,
12245,Deslor,allopathic,deslortablet5-mg,Tablet,Desloratadine,5 mg,Orion Pharma Ltd.,"Unit Price: ৳ 4.00,(120's pack: ৳ 480.00),",(120's pack: ৳ 480.00)
12246,Deslor,allopathic,deslorsyrup25-mg5-ml,Syrup,Desloratadine,2.5 mg/5 ml,Orion Pharma Ltd.,60 ml bottle: ৳ 30.09,
12243,Deslona,allopathic,deslonatablet5-mg,Tablet,Desloratadine,5 mg,Globe Pharmaceuticals Ltd.,"Unit Price: ৳ 2.50,(100's pack: ৳ 250.00),",(100's pack: ৳ 250.00)
12244,Deslona,allopathic,deslonasyrup25-mg5-ml,Syrup,Desloratadine,2.5 mg/5 ml,Globe Pharmaceuticals Ltd.,60 ml bottle: ৳ 30.00,
19716,Deslex,allopathic,deslextablet5-mg,Tablet,Desloratadine,5 mg,Guardian Healthcare Ltd.,"Unit Price: ৳ 3.00,(100's pack: ৳ 300.00),",(100's pack: ৳ 300.00)
13155,Desirox,allopathic,desiroxdispersible-tablet500-mg,Dispersible Tablet,Deferasirox,500 mg,Cipla Limited,"Unit Price: ৳ 90.00,(30's pack: ৳ 2,700.00),","(30's pack: ৳ 2,700.00)"
13154,Desirox,allopathic,desiroxdispersible-tablet250-mg,Dispersible Tablet,Deferasirox,250 mg,Cipla Limited,"Unit Price: ৳ 50.00,(30's pack: ৳ 1,500.00),","(30's pack: ৳ 1,500.00)"
19718,Desgud,allopathic,desgudtablet5-mg,Tablet,Desloratadine,5 mg,Leon Pharmaceuticals Ltd.,"Unit Price: ৳ 3.00,(50's pack: ৳ 150.00),",(50's pack: ৳ 150.00)
26679,Desferal,allopathic,desferalinjection500-mgvial,Injection,Deferoxamine Mesylate,500 mg/vial,Novartis (Bangladesh) Ltd.,"500 mg vial: ৳ 259.09,(10's pack: ৳ 2,590.87),","(10's pack: ৳ 2,590.87)"
7761,Desbac,allopathic,desbacpowder-for-suspension40-mg5-ml,Powder for Suspension,Cefpodoxime Proxetil,40 mg/5 ml,General Pharmaceuticals Ltd.,50 ml bottle: ৳ 98.68,
12241,Desatrol,allopathic,desatroltablet5-mg,Tablet,Desloratadine,5 mg,Navana Pharmaceuticals Ltd.,"Unit Price: ৳ 2.51,(100's pack: ৳ 250.78),",(100's pack: ৳ 250.78)
12242,Desatrol,allopathic,desatrolsyrup25-mg5-ml,Syrup,Desloratadine,2.5 mg/5 ml,Navana Pharmaceuticals Ltd.,60 ml bottle: ৳ 25.00,
12240,Des,allopathic,dessyrup25-mg5-ml,Syrup,Desloratadine,2.5 mg/5 ml,Opsonin Pharma Ltd.,60 ml bottle: ৳ 30.00,
12239,Des,allopathic,destablet5-mg,Tablet,Desloratadine,5 mg,Opsonin Pharma Ltd.,"Unit Price: ৳ 4.00,(50's pack: ৳ 200.00),",(50's pack: ৳ 200.00)
18224,Derson-CL,allopathic,derson-clointment011,Ointment,Betamethasone + Clotrimazole,0.1%+1%,Kemiko Pharmaceuticals Ltd.,10 gm tube: ৳ 29.08,
18210,Derson,allopathic,dersonointment01,Ointment,Betamethasone Valerate,0.10%,Kemiko Pharmaceuticals Ltd.,15 gm tube: ৳ 36.00,
12579,Dersole,allopathic,dersoleointment005,Ointment,Clobetasol Propionate (Topical Preparation),0.05%,Sharif Pharmaceuticals Ltd.,10 gm tube: ৳ 50.14,
12578,Dersole,allopathic,dersolecream005,Cream,Clobetasol Propionate (Topical Preparation),0.05%,Sharif Pharmaceuticals Ltd.,10 gm tube: ৳ 45.13,
12365,Dersa,allopathic,dersacream1,Cream,Silver Sulfadiazine,1%,Marker Pharma Ltd.,25 gm tube: ৳ 30.00,
12756,Dermus,allopathic,dermusointment003,Ointment,Tacrolimus (Topical),0.03%,Ibn Sina Pharmaceuticals Ltd.,10 gm tube: ৳ 150.00,
17435,Acerux,allopathic,aceruxcream5-ww,Cream,Acyclovir (Topical),5% w/w,Opsonin Pharma Ltd.,"5 gm tube: ৳ 40.15,10 gm tube: ৳ 70.00",
4629,Devomit,allopathic,devomittablet25-mg50-mg,Tablet,Meclizine + Pyridoxine,25 mg+50 mg,Silva Pharmaceuticals Ltd.,"Unit Price: ৳ 3.25,(50's pack: ৳ 162.50),",(50's pack: ৳ 162.50)
21357,Devolac,allopathic,devolacoral-solution335-gm5-ml,Oral Solution,Lactulose,3.35 gm/5 ml,Desh Pharmaceuticals Ltd.,"100 ml bottle: ৳ 100.00,200 ml bottle: ৳ 195.00",
22020,Devoid,allopathic,devoidtablet25-mg50-mg,Tablet,Meclizine + Pyridoxine,25 mg+50 mg,Benham Pharmaceuticals Ltd.,"Unit Price: ৳ 3.00,(50's pack: ৳ 150.00),",(50's pack: ৳ 150.00)
1810,Deu,allopathic,deucapsule-delayed-release20-mg,Capsule (Delayed Release),Omeprazole,20 mg,Monicopharma Ltd.,"Unit Price: ৳ 5.00,(48's pack: ৳ 240.00),",(48's pack: ৳ 240.00)
1811,Deu,allopathic,deuiv-injection40-mgvial,IV Injection,Omeprazole,40 mg/vial,Monicopharma Ltd.,40 mg vial: ৳ 80.00,
13111,Dettol,allopathic,dettolliquid13,Liquid,Chloroxylenol,1.30%,Reckitt & Benckiser Ltd.,"50 ml bottle: ৳ 35.00,100 ml bottle: ৳ 48.00,750 ml bottle: ৳ 220.00,5 litter container: ৳ 1,300.00",
13112,Dettol,allopathic,dettolcream0303,Cream,Chloroxylenol + Triclosan,0.3%+0.3%,Reckitt & Benckiser Ltd.,50 gm tube: ৳ 18.00,
16867,Dettol,allopathic,dettolliquid48,Liquid,Chloroxylenol,4.80%,Reckitt & Benckiser Ltd.,"100 ml bottle: ৳ 45.00,500 ml bottle: ৳ 140.00,5 litter container: ৳ 1,220.00",
15616,Detrusin LA,allopathic,detrusin-lacapsule-extended-release4-mg,Capsule (Extended Release),Tolterodine Tartrate,4 mg,UniMed UniHealth,"Unit Price: ৳ 15.00,(20's pack: ৳ 300.00),",(20's pack: ৳ 300.00)
15615,Detrusin LA,allopathic,detrusin-lacapsule-extended-release2-mg,Capsule (Extended Release),Tolterodine Tartrate,2 mg,UniMed UniHealth,"Unit Price: ৳ 8.00,(20's pack: ৳ 160.00),",(20's pack: ৳ 160.00)
15618,Detrusin,allopathic,detrusintablet2-mg,Tablet,Tolterodine Tartrate,2 mg,UniMed UniHealth,"Unit Price: ৳ 3.50,(60's pack: ৳ 210.00),",(60's pack: ৳ 210.00)
15617,Detrusin,allopathic,detrusintablet1-mg,Tablet,Tolterodine Tartrate,1 mg,UniMed UniHealth,"Unit Price: ৳ 2.50,(60's pack: ৳ 150.00),",(60's pack: ৳ 150.00)
2143,Detonix,allopathic,detonixtablet-enteric-coated20-mg,Tablet (Enteric Coated),Pantoprazole Sodium Sesquihydrate,20 mg,Desh Pharmaceuticals Ltd.,"Unit Price: ৳ 5.00,(50's pack: ৳ 250.00),,Unit Price: ৳ 5.00,(100's pack: ৳ 500.00),","(50's pack: ৳ 250.00),(100's pack: ৳ 500.00)"
26049,Detomax,allopathic,detomaxiv-infusion200-mcg2-ml,IV Infusion,Dexmedetomidine Hydrochloride,200 mcg/2 ml,Incepta Pharmaceuticals Ltd.,2 ml ampoule: ৳ 400.00,
15309,Detolac,allopathic,detolactablet10-mg,Tablet,Ketorolac Tromethamine,10 mg,Desh Pharmaceuticals Ltd.,"Unit Price: ৳ 6.00,(30's pack: ৳ 180.00),,Unit Price: ৳ 6.00,(50's pack: ৳ 300.00),","(30's pack: ৳ 180.00),(50's pack: ৳ 300.00)"
1688,Detac,allopathic,detactablet150-mg,Tablet,Ranitidine Hydrochloride,150 mg,Desh Pharmaceuticals Ltd.,"Unit Price: ৳ 1.00,(100's pack: ৳ 100.00),,Unit Price: ৳ 1.00,(150's pack: ৳ 150.00),","(100's pack: ৳ 100.00),(150's pack: ৳ 150.00)"
12257,Destin,allopathic,destintablet5-mg,Tablet,Desloratadine,5 mg,UniMed UniHealth,"Unit Price: ৳ 2.50,(30's pack: ৳ 75.00),",(30's pack: ৳ 75.00)
12258,Destin,allopathic,destinsyrup25-mg5-ml,Syrup,Desloratadine,2.5 mg/5 ml,UniMed UniHealth,60 ml bottle: ৳ 25.00,
19720,Destadin,allopathic,destadintablet5-mg,Tablet,Desloratadine,5 mg,Prime Pharmaceuticals Ltd.,Unit Price: ৳ 2.50,
12256,Destacin,allopathic,destacintablet5-mg,Tablet,Desloratadine,5 mg,Rangs Pharmaceuticals Ltd.,"Unit Price: ৳ 2.51,(50's pack: ৳ 125.50),",(50's pack: ৳ 125.50)
27912,Desta,allopathic,destatablet5-mg,Tablet,Desloratadine,5 mg,The White Horse Pharma,"Unit Price: ৳ 2.50,(50's pack: ৳ 125.00),",(50's pack: ৳ 125.00)
12621,Desotop,allopathic,desotopgel005,Gel,Desonide,0.05%,ACI Limited,15 gm tube: ৳ 50.34,
19725,Desotem,allopathic,desotemtablet5-mg,Tablet,Desloratadine,5 mg,Team Pharmaceuticals Ltd.,"Unit Price: ৳ 2.40,(100's pack: ৳ 240.00),",(100's pack: ৳ 240.00)
19749,Desopra,allopathic,desopracapsule-delayed-release30-mg,Capsule (Delayed Release),Dexlansoprazole,30 mg,Alco Pharma Ltd.,"Unit Price: ৳ 10.00,(30's pack: ৳ 300.00),",(30's pack: ৳ 300.00)
30513,Desopil 30,allopathic,desopil-30tablet003-mg015-mg,Tablet,Ethinyl Estradiol + Desogestrel (0.03 mg),0.03 mg+0.15 mg,ACME Laboratories Ltd.,21 tablet pack: ৳ 105.00,
30512,Desopil 20,allopathic,desopil-20tablet002-mg015-mg,Tablet,Ethinyl Estradiol + Desogestrel (0.02 mg),0.02 mg+0.15 mg,ACME Laboratories Ltd.,21 tablet pack: ৳ 90.09,
5746,Deson,allopathic,desontablet05-mg,Tablet,Dexamethasone,0.5 mg,Zenith Pharmaceuticals Ltd.,"Unit Price: ৳ 0.50,(100's pack: ৳ 50.00),",(100's pack: ৳ 50.00)
6105,Desolon,allopathic,desolontablet003-mg015-mg,Tablet,Ethinyl Estradiol + Desogestrel (0.03 mg),0.03 mg+0.15 mg,Renata Limited,21 tablet pack: ৳ 105.00,
19705,Desolet,allopathic,desolettablet5-mg,Tablet,Desloratadine,5 mg,Amulet Pharmaceuticals Ltd.,"Unit Price: ৳ 2.50,(100's pack: ৳ 250.00),",(100's pack: ৳ 250.00)
12253,Desol,allopathic,desolsyrup25-mg5-ml,Syrup,Desloratadine,2.5 mg/5 ml,Zenith Pharmaceuticals Ltd.,60 ml bottle: ৳ 24.00,
231,Acerux,allopathic,aceruxophthalmic-ointment3,Ophthalmic Ointment,Acyclovir (Ophthalmic),3%,Opsonin Pharma Ltd.,3 gm tube: ৳ 45.17,
15763,Dexan,allopathic,dexanophthalmic-solution01,Ophthalmic Solution,Dexamethasone (Ophthalmic),0.10%,Chemist Laboratories  Ltd.,4 ml drop: ৳ 60.00,
5758,Dexan,allopathic,dexanimiv-injection5-mgml,IM/IV Injection,Dexamethasone,5 mg/ml,Chemist Laboratories  Ltd.,"1 ml ampoule: ৳ 15.00,(20's pack: ৳ 300.00),",(20's pack: ৳ 300.00)
13065,Dexamox,allopathic,dexamoxophthalmic-solution0501,Ophthalmic Solution,Moxifloxacin Hydrochloride + Dexamethasone,0.5%+0.1%,Aristopharma Ltd.,5 ml drop: ৳ 200.00,
5755,Dexamin,allopathic,dexamintablet05-mg,Tablet,Dexamethasone,0.5 mg,Jayson Pharmaceuticals Ltd.,"Unit Price: ৳ 1.00,(100's pack: ৳ 100.00),",(100's pack: ৳ 100.00)
15762,Dexamin,allopathic,dexaminophthalmic-solution01,Ophthalmic Solution,Dexamethasone (Ophthalmic),0.10%,Jayson Pharmaceuticals Ltd.,5 ml drop: ৳ 45.00,
5756,Dexamin,allopathic,dexaminimiv-injection5-mgml,IM/IV Injection,Dexamethasone,5 mg/ml,Jayson Pharmaceuticals Ltd.,"1 ml ampoule: ৳ 18.05,(10's pack: ৳ 180.50),",(10's pack: ৳ 180.50)
5753,Dexamethason,allopathic,dexamethasontablet05-mg,Tablet,Dexamethasone,0.5 mg,Bristol Pharmaceuticals Ltd.,"Unit Price: ৳ 1.00,(100's pack: ৳ 100.00),",(100's pack: ৳ 100.00)
15761,Dexamet,allopathic,dexametophthalmic-solution01,Ophthalmic Solution,Dexamethasone (Ophthalmic),0.10%,Rephco Pharmaceuticals Ltd.,5 ml drop: ৳ 60.00,
5751,Dexamet,allopathic,dexamettablet05-mg,Tablet,Dexamethasone,0.5 mg,Rephco Pharmaceuticals Ltd.,"Unit Price: ৳ 0.70,(200's pack: ৳ 140.00),",(200's pack: ৳ 140.00)
5752,Dexamet,allopathic,dexametimiv-injection5-mgml,IM/IV Injection,Dexamethasone,5 mg/ml,Rephco Pharmaceuticals Ltd.,"1 ml ampoule: ৳ 11.00,(10's pack: ৳ 110.00),",(10's pack: ৳ 110.00)
15783,Dexam,allopathic,dexamimiv-injection5-mgml,IM/IV Injection,Dexamethasone,5 mg/ml,Medimet Pharmaceuticals Ltd.,"1 ml ampoule: ৳ 10.00,(10's pack: ৳ 100.00),",(10's pack: ৳ 100.00)
15787,Dexam,allopathic,dexamtablet05-mg,Tablet,Dexamethasone,0.5 mg,Medimet Pharmaceuticals Ltd.,"Unit Price: ৳ 1.00,(100's pack: ৳ 100.00),",(100's pack: ৳ 100.00)
27765,Dexalax,allopathic,dexalaxcapsule-delayed-release60-mg,Capsule (Delayed Release),Dexlansoprazole,60 mg,Delta Pharma Ltd.,"Unit Price: ৳ 12.00,(30's pack: ৳ 360.00),",(30's pack: ৳ 360.00)
27764,Dexalax,allopathic,dexalaxcapsule-delayed-release30-mg,Capsule (Delayed Release),Dexlansoprazole,30 mg,Delta Pharma Ltd.,"Unit Price: ৳ 6.00,(30's pack: ৳ 180.00),",(30's pack: ৳ 180.00)
16914,Dexaguard,allopathic,dexaguardophthalmic-solution0105,Ophthalmic Solution,Dexamethasone + Chloramphenicol,0.1%+0.5%,Incepta Pharmaceuticals Ltd.,5 ml drop: ৳ 70.00,
15846,Dexagen T,allopathic,dexagen-tophthalmic-solution0103,Ophthalmic Solution,Dexamethasone + Tobramycin,0.1%+0.3%,General Pharmaceuticals Ltd.,5 ml drop: ৳ 150.45,
15861,Dexagen T,allopathic,dexagen-tophthalmic-ointment0103,Ophthalmic Ointment,Dexamethasone + Tobramycin,0.1%+0.3%,General Pharmaceuticals Ltd.,3 gm tube: ৳ 90.30,
15838,Dexagen G,allopathic,dexagen-gophthalmic-solution0301,Ophthalmic Solution,Gatifloxacin + Dexamethasone,0.3%+0.1%,General Pharmaceuticals Ltd.,5 ml drop: ৳ 120.37,
15802,Dexagen C,allopathic,dexagen-cophthalmic-solution0105,Ophthalmic Solution,Dexamethasone + Chloramphenicol,0.1%+0.5%,General Pharmaceuticals Ltd.,5 ml drop: ৳ 70.21,
15759,Dexagen,allopathic,dexagenophthalmic-solution01,Ophthalmic Solution,Dexamethasone (Ophthalmic),0.10%,General Pharmaceuticals Ltd.,5 ml drop: ৳ 70.21,
15760,Dexagen,allopathic,dexagenophthalmic-ointment005,Ophthalmic Ointment,Dexamethasone (Ophthalmic),0.05%,General Pharmaceuticals Ltd.,3 gm tube: ৳ 80.00,
15827,Dexaflox,allopathic,dexafloxophthalmic-solution0301,Ophthalmic Solution,Ciprofloxacin + Dexamethasone,0.3%+0.1%,General Pharmaceuticals Ltd.,5 ml drop: ৳ 75.22,
15757,Dexadron,allopathic,dexadronophthalmic-solution01,Ophthalmic Solution,Dexamethasone (Ophthalmic),0.10%,Reman Drug Laboratories Ltd.,5 ml drop: ৳ 60.23,
15758,Dexadron,allopathic,dexadronophthalmic-ointment005,Ophthalmic Ointment,Dexamethasone (Ophthalmic),0.05%,Reman Drug Laboratories Ltd.,3 gm tube: ৳ 60.00,
15756,Dexacort,allopathic,dexacortophthalmic-solution01,Ophthalmic Solution,Dexamethasone (Ophthalmic),0.10%,Opso Saline Ltd.,5 ml drop: ৳ 70.00,
15801,Dexacol,allopathic,dexacolophthalmic-solution0105,Ophthalmic Solution,Dexamethasone + Chloramphenicol,0.1%+0.5%,Opso Saline Ltd.,5 ml drop: ৳ 70.00,
5748,Dexa,allopathic,dexaimiv-injection5-mgml,IM/IV Injection,Dexamethasone,5 mg/ml,Renata Limited,"1 ml ampoule: ৳ 25.00,(10's pack: ৳ 250.00),",(10's pack: ৳ 250.00)
30356,Dexa,allopathic,dexatablet05-mg,Tablet,Dexamethasone,0.5 mg,Renata Limited,"Unit Price: ৳ 1.00,(250's pack: ৳ 250.00),",(250's pack: ৳ 250.00)
10892,Dex-i,allopathic,dex-itablet300-mg,Tablet,Dexibuprofen,300 mg,Edruc Limited,"Unit Price: ৳ 3.00,(20's pack: ৳ 60.00),",(20's pack: ৳ 60.00)
31725,Dewgel Liquigel,allopathic,dewgel-liquigelophthalmic-solution1,Ophthalmic Solution,Carboxymethylcellulose Sodium,1%,Opso Saline Ltd.,10 ml drop: ৳ 275.00,
143,Acerux,allopathic,aceruxoral-suspension200-mg5-ml,Oral Suspension,Acyclovir (Oral),200 mg/5 ml,Opsonin Pharma Ltd.,70 ml bottle: ৳ 125.47,
27466,Dexnil,allopathic,dexnilcapsule-delayed-release30-mg,Capsule (Delayed Release),Dexlansoprazole,30 mg,Benham Pharmaceuticals Ltd.,"Unit Price: ৳ 9.00,(50's pack: ৳ 450.00),",(50's pack: ৳ 450.00)
16435,Dexlan,allopathic,dexlancapsule-delayed-release60-mg,Capsule (Delayed Release),Dexlansoprazole,60 mg,Ibn Sina Pharmaceuticals Ltd.,"Unit Price: ৳ 18.00,(50's pack: ৳ 900.00),",(50's pack: ৳ 900.00)
16434,Dexlan,allopathic,dexlancapsule-delayed-release30-mg,Capsule (Delayed Release),Dexlansoprazole,30 mg,Ibn Sina Pharmaceuticals Ltd.,"Unit Price: ৳ 10.00,(100's pack: ৳ 1,000.00),","(100's pack: ৳ 1,000.00)"
31961,Dexkof Plus,allopathic,dexkof-plussyrup20-mg10-mg25-mg5-ml,Syrup,Dextromethorphan + Phenylephrine + Triprolidine,(20 mg+10 mg+2.5 mg)/5 ml,Sharif Pharmaceuticals Ltd.,100 ml bottle: ৳ 100.00,
4013,Dexitra,allopathic,dexitrasyrup10-mg30-mg125-mg5-ml,Syrup,Dextromethorphan + Pseudoephedrine + Triprolidine,(10 mg+30 mg+1.25 mg)/5 ml,Novo Healthcare and Pharma Ltd.,100 ml bottle: ৳ 55.16,
4333,Dexit,allopathic,dexittablet05-mg10-mg,Tablet,Flupentixol + Melitracen,0.5 mg+10 mg,UniMed UniHealth,"Unit Price: ৳ 5.00,(50's pack: ৳ 250.00),",(50's pack: ৳ 250.00)
5760,Dexison,allopathic,dexisontablet05-mg,Tablet,Dexamethasone,0.5 mg,Edruc Limited,"Unit Price: ৳ 0.90,(100's pack: ৳ 90.01),",(100's pack: ৳ 90.01)
16433,Dexilend,allopathic,dexilendcapsule-delayed-release60-mg,Capsule (Delayed Release),Dexlansoprazole,60 mg,Ziska Pharmaceuticals Ltd.,"Unit Price: ৳ 16.00,(32's pack: ৳ 512.00),",(32's pack: ৳ 512.00)
16432,Dexilend,allopathic,dexilendcapsule-delayed-release30-mg,Capsule (Delayed Release),Dexlansoprazole,30 mg,Ziska Pharmaceuticals Ltd.,"Unit Price: ৳ 9.00,(60's pack: ৳ 540.00),",(60's pack: ৳ 540.00)
30854,Dexila,allopathic,dexilacapsule-delayed-release30-mg,Capsule (Delayed Release),Dexlansoprazole,30 mg,Goodman Pharmaceuticals Ltd.,"Unit Price: ৳ 9.00,(30's pack: ৳ 270.00),",(30's pack: ৳ 270.00)
31110,Dexigent,allopathic,dexigentcapsule-delayed-release30-mg,Capsule (Delayed Release),Dexlansoprazole,30 mg,Biogen Pharmaceuticals Ltd.,"Unit Price: ৳ 9.00,(50's pack: ৳ 450.00),,Unit Price: ৳ 9.00,(30's pack: ৳ 270.00),","(50's pack: ৳ 450.00),(30's pack: ৳ 270.00)"
31906,Dexifen,allopathic,dexifentablet200-mg,Tablet,Dexibuprofen,200 mg,Beximco Pharmaceuticals Ltd.,"Unit Price: ৳ 3.00,(100's pack: ৳ 300.00),",(100's pack: ৳ 300.00)
31908,Dexifen,allopathic,dexifentablet400-mg,Tablet,Dexibuprofen,400 mg,Beximco Pharmaceuticals Ltd.,"Unit Price: ৳ 5.00,(100's pack: ৳ 500.00),",(100's pack: ৳ 500.00)
31909,Dexifen,allopathic,dexifenoral-suspension100-mg5-ml,Oral Suspension,Dexibuprofen,100 mg/5 ml,Beximco Pharmaceuticals Ltd.,100 ml bottle: ৳ 40.00,
31907,Dexifen,allopathic,dexifentablet300-mg,Tablet,Dexibuprofen,300 mg,Beximco Pharmaceuticals Ltd.,"Unit Price: ৳ 4.00,(100's pack: ৳ 400.00),",(100's pack: ৳ 400.00)
10893,Dexibu,allopathic,dexibutablet200-mg,Tablet,Dexibuprofen,200 mg,General Pharmaceuticals Ltd.,"Unit Price: ৳ 3.00,(42's pack: ৳ 126.00),",(42's pack: ৳ 126.00)
10894,Dexibu,allopathic,dexibutablet300-mg,Tablet,Dexibuprofen,300 mg,General Pharmaceuticals Ltd.,"Unit Price: ৳ 4.00,(35's pack: ৳ 140.00),",(35's pack: ৳ 140.00)
31910,Dexibu,allopathic,dexibutablet400-mg,Tablet,Dexibuprofen,400 mg,General Pharmaceuticals Ltd.,"Unit Price: ৳ 5.00,(28's pack: ৳ 140.00),",(28's pack: ৳ 140.00)
26958,Dexend,allopathic,dexendcapsule-delayed-release30-mg,Capsule (Delayed Release),Dexlansoprazole,30 mg,Labaid Pharma Ltd.,"Unit Price: ৳ 9.00,(30's pack: ৳ 270.00),",(30's pack: ৳ 270.00)
26959,Dexend,allopathic,dexendcapsule-delayed-release60-mg,Capsule (Delayed Release),Dexlansoprazole,60 mg,Labaid Pharma Ltd.,"Unit Price: ৳ 16.00,(30's pack: ৳ 480.00),",(30's pack: ৳ 480.00)
15791,Dexcor,allopathic,dexcortablet05-mg,Tablet,Dexamethasone,0.5 mg,ACI Limited,"Unit Price: ৳ 1.10,(200's pack: ৳ 220.00),",(200's pack: ৳ 220.00)
19838,Dexcor,allopathic,dexcorimiv-injection5-mgml,IM/IV Injection,Dexamethasone,5 mg/ml,ACI Limited,"1 ml ampoule: ৳ 22.00,(10's pack: ৳ 220.00),",(10's pack: ৳ 220.00)
28526,Dexcilo,allopathic,dexciloophthalmic-solution0301,Ophthalmic Solution,Ciprofloxacin + Dexamethasone,0.3%+0.1%,Pacific Pharmaceuticals Ltd.,5 ml drop: ৳ 75.00,
15804,Dexchlor,allopathic,dexchlorophthalmic-solution0105,Ophthalmic Solution,Dexamethasone + Chloramphenicol,0.1%+0.5%,Gaco Pharmaceuticals Ltd.,5 ml drop: ৳ 70.22,
7225,Dexatil,allopathic,dexatilpowder-for-suspension125-mg5-ml,Powder for Suspension,Cefuroxime Axetil,125 mg/5 ml,Doctor’s Chemical Works Ltd.,70 ml bottle: ৳ 198.00,
7224,Dexatil,allopathic,dexatiltablet250-mg,Tablet,Cefuroxime Axetil,250 mg,Doctor’s Chemical Works Ltd.,"Unit Price: ৳ 25.00,(12's pack: ৳ 300.00),",(12's pack: ৳ 300.00)
5759,Dexasone,allopathic,dexasonetablet05-mg,Tablet,Dexamethasone,0.5 mg,Pharmadesh Laboratories Ltd.,"Unit Price: ৳ 0.55,(100's pack: ৳ 55.00),",(100's pack: ৳ 55.00)
14842,Dexaqua DS,allopathic,dexaqua-dsiv-infusion10,IV Infusion,Dextrose,10%,Beximco Pharmaceuticals Ltd.,"500 ml bag: ৳ 78.20,1000 ml bag: ৳ 105.80",
14841,Dexaqua,allopathic,dexaquaiv-infusion5,IV Infusion,Dextrose,5%,Beximco Pharmaceuticals Ltd.,"500 ml bag: ৳ 71.30,1000 ml bag: ৳ 92.00",
142,Acerux,allopathic,aceruxtablet400-mg,Tablet,Acyclovir (Oral),400 mg,Opsonin Pharma Ltd.,"Unit Price: ৳ 22.00,(20's pack: ৳ 440.00),",(20's pack: ৳ 440.00)
141,Acerux,allopathic,aceruxtablet200-mg,Tablet,Acyclovir (Oral),200 mg,Opsonin Pharma Ltd.,"Unit Price: ৳ 14.05,(30's pack: ৳ 421.50),",(30's pack: ৳ 421.50)
19735,Dextor-T,allopathic,dextor-tophthalmic-solution0103,Ophthalmic Solution,Dexamethasone + Tobramycin,0.1%+0.3%,Eskayef Pharmaceuticals Ltd.,5 ml drop: ৳ 150.00,
15806,Dextor-C,allopathic,dextor-cophthalmic-solution0105,Ophthalmic Solution,Dexamethasone + Chloramphenicol,0.1%+0.5%,Eskayef Pharmaceuticals Ltd.,5 ml drop: ৳ 70.00,
5766,Dextor,allopathic,dextortablet05-mg,Tablet,Dexamethasone,0.5 mg,Eskayef Pharmaceuticals Ltd.,"Unit Price: ৳ 1.00,(200's pack: ৳ 200.00),",(200's pack: ৳ 200.00)
5764,Dextason,allopathic,dextasontablet05-mg,Tablet,Dexamethasone,0.5 mg,Ziska Pharmaceuticals Ltd.,"Unit Price: ৳ 0.60,(100's pack: ৳ 60.00),",(100's pack: ৳ 60.00)
5765,Dextason,allopathic,dextasonimiv-injection5-mgml,IM/IV Injection,Dexamethasone,5 mg/ml,Ziska Pharmaceuticals Ltd.,"1 ml ampoule: ৳ 12.00,(10's pack: ৳ 120.00),",(10's pack: ৳ 120.00)
28479,Dextac,allopathic,dextaccapsule-delayed-release60-mg,Capsule (Delayed Release),Dexlansoprazole,60 mg,Navana Pharmaceuticals Ltd.,"Unit Price: ৳ 16.00,(24's pack: ৳ 384.00),",(24's pack: ৳ 384.00)
28478,Dextac,allopathic,dextaccapsule-delayed-release30-mg,Capsule (Delayed Release),Dexlansoprazole,30 mg,Navana Pharmaceuticals Ltd.,"Unit Price: ৳ 10.00,(60's pack: ৳ 600.00),,Unit Price: ৳ 10.00,(30's pack: ৳ 300.00),","(60's pack: ৳ 600.00),(30's pack: ৳ 300.00)"
3992,Dexsol,allopathic,dexsolsyrup10-mg5-ml,Syrup,Dextromethorphan Hydrobromide,10 mg/5 ml,Gaco Pharmaceuticals Ltd.,100 ml bottle: ৳ 35.11,
23954,Dexpoten Plus,allopathic,dexpoten-plussyrup20-mg10-mg25-mg5-ml,Syrup,Dextromethorphan + Phenylephrine + Triprolidine,(20 mg+10 mg+2.5 mg)/5 ml,Eskayef Pharmaceuticals Ltd.,100 ml bottle: ৳ 110.00,
4014,Dexpoten,allopathic,dexpotensyrup10-mg30-mg125-mg5-ml,Syrup,Dextromethorphan + Pseudoephedrine + Triprolidine,(10 mg+30 mg+1.25 mg)/5 ml,Eskayef Pharmaceuticals Ltd.,100 ml bottle: ৳ 80.00,
29625,Dexporil,allopathic,dexporilsyrup20-mg10-mg25-mg5-ml,Syrup,Dextromethorphan + Phenylephrine + Triprolidine,(20 mg+10 mg+2.5 mg)/5 ml,Opsonin Pharma Ltd.,100 ml bottle: ৳ 100.00,
19766,Dexpofen,allopathic,dexpofensyrup10-mg5-ml,Syrup,Dextromethorphan Hydrobromide,10 mg/5 ml,Eskayef Pharmaceuticals Ltd.,100 ml bottle: ৳ 40.00,
29114,Dexpel,allopathic,dexpelsyrup200-mg15-mg15-mg5-ml,Syrup,Guaifenesin + Dextromethorphan + Menthol,(200 mg+15 mg+15 mg)/5 ml,Opsonin Pharma Ltd.,100 ml bottle: ৳ 85.00,
32003,Dexotix M,allopathic,dexotix-msyrup200-mg15-mg15-mg5-ml,Syrup,Guaifenesin + Dextromethorphan + Menthol,(200 mg+15 mg+15 mg)/5 ml,Incepta Pharmaceuticals Ltd.,100 ml bottle: ৳ 85.00,
29782,Dexotix,allopathic,dexotixtablet60-mg1200-mg,Tablet,Dextromethorphan Hydrobromide + Guaifenesin,60 mg+1200 mg,Incepta Pharmaceuticals Ltd.,"Unit Price: ৳ 10.00,(28's pack: ৳ 280.00),",(28's pack: ৳ 280.00)
391,Dexoride,allopathic,dexorideiv-infusion095,IV Infusion,Sodium Chloride + Dextrose,0.9%+5%,Beximco Pharmaceuticals Ltd.,"500 ml bag: ৳ 75.89,1000 ml bag: ৳ 101.20",
29610,Dexoprex,allopathic,dexoprexcapsule-delayed-release60-mg,Capsule (Delayed Release),Dexlansoprazole,60 mg,Beacon Pharmaceuticals Ltd.,"Unit Price: ৳ 18.00,(30's pack: ৳ 540.00),",(30's pack: ৳ 540.00)
29609,Dexoprex,allopathic,dexoprexcapsule-delayed-release30-mg,Capsule (Delayed Release),Dexlansoprazole,30 mg,Beacon Pharmaceuticals Ltd.,"Unit Price: ৳ 10.00,(50's pack: ৳ 500.00),",(50's pack: ৳ 500.00)
15805,Dexonex-C,allopathic,dexonex-cophthalmic-solution0105,Ophthalmic Solution,Dexamethasone + Chloramphenicol,0.1%+0.5%,Square Pharmaceuticals Ltd.,5 ml drop: ৳ 70.21,
5763,Dexonex,allopathic,dexoneximiv-injection5-mgml,IM/IV Injection,Dexamethasone,5 mg/ml,Square Pharmaceuticals Ltd.,"1 ml ampoule: ৳ 20.06,(10's pack: ৳ 200.60),",(10's pack: ৳ 200.60)
5762,Dexonex,allopathic,dexonextablet05-mg,Tablet,Dexamethasone,0.5 mg,Square Pharmaceuticals Ltd.,"Unit Price: ৳ 0.89,(100's pack: ৳ 89.00),",(100's pack: ৳ 89.00)
20609,Dexon-G,allopathic,dexon-gophthalmic-solution0301,Ophthalmic Solution,Gatifloxacin + Dexamethasone,0.3%+0.1%,Ibn Sina Pharmaceuticals Ltd.,5 ml drop: ৳ 120.00,
15764,Dexon,allopathic,dexonophthalmic-solution01,Ophthalmic Solution,Dexamethasone (Ophthalmic),0.10%,Ibn Sina Pharmaceuticals Ltd.,5 ml drop: ৳ 70.00,
5761,Dexon,allopathic,dexonimiv-injection5-mgml,IM/IV Injection,Dexamethasone,5 mg/ml,Ibn Sina Pharmaceuticals Ltd.,"1 ml ampoule: ৳ 16.00,(10's pack: ৳ 160.00),",(10's pack: ৳ 160.00)
15765,Dexon,allopathic,dexonophthalmic-ointment005,Ophthalmic Ointment,Dexamethasone (Ophthalmic),0.05%,Ibn Sina Pharmaceuticals Ltd.,3 gm tube: ৳ 60.00,
32438,Dexolin,allopathic,dexolinsyrup20-mg10-mg25-mg5-ml,Syrup,Dextromethorphan + Phenylephrine + Triprolidine,(20 mg+10 mg+2.5 mg)/5 ml,Aristopharma Ltd.,100 ml bottle: ৳ 100.00,
19756,Dexogut,allopathic,dexogutcapsule-delayed-release60-mg,Capsule (Delayed Release),Dexlansoprazole,60 mg,Popular Pharmaceuticals Ltd.,"Unit Price: ৳ 18.00,(30's pack: ৳ 540.00),",(30's pack: ৳ 540.00)
19755,Dexogut,allopathic,dexogutcapsule-delayed-release30-mg,Capsule (Delayed Release),Dexlansoprazole,30 mg,Popular Pharmaceuticals Ltd.,"Unit Price: ৳ 10.00,(50's pack: ৳ 500.00),",(50's pack: ৳ 500.00)
26969,Dexodel Plus,allopathic,dexodel-plussyrup20-mg10-mg25-mg5-ml,Syrup,Dextromethorphan + Phenylephrine + Triprolidine,(20 mg+10 mg+2.5 mg)/5 ml,Delta Pharma Ltd.,100 ml bottle: ৳ 100.00,
32439,Dexocof,allopathic,dexocofsyrup20-mg10-mg25-mg5-ml,Syrup,Dextromethorphan + Phenylephrine + Triprolidine,(20 mg+10 mg+2.5 mg)/5 ml,Ethical Drug Ltd.,100 ml bottle: ৳ 100.00,
128,Acerux,allopathic,aceruxiv-infusion500-mgvial,IV Infusion,Acyclovir (Injection),500 mg/vial,Opsonin Pharma Ltd.,500 mg vial: ৳ 700.00,
19697,Dezert,allopathic,dezerttablet6-mg,Tablet,Deflazacort,6 mg,Globe Pharmaceuticals Ltd.,"Unit Price: ৳ 8.00,(30's pack: ৳ 240.00),",(30's pack: ৳ 240.00)
26612,Dezco,allopathic,dezcotablet24-mg,Tablet,Deflazacort,24 mg,Drug International Ltd.,"Unit Price: ৳ 30.00,(20's pack: ৳ 600.00),",(20's pack: ৳ 600.00)
19696,Dezco,allopathic,dezcotablet6-mg,Tablet,Deflazacort,6 mg,Drug International Ltd.,"Unit Price: ৳ 8.00,(30's pack: ৳ 240.00),",(30's pack: ৳ 240.00)
30411,Dezacot,allopathic,dezacotoral-suspension6-mg5-ml,Oral Suspension,Deflazacort,6 mg/5 ml,Opsonin Pharma Ltd.,60 ml bottle: ৳ 200.00,
19701,Dezacot,allopathic,dezacottablet6-mg,Tablet,Deflazacort,6 mg,Opsonin Pharma Ltd.,"Unit Price: ৳ 8.03,(30's pack: ৳ 240.90),",(30's pack: ৳ 240.90)
29558,Dezacot,allopathic,dezacottablet30-mg,Tablet,Deflazacort,30 mg,Opsonin Pharma Ltd.,"Unit Price: ৳ 32.00,(10's pack: ৳ 320.00),",(10's pack: ৳ 320.00)
29775,Dezacot,allopathic,dezacottablet24-mg,Tablet,Deflazacort,24 mg,Opsonin Pharma Ltd.,"Unit Price: ৳ 30.00,(20's pack: ৳ 600.00),",(20's pack: ৳ 600.00)
19751,Dexzole,allopathic,dexzolecapsule-delayed-release60-mg,Capsule (Delayed Release),Dexlansoprazole,60 mg,Edruc Limited,"Unit Price: ৳ 12.00,(30's pack: ৳ 360.00),",(30's pack: ৳ 360.00)
19750,Dexzole,allopathic,dexzolecapsule-delayed-release30-mg,Capsule (Delayed Release),Dexlansoprazole,30 mg,Edruc Limited,"Unit Price: ৳ 8.50,(30's pack: ৳ 255.01),",(30's pack: ৳ 255.01)
27715,Dextrose,allopathic,dextroseiv-infusion25,IV Infusion,Dextrose,25%,Opso Saline Ltd.,25 ml bag: ৳ 9.17,
14847,Dextrose,allopathic,dextroseiv-infusion10,IV Infusion,Dextrose,10%,Opso Saline Ltd.,"500 ml bag: ৳ 77.95,1000 ml bag: ৳ 105.48",
19779,Dextrose,allopathic,dextroseiv-infusion10,IV Infusion,Dextrose,10%,Institute of Public Health (IPH),Not for sale,
14846,Dextrose,allopathic,dextroseiv-infusion5,IV Infusion,Dextrose,5%,Opso Saline Ltd.,"500 ml bag: ৳ 71.30,1000 ml bag: ৳ 91.99",
371,Dextrosal,allopathic,dextrosaliv-infusion01843,IV Infusion,Sodium Chloride + Dextrose,0.18%+4.3%,Orion Infusion Ltd.,"500 ml bag: ৳ 44.64,1000 ml bag: ৳ 94.07",
384,Dextrosal,allopathic,dextrosaliv-infusion02255,IV Infusion,Sodium Chloride + Dextrose,0.225%+5%,Orion Infusion Ltd.,500 ml bag: ৳ 72.23,
388,Dextrosal,allopathic,dextrosaliv-infusion0455,IV Infusion,Sodium Chloride + Dextrose,0.45%+5%,Orion Infusion Ltd.,500 ml bag: ৳ 54.88,
392,Dextrosal,allopathic,dextrosaliv-infusion095,IV Infusion,Sodium Chloride + Dextrose,0.9%+5%,Orion Infusion Ltd.,"500 ml bag: ৳ 54.88,1000 ml bag: ৳ 93.95",
14843,Dextropac,allopathic,dextropaciv-infusion5,IV Infusion,Dextrose,5%,Orion Infusion Ltd.,"500 ml bag: ৳ 54.88,1000 ml bag: ৳ 92.00",
14845,Dextropac,allopathic,dextropaciv-infusion25,IV Infusion,Dextrose,25%,Orion Infusion Ltd.,"100 ml bag: ৳ 48.14,250 ml bag: ৳ 73.22",
14844,Dextropac,allopathic,dextropaciv-infusion10,IV Infusion,Dextrose,10%,Orion Infusion Ltd.,"500 ml bag: ৳ 67.68,1000 ml bag: ৳ 105.80",
4015,Dextrop,allopathic,dextropsyrup10-mg30-mg125-mg5-ml,Syrup,Dextromethorphan + Pseudoephedrine + Triprolidine,(10 mg+30 mg+1.25 mg)/5 ml,Edruc Limited,100 ml bottle: ৳ 55.00,
3993,Dextromethorphan,allopathic,dextromethorphansyrup10-mg5-ml,Syrup,Dextromethorphan Hydrobromide,10 mg/5 ml,Beximco Pharmaceuticals Ltd.,100 ml bottle: ৳ 35.00,
19763,Dextromethorphan,allopathic,dextromethorphansyrup10-mg5-ml,Syrup,Dextromethorphan Hydrobromide,10 mg/5 ml,Ambee Pharmaceuticals Ltd.,100 ml bottle: ৳ 24.35,
358,Dextrolac,allopathic,dextrolaciv-infusion,IV Infusion,Dextrose & Hartmann's Solution,,Orion Infusion Ltd.,"500 ml bag: ৳ 61.98,1000 ml bag: ৳ 81.28",
15847,Dextrobac,allopathic,dextrobacophthalmic-solution0103,Ophthalmic Solution,Dexamethasone + Tobramycin,0.1%+0.3%,Incepta Pharmaceuticals Ltd.,5 ml drop: ৳ 150.00,
19775,Dextrim,allopathic,dextrimsyrup20-mg10-mg25-mg5-ml,Syrup,Dextromethorphan + Phenylephrine + Triprolidine,(20 mg+10 mg+2.5 mg)/5 ml,Beximco Pharmaceuticals Ltd.,100 ml bottle: ৳ 100.00,
14906,Dextran 70,allopathic,dextran-70iv-infusion609,IV Infusion,Dextran + Sodium Chloride,6%+0.9%,Institute of Public Health (IPH),Not for sale,
14905,Dextran 40,allopathic,dextran-40iv-infusion1009,IV Infusion,Dextran + Sodium Chloride,10%+0.9%,Institute of Public Health (IPH),Not for sale,
19759,Dextran,allopathic,dextraniv-infusion65,IV Infusion,Dextran + Dextrose,6%+5%,Institute of Public Health (IPH),Not for sale,
14904,Dextran,allopathic,dextraniv-infusion105,IV Infusion,Dextran + Dextrose,10%+5%,Institute of Public Health (IPH),Not for sale,
127,Acerux,allopathic,aceruxiv-infusion250-mgvial,IV Infusion,Acyclovir (Injection),250 mg/vial,Opsonin Pharma Ltd.,250 mg vial: ৳ 400.00,
5286,Dialon,allopathic,dialontablet1-mg,Tablet,Glimepiride,1 mg,Eskayef Pharmaceuticals Ltd.,"Unit Price: ৳ 4.50,(50's pack: ৳ 225.00),",(50's pack: ৳ 225.00)
5287,Dialon,allopathic,dialontablet2-mg,Tablet,Glimepiride,2 mg,Eskayef Pharmaceuticals Ltd.,"Unit Price: ৳ 8.00,(30's pack: ৳ 240.00),",(30's pack: ৳ 240.00)
20716,Dialon,allopathic,dialontablet3-mg,Tablet,Glimepiride,3 mg,Eskayef Pharmaceuticals Ltd.,"Unit Price: ৳ 10.00,(20's pack: ৳ 200.00),",(20's pack: ৳ 200.00)
5704,Dialiptin-M,allopathic,dialiptin-mtablet50-mg500-mg,Tablet,Vildagliptin + Metformin Hydrochloride,50 mg+500 mg,Drug International Ltd.,"Unit Price: ৳ 16.00,(14's pack: ৳ 224.00),",(14's pack: ৳ 224.00)
5705,Dialiptin-M,allopathic,dialiptin-mtablet50-mg850-mg,Tablet,Vildagliptin + Metformin Hydrochloride,50 mg+850 mg,Drug International Ltd.,"Unit Price: ৳ 19.00,(14's pack: ৳ 266.00),",(14's pack: ৳ 266.00)
5528,Dialiptin,allopathic,dialiptintablet50-mg,Tablet,Vildagliptin,50 mg,Drug International Ltd.,"Unit Price: ৳ 15.05,(42's pack: ৳ 632.00),",(42's pack: ৳ 632.00)
21720,Dialina,allopathic,dialinatablet5-mg,Tablet,Linagliptin,5 mg,Biopharma Laboratories Ltd.,"Unit Price: ৳ 15.00,(30's pack: ৳ 450.00),",(30's pack: ৳ 450.00)
30377,Dial,allopathic,dialtablet60-mg,Tablet,Diltiazem Hydrochloride (FC tablet),60 mg,Nipa Pharmaceuticals Ltd.,"Unit Price: ৳ 3.80,(100's pack: ৳ 380.00),",(100's pack: ৳ 380.00)
5373,Diafre,allopathic,diafretablet850-mg,Tablet,Metformin Hydrochloride,850 mg,Mystic Pharmaceuticals Ltd.,"Unit Price: ৳ 3.00,(50's pack: ৳ 150.00),",(50's pack: ৳ 150.00)
5372,Diafre,allopathic,diafretablet500-mg,Tablet,Metformin Hydrochloride,500 mg,Mystic Pharmaceuticals Ltd.,"Unit Price: ৳ 1.50,(100's pack: ৳ 150.00),",(100's pack: ৳ 150.00)
28778,Diafit,allopathic,diafittablet850-mg,Tablet,Metformin Hydrochloride,850 mg,Team Pharmaceuticals Ltd.,"Unit Price: ৳ 6.00,(50's pack: ৳ 300.00),",(50's pack: ৳ 300.00)
28777,Diafit,allopathic,diafittablet500-mg,Tablet,Metformin Hydrochloride,500 mg,Team Pharmaceuticals Ltd.,"Unit Price: ৳ 4.00,(50's pack: ৳ 200.00),",(50's pack: ৳ 200.00)
19667,Diadap,allopathic,diadaptablet5-mg,Tablet,Dapagliflozin Propanediol,5 mg,Opsonin Pharma Ltd.,"Unit Price: ৳ 16.00,(20's pack: ৳ 320.00),",(20's pack: ৳ 320.00)
5348,Diactin,allopathic,diactintablet5-mg,Tablet,Glipizide,5 mg,Beximco Pharmaceuticals Ltd.,"Unit Price: ৳ 1.50,(100's pack: ৳ 150.00),",(100's pack: ৳ 150.00)
5220,Diacon,allopathic,diacontablet80-mg,Tablet,Gliclazide,80 mg,Apex Pharmaceuticals Ltd.,"Unit Price: ৳ 7.00,(30's pack: ৳ 210.00),",(30's pack: ৳ 210.00)
5221,Diacon,allopathic,diacontablet80-mg,Tablet,Gliclazide,80 mg,Millat Pharmaceuticals Ltd.,"Unit Price: ৳ 7.00,(50's pack: ৳ 350.00),",(50's pack: ৳ 350.00)
15005,Diacer Plus,allopathic,diacer-plustablet750-mg50-mg,Tablet,Glucosamine Sulfate + Diacerein,750 mg+50 mg,Beacon Pharmaceuticals Ltd.,"Unit Price: ৳ 12.00,(30's pack: ৳ 360.00),",(30's pack: ৳ 360.00)
16351,Diacana,allopathic,diacanatablet100-mg,Tablet,Canagliflozin Hemihydrate,100 mg,NIPRO JMI Pharma Ltd.,"Unit Price: ৳ 60.00,(10's pack: ৳ 600.00),",(10's pack: ৳ 600.00)
33080,Diablo,allopathic,diablotablet500-mg,Tablet,Metformin Hydrochloride,500 mg,DBL Pharmaceuticals Ltd.,"Unit Price: ৳ 4.00,(30's pack: ৳ 120.00),",(30's pack: ৳ 120.00)
33081,Diablo,allopathic,diablotablet850-mg,Tablet,Metformin Hydrochloride,850 mg,DBL Pharmaceuticals Ltd.,"Unit Price: ৳ 6.00,(30's pack: ৳ 180.00),",(30's pack: ৳ 180.00)
22126,Dia M SR,allopathic,dia-m-srtablet-sustained-release500-mg,Tablet (Sustained Release),Metformin Hydrochloride,500 mg,Medimet Pharmaceuticals Ltd.,"Unit Price: ৳ 2.00,(50's pack: ৳ 100.00),",(50's pack: ৳ 100.00)
22125,Dia M,allopathic,dia-mtablet500-mg,Tablet,Metformin Hydrochloride,500 mg,Medimet Pharmaceuticals Ltd.,"Unit Price: ৳ 1.10,(50's pack: ৳ 55.00),",(50's pack: ৳ 55.00)
22124,Dia M,allopathic,dia-mtablet850-mg,Tablet,Metformin Hydrochloride,850 mg,Medimet Pharmaceuticals Ltd.,"Unit Price: ৳ 2.50,(50's pack: ৳ 125.00),",(50's pack: ৳ 125.00)
31448,DHEA,allopathic,dheatablet25-mg,Tablet,Dehydroepiandrosterone,25 mg,ACME Laboratories Ltd.,"Unit Price: ৳ 15.00,(30's pack: ৳ 450.00),",(30's pack: ৳ 450.00)
32002,DGM,allopathic,dgmsyrup200-mg15-mg15-mg5-ml,Syrup,Guaifenesin + Dextromethorphan + Menthol,(200 mg+15 mg+15 mg)/5 ml,Beacon Pharmaceuticals Ltd.,100 ml bottle: ৳ 85.00,
9251,DFX,allopathic,dfxtablet500-mg,Tablet,Ciprofloxacin,500 mg,Delta Pharma Ltd.,"Unit Price: ৳ 10.00,(30's pack: ৳ 300.00),",(30's pack: ৳ 300.00)
9252,DFX,allopathic,dfxpowder-for-suspension250-mg5-ml,Powder for Suspension,Ciprofloxacin,250 mg/5 ml,Delta Pharma Ltd.,60 ml bottle: ৳ 97.00,
31467,DFN,allopathic,dfntablet400-mg,Tablet,Doxophylline,400 mg,Silco Pharmaceutical Ltd.,"Unit Price: ৳ 6.00,(30's pack: ৳ 180.00),",(30's pack: ৳ 180.00)
10967,Dfc TR,allopathic,dfc-trcapsule-timed-release100-mg,Capsule (Timed Release),Diclofenac Sodium,100 mg,Amulet Pharmaceuticals Ltd.,"Unit Price: ৳ 2.50,(100's pack: ৳ 250.00),",(100's pack: ৳ 250.00)
2901,Dezide,allopathic,dezidetablet25-mg50-mg,Tablet,Hydrochlorothiazide + Triamterene,25 mg+50 mg,Eskayef Pharmaceuticals Ltd.,"Unit Price: ৳ 1.00,(100's pack: ৳ 100.00),",(100's pack: ৳ 100.00)
24073,Aceril,allopathic,aceriltablet5-mg,Tablet,Ramipril,5 mg,Ibn Sina Pharmaceuticals Ltd.,"Unit Price: ৳ 8.00,(30's pack: ৳ 240.00),",(30's pack: ৳ 240.00)
20664,Diapro MR,allopathic,diapro-mrtablet-modified-release60-mg,Tablet (Modified Release),Gliclazide,60 mg,Beximco Pharmaceuticals Ltd.,"Unit Price: ৳ 12.00,(30's pack: ৳ 360.00),",(30's pack: ৳ 360.00)
20663,Diapro MR,allopathic,diapro-mrtablet-modified-release30-mg,Tablet (Modified Release),Gliclazide,30 mg,Beximco Pharmaceuticals Ltd.,"Unit Price: ৳ 7.00,(30's pack: ৳ 210.00),",(30's pack: ৳ 210.00)
5224,Diapro,allopathic,diaprotablet80-mg,Tablet,Gliclazide,80 mg,Beximco Pharmaceuticals Ltd.,"Unit Price: ৳ 7.00,(50's pack: ৳ 350.00),,Unit Price: ৳ 7.00,(60's pack: ৳ 420.00),","(50's pack: ৳ 350.00),(60's pack: ৳ 420.00)"
5223,Diaprid,allopathic,diapridtablet80-mg,Tablet,Gliclazide,80 mg,Alco Pharma Ltd.,"Unit Price: ৳ 6.02,(30's pack: ৳ 180.60),",(30's pack: ৳ 180.60)
28524,Diaplus XR,allopathic,diaplus-xrtablet-extended-release5-mg,Tablet (Extended Release),Glipizide,5 mg,Pacific Pharmaceuticals Ltd.,"Unit Price: ৳ 2.80,(30's pack: ৳ 84.00),",(30's pack: ৳ 84.00)
5349,Diaplus,allopathic,diaplustablet5-mg,Tablet,Glipizide,5 mg,Pacific Pharmaceuticals Ltd.,"Unit Price: ৳ 2.00,(50's pack: ৳ 100.00),",(50's pack: ৳ 100.00)
5352,Diapizi,allopathic,diapizitablet5-mg,Tablet,Glipizide,5 mg,Medimet Pharmaceuticals Ltd.,"Unit Price: ৳ 2.00,(50's pack: ৳ 100.00),",(50's pack: ৳ 100.00)
5351,Diapizi,allopathic,diapizitablet25-mg,Tablet,Glipizide,2.5 mg,Medimet Pharmaceuticals Ltd.,"Unit Price: ৳ 1.00,(100's pack: ৳ 100.00),",(100's pack: ৳ 100.00)
5605,Diapiotab,allopathic,diapiotabtablet30-mg,Tablet,Pioglitazone,30 mg,Medimet Pharmaceuticals Ltd.,"Unit Price: ৳ 12.00,(50's pack: ৳ 600.00),",(50's pack: ৳ 600.00)
5604,Diapiotab,allopathic,diapiotabtablet15-mg,Tablet,Pioglitazone,15 mg,Medimet Pharmaceuticals Ltd.,"Unit Price: ৳ 8.00,(50's pack: ৳ 400.00),",(50's pack: ৳ 400.00)
21062,Diapamiro,allopathic,diapamiroinjection370-mgml,Injection,Iopamidol,370 mg/ml,Techno Drugs Ltd.,"100 ml vial: ৳ 2,100.00",
21061,Diapamiro,allopathic,diapamiroinjection370-mgml,Injection,Iopamidol,370 mg/ml,Techno Drugs Ltd.,"50 ml vial: ৳ 1,100.00",
27354,Diapac,allopathic,diapaciv-injection350-mgml,IV Injection,Iohexol,350 mg/ml,Techno Drugs Ltd.,"20 ml bottle: ৳ 603.37,50 ml bottle: ৳ 976.59,100 ml bottle: ৳ 1,880.00",
5565,Dianorm,allopathic,dianormtablet1-mg,Tablet,Repaglinide,1 mg,Rephco Pharmaceuticals Ltd.,"Unit Price: ৳ 3.75,(30's pack: ৳ 112.50),",(30's pack: ৳ 112.50)
2294,Dianide,allopathic,dianidetablet500-mg,Tablet,Nitazoxanide,500 mg,General Pharmaceuticals Ltd.,"Unit Price: ৳ 10.07,(6's pack: ৳ 60.42),",(6's pack: ৳ 60.42)
2295,Dianide,allopathic,dianidepowder-for-suspension100-mg5-ml,Powder for Suspension,Nitazoxanide,100 mg/5 ml,General Pharmaceuticals Ltd.,30 ml bottle: ৳ 35.24,
14886,Dianak,allopathic,dianakiv-infusion,IV Infusion,Cholera Saline,,Orion Infusion Ltd.,"500 ml bag: ৳ 49.66,1000 ml bag: ৳ 92.01",
33143,Diampa M,allopathic,diampa-mtablet5-mg500-mg,Tablet,Empagliflozin + Metformin Hydrochloride,5 mg+500 mg,Renata Limited,"Unit Price: ৳ 18.00,(18's pack: ৳ 324.00),",(18's pack: ৳ 324.00)
29852,Diampa,allopathic,diampatablet25-mg,Tablet,Empagliflozin,25 mg,Renata Limited,"Unit Price: ৳ 50.00,(10's pack: ৳ 500.00),",(10's pack: ৳ 500.00)
29853,Diampa,allopathic,diampatablet10-mg,Tablet,Empagliflozin,10 mg,Renata Limited,"Unit Price: ৳ 25.00,(20's pack: ৳ 500.00),",(20's pack: ৳ 500.00)
30634,Diamine Penicillin,allopathic,diamine-penicillininjection12-lac-unitsvial,Injection,Benzathine Penicillin,12 lac units/vial,Renata Limited,12 lac units vial: ৳ 24.30,
5374,Diamin,allopathic,diamintablet500-mg,Tablet,Metformin Hydrochloride,500 mg,Virgo Pharmaceuticals Ltd.,"Unit Price: ৳ 2.50,(30's pack: ৳ 75.00),",(30's pack: ৳ 75.00)
5375,Diamin,allopathic,diamintablet850-mg,Tablet,Metformin Hydrochloride,850 mg,Virgo Pharmaceuticals Ltd.,"Unit Price: ৳ 3.00,(30's pack: ৳ 90.00),",(30's pack: ৳ 90.00)
20655,Diamicron MR,allopathic,diamicron-mrtablet-modified-release60-mg,Tablet (Modified Release),Gliclazide,60 mg,Servier Bangladesh Operation,"Unit Price: ৳ 18.50,(30's pack: ৳ 555.00),",(30's pack: ৳ 555.00)
20654,Diamicron MR,allopathic,diamicron-mrtablet-modified-release30-mg,Tablet (Modified Release),Gliclazide,30 mg,Servier Bangladesh Operation,"Unit Price: ৳ 12.03,(30's pack: ৳ 360.90),",(30's pack: ৳ 360.90)
15640,Dialyte-B,allopathic,dialyte-bdialysis-solution,Dialysis Solution,Bicarbonate Component [HCO3 Hemodialysis Solution],,Popular Pharmaceuticals Ltd.,10 liters container: ৳ 411.50,
15642,Dialyte-AC,allopathic,dialyte-acdialysis-solution,Dialysis Solution,Acetate Formulation [Hemodialysis Solution],,Popular Pharmaceuticals Ltd.,10 liters container: ৳ 562.10,
15639,Dialyte-A,allopathic,dialyte-adialysis-solution,Dialysis Solution,Acidic component [HCO3 Hemodialysis Solution],,Popular Pharmaceuticals Ltd.,10 liters container: ৳ 516.90,
27978,Dialozin,allopathic,dialozintablet5-mg,Tablet,Dapagliflozin Propanediol,5 mg,Jenphar Bangladesh Ltd.,"Unit Price: ৳ 16.00,(30's pack: ৳ 480.00),",(30's pack: ৳ 480.00)
24072,Aceril,allopathic,aceriltablet25-mg,Tablet,Ramipril,2.5 mg,Ibn Sina Pharmaceuticals Ltd.,"Unit Price: ৳ 5.00,(30's pack: ৳ 150.00),",(30's pack: ৳ 150.00)
1675,Aceptin-R,allopathic,aceptin-rtablet150-mg,Tablet,Ranitidine Hydrochloride,150 mg,Asiatic Laboratories Ltd.,"Unit Price: ৳ 2.00,(100's pack: ৳ 200.00),",(100's pack: ৳ 200.00)
5339,Diavir,allopathic,diavirtablet1-mg,Tablet,Glimepiride,1 mg,Virgo Pharmaceuticals Ltd.,"Unit Price: ৳ 3.00,(50's pack: ৳ 150.00),",(50's pack: ৳ 150.00)
28810,Diavil,allopathic,diaviltablet50-mg,Tablet,Vildagliptin,50 mg,Biopharma Laboratories Ltd.,"Unit Price: ৳ 20.00,(30's pack: ৳ 600.00),",(30's pack: ৳ 600.00)
5574,Diatus,allopathic,diatustablet15-mg,Tablet,Pioglitazone,15 mg,Navana Pharmaceuticals Ltd.,"Unit Price: ৳ 8.00,(30's pack: ৳ 240.00),",(30's pack: ৳ 240.00)
28525,Diatrol MR,allopathic,diatrol-mrtablet-modified-release60-mg,Tablet (Modified Release),Gliclazide,60 mg,Pacific Pharmaceuticals Ltd.,"Unit Price: ৳ 15.00,(30's pack: ৳ 450.00),",(30's pack: ৳ 450.00)
5226,Diatrol MR,allopathic,diatrol-mrtablet-modified-release30-mg,Tablet (Modified Release),Gliclazide,30 mg,Pacific Pharmaceuticals Ltd.,"Unit Price: ৳ 8.00,(50's pack: ৳ 400.00),",(50's pack: ৳ 400.00)
5225,Diatrol,allopathic,diatroltablet80-mg,Tablet,Gliclazide,80 mg,Pacific Pharmaceuticals Ltd.,"Unit Price: ৳ 8.00,(50's pack: ৳ 400.00),,Unit Price: ৳ 8.00,(100's pack: ৳ 800.00),","(50's pack: ৳ 400.00),(100's pack: ৳ 800.00)"
27910,Diasweet,allopathic,diasweettablet18-mg,Tablet,Aspartame,18 mg,The White Horse Pharma,"Unit Price: ৳ 0.90,(100's pack: ৳ 90.00),",(100's pack: ৳ 90.00)
16761,Diasulin R,allopathic,diasulin-rsc-injection40-iuml,SC Injection,Insulin Human [Fast-Acting],40 IU/ml,ACI Limited,10 ml vial: ৳ 195.00,
16762,Diasulin R,allopathic,diasulin-rsc-injection100-iuml,SC Injection,Insulin Human [Fast-Acting],100 IU/ml,ACI Limited,10 ml vial: ৳ 415.00,
32029,Diasulin R,allopathic,diasulin-rsc-injection100-iuml,SC Injection,Insulin Human [Fast-Acting],100 IU/ml,ACI Limited,"3 ml cartridge: ৳ 220.00,(3's pack: ৳ 660.00),",(3's pack: ৳ 660.00)
32030,Diasulin N,allopathic,diasulin-nsc-injection100-iuml,SC Injection,Insulin Human [Long-Acting],100 IU/ml,ACI Limited,"3 ml cartridge: ৳ 220.00,(3's pack: ৳ 660.00),",(3's pack: ৳ 660.00)
16788,Diasulin N,allopathic,diasulin-nsc-injection40-iuml,SC Injection,Insulin Human [Long-Acting],40 IU/ml,ACI Limited,10 ml vial: ৳ 195.00,
16789,Diasulin N,allopathic,diasulin-nsc-injection100-iuml,SC Injection,Insulin Human [Long-Acting],100 IU/ml,ACI Limited,10 ml vial: ৳ 415.00,
32249,Diasulin,allopathic,diasulinsc-injection3070-in-100-iuml,SC Injection,Insulin Human [rDNA] + Isophane Insulin Human,30%+70% in 100 IU/ml,ACI Limited,"3 ml cartridge: ৳ 222.00,(3's pack: ৳ 666.00),",(3's pack: ৳ 666.00)
16810,Diasulin,allopathic,diasulinsc-injection5050-in-100-iuml,SC Injection,Insulin Human [rDNA] + Isophane Insulin Human,50%+50% in 100 IU/ml,ACI Limited,10 ml vial: ৳ 415.00,
16808,Diasulin,allopathic,diasulinsc-injection3070-in-100-iuml,SC Injection,Insulin Human [rDNA] + Isophane Insulin Human,30%+70% in 100 IU/ml,ACI Limited,10 ml vial: ৳ 415.00,
16807,Diasulin,allopathic,diasulinsc-injection3070-in-40-iuml,SC Injection,Insulin Human [rDNA] + Isophane Insulin Human,30%+70% in 40 IU/ml,ACI Limited,10 ml vial: ৳ 195.00,
16809,Diasulin,allopathic,diasulinsc-injection5050-in-40-iuml,SC Injection,Insulin Human [rDNA] + Isophane Insulin Human,50%+50% in 40 IU/ml,ACI Limited,10 ml vial: ৳ 195.00,
29878,Diastat,allopathic,diastattablet10-mg,Tablet,Empagliflozin,10 mg,The White Horse Pharma,"Unit Price: ৳ 25.00,(20's pack: ৳ 500.00),",(20's pack: ৳ 500.00)
29879,Diastat,allopathic,diastattablet25-mg,Tablet,Empagliflozin,25 mg,The White Horse Pharma,"Unit Price: ৳ 40.00,(10's pack: ৳ 400.00),",(10's pack: ৳ 400.00)
14887,Diasol,allopathic,diasoliv-infusion,IV Infusion,Cholera Saline,,Libra Infusions Ltd.,"500 ml bag: ৳ 70.14,1000 ml bag: ৳ 91.99",
5478,Diaset,allopathic,diasettablet50-mg,Tablet,Miglitol,50 mg,ACI Limited,"Unit Price: ৳ 15.11,(30's pack: ৳ 453.30),",(30's pack: ৳ 453.30)
5477,Diaset,allopathic,diasettablet25-mg,Tablet,Miglitol,25 mg,ACI Limited,"Unit Price: ৳ 10.07,(30's pack: ৳ 302.10),",(30's pack: ৳ 302.10)
28775,Diaseal,allopathic,diasealtablet80-mg,Tablet,Gliclazide,80 mg,Team Pharmaceuticals Ltd.,"Unit Price: ৳ 7.00,(30's pack: ৳ 210.00),",(30's pack: ৳ 210.00)
16514,Diascan,allopathic,diascaniv-injection287-mgml,IV Injection,Gadodiamide,287 mg/ml,Techno Drugs Ltd.,10 ml vial: ৳ 550.00,
5289,Diaryl,allopathic,diaryltablet1-mg,Tablet,Glimepiride,1 mg,Beximco Pharmaceuticals Ltd.,"Unit Price: ৳ 6.00,(30's pack: ৳ 180.00),",(30's pack: ৳ 180.00)
5290,Diaryl,allopathic,diaryltablet2-mg,Tablet,Glimepiride,2 mg,Beximco Pharmaceuticals Ltd.,"Unit Price: ৳ 9.00,(30's pack: ৳ 270.00),",(30's pack: ৳ 270.00)
5291,Diaryl,allopathic,diaryltablet3-mg,Tablet,Glimepiride,3 mg,Beximco Pharmaceuticals Ltd.,"Unit Price: ৳ 12.00,(30's pack: ৳ 360.00),",(30's pack: ৳ 360.00)
2297,Diar,allopathic,diarpowder-for-suspension100-mg5-ml,Powder for Suspension,Nitazoxanide,100 mg/5 ml,ACI Limited,"30 ml bottle: ৳ 35.24,60 ml bottle: ৳ 50.34",
2296,Diar,allopathic,diartablet500-mg,Tablet,Nitazoxanide,500 mg,ACI Limited,"Unit Price: ৳ 10.07,(10's pack: ৳ 100.70),",(10's pack: ৳ 100.70)
21,Acepro,allopathic,aceprotablet100-mg,Tablet,Aceclofenac,100 mg,The White Horse Pharma,"Unit Price: ৳ 4.00,(50's pack: ৳ 200.00),",(50's pack: ৳ 200.00)
10973,Diclofen,allopathic,diclofengel1-ww,Gel,Diclofenac Sodium,1% w/w,Opsonin Pharma Ltd.,50 gm tube: ৳ 97.00,
27040,Diclofen,allopathic,diclofensuppository100-mg,Suppository,Diclofenac Sodium,100 mg,Opsonin Pharma Ltd.,"Unit Price: ৳ 20.00,(10's pack: ৳ 200.00),",(10's pack: ৳ 200.00)
10977,Diclofen,allopathic,diclofensuppository25-mg,Suppository,Diclofenac Sodium,25 mg,Opsonin Pharma Ltd.,"Unit Price: ৳ 12.09,(10's pack: ৳ 120.90),",(10's pack: ৳ 120.90)
32328,Diclofast SR,allopathic,diclofast-srcapsule-sustained-release100-mg,Capsule (Sustained Release),Diclofenac Sodium,100 mg,Al-Madina Pharmaceuticals Ltd.,Unit Price: ৳ 3.00,
10969,Diclo TR,allopathic,diclo-trcapsule-timed-release100-mg,Capsule (Timed Release),Diclofenac Sodium,100 mg,Apollo Pharmaceutical Ltd.,"Unit Price: ৳ 3.00,(100's pack: ৳ 300.00),",(100's pack: ৳ 300.00)
10968,Diclo,allopathic,diclotablet50-mg,Tablet,Diclofenac Sodium,50 mg,Apollo Pharmaceutical Ltd.,"Unit Price: ৳ 0.40,(100's pack: ৳ 40.00),",(100's pack: ৳ 40.00)
26415,Dicliz Plus,allopathic,dicliz-plustablet-delayed-release10-mg10-mg,Tablet (Delayed Release),Pyridoxine Hydrochloride + Doxylamine Succinate,10 mg+10 mg,Aristopharma Ltd.,"Unit Price: ৳ 5.00,(50's pack: ৳ 250.00),",(50's pack: ৳ 250.00)
26416,Dicliz Plus,allopathic,dicliz-plustablet-extended-release20-mg20-mg,Tablet (Extended Release),Pyridoxine Hydrochloride + Doxylamine Succinate,20 mg+20 mg,Aristopharma Ltd.,"Unit Price: ৳ 9.00,(30's pack: ৳ 270.00),",(30's pack: ৳ 270.00)
7967,Dicephin,allopathic,dicephiniv-injection1-gmvial,IV Injection,Ceftriaxone Sodium,1 gm/vial,Drug International Ltd.,1 gm vial: ৳ 190.00,
7968,Dicephin,allopathic,dicephiniv-injection2-gmvial,IV Injection,Ceftriaxone Sodium,2 gm/vial,Drug International Ltd.,2 gm vial: ৳ 301.00,
7966,Dicephin,allopathic,dicephiniv-injection500-mgvial,IV Injection,Ceftriaxone Sodium,500 mg/vial,Drug International Ltd.,500 mg vial: ৳ 130.00,
7965,Dicephin,allopathic,dicephiniv-injection250-mgvial,IV Injection,Ceftriaxone Sodium,250 mg/vial,Drug International Ltd.,250 mg vial: ৳ 100.00,
7962,Dicephin,allopathic,dicephinim-injection250-mgvial,IM Injection,Ceftriaxone Sodium,250 mg/vial,Drug International Ltd.,250 mg vial: ৳ 100.00,
7963,Dicephin,allopathic,dicephinim-injection500-mgvial,IM Injection,Ceftriaxone Sodium,500 mg/vial,Drug International Ltd.,500 mg vial: ৳ 130.00,
7964,Dicephin,allopathic,dicephinim-injection1-gmvial,IM Injection,Ceftriaxone Sodium,1 gm/vial,Drug International Ltd.,1 gm vial: ৳ 190.00,
6862,Dicef Forte,allopathic,dicef-fortepowder-for-suspension250-mg5-ml,Powder for Suspension,Cephradine,250 mg/5 ml,Drug International Ltd.,100 ml bottle: ৳ 120.40,
6866,Dicef,allopathic,dicefimiv-injection1-gmvial,IM/IV Injection,Cephradine,1 gm/vial,Drug International Ltd.,1 gm vial: ৳ 85.00,
6863,Dicef,allopathic,dicefpediatric-drops125-mg125-ml,Pediatric Drops,Cephradine,125 mg/1.25 ml,Drug International Ltd.,15 ml bottle: ৳ 50.00,
6861,Dicef,allopathic,dicefpowder-for-suspension125-mg5-ml,Powder for Suspension,Cephradine,125 mg/5 ml,Drug International Ltd.,100 ml bottle: ৳ 81.00,
6860,Dicef,allopathic,dicefcapsule500-mg,Capsule,Cephradine,500 mg,Drug International Ltd.,"Unit Price: ৳ 13.00,(30's pack: ৳ 390.00),",(30's pack: ৳ 390.00)
6859,Dicef,allopathic,dicefcapsule250-mg,Capsule,Cephradine,250 mg,Drug International Ltd.,"Unit Price: ৳ 7.00,(50's pack: ৳ 350.00),",(50's pack: ৳ 350.00)
16341,Dicaltrol Plus,allopathic,dicaltrol-plustablet025-mcg252-mg,Tablet,Calcitriol + Calcium Citrate,0.25 mcg+252 mg,Drug International Ltd.,"Unit Price: ৳ 13.00,(30's pack: ৳ 390.00),,Unit Price: ৳ 13.00,(20's pack: ৳ 260.00),","(30's pack: ৳ 390.00),(20's pack: ৳ 260.00)"
13516,Dicaltrol,allopathic,dicaltrolcapsule025-mcg,Capsule,Calcitriol,0.25 mcg,Drug International Ltd.,"Unit Price: ৳ 10.05,(60's pack: ৳ 603.00),",(60's pack: ৳ 603.00)
5205,Dibenol,allopathic,dibenoltablet5-mg,Tablet,Glibenclamide,5 mg,Square Pharmaceuticals Ltd.,"Unit Price: ৳ 0.35,(300's pack: ৳ 105.00),",(300's pack: ৳ 105.00)
27153,Diazox,allopathic,diazoxpowder-for-suspension100-mg5-ml,Powder for Suspension,Nitazoxanide,100 mg/5 ml,Kumudini Pharma Ltd.,30 ml bottle: ৳ 35.00,
27152,Diazox,allopathic,diazoxtablet500-mg,Tablet,Nitazoxanide,500 mg,Kumudini Pharma Ltd.,"Unit Price: ৳ 100.00,(12's pack: ৳ 1,200.00),","(12's pack: ৳ 1,200.00)"
4219,Diazimet,allopathic,diazimettablet5-mg,Tablet,Diazepam,5 mg,Medimet Pharmaceuticals Ltd.,"Unit Price: ৳ 0.50,(100's pack: ৳ 50.00),",(100's pack: ৳ 50.00)
5267,Diazid,allopathic,diazidtablet80-mg,Tablet,Gliclazide,80 mg,NIPRO JMI Pharma Ltd.,"Unit Price: ৳ 6.02,(50's pack: ৳ 301.00),",(50's pack: ৳ 301.00)
9727,Diavix,allopathic,diavixtablet150-mg300-mg,Tablet,Lamivudine + Zidovudine,150 mg+300 mg,Beximco Pharmaceuticals Ltd.,"Unit Price: ৳ 45.00,(10's pack: ৳ 450.00),",(10's pack: ৳ 450.00)
2608,Acepril,allopathic,acepriltablet10-mg,Tablet,Lisinopril,10 mg,Drug International Ltd.,"Unit Price: ৳ 7.00,(30's pack: ৳ 210.00),",(30's pack: ৳ 210.00)
2607,Acepril,allopathic,acepriltablet5-mg,Tablet,Lisinopril,5 mg,Drug International Ltd.,"Unit Price: ৳ 4.00,(50's pack: ৳ 200.00),",(50's pack: ৳ 200.00)
5295,Dieta,allopathic,dietatablet4-mg,Tablet,Glimepiride,4 mg,Pacific Pharmaceuticals Ltd.,"Unit Price: ৳ 15.00,(30's pack: ৳ 450.00),",(30's pack: ৳ 450.00)
11872,Didryl,allopathic,didrylsyrup10-mg5-ml,Syrup,Diphenhydramine Hydrochloride,10 mg/5 ml,Gaco Pharmaceuticals Ltd.,100 ml bottle: ৳ 45.31,
12701,Dicot,allopathic,dicotcream101,Cream,Econazole Nitrate + Triamcinolone Acetonide,1%+0.1%,Drug International Ltd.,10 gm tube: ৳ 41.00,
4334,Diconten,allopathic,dicontentablet05-mg10-mg,Tablet,Flupentixol + Melitracen,0.5 mg+10 mg,Drug International Ltd.,"Unit Price: ৳ 4.50,(56's pack: ৳ 252.00),",(56's pack: ৳ 252.00)
5208,Dicon,allopathic,dicontablet5-mg,Tablet,Glibenclamide,5 mg,Jayson Pharmaceuticals Ltd.,"Unit Price: ৳ 0.28,(100's pack: ৳ 28.00),",(100's pack: ৳ 28.00)
10992,Diclovir SR,allopathic,diclovir-srcapsule-sustained-release100-mg,Capsule (Sustained Release),Diclofenac Sodium,100 mg,Virgo Pharmaceuticals Ltd.,"Unit Price: ৳ 3.00,(50's pack: ৳ 150.00),",(50's pack: ৳ 150.00)
10991,Diclovir,allopathic,diclovirtablet50-mg,Tablet,Diclofenac Sodium,50 mg,Virgo Pharmaceuticals Ltd.,"Unit Price: ৳ 0.75,(100's pack: ৳ 75.00),",(100's pack: ৳ 75.00)
10989,Diclorex RTD,allopathic,diclorex-rtdretard-tablet100-mg,Retard Tablet,Diclofenac Sodium,100 mg,Medimet Pharmaceuticals Ltd.,"Unit Price: ৳ 3.00,(50's pack: ৳ 150.00),",(50's pack: ৳ 150.00)
10990,Diclorex,allopathic,diclorexim-injection75-mg3-ml,IM Injection,Diclofenac Sodium,75 mg/3 ml,Medimet Pharmaceuticals Ltd.,"3 ml ampoule: ৳ 9.50,(10's pack: ৳ 95.00),",(10's pack: ৳ 95.00)
10987,Diclorex,allopathic,diclorextablet25-mg,Tablet,Diclofenac Sodium,25 mg,Medimet Pharmaceuticals Ltd.,"Unit Price: ৳ 0.54,(100's pack: ৳ 54.00),",(100's pack: ৳ 54.00)
10988,Diclorex,allopathic,diclorextablet50-mg,Tablet,Diclofenac Sodium,50 mg,Medimet Pharmaceuticals Ltd.,"Unit Price: ৳ 0.70,(100's pack: ৳ 70.00),",(100's pack: ৳ 70.00)
10986,Diclonil SR,allopathic,diclonil-srcapsule-sustained-release100-mg,Capsule (Sustained Release),Diclofenac Sodium,100 mg,Zenith Pharmaceuticals Ltd.,"Unit Price: ৳ 3.00,(100's pack: ৳ 300.00),",(100's pack: ৳ 300.00)
19837,Diclonil,allopathic,dicloniltablet50-mg,Tablet,Diclofenac Sodium,50 mg,Zenith Pharmaceuticals Ltd.,"Unit Price: ৳ 0.80,(100's pack: ৳ 80.00),",(100's pack: ৳ 80.00)
10982,Diclonac TR,allopathic,diclonac-trcapsule-timed-release100-mg,Capsule (Timed Release),Diclofenac Sodium,100 mg,Ziska Pharmaceuticals Ltd.,"Unit Price: ৳ 1.60,(50's pack: ৳ 80.00),",(50's pack: ৳ 80.00)
10984,Diclonac Plus,allopathic,diclonac-plusim-injection75-mg20-mg2-ml,IM Injection,Diclofenac Sodium + Lidocaine Hydrochloride,(75 mg+20 mg)/2 ml,Ziska Pharmaceuticals Ltd.,"2 ml ampoule: ৳ 9.50,(10's pack: ৳ 95.00),",(10's pack: ৳ 95.00)
10983,Diclonac,allopathic,diclonacim-injection75-mg3-ml,IM Injection,Diclofenac Sodium,75 mg/3 ml,Ziska Pharmaceuticals Ltd.,"3 ml ampoule: ৳ 8.50,(10's pack: ৳ 85.00),",(10's pack: ৳ 85.00)
10980,Diclon SR,allopathic,diclon-srtablet-sustained-release100-mg,Tablet (Sustained Release),Diclofenac Sodium,100 mg,Central Pharmaceuticals Ltd.,"Unit Price: ৳ 3.00,(100's pack: ৳ 300.00),",(100's pack: ৳ 300.00)
11123,Diclon,allopathic,diclonophthalmic-solution01,Ophthalmic Solution,Diclofenac Sodium (Ophthalmic),0.10%,Reman Drug Laboratories Ltd.,5 ml drop: ৳ 78.50,
10979,Diclon,allopathic,diclonophthalmic-solution01,Ophthalmic Solution,Diclofenac Sodium (Ophthalmic),0.10%,Central Pharmaceuticals Ltd.,5 ml drop: ৳ 78.50,
29897,DicloGel,allopathic,diclogelgel1-ww,Gel,Diclofenac Sodium,1% w/w,Incepta Pharmaceuticals Ltd.,50 gm tube: ৳ 97.00,
10972,Diclofen SR,allopathic,diclofen-srtablet-sustained-release100-mg,Tablet (Sustained Release),Diclofenac Sodium,100 mg,Opsonin Pharma Ltd.,"Unit Price: ৳ 3.01,(100's pack: ৳ 301.00),",(100's pack: ৳ 301.00)
10975,Diclofen Plus,allopathic,diclofen-plusim-injection75-mg20-mg2-ml,IM Injection,Diclofenac Sodium + Lidocaine Hydrochloride,(75 mg+20 mg)/2 ml,Opsonin Pharma Ltd.,"2 ml ampoule: ৳ 15.10,(15's pack: ৳ 226.50),",(15's pack: ৳ 226.50)
29930,Diclofen K,allopathic,diclofen-ktablet50-mg,Tablet,Diclofenac Potassium,50 mg,Opsonin Pharma Ltd.,"Unit Price: ৳ 4.00,(50's pack: ৳ 200.00),",(50's pack: ৳ 200.00)
10974,Diclofen,allopathic,diclofenim-injection75-mg3-ml,IM Injection,Diclofenac Sodium,75 mg/3 ml,Opsonin Pharma Ltd.,"3 ml ampoule: ৳ 15.10,(10's pack: ৳ 151.00),",(10's pack: ৳ 151.00)
19861,Diclofen,allopathic,diclofenophthalmic-solution01,Ophthalmic Solution,Diclofenac Sodium (Ophthalmic),0.10%,Opsonin Pharma Ltd.,5 ml drop: ৳ 80.00,
10976,Diclofen,allopathic,diclofensuppository125-mg,Suppository,Diclofenac Sodium,12.5 mg,Opsonin Pharma Ltd.,"Unit Price: ৳ 9.06,(25's pack: ৳ 226.50),",(25's pack: ৳ 226.50)
10971,Diclofen,allopathic,diclofentablet50-mg,Tablet,Diclofenac Sodium,50 mg,Opsonin Pharma Ltd.,"Unit Price: ৳ 0.88,(100's pack: ৳ 88.00),",(100's pack: ৳ 88.00)
27717,Diclofen,allopathic,diclofenophthalmic-solution01,Ophthalmic Solution,Diclofenac Sodium (Ophthalmic),0.10%,Opso Saline Ltd.,5 ml drop: ৳ 80.00,
10558,Acep Plus,allopathic,acep-plustablet500-mg65-mg,Tablet,Paracetamol + Caffeine,500 mg+65 mg,Zenith Pharmaceuticals Ltd.,"Unit Price: ৳ 1.50,(200's pack: ৳ 300.00),",(200's pack: ৳ 300.00)
10388,Acep,allopathic,aceppediatric-drops80-mgml,Pediatric Drops,Paracetamol,80 mg/ml,Zenith Pharmaceuticals Ltd.,15 ml bottle: ৳ 11.00,
10387,Acep,allopathic,aceporal-suspension120-mg5-ml,Oral Suspension,Paracetamol,120 mg/5 ml,Zenith Pharmaceuticals Ltd.,60 ml bottle: ৳ 16.11,
30158,Dilast,allopathic,dilasttablet20-mg,Tablet,Torasemide,20 mg,Incepta Pharmaceuticals Ltd.,"Unit Price: ৳ 8.00,(30's pack: ৳ 240.00),",(30's pack: ৳ 240.00)
3965,Dilarof,allopathic,dilaroftablet500-mcg,Tablet,Roflumilast,500 mcg,UniMed UniHealth,"Unit Price: ৳ 20.00,(20's pack: ৳ 400.00),",(20's pack: ৳ 400.00)
30724,Dilapress,allopathic,dilapresstablet125-mg,Tablet,Carvedilol,12.5 mg,Beximco Pharmaceuticals Ltd.,"Unit Price: ৳ 5.00,(30's pack: ৳ 150.00),",(30's pack: ৳ 150.00)
2526,Dilapress,allopathic,dilapresstablet625-mg,Tablet,Carvedilol,6.25 mg,Beximco Pharmaceuticals Ltd.,"Unit Price: ৳ 3.00,(30's pack: ৳ 90.00),",(30's pack: ৳ 90.00)
30725,Dilapress,allopathic,dilapresstablet25-mg,Tablet,Carvedilol,25 mg,Beximco Pharmaceuticals Ltd.,"Unit Price: ৳ 8.00,(30's pack: ৳ 240.00),",(30's pack: ৳ 240.00)
10232,Dilamide,allopathic,dilamideoral-suspension250-mg5-ml,Oral Suspension,Diloxanide Furoate,250 mg/5 ml,Pharmadesh Laboratories Ltd.,60 ml bottle: ৳ 60.00,
10231,Dilamide,allopathic,dilamidetablet500-mg,Tablet,Diloxanide Furoate,500 mg,Pharmadesh Laboratories Ltd.,"Unit Price: ৳ 5.00,(100's pack: ৳ 500.00),",(100's pack: ৳ 500.00)
2457,Digoxen,allopathic,digoxencapsule020-mg,Capsule,Digoxin,0.20 mg,Drug International Ltd.,"Unit Price: ৳ 1.34,(50's pack: ৳ 67.00),",(50's pack: ৳ 67.00)
20662,Diglic,allopathic,diglictablet80-mg,Tablet,Gliclazide,80 mg,Benham Pharmaceuticals Ltd.,"Unit Price: ৳ 7.00,(50's pack: ৳ 350.00),",(50's pack: ৳ 350.00)
16585,Digecid Plus,allopathic,digecid-plusoral-suspension480-mg20-mg5-ml,Oral Suspension,Magaldrate + Simethicone,(480 mg+20 mg)/5 ml,Beximco Pharmaceuticals Ltd.,200 ml bottle: ৳ 110.00,
16584,Digecid Plus,allopathic,digecid-pluschewable-tablet480-mg20-mg,Chewable Tablet,Magaldrate + Simethicone,480 mg+20 mg,Beximco Pharmaceuticals Ltd.,"Unit Price: ৳ 3.00,(100's pack: ৳ 300.00),",(100's pack: ৳ 300.00)
13192,Difol TR,allopathic,difol-trcapsule-timed-release150-mg05-mg,Capsule (Timed Release),Ferrous Sulfate + Folic Acid,150 mg+0.5 mg,Desh Pharmaceuticals Ltd.,"Unit Price: ৳ 2.00,(60's pack: ৳ 120.00),",(60's pack: ৳ 120.00)
15870,Diflupred,allopathic,diflupredophthalmic-emulsion005,Ophthalmic Emulsion,Difluprednate,0.05%,General Pharmaceuticals Ltd.,5 ml drop: ৳ 180.00,
9847,Diflucon,allopathic,difluconcapsule50-mg,Capsule,Fluconazole,50 mg,Aexim Pharmaceuticals Ltd.,"Unit Price: ৳ 5.00,(50's pack: ৳ 250.00),",(50's pack: ৳ 250.00)
9843,Diflu,allopathic,diflucapsule50-mg,Capsule,Fluconazole,50 mg,Aristopharma Ltd.,"Unit Price: ৳ 8.00,(48's pack: ৳ 384.00),",(48's pack: ৳ 384.00)
9989,Diflu,allopathic,difluophthalmic-solution03,Ophthalmic Solution,Fluconazole (Ophthalmic),0.30%,Aristopharma Ltd.,5 ml drop: ৳ 80.00,
9846,Diflu,allopathic,diflupowder-for-suspension50-mg5-ml,Powder for Suspension,Fluconazole,50 mg/5 ml,Aristopharma Ltd.,35 ml bottle: ৳ 78.00,
9845,Diflu,allopathic,diflucapsule200-mg,Capsule,Fluconazole,200 mg,Aristopharma Ltd.,"Unit Price: ৳ 25.00,(12's pack: ৳ 300.00),",(12's pack: ৳ 300.00)
9844,Diflu,allopathic,diflucapsule150-mg,Capsule,Fluconazole,150 mg,Aristopharma Ltd.,"Unit Price: ৳ 22.00,(12's pack: ৳ 264.00),",(12's pack: ৳ 264.00)
32322,Difitox,allopathic,difitoxcapsule100-mg,Capsule,Doxycycline Hydrochloride,100 mg,Al-Madina Pharmaceuticals Ltd.,"Unit Price: ৳ 2.00,(50's pack: ৳ 100.00),",(50's pack: ৳ 100.00)
11873,Difin,allopathic,difinsyrup10-mg5-ml,Syrup,Diphenhydramine Hydrochloride,10 mg/5 ml,Nipa Pharmaceuticals Ltd.,100 ml bottle: ৳ 40.00,
10994,Difenac Plus,allopathic,difenac-plusim-injection75-mg20-mg2-ml,IM Injection,Diclofenac Sodium + Lidocaine Hydrochloride,(75 mg+20 mg)/2 ml,Rephco Pharmaceuticals Ltd.,"2 ml ampoule: ৳ 10.00,(10's pack: ৳ 100.00),",(10's pack: ৳ 100.00)
10993,Difenac,allopathic,difenactablet50-mg,Tablet,Diclofenac Sodium,50 mg,Rephco Pharmaceuticals Ltd.,"Unit Price: ৳ 0.90,(100's pack: ৳ 90.00),",(100's pack: ৳ 90.00)
5163,Dietil,allopathic,dietilcapsule120-mg,Capsule,Orlistat,120 mg,Eskayef Pharmaceuticals Ltd.,"Unit Price: ৳ 40.00,(10's pack: ৳ 400.00),",(10's pack: ৳ 400.00)
5616,Dieta Plus,allopathic,dieta-plustablet30-mg2-mg,Tablet,Pioglitazone + Glimepiride,30 mg+2 mg,Pacific Pharmaceuticals Ltd.,"Unit Price: ৳ 12.50,(20's pack: ৳ 250.00),",(20's pack: ৳ 250.00)
5617,Dieta Plus,allopathic,dieta-plustablet30-mg4-mg,Tablet,Pioglitazone + Glimepiride,30 mg+4 mg,Pacific Pharmaceuticals Ltd.,"Unit Price: ৳ 15.00,(20's pack: ৳ 300.00),",(20's pack: ৳ 300.00)
26933,Dieta M,allopathic,dieta-mtablet-extended-release1-mg500-mg,Tablet (Extended Release),Glimepiride + Metformin,1 mg+500 mg,Pacific Pharmaceuticals Ltd.,"Unit Price: ৳ 12.00,(30's pack: ৳ 360.00),",(30's pack: ৳ 360.00)
5294,Dieta,allopathic,dietatablet3-mg,Tablet,Glimepiride,3 mg,Pacific Pharmaceuticals Ltd.,"Unit Price: ৳ 12.00,(30's pack: ৳ 360.00),",(30's pack: ৳ 360.00)
5293,Dieta,allopathic,dietatablet2-mg,Tablet,Glimepiride,2 mg,Pacific Pharmaceuticals Ltd.,"Unit Price: ৳ 9.00,(30's pack: ৳ 270.00),",(30's pack: ৳ 270.00)
10386,Acep,allopathic,aceptablet500-mg,Tablet,Paracetamol,500 mg,Zenith Pharmaceuticals Ltd.,"Unit Price: ৳ 0.80,(100's pack: ৳ 80.00),",(100's pack: ৳ 80.00)
17365,Acenopan,allopathic,acenopantablet100-mg,Tablet,Aceclofenac,100 mg,RN Pharmaceuticals,"Unit Price: ৳ 4.00,(50's pack: ৳ 200.00),",(50's pack: ৳ 200.00)
25003,Dilriva,allopathic,dilrivainhalation-capsule18-mcg,Inhalation Capsule,Tiotropium (Dry Powder Inhaler),18 mcg,UniMed UniHealth,"Unit Price: ৳ 8.00,(30's pack: ৳ 240.00),",(30's pack: ৳ 240.00)
28249,Diloxide,allopathic,diloxidetablet500-mg,Tablet,Diloxanide Furoate,500 mg,ACME Laboratories Ltd.,"Unit Price: ৳ 1.86,(100's pack: ৳ 186.00),",(100's pack: ৳ 186.00)
2535,Dilol,allopathic,diloltablet625-mg,Tablet,Carvedilol,6.25 mg,Mystic Pharmaceuticals Ltd.,"Unit Price: ৳ 3.00,(100's pack: ৳ 300.00),",(100's pack: ৳ 300.00)
2536,Dilol,allopathic,diloltablet125-mg,Tablet,Carvedilol,12.5 mg,Mystic Pharmaceuticals Ltd.,"Unit Price: ৳ 5.00,(50's pack: ৳ 250.00),",(50's pack: ৳ 250.00)
10997,Dilock TR,allopathic,dilock-trcapsule-timed-release100-mg,Capsule (Timed Release),Diclofenac Sodium,100 mg,Bristol Pharmaceuticals Ltd.,"Unit Price: ৳ 3.00,(50's pack: ৳ 150.00),",(50's pack: ৳ 150.00)
10996,Dilock SR,allopathic,dilock-srtablet-sustained-release100-mg,Tablet (Sustained Release),Diclofenac Sodium,100 mg,Bristol Pharmaceuticals Ltd.,"Unit Price: ৳ 3.00,(100's pack: ৳ 300.00),",(100's pack: ৳ 300.00)
10995,Dilock,allopathic,dilocktablet50-mg,Tablet,Diclofenac Sodium,50 mg,Bristol Pharmaceuticals Ltd.,"Unit Price: ৳ 0.50,(100's pack: ৳ 50.00),",(100's pack: ৳ 50.00)
27911,Dilocard,allopathic,dilocardtablet125-mg,Tablet,Carvedilol,12.5 mg,The White Horse Pharma,"Unit Price: ৳ 5.00,(30's pack: ৳ 150.00),",(30's pack: ৳ 150.00)
2533,Dilocard,allopathic,dilocardtablet625-mg,Tablet,Carvedilol,6.25 mg,The White Horse Pharma,"Unit Price: ৳ 3.00,(50's pack: ৳ 150.00),",(50's pack: ৳ 150.00)
29119,Dilitus,allopathic,dilitustablet200-mcg,Tablet,Voglibose,200 mcg,General Pharmaceuticals Ltd.,"Unit Price: ৳ 6.00,(30's pack: ৳ 180.00),",(30's pack: ৳ 180.00)
29120,Dilitus,allopathic,dilitustablet300-mcg,Tablet,Voglibose,300 mcg,General Pharmaceuticals Ltd.,"Unit Price: ৳ 8.00,(30's pack: ৳ 240.00),",(30's pack: ৳ 240.00)
4496,Diliner DR,allopathic,diliner-drcapsule-delayed-release60-mg,Capsule (Delayed Release),Duloxetine Hydrochloride,60 mg,Square Pharmaceuticals Ltd.,"Unit Price: ৳ 16.11,(18's pack: ৳ 289.98),",(18's pack: ৳ 289.98)
32351,Diliner DR,allopathic,diliner-drcapsule-delayed-release20-mg,Capsule (Delayed Release),Duloxetine Hydrochloride,20 mg,Square Pharmaceuticals Ltd.,"Unit Price: ৳ 7.00,(30's pack: ৳ 210.00),",(30's pack: ৳ 210.00)
30083,Dilinda,allopathic,dilindainhalation-capsule150-mcg,Inhalation Capsule,Indacaterol Maleate,150 mcg,UniMed UniHealth,"Unit Price: ৳ 35.00,(30's pack: ৳ 1,050.00),","(30's pack: ৳ 1,050.00)"
30084,Dilinda,allopathic,dilindainhalation-capsule300-mcg,Inhalation Capsule,Indacaterol Maleate,300 mcg,UniMed UniHealth,"Unit Price: ৳ 65.00,(30's pack: ৳ 1,950.00),","(30's pack: ৳ 1,950.00)"
30082,Dilgly UniCap,allopathic,dilgly-unicapinhalation-capsule50-mcg,Inhalation Capsule,Glycopyrronium Bromide (Inhalation capsule),50 mcg,UniMed UniHealth,"Unit Price: ৳ 50.00,(30's pack: ৳ 1,500.00),","(30's pack: ৳ 1,500.00)"
30726,Dilgard,allopathic,dilgardtablet25-mg,Tablet,Carvedilol,25 mg,General Pharmaceuticals Ltd.,"Unit Price: ৳ 8.05,(30's pack: ৳ 241.50),",(30's pack: ৳ 241.50)
2531,Dilgard,allopathic,dilgardtablet125-mg,Tablet,Carvedilol,12.5 mg,General Pharmaceuticals Ltd.,"Unit Price: ৳ 5.04,(30's pack: ৳ 151.28),",(30's pack: ৳ 151.28)
2530,Dilgard,allopathic,dilgardtablet625-mg,Tablet,Carvedilol,6.25 mg,General Pharmaceuticals Ltd.,"Unit Price: ৳ 3.02,(30's pack: ৳ 90.45),",(30's pack: ৳ 90.45)
27024,Dilcontin XL,allopathic,dilcontin-xltablet-controlled-release90-mg,Tablet (Controlled Release),Diltiazem Hydrochloride (SR tablet),90 mg,Mundipharma (BD) Pvt. Ltd.,"Unit Price: ৳ 16.00,(30's pack: ৳ 479.85),",(30's pack: ৳ 479.85)
19923,Dilcontin CR,allopathic,dilcontin-crtablet-controlled-release60-mg,Tablet (Controlled Release),Diltiazem Hydrochloride (SR tablet),60 mg,Mundipharma (BD) Pvt. Ltd.,"Unit Price: ৳ 6.48,(100's pack: ৳ 647.53),",(100's pack: ৳ 647.53)
21000,Dilbro UniCap,allopathic,dilbro-unicapinhalation-capsule110-mcg50-mcg,Inhalation Capsule,Indacaterol + Glycopyrronium,110 mcg+50 mcg,UniMed UniHealth,"Unit Price: ৳ 70.00,(30's pack: ৳ 2,100.00),","(30's pack: ৳ 2,100.00)"
33117,Dilavir,allopathic,dilaviriv-infusion5-mgml,IV Infusion,Remdesivir,5 mg/ml,Drug International Ltd.,"100 mg vial: ৳ 3,500.00",
3613,Dilator,allopathic,dilatororal-solution5-mg5-ml,Oral Solution,Bambuterol Hydrochloride,5 mg/5 ml,Eskayef Pharmaceuticals Ltd.,60 ml bottle: ৳ 30.00,
3611,Dilator,allopathic,dilatortablet10-mg,Tablet,Bambuterol Hydrochloride,10 mg,Eskayef Pharmaceuticals Ltd.,"Unit Price: ৳ 3.00,(100's pack: ৳ 300.00),",(100's pack: ৳ 300.00)
3612,Dilator,allopathic,dilatortablet20-mg,Tablet,Bambuterol Hydrochloride,20 mg,Eskayef Pharmaceuticals Ltd.,"Unit Price: ৳ 4.00,(100's pack: ৳ 400.00),",(100's pack: ৳ 400.00)
30389,Dilatin SR,allopathic,dilatin-srtablet-sustained-release120-mg,Tablet (Sustained Release),Diltiazem Hydrochloride (SR tablet),120 mg,Healthcare Pharmaceuticals Ltd.,,
30388,Dilatin SR,allopathic,dilatin-srtablet-sustained-release90-mg,Tablet (Sustained Release),Diltiazem Hydrochloride (SR tablet),90 mg,Healthcare Pharmaceuticals Ltd.,,
16044,Dilate Plus,allopathic,dilate-plusophthalmic-solution085,Ophthalmic Solution,Tropicamide + Phenylephrine Hydrochloride,0.8%+5%,Incepta Pharmaceuticals Ltd.,5 ml drop: ৳ 80.00,
16030,Dilate,allopathic,dilateophthalmic-solution1,Ophthalmic Solution,Tropicamide,1%,Incepta Pharmaceuticals Ltd.,5 ml drop: ৳ 76.00,
20,Acenac,allopathic,acenactablet100-mg,Tablet,Aceclofenac,100 mg,Medicon Pharmaceuticals Ltd.,"Unit Price: ৳ 2.73,(50's pack: ৳ 136.35),",(50's pack: ৳ 136.35)
26649,Diovan,allopathic,diovantablet320-mg,Tablet,Valsartan,320 mg,Novartis (Bangladesh) Ltd.,"Unit Price: ৳ 70.27,(28's pack: ৳ 1,967.42),","(28's pack: ৳ 1,967.42)"
30159,Diorin,allopathic,diorintablet450-mg50-mg,Tablet,Micronised Diosmin + Hesperidin,450 mg+50 mg,Incepta Pharmaceuticals Ltd.,"Unit Price: ৳ 8.00,(30's pack: ৳ 240.00),",(30's pack: ৳ 240.00)
27042,Dionem,allopathic,dionemiv-infusion500-mgvial,IV Infusion,Doripenem,500 mg/vial,Opsonin Pharma Ltd.,"500 mg vial: ৳ 2,000.00",
29607,Diohes DS,allopathic,diohes-dstablet900-mg100-mg,Tablet,Micronised Diosmin + Hesperidin,900 mg+100 mg,Opsonin Pharma Ltd.,"Unit Price: ৳ 20.00,(30's pack: ৳ 600.00),",(30's pack: ৳ 600.00)
2417,Diohes,allopathic,diohestablet450-mg50-mg,Tablet,Micronised Diosmin + Hesperidin,450 mg+50 mg,Opsonin Pharma Ltd.,"Unit Price: ৳ 8.06,(30's pack: ৳ 241.80),",(30's pack: ৳ 241.80)
25723,Diobis,allopathic,diobistablet25-mg,Tablet,Bisoprolol Hemifumarate,2.5 mg,Leon Pharmaceuticals Ltd.,"Unit Price: ৳ 6.00,(30's pack: ৳ 180.00),",(30's pack: ৳ 180.00)
4335,Dinxi,allopathic,dinxitablet05-mg10-mg,Tablet,Flupentixol + Melitracen,0.5 mg+10 mg,Chemist Laboratories  Ltd.,"Unit Price: ৳ 5.00,(50's pack: ৳ 250.00),",(50's pack: ৳ 250.00)
11540,Dinovo,allopathic,dinovotablet-delayed-release375-mg20-mg,Tablet (Delayed Release),Naproxen Sodium + Esomeprazole Magnesium,375 mg+20 mg,Beximco Pharmaceuticals Ltd.,"Unit Price: ৳ 12.00,(50's pack: ৳ 600.00),",(50's pack: ৳ 600.00)
11541,Dinovo,allopathic,dinovotablet-delayed-release500-mg20-mg,Tablet (Delayed Release),Naproxen Sodium + Esomeprazole Magnesium,500 mg+20 mg,Beximco Pharmaceuticals Ltd.,"Unit Price: ৳ 15.00,(50's pack: ৳ 750.00),",(50's pack: ৳ 750.00)
26199,Dinosen,allopathic,dinosentablet2-mg,Tablet,Dienogest,2 mg,Incepta Pharmaceuticals Ltd.,"Unit Price: ৳ 50.00,(30's pack: ৳ 1,500.00),","(30's pack: ৳ 1,500.00)"
19887,Dinogest,allopathic,dinogesttablet2-mg,Tablet,Dienogest,2 mg,Beximco Pharmaceuticals Ltd.,"Unit Price: ৳ 50.00,(10's pack: ৳ 500.00),",(10's pack: ৳ 500.00)
30517,Dinoges-EV,allopathic,dinoges-evtablet2-mg2-mg,Tablet,Dienogest + Estradiol Valerate,2 mg+2 mg,Nuvista Pharma Ltd.,"28 tablet pack: ৳ 1,680.00",
3300,Dinakion MM,allopathic,dinakion-mminjection2-mg02-ml,Injection,Phytomenadione (Injection),2 mg/0.2 ml,Drug International Ltd.,"2 mg ampoule: ৳ 20.00,(5's pack: ৳ 100.00),",(5's pack: ৳ 100.00)
3299,Dinakion,allopathic,dinakioninjection10-mgml,Injection,Phytomenadione (Injection),10 mg/ml,Drug International Ltd.,"10 mg ampoule: ৳ 45.00,(5's pack: ৳ 225.00),",(5's pack: ৳ 225.00)
23638,Dinakion,allopathic,dinakioncapsule1-mg,Capsule,Phytomenadione (Oral),1 mg,Drug International Ltd.,"Unit Price: ৳ 15.00,(10's pack: ৳ 150.00),",(10's pack: ৳ 150.00)
12080,Dinafex,allopathic,dinafexoral-suspension30-mg5-ml,Oral Suspension,Fexofenadine Hydrochloride,30 mg/5 ml,Eskayef Pharmaceuticals Ltd.,50 ml bottle: ৳ 48.00,
12077,Dinafex,allopathic,dinafextablet60-mg,Tablet,Fexofenadine Hydrochloride,60 mg,Eskayef Pharmaceuticals Ltd.,"Unit Price: ৳ 3.50,(40's pack: ৳ 140.00),",(40's pack: ৳ 140.00)
12078,Dinafex,allopathic,dinafextablet120-mg,Tablet,Fexofenadine Hydrochloride,120 mg,Eskayef Pharmaceuticals Ltd.,"Unit Price: ৳ 8.00,(40's pack: ৳ 320.00),",(40's pack: ৳ 320.00)
12079,Dinafex,allopathic,dinafextablet180-mg,Tablet,Fexofenadine Hydrochloride,180 mg,Eskayef Pharmaceuticals Ltd.,"Unit Price: ৳ 10.00,(40's pack: ৳ 400.00),",(40's pack: ৳ 400.00)
10998,Dinac TR,allopathic,dinac-trcapsule-timed-release100-mg,Capsule (Timed Release),Diclofenac Sodium,100 mg,Navana Pharmaceuticals Ltd.,"Unit Price: ৳ 2.00,(100's pack: ৳ 200.00),",(100's pack: ৳ 200.00)
12192,Din,allopathic,dintablet10-mg,Tablet,Loratadine,10 mg,Millat Pharmaceuticals Ltd.,"Unit Price: ৳ 3.00,(100's pack: ৳ 300.00),",(100's pack: ৳ 300.00)
5229,Dimerol MR,allopathic,dimerol-mrtablet-modified-release30-mg,Tablet (Modified Release),Gliclazide,30 mg,Drug International Ltd.,"Unit Price: ৳ 7.00,(56's pack: ৳ 392.00),",(56's pack: ৳ 392.00)
20672,Dimerol MR,allopathic,dimerol-mrtablet-modified-release60-mg,Tablet (Modified Release),Gliclazide,60 mg,Drug International Ltd.,"Unit Price: ৳ 11.00,(20's pack: ৳ 220.00),",(20's pack: ৳ 220.00)
5228,Dimerol,allopathic,dimeroltablet80-mg,Tablet,Gliclazide,80 mg,Drug International Ltd.,"Unit Price: ৳ 8.00,(56's pack: ৳ 448.00),",(56's pack: ৳ 448.00)
4045,Dilyt,allopathic,dilytsyrup15-mg5-ml,Syrup,Ambroxol Hydrochloride,15 mg/5 ml,Novo Healthcare and Pharma Ltd.,100 ml bottle: ৳ 40.13,
20565,Dilup,allopathic,diluptablet40-mg50-mg,Tablet,Furosemide + Spironolactone,40 mg+50 mg,ACI Limited,"Unit Price: ৳ 6.00,(30's pack: ৳ 180.00),",(30's pack: ৳ 180.00)
3057,Diltizem SR,allopathic,diltizem-srtablet-sustained-release90-mg,Tablet (Sustained Release),Diltiazem Hydrochloride (SR tablet),90 mg,Square Pharmaceuticals Ltd.,"Unit Price: ৳ 5.63,(40's pack: ৳ 225.20),",(40's pack: ৳ 225.20)
19932,Diltiazem,allopathic,diltiazemtablet30-mg,Tablet,Diltiazem Hydrochloride (FC tablet),30 mg,Innovative Pharma (Albion),"Unit Price: ৳ 2.00,(100's pack: ৳ 200.00),",(100's pack: ৳ 200.00)
30387,Diltiazem,allopathic,diltiazemtablet60-mg,Tablet,Diltiazem Hydrochloride (FC tablet),60 mg,Innovative Pharma (Albion),"Unit Price: ৳ 3.80,(100's pack: ৳ 380.00),",(100's pack: ৳ 380.00)
30378,Dilti SR,allopathic,dilti-srtablet-sustained-release90-mg,Tablet (Sustained Release),Diltiazem Hydrochloride (SR tablet),90 mg,Edruc Limited,"Unit Price: ৳ 3.00,(30's pack: ৳ 90.00),",(30's pack: ৳ 90.00)
226,Acemox,allopathic,acemoxtablet250-mg,Tablet,Acetazolamide,250 mg,ACME Laboratories Ltd.,"Unit Price: ৳ 2.00,(100's pack: ৳ 200.00),",(100's pack: ৳ 200.00)
10089,Dirozyl,allopathic,dirozyltablet200-mg,Tablet,Metronidazole,200 mg,ACME Laboratories Ltd.,"Unit Price: ৳ 0.67,(100's pack: ৳ 67.00),",(100's pack: ৳ 67.00)
10091,Dirozyl,allopathic,dirozyloral-suspension200-mg5-ml,Oral Suspension,Metronidazole,200 mg/5 ml,ACME Laboratories Ltd.,60 ml bottle: ৳ 29.90,
10090,Dirozyl,allopathic,dirozyltablet400-mg,Tablet,Metronidazole,400 mg,ACME Laboratories Ltd.,"Unit Price: ৳ 1.27,(100's pack: ৳ 127.00),",(100's pack: ৳ 127.00)
1325,Dirin,allopathic,dirintablet10-mg,Tablet,Dicycloverine Hydrochloride,10 mg,Alco Pharma Ltd.,"Unit Price: ৳ 2.00,(100's pack: ৳ 200.00),",(100's pack: ৳ 200.00)
1326,Dirin,allopathic,dirinsyrup10-mg5-ml,Syrup,Dicycloverine Hydrochloride,10 mg/5 ml,Alco Pharma Ltd.,50 ml bottle: ৳ 40.12,
2863,Diretic-DS,allopathic,diretic-dstablet40-mg50-mg,Tablet,Furosemide + Spironolactone,40 mg+50 mg,Drug International Ltd.,"Unit Price: ৳ 9.00,(56's pack: ৳ 504.00),",(56's pack: ৳ 504.00)
2862,Diretic,allopathic,diretictablet20-mg50-mg,Tablet,Furosemide + Spironolactone,20 mg+50 mg,Drug International Ltd.,"Unit Price: ৳ 7.00,(56's pack: ৳ 392.00),",(56's pack: ৳ 392.00)
11419,Diproxen CR,allopathic,diproxen-crtablet-sustained-release500-mg,Tablet (Sustained Release),Naproxen Sodium,500 mg,Drug International Ltd.,"Unit Price: ৳ 10.00,(30's pack: ৳ 300.00),",(30's pack: ৳ 300.00)
11420,Diproxen,allopathic,diproxengel10-ww,Gel,Naproxen Sodium,10% w/w,Drug International Ltd.,15 gm tube: ৳ 60.00,
11418,Diproxen,allopathic,diproxentablet500-mg,Tablet,Naproxen Sodium,500 mg,Drug International Ltd.,"Unit Price: ৳ 8.00,(50's pack: ৳ 400.00),",(50's pack: ৳ 400.00)
11417,Diproxen,allopathic,diproxentablet250-mg,Tablet,Naproxen Sodium,250 mg,Drug International Ltd.,"Unit Price: ৳ 5.00,(100's pack: ৳ 500.00),",(100's pack: ৳ 500.00)
12555,Diprosal,allopathic,diprosalscalp-lotion0052,Scalp Lotion,Betamethasone Dipropionate + Salicylic Acid,0.05%+2%,Aristopharma Ltd.,30 ml container: ৳ 150.00,
15871,Dipred,allopathic,dipredophthalmic-emulsion005,Ophthalmic Emulsion,Difluprednate,0.05%,Popular Pharmaceuticals Ltd.,5 ml drop: ৳ 180.00,
831,Diplor Plus,allopathic,diplor-plustablet5-mg50-mg,Tablet,Amlodipine Besilate + Atenolol,5 mg+50 mg,Ibn Sina Pharmaceuticals Ltd.,"Unit Price: ৳ 6.00,(30's pack: ৳ 180.00),",(30's pack: ৳ 180.00)
830,Diplor Plus,allopathic,diplor-plustablet5-mg25-mg,Tablet,Amlodipine Besilate + Atenolol,5 mg+25 mg,Ibn Sina Pharmaceuticals Ltd.,"Unit Price: ৳ 3.50,(30's pack: ৳ 104.85),",(30's pack: ৳ 104.85)
684,Diplor,allopathic,diplortablet5-mg,Tablet,Amlodipine Besilate,5 mg,Ibn Sina Pharmaceuticals Ltd.,"Unit Price: ৳ 5.00,(30's pack: ৳ 150.00),",(30's pack: ৳ 150.00)
685,Diplor,allopathic,diplortablet10-mg,Tablet,Amlodipine Besilate,10 mg,Ibn Sina Pharmaceuticals Ltd.,"Unit Price: ৳ 7.00,(30's pack: ৳ 210.00),",(30's pack: ৳ 210.00)
26908,Diplin M,allopathic,diplin-mtablet25-mg500-mg,Tablet,Linagliptin + Metformin Hydrochloride,2.5 mg+500 mg,Navana Pharmaceuticals Ltd.,"Unit Price: ৳ 12.00,(30's pack: ৳ 360.00),",(30's pack: ৳ 360.00)
21725,Diplin,allopathic,diplintablet5-mg,Tablet,Linagliptin,5 mg,Navana Pharmaceuticals Ltd.,"Unit Price: ৳ 15.00,(30's pack: ৳ 450.00),",(30's pack: ৳ 450.00)
683,Dipine,allopathic,dipinetablet5-mg,Tablet,Amlodipine Besilate,5 mg,Bristol Pharmaceuticals Ltd.,"Unit Price: ৳ 4.00,(50's pack: ৳ 200.00),",(50's pack: ৳ 200.00)
17691,Dipicard Plus,allopathic,dipicard-plustablet5-mg50-mg,Tablet,Amlodipine Besilate + Atenolol,5 mg+50 mg,Leon Pharmaceuticals Ltd.,"Unit Price: ৳ 6.00,(50's pack: ৳ 300.00),",(50's pack: ৳ 300.00)
17656,Dipicard,allopathic,dipicardtablet10-mg,Tablet,Amlodipine Besilate,10 mg,Leon Pharmaceuticals Ltd.,"Unit Price: ৳ 7.00,(30's pack: ৳ 210.00),",(30's pack: ৳ 210.00)
17655,Dipicard,allopathic,dipicardtablet5-mg,Tablet,Amlodipine Besilate,5 mg,Leon Pharmaceuticals Ltd.,"Unit Price: ৳ 5.00,(50's pack: ৳ 250.00),",(50's pack: ৳ 250.00)
28030,Diphedan,allopathic,diphedanoral-suspension30-mg5-ml,Oral Suspension,Phenytoin Sodium,30 mg/5 ml,Ambee Pharmaceuticals Ltd.,100 ml bottle: ৳ 30.44,
28027,Diphedan,allopathic,diphedantablet100-mg,Tablet,Phenytoin Sodium,100 mg,Ambee Pharmaceuticals Ltd.,"Unit Price: ৳ 2.01,(100's pack: ৳ 200.72),",(100's pack: ৳ 200.72)
12280,Dipa,allopathic,dipatablet10-mg,Tablet,Rupatadine Fumarate,10 mg,Drug International Ltd.,"Unit Price: ৳ 10.00,(30's pack: ৳ 300.00),",(30's pack: ৳ 300.00)
31911,Dip,allopathic,diptablet300-mg,Tablet,Dexibuprofen,300 mg,Alco Pharma Ltd.,"Unit Price: ৳ 5.00,(30's pack: ৳ 150.00),",(30's pack: ৳ 150.00)
26648,Diovan,allopathic,diovancapsule80-mg,Capsule,Valsartan,80 mg,Novartis (Bangladesh) Ltd.,"Unit Price: ৳ 40.00,(28's pack: ৳ 1,120.00),","(28's pack: ৳ 1,120.00)"
2799,Diovan,allopathic,diovantablet40-mg,Tablet,Valsartan,40 mg,Novartis (Bangladesh) Ltd.,"Unit Price: ৳ 36.14,(28's pack: ৳ 1,011.81),","(28's pack: ৳ 1,011.81)"
19,Acelon,allopathic,acelontablet100-mg,Tablet,Aceclofenac,100 mg,Central Pharmaceuticals Ltd.,"Unit Price: ৳ 3.00,(100's pack: ৳ 300.00),",(100's pack: ৳ 300.00)
18,Acelock,allopathic,acelocktablet100-mg,Tablet,Aceclofenac,100 mg,Bristol Pharmaceuticals Ltd.,"Unit Price: ৳ 3.00,(100's pack: ৳ 300.00),",(100's pack: ৳ 300.00)
32082,DLP,allopathic,dlpcapsule-delayed-release30-mg,Capsule (Delayed Release),Dexlansoprazole,30 mg,General Pharmaceuticals Ltd.,"Unit Price: ৳ 9.00,(30's pack: ৳ 270.00),",(30's pack: ৳ 270.00)
15537,Dixicon,allopathic,dixiconoral-suspension300-mg5-ml,Oral Suspension,Nalidixic Acid,300 mg/5 ml,Jayson Pharmaceuticals Ltd.,50 ml bottle: ৳ 30.54,
4016,Dixar Plus,allopathic,dixar-plussyrup20-mg10-mg25-mg5-ml,Syrup,Dextromethorphan + Phenylephrine + Triprolidine,(20 mg+10 mg+2.5 mg)/5 ml,ACI Limited,100 ml bottle: ৳ 100.00,
27549,Dixar,allopathic,dixarsyrup10-mg5-ml,Syrup,Dextromethorphan Hydrobromide,10 mg/5 ml,ACI Limited,100 ml bottle: ৳ 40.00,
11000,Dix-TR,allopathic,dix-trcapsule-timed-release100-mg,Capsule (Timed Release),Diclofenac Sodium,100 mg,Apex Pharmaceuticals Ltd.,"Unit Price: ৳ 2.80,(100's pack: ৳ 280.00),",(100's pack: ৳ 280.00)
10999,Dix Plus,allopathic,dix-plusim-injection75-mg20-mg2-ml,IM Injection,Diclofenac Sodium + Lidocaine Hydrochloride,(75 mg+20 mg)/2 ml,Apex Pharmaceuticals Ltd.,"2 ml ampoule: ৳ 9.50,(10's pack: ৳ 95.00),",(10's pack: ৳ 95.00)
14748,Diversa Gold,allopathic,diversa-goldtablet,Tablet,Multivitamin & Multimineral [A-Z gold preparation],,Rangs Pharmaceuticals Ltd.,"Unit Price: ৳ 8.00,(15's pack: ৳ 120.00),,Unit Price: ৳ 8.00,(30's pack: ৳ 240.00),","(15's pack: ৳ 120.00),(30's pack: ৳ 240.00)"
1327,Diverin,allopathic,diverintablet10-mg,Tablet,Dicycloverine Hydrochloride,10 mg,ACI Limited,"Unit Price: ৳ 2.02,(50's pack: ৳ 101.00),",(50's pack: ৳ 101.00)
1329,Diverin,allopathic,diverinsyrup10-mg5-ml,Syrup,Dicycloverine Hydrochloride,10 mg/5 ml,ACI Limited,50 ml bottle: ৳ 30.20,
1328,Diverin,allopathic,diverintablet20-mg,Tablet,Dicycloverine Hydrochloride,20 mg,ACI Limited,"Unit Price: ৳ 3.52,(50's pack: ৳ 176.00),",(50's pack: ৳ 176.00)
722,Divastin Plus,allopathic,divastin-plustablet5-mg10-mg,Tablet,Amlodipine Besilate + Atorvastatin,5 mg+10 mg,Drug International Ltd.,"Unit Price: ৳ 11.00,(30's pack: ৳ 330.00),",(30's pack: ৳ 330.00)
1181,Divastin,allopathic,divastintablet20-mg,Tablet,Atorvastatin Calcium,20 mg,Drug International Ltd.,"Unit Price: ৳ 18.00,(28's pack: ৳ 504.00),",(28's pack: ৳ 504.00)
1180,Divastin,allopathic,divastintablet10-mg,Tablet,Atorvastatin Calcium,10 mg,Drug International Ltd.,"Unit Price: ৳ 11.00,(28's pack: ৳ 308.00),",(28's pack: ৳ 308.00)
1182,Divastin,allopathic,divastintablet40-mg,Tablet,Atorvastatin Calcium,40 mg,Drug International Ltd.,"Unit Price: ৳ 20.00,(28's pack: ৳ 560.00),",(28's pack: ৳ 560.00)
26909,Ditarol,allopathic,ditaroltablet1000-iu,Tablet,Colecalciferol [Vitamin D3],1000 IU,Navana Pharmaceuticals Ltd.,"Unit Price: ৳ 2.00,(30's pack: ৳ 60.00),",(30's pack: ৳ 60.00)
3005,Disys Plus,allopathic,disys-plustablet80-mg125-mg,Tablet,Valsartan + Hydrochlorothiazide,80 mg+12.5 mg,Healthcare Pharmaceuticals Ltd.,"Unit Price: ৳ 10.00,(30's pack: ৳ 300.00),",(30's pack: ৳ 300.00)
2803,Disys,allopathic,disystablet160-mg,Tablet,Valsartan,160 mg,Healthcare Pharmaceuticals Ltd.,"Unit Price: ৳ 18.00,(30's pack: ৳ 540.00),",(30's pack: ৳ 540.00)
2802,Disys,allopathic,disystablet80-mg,Tablet,Valsartan,80 mg,Healthcare Pharmaceuticals Ltd.,"Unit Price: ৳ 10.00,(30's pack: ৳ 300.00),",(30's pack: ৳ 300.00)
11809,Distamin,allopathic,distaminsyrup2-mg5-ml,Syrup,Chlorpheniramine Maleate,2 mg/5 ml,Doctor’s Chemical Works Ltd.,200 ml bottle: ৳ 38.00,
19248,Distamin,allopathic,distamintablet4-mg,Tablet,Chlorpheniramine Maleate,4 mg,Doctor’s Chemical Works Ltd.,"Unit Price: ৳ 0.20,(500's pack: ৳ 100.00),",(500's pack: ৳ 100.00)
10367,Disprin CV,allopathic,disprin-cvtablet-enteric-coated100-mg,Tablet (Enteric Coated),Aspirin,100 mg,Reckitt & Benckiser Ltd.,"Unit Price: ৳ 0.80,(100's pack: ৳ 80.00),",(100's pack: ৳ 80.00)
10368,Disprin,allopathic,disprintablet-enteric-coated300-mg,Tablet (Enteric Coated),Aspirin,300 mg,Reckitt & Benckiser Ltd.,"Unit Price: ৳ 1.66,(100's pack: ৳ 166.00),",(100's pack: ৳ 166.00)
19483,Disopan,allopathic,disopanimiv-injection1-mgml,IM/IV Injection,Clonazepam,1 mg/ml,Incepta Pharmaceuticals Ltd.,1 mg vial: ৳ 150.00,
4843,Disopan,allopathic,disopantablet05-mg,Tablet,Clonazepam,0.5 mg,Incepta Pharmaceuticals Ltd.,"Unit Price: ৳ 7.00,(100's pack: ৳ 700.00),",(100's pack: ৳ 700.00)
19484,Disopan,allopathic,disopantablet1-mg,Tablet,Clonazepam,1 mg,Incepta Pharmaceuticals Ltd.,"Unit Price: ৳ 9.00,(100's pack: ৳ 900.00),",(100's pack: ৳ 900.00)
4844,Disopan,allopathic,disopantablet2-mg,Tablet,Clonazepam,2 mg,Incepta Pharmaceuticals Ltd.,"Unit Price: ৳ 11.50,(50's pack: ৳ 575.00),",(50's pack: ৳ 575.00)
519,Dismonal,allopathic,dismonaltablet60-mg,Tablet,Alverine Citrate,60 mg,Opsonin Pharma Ltd.,"Unit Price: ৳ 5.00,(50's pack: ৳ 250.00),",(50's pack: ৳ 250.00)
17761,Disartan,allopathic,disartantablet5-mg40-mg,Tablet,Amlodipine Besilate + Olmesartan Medoxomil,5 mg+40 mg,Drug International Ltd.,"Unit Price: ৳ 15.00,(30's pack: ৳ 450.00),",(30's pack: ৳ 450.00)
3080,Disartan,allopathic,disartantablet5-mg20-mg,Tablet,Amlodipine Besilate + Olmesartan Medoxomil,5 mg+20 mg,Drug International Ltd.,"Unit Price: ৳ 10.00,(28's pack: ৳ 280.00),,Unit Price: ৳ 10.00,(42's pack: ৳ 420.00),","(28's pack: ৳ 280.00),(42's pack: ৳ 420.00)"
28238,Acelex,allopathic,acelexpediatric-drops125-mg125-ml,Pediatric Drops,Cephalexin,125 mg/1.25 ml,ACME Laboratories Ltd.,15 ml bottle: ৳ 42.66,
28237,Acelex,allopathic,acelexpowder-for-suspension125-mg5-ml,Powder for Suspension,Cephalexin,125 mg/5 ml,ACME Laboratories Ltd.,100 ml bottle: ৳ 77.52,
16447,Docopa,allopathic,docopatablet200-mg,Tablet,Doxophylline,200 mg,Aristopharma Ltd.,"Unit Price: ৳ 6.00,(60's pack: ৳ 360.00),",(60's pack: ৳ 360.00)
15109,Docexan,allopathic,docexaniv-infusion20-mgvial,IV Infusion,Docetaxel Trihydrate,20 mg/vial,Beacon Pharmaceuticals Ltd.,"20 mg vial: ৳ 3,200.00",
26686,Docexan,allopathic,docexaniv-infusion80-mgvial,IV Infusion,Docetaxel Trihydrate,80 mg/vial,Beacon Pharmaceuticals Ltd.,"80 mg vial: ৳ 11,000.00",
29797,Docetor,allopathic,docetoriv-infusion80-mgvial,IV Infusion,Docetaxel Trihydrate,80 mg/vial,Eskayef Pharmaceuticals Ltd.,"80 mg vial: ৳ 13,900.00",
29796,Docetor,allopathic,docetoriv-infusion20-mgvial,IV Infusion,Docetaxel Trihydrate,20 mg/vial,Eskayef Pharmaceuticals Ltd.,"20 mg vial: ৳ 4,000.00",
26685,Docetaxel HEXAL,allopathic,docetaxel-hexaliv-infusion80-mgvial,IV Infusion,Docetaxel Trihydrate,80 mg/vial,SANDOZ (A Novartis Division),"80 mg vial: ৳ 14,395.34",
17338,Docetaxel HEXAL,allopathic,docetaxel-hexaliv-infusion20-mgvial,IV Infusion,Docetaxel Trihydrate,20 mg/vial,SANDOZ (A Novartis Division),"20 mg vial: ৳ 4,197.66",
17271,Docetaxel Axios,allopathic,docetaxel-axiosiv-infusion20-mgvial,IV Infusion,Docetaxel Trihydrate,20 mg/vial,BOTS Pvt. Limited,"20 mg vial: ৳ 4,400.00",
26683,Docetaxel Axios,allopathic,docetaxel-axiosiv-infusion80-mgvial,IV Infusion,Docetaxel Trihydrate,80 mg/vial,BOTS Pvt. Limited,"80 mg vial: ৳ 11,370.00",
26684,Docetaxel AqVida,allopathic,docetaxel-aqvidaiv-infusion80-mgvial,IV Infusion,Docetaxel Trihydrate,80 mg/vial,AqVida GmbH,"80 mg vial: ৳ 11,000.00",
17348,Docetaxel AqVida,allopathic,docetaxel-aqvidaiv-infusion20-mgvial,IV Infusion,Docetaxel Trihydrate,20 mg/vial,AqVida GmbH,"20 mg vial: ৳ 3,700.00",
15105,Docetax,allopathic,docetaxiv-infusion20-mgvial,IV Infusion,Docetaxel Trihydrate,20 mg/vial,Techno Drugs Ltd.,"20 mg vial: ৳ 3,500.00",
26682,Docetax,allopathic,docetaxiv-infusion80-mgvial,IV Infusion,Docetaxel Trihydrate,80 mg/vial,Techno Drugs Ltd.,"80 mg vial: ৳ 11,500.00",
28642,Docefrez,allopathic,docefreziv-infusion20-mgvial,IV Infusion,Docetaxel Trihydrate,20 mg/vial,Healthcare Pharmaceuticals Ltd.,"20 mg vial: ৳ 4,000.00",
28643,Docefrez,allopathic,docefreziv-infusion80-mgvial,IV Infusion,Docetaxel Trihydrate,80 mg/vial,Healthcare Pharmaceuticals Ltd.,"80 mg vial: ৳ 12,644.00",
3179,Dobutin,allopathic,dobutiniv-injection125-mgml,IV Injection,Dobutamine,12.5 mg/ml,Incepta Pharmaceuticals Ltd.,20 ml vial: ৳ 250.00,
3178,Dobutamine,allopathic,dobutamineiv-injection125-mgml,IV Injection,Dobutamine,12.5 mg/ml,"Laboratoires Panpharma, France",20 ml vial: ৳ 285.00,
3177,Dobumin,allopathic,dobuminiv-injection125-mgml,IV Injection,Dobutamine,12.5 mg/ml,ACI Limited,20 ml vial: ৳ 251.69,
28368,Dobixin,allopathic,dobixiniv-infusion2-mgml,IV Infusion,Doxorubicin Hydrochloride,2 mg/ml,Drug International Ltd.,"10 mg vial: ৳ 275.00,50 mg vial: ৳ 900.00",
29486,Dobical,allopathic,dobicalcapsule500-mg,Capsule,Calcium Dobesilate,500 mg,Opsonin Pharma Ltd.,"Unit Price: ৳ 20.00,(30's pack: ৳ 600.00),",(30's pack: ৳ 600.00)
32847,Dobesil LD,allopathic,dobesil-ldrectal-ointment420025,Rectal Ointment,Calcium Dobesilate + Lidocaine + Dexamethasone,4%+2%+0.025%,Incepta Pharmaceuticals Ltd.,30 gm tube: ৳ 160.00,
26200,Dobesil,allopathic,dobesilcapsule500-mg,Capsule,Calcium Dobesilate,500 mg,Incepta Pharmaceuticals Ltd.,"Unit Price: ৳ 20.00,(30's pack: ৳ 600.00),",(30's pack: ৳ 600.00)
29826,Dobelit,allopathic,dobelitcapsule500-mg,Capsule,Calcium Dobesilate,500 mg,Popular Pharmaceuticals Ltd.,"Unit Price: ৳ 20.00,(30's pack: ৳ 600.00),",(30's pack: ৳ 600.00)
27716,DNS,allopathic,dnsiv-infusion095,IV Infusion,Sodium Chloride + Dextrose,0.9%+5%,Opso Saline Ltd.,"500 ml bottle: ৳ 75.67,1000 ml bottle: ৳ 100.89",
10805,Dmigrain,allopathic,dmigraintablet15-mg,Tablet,Pizotifen,1.5 mg,NIPRO JMI Pharma Ltd.,"Unit Price: ৳ 7.02,(50's pack: ৳ 351.00),",(50's pack: ৳ 351.00)
10804,Dmigrain,allopathic,dmigraintablet05-mg,Tablet,Pizotifen,0.5 mg,NIPRO JMI Pharma Ltd.,"Unit Price: ৳ 3.01,(50's pack: ৳ 150.50),",(50's pack: ৳ 150.50)
32504,DMF,allopathic,dmftablet500-mg,Tablet,Metformin Hydrochloride,500 mg,Doctor TIMS Pharmaceuticals Ltd.,"Unit Price: ৳ 4.00,(100's pack: ৳ 400.00),",(100's pack: ৳ 400.00)
32505,DMF,allopathic,dmftablet850-mg,Tablet,Metformin Hydrochloride,850 mg,Doctor TIMS Pharmaceuticals Ltd.,"Unit Price: ৳ 6.00,(50's pack: ৳ 300.00),",(50's pack: ৳ 300.00)
28527,DM-Sone,allopathic,dm-soneophthalmic-solution01,Ophthalmic Solution,Dexamethasone (Ophthalmic),0.10%,Pacific Pharmaceuticals Ltd.,5 ml drop: ৳ 70.00,
32083,DLP,allopathic,dlpcapsule-delayed-release60-mg,Capsule (Delayed Release),Dexlansoprazole,60 mg,General Pharmaceuticals Ltd.,"Unit Price: ৳ 16.00,(30's pack: ৳ 480.00),",(30's pack: ৳ 480.00)
28236,Acelex,allopathic,acelexcapsule500-mg,Capsule,Cephalexin,500 mg,ACME Laboratories Ltd.,"Unit Price: ৳ 12.50,(40's pack: ৳ 500.00),",(40's pack: ৳ 500.00)
10693,Doloran,allopathic,dolorancapsule50-mg,Capsule,Tramadol Hydrochloride,50 mg,SANDOZ (A Novartis Division),"Unit Price: ৳ 8.53,(30's pack: ৳ 255.90),",(30's pack: ৳ 255.90)
10696,Doloran,allopathic,doloransuppository100-mg,Suppository,Tramadol Hydrochloride,100 mg,SANDOZ (A Novartis Division),"Unit Price: ৳ 20.00,(10's pack: ৳ 200.00),",(10's pack: ৳ 200.00)
6233,Dolopen,allopathic,dolopenpowder-for-suspension125-mg5-ml,Powder for Suspension,Flucloxacillin Sodium,125 mg/5 ml,Techno Drugs Ltd.,100 ml bottle: ৳ 60.00,
6234,Dolopen,allopathic,dolopenimiv-injection500-mgvial,IM/IV Injection,Flucloxacillin Sodium,500 mg/vial,Techno Drugs Ltd.,500 mg vial: ৳ 40.00,
6232,Dolopen,allopathic,dolopencapsule500-mg,Capsule,Flucloxacillin Sodium,500 mg,Techno Drugs Ltd.,"Unit Price: ৳ 10.00,(30's pack: ৳ 300.00),",(30's pack: ৳ 300.00)
28252,Dolonil SR,allopathic,dolonil-srtablet-sustained-release100-mg,Tablet (Sustained Release),Tramadol Hydrochloride,100 mg,ACME Laboratories Ltd.,"Unit Price: ৳ 25.08,(16's pack: ৳ 401.28),",(16's pack: ৳ 401.28)
28250,Dolonil,allopathic,dolonilimiv-injection100-mg2-ml,IM/IV Injection,Tramadol Hydrochloride,100 mg/2 ml,ACME Laboratories Ltd.,"2 ml ampoule: ৳ 20.13,(5's pack: ৳ 100.65),",(5's pack: ৳ 100.65)
28251,Dolonil,allopathic,dolonilcapsule50-mg,Capsule,Tramadol Hydrochloride,50 mg,ACME Laboratories Ltd.,"Unit Price: ৳ 7.55,(20's pack: ৳ 151.00),",(20's pack: ৳ 151.00)
42,Dolonac,allopathic,dolonactablet100-mg,Tablet,Aceclofenac,100 mg,Cosmo Pharma Ltd.,"Unit Price: ৳ 3.00,(100's pack: ৳ 300.00),",(100's pack: ৳ 300.00)
28124,Dolonac,allopathic,dolonactablet100-mg,Tablet,Aceclofenac,100 mg,Cosmic Pharma Ltd.,"Unit Price: ৳ 3.50,(100's pack: ৳ 350.00),",(100's pack: ৳ 350.00)
21262,Doloket,allopathic,doloketimiv-injection30-mgml,IM/IV Injection,Ketorolac Tromethamine,30 mg/ml,Kumudini Pharma Ltd.,1 ml ampoule: ৳ 60.00,
15310,Doloket,allopathic,dolokettablet10-mg,Tablet,Ketorolac Tromethamine,10 mg,Kumudini Pharma Ltd.,"Unit Price: ৳ 10.00,(30's pack: ৳ 300.00),",(30's pack: ৳ 300.00)
465,Dolocid,allopathic,dolocidchewable-tablet250-mg400-mg,Chewable Tablet,Aluminium Hydroxide + Magnesium Hydroxide,250 mg+400 mg,Aexim Pharmaceuticals Ltd.,"Unit Price: ৳ 0.60,(200's pack: ৳ 120.00),",(200's pack: ৳ 120.00)
28135,Dolocid,allopathic,dolocidoral-suspension200-mg250-mg5-ml,Oral Suspension,Aluminium Oxide + Magnesium Trisilicate,(200 mg+250 mg)/5 ml,Aexim Pharmaceuticals Ltd.,200 ml bottle: ৳ 32.00,
30372,Dolceta,allopathic,dolcetatablet325-mg375-mg,Tablet,Paracetamol + Tramadol Hydrochloride,325 mg+37.5 mg,Radiant Pharmaceuticals Ltd.,"Unit Price: ৳ 8.00,(30's pack: ৳ 240.00),",(30's pack: ৳ 240.00)
10579,Dola Extra,allopathic,dola-extratablet500-mg65-mg,Tablet,Paracetamol + Caffeine,500 mg+65 mg,Millat Pharmaceuticals Ltd.,"Unit Price: ৳ 1.90,(100's pack: ৳ 190.00),",(100's pack: ৳ 190.00)
10422,Dola,allopathic,dolatablet500-mg,Tablet,Paracetamol,500 mg,Millat Pharmaceuticals Ltd.,"Unit Price: ৳ 0.80,(200's pack: ৳ 160.00),",(200's pack: ৳ 160.00)
10423,Dola,allopathic,dolaoral-suspension120-mg5-ml,Oral Suspension,Paracetamol,120 mg/5 ml,Millat Pharmaceuticals Ltd.,60 ml bottle: ৳ 20.00,
3280,Dogrel Plus,allopathic,dogrel-plustablet75-mg75-mg,Tablet,Clopidogrel + Aspirin,75 mg+75 mg,Astra Biopharmaceuticals Ltd.,"Unit Price: ৳ 11.00,(10's pack: ৳ 110.00),",(10's pack: ৳ 110.00)
3234,Dogrel,allopathic,dogreltablet75-mg,Tablet,Clopidogrel Bisulphate,75 mg,Astra Biopharmaceuticals Ltd.,"Unit Price: ৳ 10.00,(10's pack: ৳ 100.00),",(10's pack: ৳ 100.00)
27232,Dofolin,allopathic,dofolintablet400-mg,Tablet,Doxophylline,400 mg,Euro Pharma Ltd.,"Unit Price: ৳ 9.00,(30's pack: ৳ 270.00),",(30's pack: ৳ 270.00)
27231,Dofolin,allopathic,dofolintablet200-mg,Tablet,Doxophylline,200 mg,Euro Pharma Ltd.,"Unit Price: ৳ 5.00,(50's pack: ৳ 250.00),",(50's pack: ৳ 250.00)
7764,Dofixim,allopathic,dofiximpowder-for-suspension40-mg5-ml,Powder for Suspension,Cefpodoxime Proxetil,40 mg/5 ml,Ibn Sina Pharmaceuticals Ltd.,50 ml bottle: ৳ 100.00,
7762,Dofixim,allopathic,dofiximcapsule100-mg,Capsule,Cefpodoxime Proxetil,100 mg,Ibn Sina Pharmaceuticals Ltd.,"Unit Price: ৳ 21.00,(8's pack: ৳ 168.00),",(8's pack: ৳ 168.00)
16444,Docuset,allopathic,docusettablet120-mg,Tablet,Docusate Sodium (Oral),120 mg,Opsonin Pharma Ltd.,"Unit Price: ৳ 2.00,(30's pack: ৳ 60.00),",(30's pack: ৳ 60.00)
9078,Doctrim,allopathic,doctrimtablet400-mg80-mg,Tablet,Sulphamethoxazole + Trimethoprim,400 mg+80 mg,Doctor’s Chemical Works Ltd.,"Unit Price: ৳ 1.02,(100's pack: ৳ 102.00),",(100's pack: ৳ 102.00)
9015,Doctrim,allopathic,doctrimoral-suspension200-mg40-mg5-ml,Oral Suspension,Sulphamethoxazole + Trimethoprim,(200 mg+40 mg)/5 ml,Doctor’s Chemical Works Ltd.,60 ml bottle: ৳ 22.00,
16961,Doctrim,allopathic,doctrimtablet800-mg160-mg,Tablet,Sulphamethoxazole + Trimethoprim,800 mg+160 mg,Doctor’s Chemical Works Ltd.,"Unit Price: ৳ 1.74,(100's pack: ৳ 174.00),",(100's pack: ৳ 174.00)
16446,Docopa,allopathic,docopatablet400-mg,Tablet,Doxophylline,400 mg,Aristopharma Ltd.,"Unit Price: ৳ 8.00,(60's pack: ৳ 480.00),",(60's pack: ৳ 480.00)
28235,Acelex,allopathic,acelexcapsule250-mg,Capsule,Cephalexin,250 mg,ACME Laboratories Ltd.,"Unit Price: ৳ 6.60,(50's pack: ৳ 330.00),",(50's pack: ৳ 330.00)
17,Acegic,allopathic,acegictablet100-mg,Tablet,Aceclofenac,100 mg,Belsen Pharmaceuticals Ltd.,"Unit Price: ৳ 3.00,(100's pack: ৳ 300.00),",(100's pack: ৳ 300.00)
28787,Dominaaf,allopathic,dominaaftablet10-mg,Tablet,Domperidone Maleate,10 mg,Naafco Pharma Ltd.,"Unit Price: ৳ 2.00,(100's pack: ৳ 200.00),",(100's pack: ৳ 200.00)
28786,Dominaaf,allopathic,dominaaforal-suspension5-mg5-ml,Oral Suspension,Domperidone Maleate,5 mg/5 ml,Naafco Pharma Ltd.,60 ml bottle: ৳ 30.00,
1540,Domin,allopathic,domintablet10-mg,Tablet,Domperidone Maleate,10 mg,Opsonin Pharma Ltd.,"Unit Price: ৳ 3.30,(150's pack: ৳ 495.00),",(150's pack: ৳ 495.00)
1541,Domin,allopathic,dominoral-suspension5-mg5-ml,Oral Suspension,Domperidone Maleate,5 mg/5 ml,Opsonin Pharma Ltd.,60 ml bottle: ৳ 30.00,
1543,Domin,allopathic,dominsuppository30-mg,Suppository,Domperidone Maleate,30 mg,Opsonin Pharma Ltd.,"Unit Price: ৳ 8.03,(10's pack: ৳ 80.30),",(10's pack: ৳ 80.30)
26003,Domin,allopathic,dominsuppository15-mg,Suppository,Domperidone Maleate,15 mg,Opsonin Pharma Ltd.,"Unit Price: ৳ 5.02,(10's pack: ৳ 50.20),",(10's pack: ৳ 50.20)
1542,Domin,allopathic,dominpediatric-drops5-mgml,Pediatric Drops,Domperidone Maleate,5 mg/ml,Opsonin Pharma Ltd.,15 ml drop: ৳ 25.00,
1538,Domilux,allopathic,domiluxtablet10-mg,Tablet,Domperidone Maleate,10 mg,Popular Pharmaceuticals Ltd.,"Unit Price: ৳ 3.00,(140's pack: ৳ 420.00),,Unit Price: ৳ 3.00,(200's pack: ৳ 600.00),","(140's pack: ৳ 420.00),(200's pack: ৳ 600.00)"
1539,Domilux,allopathic,domiluxoral-suspension5-mg5-ml,Oral Suspension,Domperidone Maleate,5 mg/5 ml,Popular Pharmaceuticals Ltd.,60 ml bottle: ৳ 35.00,
30480,Domilux,allopathic,domiluxpediatric-drops5-mgml,Pediatric Drops,Domperidone Maleate,5 mg/ml,Popular Pharmaceuticals Ltd.,15 ml drop: ৳ 25.00,
1536,Domilin,allopathic,domilintablet10-mg,Tablet,Domperidone Maleate,10 mg,General Pharmaceuticals Ltd.,"Unit Price: ৳ 3.50,(100's pack: ৳ 350.00),",(100's pack: ৳ 350.00)
1537,Domilin,allopathic,domilinoral-suspension5-mg5-ml,Oral Suspension,Domperidone Maleate,5 mg/5 ml,General Pharmaceuticals Ltd.,100 ml bottle: ৳ 40.27,
1534,Domidon,allopathic,domidontablet10-mg,Tablet,Domperidone Maleate,10 mg,Ziska Pharmaceuticals Ltd.,"Unit Price: ৳ 2.00,(100's pack: ৳ 200.00),",(100's pack: ৳ 200.00)
1535,Domidon,allopathic,domidonoral-suspension5-mg5-ml,Oral Suspension,Domperidone Maleate,5 mg/5 ml,Ziska Pharmaceuticals Ltd.,60 ml bottle: ৳ 35.00,
27719,Domfix,allopathic,domfixtablet10-mg,Tablet,Domperidone Maleate,10 mg,Opso Saline Ltd.,"Unit Price: ৳ 2.00,(100's pack: ৳ 200.00),",(100's pack: ৳ 200.00)
30346,Domfix,allopathic,domfixoral-suspension5-mg5-ml,Oral Suspension,Domperidone Maleate,5 mg/5 ml,Opso Saline Ltd.,60 ml bottle: ৳ 35.00,
27993,Dometic,allopathic,dometicoral-suspension5-mg5-ml,Oral Suspension,Domperidone Maleate,5 mg/5 ml,One Pharma Ltd.,60 ml bottle: ৳ 34.00,
27992,Dometic,allopathic,dometictablet10-mg,Tablet,Domperidone Maleate,10 mg,One Pharma Ltd.,"Unit Price: ৳ 2.50,(100's pack: ৳ 250.00),",(100's pack: ৳ 250.00)
32183,Domerin,allopathic,domerintablet10-mg,Tablet,Domperidone Maleate,10 mg,Royal Pharmaceutical Ltd.,"Unit Price: ৳ 2.50,(100's pack: ৳ 250.00),",(100's pack: ৳ 250.00)
1533,Domar,allopathic,domaroral-suspension5-mg5-ml,Oral Suspension,Domperidone Maleate,5 mg/5 ml,Pacific Pharmaceuticals Ltd.,"60 ml bottle: ৳ 33.00,100 ml bottle: ৳ 40.00",
1532,Domar,allopathic,domartablet10-mg,Tablet,Domperidone Maleate,10 mg,Pacific Pharmaceuticals Ltd.,"Unit Price: ৳ 3.00,(100's pack: ৳ 300.00),",(100's pack: ৳ 300.00)
28688,Domaid,allopathic,domaidoral-suspension5-mg5-ml,Oral Suspension,Domperidone Maleate,5 mg/5 ml,Labaid Pharma Ltd.,60 ml bottle: ৳ 35.00,
26960,Domaid,allopathic,domaidtablet10-mg,Tablet,Domperidone Maleate,10 mg,Labaid Pharma Ltd.,"Unit Price: ৳ 3.00,(100's pack: ৳ 300.00),",(100's pack: ৳ 300.00)
28111,Dolwin,allopathic,dolwintablet500-mg,Tablet,Naproxen Sodium,500 mg,Jenphar Bangladesh Ltd.,"Unit Price: ৳ 7.00,(30's pack: ৳ 210.00),",(30's pack: ৳ 210.00)
15417,Doltro,allopathic,doltrotablet10-mg,Tablet,Ketorolac Tromethamine,10 mg,UniMed UniHealth,"Unit Price: ৳ 10.00,(20's pack: ৳ 200.00),",(20's pack: ৳ 200.00)
28891,Dolorex,allopathic,doloreximiv-injection100-mg2-ml,IM/IV Injection,Tramadol Hydrochloride,100 mg/2 ml,Biopharma Laboratories Ltd.,"2 ml ampoule: ৳ 20.14,(5's pack: ৳ 100.70),",(5's pack: ৳ 100.70)
10697,Dolorex,allopathic,dolorexcapsule50-mg,Capsule,Tramadol Hydrochloride,50 mg,Biopharma Laboratories Ltd.,"Unit Price: ৳ 7.55,(30's pack: ৳ 226.58),",(30's pack: ৳ 226.58)
28890,Dolorex,allopathic,dolorexcapsule100-mg,Capsule,Tramadol Hydrochloride,100 mg,Biopharma Laboratories Ltd.,"Unit Price: ৳ 13.09,(10's pack: ৳ 130.89),",(10's pack: ৳ 130.89)
25061,Doloran PRT,allopathic,doloran-prttablet-prolonged-release100-mg,Tablet (Prolonged Release),Tramadol Hydrochloride,100 mg,SANDOZ (A Novartis Division),"Unit Price: ৳ 15.00,(30's pack: ৳ 450.00),",(30's pack: ৳ 450.00)
10783,Doloran Plus,allopathic,doloran-plustablet325-mg375-mg,Tablet,Paracetamol + Tramadol Hydrochloride,325 mg+37.5 mg,SANDOZ (A Novartis Division),"Unit Price: ৳ 10.00,(30's pack: ৳ 300.00),",(30's pack: ৳ 300.00)
6780,Acefra,allopathic,acefrapowder-for-suspension125-mg5-ml,Powder for Suspension,Cephradine,125 mg/5 ml,Apollo Pharmaceutical Ltd.,100 ml bottle: ৳ 78.00,
1563,Dopagut,allopathic,dopagutoral-suspension5-mg5-ml,Oral Suspension,Domperidone Maleate,5 mg/5 ml,Concord Pharmaceuticals Ltd.,60 ml bottle: ৳ 35.00,
1562,Dopagut,allopathic,dopaguttablet10-mg,Tablet,Domperidone Maleate,10 mg,Concord Pharmaceuticals Ltd.,"Unit Price: ৳ 2.01,(100's pack: ৳ 200.60),",(100's pack: ৳ 200.60)
1561,Dopadon,allopathic,dopadonoral-suspension5-mg5-ml,Oral Suspension,Domperidone Maleate,5 mg/5 ml,Ibn Sina Pharmaceuticals Ltd.,60 ml bottle: ৳ 30.00,
26596,Dopadon,allopathic,dopadonpediatric-drops5-mgml,Pediatric Drops,Domperidone Maleate,5 mg/ml,Ibn Sina Pharmaceuticals Ltd.,15 ml drop: ৳ 25.00,
1560,Dopadon,allopathic,dopadontablet10-mg,Tablet,Domperidone Maleate,10 mg,Ibn Sina Pharmaceuticals Ltd.,"Unit Price: ৳ 2.50,(100's pack: ৳ 250.00),",(100's pack: ৳ 250.00)
8336,Dopac,allopathic,dopaccapsule100-mg,Capsule,Doxycycline Hydrochloride,100 mg,Pacific Pharmaceuticals Ltd.,"Unit Price: ৳ 2.00,(100's pack: ৳ 200.00),",(100's pack: ৳ 200.00)
14021,Donor,allopathic,donortablet6-mg200-mg50-mg,Tablet,Betacarotene + Vitamin C + Vitamin E,6 mg+200 mg+50 mg,Millat Pharmaceuticals Ltd.,"Unit Price: ৳ 2.50,(20's pack: ৳ 50.00),",(20's pack: ৳ 50.00)
12859,Donadin,allopathic,donadincream6-ww,Cream,Povidone Iodine,6% w/w,Ibn Sina Pharmaceuticals Ltd.,20 gm tube: ৳ 26.00,
26501,Don-A,allopathic,don-atablet10-mg,Tablet,Domperidone Maleate,10 mg,ACME Laboratories Ltd.,"Unit Price: ৳ 3.45,(140's pack: ৳ 483.00),",(140's pack: ৳ 483.00)
26504,Don-A,allopathic,don-aoral-suspension5-mg5-ml,Oral Suspension,Domperidone Maleate,5 mg/5 ml,ACME Laboratories Ltd.,60 ml bottle: ৳ 35.11,
26505,Don-A,allopathic,don-apediatric-drops5-mgml,Pediatric Drops,Domperidone Maleate,5 mg/ml,ACME Laboratories Ltd.,15 ml drop: ৳ 25.00,
1558,Domstal,allopathic,domstaltablet10-mg,Tablet,Domperidone Maleate,10 mg,APC Pharma Ltd.,"Unit Price: ৳ 2.00,(50's pack: ৳ 100.00),",(50's pack: ৳ 100.00)
1559,Domstal,allopathic,domstaloral-suspension5-mg5-ml,Oral Suspension,Domperidone Maleate,5 mg/5 ml,APC Pharma Ltd.,60 ml bottle: ৳ 28.00,
1555,Domsil,allopathic,domsiltablet10-mg,Tablet,Domperidone Maleate,10 mg,Silva Pharmaceuticals Ltd.,"Unit Price: ৳ 2.01,(100's pack: ৳ 201.00),",(100's pack: ৳ 201.00)
1557,Domsil,allopathic,domsiloral-suspension5-mg5-ml,Oral Suspension,Domperidone Maleate,5 mg/5 ml,Silva Pharmaceuticals Ltd.,"60 ml bottle: ৳ 28.00,100 ml bottle: ৳ 38.00",
1553,Dompi,allopathic,dompitablet10-mg,Tablet,Domperidone Maleate,10 mg,Alco Pharma Ltd.,"Unit Price: ৳ 2.01,(100's pack: ৳ 201.00),",(100's pack: ৳ 201.00)
1554,Dompi,allopathic,dompioral-suspension5-mg5-ml,Oral Suspension,Domperidone Maleate,5 mg/5 ml,Alco Pharma Ltd.,60 ml bottle: ৳ 40.12,
30322,Domperidon,allopathic,domperidontablet10-mg,Tablet,Domperidone Maleate,10 mg,Biogen Pharmaceuticals Ltd.,"Unit Price: ৳ 2.25,(100's pack: ৳ 225.00),",(100's pack: ৳ 225.00)
27403,Domperid,allopathic,domperidtablet10-mg,Tablet,Domperidone Maleate,10 mg,Premier Pharmaceuticals Ltd.,"Unit Price: ৳ 2.00,(100's pack: ৳ 200.00),",(100's pack: ৳ 200.00)
1552,Dompen,allopathic,dompentablet10-mg,Tablet,Domperidone Maleate,10 mg,Millat Pharmaceuticals Ltd.,"Unit Price: ৳ 2.00,(100's pack: ৳ 200.00),",(100's pack: ৳ 200.00)
1551,Dompa-S,allopathic,dompa-soral-suspension5-mg5-ml,Oral Suspension,Domperidone Maleate,5 mg/5 ml,Seema Pharmaceuticals Ltd.,60 ml bottle: ৳ 28.00,
31037,Dompa-S,allopathic,dompa-stablet10-mg,Tablet,Domperidone Maleate,10 mg,Seema Pharmaceuticals Ltd.,"Unit Price: ৳ 3.00,(100's pack: ৳ 300.00),",(100's pack: ৳ 300.00)
1550,Dompa,allopathic,dompatablet10-mg,Tablet,Domperidone Maleate,10 mg,Seema Pharmaceuticals Ltd.,"Unit Price: ৳ 2.00,(100's pack: ৳ 200.00),",(100's pack: ৳ 200.00)
27258,Domixon,allopathic,domixontablet10-mg,Tablet,Domperidone Maleate,10 mg,Centeon Pharma Ltd.,"Unit Price: ৳ 3.08,(100's pack: ৳ 307.60),",(100's pack: ৳ 307.60)
1547,Domiren,allopathic,domirentablet10-mg,Tablet,Domperidone Maleate,10 mg,Renata Limited,"Unit Price: ৳ 3.00,(150's pack: ৳ 450.00),",(150's pack: ৳ 450.00)
1548,Domiren,allopathic,domirenoral-suspension5-mg5-ml,Oral Suspension,Domperidone Maleate,5 mg/5 ml,Renata Limited,"60 ml bottle: ৳ 35.00,100 ml bottle: ৳ 38.00",
1549,Domiren,allopathic,domirenpediatric-drops5-mgml,Pediatric Drops,Domperidone Maleate,5 mg/ml,Renata Limited,15 ml drop: ৳ 25.00,
1546,Dominol,allopathic,dominoltablet10-mg,Tablet,Domperidone Maleate,10 mg,The White Horse Pharma,"Unit Price: ৳ 2.00,(100's pack: ৳ 200.00),",(100's pack: ৳ 200.00)
1544,Dominat,allopathic,dominattablet10-mg,Tablet,Domperidone Maleate,10 mg,Nipa Pharmaceuticals Ltd.,"Unit Price: ৳ 2.00,(100's pack: ৳ 200.00),",(100's pack: ৳ 200.00)
1545,Dominat,allopathic,dominatoral-suspension5-mg5-ml,Oral Suspension,Domperidone Maleate,5 mg/5 ml,Nipa Pharmaceuticals Ltd.,60 ml bottle: ৳ 27.00,
6779,Acefra,allopathic,acefracapsule500-mg,Capsule,Cephradine,500 mg,Apollo Pharmaceutical Ltd.,"Unit Price: ৳ 12.00,(20's pack: ৳ 240.00),",(20's pack: ৳ 240.00)
8268,Dorinem,allopathic,dorinemiv-infusion500-mgvial,IV Infusion,Doripenem,500 mg/vial,ACI Limited,"500 mg vial: ৳ 2,006.02",
17945,Doriject,allopathic,dorijectiv-infusion500-mgvial,IV Infusion,Doripenem,500 mg/vial,Popular Pharmaceuticals Ltd.,"500 mg vial: ৳ 2,000.00",
1565,Doridon,allopathic,doridontablet10-mg,Tablet,Domperidone Maleate,10 mg,Medicon Pharmaceuticals Ltd.,"Unit Price: ৳ 1.70,(100's pack: ৳ 170.44),",(100's pack: ৳ 170.44)
1566,Doridon,allopathic,doridonpediatric-drops5-mgml,Pediatric Drops,Domperidone Maleate,5 mg/ml,Medicon Pharmaceuticals Ltd.,15 ml drop: ৳ 19.32,
31819,Doribac,allopathic,doribacpowder-for-suspension125-mg5-ml,Powder for Suspension,Flucloxacillin Sodium,125 mg/5 ml,Concord Pharmaceuticals Ltd.,100 ml bottle: ৳ 60.18,
31818,Doribac,allopathic,doribaccapsule500-mg,Capsule,Flucloxacillin Sodium,500 mg,Concord Pharmaceuticals Ltd.,"Unit Price: ৳ 10.53,(28's pack: ৳ 294.84),",(28's pack: ৳ 294.84)
31817,Doribac,allopathic,doribaccapsule250-mg,Capsule,Flucloxacillin Sodium,250 mg,Concord Pharmaceuticals Ltd.,"Unit Price: ৳ 6.02,(28's pack: ৳ 168.56),",(28's pack: ৳ 168.56)
29938,Dorenta,allopathic,dorentatablet50-mg,Tablet,Diphenhydramine Hydrochloride,50 mg,Eskayef Pharmaceuticals Ltd.,"Unit Price: ৳ 2.50,(50's pack: ৳ 125.00),",(50's pack: ৳ 125.00)
11875,Dorenta,allopathic,dorentasyrup10-mg5-ml,Syrup,Diphenhydramine Hydrochloride,10 mg/5 ml,Eskayef Pharmaceuticals Ltd.,100 ml bottle: ৳ 40.00,
3281,Dorel Plus,allopathic,dorel-plustablet75-mg75-mg,Tablet,Clopidogrel + Aspirin,75 mg+75 mg,General Pharmaceuticals Ltd.,"Unit Price: ৳ 12.00,(20's pack: ৳ 240.00),",(20's pack: ৳ 240.00)
3235,Dorel,allopathic,doreltablet75-mg,Tablet,Clopidogrel Bisulphate,75 mg,General Pharmaceuticals Ltd.,"Unit Price: ৳ 11.50,(30's pack: ৳ 345.00),",(30's pack: ৳ 345.00)
30851,Doralin,allopathic,doralintablet5-mg,Tablet,Desloratadine,5 mg,Goodman Pharmaceuticals Ltd.,"Unit Price: ৳ 3.00,(100's pack: ৳ 300.00),",(100's pack: ৳ 300.00)
26388,Dorakid,allopathic,dorakidsyrup,Syrup,Multivitamin & Cod Liver Oil,,Beacon Pharmaceuticals Ltd.,100 ml bottle: ৳ 100.00,
12259,Dora,allopathic,doratablet5-mg,Tablet,Desloratadine,5 mg,Mystic Pharmaceuticals Ltd.,"Unit Price: ৳ 2.50,(50's pack: ৳ 125.00),",(50's pack: ৳ 125.00)
12260,Dora,allopathic,dorasyrup25-mg5-ml,Syrup,Desloratadine,2.5 mg/5 ml,Mystic Pharmaceuticals Ltd.,60 ml bottle: ৳ 25.75,
9253,Doquin,allopathic,doquintablet500-mg,Tablet,Ciprofloxacin,500 mg,Hallmark Pharmaceuticals Ltd.,"Unit Price: ৳ 12.09,(30's pack: ৳ 362.70),",(30's pack: ৳ 362.70)
1564,Dopon,allopathic,dopontablet10-mg,Tablet,Domperidone Maleate,10 mg,Marker Pharma Ltd.,"Unit Price: ৳ 2.00,(50's pack: ৳ 100.00),",(50's pack: ৳ 100.00)
686,Dopin,allopathic,dopintablet5-mg,Tablet,Amlodipine Besilate,5 mg,Medicon Pharmaceuticals Ltd.,"Unit Price: ৳ 4.66,(30's pack: ৳ 139.76),",(30's pack: ৳ 139.76)
26507,Dophylin,allopathic,dophylintablet200-mg,Tablet,Doxophylline,200 mg,ACME Laboratories Ltd.,"Unit Price: ৳ 5.00,(60's pack: ৳ 300.00),",(60's pack: ৳ 300.00)
26508,Dophylin,allopathic,dophylintablet400-mg,Tablet,Doxophylline,400 mg,ACME Laboratories Ltd.,"Unit Price: ৳ 8.00,(30's pack: ৳ 240.00),",(30's pack: ৳ 240.00)
32418,Dophylin,allopathic,dophylinsyrup100-mg5-ml,Syrup,Doxophylline,100 mg/5 ml,ACME Laboratories Ltd.,100 ml bottle: ৳ 100.00,
27383,Doperon,allopathic,doperonoral-suspension5-mg5-ml,Oral Suspension,Domperidone Maleate,5 mg/5 ml,United Pharmaceuticals Ltd.,60 ml bottle: ৳ 28.19,
27382,Doperon,allopathic,doperontablet10-mg,Tablet,Domperidone Maleate,10 mg,United Pharmaceuticals Ltd.,"Unit Price: ৳ 2.00,(100's pack: ৳ 200.00),",(100's pack: ৳ 200.00)
6513,Dopen,allopathic,dopencapsule500-mg,Capsule,Amoxicillin Trihydrate,500 mg,Hallmark Pharmaceuticals Ltd.,"Unit Price: ৳ 6.70,(50's pack: ৳ 335.00),",(50's pack: ৳ 335.00)
6514,Dopen,allopathic,dopenpowder-for-suspension125-mg5-ml,Powder for Suspension,Amoxicillin Trihydrate,125 mg/5 ml,Hallmark Pharmaceuticals Ltd.,100 ml bottle: ৳ 45.80,
28028,Dopegyt,allopathic,dopegyttablet250-mg,Tablet,Methyldopa,250 mg,Ambee Pharmaceuticals Ltd.,"Unit Price: ৳ 3.08,(100's pack: ৳ 308.44),",(100's pack: ৳ 308.44)
32755,Doparkin,allopathic,doparkintablet100-mg10-mg,Tablet,Levodopa + Carbidopa (FC tablet),100 mg+10 mg,General Pharmaceuticals Ltd.,"Unit Price: ৳ 7.00,(30's pack: ৳ 210.00),",(30's pack: ৳ 210.00)
32754,Doparkin,allopathic,doparkintablet250-mg25-mg,Tablet,Levodopa + Carbidopa (FC tablet),250 mg+25 mg,General Pharmaceuticals Ltd.,"Unit Price: ৳ 10.00,(30's pack: ৳ 300.00),",(30's pack: ৳ 300.00)
3182,Dopamine-Rotex,allopathic,dopamine-rotexiv-injection200-mg5-ml,IV Injection,Dopamine Hydrochloride,200 mg/5 ml,"Rotexmedica GmbH, Germany","5 ml ampoule: ৳ 60.00,(10's pack: ৳ 600.00),",(10's pack: ৳ 600.00)
2459,Dopamet,allopathic,dopamettablet250-mg,Tablet,Methyldopa,250 mg,Opsonin Pharma Ltd.,"Unit Price: ৳ 3.08,(50's pack: ৳ 154.00),",(50's pack: ৳ 154.00)
16,Acefenac,allopathic,acefenactablet100-mg,Tablet,Aceclofenac,100 mg,General Pharmaceuticals Ltd.,"Unit Price: ৳ 4.01,(50's pack: ৳ 200.50),",(50's pack: ৳ 200.50)
8374,Doxigen,allopathic,doxigencapsule100-mg,Capsule,Doxycycline Hydrochloride,100 mg,General Pharmaceuticals Ltd.,"Unit Price: ৳ 2.15,(100's pack: ৳ 214.80),",(100's pack: ৳ 214.80)
26865,Doxiflo,allopathic,doxiflotablet200-mg,Tablet,Doxophylline,200 mg,Biopharma Laboratories Ltd.,"Unit Price: ৳ 6.00,(50's pack: ৳ 300.00),",(50's pack: ৳ 300.00)
26866,Doxiflo,allopathic,doxiflotablet400-mg,Tablet,Doxophylline,400 mg,Biopharma Laboratories Ltd.,"Unit Price: ৳ 10.00,(50's pack: ৳ 500.00),",(50's pack: ৳ 500.00)
4452,Doxiderm,allopathic,doxidermcream5,Cream,Doxepin (Topical),5%,Incepta Pharmaceuticals Ltd.,30 gm tube: ৳ 120.00,
8345,Doxicon,allopathic,doxiconcapsule100-mg,Capsule,Doxycycline Hydrochloride,100 mg,Medicon Pharmaceuticals Ltd.,"Unit Price: ৳ 2.20,(100's pack: ৳ 220.44),",(100's pack: ৳ 220.44)
8344,Doxico,allopathic,doxicocapsule100-mg,Capsule,Doxycycline Hydrochloride,100 mg,Supreme Pharmaceutical Ltd.,"Unit Price: ৳ 2.15,(100's pack: ৳ 215.00),",(100's pack: ৳ 215.00)
29051,Doxicline,allopathic,doxiclinecapsule100-mg,Capsule,Doxycycline Hydrochloride,100 mg,Ziska Pharmaceuticals Ltd.,"Unit Price: ৳ 2.00,(100's pack: ৳ 200.00),",(100's pack: ৳ 200.00)
30357,Doxicap,allopathic,doxicapcapsule50-mg,Capsule,Doxycycline Hydrochloride,50 mg,Renata Limited,"Unit Price: ৳ 1.42,(50's pack: ৳ 71.00),",(50's pack: ৳ 71.00)
8341,Doxicap,allopathic,doxicapcapsule100-mg,Capsule,Doxycycline Hydrochloride,100 mg,Renata Limited,"Unit Price: ৳ 2.20,(100's pack: ৳ 220.00),",(100's pack: ৳ 220.00)
28718,Doxibac,allopathic,doxibaccapsule100-mg,Capsule,Doxycycline Hydrochloride,100 mg,Popular Pharmaceuticals Ltd.,"Unit Price: ৳ 2.50,(30's pack: ৳ 75.00),",(30's pack: ৳ 75.00)
33082,Doxecure,allopathic,doxecuretablet200-mg,Tablet,Doxophylline,200 mg,DBL Pharmaceuticals Ltd.,"Unit Price: ৳ 6.00,(30's pack: ৳ 180.00),",(30's pack: ৳ 180.00)
29050,Doxcline,allopathic,doxclinecapsule100-mg,Capsule,Doxycycline Hydrochloride,100 mg,Alco Pharma Ltd.,"Unit Price: ৳ 2.01,(100's pack: ৳ 201.00),",(100's pack: ৳ 201.00)
28994,Doxavit,allopathic,doxavittablet-delayed-release10-mg10-mg,Tablet (Delayed Release),Pyridoxine Hydrochloride + Doxylamine Succinate,10 mg+10 mg,Nuvista Pharma Ltd.,"Unit Price: ৳ 5.00,(50's pack: ৳ 250.00),",(50's pack: ৳ 250.00)
16382,Doxair,allopathic,doxairtablet200-mg,Tablet,Doxophylline,200 mg,Jenphar Bangladesh Ltd.,"Unit Price: ৳ 5.00,(50's pack: ৳ 250.00),",(50's pack: ৳ 250.00)
16449,Doxair,allopathic,doxairtablet400-mg,Tablet,Doxophylline,400 mg,Jenphar Bangladesh Ltd.,"Unit Price: ৳ 10.00,(30's pack: ৳ 300.00),",(30's pack: ৳ 300.00)
8338,Doxacin,allopathic,doxacincapsule100-mg,Capsule,Doxycycline Hydrochloride,100 mg,Desh Pharmaceuticals Ltd.,"Unit Price: ৳ 1.55,(100's pack: ৳ 155.00),",(100's pack: ৳ 155.00)
29026,Doxacil,allopathic,doxacilcapsule100-mg,Capsule,Doxycycline Hydrochloride,100 mg,Square Pharmaceuticals Ltd.,"Unit Price: ৳ 2.00,(100's pack: ৳ 200.00),",(100's pack: ৳ 200.00)
1385,Dover,allopathic,dovertablet40-mg,Tablet,Drotaverine,40 mg,Nipa Pharmaceuticals Ltd.,"Unit Price: ৳ 1.75,(100's pack: ৳ 175.00),",(100's pack: ৳ 175.00)
1383,Dot,allopathic,dottablet40-mg,Tablet,Drotaverine,40 mg,ACME Laboratories Ltd.,"Unit Price: ৳ 1.76,(100's pack: ৳ 176.00),",(100's pack: ৳ 176.00)
11704,Dostimid,allopathic,dostimidtablet60-mg,Tablet,Pyridostigmine Bromide,60 mg,UniMed UniHealth,"Unit Price: ৳ 22.00,(14's pack: ৳ 308.00),",(14's pack: ৳ 308.00)
14440,Dos,allopathic,dostablet500-mg200-iu,Tablet,Calcium Carbonate [Elemental source] + Vitamin D3,500 mg+200 IU,Central Pharmaceuticals Ltd.,"Unit Price: ৳ 4.00,(30's pack: ৳ 120.00),",(30's pack: ৳ 120.00)
31179,Dorubin,allopathic,dorubiniv-infusion20-mg4-ml,IV Infusion,Daunorubicin,20 mg/4 ml,Drug International Ltd.,20 mg vial: ৳ 500.00,
22527,Dormitol,allopathic,dormitoltablet75-mg,Tablet,Midazolam,7.5 mg,Square Pharmaceuticals Ltd.,"Unit Price: ৳ 10.03,(30's pack: ৳ 300.90),",(30's pack: ৳ 300.90)
4180,Dormitol,allopathic,dormitolimiv-injection15-mg3-ml,IM/IV Injection,Midazolam,15 mg/3 ml,Square Pharmaceuticals Ltd.,3 ml ampoule: ৳ 120.37,
4336,Dormir,allopathic,dormirtablet05-mg10-mg,Tablet,Flupentixol + Melitracen,0.5 mg+10 mg,Somatec Pharmaceuticals Ltd.,"Unit Price: ৳ 4.00,(50's pack: ৳ 200.00),",(50's pack: ৳ 200.00)
27607,Dormicum,allopathic,dormicumtablet75-mg,Tablet,Midazolam,7.5 mg,Radiant Pharmaceuticals Ltd.,"Unit Price: ৳ 19.56,(30's pack: ৳ 586.80),",(30's pack: ৳ 586.80)
4173,Dormax,allopathic,dormaximiv-injection15-mg3-ml,IM/IV Injection,Midazolam,15 mg/3 ml,Aristopharma Ltd.,3 ml ampoule: ৳ 150.00,
4172,Dormax,allopathic,dormaxtablet75-mg,Tablet,Midazolam,7.5 mg,Aristopharma Ltd.,"Unit Price: ৳ 10.00,(30's pack: ৳ 300.00),",(30's pack: ৳ 300.00)
29939,Doripen,allopathic,doripeniv-infusion250-mgvial,IV Infusion,Doripenem,250 mg/vial,Eskayef Pharmaceuticals Ltd.,"250 mg vial: ৳ 1,300.00",
26816,Doripen,allopathic,doripeniv-infusion500-mgvial,IV Infusion,Doripenem,500 mg/vial,Eskayef Pharmaceuticals Ltd.,"500 mg vial: ৳ 2,000.00",
28216,Acedone-Z Plus,allopathic,acedone-z-pluschewable-tablet400-mg400-mg30-mg,Chewable Tablet,Aluminium Hydroxide + Magnesium Hydroxide + Simethicone,400 mg+400 mg+30 mg,Zenith Pharmaceuticals Ltd.,"Unit Price: ৳ 1.20,(200's pack: ৳ 240.00),",(200's pack: ৳ 240.00)
26613,Doxoma,allopathic,doxomatablet200-mg,Tablet,Doxophylline,200 mg,Drug International Ltd.,"Unit Price: ৳ 4.50,(50's pack: ৳ 225.00),",(50's pack: ৳ 225.00)
26614,Doxoma,allopathic,doxomasyrup100-mg5-ml,Syrup,Doxophylline,100 mg/5 ml,Drug International Ltd.,100 ml bottle: ৳ 95.00,
26724,Doxolator,allopathic,doxolatorsyrup100-mg5-ml,Syrup,Doxophylline,100 mg/5 ml,Ziska Pharmaceuticals Ltd.,100 ml bottle: ৳ 100.00,
26723,Doxolator,allopathic,doxolatortablet400-mg,Tablet,Doxophylline,400 mg,Ziska Pharmaceuticals Ltd.,"Unit Price: ৳ 8.00,(30's pack: ৳ 240.00),",(30's pack: ৳ 240.00)
26722,Doxolator,allopathic,doxolatortablet200-mg,Tablet,Doxophylline,200 mg,Ziska Pharmaceuticals Ltd.,"Unit Price: ৳ 5.00,(50's pack: ৳ 250.00),",(50's pack: ৳ 250.00)
28987,Doxolar,allopathic,doxolartablet200-mg,Tablet,Doxophylline,200 mg,Kumudini Pharma Ltd.,"Unit Price: ৳ 5.00,(30's pack: ৳ 150.00),",(30's pack: ৳ 150.00)
28988,Doxolar,allopathic,doxolartablet400-mg,Tablet,Doxophylline,400 mg,Kumudini Pharma Ltd.,"Unit Price: ৳ 8.00,(30's pack: ৳ 240.00),",(30's pack: ৳ 240.00)
29021,Doxofyl SR,allopathic,doxofyl-srtablet-sustained-release400-mg,Tablet (Sustained Release),Doxophylline,400 mg,Popular Pharmaceuticals Ltd.,"Unit Price: ৳ 10.00,(30's pack: ৳ 300.00),",(30's pack: ৳ 300.00)
26465,Doxofyl,allopathic,doxofylsyrup100-mg5-ml,Syrup,Doxophylline,100 mg/5 ml,Popular Pharmaceuticals Ltd.,100 ml bottle: ৳ 100.00,
26464,Doxofyl,allopathic,doxofyltablet400-mg,Tablet,Doxophylline,400 mg,Popular Pharmaceuticals Ltd.,"Unit Price: ৳ 10.00,(30's pack: ৳ 300.00),",(30's pack: ৳ 300.00)
26463,Doxofyl,allopathic,doxofyltablet200-mg,Tablet,Doxophylline,200 mg,Popular Pharmaceuticals Ltd.,"Unit Price: ৳ 5.00,(30's pack: ৳ 150.00),",(30's pack: ৳ 150.00)
27025,Doxocontin,allopathic,doxocontintablet-controlled-release400-mg,Tablet (Controlled Release),Doxophylline,400 mg,Mundipharma (BD) Pvt. Ltd.,"Unit Price: ৳ 10.00,(30's pack: ৳ 300.00),",(30's pack: ৳ 300.00)
27331,Doxobron,allopathic,doxobrontablet200-mg,Tablet,Doxophylline,200 mg,Team Pharmaceuticals Ltd.,"Unit Price: ৳ 6.00,(50's pack: ৳ 300.00),",(50's pack: ৳ 300.00)
27332,Doxobron,allopathic,doxobrontablet400-mg,Tablet,Doxophylline,400 mg,Team Pharmaceuticals Ltd.,"Unit Price: ৳ 10.00,(50's pack: ৳ 500.00),",(50's pack: ৳ 500.00)
16454,Doxobid,allopathic,doxobidtablet400-mg,Tablet,Doxophylline,400 mg,Delta Pharma Ltd.,"Unit Price: ৳ 6.00,(30's pack: ৳ 180.00),",(30's pack: ৳ 180.00)
27766,Doxobid,allopathic,doxobidtablet200-mg,Tablet,Doxophylline,200 mg,Delta Pharma Ltd.,"Unit Price: ৳ 5.00,(30's pack: ৳ 150.00),",(30's pack: ৳ 150.00)
8351,Doxizen,allopathic,doxizencapsule100-mg,Capsule,Doxycycline Hydrochloride,100 mg,Zenith Pharmaceuticals Ltd.,"Unit Price: ৳ 2.15,(100's pack: ৳ 215.00),",(100's pack: ৳ 215.00)
16453,Doxiva,allopathic,doxivasyrup100-mg5-ml,Syrup,Doxophylline,100 mg/5 ml,NIPRO JMI Pharma Ltd.,100 ml bottle: ৳ 100.00,
16452,Doxiva,allopathic,doxivatablet400-mg,Tablet,Doxophylline,400 mg,NIPRO JMI Pharma Ltd.,"Unit Price: ৳ 10.00,(50's pack: ৳ 500.00),",(50's pack: ৳ 500.00)
16451,Doxiva,allopathic,doxivatablet200-mg,Tablet,Doxophylline,200 mg,NIPRO JMI Pharma Ltd.,"Unit Price: ৳ 6.00,(50's pack: ৳ 300.00),",(50's pack: ৳ 300.00)
8377,Doxisyn,allopathic,doxisyncapsule100-mg,Capsule,Doxycycline Hydrochloride,100 mg,Syntho Laboratories Ltd.,"Unit Price: ৳ 2.00,(100's pack: ৳ 200.00),",(100's pack: ৳ 200.00)
32506,Doxirem,allopathic,doxiremcapsule100-mg,Capsule,Doxycycline Hydrochloride,100 mg,Doctor TIMS Pharmaceuticals Ltd.,"Unit Price: ৳ 2.00,(100's pack: ৳ 200.00),",(100's pack: ৳ 200.00)
8376,Doxipan,allopathic,doxipancapsule100-mg,Capsule,Doxycycline Hydrochloride,100 mg,Salton Pharmaceuticals Ltd.,"Unit Price: ৳ 2.16,(100's pack: ৳ 216.00),",(100's pack: ৳ 216.00)
8350,Doxin,allopathic,doxincapsule100-mg,Capsule,Doxycycline Hydrochloride,100 mg,Opsonin Pharma Ltd.,"Unit Price: ৳ 2.21,(100's pack: ৳ 221.00),",(100's pack: ৳ 221.00)
8349,Doxin,allopathic,doxincapsule50-mg,Capsule,Doxycycline Hydrochloride,50 mg,Opsonin Pharma Ltd.,"Unit Price: ৳ 1.43,(50's pack: ৳ 71.50),",(50's pack: ৳ 71.50)
8348,Doximet,allopathic,doximetcapsule100-mg,Capsule,Doxycycline Hydrochloride,100 mg,Medimet Pharmaceuticals Ltd.,"Unit Price: ৳ 2.50,(100's pack: ৳ 250.00),",(100's pack: ৳ 250.00)
16450,Doximar,allopathic,doximartablet400-mg,Tablet,Doxophylline,400 mg,ACI Limited,"Unit Price: ৳ 8.00,(50's pack: ৳ 400.00),",(50's pack: ৳ 400.00)
26350,Doximar,allopathic,doximartablet200-mg,Tablet,Doxophylline,200 mg,ACI Limited,"Unit Price: ৳ 6.00,(50's pack: ৳ 300.00),",(50's pack: ৳ 300.00)
26351,Doximar,allopathic,doximarsyrup100-mg5-ml,Syrup,Doxophylline,100 mg/5 ml,ACI Limited,100 ml bottle: ৳ 130.00,
28029,Doxilin,allopathic,doxilincapsule100-mg,Capsule,Doxycycline Hydrochloride,100 mg,Ambee Pharmaceuticals Ltd.,"Unit Price: ৳ 2.13,(100's pack: ৳ 212.66),",(100's pack: ৳ 212.66)
17562,Acedone-Z Plus,allopathic,acedone-z-plusoral-suspension400-mg400-mg30-mg5-ml,Oral Suspension,Aluminium Hydroxide + Magnesium Hydroxide + Simethicone,(400 mg+400 mg+30 mg)/5 ml,Zenith Pharmaceuticals Ltd.,200 ml bottle: ৳ 55.00,
447,Dricare,allopathic,dricaretopical-solution20,Topical Solution,Aluminium Chloride Hexahydrate,20%,Ziska Pharmaceuticals Ltd.,50 ml spray bottle: ৳ 220.00,
15209,DPT Vaccine,allopathic,dpt-vaccineinjection05-ml,Injection,Diphtheria + Pertussis + Tetanus [DPT],0.5 ml,Chairon SPA,Unit Price: ৳ 15.35,
1567,DP-Done,allopathic,dp-donetablet10-mg,Tablet,Domperidone Maleate,10 mg,Central Pharmaceuticals Ltd.,"Unit Price: ৳ 2.00,(100's pack: ৳ 200.00),",(100's pack: ৳ 200.00)
1568,DP-Done,allopathic,dp-doneoral-suspension5-mg5-ml,Oral Suspension,Domperidone Maleate,5 mg/5 ml,Central Pharmaceuticals Ltd.,60 ml bottle: ৳ 28.00,
29052,Doxyzen,allopathic,doxyzencapsule100-mg,Capsule,Doxycycline Hydrochloride,100 mg,Zenith Pharmaceuticals Ltd.,"Unit Price: ৳ 2.15,(100's pack: ৳ 215.00),",(100's pack: ৳ 215.00)
8356,Doxyson,allopathic,doxysoncapsule100-mg,Capsule,Doxycycline Hydrochloride,100 mg,Hudson Pharmaceuticals Ltd.,"Unit Price: ৳ 1.90,(100's pack: ৳ 190.00),",(100's pack: ৳ 190.00)
8355,Doxysina,allopathic,doxysinacapsule100-mg,Capsule,Doxycycline Hydrochloride,100 mg,Ibn Sina Pharmaceuticals Ltd.,"Unit Price: ৳ 2.03,(100's pack: ৳ 203.00),",(100's pack: ৳ 203.00)
8379,Doxylin,allopathic,doxylincapsule100-mg,Capsule,Doxycycline Hydrochloride,100 mg,Skylab Pharmaceuticals Ltd.,"Unit Price: ৳ 2.17,(100's pack: ৳ 217.00),",(100's pack: ৳ 217.00)
8373,Doxycin,allopathic,doxycincapsule100-mg,Capsule,Doxycycline Hydrochloride,100 mg,Cosmic Pharma Ltd.,"Unit Price: ৳ 2.10,(100's pack: ৳ 210.00),",(100's pack: ৳ 210.00)
8353,Doxy-A,allopathic,doxy-acapsule100-mg,Capsule,Doxycycline Hydrochloride,100 mg,ACME Laboratories Ltd.,"Unit Price: ৳ 2.20,(100's pack: ৳ 220.00),",(100's pack: ৳ 220.00)
8352,Doxseem,allopathic,doxseemcapsule100-mg,Capsule,Doxycycline Hydrochloride,100 mg,Seema Pharmaceuticals Ltd.,"Unit Price: ৳ 2.50,(100's pack: ৳ 250.00),",(100's pack: ৳ 250.00)
27402,Doxpro,allopathic,doxprocapsule100-mg,Capsule,Doxycycline Hydrochloride,100 mg,Premier Pharmaceuticals Ltd.,"Unit Price: ৳ 2.00,(100's pack: ৳ 200.00),",(100's pack: ৳ 200.00)
26389,Doxoven,allopathic,doxoventablet200-mg,Tablet,Doxophylline,200 mg,Beacon Pharmaceuticals Ltd.,"Unit Price: ৳ 6.00,(30's pack: ৳ 180.00),,Unit Price: ৳ 6.00,(60's pack: ৳ 360.00),,Unit Price: ৳ 6.00,(100's pack: ৳ 600.00),","(30's pack: ৳ 180.00),(60's pack: ৳ 360.00),(100's pack: ৳ 600.00)"
26390,Doxoven,allopathic,doxovensyrup100-mg5-ml,Syrup,Doxophylline,100 mg/5 ml,Beacon Pharmaceuticals Ltd.,"100 ml bottle: ৳ 100.00,60 ml bottle: ৳ 60.00",
16456,Doxoven,allopathic,doxoventablet400-mg,Tablet,Doxophylline,400 mg,Beacon Pharmaceuticals Ltd.,"Unit Price: ৳ 10.00,(30's pack: ৳ 300.00),",(30's pack: ৳ 300.00)
29798,Doxotor,allopathic,doxotoriv-infusion2-mgml,IV Infusion,Doxorubicin Hydrochloride,2 mg/ml,Eskayef Pharmaceuticals Ltd.,"10 mg vial: ৳ 300.00,50 mg vial: ৳ 1,000.00",
15030,Doxorubicin HEXAL,allopathic,doxorubicin-hexaliv-infusion2-mgml,IV Infusion,Doxorubicin Hydrochloride,2 mg/ml,SANDOZ (A Novartis Division),"10 mg vial: ৳ 540.27,50 mg vial: ৳ 1,534.10,100 mg vial: ৳ 2,534.60",
15028,Doxorub,allopathic,doxorubiv-infusion2-mgml,IV Infusion,Doxorubicin Hydrochloride,2 mg/ml,Techno Drugs Ltd.,"10 mg vial: ৳ 350.00,50 mg vial: ৳ 950.00",
29517,Doxorin SR,allopathic,doxorin-srtablet-sustained-release400-mg,Tablet (Sustained Release),Doxophylline,400 mg,Opsonin Pharma Ltd.,"Unit Price: ৳ 10.00,(30's pack: ৳ 300.00),",(30's pack: ৳ 300.00)
29350,Doxorin,allopathic,doxorinsyrup100-mg5-ml,Syrup,Doxophylline,100 mg/5 ml,Opsonin Pharma Ltd.,100 ml bottle: ৳ 100.00,
27043,Doxorin,allopathic,doxorintablet200-mg,Tablet,Doxophylline,200 mg,Opsonin Pharma Ltd.,"Unit Price: ৳ 5.50,(30's pack: ৳ 165.00),",(30's pack: ৳ 165.00)
27044,Doxorin,allopathic,doxorintablet400-mg,Tablet,Doxophylline,400 mg,Opsonin Pharma Ltd.,"Unit Price: ৳ 9.00,(30's pack: ৳ 270.00),",(30's pack: ৳ 270.00)
27961,Doxorif,allopathic,doxorifsyrup100-mg5-ml,Syrup,Doxophylline,100 mg/5 ml,Sharif Pharmaceuticals Ltd.,100 ml bottle: ৳ 100.00,
27960,Doxorif,allopathic,doxoriftablet400-mg,Tablet,Doxophylline,400 mg,Sharif Pharmaceuticals Ltd.,"Unit Price: ৳ 8.00,(20's pack: ৳ 160.00),",(20's pack: ৳ 160.00)
27959,Doxorif,allopathic,doxoriftablet200-mg,Tablet,Doxophylline,200 mg,Sharif Pharmaceuticals Ltd.,"Unit Price: ৳ 5.00,(30's pack: ৳ 150.00),",(30's pack: ৳ 150.00)
32010,Doxonil,allopathic,doxoniltablet400-mg,Tablet,Doxophylline,400 mg,Medicon Pharmaceuticals Ltd.,"Unit Price: ৳ 8.00,(30's pack: ৳ 240.00),",(30's pack: ৳ 240.00)
32011,Doxonil,allopathic,doxonilsyrup100-mg5-ml,Syrup,Doxophylline,100 mg/5 ml,Medicon Pharmaceuticals Ltd.,100 ml bottle: ৳ 100.00,
31351,Doxomate,allopathic,doxomatetablet200-mg,Tablet,Doxophylline,200 mg,Pacific Pharmaceuticals Ltd.,"Unit Price: ৳ 6.00,(50's pack: ৳ 300.00),",(50's pack: ৳ 300.00)
31352,Doxomate,allopathic,doxomatetablet400-mg,Tablet,Doxophylline,400 mg,Pacific Pharmaceuticals Ltd.,"Unit Price: ৳ 10.00,(30's pack: ৳ 300.00),",(30's pack: ৳ 300.00)
17552,Acedone-Z,allopathic,acedone-zchewable-tablet250-mg400-mg,Chewable Tablet,Aluminium Hydroxide + Magnesium Hydroxide,250 mg+400 mg,Zenith Pharmaceuticals Ltd.,"Unit Price: ৳ 0.42,(250's pack: ৳ 106.00),",(250's pack: ৳ 106.00)
17364,Acedol SR,allopathic,acedol-srtablet-sustained-release200-mg,Tablet (Sustained Release),Aceclofenac,200 mg,Concord Pharmaceuticals Ltd.,"Unit Price: ৳ 7.00,(50's pack: ৳ 350.00),",(50's pack: ৳ 350.00)
19677,Dulong,allopathic,dulongtablet30-mg,Tablet,Dapoxetine Hydrochloride,30 mg,Radiant Pharmaceuticals Ltd.,"Unit Price: ৳ 30.00,(20's pack: ৳ 600.00),",(20's pack: ৳ 600.00)
29994,Dulamet,allopathic,dulametinhaler100-mcg5-mcgpuff,Inhaler,Mometasone Furoate + Formoterol Fumarate,(100 mcg+5 mcg)/puff,Square Pharmaceuticals Ltd.,120 puffs: ৳ 695.00,
29995,Dulamet,allopathic,dulametinhaler200-mcg5-mcgpuff,Inhaler,Mometasone Furoate + Formoterol Fumarate,(200 mcg+5 mcg)/puff,Square Pharmaceuticals Ltd.,120 puffs: ৳ 895.00,
21355,Dulac,allopathic,dulacoral-solution335-gm5-ml,Oral Solution,Lactulose,3.35 gm/5 ml,Chemist Laboratories  Ltd.,120 ml bottle: ৳ 150.00,
15205,Dukoral,allopathic,dukoraloral-suspension3-mlvial,Oral Suspension,Oral Cholera Vaccine,3 ml/vial,Valneva,"3 ml vial: ৳ 1,900.00,(2's pack: ৳ 3,800.00),","(2's pack: ৳ 3,800.00)"
1689,Dugal,allopathic,dugaltablet150-mg,Tablet,Ranitidine Hydrochloride,150 mg,Reman Drug Laboratories Ltd.,"Unit Price: ৳ 0.77,(150's pack: ৳ 115.00),",(150's pack: ৳ 115.00)
10581,Duet,allopathic,duettablet500-mg65-mg,Tablet,Paracetamol + Caffeine,500 mg+65 mg,Silva Pharmaceuticals Ltd.,"Unit Price: ৳ 2.50,(200's pack: ৳ 500.00),",(200's pack: ৳ 500.00)
1570,Dudon,allopathic,dudonoral-suspension5-mg5-ml,Oral Suspension,Domperidone Maleate,5 mg/5 ml,Kumudini Pharma Ltd.,60 ml bottle: ৳ 28.00,
1569,Dudon,allopathic,dudontablet10-mg,Tablet,Domperidone Maleate,10 mg,Kumudini Pharma Ltd.,"Unit Price: ৳ 2.00,(100's pack: ৳ 200.00),",(100's pack: ৳ 200.00)
21424,Dualvir,allopathic,dualvirtablet90-mg400-mg,Tablet,Ledipasvir + Sofosbuvir,90 mg+400 mg,Aristopharma Ltd.,"Unit Price: ৳ 1,000.00,(7's pack: ৳ 7,000.00),,Unit Price: ৳ 1,000.00,(28's pack: ৳ 28,000.00),","(7's pack: ৳ 7,000.00),(28's pack: ৳ 28,000.00)"
10580,Dual,allopathic,dualtablet500-mg65-mg,Tablet,Paracetamol + Caffeine,500 mg+65 mg,Medicon Pharmaceuticals Ltd.,"Unit Price: ৳ 1.99,(100's pack: ৳ 198.85),",(100's pack: ৳ 198.85)
12770,Duac,allopathic,duactopical-gel15,Topical Gel,Clindamycin + Benzoyl peroxide,1%+5%,GlaxoSmithKline,25 gm tube: ৳ 698.00,
26615,Dsec,allopathic,dseccapsule-delayed-release30-mg,Capsule (Delayed Release),Dexlansoprazole,30 mg,Drug International Ltd.,"Unit Price: ৳ 10.00,(30's pack: ৳ 300.00),",(30's pack: ৳ 300.00)
26616,Dsec,allopathic,dseccapsule-delayed-release60-mg,Capsule (Delayed Release),Dexlansoprazole,60 mg,Drug International Ltd.,"Unit Price: ৳ 18.00,(28's pack: ৳ 504.00),",(28's pack: ৳ 504.00)
16154,Drylief,allopathic,dryliefophthalmic-solution1,Ophthalmic Solution,Carboxymethylcellulose Sodium,1%,Aristopharma Ltd.,10 ml drop: ৳ 275.00,
31612,Drycofix,allopathic,drycofixsyrup75-mg5-ml,Syrup,Butamirate Citrate,7.5 mg/5 ml,DBL Pharmaceuticals Ltd.,100 ml bottle: ৳ 80.00,
17350,Drucil,allopathic,druciliv-injection-or-infusion25-mgml,IV Injection or Infusion,Fluorouracil,25 mg/ml,Healthcare Pharmaceuticals Ltd.,"250 mg vial: ৳ 100.00,500 mg vial: ৳ 150.00",
6749,Droxil,allopathic,droxilcapsule500-mg,Capsule,Cefadroxil Monohydrate,500 mg,Rangs Pharmaceuticals Ltd.,"Unit Price: ৳ 12.03,(20's pack: ৳ 240.60),",(20's pack: ৳ 240.60)
27801,Droxil,allopathic,droxilpediatric-drops125-mg125-ml,Pediatric Drops,Cefadroxil Monohydrate,125 mg/1.25 ml,Rangs Pharmaceuticals Ltd.,15 ml bottle: ৳ 50.15,
27800,Droxil,allopathic,droxilpowder-for-suspension125-mg5-ml,Powder for Suspension,Cefadroxil Monohydrate,125 mg/5 ml,Rangs Pharmaceuticals Ltd.,100 ml bottle: ৳ 70.21,
28128,Droxigel Plus,allopathic,droxigel-plusoral-suspension200-mg400-mg30-mg5-ml,Oral Suspension,Aluminium Hydroxide + Magnesium Hydroxide + Simethicone,(200 mg+400 mg+30 mg)/5 ml,Modern Pharmaceuticals Ltd.,200 ml bottle: ৳ 65.00,
498,Droxigel Plus,allopathic,droxigel-pluschewable-tablet200-mg200-mg30-mg,Chewable Tablet,Aluminium Hydroxide + Magnesium Hydroxide + Simethicone,200 mg+200 mg+30 mg,Modern Pharmaceuticals Ltd.,"Unit Price: ৳ 0.79,(200's pack: ৳ 158.00),",(200's pack: ৳ 158.00)
30160,Drotapan,allopathic,drotapantablet40-mg,Tablet,Drotaverine,40 mg,Incepta Pharmaceuticals Ltd.,"Unit Price: ৳ 1.75,(100's pack: ৳ 175.00),",(100's pack: ৳ 175.00)
1386,Drota,allopathic,drotatablet40-mg,Tablet,Drotaverine,40 mg,Hallmark Pharmaceuticals Ltd.,"Unit Price: ৳ 1.76,(100's pack: ৳ 176.00),",(100's pack: ৳ 176.00)
29500,Drospi,allopathic,drospitablet4-mg,Tablet,Drospirenone,4 mg,Nuvista Pharma Ltd.,Price Unavailable,
32397,Droslyn,allopathic,droslyntablet4-mg,Tablet,Drospirenone,4 mg,Incepta Pharmaceuticals Ltd.,Price Unavailable,
29385,Droscon,allopathic,droscontablet003-mg3-mg,Tablet,Ethinyl Estradiol + Drospirenone (21 tablet),0.03 mg+3 mg,ACME Laboratories Ltd.,(21 light yellow+7 white) tablet: ৳ 399.00,
29018,Droniva,allopathic,dronivatablet150-mg,Tablet,Ibandronic Acid,150 mg,Navana Pharmaceuticals Ltd.,1 tablet kit: ৳ 700.00,
14947,Drometa,allopathic,drometaiv-infusion4-mg5-ml,IV Infusion,Zoledronic Acid [For hypercalcemia],4 mg/5 ml,Incepta Pharmaceuticals Ltd.,"4 mg vial: ৳ 5,000.00",
19764,Drikof,allopathic,drikofsyrup10-mg5-ml,Syrup,Dextromethorphan Hydrobromide,10 mg/5 ml,Chemist Laboratories  Ltd.,100 ml bottle: ৳ 40.00,
15,Acedol,allopathic,acedoltablet100-mg,Tablet,Aceclofenac,100 mg,Concord Pharmaceuticals Ltd.,"Unit Price: ৳ 4.01,(100's pack: ৳ 401.00),",(100's pack: ৳ 401.00)
5897,Duphaston,allopathic,duphastontablet10-mg,Tablet,Dydrogesterone,10 mg,Abbott Laboratories,"Unit Price: ৳ 29.81,(20's pack: ৳ 596.20),",(20's pack: ৳ 596.20)
30507,Duovas,allopathic,duovastablet5-mg40-mg,Tablet,Amlodipine Besilate + Olmesartan Medoxomil,5 mg+40 mg,Radiant Pharmaceuticals Ltd.,"Unit Price: ৳ 20.00,(28's pack: ৳ 560.00),",(28's pack: ৳ 560.00)
17772,Duovas,allopathic,duovastablet5-mg20-mg,Tablet,Amlodipine Besilate + Olmesartan Medoxomil,5 mg+20 mg,Radiant Pharmaceuticals Ltd.,"Unit Price: ৳ 12.00,(42's pack: ৳ 504.00),",(42's pack: ৳ 504.00)
17765,Duopres,allopathic,duoprestablet5-mg20-mg,Tablet,Amlodipine Besilate + Olmesartan Medoxomil,5 mg+20 mg,Incepta Pharmaceuticals Ltd.,"Unit Price: ৳ 9.00,(30's pack: ৳ 270.00),",(30's pack: ৳ 270.00)
17766,Duopres,allopathic,duoprestablet5-mg40-mg,Tablet,Amlodipine Besilate + Olmesartan Medoxomil,5 mg+40 mg,Incepta Pharmaceuticals Ltd.,"Unit Price: ৳ 14.00,(30's pack: ৳ 420.00),",(30's pack: ৳ 420.00)
17506,Duomeal,allopathic,duomealoral-suspension175-mg225-mg5-ml,Oral Suspension,Aluminium Hydroxide + Magnesium Hydroxide,(175 mg+225 mg)/5 ml,Ad-din Pharmaceuticals Ltd.,200 ml bottle: ৳ 40.00,
466,Duomeal,allopathic,duomealchewable-tablet250-mg400-mg,Chewable Tablet,Aluminium Hydroxide + Magnesium Hydroxide,250 mg+400 mg,Ad-din Pharmaceuticals Ltd.,"Unit Price: ৳ 0.53,(200's pack: ৳ 106.00),",(200's pack: ৳ 106.00)
21967,Duolax,allopathic,duolaxoral-emulsion300-mg125-ml5-ml,Oral Emulsion,Magnesium Hydroxide + Liquid Paraffin,(300 mg+1.25 ml)/5 ml,Square Pharmaceuticals Ltd.,100 ml bottle: ৳ 95.29,
13070,Duoflam,allopathic,duoflamtopical-solution167167,Topical Solution,Salicylic Acid + Lactic Acid,16.7%+16.7%,GlaxoSmithKline,15 ml bottle: ৳ 265.13,
11583,Duofix,allopathic,duofixtablet-delayed-release500-mg20-mg,Tablet (Delayed Release),Naproxen Sodium + Esomeprazole Magnesium,500 mg+20 mg,Opso Saline Ltd.,"Unit Price: ৳ 10.00,(30's pack: ৳ 300.00),",(30's pack: ৳ 300.00)
11582,Duofix,allopathic,duofixtablet-delayed-release375-mg20-mg,Tablet (Delayed Release),Naproxen Sodium + Esomeprazole Magnesium,375 mg+20 mg,Opso Saline Ltd.,"Unit Price: ৳ 8.00,(30's pack: ৳ 240.00),",(30's pack: ৳ 240.00)
13071,Duofilm,allopathic,duofilmtopical-solution167167,Topical Solution,Salicylic Acid + Lactic Acid,16.7%+16.7%,Stiefel Laboratories Ltd.,15 ml bottle: ৳ 296.95,
32890,Duodart,allopathic,duodartcapsule04-mg05-mg,Capsule,Tamsulosin Hydrochloride + Dutasteride,0.4 mg+0.5 mg,Nuvista Pharma Ltd.,Unit Price: ৳ 20.00,
25981,Duocard,allopathic,duocardtablet5-mg,Tablet,Cilnidipine,5 mg,ACME Laboratories Ltd.,"Unit Price: ৳ 7.00,(30's pack: ৳ 210.00),",(30's pack: ৳ 210.00)
25982,Duocard,allopathic,duocardtablet10-mg,Tablet,Cilnidipine,10 mg,ACME Laboratories Ltd.,"Unit Price: ৳ 9.00,(30's pack: ৳ 270.00),",(30's pack: ৳ 270.00)
17757,Duoblock,allopathic,duoblocktablet5-mg20-mg,Tablet,Amlodipine Besilate + Olmesartan Medoxomil,5 mg+20 mg,Aristopharma Ltd.,"Unit Price: ৳ 10.00,(30's pack: ৳ 300.00),",(30's pack: ৳ 300.00)
17758,Duoblock,allopathic,duoblocktablet5-mg40-mg,Tablet,Amlodipine Besilate + Olmesartan Medoxomil,5 mg+40 mg,Aristopharma Ltd.,"Unit Price: ৳ 17.00,(30's pack: ৳ 510.00),",(30's pack: ৳ 510.00)
16361,Duo-5 LS,allopathic,duo-5-lstablet100-mg625-mg,Tablet,Cefpodoxime Proxetil + Clavulanic Acid,100 mg+62.5 mg,Incepta Pharmaceuticals Ltd.,"Unit Price: ৳ 25.00,(12's pack: ৳ 300.00),",(12's pack: ৳ 300.00)
16362,Duo-5,allopathic,duo-5tablet200-mg125-mg,Tablet,Cefpodoxime Proxetil + Clavulanic Acid,200 mg+125 mg,Incepta Pharmaceuticals Ltd.,"Unit Price: ৳ 40.00,(12's pack: ৳ 480.00),",(12's pack: ৳ 480.00)
16395,Dumax,allopathic,dumaxtablet30-mg,Tablet,Dapoxetine Hydrochloride,30 mg,Eskayef Pharmaceuticals Ltd.,"Unit Price: ৳ 30.00,(8's pack: ৳ 240.00),,Unit Price: ৳ 30.00,(20's pack: ৳ 600.00),","(8's pack: ৳ 240.00),(20's pack: ৳ 600.00)"
16396,Dumax,allopathic,dumaxtablet60-mg,Tablet,Dapoxetine Hydrochloride,60 mg,Eskayef Pharmaceuticals Ltd.,"Unit Price: ৳ 50.00,(4's pack: ৳ 200.00),,Unit Price: ৳ 50.00,(12's pack: ৳ 600.00),","(4's pack: ৳ 200.00),(12's pack: ৳ 600.00)"
9254,Dumaflox,allopathic,dumafloxtablet250-mg,Tablet,Ciprofloxacin,250 mg,Alco Pharma Ltd.,"Unit Price: ৳ 7.52,(30's pack: ৳ 225.60),",(30's pack: ৳ 225.60)
9255,Dumaflox,allopathic,dumafloxtablet500-mg,Tablet,Ciprofloxacin,500 mg,Alco Pharma Ltd.,"Unit Price: ৳ 10.03,(30's pack: ৳ 300.90),",(30's pack: ৳ 300.90)
9256,Dumaflox,allopathic,dumafloxtablet750-mg,Tablet,Ciprofloxacin,750 mg,Alco Pharma Ltd.,"Unit Price: ৳ 12.04,(20's pack: ৳ 240.80),",(20's pack: ৳ 240.80)
9257,Dumaflox,allopathic,dumafloxpowder-for-suspension250-mg5-ml,Powder for Suspension,Ciprofloxacin,250 mg/5 ml,Alco Pharma Ltd.,60 ml bottle: ৳ 100.00,
4499,Duloxen,allopathic,duloxentablet-delayed-release20-mg,Tablet (Delayed Release),Duloxetine Hydrochloride,20 mg,Incepta Pharmaceuticals Ltd.,"Unit Price: ৳ 7.00,(30's pack: ৳ 210.00),",(30's pack: ৳ 210.00)
4500,Duloxen,allopathic,duloxentablet-delayed-release30-mg,Tablet (Delayed Release),Duloxetine Hydrochloride,30 mg,Incepta Pharmaceuticals Ltd.,"Unit Price: ৳ 10.00,(30's pack: ৳ 300.00),",(30's pack: ৳ 300.00)
32352,Duloxen,allopathic,duloxentablet-delayed-release60-mg,Tablet (Delayed Release),Duloxetine Hydrochloride,60 mg,Incepta Pharmaceuticals Ltd.,"Unit Price: ৳ 16.00,(30's pack: ৳ 480.00),",(30's pack: ৳ 480.00)
4498,Dulox,allopathic,duloxtablet-delayed-release30-mg,Tablet (Delayed Release),Duloxetine Hydrochloride,30 mg,ACME Laboratories Ltd.,"Unit Price: ৳ 10.07,(30's pack: ৳ 302.10),",(30's pack: ৳ 302.10)
4497,Dulox,allopathic,duloxtablet-delayed-release20-mg,Tablet (Delayed Release),Duloxetine Hydrochloride,20 mg,ACME Laboratories Ltd.,"Unit Price: ৳ 7.04,(30's pack: ৳ 211.20),",(30's pack: ৳ 211.20)
14,Acecol,allopathic,acecoltablet100-mg,Tablet,Aceclofenac,100 mg,Ziska Pharmaceuticals Ltd.,"Unit Price: ৳ 3.00,(50's pack: ৳ 150.00),",(50's pack: ৳ 150.00)
19309,Dydroton,allopathic,dydrotontablet25-mg,Tablet,Chlorthalidone,25 mg,UniMed UniHealth,"Unit Price: ৳ 6.00,(30's pack: ৳ 180.00),",(30's pack: ৳ 180.00)
30887,Dydron,allopathic,dydrontablet10-mg,Tablet,Dydrogesterone,10 mg,Nuvista Pharma Ltd.,"Unit Price: ৳ 30.00,(20's pack: ৳ 600.00),",(20's pack: ৳ 600.00)
13121,Dyaferon,allopathic,dyaferonsyrup200-mg5-ml,Syrup,Ferrous Sulfate,200 mg/5 ml,Doctor’s Chemical Works Ltd.,200 ml bottle: ৳ 25.00,
7765,Dxproxil,allopathic,dxproxilpowder-for-suspension40-mg5-ml,Powder for Suspension,Cefpodoxime Proxetil,40 mg/5 ml,Monicopharma Ltd.,50 ml bottle: ৳ 98.00,
30085,DXC,allopathic,dxccapsule100-mg,Capsule,Doxycycline Hydrochloride,100 mg,UniMed UniHealth,"Unit Price: ৳ 2.50,(50's pack: ৳ 125.00),",(50's pack: ৳ 125.00)
4501,Duzela,allopathic,duzelacapsule-delayed-release20-mg,Capsule (Delayed Release),Duloxetine Hydrochloride,20 mg,Sun Pharmaceutical Ltd.,"Unit Price: ৳ 7.07,(50's pack: ৳ 353.50),",(50's pack: ৳ 353.50)
27718,Duxol,allopathic,duxolophthalmic-emulsion005,Ophthalmic Emulsion,Difluprednate,0.05%,Opso Saline Ltd.,5 ml drop: ৳ 180.00,
21428,Duvir,allopathic,duvirtablet90-mg400-mg,Tablet,Ledipasvir + Sofosbuvir,90 mg+400 mg,UniMed UniHealth,"Unit Price: ৳ 1,200.00",
12907,Duvent,allopathic,duventtablet10-mg,Tablet,Rupatadine Fumarate,10 mg,Beximco Pharmaceuticals Ltd.,"Unit Price: ৳ 10.00,(30's pack: ৳ 300.00),",(30's pack: ৳ 300.00)
12906,Duvent,allopathic,duventoral-solution5-mg5-ml,Oral Solution,Rupatadine Fumarate,5 mg/5 ml,Beximco Pharmaceuticals Ltd.,50 ml bottle: ৳ 60.00,
15574,Dutamax,allopathic,dutamaxcapsule05-mg,Capsule,Dutasteride,0.5 mg,Drug International Ltd.,"Unit Price: ৳ 12.04,(21's pack: ৳ 252.84),",(21's pack: ৳ 252.84)
15464,Durogesic,allopathic,durogesictransdermal-patch25-mcghour,Transdermal Patch,Fentanyl Citrate,25 mcg/hour,Janssen-Cilag,"Unit Price: ৳ 650.03,(5's pack: ৳ 3,250.15),","(5's pack: ৳ 3,250.15)"
15463,Durogesic,allopathic,durogesictransdermal-patch50-mcghour,Transdermal Patch,Fentanyl Citrate,50 mcg/hour,Janssen-Cilag,"Unit Price: ৳ 1,293.21,(5's pack: ৳ 6,466.05),","(5's pack: ৳ 6,466.05)"
184,Duric,allopathic,durictablet100-mg,Tablet,Allopurinol,100 mg,Opsonin Pharma Ltd.,"Unit Price: ৳ 4.02,(50's pack: ৳ 201.00),",(50's pack: ৳ 201.00)
307,Durazol,allopathic,durazoloral-suspension200-mg5-ml,Oral Suspension,Albendazole,200 mg/5 ml,Millat Pharmaceuticals Ltd.,10 ml bottle: ৳ 15.00,
308,Durazol,allopathic,durazolchewable-tablet400-mg,Chewable Tablet,Albendazole,400 mg,Millat Pharmaceuticals Ltd.,"Unit Price: ৳ 4.00,(50's pack: ৳ 200.00),",(50's pack: ৳ 200.00)
16541,Duratocin,allopathic,duratociniv-injection100-mcgml,IV Injection,Carbetocin,100 mcg/ml,Beacon Pharmaceuticals Ltd.,1 ml ampoule: ৳ 150.45,
1690,Duran,allopathic,duransyrup75-mg5-ml,Syrup,Ranitidine Hydrochloride,75 mg/5 ml,Techno Drugs Ltd.,100 ml bottle: ৳ 44.79,
1691,Duran,allopathic,duraniv-infusion50-mg100-ml,IV Infusion,Ranitidine Hydrochloride,50 mg/100 ml,Techno Drugs Ltd.,100 ml bottle: ৳ 59.72,
24196,Duran,allopathic,durantablet150-mg,Tablet,Ranitidine Hydrochloride,150 mg,Techno Drugs Ltd.,"Unit Price: ৳ 1.99,(100's pack: ৳ 199.07),",(100's pack: ৳ 199.07)
2367,Duralax,allopathic,duralaxtablet5-mg,Tablet,Bisacodyl,5 mg,Opsonin Pharma Ltd.,"Unit Price: ৳ 0.71,(200's pack: ৳ 142.00),",(200's pack: ৳ 142.00)
29785,Duracef-Max,allopathic,duracef-maxpowder-for-suspension500-mg5-ml,Powder for Suspension,Cefixime Trihydrate,500 mg/5 ml,Navana Pharmaceuticals Ltd.,"10 ml bottle: ৳ 207.50,20 ml bottle: ৳ 316.18",
18773,Duracef DS,allopathic,duracef-dspowder-for-suspension200-mg5-ml,Powder for Suspension,Cefixime Trihydrate,200 mg/5 ml,Navana Pharmaceuticals Ltd.,50 ml bottle: ৳ 280.84,
7547,Duracef,allopathic,duracefcapsule200-mg,Capsule,Cefixime Trihydrate,200 mg,Navana Pharmaceuticals Ltd.,"Unit Price: ৳ 35.00,(12's pack: ৳ 420.00),",(12's pack: ৳ 420.00)
7548,Duracef,allopathic,duracefcapsule400-mg,Capsule,Cefixime Trihydrate,400 mg,Navana Pharmaceuticals Ltd.,"Unit Price: ৳ 50.14,(12's pack: ৳ 601.73),",(12's pack: ৳ 601.73)
7549,Duracef,allopathic,duracefpowder-for-suspension100-mg5-ml,Powder for Suspension,Cefixime Trihydrate,100 mg/5 ml,Navana Pharmaceuticals Ltd.,"30 ml bottle: ৳ 128.00,50 ml bottle: ৳ 208.00",
28480,Duracef,allopathic,duraceftablet200-mg,Tablet,Cefixime Trihydrate,200 mg,Navana Pharmaceuticals Ltd.,"Unit Price: ৳ 35.00,(12's pack: ৳ 420.00),",(12's pack: ৳ 420.00)
18774,Duracef,allopathic,duracefpediatric-drops25-mgml,Pediatric Drops,Cefixime Trihydrate,25 mg/ml,Navana Pharmaceuticals Ltd.,21 ml bottle: ৳ 100.00,
15528,Duracain,allopathic,duracainintraspinal-injection058,Intraspinal Injection,Bupivacaine Hydrochloride + Dextrose,0.5%+8%,Techno Drugs Ltd.,"4 ml ampoule: ৳ 30.00,(5's pack: ৳ 150.00),",(5's pack: ৳ 150.00)
22723,Durabolin,allopathic,durabolinim-injection25-mgml,IM Injection,Nandrolone Phenylpropionate,25 mg/ml,Nuvista Pharma Ltd.,"1 ml ampoule: ৳ 87.16,(5's pack: ৳ 435.80),",(5's pack: ৳ 435.80)
13,Aceclora,allopathic,acecloratablet100-mg,Tablet,Aceclofenac,100 mg,Marksman Pharmaceuticals Ltd.,"Unit Price: ৳ 3.02,(50's pack: ৳ 151.00),",(50's pack: ৳ 151.00)
2381,E-Lax,allopathic,e-laxoral-solution335-gm5-ml,Oral Solution,Lactulose,3.35 gm/5 ml,Edruc Limited,100 ml bottle: ৳ 100.00,
18370,E-Hexin,allopathic,e-hexintablet16-mg,Tablet,Bromhexine Hydrochloride,16 mg,Ethical Drug Ltd.,"Unit Price: ৳ 2.00,(100's pack: ৳ 200.00),",(100's pack: ৳ 200.00)
28067,E-Hexin,allopathic,e-hexinsyrup4-mg5-ml,Syrup,Bromhexine Hydrochloride,4 mg/5 ml,Ethical Drug Ltd.,100 ml bottle: ৳ 40.00,
6236,E-Flu,allopathic,e-flupowder-for-suspension125-mg5-ml,Powder for Suspension,Flucloxacillin Sodium,125 mg/5 ml,Edruc Limited,100 ml bottle: ৳ 60.00,
6235,E-Flu,allopathic,e-flucapsule500-mg,Capsule,Flucloxacillin Sodium,500 mg,Edruc Limited,"Unit Price: ৳ 11.10,(20's pack: ৳ 222.00),",(20's pack: ৳ 222.00)
11005,E-Fenac,allopathic,e-fenactablet50-mg,Tablet,Diclofenac Sodium,50 mg,Reliance Pharmaceuticals Ltd.,"Unit Price: ৳ 0.50,(100's pack: ৳ 50.00),",(100's pack: ৳ 50.00)
8357,E-Doxy,allopathic,e-doxycapsule100-mg,Capsule,Doxycycline Hydrochloride,100 mg,Edruc Limited,"Unit Price: ৳ 2.15,(100's pack: ৳ 215.00),",(100's pack: ৳ 215.00)
32982,E-Cof Plus,allopathic,e-cof-plussyrup100-mg11-mg14-mg5-ml,Syrup,Guaifenesin + Levomenthol + Diphenhydramine,(100 mg+1.1 mg+14 mg)/5 ml,Edruc Limited,100 ml bottle: ৳ 80.00,
4144,E-Cof,allopathic,e-cofsyrup30-mg100-mg125-mg5-ml,Syrup,Pseudoephedrine + Guaiphenasine + Triprolidine,(30 mg+100 mg+1.25 mg)/5 ml,Edruc Limited,100 ml bottle: ৳ 50.00,
13544,E-Cod,allopathic,e-codsyrup,Syrup,Multivitamin & Cod Liver Oil,,Novo Healthcare and Pharma Ltd.,100 ml bottle: ৳ 80.24,
3368,E-capro,allopathic,e-caproinjection1-gm5-ml,Injection,Aminocaproic acid,1 gm/5 ml,Edruc Limited,"10 ml ampoule: ৳ 35.00,(6's pack: ৳ 210.00),",(6's pack: ৳ 210.00)
13983,E-Cap Plus,allopathic,e-cap-pluscapsule250-mg200-mg,Capsule,Vitamin C + Vitamin E,250 mg+200 mg,Drug International Ltd.,"Unit Price: ৳ 4.05,(30's pack: ৳ 121.50),",(30's pack: ৳ 121.50)
1694,E Tack,allopathic,e-tacktablet150-mg,Tablet,Ranitidine Hydrochloride,150 mg,Reliance Pharmaceuticals Ltd.,"Unit Price: ৳ 2.38,(100's pack: ৳ 238.00),",(100's pack: ৳ 238.00)
11959,Dyzin,allopathic,dyzinsyrup5-mg5-ml,Syrup,Cetirizine Hydrochloride,5 mg/5 ml,Amico Laboratories Ltd.,60 ml bottle: ৳ 22.00,
11958,Dyzin,allopathic,dyzintablet10-mg,Tablet,Cetirizine Hydrochloride,10 mg,Amico Laboratories Ltd.,"Unit Price: ৳ 2.75,(50's pack: ৳ 137.50),",(50's pack: ৳ 137.50)
12736,Dyvon Plus,allopathic,dyvon-plusointment0050005,Ointment,Betamethasone + Calcipotriol,0.05%+0.005%,Square Pharmaceuticals Ltd.,20 gm tube: ৳ 381.14,
13053,Dyvon Plus,allopathic,dyvon-plustopical-suspension0050005,Topical Suspension,Betamethasone + Calcipotriol,0.05%+0.005%,Square Pharmaceuticals Ltd.,25 ml bottle: ৳ 551.65,
12732,Dyvon,allopathic,dyvonointment0005-ww,Ointment,Calcipotriol Monohydrate,0.005% w/w,Square Pharmaceuticals Ltd.,20 gm tube: ৳ 351.06,
2851,Dytor,allopathic,dytortablet5-mg,Tablet,Torasemide,5 mg,UniMed UniHealth,"Unit Price: ৳ 11.00,(28's pack: ৳ 308.00),",(28's pack: ৳ 308.00)
2850,Dytor,allopathic,dytortablet25-mg,Tablet,Torasemide,2.5 mg,UniMed UniHealth,"Unit Price: ৳ 6.00,(28's pack: ৳ 168.00),",(28's pack: ৳ 168.00)
1571,Dysnov,allopathic,dysnovtablet10-mg,Tablet,Domperidone Maleate,10 mg,UniMed UniHealth,"Unit Price: ৳ 2.50,(50's pack: ৳ 125.00),",(50's pack: ৳ 125.00)
1572,Dysnov,allopathic,dysnovoral-suspension5-mg5-ml,Oral Suspension,Domperidone Maleate,5 mg/5 ml,UniMed UniHealth,100 ml bottle: ৳ 38.00,
1573,Dysnov,allopathic,dysnovpediatric-drops5-mgml,Pediatric Drops,Domperidone Maleate,5 mg/ml,UniMed UniHealth,15 ml drop: ৳ 20.00,
11386,Dysmen,allopathic,dysmentablet500-mg,Tablet,Mefenamic acid,500 mg,Renata Limited,"Unit Price: ৳ 5.00,(50's pack: ৳ 250.00),",(50's pack: ৳ 250.00)
32286,Dysmen,allopathic,dysmentablet250-mg,Tablet,Mefenamic acid,250 mg,Renata Limited,"Unit Price: ৳ 2.50,(100's pack: ৳ 250.00),",(100's pack: ৳ 250.00)
26995,Dysma,allopathic,dysmatablet50-mg,Tablet,Tiemonium Methylsulphate,50 mg,Rangs Pharmaceuticals Ltd.,"Unit Price: ৳ 6.00,(50's pack: ৳ 300.00),",(50's pack: ৳ 300.00)
11957,Dyno,allopathic,dynotablet10-mg,Tablet,Cetirizine Hydrochloride,10 mg,Rephco Pharmaceuticals Ltd.,"Unit Price: ৳ 2.00,(100's pack: ৳ 200.00),",(100's pack: ৳ 200.00)
29152,Dynase,allopathic,dynasenasal-spray137-mcg50-mcgspray,Nasal Spray,Azelastine Hydrochloride + Fluticasone Propionate,(137 mcg+50 mcg)/spray,Beximco Pharmaceuticals Ltd.,120 metered sprays: ৳ 320.00,
22397,Dymet,allopathic,dymettablet400-mg,Tablet,Metronidazole,400 mg,Syntho Laboratories Ltd.,"Unit Price: ৳ 1.00,(100's pack: ৳ 100.00),",(100's pack: ৳ 100.00)
10201,Dymet,allopathic,dymetoral-suspension200-mg5-ml,Oral Suspension,Metronidazole,200 mg/5 ml,Syntho Laboratories Ltd.,60 ml bottle: ৳ 22.00,
11,Aceclofen,allopathic,aceclofentablet100-mg,Tablet,Aceclofenac,100 mg,Astra Biopharmaceuticals Ltd.,"Unit Price: ৳ 3.00,(30's pack: ৳ 90.00),",(30's pack: ৳ 90.00)
12046,Ebahist,allopathic,ebahistsyrup5-mg5-ml,Syrup,Ebastine,5 mg/5 ml,Globe Pharmaceuticals Ltd.,50 ml bottle: ৳ 80.00,
30649,Eba,allopathic,ebatablet6-mg200-mg50-mg,Tablet,Betacarotene + Vitamin C + Vitamin E,6 mg+200 mg+50 mg,Apex Pharmaceuticals Ltd.,"Unit Price: ৳ 2.25,(20's pack: ৳ 45.00),",(20's pack: ৳ 45.00)
29299,Eazy Jelly,allopathic,eazy-jellytopical-gel1-gm-13-gm50-gm,Topical Gel,Hydroxyethyl Cellulose + Glycerin,(1 gm + 1.3 gm)/50 gm,Renata Limited,50 gm tube: ৳ 175.00,
32893,EasyFlow,allopathic,easyflowcapsule-modified-release04-mg,Capsule (Modified Release),Tamsulosin  Hydrochloride,0.4 mg,NIPRO JMI Pharma Ltd.,Unit Price: ৳ 10.03,
18491,Easycal,allopathic,easycaltablet400-mg,Tablet,Calcium Orotate,400 mg,Chemist Laboratories  Ltd.,"Unit Price: ৳ 8.00,(30's pack: ৳ 240.00),",(30's pack: ৳ 240.00)
29073,Easybak,allopathic,easybaktablet10-mg,Tablet,Baclofen,10 mg,Euro Pharma Ltd.,"Unit Price: ৳ 8.00,(30's pack: ৳ 240.00),",(30's pack: ৳ 240.00)
28123,Easy ORS,allopathic,easy-orsoral-powder,Oral Powder,Oral Rehydration Salt [Rice Based],,Central Pharmaceuticals Ltd.,"250 ml sachet: ৳ 12.00,(20's pack: ৳ 240.00),",(20's pack: ৳ 240.00)
14798,Easy ORS,allopathic,easy-orsoral-powder1995-gm,Oral Powder,Oral Rehydration Salt [Powder],19.95 gm,Central Pharmaceuticals Ltd.,"Unit Price: ৳ 4.58,(20's pack: ৳ 91.60),",(20's pack: ৳ 91.60)
4221,Easium,allopathic,easiumtablet5-mg,Tablet,Diazepam,5 mg,Opsonin Pharma Ltd.,"Unit Price: ৳ 0.69,(400's pack: ৳ 276.00),",(400's pack: ৳ 276.00)
4223,Easium,allopathic,easiumsuppository10-mg,Suppository,Diazepam,10 mg,Opsonin Pharma Ltd.,"Unit Price: ৳ 3.01,(10's pack: ৳ 30.10),",(10's pack: ৳ 30.10)
28316,Easium,allopathic,easiumimiv-injection10-mg2-ml,IM/IV Injection,Diazepam,10 mg/2 ml,Opsonin Pharma Ltd.,"2 ml ampoule: ৳ 3.71,(25's pack: ৳ 92.75),",(25's pack: ৳ 92.75)
23564,Ease Plus,allopathic,ease-plustablet500-mg65-mg,Tablet,Paracetamol + Caffeine,500 mg+65 mg,Orbit Pharmaceuticals Ltd.,Unit Price: ৳ 1.50,
23498,Ease,allopathic,easetablet500-mg,Tablet,Paracetamol,500 mg,Orbit Pharmaceuticals Ltd.,Unit Price: ৳ 0.80,
23499,Ease,allopathic,easeoral-suspension120-mg5-ml,Oral Suspension,Paracetamol,120 mg/5 ml,Orbit Pharmaceuticals Ltd.,60 ml bottle: ৳ 20.00,
21833,E-Tan,allopathic,e-tantablet50-mg,Tablet,Losartan Potassium,50 mg,Edruc Limited,"Unit Price: ৳ 5.00,(30's pack: ৳ 150.00),",(30's pack: ৳ 150.00)
970,E-Saline,allopathic,e-salineoral-powder1395-gm,Oral Powder,Oral Rehydration Salt [Powder],13.95 gm,Edruc Limited,"Unit Price: ৳ 4.58,(20's pack: ৳ 91.60),",(20's pack: ৳ 91.60)
8521,E-Rox 500,allopathic,e-rox-500tablet500-mg,Tablet,Erythromycin (Oral),500 mg,Desh Pharmaceuticals Ltd.,"Unit Price: ৳ 7.00,(50's pack: ৳ 350.00),",(50's pack: ৳ 350.00)
8522,E-Rox 500,allopathic,e-rox-500powder-for-suspension125-mg5-ml,Powder for Suspension,Erythromycin (Oral),125 mg/5 ml,Desh Pharmaceuticals Ltd.,100 ml bottle: ৳ 60.00,
8459,E-ROX,allopathic,e-roxpowder-for-suspension125-mg5-ml,Powder for Suspension,Erythromycin (Oral),125 mg/5 ml,Desh Pharmaceuticals Ltd.,100 ml bottle: ৳ 70.00,
8458,E-ROX,allopathic,e-roxtablet500-mg,Tablet,Erythromycin (Oral),500 mg,Desh Pharmaceuticals Ltd.,"Unit Price: ৳ 7.00,(50's pack: ৳ 350.00),",(50's pack: ৳ 350.00)
24014,E-Reb,allopathic,e-rebtablet-enteric-coated20-mg,Tablet (Enteric Coated),Rabeprazole Sodium,20 mg,Ethical Drug Ltd.,"Unit Price: ৳ 5.00,(50's pack: ৳ 250.00),",(50's pack: ৳ 250.00)
32509,E-Proton,allopathic,e-protoncapsule-delayed-release40-mg,Capsule (Delayed Release),Esomeprazole,40 mg,Doctor TIMS Pharmaceuticals Ltd.,"Unit Price: ৳ 10.00,(30's pack: ৳ 300.00),",(30's pack: ৳ 300.00)
32508,E-Proton,allopathic,e-protoncapsule-delayed-release20-mg,Capsule (Delayed Release),Esomeprazole,20 mg,Doctor TIMS Pharmaceuticals Ltd.,"Unit Price: ৳ 7.00,(100's pack: ৳ 700.00),",(100's pack: ৳ 700.00)
7766,E-Pod,allopathic,e-podcapsule200-mg,Capsule,Cefpodoxime Proxetil,200 mg,Edruc Limited,"Unit Price: ৳ 40.00,(12's pack: ৳ 480.00),",(12's pack: ৳ 480.00)
18850,E-Pod,allopathic,e-podpowder-for-suspension80-mg5-ml,Powder for Suspension,Cefpodoxime Proxetil,80 mg/5 ml,Edruc Limited,50 ml bottle: ৳ 96.00,
6515,E-mox,allopathic,e-moxcapsule250-mg,Capsule,Amoxicillin Trihydrate,250 mg,Edruc Limited,"Unit Price: ৳ 3.39,(100's pack: ৳ 339.00),",(100's pack: ৳ 339.00)
6516,E-mox,allopathic,e-moxcapsule500-mg,Capsule,Amoxicillin Trihydrate,500 mg,Edruc Limited,"Unit Price: ৳ 6.07,(50's pack: ৳ 303.50),",(50's pack: ৳ 303.50)
6518,E-mox,allopathic,e-moxpediatric-drops125-mg125-ml,Pediatric Drops,Amoxicillin Trihydrate,125 mg/1.25 ml,Edruc Limited,15 ml bottle: ৳ 30.00,
6517,E-mox,allopathic,e-moxpowder-for-suspension125-mg5-ml,Powder for Suspension,Amoxicillin Trihydrate,125 mg/5 ml,Edruc Limited,100 ml bottle: ৳ 46.00,
8517,E-Lid,allopathic,e-lidpowder-for-suspension125-mg5-ml,Powder for Suspension,Erythromycin (Oral),125 mg/5 ml,Syntho Laboratories Ltd.,100 ml bottle: ৳ 54.00,
17361,Aceclof,allopathic,acecloftablet100-mg,Tablet,Aceclofenac,100 mg,Premier Pharmaceuticals Ltd.,"Unit Price: ৳ 3.00,(100's pack: ৳ 300.00),",(100's pack: ৳ 300.00)
11508,Ecless,allopathic,eclessgel10-ww,Gel,Naproxen Sodium,10% w/w,Incepta Pharmaceuticals Ltd.,15 gm tube: ৳ 60.00,
11507,Ecless,allopathic,eclessoral-suspension125-mg5-ml,Oral Suspension,Naproxen Sodium,125 mg/5 ml,Incepta Pharmaceuticals Ltd.,50 ml bottle: ৳ 70.00,
32398,Eclamag,allopathic,eclamagimiv-injection5-mg10-ml,IM/IV Injection,Magnesium Sulfate,5 mg/10 ml,Incepta Pharmaceuticals Ltd.,Price Unavailable,
43,Ecena,allopathic,ecenatablet100-mg,Tablet,Aceclofenac,100 mg,Edruc Limited,"Unit Price: ৳ 4.00,(50's pack: ৳ 200.00),",(50's pack: ৳ 200.00)
28071,Ecal-D3,allopathic,ecal-d3tablet500-mg200-iu,Tablet,Calcium Carbonate [Elemental source] + Vitamin D3,500 mg+200 IU,Ethical Drug Ltd.,"Unit Price: ৳ 5.00,(15's pack: ৳ 75.00),,Unit Price: ৳ 5.00,(30's pack: ৳ 150.00),","(15's pack: ৳ 75.00),(30's pack: ৳ 150.00)"
14025,EC-Vit,allopathic,ec-vittablet6-mg200-mg50-mg,Tablet,Betacarotene + Vitamin C + Vitamin E,6 mg+200 mg+50 mg,Zenith Pharmaceuticals Ltd.,"Unit Price: ৳ 2.50,(30's pack: ৳ 75.00),",(30's pack: ৳ 75.00)
14024,EC-Plus,allopathic,ec-plustablet200-mg200-mg,Tablet,Vitamin C + Vitamin E,200 mg+200 mg,Orion Pharma Ltd.,"Unit Price: ৳ 6.02,(30's pack: ৳ 180.60),",(30's pack: ৳ 180.60)
21558,EC-Pill,allopathic,ec-pilltablet15-mg,Tablet,Levonorgestrel,1.5 mg,Techno Drugs Ltd.,"1 tablet pack: ৳ 65.00,(10's pack: ৳ 650.00),",(10's pack: ৳ 650.00)
28529,Eburn,allopathic,eburncream1,Cream,Silver Sulfadiazine,1%,Pacific Pharmaceuticals Ltd.,25 gm tube: ৳ 50.00,
11681,Eburic,allopathic,eburictablet40-mg,Tablet,Febuxostat,40 mg,Beximco Pharmaceuticals Ltd.,"Unit Price: ৳ 12.00,(30's pack: ৳ 360.00),",(30's pack: ৳ 360.00)
28395,Ebion,allopathic,ebiontablet100-mg200-mg200-mcg,Tablet,"Vitamin B1, B6 & B12",100 mg+200 mg+200 mcg,Biogen Pharmaceuticals Ltd.,"Unit Price: ৳ 7.00,(30's pack: ৳ 210.00),,Unit Price: ৳ 7.00,(50's pack: ৳ 350.00),","(30's pack: ৳ 210.00),(50's pack: ৳ 350.00)"
310,Eben-DS,allopathic,eben-dschewable-tablet400-mg,Chewable Tablet,Albendazole,400 mg,Edruc Limited,"Unit Price: ৳ 4.00,(25's pack: ৳ 100.00),",(25's pack: ৳ 100.00)
311,Eben,allopathic,ebenoral-suspension200-mg5-ml,Oral Suspension,Albendazole,200 mg/5 ml,Edruc Limited,10 ml bottle: ৳ 15.00,
4278,Ebazam,allopathic,ebazamtablet10-mg,Tablet,Clobazam,10 mg,Edruc Limited,"Unit Price: ৳ 3.00,(100's pack: ৳ 300.00),",(100's pack: ৳ 300.00)
27767,Ebatrol,allopathic,ebatrolsyrup5-mg5-ml,Syrup,Ebastine,5 mg/5 ml,Delta Pharma Ltd.,50 ml bottle: ৳ 80.00,
12035,Ebatrol,allopathic,ebatroltablet10-mg,Tablet,Ebastine,10 mg,Delta Pharma Ltd.,"Unit Price: ৳ 5.00,(50's pack: ৳ 250.00),",(50's pack: ৳ 250.00)
26466,Ebatin Fast,allopathic,ebatin-fastdispersible-tablet10-mg,Dispersible Tablet,Ebastine,10 mg,Popular Pharmaceuticals Ltd.,"Unit Price: ৳ 10.00,(30's pack: ৳ 300.00),",(30's pack: ৳ 300.00)
12033,Ebatin,allopathic,ebatintablet10-mg,Tablet,Ebastine,10 mg,Popular Pharmaceuticals Ltd.,"Unit Price: ৳ 8.50,(60's pack: ৳ 510.00),",(60's pack: ৳ 510.00)
12034,Ebatin,allopathic,ebatinsyrup5-mg5-ml,Syrup,Ebastine,5 mg/5 ml,Popular Pharmaceuticals Ltd.,"30 ml bottle: ৳ 60.00,50 ml bottle: ৳ 80.00",
26353,Ebasten FT,allopathic,ebasten-ftdispersible-tablet10-mg,Dispersible Tablet,Ebastine,10 mg,ACI Limited,"Unit Price: ৳ 10.00,(30's pack: ৳ 300.00),",(30's pack: ৳ 300.00)
12049,Ebasten,allopathic,ebastentablet10-mg,Tablet,Ebastine,10 mg,ACI Limited,"Unit Price: ৳ 8.00,(50's pack: ৳ 400.00),",(50's pack: ৳ 400.00)
26352,Ebasten,allopathic,ebastensyrup5-mg5-ml,Syrup,Ebastine,5 mg/5 ml,ACI Limited,50 ml bottle: ৳ 80.00,
12032,Ebaril,allopathic,ebarilsyrup5-mg5-ml,Syrup,Ebastine,5 mg/5 ml,Incepta Pharmaceuticals Ltd.,30 ml bottle: ৳ 60.00,
12031,Ebaril,allopathic,ebariltablet10-mg,Tablet,Ebastine,10 mg,Incepta Pharmaceuticals Ltd.,"Unit Price: ৳ 6.00,(30's pack: ৳ 180.00),",(30's pack: ৳ 180.00)
12044,Ebanil,allopathic,ebaniltablet10-mg,Tablet,Ebastine,10 mg,Opso Saline Ltd.,"Unit Price: ৳ 6.00,(30's pack: ৳ 180.00),",(30's pack: ৳ 180.00)
12030,Ebanex,allopathic,ebanextablet10-mg,Tablet,Ebastine,10 mg,Opsonin Pharma Ltd.,"Unit Price: ৳ 7.00,(42's pack: ৳ 294.00),",(42's pack: ৳ 294.00)
27045,Ebanex,allopathic,ebanexsyrup5-mg5-ml,Syrup,Ebastine,5 mg/5 ml,Opsonin Pharma Ltd.,50 ml bottle: ৳ 80.00,
26597,Ebamine,allopathic,ebaminesyrup5-mg5-ml,Syrup,Ebastine,5 mg/5 ml,Ibn Sina Pharmaceuticals Ltd.,"30 ml bottle: ৳ 60.00,50 ml bottle: ৳ 80.00",
12048,Ebamine,allopathic,ebaminetablet10-mg,Tablet,Ebastine,10 mg,Ibn Sina Pharmaceuticals Ltd.,"Unit Price: ৳ 6.00,(30's pack: ৳ 180.00),",(30's pack: ৳ 180.00)
12054,Ebahist,allopathic,ebahisttablet10-mg,Tablet,Ebastine,10 mg,Globe Pharmaceuticals Ltd.,"Unit Price: ৳ 6.00,(30's pack: ৳ 180.00),",(30's pack: ৳ 180.00)
2629,Acecard,allopathic,acecardtablet5-mg,Tablet,Ramipril,5 mg,Healthcare Pharmaceuticals Ltd.,"Unit Price: ৳ 8.00,(30's pack: ৳ 240.00),",(30's pack: ৳ 240.00)
27849,Ecox,allopathic,ecoxtablet120-mg,Tablet,Etoricoxib,120 mg,Alco Pharma Ltd.,"Unit Price: ৳ 14.04,(20's pack: ৳ 280.80),",(20's pack: ৳ 280.80)
11178,Ecox,allopathic,ecoxtablet90-mg,Tablet,Etoricoxib,90 mg,Alco Pharma Ltd.,"Unit Price: ৳ 12.04,(20's pack: ৳ 240.80),",(20's pack: ৳ 240.80)
12708,Ecotrim,allopathic,ecotrimcream101,Cream,Econazole Nitrate + Triamcinolone Acetonide,1%+0.1%,Beximco Pharmaceuticals Ltd.,10 gm tube: ৳ 34.50,
30650,Ecotin,allopathic,ecotintablet6-mg200-mg50-mg,Tablet,Betacarotene + Vitamin C + Vitamin E,6 mg+200 mg+50 mg,Globe Pharmaceuticals Ltd.,Unit Price: ৳ 8.00,
26655,Ecotin,allopathic,ecotineye-capsule,Eye Capsule,"Vitamin C, Vitamin E, Lutein, Copper & Zinc",,Globe Pharmaceuticals Ltd.,"Unit Price: ৳ 10.00,(30's pack: ৳ 300.00),",(30's pack: ৳ 300.00)
12707,Ecot,allopathic,ecotcream101,Cream,Econazole Nitrate + Triamcinolone Acetonide,1%+0.1%,Medicon Pharmaceuticals Ltd.,10 gm tube: ৳ 37.50,
12706,Ecostat,allopathic,ecostatcream101,Cream,Econazole Nitrate + Triamcinolone Acetonide,1%+0.1%,Sharif Pharmaceuticals Ltd.,10 gm tube: ৳ 40.00,
3282,Ecosprin Plus,allopathic,ecosprin-plustablet75-mg75-mg,Tablet,Clopidogrel + Aspirin,75 mg+75 mg,ACME Laboratories Ltd.,"Unit Price: ৳ 12.00,(30's pack: ৳ 360.00),",(30's pack: ৳ 360.00)
31329,Ecosprin,allopathic,ecosprintablet-enteric-coated81-mg,Tablet (Enteric Coated),Aspirin,81 mg,ACME Laboratories Ltd.,"Unit Price: ৳ 0.68,(50's pack: ৳ 34.00),",(50's pack: ৳ 34.00)
10369,Ecosprin,allopathic,ecosprintablet-enteric-coated300-mg,Tablet (Enteric Coated),Aspirin,300 mg,ACME Laboratories Ltd.,"Unit Price: ৳ 1.72,(100's pack: ৳ 172.00),",(100's pack: ৳ 172.00)
3359,Ecosprin,allopathic,ecosprintablet-enteric-coated75-mg,Tablet (Enteric Coated),Aspirin,75 mg,ACME Laboratories Ltd.,"Unit Price: ৳ 0.63,(100's pack: ৳ 63.00),,Unit Price: ৳ 0.63,(200's pack: ৳ 126.00),","(100's pack: ৳ 63.00),(200's pack: ৳ 126.00)"
12705,Ecosone,allopathic,ecosonecream101,Cream,Econazole Nitrate + Triamcinolone Acetonide,1%+0.1%,Pharmadesh Laboratories Ltd.,10 gm tube: ৳ 40.00,
12704,Ecoren T,allopathic,ecoren-tcream101,Cream,Econazole Nitrate + Triamcinolone Acetonide,1%+0.1%,ACI Limited,10 gm tube: ৳ 43.00,
12439,Ecoren,allopathic,ecorencream1,Cream,Econazole Nitrate,1%,ACI Limited,10 gm tube: ৳ 30.20,
25108,Ecoplus,allopathic,ecopluscream101,Cream,Econazole Nitrate + Triamcinolone Acetonide,1%+0.1%,Team Pharmaceuticals Ltd.,10 gm tube: ৳ 39.00,
12448,Econate-G,allopathic,econate-gvaginal-cream1,Vaginal Cream,Econazole Nitrate,1%,Incepta Pharmaceuticals Ltd.,30 gm tube: ৳ 70.00,
12445,Econate VT,allopathic,econate-vtvaginal-tablet150-mg,Vaginal Tablet,Econazole Nitrate,150 mg,Incepta Pharmaceuticals Ltd.,"Unit Price: ৳ 23.33,(3's pack: ৳ 70.00),",(3's pack: ৳ 70.00)
12703,Econate Plus,allopathic,econate-pluscream101,Cream,Econazole Nitrate + Triamcinolone Acetonide,1%+0.1%,Incepta Pharmaceuticals Ltd.,10 gm tube: ৳ 48.00,
12438,Econate,allopathic,econatecream1,Cream,Econazole Nitrate,1%,Incepta Pharmaceuticals Ltd.,10 gm tube: ৳ 32.00,
12437,Econal,allopathic,econalcream1,Cream,Econazole Nitrate,1%,Kemiko Pharmaceuticals Ltd.,10 gm tube: ৳ 32.10,
12436,Ecomet,allopathic,ecometcream1,Cream,Econazole Nitrate,1%,Medimet Pharmaceuticals Ltd.,10 gm tube: ৳ 30.00,
25107,Ecolon,allopathic,ecoloncream101,Cream,Econazole Nitrate + Triamcinolone Acetonide,1%+0.1%,Supreme Pharmaceutical Ltd.,10 gm tube: ৳ 40.00,
12435,Ecolet,allopathic,ecoletcream1,Cream,Econazole Nitrate,1%,Amulet Pharmaceuticals Ltd.,10 gm tube: ৳ 32.00,
12702,Ecoderm TA,allopathic,ecoderm-tacream101,Cream,Econazole Nitrate + Triamcinolone Acetonide,1%+0.1%,Rephco Pharmaceuticals Ltd.,10 gm tube: ৳ 35.00,
12444,Ecoderm,allopathic,ecodermcream1,Cream,Econazole Nitrate,1%,Rephco Pharmaceuticals Ltd.,10 gm tube: ৳ 28.00,
25111,Ecocort,allopathic,ecocortcream101,Cream,Econazole Nitrate + Triamcinolone Acetonide,1%+0.1%,Globe Pharmaceuticals Ltd.,10 gm tube: ৳ 40.00,
12581,Eclo,allopathic,ecloointment005,Ointment,Clobetasol Propionate (Topical Preparation),0.05%,General Pharmaceuticals Ltd.,10 gm tube: ৳ 68.00,
12580,Eclo,allopathic,eclocream005,Cream,Clobetasol Propionate (Topical Preparation),0.05%,General Pharmaceuticals Ltd.,10 gm tube: ৳ 58.00,
2628,Acecard,allopathic,acecardtablet25-mg,Tablet,Ramipril,2.5 mg,Healthcare Pharmaceuticals Ltd.,"Unit Price: ৳ 5.00,(30's pack: ৳ 150.00),",(30's pack: ৳ 150.00)
13953,E-Cap,herbal,e-capcapsule400-iu,Capsule,Vitamin E [Alpha Tocopherol Acetate],400 IU,Drug International Ltd.,"Unit Price: ৳ 7.00,(60's pack: ৳ 420.00),",(60's pack: ৳ 420.00)
2627,Acecard,allopathic,acecardtablet125-mg,Tablet,Ramipril,1.25 mg,Healthcare Pharmaceuticals Ltd.,"Unit Price: ৳ 3.00,(30's pack: ৳ 90.00),",(30's pack: ৳ 90.00)
6872,Edin,allopathic,edincapsule250-mg,Capsule,Cephradine,250 mg,Millat Pharmaceuticals Ltd.,"Unit Price: ৳ 6.50,(30's pack: ৳ 195.00),",(30's pack: ৳ 195.00)
11002,Edifenac-TR,allopathic,edifenac-trcapsule-timed-release100-mg,Capsule (Timed Release),Diclofenac Sodium,100 mg,Edruc Limited,"Unit Price: ৳ 3.00,(100's pack: ৳ 300.00),",(100's pack: ৳ 300.00)
11004,Edifenac Plus,allopathic,edifenac-plusim-injection75-mg20-mg2-ml,IM Injection,Diclofenac Sodium + Lidocaine Hydrochloride,(75 mg+20 mg)/2 ml,Edruc Limited,"2 ml ampoule: ৳ 15.00,(10's pack: ৳ 150.00),",(10's pack: ৳ 150.00)
11001,Edifenac,allopathic,edifenactablet50-mg,Tablet,Diclofenac Sodium,50 mg,Edruc Limited,"Unit Price: ৳ 0.83,(100's pack: ৳ 83.00),",(100's pack: ৳ 83.00)
11003,Edifenac,allopathic,edifenacim-injection75-mg3-ml,IM Injection,Diclofenac Sodium,75 mg/3 ml,Edruc Limited,"3 ml ampoule: ৳ 15.00,(8's pack: ৳ 120.00),",(8's pack: ৳ 120.00)
30794,Edicef,allopathic,edicefpowder-for-suspension125-mg5-ml,Powder for Suspension,Cephalexin,125 mg/5 ml,Edruc Limited,100 ml bottle: ৳ 77.00,
19080,Edicef,allopathic,edicefcapsule250-mg,Capsule,Cephalexin,250 mg,Edruc Limited,"Unit Price: ৳ 6.50,(50's pack: ৳ 325.00),",(50's pack: ৳ 325.00)
14441,Edical-D,allopathic,edical-dtablet500-mg200-iu,Tablet,Calcium Carbonate [Elemental source] + Vitamin D3,500 mg+200 IU,Edruc Limited,"Unit Price: ৳ 5.00,(15's pack: ৳ 74.99),,Unit Price: ৳ 5.00,(30's pack: ৳ 150.00),","(15's pack: ৳ 74.99),(30's pack: ৳ 150.00)"
14302,Edical,allopathic,edicaltablet500-mg,Tablet,Calcium Carbonate,500 mg,Edruc Limited,"Unit Price: ৳ 2.00,(50's pack: ৳ 100.00),",(50's pack: ৳ 100.00)
2870,Edenil,allopathic,edeniltablet40-mg50-mg,Tablet,Furosemide + Spironolactone,40 mg+50 mg,Eskayef Pharmaceuticals Ltd.,"Unit Price: ৳ 10.00,(50's pack: ৳ 500.00),",(50's pack: ৳ 500.00)
2869,Edenil,allopathic,edeniltablet20-mg50-mg,Tablet,Furosemide + Spironolactone,20 mg+50 mg,Eskayef Pharmaceuticals Ltd.,"Unit Price: ৳ 8.00,(50's pack: ৳ 400.00),",(50's pack: ৳ 400.00)
2868,Edemide,allopathic,edemidetablet40-mg50-mg,Tablet,Furosemide + Spironolactone,40 mg+50 mg,ACME Laboratories Ltd.,"Unit Price: ৳ 10.03,(40's pack: ৳ 401.20),",(40's pack: ৳ 401.20)
2867,Edemide,allopathic,edemidetablet20-mg50-mg,Tablet,Furosemide + Spironolactone,20 mg+50 mg,ACME Laboratories Ltd.,"Unit Price: ৳ 8.03,(40's pack: ৳ 321.20),",(40's pack: ৳ 321.20)
2866,Edeloss Plus,allopathic,edeloss-plustablet40-mg50-mg,Tablet,Furosemide + Spironolactone,40 mg+50 mg,Incepta Pharmaceuticals Ltd.,"Unit Price: ৳ 10.00,(50's pack: ৳ 500.00),",(50's pack: ৳ 500.00)
2865,Edeloss,allopathic,edelosstablet20-mg50-mg,Tablet,Furosemide + Spironolactone,20 mg+50 mg,Incepta Pharmaceuticals Ltd.,"Unit Price: ৳ 8.00,(50's pack: ৳ 400.00),",(50's pack: ৳ 400.00)
6001,Edegra,allopathic,edegratablet50-mg,Tablet,Sildenafil Citrate,50 mg,Sun Pharmaceutical Ltd.,"Unit Price: ৳ 30.10,(4's pack: ৳ 120.40),",(4's pack: ৳ 120.40)
6002,Edegra,allopathic,edegratablet100-mg,Tablet,Sildenafil Citrate,100 mg,Sun Pharmaceutical Ltd.,"Unit Price: ৳ 50.15,(4's pack: ৳ 200.60),",(4's pack: ৳ 200.60)
28083,ED-Fex,allopathic,ed-fextablet120-mg,Tablet,Fexofenadine Hydrochloride,120 mg,Ethical Drug Ltd.,"Unit Price: ৳ 7.00,(30's pack: ৳ 210.00),",(30's pack: ৳ 210.00)
32666,ED-Fex,allopathic,ed-fexoral-suspension30-mg5-ml,Oral Suspension,Fexofenadine Hydrochloride,30 mg/5 ml,Ethical Drug Ltd.,50 ml bottle: ৳ 48.00,
30478,Eczena,allopathic,eczenacream005,Cream,Diflorasone Diacetate,0.05%,Square Pharmaceuticals Ltd.,10 gm tube: ৳ 70.48,
30479,Eczena,allopathic,eczenaointment005,Ointment,Diflorasone Diacetate,0.05%,Square Pharmaceuticals Ltd.,10 gm tube: ৳ 70.48,
31026,Eczacort,allopathic,eczacortcream01,Cream,Hydrocortisone Butyrate,0.10%,Ziska Pharmaceuticals Ltd.,30 gm tube: ৳ 200.00,
30940,Ectover,allopathic,ectovertablet12-mg,Tablet,Ivermectin (Tablet),12 mg,Goodman Pharmaceuticals Ltd.,"Unit Price: ৳ 20.00,(10's pack: ৳ 200.00),",(10's pack: ৳ 200.00)
30939,Ectover,allopathic,ectovertablet6-mg,Tablet,Ivermectin (Tablet),6 mg,Goodman Pharmaceuticals Ltd.,"Unit Price: ৳ 10.00,(10's pack: ৳ 100.00),",(10's pack: ৳ 100.00)
27384,Ectinac,allopathic,ectinactablet100-mg,Tablet,Aceclofenac,100 mg,United Pharmaceuticals Ltd.,"Unit Price: ৳ 3.01,(100's pack: ৳ 301.48),",(100's pack: ৳ 301.48)
30664,Ecsota,allopathic,ecsotascalp-lotion0052,Scalp Lotion,Betamethasone Dipropionate + Salicylic Acid,0.05%+2%,ACI Limited,30 ml container: ৳ 150.00,
12447,Ecozol VT,allopathic,ecozol-vtvaginal-tablet150-mg,Vaginal Tablet,Econazole Nitrate,150 mg,Opsonin Pharma Ltd.,"Unit Price: ৳ 23.42,(3's pack: ৳ 70.26),",(3's pack: ৳ 70.26)
12709,Ecozol Plus,allopathic,ecozol-pluscream101,Cream,Econazole Nitrate + Triamcinolone Acetonide,1%+0.1%,Opsonin Pharma Ltd.,"10 gm tube: ৳ 45.00,20 gm tube: ৳ 75.51",
12440,Ecozol,allopathic,ecozolcream1,Cream,Econazole Nitrate,1%,Opsonin Pharma Ltd.,"10 gm tube: ৳ 32.12,30 gm tube: ৳ 70.48",
9,Acebid,allopathic,acebidtablet100-mg,Tablet,Aceclofenac,100 mg,Beacon Pharmaceuticals Ltd.,"Unit Price: ৳ 4.01,(50's pack: ৳ 200.50),",(50's pack: ৳ 200.50)
10378,Ace XR,allopathic,ace-xrtablet-extended-release665-mg,Tablet (Extended Release),Paracetamol,665 mg,Square Pharmaceuticals Ltd.,"Unit Price: ৳ 1.51,(100's pack: ৳ 151.00),",(100's pack: ৳ 151.00)
8433,Edry,allopathic,edrypowder-for-suspension125-mg5-ml,Powder for Suspension,Erythromycin (Oral),125 mg/5 ml,Edruc Limited,100 ml bottle: ৳ 60.00,
14196,Edruvit-M,allopathic,edruvit-mtablet,Tablet,Multivitamin & Multimineral,,Edruc Limited,"Unit Price: ৳ 1.50,(30's pack: ৳ 45.00),",(30's pack: ৳ 45.00)
14071,Edruvit,allopathic,edruvitpediatric-drops,Pediatric Drops,Multivitamin [Pediatric preparation],,Edruc Limited,15 ml bottle: ৳ 23.00,
5812,Edruson,allopathic,edrusontablet5-mg,Tablet,Prednisolone,5 mg,Edruc Limited,"Unit Price: ৳ 1.15,(100's pack: ৳ 115.00),",(100's pack: ৳ 115.00)
13646,Edruplex,allopathic,edruplextablet100-mg200-mg200-mcg,Tablet,"Vitamin B1, B6 & B12",100 mg+200 mg+200 mcg,Edruc Limited,"Unit Price: ৳ 8.00,(30's pack: ৳ 240.00),",(30's pack: ৳ 240.00)
13647,Edruplex,allopathic,edruplexim-injection100-mg100-mg1-mg3-ml,IM Injection,"Vitamin B1, B6 & B12",(100 mg+100 mg+1 mg)/3 ml,Edruc Limited,"3 ml ampoule: ৳ 25.00,(3's pack: ৳ 75.00),",(3's pack: ৳ 75.00)
8893,Edrumycetin,allopathic,edrumycetinophthalmic-solution05,Ophthalmic Solution,Chloramphenicol (Ophthalmic),0.50%,Edruc Limited,10 ml drop: ৳ 34.00,
8879,Edrumycetin,allopathic,edrumycetincapsule250-mg,Capsule,Chloramphenicol (Oral),250 mg,Edruc Limited,"Unit Price: ৳ 2.50,(100's pack: ৳ 250.00),",(100's pack: ৳ 250.00)
3776,Edron,allopathic,edrontablet10-mg,Tablet,Montelukast Sodium,10 mg,Edruc Limited,"Unit Price: ৳ 15.00,(10's pack: ৳ 150.00),",(10's pack: ৳ 150.00)
11147,Edopain ER,allopathic,edopain-ertablet-extended-release600-mg,Tablet (Extended Release),Etodolac,600 mg,Incepta Pharmaceuticals Ltd.,"Unit Price: ৳ 18.00,(20's pack: ৳ 360.00),",(20's pack: ৳ 360.00)
11146,Edopain,allopathic,edopaincapsule300-mg,Capsule,Etodolac,300 mg,Incepta Pharmaceuticals Ltd.,"Unit Price: ৳ 8.00,(30's pack: ৳ 240.00),",(30's pack: ৳ 240.00)
1574,Edone,allopathic,edonetablet10-mg,Tablet,Domperidone Maleate,10 mg,Zenith Pharmaceuticals Ltd.,"Unit Price: ৳ 2.00,(100's pack: ৳ 200.00),",(100's pack: ৳ 200.00)
1575,Edone,allopathic,edoneoral-suspension5-mg5-ml,Oral Suspension,Domperidone Maleate,5 mg/5 ml,Zenith Pharmaceuticals Ltd.,"60 ml bottle: ৳ 28.00,100 ml bottle: ৳ 38.00",
11145,Edolac ER,allopathic,edolac-ertablet-extended-release600-mg,Tablet (Extended Release),Etodolac,600 mg,Opsonin Pharma Ltd.,"Unit Price: ৳ 18.07,(12's pack: ৳ 216.84),",(12's pack: ৳ 216.84)
11144,Edolac,allopathic,edolaccapsule300-mg,Capsule,Etodolac,300 mg,Opsonin Pharma Ltd.,"Unit Price: ৳ 8.03,(30's pack: ৳ 240.90),",(30's pack: ৳ 240.90)
29540,Edjenta,allopathic,edjentatablet5-mg,Tablet,Linagliptin,5 mg,Edruc Limited,"Unit Price: ৳ 20.00,(20's pack: ৳ 400.00),",(20's pack: ৳ 400.00)
9016,Editrim-DS,allopathic,editrim-dstablet800-mg160-mg,Tablet,Sulphamethoxazole + Trimethoprim,800 mg+160 mg,Edruc Limited,"Unit Price: ৳ 3.04,(100's pack: ৳ 304.00),",(100's pack: ৳ 304.00)
27492,Editrim,allopathic,editrimoral-suspension200-mg40-mg5-ml,Oral Suspension,Sulphamethoxazole + Trimethoprim,(200 mg+40 mg)/5 ml,Edruc Limited,60 ml bottle: ৳ 25.00,
33186,Editoren,allopathic,editorentablet400-mg,Tablet,Cefditoren,400 mg,Opsonin Pharma Ltd.,"Unit Price: ৳ 250.00,(4's pack: ৳ 1,000.00),","(4's pack: ৳ 1,000.00)"
33185,Editoren,allopathic,editorentablet200-mg,Tablet,Cefditoren,200 mg,Opsonin Pharma Ltd.,"Unit Price: ৳ 150.00,(8's pack: ৳ 1,200.00),","(8's pack: ৳ 1,200.00)"
1692,Editin-R,allopathic,editin-rtablet150-mg,Tablet,Ranitidine Hydrochloride,150 mg,Edruc Limited,"Unit Price: ৳ 2.23,(100's pack: ৳ 223.00),",(100's pack: ৳ 223.00)
1693,Editin-R,allopathic,editin-rimiv-injection50-mg2-ml,IM/IV Injection,Ranitidine Hydrochloride,50 mg/2 ml,Edruc Limited,"2 ml ampoule: ৳ 12.00,(10's pack: ৳ 120.00),",(10's pack: ৳ 120.00)
28530,Edisolone,allopathic,edisoloneophthalmic-suspension1,Ophthalmic Suspension,Prednisolone Acetate,1%,Pacific Pharmaceuticals Ltd.,5 ml drop: ৳ 100.00,
13368,Ediplex-ZI,allopathic,ediplex-zisyrup,Syrup,Iron Polymaltose Complex + Vitamin B Complex + Zinc,,Edruc Limited,"100 ml bottle: ৳ 50.00,200 ml bottle: ৳ 100.00",
13776,Ediplex,allopathic,ediplextablet,Tablet,Vitamin B complex,,Edruc Limited,"Unit Price: ৳ 0.77,(30's pack: ৳ 23.00),",(30's pack: ৳ 23.00)
13777,Ediplex,allopathic,ediplexsyrup,Syrup,Vitamin B complex,,Edruc Limited,"100 ml bottle: ৳ 26.00,200 ml bottle: ৳ 50.00",
6875,Edin DS,allopathic,edin-dspowder-for-suspension250-mg5-ml,Powder for Suspension,Cephradine,250 mg/5 ml,Millat Pharmaceuticals Ltd.,100 ml bottle: ৳ 120.00,
6876,Edin,allopathic,edinpediatric-drops125-mg125-ml,Pediatric Drops,Cephradine,125 mg/1.25 ml,Millat Pharmaceuticals Ltd.,15 ml bottle: ৳ 50.00,
6874,Edin,allopathic,edinpowder-for-suspension125-mg5-ml,Powder for Suspension,Cephradine,125 mg/5 ml,Millat Pharmaceuticals Ltd.,100 ml bottle: ৳ 86.00,
6873,Edin,allopathic,edincapsule500-mg,Capsule,Cephradine,500 mg,Millat Pharmaceuticals Ltd.,"Unit Price: ৳ 12.50,(20's pack: ৳ 250.00),",(20's pack: ৳ 250.00)
28573,Ace Power,allopathic,ace-powertablet1000-mg,Tablet,Paracetamol,1000 mg,Square Pharmaceuticals Ltd.,"Unit Price: ৳ 1.39,(100's pack: ৳ 139.00),",(100's pack: ৳ 139.00)
29940,Efopam,allopathic,efopamtablet30-mg,Tablet,Nefopam Hydrochloride,30 mg,Eskayef Pharmaceuticals Ltd.,"Unit Price: ৳ 3.00,(60's pack: ৳ 180.00),",(60's pack: ৳ 180.00)
13283,Efol ER,allopathic,efol-ercapsule-extended-release150-mg05-mg618-mg,Capsule (Extended Release),Ferrous Sulfate + Folic Acid + Zinc Sulfate,150 mg+0.5 mg+61.8 mg,Beximco Pharmaceuticals Ltd.,"Unit Price: ৳ 2.51,(50's pack: ৳ 125.40),",(50's pack: ৳ 125.40)
26436,Efodio,allopathic,efodiotablet10-mg,Tablet,Domperidone Maleate,10 mg,Radiant Pharmaceuticals Ltd.,"Unit Price: ৳ 4.00,(100's pack: ৳ 400.00),",(100's pack: ৳ 400.00)
6237,Eflucin,allopathic,eflucincapsule250-mg,Capsule,Flucloxacillin Sodium,250 mg,Jayson Pharmaceuticals Ltd.,"Unit Price: ৳ 5.79,(20's pack: ৳ 115.80),",(20's pack: ৳ 115.80)
6238,Eflucin,allopathic,eflucincapsule500-mg,Capsule,Flucloxacillin Sodium,500 mg,Jayson Pharmaceuticals Ltd.,"Unit Price: ৳ 10.07,(20's pack: ৳ 201.40),",(20's pack: ৳ 201.40)
6239,Eflucin,allopathic,eflucinpowder-for-suspension125-mg5-ml,Powder for Suspension,Flucloxacillin Sodium,125 mg/5 ml,Jayson Pharmaceuticals Ltd.,100 ml bottle: ৳ 61.43,
6240,Eflucin,allopathic,eflucinimiv-injection250-mgvial,IM/IV Injection,Flucloxacillin Sodium,250 mg/vial,Jayson Pharmaceuticals Ltd.,"250 mg vial: ৳ 30.00,(5's pack: ৳ 150.00),",(5's pack: ৳ 150.00)
6241,Eflucin,allopathic,eflucinimiv-injection500-mgvial,IM/IV Injection,Flucloxacillin Sodium,500 mg/vial,Jayson Pharmaceuticals Ltd.,"500 mg vial: ৳ 40.00,(5's pack: ৳ 200.00),",(5's pack: ৳ 200.00)
28075,Efloxin,allopathic,efloxintablet750-mg,Tablet,Ciprofloxacin,750 mg,Ethical Drug Ltd.,"Unit Price: ৳ 18.00,(20's pack: ৳ 360.00),",(20's pack: ৳ 360.00)
28074,Efloxin,allopathic,efloxinpowder-for-suspension250-mg5-ml,Powder for Suspension,Ciprofloxacin,250 mg/5 ml,Ethical Drug Ltd.,60 ml bottle: ৳ 100.00,
28073,Efloxin,allopathic,efloxintablet250-mg,Tablet,Ciprofloxacin,250 mg,Ethical Drug Ltd.,"Unit Price: ৳ 7.50,(30's pack: ৳ 225.00),",(30's pack: ৳ 225.00)
28072,Efloxin,allopathic,efloxintablet500-mg,Tablet,Ciprofloxacin,500 mg,Ethical Drug Ltd.,"Unit Price: ৳ 14.00,(30's pack: ৳ 420.00),",(30's pack: ৳ 420.00)
11180,Eflam,allopathic,eflamtablet60-mg,Tablet,Etoricoxib,60 mg,Apex Pharmaceuticals Ltd.,"Unit Price: ৳ 7.00,(30's pack: ৳ 210.00),",(30's pack: ৳ 210.00)
11181,Eflam,allopathic,eflamtablet90-mg,Tablet,Etoricoxib,90 mg,Apex Pharmaceuticals Ltd.,"Unit Price: ৳ 12.00,(30's pack: ৳ 360.00),",(30's pack: ৳ 360.00)
11182,Eflam,allopathic,eflamtablet120-mg,Tablet,Etoricoxib,120 mg,Apex Pharmaceuticals Ltd.,"Unit Price: ৳ 14.00,(20's pack: ৳ 280.00),",(20's pack: ৳ 280.00)
30875,Efitaz,allopathic,efitaziv-infusion4-gm05-gmvial,IV Infusion,Piperacillin + Tazobactam,(4 gm+0.5 gm)/vial,Radiant Pharmaceuticals Ltd.,"4.5 gm vial: ৳ 1,003.00",
3255,Efirel,allopathic,efireltablet10-mg,Tablet,Prasugrel Hydrochloride,10 mg,Opsonin Pharma Ltd.,"Unit Price: ৳ 20.00,(10's pack: ৳ 200.00),",(10's pack: ৳ 200.00)
3254,Efirel,allopathic,efireltablet5-mg,Tablet,Prasugrel Hydrochloride,5 mg,Opsonin Pharma Ltd.,"Unit Price: ৳ 12.00,(20's pack: ৳ 240.00),",(20's pack: ৳ 240.00)
14379,Effical,allopathic,efficaltablet400-mg,Tablet,Calcium Orotate,400 mg,Globe Pharmaceuticals Ltd.,"Unit Price: ৳ 8.00,(30's pack: ৳ 240.00),",(30's pack: ৳ 240.00)
30754,Efepime,allopathic,efepimeiv-injection2-gmvial,IV Injection,Cefepime Hydrochloride,2 gm/vial,Ziska Pharmaceuticals Ltd.,"2 gm vial: ৳ 1,100.00",
30753,Efepime,allopathic,efepimeimiv-injection1-gmvial,IM/IV Injection,Cefepime Hydrochloride,1 gm/vial,Ziska Pharmaceuticals Ltd.,1 gm vial: ৳ 550.00,
30752,Efepime,allopathic,efepimeimiv-injection500-mgvial,IM/IV Injection,Cefepime Hydrochloride,500 mg/vial,Ziska Pharmaceuticals Ltd.,500 mg vial: ৳ 300.00,
7449,Efdinir,allopathic,efdinircapsule300-mg,Capsule,Cefdinir,300 mg,Incepta Pharmaceuticals Ltd.,"Unit Price: ৳ 45.00,(8's pack: ৳ 360.00),",(8's pack: ৳ 360.00)
7450,Efdinir,allopathic,efdinirpowder-for-suspension125-mg5-ml,Powder for Suspension,Cefdinir,125 mg/5 ml,Incepta Pharmaceuticals Ltd.,60 ml bottle: ৳ 175.00,
24275,Efaxim,allopathic,efaximtablet200-mg,Tablet,Rifaximin,200 mg,Square Pharmaceuticals Ltd.,"Unit Price: ৳ 20.00,(10's pack: ৳ 200.00),",(10's pack: ৳ 200.00)
24274,Efaxim,allopathic,efaximtablet550-mg,Tablet,Rifaximin,550 mg,Square Pharmaceuticals Ltd.,"Unit Price: ৳ 45.00,(10's pack: ৳ 450.00),",(10's pack: ৳ 450.00)
6071,Edysta,allopathic,edystatablet5-mg,Tablet,Tadalafil,5 mg,UniMed UniHealth,"Unit Price: ৳ 18.00,(20's pack: ৳ 360.00),",(20's pack: ৳ 360.00)
6072,Edysta,allopathic,edystatablet10-mg,Tablet,Tadalafil,10 mg,UniMed UniHealth,"Unit Price: ৳ 35.00,(10's pack: ৳ 350.00),",(10's pack: ৳ 350.00)
24786,Edysta,allopathic,edystatablet25-mg,Tablet,Tadalafil,2.5 mg,UniMed UniHealth,"Unit Price: ৳ 10.00,(20's pack: ৳ 200.00),",(20's pack: ৳ 200.00)
6073,Edysta,allopathic,edystatablet20-mg,Tablet,Tadalafil,20 mg,UniMed UniHealth,"Unit Price: ৳ 60.00,(10's pack: ৳ 600.00),",(10's pack: ৳ 600.00)
10557,Ace Plus,allopathic,ace-plustablet500-mg65-mg,Tablet,Paracetamol + Caffeine,500 mg+65 mg,Square Pharmaceuticals Ltd.,"Unit Price: ৳ 2.51,(200's pack: ৳ 502.00),",(200's pack: ৳ 502.00)
7551,Elexime,allopathic,eleximepowder-for-suspension100-mg5-ml,Powder for Suspension,Cefixime Trihydrate,100 mg/5 ml,Reliance Pharmaceuticals Ltd.,50 ml bottle: ৳ 160.00,
4933,Eletam,allopathic,eletamoral-solution500-mg5-ml,Oral Solution,Levetiracetam,500 mg/5 ml,UniMed UniHealth,100 ml bottle: ৳ 400.00,
4931,Eletam,allopathic,eletamtablet250-mg,Tablet,Levetiracetam,250 mg,UniMed UniHealth,"Unit Price: ৳ 16.00,(20's pack: ৳ 320.00),",(20's pack: ৳ 320.00)
4932,Eletam,allopathic,eletamtablet500-mg,Tablet,Levetiracetam,500 mg,UniMed UniHealth,"Unit Price: ৳ 30.00,(20's pack: ৳ 600.00),",(20's pack: ৳ 600.00)
14891,Electrosal,allopathic,electrosaliv-infusion,IV Infusion,Hartmann's Solution,,Popular Pharmaceuticals Ltd.,"500 ml bag: ৳ 71.30,1000 ml bag: ৳ 92.00",
379,Electrodex,allopathic,electrodexiv-infusion022510,IV Infusion,Sodium Chloride + Dextrose,0.225%+10%,Orion Infusion Ltd.,"500 ml bag: ৳ 65.56,1000 ml bag: ৳ 90.42",
14836,Electro-K,allopathic,electro-ksyrup500-mg5-ml,Syrup,Potassium Chloride,500 mg/5 ml,ACME Laboratories Ltd.,100 ml bottle: ৳ 20.00,
14835,Electro-K,allopathic,electro-ktablet600-mg,Tablet,Potassium Chloride,600 mg,ACME Laboratories Ltd.,"Unit Price: ৳ 0.60,(100's pack: ৳ 60.00),",(100's pack: ৳ 60.00)
30886,Elazol,allopathic,elazoltablet200-mg,Tablet,Voriconazole,200 mg,Renata Limited,"Unit Price: ৳ 120.00,(8's pack: ৳ 960.00),",(8's pack: ৳ 960.00)
30869,Elazol,allopathic,elazoltablet50-mg,Tablet,Voriconazole,50 mg,Renata Limited,"Unit Price: ৳ 50.00,(8's pack: ৳ 400.00),",(8's pack: ৳ 400.00)
32621,Elargen,allopathic,elargentablet20-mg,Tablet,Bilastine,20 mg,Delta Pharma Ltd.,"Unit Price: ৳ 10.00,(30's pack: ৳ 300.00),",(30's pack: ৳ 300.00)
32036,Elagox,allopathic,elagoxtablet150-mg,Tablet,Elagolix,150 mg,Nuvista Pharma Ltd.,"Unit Price: ৳ 170.00,(10's pack: ৳ 1,700.00),","(10's pack: ৳ 1,700.00)"
12193,Eladin,allopathic,eladintablet10-mg,Tablet,Loratadine,10 mg,Jayson Pharmaceuticals Ltd.,"Unit Price: ৳ 3.05,(50's pack: ৳ 152.50),",(50's pack: ৳ 152.50)
12194,Eladin,allopathic,eladinoral-suspension5-mg5-ml,Oral Suspension,Loratadine,5 mg/5 ml,Jayson Pharmaceuticals Ltd.,60 ml bottle: ৳ 26.48,
27259,Ekzina,allopathic,ekzinaointment0053,Ointment,Clobetasol Propionate + Salicylic Acid,0.05%+3%,Medicon Pharmaceuticals Ltd.,10 gm tube: ৳ 64.77,
15312,Eket,allopathic,ekettablet10-mg,Tablet,Ketorolac Tromethamine,10 mg,Edruc Limited,"Unit Price: ৳ 10.00,(20's pack: ৳ 200.00),",(20's pack: ৳ 200.00)
15313,Eket,allopathic,eketimiv-injection30-mgml,IM/IV Injection,Ketorolac Tromethamine,30 mg/ml,Edruc Limited,"1 ml ampoule: ৳ 50.00,(5's pack: ৳ 250.00),",(5's pack: ৳ 250.00)
16400,Ejalong,allopathic,ejalongtablet60-mg,Tablet,Dapoxetine Hydrochloride,60 mg,Drug International Ltd.,"Unit Price: ৳ 40.00,(6's pack: ৳ 240.00),",(6's pack: ৳ 240.00)
16399,Ejalong,allopathic,ejalongtablet30-mg,Tablet,Dapoxetine Hydrochloride,30 mg,Drug International Ltd.,"Unit Price: ৳ 20.00,(6's pack: ৳ 120.00),",(6's pack: ৳ 120.00)
1576,Egut,allopathic,eguttablet10-mg,Tablet,Domperidone Maleate,10 mg,Euro Pharma Ltd.,"Unit Price: ৳ 2.50,(100's pack: ৳ 250.00),",(100's pack: ৳ 250.00)
1577,Egut,allopathic,egutoral-suspension5-mg5-ml,Oral Suspension,Domperidone Maleate,5 mg/5 ml,Euro Pharma Ltd.,60 ml bottle: ৳ 35.00,
29378,Egolix,allopathic,egolixtablet200-mg,Tablet,Elagolix,200 mg,ACME Laboratories Ltd.,"Unit Price: ৳ 235.00,(10's pack: ৳ 2,350.00),","(10's pack: ৳ 2,350.00)"
8390,Egen,allopathic,egenimiv-injection80-mg2-ml,IM/IV Injection,Gentamicin Sulfate (Injection),80 mg/2 ml,Edruc Limited,"2 ml ampoule: ৳ 9.50,(5's pack: ৳ 47.50),",(5's pack: ৳ 47.50)
33010,Egaba,allopathic,egabacapsule150-mg,Capsule,Pregabalin,150 mg,Euro Pharma Ltd.,Unit Price: ৳ 30.00,
27234,Egaba,allopathic,egabacapsule50-mg,Capsule,Pregabalin,50 mg,Euro Pharma Ltd.,"Unit Price: ৳ 13.00,(30's pack: ৳ 390.00),",(30's pack: ৳ 390.00)
27236,Egaba,allopathic,egabacapsule100-mg,Capsule,Pregabalin,100 mg,Euro Pharma Ltd.,"Unit Price: ৳ 22.00,(20's pack: ৳ 440.00),",(20's pack: ৳ 440.00)
27235,Egaba,allopathic,egabacapsule75-mg,Capsule,Pregabalin,75 mg,Euro Pharma Ltd.,"Unit Price: ৳ 17.00,(30's pack: ৳ 510.00),",(30's pack: ৳ 510.00)
6878,Efrad,allopathic,efradcapsule500-mg,Capsule,Cephradine,500 mg,Edruc Limited,"Unit Price: ৳ 12.50,(32's pack: ৳ 400.00),",(32's pack: ৳ 400.00)
6877,Efrad,allopathic,efradcapsule250-mg,Capsule,Cephradine,250 mg,Edruc Limited,"Unit Price: ৳ 6.50,(20's pack: ৳ 130.00),",(20's pack: ৳ 130.00)
6879,Efrad,allopathic,efradpowder-for-suspension125-mg5-ml,Powder for Suspension,Cephradine,125 mg/5 ml,Edruc Limited,100 ml bottle: ৳ 82.00,
29606,Ace,allopathic,acesyrup120-mg5-ml,Syrup,Paracetamol,120 mg/5 ml,Square Pharmaceuticals Ltd.,"60 ml bottle: ৳ 20.70,100 ml bottle: ৳ 31.88",
30903,Eltrom,allopathic,eltromtablet50-mg,Tablet,Eltrombopag Olamine,50 mg,Jenphar Bangladesh Ltd.,"Unit Price: ৳ 900.00,(14's pack: ৳ 12,600.00),","(14's pack: ৳ 12,600.00)"
30902,Eltrom,allopathic,eltromtablet25-mg,Tablet,Eltrombopag Olamine,25 mg,Jenphar Bangladesh Ltd.,"Unit Price: ৳ 600.00,(14's pack: ৳ 8,400.00),","(14's pack: ৳ 8,400.00)"
15128,Eloxatin,allopathic,eloxatiniv-infusion5-mgml,IV Infusion,Oxaliplatin,5 mg/ml,Synovia pharma plc,"50 mg vial: ৳ 6,226.13,100 mg vial: ৳ 12,338.26",
27503,Elorim,allopathic,elorimcream139,Cream,Eflornithine Hydrochloride,13.90%,Square Pharmaceuticals Ltd.,"30 gm tube: ৳ 1,500.00",
28840,Elopag,allopathic,elopagtablet50-mg,Tablet,Eltrombopag Olamine,50 mg,Everest Pharmaceuticals Ltd.,"Unit Price: ৳ 900.00,(7's pack: ৳ 6,300.00),,Unit Price: ৳ 900.00,(14's pack: ৳ 12,600.00),","(7's pack: ৳ 6,300.00),(14's pack: ৳ 12,600.00)"
28839,Elopag,allopathic,elopagtablet25-mg,Tablet,Eltrombopag Olamine,25 mg,Everest Pharmaceuticals Ltd.,"Unit Price: ৳ 500.00,(7's pack: ৳ 3,500.00),,Unit Price: ৳ 500.00,(14's pack: ৳ 7,000.00),","(7's pack: ৳ 3,500.00),(14's pack: ৳ 7,000.00)"
4487,Elodep,allopathic,elodeptablet10-mg,Tablet,Escitalopram Oxalate,10 mg,ACME Laboratories Ltd.,"Unit Price: ৳ 10.03,(30's pack: ৳ 300.90),",(30's pack: ৳ 300.90)
4486,Elodep,allopathic,elodeptablet5-mg,Tablet,Escitalopram Oxalate,5 mg,ACME Laboratories Ltd.,"Unit Price: ৳ 5.52,(30's pack: ৳ 165.60),",(30's pack: ৳ 165.60)
12711,Elocon,allopathic,eloconcream101,Cream,Econazole Nitrate + Triamcinolone Acetonide,1%+0.1%,Amico Laboratories Ltd.,10 gm tube: ৳ 40.00,
25887,Elocef,allopathic,elocefcapsule500-mg,Capsule,Cephradine,500 mg,Ethical Drug Ltd.,"Unit Price: ৳ 13.00,(42's pack: ৳ 546.00),",(42's pack: ৳ 546.00)
25886,Elocef,allopathic,elocefcapsule250-mg,Capsule,Cephradine,250 mg,Ethical Drug Ltd.,"Unit Price: ৳ 7.00,(48's pack: ৳ 336.00),",(48's pack: ৳ 336.00)
25888,Elocef,allopathic,elocefpowder-for-suspension125-mg5-ml,Powder for Suspension,Cephradine,125 mg/5 ml,Ethical Drug Ltd.,100 ml bottle: ৳ 80.00,
12195,Elo,allopathic,elotablet10-mg,Tablet,Loratadine,10 mg,Edruc Limited,"Unit Price: ৳ 2.50,(100's pack: ৳ 250.00),",(100's pack: ৳ 250.00)
32206,Elmisan,allopathic,elmisancapsule100-mg,Capsule,Pentosan Polysulfate Sodium,100 mg,Healthcare Pharmaceuticals Ltd.,"Unit Price: ৳ 40.00,(20's pack: ৳ 800.00),",(20's pack: ৳ 800.00)
27139,Elmin-DT,allopathic,elmin-dtchewable-tablet400-mg,Chewable Tablet,Albendazole,400 mg,Jayson Pharmaceuticals Ltd.,"Unit Price: ৳ 4.26,(25's pack: ৳ 106.50),",(25's pack: ৳ 106.50)
312,Elmin,allopathic,elminchewable-tablet400-mg,Chewable Tablet,Albendazole,400 mg,Jayson Pharmaceuticals Ltd.,"Unit Price: ৳ 4.50,(25's pack: ৳ 112.50),",(25's pack: ৳ 112.50)
30050,Elivier,allopathic,eliviertablet500-mg,Tablet,Nabumetone,500 mg,Incepta Pharmaceuticals Ltd.,"Unit Price: ৳ 15.00,(30's pack: ৳ 450.00),",(30's pack: ৳ 450.00)
29067,Elisa,allopathic,elisatablet002-mg3-mg,Tablet,Ethinyl Estradiol + Drospirenone (24 tablet),0.02 mg+3 mg,Nuvista Pharma Ltd.,(24 pink+4 white) tablet: ৳ 425.00,
7226,Eliroxime,allopathic,eliroximetablet250-mg,Tablet,Cefuroxime Axetil,250 mg,Reliance Pharmaceuticals Ltd.,"Unit Price: ৳ 25.00,(12's pack: ৳ 300.00),",(12's pack: ৳ 300.00)
7227,Eliroxime,allopathic,eliroximepowder-for-suspension125-mg5-ml,Powder for Suspension,Cefuroxime Axetil,125 mg/5 ml,Reliance Pharmaceuticals Ltd.,60 ml bottle: ৳ 170.34,
32634,Elipta,allopathic,eliptatablet25-mg5-mg,Tablet,Empagliflozin + Linagliptin,25 mg+5 mg,Ziska Pharmaceuticals Ltd.,"Unit Price: ৳ 40.00,(10's pack: ৳ 400.00),",(10's pack: ৳ 400.00)
32633,Elipta,allopathic,eliptatablet10-mg5-mg,Tablet,Empagliflozin + Linagliptin,10 mg+5 mg,Ziska Pharmaceuticals Ltd.,"Unit Price: ৳ 30.00,(10's pack: ৳ 300.00),",(10's pack: ৳ 300.00)
9258,Eliprox,allopathic,eliproxtablet500-mg,Tablet,Ciprofloxacin,500 mg,Reliance Pharmaceuticals Ltd.,"Unit Price: ৳ 14.00,(30's pack: ৳ 420.00),",(30's pack: ৳ 420.00)
12515,Elimate Plus,allopathic,elimate-pluslotion510,Lotion,Permethrin + Crotamiton,5%+10%,Incepta Pharmaceuticals Ltd.,60 ml bottle: ৳ 100.00,
12484,Elimate,allopathic,elimatecream5-ww,Cream,Permethrin,5% w/w,Incepta Pharmaceuticals Ltd.,30 gm tube: ৳ 40.00,
8358,Elidox,allopathic,elidoxcapsule100-mg,Capsule,Doxycycline Hydrochloride,100 mg,Reliance Pharmaceuticals Ltd.,"Unit Price: ৳ 2.00,(100's pack: ৳ 200.00),",(100's pack: ৳ 200.00)
12924,Elfexo,allopathic,elfexooral-suspension30-mg5-ml,Oral Suspension,Fexofenadine Hydrochloride,30 mg/5 ml,Leon Pharmaceuticals Ltd.,50 ml bottle: ৳ 50.00,
12923,Elfexo,allopathic,elfexotablet180-mg,Tablet,Fexofenadine Hydrochloride,180 mg,Leon Pharmaceuticals Ltd.,"Unit Price: ৳ 9.00,(20's pack: ৳ 180.00),",(20's pack: ৳ 180.00)
12922,Elfexo,allopathic,elfexotablet120-mg,Tablet,Fexofenadine Hydrochloride,120 mg,Leon Pharmaceuticals Ltd.,"Unit Price: ৳ 7.00,(30's pack: ৳ 210.00),",(30's pack: ৳ 210.00)
10385,Ace,allopathic,acesuppository500-mg,Suppository,Paracetamol,500 mg,Square Pharmaceuticals Ltd.,"Unit Price: ৳ 8.06,(30's pack: ৳ 241.80),",(30's pack: ৳ 241.80)
10384,Ace,allopathic,acesuppository250-mg,Suppository,Paracetamol,250 mg,Square Pharmaceuticals Ltd.,"Unit Price: ৳ 5.03,(20's pack: ৳ 100.60),,Unit Price: ৳ 5.03,(30's pack: ৳ 150.90),","(20's pack: ৳ 100.60),(30's pack: ৳ 150.90)"
1578,Emedon,allopathic,emedontablet10-mg,Tablet,Domperidone Maleate,10 mg,Cosmic Pharma Ltd.,"Unit Price: ৳ 2.00,(100's pack: ৳ 200.00),",(100's pack: ৳ 200.00)
19301,Emectil,allopathic,emectilsyrup25-mg5-ml,Syrup,Chlorpromazine Hydrochloride,25 mg/5 ml,Pharmik Laboratories Ltd.,30 ml bottle: ৳ 12.00,
29492,Emect,allopathic,emecttablet6-mg,Tablet,Ivermectin (Tablet),6 mg,Cosmic Pharma Ltd.,"Unit Price: ৳ 10.00,(10's pack: ৳ 100.00),",(10's pack: ৳ 100.00)
6100,Emcon 1,allopathic,emcon-1tablet15-mg,Tablet,Levonorgestrel,1.5 mg,Renata Limited,1 tablet pack: ৳ 70.00,
33057,Emcon,allopathic,emcontablet075-mg,Tablet,Levonorgestrel,0.75 mg,Renata Limited,2 tablet pack: ৳ 60.00,
6683,Emcil,allopathic,emciltablet200-mg,Tablet,Pivmecillinam,200 mg,Square Pharmaceuticals Ltd.,"Unit Price: ৳ 15.05,(30's pack: ৳ 451.50),",(30's pack: ৳ 451.50)
32402,Embelin,allopathic,embelintablet5-mg,Tablet,Ambrisentan,5 mg,Incepta Pharmaceuticals Ltd.,"Unit Price: ৳ 40.00,(20's pack: ৳ 800.00),",(20's pack: ৳ 800.00)
28683,Emazid M,allopathic,emazid-mtablet5-mg500-mg,Tablet,Empagliflozin + Metformin Hydrochloride,5 mg+500 mg,Eskayef Pharmaceuticals Ltd.,"Unit Price: ৳ 15.00,(20's pack: ৳ 300.00),,Unit Price: ৳ 15.00,(30's pack: ৳ 450.00),","(20's pack: ৳ 300.00),(30's pack: ৳ 450.00)"
32743,Emazid L,allopathic,emazid-ltablet25-mg5-mg,Tablet,Empagliflozin + Linagliptin,25 mg+5 mg,Eskayef Pharmaceuticals Ltd.,"Unit Price: ৳ 40.00,(10's pack: ৳ 400.00),",(10's pack: ৳ 400.00)
32742,Emazid L,allopathic,emazid-ltablet10-mg5-mg,Tablet,Empagliflozin + Linagliptin,10 mg+5 mg,Eskayef Pharmaceuticals Ltd.,"Unit Price: ৳ 30.00,(10's pack: ৳ 300.00),",(10's pack: ৳ 300.00)
27111,Emazid,allopathic,emazidtablet10-mg,Tablet,Empagliflozin,10 mg,Eskayef Pharmaceuticals Ltd.,"Unit Price: ৳ 25.00,(20's pack: ৳ 500.00),",(20's pack: ৳ 500.00)
27110,Emazid,allopathic,emazidtablet25-mg,Tablet,Empagliflozin,25 mg,Eskayef Pharmaceuticals Ltd.,"Unit Price: ৳ 40.00,(10's pack: ৳ 400.00),",(10's pack: ৳ 400.00)
11584,Emaprox,allopathic,emaproxtablet-delayed-release500-mg20-mg,Tablet (Delayed Release),Naproxen Sodium + Esomeprazole Magnesium,500 mg+20 mg,Globe Pharmaceuticals Ltd.,"Unit Price: ৳ 10.00,(30's pack: ৳ 300.00),",(30's pack: ৳ 300.00)
11585,Emaprox,allopathic,emaproxtablet-delayed-release375-mg20-mg,Tablet (Delayed Release),Naproxen Sodium + Esomeprazole Magnesium,375 mg+20 mg,Globe Pharmaceuticals Ltd.,"Unit Price: ৳ 8.00,(30's pack: ৳ 240.00),",(30's pack: ৳ 240.00)
26300,Ema,allopathic,emacapsule-delayed-release20-mg,Capsule (Delayed Release),Esomeprazole,20 mg,Globe Pharmaceuticals Ltd.,"Unit Price: ৳ 7.00,(60's pack: ৳ 420.00),",(60's pack: ৳ 420.00)
1988,Ema,allopathic,ematablet-enteric-coated20-mg,Tablet (Enteric Coated),Esomeprazole,20 mg,Globe Pharmaceuticals Ltd.,"Unit Price: ৳ 6.00,(30's pack: ৳ 180.00),",(30's pack: ৳ 180.00)
26301,Ema,allopathic,emacapsule-delayed-release40-mg,Capsule (Delayed Release),Esomeprazole,40 mg,Globe Pharmaceuticals Ltd.,"Unit Price: ৳ 9.00,(50's pack: ৳ 450.00),",(50's pack: ৳ 450.00)
1989,Ema,allopathic,ematablet-enteric-coated40-mg,Tablet (Enteric Coated),Esomeprazole,40 mg,Globe Pharmaceuticals Ltd.,"Unit Price: ৳ 8.00,(30's pack: ৳ 240.00),",(30's pack: ৳ 240.00)
1990,Ema,allopathic,emaiv-injection40-mgvial,IV Injection,Esomeprazole,40 mg/vial,Globe Pharmaceuticals Ltd.,40 mg vial: ৳ 80.00,
28989,EM-Pill,allopathic,em-pilltablet30-mg,Tablet,Ulipristal Acetate [For emergency contraception],30 mg,ACME Laboratories Ltd.,Unit Price: ৳ 195.00,
8435,EM,allopathic,empowder-for-suspension125-mg5-ml,Powder for Suspension,Erythromycin (Oral),125 mg/5 ml,Modern Pharmaceuticals Ltd.,100 ml bottle: ৳ 60.00,
8434,EM,allopathic,emtablet500-mg,Tablet,Erythromycin (Oral),500 mg,Modern Pharmaceuticals Ltd.,"Unit Price: ৳ 8.00,(20's pack: ৳ 160.00),",(20's pack: ৳ 160.00)
10202,Elygyl,allopathic,elygyloral-suspension200-mg5-ml,Oral Suspension,Metronidazole,200 mg/5 ml,S.N. Pharmaceutical Ltd.,60 ml bottle: ৳ 22.00,
10203,Elygyl,allopathic,elygyltablet400-mg,Tablet,Metronidazole,400 mg,S.N. Pharmaceutical Ltd.,"Unit Price: ৳ 1.00,(100's pack: ৳ 100.00),",(100's pack: ৳ 100.00)
29978,Elvina,allopathic,elvinatablet250-mg,Tablet,Terbinafine Hydrochloride,250 mg,Healthcare Pharmaceuticals Ltd.,"Unit Price: ৳ 50.00,(10's pack: ৳ 500.00),",(10's pack: ৳ 500.00)
29979,Elvina,allopathic,elvinacream1,Cream,Terbinafine Hydrochloride,1%,Healthcare Pharmaceuticals Ltd.,10 gm tube: ৳ 80.00,
26740,Eluxan,allopathic,eluxantablet100-mg,Tablet,Eluxadoline,100 mg,Ziska Pharmaceuticals Ltd.,"Unit Price: ৳ 170.00,(10's pack: ৳ 1,700.00),","(10's pack: ৳ 1,700.00)"
29445,Eluxan,allopathic,eluxantablet75-mg,Tablet,Eluxadoline,75 mg,Ziska Pharmaceuticals Ltd.,"Unit Price: ৳ 125.00,(10's pack: ৳ 1,250.00),","(10's pack: ৳ 1,250.00)"
5726,Eltroxin,allopathic,eltroxintablet50-mcg,Tablet,Levothyroxine Sodium,50 mcg,GlaxoSmithKline,"Unit Price: ৳ 2.55,(100's pack: ৳ 255.00),",(100's pack: ৳ 255.00)
27596,Eltropag,allopathic,eltropagtablet25-mg,Tablet,Eltrombopag Olamine,25 mg,Incepta Pharmaceuticals Ltd.,"Unit Price: ৳ 500.00,(10's pack: ৳ 5,000.00),","(10's pack: ৳ 5,000.00)"
10383,Ace,allopathic,acesuppository125-mg,Suppository,Paracetamol,125 mg,Square Pharmaceuticals Ltd.,"Unit Price: ৳ 4.03,(30's pack: ৳ 120.90),",(30's pack: ৳ 120.90)
32573,Emfolin,allopathic,emfolintablet10-mg5-mg,Tablet,Empagliflozin + Linagliptin,10 mg+5 mg,General Pharmaceuticals Ltd.,"Unit Price: ৳ 30.00,(30's pack: ৳ 900.00),",(30's pack: ৳ 900.00)
32574,Emfolin,allopathic,emfolintablet25-mg5-mg,Tablet,Empagliflozin + Linagliptin,25 mg+5 mg,General Pharmaceuticals Ltd.,"Unit Price: ৳ 40.00,(30's pack: ৳ 1,200.00),","(30's pack: ৳ 1,200.00)"
29998,Emfogen M,allopathic,emfogen-mtablet5-mg500-mg,Tablet,Empagliflozin + Metformin Hydrochloride,5 mg+500 mg,General Pharmaceuticals Ltd.,"Unit Price: ৳ 15.00,(30's pack: ৳ 450.00),",(30's pack: ৳ 450.00)
26549,Emfogen,allopathic,emfogentablet25-mg,Tablet,Empagliflozin,25 mg,General Pharmaceuticals Ltd.,"Unit Price: ৳ 40.00,(10's pack: ৳ 400.00),",(10's pack: ৳ 400.00)
26548,Emfogen,allopathic,emfogentablet10-mg,Tablet,Empagliflozin,10 mg,General Pharmaceuticals Ltd.,"Unit Price: ৳ 25.00,(20's pack: ৳ 500.00),",(20's pack: ৳ 500.00)
4632,Emezin Plus,allopathic,emezin-plustablet25-mg50-mg,Tablet,Meclizine + Pyridoxine,25 mg+50 mg,Eskayef Pharmaceuticals Ltd.,"Unit Price: ৳ 3.00,(50's pack: ৳ 150.00),",(50's pack: ৳ 150.00)
4613,Emezin,allopathic,emezintablet50-mg,Tablet,Meclizine Hydrochloride,50 mg,Eskayef Pharmaceuticals Ltd.,"Unit Price: ৳ 2.50,(50's pack: ৳ 125.00),",(50's pack: ৳ 125.00)
23029,Emez,allopathic,emezcapsule-delayed-release40-mg,Capsule (Delayed Release),Omeprazole,40 mg,Edruc Limited,"Unit Price: ৳ 8.00,(30's pack: ৳ 240.00),",(30's pack: ৳ 240.00)
1812,Emez,allopathic,emezcapsule-delayed-release20-mg,Capsule (Delayed Release),Omeprazole,20 mg,Edruc Limited,"Unit Price: ৳ 5.00,(60's pack: ৳ 300.00),",(60's pack: ৳ 300.00)
27594,Emestop,allopathic,emestopcapsule125-mg,Capsule,Aprepitant,125 mg,Incepta Pharmaceuticals Ltd.,"Unit Price: ৳ 150.00,(4's pack: ৳ 600.00),",(4's pack: ৳ 600.00)
985,Emestop,allopathic,emestopcapsule40-mg,Capsule,Aprepitant,40 mg,Incepta Pharmaceuticals Ltd.,"Unit Price: ৳ 50.00,(4's pack: ৳ 200.00),",(4's pack: ৳ 200.00)
23191,Emeset,allopathic,emesetoral-solution4-mg5-ml,Oral Solution,Ondansetron,4 mg/5 ml,Veritas Pharmaceuticals Ltd.,50 ml bottle: ৳ 45.14,
23190,Emeset,allopathic,emesettablet8-mg,Tablet,Ondansetron,8 mg,Veritas Pharmaceuticals Ltd.,"Unit Price: ৳ 10.00,(30's pack: ৳ 300.00),",(30's pack: ৳ 300.00)
23182,Emeren,allopathic,emerenoral-solution4-mg5-ml,Oral Solution,Ondansetron,4 mg/5 ml,Renata Limited,50 ml bottle: ৳ 30.00,
4726,Emeren,allopathic,emerenimiv-injection8-mg4-ml,IM/IV Injection,Ondansetron,8 mg/4 ml,Renata Limited,"4 ml ampoule: ৳ 32.00,(5's pack: ৳ 160.00),",(5's pack: ৳ 160.00)
4725,Emeren,allopathic,emerentablet8-mg,Tablet,Ondansetron,8 mg,Renata Limited,"Unit Price: ৳ 11.00,(30's pack: ৳ 330.00),",(30's pack: ৳ 330.00)
4724,Emeren,allopathic,emerentablet4-mg,Tablet,Ondansetron,4 mg,Renata Limited,"Unit Price: ৳ 6.00,(30's pack: ৳ 180.00),",(30's pack: ৳ 180.00)
29488,Emer,allopathic,emerinjection200-mgml,Injection,Phenobarbital,200 mg/ml,Opsonin Pharma Ltd.,"1 ml ampoule: ৳ 16.05,(5's pack: ৳ 80.25),",(5's pack: ৳ 80.25)
4958,Emer,allopathic,emertablet30-mg,Tablet,Phenobarbital,30 mg,Opsonin Pharma Ltd.,"Unit Price: ৳ 0.78,(100's pack: ৳ 78.00),",(100's pack: ৳ 78.00)
4959,Emer,allopathic,emertablet60-mg,Tablet,Phenobarbital,60 mg,Opsonin Pharma Ltd.,"Unit Price: ৳ 1.14,(100's pack: ৳ 114.00),",(100's pack: ৳ 114.00)
4960,Emer,allopathic,emeroral-solution20-mg5-ml,Oral Solution,Phenobarbital,20 mg/5 ml,Opsonin Pharma Ltd.,100 ml bottle: ৳ 57.32,
1994,Emep,allopathic,emepiv-injection40-mgvial,IV Injection,Esomeprazole,40 mg/vial,Aristopharma Ltd.,40 mg vial: ৳ 90.00,
1993,Emep,allopathic,emepcapsule-delayed-release40-mg,Capsule (Delayed Release),Esomeprazole,40 mg,Aristopharma Ltd.,"Unit Price: ৳ 9.00,(40's pack: ৳ 360.00),",(40's pack: ৳ 360.00)
1991,Emep,allopathic,emeptablet-enteric-coated20-mg,Tablet (Enteric Coated),Esomeprazole,20 mg,Aristopharma Ltd.,"Unit Price: ৳ 5.00,(60's pack: ৳ 300.00),",(60's pack: ৳ 300.00)
1992,Emep,allopathic,emepcapsule-delayed-release20-mg,Capsule (Delayed Release),Esomeprazole,20 mg,Aristopharma Ltd.,"Unit Price: ৳ 7.00,(60's pack: ৳ 420.00),",(60's pack: ৳ 420.00)
4631,Emenil Plus,allopathic,emenil-plustablet25-mg50-mg,Tablet,Meclizine + Pyridoxine,25 mg+50 mg,Incepta Pharmaceuticals Ltd.,"Unit Price: ৳ 3.00,(100's pack: ৳ 300.00),",(100's pack: ৳ 300.00)
29487,Emend,allopathic,emendcapsule125-mg,Capsule,Aprepitant,125 mg,Opsonin Pharma Ltd.,Unit Price: ৳ 150.00,
984,Emend,allopathic,emendcapsule40-mg,Capsule,Aprepitant,40 mg,Opsonin Pharma Ltd.,"Unit Price: ৳ 45.13,(10's pack: ৳ 451.30),",(10's pack: ৳ 451.30)
4630,Emego Plus,allopathic,emego-plustablet25-mg50-mg,Tablet,Meclizine + Pyridoxine,25 mg+50 mg,Opsonin Pharma Ltd.,"Unit Price: ৳ 3.00,(50's pack: ৳ 150.00),",(50's pack: ৳ 150.00)
29977,Emedox,allopathic,emedoxtablet-extended-release20-mg20-mg,Tablet (Extended Release),Pyridoxine Hydrochloride + Doxylamine Succinate,20 mg+20 mg,Popular Pharmaceuticals Ltd.,"Unit Price: ৳ 9.00,(30's pack: ৳ 270.00),",(30's pack: ৳ 270.00)
10381,Ace,allopathic,acepediatric-drops80-mgml,Pediatric Drops,Paracetamol,80 mg/ml,Square Pharmaceuticals Ltd.,30 ml bottle: ৳ 20.70,
30161,Emixef,allopathic,emixeftablet200-mg,Tablet,Cefixime Trihydrate,200 mg,Incepta Pharmaceuticals Ltd.,"Unit Price: ৳ 35.00,(12's pack: ৳ 420.00),",(12's pack: ৳ 420.00)
7552,Emixef,allopathic,emixefcapsule200-mg,Capsule,Cefixime Trihydrate,200 mg,Incepta Pharmaceuticals Ltd.,"Unit Price: ৳ 35.00,(12's pack: ৳ 420.00),",(12's pack: ৳ 420.00)
7554,Emixef,allopathic,emixefpowder-for-suspension100-mg5-ml,Powder for Suspension,Cefixime Trihydrate,100 mg/5 ml,Incepta Pharmaceuticals Ltd.,"30 ml bottle: ৳ 130.00,40 ml bottle: ৳ 170.00,50 ml bottle: ৳ 210.00,75 ml bottle: ৳ 240.00",
26201,Emixef,allopathic,emixefpediatric-drops25-mgml,Pediatric Drops,Cefixime Trihydrate,25 mg/ml,Incepta Pharmaceuticals Ltd.,21 ml bottle: ৳ 100.00,
7553,Emixef,allopathic,emixefcapsule400-mg,Capsule,Cefixime Trihydrate,400 mg,Incepta Pharmaceuticals Ltd.,"Unit Price: ৳ 50.00,(8's pack: ৳ 400.00),",(8's pack: ৳ 400.00)
27804,Emitof,allopathic,emitoftablet8-mg,Tablet,Ondansetron,8 mg,Rangs Pharmaceuticals Ltd.,"Unit Price: ৳ 10.00,(30's pack: ৳ 300.00),",(30's pack: ৳ 300.00)
27803,Emitof,allopathic,emitoftablet4-mg,Tablet,Ondansetron,4 mg,Rangs Pharmaceuticals Ltd.,"Unit Price: ৳ 5.00,(30's pack: ৳ 150.00),",(30's pack: ৳ 150.00)
27436,Emiteron,allopathic,emiterontablet8-mg,Tablet,Ondansetron,8 mg,Premier Pharmaceuticals Ltd.,"Unit Price: ৳ 9.00,(30's pack: ৳ 270.00),",(30's pack: ৳ 270.00)
4677,Emitab,allopathic,emitabtablet5-mg,Tablet,Prochlorperazine Maleate,5 mg,Sonear Laboratories Ltd.,"Unit Price: ৳ 0.38,(100's pack: ৳ 38.00),",(100's pack: ৳ 38.00)
4732,Emiston,allopathic,emistonimiv-injection8-mg4-ml,IM/IV Injection,Ondansetron,8 mg/4 ml,Ibn Sina Pharmaceuticals Ltd.,"4 ml ampoule: ৳ 25.00,(5's pack: ৳ 125.00),",(5's pack: ৳ 125.00)
4731,Emiston,allopathic,emistontablet8-mg,Tablet,Ondansetron,8 mg,Ibn Sina Pharmaceuticals Ltd.,"Unit Price: ৳ 11.00,(30's pack: ৳ 330.00),",(30's pack: ৳ 330.00)
23152,Emiston,allopathic,emistonoral-solution4-mg5-ml,Oral Solution,Ondansetron,4 mg/5 ml,Ibn Sina Pharmaceuticals Ltd.,50 ml bottle: ৳ 50.00,
4727,Emistat,allopathic,emistatflash-tablet4-mg,Flash Tablet,Ondansetron,4 mg,Healthcare Pharmaceuticals Ltd.,"Unit Price: ৳ 6.00,(30's pack: ৳ 180.00),",(30's pack: ৳ 180.00)
4728,Emistat,allopathic,emistattablet8-mg,Tablet,Ondansetron,8 mg,Healthcare Pharmaceuticals Ltd.,"Unit Price: ৳ 11.00,(50's pack: ৳ 550.00),",(50's pack: ৳ 550.00)
4729,Emistat,allopathic,emistatimiv-injection8-mg4-ml,IM/IV Injection,Ondansetron,8 mg/4 ml,Healthcare Pharmaceuticals Ltd.,"4 ml ampoule: ৳ 32.00,(10's pack: ৳ 320.00),",(10's pack: ৳ 320.00)
4730,Emistat,allopathic,emistatoral-solution4-mg5-ml,Oral Solution,Ondansetron,4 mg/5 ml,Healthcare Pharmaceuticals Ltd.,50 ml bottle: ৳ 50.00,
29351,Emistat,allopathic,emistatflash-tablet8-mg,Flash Tablet,Ondansetron,8 mg,Healthcare Pharmaceuticals Ltd.,"Unit Price: ৳ 11.00,(30's pack: ৳ 330.00),",(30's pack: ৳ 330.00)
27850,Emiset,allopathic,emisettablet8-mg,Tablet,Ondansetron,8 mg,Alco Pharma Ltd.,"Unit Price: ৳ 10.00,(30's pack: ৳ 300.00),",(30's pack: ৳ 300.00)
27851,Emiset,allopathic,emisetoral-solution4-mg5-ml,Oral Solution,Ondansetron,4 mg/5 ml,Alco Pharma Ltd.,50 ml bottle: ৳ 45.00,
28729,Emirest,allopathic,emirestdispersible-tablet4-mg,Dispersible Tablet,Ondansetron,4 mg,Pharmasia Limited,"Unit Price: ৳ 5.00,(30's pack: ৳ 150.00),",(30's pack: ৳ 150.00)
28730,Emirest,allopathic,emirestoral-solution4-mg5-ml,Oral Solution,Ondansetron,4 mg/5 ml,Pharmasia Limited,50 ml bottle: ৳ 44.00,
18894,Emiprox DS,allopathic,emiprox-dspowder-for-suspension80-mg5-ml,Powder for Suspension,Cefpodoxime Proxetil,80 mg/5 ml,Virgo Pharmaceuticals Ltd.,50 ml bottle: ৳ 170.00,
18893,Emiprox,allopathic,emiproxpowder-for-suspension40-mg5-ml,Powder for Suspension,Cefpodoxime Proxetil,40 mg/5 ml,Virgo Pharmaceuticals Ltd.,50 ml bottle: ৳ 90.00,
28870,Emijoy,allopathic,emijoytablet125-mg5-mg,Tablet,Amitriptyline Hydrochloride + Chlordiazepoxide,12.5 mg+5 mg,Beximco Pharmaceuticals Ltd.,"Unit Price: ৳ 7.00,(50's pack: ৳ 350.00),",(50's pack: ৳ 350.00)
1580,Emidom,allopathic,emidomoral-suspension5-mg5-ml,Oral Suspension,Domperidone Maleate,5 mg/5 ml,Somatec Pharmaceuticals Ltd.,60 ml bottle: ৳ 28.11,
1579,Emidom,allopathic,emidomtablet10-mg,Tablet,Domperidone Maleate,10 mg,Somatec Pharmaceuticals Ltd.,"Unit Price: ৳ 2.50,(100's pack: ৳ 250.00),",(100's pack: ৳ 250.00)
26875,Emidom,allopathic,emidompediatric-drops5-mgml,Pediatric Drops,Domperidone Maleate,5 mg/ml,Somatec Pharmaceuticals Ltd.,15 ml drop: ৳ 20.00,
32693,Emicort,allopathic,emicortimia-injection40-mgml,IM/IA Injection,Triamcinolone Acetonide (Injection),40 mg/ml,Ethical Drug Ltd.,"1 ml vial: ৳ 60.00,(3's pack: ৳ 180.00),",(3's pack: ৳ 180.00)
31445,Emglif,allopathic,emgliftablet25-mg,Tablet,Empagliflozin,25 mg,Orion Pharma Ltd.,"Unit Price: ৳ 45.00,(10's pack: ৳ 450.00),",(10's pack: ৳ 450.00)
31444,Emglif,allopathic,emgliftablet10-mg,Tablet,Empagliflozin,10 mg,Orion Pharma Ltd.,"Unit Price: ৳ 25.00,(30's pack: ৳ 750.00),",(30's pack: ৳ 750.00)
10380,Ace,allopathic,aceoral-suspension120-mg5-ml,Oral Suspension,Paracetamol,120 mg/5 ml,Square Pharmaceuticals Ltd.,60 ml bottle: ৳ 20.70,
28076,Emoxil,allopathic,emoxilcapsule250-mg,Capsule,Amoxicillin Trihydrate,250 mg,Ethical Drug Ltd.,"Unit Price: ৳ 3.00,(100's pack: ৳ 300.00),",(100's pack: ৳ 300.00)
28077,Emoxil,allopathic,emoxilcapsule500-mg,Capsule,Amoxicillin Trihydrate,500 mg,Ethical Drug Ltd.,"Unit Price: ৳ 6.00,(50's pack: ৳ 300.00),",(50's pack: ৳ 300.00)
28079,Emoxil,allopathic,emoxilpowder-for-suspension125-mg5-ml,Powder for Suspension,Amoxicillin Trihydrate,125 mg/5 ml,Ethical Drug Ltd.,100 ml bottle: ৳ 47.00,
28078,Emoxil,allopathic,emoxilpediatric-drops125-mg125-ml,Pediatric Drops,Amoxicillin Trihydrate,125 mg/1.25 ml,Ethical Drug Ltd.,15 ml bottle: ৳ 28.00,
16854,Emox-C,allopathic,emox-ctablet250-mg125-mg,Tablet,Amoxicillin + Clavulanic Acid,250 mg+125 mg,Edruc Limited,"Unit Price: ৳ 20.00,(18's pack: ৳ 360.00),",(18's pack: ৳ 360.00)
16855,Emox-C,allopathic,emox-ctablet500-mg125-mg,Tablet,Amoxicillin + Clavulanic Acid,500 mg+125 mg,Edruc Limited,"Unit Price: ৳ 25.00,(18's pack: ৳ 450.00),",(18's pack: ৳ 450.00)
11111,Emov,allopathic,emovgel1-ww,Gel,Diclofenac Sodium,1% w/w,Edruc Limited,25 gm tube: ৳ 25.00,
26202,Emosoft,allopathic,emosoftointment5050,Ointment,White Soft Paraffin + Liquid Paraffin,50%+50%,Incepta Pharmaceuticals Ltd.,50 gm tube: ৳ 300.00,
31405,Emorivir,allopathic,emorivircapsule200-mg,Capsule,Molnupiravir,200 mg,Beximco Pharmaceuticals Ltd.,"Unit Price: ৳ 45.00,(10's pack: ৳ 450.00),",(10's pack: ৳ 450.00)
1435,Emonium,allopathic,emoniumimiv-injection5-mg2-ml,IM/IV Injection,Tiemonium Methylsulphate,5 mg/2 ml,Beximco Pharmaceuticals Ltd.,"2 ml ampoule: ৳ 15.00,(5's pack: ৳ 75.00),",(5's pack: ৳ 75.00)
24954,Emonium,allopathic,emoniumtablet50-mg,Tablet,Tiemonium Methylsulphate,50 mg,Beximco Pharmaceuticals Ltd.,"Unit Price: ৳ 5.00,(60's pack: ৳ 300.00),",(60's pack: ৳ 300.00)
29814,Emolent Plus,allopathic,emolent-pluscream10510,Cream,Light Liquid Paraffin + White Soft Paraffin + Glycerine,10%+5%+10%,Square Pharmaceuticals Ltd.,50 gm tube: ৳ 200.00,
21719,Emolent,allopathic,emolentlotion38,Lotion,White Soft Paraffin + Liquid Paraffin,3%+8%,Square Pharmaceuticals Ltd.,120 ml bottle: ৳ 250.00,
12747,Emolent,allopathic,emolentcream615,Cream,White Soft Paraffin + Liquid Paraffin,6%+15%,Square Pharmaceuticals Ltd.,25 gm tube: ৳ 100.30,
1434,Emogin,allopathic,emogintablet50-mg,Tablet,Tiemonium Methylsulphate,50 mg,Somatec Pharmaceuticals Ltd.,"Unit Price: ৳ 5.00,(50's pack: ৳ 250.00),",(50's pack: ৳ 250.00)
15316,Emodol,allopathic,emodolimiv-injection30-mgml,IM/IV Injection,Ketorolac Tromethamine,30 mg/ml,Jayson Pharmaceuticals Ltd.,"1 ml ampoule: ৳ 55.17,(5's pack: ৳ 275.85),",(5's pack: ৳ 275.85)
15314,Emodol,allopathic,emodoltablet10-mg,Tablet,Ketorolac Tromethamine,10 mg,Jayson Pharmaceuticals Ltd.,"Unit Price: ৳ 10.18,(20's pack: ৳ 203.60),",(20's pack: ৳ 203.60)
15443,Emodol,allopathic,emodolophthalmic-solution05,Ophthalmic Solution,Ketorolac Tromethamine (Ophthalmic),0.50%,Jayson Pharmaceuticals Ltd.,5 ml drop: ৳ 65.00,
1995,Emo-20,allopathic,emo-20tablet-enteric-coated20-mg,Tablet (Enteric Coated),Esomeprazole,20 mg,Pharmadesh Laboratories Ltd.,"Unit Price: ৳ 4.50,(30's pack: ৳ 135.00),",(30's pack: ৳ 135.00)
832,Emlon Plus,allopathic,emlon-plustablet5-mg50-mg,Tablet,Amlodipine Besilate + Atenolol,5 mg+50 mg,Biopharma Laboratories Ltd.,"Unit Price: ৳ 6.00,(30's pack: ৳ 180.00),",(30's pack: ৳ 180.00)
30567,Emlon,allopathic,emlontablet10-mg,Tablet,Amlodipine Besilate,10 mg,Biopharma Laboratories Ltd.,"Unit Price: ৳ 7.00,(30's pack: ৳ 210.00),",(30's pack: ৳ 210.00)
687,Emlon,allopathic,emlontablet5-mg,Tablet,Amlodipine Besilate,5 mg,Biopharma Laboratories Ltd.,"Unit Price: ৳ 5.00,(50's pack: ৳ 250.00),",(50's pack: ৳ 250.00)
32477,Emlino,allopathic,emlinotablet10-mg5-mg,Tablet,Empagliflozin + Linagliptin,10 mg+5 mg,ACME Laboratories Ltd.,"Unit Price: ৳ 30.00,(20's pack: ৳ 600.00),",(20's pack: ৳ 600.00)
32478,Emlino,allopathic,emlinotablet25-mg5-mg,Tablet,Empagliflozin + Linagliptin,25 mg+5 mg,ACME Laboratories Ltd.,"Unit Price: ৳ 40.00,(10's pack: ৳ 400.00),",(10's pack: ৳ 400.00)
32614,Emjenta,allopathic,emjentatablet25-mg5-mg,Tablet,Empagliflozin + Linagliptin,25 mg+5 mg,NIPRO JMI Pharma Ltd.,"Unit Price: ৳ 40.00,(10's pack: ৳ 400.00),",(10's pack: ৳ 400.00)
32613,Emjenta,allopathic,emjentatablet10-mg5-mg,Tablet,Empagliflozin + Linagliptin,10 mg+5 mg,NIPRO JMI Pharma Ltd.,"Unit Price: ৳ 30.00,(20's pack: ৳ 600.00),",(20's pack: ৳ 600.00)
29030,Emjard M,allopathic,emjard-mtablet5-mg500-mg,Tablet,Empagliflozin + Metformin Hydrochloride,5 mg+500 mg,Square Pharmaceuticals Ltd.,"Unit Price: ৳ 15.00,(18's pack: ৳ 270.00),",(18's pack: ৳ 270.00)
29028,Emjard,allopathic,emjardtablet10-mg,Tablet,Empagliflozin,10 mg,Square Pharmaceuticals Ltd.,"Unit Price: ৳ 25.00,(20's pack: ৳ 500.00),",(20's pack: ৳ 500.00)
29029,Emjard,allopathic,emjardtablet25-mg,Tablet,Empagliflozin,25 mg,Square Pharmaceuticals Ltd.,"Unit Price: ৳ 40.00,(10's pack: ৳ 400.00),",(10's pack: ৳ 400.00)
7555,Emixef DS,allopathic,emixef-dspowder-for-suspension200-mg5-ml,Powder for Suspension,Cefixime Trihydrate,200 mg/5 ml,Incepta Pharmaceuticals Ltd.,50 ml bottle: ৳ 280.00,
10377,Ace,allopathic,acetablet500-mg,Tablet,Paracetamol,500 mg,Square Pharmaceuticals Ltd.,"Unit Price: ৳ 0.80,(500's pack: ৳ 400.00),",(500's pack: ৳ 400.00)
8436,Emycin,allopathic,emycintablet250-mg,Tablet,Erythromycin (Oral),250 mg,Medimet Pharmaceuticals Ltd.,"Unit Price: ৳ 4.75,(50's pack: ৳ 237.50),",(50's pack: ৳ 237.50)
26725,Emurea,allopathic,emureacream25-ww,Cream,Urea (25%),25% w/w,Ziska Pharmaceuticals Ltd.,30 gm tube: ৳ 150.00,
29447,Emurea,allopathic,emureacream10-ww,Cream,Urea (10%),10% w/w,Ziska Pharmaceuticals Ltd.,30 gm tube: ৳ 75.00,
27852,Emulyt,allopathic,emulytsyrup15-mg5-ml,Syrup,Ambroxol Hydrochloride,15 mg/5 ml,Alco Pharma Ltd.,100 ml bottle: ৳ 45.14,
15514,Emprila,allopathic,emprilacream2525,Cream,Lidocaine + Prilocaine,2.5%+2.5%,UniMed UniHealth,"5 gm tube: ৳ 100.00,30 gm tube: ৳ 400.00",
31290,Empazin M,allopathic,empazin-mtablet5-mg500-mg,Tablet,Empagliflozin + Metformin Hydrochloride,5 mg+500 mg,Delta Pharma Ltd.,"Unit Price: ৳ 10.00,(30's pack: ৳ 300.00),",(30's pack: ৳ 300.00)
32582,Empazin L,allopathic,empazin-ltablet10-mg5-mg,Tablet,Empagliflozin + Linagliptin,10 mg+5 mg,Delta Pharma Ltd.,"Unit Price: ৳ 20.00,(30's pack: ৳ 600.00),",(30's pack: ৳ 600.00)
32583,Empazin L,allopathic,empazin-ltablet25-mg5-mg,Tablet,Empagliflozin + Linagliptin,25 mg+5 mg,Delta Pharma Ltd.,"Unit Price: ৳ 35.00,(30's pack: ৳ 1,050.00),","(30's pack: ৳ 1,050.00)"
27768,Empazin,allopathic,empazintablet25-mg,Tablet,Empagliflozin,25 mg,Delta Pharma Ltd.,"Unit Price: ৳ 30.00,(20's pack: ৳ 600.00),",(20's pack: ৳ 600.00)
23730,Empazin,allopathic,empazintablet10-mg,Tablet,Empagliflozin,10 mg,Delta Pharma Ltd.,"Unit Price: ৳ 15.00,(30's pack: ৳ 450.00),",(30's pack: ৳ 450.00)
31386,Empavic,allopathic,empavictablet25-mg,Tablet,Empagliflozin,25 mg,Biopharma Laboratories Ltd.,"Unit Price: ৳ 40.00,(30's pack: ৳ 1,200.00),","(30's pack: ৳ 1,200.00)"
31387,Empavic,allopathic,empavictablet10-mg,Tablet,Empagliflozin,10 mg,Biopharma Laboratories Ltd.,"Unit Price: ৳ 25.00,(30's pack: ৳ 750.00),",(30's pack: ৳ 750.00)
30907,Empatab M,allopathic,empatab-mtablet5-mg500-mg,Tablet,Empagliflozin + Metformin Hydrochloride,5 mg+500 mg,Incepta Pharmaceuticals Ltd.,"Unit Price: ৳ 25.00,(30's pack: ৳ 750.00),",(30's pack: ৳ 750.00)
26203,Empatab,allopathic,empatabtablet10-mg,Tablet,Empagliflozin,10 mg,Incepta Pharmaceuticals Ltd.,"Unit Price: ৳ 25.00,(10's pack: ৳ 250.00),",(10's pack: ৳ 250.00)
26204,Empatab,allopathic,empatabtablet25-mg,Tablet,Empagliflozin,25 mg,Incepta Pharmaceuticals Ltd.,"Unit Price: ৳ 40.00,(10's pack: ৳ 400.00),",(10's pack: ৳ 400.00)
31289,Emparol-M,allopathic,emparol-mtablet5-mg500-mg,Tablet,Empagliflozin + Metformin Hydrochloride,5 mg+500 mg,Drug International Ltd.,"Unit Price: ৳ 15.00,(14's pack: ৳ 210.00),",(14's pack: ৳ 210.00)
27109,Emparol,allopathic,emparoltablet25-mg,Tablet,Empagliflozin,25 mg,Drug International Ltd.,"Unit Price: ৳ 40.00,(14's pack: ৳ 560.00),",(14's pack: ৳ 560.00)
27108,Emparol,allopathic,emparoltablet10-mg,Tablet,Empagliflozin,10 mg,Drug International Ltd.,"Unit Price: ৳ 25.00,(14's pack: ৳ 350.00),",(14's pack: ৳ 350.00)
28665,EmpaMet,allopathic,empamettablet5-mg500-mg,Tablet,Empagliflozin + Metformin Hydrochloride,5 mg+500 mg,NIPRO JMI Pharma Ltd.,"Unit Price: ৳ 15.00,(30's pack: ৳ 450.00),",(30's pack: ৳ 450.00)
32577,Empalina,allopathic,empalinatablet10-mg5-mg,Tablet,Empagliflozin + Linagliptin,10 mg+5 mg,Beximco Pharmaceuticals Ltd.,"Unit Price: ৳ 30.00,(20's pack: ৳ 600.00),",(20's pack: ৳ 600.00)
32578,Empalina,allopathic,empalinatablet25-mg5-mg,Tablet,Empagliflozin + Linagliptin,25 mg+5 mg,Beximco Pharmaceuticals Ltd.,"Unit Price: ৳ 40.00,(20's pack: ৳ 800.00),",(20's pack: ৳ 800.00)
29778,Empaglif-M,allopathic,empaglif-mtablet5-mg500-mg,Tablet,Empagliflozin + Metformin Hydrochloride,5 mg+500 mg,Aristopharma Ltd.,"Unit Price: ৳ 20.00,(30's pack: ৳ 600.00),",(30's pack: ৳ 600.00)
26417,Empaglif,allopathic,empagliftablet10-mg,Tablet,Empagliflozin,10 mg,Aristopharma Ltd.,"Unit Price: ৳ 25.00,(30's pack: ৳ 750.00),",(30's pack: ৳ 750.00)
26418,Empaglif,allopathic,empagliftablet25-mg,Tablet,Empagliflozin,25 mg,Aristopharma Ltd.,"Unit Price: ৳ 40.00,(10's pack: ৳ 400.00),",(10's pack: ৳ 400.00)
30440,Empadus,allopathic,empadustablet10-mg,Tablet,Empagliflozin,10 mg,Opsonin Pharma Ltd.,"Unit Price: ৳ 25.00,(14's pack: ৳ 350.00),",(14's pack: ৳ 350.00)
30441,Empadus,allopathic,empadustablet25-mg,Tablet,Empagliflozin,25 mg,Opsonin Pharma Ltd.,"Unit Price: ৳ 40.00,(14's pack: ৳ 560.00),",(14's pack: ৳ 560.00)
29159,Empadi,allopathic,empaditablet25-mg,Tablet,Empagliflozin,25 mg,Pacific Pharmaceuticals Ltd.,"Unit Price: ৳ 40.00,(20's pack: ৳ 800.00),",(20's pack: ৳ 800.00)
29158,Empadi,allopathic,empaditablet10-mg,Tablet,Empagliflozin,10 mg,Pacific Pharmaceuticals Ltd.,"Unit Price: ৳ 25.00,(30's pack: ৳ 750.00),",(30's pack: ৳ 750.00)
17133,Empa,allopathic,empatablet10-mg,Tablet,Empagliflozin,10 mg,NIPRO JMI Pharma Ltd.,"Unit Price: ৳ 25.00,(30's pack: ৳ 750.00),",(30's pack: ৳ 750.00)
17186,Empa,allopathic,empatablet25-mg,Tablet,Empagliflozin,25 mg,NIPRO JMI Pharma Ltd.,"Unit Price: ৳ 50.00,(10's pack: ৳ 500.00),",(10's pack: ৳ 500.00)
33078,Accuzith,allopathic,accuzithpowder-for-suspension200-mg5-ml,Powder for Suspension,Azithromycin Dihydrate,200 mg/5 ml,DBL Pharmaceuticals Ltd.,35 ml bottle: ৳ 170.00,
6003,Enegra,allopathic,enegratablet50-mg,Tablet,Sildenafil Citrate,50 mg,Beximco Pharmaceuticals Ltd.,"Unit Price: ৳ 30.00,(4's pack: ৳ 120.00),",(4's pack: ৳ 120.00)
15017,Endoxan,allopathic,endoxantablet50-mg,Tablet,Cyclophosphamide,50 mg,Baxter,"Unit Price: ৳ 34.36,(50's pack: ৳ 1,718.00),","(50's pack: ৳ 1,718.00)"
15016,Endoxan,allopathic,endoxaniv-infusion1-gmvial,IV Infusion,Cyclophosphamide,1 gm/vial,Baxter,1 gm vial: ৳ 982.38,
15015,Endoxan,allopathic,endoxaniv-infusion500-mgvial,IV Infusion,Cyclophosphamide,500 mg/vial,Baxter,500 mg vial: ৳ 521.76,
15014,Endoxan,allopathic,endoxaniv-infusion200-mgvial,IV Infusion,Cyclophosphamide,200 mg/vial,Baxter,200 mg vial: ৳ 222.63,
29402,Endosis,allopathic,endosistablet2-mg,Tablet,Dienogest,2 mg,Eskayef Pharmaceuticals Ltd.,"Unit Price: ৳ 40.00,(10's pack: ৳ 400.00),",(10's pack: ৳ 400.00)
15180,Endofree,allopathic,endofreetablet25-mg,Tablet,Letrozole,2.5 mg,Incepta Pharmaceuticals Ltd.,"Unit Price: ৳ 40.00,(5's pack: ৳ 200.00),",(5's pack: ৳ 200.00)
8872,Endamycin,allopathic,endamycincapsule300-mg,Capsule,Clindamycin,300 mg,Euro Pharma Ltd.,"Unit Price: ৳ 15.00,(30's pack: ৳ 450.00),",(30's pack: ৳ 450.00)
8871,Endamycin,allopathic,endamycincapsule150-mg,Capsule,Clindamycin,150 mg,Euro Pharma Ltd.,"Unit Price: ৳ 8.00,(30's pack: ৳ 240.00),",(30's pack: ৳ 240.00)
5068,Encorate Chrono,allopathic,encorate-chronotablet-controlled-release200-mg,Tablet (Controlled Release),Sodium Valproate,200 mg,Sun Pharmaceutical Ltd.,"Unit Price: ৳ 4.50,(50's pack: ৳ 225.00),",(50's pack: ৳ 225.00)
5069,Encorate Chrono,allopathic,encorate-chronotablet-controlled-release300-mg,Tablet (Controlled Release),Sodium Valproate,300 mg,Sun Pharmaceutical Ltd.,"Unit Price: ৳ 8.00,(50's pack: ৳ 400.00),",(50's pack: ৳ 400.00)
5070,Encorate Chrono,allopathic,encorate-chronotablet-controlled-release500-mg,Tablet (Controlled Release),Sodium Valproate,500 mg,Sun Pharmaceutical Ltd.,"Unit Price: ৳ 12.00,(50's pack: ৳ 600.00),,Unit Price: ৳ 12.00,(30's pack: ৳ 360.00),","(50's pack: ৳ 600.00),(30's pack: ৳ 360.00)"
5064,Encorate,allopathic,encoratetablet200-mg,Tablet,Sodium Valproate,200 mg,Sun Pharmaceutical Ltd.,"Unit Price: ৳ 3.02,(50's pack: ৳ 150.75),",(50's pack: ৳ 150.75)
17919,Encoprin LD,allopathic,encoprin-ldtablet-enteric-coated75-mg,Tablet (Enteric Coated),Aspirin,75 mg,Medimet Pharmaceuticals Ltd.,"Unit Price: ৳ 0.50,(70's pack: ৳ 35.00),",(70's pack: ৳ 35.00)
3309,Enclot,allopathic,enclotcapsule500-mg,Capsule,Tranexamic Acid,500 mg,Opsonin Pharma Ltd.,"Unit Price: ৳ 15.06,(20's pack: ৳ 301.20),",(20's pack: ৳ 301.20)
3310,Enclot,allopathic,enclotimiv-injection500-mg5-ml,IM/IV Injection,Tranexamic Acid,500 mg/5 ml,Opsonin Pharma Ltd.,"5 ml ampoule: ৳ 50.19,(5's pack: ৳ 250.95),",(5's pack: ৳ 250.95)
31100,Enclot,allopathic,enclotcapsule250-mg,Capsule,Tranexamic Acid,250 mg,Opsonin Pharma Ltd.,"Unit Price: ৳ 8.06,(30's pack: ৳ 241.80),",(30's pack: ৳ 241.80)
12196,Encilor,allopathic,encilortablet10-mg,Tablet,Loratadine,10 mg,Incepta Pharmaceuticals Ltd.,"Unit Price: ৳ 3.00,(100's pack: ৳ 300.00),",(100's pack: ৳ 300.00)
13523,Encatrol,allopathic,encatrolcapsule025-mcg,Capsule,Calcitriol,0.25 mcg,Globe Pharmaceuticals Ltd.,"Unit Price: ৳ 10.00,(30's pack: ৳ 300.00),",(30's pack: ৳ 300.00)
32776,Encarlev,allopathic,encarlevtablet200-mg50-mg200-mg,Tablet,Levodopa + Carbidopa + Entacapone,200 mg+50 mg+200 mg,Opsonin Pharma Ltd.,"Unit Price: ৳ 40.00,(20's pack: ৳ 800.00),",(20's pack: ৳ 800.00)
32775,Encarlev,allopathic,encarlevtablet150-mg375-mg200-mg,Tablet,Levodopa + Carbidopa + Entacapone,150 mg+37.5 mg+200 mg,Opsonin Pharma Ltd.,"Unit Price: ৳ 30.00,(20's pack: ৳ 600.00),",(20's pack: ৳ 600.00)
32774,Encarlev,allopathic,encarlevtablet100-mg25-mg200-mg,Tablet,Levodopa + Carbidopa + Entacapone,100 mg+25 mg+200 mg,Opsonin Pharma Ltd.,"Unit Price: ৳ 25.00,(20's pack: ৳ 500.00),",(20's pack: ৳ 500.00)
19957,Enbee,allopathic,enbeetablet05-mg,Tablet,Entecavir,0.5 mg,Jenphar Bangladesh Ltd.,"Unit Price: ৳ 50.00,(20's pack: ৳ 1,000.00),","(20's pack: ৳ 1,000.00)"
12712,Enazol Plus,allopathic,enazol-pluscream101,Cream,Econazole Nitrate + Triamcinolone Acetonide,1%+0.1%,Biopharma Laboratories Ltd.,10 gm tube: ৳ 40.00,
13340,Enazif,allopathic,enazifcapsule-timed-release50-mg050-mg6180-mg,Capsule (Timed Release),Carbonyl Iron + Folic Acid + Zinc Sulfate,50 mg+0.50 mg+61.80 mg,Virgo Pharmaceuticals Ltd.,"Unit Price: ৳ 4.00,(50's pack: ৳ 200.00),",(50's pack: ৳ 200.00)
2602,Enaril,allopathic,enariltablet5-mg,Tablet,Enalapril Maleate,5 mg,Beximco Pharmaceuticals Ltd.,"Unit Price: ৳ 1.00,(100's pack: ৳ 100.00),",(100's pack: ৳ 100.00)
11587,Enar,allopathic,enartablet-delayed-release500-mg20-mg,Tablet (Delayed Release),Naproxen Sodium + Esomeprazole Magnesium,500 mg+20 mg,Medicon Pharmaceuticals Ltd.,"Unit Price: ৳ 10.00,(30's pack: ৳ 300.00),",(30's pack: ৳ 300.00)
11586,Enar,allopathic,enartablet-delayed-release375-mg20-mg,Tablet (Delayed Release),Naproxen Sodium + Esomeprazole Magnesium,375 mg+20 mg,Medicon Pharmaceuticals Ltd.,"Unit Price: ৳ 8.00,(28's pack: ৳ 224.00),",(28's pack: ৳ 224.00)
44,Ena,allopathic,enatablet100-mg,Tablet,Aceclofenac,100 mg,Asiatic Laboratories Ltd.,"Unit Price: ৳ 3.00,(50's pack: ৳ 150.00),",(50's pack: ৳ 150.00)
8437,Emycin,allopathic,emycinpowder-for-suspension125-mg5-ml,Powder for Suspension,Erythromycin (Oral),125 mg/5 ml,Medimet Pharmaceuticals Ltd.,100 ml bottle: ৳ 61.00,
32289,Accuzith,allopathic,accuzithtablet500-mg,Tablet,Azithromycin Dihydrate,500 mg,DBL Pharmaceuticals Ltd.,"Unit Price: ৳ 55.00,(6's pack: ৳ 330.00),",(6's pack: ৳ 330.00)
30639,Ensal,allopathic,ensalointment63,Ointment,Benzoic Acid + Salicylic Acid,6%+3%,Renata Limited,1 kg pack: ৳ 265.00,
30918,Enrifer,allopathic,enriferiv-injection-or-infusion500-mg10-ml,IV Injection or Infusion,Ferric Carboxymaltose,500 mg/10 ml,Beacon Pharmaceuticals Ltd.,10 ml vial: ৳ 700.00,
13778,Enplex-B,allopathic,enplex-btablet,Tablet,Vitamin B complex,,Novo Healthcare and Pharma Ltd.,"Unit Price: ৳ 0.52,(45's pack: ৳ 23.41),",(45's pack: ৳ 23.41)
32446,Enorin,allopathic,enorinsc-injection6000-anti-xa-iu06-ml,SC Injection,Enoxaparin Sodium,6000 Anti-Xa IU/0.6 ml,Eskayef Pharmaceuticals Ltd.,0.6 ml pre-filled syringe: ৳ 575.00,
32447,Enorin,allopathic,enorinsc-injection8000-anti-xa-iu08-ml,SC Injection,Enoxaparin Sodium,8000 Anti-Xa IU/0.8 ml,Eskayef Pharmaceuticals Ltd.,0.8 ml pre-filled syringe: ৳ 650.00,
32445,Enorin,allopathic,enorinsc-injection4000-anti-xa-iu04-ml,SC Injection,Enoxaparin Sodium,4000 Anti-Xa IU/0.4 ml,Eskayef Pharmaceuticals Ltd.,0.4 ml pre-filled syringe: ৳ 450.00,
3204,Enoparin,allopathic,enoparinsc-injection4000-anti-xa-iu04-ml,SC Injection,Enoxaparin Sodium,4000 Anti-Xa IU/0.4 ml,Popular Pharmaceuticals Ltd.,0.4 ml pre-filled syringe: ৳ 450.00,
3205,Enoparin,allopathic,enoparinsc-injection6000-anti-xa-iu06-ml,SC Injection,Enoxaparin Sodium,6000 Anti-Xa IU/0.6 ml,Popular Pharmaceuticals Ltd.,0.6 ml pre-filled syringe: ৳ 500.00,
3206,Enoparin,allopathic,enoparinsc-injection8000-anti-xa-iu08-ml,SC Injection,Enoxaparin Sodium,8000 Anti-Xa IU/0.8 ml,Popular Pharmaceuticals Ltd.,0.8 ml pre-filled syringe: ৳ 550.00,
31971,Enoma,allopathic,enomasc-injection6000-anti-xa-iu06-ml,SC Injection,Enoxaparin Sodium,6000 Anti-Xa IU/0.6 ml,Biopharma Laboratories Ltd.,0.6 ml pre-filled syringe: ৳ 500.00,
31970,Enoma,allopathic,enomasc-injection4000-anti-xa-iu04-ml,SC Injection,Enoxaparin Sodium,4000 Anti-Xa IU/0.4 ml,Biopharma Laboratories Ltd.,0.4 ml pre-filled syringe: ৳ 400.00,
1086,Enol,allopathic,enoltablet50-mg,Tablet,Atenolol,50 mg,Edruc Limited,"Unit Price: ৳ 0.77,(100's pack: ৳ 77.00),",(100's pack: ৳ 77.00)
20169,EnoFab,allopathic,enofabcapsule200-mg,Capsule,Fenofibrate,200 mg,Innovative Pharma (Albion),"Unit Price: ৳ 5.90,(50's pack: ৳ 295.15),",(50's pack: ৳ 295.15)
6243,Enoclox,allopathic,enocloxpowder-for-suspension125-mg5-ml,Powder for Suspension,Flucloxacillin Sodium,125 mg/5 ml,Modern Pharmaceuticals Ltd.,100 ml bottle: ৳ 60.00,
6242,Enoclox,allopathic,enocloxcapsule500-mg,Capsule,Flucloxacillin Sodium,500 mg,Modern Pharmaceuticals Ltd.,"Unit Price: ৳ 10.54,(20's pack: ৳ 210.80),",(20's pack: ৳ 210.80)
28332,Enocef,allopathic,enocefim-injection250-mgvial,IM Injection,Ceftriaxone Sodium,250 mg/vial,Synovia pharma plc,250 mg vial: ৳ 100.38,
28333,Enocef,allopathic,enocefiv-injection250-mgvial,IV Injection,Ceftriaxone Sodium,250 mg/vial,Synovia pharma plc,250 mg vial: ৳ 100.38,
28331,Enocef,allopathic,enocefim-injection1-gmvial,IM Injection,Ceftriaxone Sodium,1 gm/vial,Synovia pharma plc,1 gm vial: ৳ 201.35,
28330,Enocef,allopathic,enocefiv-injection1-gmvial,IV Injection,Ceftriaxone Sodium,1 gm/vial,Synovia pharma plc,1 gm vial: ৳ 201.35,
28334,Enocef,allopathic,enocefiv-injection500-mgvial,IV Injection,Ceftriaxone Sodium,500 mg/vial,Synovia pharma plc,500 mg vial: ৳ 150.57,
28335,Enocef,allopathic,enocefim-injection500-mgvial,IM Injection,Ceftriaxone Sodium,500 mg/vial,Synovia pharma plc,500 mg vial: ৳ 150.57,
11624,Enocam,allopathic,enocamtablet20-mg,Tablet,Tenoxicam,20 mg,ACME Laboratories Ltd.,"Unit Price: ৳ 8.03,(30's pack: ৳ 240.90),",(30's pack: ৳ 240.90)
15117,Enliven,allopathic,enlivencapsule100-mg,Capsule,Imatinib Mesylate,100 mg,Orion Pharma Ltd.,"Unit Price: ৳ 125.85,(28's pack: ৳ 3,523.80),","(28's pack: ৳ 3,523.80)"
28482,Enjofil,allopathic,enjofiltablet100-mg,Tablet,Sildenafil Citrate,100 mg,Navana Pharmaceuticals Ltd.,"Unit Price: ৳ 50.15,(4's pack: ৳ 200.58),",(4's pack: ৳ 200.58)
28481,Enjofil,allopathic,enjofiltablet50-mg,Tablet,Sildenafil Citrate,50 mg,Navana Pharmaceuticals Ltd.,"Unit Price: ৳ 30.10,(4's pack: ৳ 120.38),",(4's pack: ৳ 120.38)
29199,Enigma,allopathic,enigmatablet100-mg,Tablet,Sildenafil Citrate,100 mg,Healthcare Pharmaceuticals Ltd.,"Unit Price: ৳ 56.00,(4's pack: ৳ 224.00),",(4's pack: ৳ 224.00)
6047,Enigma,allopathic,enigmatablet50-mg,Tablet,Sildenafil Citrate,50 mg,Healthcare Pharmaceuticals Ltd.,"Unit Price: ৳ 33.00,(4's pack: ৳ 132.00),",(4's pack: ৳ 132.00)
14026,Energin,allopathic,energintablet6-mg200-mg50-mg,Tablet,Betacarotene + Vitamin C + Vitamin E,6 mg+200 mg+50 mg,Doctor’s Chemical Works Ltd.,"Unit Price: ৳ 2.50,(20's pack: ৳ 50.00),",(20's pack: ৳ 50.00)
29885,Enema,allopathic,enemarectal-saline19-gm7-gm118-ml,Rectal Saline,Monobasic sodium phosphate + Dibasic sodium phosphate,(19 gm+7 gm)/118 ml,"C.B. Fleet Company, USA",133 ml bottle: ৳ 250.00,
32194,Accolate,allopathic,accolatetablet20-mg,Tablet,Zafirlukast,20 mg,AstraZeneca pharmaceuticals,"Unit Price: ৳ 26.26,(30's pack: ৳ 787.80),",(30's pack: ৳ 787.80)
222,Acaril,allopathic,acariltablet50-mg,Tablet,Acarbose,50 mg,The White Horse Pharma,"Unit Price: ৳ 15.00,(30's pack: ৳ 450.00),",(30's pack: ৳ 450.00)
3207,Eparin,allopathic,eparinsc-injection6000-anti-xa-iu06-ml,SC Injection,Enoxaparin Sodium,6000 Anti-Xa IU/0.6 ml,Beacon Pharmaceuticals Ltd.,0.6 ml pre-filled syringe: ৳ 576.73,
4194,Epam,allopathic,epamtablet5-mg,Tablet,Nitrazepam,5 mg,Opsonin Pharma Ltd.,"Unit Price: ৳ 0.75,(200's pack: ৳ 150.00),",(200's pack: ৳ 150.00)
28752,Epa,allopathic,epacapsule-delayed-release20-mg,Capsule (Delayed Release),Esomeprazole,20 mg,Zenith Pharmaceuticals Ltd.,"Unit Price: ৳ 6.50,(30's pack: ৳ 195.00),",(30's pack: ৳ 195.00)
1996,Epa,allopathic,epatablet-enteric-coated20-mg,Tablet (Enteric Coated),Esomeprazole,20 mg,Zenith Pharmaceuticals Ltd.,"Unit Price: ৳ 4.00,(50's pack: ৳ 200.00),",(50's pack: ৳ 200.00)
22923,Enystin,allopathic,enystinoral-suspension100000-unitml,Oral Suspension,Nystatin (Oral),100000 unit/ml,Ethical Drug Ltd.,12 ml bottle: ৳ 23.00,
10582,Enyl Plus,allopathic,enyl-plustablet500-mg65-mg,Tablet,Paracetamol + Caffeine,500 mg+65 mg,Euro Pharma Ltd.,"Unit Price: ৳ 2.00,(200's pack: ৳ 400.00),",(200's pack: ৳ 400.00)
3172,Envitor,allopathic,envitortablet330-mg,Tablet,Levocarnitine,330 mg,Opsonin Pharma Ltd.,"Unit Price: ৳ 5.02,(30's pack: ৳ 150.60),",(30's pack: ৳ 150.60)
14197,Envit-M,allopathic,envit-mtablet,Tablet,Multivitamin & Multimineral,,Ibn Sina Pharmaceuticals Ltd.,"Unit Price: ৳ 2.00,(30's pack: ৳ 60.00),",(30's pack: ৳ 60.00)
9742,Enviral,allopathic,enviraltablet1-mg,Tablet,Entecavir,1 mg,Opsonin Pharma Ltd.,"Unit Price: ৳ 90.34,(10's pack: ৳ 903.40),",(10's pack: ৳ 903.40)
9741,Enviral,allopathic,enviraltablet05-mg,Tablet,Entecavir,0.5 mg,Opsonin Pharma Ltd.,"Unit Price: ৳ 48.18,(14's pack: ৳ 674.52),",(14's pack: ৳ 674.52)
30214,Entroza,allopathic,entrozatablet1-mg,Tablet,Anastrozole,1 mg,Incepta Pharmaceuticals Ltd.,"Unit Price: ৳ 50.00,(30's pack: ৳ 1,500.00),","(30's pack: ৳ 1,500.00)"
33190,Entrovas,allopathic,entrovastablet49-mg51-mg,Tablet,Sacubitril + Valsartan,49 mg+51 mg,Renata Limited,"Unit Price: ৳ 85.00,(20's pack: ৳ 1,700.00),","(20's pack: ৳ 1,700.00)"
33189,Entrovas,allopathic,entrovastablet24-mg26-mg,Tablet,Sacubitril + Valsartan,24 mg+26 mg,Renata Limited,"Unit Price: ৳ 45.00,(20's pack: ৳ 900.00),",(20's pack: ৳ 900.00)
33191,Entrovas,allopathic,entrovastablet97-mg103-mg,Tablet,Sacubitril + Valsartan,97 mg+103 mg,Renata Limited,"Unit Price: ৳ 120.00,(20's pack: ৳ 2,400.00),","(20's pack: ৳ 2,400.00)"
26652,Entresto,allopathic,entrestotablet24-mg26-mg,Tablet,Sacubitril + Valsartan,24 mg+26 mg,Novartis (Bangladesh) Ltd.,"Unit Price: ৳ 55.00,(28's pack: ৳ 1,540.00),","(28's pack: ৳ 1,540.00)"
26651,Entresto,allopathic,entrestotablet97-mg103-mg,Tablet,Sacubitril + Valsartan,97 mg+103 mg,Novartis (Bangladesh) Ltd.,"Unit Price: ৳ 134.00,(60's pack: ৳ 8,040.00),","(60's pack: ৳ 8,040.00)"
26650,Entresto,allopathic,entrestotablet49-mg51-mg,Tablet,Sacubitril + Valsartan,49 mg+51 mg,Novartis (Bangladesh) Ltd.,"Unit Price: ৳ 134.00,(28's pack: ৳ 3,752.00),","(28's pack: ৳ 3,752.00)"
32180,Entiflox,allopathic,entifloxtablet500-mg,Tablet,Ciprofloxacin,500 mg,Royal Pharmaceutical Ltd.,"Unit Price: ৳ 14.00,(30's pack: ৳ 420.00),",(30's pack: ৳ 420.00)
26850,Enterogermina,allopathic,enterogerminaoral-suspension2-billion5-ml,Oral Suspension,Bacillus Clausii spores,2 billion/5 ml,Synovia pharma plc,"5 ml suspension: ৳ 55.00,(10's pack: ৳ 550.00),",(10's pack: ৳ 550.00)
9752,Enteca,allopathic,entecatablet05-mg,Tablet,Entecavir,0.5 mg,Renata Limited,"Unit Price: ৳ 48.00,(10's pack: ৳ 480.00),",(10's pack: ৳ 480.00)
9739,Entavir,allopathic,entavirtablet05-mg,Tablet,Entecavir,0.5 mg,Drug International Ltd.,"Unit Price: ৳ 45.15,(14's pack: ৳ 632.10),",(14's pack: ৳ 632.10)
9740,Entavir,allopathic,entavirtablet1-mg,Tablet,Entecavir,1 mg,Drug International Ltd.,"Unit Price: ৳ 90.30,(10's pack: ৳ 903.00),",(10's pack: ৳ 903.00)
500,Entacyd Plus,allopathic,entacyd-pluschewable-tablet400-mg400-mg30-mg,Chewable Tablet,Aluminium Hydroxide + Magnesium Hydroxide + Simethicone,400 mg+400 mg+30 mg,Square Pharmaceuticals Ltd.,"Unit Price: ৳ 2.00,(200's pack: ৳ 400.00),",(200's pack: ৳ 400.00)
499,Entacyd Plus,allopathic,entacyd-plusoral-suspension200-mg400-mg30-mg5-ml,Oral Suspension,Aluminium Hydroxide + Magnesium Hydroxide + Simethicone,(200 mg+400 mg+30 mg)/5 ml,Square Pharmaceuticals Ltd.,200 ml bottle: ৳ 80.00,
468,Entacyd,allopathic,entacydoral-suspension175-mg225-mg5-ml,Oral Suspension,Aluminium Hydroxide + Magnesium Hydroxide,(175 mg+225 mg)/5 ml,Square Pharmaceuticals Ltd.,200 ml bottle: ৳ 64.40,
28139,Ensure Plus,allopathic,ensure-plusoral-powder,Oral Powder,"Protein, Fat, Carbohydrate, Vitamin & Mineral",,Abbott Laboratories,400 gm jar: ৳ 848.00,
17097,Ensure Nutrition,allopathic,ensure-nutritionoral-powder,Oral Powder,"Protein, Fat, Carbohydrate, Vitamin & Mineral",,Abbott Laboratories,"400 gm container: ৳ 738.00,1000 gm container: ৳ 1,609.00",
28140,Ensure Diabetes Care,allopathic,ensure-diabetes-careoral-powder,Oral Powder,"Protein, Fat, Carbohydrate, Vitamin & Mineral",,Abbott Laboratories,400 gm jar: ৳ 947.00,
2116,Enso,allopathic,ensocapsule-delayed-release15-mg,Capsule (Delayed Release),Lansoprazole,15 mg,Kemiko Pharmaceuticals Ltd.,"Unit Price: ৳ 3.01,(20's pack: ৳ 60.20),",(20's pack: ৳ 60.20)
2117,Enso,allopathic,ensocapsule-delayed-release30-mg,Capsule (Delayed Release),Lansoprazole,30 mg,Kemiko Pharmaceuticals Ltd.,"Unit Price: ৳ 5.02,(20's pack: ৳ 100.40),",(20's pack: ৳ 100.40)
8,AC PR,allopathic,ac-prtablet100-mg,Tablet,Aceclofenac,100 mg,Pacific Pharmaceuticals Ltd.,"Unit Price: ৳ 4.00,(50's pack: ৳ 200.00),",(50's pack: ৳ 200.00)
4847,Epitra,allopathic,epitratablet05-mg,Tablet,Clonazepam,0.5 mg,Square Pharmaceuticals Ltd.,"Unit Price: ৳ 6.00,(50's pack: ৳ 300.00),",(50's pack: ৳ 300.00)
17280,Episindan,allopathic,episindaniv-infusion2-mgml,IV Infusion,Epirubicin Hydrochloride,2 mg/ml,BOTS Pvt. Limited,"10 mg vial: ৳ 915.00,50 mg vial: ৳ 1,990.00",
31240,Epirubin,allopathic,epirubiniv-infusion2-mgml,IV Infusion,Epirubicin Hydrochloride,2 mg/ml,Healthcare Pharmaceuticals Ltd.,"50 mg vial: ৳ 3,700.00",
17343,Epirubicin Sandoz,allopathic,epirubicin-sandoziv-infusion2-mgml,IV Infusion,Epirubicin Hydrochloride,2 mg/ml,SANDOZ (A Novartis Division),"10 mg vial: ৳ 783.06,50 mg vial: ৳ 3,537.77",
17303,Epirubicin PhaRes,allopathic,epirubicin-pharesiv-infusion2-mgml,IV Infusion,Epirubicin Hydrochloride,2 mg/ml,Pharma Resources,"10 mg vial: ৳ 1,420.00,50 mg vial: ৳ 4,545.00",
28359,Epiruba,allopathic,epirubaiv-infusion2-mgml,IV Infusion,Epirubicin Hydrochloride,2 mg/ml,Drug International Ltd.,"50 mg vial: ৳ 3,600.00",
15942,Epinast,allopathic,epinastophthalmic-solution005,Ophthalmic Solution,Epinastine Hydrochloride,0.05%,Aristopharma Ltd.,5 ml drop: ৳ 150.00,
5071,Epilim Chrono,allopathic,epilim-chronotablet-controlled-release200-mg,Tablet (Controlled Release),Sodium Valproate,200 mg,Synovia pharma plc,"Unit Price: ৳ 5.02,(60's pack: ৳ 301.20),",(60's pack: ৳ 301.20)
5073,Epilim Chrono,allopathic,epilim-chronotablet-controlled-release500-mg,Tablet (Controlled Release),Sodium Valproate,500 mg,Synovia pharma plc,"Unit Price: ৳ 12.04,(30's pack: ৳ 361.20),",(30's pack: ৳ 361.20)
5072,Epilim Chrono,allopathic,epilim-chronotablet-controlled-release300-mg,Tablet (Controlled Release),Sodium Valproate,300 mg,Synovia pharma plc,"Unit Price: ৳ 8.02,(50's pack: ৳ 401.00),",(50's pack: ৳ 401.00)
5065,Epilim,allopathic,epilimsyrup200-mg5-ml,Syrup,Sodium Valproate,200 mg/5 ml,Synovia pharma plc,100 ml bottle: ৳ 80.54,
4809,Epilep CR,allopathic,epilep-crtablet-controlled-release200-mg,Tablet (Controlled Release),Carbamazepine,200 mg,Beximco Pharmaceuticals Ltd.,"Unit Price: ৳ 4.52,(50's pack: ৳ 226.11),",(50's pack: ৳ 226.11)
4808,Epilep,allopathic,epileptablet200-mg,Tablet,Carbamazepine,200 mg,Beximco Pharmaceuticals Ltd.,"Unit Price: ৳ 3.51,(50's pack: ৳ 175.42),",(50's pack: ৳ 175.42)
3626,Epidron,allopathic,epidroninjection25-mg5-ml,Injection,Ephedrine Hydrochloride,25 mg/5 ml,Renata Limited,"5 ml ampoule: ৳ 12.05,(5's pack: ৳ 60.25),",(5's pack: ৳ 60.25)
33055,Epicure,allopathic,epicureiv-injection50-mg5-ml,IV Injection,Brivaracetam,50 mg/5 ml,Incepta Pharmaceuticals Ltd.,5 ml vial: ৳ 280.00,
19481,Epiclon,allopathic,epiclontablet1-mg,Tablet,Clonazepam,1 mg,General Pharmaceuticals Ltd.,"Unit Price: ৳ 8.00,(50's pack: ৳ 400.00),",(50's pack: ৳ 400.00)
4845,Epiclon,allopathic,epiclontablet05-mg,Tablet,Clonazepam,0.5 mg,General Pharmaceuticals Ltd.,"Unit Price: ৳ 6.00,(50's pack: ৳ 300.00),",(50's pack: ৳ 300.00)
4846,Epiclon,allopathic,epiclontablet2-mg,Tablet,Clonazepam,2 mg,General Pharmaceuticals Ltd.,"Unit Price: ৳ 10.00,(30's pack: ৳ 300.00),",(30's pack: ৳ 300.00)
17319,Epicin,allopathic,epiciniv-infusion2-mgml,IV Infusion,Epirubicin Hydrochloride,2 mg/ml,Techno Drugs Ltd.,"10 mg vial: ৳ 850.00,50 mg vial: ৳ 3,600.00",
32348,Epicet XR,allopathic,epicet-xrtablet-extended-release500-mg,Tablet (Extended Release),Levetiracetam,500 mg,Renata Limited,"Unit Price: ৳ 30.00,(12's pack: ৳ 360.00),",(12's pack: ৳ 360.00)
33044,Epicet XR,allopathic,epicet-xrtablet-extended-release750-mg,Tablet (Extended Release),Levetiracetam,750 mg,Renata Limited,"Unit Price: ৳ 35.00,(12's pack: ৳ 420.00),",(12's pack: ৳ 420.00)
33045,Epicet XR,allopathic,epicet-xrtablet-extended-release1000-mg,Tablet (Extended Release),Levetiracetam,1000 mg,Renata Limited,Unit Price: ৳ 45.00,
29851,Epicet,allopathic,epicettablet250-mg,Tablet,Levetiracetam,250 mg,Renata Limited,"Unit Price: ৳ 16.00,(20's pack: ৳ 320.00),",(20's pack: ৳ 320.00)
29850,Epicet,allopathic,epicettablet500-mg,Tablet,Levetiracetam,500 mg,Renata Limited,"Unit Price: ৳ 30.00,(10's pack: ৳ 300.00),",(10's pack: ৳ 300.00)
29848,Epicet,allopathic,epicetoral-solution500-mg5-ml,Oral Solution,Levetiracetam,500 mg/5 ml,Renata Limited,100 ml bottle: ৳ 400.00,
33058,Epicet,allopathic,epicetiv-infusion500-mg5-ml,IV Infusion,Levetiracetam,500 mg/5 ml,Renata Limited,5 ml ampoule: ৳ 40.00,
3625,Ephidin,allopathic,ephidininjection25-mg5-ml,Injection,Ephedrine Hydrochloride,25 mg/5 ml,Popular Pharmaceuticals Ltd.,"5 ml ampoule: ৳ 25.00,(10's pack: ৳ 250.00),",(10's pack: ৳ 250.00)
27491,Epazel Plus,allopathic,epazel-plusoral-suspension400-mg400-mg30-mg5-ml,Oral Suspension,Aluminium Hydroxide + Magnesium Hydroxide + Simethicone,(400 mg+400 mg+30 mg)/5 ml,Edruc Limited,200 ml bottle: ৳ 75.00,
469,Epazel,allopathic,epazeloral-suspension175-mg225-mg5-ml,Oral Suspension,Aluminium Hydroxide + Magnesium Hydroxide,(175 mg+225 mg)/5 ml,Edruc Limited,200 ml bottle: ৳ 75.00,
21639,Absol,allopathic,absolsyrup2-mg5-ml,Syrup,Salbutamol,2 mg/5 ml,Pharmik Laboratories Ltd.,"50 ml bottle: ৳ 10.78,100 ml bottle: ৳ 16.00",
18307,ABpres,allopathic,abpresophthalmic-solution0205,Ophthalmic Solution,Brimonidine Tartrate + Timolol Maleate,0.2%+0.5%,Navana Pharmaceuticals Ltd.,5 ml drop: ৳ 110.00,
15080,Eposide,allopathic,eposideiv-infusion100-mg5-ml,IV Infusion,Etoposide,100 mg/5 ml,Techno Drugs Ltd.,100 mg vial: ৳ 400.00,
27351,Eposide,allopathic,eposidecapsule50-mg,Capsule,Etoposide,50 mg,Techno Drugs Ltd.,"Unit Price: ৳ 75.00,(30's pack: ৳ 2,250.00),","(30's pack: ৳ 2,250.00)"
20041,Eporen,allopathic,eporenivsc-injection3000-iu,IV/SC Injection,Erythropoietin,3000 IU,Square Pharmaceuticals Ltd.,"3000 IU pre-filled syringe: ৳ 1,454.37",
20042,Eporen,allopathic,eporenivsc-injection5000-iu,IV/SC Injection,Erythropoietin,5000 IU,Square Pharmaceuticals Ltd.,"5000 IU pre-filled syringe: ৳ 2,106.32",
31177,Epomax,allopathic,epomaxivsc-injection3000-iu,IV/SC Injection,Erythropoietin,3000 IU,Drug International Ltd.,"3000 IU pre-filled syringe: ৳ 1,350.00",
28360,Epomax,allopathic,epomaxivsc-injection5000-iu,IV/SC Injection,Erythropoietin,5000 IU,Drug International Ltd.,"5000 IU pre-filled syringe: ৳ 2,042.00",
13466,Epoetin,allopathic,epoetinivsc-injection3000-iu,IV/SC Injection,Erythropoietin,3000 IU,Incepta Pharmaceuticals Ltd.,"3000 IU pre-filled syringe: ৳ 1,480.00",
13467,Epoetin,allopathic,epoetinivsc-injection5000-iu,IV/SC Injection,Erythropoietin,5000 IU,Incepta Pharmaceuticals Ltd.,"5000 IU pre-filled syringe: ৳ 2,160.00",
20039,Epoetin,allopathic,epoetinivsc-injection4000-iu,IV/SC Injection,Erythropoietin,4000 IU,Incepta Pharmaceuticals Ltd.,"4000 IU pre-filled syringe: ৳ 1,935.00",
13465,Epoetin,allopathic,epoetinivsc-injection2000-iu,IV/SC Injection,Erythropoietin,2000 IU,Incepta Pharmaceuticals Ltd.,"2000 IU pre-filled syringe: ৳ 1,025.00",
4852,Epnil,allopathic,epniltablet2-mg,Tablet,Clonazepam,2 mg,SANDOZ (A Novartis Division),"Unit Price: ৳ 12.00,(30's pack: ৳ 360.01),",(30's pack: ৳ 360.01)
4885,Epnil,allopathic,epniltablet1-mg,Tablet,Clonazepam,1 mg,SANDOZ (A Novartis Division),"Unit Price: ৳ 8.00,(50's pack: ৳ 400.00),",(50's pack: ৳ 400.00)
4851,Epnil,allopathic,epniltablet05-mg,Tablet,Clonazepam,0.5 mg,SANDOZ (A Novartis Division),"Unit Price: ৳ 7.00,(50's pack: ৳ 350.00),",(50's pack: ৳ 350.00)
30505,Eplon,allopathic,eploncapsule5-mg,Capsule,Zaleplon,5 mg,Beximco Pharmaceuticals Ltd.,"Unit Price: ৳ 6.00,(30's pack: ৳ 180.00),",(30's pack: ৳ 180.00)
30506,Eplon,allopathic,eploncapsule10-mg,Capsule,Zaleplon,10 mg,Beximco Pharmaceuticals Ltd.,"Unit Price: ৳ 10.00,(30's pack: ৳ 300.00),",(30's pack: ৳ 300.00)
20008,Epleron,allopathic,eplerontablet50-mg,Tablet,Eplerenone,50 mg,Incepta Pharmaceuticals Ltd.,"Unit Price: ৳ 50.00,(10's pack: ৳ 500.00),",(10's pack: ৳ 500.00)
2856,Epleron,allopathic,eplerontablet25-mg,Tablet,Eplerenone,25 mg,Incepta Pharmaceuticals Ltd.,"Unit Price: ৳ 30.00,(20's pack: ৳ 600.00),",(20's pack: ৳ 600.00)
13410,EPL Plus,allopathic,epl-pluscapsule,Capsule,Carbonyl Iron + Folic Acid + Zinc Sulfate + Vitamin B Complex + Vitamin C,,Globe Pharmaceuticals Ltd.,"Unit Price: ৳ 3.50,(30's pack: ৳ 105.00),",(30's pack: ৳ 105.00)
13229,EPL,allopathic,eplcapsule,Capsule,Iron + Folic acid + Vitamin B complex + Vitamin C,,Globe Pharmaceuticals Ltd.,"Unit Price: ৳ 3.00,(30's pack: ৳ 90.00),",(30's pack: ৳ 90.00)
32687,Epizol-N,allopathic,epizol-ntablet-delayed-release375-mg20-mg,Tablet (Delayed Release),Naproxen Sodium + Esomeprazole Magnesium,375 mg+20 mg,Nipa Pharmaceuticals Ltd.,"Unit Price: ৳ 10.00,(30's pack: ৳ 300.00),",(30's pack: ৳ 300.00)
32686,Epizol-N,allopathic,epizol-ntablet-delayed-release500-mg20-mg,Tablet (Delayed Release),Naproxen Sodium + Esomeprazole Magnesium,500 mg+20 mg,Nipa Pharmaceuticals Ltd.,"Unit Price: ৳ 13.00,(30's pack: ৳ 390.00),",(30's pack: ৳ 390.00)
26148,Epizol,allopathic,epizolcapsule-delayed-release20-mg,Capsule (Delayed Release),Esomeprazole,20 mg,Nipa Pharmaceuticals Ltd.,"Unit Price: ৳ 7.00,(60's pack: ৳ 420.01),",(60's pack: ৳ 420.01)
20153,Epizol,allopathic,epizolcapsule-delayed-release40-mg,Capsule (Delayed Release),Esomeprazole,40 mg,Nipa Pharmaceuticals Ltd.,"Unit Price: ৳ 9.00,(30's pack: ৳ 270.00),",(30's pack: ৳ 270.00)
27854,Epizam,allopathic,epizamtablet2-mg,Tablet,Clonazepam,2 mg,Alco Pharma Ltd.,"Unit Price: ৳ 8.00,(20's pack: ৳ 160.00),",(20's pack: ৳ 160.00)
27853,Epizam,allopathic,epizamtablet05-mg,Tablet,Clonazepam,0.5 mg,Alco Pharma Ltd.,"Unit Price: ৳ 5.00,(30's pack: ৳ 150.00),",(30's pack: ৳ 150.00)
24616,Epival Chrono,allopathic,epival-chronotablet-controlled-release500-mg,Tablet (Controlled Release),Sodium Valproate,500 mg,Innovative Pharma (Albion),"Unit Price: ৳ 14.17,(50's pack: ৳ 708.35),",(50's pack: ৳ 708.35)
24615,Epival Chrono,allopathic,epival-chronotablet-controlled-release300-mg,Tablet (Controlled Release),Sodium Valproate,300 mg,Innovative Pharma (Albion),"Unit Price: ৳ 9.44,(50's pack: ৳ 472.24),",(50's pack: ৳ 472.24)
24614,Epival Chrono,allopathic,epival-chronotablet-controlled-release200-mg,Tablet (Controlled Release),Sodium Valproate,200 mg,Innovative Pharma (Albion),"Unit Price: ৳ 5.31,(50's pack: ৳ 265.60),",(50's pack: ৳ 265.60)
4848,Epitra,allopathic,epitratablet1-mg,Tablet,Clonazepam,1 mg,Square Pharmaceuticals Ltd.,"Unit Price: ৳ 9.00,(60's pack: ৳ 540.00),",(60's pack: ৳ 540.00)
28147,ABO Kit,allopathic,abo-kittablet200-mg200-mcg,Tablet,Mifepristone + Misoprostol,200 mg+200 mcg,Globe Pharmaceuticals Ltd.,5 tablet kit: ৳ 280.00,
32192,Abixa,allopathic,abixatablet10-mg,Tablet,Memantine Hydrochloride,10 mg,ACI Limited,"Unit Price: ৳ 8.00,(20's pack: ৳ 160.00),",(20's pack: ৳ 160.00)
27693,Eradra,allopathic,eradraophthalmic-solution5,Ophthalmic Solution,Lifitegrast,5%,General Pharmaceuticals Ltd.,"5 ml drop: ৳ 1,800.00",
12197,Eradex,allopathic,eradextablet10-mg,Tablet,Loratadine,10 mg,Doctor’s Chemical Works Ltd.,"Unit Price: ৳ 3.73,(50's pack: ৳ 186.50),",(50's pack: ৳ 186.50)
7980,Eracef,allopathic,eracefiv-injection1-gmvial,IV Injection,Ceftriaxone Sodium,1 gm/vial,Popular Pharmaceuticals Ltd.,1 gm vial: ৳ 190.00,
7977,Eracef,allopathic,eracefim-injection1-gmvial,IM Injection,Ceftriaxone Sodium,1 gm/vial,Popular Pharmaceuticals Ltd.,1 gm vial: ৳ 190.00,
7976,Eracef,allopathic,eracefim-injection500-mgvial,IM Injection,Ceftriaxone Sodium,500 mg/vial,Popular Pharmaceuticals Ltd.,500 mg vial: ৳ 130.00,
7975,Eracef,allopathic,eracefim-injection250-mgvial,IM Injection,Ceftriaxone Sodium,250 mg/vial,Popular Pharmaceuticals Ltd.,250 mg vial: ৳ 100.00,
7981,Eracef,allopathic,eracefiv-injection2-gmvial,IV Injection,Ceftriaxone Sodium,2 gm/vial,Popular Pharmaceuticals Ltd.,2 gm vial: ৳ 301.14,
7979,Eracef,allopathic,eracefiv-injection500-mgvial,IV Injection,Ceftriaxone Sodium,500 mg/vial,Popular Pharmaceuticals Ltd.,500 mg vial: ৳ 130.00,
12798,Equra,allopathic,equracream10-ww,Cream,Urea (10%),10% w/w,Square Pharmaceuticals Ltd.,15 gm tube: ৳ 30.20,
24682,Eptase,allopathic,eptasepowder-for-injection15-million-unit,Powder for Injection,Streptokinase,1.5 million unit,Beacon Pharmaceuticals Ltd.,"1.5 million unit vial: ৳ 4,500.00",
4279,Epson,allopathic,epsontablet10-mg,Tablet,Clobazam,10 mg,Zenith Pharmaceuticals Ltd.,"Unit Price: ৳ 2.80,(100's pack: ৳ 280.00),",(100's pack: ৳ 280.00)
29074,Eprox,allopathic,eproxtablet500-mg,Tablet,Naproxen Sodium,500 mg,Euro Pharma Ltd.,"Unit Price: ৳ 8.00,(50's pack: ৳ 400.00),",(50's pack: ৳ 400.00)
16474,Eprex,allopathic,eprexivsc-injection2000-iu,IV/SC Injection,Erythropoietin Alfa,2000 IU,Janssen-Cilag,"2000 IU pre-filled syringe: ৳ 1,619.33,(6's pack: ৳ 9,715.98),","(6's pack: ৳ 9,715.98)"
13469,Eprex,allopathic,eprexivsc-injection3000-iu,IV/SC Injection,Erythropoietin Alfa,3000 IU,Janssen-Cilag,"3000 IU pre-filled syringe: ৳ 1,647.74,(6's pack: ৳ 9,886.44),","(6's pack: ৳ 9,886.44)"
16475,Eprex,allopathic,eprexivsc-injection4000-iu,IV/SC Injection,Erythropoietin Alfa,4000 IU,Janssen-Cilag,"4000 IU pre-filled syringe: ৳ 2,982.98,(6's pack: ৳ 17,897.88),","(6's pack: ৳ 17,897.88)"
16476,Eprex,allopathic,eprexivsc-injection10000-iu,IV/SC Injection,Erythropoietin Alfa,10000 IU,Janssen-Cilag,"10000 IU pre-filled syringe: ৳ 5,250.60,(6's pack: ৳ 31,503.60),","(6's pack: ৳ 31,503.60)"
11785,Eprel,allopathic,epreltablet50-mg,Tablet,Eperisone Hydrochloride,50 mg,Orion Pharma Ltd.,"Unit Price: ৳ 3.01,(50's pack: ৳ 150.50),",(50's pack: ৳ 150.50)
1997,Eprazol,allopathic,eprazoltablet-enteric-coated20-mg,Tablet (Enteric Coated),Esomeprazole,20 mg,Labaid Pharma Ltd.,"Unit Price: ৳ 7.02,(60's pack: ৳ 421.00),",(60's pack: ৳ 421.00)
26961,Eprazol,allopathic,eprazoltablet-enteric-coated40-mg,Tablet (Enteric Coated),Esomeprazole,40 mg,Labaid Pharma Ltd.,"Unit Price: ৳ 10.03,(30's pack: ৳ 300.93),",(30's pack: ৳ 300.93)
19357,Epram,allopathic,epramtablet5-mg,Tablet,Escitalopram Oxalate,5 mg,Innovative Pharma (Albion),"Unit Price: ৳ 6.50,(50's pack: ৳ 325.00),",(50's pack: ৳ 325.00)
19358,Epram,allopathic,epramtablet10-mg,Tablet,Escitalopram Oxalate,10 mg,Innovative Pharma (Albion),"Unit Price: ৳ 11.81,(30's pack: ৳ 354.18),",(30's pack: ৳ 354.18)
7768,Epoxim,allopathic,epoximtablet100-mg,Tablet,Cefpodoxime Proxetil,100 mg,Peoples Pharma Ltd.,"Unit Price: ৳ 20.00,(12's pack: ৳ 240.00),",(12's pack: ৳ 240.00)
7769,Epoxim,allopathic,epoximtablet200-mg,Tablet,Cefpodoxime Proxetil,200 mg,Peoples Pharma Ltd.,"Unit Price: ৳ 35.00,(8's pack: ৳ 280.00),",(8's pack: ৳ 280.00)
7770,Epoxim,allopathic,epoximpowder-for-suspension40-mg5-ml,Powder for Suspension,Cefpodoxime Proxetil,40 mg/5 ml,Peoples Pharma Ltd.,"50 ml bottle: ৳ 98.00,100 ml bottle: ৳ 180.00",
13480,Eposis,allopathic,eposisivsc-injection5000-iu,IV/SC Injection,Erythropoietin,5000 IU,Beacon Pharmaceuticals Ltd.,"5000 IU pre-filled syringe: ৳ 2,166.50",
13479,Eposis,allopathic,eposisivsc-injection3000-iu,IV/SC Injection,Erythropoietin,3000 IU,Beacon Pharmaceuticals Ltd.,"3000 IU pre-filled syringe: ৳ 1,484.45",
13478,Eposis,allopathic,eposisivsc-injection2000-iu,IV/SC Injection,Erythropoietin,2000 IU,Beacon Pharmaceuticals Ltd.,"2000 IU pre-filled syringe: ৳ 1,028.08",
20038,Eposis,allopathic,eposisivsc-injection4000-iu,IV/SC Injection,Erythropoietin,4000 IU,Beacon Pharmaceuticals Ltd.,"4000 IU pre-filled syringe: ৳ 1,935.80",
20037,Eposis,allopathic,eposisivsc-injection10000-iu,IV/SC Injection,Erythropoietin,10000 IU,Beacon Pharmaceuticals Ltd.,"10000 IU pre-filled syringe: ৳ 4,000.00",
15077,Eposin,allopathic,eposiniv-infusion100-mg5-ml,IV Infusion,Etoposide,100 mg/5 ml,Pharmachemie BV,100 mg vial: ৳ 560.00,
30393,Abiret,allopathic,abirettablet250-mg,Tablet,Abiraterone Acetate,250 mg,Drug International Ltd.,"Unit Price: ৳ 500.00,(7's pack: ৳ 3,500.00),","(7's pack: ৳ 3,500.00)"
1582,Eridon,allopathic,eridonoral-suspension5-mg5-ml,Oral Suspension,Domperidone Maleate,5 mg/5 ml,Doctor’s Chemical Works Ltd.,60 ml bottle: ৳ 25.00,
1581,Eridon,allopathic,eridontablet10-mg,Tablet,Domperidone Maleate,10 mg,Doctor’s Chemical Works Ltd.,"Unit Price: ৳ 2.00,(100's pack: ৳ 200.00),",(100's pack: ৳ 200.00)
2430,Erian,allopathic,eriansuppository5-mg5-mg10-mg10-mg,Suppository,Cinchocaine + Hydrocortisone + Framycetin + Esculin,5 mg+5 mg+10 mg+10 mg,Square Pharmaceuticals Ltd.,"Unit Price: ৳ 8.03,(10's pack: ৳ 80.30),",(10's pack: ৳ 80.30)
2429,Erian,allopathic,erianointment5-mg5-mg105-mg10-mggm,Ointment,Cinchocaine + Hydrocortisone + Framycetin + Esculin,(5 mg+5 mg+10.5 mg+10 mg)/gm,Square Pharmaceuticals Ltd.,15 gm tube: ৳ 80.00,
24748,Erectus,allopathic,erectustablet20-mg,Tablet,Tadalafil,20 mg,Concord Pharmaceuticals Ltd.,"Unit Price: ৳ 60.00,(4's pack: ৳ 240.00),",(4's pack: ৳ 240.00)
24747,Erectus,allopathic,erectustablet10-mg,Tablet,Tadalafil,10 mg,Concord Pharmaceuticals Ltd.,"Unit Price: ৳ 35.00,(4's pack: ৳ 140.00),",(4's pack: ৳ 140.00)
24771,Erectomed,allopathic,erectomedtablet20-mg,Tablet,Tadalafil,20 mg,MedRx Life Science Ltd.,Unit Price: ৳ 75.00,
24772,Erectomed,allopathic,erectomedtablet10-mg,Tablet,Tadalafil,10 mg,MedRx Life Science Ltd.,Unit Price: ৳ 50.00,
17185,Erdostin,allopathic,erdostincapsule300-mg,Capsule,Erdosteine,300 mg,NIPRO JMI Pharma Ltd.,"Unit Price: ৳ 15.00,(32's pack: ৳ 480.00),",(32's pack: ৳ 480.00)
29810,Erdon-Plus,allopathic,erdon-plusim-injection75-mg20-mg2-ml,IM Injection,Diclofenac Sodium + Lidocaine Hydrochloride,(75 mg+20 mg)/2 ml,Aristopharma Ltd.,"2 ml ampoule: ৳ 15.00,(10's pack: ৳ 150.00),",(10's pack: ৳ 150.00)
11006,Erdon TR,allopathic,erdon-trcapsule-timed-release100-mg,Capsule (Timed Release),Diclofenac Sodium,100 mg,Aristopharma Ltd.,"Unit Price: ৳ 3.00,(100's pack: ৳ 300.00),",(100's pack: ৳ 300.00)
11008,Erdon,allopathic,erdongel1-ww,Gel,Diclofenac Sodium,1% w/w,Aristopharma Ltd.,50 gm tube: ৳ 100.00,
11009,Erdon,allopathic,erdonsuppository50-mg,Suppository,Diclofenac Sodium,50 mg,Aristopharma Ltd.,"Unit Price: ৳ 15.00,(20's pack: ৳ 300.00),",(20's pack: ৳ 300.00)
26726,Erdolyt,allopathic,erdolytcapsule300-mg,Capsule,Erdosteine,300 mg,Ziska Pharmaceuticals Ltd.,"Unit Price: ৳ 15.00,(32's pack: ৳ 480.00),",(32's pack: ৳ 480.00)
30086,Erdolin,allopathic,erdolincapsule300-mg,Capsule,Erdosteine,300 mg,UniMed UniHealth,"Unit Price: ৳ 15.00,(30's pack: ৳ 450.00),",(30's pack: ৳ 450.00)
28939,Erbitux,allopathic,erbituxiv-infusion5-mgml,IV Infusion,Cetuximab,5 mg/ml,Merck,"20 ml vial: ৳ 28,642.00",
1998,Erazole,allopathic,erazoletablet-enteric-coated20-mg,Tablet (Enteric Coated),Esomeprazole,20 mg,Kemiko Pharmaceuticals Ltd.,"Unit Price: ৳ 5.02,(30's pack: ৳ 150.60),",(30's pack: ৳ 150.60)
26139,Erazole,allopathic,erazolecapsule-delayed-release20-mg,Capsule (Delayed Release),Esomeprazole,20 mg,Kemiko Pharmaceuticals Ltd.,"Unit Price: ৳ 7.02,(30's pack: ৳ 210.60),",(30's pack: ৳ 210.60)
22272,Erazole,allopathic,erazolecapsule-delayed-release40-mg,Capsule (Delayed Release),Esomeprazole,40 mg,Kemiko Pharmaceuticals Ltd.,"Unit Price: ৳ 10.03,(20's pack: ৳ 200.60),",(20's pack: ৳ 200.60)
27180,Erazole,allopathic,erazoletablet-enteric-coated40-mg,Tablet (Enteric Coated),Esomeprazole,40 mg,Kemiko Pharmaceuticals Ltd.,"Unit Price: ৳ 8.03,(30's pack: ৳ 240.90),",(30's pack: ৳ 240.90)
4343,Eraxit,allopathic,eraxittablet05-mg10-mg,Tablet,Flupentixol + Melitracen,0.5 mg+10 mg,Pharmasia Limited,"Unit Price: ৳ 5.00,(50's pack: ৳ 250.00),",(50's pack: ৳ 250.00)
30023,Eraxis,allopathic,eraxisiv-infusion100-mgvial,IV Infusion,Anidulafungin,100 mg/vial,Pfizer,"100 mg vial: ৳ 11,245.00",
4935,Erata,allopathic,eratatablet500-mg,Tablet,Levetiracetam,500 mg,SANDOZ (A Novartis Division),"Unit Price: ৳ 30.30,(30's pack: ৳ 909.00),",(30's pack: ৳ 909.00)
4934,Erata,allopathic,eratatablet250-mg,Tablet,Levetiracetam,250 mg,SANDOZ (A Novartis Division),"Unit Price: ৳ 16.25,(30's pack: ৳ 487.50),",(30's pack: ৳ 487.50)
17934,Erasprin,allopathic,erasprintablet-enteric-coated75-mg,Tablet (Enteric Coated),Aspirin,75 mg,UniMed UniHealth,"Unit Price: ৳ 0.57,(100's pack: ৳ 57.00),",(100's pack: ৳ 57.00)
11812,Eramin,allopathic,eramintablet4-mg,Tablet,Chlorpheniramine Maleate,4 mg,Pharmadesh Laboratories Ltd.,"Unit Price: ৳ 0.20,(500's pack: ৳ 100.00),",(500's pack: ৳ 100.00)
11813,Eramin,allopathic,eraminsyrup2-mg5-ml,Syrup,Chlorpheniramine Maleate,2 mg/5 ml,Pharmadesh Laboratories Ltd.,"60 ml bottle: ৳ 11.70,100 ml bottle: ৳ 21.50",
7557,Erafix,allopathic,erafixpowder-for-suspension100-mg5-ml,Powder for Suspension,Cefixime Trihydrate,100 mg/5 ml,Virgo Pharmaceuticals Ltd.,"30 ml bottle: ৳ 120.00,40 ml bottle: ৳ 140.00,50 ml bottle: ৳ 170.00",
7556,Erafix,allopathic,erafixcapsule200-mg,Capsule,Cefixime Trihydrate,200 mg,Virgo Pharmaceuticals Ltd.,"Unit Price: ৳ 30.00,(8's pack: ৳ 240.00),",(8's pack: ৳ 240.00)
18815,Erafix,allopathic,erafixcapsule400-mg,Capsule,Cefixime Trihydrate,400 mg,Virgo Pharmaceuticals Ltd.,Unit Price: ৳ 45.00,
32587,Abicon,allopathic,abiconoral-suspension500-mg100-mg5-ml,Oral Suspension,Sodium Alginate + Potassium Bicarbonate,(500 mg+100 mg)/5 ml,Healthcare Pharmaceuticals Ltd.,200 ml bottle: ৳ 150.00,
8456,Erosa,allopathic,erosapowder-for-suspension125-mg5-ml,Powder for Suspension,Erythromycin (Oral),125 mg/5 ml,Biopharma Laboratories Ltd.,100 ml bottle: ৳ 67.00,
28361,Eronib,allopathic,eronibtablet150-mg,Tablet,Erlotinib,150 mg,Drug International Ltd.,"Unit Price: ৳ 700.00,(28's pack: ৳ 19,600.00),","(28's pack: ৳ 19,600.00)"
8450,Eromycin DS,allopathic,eromycin-dstablet500-mg,Tablet,Erythromycin (Oral),500 mg,Square Pharmaceuticals Ltd.,"Unit Price: ৳ 10.35,(30's pack: ৳ 310.50),",(30's pack: ৳ 310.50)
530,Eromycin,allopathic,eromycinlotion3,Lotion,Erythromycin (Lotion),3%,Square Pharmaceuticals Ltd.,25 ml bottle: ৳ 120.37,
8451,Eromycin,allopathic,eromycinpowder-for-suspension125-mg5-ml,Powder for Suspension,Erythromycin (Oral),125 mg/5 ml,Square Pharmaceuticals Ltd.,100 ml bottle: ৳ 69.53,
8452,Eromycin,allopathic,eromycinpediatric-drops200-mg5-ml,Pediatric Drops,Erythromycin (Oral),200 mg/5 ml,Square Pharmaceuticals Ltd.,60 ml drop: ৳ 60.40,
8518,Eromed,allopathic,eromedpowder-for-suspension125-mg5-ml,Powder for Suspension,Erythromycin (Oral),125 mg/5 ml,Aexim Pharmaceuticals Ltd.,100 ml bottle: ৳ 55.00,
8448,Eromac,allopathic,eromacpowder-for-suspension125-mg5-ml,Powder for Suspension,Erythromycin (Oral),125 mg/5 ml,General Pharmaceuticals Ltd.,100 ml bottle: ৳ 61.23,
8445,Erom,allopathic,eromtablet250-mg,Tablet,Erythromycin (Oral),250 mg,Kemiko Pharmaceuticals Ltd.,"Unit Price: ৳ 4.87,(100's pack: ৳ 487.00),",(100's pack: ৳ 487.00)
8446,Erom,allopathic,eromtablet500-mg,Tablet,Erythromycin (Oral),500 mg,Kemiko Pharmaceuticals Ltd.,"Unit Price: ৳ 8.63,(50's pack: ৳ 431.50),",(50's pack: ৳ 431.50)
8447,Erom,allopathic,erompowder-for-suspension125-mg5-ml,Powder for Suspension,Erythromycin (Oral),125 mg/5 ml,Kemiko Pharmaceuticals Ltd.,100 ml bottle: ৳ 69.50,
11184,Eroflam,allopathic,eroflamtablet90-mg,Tablet,Etoricoxib,90 mg,Orion Pharma Ltd.,"Unit Price: ৳ 12.04,(30's pack: ৳ 361.20),",(30's pack: ৳ 361.20)
11183,Eroflam,allopathic,eroflamtablet60-mg,Tablet,Etoricoxib,60 mg,Orion Pharma Ltd.,"Unit Price: ৳ 7.02,(30's pack: ৳ 210.60),",(30's pack: ৳ 210.60)
11270,Erofen,allopathic,erofentablet400-mg,Tablet,Ibuprofen,400 mg,Edruc Limited,"Unit Price: ৳ 1.35,(100's pack: ৳ 135.00),",(100's pack: ৳ 135.00)
27385,Erode,allopathic,erodepowder-for-suspension125-mg5-ml,Powder for Suspension,Erythromycin (Oral),125 mg/5 ml,United Pharmaceuticals Ltd.,100 ml bottle: ৳ 70.17,
8444,Erocin,allopathic,erocinpowder-for-suspension125-mg5-ml,Powder for Suspension,Erythromycin (Oral),125 mg/5 ml,ACME Laboratories Ltd.,100 ml bottle: ৳ 84.75,
8443,Erocin,allopathic,erocintablet500-mg,Tablet,Erythromycin (Oral),500 mg,ACME Laboratories Ltd.,"Unit Price: ৳ 10.35,(30's pack: ৳ 310.50),",(30's pack: ৳ 310.50)
8442,Erocin,allopathic,erocintablet250-mg,Tablet,Erythromycin (Oral),250 mg,ACME Laboratories Ltd.,"Unit Price: ৳ 5.18,(50's pack: ৳ 259.00),",(50's pack: ৳ 259.00)
8441,ERO,allopathic,eropowder-for-suspension125-mg5-ml,Powder for Suspension,Erythromycin (Oral),125 mg/5 ml,Hudson Pharmaceuticals Ltd.,100 ml bottle: ৳ 60.00,
12485,Ermite,allopathic,ermitecream5-ww,Cream,Permethrin,5% w/w,Jayson Pharmaceuticals Ltd.,30 gm tube: ৳ 40.27,
8440,Ermac,allopathic,ermacpowder-for-suspension125-mg5-ml,Powder for Suspension,Erythromycin (Oral),125 mg/5 ml,Opsonin Pharma Ltd.,100 ml bottle: ৳ 84.74,
17289,Erlotin,allopathic,erlotintablet100-mg,Tablet,Erlotinib,100 mg,Healthcare Pharmaceuticals Ltd.,"Unit Price: ৳ 750.00,(30's pack: ৳ 22,500.00),","(30's pack: ৳ 22,500.00)"
17288,Erlotin,allopathic,erlotintablet150-mg,Tablet,Erlotinib,150 mg,Healthcare Pharmaceuticals Ltd.,"Unit Price: ৳ 1,000.00,(30's pack: ৳ 30,000.00),","(30's pack: ৳ 30,000.00)"
20028,Erloren,allopathic,erlorentablet150-mg,Tablet,Erlotinib,150 mg,Renata Limited,"Unit Price: ৳ 750.00,(7's pack: ৳ 5,250.00),","(7's pack: ৳ 5,250.00)"
20029,Erloren,allopathic,erlorentablet100-mg,Tablet,Erlotinib,100 mg,Renata Limited,"Unit Price: ৳ 600.00,(7's pack: ৳ 4,200.00),","(7's pack: ৳ 4,200.00)"
15116,Erlonix,allopathic,erlonixtablet150-mg,Tablet,Erlotinib,150 mg,Beacon Pharmaceuticals Ltd.,"Unit Price: ৳ 750.00,(30's pack: ৳ 22,500.00),","(30's pack: ৳ 22,500.00)"
15115,Erlonix,allopathic,erlonixtablet100-mg,Tablet,Erlotinib,100 mg,Beacon Pharmaceuticals Ltd.,"Unit Price: ৳ 600.00,(30's pack: ৳ 18,000.00),","(30's pack: ৳ 18,000.00)"
17311,Erlocent,allopathic,erlocenttablet150-mg,Tablet,Erlotinib,150 mg,Incepta Pharmaceuticals Ltd.,"Unit Price: ৳ 700.00,(10's pack: ৳ 7,000.00),","(10's pack: ৳ 7,000.00)"
17310,Erlocent,allopathic,erlocenttablet100-mg,Tablet,Erlotinib,100 mg,Incepta Pharmaceuticals Ltd.,"Unit Price: ৳ 550.00,(10's pack: ৳ 5,500.00),","(10's pack: ৳ 5,500.00)"
29330,Erinlar,allopathic,erinlarcapsule150-mg,Capsule,Ceritinib,150 mg,Genvio Pharma Ltd.,"Unit Price: ৳ 2,500.00,(28's pack: ৳ 70,000.00),","(28's pack: ৳ 70,000.00)"
4132,Abex,allopathic,abexsyrup30-mg100-mg125-mg5-ml,Syrup,Pseudoephedrine + Guaiphenasine + Triprolidine,(30 mg+100 mg+1.25 mg)/5 ml,Ibn Sina Pharmaceuticals Ltd.,100 ml bottle: ৳ 35.00,
8476,Erythrox,allopathic,erythroxpowder-for-suspension125-mg5-ml,Powder for Suspension,Erythromycin (Oral),125 mg/5 ml,Renata Limited,100 ml bottle: ৳ 69.32,
8473,Erythromycin-A,allopathic,erythromycin-apowder-for-suspension125-mg5-ml,Powder for Suspension,Erythromycin (Oral),125 mg/5 ml,Ad-din Pharmaceuticals Ltd.,100 ml bottle: ৳ 60.00,
8472,Erythro,allopathic,erythropowder-for-suspension125-mg5-ml,Powder for Suspension,Erythromycin (Oral),125 mg/5 ml,Medicon Pharmaceuticals Ltd.,100 ml bottle: ৳ 69.31,
8471,Erythin,allopathic,erythinpowder-for-suspension125-mg5-ml,Powder for Suspension,Erythromycin (Oral),125 mg/5 ml,ACI Limited,100 ml bottle: ৳ 61.47,
8529,Eryth,allopathic,erythpowder-for-suspension125-mg5-ml,Powder for Suspension,Erythromycin (Oral),125 mg/5 ml,Marksman Pharmaceuticals Ltd.,100 ml bottle: ৳ 55.00,
8527,Eryseem-500,allopathic,eryseem-500tablet500-mg,Tablet,Erythromycin (Oral),500 mg,Seema Pharmaceuticals Ltd.,"Unit Price: ৳ 8.00,(20's pack: ৳ 160.00),",(20's pack: ৳ 160.00)
8528,Eryseem,allopathic,eryseempowder-for-suspension125-mg5-ml,Powder for Suspension,Erythromycin (Oral),125 mg/5 ml,Seema Pharmaceuticals Ltd.,100 ml bottle: ৳ 56.00,
8470,Erynet,allopathic,erynetpowder-for-suspension125-mg5-ml,Powder for Suspension,Erythromycin (Oral),125 mg/5 ml,Bristol Pharmaceuticals Ltd.,100 ml bottle: ৳ 60.00,
8468,Erymex,allopathic,erymextablet500-mg,Tablet,Erythromycin (Oral),500 mg,Ibn Sina Pharmaceuticals Ltd.,"Unit Price: ৳ 10.25,(30's pack: ৳ 307.50),",(30's pack: ৳ 307.50)
8469,Erymex,allopathic,erymexpowder-for-suspension125-mg5-ml,Powder for Suspension,Erythromycin (Oral),125 mg/5 ml,Ibn Sina Pharmaceuticals Ltd.,100 ml bottle: ৳ 84.50,
8464,Erybac,allopathic,erybactablet500-mg,Tablet,Erythromycin (Oral),500 mg,Drug International Ltd.,"Unit Price: ৳ 8.05,(30's pack: ৳ 241.50),",(30's pack: ৳ 241.50)
8463,Erybac,allopathic,erybactablet250-mg,Tablet,Erythromycin (Oral),250 mg,Drug International Ltd.,"Unit Price: ৳ 4.05,(50's pack: ৳ 202.50),",(50's pack: ৳ 202.50)
8465,Erybac,allopathic,erybacpowder-for-suspension125-mg5-ml,Powder for Suspension,Erythromycin (Oral),125 mg/5 ml,Drug International Ltd.,100 ml bottle: ৳ 69.53,
8462,Ery,allopathic,erypowder-for-suspension125-mg5-ml,Powder for Suspension,Erythromycin (Oral),125 mg/5 ml,Alco Pharma Ltd.,100 ml bottle: ৳ 82.00,
8460,Ery,allopathic,erytablet250-mg,Tablet,Erythromycin (Oral),250 mg,Alco Pharma Ltd.,"Unit Price: ৳ 5.17,(50's pack: ৳ 258.51),",(50's pack: ৳ 258.51)
27855,Ery,allopathic,erytablet500-mg,Tablet,Erythromycin (Oral),500 mg,Alco Pharma Ltd.,"Unit Price: ৳ 10.33,(50's pack: ৳ 516.50),",(50's pack: ৳ 516.50)
30910,Erutic,allopathic,erutictablet25-mg,Tablet,Eplerenone,25 mg,Drug International Ltd.,"Unit Price: ৳ 30.00,(28's pack: ৳ 840.00),",(28's pack: ৳ 840.00)
17251,Erubin,allopathic,erubiniv-infusion2-mgml,IV Infusion,Epirubicin Hydrochloride,2 mg/ml,Beacon Pharmaceuticals Ltd.,"10 mg vial: ৳ 915.00,50 mg vial: ৳ 3,700.00",
32867,Ertoxa,allopathic,ertoxatablet5-mg,Tablet,Ertugliflozin,5 mg,Ziska Pharmaceuticals Ltd.,"Unit Price: ৳ 25.00,(30's pack: ৳ 750.00),",(30's pack: ৳ 750.00)
30351,Ertivix,allopathic,ertivixtablet05-mg,Tablet,Entecavir,0.5 mg,Sun Pharmaceutical Ltd.,"Unit Price: ৳ 48.00,(30's pack: ৳ 1,440.00),","(30's pack: ৳ 1,440.00)"
30352,Ertivix,allopathic,ertivixtablet1-mg,Tablet,Entecavir,1 mg,Sun Pharmaceutical Ltd.,"Unit Price: ৳ 90.00,(10's pack: ৳ 900.00),",(10's pack: ৳ 900.00)
27572,Ertinib,allopathic,ertinibtablet100-mg,Tablet,Erlotinib,100 mg,Aristopharma Ltd.,"Unit Price: ৳ 550.00,(10's pack: ৳ 5,500.00),","(10's pack: ৳ 5,500.00)"
27573,Ertinib,allopathic,ertinibtablet150-mg,Tablet,Erlotinib,150 mg,Aristopharma Ltd.,"Unit Price: ৳ 700.00,(10's pack: ৳ 7,000.00),","(10's pack: ৳ 7,000.00)"
30496,Ertapen,allopathic,ertapenimiv-injection1-gmvial,IM/IV Injection,Ertapenem,1 gm/vial,Aristopharma Ltd.,"1 gm vial: ৳ 3,200.00",
31007,Ertaco,allopathic,ertacocream2,Cream,Sertaconazole Nitrate,2%,ACME Laboratories Ltd.,20 gm tube: ৳ 200.00,
29298,Erpen,allopathic,erpenimiv-injection1-gmvial,IM/IV Injection,Ertapenem,1 gm/vial,Renata Limited,"1 gm vial: ৳ 3,200.00",
8457,Erosite,allopathic,erositepowder-for-suspension125-mg5-ml,Powder for Suspension,Erythromycin (Oral),125 mg/5 ml,Sharif Pharmaceuticals Ltd.,100 ml bottle: ৳ 70.00,
31468,Erosil,allopathic,erosilpowder-for-suspension125-mg5-ml,Powder for Suspension,Erythromycin (Oral),125 mg/5 ml,Silco Pharmaceutical Ltd.,100 ml bottle: ৳ 60.00,
8454,Erosa,allopathic,erosatablet250-mg,Tablet,Erythromycin (Oral),250 mg,Biopharma Laboratories Ltd.,"Unit Price: ৳ 4.52,(100's pack: ৳ 452.23),",(100's pack: ৳ 452.23)
22974,Abetis Plus,allopathic,abetis-plustablet40-mg125-mg,Tablet,Olmesartan Medoxomil + Hydrochlorothiazide,40 mg+12.5 mg,ACI Limited,"Unit Price: ৳ 15.00,(30's pack: ৳ 450.00),",(30's pack: ৳ 450.00)
2981,Abetis Plus,allopathic,abetis-plustablet20-mg125-mg,Tablet,Olmesartan Medoxomil + Hydrochlorothiazide,20 mg+12.5 mg,ACI Limited,"Unit Price: ৳ 10.00,(50's pack: ৳ 500.00),",(50's pack: ৳ 500.00)
27467,Esoben,allopathic,esobencapsule-delayed-release20-mg,Capsule (Delayed Release),Esomeprazole,20 mg,Benham Pharmaceuticals Ltd.,"Unit Price: ৳ 7.00,(60's pack: ৳ 420.00),",(60's pack: ৳ 420.00)
27468,Esoben,allopathic,esobencapsule-delayed-release40-mg,Capsule (Delayed Release),Esomeprazole,40 mg,Benham Pharmaceuticals Ltd.,"Unit Price: ৳ 9.00,(30's pack: ৳ 270.00),",(30's pack: ৳ 270.00)
27469,Esoben,allopathic,esobentablet-enteric-coated20-mg,Tablet (Enteric Coated),Esomeprazole,20 mg,Benham Pharmaceuticals Ltd.,"Unit Price: ৳ 5.00,(70's pack: ৳ 350.00),",(70's pack: ৳ 350.00)
2004,ESO,allopathic,esotablet-enteric-coated20-mg,Tablet (Enteric Coated),Esomeprazole,20 mg,Asiatic Laboratories Ltd.,"Unit Price: ৳ 5.00,(100's pack: ৳ 500.00),",(100's pack: ৳ 500.00)
27104,ESO,allopathic,esotablet-enteric-coated40-mg,Tablet (Enteric Coated),Esomeprazole,40 mg,Asiatic Laboratories Ltd.,"Unit Price: ৳ 8.00,(30's pack: ৳ 240.00),",(30's pack: ৳ 240.00)
2002,Esmotac,allopathic,esmotactablet-enteric-coated20-mg,Tablet (Enteric Coated),Esomeprazole,20 mg,Gaco Pharmaceuticals Ltd.,"Unit Price: ৳ 4.02,(60's pack: ৳ 241.20),",(60's pack: ৳ 241.20)
2003,Esmotac,allopathic,esmotactablet-enteric-coated40-mg,Tablet (Enteric Coated),Esomeprazole,40 mg,Gaco Pharmaceuticals Ltd.,"Unit Price: ৳ 7.03,(30's pack: ৳ 210.90),",(30's pack: ৳ 210.90)
32997,Esmosec,allopathic,esmoseciv-injection40-mgvial,IV Injection,Esomeprazole,40 mg/vial,Techno Drugs Ltd.,40 mg vial: ৳ 95.00,
26149,Esmosec,allopathic,esmosectablet-enteric-coated20-mg,Tablet (Enteric Coated),Esomeprazole,20 mg,Techno Drugs Ltd.,"Unit Price: ৳ 5.00,(40's pack: ৳ 200.00),",(40's pack: ৳ 200.00)
32998,Esmosec,allopathic,esmosectablet-enteric-coated40-mg,Tablet (Enteric Coated),Esomeprazole,40 mg,Techno Drugs Ltd.,"Unit Price: ৳ 8.00,(30's pack: ৳ 240.00),",(30's pack: ৳ 240.00)
28392,Esmogel,allopathic,esmogelcapsule-delayed-release20-mg,Capsule (Delayed Release),Esomeprazole,20 mg,Biogen Pharmaceuticals Ltd.,"Unit Price: ৳ 6.50,(100's pack: ৳ 650.00),",(100's pack: ৳ 650.00)
26155,Esmeron,allopathic,esmeroniv-injection50-mg5-ml,IV Injection,Rocuronium Bromide,50 mg/5 ml,Healthcare Pharmaceuticals Ltd.,"5 ml vial: ৳ 440.00,(10's pack: ৳ 4,400.00),","(10's pack: ৳ 4,400.00)"
2001,Esmax,allopathic,esmaxcapsule-delayed-release40-mg,Capsule (Delayed Release),Esomeprazole,40 mg,Concord Pharmaceuticals Ltd.,"Unit Price: ৳ 8.02,(20's pack: ৳ 160.40),",(20's pack: ৳ 160.40)
2000,Esmax,allopathic,esmaxcapsule-delayed-release20-mg,Capsule (Delayed Release),Esomeprazole,20 mg,Concord Pharmaceuticals Ltd.,"Unit Price: ৳ 7.00,(100's pack: ৳ 700.00),",(100's pack: ৳ 700.00)
1999,Esmax,allopathic,esmaxtablet-enteric-coated20-mg,Tablet (Enteric Coated),Esomeprazole,20 mg,Concord Pharmaceuticals Ltd.,"Unit Price: ৳ 5.02,(60's pack: ৳ 301.20),",(60's pack: ৳ 301.20)
186,Esloric,allopathic,eslorictablet100-mg,Tablet,Allopurinol,100 mg,Square Pharmaceuticals Ltd.,"Unit Price: ৳ 4.03,(100's pack: ৳ 403.00),",(100's pack: ৳ 403.00)
16487,Eslicar,allopathic,eslicartablet400-mg,Tablet,Eslicarbazepine Acetate,400 mg,Square Pharmaceuticals Ltd.,"Unit Price: ৳ 35.11,(10's pack: ৳ 351.10),",(10's pack: ৳ 351.10)
4469,Esita,allopathic,esitatablet5-mg,Tablet,Escitalopram Oxalate,5 mg,Healthcare Pharmaceuticals Ltd.,"Unit Price: ৳ 7.00,(100's pack: ৳ 700.00),",(100's pack: ৳ 700.00)
4470,Esita,allopathic,esitatablet10-mg,Tablet,Escitalopram Oxalate,10 mg,Healthcare Pharmaceuticals Ltd.,"Unit Price: ৳ 12.00,(100's pack: ৳ 1,200.00),","(100's pack: ৳ 1,200.00)"
4467,Esipram,allopathic,esipramtablet5-mg,Tablet,Escitalopram Oxalate,5 mg,Incepta Pharmaceuticals Ltd.,"Unit Price: ৳ 6.50,(30's pack: ৳ 195.00),",(30's pack: ৳ 195.00)
4468,Esipram,allopathic,esipramtablet10-mg,Tablet,Escitalopram Oxalate,10 mg,Incepta Pharmaceuticals Ltd.,"Unit Price: ৳ 11.00,(30's pack: ৳ 330.00),",(30's pack: ৳ 330.00)
27386,Esigerd,allopathic,esigerdtablet-enteric-coated20-mg,Tablet (Enteric Coated),Esomeprazole,20 mg,United Pharmaceuticals Ltd.,"Unit Price: ৳ 5.00,(50's pack: ৳ 250.13),",(50's pack: ৳ 250.13)
30399,Escilex,allopathic,escilextablet5-mg,Tablet,Escitalopram Oxalate,5 mg,Renata Limited,"Unit Price: ৳ 7.00,(30's pack: ৳ 210.00),",(30's pack: ৳ 210.00)
30461,Escilex,allopathic,escilextablet10-mg,Tablet,Escitalopram Oxalate,10 mg,Renata Limited,"Unit Price: ৳ 12.00,(30's pack: ৳ 360.00),",(30's pack: ৳ 360.00)
26830,Escap,allopathic,escapcapsule-delayed-release20-mg,Capsule (Delayed Release),Esomeprazole,20 mg,Synovia pharma plc,"Unit Price: ৳ 8.00,(50's pack: ৳ 400.00),",(50's pack: ৳ 400.00)
26831,Escap,allopathic,escapcapsule-delayed-release40-mg,Capsule (Delayed Release),Esomeprazole,40 mg,Synovia pharma plc,"Unit Price: ৳ 12.00,(30's pack: ৳ 360.00),",(30's pack: ৳ 360.00)
14775,Esamin,allopathic,esaminiv-infusion5,IV Infusion,Amino Acid + D-Sorbitol + Electrolytes,5%,Monicopharma Ltd.,500 ml bottle: ৳ 350.00,
8478,Eryzen,allopathic,eryzentablet500-mg,Tablet,Erythromycin (Oral),500 mg,Zenith Pharmaceuticals Ltd.,"Unit Price: ৳ 8.66,(20's pack: ৳ 173.20),",(20's pack: ৳ 173.20)
8479,Eryzen,allopathic,eryzenpowder-for-suspension125-mg5-ml,Powder for Suspension,Erythromycin (Oral),125 mg/5 ml,Zenith Pharmaceuticals Ltd.,100 ml bottle: ৳ 57.00,
8477,Eryzen,allopathic,eryzentablet250-mg,Tablet,Erythromycin (Oral),250 mg,Zenith Pharmaceuticals Ltd.,"Unit Price: ৳ 4.38,(60's pack: ৳ 262.80),",(60's pack: ৳ 262.80)
2778,Abetis,allopathic,abetistablet40-mg,Tablet,Olmesartan Medoxomil,40 mg,ACI Limited,"Unit Price: ৳ 18.00,(50's pack: ৳ 900.00),",(50's pack: ৳ 900.00)
2011,Esogap,allopathic,esogaptablet-enteric-coated40-mg,Tablet (Enteric Coated),Esomeprazole,40 mg,Euro Pharma Ltd.,"Unit Price: ৳ 8.00,(50's pack: ৳ 400.00),",(50's pack: ৳ 400.00)
27233,Esogap,allopathic,esogapcapsule-delayed-release40-mg,Capsule (Delayed Release),Esomeprazole,40 mg,Euro Pharma Ltd.,"Unit Price: ৳ 9.00,(60's pack: ৳ 540.00),",(60's pack: ৳ 540.00)
27238,Esogap,allopathic,esogapiv-injection40-mgvial,IV Injection,Esomeprazole,40 mg/vial,Euro Pharma Ltd.,40 mg vial: ৳ 100.00,
26158,Esogap,allopathic,esogapcapsule-delayed-release20-mg,Capsule (Delayed Release),Esomeprazole,20 mg,Euro Pharma Ltd.,"Unit Price: ৳ 6.00,(100's pack: ৳ 600.00),",(100's pack: ৳ 600.00)
2010,Esogap,allopathic,esogaptablet-enteric-coated20-mg,Tablet (Enteric Coated),Esomeprazole,20 mg,Euro Pharma Ltd.,"Unit Price: ৳ 5.00,(100's pack: ৳ 500.00),",(100's pack: ৳ 500.00)
27201,Esofour,allopathic,esofourtablet-enteric-coated40-mg,Tablet (Enteric Coated),Esomeprazole,40 mg,Innovative Pharma (Albion),"Unit Price: ৳ 10.63,(30's pack: ৳ 318.76),",(30's pack: ৳ 318.76)
27198,Esofour,allopathic,esofourcapsule-delayed-release20-mg,Capsule (Delayed Release),Esomeprazole,20 mg,Innovative Pharma (Albion),"Unit Price: ৳ 9.45,(100's pack: ৳ 945.00),",(100's pack: ৳ 945.00)
27200,Esofour,allopathic,esofourcapsule-delayed-release40-mg,Capsule (Delayed Release),Esomeprazole,40 mg,Innovative Pharma (Albion),"Unit Price: ৳ 11.81,(60's pack: ৳ 708.35),",(60's pack: ৳ 708.35)
27199,Esofour,allopathic,esofourtablet-enteric-coated20-mg,Tablet (Enteric Coated),Esomeprazole,20 mg,Innovative Pharma (Albion),"Unit Price: ৳ 7.08,(100's pack: ৳ 708.35),",(100's pack: ৳ 708.35)
27253,Esoflux,allopathic,esofluxcapsule-delayed-release20-mg,Capsule (Delayed Release),Esomeprazole,20 mg,Centeon Pharma Ltd.,"Unit Price: ৳ 7.00,(50's pack: ৳ 350.00),",(50's pack: ৳ 350.00)
27254,Esoflux,allopathic,esofluxcapsule-delayed-release40-mg,Capsule (Delayed Release),Esomeprazole,40 mg,Centeon Pharma Ltd.,"Unit Price: ৳ 10.00,(30's pack: ৳ 300.00),",(30's pack: ৳ 300.00)
32423,Esodip,allopathic,esodiptablet125-mg,Tablet,S-Amlodipine Besilate (Levamlodipine),1.25 mg,Renata Limited,"Unit Price: ৳ 4.00,(20's pack: ৳ 80.00),",(20's pack: ৳ 80.00)
32424,Esodip,allopathic,esodiptablet25-mg,Tablet,S-Amlodipine Besilate (Levamlodipine),2.5 mg,Renata Limited,"Unit Price: ৳ 7.00,(20's pack: ৳ 140.00),",(20's pack: ৳ 140.00)
32425,Esodip,allopathic,esodiptablet5-mg,Tablet,S-Amlodipine Besilate (Levamlodipine),5 mg,Renata Limited,"Unit Price: ৳ 10.00,(20's pack: ৳ 200.00),",(20's pack: ৳ 200.00)
28892,Esocon MUPS,allopathic,esocon-mupsmups-tablet20-mg,MUPS Tablet,Esomeprazole (MUPS tablet),20 mg,Biopharma Laboratories Ltd.,"Unit Price: ৳ 10.00,(50's pack: ৳ 500.00),",(50's pack: ৳ 500.00)
2007,Esocon,allopathic,esoconcapsule-delayed-release20-mg,Capsule (Delayed Release),Esomeprazole,20 mg,Biopharma Laboratories Ltd.,"Unit Price: ৳ 7.00,(100's pack: ৳ 700.00),",(100's pack: ৳ 700.00)
2008,Esocon,allopathic,esoconcapsule-delayed-release40-mg,Capsule (Delayed Release),Esomeprazole,40 mg,Biopharma Laboratories Ltd.,"Unit Price: ৳ 9.50,(40's pack: ৳ 380.00),",(40's pack: ৳ 380.00)
2009,Esocon,allopathic,esoconiv-injection40-mgvial,IV Injection,Esomeprazole,40 mg/vial,Biopharma Laboratories Ltd.,40 mg vial: ৳ 65.00,
31434,Esoclip,allopathic,esoclipcapsule-delayed-release20-mg,Capsule (Delayed Release),Esomeprazole,20 mg,Guardian Healthcare Ltd.,Unit Price: ৳ 6.00,
2005,Esocare,allopathic,esocarecapsule-delayed-release20-mg,Capsule (Delayed Release),Esomeprazole,20 mg,Novelta Bestway Pharma Ltd.,"Unit Price: ৳ 6.00,(50's pack: ৳ 300.00),",(50's pack: ৳ 300.00)
2006,Esocare,allopathic,esocarecapsule-delayed-release40-mg,Capsule (Delayed Release),Esomeprazole,40 mg,Novelta Bestway Pharma Ltd.,"Unit Price: ৳ 9.00,(30's pack: ৳ 270.00),",(30's pack: ৳ 270.00)
27963,Esobest MUPS,allopathic,esobest-mupsmups-tablet40-mg,MUPS Tablet,Esomeprazole (MUPS tablet),40 mg,Sharif Pharmaceuticals Ltd.,"Unit Price: ৳ 14.00,(30's pack: ৳ 420.00),",(30's pack: ৳ 420.00)
27962,Esobest MUPS,allopathic,esobest-mupsmups-tablet20-mg,MUPS Tablet,Esomeprazole (MUPS tablet),20 mg,Sharif Pharmaceuticals Ltd.,"Unit Price: ৳ 10.00,(30's pack: ৳ 300.00),",(30's pack: ৳ 300.00)
26137,Esobest,allopathic,esobestcapsule-delayed-release20-mg,Capsule (Delayed Release),Esomeprazole,20 mg,Sharif Pharmaceuticals Ltd.,"Unit Price: ৳ 7.00,(60's pack: ৳ 420.00),",(60's pack: ৳ 420.00)
26136,Esobest,allopathic,esobesttablet-enteric-coated20-mg,Tablet (Enteric Coated),Esomeprazole,20 mg,Sharif Pharmaceuticals Ltd.,"Unit Price: ৳ 5.00,(60's pack: ৳ 300.00),",(60's pack: ৳ 300.00)
27007,Esobest,allopathic,esobestcapsule-delayed-release40-mg,Capsule (Delayed Release),Esomeprazole,40 mg,Sharif Pharmaceuticals Ltd.,"Unit Price: ৳ 10.00,(30's pack: ৳ 300.00),",(30's pack: ৳ 300.00)
30916,Esobest,allopathic,esobestiv-injection40-mgvial,IV Injection,Esomeprazole,40 mg/vial,Sharif Pharmaceuticals Ltd.,40 mg vial: ৳ 100.00,
27008,Esobest,allopathic,esobesttablet-enteric-coated40-mg,Tablet (Enteric Coated),Esomeprazole,40 mg,Sharif Pharmaceuticals Ltd.,"Unit Price: ৳ 8.00,(30's pack: ৳ 240.00),",(30's pack: ৳ 240.00)
27471,Esoben MUPS,allopathic,esoben-mupsmups-tablet20-mg,MUPS Tablet,Esomeprazole (MUPS tablet),20 mg,Benham Pharmaceuticals Ltd.,"Unit Price: ৳ 10.00,(30's pack: ৳ 300.00),",(30's pack: ৳ 300.00)
27470,Esoben,allopathic,esobentablet-enteric-coated40-mg,Tablet (Enteric Coated),Esomeprazole,40 mg,Benham Pharmaceuticals Ltd.,"Unit Price: ৳ 8.00,(30's pack: ৳ 240.00),",(30's pack: ৳ 240.00)
2777,Abetis,allopathic,abetistablet20-mg,Tablet,Olmesartan Medoxomil,20 mg,ACI Limited,"Unit Price: ৳ 10.00,(50's pack: ৳ 500.00),",(50's pack: ৳ 500.00)
2028,Esomo,allopathic,esomocapsule-delayed-release20-mg,Capsule (Delayed Release),Esomeprazole,20 mg,Amulet Pharmaceuticals Ltd.,"Unit Price: ৳ 6.02,(60's pack: ৳ 361.20),",(60's pack: ৳ 361.20)
26146,Esomium,allopathic,esomiumcapsule-delayed-release20-mg,Capsule (Delayed Release),Esomeprazole,20 mg,Jenphar Bangladesh Ltd.,"Unit Price: ৳ 6.00,(70's pack: ৳ 420.00),",(70's pack: ৳ 420.00)
28108,Esomium,allopathic,esomiumcapsule-delayed-release40-mg,Capsule (Delayed Release),Esomeprazole,40 mg,Jenphar Bangladesh Ltd.,"Unit Price: ৳ 9.00,(30's pack: ৳ 270.00),",(30's pack: ৳ 270.00)
27155,Esomiloc,allopathic,esomiloccapsule-delayed-release40-mg,Capsule (Delayed Release),Esomeprazole,40 mg,Kumudini Pharma Ltd.,"Unit Price: ৳ 10.00,(30's pack: ৳ 300.00),",(30's pack: ৳ 300.00)
27154,Esomiloc,allopathic,esomiloccapsule-delayed-release20-mg,Capsule (Delayed Release),Esomeprazole,20 mg,Kumudini Pharma Ltd.,"Unit Price: ৳ 7.00,(60's pack: ৳ 420.00),",(60's pack: ৳ 420.00)
2027,Esomiloc,allopathic,esomiloctablet-enteric-coated20-mg,Tablet (Enteric Coated),Esomeprazole,20 mg,Kumudini Pharma Ltd.,"Unit Price: ৳ 5.00,(60's pack: ৳ 300.00),",(60's pack: ৳ 300.00)
27156,Esomiloc,allopathic,esomiloctablet-enteric-coated40-mg,Tablet (Enteric Coated),Esomeprazole,40 mg,Kumudini Pharma Ltd.,"Unit Price: ৳ 8.00,(30's pack: ৳ 240.00),",(30's pack: ৳ 240.00)
2023,Esomep,allopathic,esomeptablet-enteric-coated40-mg,Tablet (Enteric Coated),Esomeprazole,40 mg,ACI Limited,"Unit Price: ৳ 8.02,(30's pack: ৳ 240.60),",(30's pack: ৳ 240.60)
2024,Esomep,allopathic,esomepcapsule-delayed-release20-mg,Capsule (Delayed Release),Esomeprazole,20 mg,ACI Limited,"Unit Price: ৳ 7.02,(50's pack: ৳ 351.00),",(50's pack: ৳ 351.00)
2025,Esomep,allopathic,esomepcapsule-delayed-release40-mg,Capsule (Delayed Release),Esomeprazole,40 mg,ACI Limited,"Unit Price: ৳ 9.03,(40's pack: ৳ 361.20),",(40's pack: ৳ 361.20)
2026,Esomep,allopathic,esomepiv-injection40-mgvial,IV Injection,Esomeprazole,40 mg/vial,ACI Limited,40 mg vial: ৳ 90.27,
2022,Esomep,allopathic,esomeptablet-enteric-coated20-mg,Tablet (Enteric Coated),Esomeprazole,20 mg,ACI Limited,"Unit Price: ৳ 5.02,(50's pack: ৳ 251.00),",(50's pack: ৳ 251.00)
2020,Esomenta,allopathic,esomentacapsule-delayed-release20-mg,Capsule (Delayed Release),Esomeprazole,20 mg,Jenphar Bangladesh Ltd.,"Unit Price: ৳ 7.00,(70's pack: ৳ 490.00),",(70's pack: ৳ 490.00)
2021,Esomenta,allopathic,esomentacapsule-delayed-release40-mg,Capsule (Delayed Release),Esomeprazole,40 mg,Jenphar Bangladesh Ltd.,"Unit Price: ৳ 10.00,(30's pack: ৳ 300.00),",(30's pack: ৳ 300.00)
2019,Esom-E,allopathic,esom-etablet-enteric-coated20-mg,Tablet (Enteric Coated),Esomeprazole,20 mg,Edruc Limited,"Unit Price: ৳ 5.00,(30's pack: ৳ 150.00),",(30's pack: ৳ 150.00)
2018,Esolok,allopathic,esolokiv-injection40-mgvial,IV Injection,Esomeprazole,40 mg/vial,Ibn Sina Pharmaceuticals Ltd.,40 mg vial: ৳ 100.00,
2017,Esolok,allopathic,esoloktablet-enteric-coated40-mg,Tablet (Enteric Coated),Esomeprazole,40 mg,Ibn Sina Pharmaceuticals Ltd.,"Unit Price: ৳ 8.00,(30's pack: ৳ 240.00),",(30's pack: ৳ 240.00)
2016,Esolok,allopathic,esoloktablet-enteric-coated20-mg,Tablet (Enteric Coated),Esomeprazole,20 mg,Ibn Sina Pharmaceuticals Ltd.,"Unit Price: ৳ 5.00,(100's pack: ৳ 500.00),",(100's pack: ৳ 500.00)
2015,Esolok,allopathic,esolokcapsule-delayed-release40-mg,Capsule (Delayed Release),Esomeprazole,40 mg,Ibn Sina Pharmaceuticals Ltd.,"Unit Price: ৳ 8.00,(100's pack: ৳ 800.00),",(100's pack: ৳ 800.00)
2014,Esolok,allopathic,esolokcapsule-delayed-release20-mg,Capsule (Delayed Release),Esomeprazole,20 mg,Ibn Sina Pharmaceuticals Ltd.,"Unit Price: ৳ 7.00,(100's pack: ৳ 700.00),",(100's pack: ৳ 700.00)
28212,Esolin,allopathic,esolintablet-enteric-coated40-mg,Tablet (Enteric Coated),Esomeprazole,40 mg,Rephco Pharmaceuticals Ltd.,"Unit Price: ৳ 6.00,(50's pack: ৳ 300.00),",(50's pack: ৳ 300.00)
28211,Esolin,allopathic,esolintablet-enteric-coated20-mg,Tablet (Enteric Coated),Esomeprazole,20 mg,Rephco Pharmaceuticals Ltd.,"Unit Price: ৳ 5.00,(50's pack: ৳ 250.00),",(50's pack: ৳ 250.00)
31348,Esohil,allopathic,esohilcapsule-delayed-release40-mg,Capsule (Delayed Release),Esomeprazole,40 mg,Goodman Pharmaceuticals Ltd.,"Unit Price: ৳ 8.00,(30's pack: ৳ 240.00),",(30's pack: ৳ 240.00)
31347,Esohil,allopathic,esohilcapsule-delayed-release20-mg,Capsule (Delayed Release),Esomeprazole,20 mg,Goodman Pharmaceuticals Ltd.,"Unit Price: ৳ 6.00,(60's pack: ৳ 360.00),",(60's pack: ৳ 360.00)
1584,Esogut,allopathic,esogutoral-suspension5-mg5-ml,Oral Suspension,Domperidone Maleate,5 mg/5 ml,Biopharma Laboratories Ltd.,60 ml bottle: ৳ 28.12,
1585,Esogut,allopathic,esogutpediatric-drops5-mgml,Pediatric Drops,Domperidone Maleate,5 mg/ml,Biopharma Laboratories Ltd.,15 ml drop: ৳ 25.00,
1583,Esogut,allopathic,esoguttablet10-mg,Tablet,Domperidone Maleate,10 mg,Biopharma Laboratories Ltd.,"Unit Price: ৳ 2.50,(100's pack: ৳ 250.00),",(100's pack: ৳ 250.00)
2012,Esogel,allopathic,esogelcapsule-delayed-release20-mg,Capsule (Delayed Release),Esomeprazole,20 mg,Organic Health Care Ltd.,"Unit Price: ৳ 6.50,(100's pack: ৳ 650.00),",(100's pack: ৳ 650.00)
2013,Esogel,allopathic,esogelcapsule-delayed-release40-mg,Capsule (Delayed Release),Esomeprazole,40 mg,Organic Health Care Ltd.,"Unit Price: ৳ 9.00,(28's pack: ৳ 252.00),",(28's pack: ৳ 252.00)
32996,Esogel,allopathic,esogeliv-injection40-mgvial,IV Injection,Esomeprazole,40 mg/vial,Organic Health Care Ltd.,40 mg vial: ৳ 90.00,
2776,Abetis,allopathic,abetistablet10-mg,Tablet,Olmesartan Medoxomil,10 mg,ACI Limited,"Unit Price: ৳ 6.00,(50's pack: ৳ 300.00),",(50's pack: ৳ 300.00)
2042,Esoprol,allopathic,esoprolcapsule-delayed-release40-mg,Capsule (Delayed Release),Esomeprazole,40 mg,Ziska Pharmaceuticals Ltd.,"Unit Price: ৳ 8.00,(32's pack: ৳ 256.00),",(32's pack: ৳ 256.00)
32653,Esoprol,allopathic,esoproliv-injection40-mgvial,IV Injection,Esomeprazole,40 mg/vial,Ziska Pharmaceuticals Ltd.,40 mg vial: ৳ 100.00,
27274,Esoprex MUPS,allopathic,esoprex-mupsmups-tablet40-mg,MUPS Tablet,Esomeprazole (MUPS tablet),40 mg,Beacon Pharmaceuticals Ltd.,"Unit Price: ৳ 14.00,(30's pack: ৳ 420.00),",(30's pack: ৳ 420.00)
27273,Esoprex MUPS,allopathic,esoprex-mupsmups-tablet20-mg,MUPS Tablet,Esomeprazole (MUPS tablet),20 mg,Beacon Pharmaceuticals Ltd.,"Unit Price: ৳ 10.00,(50's pack: ৳ 500.00),",(50's pack: ৳ 500.00)
2039,Esoprex,allopathic,esoprexcapsule-delayed-release20-mg,Capsule (Delayed Release),Esomeprazole,20 mg,Beacon Pharmaceuticals Ltd.,"Unit Price: ৳ 7.02,(100's pack: ৳ 702.00),,Unit Price: ৳ 7.02,(56's pack: ৳ 393.12),,Unit Price: ৳ 7.02,(40's pack: ৳ 280.80),","(100's pack: ৳ 702.00),(56's pack: ৳ 393.12),(40's pack: ৳ 280.80)"
2040,Esoprex,allopathic,esoprexcapsule-delayed-release40-mg,Capsule (Delayed Release),Esomeprazole,40 mg,Beacon Pharmaceuticals Ltd.,"Unit Price: ৳ 9.03,(30's pack: ৳ 270.90),",(30's pack: ৳ 270.90)
26391,Esoprex,allopathic,esoprexiv-injection40-mgvial,IV Injection,Esomeprazole,40 mg/vial,Beacon Pharmaceuticals Ltd.,40 mg vial: ৳ 100.30,
2037,Esopra,allopathic,esopratablet-enteric-coated20-mg,Tablet (Enteric Coated),Esomeprazole,20 mg,Alco Pharma Ltd.,"Unit Price: ৳ 4.01,(30's pack: ৳ 120.30),,Unit Price: ৳ 4.01,(42's pack: ৳ 168.42),","(30's pack: ৳ 120.30),(42's pack: ৳ 168.42)"
27858,Esopra,allopathic,esopracapsule-delayed-release40-mg,Capsule (Delayed Release),Esomeprazole,40 mg,Alco Pharma Ltd.,"Unit Price: ৳ 9.03,(20's pack: ৳ 180.60),",(20's pack: ৳ 180.60)
27857,Esopra,allopathic,esopracapsule-delayed-release20-mg,Capsule (Delayed Release),Esomeprazole,20 mg,Alco Pharma Ltd.,"Unit Price: ৳ 6.02,(30's pack: ৳ 180.60),",(30's pack: ৳ 180.60)
27856,Esopra,allopathic,esopratablet-enteric-coated40-mg,Tablet (Enteric Coated),Esomeprazole,40 mg,Alco Pharma Ltd.,"Unit Price: ৳ 7.02,(30's pack: ৳ 210.60),,Unit Price: ৳ 7.02,(42's pack: ৳ 294.84),","(30's pack: ৳ 210.60),(42's pack: ৳ 294.84)"
2035,Esopin,allopathic,esopintablet-enteric-coated20-mg,Tablet (Enteric Coated),Esomeprazole,20 mg,Hallmark Pharmaceuticals Ltd.,"Unit Price: ৳ 4.02,(50's pack: ৳ 201.00),",(50's pack: ৳ 201.00)
31038,Esonor-20,allopathic,esonor-20tablet-enteric-coated20-mg,Tablet (Enteric Coated),Esomeprazole,20 mg,RN Pharmaceuticals,"Unit Price: ৳ 4.50,(50's pack: ৳ 225.00),",(50's pack: ৳ 225.00)
31902,Esonix M,allopathic,esonix-mmups-tablet20-mg,MUPS Tablet,Esomeprazole (MUPS tablet),20 mg,Incepta Pharmaceuticals Ltd.,"Unit Price: ৳ 10.00,(50's pack: ৳ 500.00),",(50's pack: ৳ 500.00)
31901,Esonix M,allopathic,esonix-mmups-tablet40-mg,MUPS Tablet,Esomeprazole (MUPS tablet),40 mg,Incepta Pharmaceuticals Ltd.,"Unit Price: ৳ 14.00,(30's pack: ৳ 420.00),",(30's pack: ৳ 420.00)
2034,Esonix,allopathic,esonixiv-injection40-mgvial,IV Injection,Esomeprazole,40 mg/vial,Incepta Pharmaceuticals Ltd.,40 mg vial: ৳ 90.00,
2033,Esonix,allopathic,esonixcapsule-delayed-release40-mg,Capsule (Delayed Release),Esomeprazole,40 mg,Incepta Pharmaceuticals Ltd.,"Unit Price: ৳ 10.00,(30's pack: ৳ 300.00),,Unit Price: ৳ 10.00,(50's pack: ৳ 500.00),","(30's pack: ৳ 300.00),(50's pack: ৳ 500.00)"
2032,Esonix,allopathic,esonixcapsule-delayed-release20-mg,Capsule (Delayed Release),Esomeprazole,20 mg,Incepta Pharmaceuticals Ltd.,"Unit Price: ৳ 7.00,(56's pack: ৳ 392.00),",(56's pack: ৳ 392.00)
2031,Esonix,allopathic,esonixtablet-enteric-coated40-mg,Tablet (Enteric Coated),Esomeprazole,40 mg,Incepta Pharmaceuticals Ltd.,"Unit Price: ৳ 9.00,(28's pack: ৳ 252.00),",(28's pack: ৳ 252.00)
2030,Esonix,allopathic,esonixtablet-enteric-coated20-mg,Tablet (Enteric Coated),Esomeprazole,20 mg,Incepta Pharmaceuticals Ltd.,"Unit Price: ৳ 6.50,(70's pack: ৳ 455.00),",(70's pack: ৳ 455.00)
26205,Esonix,allopathic,esonixiv-injection20-mgvial,IV Injection,Esomeprazole,20 mg/vial,Incepta Pharmaceuticals Ltd.,20 mg vial: ৳ 70.00,
26122,Esonix,allopathic,esonixoral-powder20-mg,Oral Powder,Esomeprazole,20 mg,Incepta Pharmaceuticals Ltd.,"20 mg sachet: ৳ 7.00,(30's pack: ৳ 210.00),",(30's pack: ৳ 210.00)
31470,Esonam,allopathic,esonamcapsule-delayed-release40-mg,Capsule (Delayed Release),Esomeprazole,40 mg,Silco Pharmaceutical Ltd.,"Unit Price: ৳ 9.00,(60's pack: ৳ 540.00),",(60's pack: ৳ 540.00)
31469,Esonam,allopathic,esonamcapsule-delayed-release20-mg,Capsule (Delayed Release),Esomeprazole,20 mg,Silco Pharmaceutical Ltd.,"Unit Price: ৳ 6.00,(60's pack: ৳ 360.00),",(60's pack: ৳ 360.00)
26147,Esonaaf,allopathic,esonaafcapsule-delayed-release20-mg,Capsule (Delayed Release),Esomeprazole,20 mg,Naafco Pharma Ltd.,"Unit Price: ৳ 7.00,(60's pack: ৳ 420.00),",(60's pack: ৳ 420.00)
11542,Esona,allopathic,esonatablet-delayed-release375-mg20-mg,Tablet (Delayed Release),Naproxen Sodium + Esomeprazole Magnesium,375 mg+20 mg,Navana Pharmaceuticals Ltd.,"Unit Price: ৳ 8.02,(50's pack: ৳ 401.20),",(50's pack: ৳ 401.20)
11543,Esona,allopathic,esonatablet-delayed-release500-mg20-mg,Tablet (Delayed Release),Naproxen Sodium + Esomeprazole Magnesium,500 mg+20 mg,Navana Pharmaceuticals Ltd.,"Unit Price: ৳ 10.03,(50's pack: ৳ 501.50),",(50's pack: ৳ 501.50)
27009,Esomups,allopathic,esomupsmups-tablet40-mg,MUPS Tablet,Esomeprazole (MUPS tablet),40 mg,Jenphar Bangladesh Ltd.,"Unit Price: ৳ 14.00,(30's pack: ৳ 420.00),",(30's pack: ৳ 420.00)
26142,Esomups,allopathic,esomupsmups-tablet20-mg,MUPS Tablet,Esomeprazole (MUPS tablet),20 mg,Jenphar Bangladesh Ltd.,"Unit Price: ৳ 10.00,(60's pack: ৳ 600.00),",(60's pack: ৳ 600.00)
2029,Esomo,allopathic,esomocapsule-delayed-release40-mg,Capsule (Delayed Release),Esomeprazole,40 mg,Amulet Pharmaceuticals Ltd.,"Unit Price: ৳ 8.03,(30's pack: ৳ 240.90),",(30's pack: ৳ 240.90)
247,Abentel,allopathic,abentelchewable-tablet400-mg,Chewable Tablet,Albendazole,400 mg,Aristopharma Ltd.,"Unit Price: ৳ 5.00,(50's pack: ৳ 250.00),",(50's pack: ৳ 250.00)
26143,Esotron,allopathic,esotrontablet-enteric-coated20-mg,Tablet (Enteric Coated),Esomeprazole,20 mg,Jayson Pharmaceuticals Ltd.,"Unit Price: ৳ 5.00,(30's pack: ৳ 150.00),",(30's pack: ৳ 150.00)
17164,Esotor,allopathic,esotorcapsule-delayed-release20-mg,Capsule (Delayed Release),Esomeprazole,20 mg,NIPRO JMI Pharma Ltd.,"Unit Price: ৳ 7.00,(50's pack: ৳ 350.00),",(50's pack: ৳ 350.00)
17165,Esotor,allopathic,esotorcapsule-delayed-release40-mg,Capsule (Delayed Release),Esomeprazole,40 mg,NIPRO JMI Pharma Ltd.,"Unit Price: ৳ 9.00,(40's pack: ৳ 360.00),",(40's pack: ৳ 360.00)
17166,Esotor,allopathic,esotortablet-enteric-coated20-mg,Tablet (Enteric Coated),Esomeprazole,20 mg,NIPRO JMI Pharma Ltd.,"Unit Price: ৳ 5.02,(50's pack: ৳ 251.00),",(50's pack: ৳ 251.00)
17167,Esotor,allopathic,esotortablet-enteric-coated40-mg,Tablet (Enteric Coated),Esomeprazole,40 mg,NIPRO JMI Pharma Ltd.,"Unit Price: ৳ 8.02,(30's pack: ৳ 240.60),",(30's pack: ৳ 240.60)
32109,Esotid MUPS,allopathic,esotid-mupsmups-tablet20-mg,MUPS Tablet,Esomeprazole (MUPS tablet),20 mg,Opsonin Pharma Ltd.,"Unit Price: ৳ 10.00,(50's pack: ৳ 500.00),",(50's pack: ৳ 500.00)
32110,Esotid MUPS,allopathic,esotid-mupsmups-tablet40-mg,MUPS Tablet,Esomeprazole (MUPS tablet),40 mg,Opsonin Pharma Ltd.,"Unit Price: ৳ 14.00,(30's pack: ৳ 420.00),",(30's pack: ৳ 420.00)
31412,Esotid HP,allopathic,esotid-hptablet20-mg1000-mg500-mg,Tablet,Esomeprazole + Amoxicillin + Clarithromycin,20 mg+1000 mg+500 mg,Opsonin Pharma Ltd.,"4 tablet strip: ৳ 55.00,(14's pack: ৳ 770.00),",(14's pack: ৳ 770.00)
2050,Esotid,allopathic,esotidtablet-enteric-coated20-mg,Tablet (Enteric Coated),Esomeprazole,20 mg,Opsonin Pharma Ltd.,"Unit Price: ৳ 5.03,(98's pack: ৳ 492.94),",(98's pack: ৳ 492.94)
2054,Esotid,allopathic,esotidiv-injection40-mgvial,IV Injection,Esomeprazole,40 mg/vial,Opsonin Pharma Ltd.,40 mg vial: ৳ 90.27,
2051,Esotid,allopathic,esotidtablet-enteric-coated40-mg,Tablet (Enteric Coated),Esomeprazole,40 mg,Opsonin Pharma Ltd.,"Unit Price: ৳ 8.00,(42's pack: ৳ 336.00),",(42's pack: ৳ 336.00)
2052,Esotid,allopathic,esotidcapsule-delayed-release20-mg,Capsule (Delayed Release),Esomeprazole,20 mg,Opsonin Pharma Ltd.,"Unit Price: ৳ 7.00,(90's pack: ৳ 630.00),",(90's pack: ৳ 630.00)
2053,Esotid,allopathic,esotidcapsule-delayed-release40-mg,Capsule (Delayed Release),Esomeprazole,40 mg,Opsonin Pharma Ltd.,"Unit Price: ৳ 10.00,(60's pack: ৳ 600.00),",(60's pack: ৳ 600.00)
27333,Esotem,allopathic,esotemcapsule-delayed-release20-mg,Capsule (Delayed Release),Esomeprazole,20 mg,Team Pharmaceuticals Ltd.,"Unit Price: ৳ 6.50,(75's pack: ৳ 487.50),",(75's pack: ৳ 487.50)
27334,Esotem,allopathic,esotemcapsule-delayed-release40-mg,Capsule (Delayed Release),Esomeprazole,40 mg,Team Pharmaceuticals Ltd.,"Unit Price: ৳ 9.00,(30's pack: ৳ 270.00),",(30's pack: ৳ 270.00)
28483,Esotac,allopathic,esotaccapsule-delayed-release40-mg,Capsule (Delayed Release),Esomeprazole,40 mg,Navana Pharmaceuticals Ltd.,"Unit Price: ৳ 9.00,(30's pack: ৳ 270.00),",(30's pack: ৳ 270.00)
26128,Esotac,allopathic,esotaccapsule-delayed-release20-mg,Capsule (Delayed Release),Esomeprazole,20 mg,Navana Pharmaceuticals Ltd.,"Unit Price: ৳ 7.00,(60's pack: ৳ 420.00),",(60's pack: ৳ 420.00)
26910,Esotac,allopathic,esotaciv-injection40-mgvial,IV Injection,Esomeprazole,40 mg/vial,Navana Pharmaceuticals Ltd.,40 mg vial: ৳ 90.00,
2049,Esotac,allopathic,esotactablet-enteric-coated40-mg,Tablet (Enteric Coated),Esomeprazole,40 mg,Navana Pharmaceuticals Ltd.,"Unit Price: ৳ 8.00,(30's pack: ৳ 240.00),",(30's pack: ৳ 240.00)
2048,Esotac,allopathic,esotactablet-enteric-coated20-mg,Tablet (Enteric Coated),Esomeprazole,20 mg,Navana Pharmaceuticals Ltd.,"Unit Price: ৳ 5.00,(60's pack: ৳ 300.00),",(60's pack: ৳ 300.00)
27399,Esosil,allopathic,esosilcapsule-delayed-release20-mg,Capsule (Delayed Release),Esomeprazole,20 mg,Silva Pharmaceuticals Ltd.,"Unit Price: ৳ 7.00,(100's pack: ৳ 700.00),",(100's pack: ৳ 700.00)
26124,Esoral MUPS,allopathic,esoral-mupsmups-tablet40-mg,MUPS Tablet,Esomeprazole (MUPS tablet),40 mg,Eskayef Pharmaceuticals Ltd.,"Unit Price: ৳ 14.00,(30's pack: ৳ 420.00),",(30's pack: ৳ 420.00)
26123,Esoral MUPS,allopathic,esoral-mupsmups-tablet20-mg,MUPS Tablet,Esomeprazole (MUPS tablet),20 mg,Eskayef Pharmaceuticals Ltd.,"Unit Price: ৳ 10.00,(50's pack: ৳ 500.00),",(50's pack: ৳ 500.00)
2043,Esoral,allopathic,esoraltablet-enteric-coated20-mg,Tablet (Enteric Coated),Esomeprazole,20 mg,Eskayef Pharmaceuticals Ltd.,"Unit Price: ৳ 5.00,(80's pack: ৳ 400.00),",(80's pack: ৳ 400.00)
2044,Esoral,allopathic,esoraltablet-enteric-coated40-mg,Tablet (Enteric Coated),Esomeprazole,40 mg,Eskayef Pharmaceuticals Ltd.,"Unit Price: ৳ 8.00,(30's pack: ৳ 240.00),",(30's pack: ৳ 240.00)
2045,Esoral,allopathic,esoralcapsule-delayed-release20-mg,Capsule (Delayed Release),Esomeprazole,20 mg,Eskayef Pharmaceuticals Ltd.,"Unit Price: ৳ 7.00,(50's pack: ৳ 350.00),",(50's pack: ৳ 350.00)
2046,Esoral,allopathic,esoralcapsule-delayed-release40-mg,Capsule (Delayed Release),Esomeprazole,40 mg,Eskayef Pharmaceuticals Ltd.,"Unit Price: ৳ 10.00,(50's pack: ৳ 500.00),",(50's pack: ৳ 500.00)
2047,Esoral,allopathic,esoraliv-injection40-mgvial,IV Injection,Esomeprazole,40 mg/vial,Eskayef Pharmaceuticals Ltd.,40 mg vial: ৳ 90.00,
30641,Esoral,allopathic,esoraloral-powder20-mg,Oral Powder,Esomeprazole,20 mg,Eskayef Pharmaceuticals Ltd.,"20 mg sachet: ৳ 7.00,(30's pack: ৳ 210.00),",(30's pack: ৳ 210.00)
29758,Chirol,herbal,chirolsyrup,Syrup,Sharbat Musaffi,,Ibn Sina Pharmaceuticals Ltd.,"100 ml bottle: ৳ 37.50,200 ml bottle: ৳ 60.00,450 ml bottle: ৳ 100.00",
25489,Aben-DS,allopathic,aben-dschewable-tablet400-mg,Chewable Tablet,Albendazole,400 mg,Team Pharmaceuticals Ltd.,"Unit Price: ৳ 4.50,(100's pack: ৳ 450.00),",(100's pack: ৳ 450.00)
5377,Etform,allopathic,etformtablet500-mg,Tablet,Metformin Hydrochloride,500 mg,SANDOZ (A Novartis Division),"Unit Price: ৳ 16.00,(20's pack: ৳ 320.00),",(20's pack: ৳ 320.00)
12042,Eteen,allopathic,eteentablet10-mg,Tablet,Ebastine,10 mg,Euro Pharma Ltd.,"Unit Price: ৳ 6.00,(30's pack: ৳ 180.00),",(30's pack: ৳ 180.00)
29077,Eteen,allopathic,eteensyrup5-mg5-ml,Syrup,Ebastine,5 mg/5 ml,Euro Pharma Ltd.,50 ml bottle: ৳ 80.00,
29200,Etacept,allopathic,etaceptsc-injection25-mg05-ml,SC Injection,Etanercept,25 mg/0.5 ml,Healthcare Pharmaceuticals Ltd.,"0.5 ml pre-filled syringe: ৳ 8,000.00",
29201,Etacept,allopathic,etaceptsc-injection50-mgml,SC Injection,Etanercept,50 mg/ml,Healthcare Pharmaceuticals Ltd.,"1 ml pre-filled syringe: ৳ 13,635.44",
4854,Esypan,allopathic,esypantablet2-mg,Tablet,Clonazepam,2 mg,Silva Pharmaceuticals Ltd.,"Unit Price: ৳ 4.02,(50's pack: ৳ 201.00),",(50's pack: ৳ 201.00)
4853,Esypan,allopathic,esypantablet05-mg,Tablet,Clonazepam,0.5 mg,Silva Pharmaceuticals Ltd.,"Unit Price: ৳ 2.00,(50's pack: ৳ 100.00),",(50's pack: ৳ 100.00)
5883,Estracon,allopathic,estracontablet0625-mg,Tablet,Conjugated Estrogen (Tablet),0.625 mg,Renata Limited,"Unit Price: ৳ 20.00,(30's pack: ৳ 600.00),",(30's pack: ৳ 600.00)
29855,Estracon,allopathic,estraconvaginal-cream0625-mggm,Vaginal Cream,Conjugated Estrogen (Cream),0.625 mg/gm,Renata Limited,15 gm tube: ৳ 800.00,
314,Estazol,allopathic,estazolchewable-tablet400-mg,Chewable Tablet,Albendazole,400 mg,Ibn Sina Pharmaceuticals Ltd.,"Unit Price: ৳ 4.00,(50's pack: ৳ 200.00),",(50's pack: ৳ 200.00)
313,Estazol,allopathic,estazoloral-suspension200-mg5-ml,Oral Suspension,Albendazole,200 mg/5 ml,Ibn Sina Pharmaceuticals Ltd.,10 ml bottle: ৳ 20.00,
4489,Estarex,allopathic,estarextablet10-mg,Tablet,Escitalopram Oxalate,10 mg,SANDOZ (A Novartis Division),"Unit Price: ৳ 12.00,(28's pack: ৳ 336.00),",(28's pack: ৳ 336.00)
4488,Estarex,allopathic,estarextablet5-mg,Tablet,Escitalopram Oxalate,5 mg,SANDOZ (A Novartis Division),"Unit Price: ৳ 7.00,(28's pack: ৳ 196.01),",(28's pack: ৳ 196.01)
2062,Esru,allopathic,esrutablet-enteric-coated20-mg,Tablet (Enteric Coated),Esomeprazole,20 mg,Doctor’s Chemical Works Ltd.,"Unit Price: ৳ 4.00,(50's pack: ৳ 200.00),",(50's pack: ৳ 200.00)
28528,Esprazo,allopathic,esprazocapsule-delayed-release20-mg,Capsule (Delayed Release),Esomeprazole,20 mg,Pacific Pharmaceuticals Ltd.,"Unit Price: ৳ 7.00,(30's pack: ৳ 210.00),",(30's pack: ৳ 210.00)
32353,Espirar,allopathic,espirarinhalation-capsule,Inhalation Capsule,Levomenthol + Thymol + Terpineol + Chlorobutanol,,Purnava Limited,"Unit Price: ৳ 10.00,(10's pack: ৳ 100.00),",(10's pack: ৳ 100.00)
32910,Espazole,allopathic,espazolecapsule-delayed-release20-mg,Capsule (Delayed Release),Esomeprazole,20 mg,Arges Life Science Limited,"Unit Price: ৳ 7.00,(60's pack: ৳ 420.00),",(60's pack: ৳ 420.00)
20136,Espana,allopathic,espanatablet90-mg,Tablet,Etoricoxib,90 mg,United Pharmaceuticals Ltd.,"Unit Price: ৳ 11.01,(30's pack: ৳ 330.17),",(30's pack: ৳ 330.17)
20135,Espana,allopathic,espanatablet120-mg,Tablet,Etoricoxib,120 mg,United Pharmaceuticals Ltd.,"Unit Price: ৳ 13.01,(20's pack: ৳ 260.13),",(20's pack: ৳ 260.13)
20540,ESP,allopathic,espcapsule500-mg225-mg,Capsule,Folic Acid + Zinc Sulfate Monohydrate,500 mg+22.5 mg,Orion Pharma Ltd.,"Unit Price: ৳ 4.00,(30's pack: ৳ 120.00),",(30's pack: ৳ 120.00)
26150,Esozol,allopathic,esozolcapsule-delayed-release20-mg,Capsule (Delayed Release),Esomeprazole,20 mg,Medicon Pharmaceuticals Ltd.,"Unit Price: ৳ 5.45,(50's pack: ৳ 272.71),",(50's pack: ৳ 272.71)
2058,Esoz,allopathic,esoztablet-enteric-coated20-mg,Tablet (Enteric Coated),Esomeprazole,20 mg,Astra Biopharmaceuticals Ltd.,"Unit Price: ৳ 5.00,(30's pack: ৳ 150.00),",(30's pack: ৳ 150.00)
29469,Esoz,allopathic,esozcapsule-delayed-release40-mg,Capsule (Delayed Release),Esomeprazole,40 mg,Astra Biopharmaceuticals Ltd.,Unit Price: ৳ 8.00,
29470,Esoz,allopathic,esozcapsule-delayed-release20-mg,Capsule (Delayed Release),Esomeprazole,20 mg,Astra Biopharmaceuticals Ltd.,Unit Price: ৳ 7.00,
22794,Esoxen,allopathic,esoxentablet-delayed-release375-mg20-mg,Tablet (Delayed Release),Naproxen Sodium + Esomeprazole Magnesium,375 mg+20 mg,Organic Health Care Ltd.,"Unit Price: ৳ 8.03,(30's pack: ৳ 240.90),",(30's pack: ৳ 240.90)
22793,Esoxen,allopathic,esoxentablet-delayed-release500-mg20-mg,Tablet (Delayed Release),Naproxen Sodium + Esomeprazole Magnesium,500 mg+20 mg,Organic Health Care Ltd.,"Unit Price: ৳ 10.03,(30's pack: ৳ 300.90),",(30's pack: ৳ 300.90)
2057,Esovir,allopathic,esovirtablet-enteric-coated20-mg,Tablet (Enteric Coated),Esomeprazole,20 mg,Virgo Pharmaceuticals Ltd.,"Unit Price: ৳ 7.00,(60's pack: ৳ 420.00),",(60's pack: ৳ 420.00)
26145,Esover,allopathic,esovercapsule-delayed-release20-mg,Capsule (Delayed Release),Esomeprazole,20 mg,Veritas Pharmaceuticals Ltd.,"Unit Price: ৳ 7.02,(60's pack: ৳ 421.20),",(60's pack: ৳ 421.20)
29577,Esover,allopathic,esovercapsule-delayed-release40-mg,Capsule (Delayed Release),Esomeprazole,40 mg,Veritas Pharmaceuticals Ltd.,"Unit Price: ৳ 9.03,(28's pack: ৳ 252.84),",(28's pack: ৳ 252.84)
32452,Abeclib,allopathic,abeclibtablet200-mg,Tablet,Abemaciclib,200 mg,Eskayef Pharmaceuticals Ltd.,"Unit Price: ৳ 1,150.00,(14's pack: ৳ 16,100.00),","(14's pack: ৳ 16,100.00)"
3076,Abecab,allopathic,abecabtablet5-mg40-mg,Tablet,Amlodipine Besilate + Olmesartan Medoxomil,5 mg+40 mg,ACI Limited,"Unit Price: ৳ 19.00,(50's pack: ৳ 950.00),",(50's pack: ৳ 950.00)
11191,Etoflam,allopathic,etoflamtablet60-mg,Tablet,Etoricoxib,60 mg,Jenphar Bangladesh Ltd.,"Unit Price: ৳ 7.00,(30's pack: ৳ 210.00),",(30's pack: ৳ 210.00)
20123,Etofax,allopathic,etofaxtablet60-mg,Tablet,Etoricoxib,60 mg,Pharmik Laboratories Ltd.,Unit Price: ৳ 6.00,
20124,Etofax,allopathic,etofaxtablet90-mg,Tablet,Etoricoxib,90 mg,Pharmik Laboratories Ltd.,Unit Price: ৳ 11.00,
