brand id,brand name,type,slug,dosage form,generic,strength,manufacturer,package container,Package Size
20125,Etofax,allopathic,etofaxtablet120-mg,Tablet,Etoricoxib,120 mg,Pharmik Laboratories Ltd.,Unit Price: ৳ 13.00,
11188,Etocox,allopathic,etocoxtablet60-mg,Tablet,Etoricoxib,60 mg,General Pharmaceuticals Ltd.,"Unit Price: ৳ 7.05,(50's pack: ৳ 352.50),",(50's pack: ৳ 352.50)
11189,Etocox,allopathic,etocoxtablet90-mg,Tablet,Etoricoxib,90 mg,General Pharmaceuticals Ltd.,"Unit Price: ৳ 12.09,(30's pack: ৳ 362.70),",(30's pack: ৳ 362.70)
11190,Etocox,allopathic,etocoxtablet120-mg,Tablet,Etoricoxib,120 mg,General Pharmaceuticals Ltd.,"Unit Price: ৳ 14.09,(20's pack: ৳ 281.79),",(20's pack: ৳ 281.79)
11243,Etoben,allopathic,etobentablet120-mg,Tablet,Etoricoxib,120 mg,Benham Pharmaceuticals Ltd.,"Unit Price: ৳ 14.00,(20's pack: ৳ 280.00),",(20's pack: ৳ 280.00)
11242,Etoben,allopathic,etobentablet90-mg,Tablet,Etoricoxib,90 mg,Benham Pharmaceuticals Ltd.,"Unit Price: ৳ 12.00,(30's pack: ৳ 360.00),",(30's pack: ৳ 360.00)
11185,Eto,allopathic,etotablet60-mg,Tablet,Etoricoxib,60 mg,Delta Pharma Ltd.,"Unit Price: ৳ 7.00,(50's pack: ৳ 350.00),",(50's pack: ৳ 350.00)
11186,Eto,allopathic,etotablet90-mg,Tablet,Etoricoxib,90 mg,Delta Pharma Ltd.,"Unit Price: ৳ 10.00,(30's pack: ৳ 300.00),",(30's pack: ৳ 300.00)
11187,Eto,allopathic,etotablet120-mg,Tablet,Etoricoxib,120 mg,Delta Pharma Ltd.,"Unit Price: ৳ 12.00,(20's pack: ৳ 240.00),",(20's pack: ৳ 240.00)
1087,Etnol,allopathic,etnoltablet50-mg,Tablet,Atenolol,50 mg,Biopharma Laboratories Ltd.,"Unit Price: ৳ 0.78,(100's pack: ৳ 78.00),",(100's pack: ৳ 78.00)
30613,Etnol,allopathic,etnoltablet100-mg,Tablet,Atenolol,100 mg,Biopharma Laboratories Ltd.,"Unit Price: ৳ 1.38,(100's pack: ৳ 138.00),",(100's pack: ৳ 138.00)
11960,Etizin,allopathic,etizintablet10-mg,Tablet,Cetirizine Hydrochloride,10 mg,Edruc Limited,"Unit Price: ৳ 2.52,(100's pack: ৳ 252.01),",(100's pack: ৳ 252.01)
11961,Etizin,allopathic,etizinsyrup5-mg5-ml,Syrup,Cetirizine Hydrochloride,5 mg/5 ml,Edruc Limited,60 ml bottle: ৳ 20.00,
8480,Ethro,allopathic,ethropowder-for-suspension125-mg5-ml,Powder for Suspension,Erythromycin (Oral),125 mg/5 ml,Pharmadesh Laboratories Ltd.,100 ml bottle: ৳ 61.22,
28080,Ethivit-M,allopathic,ethivit-mtablet,Tablet,Multivitamin & Multimineral,,Ethical Drug Ltd.,"Unit Price: ৳ 1.33,(30's pack: ৳ 39.90),",(30's pack: ৳ 39.90)
28081,Ethivit-B,allopathic,ethivit-btablet,Tablet,Vitamin B complex,,Ethical Drug Ltd.,"Unit Price: ৳ 0.51,(45's pack: ৳ 22.95),",(45's pack: ৳ 22.95)
28070,Ethiplex-ZI,allopathic,ethiplex-zisyrup,Syrup,Iron Polymaltose Complex + Vitamin B Complex + Zinc,,Ethical Drug Ltd.,"100 ml bottle: ৳ 50.00,200 ml bottle: ৳ 85.00",
25289,Ethiplex-Z,allopathic,ethiplex-ztablet,Tablet,Vitamin B Complex + Zinc,,Ethical Drug Ltd.,"Unit Price: ৳ 2.00,(30's pack: ৳ 60.00),",(30's pack: ৳ 60.00)
28069,Ethiplex-Z,allopathic,ethiplex-zsyrup,Syrup,Vitamin B Complex + Zinc,,Ethical Drug Ltd.,"100 ml bottle: ৳ 45.00,200 ml bottle: ৳ 85.00",
28068,Ethiplex,allopathic,ethiplexsyrup,Syrup,Vitamin B complex,,Ethical Drug Ltd.,"100 ml bottle: ৳ 35.00,200 ml bottle: ৳ 62.00",
5917,Ethinor,allopathic,ethinortablet5-mg,Tablet,Norethisterone Acetate,5 mg,Eskayef Pharmaceuticals Ltd.,"Unit Price: ৳ 5.00,(45's pack: ৳ 225.00),",(45's pack: ৳ 225.00)
15959,Ethifen,allopathic,ethifensyrup1-mg5-ml,Syrup,Ketotifen Fumarate (Oral),1 mg/5 ml,Ethical Drug Ltd.,100 ml bottle: ৳ 50.00,
15960,Ethifen,allopathic,ethifentablet1-mg,Tablet,Ketotifen Fumarate (Oral),1 mg,Ethical Drug Ltd.,"Unit Price: ৳ 2.00,(100's pack: ৳ 200.00),",(100's pack: ৳ 200.00)
24143,Ethidin,allopathic,ethidintablet150-mg,Tablet,Ranitidine Hydrochloride,150 mg,Ethical Drug Ltd.,"Unit Price: ৳ 2.15,(100's pack: ৳ 215.00),",(100's pack: ৳ 215.00)
25317,Ethibion,allopathic,ethibiontablet100-mg200-mg200-mcg,Tablet,"Vitamin B1, B6 & B12",100 mg+200 mg+200 mcg,Ethical Drug Ltd.,"Unit Price: ৳ 7.00,(50's pack: ৳ 350.00),",(50's pack: ৳ 350.00)
32694,Ethibion,allopathic,ethibionim-injection100-mg100-mg1-mg3-ml,IM Injection,"Vitamin B1, B6 & B12",(100 mg+100 mg+1 mg)/3 ml,Ethical Drug Ltd.,"3 ml ampoule: ৳ 25.00,(10's pack: ৳ 250.00),",(10's pack: ৳ 250.00)
3075,Abecab,allopathic,abecabtablet5-mg20-mg,Tablet,Amlodipine Besilate + Olmesartan Medoxomil,5 mg+20 mg,ACI Limited,"Unit Price: ৳ 12.00,(50's pack: ৳ 600.00),",(50's pack: ৳ 600.00)
1316,Abdorin,allopathic,abdorinsyrup10-mg5-ml,Syrup,Dicycloverine Hydrochloride,10 mg/5 ml,Opsonin Pharma Ltd.,50 ml bottle: ৳ 30.11,
20103,Etoricoxib,allopathic,etoricoxibtablet90-mg,Tablet,Etoricoxib,90 mg,Bristol Pharmaceuticals Ltd.,Unit Price: ৳ 11.00,
20104,Etoricoxib,allopathic,etoricoxibtablet120-mg,Tablet,Etoricoxib,120 mg,Bristol Pharmaceuticals Ltd.,Unit Price: ৳ 13.00,
28753,Etoricoxib,allopathic,etoricoxibtablet120-mg,Tablet,Etoricoxib,120 mg,Zenith Pharmaceuticals Ltd.,"Unit Price: ৳ 14.00,(20's pack: ৳ 280.00),",(20's pack: ৳ 280.00)
28755,Etoricoxib,allopathic,etoricoxibtablet90-mg,Tablet,Etoricoxib,90 mg,Zenith Pharmaceuticals Ltd.,"Unit Price: ৳ 12.00,(30's pack: ৳ 360.00),",(30's pack: ৳ 360.00)
28754,Etoricoxib,allopathic,etoricoxibtablet60-mg,Tablet,Etoricoxib,60 mg,Zenith Pharmaceuticals Ltd.,"Unit Price: ৳ 7.00,(40's pack: ৳ 280.00),",(40's pack: ৳ 280.00)
20126,Etoricoxib,allopathic,etoricoxibtablet90-mg,Tablet,Etoricoxib,90 mg,Premier Pharmaceuticals Ltd.,"Unit Price: ৳ 11.50,(30's pack: ৳ 345.00),",(30's pack: ৳ 345.00)
20102,Etoricoxib,allopathic,etoricoxibtablet60-mg,Tablet,Etoricoxib,60 mg,Bristol Pharmaceuticals Ltd.,Unit Price: ৳ 6.00,
20112,Etorica,allopathic,etoricatablet60-mg,Tablet,Etoricoxib,60 mg,Labaid Pharma Ltd.,"Unit Price: ৳ 7.00,(30's pack: ৳ 210.00),",(30's pack: ৳ 210.00)
20113,Etorica,allopathic,etoricatablet90-mg,Tablet,Etoricoxib,90 mg,Labaid Pharma Ltd.,"Unit Price: ৳ 12.00,(30's pack: ৳ 360.00),",(30's pack: ৳ 360.00)
20114,Etorica,allopathic,etoricatablet120-mg,Tablet,Etoricoxib,120 mg,Labaid Pharma Ltd.,"Unit Price: ৳ 14.00,(20's pack: ৳ 280.00),",(20's pack: ৳ 280.00)
11194,Etorgin,allopathic,etorgintablet90-mg,Tablet,Etoricoxib,90 mg,Cosmic Pharma Ltd.,"Unit Price: ৳ 12.00,(30's pack: ৳ 360.00),",(30's pack: ৳ 360.00)
11195,Etorgin,allopathic,etorgintablet120-mg,Tablet,Etoricoxib,120 mg,Cosmic Pharma Ltd.,"Unit Price: ৳ 14.00,(30's pack: ৳ 420.00),",(30's pack: ৳ 420.00)
26206,Etorac,allopathic,etoracimiv-injection60-mg2-ml,IM/IV Injection,Ketorolac Tromethamine,60 mg/2 ml,Incepta Pharmaceuticals Ltd.,2 ml ampoule: ৳ 95.00,
15320,Etorac,allopathic,etoracimiv-injection30-mgml,IM/IV Injection,Ketorolac Tromethamine,30 mg/ml,Incepta Pharmaceuticals Ltd.,1 ml ampoule: ৳ 55.00,
15319,Etorac,allopathic,etoractablet10-mg,Tablet,Ketorolac Tromethamine,10 mg,Incepta Pharmaceuticals Ltd.,"Unit Price: ৳ 10.00,(30's pack: ৳ 300.00),",(30's pack: ৳ 300.00)
5090,Etopira,allopathic,etopiratablet25-mg,Tablet,Topiramate,25 mg,UniMed UniHealth,"Unit Price: ৳ 5.00,(30's pack: ৳ 150.00),",(30's pack: ৳ 150.00)
5091,Etopira,allopathic,etopiratablet50-mg,Tablet,Topiramate,50 mg,UniMed UniHealth,"Unit Price: ৳ 10.00,(30's pack: ৳ 300.00),",(30's pack: ৳ 300.00)
11248,Etonov,allopathic,etonovtablet90-mg,Tablet,Etoricoxib,90 mg,Novus Pharmaceuticals Ltd.,"Unit Price: ৳ 12.00,(30's pack: ৳ 360.00),",(30's pack: ৳ 360.00)
11247,Etonov,allopathic,etonovtablet60-mg,Tablet,Etoricoxib,60 mg,Novus Pharmaceuticals Ltd.,"Unit Price: ৳ 7.00,(30's pack: ৳ 210.00),",(30's pack: ৳ 210.00)
11245,Etonil,allopathic,etoniltablet90-mg,Tablet,Etoricoxib,90 mg,Pharmasia Limited,"Unit Price: ৳ 12.00,(20's pack: ৳ 240.00),",(20's pack: ৳ 240.00)
11246,Etonil,allopathic,etoniltablet120-mg,Tablet,Etoricoxib,120 mg,Pharmasia Limited,"Unit Price: ৳ 14.00,(20's pack: ৳ 280.00),",(20's pack: ৳ 280.00)
11244,Etonil,allopathic,etoniltablet60-mg,Tablet,Etoricoxib,60 mg,Pharmasia Limited,"Unit Price: ৳ 7.00,(30's pack: ৳ 210.00),",(30's pack: ৳ 210.00)
26598,Etolac,allopathic,etolacimiv-injection60-mg2-ml,IM/IV Injection,Ketorolac Tromethamine,60 mg/2 ml,Ibn Sina Pharmaceuticals Ltd.,2 ml ampoule: ৳ 100.00,
15444,Etolac,allopathic,etolacophthalmic-solution05,Ophthalmic Solution,Ketorolac Tromethamine (Ophthalmic),0.50%,Ibn Sina Pharmaceuticals Ltd.,5 ml drop: ৳ 85.00,
15318,Etolac,allopathic,etolacimiv-injection30-mgml,IM/IV Injection,Ketorolac Tromethamine,30 mg/ml,Ibn Sina Pharmaceuticals Ltd.,"1 ml ampoule: ৳ 60.00,(5's pack: ৳ 300.00),",(5's pack: ৳ 300.00)
15317,Etolac,allopathic,etolactablet10-mg,Tablet,Ketorolac Tromethamine,10 mg,Ibn Sina Pharmaceuticals Ltd.,"Unit Price: ৳ 10.50,(20's pack: ৳ 210.00),",(20's pack: ৳ 210.00)
3469,Etol,allopathic,etolsyrup2-mg5-ml,Syrup,Salbutamol,2 mg/5 ml,Edruc Limited,100 ml bottle: ৳ 22.98,
11149,Etogesic SR,allopathic,etogesic-srtablet-sustained-release600-mg,Tablet (Sustained Release),Etodolac,600 mg,ACME Laboratories Ltd.,"Unit Price: ৳ 15.04,(20's pack: ৳ 300.80),",(20's pack: ৳ 300.80)
11193,Etoflam,allopathic,etoflamtablet120-mg,Tablet,Etoricoxib,120 mg,Jenphar Bangladesh Ltd.,"Unit Price: ৳ 14.00,(20's pack: ৳ 280.00),",(20's pack: ৳ 280.00)
11192,Etoflam,allopathic,etoflamtablet90-mg,Tablet,Etoricoxib,90 mg,Jenphar Bangladesh Ltd.,"Unit Price: ৳ 12.00,(30's pack: ৳ 360.00),",(30's pack: ৳ 360.00)
1315,Abdorin,allopathic,abdorintablet10-mg,Tablet,Dicycloverine Hydrochloride,10 mg,Opsonin Pharma Ltd.,"Unit Price: ৳ 2.01,(50's pack: ৳ 100.50),",(50's pack: ৳ 100.50)
25103,Eucilone,allopathic,euciloneimia-injection40-mgml,IM/IA Injection,Triamcinolone Acetonide (Injection),40 mg/ml,Pharmasia Limited,1 ml vial: ৳ 65.00,
12799,Eucera,allopathic,euceracream10-ww,Cream,Urea (10%),10% w/w,UniMed UniHealth,30 gm tube: ৳ 75.00,
8485,Etrocin,allopathic,etrocinpowder-for-suspension125-mg5-ml,Powder for Suspension,Erythromycin (Oral),125 mg/5 ml,Beximco Pharmaceuticals Ltd.,100 ml bottle: ৳ 84.75,
8484,Etrocin,allopathic,etrocintablet500-mg,Tablet,Erythromycin (Oral),500 mg,Beximco Pharmaceuticals Ltd.,"Unit Price: ৳ 9.03,(50's pack: ৳ 451.56),",(50's pack: ৳ 451.56)
11205,Etrib,allopathic,etribtablet60-mg,Tablet,Etoricoxib,60 mg,NIPRO JMI Pharma Ltd.,"Unit Price: ৳ 7.00,(30's pack: ৳ 210.00),",(30's pack: ৳ 210.00)
11206,Etrib,allopathic,etribtablet90-mg,Tablet,Etoricoxib,90 mg,NIPRO JMI Pharma Ltd.,"Unit Price: ৳ 12.04,(30's pack: ৳ 361.20),",(30's pack: ৳ 361.20)
25110,Etriam,allopathic,etriamcream101,Cream,Econazole Nitrate + Triamcinolone Acetonide,1%+0.1%,Eskayef Pharmaceuticals Ltd.,10 gm tube: ৳ 40.00,
10300,Etrax,allopathic,etraxsyrup40-mg5-ml,Syrup,Levamisole,40 mg/5 ml,ACI Limited,30 ml bottle: ৳ 24.07,
10299,Etrax,allopathic,etraxtablet40-mg,Tablet,Levamisole,40 mg,ACI Limited,"Unit Price: ৳ 1.00,(100's pack: ৳ 100.00),",(100's pack: ৳ 100.00)
19955,ETP,allopathic,etptablet25-mg,Tablet,Eltrombopag Olamine,25 mg,Beacon Pharmaceuticals Ltd.,"Unit Price: ৳ 511.33,(7's pack: ৳ 3,579.31),","(7's pack: ৳ 3,579.31)"
19956,ETP,allopathic,etptablet50-mg,Tablet,Eltrombopag Olamine,50 mg,Beacon Pharmaceuticals Ltd.,"Unit Price: ৳ 909.02,(7's pack: ৳ 6,363.14),","(7's pack: ৳ 6,363.14)"
11203,Etoxib,allopathic,etoxibtablet60-mg,Tablet,Etoricoxib,60 mg,Globe Pharmaceuticals Ltd.,"Unit Price: ৳ 7.00,(30's pack: ৳ 210.00),",(30's pack: ৳ 210.00)
11204,Etoxib,allopathic,etoxibtablet90-mg,Tablet,Etoricoxib,90 mg,Globe Pharmaceuticals Ltd.,"Unit Price: ৳ 12.00,(30's pack: ৳ 360.00),",(30's pack: ৳ 360.00)
11201,Etox,allopathic,etoxtablet60-mg,Tablet,Etoricoxib,60 mg,Hallmark Pharmaceuticals Ltd.,"Unit Price: ৳ 8.02,(30's pack: ৳ 240.60),",(30's pack: ৳ 240.60)
11202,Etox,allopathic,etoxtablet90-mg,Tablet,Etoricoxib,90 mg,Hallmark Pharmaceuticals Ltd.,"Unit Price: ৳ 12.04,(30's pack: ৳ 361.20),",(30's pack: ৳ 361.20)
11255,Etovan,allopathic,etovantablet60-mg,Tablet,Etoricoxib,60 mg,Aristopharma Ltd.,"Unit Price: ৳ 7.00,(30's pack: ৳ 210.00),",(30's pack: ৳ 210.00)
11256,Etovan,allopathic,etovantablet90-mg,Tablet,Etoricoxib,90 mg,Aristopharma Ltd.,"Unit Price: ৳ 12.00,(30's pack: ৳ 360.00),",(30's pack: ৳ 360.00)
11257,Etovan,allopathic,etovantablet120-mg,Tablet,Etoricoxib,120 mg,Aristopharma Ltd.,"Unit Price: ৳ 14.00,(20's pack: ৳ 280.00),",(20's pack: ৳ 280.00)
27994,Etostar,allopathic,etostartablet90-mg,Tablet,Etoricoxib,90 mg,One Pharma Ltd.,"Unit Price: ৳ 12.00,(30's pack: ৳ 360.00),",(30's pack: ৳ 360.00)
27995,Etostar,allopathic,etostartablet120-mg,Tablet,Etoricoxib,120 mg,One Pharma Ltd.,"Unit Price: ৳ 14.00,(20's pack: ৳ 280.00),",(20's pack: ৳ 280.00)
11254,Etosis,allopathic,etosistablet120-mg,Tablet,Etoricoxib,120 mg,Organic Health Care Ltd.,"Unit Price: ৳ 14.05,(20's pack: ৳ 281.00),",(20's pack: ৳ 281.00)
11253,Etosis,allopathic,etosistablet90-mg,Tablet,Etoricoxib,90 mg,Organic Health Care Ltd.,"Unit Price: ৳ 12.03,(30's pack: ৳ 360.90),",(30's pack: ৳ 360.90)
31940,Etoshine,allopathic,etoshinetablet60-mg,Tablet,Etoricoxib,60 mg,Sun Pharmaceutical Ltd.,"Unit Price: ৳ 7.11,(30's pack: ৳ 213.44),",(30's pack: ৳ 213.44)
31956,Etoshine,allopathic,etoshinetablet90-mg,Tablet,Etoricoxib,90 mg,Sun Pharmaceutical Ltd.,"Unit Price: ৳ 12.45,(30's pack: ৳ 373.50),",(30's pack: ৳ 373.50)
31957,Etoshine,allopathic,etoshinetablet120-mg,Tablet,Etoricoxib,120 mg,Sun Pharmaceutical Ltd.,"Unit Price: ৳ 14.23,(30's pack: ৳ 426.88),",(30's pack: ৳ 426.88)
11198,Etorix,allopathic,etorixtablet60-mg,Tablet,Etoricoxib,60 mg,Eskayef Pharmaceuticals Ltd.,"Unit Price: ৳ 7.00,(50's pack: ৳ 350.00),",(50's pack: ৳ 350.00)
11199,Etorix,allopathic,etorixtablet90-mg,Tablet,Etoricoxib,90 mg,Eskayef Pharmaceuticals Ltd.,"Unit Price: ৳ 12.00,(40's pack: ৳ 480.00),",(40's pack: ৳ 480.00)
11200,Etorix,allopathic,etorixtablet120-mg,Tablet,Etoricoxib,120 mg,Eskayef Pharmaceuticals Ltd.,"Unit Price: ৳ 15.00,(30's pack: ৳ 450.00),",(30's pack: ৳ 450.00)
11197,Etoriflex,allopathic,etoriflextablet90-mg,Tablet,Etoricoxib,90 mg,Somatec Pharmaceuticals Ltd.,"Unit Price: ৳ 12.00,(30's pack: ৳ 360.00),",(30's pack: ৳ 360.00)
11196,Etoriflex,allopathic,etoriflextablet60-mg,Tablet,Etoricoxib,60 mg,Somatec Pharmaceuticals Ltd.,"Unit Price: ৳ 7.00,(30's pack: ৳ 210.00),",(30's pack: ৳ 210.00)
32000,Abdolax,allopathic,abdolaxoral-solution5-mg5-ml,Oral Solution,Sodium Picosulfate,5 mg/5 ml,Incepta Pharmaceuticals Ltd.,100 ml bottle: ৳ 150.00,
14686,Europlex-Z,allopathic,europlex-zsyrup,Syrup,Vitamin B Complex + Zinc,,Euro Pharma Ltd.,100 ml bottle: ৳ 45.00,
13780,Europlex,allopathic,europlexsyrup,Syrup,Vitamin B complex,,Euro Pharma Ltd.,200 ml bottle: ৳ 62.00,
27237,Eurolac,allopathic,eurolacimiv-injection60-mg2-ml,IM/IV Injection,Ketorolac Tromethamine,60 mg/2 ml,Euro Pharma Ltd.,2 ml ampoule: ৳ 95.00,
21253,Eurolac,allopathic,eurolacimiv-injection30-mgml,IM/IV Injection,Ketorolac Tromethamine,30 mg/ml,Euro Pharma Ltd.,1 ml ampoule: ৳ 55.00,
15321,Eurolac,allopathic,eurolactablet10-mg,Tablet,Ketorolac Tromethamine,10 mg,Euro Pharma Ltd.,"Unit Price: ৳ 10.00,(30's pack: ৳ 300.00),",(30's pack: ৳ 300.00)
6009,Eurofil,allopathic,eurofiltablet50-mg,Tablet,Sildenafil Citrate,50 mg,Novo Healthcare and Pharma Ltd.,"Unit Price: ৳ 30.10,(4's pack: ৳ 120.38),",(4's pack: ৳ 120.38)
14439,Eurocal-D,allopathic,eurocal-dtablet500-mg200-iu,Tablet,Calcium Carbonate [Elemental source] + Vitamin D3,500 mg+200 IU,Euro Pharma Ltd.,"Unit Price: ৳ 6.50,(30's pack: ৳ 195.00),,Unit Price: ৳ 6.50,(50's pack: ৳ 325.00),,Unit Price: ৳ 6.50,(60's pack: ৳ 390.00),","(30's pack: ৳ 195.00),(50's pack: ৳ 325.00),(60's pack: ৳ 390.00)"
14303,Eurocal,allopathic,eurocaltablet500-mg,Tablet,Calcium Carbonate,500 mg,Euro Pharma Ltd.,"Unit Price: ৳ 4.50,(50's pack: ৳ 225.00),",(50's pack: ৳ 225.00)
32955,Euro Oral Salaine,allopathic,euro-oral-salaineoral-powder1395-gm,Oral Powder,Oral Rehydration Salt [Powder],13.95 gm,Euro Pharma Ltd.,"Unit Price: ৳ 5.00,(20's pack: ৳ 100.00),",(20's pack: ৳ 100.00)
29075,Euro Hand Sanitizer,allopathic,euro-hand-sanitizerhand-rub750125145,Hand Rub,Isopropyl Alcohol + Hydrogen Peroxide + Glycerol,75%+0.125%+1.45%,Euro Pharma Ltd.,"50 ml spray: ৳ 50.00,100 ml spray: ৳ 100.00,100 ml bottle: ৳ 100.00,200 ml bottle: ৳ 200.00,5 liter bottle: ৳ 3,000.00",
29004,Euro Gel,allopathic,euro-gelhand-rub6635,Hand Rub,Ethanol + Isopropyl alcohol,66%+3.5%,Euro Pharma Ltd.,100 ml bottle: ৳ 170.00,
32697,Eurix CV,allopathic,eurix-cvtablet500-mg125-mg,Tablet,Cefuroxime Axetil + Clavulanic Acid,500 mg+125 mg,Ethical Drug Ltd.,"Unit Price: ৳ 50.00,(7's pack: ৳ 350.00),",(7's pack: ৳ 350.00)
32698,Eurix CV,allopathic,eurix-cvpowder-for-suspension125-mg3125-mg5-ml,Powder for Suspension,Cefuroxime Axetil + Clavulanic Acid,(125 mg+31.25 mg)/5 ml,Ethical Drug Ltd.,70 ml bottle: ৳ 250.00,
32696,Eurix CV,allopathic,eurix-cvtablet250-mg625-mg,Tablet,Cefuroxime Axetil + Clavulanic Acid,250 mg+62.5 mg,Ethical Drug Ltd.,"Unit Price: ৳ 30.00,(14's pack: ৳ 420.00),",(14's pack: ৳ 420.00)
32699,Eurix,allopathic,eurixpowder-for-suspension125-mg5-ml,Powder for Suspension,Cefuroxime Axetil,125 mg/5 ml,Ethical Drug Ltd.,70 ml bottle: ৳ 190.00,
32695,Eurix,allopathic,eurixtablet500-mg,Tablet,Cefuroxime Axetil,500 mg,Ethical Drug Ltd.,"Unit Price: ৳ 45.00,(14's pack: ৳ 630.00),",(14's pack: ৳ 630.00)
28082,Eurix,allopathic,eurixtablet250-mg,Tablet,Cefuroxime Axetil,250 mg,Ethical Drug Ltd.,"Unit Price: ৳ 25.00,(21's pack: ৳ 525.00),",(21's pack: ৳ 525.00)
1814,Eupi,allopathic,eupicapsule-delayed-release20-mg,Capsule (Delayed Release),Omeprazole,20 mg,Pharmasia Limited,"Unit Price: ৳ 5.00,(100's pack: ৳ 500.00),",(100's pack: ৳ 500.00)
1815,Eupi,allopathic,eupiiv-injection40-mgvial,IV Injection,Omeprazole,40 mg/vial,Pharmasia Limited,40 mg vial: ৳ 80.00,
23085,Eupi,allopathic,eupicapsule-delayed-release40-mg,Capsule (Delayed Release),Omeprazole,40 mg,Pharmasia Limited,"Unit Price: ৳ 8.00,(30's pack: ৳ 240.00),",(30's pack: ৳ 240.00)
28893,Euphor,allopathic,euphortablet05-mg10-mg,Tablet,Fluphenazine + Nortriptyline,0.5 mg+10 mg,Biopharma Laboratories Ltd.,"Unit Price: ৳ 0.80,(100's pack: ৳ 80.00),",(100's pack: ৳ 80.00)
12606,Eumovate,allopathic,eumovateointment005,Ointment,Clobetasone Butyrate,0.05%,GlaxoSmithKline,10 gm tube: ৳ 40.00,
12605,Eumovate,allopathic,eumovatecream005,Cream,Clobetasone Butyrate,0.05%,GlaxoSmithKline,10 gm tube: ৳ 40.00,
30401,Eukrim,allopathic,eukrimcream10-ww,Cream,Urea (10%),10% w/w,Beximco Pharmaceuticals Ltd.,15 gm tube: ৳ 30.00,
12800,Eudrate,allopathic,eudratecream10-ww,Cream,Urea (10%),10% w/w,Incepta Pharmaceuticals Ltd.,15 gm tube: ৳ 30.00,
30475,Eudaxen,allopathic,eudaxentablet50-mg,Tablet,Diazoxide,50 mg,Everest Pharmaceuticals Ltd.,"Unit Price: ৳ 150.00,(100's pack: ৳ 15,000.00),","(100's pack: ৳ 15,000.00)"
5230,Eucron,allopathic,eucrontablet80-mg,Tablet,Gliclazide,80 mg,Euro Pharma Ltd.,"Unit Price: ৳ 6.00,(50's pack: ৳ 300.00),",(50's pack: ৳ 300.00)
20869,Eucot,allopathic,eucotimiv-injection100-mg2-ml,IM/IV Injection,Hydrocortisone,100 mg/2 ml,Pharmasia Limited,100 mg vial: ৳ 50.00,
28531,Eucon,allopathic,euconimiv-injection50-mg2-ml,IM/IV Injection,Ranitidine Hydrochloride,50 mg/2 ml,Pacific Pharmaceuticals Ltd.,"2 ml ampoule: ৳ 10.00,(10's pack: ৳ 100.00),",(10's pack: ৳ 100.00)
1695,Eucon,allopathic,eucontablet150-mg,Tablet,Ranitidine Hydrochloride,150 mg,Pacific Pharmaceuticals Ltd.,"Unit Price: ৳ 1.90,(100's pack: ৳ 190.00),",(100's pack: ৳ 190.00)
31999,Abdolax,allopathic,abdolaxtablet10-mg,Tablet,Sodium Picosulfate,10 mg,Incepta Pharmaceuticals Ltd.,"Unit Price: ৳ 10.00,(30's pack: ৳ 300.00),",(30's pack: ৳ 300.00)
9425,Evo,allopathic,evotablet750-mg,Tablet,Levofloxacin Hemihydrate,750 mg,Beximco Pharmaceuticals Ltd.,"Unit Price: ৳ 20.00,(10's pack: ৳ 200.00),",(10's pack: ৳ 200.00)
9423,Evo,allopathic,evotablet250-mg,Tablet,Levofloxacin Hemihydrate,250 mg,Beximco Pharmaceuticals Ltd.,"Unit Price: ৳ 9.00,(30's pack: ৳ 270.13),",(30's pack: ৳ 270.13)
9427,Evo,allopathic,evoiv-infusion500-mg100-ml,IV Infusion,Levofloxacin Hemihydrate,500 mg/100 ml,Beximco Pharmaceuticals Ltd.,100 ml bottle: ৳ 100.00,
25360,Evit-C,allopathic,evit-cchewable-tablet250-mg,Chewable Tablet,Vitamin C [Ascorbic acid],250 mg,Ethical Drug Ltd.,"Unit Price: ৳ 1.90,(100's pack: ৳ 190.00),",(100's pack: ৳ 190.00)
29809,Everfresh,allopathic,everfreshophthalmic-solution1,Ophthalmic Solution,Carboxymethylcellulose Sodium,1%,Gaco Pharmaceuticals Ltd.,10 ml drop: ৳ 250.00,
30379,Evascon,allopathic,evascontablet30-mg,Tablet,Diltiazem Hydrochloride (FC tablet),30 mg,Renata Limited,"Unit Price: ৳ 2.02,(100's pack: ৳ 202.00),",(100's pack: ৳ 202.00)
30380,Evascon,allopathic,evascontablet60-mg,Tablet,Diltiazem Hydrochloride (FC tablet),60 mg,Renata Limited,"Unit Price: ৳ 3.85,(100's pack: ৳ 385.00),",(100's pack: ৳ 385.00)
1409,Evarin,allopathic,evarintablet135-mg,Tablet,Mebeverine Hydrochloride,135 mg,Delta Pharma Ltd.,"Unit Price: ৳ 6.00,(50's pack: ৳ 300.00),",(50's pack: ৳ 300.00)
28645,Evania,allopathic,evaniatablet10-mg,Tablet,Empagliflozin,10 mg,Healthcare Pharmaceuticals Ltd.,"Unit Price: ৳ 25.00,(30's pack: ৳ 750.00),",(30's pack: ৳ 750.00)
28646,Evania,allopathic,evaniatablet25-mg,Tablet,Empagliflozin,25 mg,Healthcare Pharmaceuticals Ltd.,"Unit Price: ৳ 45.00,(12's pack: ৳ 540.00),",(12's pack: ৳ 540.00)
4225,Evalin,allopathic,evalintablet5-mg,Tablet,Diazepam,5 mg,Aristopharma Ltd.,"Unit Price: ৳ 0.68,(500's pack: ৳ 340.00),",(500's pack: ৳ 340.00)
30088,Eval CR,allopathic,eval-crtablet-controlled-release300-mg,Tablet (Controlled Release),Sodium Valproate,300 mg,UniMed UniHealth,"Unit Price: ৳ 8.00,(30's pack: ৳ 240.00),",(30's pack: ৳ 240.00)
30087,Eval CR,allopathic,eval-crtablet-controlled-release200-mg,Tablet (Controlled Release),Sodium Valproate,200 mg,UniMed UniHealth,"Unit Price: ৳ 5.00,(30's pack: ৳ 150.00),",(30's pack: ৳ 150.00)
30089,Eval CR,allopathic,eval-crtablet-controlled-release500-mg,Tablet (Controlled Release),Sodium Valproate,500 mg,UniMed UniHealth,"Unit Price: ৳ 12.00,(30's pack: ৳ 360.00),",(30's pack: ৳ 360.00)
24639,Eval,allopathic,evalsyrup250-mg5-ml,Syrup,Sodium Valproate,250 mg/5 ml,UniMed UniHealth,100 ml bottle: ৳ 90.00,
24640,Eval,allopathic,evaltablet250-mg,Tablet,Sodium Valproate,250 mg,UniMed UniHealth,"Unit Price: ৳ 3.50,(30's pack: ৳ 105.00),",(30's pack: ৳ 105.00)
14725,Evagren,allopathic,evagrentablet,Tablet,Super antioxidant [vitamins & minerals],,Incepta Pharmaceuticals Ltd.,"Unit Price: ৳ 4.00,(30's pack: ৳ 120.00),",(30's pack: ৳ 120.00)
13781,EV Plex B,allopathic,ev-plex-btablet,Tablet,Vitamin B complex,,Reliance Pharmaceuticals Ltd.,"Unit Price: ৳ 0.50,(45's pack: ৳ 22.50),",(45's pack: ৳ 22.50)
13885,EV Plex B,allopathic,ev-plex-bsyrup,Syrup,Vitamin B complex,,Reliance Pharmaceuticals Ltd.,200 ml bottle: ৳ 43.00,
25960,Euticin,allopathic,euticinoral-powder3-gmsachet,Oral Powder,Fosfomycin Trometamol,3 gm/sachet,Incepta Pharmaceuticals Ltd.,3 gm sachet: ৳ 350.00,
5727,Euthycin,allopathic,euthycintablet50-mcg,Tablet,Levothyroxine Sodium,50 mcg,Incepta Pharmaceuticals Ltd.,"Unit Price: ৳ 1.20,(100's pack: ৳ 120.00),",(100's pack: ৳ 120.00)
25158,Eusoft,allopathic,eusoftcream10-ww,Cream,Urea (10%),10% w/w,Momotaz Pharmaceuticals Ltd.,15 gm tube: ৳ 28.00,
6882,Eusef DS,allopathic,eusef-dspowder-for-suspension250-mg5-ml,Powder for Suspension,Cephradine,250 mg/5 ml,Globe Pharmaceuticals Ltd.,100 ml bottle: ৳ 140.00,
6885,Eusef,allopathic,eusefimiv-injection1-gmvial,IM/IV Injection,Cephradine,1 gm/vial,Globe Pharmaceuticals Ltd.,1 gm vial: ৳ 80.00,
6884,Eusef,allopathic,eusefimiv-injection500-mgvial,IM/IV Injection,Cephradine,500 mg/vial,Globe Pharmaceuticals Ltd.,500 mg vial: ৳ 50.00,
6883,Eusef,allopathic,eusefpediatric-drops125-mg125-ml,Pediatric Drops,Cephradine,125 mg/1.25 ml,Globe Pharmaceuticals Ltd.,15 ml bottle: ৳ 50.00,
6881,Eusef,allopathic,eusefpowder-for-suspension125-mg5-ml,Powder for Suspension,Cephradine,125 mg/5 ml,Globe Pharmaceuticals Ltd.,100 ml bottle: ৳ 80.00,
6880,Eusef,allopathic,eusefcapsule500-mg,Capsule,Cephradine,500 mg,Globe Pharmaceuticals Ltd.,"Unit Price: ৳ 12.00,(30's pack: ৳ 360.00),",(30's pack: ৳ 360.00)
29007,Eurovit-C,allopathic,eurovit-cchewable-tablet250-mg,Chewable Tablet,Vitamin C [Ascorbic acid],250 mg,Euro Pharma Ltd.,"Unit Price: ৳ 1.90,(200's pack: ৳ 380.00),",(200's pack: ৳ 380.00)
29076,EuroSeas,allopathic,euroseassyrup,Syrup,Multivitamin & Cod Liver Oil,,Euro Pharma Ltd.,100 ml bottle: ৳ 80.00,
26940,Abasaglar,allopathic,abasaglarsc-injection100-iuml,SC Injection,Insulin Glargine [rDNA],100 IU/ml,Eli Lilly and Company,"3 ml cartridge: ৳ 723.40,(5's pack: ৳ 3,617.00),","(5's pack: ৳ 3,617.00)"
3099,Exforge,allopathic,exforgetablet10-mg160-mg,Tablet,Amlodipine Besilate + Valsartan,10 mg+160 mg,Novartis (Bangladesh) Ltd.,"Unit Price: ৳ 79.09,(28's pack: ৳ 2,214.52),","(28's pack: ৳ 2,214.52)"
7987,Exephin,allopathic,exephiniv-injection1-gmvial,IV Injection,Ceftriaxone Sodium,1 gm/vial,Incepta Pharmaceuticals Ltd.,1 gm vial: ৳ 190.00,
7983,Exephin,allopathic,exephinim-injection500-mgvial,IM Injection,Ceftriaxone Sodium,500 mg/vial,Incepta Pharmaceuticals Ltd.,500 mg vial: ৳ 130.00,
7984,Exephin,allopathic,exephinim-injection1-gmvial,IM Injection,Ceftriaxone Sodium,1 gm/vial,Incepta Pharmaceuticals Ltd.,1 gm vial: ৳ 190.00,
7988,Exephin,allopathic,exephiniv-injection2-gmvial,IV Injection,Ceftriaxone Sodium,2 gm/vial,Incepta Pharmaceuticals Ltd.,2 gm vial: ৳ 300.00,
7985,Exephin,allopathic,exephiniv-injection250-mgvial,IV Injection,Ceftriaxone Sodium,250 mg/vial,Incepta Pharmaceuticals Ltd.,250 mg vial: ৳ 100.00,
7982,Exephin,allopathic,exephinim-injection250-mgvial,IM Injection,Ceftriaxone Sodium,250 mg/vial,Incepta Pharmaceuticals Ltd.,250 mg vial: ৳ 100.00,
7986,Exephin,allopathic,exephiniv-injection500-mgvial,IV Injection,Ceftriaxone Sodium,500 mg/vial,Incepta Pharmaceuticals Ltd.,500 mg vial: ৳ 130.00,
5192,Exelon,allopathic,exeloncapsule15-mg,Capsule,Rivastigmine Tartrate,1.5 mg,Novartis (Bangladesh) Ltd.,"Unit Price: ৳ 145.55,(28's pack: ৳ 4,075.37),","(28's pack: ৳ 4,075.37)"
5197,Exelon,allopathic,exelontransdermal-patch133-mg24-h-15-cm,Transdermal Patch,Rivastigmine Tartrate,13.3 mg/24 h (15 cm),Novartis (Bangladesh) Ltd.,"Unit Price: ৳ 224.12,(30's pack: ৳ 6,723.46),","(30's pack: ৳ 6,723.46)"
5196,Exelon,allopathic,exelontransdermal-patch46-mg24-h-5-cm,Transdermal Patch,Rivastigmine Tartrate,4.6 mg/24 h (5 cm),Novartis (Bangladesh) Ltd.,"Unit Price: ৳ 224.85,(30's pack: ৳ 6,745.45),","(30's pack: ৳ 6,745.45)"
5195,Exelon,allopathic,exelontransdermal-patch95-mg24-h-10-cm,Transdermal Patch,Rivastigmine Tartrate,9.5 mg/24 h (10 cm),Novartis (Bangladesh) Ltd.,"Unit Price: ৳ 224.85,(30's pack: ৳ 6,745.45),","(30's pack: ৳ 6,745.45)"
5194,Exelon,allopathic,exeloncapsule45-mg,Capsule,Rivastigmine Tartrate,4.5 mg,Novartis (Bangladesh) Ltd.,"Unit Price: ৳ 145.55,(28's pack: ৳ 4,075.37),","(28's pack: ৳ 4,075.37)"
5193,Exelon,allopathic,exeloncapsule3-mg,Capsule,Rivastigmine Tartrate,3 mg,Novartis (Bangladesh) Ltd.,"Unit Price: ৳ 145.55,(28's pack: ৳ 4,075.37),","(28's pack: ৳ 4,075.37)"
7561,Excef,allopathic,excefcapsule200-mg,Capsule,Cefixime Trihydrate,200 mg,Chemist Laboratories  Ltd.,"Unit Price: ৳ 35.00,(12's pack: ৳ 420.00),",(12's pack: ৳ 420.00)
7562,Excef,allopathic,excefpowder-for-suspension100-mg5-ml,Powder for Suspension,Cefixime Trihydrate,100 mg/5 ml,Chemist Laboratories  Ltd.,50 ml bottle: ৳ 195.00,
18724,Excef,allopathic,excefcapsule400-mg,Capsule,Cefixime Trihydrate,400 mg,Chemist Laboratories  Ltd.,"Unit Price: ৳ 45.00,(8's pack: ৳ 360.00),",(8's pack: ৳ 360.00)
32041,Exalin OS,allopathic,exalin-osoral-solution5-mg5-ml,Oral Solution,Rupatadine Fumarate,5 mg/5 ml,Opso Saline Ltd.,60 ml bottle: ৳ 75.00,
26980,Exalin,allopathic,exalintablet10-mg,Tablet,Rupatadine Fumarate,10 mg,Opso Saline Ltd.,"Unit Price: ৳ 10.00,(30's pack: ৳ 300.00),",(30's pack: ৳ 300.00)
1697,Exac,allopathic,exactablet150-mg,Tablet,Ranitidine Hydrochloride,150 mg,Hallmark Pharmaceuticals Ltd.,"Unit Price: ৳ 2.01,(100's pack: ৳ 201.00),",(100's pack: ৳ 201.00)
9431,Evonex,allopathic,evonextablet500-mg,Tablet,Levofloxacin Hemihydrate,500 mg,Jayson Pharmaceuticals Ltd.,"Unit Price: ৳ 13.09,(20's pack: ৳ 261.80),",(20's pack: ৳ 261.80)
9429,Evoloxin,allopathic,evoloxintablet500-mg,Tablet,Levofloxacin Hemihydrate,500 mg,Hallmark Pharmaceuticals Ltd.,"Unit Price: ৳ 13.09,(20's pack: ৳ 261.80),",(20's pack: ৳ 261.80)
28817,Evofix,allopathic,evofixpowder-for-suspension100-mg5-ml,Powder for Suspension,Cefixime Trihydrate,100 mg/5 ml,Everest Pharmaceuticals Ltd.,50 ml bottle: ৳ 200.00,
28816,Evofix,allopathic,evofixcapsule400-mg,Capsule,Cefixime Trihydrate,400 mg,Everest Pharmaceuticals Ltd.,"Unit Price: ৳ 50.00,(8's pack: ৳ 400.00),",(8's pack: ৳ 400.00)
28815,Evofix,allopathic,evofixcapsule200-mg,Capsule,Cefixime Trihydrate,200 mg,Everest Pharmaceuticals Ltd.,"Unit Price: ৳ 35.00,(12's pack: ৳ 420.00),",(12's pack: ৳ 420.00)
9428,Evocin,allopathic,evocintablet500-mg,Tablet,Levofloxacin Hemihydrate,500 mg,Hudson Pharmaceuticals Ltd.,"Unit Price: ৳ 12.00,(20's pack: ৳ 240.00),",(20's pack: ৳ 240.00)
9578,Evo TS,allopathic,evo-tsophthalmic-solution15,Ophthalmic Solution,Levofloxacin (Ophthalmic),1.50%,Beximco Pharmaceuticals Ltd.,5 ml drop: ৳ 130.00,
9426,Evo,allopathic,evooral-solution125-mg5-ml,Oral Solution,Levofloxacin Hemihydrate,125 mg/5 ml,Beximco Pharmaceuticals Ltd.,100 ml bottle: ৳ 75.00,
9424,Evo,allopathic,evotablet500-mg,Tablet,Levofloxacin Hemihydrate,500 mg,Beximco Pharmaceuticals Ltd.,"Unit Price: ৳ 16.00,(20's pack: ৳ 320.00),",(20's pack: ৳ 320.00)
26939,Abasaglar,allopathic,abasaglarsc-injection100-iuml,SC Injection,Insulin Glargine [rDNA],100 IU/ml,Eli Lilly and Company,"3 ml pen: ৳ 1,085.00",
32906,Abacten,allopathic,abactenpowder-for-suspension200-mg5-ml,Powder for Suspension,Azithromycin Dihydrate,200 mg/5 ml,Arges Life Science Limited,30 ml bottle: ৳ 130.00,
9543,Exolev,allopathic,exolevtablet500-mg,Tablet,Levofloxacin Hemihydrate,500 mg,SANDOZ (A Novartis Division),"Unit Price: ৳ 15.99,(20's pack: ৳ 319.86),",(20's pack: ৳ 319.86)
2065,Exmart-20,allopathic,exmart-20tablet-enteric-coated20-mg,Tablet (Enteric Coated),Esomeprazole,20 mg,MST Pharma,"Unit Price: ৳ 5.00,(30's pack: ৳ 150.00),",(30's pack: ৳ 150.00)
12051,Exler,allopathic,exlertablet10-mg,Tablet,Ebastine,10 mg,Radiant Pharmaceuticals Ltd.,"Unit Price: ৳ 8.00,(50's pack: ৳ 400.00),",(50's pack: ৳ 400.00)
26437,Exium MUPS,allopathic,exium-mupsmups-tablet40-mg,MUPS Tablet,Esomeprazole (MUPS tablet),40 mg,Radiant Pharmaceuticals Ltd.,"Unit Price: ৳ 14.00,(28's pack: ৳ 392.00),",(28's pack: ৳ 392.00)
26121,Exium MUPS,allopathic,exium-mupsmups-tablet20-mg,MUPS Tablet,Esomeprazole (MUPS tablet),20 mg,Radiant Pharmaceuticals Ltd.,"Unit Price: ৳ 10.00,(80's pack: ৳ 800.00),",(80's pack: ৳ 800.00)
26438,Exium,allopathic,exiumiv-injection40-mgvial,IV Injection,Esomeprazole,40 mg/vial,Radiant Pharmaceuticals Ltd.,40 mg vial: ৳ 120.00,
2063,Exium,allopathic,exiumcapsule-delayed-release20-mg,Capsule (Delayed Release),Esomeprazole,20 mg,Radiant Pharmaceuticals Ltd.,"Unit Price: ৳ 8.50,(100's pack: ৳ 850.00),",(100's pack: ৳ 850.00)
2064,Exium,allopathic,exiumcapsule-delayed-release40-mg,Capsule (Delayed Release),Esomeprazole,40 mg,Radiant Pharmaceuticals Ltd.,"Unit Price: ৳ 12.00,(60's pack: ৳ 720.00),",(60's pack: ৳ 720.00)
4145,Exitra,allopathic,exitrasyrup30-mg100-mg125-mg5-ml,Syrup,Pseudoephedrine + Guaiphenasine + Triprolidine,(30 mg+100 mg+1.25 mg)/5 ml,Novo Healthcare and Pharma Ltd.,100 ml bottle: ৳ 40.13,
27964,Exiron,allopathic,exironiv-injection-or-infusion100-mg5-ml,IV Injection or Infusion,Iron Sucrose Injection [Elemental Iron],100 mg/5 ml,Sharif Pharmaceuticals Ltd.,5 ml ampoule: ৳ 330.00,
23333,Exipro,allopathic,exiprotablet-enteric-coated20-mg,Tablet (Enteric Coated),Pantoprazole Sodium Sesquihydrate,20 mg,Leon Pharmaceuticals Ltd.,"Unit Price: ৳ 5.00,(50's pack: ৳ 250.00),",(50's pack: ৳ 250.00)
23334,Exipro,allopathic,exiprotablet-enteric-coated40-mg,Tablet (Enteric Coated),Pantoprazole Sodium Sesquihydrate,40 mg,Leon Pharmaceuticals Ltd.,"Unit Price: ৳ 6.00,(30's pack: ৳ 180.00),",(30's pack: ৳ 180.00)
27723,Exipain,allopathic,exipaintablet100-mg,Tablet,Aceclofenac,100 mg,Opso Saline Ltd.,"Unit Price: ৳ 4.00,(100's pack: ৳ 400.00),",(100's pack: ৳ 400.00)
13048,Exinil,allopathic,exinilcream101,Cream,Econazole Nitrate + Triamcinolone Acetonide,1%+0.1%,ACME Laboratories Ltd.,"10 gm tube: ৳ 40.00,30 gm tube: ৳ 75.00",
26982,Exilok,allopathic,exiloktablet-enteric-coated40-mg,Tablet (Enteric Coated),Esomeprazole,40 mg,Opso Saline Ltd.,"Unit Price: ৳ 8.01,(50's pack: ৳ 400.36),",(50's pack: ৳ 400.36)
26981,Exilok,allopathic,exiloktablet-enteric-coated20-mg,Tablet (Enteric Coated),Esomeprazole,20 mg,Opso Saline Ltd.,"Unit Price: ৳ 5.03,(50's pack: ৳ 251.51),",(50's pack: ৳ 251.51)
26131,Exilok,allopathic,exilokcapsule-delayed-release40-mg,Capsule (Delayed Release),Esomeprazole,40 mg,Opso Saline Ltd.,"Unit Price: ৳ 9.06,(30's pack: ৳ 271.80),",(30's pack: ৳ 271.80)
26130,Exilok,allopathic,exilokcapsule-delayed-release20-mg,Capsule (Delayed Release),Esomeprazole,20 mg,Opso Saline Ltd.,"Unit Price: ৳ 7.00,(90's pack: ৳ 630.00),",(90's pack: ৳ 630.00)
27722,Exilok,allopathic,exilokiv-injection40-mgvial,IV Injection,Esomeprazole,40 mg/vial,Opso Saline Ltd.,40 mg vial: ৳ 90.00,
27203,Exifil,allopathic,exifiltablet100-mg,Tablet,Sildenafil Citrate,100 mg,Innovative Pharma (Albion),"Unit Price: ৳ 59.03,(4's pack: ৳ 236.12),",(4's pack: ৳ 236.12)
27202,Exifil,allopathic,exifiltablet50-mg,Tablet,Sildenafil Citrate,50 mg,Innovative Pharma (Albion),"Unit Price: ৳ 35.42,(4's pack: ৳ 141.67),",(4's pack: ৳ 141.67)
32978,Exicof,allopathic,exicofsyrup14-mg65-mg2-mg5-ml,Syrup,Diphenhydramine + Dextromethorphan + Levomenthol,(14 mg+6.5 mg+2 mg)/5 ml,Renata Limited,100 ml bottle: ৳ 80.00,
18719,Exiben,allopathic,exibencapsule200-mg,Capsule,Cefixime Trihydrate,200 mg,Benham Pharmaceuticals Ltd.,"Unit Price: ৳ 35.00,(14's pack: ৳ 490.00),",(14's pack: ৳ 490.00)
18720,Exiben,allopathic,exibenpowder-for-suspension100-mg5-ml,Powder for Suspension,Cefixime Trihydrate,100 mg/5 ml,Benham Pharmaceuticals Ltd.,"30 ml bottle: ৳ 135.00,50 ml bottle: ৳ 210.00,70 ml bottle: ৳ 225.00",
27472,Exiben,allopathic,exibencapsule400-mg,Capsule,Cefixime Trihydrate,400 mg,Benham Pharmaceuticals Ltd.,"Unit Price: ৳ 50.00,(7's pack: ৳ 350.00),",(7's pack: ৳ 350.00)
20127,Exib,allopathic,exibtablet60-mg,Tablet,Etoricoxib,60 mg,Prime Pharmaceuticals Ltd.,Unit Price: ৳ 7.00,
31944,Exformin ER,allopathic,exformin-ertablet-extended-release1000-mg,Tablet (Extended Release),Metformin Hydrochloride,1000 mg,Sun Pharmaceutical Ltd.,"Unit Price: ৳ 6.00,(50's pack: ৳ 300.00),",(50's pack: ৳ 300.00)
31945,Exformin ER,allopathic,exformin-ertablet-extended-release500-mg,Tablet (Extended Release),Metformin Hydrochloride,500 mg,Sun Pharmaceutical Ltd.,"Unit Price: ৳ 5.40,(50's pack: ৳ 270.00),",(50's pack: ৳ 270.00)
3098,Exforge,allopathic,exforgetablet5-mg160-mg,Tablet,Amlodipine Besilate + Valsartan,5 mg+160 mg,Novartis (Bangladesh) Ltd.,"Unit Price: ৳ 70.75,(28's pack: ৳ 1,981.00),","(28's pack: ৳ 1,981.00)"
32905,Abacten,allopathic,abactentablet500-mg,Tablet,Azithromycin Dihydrate,500 mg,Arges Life Science Limited,"Unit Price: ৳ 35.00,(6's pack: ৳ 210.00),",(6's pack: ৳ 210.00)
30731,Abaclor,allopathic,abaclorcapsule250-mg,Capsule,Cefaclor Monohydrate,250 mg,ACI Limited,"Unit Price: ৳ 21.14,(20's pack: ৳ 422.80),",(20's pack: ৳ 422.80)
5133,Extranil,allopathic,extraniltablet5-mg,Tablet,Procyclidine Hydrochloride,5 mg,General Pharmaceuticals Ltd.,"Unit Price: ৳ 0.85,(100's pack: ৳ 85.00),",(100's pack: ৳ 85.00)
6892,Extracef,allopathic,extracefpowder-for-suspension250-mg5-ml,Powder for Suspension,Cephradine,250 mg/5 ml,Aristopharma Ltd.,100 ml bottle: ৳ 140.00,
6890,Extracef,allopathic,extracefcapsule500-mg,Capsule,Cephradine,500 mg,Aristopharma Ltd.,"Unit Price: ৳ 15.00,(28's pack: ৳ 420.00),",(28's pack: ৳ 420.00)
6893,Extracef,allopathic,extracefpediatric-drops125-mg125-ml,Pediatric Drops,Cephradine,125 mg/1.25 ml,Aristopharma Ltd.,15 ml bottle: ৳ 62.00,
6891,Extracef,allopathic,extracefpowder-for-suspension125-mg5-ml,Powder for Suspension,Cephradine,125 mg/5 ml,Aristopharma Ltd.,100 ml bottle: ৳ 90.00,
6889,Extracef,allopathic,extracefcapsule250-mg,Capsule,Cephradine,250 mg,Aristopharma Ltd.,"Unit Price: ৳ 8.00,(30's pack: ৳ 240.00),",(30's pack: ৳ 240.00)
29126,Extopel,allopathic,extopelsyrup100-mg11-mg14-mg5-ml,Syrup,Guaifenesin + Levomenthol + Diphenhydramine,(100 mg+1.1 mg+14 mg)/5 ml,General Pharmaceuticals Ltd.,100 ml bottle: ৳ 80.00,
32980,Extil Plus,allopathic,extil-plussyrup100-mg11-mg14-mg5-ml,Syrup,Guaifenesin + Levomenthol + Diphenhydramine,(100 mg+1.1 mg+14 mg)/5 ml,Innovative Pharma (Albion),100 ml bottle: ৳ 80.00,
26741,Expreso,allopathic,expresosyrup200-mg15-mg15-mg5-ml,Syrup,Guaifenesin + Dextromethorphan + Menthol,(200 mg+15 mg+15 mg)/5 ml,Ziska Pharmaceuticals Ltd.,100 ml bottle: ৳ 85.00,
26833,Expres,allopathic,exprestablet10-mg,Tablet,Escitalopram Oxalate,10 mg,Synovia pharma plc,"Unit Price: ৳ 12.00,(30's pack: ৳ 360.00),",(30's pack: ৳ 360.00)
26832,Expres,allopathic,exprestablet5-mg,Tablet,Escitalopram Oxalate,5 mg,Synovia pharma plc,"Unit Price: ৳ 7.00,(30's pack: ৳ 210.00),",(30's pack: ৳ 210.00)
4146,Expoten,allopathic,expotensyrup30-mg100-mg125-mg5-ml,Syrup,Pseudoephedrine + Guaiphenasine + Triprolidine,(30 mg+100 mg+1.25 mg)/5 ml,Eskayef Pharmaceuticals Ltd.,100 ml bottle: ৳ 65.00,
30815,Expillin,allopathic,expillintablet4-mg,Tablet,Chlorpheniramine Maleate,4 mg,Gaco Pharmaceuticals Ltd.,"Unit Price: ৳ 0.20,(500's pack: ৳ 100.00),",(500's pack: ৳ 100.00)
11815,Expillin,allopathic,expillinsyrup2-mg5-ml,Syrup,Chlorpheniramine Maleate,2 mg/5 ml,Gaco Pharmaceuticals Ltd.,100 ml bottle: ৳ 21.50,
4095,Expecto,allopathic,expectosyrup4-mg5-ml,Syrup,Bromhexine Hydrochloride,4 mg/5 ml,Aristopharma Ltd.,100 ml bottle: ৳ 40.00,
27595,Expansol,allopathic,expansoliv-infusion609,IV Infusion,Hydroxyethyl Starch + Sodium Chloride,6%+0.9%,Incepta Pharmaceuticals Ltd.,500 ml bottle: ৳ 654.00,
12618,Exovate N,allopathic,exovate-ncream05-mg5-mg1-lac-iugm,Cream,Clobetasol Propionate + Neomycin Sulphate + Nystatin,(0.5 mg+5 mg+1 Lac IU)/gm,Beximco Pharmaceuticals Ltd.,25 gm tube: ৳ 90.00,
28871,Exovate N,allopathic,exovate-nointment05-mg5-mg1-lac-iugm,Ointment,Clobetasol Propionate + Neomycin Sulphate + Nystatin,(0.5 mg+5 mg+1 Lac IU)/gm,Beximco Pharmaceuticals Ltd.,25 gm tube: ৳ 100.00,
12582,Exovate,allopathic,exovatecream005,Cream,Clobetasol Propionate (Topical Preparation),0.05%,Beximco Pharmaceuticals Ltd.,"10 gm tube: ৳ 45.00,25 gm tube: ৳ 90.00",
12583,Exovate,allopathic,exovateointment005,Ointment,Clobetasol Propionate (Topical Preparation),0.05%,Beximco Pharmaceuticals Ltd.,10 gm tube: ৳ 50.00,
2067,Exor,allopathic,exorcapsule-delayed-release20-mg,Capsule (Delayed Release),Esomeprazole,20 mg,Orion Pharma Ltd.,"Unit Price: ৳ 7.00,(100's pack: ৳ 700.00),",(100's pack: ৳ 700.00)
2068,Exor,allopathic,exorcapsule-delayed-release40-mg,Capsule (Delayed Release),Esomeprazole,40 mg,Orion Pharma Ltd.,"Unit Price: ৳ 10.00,(30's pack: ৳ 300.00),",(30's pack: ৳ 300.00)
2069,Exor,allopathic,exoriv-injection40-mgvial,IV Injection,Esomeprazole,40 mg/vial,Orion Pharma Ltd.,40 mg vial: ৳ 100.30,
3994,Exophan,allopathic,exophansyrup10-mg5-ml,Syrup,Dextromethorphan Hydrobromide,10 mg/5 ml,Apollo Pharmaceutical Ltd.,100 ml bottle: ৳ 38.00,
2147,Exopan,allopathic,exopantablet-enteric-coated20-mg,Tablet (Enteric Coated),Pantoprazole Sodium Sesquihydrate,20 mg,Edruc Limited,"Unit Price: ৳ 3.00,(50's pack: ৳ 150.00),",(50's pack: ৳ 150.00)
30427,Exonid,allopathic,exonidoral-suspension30-mg5-ml,Oral Suspension,Fexofenadine Hydrochloride,30 mg/5 ml,Techno Drugs Ltd.,50 ml bottle: ৳ 50.00,
30429,Exonid,allopathic,exonidtablet180-mg,Tablet,Fexofenadine Hydrochloride,180 mg,Techno Drugs Ltd.,"Unit Price: ৳ 10.00,(20's pack: ৳ 200.00),",(20's pack: ৳ 200.00)
30428,Exonid,allopathic,exonidtablet120-mg,Tablet,Fexofenadine Hydrochloride,120 mg,Techno Drugs Ltd.,"Unit Price: ৳ 8.00,(50's pack: ৳ 400.00),",(50's pack: ৳ 400.00)
26152,Exome,allopathic,exometablet-enteric-coated20-mg,Tablet (Enteric Coated),Esomeprazole,20 mg,Chemist Laboratories  Ltd.,"Unit Price: ৳ 6.00,(100's pack: ৳ 600.00),",(100's pack: ৳ 600.00)
7099,Abaclor,allopathic,abaclorpediatric-drops125-mg125-ml,Pediatric Drops,Cefaclor Monohydrate,125 mg/1.25 ml,ACI Limited,15 ml bottle: ৳ 125.85,
7098,Abaclor,allopathic,abaclorpowder-for-suspension125-mg5-ml,Powder for Suspension,Cefaclor Monohydrate,125 mg/5 ml,ACI Limited,100 ml bottle: ৳ 201.35,
16191,Eyevi,allopathic,eyevieye-capsule,Eye Capsule,"Vitamin C, Vitamin E, Lutein, Copper & Zinc",,Square Pharmaceuticals Ltd.,"Unit Price: ৳ 10.00,(30's pack: ৳ 300.00),",(30's pack: ৳ 300.00)
16031,Eyetrop,allopathic,eyetropophthalmic-solution1,Ophthalmic Solution,Tropicamide,1%,Apex Pharmaceuticals Ltd.,5 ml drop: ৳ 80.00,
26510,Eyetin,allopathic,eyetinophthalmic-solution15,Ophthalmic Solution,Bepotastine Besilate,1.50%,ACME Laboratories Ltd.,5 ml drop: ৳ 300.00,
28362,Eyetear,allopathic,eyetearophthalmic-solution5-vv,Ophthalmic Solution,Povidone Iodine,5% v/v,Drug International Ltd.,10 ml drop: ৳ 80.00,
27721,Eyerin,allopathic,eyerinophthalmic-solution5-vv,Ophthalmic Solution,Povidone Iodine,5% v/v,Opso Saline Ltd.,10 ml drop: ৳ 90.00,
15817,Eyephen Plus,allopathic,eyephen-plusophthalmic-solution0105,Ophthalmic Solution,Dexamethasone + Chloramphenicol,0.1%+0.5%,Healthcare Pharmaceuticals Ltd.,5 ml drop: ৳ 70.00,
8913,Eyephen,allopathic,eyephenophthalmic-solution05,Ophthalmic Solution,Chloramphenicol (Ophthalmic),0.50%,Healthcare Pharmaceuticals Ltd.,10 ml drop: ৳ 34.00,
28223,Eyemox-D,allopathic,eyemox-dophthalmic-solution0501,Ophthalmic Solution,Moxifloxacin Hydrochloride + Dexamethasone,0.5%+0.1%,ACME Laboratories Ltd.,5 ml drop: ৳ 200.00,
9625,Eyemox,allopathic,eyemoxophthalmic-solution05,Ophthalmic Solution,Moxifloxacin Hydrochloride (Ophthalmic),0.50%,ACME Laboratories Ltd.,5 ml drop: ৳ 100.68,
29197,Eyemist,allopathic,eyemistophthalmic-gel02503,Ophthalmic Gel,Carboxymethylcellulose Sodium + Hypromellose,0.25%+0.3%,Opsonin Pharma Ltd.,10 ml drop: ৳ 200.00,
32723,Eyelia,allopathic,eyeliaophthalmic-solution0025,Ophthalmic Solution,Brimonidine Tartrate,0.03%,Healthcare Pharmaceuticals Ltd.,5 ml drop: ৳ 115.00,
16128,Eyefresh,allopathic,eyefreshophthalmic-solution03,Ophthalmic Solution,Hypromellose,0.30%,Opso Saline Ltd.,10 ml drop: ৳ 70.26,
15938,Eyefen,allopathic,eyefenophthalmic-solution009,Ophthalmic Solution,Bromfenac Sodium,0.09%,ACME Laboratories Ltd.,5 ml drop: ৳ 100.30,
18586,Eyedew,allopathic,eyedewophthalmic-solution0509,Ophthalmic Solution,Carboxymethylcellulose Sodium + Glycerin,0.5%+0.9%,ACME Laboratories Ltd.,10 ml drop: ৳ 190.00,
32364,Eyecaf,allopathic,eyecafophthalmic-solution025,Ophthalmic Solution,Alcaftadine,0.25%,Opsonin Pharma Ltd.,5 ml drop: ৳ 400.00,
28363,Eyebrom,allopathic,eyebromophthalmic-solution009,Ophthalmic Solution,Bromfenac Sodium,0.09%,Drug International Ltd.,5 ml drop: ৳ 100.00,
15752,Eyebet,allopathic,eyebetophthalmic-solution01,Ophthalmic Solution,Betamethasone Sodium Phosphate,0.10%,Incepta Pharmaceuticals Ltd.,5 ml drop: ৳ 30.00,
16190,Eye-Q,allopathic,eye-qeye-capsule,Eye Capsule,"Vitamin C, Vitamin E, Lutein, Copper & Zinc",,Nipa Pharmaceuticals Ltd.,"Unit Price: ৳ 10.00,(28's pack: ৳ 280.00),",(28's pack: ৳ 280.00)
28446,Eye Relief,allopathic,eye-reliefophthalmic-solution9905,Ophthalmic Solution,Irrigating Solution,99.05%,Popular Pharmaceuticals Ltd.,118 ml drop: ৳ 250.00,
27720,Eye Gel,allopathic,eye-gelviscoelastic-solution2,Viscoelastic Solution,Hydroxypropyl Methylcellulose,2%,Opso Saline Ltd.,3 ml pre-filled syringe: ৳ 120.45,
4337,Exzilor,allopathic,exzilortablet05-mg10-mg,Tablet,Flupentixol + Melitracen,0.5 mg+10 mg,Sun Pharmaceutical Ltd.,"Unit Price: ৳ 4.00,(50's pack: ৳ 200.00),",(50's pack: ৳ 200.00)
315,Exworm,allopathic,exwormchewable-tablet400-mg,Chewable Tablet,Albendazole,400 mg,Leon Pharmaceuticals Ltd.,"Unit Price: ৳ 4.00,(60's pack: ৳ 240.00),",(60's pack: ৳ 240.00)
316,Exworm,allopathic,exwormoral-suspension200-mg5-ml,Oral Suspension,Albendazole,200 mg/5 ml,Leon Pharmaceuticals Ltd.,10 ml bottle: ৳ 15.00,
4338,Exuten,allopathic,exutentablet05-mg10-mg,Tablet,Flupentixol + Melitracen,0.5 mg+10 mg,Pharmadesh Laboratories Ltd.,"Unit Price: ৳ 3.51,(30's pack: ৳ 105.30),",(30's pack: ৳ 105.30)
16401,Extreme,allopathic,extremetablet30-mg,Tablet,Dapoxetine Hydrochloride,30 mg,Chemist Laboratories  Ltd.,"Unit Price: ৳ 25.00,(8's pack: ৳ 200.00),",(8's pack: ৳ 200.00)
14057,Extravit X,allopathic,extravit-xtablet6-mg200-mg50-mg,Tablet,Betacarotene + Vitamin C + Vitamin E,6 mg+200 mg+50 mg,Salton Pharmaceuticals Ltd.,"Unit Price: ৳ 2.50,(20's pack: ৳ 50.00),",(20's pack: ৳ 50.00)
13259,Extravit Plus,allopathic,extravit-pluscapsule,Capsule,Iron + Folic Acid + Vitamin B Complex + Vitamine C + Zinc Sulfate,,Salton Pharmaceuticals Ltd.,"Unit Price: ৳ 3.01,(100's pack: ৳ 301.00),",(100's pack: ৳ 301.00)
14199,Extravit M,allopathic,extravit-mtablet,Tablet,Multivitamin & Multimineral,,Salton Pharmaceuticals Ltd.,"Unit Price: ৳ 1.43,(30's pack: ৳ 42.90),",(30's pack: ৳ 42.90)
13886,Extravit B,allopathic,extravit-btablet,Tablet,Vitamin B complex,,Salton Pharmaceuticals Ltd.,"Unit Price: ৳ 0.44,(45's pack: ৳ 19.80),",(45's pack: ৳ 19.80)
5134,Extranil,allopathic,extranilimiv-injection10-mg2-ml,IM/IV Injection,Procyclidine Hydrochloride,10 mg/2 ml,General Pharmaceuticals Ltd.,2 ml ampoule: ৳ 30.10,
7097,Abaclor,allopathic,abaclorcapsule500-mg,Capsule,Cefaclor Monohydrate,500 mg,ACI Limited,"Unit Price: ৳ 40.27,(12's pack: ৳ 483.24),",(12's pack: ৳ 483.24)
30233,Ezyfeel,allopathic,ezyfeeltablet10-mg,Tablet,Sodium Picosulfate,10 mg,Euro Pharma Ltd.,"Unit Price: ৳ 10.00,(30's pack: ৳ 300.00),",(30's pack: ৳ 300.00)
31520,EzyColon,allopathic,ezycolonoral-powder10-mg35-gm12-gmsachet,Oral Powder,Sodium Picosulfate + Magnesium Oxide + Citric Acid,(10 mg+3.5 gm+12 gm)/sachet,Pharmasia Limited,"1 sachet: ৳ 90.00,(2's pack: ৳ 180.00),",(2's pack: ৳ 180.00)
30828,EzyColon,allopathic,ezycolonpowder-for-solution10-mg35-gm12-gm160-ml,Powder for Solution,Sodium Picosulfate + Magnesium Oxide + Citric Acid,(10 mg+3.5 gm+12 gm)/160 ml,Pharmasia Limited,160 ml bottle: ৳ 350.00,
30787,Ezy,allopathic,ezycapsule200-mg,Capsule,Celecoxib,200 mg,Eskayef Pharmaceuticals Ltd.,"Unit Price: ৳ 8.00,(20's pack: ৳ 160.00),",(20's pack: ৳ 160.00)
30788,Ezy,allopathic,ezycapsule100-mg,Capsule,Celecoxib,100 mg,Eskayef Pharmaceuticals Ltd.,"Unit Price: ৳ 4.50,(30's pack: ৳ 135.00),",(30's pack: ৳ 135.00)
21732,Ezolid,allopathic,ezolidtablet600-mg,Tablet,Linezolid,600 mg,ACI Limited,"Unit Price: ৳ 85.00,(10's pack: ৳ 850.00),",(10's pack: ৳ 850.00)
21731,Ezolid,allopathic,ezolidtablet400-mg,Tablet,Linezolid,400 mg,ACI Limited,"Unit Price: ৳ 60.00,(10's pack: ৳ 600.00),",(10's pack: ৳ 600.00)
32662,Ezitor,allopathic,ezitortablet10-mg10-mg,Tablet,Atorvastatin + Ezetimibe,10 mg+10 mg,Navana Pharmaceuticals Ltd.,"Unit Price: ৳ 14.00,(30's pack: ৳ 420.00),",(30's pack: ৳ 420.00)
32663,Ezitor,allopathic,ezitortablet20-mg10-mg,Tablet,Atorvastatin + Ezetimibe,20 mg+10 mg,Navana Pharmaceuticals Ltd.,"Unit Price: ৳ 22.00,(30's pack: ৳ 660.00),",(30's pack: ৳ 660.00)
8639,Ezith,allopathic,ezithtablet500-mg,Tablet,Azithromycin Dihydrate,500 mg,Edruc Limited,"Unit Price: ৳ 35.00,(12's pack: ৳ 420.01),",(12's pack: ৳ 420.01)
8640,Ezith,allopathic,ezithpowder-for-suspension200-mg5-ml,Powder for Suspension,Azithromycin Dihydrate,200 mg/5 ml,Edruc Limited,"15 ml bottle: ৳ 85.01,35 ml bottle: ৳ 130.00",
25611,Ezith,allopathic,ezithtablet250-mg,Tablet,Azithromycin Dihydrate,250 mg,Edruc Limited,"Unit Price: ৳ 29.97,(3's pack: ৳ 89.91),",(3's pack: ৳ 89.91)
20942,Eziride,allopathic,eziridechewable-tablet150-mcg,Chewable Tablet,Hyoscine Hydrobromide,150 mcg,Opsonin Pharma Ltd.,"Unit Price: ৳ 5.00,(30's pack: ৳ 150.00),",(30's pack: ৳ 150.00)
15608,Ezipas,allopathic,ezipascapsule-modified-release04-mg,Capsule (Modified Release),Tamsulosin  Hydrochloride,0.4 mg,Leon Pharmaceuticals Ltd.,"Unit Price: ৳ 10.00,(20's pack: ৳ 200.00),",(20's pack: ৳ 200.00)
24796,Eziflo-D,allopathic,eziflo-dcapsule04-mg05-mg,Capsule,Tamsulosin Hydrochloride + Dutasteride,0.4 mg+0.5 mg,Biopharma Laboratories Ltd.,"Unit Price: ৳ 20.00,(30's pack: ৳ 600.00),",(30's pack: ৳ 600.00)
24790,Eziflo,allopathic,eziflocapsule-modified-release04-mg,Capsule (Modified Release),Tamsulosin  Hydrochloride,0.4 mg,Biopharma Laboratories Ltd.,"Unit Price: ৳ 10.00,(30's pack: ৳ 300.00),",(30's pack: ৳ 300.00)
5231,Ezide,allopathic,ezidetablet80-mg,Tablet,Gliclazide,80 mg,Edruc Limited,"Unit Price: ৳ 6.00,(50's pack: ৳ 300.00),",(50's pack: ৳ 300.00)
12608,Ezex,allopathic,ezexointment005,Ointment,Clobetasone Butyrate,0.05%,Square Pharmaceuticals Ltd.,25 gm tube: ৳ 75.51,
12607,Ezex,allopathic,ezexcream005,Cream,Clobetasone Butyrate,0.05%,Square Pharmaceuticals Ltd.,25 gm tube: ৳ 75.51,
22644,Ezevent,allopathic,ezeventtablet10-mg,Tablet,Montelukast Sodium,10 mg,Jenphar Bangladesh Ltd.,"Unit Price: ৳ 10.00,(20's pack: ৳ 200.00),",(20's pack: ৳ 200.00)
3336,Ezetrol,allopathic,ezetroltablet10-mg,Tablet,Ezetimibe,10 mg,UniMed UniHealth,"Unit Price: ৳ 10.00,(30's pack: ৳ 300.00),",(30's pack: ৳ 300.00)
3335,Ezetim,allopathic,ezetimtablet10-mg,Tablet,Ezetimibe,10 mg,Incepta Pharmaceuticals Ltd.,"Unit Price: ৳ 10.00,(30's pack: ৳ 300.00),",(30's pack: ৳ 300.00)
3334,Ezeta,allopathic,ezetatablet10-mg,Tablet,Ezetimibe,10 mg,Beximco Pharmaceuticals Ltd.,"Unit Price: ৳ 10.04,(20's pack: ৳ 200.80),",(20's pack: ৳ 200.80)
45,Ezemove,allopathic,ezemovetablet100-mg,Tablet,Aceclofenac,100 mg,Globex Pharmaceuticals Ltd.,"Unit Price: ৳ 4.00,(50's pack: ৳ 200.00),",(50's pack: ৳ 200.00)
29276,Ezair,allopathic,ezairtablet10-mg,Tablet,Montelukast Sodium,10 mg,Novo Healthcare and Pharma Ltd.,"Unit Price: ৳ 15.00,(30's pack: ৳ 450.00),",(30's pack: ৳ 450.00)
2070,EZ-20,allopathic,ez-20capsule-delayed-release20-mg,Capsule (Delayed Release),Esomeprazole,20 mg,Modern Pharmaceuticals Ltd.,"Unit Price: ৳ 7.00,(50's pack: ৳ 350.00),",(50's pack: ৳ 350.00)
26911,Eytob,allopathic,eytobophthalmic-solution03,Ophthalmic Solution,Tobramycin (Ophthalmic),0.30%,Navana Pharmaceuticals Ltd.,5 ml drop: ৳ 95.00,
15848,Eytex,allopathic,eytexophthalmic-solution0103,Ophthalmic Solution,Dexamethasone + Tobramycin,0.1%+0.3%,Nipa Pharmaceuticals Ltd.,5 ml drop: ৳ 150.00,
15849,Eytex,allopathic,eytexophthalmic-ointment0103,Ophthalmic Ointment,Dexamethasone + Tobramycin,0.1%+0.3%,Nipa Pharmaceuticals Ltd.,3 gm tube: ৳ 90.00,
15891,Eylon,allopathic,eylonophthalmic-solution010025,Ophthalmic Solution,Fluorometholone + Tetrahydrozoline,0.1%+0.025%,Ibn Sina Pharmaceuticals Ltd.,5 ml drop: ৳ 100.00,
6778,Abac,allopathic,abacpediatric-drops125-mg125-ml,Pediatric Drops,Cephradine,125 mg/1.25 ml,Chemist Laboratories  Ltd.,15 ml bottle: ৳ 50.00,
9402,Facticin,allopathic,facticintablet320-mg,Tablet,Gemifloxacin,320 mg,Square Pharmaceuticals Ltd.,"Unit Price: ৳ 65.19,(6's pack: ৳ 391.14),",(6's pack: ৳ 391.14)
12665,Facid HC,allopathic,facid-hccream21,Cream,Fusidic acid + Hydrocortisone,2%+1%,Eskayef Pharmaceuticals Ltd.,10 gm tube: ৳ 125.00,
16551,Facid BT,allopathic,facid-btcream201,Cream,Fucidic Acid + Betamethasone,2%+0.1%,Eskayef Pharmaceuticals Ltd.,10 gm tube: ৳ 170.00,
8925,Facid,allopathic,facidointment2,Ointment,Sodium Fusidate (Topical),2%,Eskayef Pharmaceuticals Ltd.,15 gm tube: ৳ 90.00,
8924,Facid,allopathic,facidcream2,Cream,Sodium Fusidate (Topical),2%,Eskayef Pharmaceuticals Ltd.,15 gm tube: ৳ 90.00,
24599,Facid,allopathic,facidtablet250-mg,Tablet,Sodium Fusidate (Oral),250 mg,Eskayef Pharmaceuticals Ltd.,"Unit Price: ৳ 65.00,(10's pack: ৳ 650.00),",(10's pack: ৳ 650.00)
26440,Fabetor,allopathic,fabetortablet90-mg,Tablet,Etoricoxib,90 mg,Pharmacil Limited,"Unit Price: ৳ 12.00,(30's pack: ৳ 360.00),",(30's pack: ৳ 360.00)
26439,Fabetor,allopathic,fabetortablet120-mg,Tablet,Etoricoxib,120 mg,Pharmacil Limited,"Unit Price: ৳ 14.00,(20's pack: ৳ 280.00),",(20's pack: ৳ 280.00)
28697,Fabetor,allopathic,fabetortablet60-mg,Tablet,Etoricoxib,60 mg,Pharmacil Limited,"Unit Price: ৳ 7.00,(50's pack: ৳ 350.00),",(50's pack: ৳ 350.00)
13203,F+F,allopathic,ffcapsule-timed-release150-mg05-mg,Capsule (Timed Release),Ferrous Sulfate + Folic Acid,150 mg+0.5 mg,Zenith Pharmaceuticals Ltd.,"Unit Price: ৳ 2.40,(50's pack: ৳ 120.00),",(50's pack: ৳ 120.00)
9928,F-Zol,allopathic,f-zoliv-infusion200-mg100-ml,IV Infusion,Fluconazole,200 mg/100 ml,Popular Pharmaceuticals Ltd.,100 ml bottle: ৳ 200.00,
9927,F-Zol,allopathic,f-zolpowder-for-suspension50-mg5-ml,Powder for Suspension,Fluconazole,50 mg/5 ml,Popular Pharmaceuticals Ltd.,"20 ml bottle: ৳ 60.00,35 ml bottle: ৳ 78.29",
9926,F-Zol,allopathic,f-zolcapsule200-mg,Capsule,Fluconazole,200 mg,Popular Pharmaceuticals Ltd.,"Unit Price: ৳ 25.00,(12's pack: ৳ 300.00),",(12's pack: ৳ 300.00)
9925,F-Zol,allopathic,f-zolcapsule150-mg,Capsule,Fluconazole,150 mg,Popular Pharmaceuticals Ltd.,"Unit Price: ৳ 22.08,(12's pack: ৳ 264.96),",(12's pack: ৳ 264.96)
9924,F-Zol,allopathic,f-zolcapsule50-mg,Capsule,Fluconazole,50 mg,Popular Pharmaceuticals Ltd.,"Unit Price: ৳ 8.03,(30's pack: ৳ 240.89),",(30's pack: ৳ 240.89)
30922,F-Son,allopathic,f-sonnasal-spray275-mcgspray,Nasal Spray,Fluticasone Furoate,27.5 mcg/spray,Drug International Ltd.,120 metered sprays: ৳ 250.00,
33105,F-Pro Plus,allopathic,f-pro-plusnasal-spray137-mcg50-mcgspray,Nasal Spray,Azelastine Hydrochloride + Fluticasone Propionate,(137 mcg+50 mcg)/spray,Drug International Ltd.,120 metered sprays: ৳ 320.00,
33104,F-Pro,allopathic,f-pronasal-spray50-mcgspray,Nasal Spray,Fluticasone Propionate (Nasal Spray),50 mcg/spray,Drug International Ltd.,120 metered sprays: ৳ 250.00,
20425,F-Lon,allopathic,f-lonophthalmic-suspension01,Ophthalmic Suspension,Fluorometholone Acetate,0.10%,Drug International Ltd.,5 ml drop: ৳ 80.00,
28087,F-Gurd,allopathic,f-gurdcream0051,Cream,Betamethasone + Clotrimazole,0.05%+1%,Ethical Drug Ltd.,10 gm tube: ৳ 35.00,
32174,Ezyout,allopathic,ezyoutoral-solution5-mg5-ml,Oral Solution,Sodium Picosulfate,5 mg/5 ml,Kumudini Pharma Ltd.,100 ml bottle: ৳ 150.00,
32211,Ezymilk,allopathic,ezymilkpediatric-drops011-gmml,Pediatric Drops,Lactase,0.11 gm/ml,Incepta Pharmaceuticals Ltd.,15 ml drop: ৳ 250.00,
19991,Ezymas,allopathic,ezymastablet50-mg,Tablet,Eperisone Hydrochloride,50 mg,Novelta Bestway Pharma Ltd.,"Unit Price: ৳ 3.00,(50's pack: ৳ 150.00),",(50's pack: ৳ 150.00)
29409,Ezylife Kids,allopathic,ezylife-kidsoral-solution5-mg5-ml,Oral Solution,Sodium Picosulfate,5 mg/5 ml,Pharmasia Limited,50 ml bottle: ৳ 85.00,
26989,Ezylife,allopathic,ezylifeoral-solution5-mg5-ml,Oral Solution,Sodium Picosulfate,5 mg/5 ml,Pharmasia Limited,100 ml bottle: ৳ 150.00,
26988,Ezylife,allopathic,ezylifetablet10-mg,Tablet,Sodium Picosulfate,10 mg,Pharmasia Limited,"Unit Price: ৳ 10.00,(30's pack: ৳ 300.00),,Unit Price: ৳ 10.00,(50's pack: ৳ 500.00),","(30's pack: ৳ 300.00),(50's pack: ৳ 500.00)"
2382,Ezylax,allopathic,ezylaxoral-solution335-gm5-ml,Oral Solution,Lactulose,3.35 gm/5 ml,Orion Pharma Ltd.,100 ml bottle: ৳ 140.00,
28445,Ezykof Plus,allopathic,ezykof-plussyrup100-mg11-mg14-mg5-ml,Syrup,Guaifenesin + Levomenthol + Diphenhydramine,(100 mg+1.1 mg+14 mg)/5 ml,Popular Pharmaceuticals Ltd.,100 ml bottle: ৳ 80.00,
26467,Ezykof,allopathic,ezykofsyrup30-mg100-mg125-mg5-ml,Syrup,Pseudoephedrine + Guaiphenasine + Triprolidine,(30 mg+100 mg+1.25 mg)/5 ml,Popular Pharmaceuticals Ltd.,100 ml bottle: ৳ 65.00,
6777,Abac,allopathic,abacpowder-for-suspension125-mg5-ml,Powder for Suspension,Cephradine,125 mg/5 ml,Chemist Laboratories  Ltd.,100 ml bottle: ৳ 81.92,
6776,Abac,allopathic,abaccapsule500-mg,Capsule,Cephradine,500 mg,Chemist Laboratories  Ltd.,"Unit Price: ৳ 12.50,(40's pack: ৳ 500.00),",(40's pack: ৳ 500.00)
1667,Famotid,allopathic,famotidtablet20-mg,Tablet,Famotidine,20 mg,Drug International Ltd.,"Unit Price: ৳ 3.00,(100's pack: ৳ 300.00),",(100's pack: ৳ 300.00)
31121,Famotid,allopathic,famotidpowder-for-suspension40-mg5-ml,Powder for Suspension,Famotidine,40 mg/5 ml,Drug International Ltd.,50 ml bottle: ৳ 50.00,
29414,Famotack,allopathic,famotackpowder-for-suspension40-mg5-ml,Powder for Suspension,Famotidine,40 mg/5 ml,Square Pharmaceuticals Ltd.,50 ml bottle: ৳ 50.00,
30263,Famotack,allopathic,famotacktablet40-mg,Tablet,Famotidine,40 mg,Square Pharmaceuticals Ltd.,"Unit Price: ৳ 4.02,(50's pack: ৳ 201.00),",(50's pack: ৳ 201.00)
1665,Famotack,allopathic,famotacktablet20-mg,Tablet,Famotidine,20 mg,Square Pharmaceuticals Ltd.,"Unit Price: ৳ 2.00,(100's pack: ৳ 200.00),,Unit Price: ৳ 2.00,(180's pack: ৳ 360.00),","(100's pack: ৳ 200.00),(180's pack: ৳ 360.00)"
31820,Famonix,allopathic,famonixpowder-for-suspension40-mg5-ml,Powder for Suspension,Famotidine,40 mg/5 ml,Concord Pharmaceuticals Ltd.,50 ml bottle: ৳ 50.00,
1672,Famomax,allopathic,famomaxtablet40-mg,Tablet,Famotidine,40 mg,Beximco Pharmaceuticals Ltd.,"Unit Price: ৳ 3.82,(100's pack: ৳ 381.52),",(100's pack: ৳ 381.52)
30230,Famomax,allopathic,famomaxpowder-for-suspension40-mg5-ml,Powder for Suspension,Famotidine,40 mg/5 ml,Beximco Pharmaceuticals Ltd.,50 ml bottle: ৳ 50.00,
1673,Famomax,allopathic,famomaxtablet20-mg,Tablet,Famotidine,20 mg,Beximco Pharmaceuticals Ltd.,"Unit Price: ৳ 1.90,(200's pack: ৳ 380.00),",(200's pack: ৳ 380.00)
31972,Famoloc,allopathic,famoloctablet20-mg,Tablet,Famotidine,20 mg,Biopharma Laboratories Ltd.,"Unit Price: ৳ 2.00,(100's pack: ৳ 200.00),",(100's pack: ৳ 200.00)
31973,Famoloc,allopathic,famoloctablet40-mg,Tablet,Famotidine,40 mg,Biopharma Laboratories Ltd.,"Unit Price: ৳ 4.00,(50's pack: ৳ 200.00),",(50's pack: ৳ 200.00)
31974,Famoloc,allopathic,famolocpowder-for-suspension40-mg5-ml,Powder for Suspension,Famotidine,40 mg/5 ml,Biopharma Laboratories Ltd.,50 ml bottle: ৳ 50.00,
31620,Famogen,allopathic,famogenpowder-for-suspension40-mg5-ml,Powder for Suspension,Famotidine,40 mg/5 ml,General Pharmaceuticals Ltd.,50 ml bottle: ৳ 50.00,
32290,Famodin,allopathic,famodinpowder-for-suspension40-mg5-ml,Powder for Suspension,Famotidine,40 mg/5 ml,ACME Laboratories Ltd.,60 ml bottle: ৳ 50.00,
16496,Famodin,allopathic,famodintablet20-mg,Tablet,Famotidine,20 mg,ACME Laboratories Ltd.,"Unit Price: ৳ 2.00,(100's pack: ৳ 200.00),",(100's pack: ৳ 200.00)
16497,Famodin,allopathic,famodintablet40-mg,Tablet,Famotidine,40 mg,ACME Laboratories Ltd.,"Unit Price: ৳ 4.01,(100's pack: ৳ 401.00),",(100's pack: ৳ 401.00)
13411,Famina Z,allopathic,famina-zcapsule,Capsule,Carbonyl Iron + Folic Acid + Zinc Sulfate + Vitamin B Complex + Vitamin C,,Silva Pharmaceuticals Ltd.,"Unit Price: ৳ 3.51,(60's pack: ৳ 210.80),",(60's pack: ৳ 210.80)
13254,Famina,allopathic,faminacapsule,Capsule,Iron + Folic Acid + Vitamin B Complex + Vitamine C + Zinc Sulfate,,Silva Pharmaceuticals Ltd.,"Unit Price: ৳ 3.26,(60's pack: ৳ 195.74),",(60's pack: ৳ 195.74)
7419,Famiclav,allopathic,famiclavpowder-for-suspension125-mg3125-mg5-ml,Powder for Suspension,Cefuroxime Axetil + Clavulanic Acid,(125 mg+31.25 mg)/5 ml,ACME Laboratories Ltd.,70 ml bottle: ৳ 252.00,
7418,Famiclav,allopathic,famiclavtablet500-mg125-mg,Tablet,Cefuroxime Axetil + Clavulanic Acid,500 mg+125 mg,ACME Laboratories Ltd.,"Unit Price: ৳ 50.00,(14's pack: ৳ 700.00),",(14's pack: ৳ 700.00)
7417,Famiclav,allopathic,famiclavtablet250-mg625-mg,Tablet,Cefuroxime Axetil + Clavulanic Acid,250 mg+62.5 mg,ACME Laboratories Ltd.,"Unit Price: ৳ 30.00,(14's pack: ৳ 420.00),",(14's pack: ৳ 420.00)
28255,Famicef DS,allopathic,famicef-dspowder-for-suspension250-mg5-ml,Powder for Suspension,Cefuroxime Axetil,250 mg/5 ml,ACME Laboratories Ltd.,35 ml bottle: ৳ 186.25,
7231,Famicef,allopathic,famicefimiv-injection750-mgvial,IM/IV Injection,Cefuroxime Axetil,750 mg/vial,ACME Laboratories Ltd.,750 mg vial: ৳ 120.82,
7232,Famicef,allopathic,famicefiv-injection15-gmvial,IV Injection,Cefuroxime Axetil,1.5 gm/vial,ACME Laboratories Ltd.,1.5 gm vial: ৳ 201.35,
7230,Famicef,allopathic,famicefpowder-for-suspension125-mg5-ml,Powder for Suspension,Cefuroxime Axetil,125 mg/5 ml,ACME Laboratories Ltd.,70 ml bottle: ৳ 199.34,
7228,Famicef,allopathic,famiceftablet250-mg,Tablet,Cefuroxime Axetil,250 mg,ACME Laboratories Ltd.,"Unit Price: ৳ 25.17,(20's pack: ৳ 503.40),",(20's pack: ৳ 503.40)
7229,Famicef,allopathic,famiceftablet500-mg,Tablet,Cefuroxime Axetil,500 mg,ACME Laboratories Ltd.,"Unit Price: ৳ 45.29,(8's pack: ৳ 362.32),",(8's pack: ৳ 362.32)
28088,Falcon,allopathic,falconcapsule50-mg,Capsule,Fluconazole,50 mg,Ethical Drug Ltd.,"Unit Price: ৳ 7.00,(30's pack: ৳ 210.00),",(30's pack: ৳ 210.00)
28089,Falcon,allopathic,falconcapsule150-mg,Capsule,Fluconazole,150 mg,Ethical Drug Ltd.,"Unit Price: ৳ 22.00,(12's pack: ৳ 264.00),",(12's pack: ৳ 264.00)
9403,Factiq,allopathic,factiqtablet320-mg,Tablet,Gemifloxacin,320 mg,Monicopharma Ltd.,"Unit Price: ৳ 65.00,(8's pack: ৳ 520.00),",(8's pack: ৳ 520.00)
25481,AB-DS,allopathic,ab-dschewable-tablet400-mg,Chewable Tablet,Albendazole,400 mg,Prime Pharmaceuticals Ltd.,Unit Price: ৳ 3.00,
20383,Fastel,allopathic,fasteltablet180-mg,Tablet,Fexofenadine Hydrochloride,180 mg,Radiant Pharmaceuticals Ltd.,"Unit Price: ৳ 10.00,(30's pack: ৳ 300.00),",(30's pack: ৳ 300.00)
20382,Fastel,allopathic,fasteltablet120-mg,Tablet,Fexofenadine Hydrochloride,120 mg,Radiant Pharmaceuticals Ltd.,"Unit Price: ৳ 8.00,(50's pack: ৳ 400.00),",(50's pack: ৳ 400.00)
10767,Fastdol,allopathic,fastdoltablet325-mg375-mg,Tablet,Paracetamol + Tramadol Hydrochloride,325 mg+37.5 mg,ACME Laboratories Ltd.,"Unit Price: ৳ 8.03,(30's pack: ৳ 240.90),",(30's pack: ৳ 240.90)
10856,Fastcut,allopathic,fastcutcream308,Cream,Methyl Salicylate + Menthol,30%+8%,Pacific Pharmaceuticals Ltd.,20 gm tube: ৳ 60.00,
12926,Fastact,allopathic,fastactoral-suspension30-mg5-ml,Oral Suspension,Fexofenadine Hydrochloride,30 mg/5 ml,Globex Pharmaceuticals Ltd.,50 ml bottle: ৳ 45.00,
12925,Fastact,allopathic,fastacttablet120-mg,Tablet,Fexofenadine Hydrochloride,120 mg,Globex Pharmaceuticals Ltd.,"Unit Price: ৳ 6.50,(30's pack: ৳ 195.00),",(30's pack: ৳ 195.00)
10427,Fast XR,allopathic,fast-xrtablet-extended-release665-mg,Tablet (Extended Release),Paracetamol,665 mg,ACME Laboratories Ltd.,"Unit Price: ৳ 1.51,(100's pack: ৳ 151.00),",(100's pack: ৳ 151.00)
10584,Fast Plus,allopathic,fast-plustablet500-mg65-mg,Tablet,Paracetamol + Caffeine,500 mg+65 mg,ACME Laboratories Ltd.,"Unit Price: ৳ 1.91,(200's pack: ৳ 382.00),",(200's pack: ৳ 382.00)
10429,Fast,allopathic,fastpediatric-drops80-mgml,Pediatric Drops,Paracetamol,80 mg/ml,ACME Laboratories Ltd.,15 ml bottle: ৳ 14.81,
10428,Fast,allopathic,fastoral-suspension120-mg5-ml,Oral Suspension,Paracetamol,120 mg/5 ml,ACME Laboratories Ltd.,60 ml bottle: ৳ 20.69,
10426,Fast,allopathic,fasttablet500-mg,Tablet,Paracetamol,500 mg,ACME Laboratories Ltd.,"Unit Price: ৳ 0.80,(500's pack: ৳ 400.00),",(500's pack: ৳ 400.00)
10431,Fast,allopathic,fastsuppository250-mg,Suppository,Paracetamol,250 mg,ACME Laboratories Ltd.,"Unit Price: ৳ 5.03,(10's pack: ৳ 50.30),",(10's pack: ৳ 50.30)
10430,Fast,allopathic,fastsuppository125-mg,Suppository,Paracetamol,125 mg,ACME Laboratories Ltd.,"Unit Price: ৳ 4.03,(10's pack: ৳ 40.30),",(10's pack: ৳ 40.30)
10432,Fast,allopathic,fastsuppository500-mg,Suppository,Paracetamol,500 mg,ACME Laboratories Ltd.,"Unit Price: ৳ 8.07,(10's pack: ৳ 80.70),",(10's pack: ৳ 80.70)
17250,Farmorubicin,allopathic,farmorubiciniv-infusion2-mgml,IV Infusion,Epirubicin Hydrochloride,2 mg/ml,Pfizer,"50 mg vial: ৳ 2,730.00",
27769,Farlan,allopathic,farlantablet50-mg,Tablet,Fluconazole,50 mg,Delta Pharma Ltd.,"Unit Price: ৳ 5.00,(30's pack: ৳ 150.00),",(30's pack: ৳ 150.00)
27770,Farlan,allopathic,farlantablet150-mg,Tablet,Fluconazole,150 mg,Delta Pharma Ltd.,"Unit Price: ৳ 12.00,(20's pack: ৳ 240.00),",(20's pack: ৳ 240.00)
28168,Farin,allopathic,farintablet1-mg,Tablet,Warfarin Sodium,1 mg,Concord Pharmaceuticals Ltd.,"Unit Price: ৳ 1.00,(100's pack: ৳ 100.00),",(100's pack: ৳ 100.00)
28169,Farin,allopathic,farintablet2-mg,Tablet,Warfarin Sodium,2 mg,Concord Pharmaceuticals Ltd.,"Unit Price: ৳ 2.00,(100's pack: ৳ 200.00),",(100's pack: ৳ 200.00)
25417,Farin,allopathic,farintablet5-mg,Tablet,Warfarin Sodium,5 mg,Concord Pharmaceuticals Ltd.,"Unit Price: ৳ 3.00,(100's pack: ৳ 300.00),",(100's pack: ৳ 300.00)
8359,Fardox,allopathic,fardoxcapsule100-mg,Capsule,Doxycycline Hydrochloride,100 mg,Pharmadesh Laboratories Ltd.,"Unit Price: ৳ 2.50,(100's pack: ৳ 250.00),",(100's pack: ৳ 250.00)
30001,Fapravir,allopathic,fapravirtablet200-mg,Tablet,Favipiravir,200 mg,Renata Limited,"Unit Price: ৳ 200.00,(10's pack: ৳ 2,000.00),","(10's pack: ৳ 2,000.00)"
30152,Fapiravir,allopathic,fapiravirtablet200-mg,Tablet,Favipiravir,200 mg,Healthcare Pharmaceuticals Ltd.,"Unit Price: ৳ 200.00,(20's pack: ৳ 4,000.00),","(20's pack: ৳ 4,000.00)"
10784,Fapdol,allopathic,fapdoltablet325-mg375-mg,Tablet,Paracetamol + Tramadol Hydrochloride,325 mg+37.5 mg,Beacon Pharmaceuticals Ltd.,"Unit Price: ৳ 8.00,(30's pack: ৳ 240.00),",(30's pack: ৳ 240.00)
10583,Fap Plus,allopathic,fap-plustablet500-mg65-mg,Tablet,Paracetamol + Caffeine,500 mg+65 mg,Beacon Pharmaceuticals Ltd.,"Unit Price: ৳ 1.92,(200's pack: ৳ 384.00),",(200's pack: ৳ 384.00)
23396,Fap,allopathic,faptablet500-mg,Tablet,Paracetamol,500 mg,Beacon Pharmaceuticals Ltd.,"Unit Price: ৳ 0.80,(200's pack: ৳ 160.00),",(200's pack: ৳ 160.00)
9710,Famvir,allopathic,famvirtablet250-mg,Tablet,Famciclovir,250 mg,SANDOZ (A Novartis Division),"Unit Price: ৳ 229.85,(21's pack: ৳ 4,826.94),","(21's pack: ৳ 4,826.94)"
16501,Famotin,allopathic,famotintablet40-mg,Tablet,Famotidine,40 mg,Doctor’s Chemical Works Ltd.,"Unit Price: ৳ 3.80,(100's pack: ৳ 380.00),",(100's pack: ৳ 380.00)
16500,Famotin,allopathic,famotintablet20-mg,Tablet,Famotidine,20 mg,Doctor’s Chemical Works Ltd.,"Unit Price: ৳ 1.42,(100's pack: ৳ 142.00),",(100's pack: ৳ 142.00)
26635,AB Kit,allopathic,ab-kittablet200-mg200-mcg,Tablet,Mifepristone + Misoprostol,200 mg+200 mcg,Renata Limited,5 tablet kit: ৳ 300.00,
2432,A-Zyme,allopathic,a-zymetablet325-mg,Tablet,Pancreatin,325 mg,ACME Laboratories Ltd.,"Unit Price: ৳ 3.51,(100's pack: ৳ 351.00),",(100's pack: ৳ 351.00)
11685,Febustat,allopathic,febustattablet80-mg,Tablet,Febuxostat,80 mg,Incepta Pharmaceuticals Ltd.,"Unit Price: ৳ 22.00,(30's pack: ৳ 660.00),",(30's pack: ৳ 660.00)
11682,Febus,allopathic,febustablet40-mg,Tablet,Febuxostat,40 mg,ACI Limited,"Unit Price: ৳ 12.04,(30's pack: ৳ 361.20),",(30's pack: ৳ 361.20)
11683,Febus,allopathic,febustablet80-mg,Tablet,Febuxostat,80 mg,ACI Limited,"Unit Price: ৳ 22.07,(30's pack: ৳ 662.10),",(30's pack: ৳ 662.10)
11699,Feburen,allopathic,feburentablet80-mg,Tablet,Febuxostat,80 mg,Renata Limited,"Unit Price: ৳ 22.00,(10's pack: ৳ 220.00),",(10's pack: ৳ 220.00)
11698,Feburen,allopathic,feburentablet40-mg,Tablet,Febuxostat,40 mg,Renata Limited,"Unit Price: ৳ 12.00,(30's pack: ৳ 360.00),",(30's pack: ৳ 360.00)
11696,Febulas,allopathic,febulastablet40-mg,Tablet,Febuxostat,40 mg,Delta Pharma Ltd.,"Unit Price: ৳ 8.00,(30's pack: ৳ 240.00),",(30's pack: ৳ 240.00)
33112,Febox,allopathic,feboxtablet40-mg,Tablet,Febuxostat,40 mg,Drug International Ltd.,"Unit Price: ৳ 12.00,(30's pack: ৳ 360.00),",(30's pack: ৳ 360.00)
10434,Fea XR,allopathic,fea-xrtablet-extended-release665-mg,Tablet (Extended Release),Paracetamol,665 mg,Navana Pharmaceuticals Ltd.,"Unit Price: ৳ 1.51,(100's pack: ৳ 150.73),",(100's pack: ৳ 150.73)
10585,Fea Plus,allopathic,fea-plustablet500-mg65-mg,Tablet,Paracetamol + Caffeine,500 mg+65 mg,Navana Pharmaceuticals Ltd.,"Unit Price: ৳ 2.51,(100's pack: ৳ 250.78),",(100's pack: ৳ 250.78)
10433,Fea,allopathic,featablet500-mg,Tablet,Paracetamol,500 mg,Navana Pharmaceuticals Ltd.,"Unit Price: ৳ 0.80,(200's pack: ৳ 160.22),",(200's pack: ৳ 160.22)
10435,Fea,allopathic,feaoral-suspension120-mg5-ml,Oral Suspension,Paracetamol,120 mg/5 ml,Navana Pharmaceuticals Ltd.,"60 ml bottle: ৳ 20.07,100 ml bottle: ৳ 31.00",
13300,Fe-Z,allopathic,fe-zcapsule-timed-release150-mg05-mg618-mg,Capsule (Timed Release),Ferrous Sulfate + Folic Acid + Zinc Sulfate,150 mg+0.5 mg+61.8 mg,Modern Pharmaceuticals Ltd.,"Unit Price: ৳ 2.90,(30's pack: ৳ 87.00),",(30's pack: ৳ 87.00)
32943,FD-60,allopathic,fd-60tablet60-mg,Tablet,Fexofenadine Hydrochloride,60 mg,Gaco Pharmaceuticals Ltd.,"Unit Price: ৳ 3.50,(30's pack: ৳ 105.00),",(30's pack: ৳ 105.00)
32933,FD-120,allopathic,fd-120tablet120-mg,Tablet,Fexofenadine Hydrochloride,120 mg,Gaco Pharmaceuticals Ltd.,"Unit Price: ৳ 7.00,(30's pack: ৳ 210.10),",(30's pack: ৳ 210.10)
13230,FBC,allopathic,fbccapsule-timed-release,Capsule (Timed Release),Iron + Folic acid + Vitamin B complex + Vitamin C,,Pacific Pharmaceuticals Ltd.,"Unit Price: ৳ 3.00,(30's pack: ৳ 90.00),",(30's pack: ৳ 90.00)
6246,Faxilin,allopathic,faxilinpowder-for-suspension125-mg5-ml,Powder for Suspension,Flucloxacillin Sodium,125 mg/5 ml,Kumudini Pharma Ltd.,100 ml bottle: ৳ 60.00,
6245,Faxilin,allopathic,faxilincapsule500-mg,Capsule,Flucloxacillin Sodium,500 mg,Kumudini Pharma Ltd.,"Unit Price: ৳ 10.00,(28's pack: ৳ 280.00),",(28's pack: ৳ 280.00)
6244,Faxilin,allopathic,faxilincapsule250-mg,Capsule,Flucloxacillin Sodium,250 mg,Kumudini Pharma Ltd.,"Unit Price: ৳ 5.50,(28's pack: ৳ 154.00),",(28's pack: ৳ 154.00)
29489,Favivir,allopathic,favivirtablet200-mg,Tablet,Favipiravir,200 mg,Opsonin Pharma Ltd.,"Unit Price: ৳ 200.00,(10's pack: ৳ 2,000.00),","(10's pack: ৳ 2,000.00)"
28684,Favitab,allopathic,favitabtablet200-mg,Tablet,Favipiravir,200 mg,Ibn Sina Pharmaceuticals Ltd.,"Unit Price: ৳ 200.00,(20's pack: ৳ 4,000.00),","(20's pack: ৳ 4,000.00)"
30891,Favirest,allopathic,faviresttablet200-mg,Tablet,Favipiravir,200 mg,Everest Pharmaceuticals Ltd.,"Unit Price: ৳ 200.00,(20's pack: ৳ 4,000.00),","(20's pack: ৳ 4,000.00)"
29044,Faviravir,allopathic,faviravirtablet200-mg,Tablet,Favipiravir,200 mg,ACI Limited,"Unit Price: ৳ 200.00,(20's pack: ৳ 4,000.00),","(20's pack: ৳ 4,000.00)"
15247,Favirab,allopathic,favirabim-injection1000-iu5-ml,IM Injection,Rabies Immunoglobulin,1000 IU/5 ml,Synovia pharma plc,"1000 IU vial: ৳ 1,758.00",
28861,Favira,allopathic,faviratablet200-mg,Tablet,Favipiravir,200 mg,Drug International Ltd.,"Unit Price: ৳ 200.00,(20's pack: ৳ 4,000.00),","(20's pack: ৳ 4,000.00)"
28003,Favipira,allopathic,favipiratablet200-mg,Tablet,Favipiravir,200 mg,Beacon Pharmaceuticals Ltd.,"Unit Price: ৳ 200.00,(20's pack: ৳ 4,000.00),","(20's pack: ৳ 4,000.00)"
28462,Favipir,allopathic,favipirtablet200-mg,Tablet,Favipiravir,200 mg,Eskayef Pharmaceuticals Ltd.,"Unit Price: ৳ 200.00,(10's pack: ৳ 2,000.00),","(10's pack: ৳ 2,000.00)"
28621,Favinil,allopathic,faviniltablet200-mg,Tablet,Favipiravir,200 mg,Square Pharmaceuticals Ltd.,"Unit Price: ৳ 200.00,(10's pack: ৳ 2,000.00),","(10's pack: ৳ 2,000.00)"
28860,Favilar,allopathic,favilartablet200-mg,Tablet,Favipiravir,200 mg,Popular Pharmaceuticals Ltd.,"Unit Price: ৳ 200.00,(20's pack: ৳ 4,000.00),","(20's pack: ৳ 4,000.00)"
29045,Favigan,allopathic,favigantablet200-mg,Tablet,Favipiravir,200 mg,Ziska Pharmaceuticals Ltd.,"Unit Price: ৳ 400.00,(40's pack: ৳ 16,000.00),","(40's pack: ৳ 16,000.00)"
14796,Fatisol,allopathic,fatisoliv-infusion10,IV Infusion,Intravenous Fat Emulsion,10%,Popular Pharmaceuticals Ltd.,"250 ml bottle: ৳ 600.00,500 ml bottle: ৳ 1,100.00",
8319,A-Tetra,allopathic,a-tetraophthalmic-ointment1,Ophthalmic Ointment,Tetracycline Hydrochloride (Ophthalmic),1%,ACME Laboratories Ltd.,"3.5 gm tube: ৳ 8.50,5 gm tube: ৳ 11.58",
16493,Femicon,allopathic,femicontablet03-mg003-mg75-mg,Tablet,Norgestrel + Ethinyl Estradiol + Ferrous Fumarate,0.3 mg+0.03 mg+75 mg,Jenphar Bangladesh Ltd.,28 tablet pack: ৳ 27.44,
13164,Femicap,allopathic,femicapcapsule200-mg200-mcg,Capsule,Ferrous Fumarate + Folic acid,200 mg+200 mcg,Jayson Pharmaceuticals Ltd.,"Unit Price: ৳ 0.51,(100's pack: ৳ 51.00),",(100's pack: ৳ 51.00)
4046,Femex,allopathic,femexsyrup15-mg5-ml,Syrup,Ambroxol Hydrochloride,15 mg/5 ml,Globe Pharmaceuticals Ltd.,100 ml bottle: ৳ 40.00,
13412,Femavit Forte,allopathic,femavit-fortecapsule,Capsule,Carbonyl Iron + Folic Acid + Zinc Sulfate + Vitamin B Complex + Vitamin C,,Novelta Bestway Pharma Ltd.,"Unit Price: ৳ 3.50,(60's pack: ৳ 210.00),",(60's pack: ৳ 210.00)
26551,Fematos,allopathic,fematosiv-injection-or-infusion500-mg10-ml,IV Injection or Infusion,Ferric Carboxymaltose,500 mg/10 ml,General Pharmaceuticals Ltd.,10 ml vial: ৳ 700.00,
26550,Fematos,allopathic,fematosiv-injection-or-infusion100-mg2-ml,IV Injection or Infusion,Ferric Carboxymaltose,100 mg/2 ml,General Pharmaceuticals Ltd.,2 ml vial: ৳ 400.00,
29127,Fematos,allopathic,fematosiv-injection-or-infusion1-gm20-ml,IV Injection or Infusion,Ferric Carboxymaltose,1 gm/20 ml,General Pharmaceuticals Ltd.,"20 ml vial: ৳ 1,300.00",
32845,Femastin,allopathic,femastintablet1-mg,Tablet,Estriol (Oral),1 mg,Square Pharmaceuticals Ltd.,"Unit Price: ৳ 8.03,(30's pack: ৳ 240.90),",(30's pack: ৳ 240.90)
5880,Femastin,allopathic,femastinvaginal-cream01,Vaginal Cream,Estriol (Vaginal),0.10%,Square Pharmaceuticals Ltd.,"15 mg tube: ৳ 1,000.00",
15174,Femara,allopathic,femaratablet25-mg,Tablet,Letrozole,2.5 mg,Novartis (Bangladesh) Ltd.,"Unit Price: ৳ 376.42,(30's pack: ৳ 11,292.59),","(30's pack: ৳ 11,292.59)"
4339,Femanol,allopathic,femanoltablet05-mg10-mg,Tablet,Flupentixol + Melitracen,0.5 mg+10 mg,Kemiko Pharmaceuticals Ltd.,"Unit Price: ৳ 4.00,(50's pack: ৳ 200.00),",(50's pack: ৳ 200.00)
11689,Feluric,allopathic,felurictablet80-mg,Tablet,Febuxostat,80 mg,Healthcare Pharmaceuticals Ltd.,"Unit Price: ৳ 22.00,(20's pack: ৳ 440.00),",(20's pack: ৳ 440.00)
11688,Feluric,allopathic,felurictablet40-mg,Tablet,Febuxostat,40 mg,Healthcare Pharmaceuticals Ltd.,"Unit Price: ৳ 12.00,(30's pack: ৳ 360.00),",(30's pack: ৳ 360.00)
11776,Felo,allopathic,felotablet5-mg,Tablet,Baclofen,5 mg,Innovative Pharma (Albion),"Unit Price: ৳ 5.34,(50's pack: ৳ 266.81),",(50's pack: ৳ 266.81)
11777,Felo,allopathic,felotablet10-mg,Tablet,Baclofen,10 mg,Innovative Pharma (Albion),"Unit Price: ৳ 9.48,(50's pack: ৳ 474.00),",(50's pack: ৳ 474.00)
12928,Fegra,allopathic,fegratablet120-mg,Tablet,Fexofenadine Hydrochloride,120 mg,Chemist Laboratories  Ltd.,"Unit Price: ৳ 6.50,(50's pack: ৳ 325.00),",(50's pack: ৳ 325.00)
31396,Feglo-FZ,allopathic,feglo-fztablet48-mg05-mg225-mg,Tablet,Ferrous Ascorbate + Folic Acid + Zinc Sulfate,48 mg+0.5 mg+22.5 mg,ACI Limited,"Unit Price: ৳ 5.00,(60's pack: ৳ 300.00),",(60's pack: ৳ 300.00)
9802,Fefun,allopathic,fefunoral-suspension100000-unitml,Oral Suspension,Nystatin (Oral),100000 unit/ml,Amico Laboratories Ltd.,12 ml bottle: ৳ 21.00,
13251,Fefovit,allopathic,fefovitcapsule,Capsule,Iron + Folic acid + Vitamin B complex + Vitamin C,,GlaxoSmithKline,"Unit Price: ৳ 3.00,(100's pack: ৳ 300.00),",(100's pack: ৳ 300.00)
13286,Fefa TR,allopathic,fefa-trcapsule-timed-release150-mg05-mg618-mg,Capsule (Timed Release),Ferrous Sulfate + Folic Acid + Zinc Sulfate,150 mg+0.5 mg+61.8 mg,Nipa Pharmaceuticals Ltd.,"Unit Price: ৳ 2.73,(30's pack: ৳ 82.00),",(30's pack: ৳ 82.00)
3136,Feelnor MR,allopathic,feelnor-mrtablet-modified-release35-mg,Tablet (Modified Release),Trimetazidine Dihydrochloride,35 mg,Incepta Pharmaceuticals Ltd.,"Unit Price: ৳ 6.75,(30's pack: ৳ 202.50),",(30's pack: ৳ 202.50)
30340,Feelfree,allopathic,feelfreevaginal-gel18104,Vaginal Gel,Lactic acid + Citric acid + Potassium bitartrate,1.8%+1%+0.4%,Navana Pharmaceuticals Ltd.,10 gm tube: ৳ 90.00,
13285,Feelbe TR,allopathic,feelbe-trcapsule-timed-release150-mg05-mg618-mg,Capsule (Timed Release),Ferrous Sulfate + Folic Acid + Zinc Sulfate,150 mg+0.5 mg+61.8 mg,Hallmark Pharmaceuticals Ltd.,"Unit Price: ৳ 2.92,(50's pack: ৳ 146.00),",(50's pack: ৳ 146.00)
3627,Fedrin,allopathic,fedrininjection25-mg5-ml,Injection,Ephedrine Hydrochloride,25 mg/5 ml,Jayson Pharmaceuticals Ltd.,"5 ml ampoule: ৳ 12.06,(10's pack: ৳ 120.60),",(10's pack: ৳ 120.60)
13284,Fecon-Z,allopathic,fecon-zcapsule-timed-release150-mg05-mg618-mg,Capsule (Timed Release),Ferrous Sulfate + Folic Acid + Zinc Sulfate,150 mg+0.5 mg+61.8 mg,Alco Pharma Ltd.,"Unit Price: ৳ 2.94,(30's pack: ৳ 88.20),",(30's pack: ৳ 88.20)
13193,Fecon TR,allopathic,fecon-trcapsule-timed-release150-mg05-mg,Capsule (Timed Release),Ferrous Sulfate + Folic Acid,150 mg+0.5 mg,Alco Pharma Ltd.,"Unit Price: ৳ 2.40,(30's pack: ৳ 72.00),",(30's pack: ৳ 72.00)
13231,Fecon BC,allopathic,fecon-bccapsule,Capsule,Iron + Folic acid + Vitamin B complex + Vitamin C,,Alco Pharma Ltd.,"Unit Price: ৳ 3.01,(50's pack: ৳ 150.50),",(50's pack: ৳ 150.50)
11700,Febux,allopathic,febuxtablet40-mg,Tablet,Febuxostat,40 mg,Monicopharma Ltd.,"Unit Price: ৳ 12.00,(20's pack: ৳ 240.00),",(20's pack: ৳ 240.00)
11686,Febux,allopathic,febuxtablet40-mg,Tablet,Febuxostat,40 mg,Aristopharma Ltd.,"Unit Price: ৳ 11.00,(30's pack: ৳ 330.00),",(30's pack: ৳ 330.00)
8275,A-Tetra,allopathic,a-tetracapsule500-mg,Capsule,Tetracycline Hydrochloride (Oral),500 mg,ACME Laboratories Ltd.,"Unit Price: ৳ 3.39,(100's pack: ৳ 339.00),",(100's pack: ৳ 339.00)
32492,A-Statin,allopathic,a-statintablet10-mg,Tablet,Atorvastatin Calcium,10 mg,Doctor TIMS Pharmaceuticals Ltd.,"Unit Price: ৳ 10.00,(30's pack: ৳ 300.00),",(30's pack: ৳ 300.00)
29799,Fenitab,allopathic,fenitabtablet200-mg,Tablet,Sorafenib Tosylate,200 mg,Eskayef Pharmaceuticals Ltd.,"Unit Price: ৳ 300.00,(28's pack: ৳ 8,400.00),","(28's pack: ৳ 8,400.00)"
30425,Fenimex,allopathic,fenimeximiv-injection455-mg2-ml,IM/IV Injection,Pheniramine Maleate,45.5 mg/2 ml,Techno Drugs Ltd.,2 ml ampoule: ৳ 7.50,
11012,Fengel SR,allopathic,fengel-srtablet-sustained-release100-mg,Tablet (Sustained Release),Diclofenac Sodium,100 mg,Pharmadesh Laboratories Ltd.,"Unit Price: ৳ 3.00,(50's pack: ৳ 150.00),",(50's pack: ৳ 150.00)
11011,Fengel,allopathic,fengeltablet50-mg,Tablet,Diclofenac Sodium,50 mg,Pharmadesh Laboratories Ltd.,"Unit Price: ৳ 1.00,(100's pack: ৳ 100.00),",(100's pack: ৳ 100.00)
11010,Fengel,allopathic,fengelgel1-ww,Gel,Diclofenac Sodium,1% w/w,Pharmadesh Laboratories Ltd.,15 gm tube: ৳ 19.68,
4300,Fenazine,allopathic,fenazineimsc-injection25-mgml,IM/SC Injection,Fluphenazine Decanoate,25 mg/ml,Incepta Pharmaceuticals Ltd.,"1 ml ampoule: ৳ 75.00,(5's pack: ৳ 375.00),",(5's pack: ৳ 375.00)
20356,Fenaxo,allopathic,fenaxooral-suspension30-mg5-ml,Oral Suspension,Fexofenadine Hydrochloride,30 mg/5 ml,Kemiko Pharmaceuticals Ltd.,50 ml bottle: ৳ 48.00,
20355,Fenaxo,allopathic,fenaxotablet180-mg,Tablet,Fexofenadine Hydrochloride,180 mg,Kemiko Pharmaceuticals Ltd.,"Unit Price: ৳ 9.03,(20's pack: ৳ 180.60),",(20's pack: ৳ 180.60)
20354,Fenaxo,allopathic,fenaxotablet120-mg,Tablet,Fexofenadine Hydrochloride,120 mg,Kemiko Pharmaceuticals Ltd.,"Unit Price: ৳ 7.02,(30's pack: ৳ 210.60),",(30's pack: ৳ 210.60)
12929,Fenaxo,allopathic,fenaxotablet60-mg,Tablet,Fexofenadine Hydrochloride,60 mg,Kemiko Pharmaceuticals Ltd.,"Unit Price: ৳ 5.02,(30's pack: ৳ 150.60),",(30's pack: ৳ 150.60)
3337,Fenatrol,allopathic,fenatroltablet145-mg,Tablet,Fenofibrate,145 mg,Drug International Ltd.,"Unit Price: ৳ 8.00,(30's pack: ৳ 240.00),",(30's pack: ৳ 240.00)
31122,Fenatrol,allopathic,fenatrolcapsule200-mg,Capsule,Fenofibrate,200 mg,Drug International Ltd.,"Unit Price: ৳ 7.00,(30's pack: ৳ 210.00),",(30's pack: ৳ 210.00)
11390,Fenaton,allopathic,fenatontablet500-mg,Tablet,Mefenamic acid,500 mg,Drug International Ltd.,"Unit Price: ৳ 2.00,(100's pack: ৳ 200.00),",(100's pack: ৳ 200.00)
15947,Fenat,allopathic,fenatophthalmic-solution0025,Ophthalmic Solution,Ketotifen Fumarate (Ophthalmic),0.03%,Drug International Ltd.,5 ml drop: ৳ 95.30,
3719,Fenat,allopathic,fenatsyrup1-mg5-ml,Syrup,Ketotifen Fumarate (Oral),1 mg/5 ml,Drug International Ltd.,"100 ml bottle: ৳ 45.16,200 ml bottle: ৳ 75.26",
3718,Fenat,allopathic,fenattablet1-mg,Tablet,Ketotifen Fumarate (Oral),1 mg,Drug International Ltd.,"Unit Price: ৳ 2.50,(100's pack: ৳ 250.00),",(100's pack: ৳ 250.00)
28950,Fenasol,allopathic,fenasolophthalmic-solution009,Ophthalmic Solution,Bromfenac Sodium,0.09%,Kemiko Pharmaceuticals Ltd.,5 ml drop: ৳ 95.00,
27805,Fenargic,allopathic,fenargictablet120-mg,Tablet,Fexofenadine Hydrochloride,120 mg,Rangs Pharmaceuticals Ltd.,"Unit Price: ৳ 7.02,(30's pack: ৳ 210.60),",(30's pack: ৳ 210.60)
11389,Fenamic,allopathic,fenamicoral-suspension50-mg5-ml,Oral Suspension,Mefenamic acid,50 mg/5 ml,Beximco Pharmaceuticals Ltd.,60 ml bottle: ৳ 15.00,
12085,Fenadin,allopathic,fenadinoral-suspension30-mg5-ml,Oral Suspension,Fexofenadine Hydrochloride,30 mg/5 ml,Renata Limited,"30 ml bottle: ৳ 35.00,50 ml bottle: ৳ 48.19",
12084,Fenadin,allopathic,fenadintablet180-mg,Tablet,Fexofenadine Hydrochloride,180 mg,Renata Limited,"Unit Price: ৳ 10.00,(20's pack: ৳ 200.00),",(20's pack: ৳ 200.00)
12083,Fenadin,allopathic,fenadintablet120-mg,Tablet,Fexofenadine Hydrochloride,120 mg,Renata Limited,"Unit Price: ৳ 8.00,(50's pack: ৳ 400.00),",(50's pack: ৳ 400.00)
12082,Fenadin,allopathic,fenadintablet60-mg,Tablet,Fexofenadine Hydrochloride,60 mg,Renata Limited,"Unit Price: ৳ 3.50,(30's pack: ৳ 105.00),",(30's pack: ৳ 105.00)
17373,Fenacin,allopathic,fenacintablet100-mg,Tablet,Aceclofenac,100 mg,Nipa Pharmaceuticals Ltd.,"Unit Price: ৳ 4.00,(100's pack: ৳ 400.00),",(100's pack: ৳ 400.00)
15181,Femzole,allopathic,femzoletablet25-mg,Tablet,Letrozole,2.5 mg,Beximco Pharmaceuticals Ltd.,"Unit Price: ৳ 40.00,(5's pack: ৳ 200.00),",(5's pack: ৳ 200.00)
4340,Femixit,allopathic,femixittablet05-mg10-mg,Tablet,Flupentixol + Melitracen,0.5 mg+10 mg,Monicopharma Ltd.,"Unit Price: ৳ 3.50,(50's pack: ৳ 175.00),",(50's pack: ৳ 175.00)
13165,Femitab,allopathic,femitabtablet200-mg200-mcg,Tablet,Ferrous Fumarate + Folic acid,200 mg+200 mcg,Jayson Pharmaceuticals Ltd.,"Unit Price: ৳ 0.38,(500's pack: ৳ 190.00),",(500's pack: ৳ 190.00)
16494,Femipil,allopathic,femipiltablet003-mg015-mg75-mg,Tablet,Ethinyl Estradiol + Levonorgestrel + Ferrous Fumarate,0.03 mg+0.15 mg+75 mg,Beximco Pharmaceuticals Ltd.,( 21 white+7 brown) tablet: ৳ 18.00,
28997,Feminor,allopathic,feminortablet5-mg,Tablet,Norethisterone Acetate,5 mg,ACME Laboratories Ltd.,"Unit Price: ৳ 5.00,(60's pack: ৳ 300.00),",(60's pack: ৳ 300.00)
31296,Femikit,allopathic,femikittablet200-mg200-mcg,Tablet,Mifepristone + Misoprostol,200 mg+200 mcg,Eskayef Pharmaceuticals Ltd.,5 tablet kit: ৳ 300.00,
23257,A-Spasm,allopathic,a-spasmtablet5-mg,Tablet,Oxyphenonium Bromide,5 mg,ACME Laboratories Ltd.,"Unit Price: ৳ 1.44,(100's pack: ৳ 144.00),",(100's pack: ৳ 144.00)
32991,FeonA FZ,allopathic,feona-fztablet48-mg05-mg225-mg,Tablet,Ferrous Ascorbate + Folic Acid + Zinc Sulfate,48 mg+0.5 mg+22.5 mg,Delta Pharma Ltd.,"Unit Price: ৳ 5.00,(30's pack: ৳ 150.00),",(30's pack: ৳ 150.00)
13328,Feol TR,allopathic,feol-trcapsule-timed-release150-mg05-mg618-mg,Capsule (Timed Release),Ferrous Sulfate + Folic Acid + Zinc Sulfate,150 mg+0.5 mg+61.8 mg,Medicon Pharmaceuticals Ltd.,"Unit Price: ৳ 2.84,(30's pack: ৳ 85.22),",(30's pack: ৳ 85.22)
13216,Feofol-Cl,allopathic,feofol-clcapsule50-mg05-mg,Capsule,Carbonyl Iron + Folic Acid,50 mg+0.5 mg,Eskayef Pharmaceuticals Ltd.,"Unit Price: ৳ 2.50,(30's pack: ৳ 75.00),",(30's pack: ৳ 75.00)
13194,Feofol,allopathic,feofolcapsule-timed-release150-mg05-mg,Capsule (Timed Release),Ferrous Sulfate + Folic Acid,150 mg+0.5 mg,Eskayef Pharmaceuticals Ltd.,"Unit Price: ৳ 2.41,(90's pack: ৳ 217.00),",(90's pack: ৳ 217.00)
19947,Feofer DS,allopathic,feofer-dsiv-injection-or-infusion200-mg10-ml,IV Injection or Infusion,Iron Sucrose Injection [Elemental Iron],200 mg/10 ml,Eskayef Pharmaceuticals Ltd.,10 ml ampoule: ৳ 600.00,
13148,Feofer,allopathic,feoferiv-injection-or-infusion100-mg5-ml,IV Injection or Infusion,Iron Sucrose Injection [Elemental Iron],100 mg/5 ml,Eskayef Pharmaceuticals Ltd.,5 ml ampoule: ৳ 350.00,
13413,Feocron Plus,allopathic,feocron-pluscapsule,Capsule,Carbonyl Iron + Folic Acid + Zinc Sulfate + Vitamin B Complex + Vitamin C,,Novo Healthcare and Pharma Ltd.,"Unit Price: ৳ 3.51,(30's pack: ৳ 105.32),",(30's pack: ৳ 105.32)
13341,Feocron,allopathic,feocroncapsule-timed-release50-mg050-mg6180-mg,Capsule (Timed Release),Carbonyl Iron + Folic Acid + Zinc Sulfate,50 mg+0.50 mg+61.80 mg,Novo Healthcare and Pharma Ltd.,"Unit Price: ৳ 3.01,(60's pack: ৳ 180.89),",(60's pack: ৳ 180.89)
15459,Fentyl,allopathic,fentylinjection100-mcg2-ml,Injection,Fentanyl Citrate,100 mcg/2 ml,Popular Pharmaceuticals Ltd.,"2 ml ampoule: ৳ 40.15,(5's pack: ৳ 200.76),",(5's pack: ৳ 200.76)
15675,Fentizol VT,allopathic,fentizol-vtvaginal-tablet600-mg,Vaginal Tablet,Fenticonazole Nitrate [Vaginal Tablet],600 mg,Square Pharmaceuticals Ltd.,Unit Price: ৳ 120.00,
27260,Fentikol,allopathic,fentikolvaginal-cream2-ww,Vaginal Cream,Fenticonazole Nitrate [Vaginal Cream],2% w/w,Medicon Pharmaceuticals Ltd.,30 gm tube: ৳ 187.00,
27965,Fentigal VT,allopathic,fentigal-vtvaginal-tablet600-mg,Vaginal Tablet,Fenticonazole Nitrate [Vaginal Tablet],600 mg,Sharif Pharmaceuticals Ltd.,Unit Price: ৳ 120.00,
15674,Fentigal,allopathic,fentigalvaginal-cream2-ww,Vaginal Cream,Fenticonazole Nitrate [Vaginal Cream],2% w/w,Sharif Pharmaceuticals Ltd.,30 gm tube: ৳ 195.60,
26620,Fenticona,allopathic,fenticonavaginal-cream2-ww,Vaginal Cream,Fenticonazole Nitrate [Vaginal Cream],2% w/w,NIPRO JMI Pharma Ltd.,30 gm tube: ৳ 195.00,
15466,Fentanyl Hexal,allopathic,fentanyl-hexaltransdermal-patch25-mcghour,Transdermal Patch,Fentanyl Citrate,25 mcg/hour,"Hexal AG, Germany","Unit Price: ৳ 370.00,(5's pack: ৳ 1,850.00),","(5's pack: ৳ 1,850.00)"
30358,Fentanyl,allopathic,fentanylinjection100-mcg2-ml,Injection,Fentanyl Citrate,100 mcg/2 ml,Renata Limited,"2 ml ampoule: ৳ 40.15,(5's pack: ৳ 200.75),",(5's pack: ৳ 200.75)
20392,Fenox,allopathic,fenoxtablet120-mg,Tablet,Fexofenadine Hydrochloride,120 mg,Jenphar Bangladesh Ltd.,"Unit Price: ৳ 7.00,(30's pack: ৳ 210.00),",(30's pack: ৳ 210.00)
3342,Fenorat,allopathic,fenoratcapsule200-mg,Capsule,Fenofibrate,200 mg,Pacific Pharmaceuticals Ltd.,"Unit Price: ৳ 7.00,(30's pack: ৳ 210.00),",(30's pack: ৳ 210.00)
3341,Fenolid,allopathic,fenolidcapsule200-mg,Capsule,Fenofibrate,200 mg,General Pharmaceuticals Ltd.,"Unit Price: ৳ 7.05,(40's pack: ৳ 282.00),",(40's pack: ৳ 282.00)
29252,Fenogard,allopathic,fenogardcapsule200-mg,Capsule,Fenofibrate,200 mg,Al-Madina Pharmaceuticals Ltd.,"Unit Price: ৳ 7.00,(30's pack: ৳ 210.00),",(30's pack: ৳ 210.00)
12091,Fenofex,allopathic,fenofexoral-suspension30-mg5-ml,Oral Suspension,Fexofenadine Hydrochloride,30 mg/5 ml,Incepta Pharmaceuticals Ltd.,50 ml bottle: ৳ 48.00,
12090,Fenofex,allopathic,fenofextablet180-mg,Tablet,Fexofenadine Hydrochloride,180 mg,Incepta Pharmaceuticals Ltd.,"Unit Price: ৳ 9.00,(20's pack: ৳ 180.00),",(20's pack: ৳ 180.00)
12089,Fenofex,allopathic,fenofextablet120-mg,Tablet,Fexofenadine Hydrochloride,120 mg,Incepta Pharmaceuticals Ltd.,"Unit Price: ৳ 8.00,(50's pack: ৳ 400.00),",(50's pack: ৳ 400.00)
12088,Fenofex,allopathic,fenofextablet60-mg,Tablet,Fexofenadine Hydrochloride,60 mg,Incepta Pharmaceuticals Ltd.,"Unit Price: ৳ 3.50,(30's pack: ৳ 105.00),",(30's pack: ৳ 105.00)
3340,Fenocol,allopathic,fenocolcapsule200-mg,Capsule,Fenofibrate,200 mg,Peoples Pharma Ltd.,"Unit Price: ৳ 7.00,(30's pack: ৳ 210.00),",(30's pack: ৳ 210.00)
3339,Fenocap,allopathic,fenocapcapsule200-mg,Capsule,Fenofibrate,200 mg,Orion Pharma Ltd.,"Unit Price: ৳ 7.06,(42's pack: ৳ 296.52),",(42's pack: ৳ 296.52)
20172,Fenobate,allopathic,fenobatecapsule200-mg,Capsule,Fenofibrate,200 mg,Renata Limited,"Unit Price: ৳ 7.00,(30's pack: ৳ 210.00),",(30's pack: ৳ 210.00)
11779,Fenobac,allopathic,fenobacoral-solution5-mg5-ml,Oral Solution,Baclofen,5 mg/5 ml,Eskayef Pharmaceuticals Ltd.,100 ml bottle: ৳ 100.00,
11724,Fenobac,allopathic,fenobactablet5-mg,Tablet,Baclofen,5 mg,Eskayef Pharmaceuticals Ltd.,"Unit Price: ৳ 4.50,(50's pack: ৳ 225.00),",(50's pack: ৳ 225.00)
11725,Fenobac,allopathic,fenobactablet10-mg,Tablet,Baclofen,10 mg,Eskayef Pharmaceuticals Ltd.,"Unit Price: ৳ 8.00,(30's pack: ৳ 240.00),",(30's pack: ৳ 240.00)
8789,A-Rox,allopathic,a-roxpowder-for-suspension50-mg5-ml,Powder for Suspension,Roxithromycin,50 mg/5 ml,Ambee Pharmaceuticals Ltd.,50 ml bottle: ৳ 45.14,
20191,Fero Plus,allopathic,fero-plustablet200-mg400-mcg,Tablet,Ferrous Fumarate + Folic acid,200 mg+400 mcg,Amico Laboratories Ltd.,"Unit Price: ৳ 0.38,(100's pack: ৳ 38.00),",(100's pack: ৳ 38.00)
5957,Fermid,allopathic,fermidtablet50-mg,Tablet,Clomiphene Citrate,50 mg,Gaco Pharmaceuticals Ltd.,"Unit Price: ৳ 10.03,(10's pack: ৳ 100.30),",(10's pack: ৳ 100.30)
13289,Feriz TR,allopathic,feriz-trcapsule-timed-release150-mg05-mg618-mg,Capsule (Timed Release),Ferrous Sulfate + Folic Acid + Zinc Sulfate,150 mg+0.5 mg+61.8 mg,Medimet Pharmaceuticals Ltd.,"Unit Price: ৳ 2.90,(50's pack: ৳ 145.00),",(50's pack: ৳ 145.00)
28286,Ferix-V,allopathic,ferix-vcapsule-timed-release50-mg050-mg6180-mg,Capsule (Timed Release),Carbonyl Iron + Folic Acid + Zinc Sulfate,50 mg+0.50 mg+61.80 mg,Renata Limited,"Unit Price: ৳ 4.00,(60's pack: ৳ 240.00),",(60's pack: ৳ 240.00)
31700,Ferium,allopathic,feriumiv-injection-or-infusion500-mg10-ml,IV Injection or Infusion,Ferric Carboxymaltose,500 mg/10 ml,Renata Limited,10 ml vial: ৳ 700.00,
13137,Feristar,allopathic,feristariv-injection-or-infusion100-mg5-ml,IV Injection or Infusion,Iron Sucrose Injection [Elemental Iron],100 mg/5 ml,Renata Limited,5 ml ampoule: ৳ 325.00,
26101,Ferisen,allopathic,feriseniv-injection-or-infusion500-mg10-ml,IV Injection or Infusion,Ferric Carboxymaltose,500 mg/10 ml,Healthcare Pharmaceuticals Ltd.,10 ml vial: ৳ 710.00,
20175,Ferisen,allopathic,feriseniv-injection-or-infusion100-mg2-ml,IV Injection or Infusion,Ferric Carboxymaltose,100 mg/2 ml,Healthcare Pharmaceuticals Ltd.,2 ml vial: ৳ 410.00,
29183,Ferisen,allopathic,feriseniv-injection-or-infusion1-gm20-ml,IV Injection or Infusion,Ferric Carboxymaltose,1 gm/20 ml,Healthcare Pharmaceuticals Ltd.,"20 ml vial: ৳ 1,300.00",
13156,Feripon,allopathic,feripontablet500-mg,Tablet,Deferiprone,500 mg,Drug International Ltd.,"Unit Price: ৳ 18.00,(10's pack: ৳ 180.00),",(10's pack: ৳ 180.00)
26297,Ferintus,allopathic,ferintusiv-injection-or-infusion500-mg10-ml,IV Injection or Infusion,Ferric Carboxymaltose,500 mg/10 ml,Beximco Pharmaceuticals Ltd.,10 ml vial: ৳ 700.00,
29389,Ferintus,allopathic,ferintusiv-injection-or-infusion100-mg2-ml,IV Injection or Infusion,Ferric Carboxymaltose,100 mg/2 ml,Beximco Pharmaceuticals Ltd.,2 ml vial: ৳ 400.00,
26538,Ferinject,allopathic,ferinjectiv-injection-or-infusion100-mg2-ml,IV Injection or Infusion,Ferric Carboxymaltose,100 mg/2 ml,Vifor International Ltd.,2 ml vial: ৳ 996.74,
28293,Ferinject,allopathic,ferinjectiv-injection-or-infusion500-mg10-ml,IV Injection or Infusion,Ferric Carboxymaltose,500 mg/10 ml,Vifor International Ltd.,"10 ml vial: ৳ 3,114.80",
20200,Ferina,allopathic,ferinacapsule200-mg200-mcg,Capsule,Ferrous Fumarate + Folic acid,200 mg+200 mcg,Guardian Healthcare Ltd.,"Unit Price: ৳ 1.45,(100's pack: ৳ 145.00),",(100's pack: ৳ 145.00)
27597,Ferimax,allopathic,ferimaxiv-injection-or-infusion50-mg25-ml,IV Injection or Infusion,Iron Sucrose Injection [Elemental Iron],50 mg/2.5 ml,Incepta Pharmaceuticals Ltd.,2.5 ml ampoule: ৳ 300.00,
26207,Ferimax,allopathic,ferimaxiv-injection-or-infusion200-mg10-ml,IV Injection or Infusion,Iron Sucrose Injection [Elemental Iron],200 mg/10 ml,Incepta Pharmaceuticals Ltd.,10 ml ampoule: ৳ 600.00,
13136,Ferimax,allopathic,ferimaxiv-injection-or-infusion100-mg5-ml,IV Injection or Infusion,Iron Sucrose Injection [Elemental Iron],100 mg/5 ml,Incepta Pharmaceuticals Ltd.,5 ml ampoule: ৳ 350.00,
12897,Ferigun S,allopathic,ferigun-ssyrup200-mg5-ml,Syrup,Ferrous Sulfate,200 mg/5 ml,Medimet Pharmaceuticals Ltd.,200 ml bottle: ৳ 26.50,
13167,Ferigun,allopathic,feriguncapsule200-mg500-mcg,Capsule,Ferrous Fumarate + Folic acid,200 mg+500 mcg,Medimet Pharmaceuticals Ltd.,"Unit Price: ৳ 0.57,(100's pack: ৳ 57.00),",(100's pack: ৳ 57.00)
32179,Ferdin,allopathic,ferdintablet120-mg,Tablet,Fexofenadine Hydrochloride,120 mg,Royal Pharmaceutical Ltd.,"Unit Price: ৳ 7.00,(50's pack: ৳ 350.00),",(50's pack: ৳ 350.00)
13288,Feraz,allopathic,ferazcapsule-timed-release150-mg05-mg618-mg,Capsule (Timed Release),Ferrous Sulfate + Folic Acid + Zinc Sulfate,150 mg+0.5 mg+61.8 mg,Amico Laboratories Ltd.,"Unit Price: ৳ 2.50,(30's pack: ৳ 75.00),",(30's pack: ৳ 75.00)
13153,Ferasirrox,allopathic,ferasirroxdispersible-tablet250-mg,Dispersible Tablet,Deferasirox,250 mg,UniMed UniHealth,"Unit Price: ৳ 85.00,(10's pack: ৳ 850.00),",(10's pack: ৳ 850.00)
13344,Fer-Z,allopathic,fer-zcapsule-timed-release50-mg050-mg6180-mg,Capsule (Timed Release),Carbonyl Iron + Folic Acid + Zinc Sulfate,50 mg+0.50 mg+61.80 mg,Organic Health Care Ltd.,"Unit Price: ৳ 3.00,(30's pack: ৳ 90.00),",(30's pack: ৳ 90.00)
13414,Fer-V,allopathic,fer-vcapsule,Capsule,Carbonyl Iron + Folic Acid + Zinc Sulfate + Vitamin B Complex + Vitamin C,,Organic Health Care Ltd.,"Unit Price: ৳ 3.50,(30's pack: ৳ 105.00),",(30's pack: ৳ 105.00)
13217,Fer,allopathic,fercapsule50-mg05-mg,Capsule,Carbonyl Iron + Folic Acid,50 mg+0.5 mg,Organic Health Care Ltd.,"Unit Price: ৳ 2.51,(30's pack: ৳ 75.30),",(30's pack: ৳ 75.30)
14672,Feozin,allopathic,feozintablet5-mg20-mg,Tablet,Folic Acid + Zinc Sulfate Monohydrate,5 mg+20 mg,Eskayef Pharmaceuticals Ltd.,"Unit Price: ৳ 1.50,(100's pack: ৳ 150.00),",(100's pack: ৳ 150.00)
13287,Feosil-Z,allopathic,feosil-zcapsule-timed-release150-mg05-mg618-mg,Capsule (Timed Release),Ferrous Sulfate + Folic Acid + Zinc Sulfate,150 mg+0.5 mg+61.8 mg,Silva Pharmaceuticals Ltd.,"Unit Price: ৳ 2.91,(30's pack: ৳ 87.33),",(30's pack: ৳ 87.33)
13261,FeonA Z,allopathic,feona-zcapsule,Capsule,Iron + Folic Acid + Vitamin B Complex + Vitamine C + Zinc Sulfate,,Delta Pharma Ltd.,"Unit Price: ৳ 3.50,(30's pack: ৳ 105.00),",(30's pack: ৳ 105.00)
13260,FeonA FZ,allopathic,feona-fztablet47-mg05-mg225-mg,Tablet,Iron Polymaltose Complex + Folic Acid + Zinc Sulfate,47 mg+0.5 mg+22.5 mg,Delta Pharma Ltd.,"Unit Price: ৳ 5.00,(30's pack: ৳ 150.00),",(30's pack: ৳ 150.00)
8788,A-Rox,allopathic,a-roxtablet300-mg,Tablet,Roxithromycin,300 mg,Ambee Pharmaceuticals Ltd.,"Unit Price: ৳ 11.04,(20's pack: ৳ 220.70),",(20's pack: ৳ 220.70)
20295,Feroz,allopathic,ferozcapsule-timed-release150-mg05-mg618-mg,Capsule (Timed Release),Ferrous Sulfate + Folic Acid + Zinc Sulfate,150 mg+0.5 mg+61.8 mg,Aztec Pharmaceuticals Ltd.,Unit Price: ৳ 2.90,
30920,Ferox,allopathic,feroxiv-injection-or-infusion100-mg2-ml,IV Injection or Infusion,Ferric Carboxymaltose,100 mg/2 ml,ACI Limited,2 ml vial: ৳ 410.00,
30919,Ferox,allopathic,feroxiv-injection-or-infusion500-mg10-ml,IV Injection or Infusion,Ferric Carboxymaltose,500 mg/10 ml,ACI Limited,10 ml vial: ৳ 700.00,
13233,Ferovit TR,allopathic,ferovit-trcapsule-timed-release,Capsule (Timed Release),Iron + Folic acid + Vitamin B complex + Vitamin C,,Hudson Pharmaceuticals Ltd.,"Unit Price: ৳ 3.00,(100's pack: ৳ 300.00),",(100's pack: ৳ 300.00)
20302,Ferovit TR,allopathic,ferovit-trcapsule-timed-release150-mg05-mg618-mg,Capsule (Timed Release),Ferrous Sulfate + Folic Acid + Zinc Sulfate,150 mg+0.5 mg+61.8 mg,Hudson Pharmaceuticals Ltd.,Unit Price: ৳ 3.00,
26884,Feroven,allopathic,feroveniv-injection-or-infusion100-mg5-ml,IV Injection or Infusion,Iron Sucrose Injection [Elemental Iron],100 mg/5 ml,Orion Pharma Ltd.,5 ml ampoule: ৳ 327.26,
29578,Ferotab,allopathic,ferotabtablet188-mg050-mg618-mg,Tablet,Iron Hydroxide Polymaltose + Folic acid + Zinc Sulfate Monohydrate,188 mg+0.50 mg+61.8 mg,Veritas Pharmaceuticals Ltd.,"Unit Price: ৳ 3.50,(100's pack: ৳ 350.00),",(100's pack: ৳ 350.00)
13199,Ferospan,allopathic,ferospancapsule-timed-release150-mg05-mg,Capsule (Timed Release),Ferrous Sulfate + Folic Acid,150 mg+0.5 mg,Drug International Ltd.,"Unit Price: ৳ 2.41,(60's pack: ৳ 144.60),",(60's pack: ৳ 144.60)
13169,Feroson-TR,allopathic,feroson-trcapsule-timed-release200-mg500-mcg,Capsule (Timed Release),Ferrous Fumarate + Folic acid,200 mg+500 mcg,Hudson Pharmaceuticals Ltd.,"Unit Price: ৳ 2.10,(100's pack: ৳ 210.00),",(100's pack: ৳ 210.00)
13198,Feroson TR,allopathic,feroson-trcapsule-timed-release150-mg05-mg,Capsule (Timed Release),Ferrous Sulfate + Folic Acid,150 mg+0.5 mg,Hudson Pharmaceuticals Ltd.,"Unit Price: ৳ 2.10,(100's pack: ৳ 210.00),",(100's pack: ৳ 210.00)
13115,Feroson,allopathic,ferosonoral-suspension100-mg5-ml,Oral Suspension,Ferrous Fumarate,100 mg/5 ml,Hudson Pharmaceuticals Ltd.,200 ml bottle: ৳ 27.00,
13170,Feroson,allopathic,ferosonoral-suspension100-mg5-ml,Oral Suspension,Ferrous Fumarate + Folic acid,100 mg/5 ml,Hudson Pharmaceuticals Ltd.,200 ml bottle: ৳ 27.00,
13343,Feropreg TR,allopathic,feropreg-trcapsule-timed-release50-mg050-mg6180-mg,Capsule (Timed Release),Carbonyl Iron + Folic Acid + Zinc Sulfate,50 mg+0.50 mg+61.80 mg,Amico Laboratories Ltd.,"Unit Price: ৳ 3.00,(30's pack: ৳ 90.00),",(30's pack: ৳ 90.00)
28537,Feroplus Z SR,allopathic,feroplus-z-srcapsule-sustained-release150-mg05-mg618-mg,Capsule (Sustained Release),Ferrous Sulfate + Folic Acid + Zinc Sulfate,150 mg+0.5 mg+61.8 mg,Pacific Pharmaceuticals Ltd.,"Unit Price: ৳ 2.90,(30's pack: ৳ 87.00),",(30's pack: ৳ 87.00)
28536,Feroplus TR,allopathic,feroplus-trcapsule-timed-release200-mg200-mcg,Capsule (Timed Release),Ferrous Fumarate + Folic acid,200 mg+200 mcg,Pacific Pharmaceuticals Ltd.,"Unit Price: ৳ 2.37,(30's pack: ৳ 71.10),",(30's pack: ৳ 71.10)
28535,Feroplus,allopathic,feroplusoral-suspension100-mg5-ml,Oral Suspension,Ferrous Fumarate,100 mg/5 ml,Pacific Pharmaceuticals Ltd.,200 ml bottle: ৳ 26.00,
12898,Feromat,allopathic,feromatsyrup200-mg5-ml,Syrup,Ferrous Sulfate,200 mg/5 ml,Pharmadesh Laboratories Ltd.,200 ml bottle: ৳ 25.00,
13295,Ferolet TR Plus,allopathic,ferolet-tr-pluscapsule-timed-release150-mg05-mg618-mg,Capsule (Timed Release),Ferrous Sulfate + Folic Acid + Zinc Sulfate,150 mg+0.5 mg+61.8 mg,Reliance Pharmaceuticals Ltd.,"Unit Price: ৳ 2.91,(40's pack: ৳ 116.40),",(40's pack: ৳ 116.40)
13232,Ferolet BC,allopathic,ferolet-bccapsule,Capsule,Iron + Folic acid + Vitamin B complex + Vitamin C,,Reliance Pharmaceuticals Ltd.,"Unit Price: ৳ 3.40,(50's pack: ৳ 170.00),",(50's pack: ৳ 170.00)
13294,Ferol-TR,allopathic,ferol-trcapsule-timed-release150-mg05-mg618-mg,Capsule (Timed Release),Ferrous Sulfate + Folic Acid + Zinc Sulfate,150 mg+0.5 mg+61.8 mg,Opsonin Pharma Ltd.,"Unit Price: ৳ 2.71,(30's pack: ৳ 81.30),",(30's pack: ৳ 81.30)
13330,Ferogurd,allopathic,ferogurdcapsule-timed-release150-mg05-mg618-mg,Capsule (Timed Release),Ferrous Sulfate + Folic Acid + Zinc Sulfate,150 mg+0.5 mg+61.8 mg,S.N. Pharmaceutical Ltd.,"Unit Price: ৳ 2.50,(30's pack: ৳ 75.00),",(30's pack: ৳ 75.00)
13292,Ferofolin TR,allopathic,ferofolin-trcapsule-timed-release150-mg05-mg618-mg,Capsule (Timed Release),Ferrous Sulfate + Folic Acid + Zinc Sulfate,150 mg+0.5 mg+61.8 mg,Belsen Pharmaceuticals Ltd.,"Unit Price: ৳ 3.00,(50's pack: ৳ 150.00),",(50's pack: ৳ 150.00)
13293,Ferofol-Z,allopathic,ferofol-zcapsule-timed-release150-mg05-mg618-mg,Capsule (Timed Release),Ferrous Sulfate + Folic Acid + Zinc Sulfate,150 mg+0.5 mg+61.8 mg,Central Pharmaceuticals Ltd.,"Unit Price: ৳ 2.90,(100's pack: ৳ 290.00),",(100's pack: ৳ 290.00)
13161,Ferofol,allopathic,ferofoltablet200-mg350-mcg,Tablet,Ferrous Fumarate + Folic acid,200 mg+350 mcg,Hudson Pharmaceuticals Ltd.,"Unit Price: ৳ 0.25,(100's pack: ৳ 25.00),",(100's pack: ৳ 25.00)
13180,Ferofe Z TR,allopathic,ferofe-z-trcapsule-timed-release200-mg200-mcg,Capsule (Timed Release),Ferrous Fumarate + Folic acid,200 mg+200 mcg,Aexim Pharmaceuticals Ltd.,"Unit Price: ৳ 2.90,(30's pack: ৳ 87.00),",(30's pack: ৳ 87.00)
13262,Ferocom,allopathic,ferocomcapsule,Capsule,Iron + Folic Acid + Vitamin B Complex + Vitamine C + Zinc Sulfate,,S.N. Pharmaceutical Ltd.,"Unit Price: ৳ 3.00,(30's pack: ৳ 90.00),",(30's pack: ৳ 90.00)
28257,Ferocit-Z,allopathic,ferocit-zcapsule-timed-release150-mg05-mg618-mg,Capsule (Timed Release),Ferrous Sulfate + Folic Acid + Zinc Sulfate,150 mg+0.5 mg+61.8 mg,ACME Laboratories Ltd.,"Unit Price: ৳ 2.94,(30's pack: ৳ 88.20),",(30's pack: ৳ 88.20)
13196,Ferocit TR,allopathic,ferocit-trcapsule-timed-release150-mg05-mg,Capsule (Timed Release),Ferrous Sulfate + Folic Acid,150 mg+0.5 mg,ACME Laboratories Ltd.,"Unit Price: ৳ 2.40,(50's pack: ৳ 120.00),",(50's pack: ৳ 120.00)
20235,Feroblood,allopathic,ferobloodsyrup200-mg5-ml,Syrup,Ferrous Sulfate,200 mg/5 ml,Aztec Pharmaceuticals Ltd.,200 ml bottle: ৳ 24.00,
13179,Fero TR,allopathic,fero-trcapsule-timed-release200-mg200-mcg,Capsule (Timed Release),Ferrous Fumarate + Folic acid,200 mg+200 mcg,Amico Laboratories Ltd.,"Unit Price: ৳ 2.37,(30's pack: ৳ 71.10),",(30's pack: ৳ 71.10)
8787,A-Rox,allopathic,a-roxtablet150-mg,Tablet,Roxithromycin,150 mg,Ambee Pharmaceuticals Ltd.,"Unit Price: ৳ 6.53,(30's pack: ৳ 195.80),",(30's pack: ৳ 195.80)
10640,Fevrex Plus,allopathic,fevrex-plustablet500-mg65-mg,Tablet,Paracetamol + Caffeine,500 mg+65 mg,Novus Pharmaceuticals Ltd.,"Unit Price: ৳ 2.00,(100's pack: ৳ 200.00),",(100's pack: ৳ 200.00)
13394,Feviz Plus,allopathic,feviz-pluscapsule,Capsule,Iron Polymaltose Complex + Folic Acid + Zinc + Vitamin B-Complex,,Popular Pharmaceuticals Ltd.,"Unit Price: ৳ 6.02,(60's pack: ৳ 361.19),",(60's pack: ৳ 361.19)
33005,Fevigra,allopathic,fevigratablet100-mg,Tablet,Flibanserin,100 mg,Navana Pharmaceuticals Ltd.,"Unit Price: ৳ 50.00,(10's pack: ৳ 500.00),",(10's pack: ৳ 500.00)
16634,Feverin,allopathic,feverintablet100-mg,Tablet,Nimesulide,100 mg,General Pharmaceuticals Ltd.,"Unit Price: ৳ 1.00,(100's pack: ৳ 100.00),",(100's pack: ৳ 100.00)
23578,Fevedol,allopathic,fevedoltablet325-mg375-mg,Tablet,Paracetamol + Tramadol Hydrochloride,325 mg+37.5 mg,Drug International Ltd.,"Unit Price: ৳ 5.00,(30's pack: ৳ 150.00),",(30's pack: ৳ 150.00)
29816,Fevac Extend,allopathic,fevac-extendtablet-extended-release665-mg,Tablet (Extended Release),Paracetamol,665 mg,Orion Pharma Ltd.,"Unit Price: ৳ 1.50,(120's pack: ৳ 180.00),",(120's pack: ৳ 180.00)
29815,Fevac,allopathic,fevactablet500-mg,Tablet,Paracetamol,500 mg,Orion Pharma Ltd.,"Unit Price: ৳ 0.80,(200's pack: ৳ 160.00),",(200's pack: ৳ 160.00)
10442,Fevac,allopathic,fevacoral-suspension120-mg5-ml,Oral Suspension,Paracetamol,120 mg/5 ml,Orion Pharma Ltd.,60 ml bottle: ৳ 20.06,
10586,Feva Plus,allopathic,feva-plustablet500-mg65-mg,Tablet,Paracetamol + Caffeine,500 mg+65 mg,Ad-din Pharmaceuticals Ltd.,"Unit Price: ৳ 1.50,(100's pack: ৳ 150.00),",(100's pack: ৳ 150.00)
10439,Feva,allopathic,fevasuppository125-mg,Suppository,Paracetamol,125 mg,Ad-din Pharmaceuticals Ltd.,"Unit Price: ৳ 4.00,(10's pack: ৳ 40.00),",(10's pack: ৳ 40.00)
10438,Feva,allopathic,fevapediatric-drops80-mgml,Pediatric Drops,Paracetamol,80 mg/ml,Ad-din Pharmaceuticals Ltd.,15 ml bottle: ৳ 12.27,
10440,Feva,allopathic,fevasuppository250-mg,Suppository,Paracetamol,250 mg,Ad-din Pharmaceuticals Ltd.,"Unit Price: ৳ 5.00,(10's pack: ৳ 50.00),",(10's pack: ৳ 50.00)
10437,Feva,allopathic,fevaoral-suspension120-mg5-ml,Oral Suspension,Paracetamol,120 mg/5 ml,Ad-din Pharmaceuticals Ltd.,60 ml bottle: ৳ 18.00,
10436,Feva,allopathic,fevatablet500-mg,Tablet,Paracetamol,500 mg,Ad-din Pharmaceuticals Ltd.,"Unit Price: ৳ 0.75,(200's pack: ৳ 150.00),",(200's pack: ৳ 150.00)
10441,Feva,allopathic,fevasuppository500-mg,Suppository,Paracetamol,500 mg,Ad-din Pharmaceuticals Ltd.,"Unit Price: ৳ 8.00,(10's pack: ৳ 80.00),",(10's pack: ৳ 80.00)
11346,Festam,allopathic,festamgel25-ww,Gel,Ketoprofen (Topical),2.5% w/w,Pacific Pharmaceuticals Ltd.,"30 gm tube: ৳ 120.00,50 gm tube: ৳ 200.00",
20363,Fesler,allopathic,feslertablet120-mg,Tablet,Fexofenadine Hydrochloride,120 mg,Monicopharma Ltd.,Unit Price: ৳ 7.00,
12092,Fesler,allopathic,feslertablet180-mg,Tablet,Fexofenadine Hydrochloride,180 mg,Monicopharma Ltd.,"Unit Price: ৳ 9.00,(20's pack: ৳ 180.00),",(20's pack: ৳ 180.00)
12093,Fesler,allopathic,fesleroral-suspension30-mg5-ml,Oral Suspension,Fexofenadine Hydrochloride,30 mg/5 ml,Monicopharma Ltd.,50 ml bottle: ৳ 48.00,
29504,Fertimax,allopathic,fertimaxcapsule,Capsule,Antioxidants and Micronutrients,,Fabrique en France,"30 white+30 green: ৳ 4,500.00",
5958,Fertil,allopathic,fertiltablet50-mg,Tablet,Clomiphene Citrate,50 mg,Beximco Pharmaceuticals Ltd.,"Unit Price: ৳ 10.00,(50's pack: ৳ 500.00),",(50's pack: ৳ 500.00)
12901,Ferrum,allopathic,ferrumsyrup200-mg5-ml,Syrup,Ferrous Sulfate,200 mg/5 ml,Modern Pharmaceuticals Ltd.,200 ml bottle: ৳ 24.89,
12894,Ferrosobin G,allopathic,ferrosobin-gsyrup300-mg5-ml,Syrup,Ferrous Gluconate,300 mg/5 ml,Seema Pharmaceuticals Ltd.,200 ml bottle: ৳ 32.00,
13182,Ferron-TR,allopathic,ferron-trcapsule-timed-release200-mg200-mcg,Capsule (Timed Release),Ferrous Fumarate + Folic acid,200 mg+200 mcg,Kumudini Pharma Ltd.,"Unit Price: ৳ 2.40,(100's pack: ৳ 240.00),",(100's pack: ৳ 240.00)
13298,Ferrolin TR,allopathic,ferrolin-trcapsule-timed-release150-mg05-mg618-mg,Capsule (Timed Release),Ferrous Sulfate + Folic Acid + Zinc Sulfate,150 mg+0.5 mg+61.8 mg,Orion Pharma Ltd.,"Unit Price: ৳ 2.92,(30's pack: ৳ 87.60),",(30's pack: ৳ 87.60)
12900,Ferroglobin,allopathic,ferroglobinsyrup200-mg5-ml,Syrup,Ferrous Sulfate,200 mg/5 ml,ACME Laboratories Ltd.,200 ml bottle: ৳ 40.25,
13299,Ferro-Z TR,allopathic,ferro-z-trcapsule-timed-release150-mg05-mg618-mg,Capsule (Timed Release),Ferrous Sulfate + Folic Acid + Zinc Sulfate,150 mg+0.5 mg+61.8 mg,Edruc Limited,"Unit Price: ৳ 2.90,(30's pack: ৳ 87.01),",(30's pack: ৳ 87.01)
13201,Ferritin-TR,allopathic,ferritin-trcapsule-timed-release150-mg05-mg,Capsule (Timed Release),Ferrous Sulfate + Folic Acid,150 mg+0.5 mg,Ambee Pharmaceuticals Ltd.,"Unit Price: ৳ 2.23,(30's pack: ৳ 67.00),",(30's pack: ৳ 67.00)
13357,Ferozi-CI,allopathic,ferozi-cicapsule-timed-release50-mg050-mg6180-mg,Capsule (Timed Release),Carbonyl Iron + Folic Acid + Zinc Sulfate,50 mg+0.50 mg+61.80 mg,Drug International Ltd.,"Unit Price: ৳ 4.00,(50's pack: ৳ 200.00),",(50's pack: ৳ 200.00)
13297,Ferozi,allopathic,ferozicapsule-timed-release150-mg05-mg618-mg,Capsule (Timed Release),Ferrous Sulfate + Folic Acid + Zinc Sulfate,150 mg+0.5 mg+61.8 mg,Drug International Ltd.,"Unit Price: ৳ 3.00,(100's pack: ৳ 300.00),",(100's pack: ৳ 300.00)
15795,A-Phenicol D,allopathic,a-phenicol-dophthalmic-solution0105,Ophthalmic Solution,Dexamethasone + Chloramphenicol,0.1%+0.5%,ACME Laboratories Ltd.,5 ml drop: ৳ 70.21,
12110,Fexomin,allopathic,fexomintablet120-mg,Tablet,Fexofenadine Hydrochloride,120 mg,Ibn Sina Pharmaceuticals Ltd.,"Unit Price: ৳ 7.00,(50's pack: ৳ 350.00),",(50's pack: ৳ 350.00)
12109,Fexomin,allopathic,fexomintablet60-mg,Tablet,Fexofenadine Hydrochloride,60 mg,Ibn Sina Pharmaceuticals Ltd.,"Unit Price: ৳ 5.00,(50's pack: ৳ 250.00),",(50's pack: ৳ 250.00)
20352,Fexomin,allopathic,fexomintablet180-mg,Tablet,Fexofenadine Hydrochloride,180 mg,Ibn Sina Pharmaceuticals Ltd.,"Unit Price: ৳ 9.00,(30's pack: ৳ 270.00),",(30's pack: ৳ 270.00)
12111,Fexomin,allopathic,fexominoral-suspension30-mg5-ml,Oral Suspension,Fexofenadine Hydrochloride,30 mg/5 ml,Ibn Sina Pharmaceuticals Ltd.,50 ml bottle: ৳ 48.00,
12932,Fexomax,allopathic,fexomaxtablet60-mg,Tablet,Fexofenadine Hydrochloride,60 mg,Novus Pharmaceuticals Ltd.,"Unit Price: ৳ 5.00,(30's pack: ৳ 150.00),",(30's pack: ৳ 150.00)
30324,Fexole,allopathic,fexoletablet120-mg,Tablet,Fexofenadine Hydrochloride,120 mg,Biogen Pharmaceuticals Ltd.,"Unit Price: ৳ 7.00,(50's pack: ৳ 350.00),",(50's pack: ৳ 350.00)
12108,Fexofen,allopathic,fexofenoral-suspension30-mg5-ml,Oral Suspension,Fexofenadine Hydrochloride,30 mg/5 ml,Somatec Pharmaceuticals Ltd.,50 ml bottle: ৳ 48.18,
12107,Fexofen,allopathic,fexofentablet180-mg,Tablet,Fexofenadine Hydrochloride,180 mg,Somatec Pharmaceuticals Ltd.,"Unit Price: ৳ 8.00,(30's pack: ৳ 240.00),",(30's pack: ৳ 240.00)
12106,Fexofen,allopathic,fexofentablet120-mg,Tablet,Fexofenadine Hydrochloride,120 mg,Somatec Pharmaceuticals Ltd.,"Unit Price: ৳ 7.00,(50's pack: ৳ 350.00),",(50's pack: ৳ 350.00)
27240,Fexofeda,allopathic,fexofedatablet120-mg,Tablet,Fexofenadine Hydrochloride,120 mg,Euro Pharma Ltd.,"Unit Price: ৳ 8.00,(50's pack: ৳ 400.00),",(50's pack: ৳ 400.00)
27241,Fexofeda,allopathic,fexofedatablet180-mg,Tablet,Fexofenadine Hydrochloride,180 mg,Euro Pharma Ltd.,"Unit Price: ৳ 10.00,(30's pack: ৳ 300.00),",(30's pack: ৳ 300.00)
20348,Fexofast,allopathic,fexofasttablet60-mg,Tablet,Fexofenadine Hydrochloride,60 mg,Drug International Ltd.,"Unit Price: ৳ 3.50,(50's pack: ৳ 175.00),",(50's pack: ৳ 175.00)
12103,Fexofast,allopathic,fexofasttablet120-mg,Tablet,Fexofenadine Hydrochloride,120 mg,Drug International Ltd.,"Unit Price: ৳ 8.00,(30's pack: ৳ 240.00),",(30's pack: ৳ 240.00)
12104,Fexofast,allopathic,fexofasttablet180-mg,Tablet,Fexofenadine Hydrochloride,180 mg,Drug International Ltd.,"Unit Price: ৳ 9.00,(20's pack: ৳ 180.00),",(20's pack: ৳ 180.00)
12105,Fexofast,allopathic,fexofastoral-suspension30-mg5-ml,Oral Suspension,Fexofenadine Hydrochloride,30 mg/5 ml,Drug International Ltd.,50 ml bottle: ৳ 50.00,
12101,Fexodin,allopathic,fexodintablet120-mg,Tablet,Fexofenadine Hydrochloride,120 mg,Pacific Pharmaceuticals Ltd.,"Unit Price: ৳ 8.00,(30's pack: ৳ 240.00),",(30's pack: ৳ 240.00)
12102,Fexodin,allopathic,fexodinoral-suspension30-mg5-ml,Oral Suspension,Fexofenadine Hydrochloride,30 mg/5 ml,Pacific Pharmaceuticals Ltd.,50 ml bottle: ৳ 50.00,
12098,Fexocon,allopathic,fexocontablet120-mg,Tablet,Fexofenadine Hydrochloride,120 mg,Concord Pharmaceuticals Ltd.,"Unit Price: ৳ 6.52,(30's pack: ৳ 195.60),",(30's pack: ৳ 195.60)
12099,Fexocon,allopathic,fexocontablet180-mg,Tablet,Fexofenadine Hydrochloride,180 mg,Concord Pharmaceuticals Ltd.,"Unit Price: ৳ 8.02,(20's pack: ৳ 160.40),",(20's pack: ৳ 160.40)
12100,Fexocon,allopathic,fexoconoral-suspension30-mg5-ml,Oral Suspension,Fexofenadine Hydrochloride,30 mg/5 ml,Concord Pharmaceuticals Ltd.,50 ml bottle: ৳ 48.14,
32078,Fexocold,allopathic,fexocoldtablet120-mg,Tablet,Fexofenadine Hydrochloride,120 mg,DBL Pharmaceuticals Ltd.,"Unit Price: ৳ 8.00,(30's pack: ৳ 240.00),",(30's pack: ৳ 240.00)
12094,Fexo,allopathic,fexotablet60-mg,Tablet,Fexofenadine Hydrochloride,60 mg,Square Pharmaceuticals Ltd.,"Unit Price: ৳ 3.52,(50's pack: ৳ 176.00),",(50's pack: ৳ 176.00)
12095,Fexo,allopathic,fexotablet120-mg,Tablet,Fexofenadine Hydrochloride,120 mg,Square Pharmaceuticals Ltd.,"Unit Price: ৳ 8.00,(50's pack: ৳ 400.00),",(50's pack: ৳ 400.00)
12096,Fexo,allopathic,fexotablet180-mg,Tablet,Fexofenadine Hydrochloride,180 mg,Square Pharmaceuticals Ltd.,"Unit Price: ৳ 10.00,(30's pack: ৳ 300.00),",(30's pack: ৳ 300.00)
12097,Fexo,allopathic,fexooral-suspension30-mg5-ml,Oral Suspension,Fexofenadine Hydrochloride,30 mg/5 ml,Square Pharmaceuticals Ltd.,50 ml bottle: ৳ 48.33,
20396,Fexirin,allopathic,fexirintablet120-mg,Tablet,Fexofenadine Hydrochloride,120 mg,Virgo Pharmaceuticals Ltd.,"Unit Price: ৳ 6.00,(50's pack: ৳ 300.00),",(50's pack: ৳ 300.00)
20397,Fexirin,allopathic,fexirintablet180-mg,Tablet,Fexofenadine Hydrochloride,180 mg,Virgo Pharmaceuticals Ltd.,"Unit Price: ৳ 8.00,(30's pack: ৳ 240.00),",(30's pack: ৳ 240.00)
8958,Fexan,allopathic,fexantablet200-mg,Tablet,Rifaximin,200 mg,Drug International Ltd.,"Unit Price: ৳ 20.10,(14's pack: ৳ 281.40),",(14's pack: ৳ 281.40)
8959,Fexan,allopathic,fexantablet550-mg,Tablet,Rifaximin,550 mg,Drug International Ltd.,"Unit Price: ৳ 40.15,(7's pack: ৳ 281.05),",(7's pack: ৳ 281.05)
32911,Fexadyne,allopathic,fexadynetablet120-mg,Tablet,Fexofenadine Hydrochloride,120 mg,Arges Life Science Limited,"Unit Price: ৳ 8.00,(50's pack: ৳ 400.00),",(50's pack: ৳ 400.00)
31922,Arulina,herbal,arulinacapsule500-mg,Capsule,Spirulina,500 mg,Aristopharma Ltd.,"Unit Price: ৳ 12.00,(30's pack: ৳ 360.00),",(30's pack: ৳ 360.00)
10443,Fibi,allopathic,fibitablet500-mg,Tablet,Paracetamol,500 mg,MST Pharma,"Unit Price: ৳ 0.80,(200's pack: ৳ 160.00),",(200's pack: ৳ 160.00)
27598,Fiberlax,allopathic,fiberlaxeffervescent-powder35-gm54-gm,Effervescent Powder,Ispaghula [Psyllium] Husk,3.5 gm/5.4 gm,Incepta Pharmaceuticals Ltd.,130 gm container: ৳ 400.00,
13370,Fezovit,allopathic,fezovitsyrup,Syrup,Iron Polymaltose Complex + Vitamin B Complex + Zinc,,Doctor’s Chemical Works Ltd.,100 ml bottle: ৳ 50.00,
28258,Fezol,allopathic,fezoltablet25-mg,Tablet,Letrozole,2.5 mg,ACME Laboratories Ltd.,"Unit Price: ৳ 40.00,(5's pack: ৳ 200.00),",(5's pack: ৳ 200.00)
13369,Feziplex,allopathic,feziplexsyrup,Syrup,Iron Polymaltose Complex + Vitamin B Complex + Zinc,,ACME Laboratories Ltd.,"100 ml bottle: ৳ 50.35,200 ml bottle: ৳ 80.55",
13345,Fezin-CI,allopathic,fezin-cicapsule-timed-release50-mg050-mg6180-mg,Capsule (Timed Release),Carbonyl Iron + Folic Acid + Zinc Sulfate,50 mg+0.50 mg+61.80 mg,Rephco Pharmaceuticals Ltd.,"Unit Price: ৳ 3.00,(100's pack: ৳ 300.00),",(100's pack: ৳ 300.00)
27387,Fezifol-TR,allopathic,fezifol-trcapsule-timed-release150-mg05-mg618-mg,Capsule (Timed Release),Ferrous Sulfate + Folic Acid + Zinc Sulfate,150 mg+0.5 mg+61.8 mg,United Pharmaceuticals Ltd.,"Unit Price: ৳ 2.52,(30's pack: ৳ 75.50),",(30's pack: ৳ 75.50)
27913,Fextive,allopathic,fextivetablet120-mg,Tablet,Fexofenadine Hydrochloride,120 mg,The White Horse Pharma,"Unit Price: ৳ 7.00,(50's pack: ৳ 350.00),",(50's pack: ৳ 350.00)
12120,Fexten,allopathic,fextenoral-suspension30-mg5-ml,Oral Suspension,Fexofenadine Hydrochloride,30 mg/5 ml,NIPRO JMI Pharma Ltd.,50 ml bottle: ৳ 48.14,
12118,Fexten,allopathic,fextentablet120-mg,Tablet,Fexofenadine Hydrochloride,120 mg,NIPRO JMI Pharma Ltd.,"Unit Price: ৳ 7.00,(30's pack: ৳ 210.00),",(30's pack: ৳ 210.00)
12119,Fexten,allopathic,fextentablet60-mg,Tablet,Fexofenadine Hydrochloride,60 mg,NIPRO JMI Pharma Ltd.,"Unit Price: ৳ 5.00,(30's pack: ৳ 150.00),",(30's pack: ৳ 150.00)
31473,Fexsil,allopathic,fexsiltablet120-mg,Tablet,Fexofenadine Hydrochloride,120 mg,Silco Pharmaceutical Ltd.,"Unit Price: ৳ 7.00,(30's pack: ৳ 210.00),",(30's pack: ৳ 210.00)
31474,Fexsil,allopathic,fexsiltablet180-mg,Tablet,Fexofenadine Hydrochloride,180 mg,Silco Pharmaceutical Ltd.,"Unit Price: ৳ 9.00,(30's pack: ৳ 270.00),",(30's pack: ৳ 270.00)
31475,Fexsil,allopathic,fexsiloral-suspension30-mg5-ml,Oral Suspension,Fexofenadine Hydrochloride,30 mg/5 ml,Silco Pharmaceutical Ltd.,50 ml bottle: ৳ 48.00,
31476,Fexsil,allopathic,fexsiltablet05-mg10-mg,Tablet,Flupentixol + Melitracen,0.5 mg+10 mg,Silco Pharmaceutical Ltd.,"Unit Price: ৳ 5.00,(50's pack: ৳ 250.00),",(50's pack: ৳ 250.00)
28757,Fexozen,allopathic,fexozentablet120-mg,Tablet,Fexofenadine Hydrochloride,120 mg,Zenith Pharmaceuticals Ltd.,"Unit Price: ৳ 7.00,(50's pack: ৳ 350.00),",(50's pack: ৳ 350.00)
28758,Fexozen,allopathic,fexozentablet60-mg,Tablet,Fexofenadine Hydrochloride,60 mg,Zenith Pharmaceuticals Ltd.,"Unit Price: ৳ 3.50,(50's pack: ৳ 175.00),",(50's pack: ৳ 175.00)
12934,Fexotab,allopathic,fexotabtablet120-mg,Tablet,Fexofenadine Hydrochloride,120 mg,Veritas Pharmaceuticals Ltd.,"Unit Price: ৳ 7.02,(30's pack: ৳ 210.60),",(30's pack: ৳ 210.60)
12935,Fexotab,allopathic,fexotabtablet180-mg,Tablet,Fexofenadine Hydrochloride,180 mg,Veritas Pharmaceuticals Ltd.,"Unit Price: ৳ 9.03,(30's pack: ৳ 270.90),",(30's pack: ৳ 270.90)
32079,Fexorush,allopathic,fexorushtablet180-mg,Tablet,Fexofenadine Hydrochloride,180 mg,DBL Pharmaceuticals Ltd.,"Unit Price: ৳ 10.00,(20's pack: ৳ 200.00),",(20's pack: ৳ 200.00)
20377,Fexoral,allopathic,fexoraltablet120-mg,Tablet,Fexofenadine Hydrochloride,120 mg,Popular Pharmaceuticals Ltd.,"Unit Price: ৳ 9.00,(50's pack: ৳ 450.00),",(50's pack: ৳ 450.00)
20378,Fexoral,allopathic,fexoraltablet180-mg,Tablet,Fexofenadine Hydrochloride,180 mg,Popular Pharmaceuticals Ltd.,"Unit Price: ৳ 10.00,(30's pack: ৳ 300.00),",(30's pack: ৳ 300.00)
20379,Fexoral,allopathic,fexoraloral-suspension30-mg5-ml,Oral Suspension,Fexofenadine Hydrochloride,30 mg/5 ml,Popular Pharmaceuticals Ltd.,50 ml bottle: ৳ 48.00,
20367,Fexonaaf,allopathic,fexonaaforal-suspension30-mg5-ml,Oral Suspension,Fexofenadine Hydrochloride,30 mg/5 ml,Naafco Pharma Ltd.,50 ml bottle: ৳ 48.00,
20366,Fexonaaf,allopathic,fexonaaftablet120-mg,Tablet,Fexofenadine Hydrochloride,120 mg,Naafco Pharma Ltd.,"Unit Price: ৳ 7.00,(30's pack: ৳ 210.00),",(30's pack: ৳ 210.00)
12115,Fexona,allopathic,fexonatablet120-mg,Tablet,Fexofenadine Hydrochloride,120 mg,Globe Pharmaceuticals Ltd.,"Unit Price: ৳ 6.50,(20's pack: ৳ 130.00),",(20's pack: ৳ 130.00)
12116,Fexona,allopathic,fexonatablet180-mg,Tablet,Fexofenadine Hydrochloride,180 mg,Globe Pharmaceuticals Ltd.,"Unit Price: ৳ 8.00,(20's pack: ৳ 160.00),",(20's pack: ৳ 160.00)
12117,Fexona,allopathic,fexonaoral-suspension30-mg5-ml,Oral Suspension,Fexofenadine Hydrochloride,30 mg/5 ml,Globe Pharmaceuticals Ltd.,50 ml bottle: ৳ 48.00,
12112,Fexon,allopathic,fexontablet120-mg,Tablet,Fexofenadine Hydrochloride,120 mg,Astra Biopharmaceuticals Ltd.,"Unit Price: ৳ 6.50,(10's pack: ৳ 65.00),",(10's pack: ৳ 65.00)
12113,Fexon,allopathic,fexontablet180-mg,Tablet,Fexofenadine Hydrochloride,180 mg,Astra Biopharmaceuticals Ltd.,"Unit Price: ৳ 8.00,(10's pack: ৳ 80.00),",(10's pack: ৳ 80.00)
8883,A-Phenicol,allopathic,a-phenicolophthalmic-solution05,Ophthalmic Solution,Chloramphenicol (Ophthalmic),0.50%,ACME Laboratories Ltd.,10 ml drop: ৳ 34.50,
10101,Filmet,allopathic,filmetoral-suspension200-mg5-ml,Oral Suspension,Metronidazole,200 mg/5 ml,Beximco Pharmaceuticals Ltd.,"60 ml bottle: ৳ 35.00,100 ml bottle: ৳ 45.00",
10102,Filmet,allopathic,filmetiv-infusion500-mg100-ml,IV Infusion,Metronidazole,500 mg/100 ml,Beximco Pharmaceuticals Ltd.,100 ml bottle: ৳ 54.00,
10099,Filmet,allopathic,filmettablet400-mg,Tablet,Metronidazole,400 mg,Beximco Pharmaceuticals Ltd.,"Unit Price: ৳ 1.70,(250's pack: ৳ 425.00),",(250's pack: ৳ 425.00)
602,Filin,allopathic,filiniv-injection125-mg5-ml,IV Injection,Aminophylline,125 mg/5 ml,Opsonin Pharma Ltd.,"5 ml ampoule: ৳ 5.45,(10's pack: ৳ 54.50),",(10's pack: ৳ 54.50)
603,Filin,allopathic,filintablet100-mg,Tablet,Aminophylline,100 mg,Opsonin Pharma Ltd.,"Unit Price: ৳ 0.39,(100's pack: ৳ 39.00),",(100's pack: ৳ 39.00)
15200,Filgrast,allopathic,filgrastivsc-injection300-mcg05-ml,IV/SC Injection,Filgrastim,300 mcg/0.5 ml,Beacon Pharmaceuticals Ltd.,"0.5 ml pre-filled syringe: ৳ 2,500.00",
17328,Filgen,allopathic,filgenivsc-injection300-mcg05-ml,IV/SC Injection,Filgrastim,300 mcg/0.5 ml,Aristopharma Ltd.,"0.5 ml pre-filled syringe: ৳ 3,500.00",
5976,Filfresh,allopathic,filfreshtablet3-mg,Tablet,Melatonin,3 mg,Square Pharmaceuticals Ltd.,"Unit Price: ৳ 3.01,(50's pack: ৳ 150.50),",(50's pack: ৳ 150.50)
10357,Filazine,allopathic,filazinetablet100-mg,Tablet,Diethylcarbamazine Citrate,100 mg,Hudson Pharmaceuticals Ltd.,"Unit Price: ৳ 1.30,(100's pack: ৳ 130.00),",(100's pack: ৳ 130.00)
17313,Filastin,allopathic,filastinivsc-injection300-mcg05-ml,IV/SC Injection,Filgrastim,300 mcg/0.5 ml,Incepta Pharmaceuticals Ltd.,"0.5 ml pre-filled syringe: ৳ 2,890.00",
25802,Fightex,allopathic,fightextablet500-mg,Tablet,Cefuroxime Axetil,500 mg,Guardian Healthcare Ltd.,"Unit Price: ৳ 45.00,(8's pack: ৳ 360.00),",(8's pack: ৳ 360.00)
25801,Fightex,allopathic,fightextablet250-mg,Tablet,Cefuroxime Axetil,250 mg,Guardian Healthcare Ltd.,"Unit Price: ৳ 25.00,(8's pack: ৳ 200.00),",(8's pack: ৳ 200.00)
6192,Ficlox,allopathic,ficloxinjection500-mgvial,Injection,Cloxacillin Sodium,500 mg/vial,Synovia pharma plc,500 mg vial: ৳ 25.39,
6190,Ficlox,allopathic,ficloxpowder-for-suspension125-mg5-ml,Powder for Suspension,Cloxacillin Sodium,125 mg/5 ml,Synovia pharma plc,100 ml bottle: ৳ 44.97,
6189,Ficlox,allopathic,ficloxcapsule500-mg,Capsule,Cloxacillin Sodium,500 mg,Synovia pharma plc,"Unit Price: ৳ 5.98,(30's pack: ৳ 179.40),",(30's pack: ৳ 179.40)
30091,Ficef,allopathic,ficefpowder-for-suspension125-mg5-ml,Powder for Suspension,Cefadroxil Monohydrate,125 mg/5 ml,UniMed UniHealth,100 ml bottle: ৳ 90.00,
30090,Ficef,allopathic,ficefcapsule500-mg,Capsule,Cefadroxil Monohydrate,500 mg,UniMed UniHealth,"Unit Price: ৳ 15.00,(20's pack: ৳ 300.00),",(20's pack: ৳ 300.00)
30342,Fibroz,allopathic,fibrozcapsule150-mg,Capsule,Nintedanib,150 mg,Beacon Pharmaceuticals Ltd.,"Unit Price: ৳ 350.00,(20's pack: ৳ 7,000.00),","(20's pack: ৳ 7,000.00)"
30341,Fibroz,allopathic,fibrozcapsule100-mg,Capsule,Nintedanib,100 mg,Beacon Pharmaceuticals Ltd.,"Unit Price: ৳ 235.00,(20's pack: ৳ 4,700.00),","(20's pack: ৳ 4,700.00)"
3313,Fibrostat,allopathic,fibrostatcapsule500-mg,Capsule,Tranexamic Acid,500 mg,Globe Pharmaceuticals Ltd.,"Unit Price: ৳ 20.00,(20's pack: ৳ 400.00),",(20's pack: ৳ 400.00)
3314,Fibrostat,allopathic,fibrostatimiv-injection500-mg5-ml,IM/IV Injection,Tranexamic Acid,500 mg/5 ml,Globe Pharmaceuticals Ltd.,"5 ml ampoule: ৳ 45.00,(5's pack: ৳ 225.00),",(5's pack: ৳ 225.00)
26712,Fibropress,allopathic,fibropresstablet5-mg,Tablet,Ulipristal Acetate [For uterine fibroids],5 mg,Nuvista Pharma Ltd.,"Unit Price: ৳ 55.00,(10's pack: ৳ 550.00),",(10's pack: ৳ 550.00)
29941,Fibrino,allopathic,fibrinoimiv-injection500-mg5-ml,IM/IV Injection,Tranexamic Acid,500 mg/5 ml,Eskayef Pharmaceuticals Ltd.,"5 ml ampoule: ৳ 50.00,(5's pack: ৳ 250.00),",(5's pack: ৳ 250.00)
3311,Fibrino,allopathic,fibrinocapsule500-mg,Capsule,Tranexamic Acid,500 mg,Eskayef Pharmaceuticals Ltd.,"Unit Price: ৳ 15.00,(18's pack: ৳ 270.00),",(18's pack: ৳ 270.00)
27914,Fibre,allopathic,fibrecapsule200-mg,Capsule,Fenofibrate,200 mg,The White Horse Pharma,"Unit Price: ৳ 7.00,(50's pack: ৳ 350.00),",(50's pack: ৳ 350.00)
31904,Fibosyl,allopathic,fibosyleffervescent-powder35-gm54-gm,Effervescent Powder,Ispaghula [Psyllium] Husk,3.5 gm/5.4 gm,Aristopharma Ltd.,120 gm container: ৳ 400.00,
31925,Fibosyl,allopathic,fibosyleffervescent-powder35-gmsachet,Effervescent Powder,Ispaghula [Psyllium] Husk,3.5 gm/sachet,Aristopharma Ltd.,"3.5 gm sachet: ৳ 15.00,(30's pack: ৳ 450.00),",(30's pack: ৳ 450.00)
21350,Fibolac,allopathic,fibolacoral-powder10-gmsachet,Oral Powder,Lactitol Monohydrate,10 gm/sachet,Radiant Pharmaceuticals Ltd.,"10 gm sachet: ৳ 40.00,(6's pack: ৳ 240.00),",(6's pack: ৳ 240.00)
10641,Fibi Plus,allopathic,fibi-plustablet500-mg65-mg,Tablet,Paracetamol + Caffeine,500 mg+65 mg,Syntho Laboratories Ltd.,"Unit Price: ৳ 2.00,(100's pack: ৳ 200.00),",(100's pack: ৳ 200.00)
10587,Fibi Plus,allopathic,fibi-plustablet500-mg65-mg,Tablet,Paracetamol + Caffeine,500 mg+65 mg,MST Pharma,"Unit Price: ৳ 2.00,(100's pack: ৳ 200.00),",(100's pack: ৳ 200.00)
10,A-Pak,allopathic,a-paktablet100-mg,Tablet,Aceclofenac,100 mg,Benham Pharmaceuticals Ltd.,"Unit Price: ৳ 4.00,(100's pack: ৳ 400.00),",(100's pack: ৳ 400.00)
32757,Finorex,allopathic,finorextablet20-mg,Tablet,Finerenone,20 mg,Ziska Pharmaceuticals Ltd.,"Unit Price: ৳ 150.00,(10's pack: ৳ 1,500.00),","(10's pack: ৳ 1,500.00)"
32756,Finorex,allopathic,finorextablet10-mg,Tablet,Finerenone,10 mg,Ziska Pharmaceuticals Ltd.,"Unit Price: ৳ 80.00,(10's pack: ৳ 800.00),",(10's pack: ৳ 800.00)
24031,Finix,allopathic,finixsprinkle-capsule10-mg,Sprinkle Capsule,Rabeprazole Sodium,10 mg,Opsonin Pharma Ltd.,"Unit Price: ৳ 3.50,(100's pack: ৳ 350.00),",(100's pack: ৳ 350.00)
2257,Finix,allopathic,finixtablet-enteric-coated20-mg,Tablet (Enteric Coated),Rabeprazole Sodium,20 mg,Opsonin Pharma Ltd.,"Unit Price: ৳ 7.00,(140's pack: ৳ 980.00),",(140's pack: ৳ 980.00)
27046,Finix,allopathic,finixcapsule-delayed-release20-mg,Capsule (Delayed Release),Rabeprazole Sodium,20 mg,Opsonin Pharma Ltd.,"Unit Price: ৳ 7.00,(90's pack: ৳ 630.00),",(90's pack: ৳ 630.00)
33032,Fineron,allopathic,finerontablet10-mg,Tablet,Finerenone,10 mg,Everest Pharmaceuticals Ltd.,"Unit Price: ৳ 80.00,(10's pack: ৳ 800.00),",(10's pack: ৳ 800.00)
6524,Fimoxyl DS,allopathic,fimoxyl-dspowder-for-suspension250-mg5-ml,Powder for Suspension,Amoxicillin Trihydrate,250 mg/5 ml,Synovia pharma plc,100 ml bottle: ৳ 68.46,
6523,Fimoxyl,allopathic,fimoxylpowder-for-suspension125-mg5-ml,Powder for Suspension,Amoxicillin Trihydrate,125 mg/5 ml,Synovia pharma plc,100 ml bottle: ৳ 47.60,
6522,Fimoxyl,allopathic,fimoxylpediatric-drops125-mg125-ml,Pediatric Drops,Amoxicillin Trihydrate,125 mg/1.25 ml,Synovia pharma plc,15 ml bottle: ৳ 30.29,
6520,Fimoxyl,allopathic,fimoxylcapsule500-mg,Capsule,Amoxicillin Trihydrate,500 mg,Synovia pharma plc,"Unit Price: ৳ 6.78,(120's pack: ৳ 813.60),",(120's pack: ৳ 813.60)
6519,Fimoxyl,allopathic,fimoxylcapsule250-mg,Capsule,Amoxicillin Trihydrate,250 mg,Synovia pharma plc,"Unit Price: ৳ 3.62,(120's pack: ৳ 434.40),",(120's pack: ৳ 434.40)
913,Fimoxyclav BID,allopathic,fimoxyclav-bidpowder-for-suspension400-mg5750-mg5-ml,Powder for Suspension,Amoxicillin + Clavulanic Acid,(400 mg+57.50 mg)/5 ml,Synovia pharma plc,50 ml bottle: ৳ 245.74,
908,Fimoxyclav,allopathic,fimoxyclavpowder-for-suspension125-mg3125-mg5-ml,Powder for Suspension,Amoxicillin + Clavulanic Acid,(125 mg+31.25 mg)/5 ml,Synovia pharma plc,100 ml bottle: ৳ 245.74,
914,Fimoxyclav,allopathic,fimoxyclaviv-injection1-gm200-mg20-ml,IV Injection,Amoxicillin + Clavulanic Acid,(1 gm+200 mg)/20 ml,Synovia pharma plc,1.2 gm vial: ৳ 300.90,
912,Fimoxyclav,allopathic,fimoxyclavtablet500-mg125-mg,Tablet,Amoxicillin + Clavulanic Acid,500 mg+125 mg,Synovia pharma plc,"Unit Price: ৳ 32.10,(30's pack: ৳ 963.00),",(30's pack: ৳ 963.00)
911,Fimoxyclav,allopathic,fimoxyclaviv-injection500-mg100-mg10-ml,IV Injection,Amoxicillin + Clavulanic Acid,(500 mg+100 mg)/10 ml,Synovia pharma plc,600 mg vial: ৳ 150.45,
910,Fimoxyclav,allopathic,fimoxyclavtablet250-mg125-mg,Tablet,Amoxicillin + Clavulanic Acid,250 mg+125 mg,Synovia pharma plc,"Unit Price: ৳ 25.08,(30's pack: ৳ 752.40),",(30's pack: ৳ 752.40)
909,Fimoxyclav,allopathic,fimoxyclavtablet875-mg125-mg,Tablet,Amoxicillin + Clavulanic Acid,875 mg+125 mg,Synovia pharma plc,"Unit Price: ৳ 45.13,(24's pack: ৳ 1,083.12),","(24's pack: ৳ 1,083.12)"
14203,Filwel Teen Hr,allopathic,filwel-teen-hrtablet,Tablet,Multivitamin & Multimineral [A-Z teen girls preparation],,Square Pharmaceuticals Ltd.,"Unit Price: ৳ 6.00,(30's pack: ৳ 180.00),",(30's pack: ৳ 180.00)
14202,Filwel Teen Hm,allopathic,filwel-teen-hmtablet,Tablet,Multivitamin & Multimineral [A-Z teen boys preparation],,Square Pharmaceuticals Ltd.,"Unit Price: ৳ 6.00,(30's pack: ৳ 180.00),",(30's pack: ৳ 180.00)
14143,Filwel Silver,allopathic,filwel-silvertablet,Tablet,Multivitamin & Multimineral [A-Z silver preparation],,Square Pharmaceuticals Ltd.,"Unit Price: ৳ 9.50,(30's pack: ৳ 285.00),",(30's pack: ৳ 285.00)
13545,Filwel Kids,allopathic,filwel-kidssyrup,Syrup,Multivitamin & Cod Liver Oil,,Square Pharmaceuticals Ltd.,100 ml bottle: ৳ 80.55,
14094,Filwel Gold,allopathic,filwel-goldtablet,Tablet,Multivitamin & Multimineral [A-Z gold preparation],,Square Pharmaceuticals Ltd.,"Unit Price: ৳ 9.50,(30's pack: ৳ 285.00),",(30's pack: ৳ 285.00)
16172,Filtear,allopathic,filtearophthalmic-solution0403,Ophthalmic Solution,Polyethylene Glycol + Propylene Glycol,0.4%+0.3%,Incepta Pharmaceuticals Ltd.,10 ml drop: ৳ 210.00,
26915,Filodox SR,allopathic,filodox-srtablet-sustained-release400-mg,Tablet (Sustained Release),Doxophylline,400 mg,Navana Pharmaceuticals Ltd.,"Unit Price: ৳ 9.50,(50's pack: ৳ 475.00),",(50's pack: ৳ 475.00)
26912,Filodox,allopathic,filodoxtablet200-mg,Tablet,Doxophylline,200 mg,Navana Pharmaceuticals Ltd.,"Unit Price: ৳ 6.00,(60's pack: ৳ 360.00),",(60's pack: ৳ 360.00)
26913,Filodox,allopathic,filodoxtablet400-mg,Tablet,Doxophylline,400 mg,Navana Pharmaceuticals Ltd.,"Unit Price: ৳ 7.00,(50's pack: ৳ 350.00),",(50's pack: ৳ 350.00)
26914,Filodox,allopathic,filodoxsyrup100-mg5-ml,Syrup,Doxophylline,100 mg/5 ml,Navana Pharmaceuticals Ltd.,100 ml bottle: ৳ 100.00,
10100,Filmet DS,allopathic,filmet-dstablet800-mg,Tablet,Metronidazole,800 mg,Beximco Pharmaceuticals Ltd.,"Unit Price: ৳ 2.01,(100's pack: ৳ 201.43),",(100's pack: ৳ 201.43)
23388,A-One XR,allopathic,a-one-xrtablet-extended-release665-mg,Tablet (Extended Release),Paracetamol,665 mg,Apex Pharmaceuticals Ltd.,"Unit Price: ৳ 1.51,(100's pack: ৳ 151.00),",(100's pack: ৳ 151.00)
27176,A-One Plus,allopathic,a-one-plustablet500-mg65-mg,Tablet,Paracetamol + Caffeine,500 mg+65 mg,Apex Pharmaceuticals Ltd.,"Unit Price: ৳ 1.50,(100's pack: ৳ 150.00),",(100's pack: ৳ 150.00)
7233,Fixcef,allopathic,fixceftablet250-mg,Tablet,Cefuroxime Axetil,250 mg,Navana Pharmaceuticals Ltd.,"Unit Price: ৳ 25.08,(14's pack: ৳ 351.11),",(14's pack: ৳ 351.11)
7235,Fixcef,allopathic,fixcefpowder-for-suspension125-mg5-ml,Powder for Suspension,Cefuroxime Axetil,125 mg/5 ml,Navana Pharmaceuticals Ltd.,70 ml bottle: ৳ 199.00,
7234,Fixcef,allopathic,fixceftablet500-mg,Tablet,Cefuroxime Axetil,500 mg,Navana Pharmaceuticals Ltd.,"Unit Price: ৳ 45.13,(14's pack: ৳ 631.80),",(14's pack: ৳ 631.80)
27979,Fixbac DS,allopathic,fixbac-dspowder-for-suspension200-mg5-ml,Powder for Suspension,Cefixime Trihydrate,200 mg/5 ml,Jenphar Bangladesh Ltd.,50 ml bottle: ৳ 300.00,
7571,Fixbac,allopathic,fixbaccapsule400-mg,Capsule,Cefixime Trihydrate,400 mg,Jenphar Bangladesh Ltd.,"Unit Price: ৳ 50.00,(6's pack: ৳ 300.00),",(6's pack: ৳ 300.00)
7570,Fixbac,allopathic,fixbaccapsule200-mg,Capsule,Cefixime Trihydrate,200 mg,Jenphar Bangladesh Ltd.,"Unit Price: ৳ 35.00,(12's pack: ৳ 420.00),",(12's pack: ৳ 420.00)
7572,Fixbac,allopathic,fixbacpowder-for-suspension100-mg5-ml,Powder for Suspension,Cefixime Trihydrate,100 mg/5 ml,Jenphar Bangladesh Ltd.,"30 ml bottle: ৳ 140.00,50 ml bottle: ৳ 200.00",
27980,Fixbac,allopathic,fixbacpediatric-drops25-mgml,Pediatric Drops,Cefixime Trihydrate,25 mg/ml,Jenphar Bangladesh Ltd.,21 ml bottle: ৳ 100.00,
12125,Fixal,allopathic,fixaloral-suspension30-mg5-ml,Oral Suspension,Fexofenadine Hydrochloride,30 mg/5 ml,Opsonin Pharma Ltd.,50 ml bottle: ৳ 48.33,
12124,Fixal,allopathic,fixaltablet180-mg,Tablet,Fexofenadine Hydrochloride,180 mg,Opsonin Pharma Ltd.,"Unit Price: ৳ 10.00,(30's pack: ৳ 300.00),",(30's pack: ৳ 300.00)
12123,Fixal,allopathic,fixaltablet120-mg,Tablet,Fexofenadine Hydrochloride,120 mg,Opsonin Pharma Ltd.,"Unit Price: ৳ 8.00,(20's pack: ৳ 160.00),,Unit Price: ৳ 8.00,(50's pack: ৳ 400.00),","(20's pack: ৳ 160.00),(50's pack: ৳ 400.00)"
12122,Fixal,allopathic,fixaltablet60-mg,Tablet,Fexofenadine Hydrochloride,60 mg,Opsonin Pharma Ltd.,"Unit Price: ৳ 5.02,(30's pack: ৳ 150.60),",(30's pack: ৳ 150.60)
12121,Fixal,allopathic,fixaltablet30-mg,Tablet,Fexofenadine Hydrochloride,30 mg,Opsonin Pharma Ltd.,"Unit Price: ৳ 3.51,(50's pack: ৳ 175.50),",(50's pack: ৳ 175.50)
7567,Fix-A DS,allopathic,fix-a-dscapsule400-mg,Capsule,Cefixime Trihydrate,400 mg,ACME Laboratories Ltd.,"Unit Price: ৳ 50.35,(14's pack: ৳ 704.90),",(14's pack: ৳ 704.90)
7569,Fix-A DS,allopathic,fix-a-dspowder-for-suspension200-mg5-ml,Powder for Suspension,Cefixime Trihydrate,200 mg/5 ml,ACME Laboratories Ltd.,50 ml bottle: ৳ 280.84,
7566,Fix-A,allopathic,fix-acapsule200-mg,Capsule,Cefixime Trihydrate,200 mg,ACME Laboratories Ltd.,"Unit Price: ৳ 35.00,(14's pack: ৳ 490.00),",(14's pack: ৳ 490.00)
7568,Fix-A,allopathic,fix-apowder-for-suspension100-mg5-ml,Powder for Suspension,Cefixime Trihydrate,100 mg/5 ml,ACME Laboratories Ltd.,"37.5 ml bottle: ৳ 130.88,40 ml bottle: ৳ 170.00,50 ml bottle: ৳ 210.63,75 ml bottle: ৳ 240.72",
18710,Fix-A,allopathic,fix-apediatric-drops25-mgml,Pediatric Drops,Cefixime Trihydrate,25 mg/ml,ACME Laboratories Ltd.,21 ml bottle: ৳ 100.30,
29999,Fivita,allopathic,fivitacapsule,Capsule,Iron + Folic acid + Vitamin B complex + Vitamin C,,Biopharma Laboratories Ltd.,"Unit Price: ৳ 3.51,(100's pack: ৳ 350.84),",(100's pack: ৳ 350.84)
13183,Fit Plus,allopathic,fit-plustablet200-mg200-mcg,Tablet,Ferrous Fumarate + Folic acid,200 mg+200 mcg,Rephco Pharmaceuticals Ltd.,"Unit Price: ৳ 0.25,(60's pack: ৳ 15.00),",(60's pack: ৳ 15.00)
14179,Firmvit,allopathic,firmvittablet,Tablet,Multivitamin with L-Lysine,,Opsonin Pharma Ltd.,"Unit Price: ৳ 4.02,(30's pack: ৳ 120.60),",(30's pack: ৳ 120.60)
30018,Firmagon,allopathic,firmagonsc-injection80-mgvial,SC Injection,Degarelix Acetate,80 mg/vial,Ferring Pharmaceuticals Ltd.,"80 mg vial: ৳ 18,803.00",
30019,Firmagon,allopathic,firmagonsc-injection120-mgvial,SC Injection,Degarelix Acetate,120 mg/vial,Ferring Pharmaceuticals Ltd.,"120 mg vial: ৳ 44,200.00",
8490,Firmac,allopathic,firmactablet500-mg,Tablet,Erythromycin (Oral),500 mg,Incepta Pharmaceuticals Ltd.,"Unit Price: ৳ 8.60,(30's pack: ৳ 258.00),",(30's pack: ৳ 258.00)
8489,Firmac,allopathic,firmactablet250-mg,Tablet,Erythromycin (Oral),250 mg,Incepta Pharmaceuticals Ltd.,"Unit Price: ৳ 4.50,(50's pack: ৳ 225.00),",(50's pack: ৳ 225.00)
30164,Firmac,allopathic,firmacpowder-for-suspension125-mg5-ml,Powder for Suspension,Erythromycin (Oral),125 mg/5 ml,Incepta Pharmaceuticals Ltd.,100 ml bottle: ৳ 60.00,
28336,Fiprox,allopathic,fiproxtablet500-mg,Tablet,Ciprofloxacin,500 mg,Synovia pharma plc,"Unit Price: ৳ 14.09,(30's pack: ৳ 422.70),",(30's pack: ৳ 422.70)
28337,Fiprox,allopathic,fiproxtablet250-mg,Tablet,Ciprofloxacin,250 mg,Synovia pharma plc,"Unit Price: ৳ 8.53,(30's pack: ৳ 255.90),",(30's pack: ৳ 255.90)
28338,Fiprox,allopathic,fiproxtablet750-mg,Tablet,Ciprofloxacin,750 mg,Synovia pharma plc,"Unit Price: ৳ 18.07,(20's pack: ৳ 361.40),",(20's pack: ৳ 361.40)
12984,Fintop,allopathic,fintopcream1,Cream,Butenafine Hydrochloride,1%,Drug International Ltd.,10 gm tube: ৳ 40.15,
27175,A-One,allopathic,a-oneoral-suspension120-mg5-ml,Oral Suspension,Paracetamol,120 mg/5 ml,Apex Pharmaceuticals Ltd.,60 ml bottle: ৳ 20.59,
27916,Fizz-CI,allopathic,fizz-cicapsule,Capsule,Carbonyl Iron + Folic Acid + Zinc Sulfate + Vitamin B Complex + Vitamin C,,The White Horse Pharma,"Unit Price: ৳ 3.50,(50's pack: ৳ 175.00),",(50's pack: ৳ 175.00)
8641,Fizyth,allopathic,fizythtablet500-mg,Tablet,Azithromycin Dihydrate,500 mg,Peoples Pharma Ltd.,"Unit Price: ৳ 30.00,(12's pack: ৳ 360.00),",(12's pack: ৳ 360.00)
32405,FizyCal-M,allopathic,fizycal-meffervescent-tablet,Effervescent Tablet,Calcium Carbonate + Vitamin D3 + Multimineral,,Incepta Pharmaceuticals Ltd.,"Unit Price: ৳ 18.00,(10's pack: ৳ 180.00),",(10's pack: ৳ 180.00)
18448,FizyCal-D,allopathic,fizycal-deffervescent-tablet1358196-mg600-mg400-iu,Effervescent Tablet,Calcium Lactate Gluconate + Calcium Carbonate + Vitamin D3,1358.196 mg+600 mg+400 IU,Incepta Pharmaceuticals Ltd.,"Unit Price: ৳ 15.00,(10's pack: ৳ 150.00),",(10's pack: ৳ 150.00)
31738,Fizi,allopathic,fizitablet5-mg,Tablet,Flunarizine,5 mg,Beacon Pharmaceuticals Ltd.,"Unit Price: ৳ 4.00,(50's pack: ৳ 200.00),",(50's pack: ৳ 200.00)
31739,Fizi,allopathic,fizitablet10-mg,Tablet,Flunarizine,10 mg,Beacon Pharmaceuticals Ltd.,"Unit Price: ৳ 5.00,(50's pack: ৳ 250.00),",(50's pack: ৳ 250.00)
27314,Fixvel,allopathic,fixveltablet400-mg100-mg,Tablet,Sofosbuvir + Velpatasvir,400 mg+100 mg,Beacon Pharmaceuticals Ltd.,"Unit Price: ৳ 1,000.00,(6's pack: ৳ 6,000.00),","(6's pack: ৳ 6,000.00)"
26174,Fixpro DS,allopathic,fixpro-dspowder-for-suspension200-mg5-ml,Powder for Suspension,Cefixime Trihydrate,200 mg/5 ml,NIPRO JMI Pharma Ltd.,50 ml bottle: ৳ 280.00,
7563,Fixpro,allopathic,fixprocapsule200-mg,Capsule,Cefixime Trihydrate,200 mg,NIPRO JMI Pharma Ltd.,"Unit Price: ৳ 35.00,(12's pack: ৳ 420.00),",(12's pack: ৳ 420.00)
7564,Fixpro,allopathic,fixprocapsule400-mg,Capsule,Cefixime Trihydrate,400 mg,NIPRO JMI Pharma Ltd.,"Unit Price: ৳ 50.34,(8's pack: ৳ 402.72),",(8's pack: ৳ 402.72)
7565,Fixpro,allopathic,fixpropowder-for-suspension100-mg5-ml,Powder for Suspension,Cefixime Trihydrate,100 mg/5 ml,NIPRO JMI Pharma Ltd.,50 ml bottle: ৳ 196.33,
32510,Fixotim,allopathic,fixotimcapsule200-mg,Capsule,Cefixime Trihydrate,200 mg,Doctor TIMS Pharmaceuticals Ltd.,"Unit Price: ৳ 35.00,(8's pack: ৳ 280.00),",(8's pack: ৳ 280.00)
32512,Fixotim,allopathic,fixotimpowder-for-suspension100-mg5-ml,Powder for Suspension,Cefixime Trihydrate,100 mg/5 ml,Doctor TIMS Pharmaceuticals Ltd.,50 ml bottle: ৳ 175.00,
32511,Fixotim,allopathic,fixotimcapsule400-mg,Capsule,Cefixime Trihydrate,400 mg,Doctor TIMS Pharmaceuticals Ltd.,"Unit Price: ৳ 50.00,(14's pack: ৳ 700.00),",(14's pack: ৳ 700.00)
46,Fixonac,allopathic,fixonactablet100-mg,Tablet,Aceclofenac,100 mg,Euro Pharma Ltd.,"Unit Price: ৳ 4.00,(100's pack: ৳ 400.00),",(100's pack: ৳ 400.00)
16458,Fixolin,allopathic,fixolinsyrup100-mg5-ml,Syrup,Doxophylline,100 mg/5 ml,Beximco Pharmaceuticals Ltd.,100 ml bottle: ৳ 100.00,
16457,Fixolin,allopathic,fixolintablet400-mg,Tablet,Doxophylline,400 mg,Beximco Pharmaceuticals Ltd.,"Unit Price: ৳ 5.00,(30's pack: ৳ 150.00),",(30's pack: ৳ 150.00)
26298,Fixolin,allopathic,fixolintablet200-mg,Tablet,Doxophylline,200 mg,Beximco Pharmaceuticals Ltd.,"Unit Price: ৳ 4.00,(30's pack: ৳ 120.00),",(30's pack: ৳ 120.00)
833,Fixocard,allopathic,fixocardtablet5-mg25-mg,Tablet,Amlodipine Besilate + Atenolol,5 mg+25 mg,Incepta Pharmaceuticals Ltd.,"Unit Price: ৳ 5.25,(50's pack: ৳ 262.50),",(50's pack: ৳ 262.50)
834,Fixocard,allopathic,fixocardtablet5-mg50-mg,Tablet,Amlodipine Besilate + Atenolol,5 mg+50 mg,Incepta Pharmaceuticals Ltd.,"Unit Price: ৳ 6.00,(50's pack: ৳ 300.00),",(50's pack: ৳ 300.00)
18796,Fixim,allopathic,fiximcapsule200-mg,Capsule,Cefixime Trihydrate,200 mg,Reman Drug Laboratories Ltd.,"Unit Price: ৳ 30.20,(4's pack: ৳ 120.80),",(4's pack: ৳ 120.80)
28119,Fixim,allopathic,fiximpowder-for-suspension100-mg5-ml,Powder for Suspension,Cefixime Trihydrate,100 mg/5 ml,Reman Drug Laboratories Ltd.,50 ml bottle: ৳ 195.00,
15892,Fixgut,allopathic,fixgutoral-suspension5-mg5-ml,Oral Suspension,Domperidone Maleate,5 mg/5 ml,Apex Pharmaceuticals Ltd.,60 ml bottle: ৳ 28.00,
15876,Fixgut,allopathic,fixguttablet10-mg,Tablet,Domperidone Maleate,10 mg,Apex Pharmaceuticals Ltd.,"Unit Price: ৳ 1.00,(100's pack: ৳ 100.00),",(100's pack: ৳ 100.00)
12126,Fixen,allopathic,fixentablet120-mg,Tablet,Fexofenadine Hydrochloride,120 mg,Sharif Pharmaceuticals Ltd.,"Unit Price: ৳ 7.02,(30's pack: ৳ 210.60),",(30's pack: ৳ 210.60)
27966,Fixen,allopathic,fixentablet180-mg,Tablet,Fexofenadine Hydrochloride,180 mg,Sharif Pharmaceuticals Ltd.,"Unit Price: ৳ 9.00,(20's pack: ৳ 180.00),",(20's pack: ৳ 180.00)
27967,Fixen,allopathic,fixenoral-suspension30-mg5-ml,Oral Suspension,Fexofenadine Hydrochloride,30 mg/5 ml,Sharif Pharmaceuticals Ltd.,50 ml bottle: ৳ 48.00,
19007,Fixcef Plus,allopathic,fixcef-plustablet500-mg125-mg,Tablet,Cefuroxime Axetil + Clavulanic Acid,500 mg+125 mg,Navana Pharmaceuticals Ltd.,"Unit Price: ৳ 50.00,(7's pack: ৳ 350.00),",(7's pack: ৳ 350.00)
19008,Fixcef Plus,allopathic,fixcef-plustablet250-mg625-mg,Tablet,Cefuroxime Axetil + Clavulanic Acid,250 mg+62.5 mg,Navana Pharmaceuticals Ltd.,"Unit Price: ৳ 30.00,(14's pack: ৳ 420.00),",(14's pack: ৳ 420.00)
8429,A-Mycin,allopathic,a-mycinpediatric-drops200-mg5-ml,Pediatric Drops,Erythromycin (Oral),200 mg/5 ml,Aristopharma Ltd.,60 ml drop: ৳ 60.00,
8428,A-Mycin,allopathic,a-mycinpowder-for-suspension250-mg5-ml,Powder for Suspension,Erythromycin (Oral),250 mg/5 ml,Aristopharma Ltd.,100 ml bottle: ৳ 100.00,
24492,Flatus,allopathic,flatuspediatric-drops67-mgml,Pediatric Drops,Simethicone,67 mg/ml,Kumudini Pharma Ltd.,15 ml drop: ৳ 30.00,
24490,Flatunil,allopathic,flatunilpediatric-drops67-mgml,Pediatric Drops,Simethicone,67 mg/ml,ACME Laboratories Ltd.,15 ml drop: ৳ 35.00,
1299,Flatulex,allopathic,flatulexpediatric-drops67-mgml,Pediatric Drops,Simethicone,67 mg/ml,Opsonin Pharma Ltd.,15 ml drop: ৳ 35.11,
26299,Flatameal DS,allopathic,flatameal-dsoral-suspension200-mg400-mg30-mg5-ml,Oral Suspension,Aluminium Hydroxide + Magnesium Hydroxide + Simethicone,(200 mg+400 mg+30 mg)/5 ml,Beximco Pharmaceuticals Ltd.,200 ml bottle: ৳ 75.00,
12367,Flamzin,allopathic,flamzincream1,Cream,Silver Sulfadiazine,1%,Cosmic Pharma Ltd.,25 gm tube: ৳ 26.00,
10109,Flamyd,allopathic,flamydiv-infusion500-mg100-ml,IV Infusion,Metronidazole,500 mg/100 ml,Incepta Pharmaceuticals Ltd.,100 ml bottle: ৳ 53.40,
10108,Flamyd,allopathic,flamydtablet500-mg,Tablet,Metronidazole,500 mg,Incepta Pharmaceuticals Ltd.,"Unit Price: ৳ 1.92,(100's pack: ৳ 192.00),",(100's pack: ৳ 192.00)
22382,Flamyd,allopathic,flamydoral-suspension200-mg5-ml,Oral Suspension,Metronidazole,200 mg/5 ml,Incepta Pharmaceuticals Ltd.,60 ml bottle: ৳ 29.50,
15676,Flamyd,allopathic,flamydvaginal-gel075,Vaginal Gel,Metronidazole,0.75%,Incepta Pharmaceuticals Ltd.,30 gm tube: ৳ 50.00,
10107,Flamyd,allopathic,flamydtablet250-mg,Tablet,Metronidazole,250 mg,Incepta Pharmaceuticals Ltd.,"Unit Price: ৳ 1.05,(100's pack: ৳ 105.00),",(100's pack: ৳ 105.00)
19849,Flamitrol,allopathic,flamitrolophthalmic-solution01,Ophthalmic Solution,Dexamethasone (Ophthalmic),0.10%,Gaco Pharmaceuticals Ltd.,5 ml drop: ৳ 100.30,
11391,Flamic,allopathic,flamictablet250-mg,Tablet,Mefenamic acid,250 mg,Globe Pharmaceuticals Ltd.,"Unit Price: ৳ 3.00,(100's pack: ৳ 300.00),",(100's pack: ৳ 300.00)
11392,Flamic,allopathic,flamictablet500-mg,Tablet,Mefenamic acid,500 mg,Globe Pharmaceuticals Ltd.,"Unit Price: ৳ 5.00,(50's pack: ৳ 250.00),",(50's pack: ৳ 250.00)
11393,Flamic,allopathic,flamicoral-suspension50-mg5-ml,Oral Suspension,Mefenamic acid,50 mg/5 ml,Globe Pharmaceuticals Ltd.,60 ml bottle: ৳ 40.00,
11271,Flamex,allopathic,flamextablet200-mg,Tablet,Ibuprofen,200 mg,ACI Limited,"Unit Price: ৳ 0.88,(100's pack: ৳ 88.00),",(100's pack: ৳ 88.00)
11272,Flamex,allopathic,flamextablet400-mg,Tablet,Ibuprofen,400 mg,ACI Limited,"Unit Price: ৳ 1.43,(100's pack: ৳ 143.00),",(100's pack: ৳ 143.00)
11273,Flamex,allopathic,flamexoral-suspension100-mg5-ml,Oral Suspension,Ibuprofen,100 mg/5 ml,ACI Limited,100 ml bottle: ৳ 33.81,
11305,Flam,allopathic,flamtablet400-mg,Tablet,Ibuprofen,400 mg,Skylab Pharmaceuticals Ltd.,"Unit Price: ৳ 1.40,(100's pack: ৳ 140.00),",(100's pack: ৳ 140.00)
10105,Flagyl,allopathic,flagyloral-suspension200-mg5-ml,Oral Suspension,Metronidazole,200 mg/5 ml,Synovia pharma plc,60 ml bottle: ৳ 29.89,
10104,Flagyl,allopathic,flagyltablet400-mg,Tablet,Metronidazole,400 mg,Synovia pharma plc,"Unit Price: ৳ 1.58,(300's pack: ৳ 474.00),",(300's pack: ৳ 474.00)
10103,Flagyl,allopathic,flagyltablet200-mg,Tablet,Metronidazole,200 mg,Synovia pharma plc,"Unit Price: ৳ 0.67,(500's pack: ৳ 332.50),",(500's pack: ৳ 332.50)
16420,Flacort,allopathic,flacorttablet6-mg,Tablet,Deflazacort,6 mg,Aristopharma Ltd.,"Unit Price: ৳ 8.00,(30's pack: ৳ 240.00),",(30's pack: ৳ 240.00)
26420,Flacort,allopathic,flacortoral-suspension6-mg5-ml,Oral Suspension,Deflazacort,6 mg/5 ml,Aristopharma Ltd.,60 ml bottle: ৳ 200.00,
26419,Flacort,allopathic,flacorttablet24-mg,Tablet,Deflazacort,24 mg,Aristopharma Ltd.,"Unit Price: ৳ 30.00,(20's pack: ৳ 600.00),",(20's pack: ৳ 600.00)
1298,Flacol,allopathic,flacolpediatric-drops67-mgml,Pediatric Drops,Simethicone,67 mg/ml,Square Pharmaceuticals Ltd.,15 ml drop: ৳ 35.11,
24495,Flacol,allopathic,flacolchewable-tablet40-mg,Chewable Tablet,Simethicone,40 mg,Square Pharmaceuticals Ltd.,"Unit Price: ৳ 2.00,(50's pack: ৳ 100.00),",(50's pack: ৳ 100.00)
6250,Flac,allopathic,flaccapsule250-mg,Capsule,Flucloxacillin Sodium,250 mg,Bristol Pharmaceuticals Ltd.,"Unit Price: ৳ 5.00,(60's pack: ৳ 300.00),",(60's pack: ৳ 300.00)
6251,Flac,allopathic,flaccapsule500-mg,Capsule,Flucloxacillin Sodium,500 mg,Bristol Pharmaceuticals Ltd.,"Unit Price: ৳ 10.00,(40's pack: ৳ 400.00),",(40's pack: ৳ 400.00)
6252,Flac,allopathic,flacpowder-for-suspension125-mg5-ml,Powder for Suspension,Flucloxacillin Sodium,125 mg/5 ml,Bristol Pharmaceuticals Ltd.,100 ml bottle: ৳ 50.00,
27915,Fizz-TR,allopathic,fizz-trcapsule-timed-release150-mg05-mg618-mg,Capsule (Timed Release),Ferrous Sulfate + Folic Acid + Zinc Sulfate,150 mg+0.5 mg+61.8 mg,The White Horse Pharma,"Unit Price: ৳ 3.00,(50's pack: ৳ 150.00),",(50's pack: ৳ 150.00)
8427,A-Mycin,allopathic,a-mycinpowder-for-suspension125-mg5-ml,Powder for Suspension,Erythromycin (Oral),125 mg/5 ml,Aristopharma Ltd.,100 ml bottle: ৳ 84.75,
32596,Fliban,allopathic,flibantablet100-mg,Tablet,Flibanserin,100 mg,Square Pharmaceuticals Ltd.,"Unit Price: ৳ 50.00,(10's pack: ৳ 500.00),",(10's pack: ৳ 500.00)
11794,Flexor,allopathic,flexortablet10-mg,Tablet,Cyclobenzaprine Hydrochloride,10 mg,Incepta Pharmaceuticals Ltd.,"Unit Price: ৳ 3.00,(100's pack: ৳ 300.00),",(100's pack: ৳ 300.00)
11793,Flexor,allopathic,flexortablet5-mg,Tablet,Cyclobenzaprine Hydrochloride,5 mg,Incepta Pharmaceuticals Ltd.,"Unit Price: ৳ 2.00,(100's pack: ৳ 200.00),",(100's pack: ৳ 200.00)
49,Flexivan ER,allopathic,flexivan-ertablet-extended-release200-mg,Tablet (Extended Release),Aceclofenac,200 mg,NIPRO JMI Pharma Ltd.,"Unit Price: ৳ 6.02,(50's pack: ৳ 301.00),",(50's pack: ৳ 301.00)
48,Flexivan,allopathic,flexivantablet100-mg,Tablet,Aceclofenac,100 mg,NIPRO JMI Pharma Ltd.,"Unit Price: ৳ 4.01,(50's pack: ৳ 200.50),",(50's pack: ৳ 200.50)
29862,Flexiril,allopathic,flexiriltablet5-mg,Tablet,Baclofen,5 mg,Everest Pharmaceuticals Ltd.,"Unit Price: ৳ 5.00,(30's pack: ৳ 150.00),",(30's pack: ৳ 150.00)
29861,Flexiril,allopathic,flexiriltablet10-mg,Tablet,Baclofen,10 mg,Everest Pharmaceuticals Ltd.,"Unit Price: ৳ 8.00,(30's pack: ৳ 240.00),",(30's pack: ৳ 240.00)
22198,Fleximoov,allopathic,fleximoovcream1510,Cream,Methyl Salicylate + Menthol,15%+10%,Healthcare Pharmaceuticals Ltd.,20 gm tube: ৳ 48.00,
22197,Fleximoov,allopathic,fleximoovcream308,Cream,Methyl Salicylate + Menthol,30%+8%,Healthcare Pharmaceuticals Ltd.,20 gm tube: ৳ 60.00,
11733,Flexilax,allopathic,flexilaxtablet10-mg,Tablet,Baclofen,10 mg,Square Pharmaceuticals Ltd.,"Unit Price: ৳ 9.00,(50's pack: ৳ 450.00),",(50's pack: ৳ 450.00)
11732,Flexilax,allopathic,flexilaxtablet5-mg,Tablet,Baclofen,5 mg,Square Pharmaceuticals Ltd.,"Unit Price: ৳ 5.50,(30's pack: ৳ 165.00),",(30's pack: ৳ 165.00)
11730,Flexifen,allopathic,flexifentablet10-mg,Tablet,Baclofen,10 mg,Incepta Pharmaceuticals Ltd.,"Unit Price: ৳ 8.00,(30's pack: ৳ 240.00),",(30's pack: ৳ 240.00)
11729,Flexifen,allopathic,flexifentablet5-mg,Tablet,Baclofen,5 mg,Incepta Pharmaceuticals Ltd.,"Unit Price: ৳ 4.50,(50's pack: ৳ 225.00),",(50's pack: ৳ 225.00)
11731,Flexifen,allopathic,flexifentablet25-mg,Tablet,Baclofen,25 mg,Incepta Pharmaceuticals Ltd.,"Unit Price: ৳ 16.00,(20's pack: ৳ 320.00),",(20's pack: ৳ 320.00)
17375,Flexidol,allopathic,flexidoltablet100-mg,Tablet,Aceclofenac,100 mg,Jenphar Bangladesh Ltd.,"Unit Price: ৳ 3.00,(100's pack: ৳ 300.00),",(100's pack: ৳ 300.00)
11728,Flexibac,allopathic,flexibactablet25-mg,Tablet,Baclofen,25 mg,Beacon Pharmaceuticals Ltd.,"Unit Price: ৳ 20.06,(20's pack: ৳ 401.20),",(20's pack: ৳ 401.20)
11727,Flexibac,allopathic,flexibactablet10-mg,Tablet,Baclofen,10 mg,Beacon Pharmaceuticals Ltd.,"Unit Price: ৳ 10.00,(75's pack: ৳ 750.00),",(75's pack: ৳ 750.00)
11726,Flexibac,allopathic,flexibactablet5-mg,Tablet,Baclofen,5 mg,Beacon Pharmaceuticals Ltd.,"Unit Price: ৳ 5.50,(75's pack: ৳ 412.50),,Unit Price: ৳ 5.50,(60's pack: ৳ 330.00),,Unit Price: ৳ 5.50,(50's pack: ৳ 275.00),","(75's pack: ৳ 412.50),(60's pack: ৳ 330.00),(50's pack: ৳ 275.00)"
18071,Flexibac,allopathic,flexibacoral-solution5-mg5-ml,Oral Solution,Baclofen,5 mg/5 ml,Beacon Pharmaceuticals Ltd.,100 ml bottle: ৳ 100.00,
17374,Flexi SR,allopathic,flexi-srtablet-sustained-release200-mg,Tablet (Sustained Release),Aceclofenac,200 mg,Square Pharmaceuticals Ltd.,"Unit Price: ৳ 7.02,(30's pack: ৳ 210.60),",(30's pack: ৳ 210.60)
2,Flexi,allopathic,flexitablet100-mg,Tablet,Aceclofenac,100 mg,Square Pharmaceuticals Ltd.,"Unit Price: ৳ 5.00,(100's pack: ৳ 500.00),",(100's pack: ৳ 500.00)
29151,Flemo,allopathic,flemocapsule-delayed-release40-mg,Capsule (Delayed Release),Undenatured Type II Collagen,40 mg,Square Pharmaceuticals Ltd.,"Unit Price: ৳ 20.00,(30's pack: ৳ 600.00),",(30's pack: ৳ 600.00)
30712,Flegnil DS,allopathic,flegnil-dssyrup250-mg5-ml,Syrup,Carbocisteine,250 mg/5 ml,Orion Pharma Ltd.,100 ml bottle: ৳ 40.15,
30711,Flegnil,allopathic,flegnilsyrup125-mg5-ml,Syrup,Carbocisteine,125 mg/5 ml,Orion Pharma Ltd.,100 ml bottle: ৳ 30.11,
47,Fleco,allopathic,flecotablet100-mg,Tablet,Aceclofenac,100 mg,Ad-din Pharmaceuticals Ltd.,"Unit Price: ৳ 2.50,(100's pack: ৳ 250.00),",(100's pack: ৳ 250.00)
15581,Flavox,allopathic,flavoxtablet200-mg,Tablet,Flavoxate Hydrochloride,200 mg,Somatec Pharmaceuticals Ltd.,"Unit Price: ৳ 18.00,(20's pack: ৳ 360.00),",(20's pack: ৳ 360.00)
27782,Flavox,allopathic,flavoxtablet100-mg,Tablet,Flavoxate Hydrochloride,100 mg,Somatec Pharmaceuticals Ltd.,"Unit Price: ৳ 10.00,(30's pack: ৳ 300.00),",(30's pack: ৳ 300.00)
28208,Flavona,allopathic,flavonacapsule50-mg,Capsule,Fluconazole,50 mg,Rephco Pharmaceuticals Ltd.,"Unit Price: ৳ 7.00,(30's pack: ৳ 210.00),",(30's pack: ৳ 210.00)
14204,Flavit-M,allopathic,flavit-mtablet,Tablet,Multivitamin & Multimineral,,Amico Laboratories Ltd.,"Unit Price: ৳ 1.50,(30's pack: ৳ 45.00),",(30's pack: ৳ 45.00)
13782,Flavit,allopathic,flavittablet,Tablet,Vitamin B complex,,Amico Laboratories Ltd.,"Unit Price: ৳ 0.44,(45's pack: ৳ 19.80),",(45's pack: ৳ 19.80)
8426,A-Mycin,allopathic,a-mycintablet500-mg,Tablet,Erythromycin (Oral),500 mg,Aristopharma Ltd.,"Unit Price: ৳ 9.00,(50's pack: ৳ 450.00),",(50's pack: ৳ 450.00)
10111,Florazol,allopathic,florazoloral-suspension200-mg5-ml,Oral Suspension,Metronidazole,200 mg/5 ml,NIPRO JMI Pharma Ltd.,60 ml bottle: ৳ 24.94,
10110,Florazol,allopathic,florazoltablet400-mg,Tablet,Metronidazole,400 mg,NIPRO JMI Pharma Ltd.,"Unit Price: ৳ 1.14,(200's pack: ৳ 228.00),",(200's pack: ৳ 228.00)
9268,Flontin,allopathic,flontiniv-infusion200-mg100-ml,IV Infusion,Ciprofloxacin,200 mg/100 ml,Renata Limited,100 ml bottle: ৳ 145.54,
9267,Flontin,allopathic,flontinpowder-for-suspension250-mg5-ml,Powder for Suspension,Ciprofloxacin,250 mg/5 ml,Renata Limited,60 ml bottle: ৳ 100.00,
9264,Flontin,allopathic,flontintablet250-mg,Tablet,Ciprofloxacin,250 mg,Renata Limited,"Unit Price: ৳ 8.53,(20's pack: ৳ 170.60),",(20's pack: ৳ 170.60)
9266,Flontin,allopathic,flontintablet750-mg,Tablet,Ciprofloxacin,750 mg,Renata Limited,"Unit Price: ৳ 18.06,(20's pack: ৳ 361.20),",(20's pack: ৳ 361.20)
9265,Flontin,allopathic,flontintablet500-mg,Tablet,Ciprofloxacin,500 mg,Renata Limited,"Unit Price: ৳ 15.00,(30's pack: ৳ 450.00),",(30's pack: ৳ 450.00)
15587,Flonor,allopathic,flonorcapsule-modified-release04-mg,Capsule (Modified Release),Tamsulosin  Hydrochloride,0.4 mg,Novo Healthcare and Pharma Ltd.,"Unit Price: ৳ 10.03,(16's pack: ৳ 160.48),",(16's pack: ৳ 160.48)
13032,Flonaspray,allopathic,flonaspraynasal-spray50-mcgspray,Nasal Spray,Fluticasone Propionate (Nasal Spray),50 mcg/spray,Square Pharmaceuticals Ltd.,120 metered sprays: ৳ 251.50,
18019,Flonasin,allopathic,flonasinnasal-spray137-mcg50-mcgspray,Nasal Spray,Azelastine Hydrochloride + Fluticasone Propionate,(137 mcg+50 mcg)/spray,Square Pharmaceuticals Ltd.,120 metered sprays: ৳ 320.00,
28436,Flomyst F,allopathic,flomyst-finhaler50-mcg5-mcgpuff,Inhaler,Fluticasone Propionate + Formoterol Fumarate,(50 mcg+5 mcg)/puff,Beximco Pharmaceuticals Ltd.,120 metered doses: ৳ 570.00,
28435,Flomyst F,allopathic,flomyst-finhaler125-mcg5-mcgpuff,Inhaler,Fluticasone Propionate + Formoterol Fumarate,(125 mcg+5 mcg)/puff,Beximco Pharmaceuticals Ltd.,120 metered doses: ৳ 625.00,
28434,Flomyst F,allopathic,flomyst-finhaler250-mcg10-mcgpuff,Inhaler,Fluticasone Propionate + Formoterol Fumarate,(250 mcg+10 mcg)/puff,Beximco Pharmaceuticals Ltd.,120 metered doses: ৳ 895.00,
27726,Flomox XG,allopathic,flomox-xgophthalmic-solution0504,Ophthalmic Solution,Moxifloxacin Hydrochloride + Xanthan Gum,0.5%+0.4%,Opso Saline Ltd.,5 ml drop: ৳ 150.00,
27725,Flomox D,allopathic,flomox-dophthalmic-solution0501,Ophthalmic Solution,Moxifloxacin Hydrochloride + Dexamethasone,0.5%+0.1%,Opso Saline Ltd.,5 ml drop: ৳ 200.00,
32484,Flomox,allopathic,flomoxiv-infusion400-mg250-ml,IV Infusion,Moxifloxacin Hydrochloride (Injection),400 mg/250 ml,Opso Saline Ltd.,250 ml bottle: ৳ 120.00,
9626,Flomox,allopathic,flomoxophthalmic-solution05,Ophthalmic Solution,Moxifloxacin Hydrochloride (Ophthalmic),0.50%,Opso Saline Ltd.,5 ml drop: ৳ 130.00,
22623,Flomont,allopathic,flomonttablet10-mg,Tablet,Montelukast Sodium,10 mg,Nipa Pharmaceuticals Ltd.,"Unit Price: ৳ 12.00,(30's pack: ৳ 360.00),",(30's pack: ৳ 360.00)
9404,Flogem,allopathic,flogemtablet320-mg,Tablet,Gemifloxacin,320 mg,Opsonin Pharma Ltd.,"Unit Price: ৳ 65.25,(6's pack: ৳ 391.50),",(6's pack: ৳ 391.50)
9263,Flocip,allopathic,flocippowder-for-suspension250-mg5-ml,Powder for Suspension,Ciprofloxacin,250 mg/5 ml,Amulet Pharmaceuticals Ltd.,60 ml bottle: ৳ 100.30,
9262,Flocip,allopathic,flociptablet500-mg,Tablet,Ciprofloxacin,500 mg,Amulet Pharmaceuticals Ltd.,"Unit Price: ৳ 14.05,(30's pack: ৳ 421.50),",(30's pack: ৳ 421.50)
9656,Flocet,allopathic,flocetiv-infusion200-mg100-ml,IV Infusion,Ofloxacin (Oral & Injection),200 mg/100 ml,Opsonin Pharma Ltd.,100 ml vial: ৳ 120.37,
9651,Flocet,allopathic,flocettablet400-mg,Tablet,Ofloxacin (Oral & Injection),400 mg,Opsonin Pharma Ltd.,"Unit Price: ৳ 22.08,(10's pack: ৳ 220.80),",(10's pack: ৳ 220.80)
9650,Flocet,allopathic,flocettablet200-mg,Tablet,Ofloxacin (Oral & Injection),200 mg,Opsonin Pharma Ltd.,"Unit Price: ৳ 12.05,(20's pack: ৳ 241.00),",(20's pack: ৳ 241.00)
13031,Flixonase,allopathic,flixonasenasal-spray50-mcgspray,Nasal Spray,Fluticasone Propionate (Nasal Spray),50 mcg/spray,GlaxoSmithKline,120 metered sprays: ৳ 275.00,
29371,Flixocort,allopathic,flixocortinhaler125-mcgmetered-dose,Inhaler,Fluticasone Propionate (Inhaler),125 mcg/metered dose,Healthcare Pharmaceuticals Ltd.,120 metered dose: ৳ 350.00,
29372,Flixocort,allopathic,flixocortinhaler250-mcgmetered-dose,Inhaler,Fluticasone Propionate (Inhaler),250 mcg/metered dose,Healthcare Pharmaceuticals Ltd.,120 metered dose: ৳ 500.00,
30545,Flintex,allopathic,flintexsyrup15-mg5-ml,Syrup,Ambroxol Hydrochloride,15 mg/5 ml,Oyster Pharmaceuticals Ltd.,100 ml bottle: ৳ 28.00,
26257,Flindof,allopathic,flindoftablet200-mg,Tablet,Doxophylline,200 mg,Square Pharmaceuticals Ltd.,"Unit Price: ৳ 6.00,(30's pack: ৳ 180.00),",(30's pack: ৳ 180.00)
26258,Flindof,allopathic,flindoftablet400-mg,Tablet,Doxophylline,400 mg,Square Pharmaceuticals Ltd.,"Unit Price: ৳ 10.00,(30's pack: ৳ 300.00),",(30's pack: ৳ 300.00)
8425,A-Mycin,allopathic,a-mycintablet250-mg,Tablet,Erythromycin (Oral),250 mg,Aristopharma Ltd.,"Unit Price: ৳ 5.15,(100's pack: ৳ 515.00),",(100's pack: ৳ 515.00)
9125,Floxabid,allopathic,floxabidophthalmic-solution03,Ophthalmic Solution,Ciprofloxacin (Ophthalmic),0.30%,ACI Limited,5 ml drop: ৳ 40.12,
26354,Floxabid,allopathic,floxabidiv-infusion200-mg100-ml,IV Infusion,Ciprofloxacin,200 mg/100 ml,ACI Limited,100 ml bottle: ৳ 146.44,
9273,Floxabid,allopathic,floxabidtablet750-mg,Tablet,Ciprofloxacin,750 mg,ACI Limited,"Unit Price: ৳ 18.12,(20's pack: ৳ 362.40),",(20's pack: ৳ 362.40)
9272,Floxabid,allopathic,floxabidtablet500-mg,Tablet,Ciprofloxacin,500 mg,ACI Limited,"Unit Price: ৳ 15.05,(30's pack: ৳ 451.50),",(30's pack: ৳ 451.50)
9271,Floxabid,allopathic,floxabidtablet250-mg,Tablet,Ciprofloxacin,250 mg,ACI Limited,"Unit Price: ৳ 8.56,(50's pack: ৳ 428.00),",(50's pack: ৳ 428.00)
6257,Flox,allopathic,floxcapsule250-mg,Capsule,Flucloxacillin Sodium,250 mg,Hallmark Pharmaceuticals Ltd.,"Unit Price: ৳ 5.54,(28's pack: ৳ 155.12),",(28's pack: ৳ 155.12)
6259,Flox,allopathic,floxpowder-for-suspension125-mg5-ml,Powder for Suspension,Flucloxacillin Sodium,125 mg/5 ml,Hallmark Pharmaceuticals Ltd.,100 ml bottle: ৳ 60.40,
6258,Flox,allopathic,floxcapsule500-mg,Capsule,Flucloxacillin Sodium,500 mg,Hallmark Pharmaceuticals Ltd.,"Unit Price: ৳ 10.43,(20's pack: ৳ 208.60),",(20's pack: ৳ 208.60)
24471,Flowrap,allopathic,flowrapcapsule4-mg,Capsule,Silodosin,4 mg,Healthcare Pharmaceuticals Ltd.,"Unit Price: ৳ 12.00,(30's pack: ৳ 360.00),",(30's pack: ৳ 360.00)
24472,Flowrap,allopathic,flowrapcapsule8-mg,Capsule,Silodosin,8 mg,Healthcare Pharmaceuticals Ltd.,"Unit Price: ৳ 24.00,(20's pack: ৳ 480.00),",(20's pack: ৳ 480.00)
9433,Flovo,allopathic,flovotablet500-mg,Tablet,Levofloxacin Hemihydrate,500 mg,Decent Pharma Laboratories Ltd.,"Unit Price: ৳ 15.00,(20's pack: ৳ 300.00),",(20's pack: ৳ 300.00)
27728,Flovix TS,allopathic,flovix-tsophthalmic-solution15,Ophthalmic Solution,Levofloxacin (Ophthalmic),1.50%,Opso Saline Ltd.,5 ml drop: ৳ 130.00,
27727,Flovix,allopathic,flovixophthalmic-solution05,Ophthalmic Solution,Levofloxacin (Ophthalmic),0.50%,Opso Saline Ltd.,5 ml drop: ৳ 90.00,
27205,Flostat,allopathic,flostattablet40-mg,Tablet,Febuxostat,40 mg,Innovative Pharma (Albion),"Unit Price: ৳ 14.17,(50's pack: ৳ 708.35),",(50's pack: ৳ 708.35)
33174,Flosin,allopathic,flosincapsule8-mg,Capsule,Silodosin,8 mg,Jenphar Bangladesh Ltd.,Unit Price: ৳ 24.00,
33175,Flosin,allopathic,flosincapsule4-mg,Capsule,Silodosin,4 mg,Jenphar Bangladesh Ltd.,Unit Price: ৳ 12.00,
30852,Floromox-D,allopathic,floromox-dophthalmic-solution0501,Ophthalmic Solution,Moxifloxacin Hydrochloride + Dexamethasone,0.5%+0.1%,Ibn Sina Pharmaceuticals Ltd.,5 ml drop: ৳ 200.00,
32619,Floromox XG,allopathic,floromox-xgophthalmic-solution0504,Ophthalmic Solution,Moxifloxacin Hydrochloride + Xanthan Gum,0.5%+0.4%,Ibn Sina Pharmaceuticals Ltd.,5 ml drop: ৳ 150.00,
9613,Floromox,allopathic,floromoxtablet400-mg,Tablet,Moxifloxacin Hydrochloride (Tablet),400 mg,Ibn Sina Pharmaceuticals Ltd.,"Unit Price: ৳ 30.00,(10's pack: ৳ 300.00),",(10's pack: ৳ 300.00)
32618,Floromox,allopathic,floromoxophthalmic-ointment05,Ophthalmic Ointment,Moxifloxacin Hydrochloride (Ophthalmic),0.50%,Ibn Sina Pharmaceuticals Ltd.,5 gm tube: ৳ 130.00,
9627,Floromox,allopathic,floromoxophthalmic-solution05,Ophthalmic Solution,Moxifloxacin Hydrochloride (Ophthalmic),0.50%,Ibn Sina Pharmaceuticals Ltd.,5 ml drop: ৳ 100.00,
9269,Florocin,allopathic,florocintablet500-mg,Tablet,Ciprofloxacin,500 mg,NIPRO JMI Pharma Ltd.,"Unit Price: ৳ 12.09,(30's pack: ৳ 362.70),",(30's pack: ৳ 362.70)
9270,Florocin,allopathic,florocinpowder-for-suspension250-mg5-ml,Powder for Suspension,Ciprofloxacin,250 mg/5 ml,NIPRO JMI Pharma Ltd.,60 ml bottle: ৳ 100.00,
18177,Florobex,allopathic,florobexophthalmic-solution06,Ophthalmic Solution,Besifloxacin,0.60%,Ibn Sina Pharmaceuticals Ltd.,5 ml drop: ৳ 350.00,
12486,Florixe,allopathic,florixecream5-ww,Cream,Permethrin,5% w/w,Cosmic Pharma Ltd.,"30 gm tube: ৳ 41.17,(6's pack: ৳ 247.02),",(6's pack: ৳ 247.02)
32792,Floriva-F,allopathic,floriva-finhaler25-mcg250-mcgpuff,Inhaler,Salmeterol + Fluticasone Propionate,(25 mcg+250 mcg)/puff,Opsonin Pharma Ltd.,120 metered doses: ৳ 795.00,
32027,Floriva-F,allopathic,floriva-finhalation-capsule50-mcg500-mcg,Inhalation Capsule,Salmeterol + Fluticasone Propionate,50 mcg+500 mcg,Opsonin Pharma Ltd.,"Unit Price: ৳ 17.00,(30's pack: ৳ 510.00),",(30's pack: ৳ 510.00)
20413,Florium,allopathic,floriumtablet10-mg,Tablet,Flunarizine,10 mg,Incepta Pharmaceuticals Ltd.,"Unit Price: ৳ 5.00,(60's pack: ৳ 300.00),",(60's pack: ৳ 300.00)
20412,Florium,allopathic,floriumtablet5-mg,Tablet,Flunarizine,5 mg,Incepta Pharmaceuticals Ltd.,"Unit Price: ৳ 3.50,(100's pack: ৳ 350.00),",(100's pack: ৳ 350.00)
30242,Florest,allopathic,floresttablet50-mg,Tablet,Fluvoxamine Maleate,50 mg,Everest Pharmaceuticals Ltd.,"Unit Price: ৳ 15.00,(30's pack: ৳ 450.00),",(30's pack: ৳ 450.00)
529,A-Mycin,allopathic,a-mycinlotion3,Lotion,Erythromycin (Lotion),3%,Aristopharma Ltd.,25 ml bottle: ৳ 120.00,
4316,Fluanxol,allopathic,fluanxolinjection20-mgml,Injection,Flupentixol,20 mg/ml,Lundbeck Pharmaceuticals Ltd.,"1 ml ampoule: ৳ 304.55,(10's pack: ৳ 3,045.50),","(10's pack: ৳ 3,045.50)"
4315,Fluanxol,allopathic,fluanxoltablet1-mg,Tablet,Flupentixol,1 mg,Lundbeck Pharmaceuticals Ltd.,"Unit Price: ৳ 15.84,(50's pack: ৳ 792.00),",(50's pack: ৳ 792.00)
4317,Fluanxol,allopathic,fluanxolinjection40-mg2-ml,Injection,Flupentixol,40 mg/2 ml,Lundbeck Pharmaceuticals Ltd.,"2 ml ampoule: ৳ 576.92,(10's pack: ৳ 5,769.20),","(10's pack: ৳ 5,769.20)"
4314,Fluanxol,allopathic,fluanxoltablet05-mg,Tablet,Flupentixol,0.5 mg,Lundbeck Pharmaceuticals Ltd.,"Unit Price: ৳ 9.81,(100's pack: ৳ 981.00),",(100's pack: ৳ 981.00)
9976,Fluact,allopathic,fluactcapsule50-mg,Capsule,Fluconazole,50 mg,Leon Pharmaceuticals Ltd.,"Unit Price: ৳ 8.00,(30's pack: ৳ 240.00),",(30's pack: ৳ 240.00)
9978,Fluact,allopathic,fluactpowder-for-suspension50-mg5-ml,Powder for Suspension,Fluconazole,50 mg/5 ml,Leon Pharmaceuticals Ltd.,35 ml bottle: ৳ 78.00,
9977,Fluact,allopathic,fluactcapsule150-mg,Capsule,Fluconazole,150 mg,Leon Pharmaceuticals Ltd.,"Unit Price: ৳ 22.00,(20's pack: ৳ 440.00),",(20's pack: ৳ 440.00)
6305,Flu-K,allopathic,flu-kcapsule250-mg,Capsule,Flucloxacillin Sodium,250 mg,Kemiko Pharmaceuticals Ltd.,"Unit Price: ৳ 6.65,(60's pack: ৳ 399.00),",(60's pack: ৳ 399.00)
6307,Flu-K,allopathic,flu-kpowder-for-suspension125-mg5-ml,Powder for Suspension,Flucloxacillin Sodium,125 mg/5 ml,Kemiko Pharmaceuticals Ltd.,100 ml bottle: ৳ 60.00,
6306,Flu-K,allopathic,flu-kcapsule500-mg,Capsule,Flucloxacillin Sodium,500 mg,Kemiko Pharmaceuticals Ltd.,"Unit Price: ৳ 10.53,(20's pack: ৳ 210.60),,Unit Price: ৳ 10.53,(28's pack: ৳ 294.84),","(20's pack: ৳ 210.60),(28's pack: ৳ 294.84)"
27335,Floxy,allopathic,floxytablet500-mg,Tablet,Ciprofloxacin,500 mg,Team Pharmaceuticals Ltd.,"Unit Price: ৳ 14.00,(30's pack: ৳ 420.00),",(30's pack: ৳ 420.00)
9661,Floxipar,allopathic,floxipartablet200-mg,Tablet,Sparfloxacin,200 mg,ACME Laboratories Ltd.,"Unit Price: ৳ 15.61,(10's pack: ৳ 156.10),",(10's pack: ৳ 156.10)
9280,Floxin DS,allopathic,floxin-dstablet250-mg5-ml,Tablet,Ciprofloxacin,250 mg/5 ml,Pharmadesh Laboratories Ltd.,60 ml bottle: ৳ 90.00,
9278,Floxin,allopathic,floxintablet250-mg,Tablet,Ciprofloxacin,250 mg,Pharmadesh Laboratories Ltd.,"Unit Price: ৳ 5.00,(50's pack: ৳ 250.00),",(50's pack: ৳ 250.00)
9279,Floxin,allopathic,floxintablet500-mg,Tablet,Ciprofloxacin,500 mg,Pharmadesh Laboratories Ltd.,"Unit Price: ৳ 12.00,(30's pack: ৳ 360.00),",(30's pack: ৳ 360.00)
9629,Floximox,allopathic,floximoxophthalmic-solution05,Ophthalmic Solution,Moxifloxacin Hydrochloride (Ophthalmic),0.50%,Asiatic Laboratories Ltd.,5 ml drop: ৳ 100.00,
6264,Floxason-DS,allopathic,floxason-dscapsule500-mg,Capsule,Flucloxacillin Sodium,500 mg,Hudson Pharmaceuticals Ltd.,"Unit Price: ৳ 10.00,(20's pack: ৳ 200.00),",(20's pack: ৳ 200.00)
6265,Floxason,allopathic,floxasonpowder-for-suspension125-mg5-ml,Powder for Suspension,Flucloxacillin Sodium,125 mg/5 ml,Hudson Pharmaceuticals Ltd.,100 ml bottle: ৳ 60.00,
6263,Floxason,allopathic,floxasoncapsule250-mg,Capsule,Flucloxacillin Sodium,250 mg,Hudson Pharmaceuticals Ltd.,"Unit Price: ৳ 5.00,(40's pack: ৳ 200.00),",(40's pack: ৳ 200.00)
6262,Floxapen,allopathic,floxapenpowder-for-suspension125-mg5-ml,Powder for Suspension,Flucloxacillin Sodium,125 mg/5 ml,General Pharmaceuticals Ltd.,100 ml bottle: ৳ 61.40,
6261,Floxapen,allopathic,floxapencapsule500-mg,Capsule,Flucloxacillin Sodium,500 mg,General Pharmaceuticals Ltd.,"Unit Price: ৳ 10.57,(20's pack: ৳ 211.40),",(20's pack: ৳ 211.40)
6260,Floxapen,allopathic,floxapencapsule250-mg,Capsule,Flucloxacillin Sodium,250 mg,General Pharmaceuticals Ltd.,"Unit Price: ৳ 5.78,(50's pack: ৳ 289.00),",(50's pack: ৳ 289.00)
31123,Floxalone-DX,allopathic,floxalone-dxophthalmic-solution0501,Ophthalmic Solution,Moxifloxacin Hydrochloride + Dexamethasone,0.5%+0.1%,Drug International Ltd.,5 ml drop: ৳ 200.00,
9614,Floxalone,allopathic,floxalonetablet400-mg,Tablet,Moxifloxacin Hydrochloride (Tablet),400 mg,Drug International Ltd.,"Unit Price: ৳ 35.00,(7's pack: ৳ 245.00),",(7's pack: ৳ 245.00)
9628,Floxalone,allopathic,floxaloneophthalmic-solution05,Ophthalmic Solution,Moxifloxacin Hydrochloride (Ophthalmic),0.50%,Drug International Ltd.,5 ml drop: ৳ 80.00,
26916,Floxacin,allopathic,floxacinpowder-for-suspension250-mg5-ml,Powder for Suspension,Ciprofloxacin,250 mg/5 ml,Navana Pharmaceuticals Ltd.,60 ml bottle: ৳ 95.00,
9126,Floxacin,allopathic,floxacinophthalmic-solution03,Ophthalmic Solution,Ciprofloxacin (Ophthalmic),0.30%,Navana Pharmaceuticals Ltd.,"5 ml drop: ৳ 40.00,10 ml drop: ৳ 50.00",
9276,Floxacin,allopathic,floxacintablet250-mg,Tablet,Ciprofloxacin,250 mg,Navana Pharmaceuticals Ltd.,"Unit Price: ৳ 7.02,(50's pack: ৳ 350.83),",(50's pack: ৳ 350.83)
9277,Floxacin,allopathic,floxacintablet500-mg,Tablet,Ciprofloxacin,500 mg,Navana Pharmaceuticals Ltd.,"Unit Price: ৳ 14.00,(30's pack: ৳ 420.00),",(30's pack: ৳ 420.00)
9275,Floxabid DS,allopathic,floxabid-dspowder-for-suspension250-mg5-ml,Powder for Suspension,Ciprofloxacin,250 mg/5 ml,ACI Limited,60 ml bottle: ৳ 100.30,
10007,A-Migel,allopathic,a-migeloral-gel2-ww,Oral Gel,Miconazole Nitrate (Oral Gel),2% w/w,ACME Laboratories Ltd.,"15 gm tube: ৳ 52.16,30 gm tube: ৳ 90.00",
6287,Flucin,allopathic,flucincapsule500-mg,Capsule,Flucloxacillin Sodium,500 mg,Millat Pharmaceuticals Ltd.,"Unit Price: ৳ 22.00,(30's pack: ৳ 660.00),",(30's pack: ৳ 660.00)
6286,Flucin,allopathic,flucincapsule250-mg,Capsule,Flucloxacillin Sodium,250 mg,Millat Pharmaceuticals Ltd.,"Unit Price: ৳ 8.00,(48's pack: ৳ 384.00),",(48's pack: ৳ 384.00)
6288,Flucin,allopathic,flucinpowder-for-suspension125-mg5-ml,Powder for Suspension,Flucloxacillin Sodium,125 mg/5 ml,Millat Pharmaceuticals Ltd.,100 ml bottle: ৳ 61.14,
6285,Flucillin,allopathic,flucillinpowder-for-suspension125-mg5-ml,Powder for Suspension,Flucloxacillin Sodium,125 mg/5 ml,Medimet Pharmaceuticals Ltd.,100 ml bottle: ৳ 60.00,
6284,Flucillin,allopathic,flucillincapsule500-mg,Capsule,Flucloxacillin Sodium,500 mg,Medimet Pharmaceuticals Ltd.,"Unit Price: ৳ 10.00,(20's pack: ৳ 200.00),",(20's pack: ৳ 200.00)
6283,Flucillin,allopathic,flucillincapsule250-mg,Capsule,Flucloxacillin Sodium,250 mg,Medimet Pharmaceuticals Ltd.,"Unit Price: ৳ 5.50,(40's pack: ৳ 220.00),",(40's pack: ৳ 220.00)
6280,Flucil,allopathic,flucilcapsule250-mg,Capsule,Flucloxacillin Sodium,250 mg,Cosmo Pharma Ltd.,"Unit Price: ৳ 5.46,(50's pack: ৳ 273.00),",(50's pack: ৳ 273.00)
6282,Flucil,allopathic,flucilpowder-for-suspension125-mg5-ml,Powder for Suspension,Flucloxacillin Sodium,125 mg/5 ml,Cosmo Pharma Ltd.,100 ml bottle: ৳ 60.00,
6281,Flucil,allopathic,flucilcapsule500-mg,Capsule,Flucloxacillin Sodium,500 mg,Cosmo Pharma Ltd.,"Unit Price: ৳ 10.00,(20's pack: ৳ 200.00),",(20's pack: ৳ 200.00)
9910,Flucid,allopathic,flucidcapsule50-mg,Capsule,Fluconazole,50 mg,MST Pharma,"Unit Price: ৳ 8.00,(30's pack: ৳ 240.00),",(30's pack: ৳ 240.00)
9850,Flucanex,allopathic,flucanexcapsule50-mg,Capsule,Fluconazole,50 mg,Jenphar Bangladesh Ltd.,"Unit Price: ৳ 8.00,(30's pack: ৳ 240.00),",(30's pack: ৳ 240.00)
9851,Flucanex,allopathic,flucanexcapsule150-mg,Capsule,Fluconazole,150 mg,Jenphar Bangladesh Ltd.,"Unit Price: ৳ 22.00,(6's pack: ৳ 132.00),",(6's pack: ৳ 132.00)
6278,Fluc,allopathic,fluccapsule500-mg,Capsule,Flucloxacillin Sodium,500 mg,Astra Biopharmaceuticals Ltd.,"Unit Price: ৳ 10.00,(15's pack: ৳ 150.00),",(15's pack: ৳ 150.00)
6279,Fluc,allopathic,flucpowder-for-suspension125-mg5-ml,Powder for Suspension,Flucloxacillin Sodium,125 mg/5 ml,Astra Biopharmaceuticals Ltd.,100 ml bottle: ৳ 60.00,
6275,Flubiotic,allopathic,flubioticcapsule250-mg,Capsule,Flucloxacillin Sodium,250 mg,Navana Pharmaceuticals Ltd.,"Unit Price: ৳ 5.55,(28's pack: ৳ 155.40),",(28's pack: ৳ 155.40)
6276,Flubiotic,allopathic,flubioticcapsule500-mg,Capsule,Flucloxacillin Sodium,500 mg,Navana Pharmaceuticals Ltd.,"Unit Price: ৳ 10.06,(28's pack: ৳ 281.56),",(28's pack: ৳ 281.56)
6277,Flubiotic,allopathic,flubioticpowder-for-suspension125-mg5-ml,Powder for Suspension,Flucloxacillin Sodium,125 mg/5 ml,Navana Pharmaceuticals Ltd.,100 ml bottle: ৳ 60.40,
28201,Flubion,allopathic,flubioncapsule500-mg,Capsule,Flucloxacillin Sodium,500 mg,Guardian Healthcare Ltd.,"Unit Price: ৳ 10.50,(28's pack: ৳ 294.00),",(28's pack: ৳ 294.00)
6274,Flubex DS,allopathic,flubex-dspowder-for-suspension250-mg5-ml,Powder for Suspension,Flucloxacillin Sodium,250 mg/5 ml,Beximco Pharmaceuticals Ltd.,100 ml bottle: ৳ 110.00,
6272,Flubex,allopathic,flubexcapsule500-mg,Capsule,Flucloxacillin Sodium,500 mg,Beximco Pharmaceuticals Ltd.,"Unit Price: ৳ 10.50,(30's pack: ৳ 315.00),",(30's pack: ৳ 315.00)
6271,Flubex,allopathic,flubexcapsule250-mg,Capsule,Flucloxacillin Sodium,250 mg,Beximco Pharmaceuticals Ltd.,"Unit Price: ৳ 5.50,(50's pack: ৳ 275.00),",(50's pack: ৳ 275.00)
6273,Flubex,allopathic,flubexpowder-for-suspension125-mg5-ml,Powder for Suspension,Flucloxacillin Sodium,125 mg/5 ml,Beximco Pharmaceuticals Ltd.,100 ml bottle: ৳ 60.00,
27142,Flubest,allopathic,flubestcapsule50-mg,Capsule,Fluconazole,50 mg,Jayson Pharmaceuticals Ltd.,"Unit Price: ৳ 8.02,(20's pack: ৳ 160.40),",(20's pack: ৳ 160.40)
27141,Flubest,allopathic,flubestcapsule150-mg,Capsule,Fluconazole,150 mg,Jayson Pharmaceuticals Ltd.,"Unit Price: ৳ 22.07,(10's pack: ৳ 220.70),",(10's pack: ৳ 220.70)
27415,Flubest,allopathic,flubestpowder-for-suspension50-mg5-ml,Powder for Suspension,Fluconazole,50 mg/5 ml,Jayson Pharmaceuticals Ltd.,35 ml bottle: ৳ 78.23,
6270,Flubac DS,allopathic,flubac-dspowder-for-suspension250-mg5-ml,Powder for Suspension,Flucloxacillin Sodium,250 mg/5 ml,Popular Pharmaceuticals Ltd.,100 ml bottle: ৳ 110.42,
6267,Flubac,allopathic,flubaccapsule250-mg,Capsule,Flucloxacillin Sodium,250 mg,Popular Pharmaceuticals Ltd.,"Unit Price: ৳ 5.77,(52's pack: ৳ 300.04),",(52's pack: ৳ 300.04)
6269,Flubac,allopathic,flubacpowder-for-suspension125-mg5-ml,Powder for Suspension,Flucloxacillin Sodium,125 mg/5 ml,Popular Pharmaceuticals Ltd.,100 ml bottle: ৳ 61.23,
6268,Flubac,allopathic,flubaccapsule500-mg,Capsule,Flucloxacillin Sodium,500 mg,Popular Pharmaceuticals Ltd.,"Unit Price: ৳ 10.04,(32's pack: ৳ 321.28),",(32's pack: ৳ 321.28)
15212,Fluarix,allopathic,fluarixim-injection05-mlprefilled-syringe,IM Injection,Inactivated Influenza Vaccine,0.5 ml/prefilled syringe,GlaxoSmithKline,0.5 ml pre-filled syringe: ৳ 364.00,
28705,A-Mectin,allopathic,a-mectintablet12-mg,Tablet,Ivermectin (Tablet),12 mg,ACME Laboratories Ltd.,"Unit Price: ৳ 30.00,(10's pack: ৳ 300.00),",(10's pack: ৳ 300.00)
28792,Fluconaaf,allopathic,fluconaafcapsule150-mg,Capsule,Fluconazole,150 mg,Naafco Pharma Ltd.,"Unit Price: ৳ 22.00,(10's pack: ৳ 220.00),",(10's pack: ৳ 220.00)
9858,Flucon,allopathic,fluconcapsule50-mg,Capsule,Fluconazole,50 mg,Opsonin Pharma Ltd.,"Unit Price: ৳ 8.06,(30's pack: ৳ 241.80),",(30's pack: ৳ 241.80)
9860,Flucon,allopathic,fluconcapsule200-mg,Capsule,Fluconazole,200 mg,Opsonin Pharma Ltd.,"Unit Price: ৳ 25.00,(10's pack: ৳ 250.00),",(10's pack: ৳ 250.00)
27047,Flucon,allopathic,fluconpowder-for-suspension50-mg5-ml,Powder for Suspension,Fluconazole,50 mg/5 ml,Opsonin Pharma Ltd.,35 ml bottle: ৳ 78.52,
9859,Flucon,allopathic,fluconcapsule150-mg,Capsule,Fluconazole,150 mg,Opsonin Pharma Ltd.,"Unit Price: ৳ 22.08,(10's pack: ৳ 220.80),",(10's pack: ৳ 220.80)
9857,Flucolet,allopathic,flucoletpowder-for-suspension50-mg5-ml,Powder for Suspension,Fluconazole,50 mg/5 ml,Amulet Pharmaceuticals Ltd.,35 ml bottle: ৳ 75.00,
9855,Flucolet,allopathic,flucoletcapsule50-mg,Capsule,Fluconazole,50 mg,Amulet Pharmaceuticals Ltd.,"Unit Price: ৳ 8.03,(30's pack: ৳ 240.90),",(30's pack: ৳ 240.90)
9856,Flucolet,allopathic,flucoletcapsule150-mg,Capsule,Fluconazole,150 mg,Amulet Pharmaceuticals Ltd.,"Unit Price: ৳ 20.00,(10's pack: ৳ 200.00),",(10's pack: ৳ 200.00)
9852,Flucoder,allopathic,flucodercapsule50-mg,Capsule,Fluconazole,50 mg,Eskayef Pharmaceuticals Ltd.,"Unit Price: ৳ 8.10,(30's pack: ৳ 243.00),",(30's pack: ৳ 243.00)
9853,Flucoder,allopathic,flucodercapsule150-mg,Capsule,Fluconazole,150 mg,Eskayef Pharmaceuticals Ltd.,"Unit Price: ৳ 22.00,(10's pack: ৳ 220.00),",(10's pack: ৳ 220.00)
9854,Flucoder,allopathic,flucoderpowder-for-suspension50-mg5-ml,Powder for Suspension,Fluconazole,50 mg/5 ml,Eskayef Pharmaceuticals Ltd.,35 ml bottle: ৳ 78.00,
26753,Flucoder,allopathic,flucodercapsule200-mg,Capsule,Fluconazole,200 mg,Eskayef Pharmaceuticals Ltd.,"Unit Price: ৳ 25.00,(10's pack: ৳ 250.00),",(10's pack: ৳ 250.00)
29011,Flucocin DS,allopathic,flucocin-dspowder-for-suspension250-mg5-ml,Powder for Suspension,Flucloxacillin Sodium,250 mg/5 ml,Euro Pharma Ltd.,100 ml bottle: ৳ 110.00,
29010,Flucocin,allopathic,flucocincapsule500-mg,Capsule,Flucloxacillin Sodium,500 mg,Euro Pharma Ltd.,"Unit Price: ৳ 10.52,(48's pack: ৳ 505.00),",(48's pack: ৳ 505.00)
9866,Fluco-S,allopathic,fluco-scapsule50-mg,Capsule,Fluconazole,50 mg,Seema Pharmaceuticals Ltd.,"Unit Price: ৳ 8.00,(30's pack: ৳ 240.00),",(30's pack: ৳ 240.00)
9867,Fluco-S,allopathic,fluco-scapsule150-mg,Capsule,Fluconazole,150 mg,Seema Pharmaceuticals Ltd.,"Unit Price: ৳ 22.00,(10's pack: ৳ 220.00),",(10's pack: ৳ 220.00)
6301,Flucloxin,allopathic,flucloxinpowder-for-suspension125-mg5-ml,Powder for Suspension,Flucloxacillin Sodium,125 mg/5 ml,Eskayef Pharmaceuticals Ltd.,100 ml bottle: ৳ 61.00,
6300,Flucloxin,allopathic,flucloxincapsule500-mg,Capsule,Flucloxacillin Sodium,500 mg,Eskayef Pharmaceuticals Ltd.,"Unit Price: ৳ 10.50,(36's pack: ৳ 378.00),,Unit Price: ৳ 10.50,(40's pack: ৳ 420.00),","(36's pack: ৳ 378.00),(40's pack: ৳ 420.00)"
6299,Flucloxin,allopathic,flucloxincapsule250-mg,Capsule,Flucloxacillin Sodium,250 mg,Eskayef Pharmaceuticals Ltd.,"Unit Price: ৳ 5.77,(100's pack: ৳ 577.00),",(100's pack: ৳ 577.00)
26751,Flucloxin,allopathic,flucloxinimiv-injection500-mgvial,IM/IV Injection,Flucloxacillin Sodium,500 mg/vial,Eskayef Pharmaceuticals Ltd.,500 mg vial: ৳ 45.28,
6296,Flucloxi,allopathic,flucloxicapsule250-mg,Capsule,Flucloxacillin Sodium,250 mg,Desh Pharmaceuticals Ltd.,"Unit Price: ৳ 5.50,(60's pack: ৳ 330.00),",(60's pack: ৳ 330.00)
6297,Flucloxi,allopathic,flucloxicapsule500-mg,Capsule,Flucloxacillin Sodium,500 mg,Desh Pharmaceuticals Ltd.,"Unit Price: ৳ 11.00,(20's pack: ৳ 220.00),",(20's pack: ৳ 220.00)
6298,Flucloxi,allopathic,flucloxipowder-for-suspension125-mg5-ml,Powder for Suspension,Flucloxacillin Sodium,125 mg/5 ml,Desh Pharmaceuticals Ltd.,100 ml bottle: ৳ 60.50,
6293,Fluclox DS,allopathic,fluclox-dspowder-for-suspension250-mg5-ml,Powder for Suspension,Flucloxacillin Sodium,250 mg/5 ml,ACI Limited,"100 ml bottle: ৳ 110.74,60 ml bottle: ৳ 70.00",
6294,Fluclox,allopathic,flucloximiv-injection250-mgvial,IM/IV Injection,Flucloxacillin Sodium,250 mg/vial,ACI Limited,250 mg vial: ৳ 35.24,
6292,Fluclox,allopathic,flucloxpowder-for-suspension125-mg5-ml,Powder for Suspension,Flucloxacillin Sodium,125 mg/5 ml,ACI Limited,100 ml bottle: ৳ 65.00,
6291,Fluclox,allopathic,flucloxcapsule500-mg,Capsule,Flucloxacillin Sodium,500 mg,ACI Limited,"Unit Price: ৳ 10.60,(40's pack: ৳ 424.00),",(40's pack: ৳ 424.00)
6290,Fluclox,allopathic,flucloxcapsule250-mg,Capsule,Flucloxacillin Sodium,250 mg,ACI Limited,"Unit Price: ৳ 6.00,(100's pack: ৳ 600.00),",(100's pack: ৳ 600.00)
6295,Fluclox,allopathic,flucloximiv-injection500-mgvial,IM/IV Injection,Flucloxacillin Sodium,500 mg/vial,ACI Limited,500 mg vial: ৳ 45.28,
6289,Flucin DS,allopathic,flucin-dspowder-for-suspension250-mg5-ml,Powder for Suspension,Flucloxacillin Sodium,250 mg/5 ml,Millat Pharmaceuticals Ltd.,100 ml bottle: ৳ 110.00,
28704,A-Mectin,allopathic,a-mectintablet6-mg,Tablet,Ivermectin (Tablet),6 mg,ACME Laboratories Ltd.,"Unit Price: ৳ 15.00,(10's pack: ৳ 150.00),",(10's pack: ৳ 150.00)
9877,Flugal,allopathic,flugalpowder-for-suspension50-mg5-ml,Powder for Suspension,Fluconazole,50 mg/5 ml,Square Pharmaceuticals Ltd.,35 ml bottle: ৳ 78.53,
9875,Flugal,allopathic,flugalcapsule150-mg,Capsule,Fluconazole,150 mg,Square Pharmaceuticals Ltd.,"Unit Price: ৳ 22.14,(20's pack: ৳ 442.80),",(20's pack: ৳ 442.80)
9873,Flufun,allopathic,flufuncapsule150-mg,Capsule,Fluconazole,150 mg,Astra Biopharmaceuticals Ltd.,"Unit Price: ৳ 22.00,(10's pack: ৳ 220.00),",(10's pack: ৳ 220.00)
9872,Flufun,allopathic,flufuncapsule50-mg,Capsule,Fluconazole,50 mg,Astra Biopharmaceuticals Ltd.,"Unit Price: ৳ 8.00,(10's pack: ৳ 80.00),",(10's pack: ৳ 80.00)
20426,Fluflam,allopathic,fluflamophthalmic-suspension01,Ophthalmic Suspension,Fluorometholone Acetate,0.10%,Eskayef Pharmaceuticals Ltd.,5 ml drop: ৳ 100.00,
32513,Flufex,allopathic,flufextablet120-mg,Tablet,Fexofenadine Hydrochloride,120 mg,Doctor TIMS Pharmaceuticals Ltd.,"Unit Price: ৳ 7.02,(30's pack: ৳ 210.60),",(30's pack: ৳ 210.60)
15749,Fludin,allopathic,fludinophthalmic-solution1,Ophthalmic Solution,Trifluridine,1%,Aristopharma Ltd.,5 ml drop: ৳ 950.00,
27261,Fludex,allopathic,fludexcapsule150-mg,Capsule,Fluconazole,150 mg,Medicon Pharmaceuticals Ltd.,"Unit Price: ৳ 18.18,(10's pack: ৳ 181.81),",(10's pack: ৳ 181.81)
9871,Fludex,allopathic,fludexcapsule50-mg,Capsule,Fluconazole,50 mg,Medicon Pharmaceuticals Ltd.,"Unit Price: ৳ 6.63,(30's pack: ৳ 198.85),",(30's pack: ৳ 198.85)
27473,Fluderm,allopathic,fludermtablet50-mg,Tablet,Fluconazole,50 mg,Benham Pharmaceuticals Ltd.,"Unit Price: ৳ 8.00,(30's pack: ৳ 240.00),",(30's pack: ৳ 240.00)
27474,Fluderm,allopathic,fludermtablet150-mg,Tablet,Fluconazole,150 mg,Benham Pharmaceuticals Ltd.,"Unit Price: ৳ 22.00,(10's pack: ৳ 220.00),",(10's pack: ৳ 220.00)
26688,Fludarabin Hexal,allopathic,fludarabin-hexaliv-infusion50-mg2-ml,IV Infusion,Fludarabine Phosphate,50 mg/2 ml,SANDOZ (A Novartis Division),"50 mg vial: ৳ 7,842.73",
28339,Fludara,allopathic,fludaratablet10-mg,Tablet,Fludarabine Phosphate,10 mg,Genzyme Corporation,"Unit Price: ৳ 950.00,(20's pack: ৳ 19,000.00),","(20's pack: ৳ 19,000.00)"
17102,Fludara,allopathic,fludaraiv-infusion50-mg2-ml,IV Infusion,Fludarabine Phosphate,50 mg/2 ml,Genzyme Corporation,"50 mg vial: ৳ 7,422.57,(5's pack: ৳ 37,112.85),","(5's pack: ৳ 37,112.85)"
9870,Fluda,allopathic,fludapowder-for-suspension50-mg5-ml,Powder for Suspension,Fluconazole,50 mg/5 ml,Novo Healthcare and Pharma Ltd.,35 ml bottle: ৳ 78.24,
9869,Fluda,allopathic,fludacapsule50-mg,Capsule,Fluconazole,50 mg,Novo Healthcare and Pharma Ltd.,"Unit Price: ৳ 8.02,(30's pack: ৳ 240.72),",(30's pack: ৳ 240.72)
27388,Flucostin,allopathic,flucostintablet50-mg,Tablet,Fluconazole,50 mg,United Pharmaceuticals Ltd.,"Unit Price: ৳ 8.00,(30's pack: ৳ 240.12),",(30's pack: ৳ 240.12)
9868,Flucostan,allopathic,flucostancapsule50-mg,Capsule,Fluconazole,50 mg,Ziska Pharmaceuticals Ltd.,"Unit Price: ৳ 5.00,(20's pack: ৳ 100.00),",(20's pack: ৳ 100.00)
15874,Flucort,allopathic,flucortophthalmic-suspension01,Ophthalmic Suspension,Fluorometholone Acetate,0.10%,Gaco Pharmaceuticals Ltd.,5 ml drop: ৳ 95.00,
28214,Flucoron,allopathic,flucoroncapsule50-mg,Capsule,Fluconazole,50 mg,RN Pharmaceuticals,"Unit Price: ৳ 7.50,(30's pack: ৳ 225.00),",(30's pack: ৳ 225.00)
6302,Flucopen,allopathic,flucopencapsule250-mg,Capsule,Flucloxacillin Sodium,250 mg,Somatec Pharmaceuticals Ltd.,"Unit Price: ৳ 5.54,(28's pack: ৳ 155.00),",(28's pack: ৳ 155.00)
6303,Flucopen,allopathic,flucopencapsule500-mg,Capsule,Flucloxacillin Sodium,500 mg,Somatec Pharmaceuticals Ltd.,"Unit Price: ৳ 10.03,(20's pack: ৳ 200.60),",(20's pack: ৳ 200.60)
6304,Flucopen,allopathic,flucopenpowder-for-suspension125-mg5-ml,Powder for Suspension,Flucloxacillin Sodium,125 mg/5 ml,Somatec Pharmaceuticals Ltd.,100 ml bottle: ৳ 60.23,
30320,Fluconazole,allopathic,fluconazolecapsule50-mg,Capsule,Fluconazole,50 mg,Biogen Pharmaceuticals Ltd.,"Unit Price: ৳ 7.00,(30's pack: ৳ 210.00),",(30's pack: ৳ 210.00)
9864,Fluconazole,allopathic,fluconazolecapsule50-mg,Capsule,Fluconazole,50 mg,Bristol Pharmaceuticals Ltd.,"Unit Price: ৳ 8.00,(30's pack: ৳ 240.00),",(30's pack: ৳ 240.00)
9865,Fluconazole,allopathic,fluconazolecapsule150-mg,Capsule,Fluconazole,150 mg,Bristol Pharmaceuticals Ltd.,"Unit Price: ৳ 22.00,(10's pack: ৳ 220.00),",(10's pack: ৳ 220.00)
9861,Fluconal,allopathic,fluconaltablet50-mg,Tablet,Fluconazole,50 mg,ACME Laboratories Ltd.,"Unit Price: ৳ 8.07,(20's pack: ৳ 161.40),",(20's pack: ৳ 161.40)
9862,Fluconal,allopathic,fluconaltablet150-mg,Tablet,Fluconazole,150 mg,ACME Laboratories Ltd.,"Unit Price: ৳ 22.15,(12's pack: ৳ 265.80),",(12's pack: ৳ 265.80)
9863,Fluconal,allopathic,fluconalpowder-for-suspension50-mg5-ml,Powder for Suspension,Fluconazole,50 mg/5 ml,ACME Laboratories Ltd.,35 ml bottle: ৳ 78.53,
28791,Fluconaaf,allopathic,fluconaafcapsule50-mg,Capsule,Fluconazole,50 mg,Naafco Pharma Ltd.,"Unit Price: ৳ 7.50,(30's pack: ৳ 225.00),",(30's pack: ৳ 225.00)
16609,A-Meb,allopathic,a-mebtablet135-mg,Tablet,Mebeverine Hydrochloride,135 mg,ACME Laboratories Ltd.,"Unit Price: ৳ 6.01,(50's pack: ৳ 300.50),",(50's pack: ৳ 300.50)
20508,Flumetol,allopathic,flumetolinhaler25-mcg125-mcgpuff,Inhaler,Salmeterol + Fluticasone Propionate,(25 mcg+125 mcg)/puff,Healthcare Pharmaceuticals Ltd.,120 metered doses: ৳ 640.00,
20510,Flumetol,allopathic,flumetolinhalation-capsule50-mcg250-mcg,Inhalation Capsule,Salmeterol + Fluticasone Propionate,50 mcg+250 mcg,Healthcare Pharmaceuticals Ltd.,"Unit Price: ৳ 10.67,(30's pack: ৳ 320.10),",(30's pack: ৳ 320.10)
15875,Flumeth,allopathic,flumethophthalmic-suspension01,Ophthalmic Suspension,Fluorometholone Acetate,0.10%,Nipa Pharmaceuticals Ltd.,5 ml drop: ৳ 100.00,
16243,Flumetanol,allopathic,flumetanolear-drop1002,Ear Drop,Clioquinol + Flumetasone Pivalate,1%+0.02%,Aristopharma Ltd.,5 ml drop: ৳ 100.00,
16506,Flumelone N,allopathic,flumelone-nophthalmic-solution0105,Ophthalmic Solution,Fluormetholone + Neomycin Sulphate,0.1%+0.5%,Reman Drug Laboratories Ltd.,5 ml drop: ৳ 95.50,
6314,Flumed,allopathic,flumedcapsule250-mg,Capsule,Flucloxacillin Sodium,250 mg,Medicon Pharmaceuticals Ltd.,"Unit Price: ৳ 5.48,(28's pack: ৳ 153.40),",(28's pack: ৳ 153.40)
6316,Flumed,allopathic,flumedpowder-for-suspension125-mg5-ml,Powder for Suspension,Flucloxacillin Sodium,125 mg/5 ml,Medicon Pharmaceuticals Ltd.,100 ml bottle: ৳ 59.80,
6315,Flumed,allopathic,flumedcapsule500-mg,Capsule,Flucloxacillin Sodium,500 mg,Medicon Pharmaceuticals Ltd.,"Unit Price: ৳ 14.65,(20's pack: ৳ 293.03),",(20's pack: ৳ 293.03)
29254,Flumazole,allopathic,flumazolecapsule50-mg,Capsule,Fluconazole,50 mg,Al-Madina Pharmaceuticals Ltd.,"Unit Price: ৳ 7.75,(30's pack: ৳ 232.50),",(30's pack: ৳ 232.50)
32326,Flumazole,allopathic,flumazolecapsule150-mg,Capsule,Fluconazole,150 mg,Al-Madina Pharmaceuticals Ltd.,Unit Price: ৳ 20.00,
9886,Flumart,allopathic,flumartcapsule150-mg,Capsule,Fluconazole,150 mg,Desh Pharmaceuticals Ltd.,"Unit Price: ৳ 20.00,(12's pack: ৳ 240.00),",(12's pack: ৳ 240.00)
9885,Flumart,allopathic,flumartcapsule50-mg,Capsule,Fluconazole,50 mg,Desh Pharmaceuticals Ltd.,"Unit Price: ৳ 7.00,(30's pack: ৳ 210.00),",(30's pack: ৳ 210.00)
6312,Flumark,allopathic,flumarkcapsule500-mg,Capsule,Flucloxacillin Sodium,500 mg,Aexim Pharmaceuticals Ltd.,"Unit Price: ৳ 10.00,(20's pack: ৳ 200.00),",(20's pack: ৳ 200.00)
6313,Flumark,allopathic,flumarkpowder-for-suspension125-mg5-ml,Powder for Suspension,Flucloxacillin Sodium,125 mg/5 ml,Aexim Pharmaceuticals Ltd.,100 ml bottle: ৳ 60.00,
9883,Fluma,allopathic,flumacapsule50-mg,Capsule,Fluconazole,50 mg,Modern Pharmaceuticals Ltd.,"Unit Price: ৳ 8.00,(50's pack: ৳ 400.00),",(50's pack: ৳ 400.00)
9884,Fluma,allopathic,flumacapsule150-mg,Capsule,Fluconazole,150 mg,Modern Pharmaceuticals Ltd.,"Unit Price: ৳ 20.00,(20's pack: ৳ 400.00),",(20's pack: ৳ 400.00)
9882,Flukzol,allopathic,flukzolcapsule50-mg,Capsule,Fluconazole,50 mg,Sharif Pharmaceuticals Ltd.,"Unit Price: ৳ 8.03,(30's pack: ৳ 240.90),",(30's pack: ৳ 240.90)
27567,Fluking,allopathic,flukingpowder-for-suspension125-mg5-ml,Powder for Suspension,Flucloxacillin Sodium,125 mg/5 ml,Chemist Laboratories  Ltd.,100 ml bottle: ৳ 60.00,
27566,Fluking,allopathic,flukingcapsule500-mg,Capsule,Flucloxacillin Sodium,500 mg,Chemist Laboratories  Ltd.,"Unit Price: ৳ 10.00,(28's pack: ৳ 280.00),",(28's pack: ৳ 280.00)
27565,Fluking,allopathic,flukingcapsule250-mg,Capsule,Flucloxacillin Sodium,250 mg,Chemist Laboratories  Ltd.,"Unit Price: ৳ 5.50,(28's pack: ৳ 154.00),",(28's pack: ৳ 154.00)
6311,Flukin DS,allopathic,flukin-dspowder-for-suspension250-mg5-ml,Powder for Suspension,Flucloxacillin Sodium,250 mg/5 ml,Pharmasia Limited,100 ml bottle: ৳ 110.00,
6309,Flukin,allopathic,flukincapsule500-mg,Capsule,Flucloxacillin Sodium,500 mg,Pharmasia Limited,"Unit Price: ৳ 10.50,(28's pack: ৳ 294.00),",(28's pack: ৳ 294.00)
6308,Flukin,allopathic,flukincapsule250-mg,Capsule,Flucloxacillin Sodium,250 mg,Pharmasia Limited,"Unit Price: ৳ 5.52,(28's pack: ৳ 154.56),",(28's pack: ৳ 154.56)
6310,Flukin,allopathic,flukinpowder-for-suspension125-mg5-ml,Powder for Suspension,Flucloxacillin Sodium,125 mg/5 ml,Pharmasia Limited,100 ml bottle: ৳ 60.00,
9881,Flujale,allopathic,flujalecapsule50-mg,Capsule,Fluconazole,50 mg,Central Pharmaceuticals Ltd.,"Unit Price: ৳ 8.00,(30's pack: ৳ 240.00),",(30's pack: ৳ 240.00)
9878,Flugard,allopathic,flugardcapsule50-mg,Capsule,Fluconazole,50 mg,Pharmasia Limited,"Unit Price: ৳ 8.00,(30's pack: ৳ 240.00),",(30's pack: ৳ 240.00)
9879,Flugard,allopathic,flugardcapsule150-mg,Capsule,Fluconazole,150 mg,Pharmasia Limited,"Unit Price: ৳ 22.00,(30's pack: ৳ 660.00),",(30's pack: ৳ 660.00)
9876,Flugal,allopathic,flugalcapsule200-mg,Capsule,Fluconazole,200 mg,Square Pharmaceuticals Ltd.,"Unit Price: ৳ 25.17,(12's pack: ৳ 302.00),",(12's pack: ৳ 302.00)
28227,A-Kit,allopathic,a-kittablet200-mg200-mcg,Tablet,Mifepristone + Misoprostol,200 mg+200 mcg,ACME Laboratories Ltd.,5 tablet kit: ৳ 300.00,
13491,A-Forte,allopathic,a-fortecapsule50000-iu,Capsule,Vitamin A,50000 IU,Globe Pharmaceuticals Ltd.,"Unit Price: ৳ 1.90,(100's pack: ৳ 190.00),",(100's pack: ৳ 190.00)
28226,A-Flox,allopathic,a-floximiv-injection250-mgvial,IM/IV Injection,Flucloxacillin Sodium,250 mg/vial,ACME Laboratories Ltd.,"250 mg vial: ৳ 35.25,(5's pack: ৳ 176.25),",(5's pack: ৳ 176.25)
6319,Flupen,allopathic,flupenpowder-for-suspension125-mg5-ml,Powder for Suspension,Flucloxacillin Sodium,125 mg/5 ml,Drug International Ltd.,100 ml bottle: ৳ 60.20,
6318,Flupen,allopathic,flupencapsule500-mg,Capsule,Flucloxacillin Sodium,500 mg,Drug International Ltd.,"Unit Price: ৳ 10.00,(40's pack: ৳ 400.00),",(40's pack: ৳ 400.00)
6317,Flupen,allopathic,flupencapsule250-mg,Capsule,Flucloxacillin Sodium,250 mg,Drug International Ltd.,"Unit Price: ৳ 5.00,(70's pack: ৳ 350.00),",(70's pack: ৳ 350.00)
27694,Flupagen,allopathic,flupagenimsc-injection25-mgml,IM/SC Injection,Fluphenazine Decanoate,25 mg/ml,General Pharmaceuticals Ltd.,"1 ml ampoule: ৳ 75.00,(5's pack: ৳ 375.00),",(5's pack: ৳ 375.00)
9899,Flunol,allopathic,flunolpowder-for-suspension50-mg5-ml,Powder for Suspension,Fluconazole,50 mg/5 ml,Somatec Pharmaceuticals Ltd.,35 ml bottle: ৳ 78.31,
9898,Flunol,allopathic,flunolcapsule150-mg,Capsule,Fluconazole,150 mg,Somatec Pharmaceuticals Ltd.,"Unit Price: ৳ 22.00,(12's pack: ৳ 264.00),",(12's pack: ৳ 264.00)
9897,Flunol,allopathic,flunolcapsule50-mg,Capsule,Fluconazole,50 mg,Somatec Pharmaceuticals Ltd.,"Unit Price: ৳ 8.00,(32's pack: ৳ 256.00),",(32's pack: ৳ 256.00)
28092,Flunid,allopathic,flunidpowder-for-suspension125-mg5-ml,Powder for Suspension,Flucloxacillin Sodium,125 mg/5 ml,Ethical Drug Ltd.,100 ml bottle: ৳ 61.00,
28091,Flunid,allopathic,flunidcapsule500-mg,Capsule,Flucloxacillin Sodium,500 mg,Ethical Drug Ltd.,"Unit Price: ৳ 10.00,(28's pack: ৳ 280.00),",(28's pack: ৳ 280.00)
28090,Flunid,allopathic,flunidcapsule250-mg,Capsule,Flucloxacillin Sodium,250 mg,Ethical Drug Ltd.,"Unit Price: ৳ 5.50,(28's pack: ৳ 154.00),",(28's pack: ৳ 154.00)
9896,Flunazol,allopathic,flunazolpowder-for-suspension50-mg5-ml,Powder for Suspension,Fluconazole,50 mg/5 ml,Pharmadesh Laboratories Ltd.,35 ml bottle: ৳ 75.00,
9895,Flunazol,allopathic,flunazolcapsule150-mg,Capsule,Fluconazole,150 mg,Pharmadesh Laboratories Ltd.,"Unit Price: ৳ 20.00,(12's pack: ৳ 240.00),",(12's pack: ৳ 240.00)
9894,Flunazol,allopathic,flunazolcapsule50-mg,Capsule,Fluconazole,50 mg,Pharmadesh Laboratories Ltd.,"Unit Price: ৳ 7.00,(30's pack: ৳ 210.00),",(30's pack: ৳ 210.00)
10827,Flunarin,allopathic,flunarintablet5-mg,Tablet,Flunarizine,5 mg,Apex Pharmaceuticals Ltd.,"Unit Price: ৳ 3.00,(50's pack: ৳ 150.00),",(50's pack: ৳ 150.00)
10828,Flunarin,allopathic,flunarintablet10-mg,Tablet,Flunarizine,10 mg,Apex Pharmaceuticals Ltd.,"Unit Price: ৳ 4.00,(30's pack: ৳ 120.00),",(30's pack: ৳ 120.00)
9893,Flunapen,allopathic,flunapencapsule150-mg,Capsule,Fluconazole,150 mg,Concord Pharmaceuticals Ltd.,"Unit Price: ৳ 22.07,(10's pack: ৳ 220.70),",(10's pack: ৳ 220.70)
9892,Flunapen,allopathic,flunapencapsule50-mg,Capsule,Fluconazole,50 mg,Concord Pharmaceuticals Ltd.,"Unit Price: ৳ 8.02,(30's pack: ৳ 240.60),",(30's pack: ৳ 240.60)
9889,Flunac,allopathic,flunaccapsule50-mg,Capsule,Fluconazole,50 mg,Drug International Ltd.,"Unit Price: ৳ 8.03,(50's pack: ৳ 401.50),",(50's pack: ৳ 401.50)
9891,Flunac,allopathic,flunacpowder-for-suspension50-mg5-ml,Powder for Suspension,Fluconazole,50 mg/5 ml,Drug International Ltd.,35 ml bottle: ৳ 78.00,
9890,Flunac,allopathic,flunaccapsule150-mg,Capsule,Fluconazole,150 mg,Drug International Ltd.,"Unit Price: ৳ 22.00,(20's pack: ৳ 440.00),",(20's pack: ৳ 440.00)
9888,Flumyc,allopathic,flumyccapsule150-mg,Capsule,Fluconazole,150 mg,Euro Pharma Ltd.,"Unit Price: ৳ 22.00,(10's pack: ৳ 220.00),",(10's pack: ৳ 220.00)
9887,Flumyc,allopathic,flumyccapsule50-mg,Capsule,Fluconazole,50 mg,Euro Pharma Ltd.,"Unit Price: ৳ 8.00,(30's pack: ৳ 240.00),",(30's pack: ৳ 240.00)
27239,Flumyc,allopathic,flumycpowder-for-suspension50-mg5-ml,Powder for Suspension,Fluconazole,50 mg/5 ml,Euro Pharma Ltd.,35 ml bottle: ৳ 75.00,
4654,Flumin,allopathic,fluminoral-solution5-mg5-ml,Oral Solution,Promethazine Hydrochloride,5 mg/5 ml,Cosmic Pharma Ltd.,100 ml bottle: ৳ 23.95,
20453,Flumetra,allopathic,flumetratablet05-mg10-mg,Tablet,Flupentixol + Melitracen,0.5 mg+10 mg,Virgo Pharmaceuticals Ltd.,Unit Price: ৳ 4.00,
26853,Flumetol (with device),allopathic,flumetol-with-deviceinhalation-capsule50-mcg250-mcg,Inhalation Capsule,Salmeterol + Fluticasone Propionate,50 mcg+250 mcg,Healthcare Pharmaceuticals Ltd.,"Unit Price: ৳ 18.67,(30's pack: ৳ 560.10),",(30's pack: ৳ 560.10)
26852,Flumetol (with device),allopathic,flumetol-with-deviceinhalation-capsule50-mcg100-mcg,Inhalation Capsule,Salmeterol + Fluticasone Propionate,50 mcg+100 mcg,Healthcare Pharmaceuticals Ltd.,"Unit Price: ৳ 14.00,(30's pack: ৳ 420.00),",(30's pack: ৳ 420.00)
26102,Flumetol,allopathic,flumetolinhalation-capsule50-mcg500-mcg,Inhalation Capsule,Salmeterol + Fluticasone Propionate,50 mcg+500 mcg,Healthcare Pharmaceuticals Ltd.,"Unit Price: ৳ 15.00,(30's pack: ৳ 450.00),",(30's pack: ৳ 450.00)
20507,Flumetol,allopathic,flumetolinhaler25-mcg250-mcgpuff,Inhaler,Salmeterol + Fluticasone Propionate,(25 mcg+250 mcg)/puff,Healthcare Pharmaceuticals Ltd.,120 metered doses: ৳ 850.00,
6214,A-Flox,allopathic,a-floximiv-injection500-mgvial,IM/IV Injection,Flucloxacillin Sodium,500 mg/vial,ACME Laboratories Ltd.,"500 mg vial: ৳ 45.30,(5's pack: ৳ 226.50),",(5's pack: ৳ 226.50)
6212,A-Flox,allopathic,a-floxpowder-for-suspension125-mg5-ml,Powder for Suspension,Flucloxacillin Sodium,125 mg/5 ml,ACME Laboratories Ltd.,100 ml bottle: ৳ 61.61,
6321,Flustar,allopathic,flustarcapsule250-mg,Capsule,Flucloxacillin Sodium,250 mg,Renata Limited,"Unit Price: ৳ 5.50,(48's pack: ৳ 264.00),",(48's pack: ৳ 264.00)
26636,Flustar,allopathic,flustarpowder-for-suspension125-mg5-ml,Powder for Suspension,Flucloxacillin Sodium,125 mg/5 ml,Renata Limited,100 ml bottle: ৳ 60.00,
6322,Flustar,allopathic,flustarcapsule500-mg,Capsule,Flucloxacillin Sodium,500 mg,Renata Limited,"Unit Price: ৳ 10.00,(28's pack: ৳ 280.00),",(28's pack: ৳ 280.00)
26885,Flustaph,allopathic,flustaphcapsule250-mg,Capsule,Flucloxacillin Sodium,250 mg,Orion Pharma Ltd.,"Unit Price: ৳ 5.49,(28's pack: ৳ 153.85),",(28's pack: ৳ 153.85)
26886,Flustaph,allopathic,flustaphcapsule500-mg,Capsule,Flucloxacillin Sodium,500 mg,Orion Pharma Ltd.,"Unit Price: ৳ 9.99,(28's pack: ৳ 279.74),",(28's pack: ৳ 279.74)
26887,Flustaph,allopathic,flustaphpowder-for-suspension125-mg5-ml,Powder for Suspension,Flucloxacillin Sodium,125 mg/5 ml,Orion Pharma Ltd.,100 ml bottle: ৳ 59.94,
27917,Flusaf,allopathic,flusafcapsule150-mg,Capsule,Fluconazole,150 mg,The White Horse Pharma,"Unit Price: ৳ 22.00,(18's pack: ৳ 396.00),",(18's pack: ৳ 396.00)
9900,Flusaf,allopathic,flusafcapsule50-mg,Capsule,Fluconazole,50 mg,The White Horse Pharma,"Unit Price: ৳ 8.00,(30's pack: ৳ 240.00),",(30's pack: ৳ 240.00)
110,Fluroxan,allopathic,fluroxaniv-injection-or-infusion25-mgml,IV Injection or Infusion,Fluorouracil,25 mg/ml,Beacon Pharmaceuticals Ltd.,"250 mg vial: ৳ 60.00,500 mg vial: ৳ 100.00",
29800,Flurotor,allopathic,flurotoriv-injection-or-infusion25-mgml,IV Injection or Infusion,Fluorouracil,25 mg/ml,Eskayef Pharmaceuticals Ltd.,"250 mg vial: ৳ 75.00,500 mg vial: ৳ 100.00",
15884,Flurone,allopathic,fluroneophthalmic-suspension01,Ophthalmic Suspension,Fluorometholone Acetate,0.10%,Biopharma Laboratories Ltd.,5 ml drop: ৳ 100.00,
15877,Fluromet,allopathic,flurometophthalmic-suspension01,Ophthalmic Suspension,Fluorometholone Acetate,0.10%,Popular Pharmaceuticals Ltd.,5 ml drop: ৳ 100.00,
15883,Flurolon,allopathic,flurolonophthalmic-suspension01,Ophthalmic Suspension,Fluorometholone Acetate,0.10%,General Pharmaceuticals Ltd.,5 ml drop: ৳ 100.30,
29997,Fluroid G,allopathic,fluroid-gophthalmic-suspension0103,Ophthalmic Suspension,Fluorometholone + Gentamicin,0.1%+0.3%,Opsonin Pharma Ltd.,5 ml drop: ৳ 110.00,
31721,Fluroid G,allopathic,fluroid-gophthalmic-ointment0103,Ophthalmic Ointment,Fluorometholone + Gentamicin,0.1%+0.3%,Opsonin Pharma Ltd.,3 gm tube: ৳ 130.00,
29491,Fluroid,allopathic,fluroidophthalmic-suspension01,Ophthalmic Suspension,Fluorometholone Acetate,0.10%,Opsonin Pharma Ltd.,5 ml drop: ৳ 100.00,
16853,Flurodent,allopathic,flurodentmouthwash0022,Mouthwash,Sodium Fluoride (Mouthwash),0.02%,NIPRO JMI Pharma Ltd.,120 ml bottle: ৳ 80.00,
16229,Flurocin,allopathic,flurocinophthalmic-solution2,Ophthalmic Solution,Fluorescein Sodium,2%,Reman Drug Laboratories Ltd.,"5 ml drop: ৳ 34.00,10 ml drop: ৳ 79.00",
10832,Flurizin,allopathic,flurizintablet10-mg,Tablet,Flunarizine,10 mg,Square Pharmaceuticals Ltd.,"Unit Price: ৳ 5.02,(50's pack: ৳ 251.00),",(50's pack: ৳ 251.00)
10831,Flurizin,allopathic,flurizintablet5-mg,Tablet,Flunarizine,5 mg,Square Pharmaceuticals Ltd.,"Unit Price: ৳ 3.51,(50's pack: ৳ 175.50),",(50's pack: ৳ 175.50)
10830,Flurium,allopathic,fluriumtablet10-mg,Tablet,Flunarizine,10 mg,Beximco Pharmaceuticals Ltd.,"Unit Price: ৳ 5.00,(30's pack: ৳ 150.00),",(30's pack: ৳ 150.00)
10829,Flurium,allopathic,fluriumtablet5-mg,Tablet,Flunarizine,5 mg,Beximco Pharmaceuticals Ltd.,"Unit Price: ৳ 3.00,(30's pack: ৳ 90.00),",(30's pack: ৳ 90.00)
6320,Flurif,allopathic,flurifcapsule500-mg,Capsule,Flucloxacillin Sodium,500 mg,Sharif Pharmaceuticals Ltd.,"Unit Price: ৳ 10.52,(28's pack: ৳ 294.56),",(28's pack: ৳ 294.56)
28534,Flurate,allopathic,flurateophthalmic-suspension01,Ophthalmic Suspension,Fluorometholone Acetate,0.10%,Pacific Pharmaceuticals Ltd.,5 ml drop: ৳ 100.00,
21094,Flurane,allopathic,fluranesolution-for-inhalation100-ml,Solution for Inhalation,Isoflurane,100 ml,Techno Drugs Ltd.,"100 ml bottle: ৳ 3,000.00",
17349,Fluracil,allopathic,fluraciliv-injection-or-infusion25-mgml,IV Injection or Infusion,Fluorouracil,25 mg/ml,Drug International Ltd.,"250 mg vial: ৳ 75.00,500 mg vial: ৳ 100.00",
109,Fluracedyl,allopathic,fluracedyliv-injection-or-infusion25-mgml,IV Injection or Infusion,Fluorouracil,25 mg/ml,Pharmachemie BV,500 mg vial: ৳ 450.00,
29980,Flupro,allopathic,fluprocream005,Cream,Fluticasone Propionate (Topical),0.05%,Team Pharmaceuticals Ltd.,10 gm tube: ৳ 93.00,
12637,Flupion,allopathic,flupionointment0005,Ointment,Fluticasone Propionate (Topical),0.01%,Amico Laboratories Ltd.,10 gm tube: ৳ 50.00,
4301,Fluphenazine,allopathic,fluphenazineimsc-injection25-mgml,IM/SC Injection,Fluphenazine Decanoate,25 mg/ml,"Rotexmedica GmbH, Germany","1 ml ampoule: ৳ 96.00,(10's pack: ৳ 960.00),,10 ml vial: ৳ 700.00",(10's pack: ৳ 960.00)
6211,A-Flox,allopathic,a-floxcapsule500-mg,Capsule,Flucloxacillin Sodium,500 mg,ACME Laboratories Ltd.,"Unit Price: ৳ 10.58,(48's pack: ৳ 507.84),",(48's pack: ৳ 507.84)
12640,Fluvate,allopathic,fluvateointment0005,Ointment,Fluticasone Propionate (Topical),0.01%,Opsonin Pharma Ltd.,10 gm tube: ৳ 50.19,
13034,Fluvate,allopathic,fluvatenasal-spray50-mcgspray,Nasal Spray,Fluticasone Propionate (Nasal Spray),50 mcg/spray,Opsonin Pharma Ltd.,120 metered sprays: ৳ 250.00,
3375,Fluvas,allopathic,fluvascapsule20-mg,Capsule,Fluvastatin,20 mg,Silva Pharmaceuticals Ltd.,"Unit Price: ৳ 12.05,(12's pack: ৳ 144.54),",(12's pack: ৳ 144.54)
4586,Flutrip,allopathic,flutriptablet05-mg10-mg,Tablet,Fluphenazine + Nortriptyline,0.5 mg+10 mg,General Pharmaceuticals Ltd.,"Unit Price: ৳ 0.71,(100's pack: ৳ 71.00),",(100's pack: ৳ 71.00)
12639,Flutivate,allopathic,flutivatecream005,Cream,Fluticasone Propionate (Topical),0.05%,Jenphar Bangladesh Ltd.,10 gm tube: ৳ 96.00,
29013,Flutispray Plus,allopathic,flutispray-plusnasal-spray137-mcg50-mcgspray,Nasal Spray,Azelastine Hydrochloride + Fluticasone Propionate,(137 mcg+50 mcg)/spray,Navana Pharmaceuticals Ltd.,120 metered sprays: ৳ 320.00,
26917,Flutispray,allopathic,flutispraynasal-spray50-mcgspray,Nasal Spray,Fluticasone Propionate (Nasal Spray),50 mcg/spray,Navana Pharmaceuticals Ltd.,120 metered sprays: ৳ 250.00,
3946,Flutisal,allopathic,flutisalinhalation-capsule50-mcg500-mcg,Inhalation Capsule,Salmeterol + Fluticasone Propionate,50 mcg+500 mcg,Incepta Pharmaceuticals Ltd.,"Unit Price: ৳ 15.00,(30's pack: ৳ 450.00),",(30's pack: ৳ 450.00)
3945,Flutisal,allopathic,flutisalinhalation-capsule50-mcg250-mcg,Inhalation Capsule,Salmeterol + Fluticasone Propionate,50 mcg+250 mcg,Incepta Pharmaceuticals Ltd.,"Unit Price: ৳ 12.00,(30's pack: ৳ 360.00),",(30's pack: ৳ 360.00)
3944,Flutisal,allopathic,flutisalinhalation-capsule50-mcg100-mcg,Inhalation Capsule,Salmeterol + Fluticasone Propionate,50 mcg+100 mcg,Incepta Pharmaceuticals Ltd.,"Unit Price: ৳ 5.00,(30's pack: ৳ 150.00),",(30's pack: ৳ 150.00)
27215,Flutinex,allopathic,flutinexpowder-for-suspension50-mg5-ml,Powder for Suspension,Fluconazole,50 mg/5 ml,Organic Health Care Ltd.,35 ml bottle: ৳ 78.24,
9902,Flutinex,allopathic,flutinexcapsule50-mg,Capsule,Fluconazole,50 mg,Organic Health Care Ltd.,"Unit Price: ৳ 8.03,(30's pack: ৳ 240.90),",(30's pack: ৳ 240.90)
9903,Flutinex,allopathic,flutinexcapsule150-mg,Capsule,Fluconazole,150 mg,Organic Health Care Ltd.,"Unit Price: ৳ 22.06,(12's pack: ৳ 264.72),",(12's pack: ৳ 264.72)
12638,Flutiderm,allopathic,flutidermointment0005,Ointment,Fluticasone Propionate (Topical),0.01%,Drug International Ltd.,10 gm tube: ৳ 90.30,
26555,Flutide,allopathic,flutideinhaler250-mcg10-mcgpuff,Inhaler,Fluticasone Propionate + Formoterol Fumarate,(250 mcg+10 mcg)/puff,UniMed UniHealth,120 metered doses: ৳ 895.00,
26554,Flutide,allopathic,flutideinhaler125-mcg5-mcgpuff,Inhaler,Fluticasone Propionate + Formoterol Fumarate,(125 mcg+5 mcg)/puff,UniMed UniHealth,120 metered doses: ৳ 625.00,
13033,Fluticon,allopathic,fluticonnasal-spray50-mcgspray,Nasal Spray,Fluticasone Propionate (Nasal Spray),50 mcg/spray,ACME Laboratories Ltd.,120 metered sprays: ৳ 250.76,
20496,Fluticare,allopathic,fluticareointment0005,Ointment,Fluticasone Propionate (Topical),0.01%,Ibn Sina Pharmaceuticals Ltd.,10 gm tube: ৳ 50.00,
20495,Fluticare,allopathic,fluticarecream005,Cream,Fluticasone Propionate (Topical),0.05%,Ibn Sina Pharmaceuticals Ltd.,10 gm tube: ৳ 96.00,
16312,Flutica,allopathic,fluticanasal-spray275-mcgspray,Nasal Spray,Fluticasone Furoate,27.5 mcg/spray,Aristopharma Ltd.,120 metered sprays: ৳ 250.00,
26421,Flutica,allopathic,fluticacream005,Cream,Fluticasone Propionate (Topical),0.05%,Aristopharma Ltd.,10 gm tube: ৳ 96.00,
6325,Flutec-DS,allopathic,flutec-dscapsule500-mg,Capsule,Flucloxacillin Sodium,500 mg,APC Pharma Ltd.,"Unit Price: ৳ 10.00,(40's pack: ৳ 400.00),",(40's pack: ৳ 400.00)
6326,Flutec,allopathic,flutecpowder-for-suspension125-mg5-ml,Powder for Suspension,Flucloxacillin Sodium,125 mg/5 ml,APC Pharma Ltd.,100 ml bottle: ৳ 60.00,
6324,Flutec,allopathic,fluteccapsule250-mg,Capsule,Flucloxacillin Sodium,250 mg,APC Pharma Ltd.,"Unit Price: ৳ 5.75,(40's pack: ৳ 230.00),",(40's pack: ৳ 230.00)
27185,Flutam DS,allopathic,flutam-dspowder-for-suspension250-mg5-ml,Powder for Suspension,Flucloxacillin Sodium,250 mg/5 ml,Leon Pharmaceuticals Ltd.,100 ml bottle: ৳ 110.00,
27184,Flutam,allopathic,flutamcapsule500-mg,Capsule,Flucloxacillin Sodium,500 mg,Leon Pharmaceuticals Ltd.,"Unit Price: ৳ 6.44,(28's pack: ৳ 180.26),",(28's pack: ৳ 180.26)
27183,Flutam,allopathic,flutamcapsule250-mg,Capsule,Flucloxacillin Sodium,250 mg,Leon Pharmaceuticals Ltd.,"Unit Price: ৳ 5.70,(40's pack: ৳ 228.00),",(40's pack: ৳ 228.00)
11963,Flustat,allopathic,flustatsyrup5-mg5-ml,Syrup,Cetirizine Hydrochloride,5 mg/5 ml,Decent Pharma Laboratories Ltd.,60 ml bottle: ৳ 20.00,
11962,Flustat,allopathic,flustattablet10-mg,Tablet,Cetirizine Hydrochloride,10 mg,Decent Pharma Laboratories Ltd.,"Unit Price: ৳ 2.00,(100's pack: ৳ 200.00),",(100's pack: ৳ 200.00)
33059,Flustar DS,allopathic,flustar-dspowder-for-suspension250-mg5-ml,Powder for Suspension,Flucloxacillin Sodium,250 mg/5 ml,Renata Limited,100 ml bottle: ৳ 110.00,
6210,A-Flox,allopathic,a-floxcapsule250-mg,Capsule,Flucloxacillin Sodium,250 mg,ACME Laboratories Ltd.,"Unit Price: ৳ 5.66,(48's pack: ৳ 271.68),",(48's pack: ৳ 271.68)
31509,Fobunid,allopathic,fobunidinhalation-capsule100-mcg6-mcg,Inhalation Capsule,Budesonide + Formoterol Fumarate,100 mcg+6 mcg,Eskayef Pharmaceuticals Ltd.,"Unit Price: ৳ 7.00,(30's pack: ৳ 210.00),",(30's pack: ৳ 210.00)
31510,Fobunid,allopathic,fobunidinhalation-capsule200-mcg6-mcg,Inhalation Capsule,Budesonide + Formoterol Fumarate,200 mcg+6 mcg,Eskayef Pharmaceuticals Ltd.,"Unit Price: ৳ 9.00,(30's pack: ৳ 270.00),",(30's pack: ৳ 270.00)
4342,FMR,allopathic,fmrtablet05-mg10-mg,Tablet,Flupentixol + Melitracen,0.5 mg+10 mg,Jenphar Bangladesh Ltd.,"Unit Price: ৳ 5.00,(50's pack: ৳ 250.00),",(50's pack: ৳ 250.00)
6340,Flxzen,allopathic,flxzenpowder-for-suspension125-mg5-ml,Powder for Suspension,Flucloxacillin Sodium,125 mg/5 ml,Zenith Pharmaceuticals Ltd.,100 ml bottle: ৳ 60.23,
6339,Flxzen,allopathic,flxzencapsule500-mg,Capsule,Flucloxacillin Sodium,500 mg,Zenith Pharmaceuticals Ltd.,"Unit Price: ৳ 8.00,(18's pack: ৳ 144.00),",(18's pack: ৳ 144.00)
6338,Flxzen,allopathic,flxzencapsule250-mg,Capsule,Flucloxacillin Sodium,250 mg,Zenith Pharmaceuticals Ltd.,"Unit Price: ৳ 5.00,(30's pack: ৳ 150.00),",(30's pack: ৳ 150.00)
9908,Fluzole,allopathic,fluzoletablet50-mg,Tablet,Fluconazole,50 mg,Globe Pharmaceuticals Ltd.,"Unit Price: ৳ 8.00,(30's pack: ৳ 240.00),",(30's pack: ৳ 240.00)
9909,Fluzole,allopathic,fluzoletablet150-mg,Tablet,Fluconazole,150 mg,Globe Pharmaceuticals Ltd.,"Unit Price: ৳ 22.00,(20's pack: ৳ 440.00),",(20's pack: ৳ 440.00)
9906,Fluzo,allopathic,fluzotablet50-mg,Tablet,Fluconazole,50 mg,Pacific Pharmaceuticals Ltd.,"Unit Price: ৳ 8.00,(30's pack: ৳ 240.00),",(30's pack: ৳ 240.00)
9907,Fluzo,allopathic,fluzotablet150-mg,Tablet,Fluconazole,150 mg,Pacific Pharmaceuticals Ltd.,"Unit Price: ৳ 22.00,(10's pack: ৳ 220.00),",(10's pack: ৳ 220.00)
10836,Fluzin,allopathic,fluzintablet10-mg,Tablet,Flunarizine,10 mg,ACME Laboratories Ltd.,"Unit Price: ৳ 5.01,(50's pack: ৳ 250.50),",(50's pack: ৳ 250.50)
10835,Fluzin,allopathic,fluzintablet5-mg,Tablet,Flunarizine,5 mg,ACME Laboratories Ltd.,"Unit Price: ৳ 3.01,(50's pack: ৳ 150.50),",(50's pack: ৳ 150.50)
4341,Fluxit,allopathic,fluxittablet05-mg10-mg,Tablet,Flupentixol + Melitracen,0.5 mg+10 mg,Opsonin Pharma Ltd.,"Unit Price: ৳ 5.02,(50's pack: ৳ 251.00),",(50's pack: ৳ 251.00)
6337,Fluxin,allopathic,fluxinpowder-for-suspension125-mg5-ml,Powder for Suspension,Flucloxacillin Sodium,125 mg/5 ml,Ambee Pharmaceuticals Ltd.,100 ml bottle: ৳ 58.86,
28032,Fluxin,allopathic,fluxincapsule250-mg,Capsule,Flucloxacillin Sodium,250 mg,Ambee Pharmaceuticals Ltd.,"Unit Price: ৳ 5.58,(60's pack: ৳ 335.00),",(60's pack: ৳ 335.00)
28031,Fluxin,allopathic,fluxincapsule500-mg,Capsule,Flucloxacillin Sodium,500 mg,Ambee Pharmaceuticals Ltd.,"Unit Price: ৳ 10.04,(20's pack: ৳ 200.76),",(20's pack: ৳ 200.76)
6333,Fluxicap,allopathic,fluxicapcapsule500-mg,Capsule,Flucloxacillin Sodium,500 mg,Ziska Pharmaceuticals Ltd.,"Unit Price: ৳ 10.00,(56's pack: ৳ 560.00),",(56's pack: ৳ 560.00)
6332,Fluxicap,allopathic,fluxicapcapsule250-mg,Capsule,Flucloxacillin Sodium,250 mg,Ziska Pharmaceuticals Ltd.,"Unit Price: ৳ 4.60,(40's pack: ৳ 184.00),",(40's pack: ৳ 184.00)
6334,Fluxi,allopathic,fluxipowder-for-suspension125-mg5-ml,Powder for Suspension,Flucloxacillin Sodium,125 mg/5 ml,Ziska Pharmaceuticals Ltd.,100 ml bottle: ৳ 60.00,
6330,Flux DS,allopathic,flux-dspowder-for-suspension250-mg5-ml,Powder for Suspension,Flucloxacillin Sodium,250 mg/5 ml,Opsonin Pharma Ltd.,100 ml bottle: ৳ 110.42,
6331,Flux,allopathic,fluximiv-injection500-mgvial,IM/IV Injection,Flucloxacillin Sodium,500 mg/vial,Opsonin Pharma Ltd.,"500 mg vial: ৳ 45.30,(6's pack: ৳ 271.80),",(6's pack: ৳ 271.80)
6329,Flux,allopathic,fluxpowder-for-suspension125-mg5-ml,Powder for Suspension,Flucloxacillin Sodium,125 mg/5 ml,Opsonin Pharma Ltd.,100 ml bottle: ৳ 61.42,
6328,Flux,allopathic,fluxcapsule500-mg,Capsule,Flucloxacillin Sodium,500 mg,Opsonin Pharma Ltd.,"Unit Price: ৳ 10.57,(28's pack: ৳ 295.96),",(28's pack: ৳ 295.96)
6327,Flux,allopathic,fluxcapsule250-mg,Capsule,Flucloxacillin Sodium,250 mg,Opsonin Pharma Ltd.,"Unit Price: ৳ 5.77,(28's pack: ৳ 161.56),",(28's pack: ৳ 161.56)
9904,Fluvin OD,allopathic,fluvin-odtablet50-mg,Tablet,Fluconazole,50 mg,GlaxoSmithKline,"Unit Price: ৳ 8.00,(30's pack: ৳ 240.00),,Unit Price: ৳ 8.00,(50's pack: ৳ 400.00),","(30's pack: ৳ 240.00),(50's pack: ৳ 400.00)"
9905,Fluvin OD,allopathic,fluvin-odtablet150-mg,Tablet,Fluconazole,150 mg,GlaxoSmithKline,"Unit Price: ৳ 20.70,(10's pack: ৳ 207.00),,Unit Price: ৳ 20.70,(50's pack: ৳ 1,035.00),","(10's pack: ৳ 207.00),(50's pack: ৳ 1,035.00)"
28161,Fluvigan,allopathic,fluvigantablet200-mg,Tablet,Favipiravir,200 mg,NIPRO JMI Pharma Ltd.,"Unit Price: ৳ 200.00,(10's pack: ৳ 2,000.00),,Unit Price: ৳ 200.00,(20's pack: ৳ 4,000.00),","(10's pack: ৳ 2,000.00),(20's pack: ৳ 4,000.00)"
10834,Fluver,allopathic,fluvertablet10-mg,Tablet,Flunarizine,10 mg,ACI Limited,"Unit Price: ৳ 5.02,(100's pack: ৳ 502.00),",(100's pack: ৳ 502.00)
10833,Fluver,allopathic,fluvertablet5-mg,Tablet,Flunarizine,5 mg,ACI Limited,"Unit Price: ৳ 4.00,(100's pack: ৳ 400.00),",(100's pack: ৳ 400.00)
13035,Fluvent,allopathic,fluventnasal-spray50-mcgspray,Nasal Spray,Fluticasone Propionate (Nasal Spray),50 mcg/spray,ACI Limited,120 metered sprays: ৳ 250.75,
10931,A-Fenac SR,allopathic,a-fenac-srtablet-sustained-release100-mg,Tablet (Sustained Release),Diclofenac Sodium,100 mg,ACME Laboratories Ltd.,"Unit Price: ৳ 3.01,(100's pack: ৳ 301.00),",(100's pack: ৳ 301.00)
14666,Folzin,allopathic,folzintablet5-mg20-mg,Tablet,Folic Acid + Zinc Sulfate Monohydrate,5 mg+20 mg,Pacific Pharmaceuticals Ltd.,"Unit Price: ৳ 1.90,(100's pack: ৳ 190.00),",(100's pack: ৳ 190.00)
28364,Foly,allopathic,folyimiv-injection10-mgml,IM/IV Injection,Calcium Folinate [Folinic Acid],10 mg/ml,Drug International Ltd.,"50 mg vial: ৳ 400.00,100 mg vial: ৳ 900.00",
18456,Foly,allopathic,folytablet15-mg,Tablet,Calcium Folinate [Folinic Acid],15 mg,Drug International Ltd.,"Unit Price: ৳ 25.00,(28's pack: ৳ 700.00),",(28's pack: ৳ 700.00)
13255,Folvit-Cl,allopathic,folvit-clcapsule,Capsule,Iron + Folic Acid + Vitamin B Complex + Vitamine C + Zinc Sulfate,,Eskayef Pharmaceuticals Ltd.,"Unit Price: ৳ 3.25,(60's pack: ৳ 195.00),",(60's pack: ৳ 195.00)
13234,Folvit TR,allopathic,folvit-trcapsule-timed-release,Capsule (Timed Release),Iron + Folic acid + Vitamin B complex + Vitamin C,,Eskayef Pharmaceuticals Ltd.,"Unit Price: ৳ 3.00,(90's pack: ৳ 270.00),",(90's pack: ৳ 270.00)
13462,Folus,allopathic,folustablet5-mg,Tablet,Folic Acid,5 mg,Monicopharma Ltd.,"Unit Price: ৳ 0.30,(100's pack: ৳ 30.00),",(100's pack: ৳ 30.00)
14665,Folneed,allopathic,folneedtablet5-mg20-mg,Tablet,Folic Acid + Zinc Sulfate Monohydrate,5 mg+20 mg,Incepta Pharmaceuticals Ltd.,"Unit Price: ৳ 2.00,(100's pack: ৳ 200.00),",(100's pack: ৳ 200.00)
26164,Follifactor,allopathic,follifactorimsc-injection75-iuvial,IM/SC Injection,Follicle Stimulating Hormone [Urofollitropin],75 IU/vial,ZAS Corporation,"75 IU vial: ৳ 1,800.00",
13332,Folized,allopathic,folizedcapsule-timed-release150-mg05-mg618-mg,Capsule (Timed Release),Ferrous Sulfate + Folic Acid + Zinc Sulfate,150 mg+0.5 mg+61.8 mg,General Pharmaceuticals Ltd.,"Unit Price: ৳ 3.10,(50's pack: ৳ 154.85),",(50's pack: ৳ 154.85)
30333,Folix,allopathic,folixtablet5-mg,Tablet,Calcium Folinate [Folinic Acid],5 mg,ACME Laboratories Ltd.,"Unit Price: ৳ 9.00,(30's pack: ৳ 270.00),",(30's pack: ৳ 270.00)
27506,Folita,allopathic,folitatablet5-mg,Tablet,Calcium Folinate [Folinic Acid],5 mg,Square Pharmaceuticals Ltd.,"Unit Price: ৳ 9.00,(30's pack: ৳ 270.00),",(30's pack: ৳ 270.00)
13460,Folison,allopathic,folisontablet5-mg,Tablet,Folic Acid,5 mg,Jayson Pharmaceuticals Ltd.,"Unit Price: ৳ 0.34,(500's pack: ৳ 170.00),",(500's pack: ৳ 170.00)
13302,Foliron TR,allopathic,foliron-trcapsule-timed-release150-mg05-mg618-mg,Capsule (Timed Release),Ferrous Sulfate + Folic Acid + Zinc Sulfate,150 mg+0.5 mg+61.8 mg,Mystic Pharmaceuticals Ltd.,"Unit Price: ৳ 3.00,(30's pack: ৳ 90.00),",(30's pack: ৳ 90.00)
15072,Folinex,allopathic,folineximiv-injection10-mgml,IM/IV Injection,Calcium Folinate [Folinic Acid],10 mg/ml,Beacon Pharmaceuticals Ltd.,50 mg vial: ৳ 500.00,
13204,Folin SR,allopathic,folin-srcapsule-sustained-release150-mg05-mg,Capsule (Sustained Release),Ferrous Sulfate + Folic Acid,150 mg+0.5 mg,Somatec Pharmaceuticals Ltd.,"Unit Price: ৳ 2.39,(30's pack: ৳ 71.70),",(30's pack: ৳ 71.70)
17320,Folicid,allopathic,folicidimiv-injection10-mgml,IM/IV Injection,Calcium Folinate [Folinic Acid],10 mg/ml,Techno Drugs Ltd.,"50 mg vial: ৳ 500.00,100 mg vial: ৳ 950.00",
13733,Folicard,allopathic,folicardtablet25-mg25-mg1-mg,Tablet,"Vitamin B6, B9 & B12",25 mg+2.5 mg+1 mg,Navana Pharmaceuticals Ltd.,"Unit Price: ৳ 4.00,(30's pack: ৳ 120.00),",(30's pack: ৳ 120.00)
14664,Folic-Z,allopathic,folic-ztablet5-mg20-mg,Tablet,Folic Acid + Zinc Sulfate Monohydrate,5 mg+20 mg,Opsonin Pharma Ltd.,"Unit Price: ৳ 2.00,(100's pack: ৳ 200.00),",(100's pack: ৳ 200.00)
13459,Folic-Son,allopathic,folic-sontablet5-mg,Tablet,Folic Acid,5 mg,Bristol Pharmaceuticals Ltd.,"Unit Price: ৳ 0.27,(100's pack: ৳ 27.00),",(100's pack: ৳ 27.00)
27048,Folic ZI,allopathic,folic-zicapsule-timed-release50-mg050-mg6180-mg,Capsule (Timed Release),Carbonyl Iron + Folic Acid + Zinc Sulfate,50 mg+0.50 mg+61.80 mg,Opsonin Pharma Ltd.,"Unit Price: ৳ 3.01,(60's pack: ৳ 180.60),",(60's pack: ৳ 180.60)
20530,Folic Acid,allopathic,folic-acidtablet5-mg,Tablet,Folic Acid,5 mg,Belsen Pharmaceuticals Ltd.,"Unit Price: ৳ 0.35,(100's pack: ৳ 35.00),",(100's pack: ৳ 35.00)
20529,Folic Acid,allopathic,folic-acidtablet5-mg,Tablet,Folic Acid,5 mg,Amico Laboratories Ltd.,"Unit Price: ৳ 0.35,(100's pack: ৳ 35.00),",(100's pack: ৳ 35.00)
20299,Folex Plus,allopathic,folex-pluscapsule-timed-release150-mg05-mg618-mg,Capsule (Timed Release),Ferrous Sulfate + Folic Acid + Zinc Sulfate,150 mg+0.5 mg+61.8 mg,Ethical Drug Ltd.,"Unit Price: ৳ 3.50,(30's pack: ৳ 105.00),",(30's pack: ৳ 105.00)
20533,Folcid,allopathic,folcidtablet5-mg,Tablet,Folic Acid,5 mg,Pharmik Laboratories Ltd.,"Unit Price: ৳ 0.27,(100's pack: ৳ 27.00),",(100's pack: ৳ 27.00)
17279,Folcasin,allopathic,folcasinimiv-injection10-mgml,IM/IV Injection,Calcium Folinate [Folinic Acid],10 mg/ml,BOTS Pvt. Limited,"100 mg vial: ৳ 1,477.00",
13728,Folbion,allopathic,folbiontablet25-mg25-mg1-mg,Tablet,"Vitamin B6, B9 & B12",25 mg+2.5 mg+1 mg,Pacific Pharmaceuticals Ltd.,"Unit Price: ৳ 7.90,(30's pack: ৳ 237.00),",(30's pack: ৳ 237.00)
13457,Folate,allopathic,folatetablet5-mg,Tablet,Folic Acid,5 mg,Ad-din Pharmaceuticals Ltd.,"Unit Price: ৳ 0.30,(100's pack: ৳ 30.00),",(100's pack: ৳ 30.00)
13456,Folac,allopathic,folactablet5-mg,Tablet,Folic Acid,5 mg,Ambee Pharmaceuticals Ltd.,"Unit Price: ৳ 0.24,(200's pack: ৳ 47.72),",(200's pack: ৳ 47.72)
6775,Fodexil,allopathic,fodexilcapsule500-mg,Capsule,Cefadroxil Monohydrate,500 mg,Square Pharmaceuticals Ltd.,"Unit Price: ৳ 18.00,(18's pack: ৳ 324.00),",(18's pack: ৳ 324.00)
18667,Fodexil,allopathic,fodexiltablet1000-mg,Tablet,Cefadroxil Monohydrate,1000 mg,Square Pharmaceuticals Ltd.,"Unit Price: ৳ 25.00,(12's pack: ৳ 300.00),",(12's pack: ৳ 300.00)
10933,A-Fenac Plus,allopathic,a-fenac-plusim-injection75-mg20-mg2-ml,IM Injection,Diclofenac Sodium + Lidocaine Hydrochloride,(75 mg+20 mg)/2 ml,ACME Laboratories Ltd.,"2 ml ampoule: ৳ 14.10,(10's pack: ৳ 141.00),",(10's pack: ৳ 141.00)
26105,Formocort,allopathic,formocortinhalation-capsule200-mcg6-mcg,Inhalation Capsule,Budesonide + Formoterol Fumarate,200 mcg+6 mcg,Healthcare Pharmaceuticals Ltd.,"Unit Price: ৳ 9.00,(30's pack: ৳ 270.00),",(30's pack: ৳ 270.00)
18402,Formocort,allopathic,formocortinhaler160-mcg45-mcgpuff,Inhaler,Budesonide + Formoterol Fumarate,(160 mcg+4.5 mcg)/puff,Healthcare Pharmaceuticals Ltd.,60 metered doses: ৳ 500.00,
26103,Formocort,allopathic,formocortinhalation-capsule400-mcg12-mcg,Inhalation Capsule,Budesonide + Formoterol Fumarate,400 mcg+12 mcg,Healthcare Pharmaceuticals Ltd.,"Unit Price: ৳ 14.00,(30's pack: ৳ 420.00),",(30's pack: ৳ 420.00)
26104,Formocort,allopathic,formocortinhalation-capsule100-mcg6-mcg,Inhalation Capsule,Budesonide + Formoterol Fumarate,100 mcg+6 mcg,Healthcare Pharmaceuticals Ltd.,"Unit Price: ৳ 7.00,(30's pack: ৳ 210.00),",(30's pack: ৳ 210.00)
22094,Formet XR,allopathic,formet-xrtablet-extended-release500-mg,Tablet (Extended Release),Metformin Hydrochloride,500 mg,Biopharma Laboratories Ltd.,"Unit Price: ৳ 6.00,(50's pack: ৳ 300.00),",(50's pack: ৳ 300.00)
32835,Formet XR,allopathic,formet-xrtablet-extended-release750-mg,Tablet (Extended Release),Metformin Hydrochloride,750 mg,Biopharma Laboratories Ltd.,"Unit Price: ৳ 7.00,(30's pack: ৳ 210.00),",(30's pack: ৳ 210.00)
31975,Formet V,allopathic,formet-vtablet50-mg500-mg,Tablet,Vildagliptin + Metformin Hydrochloride,50 mg+500 mg,Biopharma Laboratories Ltd.,"Unit Price: ৳ 22.00,(30's pack: ৳ 660.00),",(30's pack: ৳ 660.00)
30993,Formet L,allopathic,formet-ltablet25-mg500-mg,Tablet,Linagliptin + Metformin Hydrochloride,2.5 mg+500 mg,Biopharma Laboratories Ltd.,"Unit Price: ৳ 12.00,(30's pack: ৳ 360.00),",(30's pack: ৳ 360.00)
5379,Formet,allopathic,formettablet500-mg,Tablet,Metformin Hydrochloride,500 mg,Biopharma Laboratories Ltd.,"Unit Price: ৳ 4.00,(100's pack: ৳ 400.00),",(100's pack: ৳ 400.00)
5380,Formet,allopathic,formettablet850-mg,Tablet,Metformin Hydrochloride,850 mg,Biopharma Laboratories Ltd.,"Unit Price: ৳ 6.00,(50's pack: ৳ 300.00),",(50's pack: ৳ 300.00)
18407,Formatide,allopathic,formatideinhaler160-mcg45-mcgpuff,Inhaler,Budesonide + Formoterol Fumarate,(160 mcg+4.5 mcg)/Puff,UniMed UniHealth,120 metered doses: ৳ 900.00,
18406,Formatide,allopathic,formatideinhaler80-mcg45-mcgpuff,Inhaler,Budesonide + Formoterol Fumarate,(80 mcg+4.5 mcg)/Puff,UniMed UniHealth,120 metered doses: ৳ 625.00,
18405,Formatide,allopathic,formatideinhalation-capsule400-mcg12-mcg,Inhalation Capsule,Budesonide + Formoterol Fumarate,400 mcg+12 mcg,UniMed UniHealth,"Unit Price: ৳ 14.00,(30's pack: ৳ 420.00),",(30's pack: ৳ 420.00)
18404,Formatide,allopathic,formatideinhalation-capsule200-mcg6-mcg,Inhalation Capsule,Budesonide + Formoterol Fumarate,200 mcg+6 mcg,UniMed UniHealth,"Unit Price: ৳ 9.00,(30's pack: ৳ 270.00),",(30's pack: ৳ 270.00)
18403,Formatide,allopathic,formatideinhalation-capsule100-mcg6-mcg,Inhalation Capsule,Budesonide + Formoterol Fumarate,100 mcg+6 mcg,UniMed UniHealth,"Unit Price: ৳ 7.00,(30's pack: ৳ 210.00),",(30's pack: ৳ 210.00)
8164,Forgen,allopathic,forgenimiv-injection1-gmvial,IM/IV Injection,Cefepime Hydrochloride,1 gm/vial,Aristopharma Ltd.,1 gm vial: ৳ 550.00,
8163,Forgen,allopathic,forgenimiv-injection500-mgvial,IM/IV Injection,Cefepime Hydrochloride,500 mg/vial,Aristopharma Ltd.,500 mg vial: ৳ 300.00,
30755,Forgen,allopathic,forgeniv-injection2-gmvial,IV Injection,Cefepime Hydrochloride,2 gm/vial,Aristopharma Ltd.,"2 gm vial: ৳ 1,100.00",
25758,Forbon,allopathic,forbontablet500-mg,Tablet,Calcium Carbonate,500 mg,Jenphar Bangladesh Ltd.,"Unit Price: ৳ 3.00,(50's pack: ৳ 150.00),",(50's pack: ৳ 150.00)
15294,Forane,allopathic,foranesolution-for-inhalation100-ml,Solution for Inhalation,Isoflurane,100 ml,Abbott Laboratories,"100 ml bottle: ৳ 3,666.00",
24559,Foos,allopathic,foosoral-suspension500-mg100-mg5-ml,Oral Suspension,Sodium Alginate + Potassium Bicarbonate,(500 mg+100 mg)/5 ml,Kumudini Pharma Ltd.,200 ml bottle: ৳ 125.00,
29627,Fonidel,allopathic,fonidelophthalmic-solution25-mg05-ml,Ophthalmic Solution,Fondaparinux Sodium,2.5 mg/0.5 ml,Square Pharmaceuticals Ltd.,2.5 mg pre-filled syringe: ৳ 800.00,
20370,Fondy,allopathic,fondytablet180-mg,Tablet,Fexofenadine Hydrochloride,180 mg,Nuvista Pharma Ltd.,"Unit Price: ৳ 10.00,(20's pack: ৳ 200.00),",(20's pack: ৳ 200.00)
20371,Fondy,allopathic,fondytablet120-mg,Tablet,Fexofenadine Hydrochloride,120 mg,Nuvista Pharma Ltd.,"Unit Price: ৳ 8.00,(30's pack: ৳ 240.00),",(30's pack: ৳ 240.00)
12793,Fona Plus,allopathic,fona-plusgel0125,Gel,Adapalene + Benzoyl peroxide,0.1%+2.5%,Square Pharmaceuticals Ltd.,10 gm tube: ৳ 160.48,
175,Fona,allopathic,fonagel03,Gel,Adapalene,0.30%,Square Pharmaceuticals Ltd.,10 gm tube: ৳ 80.55,
172,Fona,allopathic,fonacream01,Cream,Adapalene,0.10%,Square Pharmaceuticals Ltd.,10 gm tube: ৳ 60.40,
22684,Fomox XG,allopathic,fomox-xgophthalmic-solution0504,Ophthalmic Solution,Moxifloxacin Hydrochloride + Xanthan Gum,0.5%+0.4%,Monicopharma Ltd.,5 ml drop: ৳ 150.00,
9630,Fomox,allopathic,fomoxophthalmic-solution05,Ophthalmic Solution,Moxifloxacin Hydrochloride (Ophthalmic),0.50%,Monicopharma Ltd.,5 ml drop: ৳ 100.00,
31701,Folzin-CI,allopathic,folzin-cicapsule-timed-release50-mg050-mg6180-mg,Capsule (Timed Release),Carbonyl Iron + Folic Acid + Zinc Sulfate,50 mg+0.50 mg+61.80 mg,Pacific Pharmaceuticals Ltd.,"Unit Price: ৳ 4.00,(60's pack: ৳ 240.00),",(60's pack: ৳ 240.00)
11134,A-Fenac K,allopathic,a-fenac-ktablet50-mg,Tablet,Diclofenac Potassium,50 mg,ACME Laboratories Ltd.,"Unit Price: ৳ 3.01,(50's pack: ৳ 150.50),",(50's pack: ৳ 150.50)
26868,Freegest,allopathic,freegestchewable-tablet4-mg,Chewable Tablet,Montelukast Sodium,4 mg,Biopharma Laboratories Ltd.,"Unit Price: ৳ 6.00,(30's pack: ৳ 180.00),",(30's pack: ৳ 180.00)
26867,Freegest,allopathic,freegesttablet10-mg,Tablet,Montelukast Sodium,10 mg,Biopharma Laboratories Ltd.,"Unit Price: ৳ 15.00,(30's pack: ৳ 450.00),",(30's pack: ৳ 450.00)
26869,Freegest,allopathic,freegestchewable-tablet5-mg,Chewable Tablet,Montelukast Sodium,5 mg,Biopharma Laboratories Ltd.,"Unit Price: ৳ 8.00,(30's pack: ৳ 240.00),",(30's pack: ৳ 240.00)
4018,Freecof,allopathic,freecofsyrup10-mg30-mg125-mg5-ml,Syrup,Dextromethorphan + Pseudoephedrine + Triprolidine,(10 mg+30 mg+1.25 mg)/5 ml,Aristopharma Ltd.,100 ml bottle: ৳ 70.00,
27216,Freecid Plus,allopathic,freecid-plusoral-suspension200-mg400-mg30-mg5-ml,Oral Suspension,Aluminium Hydroxide + Magnesium Hydroxide + Simethicone,(200 mg+400 mg+30 mg)/5 ml,Organic Health Care Ltd.,200 ml bottle: ৳ 75.22,
28680,Fravir,allopathic,fravirtablet200-mg,Tablet,Favipiravir,200 mg,Orion Pharma Ltd.,"Unit Price: ৳ 200.00,(10's pack: ৳ 2,000.00),","(10's pack: ৳ 2,000.00)"
3187,Fragmin,allopathic,fragminsc-injection7500-iu03-ml,SC Injection,Dalteparin Sodium,7500 IU/0.3 ml,Pfizer,"7500 IU pre-filled syringe: ৳ 771.00,(10's pack: ৳ 7,710.00),","(10's pack: ৳ 7,710.00)"
3186,Fragmin,allopathic,fragminsc-injection5000-iu02-ml,SC Injection,Dalteparin Sodium,5000 IU/0.2 ml,Pfizer,"5000 IU pre-filled syringe: ৳ 412.00,(10's pack: ৳ 4,120.00),","(10's pack: ৳ 4,120.00)"
3315,Frabex,allopathic,frabexcapsule500-mg,Capsule,Tranexamic Acid,500 mg,Square Pharmaceuticals Ltd.,"Unit Price: ৳ 20.00,(20's pack: ৳ 400.00),",(20's pack: ৳ 400.00)
3316,Frabex,allopathic,frabeximiv-injection500-mg5-ml,IM/IV Injection,Tranexamic Acid,500 mg/5 ml,Square Pharmaceuticals Ltd.,"5 ml ampoule: ৳ 50.00,(6's pack: ৳ 300.00),",(6's pack: ৳ 300.00)
13303,Fozifol,allopathic,fozifolcapsule-timed-release150-mg05-mg618-mg,Capsule (Timed Release),Ferrous Sulfate + Folic Acid + Zinc Sulfate,150 mg+0.5 mg+61.8 mg,Euro Pharma Ltd.,"Unit Price: ৳ 3.00,(50's pack: ৳ 150.00),",(50's pack: ৳ 150.00)
9756,Foviral,allopathic,foviraltablet300-mg,Tablet,Tenofovir Disoproxil Fumarate,300 mg,ACI Limited,"Unit Price: ৳ 85.26,(8's pack: ৳ 682.08),",(8's pack: ৳ 682.08)
30756,Fourgen,allopathic,fourgeniv-injection2-gmvial,IV Injection,Cefepime Hydrochloride,2 gm/vial,Biopharma Laboratories Ltd.,"2 gm vial: ৳ 1,100.00",
30757,Fourgen,allopathic,fourgenimiv-injection1-gmvial,IM/IV Injection,Cefepime Hydrochloride,1 gm/vial,Biopharma Laboratories Ltd.,1 gm vial: ৳ 550.00,
30758,Fourgen,allopathic,fourgenimiv-injection500-mgvial,IM/IV Injection,Cefepime Hydrochloride,500 mg/vial,Biopharma Laboratories Ltd.,500 mg vial: ৳ 300.00,
14667,Fosul,allopathic,fosulcapsule500-mg225-mg,Capsule,Folic Acid + Zinc Sulfate Monohydrate,500 mg+22.5 mg,Supreme Pharmaceutical Ltd.,"Unit Price: ৳ 2.25,(30's pack: ৳ 67.50),",(30's pack: ৳ 67.50)
11690,Fostat,allopathic,fostattablet40-mg,Tablet,Febuxostat,40 mg,Orion Pharma Ltd.,"Unit Price: ৳ 10.00,(30's pack: ৳ 300.00),",(30's pack: ৳ 300.00)
18441,Fossical-DX,allopathic,fossical-dxtablet600-mg400-iu,Tablet,Calcium Carbonate [Coral source] + Vitamin D3,600 mg+400 IU,Aristopharma Ltd.,"Unit Price: ৳ 15.00,(30's pack: ৳ 450.00),",(30's pack: ৳ 450.00)
14490,Fossical-D,allopathic,fossical-dtablet500-mg200-iu,Tablet,Calcium Carbonate [Coral source] + Vitamin D3,500 mg+200 IU,Aristopharma Ltd.,"Unit Price: ৳ 10.00,(60's pack: ৳ 600.00),",(60's pack: ৳ 600.00)
27507,Fosfomax,allopathic,fosfomaxoral-powder3-gmsachet,Oral Powder,Fosfomycin Trometamol,3 gm/sachet,Square Pharmaceuticals Ltd.,3 gm sachet: ৳ 350.00,
29836,Fosfogen,allopathic,fosfogenoral-powder3-gmsachet,Oral Powder,Fosfomycin Trometamol,3 gm/sachet,Healthcare Pharmaceuticals Ltd.,3 gm sachet: ৳ 350.00,
25958,Fosfocin,allopathic,fosfocinoral-powder3-gmsachet,Oral Powder,Fosfomycin Trometamol,3 gm/sachet,ACI Limited,3 gm sachet: ৳ 350.00,
4890,Fosfen,allopathic,fosfeninjection150-mg2-ml,Injection,Phenytoin Sodium,150 mg/2 ml,Popular Pharmaceuticals Ltd.,"2 ml ampoule: ৳ 70.26,(5's pack: ৳ 351.31),",(5's pack: ৳ 351.31)
31172,Fosfa,allopathic,fosfaiv-infusion2-gmvial,IV Infusion,Ifosfamide,2 gm/vial,Drug International Ltd.,"2 gm vial: ৳ 3,200.00",
25959,Fosamin,allopathic,fosaminoral-powder3-gmsachet,Oral Powder,Fosfomycin Trometamol,3 gm/sachet,Beximco Pharmaceuticals Ltd.,3 gm sachet: ৳ 350.00,
12666,Fortison,allopathic,fortisoncream21,Cream,Fusidic acid + Hydrocortisone,2%+1%,Incepta Pharmaceuticals Ltd.,10 gm tube: ৳ 125.00,
28699,Fortior,allopathic,fortiorcapsule300-mg,Capsule,Clindamycin,300 mg,Pharmacil Limited,"Unit Price: ৳ 22.00,(20's pack: ৳ 440.00),",(20's pack: ৳ 440.00)
29206,Forteo,allopathic,forteosc-injection20-mcg80-mcl,SC Injection,Teriparatide,20 mcg/80 mcl,Healthcare Pharmaceuticals Ltd.,"80 mcl Pre-filled Pen: ৳ 25,274.00",
26441,ForMum,allopathic,formumcapsule,Capsule,Multivitamin & Multimineral [For nursing mother],,Radiant Pharmaceuticals Ltd.,"Unit Price: ৳ 5.02,(50's pack: ৳ 251.00),",(50's pack: ৳ 251.00)
11107,A-Fenac,allopathic,a-fenacgel1-ww,Gel,Diclofenac Sodium,1% w/w,ACME Laboratories Ltd.,10 gm tube: ৳ 13.09,
10935,A-Fenac,allopathic,a-fenacsuppository50-mg,Suppository,Diclofenac Sodium,50 mg,ACME Laboratories Ltd.,"Unit Price: ৳ 14.10,(10's pack: ৳ 141.00),",(10's pack: ৳ 141.00)
2872,Frulac,allopathic,frulactablet40-mg50-mg,Tablet,Furosemide + Spironolactone,40 mg+50 mg,Orion Pharma Ltd.,"Unit Price: ৳ 10.03,(50's pack: ৳ 501.50),",(50's pack: ৳ 501.50)
2871,Frulac,allopathic,frulactablet20-mg50-mg,Tablet,Furosemide + Spironolactone,20 mg+50 mg,Orion Pharma Ltd.,"Unit Price: ৳ 8.03,(50's pack: ৳ 401.50),",(50's pack: ৳ 401.50)
28538,Frudema,allopathic,frudematablet40-mg,Tablet,Furosemide,40 mg,Pacific Pharmaceuticals Ltd.,"Unit Price: ৳ 0.53,(100's pack: ৳ 53.00),",(100's pack: ৳ 53.00)
27724,Fructose,allopathic,fructoseiv-infusion10wv,IV Infusion,Fructose,10%w/v,Opso Saline Ltd.,500 ml bag: ৳ 97.00,
14863,Fructose,allopathic,fructoseiv-infusion10wv,IV Infusion,Fructose,10%w/v,Orion Infusion Ltd.,"500 ml bag: ৳ 79.80,1000 ml bag: ৳ 175.53",
14862,Fructin,allopathic,fructiniv-infusion10wv,IV Infusion,Fructose,10%w/v,Beximco Pharmaceuticals Ltd.,500 ml bag: ৳ 97.00,
28484,Frucard,allopathic,frucardtablet20-mg50-mg,Tablet,Furosemide + Spironolactone,20 mg+50 mg,Navana Pharmaceuticals Ltd.,"Unit Price: ৳ 8.00,(30's pack: ৳ 240.00),",(30's pack: ৳ 240.00)
28485,Frucard,allopathic,frucardtablet40-mg50-mg,Tablet,Furosemide + Spironolactone,40 mg+50 mg,Navana Pharmaceuticals Ltd.,"Unit Price: ৳ 10.00,(30's pack: ৳ 300.00),",(30's pack: ৳ 300.00)
11423,Fritt,allopathic,fritttablet500-mg,Tablet,Naproxen Sodium,500 mg,Somatec Pharmaceuticals Ltd.,"Unit Price: ৳ 7.03,(50's pack: ৳ 351.50),",(50's pack: ৳ 351.50)
11422,Fritt,allopathic,fritttablet250-mg,Tablet,Naproxen Sodium,250 mg,Somatec Pharmaceuticals Ltd.,"Unit Price: ৳ 4.01,(50's pack: ৳ 200.50),",(50's pack: ৳ 200.50)
4280,Frisium,allopathic,frisiumtablet10-mg,Tablet,Clobazam,10 mg,Synovia pharma plc,"Unit Price: ৳ 5.02,(100's pack: ৳ 502.00),",(100's pack: ৳ 502.00)
4345,Frexit,allopathic,frexittablet05-mg10-mg,Tablet,Flupentixol + Melitracen,0.5 mg+10 mg,Asiatic Laboratories Ltd.,"Unit Price: ৳ 3.41,(30's pack: ৳ 102.27),",(30's pack: ৳ 102.27)
4251,Freten,allopathic,fretentablet3-mg,Tablet,Bromazepam,3 mg,Delta Pharma Ltd.,"Unit Price: ৳ 3.00,(45's pack: ৳ 135.00),",(45's pack: ৳ 135.00)
26755,Freshtear P,allopathic,freshtear-pophthalmic-solution0403,Ophthalmic Solution,Polyethylene Glycol + Propylene Glycol,0.4%+0.3%,Eskayef Pharmaceuticals Ltd.,10 ml drop: ৳ 210.00,
16164,Freshtear,allopathic,freshtearophthalmic-solution0403,Ophthalmic Solution,Polyethylene Glycol + Propylene Glycol,0.4%+0.3%,Eskayef Pharmaceuticals Ltd.,10 ml drop: ৳ 200.00,
12794,Freshlook,allopathic,freshlookgel0125,Gel,Adapalene + Benzoyl peroxide,0.1%+2.5%,Ziska Pharmaceuticals Ltd.,10 gm tube: ৳ 160.00,
26209,Freshfil,allopathic,freshfilophthalmic-solution1,Ophthalmic Solution,Carboxymethylcellulose Sodium,1%,Incepta Pharmaceuticals Ltd.,10 ml drop: ৳ 275.00,
4587,Fresh,allopathic,freshtablet05-mg10-mg,Tablet,Fluphenazine + Nortriptyline,0.5 mg+10 mg,Nipa Pharmaceuticals Ltd.,"Unit Price: ৳ 0.80,(100's pack: ৳ 80.00),",(100's pack: ৳ 80.00)
4344,Frenxit,allopathic,frenxittablet05-mg10-mg,Tablet,Flupentixol + Melitracen,0.5 mg+10 mg,Beximco Pharmaceuticals Ltd.,"Unit Price: ৳ 5.00,(150's pack: ৳ 750.00),",(150's pack: ৳ 750.00)
1183,Frenvas,allopathic,frenvastablet10-mg,Tablet,Atorvastatin Calcium,10 mg,Radiant Pharmaceuticals Ltd.,"Unit Price: ৳ 12.04,(28's pack: ৳ 337.12),",(28's pack: ৳ 337.12)
31989,Frenvas,allopathic,frenvastablet40-mg,Tablet,Atorvastatin Calcium,40 mg,Radiant Pharmaceuticals Ltd.,"Unit Price: ৳ 28.00,(21's pack: ৳ 588.00),",(21's pack: ৳ 588.00)
26442,Frenvas,allopathic,frenvastablet20-mg,Tablet,Atorvastatin Calcium,20 mg,Radiant Pharmaceuticals Ltd.,"Unit Price: ৳ 20.06,(21's pack: ৳ 421.26),",(21's pack: ৳ 421.26)
32396,Frenia,allopathic,freniaoral-solution1-mgml,Oral Solution,Risperidone (Oral),1 mg/ml,Incepta Pharmaceuticals Ltd.,100 ml bottle: ৳ 300.00,
4416,Frenia,allopathic,freniatablet4-mg,Tablet,Risperidone (Oral),4 mg,Incepta Pharmaceuticals Ltd.,"Unit Price: ৳ 8.00,(30's pack: ৳ 240.00),",(30's pack: ৳ 240.00)
4415,Frenia,allopathic,freniatablet2-mg,Tablet,Risperidone (Oral),2 mg,Incepta Pharmaceuticals Ltd.,"Unit Price: ৳ 5.00,(50's pack: ৳ 250.00),",(50's pack: ৳ 250.00)
4414,Frenia,allopathic,freniatablet1-mg,Tablet,Risperidone (Oral),1 mg,Incepta Pharmaceuticals Ltd.,"Unit Price: ৳ 3.00,(50's pack: ৳ 150.00),",(50's pack: ৳ 150.00)
21753,Frelax,allopathic,frelaxoral-emulsion300-mg125-ml5-ml,Oral Emulsion,Magnesium Hydroxide + Liquid Paraffin,(300 mg+1.25 ml)/5 ml,Beximco Pharmaceuticals Ltd.,100 ml bottle: ৳ 95.00,
28533,FreFast,allopathic,frefastcream30104,Cream,Methyl Salicylate + Menthol + Camphor,30%+10%+4%,Pacific Pharmaceuticals Ltd.,25 gm tube: ৳ 120.00,
29253,Freespa,allopathic,freespatablet50-mg,Tablet,Tiemonium Methylsulphate,50 mg,Al-Madina Pharmaceuticals Ltd.,"Unit Price: ৳ 5.00,(50's pack: ৳ 250.00),",(50's pack: ৳ 250.00)
50,Freemax,allopathic,freemaxtablet100-mg,Tablet,Aceclofenac,100 mg,Nuvista Pharma Ltd.,"Unit Price: ৳ 4.96,(50's pack: ৳ 248.00),",(50's pack: ৳ 248.00)
10934,A-Fenac,allopathic,a-fenacsuppository125-mg,Suppository,Diclofenac Sodium,12.5 mg,ACME Laboratories Ltd.,"Unit Price: ৳ 8.07,(10's pack: ৳ 80.70),",(10's pack: ৳ 80.70)
8220,Fulspec,allopathic,fulspeciv-injection-or-infusion500-mgvial,IV Injection or Infusion,Meropenem Trihydrate,500 mg/vial,ACME Laboratories Ltd.,500 mg vial: ৳ 654.42,
32344,Fulrest,allopathic,fulresttablet05-mg10-mg,Tablet,Flupentixol + Melitracen,0.5 mg+10 mg,Al-Madina Pharmaceuticals Ltd.,"Unit Price: ৳ 5.00,(100's pack: ৳ 500.00),",(100's pack: ৳ 500.00)
30227,Fulphila,allopathic,fulphilasc-injection6-mg06-ml,SC Injection,Pegfilgrastim [Pegylated Filgrastim],6 mg/0.6 ml,Beximco Pharmaceuticals Ltd.,"0.6 ml pre-filled syringe: ৳ 20,060.00",
27204,Fulimet,allopathic,fulimettablet05-mg10-mg,Tablet,Flupentixol + Melitracen,0.5 mg+10 mg,Innovative Pharma (Albion),"Unit Price: ৳ 5.31,(50's pack: ৳ 265.60),",(50's pack: ৳ 265.60)
6010,Fulfeel,allopathic,fulfeeltablet50-mg,Tablet,Sildenafil Citrate,50 mg,Orion Pharma Ltd.,"Unit Price: ৳ 30.09,(8's pack: ৳ 240.72),",(8's pack: ৳ 240.72)
12667,Fucort,allopathic,fucortcream21,Cream,Fusidic acid + Hydrocortisone,2%+1%,Novo Healthcare and Pharma Ltd.,10 gm tube: ৳ 125.00,
7392,Fuclav,allopathic,fuclavtablet125-mg3125-mg,Tablet,Cefuroxime Axetil + Clavulanic Acid,125 mg+31.25 mg,Drug International Ltd.,"Unit Price: ৳ 18.10,(14's pack: ৳ 253.40),",(14's pack: ৳ 253.40)
7393,Fuclav,allopathic,fuclavtablet250-mg625-mg,Tablet,Cefuroxime Axetil + Clavulanic Acid,250 mg+62.5 mg,Drug International Ltd.,"Unit Price: ৳ 30.10,(14's pack: ৳ 421.40),",(14's pack: ৳ 421.40)
7395,Fuclav,allopathic,fuclavpowder-for-suspension125-mg3125-mg5-ml,Powder for Suspension,Cefuroxime Axetil + Clavulanic Acid,(125 mg+31.25 mg)/5 ml,Drug International Ltd.,70 ml bottle: ৳ 250.75,
7394,Fuclav,allopathic,fuclavtablet500-mg125-mg,Tablet,Cefuroxime Axetil + Clavulanic Acid,500 mg+125 mg,Drug International Ltd.,"Unit Price: ৳ 50.20,(14's pack: ৳ 702.80),",(14's pack: ৳ 702.80)
15746,Fucithalmic,allopathic,fucithalmicviscous-eye-drop1,Viscous Eye Drop,Fusidic Acid (Ophthalmic),1%,Leo Pharmaceuticals Ltd.,5 gm tube: ৳ 249.78,
26210,Fucimax,allopathic,fucimaxtablet250-mg,Tablet,Sodium Fusidate (Oral),250 mg,Incepta Pharmaceuticals Ltd.,"Unit Price: ৳ 65.00,(10's pack: ৳ 650.00),",(10's pack: ৳ 650.00)
6342,Fucil,allopathic,fucilcapsule500-mg,Capsule,Flucloxacillin Sodium,500 mg,Nipa Pharmaceuticals Ltd.,"Unit Price: ৳ 10.00,(28's pack: ৳ 280.00),",(28's pack: ৳ 280.00)
6343,Fucil,allopathic,fucilpowder-for-suspension125-mg5-ml,Powder for Suspension,Flucloxacillin Sodium,125 mg/5 ml,Nipa Pharmaceuticals Ltd.,100 ml bottle: ৳ 60.00,
8922,Fucidin Leo,allopathic,fucidin-leoointment2,Ointment,Sodium Fusidate (Topical),2%,Leo Pharmaceuticals Ltd.,15 gm tube: ৳ 275.94,
8921,Fucidin Leo,allopathic,fucidin-leocream2,Cream,Sodium Fusidate (Topical),2%,Leo Pharmaceuticals Ltd.,15 gm tube: ৳ 303.90,
8927,Fucidin,allopathic,fucidintablet250-mg,Tablet,Sodium Fusidate (Oral),250 mg,Leo Pharmaceuticals Ltd.,"Unit Price: ৳ 98.32,(20's pack: ৳ 1,966.40),","(20's pack: ৳ 1,966.40)"
16511,Fucicort,allopathic,fucicortcream201,Cream,Fucidic Acid + Betamethasone,2%+0.1%,Leo Pharmaceuticals Ltd.,15 gm tube: ৳ 415.00,
26059,FSH,allopathic,fshimsc-injection75-iuvial,IM/SC Injection,Follicle Stimulating Hormone [Urofollitropin],75 IU/vial,Popular Pharmaceuticals Ltd.,"75 IU vial: ৳ 1,375.00",
33144,FSH,allopathic,fshimsc-injection150-iuvial,IM/SC Injection,Follicle Stimulating Hormone [Urofollitropin],150 IU/vial,Renata Limited,"150 IU vial: ৳ 2,600.00",
2880,Fruspa,allopathic,fruspatablet20-mg50-mg,Tablet,Furosemide + Spironolactone,20 mg+50 mg,Zenith Pharmaceuticals Ltd.,"Unit Price: ৳ 6.00,(30's pack: ৳ 180.00),",(30's pack: ৳ 180.00)
2879,Fruson,allopathic,frusontablet20-mg50-mg,Tablet,Furosemide + Spironolactone,20 mg+50 mg,Ibn Sina Pharmaceuticals Ltd.,"Unit Price: ৳ 6.00,(30's pack: ৳ 180.00),",(30's pack: ৳ 180.00)
2878,Frusiton,allopathic,frusitontablet40-mg50-mg,Tablet,Furosemide + Spironolactone,40 mg+50 mg,Globe Pharmaceuticals Ltd.,"Unit Price: ৳ 8.00,(30's pack: ৳ 240.00),",(30's pack: ৳ 240.00)
2877,Frusiton,allopathic,frusitontablet20-mg50-mg,Tablet,Furosemide + Spironolactone,20 mg+50 mg,Globe Pharmaceuticals Ltd.,"Unit Price: ৳ 6.00,(30's pack: ৳ 180.00),",(30's pack: ৳ 180.00)
2876,Frusin Plus,allopathic,frusin-plustablet40-mg50-mg,Tablet,Furosemide + Spironolactone,40 mg+50 mg,Opsonin Pharma Ltd.,"Unit Price: ৳ 8.03,(30's pack: ৳ 240.90),",(30's pack: ৳ 240.90)
20573,Frusin Plus,allopathic,frusin-plustablet20-mg50-mg,Tablet,Furosemide + Spironolactone,20 mg+50 mg,Opsonin Pharma Ltd.,"Unit Price: ৳ 6.02,(30's pack: ৳ 180.60),",(30's pack: ৳ 180.60)
2839,Frusin,allopathic,frusinimiv-injection20-mg2-ml,IM/IV Injection,Furosemide,20 mg/2 ml,Opsonin Pharma Ltd.,"2 ml ampoule: ৳ 8.00,(10's pack: ৳ 80.00),",(10's pack: ৳ 80.00)
2838,Frusin,allopathic,frusinsyrup20-mg5-ml,Syrup,Furosemide,20 mg/5 ml,Opsonin Pharma Ltd.,60 ml bottle: ৳ 85.32,
2837,Frusin,allopathic,frusintablet40-mg,Tablet,Furosemide,40 mg,Opsonin Pharma Ltd.,"Unit Price: ৳ 0.53,(100's pack: ৳ 53.00),",(100's pack: ৳ 53.00)
2836,Frunep,allopathic,fruneptablet250-mg,Tablet,Furosemide,250 mg,UniMed UniHealth,"Unit Price: ৳ 3.20,(50's pack: ৳ 160.00),",(50's pack: ৳ 160.00)
10932,A-Fenac,allopathic,a-fenacim-injection75-mg3-ml,IM Injection,Diclofenac Sodium,75 mg/3 ml,ACME Laboratories Ltd.,"3 ml ampoule: ৳ 14.10,(10's pack: ৳ 141.00),",(10's pack: ৳ 141.00)
26082,Fungitac,allopathic,fungitaccream2,Cream,Sertaconazole Nitrate,2%,Ziska Pharmaceuticals Ltd.,20 gm tube: ৳ 200.00,
9803,Fungistin,allopathic,fungistinoral-suspension100000-unitml,Oral Suspension,Nystatin (Oral),100000 unit/ml,Beximco Pharmaceuticals Ltd.,12 ml bottle: ৳ 22.74,
12726,Fungistat,allopathic,fungistatointment,Ointment,Triamcinolone + Neomycin + Nystatin + Gramicidin,,Drug International Ltd.,10 gm tube: ৳ 40.00,
12725,Fungistat,allopathic,fungistatcream,Cream,Triamcinolone + Neomycin + Nystatin + Gramicidin,,Drug International Ltd.,10 gm tube: ৳ 40.00,
12713,Fungison,allopathic,fungisoncream101,Cream,Econazole Nitrate + Triamcinolone Acetonide,1%+0.1%,Chemist Laboratories  Ltd.,10 gm tube: ৳ 45.00,
33060,Fungirox,allopathic,fungiroxcream1,Cream,Ciclopirox Olamine (Cream),1%,Renata Limited,15 gm tube: ৳ 110.00,
27405,Funginil,allopathic,funginilcapsule150-mg,Capsule,Fluconazole,150 mg,Premier Pharmaceuticals Ltd.,"Unit Price: ৳ 17.00,(10's pack: ৳ 170.00),,Unit Price: ৳ 17.00,(30's pack: ৳ 510.00),","(10's pack: ৳ 170.00),(30's pack: ৳ 510.00)"
27406,Funginil,allopathic,funginilcapsule50-mg,Capsule,Fluconazole,50 mg,Premier Pharmaceuticals Ltd.,"Unit Price: ৳ 8.00,(30's pack: ৳ 240.00),",(30's pack: ৳ 240.00)
12551,Fungin-B,allopathic,fungin-bcream0051,Cream,Betamethasone + Clotrimazole,0.05%+1%,Ibn Sina Pharmaceuticals Ltd.,10 gm tube: ৳ 35.00,
12393,Fungin,allopathic,fungincream1,Cream,Clotrimazole (Topical),1%,Ibn Sina Pharmaceuticals Ltd.,10 gm tube: ৳ 35.00,
19546,Fungin,allopathic,funginear-drop1,Ear Drop,Clotrimazole (Ear drop),1%,Ibn Sina Pharmaceuticals Ltd.,10 ml drop: ৳ 80.00,
10027,Fungimin,allopathic,fungimincream2,Cream,Miconazole Nitrate (Topical),2%,Kumudini Pharma Ltd.,10 gm tube: ৳ 40.00,
22465,Fungimin,allopathic,fungiminoral-gel2-ww,Oral Gel,Miconazole Nitrate (Oral Gel),2% w/w,Kumudini Pharma Ltd.,20 gm tube: ৳ 60.00,
32514,Fungifix,allopathic,fungifixcapsule50-mg,Capsule,Fluconazole,50 mg,Doctor TIMS Pharmaceuticals Ltd.,"Unit Price: ৳ 8.00,(30's pack: ৳ 240.00),",(30's pack: ৳ 240.00)
12677,Fungidal-HC,allopathic,fungidal-hccream21,Cream,Miconazole Nitrate + Hydrocortisone,2%+1%,Square Pharmaceuticals Ltd.,15 gm tube: ৳ 55.00,
10026,Fungidal,allopathic,fungidalcream2,Cream,Miconazole Nitrate (Topical),2%,Square Pharmaceuticals Ltd.,"10 gm tube: ৳ 35.24,15 gm tube: ৳ 50.00",
13049,Fungicort,allopathic,fungicortcream101,Cream,Econazole Nitrate + Triamcinolone Acetonide,1%+0.1%,Ibn Sina Pharmaceuticals Ltd.,10 gm tube: ৳ 40.00,
9917,Fungi-F,allopathic,fungi-fcapsule50-mg,Capsule,Fluconazole,50 mg,Edruc Limited,"Unit Price: ৳ 8.00,(30's pack: ৳ 240.00),",(30's pack: ৳ 240.00)
12678,Fungi MH,allopathic,fungi-mhcream21,Cream,Miconazole Nitrate + Hydrocortisone,2%+1%,Edruc Limited,10 gm tube: ৳ 40.00,
9914,Fungata,allopathic,fungatatablet50-mg,Tablet,Fluconazole,50 mg,Biopharma Laboratories Ltd.,"Unit Price: ৳ 8.03,(30's pack: ৳ 240.90),",(30's pack: ৳ 240.90)
9915,Fungata,allopathic,fungatatablet150-mg,Tablet,Fluconazole,150 mg,Biopharma Laboratories Ltd.,"Unit Price: ৳ 22.00,(10's pack: ৳ 220.00),",(10's pack: ৳ 220.00)
9916,Fungata,allopathic,fungatapowder-for-suspension50-mg5-ml,Powder for Suspension,Fluconazole,50 mg/5 ml,Biopharma Laboratories Ltd.,35 ml bottle: ৳ 78.00,
9913,Fungard,allopathic,fungardcapsule50-mg,Capsule,Fluconazole,50 mg,Cosmic Pharma Ltd.,"Unit Price: ৳ 8.23,(30's pack: ৳ 246.90),",(30's pack: ৳ 246.90)
29530,Fungard,allopathic,fungardcapsule150-mg,Capsule,Fluconazole,150 mg,Cosmic Pharma Ltd.,"Unit Price: ৳ 22.00,(20's pack: ৳ 440.00),",(20's pack: ৳ 440.00)
28034,Fungakil,allopathic,fungakilointment0025,Ointment,Fluocinolone Acetonide,0.03%,Ambee Pharmaceuticals Ltd.,5 gm tube: ৳ 28.00,
28033,Fungakil,allopathic,fungakilcream0025,Cream,Fluocinolone Acetonide,0.03%,Ambee Pharmaceuticals Ltd.,5 gm tube: ৳ 28.00,
9985,Funga,allopathic,fungacapsule150-mg,Capsule,Fluconazole,150 mg,Doctor’s Chemical Works Ltd.,"Unit Price: ৳ 18.00,(20's pack: ৳ 360.00),",(20's pack: ৳ 360.00)
9984,Funga,allopathic,fungacapsule50-mg,Capsule,Fluconazole,50 mg,Doctor’s Chemical Works Ltd.,"Unit Price: ৳ 6.50,(30's pack: ৳ 195.00),",(30's pack: ৳ 195.00)
22060,Fulspec,allopathic,fulspeciv-injection-or-infusion250-mgvial,IV Injection or Infusion,Meropenem Trihydrate,250 mg/vial,ACME Laboratories Ltd.,250 mg vial: ৳ 400.00,
10930,A-Fenac,allopathic,a-fenactablet50-mg,Tablet,Diclofenac Sodium,50 mg,ACME Laboratories Ltd.,"Unit Price: ৳ 0.84,(100's pack: ৳ 84.00),",(100's pack: ৳ 84.00)
29592,Abolib,herbal,abolibcapsule60-mg,Capsule,Ginkgo Biloba,60 mg,Veritas Pharmaceuticals Ltd.,"Unit Price: ৳ 10.00,(30's pack: ৳ 300.00),",(30's pack: ৳ 300.00)
31024,Furoclav,allopathic,furoclavpowder-for-suspension125-mg3125-mg5-ml,Powder for Suspension,Cefuroxime Axetil + Clavulanic Acid,(125 mg+31.25 mg)/5 ml,Renata Limited,70 ml bottle: ৳ 252.00,
30359,Furocef DS,allopathic,furocef-dspowder-for-suspension250-mg5-ml,Powder for Suspension,Cefuroxime Axetil,250 mg/5 ml,Renata Limited,50 ml bottle: ৳ 250.00,
7249,Furocef,allopathic,furocefimiv-injection750-mgvial,IM/IV Injection,Cefuroxime Axetil,750 mg/vial,Renata Limited,750 mg vial: ৳ 125.47,
7247,Furocef,allopathic,furocefpowder-for-suspension125-mg5-ml,Powder for Suspension,Cefuroxime Axetil,125 mg/5 ml,Renata Limited,70 ml bottle: ৳ 225.00,
7246,Furocef,allopathic,furoceftablet500-mg,Tablet,Cefuroxime Axetil,500 mg,Renata Limited,"Unit Price: ৳ 45.17,(12's pack: ৳ 542.04),",(12's pack: ৳ 542.04)
7245,Furocef,allopathic,furoceftablet250-mg,Tablet,Cefuroxime Axetil,250 mg,Renata Limited,"Unit Price: ৳ 25.09,(16's pack: ৳ 401.44),",(16's pack: ৳ 401.44)
7244,Furocef,allopathic,furoceftablet125-mg,Tablet,Cefuroxime Axetil,125 mg,Renata Limited,"Unit Price: ৳ 15.06,(10's pack: ৳ 150.60),",(10's pack: ৳ 150.60)
7250,Furocef,allopathic,furocefiv-injection15-gmvial,IV Injection,Cefuroxime Axetil,1.5 gm/vial,Renata Limited,1.5 gm vial: ৳ 200.75,
30360,Furocef,allopathic,furocefimiv-injection250-mgvial,IM/IV Injection,Cefuroxime Axetil,250 mg/vial,Renata Limited,250 mg vial: ৳ 55.21,
25839,Furocef,allopathic,furocefimiv-injection1-gmvial,IM/IV Injection,Cefuroxime Axetil,1 gm/vial,Renata Limited,1 gm vial: ৳ 160.00,
2881,Furo Plus,allopathic,furo-plustablet20-mg50-mg,Tablet,Furosemide + Spironolactone,20 mg+50 mg,Beacon Pharmaceuticals Ltd.,"Unit Price: ৳ 6.02,(30's pack: ৳ 180.60),",(30's pack: ৳ 180.60)
20373,Furia,allopathic,furiatablet120-mg,Tablet,Fexofenadine Hydrochloride,120 mg,Organic Health Care Ltd.,"Unit Price: ৳ 7.02,(30's pack: ৳ 210.60),",(30's pack: ৳ 210.60)
20374,Furia,allopathic,furiatablet180-mg,Tablet,Fexofenadine Hydrochloride,180 mg,Organic Health Care Ltd.,"Unit Price: ৳ 9.03,(30's pack: ৳ 270.90),",(30's pack: ৳ 270.90)
20375,Furia,allopathic,furiaoral-suspension30-mg5-ml,Oral Suspension,Fexofenadine Hydrochloride,30 mg/5 ml,Organic Health Care Ltd.,50 ml bottle: ৳ 48.14,
20372,Furia,allopathic,furiatablet60-mg,Tablet,Fexofenadine Hydrochloride,60 mg,Organic Health Care Ltd.,"Unit Price: ৳ 3.51,(30's pack: ৳ 105.30),",(30's pack: ৳ 105.30)
7238,Furex,allopathic,furextablet250-mg,Tablet,Cefuroxime Axetil,250 mg,Drug International Ltd.,"Unit Price: ৳ 25.00,(14's pack: ৳ 350.00),",(14's pack: ৳ 350.00)
7239,Furex,allopathic,furextablet500-mg,Tablet,Cefuroxime Axetil,500 mg,Drug International Ltd.,"Unit Price: ৳ 45.00,(8's pack: ৳ 360.00),",(8's pack: ৳ 360.00)
7240,Furex,allopathic,furexpowder-for-suspension125-mg5-ml,Powder for Suspension,Cefuroxime Axetil,125 mg/5 ml,Drug International Ltd.,70 ml bottle: ৳ 225.00,
7241,Furex,allopathic,fureximiv-injection250-mgvial,IM/IV Injection,Cefuroxime Axetil,250 mg/vial,Drug International Ltd.,250 mg vial: ৳ 50.20,
7242,Furex,allopathic,fureximiv-injection750-mgvial,IM/IV Injection,Cefuroxime Axetil,750 mg/vial,Drug International Ltd.,750 mg vial: ৳ 125.40,
7243,Furex,allopathic,furexiv-injection15-gmvial,IV Injection,Cefuroxime Axetil,1.5 gm/vial,Drug International Ltd.,1.5 gm vial: ৳ 200.75,
12972,Furasep,allopathic,furasepcream02,Cream,Nitrofurazone,0.20%,Beximco Pharmaceuticals Ltd.,20 gm tube: ৳ 17.00,
9921,Funzole,allopathic,funzolecapsule50-mg,Capsule,Fluconazole,50 mg,Monicopharma Ltd.,"Unit Price: ৳ 8.00,(30's pack: ৳ 240.00),",(30's pack: ৳ 240.00)
9922,Funzole,allopathic,funzolecapsule150-mg,Capsule,Fluconazole,150 mg,Monicopharma Ltd.,"Unit Price: ৳ 22.00,(12's pack: ৳ 264.00),",(12's pack: ৳ 264.00)
9923,Funzole,allopathic,funzolepowder-for-suspension50-mg5-ml,Powder for Suspension,Fluconazole,50 mg/5 ml,Monicopharma Ltd.,35 ml bottle: ৳ 78.00,
12379,Fungizol,allopathic,fungizolophthalmic-ointment1,Ophthalmic Ointment,Clotrimazole (Eye ointment),1%,Reman Drug Laboratories Ltd.,4 gm tube: ৳ 55.50,
12378,Fungizol,allopathic,fungizolear-drop1,Ear Drop,Clotrimazole (Ear drop),1%,Reman Drug Laboratories Ltd.,10 ml drop: ৳ 80.00,
9920,Fungitrol,allopathic,fungitrolpowder-for-suspension50-mg5-ml,Powder for Suspension,Fluconazole,50 mg/5 ml,Rangs Pharmaceuticals Ltd.,35 ml bottle: ৳ 78.24,
9919,Fungitrol,allopathic,fungitrolcapsule150-mg,Capsule,Fluconazole,150 mg,Rangs Pharmaceuticals Ltd.,"Unit Price: ৳ 22.06,(12's pack: ৳ 264.72),",(12's pack: ৳ 264.72)
9918,Fungitrol,allopathic,fungitrolcapsule50-mg,Capsule,Fluconazole,50 mg,Rangs Pharmaceuticals Ltd.,"Unit Price: ৳ 8.03,(20's pack: ৳ 160.60),",(20's pack: ৳ 160.60)
10929,A-Fenac,allopathic,a-fenactablet25-mg,Tablet,Diclofenac Sodium,25 mg,ACME Laboratories Ltd.,"Unit Price: ৳ 0.55,(100's pack: ৳ 55.00),",(100's pack: ৳ 55.00)
12668,Fusibac-H,allopathic,fusibac-hcream21,Cream,Fusidic acid + Hydrocortisone,2%+1%,Drug International Ltd.,10 gm tube: ৳ 125.40,
20580,Fusate,allopathic,fusatecream2,Cream,Sodium Fusidate (Topical),2%,Amulet Pharmaceuticals Ltd.,20 gm tube: ৳ 80.24,
10234,Furoxamid,allopathic,furoxamidtablet500-mg,Tablet,Diloxanide Furoate,500 mg,Medimet Pharmaceuticals Ltd.,"Unit Price: ৳ 1.70,(100's pack: ৳ 170.00),",(100's pack: ৳ 170.00)
2882,Furotone,allopathic,furotonetablet20-mg50-mg,Tablet,Furosemide + Spironolactone,20 mg+50 mg,Novo Healthcare and Pharma Ltd.,"Unit Price: ৳ 6.00,(30's pack: ৳ 180.00),",(30's pack: ৳ 180.00)
7259,Furotixol,allopathic,furotixoltablet250-mg,Tablet,Cefuroxime Axetil,250 mg,Sharif Pharmaceuticals Ltd.,"Unit Price: ৳ 25.09,(8's pack: ৳ 200.71),",(8's pack: ৳ 200.71)
7260,Furotixol,allopathic,furotixoltablet500-mg,Tablet,Cefuroxime Axetil,500 mg,Sharif Pharmaceuticals Ltd.,"Unit Price: ৳ 45.13,(8's pack: ৳ 361.00),",(8's pack: ৳ 361.00)
7261,Furotixol,allopathic,furotixolpowder-for-suspension125-mg5-ml,Powder for Suspension,Cefuroxime Axetil,125 mg/5 ml,Sharif Pharmaceuticals Ltd.,70 ml bottle: ৳ 198.60,
29204,Furotil Plus,allopathic,furotil-plustablet250-mg625-mg,Tablet,Cefuroxime Axetil + Clavulanic Acid,250 mg+62.5 mg,Healthcare Pharmaceuticals Ltd.,"Unit Price: ৳ 35.00,(12's pack: ৳ 420.00),",(12's pack: ৳ 420.00)
29205,Furotil Plus,allopathic,furotil-plustablet500-mg125-mg,Tablet,Cefuroxime Axetil + Clavulanic Acid,500 mg+125 mg,Healthcare Pharmaceuticals Ltd.,"Unit Price: ৳ 60.00,(12's pack: ৳ 720.00),",(12's pack: ৳ 720.00)
29202,Furotil Plus,allopathic,furotil-pluspowder-for-suspension125-mg3125-mg5-ml,Powder for Suspension,Cefuroxime Axetil + Clavulanic Acid,(125 mg+31.25 mg)/5 ml,Healthcare Pharmaceuticals Ltd.,70 ml bottle: ৳ 252.00,
29203,Furotil Plus,allopathic,furotil-plustablet125-mg3125-mg,Tablet,Cefuroxime Axetil + Clavulanic Acid,125 mg+31.25 mg,Healthcare Pharmaceuticals Ltd.,"Unit Price: ৳ 21.00,(16's pack: ৳ 336.00),",(16's pack: ৳ 336.00)
7253,Furotil,allopathic,furotiltablet125-mg,Tablet,Cefuroxime Axetil,125 mg,Healthcare Pharmaceuticals Ltd.,"Unit Price: ৳ 15.00,(12's pack: ৳ 180.00),",(12's pack: ৳ 180.00)
7254,Furotil,allopathic,furotiltablet250-mg,Tablet,Cefuroxime Axetil,250 mg,Healthcare Pharmaceuticals Ltd.,"Unit Price: ৳ 25.00,(18's pack: ৳ 450.00),",(18's pack: ৳ 450.00)
7255,Furotil,allopathic,furotiltablet500-mg,Tablet,Cefuroxime Axetil,500 mg,Healthcare Pharmaceuticals Ltd.,"Unit Price: ৳ 45.00,(12's pack: ৳ 540.00),",(12's pack: ৳ 540.00)
7256,Furotil,allopathic,furotilpowder-for-suspension125-mg5-ml,Powder for Suspension,Cefuroxime Axetil,125 mg/5 ml,Healthcare Pharmaceuticals Ltd.,70 ml bottle: ৳ 200.00,
7258,Furotil,allopathic,furotiliv-injection15-gmvial,IV Injection,Cefuroxime Axetil,1.5 gm/vial,Healthcare Pharmaceuticals Ltd.,1.5 gm vial: ৳ 275.00,
7257,Furotil,allopathic,furotilimiv-injection750-mgvial,IM/IV Injection,Cefuroxime Axetil,750 mg/vial,Healthcare Pharmaceuticals Ltd.,750 mg vial: ৳ 175.00,
7251,Furotec,allopathic,furotectablet500-mg,Tablet,Cefuroxime Axetil,500 mg,APC Pharma Ltd.,"Unit Price: ৳ 45.00,(8's pack: ৳ 360.00),",(8's pack: ৳ 360.00)
28800,Furonaaf-CV,allopathic,furonaaf-cvpowder-for-suspension125-mg3125-mg5-ml,Powder for Suspension,Cefuroxime Axetil + Clavulanic Acid,(125 mg+31.25 mg)/5 ml,Naafco Pharma Ltd.,70 ml bottle: ৳ 250.00,
28798,Furonaaf-CV,allopathic,furonaaf-cvtablet250-mg625-mg,Tablet,Cefuroxime Axetil + Clavulanic Acid,250 mg+62.5 mg,Naafco Pharma Ltd.,"Unit Price: ৳ 30.00,(14's pack: ৳ 420.00),",(14's pack: ৳ 420.00)
28799,Furonaaf-CV,allopathic,furonaaf-cvtablet500-mg125-mg,Tablet,Cefuroxime Axetil + Clavulanic Acid,500 mg+125 mg,Naafco Pharma Ltd.,"Unit Price: ৳ 50.00,(7's pack: ৳ 350.00),",(7's pack: ৳ 350.00)
18997,Furoget CV,allopathic,furoget-cvtablet250-mg625-mg,Tablet,Cefuroxime Axetil + Clavulanic Acid,250 mg+62.5 mg,Get Well Limited,Unit Price: ৳ 28.00,
18996,Furoget CV,allopathic,furoget-cvtablet500-mg125-mg,Tablet,Cefuroxime Axetil + Clavulanic Acid,500 mg+125 mg,Get Well Limited,Unit Price: ৳ 48.00,
18998,Furoget CV,allopathic,furoget-cvpowder-for-suspension125-mg3125-mg5-ml,Powder for Suspension,Cefuroxime Axetil + Clavulanic Acid,(125 mg+31.25 mg)/5 ml,Get Well Limited,70 ml bottle: ৳ 250.00,
25793,Furoget,allopathic,furogettablet250-mg,Tablet,Cefuroxime Axetil,250 mg,Get Well Limited,Unit Price: ৳ 24.00,
25794,Furoget,allopathic,furogettablet500-mg,Tablet,Cefuroxime Axetil,500 mg,Get Well Limited,Unit Price: ৳ 44.00,
25795,Furoget,allopathic,furogetpowder-for-suspension125-mg5-ml,Powder for Suspension,Cefuroxime Axetil,125 mg/5 ml,Get Well Limited,70 ml bottle: ৳ 195.00,
7397,Furoclav,allopathic,furoclavtablet500-mg125-mg,Tablet,Cefuroxime Axetil + Clavulanic Acid,500 mg+125 mg,Renata Limited,"Unit Price: ৳ 50.00,(14's pack: ৳ 700.00),",(14's pack: ৳ 700.00)
7396,Furoclav,allopathic,furoclavtablet250-mg625-mg,Tablet,Cefuroxime Axetil + Clavulanic Acid,250 mg+62.5 mg,Renata Limited,"Unit Price: ৳ 30.00,(14's pack: ৳ 420.00),",(14's pack: ৳ 420.00)
17301,5 FU PhaRes,allopathic,5-fu-pharesiv-injection-or-infusion25-mgml,IV Injection or Infusion,Fluorouracil,25 mg/ml,Pharma Resources,500 mg vial: ৳ 457.00,
7701,3RD Cef,allopathic,3rd-cefpowder-for-suspension100-mg5-ml,Powder for Suspension,Cefixime Trihydrate,100 mg/5 ml,Medimet Pharmaceuticals Ltd.,"37.5 ml bottle: ৳ 130.00,50 ml bottle: ৳ 160.00",
30796,G Cephalexin,allopathic,g-cephalexincapsule250-mg,Capsule,Cephalexin,250 mg,Gonoshasthaya Pharma Ltd.,"Unit Price: ৳ 4.00,(50's pack: ৳ 200.00),",(50's pack: ৳ 200.00)
30795,G Cephalexin,allopathic,g-cephalexinpowder-for-suspension125-mg5-ml,Powder for Suspension,Cephalexin,125 mg/5 ml,Gonoshasthaya Pharma Ltd.,100 ml bottle: ৳ 75.00,
30636,G Benzathine Penicil,allopathic,g-benzathine-penicilinjection6-lac-unitsvial,Injection,Benzathine Penicillin,6 lac units/vial,Gonoshasthaya Pharma Ltd.,6 lac units vial: ৳ 15.00,
30635,G Benzathine Penicil,allopathic,g-benzathine-penicilinjection12-lac-unitsvial,Injection,Benzathine Penicillin,12 lac units/vial,Gonoshasthaya Pharma Ltd.,12 lac units vial: ৳ 22.00,
26444,Fylox,allopathic,fyloxtablet400-mg,Tablet,Doxophylline,400 mg,Radiant Pharmaceuticals Ltd.,"Unit Price: ৳ 10.00,(30's pack: ৳ 300.00),",(30's pack: ৳ 300.00)
26443,Fylox,allopathic,fyloxtablet200-mg,Tablet,Doxophylline,200 mg,Radiant Pharmaceuticals Ltd.,"Unit Price: ৳ 6.00,(50's pack: ৳ 300.00),",(50's pack: ৳ 300.00)
27275,FXR,allopathic,fxrtablet10-mg,Tablet,Obeticholic Acid,10 mg,Beacon Pharmaceuticals Ltd.,"Unit Price: ৳ 55.00,(10's pack: ৳ 550.00),",(10's pack: ৳ 550.00)
27276,FXR,allopathic,fxrtablet5-mg,Tablet,Obeticholic Acid,5 mg,Beacon Pharmaceuticals Ltd.,"Unit Price: ৳ 30.00,(20's pack: ৳ 600.00),",(20's pack: ৳ 600.00)
7420,Fuxtil CV,allopathic,fuxtil-cvtablet250-mg625-mg,Tablet,Cefuroxime Axetil + Clavulanic Acid,250 mg+62.5 mg,Pharmasia Limited,"Unit Price: ৳ 30.00,(12's pack: ৳ 360.00),",(12's pack: ৳ 360.00)
7421,Fuxtil CV,allopathic,fuxtil-cvtablet500-mg125-mg,Tablet,Cefuroxime Axetil + Clavulanic Acid,500 mg+125 mg,Pharmasia Limited,"Unit Price: ৳ 50.00,(8's pack: ৳ 400.00),",(8's pack: ৳ 400.00)
7422,Fuxtil CV,allopathic,fuxtil-cvpowder-for-suspension125-mg3125-mg5-ml,Powder for Suspension,Cefuroxime Axetil + Clavulanic Acid,(125 mg+31.25 mg)/5 ml,Pharmasia Limited,70 ml bottle: ৳ 250.00,
31522,Fuxtil,allopathic,fuxtilimiv-injection750-mgvial,IM/IV Injection,Cefuroxime Axetil,750 mg/vial,Pharmasia Limited,750 mg vial: ৳ 125.00,
31521,Fuxtil,allopathic,fuxtiliv-injection15-gmvial,IV Injection,Cefuroxime Axetil,1.5 gm/vial,Pharmasia Limited,1.5 gm vial: ৳ 200.00,
7262,Fuxtil,allopathic,fuxtiltablet250-mg,Tablet,Cefuroxime Axetil,250 mg,Pharmasia Limited,"Unit Price: ৳ 30.00,(18's pack: ৳ 540.00),",(18's pack: ৳ 540.00)
7264,Fuxtil,allopathic,fuxtilpowder-for-suspension125-mg5-ml,Powder for Suspension,Cefuroxime Axetil,125 mg/5 ml,Pharmasia Limited,70 ml bottle: ৳ 225.00,
7263,Fuxtil,allopathic,fuxtiltablet500-mg,Tablet,Cefuroxime Axetil,500 mg,Pharmasia Limited,"Unit Price: ৳ 50.00,(12's pack: ৳ 600.00),",(12's pack: ৳ 600.00)
12394,Fusten,allopathic,fustencream1,Cream,Clotrimazole (Topical),1%,Kumudini Pharma Ltd.,10 gm tube: ৳ 35.00,
13041,Fusitop-HC,allopathic,fusitop-hccream21,Cream,Fusidic acid + Hydrocortisone,2%+1%,Square Pharmaceuticals Ltd.,"10 gm tube: ৳ 125.00,20 gm tube: ৳ 160.00",
20583,Fusithal,allopathic,fusithalviscous-eye-drop1,Viscous Eye Drop,Fusidic Acid (Ophthalmic),1%,Aristopharma Ltd.,5 gm tube: ৳ 250.00,
20588,Fusimed BT,allopathic,fusimed-btcream201,Cream,Fucidic Acid + Betamethasone,2%+0.1%,Medicon Pharmaceuticals Ltd.,10 gm tube: ৳ 150.00,
16552,Fusigal,allopathic,fusigalcream201,Cream,Fucidic Acid + Betamethasone,2%+0.1%,Sharif Pharmaceuticals Ltd.,15 gm tube: ৳ 160.00,
12671,Fusidic Plus,allopathic,fusidic-plusointment21,Ointment,Fusidic acid + Hydrocortisone,2%+1%,Beximco Pharmaceuticals Ltd.,10 gm tube: ৳ 125.48,
12670,Fusidate H,allopathic,fusidate-hcream21,Cream,Fusidic acid + Hydrocortisone,2%+1%,Aristopharma Ltd.,10 gm tube: ৳ 125.00,
20581,Fusidate,allopathic,fusidateointment2,Ointment,Sodium Fusidate (Topical),2%,Aristopharma Ltd.,20 gm tube: ৳ 85.00,
2883,Fusid Plus,allopathic,fusid-plustablet20-mg50-mg,Tablet,Furosemide + Spironolactone,20 mg+50 mg,Square Pharmaceuticals Ltd.,"Unit Price: ৳ 8.03,(60's pack: ৳ 481.80),",(60's pack: ৳ 481.80)
2884,Fusid Plus,allopathic,fusid-plustablet40-mg50-mg,Tablet,Furosemide + Spironolactone,40 mg+50 mg,Square Pharmaceuticals Ltd.,"Unit Price: ৳ 10.03,(40's pack: ৳ 401.20),",(40's pack: ৳ 401.20)
2841,Fusid,allopathic,fusidimiv-injection20-mg2-ml,IM/IV Injection,Furosemide,20 mg/2 ml,Square Pharmaceuticals Ltd.,"2 ml ampoule: ৳ 8.03,(10's pack: ৳ 80.30),",(10's pack: ৳ 80.30)
2840,Fusid,allopathic,fusidtablet40-mg,Tablet,Furosemide,40 mg,Square Pharmaceuticals Ltd.,"Unit Price: ৳ 0.64,(200's pack: ৳ 128.00),",(200's pack: ৳ 128.00)
31512,Fusicort Max,allopathic,fusicort-maxcream201,Cream,Fusidic acid + Betamethasone,2%+0.1%,Opsonin Pharma Ltd.,10 gm tube: ৳ 170.00,
12669,Fusicort,allopathic,fusicortcream21,Cream,Fusidic acid + Hydrocortisone,2%+1%,Opsonin Pharma Ltd.,10 gm tube: ৳ 125.47,
7700,3RD Cef,allopathic,3rd-ceftablet400-mg,Tablet,Cefixime Trihydrate,400 mg,Medimet Pharmaceuticals Ltd.,"Unit Price: ৳ 50.00,(4's pack: ৳ 200.00),",(4's pack: ৳ 200.00)
18746,G-Cefixime,allopathic,g-cefiximecapsule200-mg,Capsule,Cefixime Trihydrate,200 mg,Goodman Pharmaceuticals Ltd.,"Unit Price: ৳ 20.00,(8's pack: ৳ 160.00),",(8's pack: ৳ 160.00)
7573,G-Cefixime,allopathic,g-cefiximecapsule200-mg,Capsule,Cefixime Trihydrate,200 mg,Gonoshasthaya Pharma Ltd.,"Unit Price: ৳ 20.06,(10's pack: ৳ 200.63),",(10's pack: ৳ 200.63)
14260,G-Calcium Lactate,allopathic,g-calcium-lactatetablet300-mg,Tablet,Calcium Lactate,300 mg,Gonoshasthaya Pharma Ltd.,"100's strip: ৳ 40.00,100's can: ৳ 30.00,1000's tin: ৳ 93.38",
14261,G-Calcium Gluconate,allopathic,g-calcium-gluconateimiv-injection500-mg5-ml,IM/IV Injection,Calcium Gluconate,500 mg/5 ml,Gonoshasthaya Pharma Ltd.,"5 ml ampoule: ৳ 9.20,(10's pack: ৳ 92.00),",(10's pack: ৳ 92.00)
29611,G-Calbo,allopathic,g-calbotablet500-mg200-iu,Tablet,Calcium Carbonate [Algae source] + Vitamin D3,500 mg+200 IU,Square Pharmaceuticals Ltd.,"Unit Price: ৳ 10.00,(30's pack: ৳ 300.00),",(30's pack: ৳ 300.00)
27118,G-Cal D,allopathic,g-cal-dtablet500-mg200-iu,Tablet,Calcium Carbonate [Elemental source] + Vitamin D3,500 mg+200 IU,Gonoshasthaya Pharma Ltd.,30's can: ৳ 120.00,
15529,G-Bupivacaine Heavy,allopathic,g-bupivacaine-heavyintraspinal-injection058,Intraspinal Injection,Bupivacaine Hydrochloride + Dextrose,0.5%+8%,Gonoshasthaya Pharma Ltd.,"4 ml ampoule: ৳ 30.00,(5's pack: ৳ 150.00),",(5's pack: ৳ 150.00)
12458,G-Benzosal,allopathic,g-benzosalointment63,Ointment,Benzoic Acid + Salicylic Acid,6%+3%,Gonoshasthaya Pharma Ltd.,25 gm tube: ৳ 12.00,
12474,G-B-Benzoate,allopathic,g-b-benzoatelotion125-gm5-ml,Lotion,Benzyl Benzoate,1.25 gm/5 ml,Gonoshasthaya Pharma Ltd.,100 ml bottle: ৳ 25.00,
1314,G-Atropine,allopathic,g-atropineinjection06-mgml,Injection,Atropine Sulfate,0.6 mg/ml,Gonoshasthaya Pharma Ltd.,"1 ml ampoule: ৳ 5.02,(10's pack: ৳ 50.16),",(10's pack: ৳ 50.16)
16019,G-Atropine,allopathic,g-atropineophthalmic-solution1,Ophthalmic Solution,Atropine Sulfate,1%,Gonoshasthaya Pharma Ltd.,10 ml drop: ৳ 27.33,
1185,G-Atorvast,allopathic,g-atorvasttablet10-mg,Tablet,Atorvastatin Calcium,10 mg,Gonoshasthaya Pharma Ltd.,"Unit Price: ৳ 7.00,(30's pack: ৳ 210.11),",(30's pack: ৳ 210.11)
1186,G-Atorvast,allopathic,g-atorvasttablet20-mg,Tablet,Atorvastatin Calcium,20 mg,Gonoshasthaya Pharma Ltd.,"Unit Price: ৳ 12.50,(30's pack: ৳ 375.00),",(30's pack: ৳ 375.00)
3363,G-Aspirin,allopathic,g-aspirintablet-enteric-coated300-mg,Tablet (Enteric Coated),Aspirin,300 mg,Gonoshasthaya Pharma Ltd.,"100's can: ৳ 29.35,1000's tin: ৳ 200.00",
3362,G-Aspirin,allopathic,g-aspirintablet-enteric-coated100-mg,Tablet (Enteric Coated),Aspirin,100 mg,Gonoshasthaya Pharma Ltd.,"Unit Price: ৳ 0.30,(100's pack: ৳ 30.10),",(100's pack: ৳ 30.10)
13105,G-Antiseptic,allopathic,g-antisepticsolution033,Solution,Chlorhexidine Gluconate + Cetrimide,0.3%+3%,Gonoshasthaya Pharma Ltd.,100 ml bottle: ৳ 20.00,
11816,G-Antihistamine,allopathic,g-antihistaminetablet4-mg,Tablet,Chlorpheniramine Maleate,4 mg,Gonoshasthaya Pharma Ltd.,"100's strip: ৳ 25.35,1000's tin: ৳ 66.70",
11817,G-Antihistamine,allopathic,g-antihistaminesyrup2-mg5-ml,Syrup,Chlorpheniramine Maleate,2 mg/5 ml,Gonoshasthaya Pharma Ltd.,"60 ml bottle: ৳ 12.00,100 ml bottle: ৳ 20.00",
17556,G-Antacid MH,allopathic,g-antacid-mhchewable-tablet400-mg400-mg30-mg,Chewable Tablet,Aluminium Hydroxide + Magnesium Hydroxide + Simethicone,400 mg+400 mg+30 mg,Gonoshasthaya Pharma Ltd.,"Unit Price: ৳ 0.99,(100's pack: ৳ 98.72),",(100's pack: ৳ 98.72)
516,G-Antacid,allopathic,g-antacidchewable-tablet250-mg500-mg,Chewable Tablet,Aluminium Hydroxide + Magnesium Hydroxide,250 mg+500 mg,Gonoshasthaya Pharma Ltd.,"250's strip: ৳ 127.50,1000's tin: ৳ 310.00",
27113,G-Antacid,allopathic,g-antacidoral-suspension200-mg125-mg5-ml,Oral Suspension,Aluminium Hydroxide + Magnesium Hydroxide,(200 mg+125 mg)/5 ml,Gonoshasthaya Pharma Ltd.,200 ml bottle: ৳ 30.00,
6528,G-Amoxicillin,allopathic,g-amoxicillinpowder-for-suspension125-mg5-ml,Powder for Suspension,Amoxicillin Trihydrate,125 mg/5 ml,Gonoshasthaya Pharma Ltd.,100 ml bottle: ৳ 40.00,
6527,G-Amoxicillin,allopathic,g-amoxicillincapsule500-mg,Capsule,Amoxicillin Trihydrate,500 mg,Gonoshasthaya Pharma Ltd.,"Unit Price: ৳ 6.00,(50's pack: ৳ 300.15),",(50's pack: ৳ 300.15)
6526,G-Amoxicillin,allopathic,g-amoxicillincapsule250-mg,Capsule,Amoxicillin Trihydrate,250 mg,Gonoshasthaya Pharma Ltd.,"Unit Price: ৳ 3.00,(100's pack: ৳ 300.15),",(100's pack: ৳ 300.15)
6529,G-Amoxicillin,allopathic,g-amoxicillinpediatric-drops125-mg125-ml,Pediatric Drops,Amoxicillin Trihydrate,125 mg/1.25 ml,Gonoshasthaya Pharma Ltd.,15 ml bottle: ৳ 25.00,
6530,G-Amoxicillin,allopathic,g-amoxicillinimiv-injection500-mgvial,IM/IV Injection,Amoxicillin Trihydrate,500 mg/vial,Gonoshasthaya Pharma Ltd.,500 mg vial: ৳ 25.00,
689,G-Amlo,allopathic,g-amlotablet5-mg,Tablet,Amlodipine Besilate,5 mg,Gonoshasthaya Pharma Ltd.,"Unit Price: ৳ 2.49,(30's pack: ৳ 74.84),",(30's pack: ৳ 74.84)
690,G-Amlo,allopathic,g-amlotablet10-mg,Tablet,Amlodipine Besilate,10 mg,Gonoshasthaya Pharma Ltd.,"Unit Price: ৳ 4.00,(30's pack: ৳ 120.00),",(30's pack: ৳ 120.00)
317,G-Albendazole,allopathic,g-albendazolechewable-tablet200-mg,Chewable Tablet,Albendazole,200 mg,Gonoshasthaya Pharma Ltd.,"Unit Price: ৳ 2.20,(100's pack: ৳ 220.00),",(100's pack: ৳ 220.00)
27114,G-Albendazole,allopathic,g-albendazolechewable-tablet400-mg,Chewable Tablet,Albendazole,400 mg,Gonoshasthaya Pharma Ltd.,"Unit Price: ৳ 3.00,(100's pack: ৳ 300.15),",(100's pack: ৳ 300.15)
7699,3RD Cef,allopathic,3rd-ceftablet200-mg,Tablet,Cefixime Trihydrate,200 mg,Medimet Pharmaceuticals Ltd.,"Unit Price: ৳ 27.00,(4's pack: ৳ 108.00),",(4's pack: ৳ 108.00)
9021,G-Cotrimoxazole,allopathic,g-cotrimoxazoleoral-suspension200-mg40-mg5-ml,Oral Suspension,Sulphamethoxazole + Trimethoprim,(200 mg+40 mg)/5 ml,Gonoshasthaya Pharma Ltd.,"50 ml bottle: ৳ 19.72,100 ml bottle: ৳ 30.00",
16272,G-Con,allopathic,g-connasal-drop0025,Nasal Drop,Oxymetazoline Hydrochloride (Nasal Preparation),0.03%,Kemiko Pharmaceuticals Ltd.,10 ml drop: ৳ 40.12,
16273,G-Con,allopathic,g-connasal-drop005,Nasal Drop,Oxymetazoline Hydrochloride (Nasal Preparation),0.05%,Kemiko Pharmaceuticals Ltd.,10 ml drop: ৳ 45.14,
19522,G-Co-Aspirin,allopathic,g-co-aspirintablet75-mg75-mg,Tablet,Clopidogrel + Aspirin,75 mg+75 mg,Gonoshasthaya Pharma Ltd.,"Unit Price: ৳ 5.00,(30's pack: ৳ 150.00),",(30's pack: ৳ 150.00)
6204,G-Cloxacillin,allopathic,g-cloxacillincapsule500-mg,Capsule,Cloxacillin Sodium,500 mg,Gonoshasthaya Pharma Ltd.,"Unit Price: ৳ 4.62,(100's pack: ৳ 462.00),",(100's pack: ৳ 462.00)
6203,G-Cloxacillin,allopathic,g-cloxacillininjection500-mgvial,Injection,Cloxacillin Sodium,500 mg/vial,Gonoshasthaya Pharma Ltd.,"500 mg vial: ৳ 20.00,(10's pack: ৳ 200.00),",(10's pack: ৳ 200.00)
6202,G-Cloxacillin,allopathic,g-cloxacillinpowder-for-suspension125-mg5-ml,Powder for Suspension,Cloxacillin Sodium,125 mg/5 ml,Gonoshasthaya Pharma Ltd.,100 ml bottle: ৳ 42.25,
15704,G-Cipro,allopathic,g-ciproophthalmic-solution03,Ophthalmic Solution,Ciprofloxacin (Ophthalmic),0.30%,Gonoshasthaya Pharma Ltd.,10 ml drop: ৳ 20.00,
9282,G-Cipro,allopathic,g-ciproiv-infusion200-mg100-ml,IV Infusion,Ciprofloxacin,200 mg/100 ml,Gonoshasthaya Pharma Ltd.,100 ml bottle: ৳ 50.00,
9281,G-Cipro,allopathic,g-ciprotablet500-mg,Tablet,Ciprofloxacin,500 mg,Gonoshasthaya Pharma Ltd.,"Unit Price: ৳ 8.00,(30's pack: ৳ 240.12),",(30's pack: ৳ 240.12)
30811,G-Chloroquine,allopathic,g-chloroquinetablet250-mg,Tablet,Chloroquine Phosphate,250 mg,Gonoshasthaya Pharma Ltd.,"100's strip: ৳ 100.00,1000's tin: ৳ 910.00",
30812,G-Chloroquine,allopathic,g-chloroquinesyrup80-mg5-ml,Syrup,Chloroquine Phosphate,80 mg/5 ml,Gonoshasthaya Pharma Ltd.,60 ml bottle: ৳ 14.87,
8895,G-Chloramphenicol,allopathic,g-chloramphenicolophthalmic-ointment1,Ophthalmic Ointment,Chloramphenicol (Ophthalmic),1%,Gonoshasthaya Pharma Ltd.,5 gm tube: ৳ 8.00,
8894,G-Chloramphenicol,allopathic,g-chloramphenicolophthalmic-solution05,Ophthalmic Solution,Chloramphenicol (Ophthalmic),0.50%,Gonoshasthaya Pharma Ltd.,10 ml drop: ৳ 20.00,
19146,G-Cetirizine,allopathic,g-cetirizinetablet10-mg,Tablet,Cetirizine Hydrochloride,10 mg,Gonoshasthaya Pharma Ltd.,"Unit Price: ৳ 2.00,(100's pack: ৳ 200.00),",(100's pack: ৳ 200.00)
19147,G-Cetirizine,allopathic,g-cetirizinesyrup5-mg5-ml,Syrup,Cetirizine Hydrochloride,5 mg/5 ml,Gonoshasthaya Pharma Ltd.,60 ml bottle: ৳ 20.00,
7995,G-Ceftriax,allopathic,g-ceftriaxim-injection2-gmvial,IM Injection,Ceftriaxone Sodium,2 gm/vial,Gonoshasthaya Pharma Ltd.,2 gm vial: ৳ 150.00,
7994,G-Ceftriax,allopathic,g-ceftriaxiv-injection1-gmvial,IV Injection,Ceftriaxone Sodium,1 gm/vial,Gonoshasthaya Pharma Ltd.,1 gm vial: ৳ 120.00,
7993,G-Ceftriax,allopathic,g-ceftriaxiv-injection500-mgvial,IV Injection,Ceftriaxone Sodium,500 mg/vial,Gonoshasthaya Pharma Ltd.,500 mg vial: ৳ 120.00,
7992,G-Ceftriax,allopathic,g-ceftriaxiv-injection250-mgvial,IV Injection,Ceftriaxone Sodium,250 mg/vial,Gonoshasthaya Pharma Ltd.,250 mg vial: ৳ 50.00,
7991,G-Ceftriax,allopathic,g-ceftriaxim-injection1-gmvial,IM Injection,Ceftriaxone Sodium,1 gm/vial,Gonoshasthaya Pharma Ltd.,1 gm vial: ৳ 120.00,
7990,G-Ceftriax,allopathic,g-ceftriaxim-injection500-mgvial,IM Injection,Ceftriaxone Sodium,500 mg/vial,Gonoshasthaya Pharma Ltd.,500 mg vial: ৳ 80.00,
7989,G-Ceftriax,allopathic,g-ceftriaxim-injection250-mgvial,IM Injection,Ceftriaxone Sodium,250 mg/vial,Gonoshasthaya Pharma Ltd.,250 mg vial: ৳ 50.00,
27707,G-Ceftriax,allopathic,g-ceftriaxiv-injection2-gmvial,IV Injection,Ceftriaxone Sodium,2 gm/vial,Gonoshasthaya Pharma Ltd.,2 gm vial: ৳ 150.00,
6899,G-Cefradine,allopathic,g-cefradineimiv-injection500-mgvial,IM/IV Injection,Cephradine,500 mg/vial,Gonoshasthaya Pharma Ltd.,500 mg vial: ৳ 40.00,
6898,G-Cefradine,allopathic,g-cefradinepediatric-drops125-mg125-ml,Pediatric Drops,Cephradine,125 mg/1.25 ml,Gonoshasthaya Pharma Ltd.,15 ml bottle: ৳ 30.00,
6897,G-Cefradine,allopathic,g-cefradinepowder-for-suspension125-mg5-ml,Powder for Suspension,Cephradine,125 mg/5 ml,Gonoshasthaya Pharma Ltd.,100 ml bottle: ৳ 50.00,
6896,G-Cefradine,allopathic,g-cefradinecapsule500-mg,Capsule,Cephradine,500 mg,Gonoshasthaya Pharma Ltd.,"Unit Price: ৳ 10.00,(20's pack: ৳ 200.00),",(20's pack: ৳ 200.00)
18745,G-Cefixime,allopathic,g-cefiximepowder-for-suspension100-mg5-ml,Powder for Suspension,Cefixime Trihydrate,100 mg/5 ml,Goodman Pharmaceuticals Ltd.,50 ml bottle: ৳ 130.50,
31994,3D,allopathic,3dcapsule40000-iu,Capsule,Colecalciferol [Vitamin D3],40000 IU,Jenphar Bangladesh Ltd.,"Unit Price: ৳ 35.00,(7's pack: ৳ 245.00),",(7's pack: ৳ 245.00)
31993,3D,allopathic,3dcapsule20000-iu,Capsule,Colecalciferol [Vitamin D3],20000 IU,Jenphar Bangladesh Ltd.,"Unit Price: ৳ 20.00,(10's pack: ৳ 200.00),",(10's pack: ৳ 200.00)
1362,G-Hyoscine,allopathic,g-hyoscineinjection20-mgml,Injection,Hyoscine Butylbromide,20 mg/ml,Gonoshasthaya Pharma Ltd.,"1 ml ampoule: ৳ 10.00,(10's pack: ৳ 100.00),",(10's pack: ৳ 100.00)
1361,G-Hyoscine,allopathic,g-hyoscinetablet10-mg,Tablet,Hyoscine Butylbromide,10 mg,Gonoshasthaya Pharma Ltd.,"Unit Price: ৳ 3.50,(100's pack: ৳ 349.51),",(100's pack: ৳ 349.51)
20844,G-Heparin,allopathic,g-heparininjection25000-iu5-ml,Injection,Heparin Sodium,25000 IU/5 ml,Gonoshasthaya Pharma Ltd.,5 ml vial: ৳ 275.00,
15641,G-Hemodialysis B,allopathic,g-hemodialysis-bdialysis-solution,Dialysis Solution,Bicarbonate Component [HCO3 Hemodialysis Solution],,Gonoshasthaya Pharma Ltd.,10 liters container: ৳ 351.32,
20837,G-Haloperidol,allopathic,g-haloperidoltablet5-mg,Tablet,Haloperidol,5 mg,Gonoshasthaya Pharma Ltd.,"Unit Price: ৳ 0.50,(100's pack: ৳ 50.00),",(100's pack: ৳ 50.00)
20676,G-Gliclazide,allopathic,g-gliclazidetablet80-mg,Tablet,Gliclazide,80 mg,Gonoshasthaya Pharma Ltd.,"Unit Price: ৳ 3.00,(30's pack: ৳ 90.00),",(30's pack: ৳ 90.00)
8396,G-Gentamicin,allopathic,g-gentamicinimiv-injection40-mg2-ml,IM/IV Injection,Gentamicin Sulfate (Injection),40 mg/2 ml,Gonoshasthaya Pharma Ltd.,"2 ml ampoule: ৳ 10.00,(25's pack: ৳ 250.00),",(25's pack: ৳ 250.00)
8397,G-Gentamicin,allopathic,g-gentamicinimiv-injection80-mg2-ml,IM/IV Injection,Gentamicin Sulfate (Injection),80 mg/2 ml,Gonoshasthaya Pharma Ltd.,"2 ml ampoule: ৳ 15.00,(10's pack: ৳ 150.00),",(10's pack: ৳ 150.00)
8408,G-Gentamicin,allopathic,g-gentamicinophthalmic-solution03,Ophthalmic Solution,Gentamicin Sulfate (Ophthalmic),0.30%,Gonoshasthaya Pharma Ltd.,10 ml drop: ৳ 25.00,
9789,G-G Vin,allopathic,g-g-vintablet500-mg,Tablet,Griseofulvin [Microsize],500 mg,Gonoshasthaya Pharma Ltd.,"Unit Price: ৳ 4.00,(50's pack: ৳ 200.00),",(50's pack: ৳ 200.00)
2843,G-Frusemide,allopathic,g-frusemideimiv-injection20-mg2-ml,IM/IV Injection,Furosemide,20 mg/2 ml,Gonoshasthaya Pharma Ltd.,"2 ml ampoule: ৳ 8.00,(10's pack: ৳ 80.00),",(10's pack: ৳ 80.00)
2842,G-Frusemide,allopathic,g-frusemidetablet40-mg,Tablet,Furosemide,40 mg,Gonoshasthaya Pharma Ltd.,"Unit Price: ৳ 0.50,(100's pack: ৳ 50.00),",(100's pack: ৳ 50.00)
18588,G-Fresh,allopathic,g-freshophthalmic-solution0509,Ophthalmic Solution,Carboxymethylcellulose Sodium + Glycerin,0.5%+0.9%,Ibn Sina Pharmaceuticals Ltd.,10 ml drop: ৳ 190.00,
6348,G-Flucloxacillin,allopathic,g-flucloxacillinimiv-injection500-mgvial,IM/IV Injection,Flucloxacillin Sodium,500 mg/vial,Gonoshasthaya Pharma Ltd.,500 mg vial: ৳ 25.00,
6347,G-Flucloxacillin,allopathic,g-flucloxacillincapsule500-mg,Capsule,Flucloxacillin Sodium,500 mg,Gonoshasthaya Pharma Ltd.,"Unit Price: ৳ 7.00,(20's pack: ৳ 140.00),",(20's pack: ৳ 140.00)
6349,G-Flucloxacillin,allopathic,g-flucloxacillinpowder-for-suspension125-mg5-ml,Powder for Suspension,Flucloxacillin Sodium,125 mg/5 ml,Gonoshasthaya Pharma Ltd.,100 ml bottle: ৳ 50.00,
7578,G-Fix,allopathic,g-fixpowder-for-suspension100-mg5-ml,Powder for Suspension,Cefixime Trihydrate,100 mg/5 ml,Gaco Pharmaceuticals Ltd.,50 ml bottle: ৳ 195.59,
7577,G-Fix,allopathic,g-fixcapsule200-mg,Capsule,Cefixime Trihydrate,200 mg,Gaco Pharmaceuticals Ltd.,"Unit Price: ৳ 35.11,(12's pack: ৳ 421.32),",(12's pack: ৳ 421.32)
32934,G-Fix,allopathic,g-fixcapsule400-mg,Capsule,Cefixime Trihydrate,400 mg,Gaco Pharmaceuticals Ltd.,"Unit Price: ৳ 48.00,(7's pack: ৳ 336.00),",(7's pack: ৳ 336.00)
32429,G-Ferric,allopathic,g-ferriciv-injection-or-infusion500-mg10-ml,IV Injection or Infusion,Ferric Carboxymaltose,500 mg/10 ml,Gonoshasthaya Pharma Ltd.,10 ml vial: ৳ 400.00,
16482,G-Ergometrine,allopathic,g-ergometrinetablet0125-mg,Tablet,Ergometrine Maleate,0.125 mg,Gonoshasthaya Pharma Ltd.,"Unit Price: ৳ 0.60,(100's pack: ৳ 60.00),",(100's pack: ৳ 60.00)
16483,G-Ergometrine,allopathic,g-ergometrineinjection02-mgml,Injection,Ergometrine Maleate,0.2 mg/ml,Gonoshasthaya Pharma Ltd.,"1 ml ampoule: ৳ 7.44,(5's pack: ৳ 37.22),",(5's pack: ৳ 37.22)
3628,G-Ephedrine,allopathic,g-ephedrineinjection25-mg5-ml,Injection,Ephedrine Hydrochloride,25 mg/5 ml,Gonoshasthaya Pharma Ltd.,"5 ml ampoule: ৳ 12.00,(5's pack: ৳ 60.00),",(5's pack: ৳ 60.00)
11016,G-Diclofenac,allopathic,g-diclofenacim-injection75-mg3-ml,IM Injection,Diclofenac Sodium,75 mg/3 ml,Gonoshasthaya Pharma Ltd.,"3 ml ampoule: ৳ 15.00,(5's pack: ৳ 75.00),",(5's pack: ৳ 75.00)
11015,G-Diclofenac,allopathic,g-diclofenactablet50-mg,Tablet,Diclofenac Sodium,50 mg,Gonoshasthaya Pharma Ltd.,"Unit Price: ৳ 0.59,(100's pack: ৳ 59.00),",(100's pack: ৳ 59.00)
4227,G-Diazepam,allopathic,g-diazepamimiv-injection10-mg2-ml,IM/IV Injection,Diazepam,10 mg/2 ml,Gonoshasthaya Pharma Ltd.,"2 ml ampoule: ৳ 3.70,(10's pack: ৳ 37.00),",(10's pack: ৳ 37.00)
4226,G-Diazepam,allopathic,g-diazepamtablet5-mg,Tablet,Diazepam,5 mg,Gonoshasthaya Pharma Ltd.,"Unit Price: ৳ 0.50,(100's pack: ৳ 50.00),",(100's pack: ৳ 50.00)
5767,G-Dexamethasone,allopathic,g-dexamethasoneimiv-injection4-mgml,IM/IV Injection,Dexamethasone,4 mg/ml,Gonoshasthaya Pharma Ltd.,"1 ml ampoule: ৳ 15.00,(10's pack: ৳ 150.00),",(10's pack: ৳ 150.00)
27119,G-Cromo,allopathic,g-cromoophthalmic-solution2,Ophthalmic Solution,Sodium Cromoglicate [2%],2%,Gonoshasthaya Pharma Ltd.,10 ml drop: ৳ 50.00,
9020,G-Cotrimoxazole,allopathic,g-cotrimoxazoletablet400-mg80-mg,Tablet,Sulphamethoxazole + Trimethoprim,400 mg+80 mg,Gonoshasthaya Pharma Ltd.,"100's strip: ৳ 120.00,500's tin: ৳ 600.00",
13717,3Bion,allopathic,3biontablet100-mg200-mg200-mcg,Tablet,"Vitamin B1, B6 & B12",100 mg+200 mg+200 mcg,Jenphar Bangladesh Ltd.,"Unit Price: ৳ 8.00,(60's pack: ৳ 480.00),",(60's pack: ৳ 480.00)
6132,G-Penicillin V,allopathic,g-penicillin-vtablet250-mg,Tablet,Phenoxymethyl Penicillin [Penicillin V],250 mg,Gonoshasthaya Pharma Ltd.,"Unit Price: ৳ 2.28,(100's pack: ৳ 228.11),",(100's pack: ৳ 228.11)
6133,G-Penicillin V,allopathic,g-penicillin-vpowder-for-suspension125-mg5-ml,Powder for Suspension,Phenoxymethyl Penicillin [Penicillin V],125 mg/5 ml,Gonoshasthaya Pharma Ltd.,50 ml bottle: ৳ 20.00,
10444,G-Paracetamol,allopathic,g-paracetamoltablet500-mg,Tablet,Paracetamol,500 mg,Gonoshasthaya Pharma Ltd.,"100's blister: ৳ 60.00,1000's tin: ৳ 346.84",
10446,G-Paracetamol,allopathic,g-paracetamoloral-suspension120-mg5-ml,Oral Suspension,Paracetamol,120 mg/5 ml,Gonoshasthaya Pharma Ltd.,60 ml bottle: ৳ 16.00,
10445,G-Paracetamol,allopathic,g-paracetamoloral-suspension120-mg5-ml,Oral Suspension,Paracetamol,120 mg/5 ml,Gonoshasthaya Pharma Ltd.,"50 ml bottle: ৳ 15.00,100 ml bottle: ৳ 25.00",
14799,G-ORS,allopathic,g-orsoral-powder1395-gm,Oral Powder,Oral Rehydration Salt [Powder],13.95 gm,Gonoshasthaya Pharma Ltd.,"Unit Price: ৳ 5.00,(20's pack: ৳ 100.00),",(20's pack: ৳ 100.00)
1818,G-Omeprazole,allopathic,g-omeprazoleiv-injection40-mgvial,IV Injection,Omeprazole,40 mg/vial,Gonoshasthaya Pharma Ltd.,40 mg vial: ৳ 50.00,
23042,G-Omeprazole,allopathic,g-omeprazolecapsule-delayed-release20-mg,Capsule (Delayed Release),Omeprazole,20 mg,Gonoshasthaya Pharma Ltd.,"Unit Price: ৳ 3.00,(100's pack: ৳ 300.00),",(100's pack: ৳ 300.00)
15505,G-Neostigmine,allopathic,g-neostigmineinjection05-mgml,Injection,Neostigmine Methyl Sulphate,0.5 mg/ml,Gonoshasthaya Pharma Ltd.,"1 ml ampoule: ৳ 10.00,(5's pack: ৳ 50.00),",(5's pack: ৳ 50.00)
27116,G-Multivitamin,allopathic,g-multivitaminpediatric-drops,Pediatric Drops,Multivitamin [Pediatric preparation],,Gonoshasthaya Pharma Ltd.,15 ml drop: ৳ 14.00,
15657,G-Misoprostol,allopathic,g-misoprostoltablet200-mcg,Tablet,Misoprostol,200 mcg,Gonoshasthaya Pharma Ltd.,"Unit Price: ৳ 12.01,(30's pack: ৳ 360.18),",(30's pack: ৳ 360.18)
22470,G-Miconazole,allopathic,g-miconazolecream2,Cream,Miconazole Nitrate (Topical),2%,Gonoshasthaya Pharma Ltd.,"5 gm tube: ৳ 20.00,10 gm tube: ৳ 35.00",
10112,G-Metronidazole,allopathic,g-metronidazoletablet400-mg,Tablet,Metronidazole,400 mg,Gonoshasthaya Pharma Ltd.,"100's blister: ৳ 100.00,500's tin: ৳ 513.60",
10113,G-Metronidazole,allopathic,g-metronidazoleoral-suspension200-mg5-ml,Oral Suspension,Metronidazole,200 mg/5 ml,Gonoshasthaya Pharma Ltd.,"60 ml bottle: ৳ 20.00,100 ml bottle: ৳ 30.00",
10114,G-Metronidazole,allopathic,g-metronidazoleiv-infusion500-mg100-ml,IV Infusion,Metronidazole,500 mg/100 ml,Gonoshasthaya Pharma Ltd.,100 ml bottle: ৳ 35.00,
22375,G-Metronidazole,allopathic,g-metronidazoletablet200-mg,Tablet,Metronidazole,200 mg,Gonoshasthaya Pharma Ltd.,"Unit Price: ৳ 0.45,(500's pack: ৳ 226.78),",(500's pack: ৳ 226.78)
5397,G-Metformin,allopathic,g-metformintablet500-mg,Tablet,Metformin Hydrochloride,500 mg,Gonoshasthaya Pharma Ltd.,"Unit Price: ৳ 2.50,(100's pack: ৳ 250.00),",(100's pack: ৳ 250.00)
5398,G-Metformin,allopathic,g-metformintablet850-mg,Tablet,Metformin Hydrochloride,850 mg,Gonoshasthaya Pharma Ltd.,"Unit Price: ৳ 4.00,(30's pack: ৳ 120.00),",(30's pack: ৳ 120.00)
14543,G-Magsulph,allopathic,g-magsulphimiv-injection25-gm5-ml,IM/IV Injection,Magnesium Sulfate,2.5 gm/5 ml,Gonoshasthaya Pharma Ltd.,"5 ml ampoule: ৳ 15.00,(5's pack: ৳ 75.00),",(5's pack: ৳ 75.00)
14544,G-Magsulph,allopathic,g-magsulphiv-infusion4-gm100-ml,IV Infusion,Magnesium Sulfate Heptahydrate,4 gm/100 ml,Gonoshasthaya Pharma Ltd.,100 ml vial: ৳ 50.00,
2711,G-Losartan,allopathic,g-losartantablet25-mg,Tablet,Losartan Potassium,25 mg,Gonoshasthaya Pharma Ltd.,"Unit Price: ৳ 3.00,(30's pack: ৳ 90.00),",(30's pack: ৳ 90.00)
2712,G-Losartan,allopathic,g-losartantablet50-mg,Tablet,Losartan Potassium,50 mg,Gonoshasthaya Pharma Ltd.,"Unit Price: ৳ 5.00,(30's pack: ৳ 150.00),",(30's pack: ৳ 150.00)
16523,G-Lidocaine with Adrenaline,allopathic,g-lidocaine-with-adrenalineinjection200005,Injection,Lidocaine + Adrenaline,2%+0.0005%,Gonoshasthaya Pharma Ltd.,50 ml vial: ৳ 50.00,
12317,G-Lidocaine,allopathic,g-lidocaineinjection2,Injection,Lidocaine Hydrochloride (Injection),2%,Gonoshasthaya Pharma Ltd.,"2 ml ampoule: ৳ 3.50,(10's pack: ৳ 35.00),,50 ml vial: ৳ 25.00",(10's pack: ৳ 35.00)
15267,G-Ketamine,allopathic,g-ketamineimiv-injection50-mgml,IM/IV Injection,Ketamine,50 mg/ml,Gonoshasthaya Pharma Ltd.,10 ml vial: ৳ 85.00,
13172,G-Iron Folic acid,allopathic,g-iron-folic-acidtablet308-mg350-mcg,Tablet,Ferrous Fumarate + Folic acid,308 mg+350 mcg,Gonoshasthaya Pharma Ltd.,"100's can: ৳ 20.00,1000's tin: ৳ 133.40",
12902,G-Iron,allopathic,g-ironsyrup200-mg5-ml,Syrup,Ferrous Sulfate,200 mg/5 ml,Gonoshasthaya Pharma Ltd.,200 ml bottle: ৳ 25.00,
3633,G-Ipra,allopathic,g-ipranebuliser-solution250-mcgml,Nebuliser Solution,Ipratropium Bromide (Nebuliser Solution),250 mcg/ml,Gonoshasthaya Pharma Ltd.,20 ml bottle: ৳ 55.00,
11275,G-Ibuprofen,allopathic,g-ibuprofentablet400-mg,Tablet,Ibuprofen,400 mg,Gonoshasthaya Pharma Ltd.,"Unit Price: ৳ 1.20,(100's pack: ৳ 120.00),",(100's pack: ৳ 120.00)
18454,G-Hypophos,allopathic,g-hypophostablet667-mg,Tablet,Calcium Acetate,667 mg,Gonoshasthaya Pharma Ltd.,"Unit Price: ৳ 3.00,(30's pack: ৳ 90.00),",(30's pack: ৳ 90.00)
7698,3-Geocef,allopathic,3-geocefpowder-for-suspension100-mg5-ml,Powder for Suspension,Cefixime Trihydrate,100 mg/5 ml,Hallmark Pharmaceuticals Ltd.,50 ml bottle: ৳ 175.00,
13925,G-Vitamin C,allopathic,g-vitamin-cchewable-tablet250-mg,Chewable Tablet,Vitamin C [Ascorbic acid],250 mg,Gonoshasthaya Pharma Ltd.,"Unit Price: ৳ 1.29,(100's pack: ৳ 129.40),",(100's pack: ৳ 129.40)
13626,G-Vitamin B6,allopathic,g-vitamin-b6tablet25-mg,Tablet,Pyridoxine Hydrochloride,25 mg,Gonoshasthaya Pharma Ltd.,"100's can: ৳ 25.35,1000's tin: ৳ 133.40",
13607,G-Vitamin B2,allopathic,g-vitamin-b2tablet5-mg,Tablet,Riboflavin,5 mg,Gonoshasthaya Pharma Ltd.,"100's can: ৳ 20.00,1000's tin: ৳ 93.38",
13426,G-Vitamin B12,allopathic,g-vitamin-b12im-injection1-mgml,IM Injection,Cyanocobalamin,1 mg/ml,Gonoshasthaya Pharma Ltd.,"1 ml ampoule: ৳ 7.00,(5's pack: ৳ 35.00),",(5's pack: ৳ 35.00)
13587,G-Vitamin B1,allopathic,g-vitamin-b1tablet100-mg,Tablet,Thiamine Hydrochloride,100 mg,Gonoshasthaya Pharma Ltd.,"100's can: ৳ 60.00,1000's tin: ৳ 560.28",
13785,G-Vitamin B Complex,allopathic,g-vitamin-b-complextablet,Tablet,Vitamin B complex,,Gonoshasthaya Pharma Ltd.,"Unit Price: ৳ 0.50,(100's pack: ৳ 50.00),",(100's pack: ৳ 50.00)
13786,G-Vitamin B Complex,allopathic,g-vitamin-b-complexsyrup,Syrup,Vitamin B complex,,Gonoshasthaya Pharma Ltd.,"100 ml bottle: ৳ 20.00,200 ml bottle: ৳ 35.00",
13787,G-Vitamin B Complex,allopathic,g-vitamin-b-compleximiv-injection,IM/IV Injection,Vitamin B complex,,Gonoshasthaya Pharma Ltd.,"2 ml ampoule: ৳ 10.00,(10's pack: ৳ 100.00),",(10's pack: ৳ 100.00)
15282,G-Thiopentone,allopathic,g-thiopentoneiv-injection500-mgvial,IV Injection,Thiopental Sodium,500 mg/vial,Gonoshasthaya Pharma Ltd.,500 mg vial: ৳ 50.00,
27557,G-Thiopentone,allopathic,g-thiopentoneiv-injection1-gmvial,IV Injection,Thiopental Sodium,1 gm/vial,Gonoshasthaya Pharma Ltd.,1 gm vial: ৳ 80.00,
2902,G-Thiazide T,allopathic,g-thiazide-ttablet25-mg50-mg,Tablet,Hydrochlorothiazide + Triamterene,25 mg+50 mg,Gonoshasthaya Pharma Ltd.,"Unit Price: ৳ 0.52,(100's pack: ৳ 52.00),",(100's pack: ৳ 52.00)
24911,G-Theophylline,allopathic,g-theophyllinetablet300-mg,Tablet,Theophylline,300 mg,Gonoshasthaya Pharma Ltd.,100's can: ৳ 120.00,
24912,G-Theophylline,allopathic,g-theophyllinesyrup120-mg5-ml,Syrup,Theophylline,120 mg/5 ml,Gonoshasthaya Pharma Ltd.,50 ml bottle: ৳ 15.00,
27115,G-Tetracycline,allopathic,g-tetracyclineointment3,Ointment,Tetracycline Hydrochloride (Topical),3%,Gonoshasthaya Pharma Ltd.,20 gm tube: ৳ 17.76,
8320,G-Tetracycline,allopathic,g-tetracyclineophthalmic-ointment1,Ophthalmic Ointment,Tetracycline Hydrochloride (Ophthalmic),1%,Gonoshasthaya Pharma Ltd.,5 gm tube: ৳ 8.00,
8297,G-Tetracycline,allopathic,g-tetracyclinecapsule250-mg,Capsule,Tetracycline Hydrochloride (Oral),250 mg,Gonoshasthaya Pharma Ltd.,"Unit Price: ৳ 1.00,(100's pack: ৳ 100.00),",(100's pack: ৳ 100.00)
21665,G-Salbutamol,allopathic,g-salbutamolrespirator-solution5-mgml,Respirator Solution,Salbutamol,5 mg/ml,Gonoshasthaya Pharma Ltd.,20 ml pack: ৳ 80.00,
3470,G-Salbutamol,allopathic,g-salbutamoltablet4-mg,Tablet,Salbutamol,4 mg,Gonoshasthaya Pharma Ltd.,"Unit Price: ৳ 0.47,(100's pack: ৳ 46.69),",(100's pack: ৳ 46.69)
3471,G-Salbutamol,allopathic,g-salbutamolsyrup2-mg5-ml,Syrup,Salbutamol,2 mg/5 ml,Gonoshasthaya Pharma Ltd.,100 ml bottle: ৳ 20.00,
1704,G-Ranitidin,allopathic,g-ranitidintablet150-mg,Tablet,Ranitidine Hydrochloride,150 mg,Gonoshasthaya Pharma Ltd.,"Unit Price: ৳ 1.50,(100's pack: ৳ 150.00),",(100's pack: ৳ 150.00)
2632,G-Ramipril,allopathic,g-ramipriltablet25-mg,Tablet,Ramipril,2.5 mg,Gonoshasthaya Pharma Ltd.,"Unit Price: ৳ 2.00,(30's pack: ৳ 60.00),",(30's pack: ৳ 60.00)
2633,G-Ramipril,allopathic,g-ramipriltablet5-mg,Tablet,Ramipril,5 mg,Gonoshasthaya Pharma Ltd.,"Unit Price: ৳ 4.00,(30's pack: ৳ 120.00),",(30's pack: ৳ 120.00)
5813,G-Prednisolone,allopathic,g-prednisolonetablet5-mg,Tablet,Prednisolone,5 mg,Gonoshasthaya Pharma Ltd.,"Unit Price: ৳ 1.72,(100's pack: ৳ 172.00),",(100's pack: ৳ 172.00)
23794,G-Prazosin,allopathic,g-prazosintablet1-mg,Tablet,Prazosin Hydrochloride,1 mg,Gonoshasthaya Pharma Ltd.,"Unit Price: ৳ 2.00,(30's pack: ৳ 60.00),",(30's pack: ৳ 60.00)
23795,G-Prazosin,allopathic,g-prazosintablet2-mg,Tablet,Prazosin Hydrochloride,2 mg,Gonoshasthaya Pharma Ltd.,"Unit Price: ৳ 3.00,(30's pack: ৳ 90.00),",(30's pack: ৳ 90.00)
27117,G-Prazosin,allopathic,g-prazosintablet-extended-release5-mg,Tablet (Extended Release),Prazosin Hydrochloride,5 mg,Gonoshasthaya Pharma Ltd.,"Unit Price: ৳ 7.00,(100's pack: ৳ 700.35),",(100's pack: ৳ 700.35)
4967,G-Phenobarbitone,allopathic,g-phenobarbitoneinjection200-mgml,Injection,Phenobarbital,200 mg/ml,Gonoshasthaya Pharma Ltd.,"1 ml ampoule: ৳ 15.00,(5's pack: ৳ 75.00),",(5's pack: ৳ 75.00)
4966,G-Phenobarbitone,allopathic,g-phenobarbitonetablet30-mg,Tablet,Phenobarbital,30 mg,Gonoshasthaya Pharma Ltd.,"Unit Price: ৳ 0.77,(30's pack: ৳ 23.21),",(30's pack: ৳ 23.21)
29541,G-Phase,allopathic,g-phasetablet500-mg,Tablet,Metformin Hydrochloride,500 mg,Edruc Limited,"Unit Price: ৳ 4.00,(30's pack: ৳ 120.00),",(30's pack: ৳ 120.00)
5399,G-Phase,allopathic,g-phasetablet850-mg,Tablet,Metformin Hydrochloride,850 mg,Edruc Limited,"Unit Price: ৳ 3.00,(30's pack: ৳ 90.00),",(30's pack: ৳ 90.00)
7697,3-Geocef,allopathic,3-geocefcapsule200-mg,Capsule,Cefixime Trihydrate,200 mg,Hallmark Pharmaceuticals Ltd.,"Unit Price: ৳ 30.00,(12's pack: ৳ 360.00),",(12's pack: ৳ 360.00)
4976,Gabarol,allopathic,gabarolcapsule25-mg,Capsule,Pregabalin,25 mg,ACI Limited,"Unit Price: ৳ 8.02,(30's pack: ৳ 240.60),",(30's pack: ৳ 240.60)
4978,Gabarol,allopathic,gabarolcapsule50-mg,Capsule,Pregabalin,50 mg,ACI Limited,"Unit Price: ৳ 13.50,(30's pack: ৳ 405.00),",(30's pack: ৳ 405.00)
4981,Gabarol,allopathic,gabarolcapsule150-mg,Capsule,Pregabalin,150 mg,ACI Limited,"Unit Price: ৳ 30.20,(20's pack: ৳ 604.00),",(20's pack: ৳ 604.00)
27488,Gabapre,allopathic,gabaprecapsule25-mg,Capsule,Pregabalin,25 mg,Benham Pharmaceuticals Ltd.,"Unit Price: ৳ 8.00,(30's pack: ৳ 240.00),",(30's pack: ৳ 240.00)
27489,Gabapre,allopathic,gabaprecapsule50-mg,Capsule,Pregabalin,50 mg,Benham Pharmaceuticals Ltd.,"Unit Price: ৳ 7.80,(50's pack: ৳ 390.00),",(50's pack: ৳ 390.00)
4903,Gabapen,allopathic,gabapentablet300-mg,Tablet,Gabapentin,300 mg,Incepta Pharmaceuticals Ltd.,"Unit Price: ৳ 16.00,(30's pack: ৳ 480.00),",(30's pack: ৳ 480.00)
4902,Gabapen,allopathic,gabapentablet100-mg,Tablet,Gabapentin,100 mg,Incepta Pharmaceuticals Ltd.,"Unit Price: ৳ 6.00,(30's pack: ৳ 180.00),",(30's pack: ৳ 180.00)
4905,Gabantin,allopathic,gabantintablet100-mg,Tablet,Gabapentin,100 mg,Sun Pharmaceutical Ltd.,"Unit Price: ৳ 6.02,(50's pack: ৳ 301.00),",(50's pack: ৳ 301.00)
4906,Gabantin,allopathic,gabantintablet300-mg,Tablet,Gabapentin,300 mg,Sun Pharmaceutical Ltd.,"Unit Price: ৳ 16.15,(30's pack: ৳ 484.50),",(30's pack: ৳ 484.50)
27783,Gabamet,allopathic,gabametcapsule25-mg,Capsule,Pregabalin,25 mg,Somatec Pharmaceuticals Ltd.,"Unit Price: ৳ 8.00,(30's pack: ৳ 240.00),",(30's pack: ৳ 240.00)
27784,Gabamet,allopathic,gabametcapsule50-mg,Capsule,Pregabalin,50 mg,Somatec Pharmaceuticals Ltd.,"Unit Price: ৳ 12.00,(30's pack: ৳ 360.00),",(30's pack: ৳ 360.00)
27785,Gabamet,allopathic,gabametcapsule75-mg,Capsule,Pregabalin,75 mg,Somatec Pharmaceuticals Ltd.,"Unit Price: ৳ 16.00,(30's pack: ৳ 480.00),",(30's pack: ৳ 480.00)
4901,Gabamax,allopathic,gabamaxtablet300-mg,Tablet,Gabapentin,300 mg,Beacon Pharmaceuticals Ltd.,"Unit Price: ৳ 16.11,(20's pack: ৳ 322.20),",(20's pack: ৳ 322.20)
27264,Gabalon,allopathic,gabaloncapsule50-mg,Capsule,Pregabalin,50 mg,Medicon Pharmaceuticals Ltd.,"Unit Price: ৳ 11.36,(30's pack: ৳ 340.90),",(30's pack: ৳ 340.90)
33064,Gabahil,allopathic,gabahiltablet100-mg,Tablet,Gabapentin,100 mg,Goodman Pharmaceuticals Ltd.,"Unit Price: ৳ 6.00,(30's pack: ৳ 180.00),",(30's pack: ৳ 180.00)
33063,Gabahil,allopathic,gabahiltablet300-mg,Tablet,Gabapentin,300 mg,Goodman Pharmaceuticals Ltd.,"Unit Price: ৳ 14.00,(30's pack: ৳ 420.00),",(30's pack: ৳ 420.00)
33141,Gaba-P CR,allopathic,gaba-p-crtablet-controlled-release825-mg,Tablet (Controlled Release),Pregabalin,82.5 mg,Renata Limited,"Unit Price: ৳ 25.00,(30's pack: ৳ 750.00),",(30's pack: ৳ 750.00)
33142,Gaba-P CR,allopathic,gaba-p-crtablet-controlled-release165-mg,Tablet (Controlled Release),Pregabalin,165 mg,Renata Limited,"Unit Price: ৳ 35.00,(30's pack: ৳ 1,050.00),","(30's pack: ৳ 1,050.00)"
33017,Gaba-P CR,allopathic,gaba-p-crtablet-controlled-release330-mg,Tablet (Controlled Release),Pregabalin,330 mg,Renata Limited,"Unit Price: ৳ 45.00,(10's pack: ৳ 450.00),",(10's pack: ৳ 450.00)
4975,GABA-P,allopathic,gaba-pcapsule75-mg,Capsule,Pregabalin,75 mg,Renata Limited,"Unit Price: ৳ 16.07,(30's pack: ৳ 482.10),",(30's pack: ৳ 482.10)
4974,GABA-P,allopathic,gaba-pcapsule50-mg,Capsule,Pregabalin,50 mg,Renata Limited,"Unit Price: ৳ 12.00,(30's pack: ৳ 360.00),",(30's pack: ৳ 360.00)
23850,GABA-P,allopathic,gaba-pcapsule25-mg,Capsule,Pregabalin,25 mg,Renata Limited,"Unit Price: ৳ 8.00,(30's pack: ৳ 240.00),",(30's pack: ৳ 240.00)
26962,Gaba-Aid,allopathic,gaba-aidcapsule25-mg,Capsule,Pregabalin,25 mg,Labaid Pharma Ltd.,"Unit Price: ৳ 8.00,(30's pack: ৳ 240.00),",(30's pack: ৳ 240.00)
5050,Gaba-Aid,allopathic,gaba-aidcapsule50-mg,Capsule,Pregabalin,50 mg,Labaid Pharma Ltd.,"Unit Price: ৳ 14.53,(30's pack: ৳ 436.00),",(30's pack: ৳ 436.00)
5051,Gaba-Aid,allopathic,gaba-aidcapsule75-mg,Capsule,Pregabalin,75 mg,Labaid Pharma Ltd.,"Unit Price: ৳ 19.07,(30's pack: ৳ 572.00),",(30's pack: ৳ 572.00)
4899,Gaba,allopathic,gabatablet300-mg,Tablet,Gabapentin,300 mg,Renata Limited,"Unit Price: ৳ 16.07,(30's pack: ৳ 482.10),",(30's pack: ৳ 482.10)
14556,G-Zinc,allopathic,g-zinctablet20-mg,Tablet,Zinc Sulfate Monohydrate,20 mg,Gonoshasthaya Pharma Ltd.,"Unit Price: ৳ 1.00,(60's pack: ৳ 60.00),",(60's pack: ৳ 60.00)
14557,G-Zinc,allopathic,g-zincsyrup10-mg5-ml,Syrup,Zinc Sulfate Monohydrate,10 mg/5 ml,Gonoshasthaya Pharma Ltd.,100 ml bottle: ৳ 20.00,
25428,G-Xylometazoline,allopathic,g-xylometazolinenasal-drop01,Nasal Drop,Xylometazoline Hydrochloride,0.10%,Gonoshasthaya Pharma Ltd.,15 ml drop: ৳ 11.00,
27431,G-Water for injection,allopathic,g-water-for-injectionliquid5-mlampoule,Liquid,Water for injection,5 ml/ampoule,Gonoshasthaya Pharma Ltd.,"5 ml ampoule: ৳ 5.00,(100's pack: ৳ 500.25),",(100's pack: ৳ 500.25)
9538,3-F,allopathic,3-ftablet500-mg,Tablet,Levofloxacin Hemihydrate,500 mg,Edruc Limited,"Unit Price: ৳ 14.00,(20's pack: ৳ 280.00),",(20's pack: ৳ 280.00)
32912,Gardi,allopathic,garditablet10-mg,Tablet,Domperidone Maleate,10 mg,Arges Life Science Limited,"Unit Price: ৳ 3.00,(50's pack: ৳ 150.00),",(50's pack: ৳ 150.00)
28969,Gardasil,allopathic,gardasilim-injection05-ml,IM Injection,"Human Papillomavirus Quadrivalent (Types 6, 11, 16, and 18)",0.5 ml,MSD,"0.5 ml pre-filled syringe: ৳ 5,887.00",
1816,Gap,allopathic,gapcapsule-delayed-release20-mg,Capsule (Delayed Release),Omeprazole,20 mg,Euro Pharma Ltd.,"Unit Price: ৳ 5.00,(100's pack: ৳ 500.00),",(100's pack: ৳ 500.00)
23035,Gap,allopathic,gapiv-injection40-mgvial,IV Injection,Omeprazole,40 mg/vial,Euro Pharma Ltd.,40 mg vial: ৳ 90.00,
23034,Gap,allopathic,gapcapsule-delayed-release40-mg,Capsule (Delayed Release),Omeprazole,40 mg,Euro Pharma Ltd.,"Unit Price: ৳ 8.00,(60's pack: ৳ 480.00),",(60's pack: ৳ 480.00)
20600,Gansovir,allopathic,gansovirophthalmic-gel015,Ophthalmic Gel,Ganciclovir (Ophthalmic),0.15%,Nipa Pharmaceuticals Ltd.,5 gm tube: ৳ 200.00,
5710,Galvus Met,allopathic,galvus-mettablet50-mg850-mg,Tablet,Vildagliptin + Metformin Hydrochloride,50 mg+850 mg,Novartis (Bangladesh) Ltd.,"Unit Price: ৳ 31.50,(30's pack: ৳ 945.00),",(30's pack: ৳ 945.00)
5709,Galvus Met,allopathic,galvus-mettablet50-mg500-mg,Tablet,Vildagliptin + Metformin Hydrochloride,50 mg+500 mg,Novartis (Bangladesh) Ltd.,"Unit Price: ৳ 31.50,(30's pack: ৳ 945.00),",(30's pack: ৳ 945.00)
5531,Galvus,allopathic,galvustablet50-mg,Tablet,Vildagliptin,50 mg,Novartis (Bangladesh) Ltd.,"Unit Price: ৳ 31.50,(28's pack: ৳ 882.00),",(28's pack: ৳ 882.00)
9930,Galfin,allopathic,galfincapsule150-mg,Capsule,Fluconazole,150 mg,General Pharmaceuticals Ltd.,"Unit Price: ৳ 22.15,(10's pack: ৳ 221.50),",(10's pack: ৳ 221.50)
9929,Galfin,allopathic,galfincapsule50-mg,Capsule,Fluconazole,50 mg,General Pharmaceuticals Ltd.,"Unit Price: ৳ 8.05,(30's pack: ৳ 241.49),",(30's pack: ৳ 241.49)
27919,Galet M,allopathic,galet-mtablet50-mg850-mg,Tablet,Vildagliptin + Metformin Hydrochloride,50 mg+850 mg,The White Horse Pharma,"Unit Price: ৳ 22.00,(30's pack: ৳ 660.00),",(30's pack: ৳ 660.00)
5706,Galet M,allopathic,galet-mtablet50-mg500-mg,Tablet,Vildagliptin + Metformin Hydrochloride,50 mg+500 mg,The White Horse Pharma,"Unit Price: ৳ 19.00,(30's pack: ৳ 570.00),",(30's pack: ৳ 570.00)
27918,Galet,allopathic,galettablet50-mg,Tablet,Vildagliptin,50 mg,The White Horse Pharma,"Unit Price: ৳ 18.00,(30's pack: ৳ 540.00),",(30's pack: ৳ 540.00)
16513,Gadoscan,allopathic,gadoscaniv-injection287-mgml,IV Injection,Gadodiamide,287 mg/ml,Popular Pharmaceuticals Ltd.,10 ml vial: ৳ 995.00,
12745,Gacozema,allopathic,gacozemaointment0112,Ointment,Dithranol + Boric Acid + Salicylic Acid,0.1%+1%+2%,Gaco Pharmaceuticals Ltd.,"6 gm container: ৳ 30.00,(12's pack: ৳ 360.00),,10 gm tube: ৳ 40.00",(12's pack: ৳ 360.00)
11814,Gaco water for Inj.,allopathic,gaco-water-for-injliquid5-mlampoule,Liquid,Water for injection,5 ml/ampoule,Gaco Pharmaceuticals Ltd.,5 ml ampoule: ৳ 5.02,
28263,Gabon,allopathic,gabontablet300-mg,Tablet,Gabapentin,300 mg,ACME Laboratories Ltd.,"Unit Price: ৳ 14.44,(30's pack: ৳ 433.20),",(30's pack: ৳ 433.20)
4911,Gabatin,allopathic,gabatintablet300-mg,Tablet,Gabapentin,300 mg,UniMed UniHealth,"Unit Price: ৳ 15.00,(20's pack: ৳ 300.00),",(20's pack: ৳ 300.00)
31060,Gabatec,allopathic,gabateccapsule25-mg,Capsule,Pregabalin,25 mg,Ziska Pharmaceuticals Ltd.,"Unit Price: ৳ 8.00,(30's pack: ৳ 240.00),",(30's pack: ৳ 240.00)
31061,Gabatec,allopathic,gabateccapsule50-mg,Capsule,Pregabalin,50 mg,Ziska Pharmaceuticals Ltd.,"Unit Price: ৳ 13.00,(30's pack: ৳ 390.00),",(30's pack: ৳ 390.00)
31062,Gabatec,allopathic,gabateccapsule75-mg,Capsule,Pregabalin,75 mg,Ziska Pharmaceuticals Ltd.,"Unit Price: ৳ 16.00,(30's pack: ৳ 480.00),",(30's pack: ৳ 480.00)
31063,Gabatec,allopathic,gabateccapsule100-mg,Capsule,Pregabalin,100 mg,Ziska Pharmaceuticals Ltd.,"Unit Price: ৳ 22.00,(24's pack: ৳ 528.00),",(24's pack: ৳ 528.00)
31064,Gabatec,allopathic,gabateccapsule150-mg,Capsule,Pregabalin,150 mg,Ziska Pharmaceuticals Ltd.,"Unit Price: ৳ 30.00,(24's pack: ৳ 720.00),",(24's pack: ৳ 720.00)
4908,Gabastar,allopathic,gabastartablet300-mg,Tablet,Gabapentin,300 mg,Square Pharmaceuticals Ltd.,"Unit Price: ৳ 16.11,(30's pack: ৳ 483.30),",(30's pack: ৳ 483.30)
4907,Gabastar,allopathic,gabastartablet100-mg,Tablet,Gabapentin,100 mg,Square Pharmaceuticals Ltd.,"Unit Price: ৳ 6.04,(30's pack: ৳ 181.20),",(30's pack: ৳ 181.20)
32802,Gabarol CR,allopathic,gabarol-crtablet-controlled-release165-mg,Tablet (Controlled Release),Pregabalin,165 mg,ACI Limited,"Unit Price: ৳ 35.00,(20's pack: ৳ 700.00),",(20's pack: ৳ 700.00)
32801,Gabarol CR,allopathic,gabarol-crtablet-controlled-release825-mg,Tablet (Controlled Release),Pregabalin,82.5 mg,ACI Limited,"Unit Price: ৳ 25.00,(30's pack: ৳ 750.00),",(30's pack: ৳ 750.00)
4980,Gabarol,allopathic,gabarolcapsule100-mg,Capsule,Pregabalin,100 mg,ACI Limited,"Unit Price: ৳ 22.15,(20's pack: ৳ 443.00),",(20's pack: ৳ 443.00)
18731,3-C,allopathic,3-ccapsule400-mg,Capsule,Cefixime Trihydrate,400 mg,Edruc Limited,"Unit Price: ৳ 48.00,(4's pack: ৳ 192.00),",(4's pack: ৳ 192.00)
7696,3-C,allopathic,3-cpowder-for-suspension100-mg5-ml,Powder for Suspension,Cefixime Trihydrate,100 mg/5 ml,Edruc Limited,100 ml bottle: ৳ 195.00,
9381,Gaticin,allopathic,gaticintablet400-mg,Tablet,Gatifloxacin (Oral),400 mg,Drug International Ltd.,"Unit Price: ৳ 10.00,(30's pack: ৳ 300.00),",(30's pack: ৳ 300.00)
9398,Gatibac,allopathic,gatibacophthalmic-solution03,Ophthalmic Solution,Gatifloxacin (Ophthalmic),0.30%,Popular Pharmaceuticals Ltd.,5 ml drop: ৳ 100.00,
1700,Gastroloc,allopathic,gastroloctablet150-mg,Tablet,Ranitidine Hydrochloride,150 mg,Beacon Pharmaceuticals Ltd.,"Unit Price: ৳ 2.00,(100's pack: ৳ 200.00),",(100's pack: ৳ 200.00)
30165,GastroLax,allopathic,gastrolaxeffervescent-granules,Effervescent Granules,Ispaghula Husk + Ispaghula Seed + Tinnevelly Senna Pods,,Incepta Pharmaceuticals Ltd.,"Unit Price: ৳ 20.00,(20's pack: ৳ 400.00),",(20's pack: ৳ 400.00)
30092,Gastrocon-R,allopathic,gastrocon-roral-suspension500-mg267-mg160-mg10-ml,Oral Suspension,Sodium Alginate + Sodium Bicarbonate + Calcium Carbonate,(500 mg+267 mg+160 mg)/10 ml,UniMed UniHealth,200 ml bottle: ৳ 250.00,
31598,Gastrocon-DA,allopathic,gastrocon-daoral-suspension500-mg213-mg325-mg10-ml,Oral Suspension,Sodium Alginate + Sodium Bicarbonate + Calcium Carbonate,(500 mg+213 mg+325 mg)/10 ml,UniMed UniHealth,200 ml bottle: ৳ 250.00,
28294,Gastrocon-A,allopathic,gastrocon-achewable-tablet500-mg100-mg,Chewable Tablet,Sodium Alginate + Potassium Bicarbonate,500 mg+100 mg,UniMed UniHealth,"Unit Price: ৳ 4.50,(30's pack: ৳ 135.00),",(30's pack: ৳ 135.00)
29113,Gastrocon-A,allopathic,gastrocon-aoral-suspension500-mg100-mg5-ml,Oral Suspension,Sodium Alginate + Potassium Bicarbonate,(500 mg+100 mg)/5 ml,UniMed UniHealth,200 ml bottle: ৳ 155.00,
16688,Gastrocon,allopathic,gastroconchewable-tablet500-mg100-mg,Chewable Tablet,Sodium Alginate + Potassium Bicarbonate,500 mg+100 mg,UniMed UniHealth,"Unit Price: ৳ 4.50,(30's pack: ৳ 135.00),",(30's pack: ৳ 135.00)
16689,Gastrocon,allopathic,gastroconoral-suspension500-mg100-mg5-ml,Oral Suspension,Sodium Alginate + Potassium Bicarbonate,(500 mg+100 mg)/5 ml,UniMed UniHealth,200 ml bottle: ৳ 155.00,
23033,Gastril,allopathic,gastriliv-injection40-mgvial,IV Injection,Omeprazole,40 mg/vial,Ethical Drug Ltd.,40 mg vial: ৳ 70.00,
23032,Gastril,allopathic,gastrilcapsule-delayed-release20-mg,Capsule (Delayed Release),Omeprazole,20 mg,Ethical Drug Ltd.,"Unit Price: ৳ 5.00,(100's pack: ৳ 500.00),",(100's pack: ৳ 500.00)
29255,Gastrazole,allopathic,gastrazoletablet-enteric-coated20-mg,Tablet (Enteric Coated),Rabeprazole Sodium,20 mg,Al-Madina Pharmaceuticals Ltd.,"Unit Price: ৳ 5.00,(50's pack: ৳ 250.00),",(50's pack: ৳ 250.00)
17570,Gastolin,allopathic,gastolinoral-suspension200-mg250-mg5-ml,Oral Suspension,Aluminium Oxide + Magnesium Trisilicate,(200 mg+250 mg)/5 ml,Belsen Pharmaceuticals Ltd.,200 ml bottle: ৳ 30.00,
32836,Gastisol,allopathic,gastisoloral-suspension500-mg100-mg5-ml,Oral Suspension,Sodium Alginate + Potassium Bicarbonate,(500 mg+100 mg)/5 ml,Biopharma Laboratories Ltd.,200 ml bottle: ৳ 150.00,
16586,Gastid,allopathic,gastidoral-suspension480-mg20-mg5-ml,Oral Suspension,Magaldrate + Simethicone,(480 mg+20 mg)/5 ml,Eskayef Pharmaceuticals Ltd.,200 ml bottle: ৳ 110.00,
16587,Gastid,allopathic,gastidchewable-tablet480-mg20-mg,Chewable Tablet,Magaldrate + Simethicone,480 mg+20 mg,Eskayef Pharmaceuticals Ltd.,"Unit Price: ৳ 3.00,(60's pack: ৳ 180.00),",(60's pack: ৳ 180.00)
24687,Gastalfet,allopathic,gastalfettablet1000-mg,Tablet,Sucralfate,1000 mg,Beximco Pharmaceuticals Ltd.,"Unit Price: ৳ 6.00,(100's pack: ৳ 600.00),",(100's pack: ৳ 600.00)
2275,Gastalfet,allopathic,gastalfettablet500-mg,Tablet,Sucralfate,500 mg,Beximco Pharmaceuticals Ltd.,"Unit Price: ৳ 4.02,(100's pack: ৳ 401.53),",(100's pack: ৳ 401.53)
1698,Gastab,allopathic,gastabtablet150-mg,Tablet,Ranitidine Hydrochloride,150 mg,NIPRO JMI Pharma Ltd.,"Unit Price: ৳ 2.01,(100's pack: ৳ 201.00),",(100's pack: ৳ 201.00)
1699,Gastab,allopathic,gastabsyrup75-mg5-ml,Syrup,Ranitidine Hydrochloride,75 mg/5 ml,NIPRO JMI Pharma Ltd.,100 ml bottle: ৳ 45.31,
22787,Gaspro,allopathic,gasproiv-injection40-mgvial,IV Injection,Esomeprazole,40 mg/vial,Ethical Drug Ltd.,40 mg vial: ৳ 90.00,
22786,Gaspro,allopathic,gasprocapsule-delayed-release40-mg,Capsule (Delayed Release),Esomeprazole,40 mg,Ethical Drug Ltd.,"Unit Price: ৳ 9.00,(30's pack: ৳ 270.00),",(30's pack: ৳ 270.00)
26153,Gaspro,allopathic,gasprocapsule-delayed-release20-mg,Capsule (Delayed Release),Esomeprazole,20 mg,Ethical Drug Ltd.,"Unit Price: ৳ 6.00,(50's pack: ৳ 300.00),",(50's pack: ৳ 300.00)
23325,Gaspain,allopathic,gaspaintablet-enteric-coated20-mg,Tablet (Enteric Coated),Pantoprazole Sodium Sesquihydrate,20 mg,Ethical Drug Ltd.,"Unit Price: ৳ 4.00,(50's pack: ৳ 200.00),",(50's pack: ৳ 200.00)
23326,Gaspain,allopathic,gaspaintablet-enteric-coated40-mg,Tablet (Enteric Coated),Pantoprazole Sodium Sesquihydrate,40 mg,Ethical Drug Ltd.,"Unit Price: ৳ 6.00,(50's pack: ৳ 300.00),",(50's pack: ৳ 300.00)
1300,Gasnil,allopathic,gasnilpediatric-drops67-mgml,Pediatric Drops,Simethicone,67 mg/ml,Eskayef Pharmaceuticals Ltd.,15 ml drop: ৳ 30.00,
27922,Gaslev,allopathic,gaslevtablet-enteric-coated20-mg,Tablet (Enteric Coated),Pantoprazole Sodium Sesquihydrate,20 mg,The White Horse Pharma,"Unit Price: ৳ 5.00,(60's pack: ৳ 300.00),",(60's pack: ৳ 300.00)
33036,Gascon,allopathic,gasconoral-suspension500-mg267-mg160-mg10-ml,Oral Suspension,Sodium Alginate + Sodium Bicarbonate + Calcium Carbonate,(500 mg+267 mg+160 mg)/10 ml,Pacific Pharmaceuticals Ltd.,200 ml bottle: ৳ 250.00,
32588,Gascon,allopathic,gasconchewable-tablet500-mg100-mg,Chewable Tablet,Sodium Alginate + Potassium Bicarbonate,500 mg+100 mg,Pacific Pharmaceuticals Ltd.,Unit Price: ৳ 3.50,
7695,3-C,allopathic,3-ccapsule200-mg,Capsule,Cefixime Trihydrate,200 mg,Edruc Limited,"Unit Price: ৳ 35.00,(12's pack: ৳ 420.01),",(12's pack: ৳ 420.01)
29992,Gavista,allopathic,gavistaoral-suspension500-mg267-mg160-mg10-ml,Oral Suspension,Sodium Alginate + Sodium Bicarbonate + Calcium Carbonate,(500 mg+267 mg+160 mg)/10 ml,Ziska Pharmaceuticals Ltd.,200 ml bottle: ৳ 250.00,
32673,Gavista,allopathic,gavistachewable-tablet250-mg1335-mg80-mg,Chewable Tablet,Sodium Alginate + Sodium Bicarbonate + Calcium Carbonate,250 mg+133.5 mg+80 mg,Ziska Pharmaceuticals Ltd.,"Unit Price: ৳ 5.00,(50's pack: ৳ 250.00),",(50's pack: ৳ 250.00)
26283,Gavisol,allopathic,gavisoloral-suspension500-mg267-mg160-mg10-ml,Oral Suspension,Sodium Alginate + Sodium Bicarbonate + Calcium Carbonate,(500 mg+267 mg+160 mg)/10 ml,Ibn Sina Pharmaceuticals Ltd.,200 ml bottle: ৳ 250.00,
26284,Gaviscon,allopathic,gavisconoral-suspension500-mg267-mg160-mg10-ml,Oral Suspension,Sodium Alginate + Sodium Bicarbonate + Calcium Carbonate,(500 mg+267 mg+160 mg)/10 ml,Reckitt & Benckiser Ltd.,200 ml bottle: ৳ 415.00,
30260,Gavis,allopathic,gavisoral-suspension500-mg267-mg160-mg10-ml,Oral Suspension,Sodium Alginate + Sodium Bicarbonate + Calcium Carbonate,(500 mg+267 mg+160 mg)/10 ml,Benham Pharmaceuticals Ltd.,200 ml bottle: ৳ 248.00,
33037,Gavirad,allopathic,gaviradoral-suspension500-mg267-mg160-mg10-ml,Oral Suspension,Sodium Alginate + Sodium Bicarbonate + Calcium Carbonate,(500 mg+267 mg+160 mg)/10 ml,Radiant Pharmaceuticals Ltd.,10 ml sachet: ৳ 15.00,
33038,Gaviplus,allopathic,gaviplusoral-suspension500-mg267-mg160-mg10-ml,Oral Suspension,Sodium Alginate + Sodium Bicarbonate + Calcium Carbonate,(500 mg+267 mg+160 mg)/10 ml,Team Pharmaceuticals Ltd.,200 ml bottle: ৳ 250.00,
33034,Gavipex,allopathic,gavipexoral-suspension500-mg267-mg160-mg10-ml,Oral Suspension,Sodium Alginate + Sodium Bicarbonate + Calcium Carbonate,(500 mg+267 mg+160 mg)/10 ml,Apex Pharmaceuticals Ltd.,200 ml bottle: ৳ 250.00,
32682,Gavinor,allopathic,gavinororal-suspension500-mg267-mg160-mg10-ml,Oral Suspension,Sodium Alginate + Sodium Bicarbonate + Calcium Carbonate,(500 mg+267 mg+160 mg)/10 ml,Drug International Ltd.,200 ml bottle: ৳ 250.00,
30275,Gavinate,allopathic,gavinateoral-suspension500-mg267-mg160-mg10-ml,Oral Suspension,Sodium Alginate + Sodium Bicarbonate + Calcium Carbonate,(500 mg+267 mg+160 mg)/10 ml,Labaid Pharma Ltd.,"200 ml bottle: ৳ 250.00,100 ml bottle: ৳ 150.00",
33033,Gavimax,allopathic,gavimaxoral-suspension500-mg267-mg160-mg10-ml,Oral Suspension,Sodium Alginate + Sodium Bicarbonate + Calcium Carbonate,(500 mg+267 mg+160 mg)/10 ml,Innovative Pharma (Albion),200 ml bottle: ৳ 250.00,
30223,Gavilac,allopathic,gavilacoral-suspension500-mg213-mg325-mg10-ml,Oral Suspension,Sodium Alginate + Sodium Bicarbonate + Calcium Carbonate,(500 mg+213 mg+325 mg)/10 ml,ACI Limited,200 ml bottle: ৳ 250.00,
33039,Gavigin,allopathic,gaviginoral-suspension500-mg267-mg160-mg10-ml,Oral Suspension,Sodium Alginate + Sodium Bicarbonate + Calcium Carbonate,(500 mg+267 mg+160 mg)/10 ml,Virgo Pharmaceuticals Ltd.,200 ml bottle: ৳ 250.00,
26285,Gaviflux,allopathic,gavifluxoral-suspension500-mg267-mg160-mg10-ml,Oral Suspension,Sodium Alginate + Sodium Bicarbonate + Calcium Carbonate,(500 mg+267 mg+160 mg)/10 ml,Beacon Pharmaceuticals Ltd.,200 ml bottle: ৳ 250.00,
31407,Gavicool,allopathic,gavicooloral-suspension500-mg213-mg325-mg10-ml,Oral Suspension,Sodium Alginate + Sodium Bicarbonate + Calcium Carbonate,(500 mg+213 mg+325 mg)/10 ml,Pharmasia Limited,"10 ml sachet: ৳ 15.00,(20's pack: ৳ 300.00),,200 ml bottle: ৳ 250.00",(20's pack: ৳ 300.00)
30259,Gavicid,allopathic,gavicidoral-suspension500-mg267-mg160-mg10-ml,Oral Suspension,Sodium Alginate + Sodium Bicarbonate + Calcium Carbonate,(500 mg+267 mg+160 mg)/10 ml,Sharif Pharmaceuticals Ltd.,200 ml bottle: ৳ 250.00,
9375,Gatsina,allopathic,gatsinatablet400-mg,Tablet,Gatifloxacin (Oral),400 mg,Ibn Sina Pharmaceuticals Ltd.,"Unit Price: ৳ 11.00,(20's pack: ৳ 220.00),",(20's pack: ৳ 220.00)
20605,Gatsina,allopathic,gatsinaophthalmic-solution03,Ophthalmic Solution,Gatifloxacin (Ophthalmic),0.30%,Ibn Sina Pharmaceuticals Ltd.,5 ml drop: ৳ 100.00,
9374,Gatpro 400,allopathic,gatpro-400tablet400-mg,Tablet,Gatifloxacin (Oral),400 mg,Desh Pharmaceuticals Ltd.,"Unit Price: ৳ 10.00,(30's pack: ৳ 300.00),",(30's pack: ৳ 300.00)
9370,Gatizen,allopathic,gatizentablet400-mg,Tablet,Gatifloxacin (Oral),400 mg,Zenith Pharmaceuticals Ltd.,"Unit Price: ৳ 10.04,(18's pack: ৳ 180.72),",(18's pack: ৳ 180.72)
9369,Gatizen,allopathic,gatizentablet200-mg,Tablet,Gatifloxacin (Oral),200 mg,Zenith Pharmaceuticals Ltd.,"Unit Price: ৳ 6.02,(30's pack: ৳ 180.60),",(30's pack: ৳ 180.60)
15836,Gatison,allopathic,gatisonophthalmic-solution0301,Ophthalmic Solution,Gatifloxacin + Dexamethasone,0.3%+0.1%,Aristopharma Ltd.,5 ml drop: ৳ 120.00,
26984,Gatipro,allopathic,gatiproophthalmic-solution05,Ophthalmic Solution,Gatifloxacin (Ophthalmic),0.50%,Opso Saline Ltd.,5 ml drop: ৳ 130.00,
26983,Gatipro,allopathic,gatiproophthalmic-solution03,Ophthalmic Solution,Gatifloxacin (Ophthalmic),0.30%,Opso Saline Ltd.,5 ml drop: ৳ 100.00,
29942,Gatinox,allopathic,gatinoxtablet400-mg,Tablet,Gatifloxacin (Oral),400 mg,Eskayef Pharmaceuticals Ltd.,"Unit Price: ৳ 10.00,(20's pack: ৳ 200.00),",(20's pack: ৳ 200.00)
9385,Gatimet,allopathic,gatimettablet400-mg,Tablet,Gatifloxacin (Oral),400 mg,Medimet Pharmaceuticals Ltd.,"Unit Price: ৳ 10.00,(50's pack: ৳ 500.00),",(50's pack: ৳ 500.00)
15710,Gatigen,allopathic,gatigenophthalmic-solution03,Ophthalmic Solution,Gatifloxacin (Ophthalmic),0.30%,General Pharmaceuticals Ltd.,5 ml drop: ৳ 100.30,
9397,Gatiflox ES,allopathic,gatiflox-esophthalmic-solution05,Ophthalmic Solution,Gatifloxacin (Ophthalmic),0.50%,Incepta Pharmaceuticals Ltd.,5 ml drop: ৳ 125.00,
9396,Gatiflox,allopathic,gatifloxophthalmic-solution03,Ophthalmic Solution,Gatifloxacin (Ophthalmic),0.30%,Incepta Pharmaceuticals Ltd.,5 ml drop: ৳ 100.00,
15835,Gatidex,allopathic,gatidexophthalmic-solution0301,Ophthalmic Solution,Gatifloxacin + Dexamethasone,0.3%+0.1%,Opso Saline Ltd.,5 ml drop: ৳ 120.00,
18658,1stCef,allopathic,1stcefcapsule500-mg,Capsule,Cefadroxil Monohydrate,500 mg,Medimet Pharmaceuticals Ltd.,Unit Price: ৳ 12.00,
26693,Gemcitabine PhaRes,allopathic,gemcitabine-pharesiv-infusion1-gmvial,IV Infusion,Gemcitabine,1 gm/vial,Pharma Resources,"1 gm vial: ৳ 7,025.00",
17302,Gemcitabine PhaRes,allopathic,gemcitabine-pharesiv-infusion200-mgvial,IV Infusion,Gemcitabine,200 mg/vial,Pharma Resources,"200 mg vial: ৳ 2,110.00",
26691,Gemcitabine AqVida,allopathic,gemcitabine-aqvidaiv-infusion1-gmvial,IV Infusion,Gemcitabine,1 gm/vial,AqVida GmbH,"1 gm vial: ৳ 7,029.00",
17345,Gemcitabine AqVida,allopathic,gemcitabine-aqvidaiv-infusion200-mgvial,IV Infusion,Gemcitabine,200 mg/vial,AqVida GmbH,"200 mg vial: ৳ 2,196.00",
17340,Gemcitabin HEXAL,allopathic,gemcitabin-hexaliv-infusion200-mgvial,IV Infusion,Gemcitabine,200 mg/vial,SANDOZ (A Novartis Division),"200 mg vial: ৳ 1,156.12",
26692,Gemcitabin HEXAL,allopathic,gemcitabin-hexaliv-infusion1-gmvial,IV Infusion,Gemcitabine,1 gm/vial,SANDOZ (A Novartis Division),"1 gm vial: ৳ 4,668.40",
17318,Gemcetin,allopathic,gemcetiniv-infusion200-mgvial,IV Infusion,Gemcitabine,200 mg/vial,Techno Drugs Ltd.,"200 mg vial: ৳ 1,400.00",
26690,Gemcetin,allopathic,gemcetiniv-infusion1-gmvial,IV Infusion,Gemcitabine,1 gm/vial,Techno Drugs Ltd.,"1 gm vial: ৳ 5,000.00",
28659,Gembine,allopathic,gembineiv-infusion1-gmvial,IV Infusion,Gemcitabine,1 gm/vial,Healthcare Pharmaceuticals Ltd.,"1 gm vial: ৳ 5,500.00",
28658,Gembine,allopathic,gembineiv-infusion200-mgvial,IV Infusion,Gemcitabine,200 mg/vial,Healthcare Pharmaceuticals Ltd.,"200 mg vial: ৳ 1,600.00",
1817,Gem,allopathic,gemcapsule-delayed-release20-mg,Capsule (Delayed Release),Omeprazole,20 mg,Millat Pharmaceuticals Ltd.,"Unit Price: ৳ 4.00,(60's pack: ৳ 240.00),",(60's pack: ৳ 240.00)
31124,Geludrox HS,allopathic,geludrox-hschewable-tablet200-mg200-mg30-mg,Chewable Tablet,Aluminium Hydroxide + Magnesium Hydroxide + Simethicone,200 mg+200 mg+30 mg,Drug International Ltd.,"Unit Price: ৳ 0.79,(120's pack: ৳ 94.80),",(120's pack: ৳ 94.80)
26617,Geludrox HS,allopathic,geludrox-hsoral-suspension200-mg400-mg30-mg5-ml,Oral Suspension,Aluminium Hydroxide + Magnesium Hydroxide + Simethicone,(200 mg+400 mg+30 mg)/5 ml,Drug International Ltd.,200 ml bottle: ৳ 80.00,
20623,Geloxin,allopathic,geloxintablet320-mg,Tablet,Gemifloxacin,320 mg,Euro Pharma Ltd.,"Unit Price: ৳ 65.00,(8's pack: ৳ 520.00),",(8's pack: ৳ 520.00)
10010,Gelora,allopathic,geloraoral-gel2-ww,Oral Gel,Miconazole Nitrate (Oral Gel),2% w/w,Square Pharmaceuticals Ltd.,15 gm tube: ৳ 60.18,
16691,Gelid,allopathic,gelidchewable-tablet500-mg100-mg,Chewable Tablet,Sodium Alginate + Potassium Bicarbonate,500 mg+100 mg,Eskayef Pharmaceuticals Ltd.,"Unit Price: ৳ 3.50,(50's pack: ৳ 175.00),",(50's pack: ৳ 175.00)
16690,Gelid,allopathic,gelidoral-suspension500-mg100-mg5-ml,Oral Suspension,Sodium Alginate + Potassium Bicarbonate,(500 mg+100 mg)/5 ml,Eskayef Pharmaceuticals Ltd.,200 ml bottle: ৳ 125.00,
29943,Gelicon,allopathic,geliconcapsule300-mg,Capsule,Gemfibrozil,300 mg,Eskayef Pharmaceuticals Ltd.,"Unit Price: ৳ 7.00,(24's pack: ৳ 168.00),",(24's pack: ৳ 168.00)
9405,Gelcin,allopathic,gelcintablet320-mg,Tablet,Gemifloxacin,320 mg,Drug International Ltd.,"Unit Price: ৳ 65.20,(7's pack: ৳ 456.40),",(7's pack: ৳ 456.40)
9286,Geflox,allopathic,gefloxpowder-for-suspension250-mg5-ml,Powder for Suspension,Ciprofloxacin,250 mg/5 ml,General Pharmaceuticals Ltd.,60 ml bottle: ৳ 100.00,
9284,Geflox,allopathic,gefloxtablet500-mg,Tablet,Ciprofloxacin,500 mg,General Pharmaceuticals Ltd.,"Unit Price: ৳ 14.09,(30's pack: ৳ 422.70),",(30's pack: ৳ 422.70)
9287,Geflox,allopathic,gefloxiv-infusion200-mg100-ml,IV Infusion,Ciprofloxacin,200 mg/100 ml,General Pharmaceuticals Ltd.,100 ml bottle: ৳ 70.21,
9283,Geflox,allopathic,gefloxtablet250-mg,Tablet,Ciprofloxacin,250 mg,General Pharmaceuticals Ltd.,"Unit Price: ৳ 8.49,(30's pack: ৳ 254.77),",(30's pack: ৳ 254.77)
33087,Gefiren,allopathic,gefirentablet250-mg,Tablet,Gefitinib,250 mg,Renata Limited,"Unit Price: ৳ 250.00,(12's pack: ৳ 3,000.00),","(12's pack: ৳ 3,000.00)"
16515,Gefinix,allopathic,gefinixtablet250-mg,Tablet,Gefitinib,250 mg,Beacon Pharmaceuticals Ltd.,"Unit Price: ৳ 250.00,(30's pack: ৳ 7,500.00),","(30's pack: ৳ 7,500.00)"
17312,Geficent,allopathic,geficenttablet250-mg,Tablet,Gefitinib,250 mg,Incepta Pharmaceuticals Ltd.,"Unit Price: ৳ 120.00,(10's pack: ৳ 1,200.00),","(10's pack: ৳ 1,200.00)"
9414,Gefcin,allopathic,gefcintablet320-mg,Tablet,Gemifloxacin,320 mg,Biopharma Laboratories Ltd.,"Unit Price: ৳ 65.00,(8's pack: ৳ 520.00),",(8's pack: ৳ 520.00)
32515,GBR,allopathic,gbrtablet300-mg,Tablet,Gabapentin,300 mg,Doctor TIMS Pharmaceuticals Ltd.,"Unit Price: ৳ 16.00,(30's pack: ৳ 480.00),",(30's pack: ৳ 480.00)
26090,Gazyva,allopathic,gazyvainjection1000-mg40-ml,Injection,Obinutuzumab,1000 mg/40 ml,Roche Bangladesh Ltd.,"1000 mg vial: ৳ 112,000.00",
33035,Gavonix,allopathic,gavonixoral-suspension500-mg267-mg160-mg10-ml,Oral Suspension,Sodium Alginate + Sodium Bicarbonate + Calcium Carbonate,(500 mg+267 mg+160 mg)/10 ml,Edruc Limited,200 ml bottle: ৳ 250.00,
30759,Gen4,allopathic,gen4iv-injection2-gmvial,IV Injection,Cefepime Hydrochloride,2 gm/vial,Ibn Sina Pharmaceuticals Ltd.,"2 gm vial: ৳ 1,010.00",
8412,Genacyn,allopathic,genacynointment01,Ointment,Gentamicin Sulfate (Topical),0.10%,Square Pharmaceuticals Ltd.,10 gm tube: ৳ 12.09,
8419,Genacyn,allopathic,genacynophthalmic-solution03,Ophthalmic Solution,Gentamicin Sulfate (Ophthalmic),0.30%,Square Pharmaceuticals Ltd.,10 ml drop: ৳ 32.12,
30414,Genacort,allopathic,genacortointment1,Ointment,Hydrocortisone Acetate,1%,General Pharmaceuticals Ltd.,5 gm tube: ৳ 15.11,
350,Genacaft,allopathic,genacaftophthalmic-solution025,Ophthalmic Solution,Alcaftadine,0.25%,General Pharmaceuticals Ltd.,5 ml drop: ৳ 400.00,
11019,Genac Plus,allopathic,genac-plusim-injection75-mg20-mg2-ml,IM Injection,Diclofenac Sodium + Lidocaine Hydrochloride,(75 mg+20 mg)/2 ml,Globe Pharmaceuticals Ltd.,"2 ml ampoule: ৳ 15.00,(10's pack: ৳ 150.00),",(10's pack: ৳ 150.00)
11018,Genac,allopathic,genacim-injection75-mg3-ml,IM Injection,Diclofenac Sodium,75 mg/3 ml,Globe Pharmaceuticals Ltd.,"3 ml ampoule: ৳ 14.00,(10's pack: ৳ 140.00),",(10's pack: ৳ 140.00)
11017,Genac,allopathic,genactablet50-mg,Tablet,Diclofenac Sodium,50 mg,Globe Pharmaceuticals Ltd.,"Unit Price: ৳ 1.20,(100's pack: ৳ 120.00),",(100's pack: ৳ 120.00)
8166,Gen4,allopathic,gen4imiv-injection500-mgvial,IM/IV Injection,Cefepime Hydrochloride,500 mg/vial,Ibn Sina Pharmaceuticals Ltd.,500 mg vial: ৳ 305.00,
8167,Gen4,allopathic,gen4imiv-injection1-gmvial,IM/IV Injection,Cefepime Hydrochloride,1 gm/vial,Ibn Sina Pharmaceuticals Ltd.,1 gm vial: ৳ 555.00,
7576,Gen-3,allopathic,gen-3powder-for-suspension100-mg5-ml,Powder for Suspension,Cefixime Trihydrate,100 mg/5 ml,Amico Laboratories Ltd.,50 ml bottle: ৳ 175.00,
7575,Gen-3,allopathic,gen-3capsule200-mg,Capsule,Cefixime Trihydrate,200 mg,Amico Laboratories Ltd.,"Unit Price: ৳ 30.00,(12's pack: ৳ 360.00),",(12's pack: ৳ 360.00)
32620,Gen HC,allopathic,gen-hcear-drop031,Ear Drop,Gentamicin + Hydrocortisone Acetate,0.3%+1%,Ibn Sina Pharmaceuticals Ltd.,10 ml drop: ৳ 60.00,
15048,Gemzar,allopathic,gemzariv-infusion200-mgvial,IV Infusion,Gemcitabine,200 mg/vial,Eli Lilly and Company,"200 mg vial: ৳ 2,092.00",
26695,Gemzar,allopathic,gemzariv-infusion1-gmvial,IV Infusion,Gemcitabine,1 gm/vial,Eli Lilly and Company,"1 gm vial: ৳ 8,732.00",
29802,Gemtor,allopathic,gemtoriv-infusion1-gmvial,IV Infusion,Gemcitabine,1 gm/vial,Eskayef Pharmaceuticals Ltd.,"1 gm vial: ৳ 5,000.00",
29801,Gemtor,allopathic,gemtoriv-infusion200-mgvial,IV Infusion,Gemcitabine,200 mg/vial,Eskayef Pharmaceuticals Ltd.,"200 mg vial: ৳ 1,400.00",
15051,Gemoxen,allopathic,gemoxeniv-infusion200-mgvial,IV Infusion,Gemcitabine,200 mg/vial,Beacon Pharmaceuticals Ltd.,"200 mg vial: ৳ 1,400.00",
26694,Gemoxen,allopathic,gemoxeniv-infusion1-gmvial,IV Infusion,Gemcitabine,1 gm/vial,Beacon Pharmaceuticals Ltd.,"1 gm vial: ৳ 5,000.00",
16087,Gemolol,allopathic,gemololophthalmic-solution05,Ophthalmic Solution,Timolol Maleate,0.50%,General Pharmaceuticals Ltd.,5 ml drop: ৳ 70.21,
9412,Gemitab,allopathic,gemitabtablet320-mg,Tablet,Gemifloxacin,320 mg,Ibn Sina Pharmaceuticals Ltd.,"Unit Price: ৳ 40.00,(10's pack: ৳ 400.00),",(10's pack: ৳ 400.00)
12679,Gemison,allopathic,gemisoncream21,Cream,Miconazole Nitrate + Hydrocortisone,2%+1%,General Pharmaceuticals Ltd.,10 gm tube: ৳ 40.27,
9411,Gemiquin,allopathic,gemiquintablet320-mg,Tablet,Gemifloxacin,320 mg,Jenphar Bangladesh Ltd.,"Unit Price: ৳ 65.00,(8's pack: ৳ 520.00),",(8's pack: ৳ 520.00)
9410,Geminox,allopathic,geminoxtablet320-mg,Tablet,Gemifloxacin,320 mg,Eskayef Pharmaceuticals Ltd.,"Unit Price: ৳ 65.00,(8's pack: ৳ 520.00),",(8's pack: ৳ 520.00)
9409,Gemiflox,allopathic,gemifloxtablet320-mg,Tablet,Gemifloxacin,320 mg,Popular Pharmaceuticals Ltd.,"Unit Price: ৳ 65.25,(10's pack: ৳ 652.50),",(10's pack: ৳ 652.50)
9408,Gemif,allopathic,gemiftablet320-mg,Tablet,Gemifloxacin,320 mg,Beacon Pharmaceuticals Ltd.,"Unit Price: ৳ 65.20,(8's pack: ৳ 521.60),",(8's pack: ৳ 521.60)
9407,Gemicin,allopathic,gemicintablet320-mg,Tablet,Gemifloxacin,320 mg,Healthcare Pharmaceuticals Ltd.,"Unit Price: ৳ 65.00,(7's pack: ৳ 455.00),",(7's pack: ৳ 455.00)
26745,Gemer,allopathic,gemertablet-extended-release1-mg500-mg,Tablet (Extended Release),Glimepiride + Metformin,1 mg+500 mg,Sun Pharmaceutical Ltd.,"Unit Price: ৳ 8.50,(50's pack: ৳ 425.00),",(50's pack: ৳ 425.00)
30923,Gemer,allopathic,gemertablet-extended-release2-mg500-mg,Tablet (Extended Release),Glimepiride + Metformin,2 mg+500 mg,Sun Pharmaceutical Ltd.,"Unit Price: ৳ 12.00,(50's pack: ৳ 600.00),",(50's pack: ৳ 600.00)
9406,Gemelon,allopathic,gemelontablet320-mg,Tablet,Gemifloxacin,320 mg,Navana Pharmaceuticals Ltd.,"Unit Price: ৳ 65.20,(6's pack: ৳ 391.20),",(6's pack: ৳ 391.20)
28448,Gentabac,allopathic,gentabacimiv-injection80-mg2-ml,IM/IV Injection,Gentamicin Sulfate (Injection),80 mg/2 ml,Popular Pharmaceuticals Ltd.,"2 ml ampoule: ৳ 10.15,(10's pack: ৳ 101.50),",(10's pack: ৳ 101.50)
28447,Gentabac,allopathic,gentabacimiv-injection20-mg2-ml,IM/IV Injection,Gentamicin Sulfate (Injection),20 mg/2 ml,Popular Pharmaceuticals Ltd.,"2 ml ampoule: ৳ 6.07,(10's pack: ৳ 60.70),",(10's pack: ৳ 60.70)
28264,Gentacin,allopathic,gentacinophthalmic-ointment03,Ophthalmic Ointment,Gentamicin Sulfate (Ophthalmic),0.30%,ACME Laboratories Ltd.,3.5 gm tube: ৳ 9.78,
13043,Gentabac HC,allopathic,gentabac-hcear-drop031,Ear Drop,Gentamicin + Hydrocortisone Acetate,0.3%+1%,Popular Pharmaceuticals Ltd.,10 ml drop: ৳ 51.05,
12958,Gentabac,allopathic,gentabacophthalmic-solution03,Ophthalmic Solution,Gentamicin Sulfate (Ophthalmic),0.30%,Popular Pharmaceuticals Ltd.,10 ml drop: ৳ 32.00,
26317,Gensulin R,allopathic,gensulin-rsc-injection100-iuml,SC Injection,Insulin Human [Fast-Acting],100 IU/ml,Beximco Pharmaceuticals Ltd.,"3 ml cartridge: ৳ 222.00,(5's pack: ৳ 1,110.00),","(5's pack: ৳ 1,110.00)"
28990,Gensulin R,allopathic,gensulin-rsc-injection100-iuml,SC Injection,Insulin Human [Fast-Acting],100 IU/ml,Beximco Pharmaceuticals Ltd.,10 ml vial: ৳ 415.00,
26319,Gensulin N,allopathic,gensulin-nsc-injection100-iuml,SC Injection,Insulin Human [Long-Acting],100 IU/ml,Beximco Pharmaceuticals Ltd.,"3 ml cartridge: ৳ 222.00,(5's pack: ৳ 1,110.00),,10 ml vial: ৳ 415.00","(5's pack: ৳ 1,110.00)"
26320,Gensulin M30,allopathic,gensulin-m30sc-injection3070-in-100-iuml,SC Injection,Insulin Human [rDNA] + Isophane Insulin Human,30%+70% in 100 IU/ml,Beximco Pharmaceuticals Ltd.,"3 ml cartridge: ৳ 222.00,(5's pack: ৳ 1,110.00),","(5's pack: ৳ 1,110.00)"
28404,Gensulin M30,allopathic,gensulin-m30sc-injection3070-in-100-iuml,SC Injection,Insulin Human [rDNA] + Isophane Insulin Human,30%+70% in 100 IU/ml,Beximco Pharmaceuticals Ltd.,10 ml vial: ৳ 415.00,
32758,Genopam,allopathic,genopamtablet05-mg,Tablet,Clonazepam,0.5 mg,Veritas Pharmaceuticals Ltd.,"Unit Price: ৳ 6.00,(50's pack: ৳ 300.00),",(50's pack: ৳ 300.00)
32895,Genopam,allopathic,genopamtablet2-mg,Tablet,Clonazepam,2 mg,Veritas Pharmaceuticals Ltd.,"Unit Price: ৳ 10.00,(30's pack: ৳ 300.00),",(30's pack: ৳ 300.00)
26562,Genolev TS,allopathic,genolev-tsophthalmic-solution15,Ophthalmic Solution,Levofloxacin (Ophthalmic),1.50%,General Pharmaceuticals Ltd.,5 ml drop: ৳ 130.39,
26561,Genolev,allopathic,genolevophthalmic-solution05,Ophthalmic Solution,Levofloxacin (Ophthalmic),0.50%,General Pharmaceuticals Ltd.,5 ml drop: ৳ 90.30,
9459,Genolev,allopathic,genolevtablet500-mg,Tablet,Levofloxacin Hemihydrate,500 mg,General Pharmaceuticals Ltd.,"Unit Price: ৳ 15.11,(20's pack: ৳ 302.20),",(20's pack: ৳ 302.20)
31600,Genodex,allopathic,genodexcapsule-delayed-release30-mg,Capsule (Delayed Release),Dexlansoprazole,30 mg,Veritas Pharmaceuticals Ltd.,"Unit Price: ৳ 10.00,(30's pack: ৳ 300.00),",(30's pack: ৳ 300.00)
30504,Genisia,allopathic,genisiaiv-injection500-mgvial,IV Injection,Thiopental Sodium,500 mg/vial,Square Pharmaceuticals Ltd.,500 mg vial: ৳ 74.28,
31239,Genib,allopathic,genibtablet250-mg,Tablet,Gefitinib,250 mg,Healthcare Pharmaceuticals Ltd.,"Unit Price: ৳ 250.00,(30's pack: ৳ 7,500.00),","(30's pack: ৳ 7,500.00)"
9753,Genevir,allopathic,genevirtablet05-mg,Tablet,Entecavir,0.5 mg,General Pharmaceuticals Ltd.,"Unit Price: ৳ 48.14,(10's pack: ৳ 481.44),",(10's pack: ৳ 481.44)
9754,Genevir,allopathic,genevirtablet1-mg,Tablet,Entecavir,1 mg,General Pharmaceuticals Ltd.,"Unit Price: ৳ 90.27,(10's pack: ৳ 902.71),",(10's pack: ৳ 902.71)
9720,Genclovir,allopathic,genclovirophthalmic-gel015,Ophthalmic Gel,Ganciclovir (Ophthalmic),0.15%,General Pharmaceuticals Ltd.,5 gm tube: ৳ 200.61,
16067,Genazopt T,allopathic,genazopt-tophthalmic-suspension105,Ophthalmic Suspension,Brinzolamide + Timolol,1%+0.5%,General Pharmaceuticals Ltd.,5 ml drop: ৳ 551.65,
16332,Genazopt Plus,allopathic,genazopt-plusophthalmic-suspension102,Ophthalmic Suspension,Brinzolamide + Brimonidine Tartrate,1%+0.2%,General Pharmaceuticals Ltd.,5 ml drop: ৳ 550.00,
26560,Genazopt,allopathic,genazoptophthalmic-suspension1,Ophthalmic Suspension,Brinzolamide,1%,General Pharmaceuticals Ltd.,5 ml drop: ৳ 501.50,
13784,Genaplex,allopathic,genaplexsyrup,Syrup,Vitamin B complex,,General Pharmaceuticals Ltd.,"100 ml bottle: ৳ 20.74,200 ml bottle: ৳ 37.75",
6534,Genamox,allopathic,genamoxpediatric-drops125-mg125-ml,Pediatric Drops,Amoxicillin Trihydrate,125 mg/1.25 ml,General Pharmaceuticals Ltd.,15 ml bottle: ৳ 30.11,
6533,Genamox,allopathic,genamoxpowder-for-suspension125-mg5-ml,Powder for Suspension,Amoxicillin Trihydrate,125 mg/5 ml,General Pharmaceuticals Ltd.,100 ml bottle: ৳ 47.45,
6532,Genamox,allopathic,genamoxcapsule500-mg,Capsule,Amoxicillin Trihydrate,500 mg,General Pharmaceuticals Ltd.,"Unit Price: ৳ 6.76,(50's pack: ৳ 338.00),",(50's pack: ৳ 338.00)
6531,Genamox,allopathic,genamoxcapsule250-mg,Capsule,Amoxicillin Trihydrate,250 mg,General Pharmaceuticals Ltd.,"Unit Price: ৳ 3.61,(100's pack: ৳ 361.00),",(100's pack: ৳ 361.00)
20881,Genagel,allopathic,genagelophthalmic-gel03,Ophthalmic Gel,Hypromellose,0.30%,General Pharmaceuticals Ltd.,10 gm tube: ৳ 250.00,
29981,Gerdnil,allopathic,gerdnilcapsule-delayed-release30-mg,Capsule (Delayed Release),Dexlansoprazole,30 mg,Team Pharmaceuticals Ltd.,"Unit Price: ৳ 9.00,(60's pack: ৳ 540.00),",(60's pack: ৳ 540.00)
29982,Gerdnil,allopathic,gerdnilcapsule-delayed-release60-mg,Capsule (Delayed Release),Dexlansoprazole,60 mg,Team Pharmaceuticals Ltd.,"Unit Price: ৳ 16.00,(30's pack: ৳ 480.00),",(30's pack: ৳ 480.00)
24557,Gerdex,allopathic,gerdexoral-suspension500-mg100-mg5-ml,Oral Suspension,Sodium Alginate + Potassium Bicarbonate,(500 mg+100 mg)/5 ml,Ibn Sina Pharmaceuticals Ltd.,200 ml bottle: ৳ 150.00,
28093,Geriton-MD,allopathic,geriton-mdtablet,Tablet,Calcium Carbonate + Vitamin D3 + Multimineral,,Ethical Drug Ltd.,"Unit Price: ৳ 5.00,(15's pack: ৳ 75.00),,Unit Price: ৳ 5.00,(30's pack: ৳ 150.00),","(15's pack: ৳ 75.00),(30's pack: ৳ 150.00)"
26132,Gerdo,allopathic,gerdocapsule-delayed-release20-mg,Capsule (Delayed Release),Esomeprazole,20 mg,Navana Pharmaceuticals Ltd.,"Unit Price: ৳ 7.02,(49's pack: ৳ 344.00),",(49's pack: ৳ 344.00)
26713,Gerdo,allopathic,gerdotablet-enteric-coated20-mg,Tablet (Enteric Coated),Esomeprazole,20 mg,Nuvista Pharma Ltd.,"Unit Price: ৳ 7.02,(49's pack: ৳ 344.00),",(49's pack: ৳ 344.00)
1703,Gepin,allopathic,gepinimiv-injection50-mg2-ml,IM/IV Injection,Ranitidine Hydrochloride,50 mg/2 ml,General Pharmaceuticals Ltd.,"2 ml ampoule: ৳ 10.03,(10's pack: ৳ 100.30),",(10's pack: ৳ 100.30)
1702,Gepin,allopathic,gepinsyrup75-mg5-ml,Syrup,Ranitidine Hydrochloride,75 mg/5 ml,General Pharmaceuticals Ltd.,"100 ml bottle: ৳ 50.00,200 ml bottle: ৳ 95.00",
1701,Gepin,allopathic,gepintablet150-mg,Tablet,Ranitidine Hydrochloride,150 mg,General Pharmaceuticals Ltd.,"Unit Price: ৳ 2.01,(100's pack: ৳ 201.00),",(100's pack: ৳ 201.00)
9413,Geoflox,allopathic,geofloxtablet320-mg,Tablet,Gemifloxacin,320 mg,Sharif Pharmaceuticals Ltd.,"Unit Price: ৳ 65.19,(8's pack: ৳ 521.51),",(8's pack: ৳ 521.51)
30321,Geofenac TR,allopathic,geofenac-trcapsule-timed-release100-mg,Capsule (Timed Release),Diclofenac Sodium,100 mg,Biogen Pharmaceuticals Ltd.,"Unit Price: ৳ 5.50,(50's pack: ৳ 275.00),,Unit Price: ৳ 5.50,(100's pack: ৳ 550.00),","(50's pack: ৳ 275.00),(100's pack: ৳ 550.00)"
12960,Gentum,allopathic,gentumophthalmic-solution03,Ophthalmic Solution,Gentamicin Sulfate (Ophthalmic),0.30%,Drug International Ltd.,10 ml drop: ৳ 31.50,
9019,Gentrim,allopathic,gentrimoral-suspension200-mg40-mg5-ml,Oral Suspension,Sulphamethoxazole + Trimethoprim,(200 mg+40 mg)/5 ml,General Pharmaceuticals Ltd.,60 ml bottle: ৳ 21.19,
8416,Gentosep,allopathic,gentosepcream03,Cream,Gentamicin Sulfate (Topical),0.30%,Beximco Pharmaceuticals Ltd.,15 mg tube: ৳ 18.50,
15722,Gentob,allopathic,gentobophthalmic-ointment03,Ophthalmic Ointment,Tobramycin (Ophthalmic),0.30%,General Pharmaceuticals Ltd.,3 gm tube: ৳ 80.00,
15721,Gentob,allopathic,gentobophthalmic-solution03,Ophthalmic Solution,Tobramycin (Ophthalmic),0.30%,General Pharmaceuticals Ltd.,5 ml drop: ৳ 100.00,
12672,Gento-HC,allopathic,gento-hccream031,Cream,Gentamicin + Hydrocortisone Acetate,0.3%+1%,Gaco Pharmaceuticals Ltd.,10 gm tube: ৳ 60.18,
28144,Gento-HC,allopathic,gento-hcear-drop031,Ear Drop,Gentamicin + Hydrocortisone Acetate,0.3%+1%,Gaco Pharmaceuticals Ltd.,10 ml drop: ৳ 60.18,
32946,Gento,allopathic,gentoointment03,Ointment,Gentamicin Sulfate (Topical),0.30%,Gaco Pharmaceuticals Ltd.,5 gm tube: ৳ 9.12,
32945,Gento,allopathic,gentoophthalmic-solution03,Ophthalmic Solution,Gentamicin Sulfate (Ophthalmic),0.30%,Gaco Pharmaceuticals Ltd.,10 ml drop: ৳ 35.00,
32944,Gento,allopathic,gentoophthalmic-ointment03,Ophthalmic Ointment,Gentamicin Sulfate (Ophthalmic),0.30%,Gaco Pharmaceuticals Ltd.,5 gm tube: ৳ 10.10,
13045,Gentin HC,allopathic,gentin-hcear-drop031,Ear Drop,Gentamicin + Hydrocortisone Acetate,0.3%+1%,Opso Saline Ltd.,5 ml drop: ৳ 55.20,
8394,Gentin,allopathic,gentinimiv-injection80-mg2-ml,IM/IV Injection,Gentamicin Sulfate (Injection),80 mg/2 ml,Opsonin Pharma Ltd.,"2 ml ampoule: ৳ 14.00,(25's pack: ৳ 350.00),",(25's pack: ৳ 350.00)
8404,Gentin,allopathic,gentinophthalmic-solution03,Ophthalmic Solution,Gentamicin Sulfate (Ophthalmic),0.30%,Opso Saline Ltd.,10 ml drop: ৳ 31.37,
8405,Gentin,allopathic,gentinophthalmic-ointment03,Ophthalmic Ointment,Gentamicin Sulfate (Ophthalmic),0.30%,Opso Saline Ltd.,3 gm tube: ৳ 9.03,
8414,Gentin,allopathic,gentincream03,Cream,Gentamicin Sulfate (Topical),0.30%,Opsonin Pharma Ltd.,10 gm tube: ৳ 12.54,
8395,Gentin,allopathic,gentinimiv-injection20-mg2-ml,IM/IV Injection,Gentamicin Sulfate (Injection),20 mg/2 ml,Opsonin Pharma Ltd.,"2 ml ampoule: ৳ 6.08,(25's pack: ৳ 152.00),",(25's pack: ৳ 152.00)
20628,Genticin HC,allopathic,genticin-hccream031,Cream,Gentamicin + Hydrocortisone Acetate,0.3%+1%,Nicholas,15 gm tube: ৳ 111.10,
12878,Gentian Violet,allopathic,gentian-violettopical-solution2,Topical Solution,Gentian Violet,2%,Momotaz Pharmaceuticals Ltd.,15 ml solution: ৳ 12.00,
8393,Gentasol,allopathic,gentasolimiv-injection80-mg2-ml,IM/IV Injection,Gentamicin Sulfate (Injection),80 mg/2 ml,Techno Drugs Ltd.,"2 ml ampoule: ৳ 10.95,(10's pack: ৳ 109.48),",(10's pack: ৳ 109.48)
6900,Gigacef,allopathic,gigacefcapsule500-mg,Capsule,Cephradine,500 mg,Pacific Pharmaceuticals Ltd.,"Unit Price: ৳ 15.00,(20's pack: ৳ 300.00),",(20's pack: ৳ 300.00)
28539,Gigacef,allopathic,gigacefpediatric-drops125-mg125-ml,Pediatric Drops,Cephradine,125 mg/1.25 ml,Pacific Pharmaceuticals Ltd.,15 ml bottle: ৳ 63.00,
6901,Gigacef,allopathic,gigacefpowder-for-suspension125-mg5-ml,Powder for Suspension,Cephradine,125 mg/5 ml,Pacific Pharmaceuticals Ltd.,100 ml bottle: ৳ 85.00,
29172,Gigabac,allopathic,gigabacimiv-injection45-miu,IM/IV Injection,Colistimethate Sodium,4.5 MIU,Square Pharmaceuticals Ltd.,"4.5 MIU vial: ৳ 1,000.00",
25798,Gimrox,allopathic,gimroxtablet250-mg,Tablet,Cefuroxime Axetil,250 mg,Globex Pharmaceuticals Ltd.,"Unit Price: ৳ 25.00,(8's pack: ৳ 200.00),",(8's pack: ৳ 200.00)
25797,Gimrox,allopathic,gimroxpowder-for-suspension125-mg5-ml,Powder for Suspension,Cefuroxime Axetil,125 mg/5 ml,Globex Pharmaceuticals Ltd.,70 ml bottle: ৳ 190.00,
25799,Gimrox,allopathic,gimroxtablet500-mg,Tablet,Cefuroxime Axetil,500 mg,Globex Pharmaceuticals Ltd.,"Unit Price: ৳ 45.00,(8's pack: ৳ 360.00),",(8's pack: ৳ 360.00)
25800,Gimrox,allopathic,gimroximiv-injection750-mgvial,IM/IV Injection,Cefuroxime Axetil,750 mg/vial,Globex Pharmaceuticals Ltd.,750 mg vial: ৳ 120.00,
29171,Gigabac,allopathic,gigabacimiv-injection1-miu,IM/IV Injection,Colistimethate Sodium,1 MIU,Square Pharmaceuticals Ltd.,1 MIU vial: ৳ 400.00,
20721,Gifon,allopathic,gifontablet1-mg,Tablet,Glimepiride,1 mg,Monicopharma Ltd.,"Unit Price: ৳ 3.00,(30's pack: ৳ 90.00),",(30's pack: ৳ 90.00)
5341,Gifon,allopathic,gifontablet2-mg,Tablet,Glimepiride,2 mg,Monicopharma Ltd.,"Unit Price: ৳ 5.00,(30's pack: ৳ 150.00),",(30's pack: ৳ 150.00)
1590,Gidora,allopathic,gidoratablet10-mg,Tablet,Domperidone Maleate,10 mg,Rephco Pharmaceuticals Ltd.,"Unit Price: ৳ 2.00,(100's pack: ৳ 200.00),",(100's pack: ৳ 200.00)
1591,Gidora,allopathic,gidoraoral-suspension5-mg5-ml,Oral Suspension,Domperidone Maleate,5 mg/5 ml,Rephco Pharmaceuticals Ltd.,60 ml bottle: ৳ 30.00,
1588,Gidonic,allopathic,gidonictablet10-mg,Tablet,Domperidone Maleate,10 mg,Novelta Bestway Pharma Ltd.,"Unit Price: ৳ 2.01,(100's pack: ৳ 201.00),",(100's pack: ৳ 201.00)
1589,Gidonic,allopathic,gidonicoral-suspension5-mg5-ml,Oral Suspension,Domperidone Maleate,5 mg/5 ml,Novelta Bestway Pharma Ltd.,60 ml bottle: ৳ 28.09,
5232,Gide,allopathic,gidetablet80-mg,Tablet,Gliclazide,80 mg,Medicon Pharmaceuticals Ltd.,"Unit Price: ৳ 6.82,(50's pack: ৳ 340.90),",(50's pack: ৳ 340.90)
12763,Giane,allopathic,gianetablet2-mg0035-mg,Tablet,Cyproterone Acetate + Ethinyl Estradiol,2 mg+0.035 mg,Renata Limited,21 tablet pack: ৳ 199.50,
28365,Getinib,allopathic,getinibtablet250-mg,Tablet,Gefitinib,250 mg,Drug International Ltd.,"Unit Price: ৳ 250.00,(28's pack: ৳ 7,000.00),","(28's pack: ৳ 7,000.00)"
25319,Getbion,allopathic,getbiontablet100-mg200-mg200-mcg,Tablet,"Vitamin B1, B6 & B12",100 mg+200 mg+200 mcg,Get Well Limited,Unit Price: ৳ 8.00,
25933,Gestrenol,allopathic,gestrenoltablet5-mg,Tablet,Allylestrenol,5 mg,Renata Limited,"Unit Price: ৳ 8.03,(50's pack: ৳ 401.50),",(50's pack: ৳ 401.50)
6109,Gestop 28,allopathic,gestop-28tablet003-mg0075-mg,Tablet,Ethinyl Estradiol + Gestodene,0.03 mg+0.075 mg,Incepta Pharmaceuticals Ltd.,(21 white+7 light red) tablet: ৳ 99.75,
25934,Geston,allopathic,gestontablet5-mg,Tablet,Allylestrenol,5 mg,Square Pharmaceuticals Ltd.,"Unit Price: ৳ 8.03,(30's pack: ৳ 240.90),",(30's pack: ৳ 240.90)
28974,Germlock,allopathic,germlockhand-rub6635,Hand Rub,Ethanol + Isopropyl alcohol,66%+3.5%,Delta Pharma Ltd.,"50 ml bottle: ৳ 80.00,100 ml bottle: ৳ 130.00",
12821,Germisol,allopathic,germisolhand-rub0570,Hand Rub,Chlorhexidine Gluconate + Isopropyl alcohol,0.5%+70%,Square Pharmaceuticals Ltd.,"50 ml bottle: ৳ 40.00,60 ml bottle: ৳ 48.00,200 ml bottle: ৳ 130.39",
27509,Germicord,allopathic,germicordtopical-solution71,Topical Solution,Chlorhexidine Gluconate [7.1%],7.10%,Square Pharmaceuticals Ltd.,"10 ml bottle: ৳ 30.00,(6's pack: ৳ 180.00),",(6's pack: ৳ 180.00)
31523,Germgurd,allopathic,germgurdhand-rub6635,Hand Rub,Ethanol + Isopropyl alcohol,66%+3.5%,Pharmasia Limited,"50 ml bottle: ৳ 100.00,100 ml bottle: ৳ 170.00",
30295,Germgurd,allopathic,germgurdhand-rub750125145,Hand Rub,Isopropyl Alcohol + Hydrogen Peroxide + Glycerol,75%+0.125%+1.45%,Pharmasia Limited,"50 ml bottle: ৳ 60.00,200 ml bottle: ৳ 200.00",
33007,Germfree,allopathic,germfreesolution1515,Solution,Chlorhexidine Gluconate + Cetrimide,1.5%+15%,Aristopharma Ltd.,"5 liter pack: ৳ 1,550.00",
33008,Germfree,allopathic,germfreesolution033,Solution,Chlorhexidine Gluconate + Cetrimide,0.3%+3%,Aristopharma Ltd.,"56 ml bottle: ৳ 32.00,500 ml bottle: ৳ 153.00,1 liter pack: ৳ 230.00,5 liter pack: ৳ 715.00",
30257,Germ Kill,allopathic,germ-killhand-rub70,Hand Rub,Isopropyl alcohol,70%,Social Marketing Company,50 ml tube: ৳ 80.00,
5236,Glicasil,allopathic,glicasiltablet80-mg,Tablet,Gliclazide,80 mg,Silva Pharmaceuticals Ltd.,"Unit Price: ৳ 5.02,(50's pack: ৳ 251.00),",(50's pack: ৳ 251.00)
18514,Glicana,allopathic,glicanatablet100-mg,Tablet,Canagliflozin Hemihydrate,100 mg,Incepta Pharmaceuticals Ltd.,"Unit Price: ৳ 60.00,(10's pack: ৳ 600.00),",(10's pack: ৳ 600.00)
5235,Glica,allopathic,glicatablet80-mg,Tablet,Gliclazide,80 mg,Modern Pharmaceuticals Ltd.,"Unit Price: ৳ 5.00,(40's pack: ৳ 200.00),",(40's pack: ৳ 200.00)
30347,Gleron,allopathic,glerontablet90-mg,Tablet,Ticagrelor,90 mg,Renata Limited,"Unit Price: ৳ 75.00,(10's pack: ৳ 750.00),",(10's pack: ৳ 750.00)
32722,Glemep,allopathic,glemeptablet4-mg,Tablet,Glimepiride,4 mg,Healthcare Pharmaceuticals Ltd.,"Unit Price: ৳ 15.00,(30's pack: ৳ 450.00),",(30's pack: ৳ 450.00)
20656,Gliclid MR,allopathic,gliclid-mrtablet-modified-release30-mg,Tablet (Modified Release),Gliclazide,30 mg,ACME Laboratories Ltd.,"Unit Price: ৳ 6.01,(30's pack: ৳ 180.30),",(30's pack: ৳ 180.30)
28265,Gliclid MR,allopathic,gliclid-mrtablet-modified-release60-mg,Tablet (Modified Release),Gliclazide,60 mg,ACME Laboratories Ltd.,"Unit Price: ৳ 11.00,(30's pack: ৳ 330.00),",(30's pack: ৳ 330.00)
5237,Gliclid,allopathic,gliclidtablet80-mg,Tablet,Gliclazide,80 mg,ACME Laboratories Ltd.,"Unit Price: ৳ 7.02,(50's pack: ৳ 351.00),",(50's pack: ৳ 351.00)
5299,Glemep,allopathic,glemeptablet2-mg,Tablet,Glimepiride,2 mg,Healthcare Pharmaceuticals Ltd.,"Unit Price: ৳ 9.00,(30's pack: ৳ 270.00),",(30's pack: ৳ 270.00)
32721,Glemep,allopathic,glemeptablet1-mg,Tablet,Glimepiride,1 mg,Healthcare Pharmaceuticals Ltd.,"Unit Price: ৳ 6.00,(30's pack: ৳ 180.00),",(30's pack: ৳ 180.00)
5270,Gleek,allopathic,gleektablet80-mg,Tablet,Gliclazide,80 mg,United Pharmaceuticals Ltd.,"Unit Price: ৳ 7.02,(50's pack: ৳ 351.00),",(50's pack: ৳ 351.00)
31874,Gleazy,allopathic,gleazytopical-gel1-gm-13-gm50-gm,Topical Gel,Hydroxyethyl Cellulose + Glycerin,(1 gm + 1.3 gm)/50 gm,Square Pharmaceuticals Ltd.,50 ml tube: ৳ 175.00,
5234,Glazide,allopathic,glazidetablet80-mg,Tablet,Gliclazide,80 mg,Techno Drugs Ltd.,"Unit Price: ৳ 6.00,(30's pack: ৳ 180.00),,Unit Price: ৳ 6.00,(60's pack: ৳ 360.00),","(30's pack: ৳ 180.00),(60's pack: ৳ 360.00)"
9288,Glaxipro,allopathic,glaxiprotablet500-mg,Tablet,Ciprofloxacin,500 mg,GlaxoSmithKline,"Unit Price: ৳ 15.00,(30's pack: ৳ 450.00),",(30's pack: ৳ 450.00)
32252,Glarine,allopathic,glarinesc-injection100-iuml,SC Injection,Insulin Glargine [rDNA],100 IU/ml,ACI Limited,"3 ml cartridge: ৳ 600.00,(3's pack: ৳ 1,800.00),","(3's pack: ৳ 1,800.00)"
16834,Glarine,allopathic,glarinesc-injection100-iuml,SC Injection,Insulin Glargine [rDNA],100 IU/ml,ACI Limited,3 ml vial: ৳ 600.00,
27550,Glarine,allopathic,glarinesc-injection100-iuml,SC Injection,Insulin Glargine [rDNA],100 IU/ml,ACI Limited,"3 ml biopen: ৳ 950.00,(5's pack: ৳ 4,750.00),","(5's pack: ৳ 4,750.00)"
16129,Glamor,allopathic,glamorophthalmic-solution0202,Ophthalmic Solution,Dextran + Hypromellose,0.2%+0.2%,Ibn Sina Pharmaceuticals Ltd.,10 ml drop: ৳ 90.00,
5269,Glagin,allopathic,glagintablet80-mg,Tablet,Gliclazide,80 mg,Organic Health Care Ltd.,"Unit Price: ৳ 7.00,(50's pack: ৳ 350.00),",(50's pack: ৳ 350.00)
5233,Glad,allopathic,gladtablet80-mg,Tablet,Gliclazide,80 mg,SANDOZ (A Novartis Division),"Unit Price: ৳ 8.00,(50's pack: ৳ 400.00),",(50's pack: ৳ 400.00)
5268,GL-80,allopathic,gl-80tablet80-mg,Tablet,Gliclazide,80 mg,Central Pharmaceuticals Ltd.,"Unit Price: ৳ 7.00,(50's pack: ৳ 350.00),",(50's pack: ৳ 350.00)
26696,Gitabin,allopathic,gitabiniv-infusion1-gmvial,IV Infusion,Gemcitabine,1 gm/vial,BOTS Pvt. Limited,"1 gm vial: ৳ 6,500.00",
17275,Gitabin,allopathic,gitabiniv-infusion200-mgvial,IV Infusion,Gemcitabine,200 mg/vial,BOTS Pvt. Limited,"200 mg vial: ৳ 1,950.00",
13046,Gisin-H,allopathic,gisin-hear-drop031,Ear Drop,Gentamicin + Hydrocortisone Acetate,0.3%+1%,Nipa Pharmaceuticals Ltd.,5 ml drop: ৳ 50.00,
8409,Gisin,allopathic,gisinophthalmic-solution03,Ophthalmic Solution,Gentamicin Sulfate (Ophthalmic),0.30%,Nipa Pharmaceuticals Ltd.,10 ml drop: ৳ 30.36,
2927,Giran-H,allopathic,giran-htablet8-mg125-mg,Tablet,Candesartan Cilexetil + Hydrochlorothiazide,8 mg+12.5 mg,Aristopharma Ltd.,"Unit Price: ৳ 6.00,(30's pack: ৳ 180.00),",(30's pack: ৳ 180.00)
2685,Giran,allopathic,girantablet8-mg,Tablet,Candesartan Cilexetil,8 mg,Aristopharma Ltd.,"Unit Price: ৳ 6.00,(30's pack: ৳ 180.00),",(30's pack: ৳ 180.00)
2686,Giran,allopathic,girantablet16-mg,Tablet,Candesartan Cilexetil,16 mg,Aristopharma Ltd.,"Unit Price: ৳ 11.00,(30's pack: ৳ 330.00),",(30's pack: ৳ 330.00)
20712,Gipid,allopathic,gipidtablet1-mg,Tablet,Glimepiride,1 mg,Alco Pharma Ltd.,"Unit Price: ৳ 4.00,(30's pack: ৳ 120.00),",(30's pack: ৳ 120.00)
20713,Gipid,allopathic,gipidtablet2-mg,Tablet,Glimepiride,2 mg,Alco Pharma Ltd.,"Unit Price: ৳ 6.50,(30's pack: ৳ 195.00),",(30's pack: ৳ 195.00)
31068,Glimitus,allopathic,glimitustablet2-mg,Tablet,Glimepiride,2 mg,Ziska Pharmaceuticals Ltd.,"Unit Price: ৳ 9.00,(50's pack: ৳ 450.00),",(50's pack: ৳ 450.00)
31070,Glimitus,allopathic,glimitustablet4-mg,Tablet,Glimepiride,4 mg,Ziska Pharmaceuticals Ltd.,"Unit Price: ৳ 15.00,(30's pack: ৳ 450.00),",(30's pack: ৳ 450.00)
31069,Glimitus,allopathic,glimitustablet3-mg,Tablet,Glimepiride,3 mg,Ziska Pharmaceuticals Ltd.,"Unit Price: ৳ 12.00,(30's pack: ৳ 360.00),",(30's pack: ৳ 360.00)
5303,Glimirid,allopathic,glimiridtablet4-mg,Tablet,Glimepiride,4 mg,ACI Limited,"Unit Price: ৳ 15.00,(30's pack: ৳ 450.00),",(30's pack: ৳ 450.00)
5302,Glimirid,allopathic,glimiridtablet3-mg,Tablet,Glimepiride,3 mg,ACI Limited,"Unit Price: ৳ 12.00,(30's pack: ৳ 360.00),",(30's pack: ৳ 360.00)
5301,Glimirid,allopathic,glimiridtablet2-mg,Tablet,Glimepiride,2 mg,ACI Limited,"Unit Price: ৳ 9.00,(30's pack: ৳ 270.00),",(30's pack: ৳ 270.00)
32455,Glims M,allopathic,glims-mtablet-extended-release2-mg500-mg,Tablet (Extended Release),Glimepiride + Metformin,2 mg+500 mg,Opsonin Pharma Ltd.,"Unit Price: ৳ 12.00,(30's pack: ৳ 360.00),",(30's pack: ৳ 360.00)
5304,Glims,allopathic,glimstablet1-mg,Tablet,Glimepiride,1 mg,Opsonin Pharma Ltd.,"Unit Price: ৳ 6.00,(30's pack: ৳ 180.00),",(30's pack: ৳ 180.00)
5305,Glims,allopathic,glimstablet2-mg,Tablet,Glimepiride,2 mg,Opsonin Pharma Ltd.,"Unit Price: ৳ 9.00,(30's pack: ৳ 270.00),",(30's pack: ৳ 270.00)
30299,Glims,allopathic,glimstablet4-mg,Tablet,Glimepiride,4 mg,Opsonin Pharma Ltd.,"Unit Price: ৳ 15.00,(30's pack: ৳ 450.00),",(30's pack: ৳ 450.00)
30298,Glims,allopathic,glimstablet3-mg,Tablet,Glimepiride,3 mg,Opsonin Pharma Ltd.,"Unit Price: ৳ 12.00,(30's pack: ৳ 360.00),",(30's pack: ৳ 360.00)
30925,Glimitus M,allopathic,glimitus-mtablet-extended-release1-mg500-mg,Tablet (Extended Release),Glimepiride + Metformin,1 mg+500 mg,Ziska Pharmaceuticals Ltd.,"Unit Price: ৳ 9.00,(30's pack: ৳ 270.00),",(30's pack: ৳ 270.00)
30924,Glimitus M,allopathic,glimitus-mtablet-extended-release2-mg500-mg,Tablet (Extended Release),Glimepiride + Metformin,2 mg+500 mg,Ziska Pharmaceuticals Ltd.,"Unit Price: ৳ 12.00,(30's pack: ৳ 360.00),",(30's pack: ৳ 360.00)
31067,Glimitus,allopathic,glimitustablet1-mg,Tablet,Glimepiride,1 mg,Ziska Pharmaceuticals Ltd.,"Unit Price: ৳ 6.00,(50's pack: ৳ 300.00),",(50's pack: ৳ 300.00)
5300,Glimirid,allopathic,glimiridtablet1-mg,Tablet,Glimepiride,1 mg,ACI Limited,"Unit Price: ৳ 6.00,(30's pack: ৳ 180.00),",(30's pack: ৳ 180.00)
27921,Glimicron MR,allopathic,glimicron-mrtablet-modified-release60-mg,Tablet (Modified Release),Gliclazide,60 mg,The White Horse Pharma,"Unit Price: ৳ 11.00,(30's pack: ৳ 330.00),",(30's pack: ৳ 330.00)
27920,Glimicron MR,allopathic,glimicron-mrtablet-modified-release30-mg,Tablet (Modified Release),Gliclazide,30 mg,The White Horse Pharma,"Unit Price: ৳ 7.00,(50's pack: ৳ 350.00),",(50's pack: ৳ 350.00)
5240,Glimicron,allopathic,glimicrontablet80-mg,Tablet,Gliclazide,80 mg,The White Horse Pharma,"Unit Price: ৳ 7.00,(50's pack: ৳ 350.00),",(50's pack: ৳ 350.00)
5542,Glimet,allopathic,glimettablet1-mg,Tablet,Repaglinide,1 mg,Drug International Ltd.,"Unit Price: ৳ 3.00,(50's pack: ৳ 150.00),",(50's pack: ৳ 150.00)
5381,Glimet,allopathic,glimettablet850-mg,Tablet,Metformin Hydrochloride,850 mg,Millat Pharmaceuticals Ltd.,"Unit Price: ৳ 4.00,(30's pack: ৳ 120.00),",(30's pack: ৳ 120.00)
5353,Glimerol,allopathic,glimeroltablet5-mg,Tablet,Glipizide,5 mg,Drug International Ltd.,"Unit Price: ৳ 3.05,(100's pack: ৳ 305.00),",(100's pack: ৳ 305.00)
5271,Glikazid MR,allopathic,glikazid-mrtablet-modified-release60-mg,Tablet (Modified Release),Gliclazide,60 mg,Eskayef Pharmaceuticals Ltd.,"Unit Price: ৳ 10.00,(20's pack: ৳ 200.00),",(20's pack: ৳ 200.00)
26756,Glikazid MR,allopathic,glikazid-mrtablet-modified-release30-mg,Tablet (Modified Release),Gliclazide,30 mg,Eskayef Pharmaceuticals Ltd.,"Unit Price: ৳ 5.00,(30's pack: ৳ 150.00),",(30's pack: ৳ 150.00)
20674,Glikazid,allopathic,glikazidtablet80-mg,Tablet,Gliclazide,80 mg,Eskayef Pharmaceuticals Ltd.,"Unit Price: ৳ 5.00,(30's pack: ৳ 150.00),,Unit Price: ৳ 5.00,(40's pack: ৳ 200.00),","(30's pack: ৳ 150.00),(40's pack: ৳ 200.00)"
30908,Glifomet,allopathic,glifomettablet5-mg500-mg,Tablet,Empagliflozin + Metformin Hydrochloride,5 mg+500 mg,Navana Pharmaceuticals Ltd.,"Unit Price: ৳ 15.00,(30's pack: ৳ 450.00),",(30's pack: ৳ 450.00)
29307,Glifo-M,allopathic,glifo-mtablet5-mg500-mg,Tablet,Empagliflozin + Metformin Hydrochloride,5 mg+500 mg,ACME Laboratories Ltd.,"Unit Price: ৳ 20.00,(20's pack: ৳ 400.00),",(20's pack: ৳ 400.00)
26513,Glifo,allopathic,glifotablet25-mg,Tablet,Empagliflozin,25 mg,ACME Laboratories Ltd.,"Unit Price: ৳ 40.00,(10's pack: ৳ 400.00),",(10's pack: ৳ 400.00)
26512,Glifo,allopathic,glifotablet10-mg,Tablet,Empagliflozin,10 mg,ACME Laboratories Ltd.,"Unit Price: ৳ 25.00,(20's pack: ৳ 500.00),",(20's pack: ৳ 500.00)
5239,Glicron CR,allopathic,glicron-crcapsule-controlled-release30-mg,Capsule (Controlled Release),Gliclazide,30 mg,Renata Limited,"Unit Price: ৳ 6.02,(30's pack: ৳ 180.60),",(30's pack: ৳ 180.60)
5238,Glicron,allopathic,glicrontablet80-mg,Tablet,Gliclazide,80 mg,Renata Limited,"Unit Price: ৳ 7.00,(30's pack: ৳ 210.00),",(30's pack: ৳ 210.00)
20657,Glirol,allopathic,gliroltablet80-mg,Tablet,Gliclazide,80 mg,Innovative Pharma (Albion),"Unit Price: ৳ 8.25,(50's pack: ৳ 412.27),",(50's pack: ৳ 412.27)
5306,Glirid,allopathic,gliridtablet1-mg,Tablet,Glimepiride,1 mg,General Pharmaceuticals Ltd.,"Unit Price: ৳ 6.00,(30's pack: ৳ 180.00),",(30's pack: ৳ 180.00)
5307,Glirid,allopathic,gliridtablet2-mg,Tablet,Glimepiride,2 mg,General Pharmaceuticals Ltd.,"Unit Price: ৳ 9.00,(30's pack: ৳ 270.00),",(30's pack: ৳ 270.00)
31054,Glipxen-M,allopathic,glipxen-mtablet25-mg500-mg,Tablet,Linagliptin + Metformin Hydrochloride,2.5 mg+500 mg,Beacon Pharmaceuticals Ltd.,"Unit Price: ৳ 12.00,(28's pack: ৳ 336.00),",(28's pack: ৳ 336.00)
30962,Glipxen,allopathic,glipxentablet5-mg,Tablet,Linagliptin,5 mg,Beacon Pharmaceuticals Ltd.,"Unit Price: ৳ 22.00,(28's pack: ৳ 616.00),",(28's pack: ৳ 616.00)
29400,Glipita-M,allopathic,glipita-mtablet-extended-release50-mg1000-mg,Tablet (Extended Release),Sitagliptin + Metformin Hydrochloride,50 mg+1000 mg,Beximco Pharmaceuticals Ltd.,"Unit Price: ৳ 18.00,(30's pack: ৳ 540.00),",(30's pack: ৳ 540.00)
5678,Glipita-M,allopathic,glipita-mtablet50-mg500-mg,Tablet,Sitagliptin + Metformin Hydrochloride,50 mg+500 mg,Beximco Pharmaceuticals Ltd.,"Unit Price: ৳ 14.00,(30's pack: ৳ 420.00),",(30's pack: ৳ 420.00)
29019,Glix MR,allopathic,glix-mrtablet-modified-release30-mg,Tablet (Modified Release),Gliclazide,30 mg,Navana Pharmaceuticals Ltd.,"Unit Price: ৳ 7.00,(30's pack: ৳ 210.00),",(30's pack: ৳ 210.00)
5272,Glix,allopathic,glixtablet80-mg,Tablet,Gliclazide,80 mg,Navana Pharmaceuticals Ltd.,"Unit Price: ৳ 7.02,(50's pack: ৳ 351.00),",(50's pack: ৳ 351.00)
20706,Glivir,allopathic,glivirtablet80-mg,Tablet,Gliclazide,80 mg,Virgo Pharmaceuticals Ltd.,Unit Price: ৳ 5.00,
15118,Glivec,allopathic,gliveccapsule100-mg,Capsule,Imatinib Mesylate,100 mg,Novartis (Bangladesh) Ltd.,"Unit Price: ৳ 1,672.30,(120's pack: ৳ 200,676.10),","(120's pack: ৳ 200,676.10)"
5243,Glitz,allopathic,glitztablet80-mg,Tablet,Gliclazide,80 mg,Sharif Pharmaceuticals Ltd.,"Unit Price: ৳ 7.02,(30's pack: ৳ 210.60),",(30's pack: ৳ 210.60)
26355,Glitin M,allopathic,glitin-mtablet25-mg1000-mg,Tablet,Linagliptin + Metformin Hydrochloride,2.5 mg+1000 mg,ACI Limited,"Unit Price: ৳ 16.00,(30's pack: ৳ 480.00),",(30's pack: ৳ 480.00)
26357,Glitin M,allopathic,glitin-mtablet25-mg850-mg,Tablet,Linagliptin + Metformin Hydrochloride,2.5 mg+850 mg,ACI Limited,"Unit Price: ৳ 14.00,(30's pack: ৳ 420.00),",(30's pack: ৳ 420.00)
26356,Glitin M,allopathic,glitin-mtablet25-mg500-mg,Tablet,Linagliptin + Metformin Hydrochloride,2.5 mg+500 mg,ACI Limited,"Unit Price: ৳ 12.00,(30's pack: ৳ 360.00),",(30's pack: ৳ 360.00)
5482,Glitin,allopathic,glitintablet5-mg,Tablet,Linagliptin,5 mg,ACI Limited,"Unit Price: ৳ 20.00,(30's pack: ৳ 600.00),",(30's pack: ৳ 600.00)
5576,Glitazon,allopathic,glitazontablet15-mg,Tablet,Pioglitazone,15 mg,Ibn Sina Pharmaceuticals Ltd.,"Unit Price: ৳ 8.00,(30's pack: ৳ 240.00),",(30's pack: ৳ 240.00)
5641,Glitamin,allopathic,glitamintablet15-mg500-mg,Tablet,Pioglitazone + Metformin Hydrochloride,15 mg+500 mg,The White Horse Pharma,"Unit Price: ৳ 9.00,(30's pack: ৳ 270.00),",(30's pack: ৳ 270.00)
5642,Glitamin,allopathic,glitamintablet15-mg850-mg,Tablet,Pioglitazone + Metformin Hydrochloride,15 mg+850 mg,The White Horse Pharma,"Unit Price: ৳ 10.00,(30's pack: ৳ 300.00),",(30's pack: ৳ 300.00)
5242,Glitab,allopathic,glitabtablet80-mg,Tablet,Gliclazide,80 mg,Hudson Pharmaceuticals Ltd.,"Unit Price: ৳ 4.50,(100's pack: ৳ 450.00),",(100's pack: ৳ 450.00)
5679,Glipita-M,allopathic,glipita-mtablet50-mg1000-mg,Tablet,Sitagliptin + Metformin Hydrochloride,50 mg+1000 mg,Beximco Pharmaceuticals Ltd.,"Unit Price: ৳ 16.00,(30's pack: ৳ 480.00),",(30's pack: ৳ 480.00)
24528,Glipita-M,allopathic,glipita-mtablet-extended-release50-mg500-mg,Tablet (Extended Release),Sitagliptin + Metformin Hydrochloride,50 mg+500 mg,Beximco Pharmaceuticals Ltd.,"Unit Price: ৳ 16.00,(30's pack: ৳ 480.00),",(30's pack: ৳ 480.00)
5502,Glipita,allopathic,glipitatablet50-mg,Tablet,Sitagliptin,50 mg,Beximco Pharmaceuticals Ltd.,"Unit Price: ৳ 13.00,(30's pack: ৳ 390.00),",(30's pack: ৳ 390.00)
5503,Glipita,allopathic,glipitatablet100-mg,Tablet,Sitagliptin,100 mg,Beximco Pharmaceuticals Ltd.,"Unit Price: ৳ 25.00,(10's pack: ৳ 250.00),,Unit Price: ৳ 25.00,(15's pack: ৳ 375.00),","(10's pack: ৳ 250.00),(15's pack: ৳ 375.00)"
31135,Glipatab,allopathic,glipatabtablet25-mg,Tablet,Empagliflozin,25 mg,Ibn Sina Pharmaceuticals Ltd.,"Unit Price: ৳ 32.00,(30's pack: ৳ 960.00),",(30's pack: ৳ 960.00)
31134,Glipatab,allopathic,glipatabtablet10-mg,Tablet,Empagliflozin,10 mg,Ibn Sina Pharmaceuticals Ltd.,"Unit Price: ৳ 16.00,(30's pack: ৳ 480.00),",(30's pack: ৳ 480.00)
30361,Glinta-M,allopathic,glinta-mtablet25-mg500-mg,Tablet,Linagliptin + Metformin Hydrochloride,2.5 mg+500 mg,Renata Limited,"Unit Price: ৳ 12.00,(30's pack: ৳ 360.00),",(30's pack: ৳ 360.00)
30362,Glinta-M,allopathic,glinta-mtablet25-mg850-mg,Tablet,Linagliptin + Metformin Hydrochloride,2.5 mg+850 mg,Renata Limited,"Unit Price: ৳ 14.00,(30's pack: ৳ 420.00),",(30's pack: ৳ 420.00)
26637,Glinta,allopathic,glintatablet5-mg,Tablet,Linagliptin,5 mg,Renata Limited,"Unit Price: ৳ 20.00,(20's pack: ৳ 400.00),",(20's pack: ৳ 400.00)
32454,Glims M,allopathic,glims-mtablet-extended-release1-mg500-mg,Tablet (Extended Release),Glimepiride + Metformin,1 mg+500 mg,Opsonin Pharma Ltd.,"Unit Price: ৳ 9.00,(30's pack: ৳ 270.00),",(30's pack: ৳ 270.00)
14990,Glucium,allopathic,gluciumtablet250-mg200-mg,Tablet,Glucosamine Sulfate + Chondroitin,250 mg+200 mg,Biopharma Laboratories Ltd.,"Unit Price: ৳ 8.00,(50's pack: ৳ 400.20),",(50's pack: ৳ 400.20)
28894,Glucium,allopathic,gluciumtablet750-mg600-mg,Tablet,Glucosamine Sulfate + Chondroitin,750 mg+600 mg,Biopharma Laboratories Ltd.,"Unit Price: ৳ 12.00,(30's pack: ৳ 360.00),",(30's pack: ৳ 360.00)
19790,Glucerin,allopathic,glucerintablet750-mg50-mg,Tablet,Glucosamine Sulfate + Diacerein,750 mg+50 mg,Astra Biopharmaceuticals Ltd.,"Unit Price: ৳ 12.00,(30's pack: ৳ 360.00),",(30's pack: ৳ 360.00)
29477,Glucart,allopathic,glucarttablet500-mg,Tablet,Glucosamine Hydrochloride,500 mg,Orion Pharma Ltd.,"Unit Price: ৳ 2.52,(100's pack: ৳ 252.00),",(100's pack: ৳ 252.00)
11425,Gloxen,allopathic,gloxentablet500-mg,Tablet,Naproxen Sodium,500 mg,Globe Pharmaceuticals Ltd.,"Unit Price: ৳ 7.00,(30's pack: ৳ 210.00),",(30's pack: ৳ 210.00)
11424,Gloxen,allopathic,gloxentablet250-mg,Tablet,Naproxen Sodium,250 mg,Globe Pharmaceuticals Ltd.,"Unit Price: ৳ 4.00,(30's pack: ৳ 120.00),",(30's pack: ৳ 120.00)
21361,Glovolac,allopathic,glovolacoral-solution335-gm5-ml,Oral Solution,Lactulose,3.35 gm/5 ml,Globex Pharmaceuticals Ltd.,100 ml bottle: ৳ 120.00,
25895,Glovocef,allopathic,glovocefcapsule500-mg,Capsule,Cephradine,500 mg,Globex Pharmaceuticals Ltd.,"Unit Price: ৳ 12.50,(20's pack: ৳ 250.00),",(20's pack: ৳ 250.00)
24543,Glucodip MXR,allopathic,glucodip-mxrtablet-extended-release50-mg500-mg,Tablet (Extended Release),Sitagliptin + Metformin Hydrochloride,50 mg+500 mg,Sun Pharmaceutical Ltd.,"Unit Price: ৳ 20.00,(30's pack: ৳ 600.00),",(30's pack: ৳ 600.00)
24544,Glucodip MXR,allopathic,glucodip-mxrtablet-extended-release50-mg1000-mg,Tablet (Extended Release),Sitagliptin + Metformin Hydrochloride,50 mg+1000 mg,Sun Pharmaceutical Ltd.,"Unit Price: ৳ 22.00,(30's pack: ৳ 660.00),",(30's pack: ৳ 660.00)
24521,Glucodip,allopathic,glucodiptablet25-mg,Tablet,Sitagliptin,25 mg,Sun Pharmaceutical Ltd.,"Unit Price: ৳ 8.00,(30's pack: ৳ 240.00),",(30's pack: ৳ 240.00)
24523,Glucodip,allopathic,glucodiptablet100-mg,Tablet,Sitagliptin,100 mg,Sun Pharmaceutical Ltd.,"Unit Price: ৳ 27.00,(30's pack: ৳ 810.00),",(30's pack: ৳ 810.00)
24522,Glucodip,allopathic,glucodiptablet50-mg,Tablet,Sitagliptin,50 mg,Sun Pharmaceutical Ltd.,"Unit Price: ৳ 14.00,(30's pack: ৳ 420.00),",(30's pack: ৳ 420.00)
32516,Glucocare,allopathic,glucocaretablet80-mg,Tablet,Gliclazide,80 mg,Doctor TIMS Pharmaceuticals Ltd.,"Unit Price: ৳ 7.02,(30's pack: ৳ 210.60),",(30's pack: ৳ 210.60)
5273,Glucoact,allopathic,glucoacttablet80-mg,Tablet,Gliclazide,80 mg,Veritas Pharmaceuticals Ltd.,"Unit Price: ৳ 6.01,(30's pack: ৳ 180.30),",(30's pack: ৳ 180.30)
17353,Gluco-A,allopathic,gluco-atablet50-mg,Tablet,Acarbose,50 mg,ACME Laboratories Ltd.,"Unit Price: ৳ 11.04,(20's pack: ৳ 220.80),",(20's pack: ৳ 220.80)
28266,Gluco-A,allopathic,gluco-atablet100-mg,Tablet,Acarbose,100 mg,ACME Laboratories Ltd.,"Unit Price: ৳ 20.07,(10's pack: ৳ 200.70),",(10's pack: ৳ 200.70)
31977,Glucium-D,allopathic,glucium-dtablet750-mg50-mg,Tablet,Glucosamine Sulfate + Diacerein,750 mg+50 mg,Biopharma Laboratories Ltd.,"Unit Price: ৳ 12.00,(30's pack: ৳ 360.00),",(30's pack: ৳ 360.00)
25896,Glovocef,allopathic,glovocefpowder-for-suspension125-mg5-ml,Powder for Suspension,Cephradine,125 mg/5 ml,Globex Pharmaceuticals Ltd.,100 ml bottle: ৳ 80.00,
14095,Glovit Gold,allopathic,glovit-goldtablet,Tablet,Multivitamin & Multimineral [A-Z gold preparation],,Globex Pharmaceuticals Ltd.,"Unit Price: ৳ 6.00,(30's pack: ৳ 180.00),",(30's pack: ৳ 180.00)
30718,Glory,allopathic,glorycapsule-timed-release50-mg050-mg6180-mg,Capsule (Timed Release),Carbonyl Iron + Folic Acid + Zinc Sulfate,50 mg+0.50 mg+61.80 mg,Orion Pharma Ltd.,"Unit Price: ৳ 3.02,(50's pack: ৳ 151.00),",(50's pack: ৳ 151.00)
19728,Glophen D,allopathic,glophen-dophthalmic-solution0105,Ophthalmic Solution,Dexamethasone + Chloramphenicol,0.1%+0.5%,Globe Pharmaceuticals Ltd.,5 ml drop: ৳ 70.00,
19192,Glophen,allopathic,glophenophthalmic-solution05,Ophthalmic Solution,Chloramphenicol (Ophthalmic),0.50%,Globe Pharmaceuticals Ltd.,10 ml drop: ৳ 34.00,
9631,Glomox,allopathic,glomoxophthalmic-solution05,Ophthalmic Solution,Moxifloxacin Hydrochloride (Ophthalmic),0.50%,Globe Pharmaceuticals Ltd.,5 ml drop: ৳ 100.00,
18743,Globexim,allopathic,globeximcapsule200-mg,Capsule,Cefixime Trihydrate,200 mg,Globex Pharmaceuticals Ltd.,Unit Price: ৳ 30.00,
18744,Globexim,allopathic,globeximpowder-for-suspension200-mg5-ml,Powder for Suspension,Cefixime Trihydrate,200 mg/5 ml,Globex Pharmaceuticals Ltd.,"30 ml bottle: ৳ 120.00,40 ml bottle: ৳ 150.00,50 ml bottle: ৳ 190.00",
20689,Glizid MR,allopathic,glizid-mrtablet-modified-release60-mg,Tablet (Modified Release),Gliclazide,60 mg,Opsonin Pharma Ltd.,"Unit Price: ৳ 11.00,(30's pack: ৳ 330.00),",(30's pack: ৳ 330.00)
5245,Glizid MR,allopathic,glizid-mrtablet-modified-release30-mg,Tablet (Modified Release),Gliclazide,30 mg,Opsonin Pharma Ltd.,"Unit Price: ৳ 6.02,(30's pack: ৳ 180.60),",(30's pack: ৳ 180.60)
5244,Glizid,allopathic,glizidtablet80-mg,Tablet,Gliclazide,80 mg,Opsonin Pharma Ltd.,"Unit Price: ৳ 7.02,(30's pack: ৳ 210.60),",(30's pack: ৳ 210.60)
394,Glucosal,allopathic,glucosaliv-infusion095,IV Infusion,Sodium Chloride + Dextrose,0.9%+5%,Popular Pharmaceuticals Ltd.,"500 ml bag: ৳ 75.89,1000 ml bag: ৳ 101.20",
20866,Glucort,allopathic,glucortimiv-injection100-mg2-ml,IM/IV Injection,Hydrocortisone,100 mg/2 ml,Globe Pharmaceuticals Ltd.,100 mg vial: ৳ 50.00,
5342,Glucorid,allopathic,glucoridtablet1-mg,Tablet,Glimepiride,1 mg,Biopharma Laboratories Ltd.,"Unit Price: ৳ 3.00,(30's pack: ৳ 90.00),",(30's pack: ৳ 90.00)
5343,Glucorid,allopathic,glucoridtablet2-mg,Tablet,Glimepiride,2 mg,Biopharma Laboratories Ltd.,"Unit Price: ৳ 5.00,(30's pack: ৳ 150.00),",(30's pack: ৳ 150.00)
5309,Gluconor,allopathic,gluconortablet2-mg,Tablet,Glimepiride,2 mg,Aristopharma Ltd.,"Unit Price: ৳ 9.00,(30's pack: ৳ 270.00),",(30's pack: ৳ 270.00)
5308,Gluconor,allopathic,gluconortablet1-mg,Tablet,Glimepiride,1 mg,Aristopharma Ltd.,"Unit Price: ৳ 6.00,(50's pack: ৳ 300.00),",(50's pack: ৳ 300.00)
5207,Gluconil,allopathic,gluconiltablet5-mg,Tablet,Glibenclamide,5 mg,ACME Laboratories Ltd.,"Unit Price: ৳ 0.28,(100's pack: ৳ 28.00),",(100's pack: ৳ 28.00)
5206,Glucon,allopathic,glucontablet5-mg,Tablet,Glibenclamide,5 mg,Opsonin Pharma Ltd.,"Unit Price: ৳ 0.34,(100's pack: ৳ 34.00),",(100's pack: ৳ 34.00)
31703,Glucomin XR,allopathic,glucomin-xrtablet-extended-release1000-mg,Tablet (Extended Release),Metformin Hydrochloride,1000 mg,NIPRO JMI Pharma Ltd.,"Unit Price: ৳ 9.00,(32's pack: ৳ 288.00),",(32's pack: ৳ 288.00)
31702,Glucomin XR,allopathic,glucomin-xrtablet-extended-release500-mg,Tablet (Extended Release),Metformin Hydrochloride,500 mg,NIPRO JMI Pharma Ltd.,"Unit Price: ৳ 6.00,(40's pack: ৳ 240.00),",(40's pack: ৳ 240.00)
5769,Gludex,allopathic,gludeximiv-injection5-mgml,IM/IV Injection,Dexamethasone,5 mg/ml,Kemiko Pharmaceuticals Ltd.,"1 ml ampoule: ৳ 22.06,(10's pack: ৳ 220.60),",(10's pack: ৳ 220.60)
5768,Gludex,allopathic,gludextablet05-mg,Tablet,Dexamethasone,0.5 mg,Kemiko Pharmaceuticals Ltd.,"Unit Price: ৳ 1.00,(100's pack: ৳ 100.00),",(100's pack: ৳ 100.00)
15768,Gludex,allopathic,gludexophthalmic-solution01,Ophthalmic Solution,Dexamethasone (Ophthalmic),0.10%,Kemiko Pharmaceuticals Ltd.,5 ml drop: ৳ 70.00,
29776,Glucozid MR,allopathic,glucozid-mrtablet-modified-release30-mg,Tablet (Modified Release),Gliclazide,30 mg,Aristopharma Ltd.,"Unit Price: ৳ 8.80,(30's pack: ৳ 264.00),",(30's pack: ৳ 264.00)
29777,Glucozid MR,allopathic,glucozid-mrtablet-modified-release60-mg,Tablet (Modified Release),Gliclazide,60 mg,Aristopharma Ltd.,"Unit Price: ৳ 12.00,(30's pack: ৳ 360.00),",(30's pack: ৳ 360.00)
5247,Glucozid,allopathic,glucozidtablet80-mg,Tablet,Gliclazide,80 mg,Aristopharma Ltd.,"Unit Price: ৳ 7.00,(50's pack: ৳ 350.00),",(50's pack: ৳ 350.00)
16055,Glucovis,allopathic,glucovisophthalmic-solution025,Ophthalmic Solution,Betaxolol Hydrochloride,0.25%,Beximco Pharmaceuticals Ltd.,5 ml drop: ৳ 200.00,
14978,Glucotin Plus,allopathic,glucotin-plustablet250-mg200-mg,Tablet,Glucosamine Sulfate + Chondroitin,250 mg+200 mg,Drug International Ltd.,"Unit Price: ৳ 8.00,(30's pack: ৳ 240.00),",(30's pack: ৳ 240.00)
15007,Glucotin Max,allopathic,glucotin-maxtablet750-mg50-mg,Tablet,Glucosamine Sulfate + Diacerein,750 mg+50 mg,Drug International Ltd.,"Unit Price: ৳ 12.00,(21's pack: ৳ 252.00),",(21's pack: ৳ 252.00)
5246,Glucostat,allopathic,glucostattablet80-mg,Tablet,Gliclazide,80 mg,Biopharma Laboratories Ltd.,"Unit Price: ৳ 7.00,(50's pack: ৳ 350.00),",(50's pack: ৳ 350.00)
14883,Glucose Saline,allopathic,glucose-salineiv-infusion095,IV Infusion,Sodium Chloride + Dextrose,0.9%+5%,Institute of Public Health (IPH),"Not for sale,Not for sale",
5386,Glucomin,allopathic,glucomintablet500-mg,Tablet,Metformin Hydrochloride,500 mg,NIPRO JMI Pharma Ltd.,"Unit Price: ৳ 4.00,(50's pack: ৳ 200.00),",(50's pack: ৳ 200.00)
5387,Glucomin,allopathic,glucomintablet850-mg,Tablet,Metformin Hydrochloride,850 mg,NIPRO JMI Pharma Ltd.,"Unit Price: ৳ 6.00,(50's pack: ৳ 300.00),",(50's pack: ৳ 300.00)
5384,Glucomet XR,allopathic,glucomet-xrtablet-extended-release500-mg,Tablet (Extended Release),Metformin Hydrochloride,500 mg,Aristopharma Ltd.,"Unit Price: ৳ 6.00,(50's pack: ৳ 300.00),",(50's pack: ৳ 300.00)
5385,Glucomet XR,allopathic,glucomet-xrtablet-extended-release750-mg,Tablet (Extended Release),Metformin Hydrochloride,750 mg,Aristopharma Ltd.,"Unit Price: ৳ 9.00,(30's pack: ৳ 270.00),",(30's pack: ৳ 270.00)
5382,Glucomet,allopathic,glucomettablet500-mg,Tablet,Metformin Hydrochloride,500 mg,Aristopharma Ltd.,"Unit Price: ৳ 4.00,(100's pack: ৳ 400.00),",(100's pack: ৳ 400.00)
5383,Glucomet,allopathic,glucomettablet850-mg,Tablet,Metformin Hydrochloride,850 mg,Aristopharma Ltd.,"Unit Price: ৳ 6.00,(60's pack: ৳ 360.00),",(60's pack: ৳ 360.00)
14850,Glucolin DS,allopathic,glucolin-dsiv-infusion10,IV Infusion,Dextrose,10%,Popular Pharmaceuticals Ltd.,"500 ml bag: ৳ 78.20,1000 ml bag: ৳ 105.80",
14849,Glucolin,allopathic,glucoliniv-infusion5,IV Infusion,Dextrose,5%,Popular Pharmaceuticals Ltd.,"500 ml bag: ৳ 71.30,1000 ml bag: ৳ 92.00",
359,Glucohart,allopathic,glucohartiv-infusion,IV Infusion,Dextrose & Hartmann's Solution,,Popular Pharmaceuticals Ltd.,"500 ml bag: ৳ 62.96,1000 ml bag: ৳ 81.28",
19661,Glycema,allopathic,glycematablet5-mg,Tablet,Dapagliflozin Propanediol,5 mg,ACI Limited,"Unit Price: ৳ 16.00,(30's pack: ৳ 480.00),",(30's pack: ৳ 480.00)
19662,Glycema,allopathic,glycematablet10-mg,Tablet,Dapagliflozin Propanediol,10 mg,ACI Limited,"Unit Price: ৳ 30.00,(20's pack: ৳ 600.00),",(20's pack: ৳ 600.00)
30149,Glycare,allopathic,glycareinhalation-capsule50-mcg,Inhalation Capsule,Glycopyrronium Bromide (Inhalation capsule),50 mcg,Healthcare Pharmaceuticals Ltd.,"Unit Price: ৳ 20.00,(30's pack: ৳ 600.00),",(30's pack: ৳ 600.00)
22342,Gly,allopathic,glytablet400-mg,Tablet,Metronidazole,400 mg,Astra Biopharmaceuticals Ltd.,Unit Price: ৳ 1.14,
22343,Gly,allopathic,glyoral-suspension200-mg5-ml,Oral Suspension,Metronidazole,200 mg/5 ml,Astra Biopharmaceuticals Ltd.,60 ml bottle: ৳ 25.00,
5248,Gluzit,allopathic,gluzittablet80-mg,Tablet,Gliclazide,80 mg,Popular Pharmaceuticals Ltd.,"Unit Price: ৳ 7.00,(50's pack: ৳ 350.00),",(50's pack: ৳ 350.00)
27859,Gluvil,allopathic,gluviltablet50-mg,Tablet,Vildagliptin,50 mg,Alco Pharma Ltd.,"Unit Price: ৳ 20.00,(20's pack: ৳ 400.00),",(20's pack: ৳ 400.00)
5708,Gluvan Plus,allopathic,gluvan-plustablet50-mg850-mg,Tablet,Vildagliptin + Metformin Hydrochloride,50 mg+850 mg,Aristopharma Ltd.,"Unit Price: ৳ 22.00,(20's pack: ৳ 440.00),",(20's pack: ৳ 440.00)
5707,Gluvan Plus,allopathic,gluvan-plustablet50-mg500-mg,Tablet,Vildagliptin + Metformin Hydrochloride,50 mg+500 mg,Aristopharma Ltd.,"Unit Price: ৳ 21.00,(20's pack: ৳ 420.00),",(20's pack: ৳ 420.00)
5530,Gluvan,allopathic,gluvantablet50-mg,Tablet,Vildagliptin,50 mg,Aristopharma Ltd.,"Unit Price: ৳ 20.00,(28's pack: ৳ 560.00),",(28's pack: ৳ 560.00)
5310,Glutim,allopathic,glutimtablet1-mg,Tablet,Glimepiride,1 mg,Techno Drugs Ltd.,"Unit Price: ৳ 6.00,(30's pack: ৳ 180.00),",(30's pack: ৳ 180.00)
30426,Glycenor M,allopathic,glycenor-mtablet5-mg500-mg,Tablet,Empagliflozin + Metformin Hydrochloride,5 mg+500 mg,Popular Pharmaceuticals Ltd.,"Unit Price: ৳ 20.00,(30's pack: ৳ 600.00),",(30's pack: ৳ 600.00)
29340,Glycenor,allopathic,glycenortablet10-mg,Tablet,Empagliflozin,10 mg,Popular Pharmaceuticals Ltd.,"Unit Price: ৳ 25.00,(20's pack: ৳ 500.00),",(20's pack: ৳ 500.00)
29341,Glycenor,allopathic,glycenortablet25-mg,Tablet,Empagliflozin,25 mg,Popular Pharmaceuticals Ltd.,"Unit Price: ৳ 50.00,(10's pack: ৳ 500.00),",(10's pack: ৳ 500.00)
5393,Glutec,allopathic,glutectablet850-mg,Tablet,Metformin Hydrochloride,850 mg,Techno Drugs Ltd.,"Unit Price: ৳ 5.00,(50's pack: ৳ 250.00),",(50's pack: ৳ 250.00)
5392,Glutec,allopathic,glutectablet500-mg,Tablet,Metformin Hydrochloride,500 mg,Techno Drugs Ltd.,"Unit Price: ৳ 3.00,(50's pack: ৳ 150.00),",(50's pack: ৳ 150.00)
32584,Glustin TS,allopathic,glustin-tstablet750-mg600-mg,Tablet,Glucosamine Sulfate + Chondroitin,750 mg+600 mg,General Pharmaceuticals Ltd.,"Unit Price: ৳ 16.00,(18's pack: ৳ 288.00),",(18's pack: ৳ 288.00)
26563,Glustin Plus,allopathic,glustin-pluscream2331012,Cream,Glucosamine Sulfate + Chondroitin + Camphor + Peppermint oil,2%+3%+3.1%+0.12%,General Pharmaceuticals Ltd.,"15 gm tube: ৳ 100.30,30 gm tube: ৳ 180.54",
14979,Glustin Plus,allopathic,glustin-plustablet250-mg200-mg,Tablet,Glucosamine Sulfate + Chondroitin,250 mg+200 mg,General Pharmaceuticals Ltd.,"Unit Price: ৳ 8.05,(50's pack: ৳ 402.50),",(50's pack: ৳ 402.50)
15008,Glustin Max,allopathic,glustin-maxtablet750-mg50-mg,Tablet,Glucosamine Sulfate + Diacerein,750 mg+50 mg,General Pharmaceuticals Ltd.,"Unit Price: ৳ 12.04,(30's pack: ৳ 361.19),",(30's pack: ৳ 361.19)
29478,Glustin,allopathic,glustintablet500-mg,Tablet,Glucosamine Hydrochloride,500 mg,General Pharmaceuticals Ltd.,"Unit Price: ৳ 3.72,(50's pack: ৳ 186.00),",(50's pack: ৳ 186.00)
5545,Gluretor,allopathic,gluretortablet2-mg,Tablet,Repaglinide,2 mg,Pacific Pharmaceuticals Ltd.,"Unit Price: ৳ 6.00,(30's pack: ৳ 180.00),",(30's pack: ৳ 180.00)
5544,Gluretor,allopathic,gluretortablet1-mg,Tablet,Repaglinide,1 mg,Pacific Pharmaceuticals Ltd.,"Unit Price: ৳ 4.00,(30's pack: ৳ 120.00),",(30's pack: ৳ 120.00)
5543,Gluretor,allopathic,gluretortablet05-mg,Tablet,Repaglinide,0.5 mg,Pacific Pharmaceuticals Ltd.,"Unit Price: ৳ 2.80,(30's pack: ৳ 84.00),",(30's pack: ৳ 84.00)
5390,Glunor XR,allopathic,glunor-xrtablet-extended-release500-mg,Tablet (Extended Release),Metformin Hydrochloride,500 mg,Eskayef Pharmaceuticals Ltd.,"Unit Price: ৳ 6.00,(50's pack: ৳ 300.00),",(50's pack: ৳ 300.00)
32453,Glunor OD,allopathic,glunor-odoros-tablet500-mg,OROS Tablet,Metformin Hydrochloride,500 mg,Eskayef Pharmaceuticals Ltd.,"Unit Price: ৳ 6.00,(30's pack: ৳ 180.00),",(30's pack: ৳ 180.00)
5389,Glunor,allopathic,glunortablet850-mg,Tablet,Metformin Hydrochloride,850 mg,Eskayef Pharmaceuticals Ltd.,"Unit Price: ৳ 6.00,(50's pack: ৳ 300.00),",(50's pack: ৳ 300.00)
5388,Glunor,allopathic,glunortablet500-mg,Tablet,Metformin Hydrochloride,500 mg,Eskayef Pharmaceuticals Ltd.,"Unit Price: ৳ 4.00,(50's pack: ৳ 200.00),",(50's pack: ৳ 200.00)
30672,Glumol Plus,allopathic,glumol-plusophthalmic-solution0205,Ophthalmic Solution,Brimonidine Tartrate + Timolol Maleate,0.2%+0.5%,Globe Pharmaceuticals Ltd.,5 ml drop: ৳ 110.00,
16104,Glumol,allopathic,glumolophthalmic-solution05,Ophthalmic Solution,Timolol Maleate,0.50%,Globe Pharmaceuticals Ltd.,5 ml drop: ৳ 70.00,
28937,Gonal-F,allopathic,gonal-finjection300-iuvial,Injection,Follitropin Alfa,300 IU/vial,Merck,"300 IU vial: ৳ 8,501.00",
14096,Goldage,allopathic,goldagetablet,Tablet,Multivitamin & Multimineral [A-Z gold preparation],,Orion Pharma Ltd.,"Unit Price: ৳ 7.00,(30's pack: ৳ 210.00),",(30's pack: ৳ 210.00)
13546,Gold Kid,allopathic,gold-kidsyrup,Syrup,Multivitamin & Cod Liver Oil,,Orion Pharma Ltd.,100 ml bottle: ৳ 90.00,
14144,Goldpac,allopathic,goldpactablet,Tablet,Multivitamin & Multimineral [A-Z gold preparation],,Pacific Pharmaceuticals Ltd.,"Unit Price: ৳ 10.00,(20's pack: ৳ 200.00),",(20's pack: ৳ 200.00)
28094,Gold A-Z,allopathic,gold-a-ztablet,Tablet,Multivitamin & Multimineral [A-Z gold preparation],,Ethical Drug Ltd.,"Unit Price: ৳ 6.00,(15's pack: ৳ 90.00),,Unit Price: ৳ 6.00,(30's pack: ৳ 180.00),","(15's pack: ৳ 90.00),(30's pack: ৳ 180.00)"
32914,GoCal-D,allopathic,gocal-dtablet500-mg200-iu,Tablet,Calcium Carbonate [Coral source] + Vitamin D3,500 mg+200 IU,Arges Life Science Limited,"Unit Price: ৳ 10.00,(60's pack: ৳ 600.00),",(60's pack: ৳ 600.00)
21929,GOL,allopathic,goloral-solution,Oral Solution,Macrogol [Polypropylene glycol] + Electrolytes,,Square Pharmaceuticals Ltd.,100 ml bottle: ৳ 160.00,
5498,Glyza,allopathic,glyzatablet25-mg,Tablet,Saxagliptin,2.5 mg,Ibn Sina Pharmaceuticals Ltd.,"Unit Price: ৳ 20.00,(30's pack: ৳ 600.00),",(30's pack: ৳ 600.00)
32593,Glyxam,allopathic,glyxamtablet10-mg5-mg,Tablet,Empagliflozin + Linagliptin,10 mg+5 mg,Popular Pharmaceuticals Ltd.,"Unit Price: ৳ 30.00,(10's pack: ৳ 300.00),",(10's pack: ৳ 300.00)
5499,Glyza,allopathic,glyzatablet5-mg,Tablet,Saxagliptin,5 mg,Ibn Sina Pharmaceuticals Ltd.,"Unit Price: ৳ 35.00,(30's pack: ৳ 1,050.00),","(30's pack: ৳ 1,050.00)"
32592,Glyxam,allopathic,glyxamtablet25-mg5-mg,Tablet,Empagliflozin + Linagliptin,25 mg+5 mg,Popular Pharmaceuticals Ltd.,"Unit Price: ৳ 40.00,(10's pack: ৳ 400.00),",(10's pack: ৳ 400.00)
16165,Glytear,allopathic,glytearophthalmic-solution0403,Ophthalmic Solution,Polyethylene Glycol + Propylene Glycol,0.4%+0.3%,General Pharmaceuticals Ltd.,10 ml drop: ৳ 200.00,
31066,Glytas MR,allopathic,glytas-mrtablet-modified-release30-mg,Tablet (Modified Release),Gliclazide,30 mg,Ziska Pharmaceuticals Ltd.,"Unit Price: ৳ 6.00,(30's pack: ৳ 180.00),",(30's pack: ৳ 180.00)
565,Glysup,allopathic,glysupsuppository230-gm,Suppository,Glycerin,2.30 gm,Square Pharmaceuticals Ltd.,"Unit Price: ৳ 5.02,(30's pack: ৳ 150.60),",(30's pack: ৳ 150.60)
31065,Glytas,allopathic,glytastablet80-mg,Tablet,Gliclazide,80 mg,Ziska Pharmaceuticals Ltd.,"Unit Price: ৳ 7.00,(50's pack: ৳ 350.00),",(50's pack: ৳ 350.00)
564,Glysup,allopathic,glysupsuppository115-gm,Suppository,Glycerin,1.15 gm,Square Pharmaceuticals Ltd.,"Unit Price: ৳ 3.01,(30's pack: ৳ 90.30),",(30's pack: ৳ 90.30)
27618,Glyset R,allopathic,glyset-rsc-injection100-iuml,SC Injection,Protamine Crystallised Insulin Aspart,100 IU/ml,Incepta Pharmaceuticals Ltd.,3 ml PenSet: ৳ 550.00,
16777,Glyset R,allopathic,glyset-rsc-injection100-iuml,SC Injection,Protamine Crystallised Insulin Aspart,100 IU/ml,Incepta Pharmaceuticals Ltd.,3 ml vial: ৳ 450.00,
26211,Glyset Mix,allopathic,glyset-mixsc-injection100-iuml,SC Injection,Insulin Aspart,100 IU/ml,Incepta Pharmaceuticals Ltd.,3 ml pen: ৳ 550.00,
29542,Glyriva,allopathic,glyrivainhalation-capsule50-mcg,Inhalation Capsule,Glycopyrronium Bromide (Inhalation capsule),50 mcg,Beximco Pharmaceuticals Ltd.,"Unit Price: ৳ 20.00,(30's pack: ৳ 600.00),",(30's pack: ৳ 600.00)
26212,Glyset Mix,allopathic,glyset-mixsc-injection100-iuml,SC Injection,Insulin Aspart,100 IU/ml,Incepta Pharmaceuticals Ltd.,3 ml vial: ৳ 450.00,
31930,Glyriva,allopathic,glyrivarespirator-solution25-mcgml,Respirator Solution,Glycopyrronium Bromide (Respirator Solution),25 mcg/ml,Beximco Pharmaceuticals Ltd.,"1 ml ampoule: ৳ 40.00,(10's pack: ৳ 400.00),",(10's pack: ৳ 400.00)
30014,Glypressin,allopathic,glypressiniv-injection1-mg85-ml,IV Injection,Terlipressin Acetate,1 mg/8.5 ml,Ferring Pharmaceuticals Ltd.,"8.5 ml solution: ৳ 2,309.00,(5's pack: ৳ 11,545.00),","(5's pack: ৳ 11,545.00)"
20945,Glypeg,allopathic,glypegophthalmic-solution020361,Ophthalmic Solution,Glycerol + Hypromellose + Polyethylene Glycol 400,0.2%+0.36%+1%,ACME Laboratories Ltd.,10 ml drop: ৳ 250.00,
32591,Glympa,allopathic,glympatablet25-mg5-mg,Tablet,Empagliflozin + Linagliptin,25 mg+5 mg,Square Pharmaceuticals Ltd.,"Unit Price: ৳ 40.00,(10's pack: ৳ 400.00),",(10's pack: ৳ 400.00)
32590,Glympa,allopathic,glympatablet10-mg5-mg,Tablet,Empagliflozin + Linagliptin,10 mg+5 mg,Square Pharmaceuticals Ltd.,"Unit Price: ৳ 30.00,(20's pack: ৳ 600.00),",(20's pack: ৳ 600.00)
5396,Glymin XR,allopathic,glymin-xrtablet-extended-release500-mg,Tablet (Extended Release),Metformin Hydrochloride,500 mg,Healthcare Pharmaceuticals Ltd.,"Unit Price: ৳ 5.00,(50's pack: ৳ 250.00),",(50's pack: ৳ 250.00)
5394,Glymin,allopathic,glymintablet500-mg,Tablet,Metformin Hydrochloride,500 mg,Healthcare Pharmaceuticals Ltd.,"Unit Price: ৳ 3.00,(50's pack: ৳ 150.00),",(50's pack: ৳ 150.00)
5395,Glymin,allopathic,glymintablet850-mg,Tablet,Metformin Hydrochloride,850 mg,Healthcare Pharmaceuticals Ltd.,"Unit Price: ৳ 4.00,(40's pack: ৳ 160.00),",(40's pack: ৳ 160.00)
15570,Glycine,allopathic,glycineirrigation-solution15,Irrigation Solution,Glycine,1.50%,Opso Saline Ltd.,1000 ml bag: ৳ 80.00,
9795,Griseofulvin,allopathic,griseofulvintablet500-mg,Tablet,Griseofulvin [Microsize],500 mg,APC Pharma Ltd.,"Unit Price: ৳ 5.50,(100's pack: ৳ 550.00),",(100's pack: ৳ 550.00)
27981,Greenox,allopathic,greenoxcapsule2-mg,Capsule,Astaxanthin,2 mg,Jenphar Bangladesh Ltd.,"Unit Price: ৳ 12.00,(30's pack: ৳ 360.00),",(30's pack: ৳ 360.00)
1055,Greenox,allopathic,greenoxcapsule4-mg,Capsule,Astaxanthin,4 mg,Jenphar Bangladesh Ltd.,"Unit Price: ৳ 22.00,(20's pack: ৳ 440.00),",(20's pack: ৳ 440.00)
22785,Greatnap,allopathic,greatnaptablet-delayed-release500-mg20-mg,Tablet (Delayed Release),Naproxen Sodium + Esomeprazole Magnesium,500 mg+20 mg,Edruc Limited,"Unit Price: ৳ 10.00,(28's pack: ৳ 280.00),",(28's pack: ৳ 280.00)
15201,Grastim,allopathic,grastimivsc-injection300-mcg05-ml,IV/SC Injection,Filgrastim,300 mcg/0.5 ml,Square Pharmaceuticals Ltd.,"0.5 ml pre-filled syringe: ৳ 2,800.00",
15203,Granocyte,allopathic,granocytesc-injection34-miuvial,SC Injection,Lenograstim,34 MIU/vial,Synovia pharma plc,"34 million unit vial: ৳ 5,961.54",
28366,Grafil,allopathic,grafilivsc-injection300-mcg05-ml,IV/SC Injection,Filgrastim,300 mcg/0.5 ml,Drug International Ltd.,"0.5 ml pre-filled syringe: ৳ 2,700.00",
9393,GQ-400,allopathic,gq-400tablet400-mg,Tablet,Gatifloxacin (Oral),400 mg,Ultra Pharma Ltd.,"Unit Price: ৳ 10.00,(20's pack: ৳ 200.00),",(20's pack: ৳ 200.00)
4914,Gpentin,allopathic,gpentintablet300-mg,Tablet,Gabapentin,300 mg,Opsonin Pharma Ltd.,"Unit Price: ৳ 16.06,(30's pack: ৳ 481.80),",(30's pack: ৳ 481.80)
29944,Goutil,allopathic,goutiltablet40-mg,Tablet,Febuxostat,40 mg,Eskayef Pharmaceuticals Ltd.,"Unit Price: ৳ 12.00,(20's pack: ৳ 240.00),",(20's pack: ৳ 240.00)
29945,Goutil,allopathic,goutiltablet80-mg,Tablet,Febuxostat,80 mg,Eskayef Pharmaceuticals Ltd.,"Unit Price: ৳ 22.00,(10's pack: ৳ 220.00),",(10's pack: ৳ 220.00)
30532,Goutex,allopathic,goutextablet300-mg,Tablet,Allopurinol,300 mg,Biopharma Laboratories Ltd.,"Unit Price: ৳ 8.00,(30's pack: ৳ 240.00),",(30's pack: ৳ 240.00)
27511,Gutfix,allopathic,gutfixcapsule8-mcg,Capsule,Lubiprostone,8 mcg,Square Pharmaceuticals Ltd.,"Unit Price: ৳ 15.00,(20's pack: ৳ 300.00),",(20's pack: ৳ 300.00)
27510,Gutfix,allopathic,gutfixcapsule24-mcg,Capsule,Lubiprostone,24 mcg,Square Pharmaceuticals Ltd.,"Unit Price: ৳ 40.00,(20's pack: ৳ 800.00),",(20's pack: ৳ 800.00)
5400,Guamin,allopathic,guamintablet850-mg,Tablet,Metformin Hydrochloride,850 mg,Ad-din Pharmaceuticals Ltd.,"Unit Price: ৳ 3.00,(50's pack: ৳ 150.00),",(50's pack: ৳ 150.00)
3016,GTN SR,allopathic,gtn-srtablet-sustained-release26-mg,Tablet (Sustained Release),Nitroglycerin (Oral preparation),2.6 mg,Eskayef Pharmaceuticals Ltd.,"Unit Price: ৳ 5.00,(50's pack: ৳ 250.00),",(50's pack: ৳ 250.00)
30274,GTN,allopathic,gtntopical-spray400-mcgspray,Topical Spray,Nitroglycerin (Sublingual Spray),400 mcg/spray,Eskayef Pharmaceuticals Ltd.,200 metered spray: ৳ 260.00,
14555,Grow,allopathic,growsyrup10-mg5-ml,Syrup,Zinc Sulfate Monohydrate,10 mg/5 ml,Edruc Limited,100 ml bottle: ৳ 30.00,
17376,Grofenac,allopathic,grofenactablet100-mg,Tablet,Aceclofenac,100 mg,Prime Pharmaceuticals Ltd.,Unit Price: ৳ 3.00,
9786,Grisozen,allopathic,grisozentablet500-mg,Tablet,Griseofulvin [Microsize],500 mg,Zenith Pharmaceuticals Ltd.,"Unit Price: ৳ 6.68,(50's pack: ৳ 334.00),",(50's pack: ৳ 334.00)
9785,Grisovin FP,allopathic,grisovin-fptablet500-mg,Tablet,Griseofulvin [Microsize],500 mg,GlaxoSmithKline,"Unit Price: ৳ 5.60,(100's pack: ৳ 560.00),",(100's pack: ৳ 560.00)
9792,Grisofulvin M,allopathic,grisofulvin-mtablet500-mg,Tablet,Griseofulvin [Microsize],500 mg,Modern Pharmaceuticals Ltd.,"Unit Price: ৳ 5.25,(100's pack: ৳ 525.00),",(100's pack: ৳ 525.00)
9797,Grisin,allopathic,grisintablet500-mg,Tablet,Griseofulvin [Microsize],500 mg,Seema Pharmaceuticals Ltd.,"Unit Price: ৳ 5.57,(100's pack: ৳ 557.00),",(100's pack: ৳ 557.00)
9782,Griseofulvin FP,allopathic,griseofulvin-fptablet500-mg,Tablet,Griseofulvin [Microsize],500 mg,Bristol Pharmaceuticals Ltd.,"Unit Price: ৳ 5.00,(100's pack: ৳ 500.00),",(100's pack: ৳ 500.00)
188,Goutex,allopathic,goutextablet100-mg,Tablet,Allopurinol,100 mg,Biopharma Laboratories Ltd.,"Unit Price: ৳ 4.02,(100's pack: ৳ 402.00),",(100's pack: ৳ 402.00)
11691,Goustat,allopathic,goustattablet40-mg,Tablet,Febuxostat,40 mg,ACME Laboratories Ltd.,"Unit Price: ৳ 12.03,(20's pack: ৳ 240.60),",(20's pack: ৳ 240.60)
5250,Gored MR,allopathic,gored-mrtablet-modified-release30-mg,Tablet (Modified Release),Gliclazide,30 mg,General Pharmaceuticals Ltd.,"Unit Price: ৳ 8.86,(28's pack: ৳ 248.00),",(28's pack: ৳ 248.00)
5249,Gored,allopathic,goredtablet80-mg,Tablet,Gliclazide,80 mg,General Pharmaceuticals Ltd.,"Unit Price: ৳ 7.03,(50's pack: ৳ 351.51),",(50's pack: ৳ 351.51)
28938,Gonal-F,allopathic,gonal-finjection450-iuvial,Injection,Follitropin Alfa,450 IU/vial,Merck,"450 IU vial: ৳ 12,751.00",
3473,H-Selax,allopathic,h-selaxtablet4-mg,Tablet,Salbutamol,4 mg,Hudson Pharmaceuticals Ltd.,"Unit Price: ৳ 0.34,(100's pack: ৳ 34.00),",(100's pack: ৳ 34.00)
29403,H-Quin,allopathic,h-quintablet200-mg,Tablet,Hydroxychloroquine Sulphate,200 mg,Eskayef Pharmaceuticals Ltd.,"Unit Price: ৳ 15.00,(20's pack: ৳ 300.00),",(20's pack: ৳ 300.00)
6154,H-Pen,allopathic,h-pentablet250-mg,Tablet,Phenoxymethyl Penicillin [Penicillin V],250 mg,Hudson Pharmaceuticals Ltd.,"Unit Price: ৳ 1.35,(100's pack: ৳ 135.00),",(100's pack: ৳ 135.00)
22748,H-Nap,allopathic,h-naptablet500-mg,Tablet,Naproxen Sodium,500 mg,Hudson Pharmaceuticals Ltd.,Unit Price: ৳ 8.00,
318,H Ben,allopathic,h-benchewable-tablet400-mg,Chewable Tablet,Albendazole,400 mg,Hudson Pharmaceuticals Ltd.,"Unit Price: ৳ 3.60,(40's pack: ৳ 144.00),",(40's pack: ৳ 144.00)
15681,Gynoxin,allopathic,gynoxinvaginal-suppository,Vaginal Suppository,Metronidazole + Neomycin Sulphate + Polymyxin B + Nystatin,,Aristopharma Ltd.,"Unit Price: ৳ 24.00,(12's pack: ৳ 288.00),",(12's pack: ৳ 288.00)
16488,Gynova,allopathic,gynovatablet2-mg,Tablet,Estradiol,2 mg,Renata Limited,30 tablet pack: ৳ 300.00,
15680,Gynoril,allopathic,gynorilvaginal-suppository,Vaginal Suppository,Metronidazole + Neomycin Sulphate + Polymyxin B + Nystatin,,Opsonin Pharma Ltd.,"Unit Price: ৳ 24.16,(12's pack: ৳ 289.92),",(12's pack: ৳ 289.92)
22461,Gynomix,allopathic,gynomixvaginal-suppository,Vaginal Suppository,Metronidazole + Neomycin Sulphate + Polymyxin B + Nystatin,,Drug International Ltd.,"Unit Price: ৳ 25.10,(6's pack: ৳ 150.60),",(6's pack: ৳ 150.60)
15684,Gynoheal,allopathic,gynohealvaginal-suppository,Vaginal Suppository,Metronidazole + Neomycin Sulphate + Polymyxin B + Nystatin,,Globe Pharmaceuticals Ltd.,"Unit Price: ৳ 25.00,(12's pack: ৳ 300.00),",(12's pack: ৳ 300.00)
32844,Gynest,allopathic,gynestvaginal-cream01,Vaginal Cream,Estriol (Vaginal),0.10%,ACME Laboratories Ltd.,15 gm tube: ৳ 800.00,
15679,Gynepro,allopathic,gyneprovaginal-suppository,Vaginal Suppository,Metronidazole + Neomycin Sulphate + Polymyxin B + Nystatin,,Square Pharmaceuticals Ltd.,"Unit Price: ৳ 24.08,(12's pack: ৳ 288.96),",(12's pack: ৳ 288.96)
15683,Gyned,allopathic,gynedvaginal-suppository,Vaginal Suppository,Metronidazole + Neomycin Sulphate + Polymyxin B + Nystatin,,Pacific Pharmaceuticals Ltd.,"Unit Price: ৳ 35.00,(12's pack: ৳ 420.00),",(12's pack: ৳ 420.00)
15682,Gynastin,allopathic,gynastinvaginal-suppository,Vaginal Suppository,Metronidazole + Neomycin Sulphate + Polymyxin B + Nystatin,,ACME Laboratories Ltd.,"Unit Price: ৳ 24.08,(12's pack: ৳ 288.96),",(12's pack: ৳ 288.96)
12650,Halobet,allopathic,halobetcream005,Cream,Halobetasol Propionate,0.05%,Square Pharmaceuticals Ltd.,20 gm tube: ৳ 130.00,
12651,Halobet,allopathic,halobetointment005,Ointment,Halobetasol Propionate,0.05%,Square Pharmaceuticals Ltd.,20 gm tube: ৳ 130.00,
30020,Halaven,allopathic,halaveniv-infusion1-mg2-ml,IV Infusion,Eribulin Mesylate,1 mg/2 ml,Eisai Pharmaceutical company,"1 mg vial: ৳ 37,022.00",
26757,Hairgrow,allopathic,hairgrowscalp-solution2,Scalp Solution,Minoxidil,2%,Eskayef Pharmaceuticals Ltd.,60 ml bottle: ৳ 500.00,
26758,Hairgrow,allopathic,hairgrowscalp-solution5,Scalp Solution,Minoxidil,5%,Eskayef Pharmaceuticals Ltd.,60 ml bottle: ৳ 600.00,
33148,Hairgain,allopathic,hairgainscalp-solution5,Scalp Solution,Minoxidil,5%,UniMed UniHealth,60 ml bottle: ৳ 600.00,
33147,Hairgain,allopathic,hairgainscalp-solution2,Scalp Solution,Minoxidil,2%,UniMed UniHealth,60 ml bottle: ৳ 500.00,
13305,Haemozin TR,allopathic,haemozin-trcapsule-timed-release150-mg05-mg618-mg,Capsule (Timed Release),Ferrous Sulfate + Folic Acid + Zinc Sulfate,150 mg+0.5 mg+61.8 mg,Doctor’s Chemical Works Ltd.,"Unit Price: ৳ 2.70,(40's pack: ৳ 108.00),",(40's pack: ৳ 108.00)
30306,Haemaccel,allopathic,haemacceliv-infusion35,IV Infusion,Polygeline + Electrolytes,3.50%,Piramal Enterprises Ltd.,500 ml bottle: ৳ 700.00,
28731,Habesol,allopathic,habesolointment005,Ointment,Halobetasol Propionate,0.05%,Pharmasia Limited,"10 gm tube: ৳ 90.00,15 gm tube: ৳ 130.00,20 gm tube: ৳ 170.00,30 gm tube: ৳ 250.00",
1705,H2-150,allopathic,h2-150tablet150-mg,Tablet,Ranitidine Hydrochloride,150 mg,Apollo Pharmaceutical Ltd.,"Unit Price: ৳ 2.00,(100's pack: ৳ 200.00),",(100's pack: ৳ 200.00)
12675,H-Trimazole,allopathic,h-trimazolecream11,Cream,Clotrimazole + Hydrocortisone,1%+1%,Opsonin Pharma Ltd.,10 gm tube: ৳ 35.63,
3474,H-Selax,allopathic,h-selaxsyrup2-mg5-ml,Syrup,Salbutamol,2 mg/5 ml,Hudson Pharmaceuticals Ltd.,"60 ml bottle: ৳ 10.80,100 ml bottle: ৳ 15.00",
1593,Gutset,allopathic,gutsetpediatric-drops5-mgml,Pediatric Drops,Domperidone Maleate,5 mg/ml,Ad-din Pharmaceuticals Ltd.,15 ml drop: ৳ 20.00,
25853,Gutset,allopathic,gutsetoral-suspension5-mg5-ml,Oral Suspension,Domperidone Maleate,5 mg/5 ml,Ad-din Pharmaceuticals Ltd.,60 ml bottle: ৳ 35.00,
1592,Gutset,allopathic,gutsettablet10-mg,Tablet,Domperidone Maleate,10 mg,Ad-din Pharmaceuticals Ltd.,"Unit Price: ৳ 2.00,(100's pack: ৳ 200.00),",(100's pack: ৳ 200.00)
19212,Handiwash,allopathic,handiwashhand-rub0570,Hand Rub,Chlorhexidine Gluconate + Isopropyl alcohol,0.5%+70%,General Pharmaceuticals Ltd.,"50 ml bottle: ৳ 40.00,250 ml bottle: ৳ 130.00",
29064,Handisol,allopathic,handisolhand-rub0570,Hand Rub,Chlorhexidine Gluconate + Isopropyl alcohol,0.5%+70%,Greenland Pharmaceuticals Ltd.,"50 ml bottle: ৳ 40.00,125 ml bottle: ৳ 70.00",
28805,HandiSafe,allopathic,handisafehand-rub96398,Hand Rub,Ethyl Alcohol + Hydrogen peroxide + Glycerol,96%+3%+98%,Eskayef Pharmaceuticals Ltd.,"200 ml bottle (with spray gun): ৳ 200.00,200 ml bottle (without spray gun): ৳ 150.00",
12822,Handirub,allopathic,handirubhand-rub0570,Hand Rub,Chlorhexidine Gluconate + Isopropyl alcohol,0.5%+70%,Eskayef Pharmaceuticals Ltd.,"50 ml bottle: ৳ 40.00,200 ml bottle: ৳ 100.00",
29128,Handigel,allopathic,handigelhand-rub6635,Hand Rub,Ethanol + Isopropyl alcohol,66%+3.5%,General Pharmaceuticals Ltd.,50 ml bottle: ৳ 100.00,
28859,Hand Clean,allopathic,hand-cleanhand-rub66535,Hand Rub,Ethanol + Isopropyl alcohol,66.5%+3.5%,Incepta Pharmaceuticals Ltd.,"50 ml bottle: ৳ 100.00,200 ml bottle (with dispenser): ৳ 300.00",
29662,Hamdard ORS,allopathic,hamdard-orsoral-powder1395-gm,Oral Powder,Oral Rehydration Salt [Powder],13.95 gm,Hamdard Bangladesh,"Unit Price: ৳ 5.00,(20's pack: ৳ 100.00),",(20's pack: ৳ 100.00)
29705,Hamdard Hand Sanitizer,allopathic,hamdard-hand-sanitizerhand-rub750125145,Hand Rub,Isopropyl Alcohol + Hydrogen Peroxide + Glycerol,75%+0.125%+1.45%,Hamdard Bangladesh,200 ml bottle: ৳ 200.00,
31015,Haloxa,allopathic,haloxacream005,Cream,Halobetasol Propionate,0.05%,Opsonin Pharma Ltd.,20 gm tube: ৳ 130.00,
31016,Haloxa,allopathic,haloxaointment005,Ointment,Halobetasol Propionate,0.05%,Opsonin Pharma Ltd.,20 gm tube: ৳ 130.00,
29313,Halotaz,allopathic,halotazlotion001-0045,Lotion,Halobetasol Propionate + Tazarotene,0.01% + 0.045%,ACME Laboratories Ltd.,45 gm tube: ৳ 600.00,
2352,Halotab,allopathic,halotabtablet50-mg,Tablet,Halazone,50 mg,Sonear Laboratories Ltd.,"Unit Price: ৳ 1.54,(100's pack: ৳ 154.00),",(100's pack: ৳ 154.00)
2351,Halotab,allopathic,halotabtablet15-mg,Tablet,Halazone,15 mg,Sonear Laboratories Ltd.,"Unit Price: ৳ 0.77,(100's pack: ৳ 77.00),",(100's pack: ৳ 77.00)
2350,Halotab,allopathic,halotabtablet75-mg,Tablet,Halazone,7.5 mg,Sonear Laboratories Ltd.,"Unit Price: ৳ 0.51,(100's pack: ৳ 51.00),",(100's pack: ৳ 51.00)
15292,Halosin,allopathic,halosinsolution-for-inhalation187-gmml,Solution for Inhalation,Halothane,1.87 gm/ml,ACI Limited,"200 ml bottle: ৳ 1,504.00,250 ml bottle: ৳ 1,890.45",
19726,Hapytab ER,allopathic,hapytab-ertablet-extended-release50-mg,Tablet (Extended Release),Desvenlafaxine,50 mg,Eskayef Pharmaceuticals Ltd.,"Unit Price: ৳ 10.00,(30's pack: ৳ 300.00),",(30's pack: ৳ 300.00)
24568,Happysol,allopathic,happysolnasal-drop09,Nasal Drop,Sodium Chloride (Nasal preparation),0.90%,ACME Laboratories Ltd.,10 ml drop: ৳ 20.00,
22478,Happynap,allopathic,happynapointment40,Ointment,Zinc Oxide,40%,Drug International Ltd.,15 gm tube: ৳ 40.00,
26514,Happymix-5,allopathic,happymix-5oral-powder1-gmsachet,Oral Powder,Iron + Folic Acid + Vitamin A + Vitamin C + Zinc,1 gm/sachet,ACME Laboratories Ltd.,"1 gm sachet: ৳ 2.50,(30's pack: ৳ 75.00),",(30's pack: ৳ 75.00)
28267,Happymix,allopathic,happymixoral-powder1-gmsachet,Oral Powder,Multivitamin & Multimineral [A-Z for infanrs & childrens],1 gm/sachet,ACME Laboratories Ltd.,"1 gm sachet: ৳ 3.00,(30's pack: ৳ 90.00),",(30's pack: ৳ 90.00)
29377,Handsan,allopathic,handsanhand-rub750125145,Hand Rub,Isopropyl Alcohol + Hydrogen Peroxide + Glycerol,75%+0.125%+1.45%,NIPRO JMI Pharma Ltd.,100 ml bottle: ৳ 150.00,
28781,Handsafe,allopathic,handsafehand-rub0570,Hand Rub,Chlorhexidine Gluconate + Isopropyl alcohol,0.5%+70%,Team Pharmaceuticals Ltd.,"50 ml bottle: ৳ 60.00,100 ml bottle: ৳ 100.00",
4383,Halopid,allopathic,halopidim-injection5-mgml,IM Injection,Haloperidol,5 mg/ml,Incepta Pharmaceuticals Ltd.,"1 ml ampoule: ৳ 10.80,(10's pack: ৳ 108.00),",(10's pack: ৳ 108.00)
4382,Halopid,allopathic,halopidtablet5-mg,Tablet,Haloperidol,5 mg,Incepta Pharmaceuticals Ltd.,"Unit Price: ৳ 1.00,(100's pack: ৳ 100.00),",(100's pack: ৳ 100.00)
6350,Halopen,allopathic,halopencapsule250-mg,Capsule,Flucloxacillin Sodium,250 mg,NIPRO JMI Pharma Ltd.,"Unit Price: ৳ 5.55,(40's pack: ৳ 222.00),",(40's pack: ৳ 222.00)
6351,Halopen,allopathic,halopencapsule500-mg,Capsule,Flucloxacillin Sodium,500 mg,NIPRO JMI Pharma Ltd.,"Unit Price: ৳ 10.03,(28's pack: ৳ 280.84),",(28's pack: ৳ 280.84)
6352,Halopen,allopathic,halopenpowder-for-suspension125-mg5-ml,Powder for Suspension,Flucloxacillin Sodium,125 mg/5 ml,NIPRO JMI Pharma Ltd.,100 ml bottle: ৳ 60.41,
4381,Halop,allopathic,haloptablet5-mg,Tablet,Haloperidol,5 mg,Opsonin Pharma Ltd.,"Unit Price: ৳ 1.00,(100's pack: ৳ 100.00),",(100's pack: ৳ 100.00)
12652,Halocort,allopathic,halocortcream005,Cream,Halobetasol Propionate,0.05%,ACI Limited,10 gm tube: ৳ 90.27,
12653,Halocort,allopathic,halocortointment005,Ointment,Halobetasol Propionate,0.05%,ACI Limited,10 gm tube: ৳ 90.27,
10302,Helmisole,allopathic,helmisoletablet40-mg,Tablet,Levamisole,40 mg,Gaco Pharmaceuticals Ltd.,"Unit Price: ৳ 0.41,(100's pack: ৳ 41.08),",(100's pack: ৳ 41.08)
2277,Helicon Kit,allopathic,helicon-kittablet30-mg1000-mg500-mg,Tablet,Lansoprazole + Amoxicillin + Clarithromycin,30 mg+1000 mg+500 mg,General Pharmaceuticals Ltd.,"4 tablet strip: ৳ 55.37,(14's pack: ৳ 775.17),",(14's pack: ৳ 775.17)
319,Helben DS,allopathic,helben-dschewable-tablet400-mg,Chewable Tablet,Albendazole,400 mg,Modern Pharmaceuticals Ltd.,"Unit Price: ৳ 4.00,(50's pack: ৳ 200.00),",(50's pack: ৳ 200.00)
10326,Helben,allopathic,helbenoral-suspension100-mg5-ml,Oral Suspension,Mebendazole,100 mg/5 ml,Ad-din Pharmaceuticals Ltd.,30 ml bottle: ৳ 14.80,
25159,Heel Guard,allopathic,heel-guardcream25-ww,Cream,Urea (25%),25% w/w,UniMed UniHealth,30 gm tube: ৳ 150.00,
10589,Hedex,allopathic,hedextablet500-mg65-mg,Tablet,Paracetamol + Caffeine,500 mg+65 mg,Orion Pharma Ltd.,"Unit Price: ৳ 2.50,(100's pack: ৳ 250.00),",(100's pack: ৳ 250.00)
6538,Hectamox DS,allopathic,hectamox-dspowder-for-suspension250-mg5-ml,Powder for Suspension,Amoxicillin Trihydrate,250 mg/5 ml,Millat Pharmaceuticals Ltd.,100 ml bottle: ৳ 65.00,
6537,Hectamox,allopathic,hectamoxpowder-for-suspension125-mg5-ml,Powder for Suspension,Amoxicillin Trihydrate,125 mg/5 ml,Millat Pharmaceuticals Ltd.,100 ml bottle: ৳ 47.00,
6536,Hectamox,allopathic,hectamoxcapsule500-mg,Capsule,Amoxicillin Trihydrate,500 mg,Millat Pharmaceuticals Ltd.,"Unit Price: ৳ 6.70,(50's pack: ৳ 335.00),",(50's pack: ৳ 335.00)
6539,Hectamox,allopathic,hectamoxpediatric-drops125-mg125-ml,Pediatric Drops,Amoxicillin Trihydrate,125 mg/1.25 ml,Millat Pharmaceuticals Ltd.,15 ml bottle: ৳ 30.00,
1819,Healer,allopathic,healercapsule-delayed-release20-mg,Capsule (Delayed Release),Omeprazole,20 mg,Amico Laboratories Ltd.,"Unit Price: ৳ 4.00,(50's pack: ৳ 200.00),",(50's pack: ৳ 200.00)
6535,Hectamox,allopathic,hectamoxcapsule250-mg,Capsule,Amoxicillin Trihydrate,250 mg,Millat Pharmaceuticals Ltd.,"Unit Price: ৳ 3.60,(100's pack: ৳ 360.00),",(100's pack: ৳ 360.00)
29421,HCQ,allopathic,hcqtablet200-mg,Tablet,Hydroxychloroquine Sulphate,200 mg,UniMed UniHealth,"Unit Price: ৳ 15.00,(30's pack: ৳ 450.00),",(30's pack: ৳ 450.00)
5953,HCG,allopathic,hcgim-injection5000-iuvial,IM Injection,Human Chorionic Gonadotrophin,5000 IU/vial,Popular Pharmaceuticals Ltd.,"5000 IU vial: ৳ 1,800.00",
30985,HCG,allopathic,hcgim-injection10000-iuvial,IM Injection,Human Chorionic Gonadotrophin,10000 IU/vial,Popular Pharmaceuticals Ltd.,"10000 IU vial: ৳ 3,500.00",
14027,Hax,allopathic,haxtablet6-mg200-mg50-mg,Tablet,Betacarotene + Vitamin C + Vitamin E,6 mg+200 mg+50 mg,Hudson Pharmaceuticals Ltd.,"Unit Price: ৳ 2.50,(30's pack: ৳ 75.00),",(30's pack: ৳ 75.00)
16467,Hemax TR,allopathic,hemax-trtablet47-mg05-mg225-mg,Tablet,Iron Polymaltose Complex + Folic Acid + Zinc Sulfate,47 mg+0.5 mg+22.5 mg,Concord Pharmaceuticals Ltd.,"Unit Price: ৳ 3.01,(100's pack: ৳ 300.90),",(100's pack: ৳ 300.90)
14668,Hemax PG,allopathic,hemax-pgcapsule500-mg225-mg,Capsule,Folic Acid + Zinc Sulfate Monohydrate,500 mg+22.5 mg,Concord Pharmaceuticals Ltd.,"Unit Price: ৳ 2.00,(50's pack: ৳ 100.00),",(50's pack: ৳ 100.00)
32518,Hema,allopathic,hemacapsule-timed-release50-mg050-mg6180-mg,Capsule (Timed Release),Carbonyl Iron + Folic Acid + Zinc Sulfate,50 mg+0.50 mg+61.80 mg,Doctor TIMS Pharmaceuticals Ltd.,"Unit Price: ৳ 3.51,(50's pack: ৳ 175.42),",(50's pack: ৳ 175.42)
14994,Helo,allopathic,helointra-articular-injection02,Intra-articular Injection,Sodium Hyaluronate (Injection),0.20%,Chemist Laboratories  Ltd.,"2 ml pre-filled syringe: ৳ 1,200.00",
21982,Helmox,allopathic,helmoxoral-suspension100-mg5-ml,Oral Suspension,Mebendazole,100 mg/5 ml,Rephco Pharmaceuticals Ltd.,30 ml bottle: ৳ 12.00,
21981,Helmox,allopathic,helmoxchewable-tablet100-mg,Chewable Tablet,Mebendazole,100 mg,Rephco Pharmaceuticals Ltd.,Unit Price: ৳ 0.60,
10303,Helmisole,allopathic,helmisolesyrup40-mg5-ml,Syrup,Levamisole,40 mg/5 ml,Gaco Pharmaceuticals Ltd.,30 ml bottle: ৳ 15.05,
15222,Havrix,allopathic,havrixim-injection1440-unit1-ml,IM Injection,Hepatitis A Vaccine,1440 unit/1 ml,GlaxoSmithKline,"1 ml pre-filled syringe: ৳ 1,190.00",
15221,Havrix,allopathic,havrixim-injection720-unit05-ml,IM Injection,Hepatitis A Vaccine,720 unit/0.5 ml,GlaxoSmithKline,0.5 ml pre-filled syringe: ৳ 734.50,
360,Hartsol Plus,allopathic,hartsol-plusiv-infusion,IV Infusion,Dextrose & Hartmann's Solution,,Libra Infusions Ltd.,"500 ml bag: ৳ 62.96,1000 ml bag: ৳ 81.29",
14893,Hartsol,allopathic,hartsoliv-infusion,IV Infusion,Hartmann's Solution,,Libra Infusions Ltd.,"500 ml bag: ৳ 71.30,1000 ml bag: ৳ 92.00",
14895,Hartmann,allopathic,hartmanniv-infusion,IV Infusion,Hartmann's Solution,,Opso Saline Ltd.,"500 ml bag: ৳ 71.10,1000 ml bag: ৳ 91.70",
14894,Hartmann,allopathic,hartmanniv-infusion,IV Infusion,Hartmann's Solution,,Orion Infusion Ltd.,"500 ml bag: ৳ 71.30,1000 ml bag: ৳ 92.00",
32517,Har D,allopathic,har-dtablet500-mg200-iu,Tablet,Calcium Carbonate [Elemental source] + Vitamin D3,500 mg+200 IU,Doctor TIMS Pharmaceuticals Ltd.,"Unit Price: ৳ 5.00,(15's pack: ৳ 75.00),,Unit Price: ৳ 5.00,(30's pack: ৳ 150.00),","(15's pack: ৳ 75.00),(30's pack: ৳ 150.00)"
26539,Hemotrax,allopathic,hemotraxtablet500-mg,Tablet,Tranexamic Acid,500 mg,UniMed UniHealth,"Unit Price: ৳ 20.00,(20's pack: ৳ 400.00),",(20's pack: ৳ 400.00)
3319,Hemostop,allopathic,hemostopcapsule500-mg,Capsule,Tranexamic Acid,500 mg,Apex Pharmaceuticals Ltd.,"Unit Price: ৳ 15.00,(30's pack: ৳ 450.00),",(30's pack: ৳ 450.00)
3317,Hemostat,allopathic,hemostatcapsule500-mg,Capsule,Tranexamic Acid,500 mg,Aristopharma Ltd.,"Unit Price: ৳ 20.00,(20's pack: ৳ 400.00),",(20's pack: ৳ 400.00)
27513,Hemosol-B,allopathic,hemosol-bdialysis-solution,Dialysis Solution,Bicarbonate Component [HCO3 Hemodialysis Solution],,Square Pharmaceuticals Ltd.,10 liters container: ৳ 382.00,
27512,Hemosol-A,allopathic,hemosol-adialysis-solution,Dialysis Solution,Acidic component [HCO3 Hemodialysis Solution],,Square Pharmaceuticals Ltd.,10 liters container: ৳ 481.00,
3369,Hemosin,allopathic,hemosininjection1-gm5-ml,Injection,Aminocaproic acid,1 gm/5 ml,Chemist Laboratories  Ltd.,"5 ml ampoule: ৳ 15.17,(10's pack: ৳ 151.70),",(10's pack: ৳ 151.70)
29388,Hemorise,allopathic,hemoriseiv-injection-or-infusion1-gm20-ml,IV Injection or Infusion,Ferric Carboxymaltose,1 gm/20 ml,ACME Laboratories Ltd.,"20 ml vial: ৳ 1,300.00",
29387,Hemorise,allopathic,hemoriseiv-injection-or-infusion500-mg10-ml,IV Injection or Infusion,Ferric Carboxymaltose,500 mg/10 ml,ACME Laboratories Ltd.,10 ml vial: ৳ 700.00,
29386,Hemorise,allopathic,hemoriseiv-injection-or-infusion100-mg2-ml,IV Injection or Infusion,Ferric Carboxymaltose,100 mg/2 ml,ACME Laboratories Ltd.,2 ml vial: ৳ 410.00,
26260,Hemorif DS,allopathic,hemorif-dstablet900-mg100-mg,Tablet,Micronised Diosmin + Hesperidin,900 mg+100 mg,Square Pharmaceuticals Ltd.,"Unit Price: ৳ 20.00,(30's pack: ৳ 600.00),",(30's pack: ৳ 600.00)
2421,Hemorif,allopathic,hemoriftablet450-mg50-mg,Tablet,Micronised Diosmin + Hesperidin,450 mg+50 mg,Square Pharmaceuticals Ltd.,"Unit Price: ৳ 8.06,(30's pack: ৳ 241.80),",(30's pack: ৳ 241.80)
2420,Hemoral,allopathic,hemoraltablet450-mg50-mg,Tablet,Micronised Diosmin + Hesperidin,450 mg+50 mg,Aristopharma Ltd.,"Unit Price: ৳ 8.00,(30's pack: ৳ 240.00),",(30's pack: ৳ 240.00)
16024,Hemomin,allopathic,hemominophthalmic-solution2,Ophthalmic Solution,Homatropine Hydrobromide,2%,Nipa Pharmaceuticals Ltd.,10 ml drop: ৳ 56.55,
19952,HemoMax,allopathic,hemomaxiv-injection-or-infusion100-mg5-ml,IV Injection or Infusion,Iron Sucrose Injection [Elemental Iron],100 mg/5 ml,Pharmasia Limited,5 ml ampoule: ৳ 325.00,
32430,Hemoject,allopathic,hemojectiv-injection-or-infusion1-gm20-ml,IV Injection or Infusion,Ferric Carboxymaltose,1 gm/20 ml,Nuvista Pharma Ltd.,"20 ml vial: ৳ 1,300.00",
29390,Hemoject,allopathic,hemojectiv-injection-or-infusion500-mg10-ml,IV Injection or Infusion,Ferric Carboxymaltose,500 mg/10 ml,Nuvista Pharma Ltd.,10 ml vial: ৳ 700.00,
15229,Hepa-B,allopathic,hepa-bim-injection10-mcg05-ml,IM Injection,Hepatitis B Vaccine [rDNA],10 mcg/0.5 ml,Incepta Pharmaceuticals Ltd.,0.5 ml vial: ৳ 400.00,
15230,Hepa-B,allopathic,hepa-bim-injection20-mcgml,IM Injection,Hepatitis B Vaccine [rDNA],20 mcg/ml,Incepta Pharmaceuticals Ltd.,1 ml vial: ৳ 500.00,
10448,Hepa,allopathic,hepaoral-suspension120-mg5-ml,Oral Suspension,Paracetamol,120 mg/5 ml,Hudson Pharmaceuticals Ltd.,60 ml bottle: ৳ 16.28,
10447,Hepa,allopathic,hepatablet500-mg,Tablet,Paracetamol,500 mg,Hudson Pharmaceuticals Ltd.,"Unit Price: ৳ 0.55,(500's pack: ৳ 275.00),",(500's pack: ৳ 275.00)
4346,Henxit,allopathic,henxittablet05-mg10-mg,Tablet,Flupentixol + Melitracen,0.5 mg+10 mg,Hudson Pharmaceuticals Ltd.,"Unit Price: ৳ 3.50,(100's pack: ৳ 350.00),",(100's pack: ৳ 350.00)
8960,Henlix,allopathic,henlixtablet200-mg,Tablet,Rifaximin,200 mg,ACI Limited,"Unit Price: ৳ 25.00,(18's pack: ৳ 450.00),",(18's pack: ৳ 450.00)
8961,Henlix,allopathic,henlixtablet550-mg,Tablet,Rifaximin,550 mg,ACI Limited,"Unit Price: ৳ 45.00,(10's pack: ৳ 450.00),",(10's pack: ৳ 450.00)
13184,Hemofol TR,allopathic,hemofol-trcapsule-timed-release200-mg200-mcg,Capsule (Timed Release),Ferrous Fumarate + Folic acid,200 mg+200 mcg,Benham Pharmaceuticals Ltd.,"Unit Price: ৳ 2.36,(50's pack: ৳ 118.00),",(50's pack: ৳ 118.00)
13279,Hemofix FZ,allopathic,hemofix-fztablet48-mg05-mg225-mg,Tablet,Ferrous Ascorbate + Folic Acid + Zinc Sulfate,48 mg+0.5 mg+22.5 mg,Beximco Pharmaceuticals Ltd.,"Unit Price: ৳ 5.00,(60's pack: ৳ 300.00),",(60's pack: ৳ 300.00)
12891,Hemofix,allopathic,hemofixtablet33-mg,Tablet,Ferrous Ascorbate,33 mg,Beximco Pharmaceuticals Ltd.,"Unit Price: ৳ 4.00,(30's pack: ৳ 120.00),",(30's pack: ৳ 120.00)
13140,Hemofer,allopathic,hemoferiv-injection-or-infusion100-mg5-ml,IV Injection or Infusion,Iron Sucrose Injection [Elemental Iron],100 mg/5 ml,Popular Pharmaceuticals Ltd.,5 ml ampoule: ৳ 335.00,
12903,Hemobin,allopathic,hemobinsyrup200-mg5-ml,Syrup,Ferrous Sulfate,200 mg/5 ml,Zenith Pharmaceuticals Ltd.,200 ml bottle: ৳ 24.00,
13307,Hemo Z TR,allopathic,hemo-z-trcapsule-timed-release150-mg05-mg618-mg,Capsule (Timed Release),Ferrous Sulfate + Folic Acid + Zinc Sulfate,150 mg+0.5 mg+61.8 mg,Astra Biopharmaceuticals Ltd.,"Unit Price: ৳ 2.90,(30's pack: ৳ 87.00),",(30's pack: ৳ 87.00)
13347,Hemo Plus,allopathic,hemo-pluscapsule-timed-release50-mg050-mg6180-mg,Capsule (Timed Release),Carbonyl Iron + Folic Acid + Zinc Sulfate,50 mg+0.50 mg+61.80 mg,Zenith Pharmaceuticals Ltd.,"Unit Price: ৳ 3.00,(30's pack: ৳ 90.00),",(30's pack: ৳ 90.00)
27160,Herculix,allopathic,herculixiv-injection1-gmvial,IV Injection,Ceftriaxone Sodium,1 gm/vial,Kumudini Pharma Ltd.,1 gm vial: ৳ 200.00,
27106,Herceptin,allopathic,herceptinsc-injection600-mg5-ml,SC Injection,Trastuzumab,600 mg/5 ml,Roche Bangladesh Ltd.,"600 mg vial: ৳ 83,900.00",
15148,Herceptin,allopathic,herceptiniv-infusion440-mg20-ml,IV Infusion,Trastuzumab,440 mg/20 ml,Roche Bangladesh Ltd.,"440 mg vial: ৳ 90,400.00",
14072,Heptavit,allopathic,heptavitpediatric-drops,Pediatric Drops,Multivitamin [Pediatric preparation],,Doctor’s Chemical Works Ltd.,15 ml bottle: ৳ 15.00,
13547,Hepta Seas,allopathic,hepta-seassyrup,Syrup,Multivitamin & Cod Liver Oil,,ACI Limited,"100 ml bottle: ৳ 85.00,200 ml bottle: ৳ 150.00",
26261,Heplol,allopathic,heploltablet150-mg,Tablet,L-Ornithine L-Aspartate,150 mg,Square Pharmaceuticals Ltd.,"Unit Price: ৳ 15.00,(30's pack: ৳ 450.00),",(30's pack: ৳ 450.00)
16696,Hepcee,allopathic,hepceetablet400-mg,Tablet,Sofosbuvir,400 mg,Jenphar Bangladesh Ltd.,"Unit Price: ৳ 800.00,(7's pack: ৳ 5,600.00),,Unit Price: ৳ 800.00,(28's pack: ৳ 22,400.00),","(7's pack: ৳ 5,600.00),(28's pack: ৳ 22,400.00)"
8945,Hepaximin,allopathic,hepaximintablet550-mg,Tablet,Rifaximin,550 mg,Aristopharma Ltd.,"Unit Price: ৳ 55.00,(10's pack: ৳ 550.00),",(10's pack: ৳ 550.00)
8944,Hepaximin,allopathic,hepaximintablet200-mg,Tablet,Rifaximin,200 mg,Aristopharma Ltd.,"Unit Price: ৳ 22.00,(20's pack: ৳ 440.00),",(20's pack: ৳ 440.00)
9730,Hepavir,allopathic,hepavirtablet100-mg,Tablet,Lamivudine [For Chronic Hepatitis B],100 mg,Square Pharmaceuticals Ltd.,"Unit Price: ৳ 25.17,(20's pack: ৳ 503.40),",(20's pack: ৳ 503.40)
15231,Hepavax-B,allopathic,hepavax-bim-injection20-mcgml,IM Injection,Hepatitis B Vaccine [rDNA],20 mcg/ml,Popular Pharmaceuticals Ltd.,1 ml vial: ৳ 500.00,
8962,Hepatab,allopathic,hepatabtablet200-mg,Tablet,Rifaximin,200 mg,Ibn Sina Pharmaceuticals Ltd.,"Unit Price: ৳ 20.00,(20's pack: ৳ 400.00),",(20's pack: ৳ 400.00)
8963,Hepatab,allopathic,hepatabtablet550-mg,Tablet,Rifaximin,550 mg,Ibn Sina Pharmaceuticals Ltd.,"Unit Price: ৳ 50.00,(10's pack: ৳ 500.00),",(10's pack: ৳ 500.00)
20842,Heparon,allopathic,heparoninjection25000-iu5-ml,Injection,Heparin Sodium,25000 IU/5 ml,Beacon Pharmaceuticals Ltd.,5 ml vial: ৳ 397.72,
3185,Heparin-Rotex,allopathic,heparin-rotexinjection25000-iu5-ml,Injection,Heparin Sodium,25000 IU/5 ml,"Rotexmedica GmbH, Germany",5 ml vial: ৳ 300.00,
3184,Heparin Leo,allopathic,heparin-leoinjection25000-iu5-ml,Injection,Heparin Sodium,25000 IU/5 ml,Leo Pharmaceuticals Ltd.,5 ml vial: ৳ 639.00,
17323,Hertin,allopathic,hertiniv-infusion440-mg20-ml,IV Infusion,Trastuzumab,440 mg/20 ml,Techno Drugs Ltd.,"440 mg vial: ৳ 100,000.00",
27729,Herplex,allopathic,herplexophthalmic-solution01,Ophthalmic Solution,Idoxuridine,0.10%,Opso Saline Ltd.,10 ml drop: ৳ 60.20,
20601,Herpigel,allopathic,herpigelophthalmic-gel015,Ophthalmic Gel,Ganciclovir (Ophthalmic),0.15%,Popular Pharmaceuticals Ltd.,5 gm tube: ৳ 200.00,
27301,Hernix,allopathic,hernixtablet40-mg,Tablet,Neratinib,40 mg,Beacon Pharmaceuticals Ltd.,"Unit Price: ৳ 56.99,(180's pack: ৳ 10,258.20),","(180's pack: ৳ 10,258.20)"
27161,Herculix,allopathic,herculixiv-injection2-gmvial,IV Injection,Ceftriaxone Sodium,2 gm/vial,Kumudini Pharma Ltd.,2 gm vial: ৳ 350.00,
27159,Herculix,allopathic,herculixim-injection1-gmvial,IM Injection,Ceftriaxone Sodium,1 gm/vial,Kumudini Pharma Ltd.,1 gm vial: ৳ 200.00,
27158,Herculix,allopathic,herculixim-injection500-mgvial,IM Injection,Ceftriaxone Sodium,500 mg/vial,Kumudini Pharma Ltd.,500 mg vial: ৳ 150.00,
27157,Herculix,allopathic,herculixiv-injection500-mgvial,IV Injection,Ceftriaxone Sodium,500 mg/vial,Kumudini Pharma Ltd.,500 mg vial: ৳ 150.00,
28841,Hepanib,allopathic,hepanibtablet200-mg,Tablet,Sorafenib Tosylate,200 mg,Everest Pharmaceuticals Ltd.,"Unit Price: ৳ 150.00,(28's pack: ৳ 4,200.00),","(28's pack: ৳ 4,200.00)"
23302,HepaMerz,allopathic,hepamerztablet150-mg100-mg,Tablet,L-Ornithine L-Aspartate + Pancreatin,150 mg+100 mg,Mundipharma (BD) Pvt. Ltd.,"Unit Price: ৳ 18.00,(60's pack: ৳ 1,080.00),","(60's pack: ৳ 1,080.00)"
29115,Hepagurd,allopathic,hepagurdoral-powder3-gmsachet,Oral Powder,L-Ornithine L-Aspartate,3 gm/sachet,Beximco Pharmaceuticals Ltd.,"3 gm sachet: ৳ 75.00,(10's pack: ৳ 750.00),",(10's pack: ৳ 750.00)
26214,Hepaclin,allopathic,hepaclinoral-powder3-gmsachet,Oral Powder,L-Ornithine L-Aspartate,3 gm/sachet,Incepta Pharmaceuticals Ltd.,"3 gm sachet: ৳ 75.00,(10's pack: ৳ 750.00),",(10's pack: ৳ 750.00)
26213,Hepaclin,allopathic,hepacliniv-injection5-gm10-ml,IV Injection,L-Ornithine L-Aspartate,5 gm/10 ml,Incepta Pharmaceuticals Ltd.,10 ml ampoule: ৳ 150.00,
10590,Hepa-Plus,allopathic,hepa-plustablet500-mg65-mg,Tablet,Paracetamol + Caffeine,500 mg+65 mg,Hudson Pharmaceuticals Ltd.,"Unit Price: ৳ 1.50,(100's pack: ৳ 150.00),",(100's pack: ৳ 150.00)
26564,Hexiphen,allopathic,hexiphentablet2-mg,Tablet,Trihexyphenidyl Hydrochloride,2 mg,General Pharmaceuticals Ltd.,"Unit Price: ৳ 5.50,(50's pack: ৳ 275.00),",(50's pack: ৳ 275.00)
29129,Hexiphen,allopathic,hexiphentablet5-mg,Tablet,Trihexyphenidyl Hydrochloride,5 mg,General Pharmaceuticals Ltd.,"Unit Price: ৳ 12.00,(30's pack: ৳ 360.00),",(30's pack: ৳ 360.00)
28679,Hexion,allopathic,hexionhand-rub0570,Hand Rub,Chlorhexidine Gluconate + Isopropyl alcohol,0.5%+70%,Orion Pharma Ltd.,"50 ml bottle: ৳ 40.00,250 ml bottle: ৳ 130.00",
5141,Hexinor,allopathic,hexinortablet5-mg,Tablet,Trihexyphenidyl Hydrochloride,5 mg,Beacon Pharmaceuticals Ltd.,"Unit Price: ৳ 12.00,(60's pack: ৳ 720.00),",(60's pack: ৳ 720.00)
5140,Hexinor,allopathic,hexinortablet2-mg,Tablet,Trihexyphenidyl Hydrochloride,2 mg,Beacon Pharmaceuticals Ltd.,"Unit Price: ৳ 5.25,(60's pack: ৳ 315.00),",(60's pack: ৳ 315.00)
25119,Hexinor,allopathic,hexinorsyrup2-mg5-ml,Syrup,Trihexyphenidyl Hydrochloride,2 mg/5 ml,Beacon Pharmaceuticals Ltd.,50 ml bottle: ৳ 100.00,
27277,Hexinor,allopathic,hexinortablet1-mg,Tablet,Trihexyphenidyl Hydrochloride,1 mg,Beacon Pharmaceuticals Ltd.,"Unit Price: ৳ 3.00,(60's pack: ৳ 180.00),",(60's pack: ৳ 180.00)
29360,Hexinaaf,allopathic,hexinaafhand-rub0570,Hand Rub,Chlorhexidine Gluconate + Isopropyl alcohol,0.5%+70%,Naafco Pharma Ltd.,250 ml bottle: ৳ 130.00,
32852,Heximax,allopathic,heximaxtablet2-mg,Tablet,Trihexyphenidyl Hydrochloride,2 mg,Goodman Pharmaceuticals Ltd.,"Unit Price: ৳ 5.00,(30's pack: ৳ 150.00),",(30's pack: ৳ 150.00)
32853,Heximax,allopathic,heximaxtablet5-mg,Tablet,Trihexyphenidyl Hydrochloride,5 mg,Goodman Pharmaceuticals Ltd.,"Unit Price: ৳ 10.00,(30's pack: ৳ 300.00),",(30's pack: ৳ 300.00)
30421,Hexilab,allopathic,hexilabhand-rub750125145,Hand Rub,Isopropyl Alcohol + Hydrogen Peroxide + Glycerol,75%+0.125%+1.45%,Labaid Pharma Ltd.,250 ml bottle: ৳ 130.00,
29274,Hexil,allopathic,hexilhand-rub0570,Hand Rub,Chlorhexidine Gluconate + Isopropyl alcohol,0.5%+70%,Al-Madina Pharmaceuticals Ltd.,"50 ml bottle: ৳ 60.00,100 ml bottle: ৳ 120.00,200 ml bottle: ৳ 200.00",
28975,Hexihygin,allopathic,hexihyginhand-rub0570,Hand Rub,Chlorhexidine Gluconate + Isopropyl alcohol,0.5%+70%,Euro Pharma Ltd.,"50 ml bottle: ৳ 40.00,100 ml bottle: ৳ 75.00,250 ml bottle: ৳ 130.00",
28973,Hexigen,allopathic,hexigenhand-rub0570,Hand Rub,Chlorhexidine Gluconate + Isopropyl alcohol,0.5%+70%,Biogen Pharmaceuticals Ltd.,"50 ml bottle: ৳ 40.00,250 ml bottle: ৳ 130.00",
28981,Hexigard,allopathic,hexigardhand-rub0570,Hand Rub,Chlorhexidine Gluconate + Isopropyl alcohol,0.5%+70%,Sharif Pharmaceuticals Ltd.,"50 ml bottle: ৳ 40.00,250 ml bottle: ৳ 130.00",
28976,Hexidine,allopathic,hexidinehand-rub0570,Hand Rub,Chlorhexidine Gluconate + Isopropyl alcohol,0.5%+70%,Goodman Pharmaceuticals Ltd.,"50 ml bottle: ৳ 40.00,100 ml bottle: ৳ 75.00,250 ml bottle: ৳ 130.00,500 ml bottle: ৳ 215.00",
30251,HexyClore,allopathic,hexyclorehand-rub0570,Hand Rub,Chlorhexidine Gluconate + Isopropyl alcohol,0.5%+70%,Ibn Sina Pharmaceuticals Ltd.,"50 ml bottle: ৳ 40.00,250 ml bottle: ৳ 130.00",
28759,Hexizen,allopathic,hexizenhand-rub0570,Hand Rub,Chlorhexidine Gluconate + Isopropyl alcohol,0.5%+70%,Zenith Pharmaceuticals Ltd.,"50 ml bottle: ৳ 40.00,100 ml bottle: ৳ 75.00,250 ml bottle: ৳ 130.00",
15687,Hexitane,allopathic,hexitanecream1,Cream,Chlorhexidine Gluconate [1%],1%,ACI Limited,60 ml bottle: ৳ 90.00,
12826,Hexisol,allopathic,hexisolhand-rub0570,Hand Rub,Chlorhexidine Gluconate + Isopropyl alcohol,0.5%+70%,ACI Limited,"50 ml bottle: ৳ 40.12,250 ml bottle: ৳ 130.39,500 ml bottle: ৳ 195.74,500 ml bottle (with dispenser): ৳ 215.65,250 ml bottle (with dispenser): ৳ 140.42,60 ml spray (Atomizer): ৳ 75.00,1000 ml spray (Trigger): ৳ 460.00",
19206,Hexiscrub,allopathic,hexiscrubhand-rub4,Hand Rub,Chlorhexidine Gluconate [4%],4%,ACI Limited,250 ml bottle: ৳ 300.00,
29181,Hexirub,allopathic,hexirubhand-rub750125145,Hand Rub,Isopropyl Alcohol + Hydrogen Peroxide + Glycerol,75%+0.125%+1.45%,Concord Pharmaceuticals Ltd.,"50 ml bottle: ৳ 40.00,200 ml bottle: ৳ 100.00",
32849,Hexirest,allopathic,hexiresttablet5-mg,Tablet,Trihexyphenidyl Hydrochloride,5 mg,Everest Pharmaceuticals Ltd.,"Unit Price: ৳ 7.00,(30's pack: ৳ 210.00),",(30's pack: ৳ 210.00)
32848,Hexirest,allopathic,hexiresttablet2-mg,Tablet,Trihexyphenidyl Hydrochloride,2 mg,Everest Pharmaceuticals Ltd.,"Unit Price: ৳ 3.50,(30's pack: ৳ 105.00),",(30's pack: ৳ 105.00)
27523,Hexicord,allopathic,hexicordtopical-solution71,Topical Solution,Chlorhexidine Gluconate [7.1%],7.10%,ACI Limited,"10 ml bottle: ৳ 30.09,25 ml bottle: ৳ 45.14,50 ml bottle: ৳ 65.20,250 ml bottle: ৳ 275.83",
29180,Hexicon,allopathic,hexiconhand-rub0570,Hand Rub,Chlorhexidine Gluconate + Isopropyl alcohol,0.5%+70%,Concord Pharmaceuticals Ltd.,"50 ml bottle: ৳ 40.00,250 ml bottle: ৳ 130.00",
31518,Hexaxim,allopathic,hexaximsc-injection05-mlprefilled-syringe,SC Injection,"Diphtheria, Tetanus, Pertussis, Hepatitis B, Poliomyelitis, Influenzae Vaccine",0.5 ml/prefilled syringe,Synovia pharma plc,"0.5 ml prefilled syringe: ৳ 3,500.00",
12824,Hexasia,allopathic,hexasiahand-rub0570,Hand Rub,Chlorhexidine Gluconate + Isopropyl alcohol,0.5%+70%,Pharmasia Limited,"50 ml bottle: ৳ 40.00,250 ml bottle: ৳ 130.00",
13788,Hexaplex,allopathic,hexaplexsyrup,Syrup,Vitamin B complex,,Jayson Pharmaceuticals Ltd.,"100 ml bottle: ৳ 35.00,200 ml bottle: ৳ 62.00",
33126,Hertinib,allopathic,hertinibtablet40-mg,Tablet,Neratinib,40 mg,Drug International Ltd.,Price Unavailable,
6545,Hi-mox,allopathic,hi-moxpowder-for-suspension125-mg5-ml,Powder for Suspension,Amoxicillin Trihydrate,125 mg/5 ml,Hudson Pharmaceuticals Ltd.,100 ml bottle: ৳ 45.00,
6543,Hi-mox,allopathic,hi-moxcapsule250-mg,Capsule,Amoxicillin Trihydrate,250 mg,Hudson Pharmaceuticals Ltd.,"Unit Price: ৳ 3.50,(100's pack: ৳ 350.00),",(100's pack: ৳ 350.00)
5401,Hi-met,allopathic,hi-mettablet850-mg,Tablet,Metformin Hydrochloride,850 mg,Hudson Pharmaceuticals Ltd.,"Unit Price: ৳ 3.00,(100's pack: ৳ 300.00),",(100's pack: ৳ 300.00)
21257,Hi-Lac,allopathic,hi-lactablet10-mg,Tablet,Ketorolac Tromethamine,10 mg,Hudson Pharmaceuticals Ltd.,Unit Price: ৳ 10.00,
9293,Hi-Floxin,allopathic,hi-floxintablet500-mg,Tablet,Ciprofloxacin,500 mg,Hudson Pharmaceuticals Ltd.,"Unit Price: ৳ 12.00,(30's pack: ৳ 360.00),",(30's pack: ৳ 360.00)
32889,Hi-Flow D,allopathic,hi-flow-dcapsule04-mg05-mg,Capsule,Tamsulosin Hydrochloride + Dutasteride,0.4 mg+0.5 mg,Popular Pharmaceuticals Ltd.,"Unit Price: ৳ 20.00,(20's pack: ৳ 400.00),",(20's pack: ৳ 400.00)
32888,Hi-Flow,allopathic,hi-flowcapsule-modified-release04-mg,Capsule (Modified Release),Tamsulosin  Hydrochloride,0.4 mg,Popular Pharmaceuticals Ltd.,"Unit Price: ৳ 10.00,(30's pack: ৳ 300.00),",(30's pack: ৳ 300.00)
11021,Hi-Fenac TR,allopathic,hi-fenac-trcapsule-timed-release100-mg,Capsule (Timed Release),Diclofenac Sodium,100 mg,Hudson Pharmaceuticals Ltd.,"Unit Price: ৳ 3.00,(100's pack: ৳ 300.00),",(100's pack: ৳ 300.00)
11020,Hi-Fenac,allopathic,hi-fenactablet50-mg,Tablet,Diclofenac Sodium,50 mg,Hudson Pharmaceuticals Ltd.,"Unit Price: ৳ 0.50,(100's pack: ৳ 50.00),",(100's pack: ৳ 50.00)
28670,Hi-D,allopathic,hi-dcapsule20000-iu,Capsule,Colecalciferol [Vitamin D3],20000 IU,Popular Pharmaceuticals Ltd.,"Unit Price: ৳ 20.00,(10's pack: ৳ 200.00),",(10's pack: ৳ 200.00)
28671,Hi-D,allopathic,hi-dcapsule40000-iu,Capsule,Colecalciferol [Vitamin D3],40000 IU,Popular Pharmaceuticals Ltd.,"Unit Price: ৳ 35.00,(10's pack: ৳ 350.00),",(10's pack: ৳ 350.00)
28672,Hi-D,allopathic,hi-dtablet2000-iu,Tablet,Colecalciferol [Vitamin D3],2000 IU,Popular Pharmaceuticals Ltd.,"Unit Price: ৳ 2.50,(30's pack: ৳ 75.00),",(30's pack: ৳ 75.00)
29379,Hi-D,allopathic,hi-dim-injection200000-iuml,IM Injection,Colecalciferol [Vitamin D3],200000 IU/ml,Popular Pharmaceuticals Ltd.,1 ml ampoule: ৳ 120.00,
6193,Hi-clox,allopathic,hi-cloxcapsule500-mg,Capsule,Cloxacillin Sodium,500 mg,Hudson Pharmaceuticals Ltd.,"Unit Price: ৳ 5.00,(40's pack: ৳ 200.00),",(40's pack: ৳ 200.00)
6194,Hi-clox,allopathic,hi-cloxpowder-for-suspension125-mg5-ml,Powder for Suspension,Cloxacillin Sodium,125 mg/5 ml,Hudson Pharmaceuticals Ltd.,100 ml bottle: ৳ 45.00,
6728,Hi-cef,allopathic,hi-cefcapsule500-mg,Capsule,Cephalexin,500 mg,Hudson Pharmaceuticals Ltd.,"Unit Price: ৳ 10.50,(50's pack: ৳ 525.00),",(50's pack: ৳ 525.00)
6541,Hiconcil,allopathic,hiconcilcapsule500-mg,Capsule,Amoxicillin Trihydrate,500 mg,Medimet Pharmaceuticals Ltd.,"Unit Price: ৳ 6.00,(50's pack: ৳ 300.00),",(50's pack: ৳ 300.00)
6542,Hiconcil,allopathic,hiconcilpowder-for-suspension125-mg5-ml,Powder for Suspension,Amoxicillin Trihydrate,125 mg/5 ml,Medimet Pharmaceuticals Ltd.,100 ml bottle: ৳ 47.00,
6540,Hiconcil,allopathic,hiconcilcapsule250-mg,Capsule,Amoxicillin Trihydrate,250 mg,Medimet Pharmaceuticals Ltd.,"Unit Price: ৳ 3.45,(100's pack: ৳ 345.00),",(100's pack: ৳ 345.00)
16517,Hiberix,allopathic,hiberixinjection10-mcg05-ml,Injection,Haemophilus Influenzae Type B Vaccine [Conjugated],10 mcg/0.5 ml,GlaxoSmithKline,0.5 ml pre-filled syringe: ৳ 180.60,
29411,Hi-Vol,allopathic,hi-voliv-infusion609,IV Infusion,Hydroxyethyl Starch + Sodium Chloride,6%+0.9%,Popular Pharmaceuticals Ltd.,500 ml bottle: ৳ 655.00,
11966,Hi-Trol,allopathic,hi-troltablet10-mg,Tablet,Cetirizine Hydrochloride,10 mg,Hudson Pharmaceuticals Ltd.,"Unit Price: ৳ 1.50,(100's pack: ৳ 150.00),",(100's pack: ৳ 150.00)
11967,Hi-Trol,allopathic,hi-trolsyrup5-mg5-ml,Syrup,Cetirizine Hydrochloride,5 mg/5 ml,Hudson Pharmaceuticals Ltd.,60 ml bottle: ৳ 16.00,
6544,Hi-mox DS,allopathic,hi-mox-dscapsule500-mg,Capsule,Amoxicillin Trihydrate,500 mg,Hudson Pharmaceuticals Ltd.,"Unit Price: ৳ 6.00,(50's pack: ৳ 300.00),",(50's pack: ৳ 300.00)
6729,Hi-cef,allopathic,hi-cefpowder-for-suspension125-mg5-ml,Powder for Suspension,Cephalexin,125 mg/5 ml,Hudson Pharmaceuticals Ltd.,100 ml bottle: ৳ 70.00,
13926,Hi-C,allopathic,hi-csyrup100-mg5-ml,Syrup,Vitamin C [Ascorbic acid],100 mg/5 ml,Eskayef Pharmaceuticals Ltd.,100 ml bottle: ৳ 33.32,
1707,Hi Tac,allopathic,hi-tactablet150-mg,Tablet,Ranitidine Hydrochloride,150 mg,Hudson Pharmaceuticals Ltd.,"Unit Price: ৳ 2.00,(100's pack: ৳ 200.00),",(100's pack: ৳ 200.00)
474,Hi Gel,allopathic,hi-gelchewable-tablet250-mg400-mg,Chewable Tablet,Aluminium Hydroxide + Magnesium Hydroxide,250 mg+400 mg,Hudson Pharmaceuticals Ltd.,"Unit Price: ৳ 0.52,(200's pack: ৳ 104.00),",(200's pack: ৳ 104.00)
16989,Hi Floxin,allopathic,hi-floxintablet400-mg80-mg,Tablet,Sulphamethoxazole + Trimethoprim,400 mg+80 mg,Hudson Pharmaceuticals Ltd.,,
16990,Hi Floxin,allopathic,hi-floxinoral-suspension200-mg40-mg5-ml,Oral Suspension,Sulphamethoxazole + Trimethoprim,(200 mg+40 mg)/5 ml,Hudson Pharmaceuticals Ltd.,,
11826,Histal,allopathic,histalsyrup2-mg5-ml,Syrup,Chlorpheniramine Maleate,2 mg/5 ml,Opsonin Pharma Ltd.,60 ml bottle: ৳ 14.94,
27417,Histafen,allopathic,histafentablet120-mg,Tablet,Fexofenadine Hydrochloride,120 mg,Jayson Pharmaceuticals Ltd.,"Unit Price: ৳ 8.00,(30's pack: ৳ 240.00),",(30's pack: ৳ 240.00)
11824,Histadyl,allopathic,histadyltablet4-mg,Tablet,Chlorpheniramine Maleate,4 mg,Rephco Pharmaceuticals Ltd.,"Unit Price: ৳ 0.20,(500's pack: ৳ 100.00),",(500's pack: ৳ 100.00)
11825,Histadyl,allopathic,histadylsyrup2-mg5-ml,Syrup,Chlorpheniramine Maleate,2 mg/5 ml,Rephco Pharmaceuticals Ltd.,60 ml bottle: ৳ 12.00,
11823,Histaco,allopathic,histacosyrup2-mg5-ml,Syrup,Chlorpheniramine Maleate,2 mg/5 ml,Supreme Pharmaceutical Ltd.,60 ml bottle: ৳ 11.70,
27416,Histacin,allopathic,histacininjection10-mgml,Injection,Chlorpheniramine Maleate,10 mg/ml,Jayson Pharmaceuticals Ltd.,"1 ml ampoule: ৳ 3.35,(10's pack: ৳ 33.50),",(10's pack: ৳ 33.50)
11820,Histacin,allopathic,histacinsyrup2-mg5-ml,Syrup,Chlorpheniramine Maleate,2 mg/5 ml,Jayson Pharmaceuticals Ltd.,"60 ml bottle: ৳ 14.94,100 ml bottle: ৳ 21.85",
11819,Histacin,allopathic,histacintablet4-mg,Tablet,Chlorpheniramine Maleate,4 mg,Jayson Pharmaceuticals Ltd.,"Unit Price: ৳ 0.29,(500's pack: ৳ 145.00),",(500's pack: ৳ 145.00)
11964,Histacet,allopathic,histacettablet10-mg,Tablet,Cetirizine Hydrochloride,10 mg,Medimet Pharmaceuticals Ltd.,"Unit Price: ৳ 2.00,(100's pack: ৳ 200.00),",(100's pack: ৳ 200.00)
11965,Histacet,allopathic,histacetsyrup5-mg5-ml,Syrup,Cetirizine Hydrochloride,5 mg/5 ml,Medimet Pharmaceuticals Ltd.,50 ml bottle: ৳ 15.50,
5785,Hison,allopathic,hisonimiv-injection100-mg2-ml,IM/IV Injection,Hydrocortisone,100 mg/2 ml,ACI Limited,100 mg vial: ৳ 50.34,
27786,Hisnul,allopathic,hisnulsyrup2-mg5-ml,Syrup,Chlorpheniramine Maleate,2 mg/5 ml,Somatec Pharmaceuticals Ltd.,100 ml bottle: ৳ 21.85,
14028,Hiprex,allopathic,hiprextablet6-mg200-mg50-mg,Tablet,Betacarotene + Vitamin C + Vitamin E,6 mg+200 mg+50 mg,Kumudini Pharma Ltd.,"Unit Price: ৳ 2.50,(20's pack: ৳ 50.00),",(20's pack: ৳ 50.00)
835,Hipre Plus,allopathic,hipre-plustablet5-mg50-mg,Tablet,Amlodipine Besilate + Atenolol,5 mg+50 mg,Pacific Pharmaceuticals Ltd.,"Unit Price: ৳ 6.00,(30's pack: ৳ 180.00),",(30's pack: ৳ 180.00)
28540,Hipre,allopathic,hipretablet10-mg,Tablet,Amlodipine Besilate,10 mg,Pacific Pharmaceuticals Ltd.,"Unit Price: ৳ 7.00,(30's pack: ৳ 210.00),",(30's pack: ৳ 210.00)
692,Hipre,allopathic,hipretablet5-mg,Tablet,Amlodipine Besilate,5 mg,Pacific Pharmaceuticals Ltd.,"Unit Price: ৳ 5.00,(50's pack: ৳ 250.00),",(50's pack: ৳ 250.00)
11827,Histalex,allopathic,histalextablet4-mg,Tablet,Chlorpheniramine Maleate,4 mg,ACME Laboratories Ltd.,"Unit Price: ৳ 0.30,(100's pack: ৳ 30.00),",(100's pack: ৳ 30.00)
11828,Histalex,allopathic,histalexsyrup2-mg5-ml,Syrup,Chlorpheniramine Maleate,2 mg/5 ml,ACME Laboratories Ltd.,100 ml bottle: ৳ 21.85,
19272,Histal,allopathic,histaltablet4-mg,Tablet,Chlorpheniramine Maleate,4 mg,Opsonin Pharma Ltd.,"Unit Price: ৳ 0.21,(408's pack: ৳ 85.68),,Unit Price: ৳ 0.21,(480's pack: ৳ 100.08),","(408's pack: ৳ 85.68),(480's pack: ৳ 100.08)"
23328,Hiprazole,allopathic,hiprazoletablet-enteric-coated20-mg,Tablet (Enteric Coated),Pantoprazole Sodium Sesquihydrate,20 mg,Hudson Pharmaceuticals Ltd.,Unit Price: ৳ 5.00,
13791,Hiposul,allopathic,hiposulsyrup,Syrup,Vitamin B complex,,Gaco Pharmaceuticals Ltd.,200 ml bottle: ৳ 62.00,
32947,Hiposul,allopathic,hiposulimiv-injection,IM/IV Injection,Vitamin B complex,,Gaco Pharmaceuticals Ltd.,2 ml ampoule: ৳ 10.03,
30462,Hipomax,allopathic,hipomaxtablet1-gm,Tablet,Methenamine Hippurate,1 gm,Nuvista Pharma Ltd.,"Unit Price: ৳ 25.00,(14's pack: ৳ 350.00),",(14's pack: ৳ 350.00)
28036,Hiflox-XR,allopathic,hiflox-xrtablet-extended-release1000-mg,Tablet (Extended Release),Ciprofloxacin,1000 mg,Ambee Pharmaceuticals Ltd.,"Unit Price: ৳ 20.00,(12's pack: ৳ 240.00),",(12's pack: ৳ 240.00)
28037,Hiflox,allopathic,hifloxpowder-for-suspension250-mg5-ml,Powder for Suspension,Ciprofloxacin,250 mg/5 ml,Ambee Pharmaceuticals Ltd.,60 ml bottle: ৳ 70.23,
9289,Hiflox,allopathic,hifloxtablet500-mg,Tablet,Ciprofloxacin,500 mg,Ambee Pharmaceuticals Ltd.,"Unit Price: ৳ 8.70,(30's pack: ৳ 260.95),",(30's pack: ৳ 260.95)
9290,Hiflox,allopathic,hifloxtablet750-mg,Tablet,Ciprofloxacin,750 mg,Ambee Pharmaceuticals Ltd.,"Unit Price: ৳ 12.05,(20's pack: ৳ 240.90),",(20's pack: ৳ 240.90)
32519,Hifenac,allopathic,hifenactablet100-mg,Tablet,Aceclofenac,100 mg,Doctor TIMS Pharmaceuticals Ltd.,"Unit Price: ৳ 4.02,(100's pack: ৳ 402.00),",(100's pack: ৳ 402.00)
23760,Hidin,allopathic,hidinointment5-ww,Ointment,Povidone Iodine,5% w/w,Medicon Pharmaceuticals Ltd.,25 gm tube: ৳ 21.92,
12868,Hidin,allopathic,hidinmouthwash1-wv,Mouthwash,Povidone Iodine,1% w/v,Medicon Pharmaceuticals Ltd.,100 ml bottle: ৳ 34.00,
24206,HMG,allopathic,hmgimsc-injection75-iuvial,IM/SC Injection,Human Menopausal Gonadotrophin,75 IU/vial,Popular Pharmaceuticals Ltd.,75 IU vial: ৳ 800.00,
1820,HK,allopathic,hkcapsule-delayed-release20-mg,Capsule (Delayed Release),Omeprazole,20 mg,Apollo Pharmaceutical Ltd.,"Unit Price: ৳ 5.00,(100's pack: ৳ 500.00),",(100's pack: ৳ 500.00)
14687,Hizin,allopathic,hizinsyrup,Syrup,Vitamin B Complex + Zinc,,Monicopharma Ltd.,100 ml bottle: ৳ 45.00,
11023,Hitflam-SR,allopathic,hitflam-srtablet-sustained-release100-mg,Tablet (Sustained Release),Diclofenac Sodium,100 mg,Ambee Pharmaceuticals Ltd.,"Unit Price: ৳ 3.05,(50's pack: ৳ 152.26),",(50's pack: ৳ 152.26)
26900,Hitflam,allopathic,hitflamim-injection75-mg3-ml,IM Injection,Diclofenac Sodium,75 mg/3 ml,Ambee Pharmaceuticals Ltd.,"3 ml ampoule: ৳ 7.62,(10's pack: ৳ 76.18),",(10's pack: ৳ 76.18)
11022,Hitflam,allopathic,hitflamtablet50-mg,Tablet,Diclofenac Sodium,50 mg,Ambee Pharmaceuticals Ltd.,"Unit Price: ৳ 0.84,(100's pack: ৳ 84.14),",(100's pack: ৳ 84.14)
11858,Hitagen,allopathic,hitagensyrup2-mg5-ml,Syrup,Chlorpheniramine Maleate,2 mg/5 ml,General Pharmaceuticals Ltd.,"60 ml bottle: ৳ 8.00,100 ml bottle: ৳ 14.00",
11859,Hitagen,allopathic,hitagentablet4-mg,Tablet,Chlorpheniramine Maleate,4 mg,General Pharmaceuticals Ltd.,"Unit Price: ৳ 0.20,(500's pack: ৳ 100.00),",(500's pack: ৳ 100.00)
28136,Histosin,allopathic,histosinsyrup2-mg5-ml,Syrup,Chlorpheniramine Maleate,2 mg/5 ml,Aexim Pharmaceuticals Ltd.,100 ml bottle: ৳ 12.00,
11836,Histosin,allopathic,histosintablet4-mg,Tablet,Chlorpheniramine Maleate,4 mg,Aexim Pharmaceuticals Ltd.,"Unit Price: ৳ 0.16,(500's pack: ৳ 80.00),",(500's pack: ৳ 80.00)
11835,Histin,allopathic,histintablet4-mg,Tablet,Chlorpheniramine Maleate,4 mg,Apollo Pharmaceutical Ltd.,"Unit Price: ৳ 0.21,(500's pack: ৳ 105.00),",(500's pack: ৳ 105.00)
4658,Histin,allopathic,histinoral-solution5-mg5-ml,Oral Solution,Promethazine Hydrochloride,5 mg/5 ml,Apollo Pharmaceutical Ltd.,100 ml bottle: ৳ 15.00,
4657,Histerzin,allopathic,histerzinoral-solution5-mg5-ml,Oral Solution,Promethazine Hydrochloride,5 mg/5 ml,Edruc Limited,60 ml bottle: ৳ 23.00,
29875,Histavil,allopathic,histaviloral-solution5-mg5-ml,Oral Solution,Promethazine Hydrochloride,5 mg/5 ml,Pacific Pharmaceuticals Ltd.,60 ml bottle: ৳ 10.00,
11834,Histatab,allopathic,histatabtablet4-mg,Tablet,Chlorpheniramine Maleate,4 mg,Bristol Pharmaceuticals Ltd.,"Unit Price: ৳ 0.20,(500's pack: ৳ 100.00),",(500's pack: ৳ 100.00)
11832,Histason,allopathic,histasontablet4-mg,Tablet,Chlorpheniramine Maleate,4 mg,Hudson Pharmaceuticals Ltd.,"Unit Price: ৳ 0.18,(500's pack: ৳ 90.00),",(500's pack: ৳ 90.00)
15023,Holoxan,allopathic,holoxaniv-infusion2-gmvial,IV Infusion,Ifosfamide,2 gm/vial,Baxter,"2 gm vial: ৳ 3,485.95",
28170,Holicef,allopathic,holicefim-injection1-gmvial,IM Injection,Ceftriaxone Sodium,1 gm/vial,Concord Pharmaceuticals Ltd.,1 gm vial: ৳ 175.00,
28171,Holicef,allopathic,holicefiv-injection1-gmvial,IV Injection,Ceftriaxone Sodium,1 gm/vial,Concord Pharmaceuticals Ltd.,1 gm vial: ৳ 185.00,
28173,Holicef,allopathic,holicefim-injection250-mgvial,IM Injection,Ceftriaxone Sodium,250 mg/vial,Concord Pharmaceuticals Ltd.,250 mg vial: ৳ 90.00,
28174,Holicef,allopathic,holicefim-injection500-mgvial,IM Injection,Ceftriaxone Sodium,500 mg/vial,Concord Pharmaceuticals Ltd.,500 mg vial: ৳ 125.00,
28175,Holicef,allopathic,holicefiv-injection500-mgvial,IV Injection,Ceftriaxone Sodium,500 mg/vial,Concord Pharmaceuticals Ltd.,500 mg vial: ৳ 125.00,
28172,Holicef,allopathic,holicefiv-injection2-gmvial,IV Injection,Ceftriaxone Sodium,2 gm/vial,Concord Pharmaceuticals Ltd.,2 gm vial: ৳ 295.00,
11833,Histason,allopathic,histasonsyrup2-mg5-ml,Syrup,Chlorpheniramine Maleate,2 mg/5 ml,Hudson Pharmaceuticals Ltd.,100 ml bottle: ৳ 12.00,
19240,Histasip,allopathic,histasipsyrup2-mg5-ml,Syrup,Chlorpheniramine Maleate,2 mg/5 ml,Aztec Pharmaceuticals Ltd.,"60 ml bottle: ৳ 9.00,100 ml bottle: ৳ 14.00",
4655,Histaphen,allopathic,histaphenoral-solution5-mg5-ml,Oral Solution,Promethazine Hydrochloride,5 mg/5 ml,Seema Pharmaceuticals Ltd.,"60 ml bottle: ৳ 8.60,100 ml bottle: ৳ 12.00",
30817,Histanol,allopathic,histanolsyrup2-mg5-ml,Syrup,Chlorpheniramine Maleate,2 mg/5 ml,Chemist Laboratories  Ltd.,100 ml bottle: ৳ 13.30,
30816,Histanol,allopathic,histanoltablet4-mg,Tablet,Chlorpheniramine Maleate,4 mg,Chemist Laboratories  Ltd.,"Unit Price: ৳ 0.20,(500's pack: ৳ 100.00),",(500's pack: ৳ 100.00)
11856,Histamin,allopathic,histaminsyrup2-mg5-ml,Syrup,Chlorpheniramine Maleate,2 mg/5 ml,Reliance Pharmaceuticals Ltd.,60 ml bottle: ৳ 10.00,
11857,Histamin,allopathic,histamintablet4-mg,Tablet,Chlorpheniramine Maleate,4 mg,Reliance Pharmaceuticals Ltd.,"Unit Price: ৳ 0.20,(100's pack: ৳ 20.00),",(100's pack: ৳ 20.00)
16784,Humalog Mix,allopathic,humalog-mixsc-injection7525,SC Injection,Insulin Lispro Protamine + Insulin Lispro,75%+25%,Eli Lilly and Company,3 ml KwikPen: ৳ 869.82,
26942,Humalog,allopathic,humalogsc-injection100-unitml,SC Injection,Insulin Lispro,100 unit/ml,Eli Lilly and Company,"3 ml cartridge: ৳ 784.93,(5's pack: ৳ 3,924.65),","(5's pack: ৳ 3,924.65)"
16781,Humalog,allopathic,humalogsc-injection100-unitml,SC Injection,Insulin Lispro,100 unit/ml,Eli Lilly and Company,3 ml KwikPen: ৳ 869.82,
15260,Humaglobin,allopathic,humaglobiniv-injection-or-infusion250-mg5-ml,IV Injection or Infusion,Human Immunoglobulin-G [IgG],250 mg/5 ml,City Overseas Ltd.,"5 ml vial: ৳ 18,500.00",
15261,Humaglobin,allopathic,humaglobiniv-injection-or-infusion500-mg10-ml,IV Injection or Infusion,Human Immunoglobulin-G [IgG],500 mg/10 ml,City Overseas Ltd.,"10 ml vial: ৳ 36,500.00",
2814,HTZ,allopathic,htztablet25-mg,Tablet,Hydrochlorothiazide,25 mg,UniMed UniHealth,"Unit Price: ৳ 0.70,(100's pack: ৳ 70.00),",(100's pack: ৳ 70.00)
11395,HPR-DS,allopathic,hpr-dstablet500-mg,Tablet,Mefenamic acid,500 mg,Pacific Pharmaceuticals Ltd.,"Unit Price: ৳ 5.90,(100's pack: ৳ 590.00),",(100's pack: ৳ 590.00)
11396,HPR,allopathic,hproral-suspension50-mg5-ml,Oral Suspension,Mefenamic acid,50 mg/5 ml,Pacific Pharmaceuticals Ltd.,60 ml bottle: ৳ 45.00,
11394,HPR,allopathic,hprtablet250-mg,Tablet,Mefenamic acid,250 mg,Pacific Pharmaceuticals Ltd.,"Unit Price: ৳ 3.00,(100's pack: ৳ 300.00),",(100's pack: ৳ 300.00)
30865,HPC DS,allopathic,hpc-dsim-injection500-mg2-ml,IM Injection,Hydroxyprogesterone Caproate,500 mg/2 ml,Popular Pharmaceuticals Ltd.,2 ml ampoule: ৳ 650.00,
26060,HPC,allopathic,hpcim-injection250-mgml,IM Injection,Hydroxyprogesterone Caproate,250 mg/ml,Popular Pharmaceuticals Ltd.,"1 ml ampoule: ৳ 350.00,(2's pack: ৳ 700.00),",(2's pack: ৳ 700.00)
30394,Hopso-VL,allopathic,hopso-vltablet400-mg100-mg,Tablet,Sofosbuvir + Velpatasvir,400 mg+100 mg,Drug International Ltd.,"Unit Price: ৳ 1,000.00,(28's pack: ৳ 28,000.00),","(28's pack: ৳ 28,000.00)"
30395,Hopso-LP,allopathic,hopso-lptablet90-mg400-mg,Tablet,Ledipasvir + Sofosbuvir,90 mg+400 mg,Drug International Ltd.,"Unit Price: ৳ 1,000.00",
24646,HopSo,allopathic,hopsotablet400-mg,Tablet,Sofosbuvir,400 mg,Drug International Ltd.,"Unit Price: ৳ 450.00,(7's pack: ৳ 3,150.00),","(7's pack: ৳ 3,150.00)"
16697,Hopetavir,allopathic,hopetavirtablet400-mg,Tablet,Sofosbuvir,400 mg,Incepta Pharmaceuticals Ltd.,"Unit Price: ৳ 600.00,(6's pack: ৳ 3,600.00),","(6's pack: ৳ 3,600.00)"
4126,Honycol,allopathic,honycolsyrup075-ml193-ml5-ml,Syrup,Glycerol + Liquid Sugar,(0.75 ml+1.93 ml)/5 ml,Renata Limited,"100 ml bottle: ৳ 40.00,200 ml bottle: ৳ 55.21",
16763,Humulin R,allopathic,humulin-rsc-injection100-iuml,SC Injection,Insulin Human [Fast-Acting],100 IU/ml,Eli Lilly and Company,10 ml vial: ৳ 750.00,
16790,Humulin N,allopathic,humulin-nsc-injection100-iuml,SC Injection,Insulin Human [Long-Acting],100 IU/ml,Eli Lilly and Company,10 ml vial: ৳ 750.00,
16791,Humulin N,allopathic,humulin-nsc-injection100-iuml,SC Injection,Insulin Human [Long-Acting],100 IU/ml,Eli Lilly and Company,"3 ml cartridge: ৳ 432.00,(5's pack: ৳ 2,160.00),","(5's pack: ৳ 2,160.00)"
16812,Humulin,allopathic,humulinsc-injection3070-in-100-iuml,SC Injection,Insulin Human [rDNA] + Isophane Insulin Human,30%+70% in 100 IU/ml,Eli Lilly and Company,"3 ml cartridge: ৳ 432.00,(5's pack: ৳ 2,160.00),","(5's pack: ৳ 2,160.00)"
16811,Humulin,allopathic,humulinsc-injection3070-in-100-iuml,SC Injection,Insulin Human [rDNA] + Isophane Insulin Human,30%+70% in 100 IU/ml,Eli Lilly and Company,10 ml vial: ৳ 750.00,
26393,Humphry,allopathic,humphrytablet740-mg,Tablet,Calcium Orotate,740 mg,Beacon Pharmaceuticals Ltd.,"Unit Price: ৳ 12.00,(30's pack: ৳ 360.00),",(30's pack: ৳ 360.00)
26392,Humphry,allopathic,humphrytablet400-mg,Tablet,Calcium Orotate,400 mg,Beacon Pharmaceuticals Ltd.,"Unit Price: ৳ 8.02,(50's pack: ৳ 401.00),",(50's pack: ৳ 401.00)
14911,Human Albumin,allopathic,human-albuminiv-infusion20,IV Infusion,Albumin (Human),20%,City Overseas Ltd.,"50 ml bottle: ৳ 2,750.00,100 ml bottle: ৳ 5,350.00",
14910,Human Albumin,allopathic,human-albuminiv-infusion20,IV Infusion,Albumin (Human),20%,CSL Behring,"50 ml bottle: ৳ 3,320.00,100 ml bottle: ৳ 6,615.00",
26944,Humalog Mix,allopathic,humalog-mixsc-injection5050,SC Injection,Insulin Lispro Protamine + Insulin Lispro,50%+50%,Eli Lilly and Company,"3 ml cartridge: ৳ 784.93,(5's pack: ৳ 3,924.65),","(5's pack: ৳ 3,924.65)"
26943,Humalog Mix,allopathic,humalog-mixsc-injection7525,SC Injection,Insulin Lispro Protamine + Insulin Lispro,75%+25%,Eli Lilly and Company,"3 ml cartridge: ৳ 784.93,(5's pack: ৳ 3,924.65),","(5's pack: ৳ 3,924.65)"
16783,Humalog Mix,allopathic,humalog-mixsc-injection5050,SC Injection,Insulin Lispro Protamine + Insulin Lispro,50%+50%,Eli Lilly and Company,"3 ml KwikPen: ৳ 1,347.56",
16026,Homatropine,allopathic,homatropineophthalmic-solution2,Ophthalmic Solution,Homatropine Hydrobromide,2%,Reman Drug Laboratories Ltd.,10 ml drop: ৳ 56.55,
15022,Holoxan,allopathic,holoxaniv-infusion1-gmvial,IV Infusion,Ifosfamide,1 gm/vial,Baxter,"1 gm vial: ৳ 2,180.85",
29182,HYLO-GEL,allopathic,hylo-gelophthalmic-gel02,Ophthalmic Gel,Sodium Hyaluronate (Ophthalmic),0.20%,ZAS Corporation,"10 ml drop: ৳ 1,070.00",
27432,HYLO-COMOD,allopathic,hylo-comodophthalmic-solution01,Ophthalmic Solution,Sodium Hyaluronate (Ophthalmic),0.10%,ZAS Corporation,10 ml drop: ৳ 980.00,
12827,Hyginol,allopathic,hyginolsolution033,Solution,Chlorhexidine Gluconate + Cetrimide,0.3%+3%,Millat Pharmaceuticals Ltd.,"50 ml bottle: ৳ 17.00,100 ml bottle: ৳ 26.00",
12828,Hyginol,allopathic,hyginolcream0105,Cream,Chlorhexidine Hydrochloride + Cetrimide,0.1%+0.5%,Millat Pharmaceuticals Ltd.,"30 gm tube: ৳ 22.00,60 gm tube: ৳ 30.00,100 gm tube: ৳ 50.00",
28854,Hyginex Plus,allopathic,hyginex-plushand-rub0570,Hand Rub,Chlorhexidine Gluconate + Isopropyl alcohol,0.5%+70%,Beacon Pharmaceuticals Ltd.,50 ml bottle: ৳ 40.00,
28803,Hyginex,allopathic,hyginexhand-rub96398,Hand Rub,Ethyl Alcohol + Hydrogen peroxide + Glycerol,96%+3%+98%,Beacon Pharmaceuticals Ltd.,50 ml bottle: ৳ 100.00,
27787,Hygea Gold,allopathic,hygea-goldtablet,Tablet,Multivitamin & Multimineral [A-Z gold preparation],,Somatec Pharmaceuticals Ltd.,"Unit Price: ৳ 8.00,(15's pack: ৳ 120.00),,Unit Price: ৳ 8.00,(30's pack: ৳ 240.00),,Unit Price: ৳ 8.00,(50's pack: ৳ 400.00),","(15's pack: ৳ 120.00),(30's pack: ৳ 240.00),(50's pack: ৳ 400.00)"
30932,Hydroquin,allopathic,hydroquintablet200-mg,Tablet,Hydroxychloroquine Sulphate,200 mg,Ibn Sina Pharmaceuticals Ltd.,"Unit Price: ৳ 12.00,(30's pack: ৳ 360.00),",(30's pack: ৳ 360.00)
16881,Hydronix,allopathic,hydronixcapsule500-mg,Capsule,Hydroxyurea,500 mg,Beacon Pharmaceuticals Ltd.,"Unit Price: ৳ 15.00,(28's pack: ৳ 420.00),",(28's pack: ৳ 420.00)
32627,Hydromer,allopathic,hydromerophthalmic-gel03,Ophthalmic Gel,Hypromellose,0.30%,Ibn Sina Pharmaceuticals Ltd.,10 gm tube: ৳ 250.00,
5787,Hydrocortisone,allopathic,hydrocortisoneimiv-injection100-mg2-ml,IM/IV Injection,Hydrocortisone,100 mg/2 ml,"Rotexmedica GmbH, Germany",100 mg vial: ৳ 72.00,
30929,Hydrocort,allopathic,hydrocortcream1,Cream,Hydrocortisone Acetate,1%,Alco Pharma Ltd.,10 gm tube: ৳ 28.08,
17533,Hydrocid,allopathic,hydrocidoral-suspension175-mg225-mg5-ml,Oral Suspension,Aluminium Hydroxide + Magnesium Hydroxide,(175 mg+225 mg)/5 ml,Millat Pharmaceuticals Ltd.,200 ml bottle: ৳ 32.57,
31130,Hydrason,allopathic,hydrasontablet20-mg,Tablet,Hydrocortisone,20 mg,Drug International Ltd.,"Unit Price: ৳ 6.00,(30's pack: ৳ 180.00),",(30's pack: ৳ 180.00)
31129,Hydrason,allopathic,hydrasontablet10-mg,Tablet,Hydrocortisone,10 mg,Drug International Ltd.,"Unit Price: ৳ 3.50,(50's pack: ৳ 175.00),",(50's pack: ৳ 175.00)
20860,Hydrason,allopathic,hydrasonimiv-injection100-mg2-ml,IM/IV Injection,Hydrocortisone,100 mg/2 ml,Drug International Ltd.,100 mg vial: ৳ 56.00,
16185,Hypersol,allopathic,hypersolophthalmic-solution5,Ophthalmic Solution,Sodium Chloride (Ophthalmic Solution),5%,Beximco Pharmaceuticals Ltd.,10 ml drop: ৳ 70.00,
13114,Hyperoxi,allopathic,hyperoxisolution12-ml100-ml,Solution,Hydrogen peroxide,12 ml/100 ml,Momotaz Pharmaceuticals Ltd.,100 ml bottle: ৳ 20.00,
2819,Hypen SR,allopathic,hypen-srtablet-sustained-release15-mg,Tablet (Sustained Release),Indapamide,1.5 mg,Opsonin Pharma Ltd.,"Unit Price: ৳ 6.00,(56's pack: ৳ 336.00),",(56's pack: ৳ 336.00)
2634,Hypace,allopathic,hypacetablet5-mg,Tablet,Ramipril,5 mg,Techno Drugs Ltd.,"Unit Price: ৳ 8.00,(30's pack: ৳ 240.00),",(30's pack: ৳ 240.00)
14996,Hyloron,allopathic,hyloronophthalmic-solution01,Ophthalmic Solution,Sodium Hyaluronate (Ophthalmic),0.10%,Aristopharma Ltd.,10 ml drop: ৳ 220.00,
14997,Hyloron,allopathic,hyloronophthalmic-gel02,Ophthalmic Gel,Sodium Hyaluronate (Ophthalmic),0.20%,Aristopharma Ltd.,10 ml drop: ৳ 270.00,
1363,Hybucin,allopathic,hybucintablet10-mg,Tablet,Hyoscine Butylbromide,10 mg,Supreme Pharmaceutical Ltd.,"Unit Price: ৳ 1.60,(100's pack: ৳ 160.00),",(100's pack: ৳ 160.00)
4048,Hybrox,allopathic,hybroxpediatric-drops6-mgml,Pediatric Drops,Ambroxol Hydrochloride,6 mg/ml,Kemiko Pharmaceuticals Ltd.,15 ml bottle: ৳ 30.09,
4047,Hybrox,allopathic,hybroxsyrup15-mg5-ml,Syrup,Ambroxol Hydrochloride,15 mg/5 ml,Kemiko Pharmaceuticals Ltd.,100 ml bottle: ৳ 40.12,
30546,Hybrox,allopathic,hybroxcapsule-sustained-release75-mg,Capsule (Sustained Release),Ambroxol Hydrochloride,75 mg,Kemiko Pharmaceuticals Ltd.,"Unit Price: ৳ 5.00,(30's pack: ৳ 150.00),",(30's pack: ৳ 150.00)
14995,Hyalgun,allopathic,hyalgunintra-articular-injection02,Intra-articular Injection,Sodium Hyaluronate (Injection),0.20%,Healthcare Pharmaceuticals Ltd.,"2 ml pre-filled syringe: ৳ 1,980.00",
4129,Hunycof,allopathic,hunycofsyrup075-ml193-ml5-ml,Syrup,Glycerol + Liquid Sugar,(0.75 ml+1.93 ml)/5 ml,Incepta Pharmaceuticals Ltd.,100 ml bottle: ৳ 50.00,
4127,Hunny,allopathic,hunnysyrup075-ml193-ml5-ml,Syrup,Glycerol + Liquid Sugar,(0.75 ml+1.93 ml)/5 ml,Eskayef Pharmaceuticals Ltd.,100 ml bottle: ৳ 40.00,
16764,Humulin R,allopathic,humulin-rsc-injection100-iuml,SC Injection,Insulin Human [Fast-Acting],100 IU/ml,Eli Lilly and Company,"3 ml cartridge: ৳ 432.00,(5's pack: ৳ 2,160.00),","(5's pack: ৳ 2,160.00)"
7580,Hyxim,allopathic,hyximpowder-for-suspension100-mg5-ml,Powder for Suspension,Cefixime Trihydrate,100 mg/5 ml,Millat Pharmaceuticals Ltd.,50 ml bottle: ৳ 195.00,
28142,Hyxim,allopathic,hyximcapsule200-mg,Capsule,Cefixime Trihydrate,200 mg,Millat Pharmaceuticals Ltd.,"Unit Price: ৳ 25.00,(6's pack: ৳ 150.00),",(6's pack: ৳ 150.00)
20932,Hysopan,allopathic,hysopaninjection20-mgml,Injection,Hyoscine Butylbromide,20 mg/ml,Rephco Pharmaceuticals Ltd.,1 ml ampoule: ৳ 7.77,
1370,Hysomide,allopathic,hysomidetablet20-mg,Tablet,Hyoscine Butylbromide,20 mg,Opsonin Pharma Ltd.,"Unit Price: ৳ 13.64,(100's pack: ৳ 1,364.00),","(100's pack: ৳ 1,364.00)"
1371,Hysomide,allopathic,hysomideinjection20-mgml,Injection,Hyoscine Butylbromide,20 mg/ml,Opsonin Pharma Ltd.,"1 ml ampoule: ৳ 29.90,(25's pack: ৳ 747.50),",(25's pack: ৳ 747.50)
1369,Hysomide,allopathic,hysomidetablet10-mg,Tablet,Hyoscine Butylbromide,10 mg,Opsonin Pharma Ltd.,"Unit Price: ৳ 6.90,(100's pack: ৳ 690.00),",(100's pack: ৳ 690.00)
1368,Hysoma,allopathic,hysomatablet10-mg,Tablet,Hyoscine Butylbromide,10 mg,Modern Pharmaceuticals Ltd.,"Unit Price: ৳ 1.67,(100's pack: ৳ 167.00),",(100's pack: ৳ 167.00)
1367,Hysocin,allopathic,hysocintablet10-mg,Tablet,Hyoscine Butylbromide,10 mg,Pharmadesh Laboratories Ltd.,"Unit Price: ৳ 3.44,(100's pack: ৳ 344.00),",(100's pack: ৳ 344.00)
1366,Hysin,allopathic,hysininjection20-mgml,Injection,Hyoscine Butylbromide,20 mg/ml,Edruc Limited,"1 ml ampoule: ৳ 10.00,(10's pack: ৳ 100.00),",(10's pack: ৳ 100.00)
1365,Hysin,allopathic,hysintablet10-mg,Tablet,Hyoscine Butylbromide,10 mg,Edruc Limited,"Unit Price: ৳ 3.48,(100's pack: ৳ 348.00),",(100's pack: ৳ 348.00)
14993,Hyronate,allopathic,hyronateintra-articular-injection02,Intra-articular Injection,Sodium Hyaluronate (Injection),0.20%,Incepta Pharmaceuticals Ltd.,"2 ml pre-filled syringe: ৳ 1,500.00",
24602,Hyronate,allopathic,hyronateophthalmic-solution01,Ophthalmic Solution,Sodium Hyaluronate (Ophthalmic),0.10%,Incepta Pharmaceuticals Ltd.,10 ml drop: ৳ 220.00,
16131,Hyprosol,allopathic,hyprosolophthalmic-solution03,Ophthalmic Solution,Hypromellose,0.30%,Beximco Pharmaceuticals Ltd.,10 ml drop: ৳ 65.00,
30933,Hyprogel,allopathic,hyprogelophthalmic-gel03,Ophthalmic Gel,Hypromellose,0.30%,Popular Pharmaceuticals Ltd.,10 gm tube: ৳ 250.00,
18591,Hypro Extra,allopathic,hypro-extraophthalmic-gel02503,Ophthalmic Gel,Carboxymethylcellulose Sodium + Hypromellose,0.25%+0.3%,Nipa Pharmaceuticals Ltd.,10 ml drop: ৳ 150.00,
16144,Hypro,allopathic,hyproophthalmic-solution05,Ophthalmic Solution,Hypromellose,0.50%,Nipa Pharmaceuticals Ltd.,10 ml drop: ৳ 80.00,
18576,I-Aqua,allopathic,i-aquaophthalmic-solution1,Ophthalmic Solution,Carboxymethylcellulose Sodium,1%,Apex Pharmaceuticals Ltd.,10 ml drop: ৳ 250.00,
16192,I Care,allopathic,i-careeye-capsule,Eye Capsule,"Vitamin C, Vitamin E, Lutein, Copper & Zinc",,Pacific Pharmaceuticals Ltd.,"Unit Price: ৳ 10.00,(30's pack: ৳ 300.00),",(30's pack: ৳ 300.00)
8642,Hyzith,allopathic,hyzithtablet500-mg,Tablet,Azithromycin Dihydrate,500 mg,Millat Pharmaceuticals Ltd.,"Unit Price: ৳ 30.00,(3's pack: ৳ 90.00),,Unit Price: ৳ 30.00,(6's pack: ৳ 180.00),","(3's pack: ৳ 90.00),(6's pack: ৳ 180.00)"
8643,Hyzith,allopathic,hyzithpowder-for-suspension200-mg5-ml,Powder for Suspension,Azithromycin Dihydrate,200 mg/5 ml,Millat Pharmaceuticals Ltd.,"15 ml bottle: ৳ 85.00,30 ml bottle: ৳ 130.00",
693,Hypoten,allopathic,hypotentablet5-mg,Tablet,Amlodipine Besilate,5 mg,Cosmic Pharma Ltd.,"Unit Price: ৳ 4.00,(30's pack: ৳ 120.00),",(30's pack: ৳ 120.00)
28542,Hypose,allopathic,hyposeophthalmic-solution03,Ophthalmic Solution,Hypromellose,0.30%,Pacific Pharmaceuticals Ltd.,10 ml drop: ৳ 70.00,
15644,Hypophos,allopathic,hypophostablet667-mg,Tablet,Calcium Acetate,667 mg,Popular Pharmaceuticals Ltd.,"Unit Price: ৳ 5.52,(60's pack: ৳ 331.20),",(60's pack: ৳ 331.20)
29415,Hyponor,allopathic,hyponoriv-infusion2-mg2-ml,IV Infusion,Norepinephrine,2 mg/2 ml,Square Pharmaceuticals Ltd.,2 ml vial: ৳ 250.00,
16160,Hypomer,allopathic,hypomerophthalmic-gel03022,Ophthalmic Gel,Hypromellose + Carbomer,0.3%+0.22%,Aristopharma Ltd.,10 gm tube: ৳ 250.00,
22505,Hypnofast,allopathic,hypnofastimiv-injection5-mgml,IM/IV Injection,Midazolam,5 mg/ml,Incepta Pharmaceuticals Ltd.,1 ml ampoule: ৳ 50.00,
22504,Hypnofast,allopathic,hypnofastimiv-injection15-mg3-ml,IM/IV Injection,Midazolam,15 mg/3 ml,Incepta Pharmaceuticals Ltd.,3 ml ampoule: ৳ 150.00,
4182,Hypnofast,allopathic,hypnofasttablet75-mg,Tablet,Midazolam,7.5 mg,Incepta Pharmaceuticals Ltd.,"Unit Price: ৳ 8.00,(30's pack: ৳ 240.00),",(30's pack: ৳ 240.00)
4181,Hypnocum,allopathic,hypnocumtablet75-mg,Tablet,Midazolam,7.5 mg,Healthcare Pharmaceuticals Ltd.,"Unit Price: ৳ 10.00,(30's pack: ৳ 300.00),",(30's pack: ৳ 300.00)
28541,Hypezide,allopathic,hypezidetablet50-mg,Tablet,Hydrochlorothiazide,50 mg,Pacific Pharmaceuticals Ltd.,"Unit Price: ৳ 1.00,(100's pack: ৳ 100.00),",(100's pack: ৳ 100.00)
29286,Ibida,allopathic,ibidatablet550-mg,Tablet,Rifaximin,550 mg,Healthcare Pharmaceuticals Ltd.,"Unit Price: ৳ 50.00,(20's pack: ৳ 1,000.00),","(20's pack: ৳ 1,000.00)"
29285,Ibida,allopathic,ibidatablet200-mg,Tablet,Rifaximin,200 mg,Healthcare Pharmaceuticals Ltd.,"Unit Price: ৳ 25.00,(20's pack: ৳ 500.00),",(20's pack: ৳ 500.00)
11277,IBF,allopathic,ibftablet400-mg,Tablet,Ibuprofen,400 mg,Decent Pharma Laboratories Ltd.,"Unit Price: ৳ 1.25,(100's pack: ৳ 125.00),",(100's pack: ৳ 125.00)
11306,Iben,allopathic,ibentablet400-mg,Tablet,Ibuprofen,400 mg,Central Pharmaceuticals Ltd.,"Unit Price: ৳ 1.30,(100's pack: ৳ 130.00),",(100's pack: ৳ 130.00)
11276,Iben,allopathic,ibentablet400-mg,Tablet,Ibuprofen,400 mg,Zenith Pharmaceuticals Ltd.,"Unit Price: ৳ 1.30,(100's pack: ৳ 130.00),",(100's pack: ৳ 130.00)
14923,Ibandron,allopathic,ibandrontablet150-mg,Tablet,Ibandronic Acid,150 mg,Aristopharma Ltd.,"1 tablet kit: ৳ 1,000.00",
26565,Ibancal kit,allopathic,ibancal-kittablet150-mg-400-mg,Tablet,Ibandronic Acid & Calcium Orotate,150 mg & 400 mg,General Pharmaceuticals Ltd.,(1 & 60) tablet kit: ৳ 990.00,
28189,Ibakin,allopathic,ibakintablet400-mg,Tablet,Imatinib Mesylate,400 mg,Genvio Pharma Ltd.,"Unit Price: ৳ 350.00,(30's pack: ৳ 10,500.00),","(30's pack: ৳ 10,500.00)"
28188,Ibakin,allopathic,ibakintablet100-mg,Tablet,Imatinib Mesylate,100 mg,Genvio Pharma Ltd.,"Unit Price: ৳ 100.00,(30's pack: ৳ 3,000.00),","(30's pack: ৳ 3,000.00)"
9995,I-Zol,allopathic,i-zolcapsule100-mg,Capsule,Itraconazole,100 mg,Popular Pharmaceuticals Ltd.,"Unit Price: ৳ 15.00,(20's pack: ৳ 300.00),",(20's pack: ৳ 300.00)
16194,I-Vita,allopathic,i-vitaeye-capsule,Eye Capsule,"Vitamin C, Vitamin E, Lutein, Copper & Zinc",,Opsonin Pharma Ltd.,"Unit Price: ৳ 10.00,(30's pack: ৳ 300.00),",(30's pack: ৳ 300.00)
31199,I-Ver,allopathic,i-vertablet6-mg,Tablet,Ivermectin (Tablet),6 mg,Globe Pharmaceuticals Ltd.,"Unit Price: ৳ 10.00,(10's pack: ৳ 100.00),",(10's pack: ৳ 100.00)
27730,I-Sol,allopathic,i-solophthalmic-solution5,Ophthalmic Solution,Sodium Chloride (Ophthalmic Solution),5%,Opso Saline Ltd.,10 ml drop: ৳ 70.00,
32532,I-Proton,allopathic,i-protoncapsule-delayed-release20-mg,Capsule (Delayed Release),Omeprazole,20 mg,Doctor TIMS Pharmaceuticals Ltd.,"Unit Price: ৳ 5.02,(100's pack: ৳ 502.00),",(100's pack: ৳ 502.00)
32531,I-POP,allopathic,i-poptablet10-mg,Tablet,Domperidone Maleate,10 mg,Doctor TIMS Pharmaceuticals Ltd.,"Unit Price: ৳ 2.00,(100's pack: ৳ 200.00),",(100's pack: ৳ 200.00)
21556,I-Pill DS,allopathic,i-pill-dstablet15-mg,Tablet,Levonorgestrel,1.5 mg,Popular Pharmaceuticals Ltd.,1 tablet pack: ৳ 70.00,
21084,Ibsan,allopathic,ibsantablet75-mg,Tablet,Irbesartan,75 mg,ACME Laboratories Ltd.,"Unit Price: ৳ 5.00,(20's pack: ৳ 100.00),",(20's pack: ৳ 100.00)
28836,Ibruxen,allopathic,ibruxencapsule140-mg,Capsule,Ibrutinib,140 mg,Everest Pharmaceuticals Ltd.,"Unit Price: ৳ 1,320.00,(30's pack: ৳ 39,600.00),","(30's pack: ৳ 39,600.00)"
25996,Ibrutix,allopathic,ibrutixcapsule140-mg,Capsule,Ibrutinib,140 mg,Beacon Pharmaceuticals Ltd.,"Unit Price: ৳ 1,326.00,(120's pack: ৳ 159,120.00),","(120's pack: ৳ 159,120.00)"
32451,Ibrutab,allopathic,ibrutabcapsule140-mg,Capsule,Ibrutinib,140 mg,Eskayef Pharmaceuticals Ltd.,"Unit Price: ৳ 600.00,(28's pack: ৳ 16,800.00),","(28's pack: ৳ 16,800.00)"
27010,Ibrunib,allopathic,ibrunibcapsule140-mg,Capsule,Ibrutinib,140 mg,Jenphar Bangladesh Ltd.,"Unit Price: ৳ 550.00,(120's pack: ৳ 66,000.00),","(120's pack: ৳ 66,000.00)"
25998,Ibrucent,allopathic,ibrucentcapsule140-mg,Capsule,Ibrutinib,140 mg,Incepta Pharmaceuticals Ltd.,"Unit Price: ৳ 500.00,(12's pack: ৳ 6,000.00),,Unit Price: ৳ 500.00,(90's pack: ৳ 45,000.00),","(12's pack: ৳ 6,000.00),(90's pack: ৳ 45,000.00)"
27619,I-Penam,allopathic,i-penamiv-injection-or-infusion250-mgvial,IV Injection or Infusion,Meropenem Trihydrate,250 mg/vial,Incepta Pharmaceuticals Ltd.,250 mg vial: ৳ 400.00,
8223,I-Penam,allopathic,i-penamiv-injection-or-infusion1-gmvial,IV Injection or Infusion,Meropenem Trihydrate,1 gm/vial,Incepta Pharmaceuticals Ltd.,"1 gm vial: ৳ 1,300.00",
8222,I-Penam,allopathic,i-penamiv-injection-or-infusion500-mgvial,IV Injection or Infusion,Meropenem Trihydrate,500 mg/vial,Incepta Pharmaceuticals Ltd.,500 mg vial: ৳ 700.00,
8898,I-Guard,allopathic,i-guardophthalmic-solution05,Ophthalmic Solution,Chloramphenicol (Ophthalmic),0.50%,Incepta Pharmaceuticals Ltd.,10 ml drop: ৳ 34.40,
16193,I-Gold,allopathic,i-goldeye-capsule,Eye Capsule,"Vitamin C, Vitamin E, Lutein, Copper & Zinc",,Aristopharma Ltd.,"Unit Price: ৳ 10.00,(60's pack: ৳ 600.00),",(60's pack: ৳ 600.00)
28895,I-Fort,allopathic,i-fortophthalmic-solution0403,Ophthalmic Solution,Polyethylene Glycol + Propylene Glycol,0.4%+0.3%,Biopharma Laboratories Ltd.,10 ml drop: ৳ 172.50,
13185,I-Fol,allopathic,i-foltablet200-mg200-mcg,Tablet,Ferrous Fumarate + Folic acid,200 mg+200 mcg,Indo Bangla Pharmaceutical,"Unit Price: ৳ 0.30,(100's pack: ৳ 30.00),",(100's pack: ৳ 30.00)
11335,I-Cin,allopathic,i-cincapsule25-mg,Capsule,Indomethacin (Oral),25 mg,Indo Bangla Pharmaceutical,"Unit Price: ৳ 0.60,(100's pack: ৳ 60.00),",(100's pack: ৳ 60.00)
29603,IG VENA,allopathic,ig-venaiv-injection-or-infusion5-gm100-ml,IV Injection or Infusion,Human Immunoglobulin-G [IgG],5 gm/100 ml,"Kedrion Biopharma, Italy","100 ml vial: ৳ 44,700.00",
29604,IG VENA,allopathic,ig-venaiv-injection-or-infusion25-gm50-ml,IV Injection or Infusion,Human Immunoglobulin-G [IgG],2.5 gm/50 ml,"Kedrion Biopharma, Italy","50 ml vial: ৳ 22,350.00",
13309,Ifozin-SR,allopathic,ifozin-srcapsule-sustained-release150-mg05-mg618-mg,Capsule (Sustained Release),Ferrous Sulfate + Folic Acid + Zinc Sulfate,150 mg+0.5 mg+61.8 mg,Ibn Sina Pharmaceuticals Ltd.,"Unit Price: ৳ 3.05,(50's pack: ৳ 152.50),",(50's pack: ৳ 152.50)
17253,Ifomes,allopathic,ifomesiv-injection400-mg4-ml,IV Injection,Mesna,400 mg/4 ml,Beacon Pharmaceuticals Ltd.,"400 mg vial: ৳ 190.00,(2's pack: ৳ 380.00),",(2's pack: ৳ 380.00)
13308,Ifel-TR,allopathic,ifel-trcapsule-timed-release150-mg05-mg618-mg,Capsule (Timed Release),Ferrous Sulfate + Folic Acid + Zinc Sulfate,150 mg+0.5 mg+61.8 mg,Pharmadesh Laboratories Ltd.,"Unit Price: ৳ 2.90,(30's pack: ৳ 87.00),",(30's pack: ৳ 87.00)
27350,Ifamide & Mesna,allopathic,ifamide-mesnaiv-infusion2-gm-1600-mg,IV Infusion,Ifosfamide,2 gm & 1600 mg,Techno Drugs Ltd.,"2 gm Ifamide & 1600 mg Mesna: ৳ 3,255.00",
17321,Ifamide & Mesna,allopathic,ifamide-mesnaiv-infusion1-gm-800-mg,IV Infusion,Ifosfamide,1 gm & 800 mg,Techno Drugs Ltd.,"1 gm Ifamide & 800 mg Mesna: ৳ 1,850.00",
14933,Idrofos Kit,allopathic,idrofos-kittablet150-mg500-mg200-iu,Tablet,Ibandronic Acid + Calcium Carbonate + Vitamin D3,150 mg+500 mg+200 IU,Sun Pharmaceutical Ltd.,(1 & 30) tablet kit: ৳ 645.00,
28662,Idiopag,allopathic,idiopagtablet50-mg,Tablet,Eltrombopag Olamine,50 mg,Healthcare Pharmaceuticals Ltd.,"Unit Price: ৳ 1,000.00,(7's pack: ৳ 7,000.00),","(7's pack: ৳ 7,000.00)"
28661,Idiopag,allopathic,idiopagtablet25-mg,Tablet,Eltrombopag Olamine,25 mg,Healthcare Pharmaceuticals Ltd.,"Unit Price: ৳ 600.00,(7's pack: ৳ 4,200.00),","(7's pack: ৳ 4,200.00)"
2820,Idatix SR,allopathic,idatix-srtablet-sustained-release15-mg,Tablet (Sustained Release),Indapamide,1.5 mg,Incepta Pharmaceuticals Ltd.,"Unit Price: ৳ 5.00,(50's pack: ৳ 250.00),",(50's pack: ৳ 250.00)
10858,Icykool Max,allopathic,icykool-maxcream308,Cream,Methyl Salicylate + Menthol,30%+8%,Beximco Pharmaceuticals Ltd.,25 gm tube: ৳ 65.00,
10857,Icykool,allopathic,icykoolcream1510,Cream,Methyl Salicylate + Menthol,15%+10%,Beximco Pharmaceuticals Ltd.,25 gm tube: ৳ 40.00,
9992,Iconal,allopathic,iconalcapsule100-mg,Capsule,Itraconazole,100 mg,Kemiko Pharmaceuticals Ltd.,"Unit Price: ৳ 15.04,(12's pack: ৳ 180.48),",(12's pack: ৳ 180.48)
8897,Icol,allopathic,icolophthalmic-solution05,Ophthalmic Solution,Chloramphenicol (Ophthalmic),0.50%,ACI Limited,10 ml drop: ৳ 34.50,
16132,Iclear,allopathic,iclearophthalmic-solution03,Ophthalmic Solution,Hypromellose,0.30%,Navana Pharmaceuticals Ltd.,10 ml drop: ৳ 79.00,
16556,Ilodon,allopathic,ilodontablet6-mg,Tablet,Iloperidone,6 mg,Beacon Pharmaceuticals Ltd.,"Unit Price: ৳ 4.01,(50's pack: ৳ 200.50),",(50's pack: ৳ 200.50)
16555,Ilodon,allopathic,ilodontablet2-mg,Tablet,Iloperidone,2 mg,Beacon Pharmaceuticals Ltd.,"Unit Price: ৳ 2.01,(50's pack: ৳ 100.50),",(50's pack: ৳ 100.50)
8493,Ilocin,allopathic,ilocinpowder-for-suspension125-mg5-ml,Powder for Suspension,Erythromycin (Oral),125 mg/5 ml,Doctor’s Chemical Works Ltd.,100 ml bottle: ৳ 60.00,
8492,Ilocin,allopathic,ilocintablet500-mg,Tablet,Erythromycin (Oral),500 mg,Doctor’s Chemical Works Ltd.,"Unit Price: ৳ 8.00,(20's pack: ৳ 160.00),",(20's pack: ৳ 160.00)
30498,Icid,allopathic,icidophthalmic-solution20,Ophthalmic Solution,Sulfacetamide sodium,20%,Nipa Pharmaceuticals Ltd.,10 ml drop: ৳ 27.00,
30499,Icid,allopathic,icidophthalmic-solution10,Ophthalmic Solution,Sulfacetamide sodium,10%,Nipa Pharmaceuticals Ltd.,10 ml drop: ৳ 19.22,
29198,Icefil,allopathic,icefilophthalmic-solution0403,Ophthalmic Solution,Polyethylene Glycol + Propylene Glycol,0.4%+0.3%,Opsonin Pharma Ltd.,10 ml drop: ৳ 200.00,
17458,Icaft,allopathic,icaftophthalmic-solution025,Ophthalmic Solution,Alcaftadine,0.25%,Navana Pharmaceuticals Ltd.,5 ml drop: ৳ 400.00,
32764,Ibutigen,allopathic,ibutigencapsule140-mg,Capsule,Ibrutinib,140 mg,General Pharmaceuticals Ltd.,"Unit Price: ৳ 600.00,(120's pack: ৳ 72,000.00),","(120's pack: ৳ 72,000.00)"
11278,Iburex,allopathic,iburextablet200-mg,Tablet,Ibuprofen,200 mg,Medimet Pharmaceuticals Ltd.,"Unit Price: ৳ 0.80,(100's pack: ৳ 80.00),",(100's pack: ৳ 80.00)
11279,Iburex,allopathic,iburextablet400-mg,Tablet,Ibuprofen,400 mg,Medimet Pharmaceuticals Ltd.,"Unit Price: ৳ 1.20,(100's pack: ৳ 120.00),",(100's pack: ৳ 120.00)
28543,Ibspa,allopathic,ibspasyrup10-mg5-ml,Syrup,Dicycloverine Hydrochloride,10 mg/5 ml,Pacific Pharmaceuticals Ltd.,50 ml bottle: ৳ 25.00,
1330,Ibspa,allopathic,ibspatablet10-mg,Tablet,Dicycloverine Hydrochloride,10 mg,Pacific Pharmaceuticals Ltd.,"Unit Price: ৳ 2.00,(100's pack: ৳ 200.00),",(100's pack: ৳ 200.00)
32825,Imaxen,allopathic,imaxentablet100-mg,Tablet,Imatinib Mesylate,100 mg,Everest Pharmaceuticals Ltd.,Unit Price: ৳ 100.00,
32824,Imaxen,allopathic,imaxentablet400-mg,Tablet,Imatinib Mesylate,400 mg,Everest Pharmaceuticals Ltd.,"Unit Price: ৳ 350.00,(14's pack: ৳ 4,900.00),","(14's pack: ৳ 4,900.00)"
27771,iMAX,allopathic,imaxcapsule-delayed-release40-mg,Capsule (Delayed Release),Esomeprazole,40 mg,Delta Pharma Ltd.,"Unit Price: ৳ 8.00,(50's pack: ৳ 400.00),",(50's pack: ৳ 400.00)
2072,iMAX,allopathic,imaxcapsule-delayed-release20-mg,Capsule (Delayed Release),Esomeprazole,20 mg,Delta Pharma Ltd.,"Unit Price: ৳ 5.00,(60's pack: ৳ 300.00),",(60's pack: ৳ 300.00)
17324,Imatin,allopathic,imatintablet100-mg,Tablet,Imatinib Mesylate,100 mg,Techno Drugs Ltd.,"Unit Price: ৳ 100.00,(30's pack: ৳ 3,000.00),","(30's pack: ৳ 3,000.00)"
15121,Imatin,allopathic,imatintablet400-mg,Tablet,Imatinib Mesylate,400 mg,Techno Drugs Ltd.,"Unit Price: ৳ 400.00,(30's pack: ৳ 12,000.00),","(30's pack: ৳ 12,000.00)"
15120,Imanix,allopathic,imanixtablet400-mg,Tablet,Imatinib Mesylate,400 mg,Beacon Pharmaceuticals Ltd.,"Unit Price: ৳ 320.00,(30's pack: ৳ 9,600.00),","(30's pack: ৳ 9,600.00)"
15119,Imanix,allopathic,imanixtablet100-mg,Tablet,Imatinib Mesylate,100 mg,Beacon Pharmaceuticals Ltd.,"Unit Price: ৳ 100.00,(30's pack: ৳ 3,000.00),","(30's pack: ৳ 3,000.00)"
32828,Imaceva,allopathic,imacevatablet400-mg,Tablet,Imatinib Mesylate,400 mg,Square Pharmaceuticals Ltd.,Unit Price: ৳ 300.00,
32829,Imaceva,allopathic,imacevatablet100-mg,Tablet,Imatinib Mesylate,100 mg,Square Pharmaceuticals Ltd.,Unit Price: ৳ 100.00,
27621,Imacent,allopathic,imacenttablet100-mg,Tablet,Imatinib Mesylate,100 mg,Incepta Pharmaceuticals Ltd.,"Unit Price: ৳ 100.00,(30's pack: ৳ 3,000.00),","(30's pack: ৳ 3,000.00)"
27622,Imacent,allopathic,imacenttablet400-mg,Tablet,Imatinib Mesylate,400 mg,Incepta Pharmaceuticals Ltd.,"Unit Price: ৳ 300.00,(30's pack: ৳ 9,000.00),","(30's pack: ৳ 9,000.00)"
26567,Imacef,allopathic,imacefiv-injection250-mgvial,IV Injection,Ceftriaxone Sodium,250 mg/vial,General Pharmaceuticals Ltd.,250 mg vial: ৳ 90.00,
8000,Imacef,allopathic,imacefiv-injection2-gmvial,IV Injection,Ceftriaxone Sodium,2 gm/vial,General Pharmaceuticals Ltd.,2 gm vial: ৳ 302.00,
7999,Imacef,allopathic,imacefiv-injection1-gmvial,IV Injection,Ceftriaxone Sodium,1 gm/vial,General Pharmaceuticals Ltd.,1 gm vial: ৳ 190.00,
7996,Imacef,allopathic,imacefim-injection250-mgvial,IM Injection,Ceftriaxone Sodium,250 mg/vial,General Pharmaceuticals Ltd.,250 mg vial: ৳ 90.60,
10837,Imigra,allopathic,imigracapsule5-mg,Capsule,Flunarizine,5 mg,Navana Pharmaceuticals Ltd.,"Unit Price: ৳ 4.02,(60's pack: ৳ 241.20),",(60's pack: ৳ 241.20)
29164,Imiclara,allopathic,imiclaracream5,Cream,Imiquimod,5%,UniMed UniHealth,"250 mg sachet: ৳ 60.00,(6's pack: ৳ 360.00),",(6's pack: ৳ 360.00)
11319,Imet SR,allopathic,imet-srcapsule-sustained-release75-mg,Capsule (Sustained Release),Indomethacin (Oral),75 mg,Pacific Pharmaceuticals Ltd.,"Unit Price: ৳ 4.00,(50's pack: ৳ 200.00),",(50's pack: ৳ 200.00)
11318,Imet,allopathic,imetcapsule25-mg,Capsule,Indomethacin (Oral),25 mg,Pacific Pharmaceuticals Ltd.,"Unit Price: ৳ 1.00,(100's pack: ৳ 100.00),",(100's pack: ৳ 100.00)
28720,Imecta,allopathic,imectatablet6-mg,Tablet,Ivermectin (Tablet),6 mg,Beacon Pharmaceuticals Ltd.,"Unit Price: ৳ 15.00,(10's pack: ৳ 150.00),",(10's pack: ৳ 150.00)
28440,Imec,allopathic,imectablet6-mg,Tablet,Ivermectin (Tablet),6 mg,Popular Pharmaceuticals Ltd.,"Unit Price: ৳ 15.00,(10's pack: ৳ 150.00),",(10's pack: ৳ 150.00)
8207,Imbac,allopathic,imbaciv-injection500-mg500-mgvial,IV Injection,Imipenem + Cilastatin,(500 mg+500 mg)/vial,Popular Pharmaceuticals Ltd.,"500 mg vial: ৳ 1,200.00",
7997,Imacef,allopathic,imacefim-injection500-mgvial,IM Injection,Ceftriaxone Sodium,500 mg/vial,General Pharmaceuticals Ltd.,500 mg vial: ৳ 130.00,
7998,Imacef,allopathic,imacefim-injection1-gmvial,IM Injection,Ceftriaxone Sodium,1 gm/vial,General Pharmaceuticals Ltd.,1 gm vial: ৳ 190.00,
26599,Iluca,allopathic,ilucapowder-for-suspension50-mg5-ml,Powder for Suspension,Fluconazole,50 mg/5 ml,Ibn Sina Pharmaceuticals Ltd.,35 ml bottle: ৳ 78.00,
9932,Iluca,allopathic,ilucacapsule150-mg,Capsule,Fluconazole,150 mg,Ibn Sina Pharmaceuticals Ltd.,"Unit Price: ৳ 23.00,(12's pack: ৳ 276.00),",(12's pack: ৳ 276.00)
9931,Iluca,allopathic,ilucacapsule50-mg,Capsule,Fluconazole,50 mg,Ibn Sina Pharmaceuticals Ltd.,"Unit Price: ৳ 9.00,(20's pack: ৳ 180.00),",(20's pack: ৳ 180.00)
8645,Ilozin,allopathic,ilozinpowder-for-suspension200-mg5-ml,Powder for Suspension,Azithromycin Dihydrate,200 mg/5 ml,Doctor’s Chemical Works Ltd.,"15 ml bottle: ৳ 85.00,30 ml bottle: ৳ 130.00",
8644,Ilozin,allopathic,ilozintablet500-mg,Tablet,Azithromycin Dihydrate,500 mg,Doctor’s Chemical Works Ltd.,"Unit Price: ৳ 30.00,(8's pack: ৳ 240.00),",(8's pack: ৳ 240.00)
27163,Imunofen,allopathic,imunofensyrup1-mg5-ml,Syrup,Ketotifen Fumarate (Oral),1 mg/5 ml,Kumudini Pharma Ltd.,100 ml bottle: ৳ 50.00,
26729,Imucort,allopathic,imucorttablet6-mg,Tablet,Deflazacort,6 mg,Ziska Pharmaceuticals Ltd.,"Unit Price: ৳ 8.00,(30's pack: ৳ 240.00),",(30's pack: ৳ 240.00)
26728,Imucort,allopathic,imucorttablet24-mg,Tablet,Deflazacort,24 mg,Ziska Pharmaceuticals Ltd.,"Unit Price: ৳ 30.00,(20's pack: ৳ 600.00),",(20's pack: ৳ 600.00)
26727,Imucort,allopathic,imucortoral-suspension6-mg5-ml,Oral Suspension,Deflazacort,6 mg/5 ml,Ziska Pharmaceuticals Ltd.,60 ml bottle: ৳ 200.00,
13517,Improcal,allopathic,improcalcapsule025-mcg,Capsule,Calcitriol,0.25 mcg,Opsonin Pharma Ltd.,"Unit Price: ৳ 7.03,(50's pack: ৳ 351.50),",(50's pack: ৳ 351.50)
16402,Impreja,allopathic,imprejatablet30-mg,Tablet,Dapoxetine Hydrochloride,30 mg,UniMed UniHealth,"Unit Price: ৳ 30.00,(20's pack: ৳ 600.00),",(20's pack: ৳ 600.00)
8360,Impedox,allopathic,impedoxcapsule100-mg,Capsule,Doxycycline Hydrochloride,100 mg,ACI Limited,"Unit Price: ৳ 2.17,(100's pack: ৳ 217.00),",(100's pack: ৳ 217.00)
837,Imped Plus,allopathic,imped-plustablet5-mg50-mg,Tablet,Amlodipine Besilate + Atenolol,5 mg+50 mg,Rephco Pharmaceuticals Ltd.,"Unit Price: ৳ 5.00,(100's pack: ৳ 500.00),",(100's pack: ৳ 500.00)
836,Imped Plus,allopathic,imped-plustablet5-mg25-mg,Tablet,Amlodipine Besilate + Atenolol,5 mg+25 mg,Rephco Pharmaceuticals Ltd.,"Unit Price: ৳ 4.00,(100's pack: ৳ 400.00),",(100's pack: ৳ 400.00)
694,Imped,allopathic,impedtablet5-mg,Tablet,Amlodipine Besilate,5 mg,Rephco Pharmaceuticals Ltd.,"Unit Price: ৳ 3.50,(30's pack: ৳ 105.00),",(30's pack: ৳ 105.00)
4199,Imovane,allopathic,imovanetablet75-mg,Tablet,Zopiclone,7.5 mg,Synovia pharma plc,"Unit Price: ৳ 10.03,(30's pack: ৳ 300.90),",(30's pack: ৳ 300.90)
2281,Imotil,allopathic,imotilcapsule2-mg,Capsule,Loperamide Hydrochloride,2 mg,Square Pharmaceuticals Ltd.,"Unit Price: ৳ 1.00,(200's pack: ৳ 200.00),",(200's pack: ৳ 200.00)
28340,Imojev,allopathic,imojevsc-injection05-mlvial,SC Injection,Encephalitis Vaccine,0.5 ml/vial,Synovia pharma plc,"0.5 ml vial: ৳ 2,047.00",
17946,Imnoc,allopathic,imnoctablet25-mg,Tablet,Imipramine Hydrochloride,25 mg,UniMed UniHealth,"Unit Price: ৳ 4.00,(30's pack: ৳ 120.00),",(30's pack: ৳ 120.00)
26166,IMMUNOHBs,allopathic,immunohbsinjection180-iuml,Injection,Hepatitis b immune globulin,180 IU/ml,ZAS Corporation,"180 IU vial: ৳ 5,430.00",
6012,Immense,allopathic,immensetablet50-mg,Tablet,Sildenafil Citrate,50 mg,Biopharma Laboratories Ltd.,"Unit Price: ৳ 25.00,(12's pack: ৳ 300.00),",(12's pack: ৳ 300.00)
15939,Inarom,allopathic,inaromophthalmic-solution009,Ophthalmic Solution,Bromfenac Sodium,0.09%,Navana Pharmaceuticals Ltd.,5 ml drop: ৳ 100.30,
31035,Imuzin-B,allopathic,imuzin-btablet,Tablet,Vitamin B Complex + Zinc,,Beacon Pharmaceuticals Ltd.,"Unit Price: ৳ 3.00,(30's pack: ৳ 90.00),",(30's pack: ৳ 90.00)
31025,Imuzin-B,allopathic,imuzin-bsyrup,Syrup,Vitamin B Complex + Zinc,,Beacon Pharmaceuticals Ltd.,100 ml bottle: ৳ 55.00,
15152,Imuran,allopathic,imurantablet50-mg,Tablet,Azathioprine,50 mg,GlaxoSmithKline,"Unit Price: ৳ 16.00,(100's pack: ৳ 1,600.00),","(100's pack: ৳ 1,600.00)"
29803,Imitab,allopathic,imitabtablet100-mg,Tablet,Imatinib Mesylate,100 mg,Eskayef Pharmaceuticals Ltd.,"Unit Price: ৳ 100.00,(30's pack: ৳ 3,000.00),","(30's pack: ৳ 3,000.00)"
29804,Imitab,allopathic,imitabtablet400-mg,Tablet,Imatinib Mesylate,400 mg,Eskayef Pharmaceuticals Ltd.,"Unit Price: ৳ 350.00,(30's pack: ৳ 10,500.00),","(30's pack: ৳ 10,500.00)"
21050,Imiro,allopathic,imiroiv-injection350-mgml,IV Injection,Iohexol,350 mg/ml,Popular Pharmaceuticals Ltd.,"50 ml bottle: ৳ 1,000.00,100 ml bottle: ৳ 1,900.00",
8209,Imipen,allopathic,imipeniv-injection500-mg500-mgvial,IV Injection,Imipenem + Cilastatin,(500 mg+500 mg)/vial,Techno Drugs Ltd.,"500 mg vial: ৳ 1,295.00",
26081,Iminod,allopathic,iminodcream5,Cream,Imiquimod,5%,Ziska Pharmaceuticals Ltd.,10 gm tube: ৳ 275.00,
17947,Iminem,allopathic,iminemiv-injection250-mg250-mgvial,IV Injection,Imipenem + Cilastatin,(250 mg+250 mg)/vial,ACI Limited,250 mg vial: ৳ 650.00,
8208,Iminem,allopathic,iminemiv-injection500-mg500-mgvial,IV Injection,Imipenem + Cilastatin,(500 mg+500 mg)/vial,ACI Limited,"500 mg vial: ৳ 1,203.12",
26918,Imigra,allopathic,imigratablet10-mg,Tablet,Flunarizine,10 mg,Navana Pharmaceuticals Ltd.,"Unit Price: ৳ 5.00,(30's pack: ৳ 150.08),",(30's pack: ৳ 150.08)
26919,Imigra,allopathic,imigratablet5-mg,Tablet,Flunarizine,5 mg,Navana Pharmaceuticals Ltd.,"Unit Price: ৳ 3.50,(50's pack: ৳ 174.76),",(50's pack: ৳ 174.76)
2465,Indever,allopathic,indevertablet10-mg,Tablet,Propranolol Hydrochloride,10 mg,ACI Limited,"Unit Price: ৳ 0.51,(100's pack: ৳ 51.00),",(100's pack: ৳ 51.00)
2466,Indever,allopathic,indevertablet40-mg,Tablet,Propranolol Hydrochloride,40 mg,ACI Limited,"Unit Price: ৳ 1.50,(100's pack: ৳ 150.00),",(100's pack: ৳ 150.00)
21009,Indelix SR,allopathic,indelix-srtablet-sustained-release15-mg,Tablet (Sustained Release),Indapamide,1.5 mg,Beximco Pharmaceuticals Ltd.,"Unit Price: ৳ 6.00,(30's pack: ৳ 180.00),",(30's pack: ৳ 180.00)
29369,Indarol Easycap,allopathic,indarol-easycapinhalation-capsule150-mcg,Inhalation Capsule,Indacaterol Maleate,150 mcg,Healthcare Pharmaceuticals Ltd.,"Unit Price: ৳ 35.00,(30's pack: ৳ 1,050.00),","(30's pack: ৳ 1,050.00)"
29370,Indarol Easycap,allopathic,indarol-easycapinhalation-capsule300-mcg,Inhalation Capsule,Indacaterol Maleate,300 mcg,Healthcare Pharmaceuticals Ltd.,"Unit Price: ৳ 65.00,(30's pack: ৳ 1,950.00),","(30's pack: ৳ 1,950.00)"
2917,Indapril,allopathic,indapriltablet0625-mg2-mg,Tablet,Indapamide + Perindopril Arginine,0.625 mg+2 mg,Incepta Pharmaceuticals Ltd.,"Unit Price: ৳ 7.00,(30's pack: ৳ 210.00),",(30's pack: ৳ 210.00)
2918,Indapril,allopathic,indapriltablet125-mg4-mg,Tablet,Indapamide + Perindopril Arginine,1.25 mg+4 mg,Incepta Pharmaceuticals Ltd.,"Unit Price: ৳ 12.00,(20's pack: ৳ 240.00),",(20's pack: ৳ 240.00)
2822,Indapa-SR,allopathic,indapa-srtablet-sustained-release15-mg,Tablet (Sustained Release),Indapamide,1.5 mg,Drug International Ltd.,"Unit Price: ৳ 5.05,(50's pack: ৳ 252.50),",(50's pack: ৳ 252.50)
21022,Indapa-Plus,allopathic,indapa-plustablet125-mg2-mg,Tablet,Indapamide + Perindopril Arginine,1.25 mg+2 mg,Drug International Ltd.,"Unit Price: ৳ 6.05,(20's pack: ৳ 121.00),",(20's pack: ৳ 121.00)
21021,Indapa-Plus,allopathic,indapa-plustablet125-mg4-mg,Tablet,Indapamide + Perindopril Arginine,1.25 mg+4 mg,Drug International Ltd.,"Unit Price: ৳ 12.05,(10's pack: ৳ 120.50),",(10's pack: ৳ 120.50)
2821,Indamid SR,allopathic,indamid-srtablet-sustained-release15-mg,Tablet (Sustained Release),Indapamide,1.5 mg,Sharif Pharmaceuticals Ltd.,"Unit Price: ৳ 5.01,(30's pack: ৳ 150.30),",(30's pack: ৳ 150.30)
25258,Indag-Met,allopathic,indag-mettablet50-mg850-mg,Tablet,Vildagliptin + Metformin Hydrochloride,50 mg+850 mg,Pharmasia Limited,"Unit Price: ৳ 22.00,(20's pack: ৳ 440.00),",(20's pack: ৳ 440.00)
25257,Indag-Met,allopathic,indag-mettablet50-mg500-mg,Tablet,Vildagliptin + Metformin Hydrochloride,50 mg+500 mg,Pharmasia Limited,"Unit Price: ৳ 21.00,(20's pack: ৳ 420.00),",(20's pack: ৳ 420.00)
5691,Incrit-M,allopathic,incrit-mtablet50-mg1000-mg,Tablet,Sitagliptin + Metformin Hydrochloride,50 mg+1000 mg,Synovia pharma plc,"Unit Price: ৳ 22.07,(18's pack: ৳ 397.26),",(18's pack: ৳ 397.26)
5690,Incrit-M,allopathic,incrit-mtablet50-mg500-mg,Tablet,Sitagliptin + Metformin Hydrochloride,50 mg+500 mg,Synovia pharma plc,"Unit Price: ৳ 20.06,(20's pack: ৳ 401.20),",(20's pack: ৳ 401.20)
5517,Incrit,allopathic,incrittablet50-mg,Tablet,Sitagliptin,50 mg,Synovia pharma plc,"Unit Price: ৳ 18.05,(20's pack: ৳ 361.00),",(20's pack: ৳ 361.00)
11300,Indoflam,allopathic,indoflamoral-suspension100-mg5-ml,Oral Suspension,Ibuprofen,100 mg/5 ml,Indo Bangla Pharmaceutical,100 ml bottle: ৳ 18.58,
25904,Indocef,allopathic,indocefpowder-for-suspension125-mg5-ml,Powder for Suspension,Cephradine,125 mg/5 ml,Indo Bangla Pharmaceutical,100 ml bottle: ৳ 80.00,
14360,Indocal,allopathic,indocaltablet500-mg,Tablet,Calcium Carbonate,500 mg,Indo Bangla Pharmaceutical,"Unit Price: ৳ 2.00,(30's pack: ৳ 60.00),",(30's pack: ৳ 60.00)
11320,Indo-A,allopathic,indo-asuppository100-mg,Suppository,Indomethacin (Rectal),100 mg,ACME Laboratories Ltd.,"Unit Price: ৳ 7.04,(10's pack: ৳ 70.40),",(10's pack: ৳ 70.40)
32724,Indimide SR,allopathic,indimide-srtablet-sustained-release15-mg,Tablet (Sustained Release),Indapamide,1.5 mg,Healthcare Pharmaceuticals Ltd.,"Unit Price: ৳ 6.50,(30's pack: ৳ 195.00),",(30's pack: ৳ 195.00)
32725,Indicontin,allopathic,indicontintablet-sustained-release15-mg,Tablet (Sustained Release),Indapamide,1.5 mg,Mundipharma (BD) Pvt. Ltd.,"Unit Price: ৳ 8.50,(30's pack: ৳ 255.00),",(30's pack: ৳ 255.00)
20998,Indica-G,allopathic,indica-ginhalation-capsule110-mcg50-mcg,Inhalation Capsule,Indacaterol + Glycopyrronium,110 mcg+50 mcg,ACME Laboratories Ltd.,"Unit Price: ৳ 40.00,(30's pack: ৳ 1,200.00),","(30's pack: ৳ 1,200.00)"
5518,Incrit,allopathic,incrittablet100-mg,Tablet,Sitagliptin,100 mg,Synovia pharma plc,"Unit Price: ৳ 30.09,(10's pack: ৳ 300.90),",(10's pack: ৳ 300.90)
21008,Inco SR,allopathic,inco-srtablet-sustained-release15-mg,Tablet (Sustained Release),Indapamide,1.5 mg,Innovative Pharma (Albion),"Unit Price: ৳ 10.40,(50's pack: ৳ 520.00),",(50's pack: ৳ 520.00)
6354,Inclox,allopathic,incloxcapsule500-mg,Capsule,Flucloxacillin Sodium,500 mg,Incepta Pharmaceuticals Ltd.,"Unit Price: ৳ 10.00,(50's pack: ৳ 500.00),",(50's pack: ৳ 500.00)
6353,Inclox,allopathic,incloxcapsule250-mg,Capsule,Flucloxacillin Sodium,250 mg,Incepta Pharmaceuticals Ltd.,"Unit Price: ৳ 5.50,(50's pack: ৳ 275.00),",(50's pack: ৳ 275.00)
3160,Inclaud,allopathic,inclaudtablet100-mg,Tablet,Cilostazol,100 mg,ACI Limited,"Unit Price: ৳ 10.00,(20's pack: ৳ 200.00),",(20's pack: ৳ 200.00)
26446,Inbuten,allopathic,inbutenpowder-for-suspension90-mg5-ml,Powder for Suspension,Ceftibuten Dihydrate,90 mg/5 ml,Radiant Pharmaceuticals Ltd.,60 ml bottle: ৳ 480.00,
26445,Inbuten,allopathic,inbutencapsule400-mg,Capsule,Ceftibuten Dihydrate,400 mg,Radiant Pharmaceuticals Ltd.,"Unit Price: ৳ 120.00,(10's pack: ৳ 1,200.00),","(10's pack: ৳ 1,200.00)"
15661,Indula,allopathic,indulatablet200-mcg,Tablet,Misoprostol,200 mcg,Renata Limited,"Unit Price: ৳ 15.00,(30's pack: ৳ 450.00),",(30's pack: ৳ 450.00)
23280,Inducin,allopathic,inducinimiv-injection10-iuml,IM/IV Injection,Oxytocin,10 IU/ml,Incepta Pharmaceuticals Ltd.,"10 IU ampoule: ৳ 25.00,(10's pack: ৳ 250.00),",(10's pack: ৳ 250.00)
25625,Indozith,allopathic,indozithcapsule250-mg,Capsule,Azithromycin Dihydrate,250 mg,Indo Bangla Pharmaceutical,"Unit Price: ৳ 30.00,(6's pack: ৳ 180.00),",(6's pack: ৳ 180.00)
25626,Indozith,allopathic,indozithtablet500-mg,Tablet,Azithromycin Dihydrate,500 mg,Indo Bangla Pharmaceutical,"Unit Price: ৳ 30.00,(6's pack: ৳ 180.00),",(6's pack: ৳ 180.00)
25627,Indozith,allopathic,indozithcapsule500-mg,Capsule,Azithromycin Dihydrate,500 mg,Indo Bangla Pharmaceutical,"15 ml bottle: ৳ 85.00,35 ml bottle: ৳ 120.00",
11328,Indoxyl,allopathic,indoxylcapsule25-mg,Capsule,Indomethacin (Oral),25 mg,Jayson Pharmaceuticals Ltd.,"Unit Price: ৳ 0.63,(100's pack: ৳ 63.00),",(100's pack: ৳ 63.00)
8385,Indox,allopathic,indoxcapsule100-mg,Capsule,Doxycycline Hydrochloride,100 mg,Indo Bangla Pharmaceutical,"Unit Price: ৳ 2.00,(100's pack: ৳ 200.00),",(100's pack: ৳ 200.00)
8311,Indotetra,allopathic,indotetracapsule500-mg,Capsule,Tetracycline Hydrochloride (Oral),500 mg,Indo Bangla Pharmaceutical,"Unit Price: ৳ 1.50,(100's pack: ৳ 150.00),",(100's pack: ৳ 150.00)
8312,Indotetra,allopathic,indotetracapsule250-mg,Capsule,Tetracycline Hydrochloride (Oral),250 mg,Indo Bangla Pharmaceutical,"Unit Price: ৳ 0.80,(100's pack: ৳ 80.00),",(100's pack: ৳ 80.00)
11343,Indoseem,allopathic,indoseemcapsule25-mg,Capsule,Indomethacin (Oral),25 mg,Seema Pharmaceuticals Ltd.,"Unit Price: ৳ 0.70,(100's pack: ৳ 70.00),",(100's pack: ৳ 70.00)
11327,Indorex,allopathic,indorexcapsule25-mg,Capsule,Indomethacin (Oral),25 mg,Medimet Pharmaceuticals Ltd.,"Unit Price: ৳ 1.00,(150's pack: ৳ 150.00),,Unit Price: ৳ 1.00,(100's pack: ৳ 100.00),","(150's pack: ৳ 150.00),(100's pack: ৳ 100.00)"
11518,Indoprox,allopathic,indoproxtablet500-mg,Tablet,Naproxen Sodium,500 mg,Indo Bangla Pharmaceutical,"Unit Price: ৳ 7.00,(30's pack: ৳ 210.00),",(30's pack: ৳ 210.00)
11517,Indoprox,allopathic,indoproxtablet250-mg,Tablet,Naproxen Sodium,250 mg,Indo Bangla Pharmaceutical,"Unit Price: ৳ 5.33,(30's pack: ৳ 160.00),",(30's pack: ৳ 160.00)
13888,Indoplex B,allopathic,indoplex-btablet,Tablet,Vitamin B complex,,Indo Bangla Pharmaceutical,"Unit Price: ৳ 0.40,(45's pack: ৳ 18.00),",(45's pack: ৳ 18.00)
13887,Indoplex,allopathic,indoplexsyrup,Syrup,Vitamin B complex,,Indo Bangla Pharmaceutical,"100 ml bottle: ৳ 20.70,200 ml bottle: ৳ 38.00",
604,Indophyllin,allopathic,indophyllintablet100-mg,Tablet,Aminophylline,100 mg,Indo Bangla Pharmaceutical,"Unit Price: ৳ 0.42,(100's pack: ৳ 42.00),",(100's pack: ৳ 42.00)
27879,Infecef,allopathic,infecefim-injection1-gmvial,IM Injection,Ceftriaxone Sodium,1 gm/vial,Alco Pharma Ltd.,1 gm vial: ৳ 190.58,
27878,Infecef,allopathic,infecefim-injection500-mgvial,IM Injection,Ceftriaxone Sodium,500 mg/vial,Alco Pharma Ltd.,500 mg vial: ৳ 130.39,
27881,Infecef,allopathic,infecefiv-injection2-gmvial,IV Injection,Ceftriaxone Sodium,2 gm/vial,Alco Pharma Ltd.,2 gm vial: ৳ 300.90,
25822,Infanil,allopathic,infaniltablet250-mg,Tablet,Cefuroxime Axetil,250 mg,Novelta Bestway Pharma Ltd.,"Unit Price: ৳ 25.08,(12's pack: ৳ 300.96),",(12's pack: ৳ 300.96)
25823,Infanil,allopathic,infaniltablet500-mg,Tablet,Cefuroxime Axetil,500 mg,Novelta Bestway Pharma Ltd.,"Unit Price: ৳ 45.00,(8's pack: ৳ 360.00),",(8's pack: ৳ 360.00)
25824,Infanil,allopathic,infanilpowder-for-suspension125-mg5-ml,Powder for Suspension,Cefuroxime Axetil,125 mg/5 ml,Novelta Bestway Pharma Ltd.,70 ml bottle: ৳ 198.60,
7582,Infa-3,allopathic,infa-3capsule400-mg,Capsule,Cefixime Trihydrate,400 mg,Novelta Bestway Pharma Ltd.,"Unit Price: ৳ 50.15,(8's pack: ৳ 401.20),",(8's pack: ৳ 401.20)
7583,Infa-3,allopathic,infa-3powder-for-suspension100-mg5-ml,Powder for Suspension,Cefixime Trihydrate,100 mg/5 ml,Novelta Bestway Pharma Ltd.,50 ml bottle: ৳ 195.59,
7581,Infa-3,allopathic,infa-3capsule200-mg,Capsule,Cefixime Trihydrate,200 mg,Novelta Bestway Pharma Ltd.,"Unit Price: ৳ 35.11,(12's pack: ৳ 421.32),",(12's pack: ৳ 421.32)
11326,Indomin,allopathic,indomincapsule25-mg,Capsule,Indomethacin (Oral),25 mg,Reliance Pharmaceuticals Ltd.,"Unit Price: ৳ 1.00,(100's pack: ৳ 100.00),",(100's pack: ৳ 100.00)
11325,Indomethacin,allopathic,indomethacincapsule25-mg,Capsule,Indomethacin (Oral),25 mg,Bristol Pharmaceuticals Ltd.,"Unit Price: ৳ 0.60,(100's pack: ৳ 60.00),",(100's pack: ৳ 60.00)
11322,Indomet SR,allopathic,indomet-srcapsule-sustained-release75-mg,Capsule (Sustained Release),Indomethacin (Oral),75 mg,Opsonin Pharma Ltd.,"Unit Price: ৳ 4.02,(50's pack: ৳ 201.00),",(50's pack: ৳ 201.00)
11321,Indomet,allopathic,indometcapsule25-mg,Capsule,Indomethacin (Oral),25 mg,Opsonin Pharma Ltd.,"Unit Price: ৳ 1.00,(100's pack: ৳ 100.00),",(100's pack: ৳ 100.00)
11323,Indomet,allopathic,indometsuppository100-mg,Suppository,Indomethacin (Rectal),100 mg,Opsonin Pharma Ltd.,"Unit Price: ৳ 7.06,(25's pack: ৳ 176.50),",(25's pack: ৳ 176.50)
5404,Informet,allopathic,informettablet500-mg,Tablet,Metformin Hydrochloride,500 mg,Beximco Pharmaceuticals Ltd.,"Unit Price: ৳ 3.00,(100's pack: ৳ 300.00),",(100's pack: ৳ 300.00)
5405,Informet,allopathic,informettablet850-mg,Tablet,Metformin Hydrochloride,850 mg,Beximco Pharmaceuticals Ltd.,"Unit Price: ৳ 4.45,(60's pack: ৳ 267.00),",(60's pack: ৳ 267.00)
5403,Info-850,allopathic,info-850tablet850-mg,Tablet,Metformin Hydrochloride,850 mg,Bristol Pharmaceuticals Ltd.,"Unit Price: ৳ 3.00,(50's pack: ৳ 150.00),",(50's pack: ৳ 150.00)
5402,Info-500,allopathic,info-500tablet500-mg,Tablet,Metformin Hydrochloride,500 mg,Bristol Pharmaceuticals Ltd.,"Unit Price: ৳ 2.00,(50's pack: ৳ 100.00),",(50's pack: ৳ 100.00)
15216,Influvax Tetra,allopathic,influvax-tetraim-injection05-mlprefilled-syringe,IM Injection,Inactivated Influenza Vaccine,0.5 ml/prefilled syringe,Incepta Pharmaceuticals Ltd.,0.5 ml pre-filled syringe: ৳ 950.00,
528,Influ,allopathic,influsyrup50-mg5-ml,Syrup,Amantadine Hydrochloride,50 mg/5 ml,Peoples Pharma Ltd.,100 ml bottle: ৳ 35.17,
527,Influ,allopathic,influcapsule100-mg,Capsule,Amantadine Hydrochloride,100 mg,Peoples Pharma Ltd.,"Unit Price: ৳ 3.00,(60's pack: ৳ 180.00),",(60's pack: ৳ 180.00)
11545,Inflect,allopathic,inflecttablet-delayed-release375-mg20-mg,Tablet (Delayed Release),Naproxen Sodium + Esomeprazole Magnesium,375 mg+20 mg,Kemiko Pharmaceuticals Ltd.,"Unit Price: ৳ 8.02,(20's pack: ৳ 160.40),",(20's pack: ৳ 160.40)
11546,Inflect,allopathic,inflecttablet-delayed-release500-mg20-mg,Tablet (Delayed Release),Naproxen Sodium + Esomeprazole Magnesium,500 mg+20 mg,Kemiko Pharmaceuticals Ltd.,"Unit Price: ৳ 10.03,(20's pack: ৳ 200.60),",(20's pack: ৳ 200.60)
15769,Inflavis,allopathic,inflavisophthalmic-solution01,Ophthalmic Solution,Dexamethasone (Ophthalmic),0.10%,Beximco Pharmaceuticals Ltd.,5 ml drop: ৳ 70.00,
10905,Inflam-D,allopathic,inflam-dtablet200-mg,Tablet,Dexibuprofen,200 mg,Synovia pharma plc,"Unit Price: ৳ 3.02,(100's pack: ৳ 302.00),",(100's pack: ৳ 302.00)
10906,Inflam-D,allopathic,inflam-dtablet300-mg,Tablet,Dexibuprofen,300 mg,Synovia pharma plc,"Unit Price: ৳ 4.03,(100's pack: ৳ 403.00),",(100's pack: ৳ 403.00)
10907,Inflam-D,allopathic,inflam-dtablet400-mg,Tablet,Dexibuprofen,400 mg,Synovia pharma plc,"Unit Price: ৳ 5.04,(50's pack: ৳ 252.00),",(50's pack: ৳ 252.00)
11281,Inflam,allopathic,inflamtablet200-mg,Tablet,Ibuprofen,200 mg,Synovia pharma plc,"Unit Price: ৳ 0.88,(100's pack: ৳ 88.00),",(100's pack: ৳ 88.00)
11283,Inflam,allopathic,inflamoral-suspension100-mg5-ml,Oral Suspension,Ibuprofen,100 mg/5 ml,Synovia pharma plc,100 ml bottle: ৳ 33.80,
11282,Inflam,allopathic,inflamtablet400-mg,Tablet,Ibuprofen,400 mg,Synovia pharma plc,"Unit Price: ৳ 1.43,(100's pack: ৳ 143.00),",(100's pack: ৳ 143.00)
10034,Infud,allopathic,infudtablet250-mg,Tablet,Terbinafine Hydrochloride,250 mg,General Pharmaceuticals Ltd.,"Unit Price: ৳ 40.25,(4's pack: ৳ 161.00),",(4's pack: ৳ 161.00)
180,Infovir,allopathic,infovirtablet10-mg,Tablet,Adefovir Dipivoxil,10 mg,Incepta Pharmaceuticals Ltd.,"Unit Price: ৳ 35.00,(20's pack: ৳ 700.00),",(20's pack: ৳ 700.00)
32489,Informet XR,allopathic,informet-xrtablet-extended-release500-mg,Tablet (Extended Release),Metformin Hydrochloride,500 mg,Beximco Pharmaceuticals Ltd.,"Unit Price: ৳ 6.00,(30's pack: ৳ 180.00),",(30's pack: ৳ 180.00)
32490,Informet XR,allopathic,informet-xrtablet-extended-release750-mg,Tablet (Extended Release),Metformin Hydrochloride,750 mg,Beximco Pharmaceuticals Ltd.,"Unit Price: ৳ 9.00,(30's pack: ৳ 270.00),",(30's pack: ৳ 270.00)
22092,Informet LA,allopathic,informet-lalong-acting-tablet750-mg,Long Acting Tablet,Metformin Hydrochloride,750 mg,Beximco Pharmaceuticals Ltd.,"Unit Price: ৳ 7.00,(60's pack: ৳ 420.00),",(60's pack: ৳ 420.00)
5406,Informet LA,allopathic,informet-lalong-acting-tablet500-mg,Long Acting Tablet,Metformin Hydrochloride,500 mg,Beximco Pharmaceuticals Ltd.,"Unit Price: ৳ 5.00,(100's pack: ৳ 500.00),",(100's pack: ৳ 500.00)
29092,Informet LA,allopathic,informet-lalong-acting-tablet1000-mg,Long Acting Tablet,Metformin Hydrochloride,1000 mg,Beximco Pharmaceuticals Ltd.,"Unit Price: ৳ 8.00,(60's pack: ৳ 480.00),",(60's pack: ৳ 480.00)
5815,Inflagic,allopathic,inflagictablet20-mg,Tablet,Prednisolone,20 mg,Square Pharmaceuticals Ltd.,"Unit Price: ৳ 6.27,(50's pack: ৳ 313.50),",(50's pack: ৳ 313.50)
27136,Inflagen,allopathic,inflagenophthalmic-suspension0103,Ophthalmic Suspension,Fluorometholone + Gentamicin,0.1%+0.3%,Asiatic Laboratories Ltd.,5 ml drop: ৳ 130.00,
15863,Infladex-TN,allopathic,infladex-tnophthalmic-solution0103,Ophthalmic Solution,Dexamethasone + Tobramycin,0.1%+0.3%,Biopharma Laboratories Ltd.,5 ml drop: ৳ 150.00,
15780,Infladex,allopathic,infladexophthalmic-solution01,Ophthalmic Solution,Dexamethasone (Ophthalmic),0.10%,Biopharma Laboratories Ltd.,5 ml drop: ৳ 70.00,
11344,Inflacin,allopathic,inflacincapsule25-mg,Capsule,Indomethacin (Oral),25 mg,Rephco Pharmaceuticals Ltd.,"Unit Price: ৳ 0.60,(100's pack: ৳ 60.00),",(100's pack: ৳ 60.00)
27877,Infecef,allopathic,infecefim-injection250-mgvial,IM Injection,Ceftriaxone Sodium,250 mg/vial,Alco Pharma Ltd.,250 mg vial: ৳ 100.30,
20428,Inomet,allopathic,inometophthalmic-suspension01,Ophthalmic Suspension,Fluorometholone Acetate,0.10%,Monicopharma Ltd.,5 ml drop: ৳ 100.00,
2384,Inolac,allopathic,inolacoral-solution335-gm5-ml,Oral Solution,Lactulose,3.35 gm/5 ml,Incepta Pharmaceuticals Ltd.,100 ml bottle: ৳ 120.00,
13141,Inofar,allopathic,inofariv-injection-or-infusion100-mg5-ml,IV Injection or Infusion,Iron Sucrose Injection [Elemental Iron],100 mg/5 ml,Aristopharma Ltd.,5 ml ampoule: ৳ 300.00,
27611,Innocan,allopathic,innocancapsule50-mg,Capsule,Fluconazole,50 mg,Pharmacil Limited,"Unit Price: ৳ 9.00,(30's pack: ৳ 270.00),",(30's pack: ৳ 270.00)
27612,Innocan,allopathic,innocancapsule150-mg,Capsule,Fluconazole,150 mg,Pharmacil Limited,"Unit Price: ৳ 22.00,(12's pack: ৳ 264.00),",(12's pack: ৳ 264.00)
15418,Inket,allopathic,inkettablet10-mg,Tablet,Ketorolac Tromethamine,10 mg,Indo Bangla Pharmaceutical,"Unit Price: ৳ 10.00,(40's pack: ৳ 400.00),",(40's pack: ৳ 400.00)
32431,Injefer,allopathic,injeferiv-injection-or-infusion1-gm20-ml,IV Injection or Infusion,Ferric Carboxymaltose,1 gm/20 ml,Opsonin Pharma Ltd.,"20 ml vial: ৳ 1,300.00",
32432,Injefer,allopathic,injeferiv-injection-or-infusion100-mg2-ml,IV Injection or Infusion,Ferric Carboxymaltose,100 mg/2 ml,Opsonin Pharma Ltd.,2 ml vial: ৳ 400.00,
32433,Injefer,allopathic,injeferiv-injection-or-infusion500-mg10-ml,IV Injection or Infusion,Ferric Carboxymaltose,500 mg/10 ml,Opsonin Pharma Ltd.,10 ml vial: ৳ 700.00,
3302,Inj. K MM,allopathic,inj-k-mminjection2-mg02-ml,Injection,Phytomenadione (Injection),2 mg/0.2 ml,Incepta Pharmaceuticals Ltd.,"2 mg ampoule: ৳ 19.89,(5's pack: ৳ 99.45),",(5's pack: ৳ 99.45)
3301,Inj. K MM,allopathic,inj-k-mminjection10-mgml,Injection,Phytomenadione (Injection),10 mg/ml,Incepta Pharmaceuticals Ltd.,"10 mg ampoule: ৳ 45.86,(5's pack: ৳ 229.30),",(5's pack: ৳ 229.30)
17298,Initer,allopathic,initerivsc-injection10000-iu,IV/SC Injection,Erythropoietin Alfa,10000 IU,Healthcare Pharmaceuticals Ltd.,"10000 IU pre-filled syringe: ৳ 5,001.73",
17297,Initer,allopathic,initerivsc-injection5000-iu,IV/SC Injection,Erythropoietin Alfa,5000 IU,Healthcare Pharmaceuticals Ltd.,"5000 IU pre-filled syringe: ৳ 2,557.71",
17296,Initer,allopathic,initerivsc-injection3000-iu,IV/SC Injection,Erythropoietin Alfa,3000 IU,Healthcare Pharmaceuticals Ltd.,"3000 IU pre-filled syringe: ৳ 1,477.78",
17295,Initer,allopathic,initerivsc-injection2000-iu,IV/SC Injection,Erythropoietin Alfa,2000 IU,Healthcare Pharmaceuticals Ltd.,"2000 IU pre-filled syringe: ৳ 1,136.75",
1822,Inhibita,allopathic,inhibitacapsule-delayed-release40-mg,Capsule (Delayed Release),Omeprazole,40 mg,Delta Pharma Ltd.,"Unit Price: ৳ 7.00,(20's pack: ৳ 140.00),",(20's pack: ৳ 140.00)
8001,Inoxon,allopathic,inoxonim-injection250-mgvial,IM Injection,Ceftriaxone Sodium,250 mg/vial,Rephco Pharmaceuticals Ltd.,250 mg vial: ৳ 80.00,
8007,Inoxon,allopathic,inoxoniv-injection2-gmvial,IV Injection,Ceftriaxone Sodium,2 gm/vial,Rephco Pharmaceuticals Ltd.,2 gm vial: ৳ 300.00,
8004,Inoxon,allopathic,inoxoniv-injection250-mgvial,IV Injection,Ceftriaxone Sodium,250 mg/vial,Rephco Pharmaceuticals Ltd.,250 mg vial: ৳ 80.00,
11625,Inoten,allopathic,inotentablet20-mg,Tablet,Tenoxicam,20 mg,Opsonin Pharma Ltd.,"Unit Price: ৳ 8.03,(30's pack: ৳ 240.90),",(30's pack: ৳ 240.90)
2857,Inospiron,allopathic,inospirontablet25-mg,Tablet,Spironolactone,25 mg,Incepta Pharmaceuticals Ltd.,"Unit Price: ৳ 5.00,(100's pack: ৳ 500.00),",(100's pack: ৳ 500.00)
24676,Inospiron,allopathic,inospirontablet100-mg,Tablet,Spironolactone,100 mg,Incepta Pharmaceuticals Ltd.,"Unit Price: ৳ 18.00,(30's pack: ৳ 540.00),",(30's pack: ৳ 540.00)
15646,Inophos,allopathic,inophostablet400-mg,Tablet,Sevelamer Hydrochloride,400 mg,Incepta Pharmaceuticals Ltd.,"Unit Price: ৳ 30.00,(20's pack: ৳ 600.00),",(20's pack: ৳ 600.00)
1821,Inhibita,allopathic,inhibitacapsule-delayed-release20-mg,Capsule (Delayed Release),Omeprazole,20 mg,Delta Pharma Ltd.,"Unit Price: ৳ 4.00,(100's pack: ৳ 400.00),",(100's pack: ৳ 400.00)
15235,Ingovax ACWY,allopathic,ingovax-acwysc-injection50-mcg05-ml,SC Injection,Meningococcal Polysaccharide Vaccine,50 mcg/0.5 ml,Incepta Pharmaceuticals Ltd.,"0.5 ml vial: ৳ 1,000.00",
395,Infusol Plus,allopathic,infusol-plusiv-infusion095,IV Infusion,Sodium Chloride + Dextrose,0.9%+5%,Beacon Pharmaceuticals Ltd.,500 ml bottle: ৳ 126.00,
14851,Infusol,allopathic,infusoliv-infusion5,IV Infusion,Dextrose,5%,Beacon Pharmaceuticals Ltd.,500 ml bottle: ৳ 125.38,
19786,Infudex,allopathic,infudexiv-infusion10,IV Infusion,Dextrose,10%,Square Pharmaceuticals Ltd.,"500 ml bag: ৳ 78.20,1000 ml bag: ৳ 105.80",
19785,Infudex,allopathic,infudexiv-infusion5,IV Infusion,Dextrose,5%,Square Pharmaceuticals Ltd.,"500 ml bag: ৳ 71.30,1000 ml bag: ৳ 92.00",
10047,Infud,allopathic,infudcream1,Cream,Terbinafine Hydrochloride,1%,General Pharmaceuticals Ltd.,"5 gm tube: ৳ 50.00,10 gm tube: ৳ 70.00",
16792,Insul N,allopathic,insul-nsc-injection40-iuml,SC Injection,Insulin Human [Long-Acting],40 IU/ml,Popular Pharmaceuticals Ltd.,10 ml vial: ৳ 195.00,
16793,Insul N,allopathic,insul-nsc-injection100-iuml,SC Injection,Insulin Human [Long-Acting],100 IU/ml,Popular Pharmaceuticals Ltd.,10 ml vial: ৳ 415.00,
16836,Insul Glargine,allopathic,insul-glarginesc-injection100-iuml,SC Injection,Insulin Glargine [rDNA],100 IU/ml,Popular Pharmaceuticals Ltd.,3 ml vial: ৳ 600.00,
16813,Insul,allopathic,insulsc-injection3070-in-40-iuml,SC Injection,Insulin Human [rDNA] + Isophane Insulin Human,30%+70% in 40 IU/ml,Popular Pharmaceuticals Ltd.,10 ml vial: ৳ 195.00,
16814,Insul,allopathic,insulsc-injection3070-in-100-iuml,SC Injection,Insulin Human [rDNA] + Isophane Insulin Human,30%+70% in 100 IU/ml,Popular Pharmaceuticals Ltd.,10 ml vial: ৳ 415.00,
16815,Insul,allopathic,insulsc-injection3070-in-100-iuml,SC Injection,Insulin Human [rDNA] + Isophane Insulin Human,30%+70% in 100 IU/ml,Popular Pharmaceuticals Ltd.,"3 ml cartridge: ৳ 222.00,(5's pack: ৳ 1,110.00),","(5's pack: ৳ 1,110.00)"
16816,Insul,allopathic,insulsc-injection5050-in-100-iuml,SC Injection,Insulin Human [rDNA] + Isophane Insulin Human,50%+50% in 100 IU/ml,Popular Pharmaceuticals Ltd.,10 ml vial: ৳ 415.00,
26742,Instasia,allopathic,instasiatopical-gel1422,Topical Gel,Benzocaine + Butamben + Tetracaine Hydrochloride,14%+2%+2%,Ziska Pharmaceuticals Ltd.,30 gm tube: ৳ 350.00,
27262,Instacool Plus,allopathic,instacool-pluscream30104,Cream,Methyl Salicylate + Menthol + Camphor,30%+10%+4%,Medicon Pharmaceuticals Ltd.,15 gm tube: ৳ 93.18,
10859,Instacool,allopathic,instacoolcream308,Cream,Methyl Salicylate + Menthol,30%+8%,Medicon Pharmaceuticals Ltd.,25 gm tube: ৳ 59.00,
19784,Insta,allopathic,instaoral-powder100,Oral Powder,Dextrose,100%,Rephco Pharmaceuticals Ltd.,"10 gm sachet: ৳ 7.63,(15's pack: ৳ 114.45),",(15's pack: ৳ 114.45)
4347,Inspra,allopathic,inspratablet05-mg10-mg,Tablet,Flupentixol + Melitracen,0.5 mg+10 mg,Medicon Pharmaceuticals Ltd.,"Unit Price: ৳ 4.00,(50's pack: ৳ 200.00),",(50's pack: ৳ 200.00)
22113,Insimet XR,allopathic,insimet-xrtablet-extended-release500-mg,Tablet (Extended Release),Metformin Hydrochloride,500 mg,Ibn Sina Pharmaceuticals Ltd.,"Unit Price: ৳ 5.00,(50's pack: ৳ 250.00),",(50's pack: ৳ 250.00)
5407,Insimet,allopathic,insimettablet500-mg,Tablet,Metformin Hydrochloride,500 mg,Ibn Sina Pharmaceuticals Ltd.,"Unit Price: ৳ 4.00,(100's pack: ৳ 400.00),",(100's pack: ৳ 400.00)
5408,Insimet,allopathic,insimettablet850-mg,Tablet,Metformin Hydrochloride,850 mg,Ibn Sina Pharmaceuticals Ltd.,"Unit Price: ৳ 4.00,(50's pack: ৳ 200.00),",(50's pack: ৳ 200.00)
1710,Inseac,allopathic,inseactablet150-mg,Tablet,Ranitidine Hydrochloride,150 mg,Ibn Sina Pharmaceuticals Ltd.,"Unit Price: ৳ 2.49,(150's pack: ৳ 374.19),",(150's pack: ৳ 374.19)
16766,Insul R,allopathic,insul-rsc-injection100-iuml,SC Injection,Insulin Human [Fast-Acting],100 IU/ml,Popular Pharmaceuticals Ltd.,10 ml vial: ৳ 415.00,
11338,Insaid,allopathic,insaidcapsule25-mg,Capsule,Indomethacin (Oral),25 mg,ACI Limited,"Unit Price: ৳ 1.00,(100's pack: ৳ 100.00),",(100's pack: ৳ 100.00)
1708,Inran,allopathic,inrantablet150-mg,Tablet,Ranitidine Hydrochloride,150 mg,Monicopharma Ltd.,"Unit Price: ৳ 2.00,(100's pack: ৳ 200.00),",(100's pack: ৳ 200.00)
1823,Inpro,allopathic,inprocapsule-delayed-release20-mg,Capsule (Delayed Release),Omeprazole,20 mg,Biopharma Laboratories Ltd.,"Unit Price: ৳ 5.00,(100's pack: ৳ 500.25),",(100's pack: ৳ 500.25)
1824,Inpro,allopathic,inprocapsule-delayed-release40-mg,Capsule (Delayed Release),Omeprazole,40 mg,Biopharma Laboratories Ltd.,"Unit Price: ৳ 8.00,(60's pack: ৳ 480.00),",(60's pack: ৳ 480.00)
1825,Inpro,allopathic,inproiv-injection40-mgvial,IV Injection,Omeprazole,40 mg/vial,Biopharma Laboratories Ltd.,40 mg vial: ৳ 70.00,
29322,Inpoza,allopathic,inpozacapsule50-mg,Capsule,Olaparib,50 mg,Genvio Pharma Ltd.,"Unit Price: ৳ 800.00,(64's pack: ৳ 51,200.00),","(64's pack: ৳ 51,200.00)"
29324,Inpoza,allopathic,inpozatablet150-mg,Tablet,Olaparib,150 mg,Genvio Pharma Ltd.,"Unit Price: ৳ 2,000.00,(60's pack: ৳ 120,000.00),","(60's pack: ৳ 120,000.00)"
28486,Inpen,allopathic,inpeniv-injection-or-infusion1-gmvial,IV Injection or Infusion,Meropenem Trihydrate,1 gm/vial,Navana Pharmaceuticals Ltd.,"1 gm vial: ৳ 1,300.00",
28487,Inpen,allopathic,inpeniv-injection-or-infusion500-mgvial,IV Injection or Infusion,Meropenem Trihydrate,500 mg/vial,Navana Pharmaceuticals Ltd.,500 mg vial: ৳ 700.00,
8006,Inoxon,allopathic,inoxoniv-injection1-gmvial,IV Injection,Ceftriaxone Sodium,1 gm/vial,Rephco Pharmaceuticals Ltd.,1 gm vial: ৳ 160.00,
8005,Inoxon,allopathic,inoxoniv-injection500-mgvial,IV Injection,Ceftriaxone Sodium,500 mg/vial,Rephco Pharmaceuticals Ltd.,500 mg vial: ৳ 120.00,
16481,Integril,allopathic,integriliv-injection2-mgml,IV Injection,Eptifibatide,2 mg/ml,Incepta Pharmaceuticals Ltd.,"10 ml vial: ৳ 3,000.00",
30167,Intasone,allopathic,intasonecream1,Cream,Hydrocortisone Acetate,1%,Incepta Pharmaceuticals Ltd.,10 gm tube: ৳ 30.00,
5789,Intasone,allopathic,intasoneimiv-injection100-mg2-ml,IM/IV Injection,Hydrocortisone,100 mg/2 ml,Incepta Pharmaceuticals Ltd.,100 mg vial: ৳ 38.00,
20867,Intasone,allopathic,intasonetablet10-mg,Tablet,Hydrocortisone,10 mg,Incepta Pharmaceuticals Ltd.,"Unit Price: ৳ 3.50,(30's pack: ৳ 105.00),",(30's pack: ৳ 105.00)
13040,Intasone,allopathic,intasonetablet20-mg,Tablet,Hydrocortisone,20 mg,Incepta Pharmaceuticals Ltd.,"Unit Price: ৳ 6.00,(30's pack: ৳ 180.00),",(30's pack: ৳ 180.00)
17377,Intas,allopathic,intastablet100-mg,Tablet,Aceclofenac,100 mg,Virgo Pharmaceuticals Ltd.,Unit Price: ৳ 3.50,
8399,Intamycin,allopathic,intamycinimiv-injection80-mg2-ml,IM/IV Injection,Gentamicin Sulfate (Injection),80 mg/2 ml,Incepta Pharmaceuticals Ltd.,"2 ml ampoule: ৳ 10.00,(10's pack: ৳ 100.00),",(10's pack: ৳ 100.00)
30418,Intamycin,allopathic,intamycinimiv-injection20-mg2-ml,IM/IV Injection,Gentamicin Sulfate (Injection),20 mg/2 ml,Incepta Pharmaceuticals Ltd.,"2 ml ampoule: ৳ 7.60,(10's pack: ৳ 76.00),",(10's pack: ৳ 76.00)
20978,Intaflam,allopathic,intaflamtablet400-mg,Tablet,Ibuprofen,400 mg,Incepta Pharmaceuticals Ltd.,"Unit Price: ৳ 1.00,(100's pack: ৳ 100.00),",(100's pack: ৳ 100.00)
11028,Intafenac Plus,allopathic,intafenac-plusim-injection75-mg20-mg2-ml,IM Injection,Diclofenac Sodium + Lidocaine Hydrochloride,(75 mg+20 mg)/2 ml,Incepta Pharmaceuticals Ltd.,"2 ml ampoule: ৳ 9.50,(10's pack: ৳ 95.00),",(10's pack: ৳ 95.00)
11137,Intafenac K,allopathic,intafenac-ktablet-immediate-release50-mg,Tablet (Immediate Release),Diclofenac Potassium,50 mg,Incepta Pharmaceuticals Ltd.,"Unit Price: ৳ 3.00,(50's pack: ৳ 150.00),",(50's pack: ৳ 150.00)
11026,Intafenac,allopathic,intafenactablet50-mg,Tablet,Diclofenac Sodium,50 mg,Incepta Pharmaceuticals Ltd.,"Unit Price: ৳ 0.75,(100's pack: ৳ 75.00),",(100's pack: ৳ 75.00)
29898,Intafenac,allopathic,intafenacophthalmic-solution01,Ophthalmic Solution,Diclofenac Sodium (Ophthalmic),0.10%,Incepta Pharmaceuticals Ltd.,5 ml drop: ৳ 100.00,
16824,Insuman Comb,allopathic,insuman-combsc-injection2575-in-100-iuml,SC Injection,Insulin Human [rDNA] + Isophane Insulin Human,25%+75% in 100 IU/ml,Synovia pharma plc,"3 ml cartridge: ৳ 310.00,(5's pack: ৳ 1,550.00),","(5's pack: ৳ 1,550.00)"
26834,Insuman Comb,allopathic,insuman-combsc-injection2575-in-100-iuml,SC Injection,Insulin Human [rDNA] + Isophane Insulin Human,25%+75% in 100 IU/ml,Synovia pharma plc,5 ml vial: ৳ 310.00,
16768,Insulet R,allopathic,insulet-rsc-injection100-iuml,SC Injection,Insulin Human [Fast-Acting],100 IU/ml,Aristopharma Ltd.,"4 ml vial: ৳ 169.70,10 ml vial: ৳ 415.00",
21446,Intez,allopathic,inteztablet25-mg,Tablet,Letrozole,2.5 mg,Genvio Pharma Ltd.,"Unit Price: ৳ 40.00,(30's pack: ৳ 1,200.00),","(30's pack: ৳ 1,200.00)"
29210,Inteum,allopathic,inteumtablet50-mg,Tablet,Tiemonium Methylsulphate,50 mg,Team Pharmaceuticals Ltd.,"Unit Price: ৳ 6.00,(50's pack: ৳ 300.00),",(50's pack: ৳ 300.00)
15173,Interon,allopathic,interonsc-injection45-miu05-ml,SC Injection,Interferon Alfa-2a [Recombinant],4.5 MIU/0.5 ml,Beacon Pharmaceuticals Ltd.,"4.5 MIU vial: ৳ 1,200.00",
16480,Integril,allopathic,integriliv-injection075-mgml,IV Injection,Eptifibatide,0.75 mg/ml,Incepta Pharmaceuticals Ltd.,"100 ml vial: ৳ 9,000.00",
16795,Insulet N,allopathic,insulet-nsc-injection100-iuml,SC Injection,Insulin Human [Long-Acting],100 IU/ml,Aristopharma Ltd.,"4 ml vial: ৳ 169.70,10 ml vial: ৳ 415.00",
16837,Insulet GN,allopathic,insulet-gnsc-injection100-iuml,SC Injection,Insulin Glargine [rDNA],100 IU/ml,Aristopharma Ltd.,3 ml vial: ৳ 600.00,
26425,Insulet ASP,allopathic,insulet-aspsc-injection100-iuml,SC Injection,Protamine Crystallised Insulin Aspart,100 IU/ml,Aristopharma Ltd.,3 ml vial: ৳ 450.00,
16819,Insulet,allopathic,insuletsc-injection5050-in-100-iuml,SC Injection,Insulin Human [rDNA] + Isophane Insulin Human,50%+50% in 100 IU/ml,Aristopharma Ltd.,"4 ml vial: ৳ 169.70,10 ml vial: ৳ 415.00",
16818,Insulet,allopathic,insuletsc-injection3070-in-100-iuml,SC Injection,Insulin Human [rDNA] + Isophane Insulin Human,30%+70% in 100 IU/ml,Aristopharma Ltd.,"4 ml vial: ৳ 169.70,10 ml vial: ৳ 415.00",
26702,Insulatard Penfill,allopathic,insulatard-penfillsc-injection100-iuml,SC Injection,Insulin Human [Long-Acting],100 IU/ml,Novo Nordisk Pharma (Pvt.) Ltd,"3 ml pen: ৳ 419.00,(5's pack: ৳ 2,095.00),","(5's pack: ৳ 2,095.00)"
16797,Insulatard HM,allopathic,insulatard-hmsc-injection100-iuml,SC Injection,Insulin Human [Long-Acting],100 IU/ml,Eskayef Pharmaceuticals Ltd.,10 ml vial: ৳ 415.00,
16796,Insulatard HM,allopathic,insulatard-hmsc-injection40-iuml,SC Injection,Insulin Human [Long-Acting],40 IU/ml,Eskayef Pharmaceuticals Ltd.,10 ml vial: ৳ 265.00,
16798,Insulatard Flexpen,allopathic,insulatard-flexpensc-injection100-iuml,SC Injection,Insulin Human [Long-Acting],100 IU/ml,Novo Nordisk Pharma (Pvt.) Ltd,"3 ml flexpen: ৳ 421.00,(5's pack: ৳ 2,105.00),","(5's pack: ৳ 2,105.00)"
13395,Ipec-Super,allopathic,ipec-supercapsule,Capsule,Iron Polymaltose Complex + Folic Acid + Zinc + Vitamin B-Complex,,Aristopharma Ltd.,"Unit Price: ৳ 6.00,(30's pack: ৳ 180.00),",(30's pack: ৳ 180.00)
16468,Ipec-Plus,allopathic,ipec-plustablet47-mg05-mg225-mg,Tablet,Iron Polymaltose Complex + Folic Acid + Zinc Sulfate,47 mg+0.5 mg+22.5 mg,Aristopharma Ltd.,"Unit Price: ৳ 3.50,(100's pack: ৳ 350.00),",(100's pack: ৳ 350.00)
29053,Ipadox,allopathic,ipadoxcapsule100-mg,Capsule,Doxycycline Hydrochloride,100 mg,Incepta Pharmaceuticals Ltd.,"Unit Price: ৳ 2.15,(100's pack: ৳ 215.00),",(100's pack: ৳ 215.00)
30094,IPAclean Hand Sanitizer,allopathic,ipaclean-hand-sanitizerhand-rub750125145,Hand Rub,Isopropyl Alcohol + Hydrogen Peroxide + Glycerol,75%+0.125%+1.45%,UniMed UniHealth,"10 ml pen: ৳ 75.00,50 ml bottle: ৳ 80.00,200 ml bottle (with dispenser): ৳ 210.00",
30093,IPAclean Hand Rub,allopathic,ipaclean-hand-rubhand-rub750125145,Hand Rub,Isopropyl Alcohol + Hydrogen Peroxide + Glycerol,75%+0.125%+1.45%,UniMed UniHealth,"10 ml pen: ৳ 75.00,50 ml bottle: ৳ 60.00,200 ml bottle (with dispenser): ৳ 210.00,1000 ml bottle: ৳ 700.00",
15638,Invokana,allopathic,invokanatablet100-mg,Tablet,Canagliflozin Hemihydrate,100 mg,Fresenius Kabi,"Unit Price: ৳ 75.66,(30's pack: ৳ 2,269.65),","(30's pack: ৳ 2,269.65)"
28312,Invega Sustenna,allopathic,invega-sustennaim-injection150-mgprefilled-syringe,IM Injection,Paliperidone Palmitate,150 mg/prefilled syringe,Janssen-Cilag,"150 mg pre-filled syringe: ৳ 9,093.18",
28311,Invega Sustenna,allopathic,invega-sustennaim-injection100-mgprefilled-syringe,IM Injection,Paliperidone Palmitate,100 mg/prefilled syringe,Janssen-Cilag,"100 mg pre-filled syringe: ৳ 9,093.18",
28310,Invega Sustenna,allopathic,invega-sustennaim-injection75-mgprefilled-syringe,IM Injection,Paliperidone Palmitate,75 mg/prefilled syringe,Janssen-Cilag,"75 mg pre-filled syringe: ৳ 9,093.18",
3321,Intrax,allopathic,intraximiv-injection500-mg5-ml,IM/IV Injection,Tranexamic Acid,500 mg/5 ml,Incepta Pharmaceuticals Ltd.,"5 ml ampoule: ৳ 50.00,(5's pack: ৳ 250.00),",(5's pack: ৳ 250.00)
3320,Intrax,allopathic,intraxcapsule500-mg,Capsule,Tranexamic Acid,500 mg,Incepta Pharmaceuticals Ltd.,"Unit Price: ৳ 16.00,(20's pack: ৳ 320.00),",(20's pack: ৳ 320.00)
3208,Intravas,allopathic,intravassc-injection4000-anti-xa-iu04-ml,SC Injection,Enoxaparin Sodium,4000 Anti-Xa IU/0.4 ml,Aristopharma Ltd.,0.4 ml pre-filled syringe: ৳ 350.00,
3209,Intravas,allopathic,intravassc-injection6000-anti-xa-iu06-ml,SC Injection,Enoxaparin Sodium,6000 Anti-Xa IU/0.6 ml,Aristopharma Ltd.,0.6 ml pre-filled syringe: ৳ 525.00,
3210,Intravas,allopathic,intravassc-injection8000-anti-xa-iu08-ml,SC Injection,Enoxaparin Sodium,8000 Anti-Xa IU/0.8 ml,Aristopharma Ltd.,0.8 ml pre-filled syringe: ৳ 550.00,
8251,Intrapen,allopathic,intrapeniv-injection-or-infusion1-gmvial,IV Injection or Infusion,Meropenem Trihydrate,1 gm/vial,General Pharmaceuticals Ltd.,"1 gm vial: ৳ 1,300.00",
8250,Intrapen,allopathic,intrapeniv-injection-or-infusion500-mgvial,IV Injection or Infusion,Meropenem Trihydrate,500 mg/vial,General Pharmaceuticals Ltd.,500 mg vial: ৳ 700.00,
29105,Intramol,allopathic,intramolophthalmic-solution05,Ophthalmic Solution,Timolol Maleate,0.50%,Beximco Pharmaceuticals Ltd.,5 ml drop: ৳ 70.21,
26895,Intralipid,allopathic,intralipidiv-infusion10,IV Infusion,Intravenous Fat Emulsion,10%,Orion Infusion Ltd.,"500 ml bottle: ৳ 1,200.00",
6906,Intracef DS,allopathic,intracef-dspowder-for-suspension250-mg5-ml,Powder for Suspension,Cephradine,250 mg/5 ml,Beximco Pharmaceuticals Ltd.,100 ml bottle: ৳ 120.00,
6903,Intracef,allopathic,intracefcapsule250-mg,Capsule,Cephradine,250 mg,Beximco Pharmaceuticals Ltd.,"Unit Price: ৳ 6.50,(48's pack: ৳ 311.84),",(48's pack: ৳ 311.84)
6907,Intracef,allopathic,intracefpediatric-drops125-mg125-ml,Pediatric Drops,Cephradine,125 mg/1.25 ml,Beximco Pharmaceuticals Ltd.,15 ml bottle: ৳ 50.00,
6904,Intracef,allopathic,intracefcapsule500-mg,Capsule,Cephradine,500 mg,Beximco Pharmaceuticals Ltd.,"Unit Price: ৳ 12.50,(36's pack: ৳ 450.00),",(36's pack: ৳ 450.00)
6905,Intracef,allopathic,intracefpowder-for-suspension125-mg5-ml,Powder for Suspension,Cephradine,125 mg/5 ml,Beximco Pharmaceuticals Ltd.,100 ml bottle: ৳ 80.00,
14380,IntraCal,allopathic,intracaltablet400-mg,Tablet,Calcium Orotate,400 mg,Incepta Pharmaceuticals Ltd.,"Unit Price: ৳ 8.00,(30's pack: ৳ 240.00),",(30's pack: ৳ 240.00)
14381,IntraCal,allopathic,intracaltablet740-mg,Tablet,Calcium Orotate,740 mg,Incepta Pharmaceuticals Ltd.,"Unit Price: ৳ 10.00,(30's pack: ৳ 300.00),",(30's pack: ৳ 300.00)
15723,Intobac,allopathic,intobacophthalmic-solution03,Ophthalmic Solution,Tobramycin (Ophthalmic),0.30%,Incepta Pharmaceuticals Ltd.,5 ml drop: ৳ 90.00,
25006,Intobac,allopathic,intobacnebuliser-solution300-mg5-ml,Nebuliser Solution,Tobramycin (Nebuliser Solution),300 mg/5 ml,Incepta Pharmaceuticals Ltd.,"5 ml ampoule: ৳ 100.00,(5's pack: ৳ 500.00),",(5's pack: ৳ 500.00)
6076,Intimate,allopathic,intimatetablet20-mg,Tablet,Tadalafil,20 mg,Square Pharmaceuticals Ltd.,"Unit Price: ৳ 60.18,(4's pack: ৳ 240.72),",(4's pack: ৳ 240.72)
6074,Intimate,allopathic,intimatetablet5-mg,Tablet,Tadalafil,5 mg,Square Pharmaceuticals Ltd.,"Unit Price: ৳ 18.05,(10's pack: ৳ 180.50),",(10's pack: ৳ 180.50)
6075,Intimate,allopathic,intimatetablet10-mg,Tablet,Tadalafil,10 mg,Square Pharmaceuticals Ltd.,"Unit Price: ৳ 35.11,(10's pack: ৳ 351.10),",(10's pack: ৳ 351.10)
26262,Iracet XR,allopathic,iracet-xrtablet-extended-release500-mg,Tablet (Extended Release),Levetiracetam,500 mg,Square Pharmaceuticals Ltd.,"Unit Price: ৳ 30.00,(12's pack: ৳ 360.00),",(12's pack: ৳ 360.00)
20764,Irigate,allopathic,irigateirrigation-solution15,Irrigation Solution,Glycine,1.50%,ACME Laboratories Ltd.,1000 ml bag: ৳ 80.24,
1411,Iriban SR,allopathic,iriban-srcapsule-sustained-release200-mg,Capsule (Sustained Release),Mebeverine Hydrochloride,200 mg,Incepta Pharmaceuticals Ltd.,"Unit Price: ৳ 10.00,(30's pack: ৳ 300.00),",(30's pack: ৳ 300.00)
1410,Iriban,allopathic,iribantablet135-mg,Tablet,Mebeverine Hydrochloride,135 mg,Incepta Pharmaceuticals Ltd.,"Unit Price: ৳ 6.00,(50's pack: ৳ 300.00),",(50's pack: ৳ 300.00)
28190,Iretavir,allopathic,iretavirtablet05-mg,Tablet,Entecavir,0.5 mg,Genvio Pharma Ltd.,"Unit Price: ৳ 48.00,(10's pack: ৳ 480.00),",(10's pack: ৳ 480.00)
28191,Iretavir,allopathic,iretavirtablet1-mg,Tablet,Entecavir,1 mg,Genvio Pharma Ltd.,"Unit Price: ৳ 90.00,(10's pack: ৳ 900.00),",(10's pack: ৳ 900.00)
2695,Irbes,allopathic,irbestablet150-mg,Tablet,Irbesartan,150 mg,Eskayef Pharmaceuticals Ltd.,"Unit Price: ৳ 9.00,(30's pack: ৳ 270.00),",(30's pack: ৳ 270.00)
2694,Irbes,allopathic,irbestablet75-mg,Tablet,Irbesartan,75 mg,Eskayef Pharmaceuticals Ltd.,"Unit Price: ৳ 5.00,(50's pack: ৳ 250.00),",(50's pack: ৳ 250.00)
22547,Iragon,allopathic,iragontablet-extended-release25-mg,Tablet (Extended Release),Mirabegron,25 mg,Drug International Ltd.,"Unit Price: ৳ 30.00,(28's pack: ৳ 840.00),",(28's pack: ৳ 840.00)
4937,Iracet,allopathic,iracettablet500-mg,Tablet,Levetiracetam,500 mg,Square Pharmaceuticals Ltd.,"Unit Price: ৳ 30.00,(20's pack: ৳ 600.00),",(20's pack: ৳ 600.00)
4939,Iracet,allopathic,iracetiv-infusion500-mg5-ml,IV Infusion,Levetiracetam,500 mg/5 ml,Square Pharmaceuticals Ltd.,"5 ml ampoule: ৳ 40.13,(6's pack: ৳ 240.78),",(6's pack: ৳ 240.78)
4938,Iracet,allopathic,iracetoral-solution500-mg5-ml,Oral Solution,Levetiracetam,500 mg/5 ml,Square Pharmaceuticals Ltd.,50 ml bottle: ৳ 200.61,
4936,Iracet,allopathic,iracettablet250-mg,Tablet,Levetiracetam,250 mg,Square Pharmaceuticals Ltd.,"Unit Price: ৳ 16.00,(30's pack: ৳ 480.00),",(30's pack: ৳ 480.00)
13548,IQ-Vit,allopathic,iq-vitsyrup,Syrup,Multivitamin & Cod Liver Oil,,Reliance Pharmaceuticals Ltd.,100 ml bottle: ৳ 80.00,
29111,Ipsavent,allopathic,ipsaventnebuliser-solution25-mg500-mcg3-ml,Nebuliser Solution,Salbutamol + Ipratropium (Solution for inhalation),(2.5 mg+500 mcg)/3 ml,UniMed UniHealth,"3 ml ampoule: ৳ 20.00,(10's pack: ৳ 200.00),",(10's pack: ৳ 200.00)
3636,Iprex,allopathic,iprexinhaler20-mcgpuff,Inhaler,Ipratropium Bromide (Inhaler),20 mcg/puff,Square Pharmaceuticals Ltd.,200 metered doses: ৳ 250.75,
3638,Iprex,allopathic,iprexnebuliser-solution250-mcgml,Nebuliser Solution,Ipratropium Bromide (Nebuliser Solution),250 mcg/ml,Square Pharmaceuticals Ltd.,20 ml bottle: ৳ 130.88,
3635,Ipratop,allopathic,ipratopnebuliser-solution250-mcgml,Nebuliser Solution,Ipratropium Bromide (Nebuliser Solution),250 mcg/ml,Incepta Pharmaceuticals Ltd.,20 ml bottle: ৳ 130.00,
21070,Iprasol,allopathic,iprasolinhaler100-mcg20-mcgpuff,Inhaler,Salbutamol + Ipratropium (Inhaler),(100 mcg+20 mcg)/puff,Beximco Pharmaceuticals Ltd.,"200 metered doses: ৳ 250.00,200 metered doses (Refill): ৳ 230.00",
29112,Iprasol,allopathic,iprasolnebuliser-solution25-mg500-mcgml,Nebuliser Solution,Salbutamol + Ipratropium (Solution for inhalation),(2.5 mg+500 mcg)/ml,Beximco Pharmaceuticals Ltd.,20 ml bottle: ৳ 225.00,
28437,Iprasol,allopathic,iprasolnebuliser-solution25-mg500-mcg3-ml,Nebuliser Solution,Salbutamol + Ipratropium (Solution for inhalation),(2.5 mg+500 mcg)/3 ml,Beximco Pharmaceuticals Ltd.,"3 ml ampoule: ৳ 18.00,(5's pack: ৳ 90.00),",(5's pack: ৳ 90.00)
26303,Ipramid,allopathic,ipramidnebuliser-solution250-mcgml,Nebuliser Solution,Ipratropium Bromide (Nebuliser Solution),250 mcg/ml,Beximco Pharmaceuticals Ltd.,20 ml bottle: ৳ 130.00,
3634,Ipramid,allopathic,ipramidinhaler20-mcgpuff,Inhaler,Ipratropium Bromide (Inhaler),20 mcg/puff,Beximco Pharmaceuticals Ltd.,200 metered doses: ৳ 220.00,
3682,Ipralin,allopathic,ipralininhaler100-mcg20-mcgpuff,Inhaler,Salbutamol + Ipratropium (Inhaler),(100 mcg+20 mcg)/puff,Aristopharma Ltd.,200 metered doses: ৳ 250.00,
16535,Ipin Plus,allopathic,ipin-plustablet5-mg50-mg,Tablet,Amlodipine Besilate + Atenolol,5 mg+50 mg,Chemist Laboratories  Ltd.,"Unit Price: ৳ 6.00,(30's pack: ৳ 180.00),",(30's pack: ৳ 180.00)
695,Ipin,allopathic,ipintablet5-mg,Tablet,Amlodipine Besilate,5 mg,Chemist Laboratories  Ltd.,"Unit Price: ৳ 4.00,(30's pack: ৳ 120.00),",(30's pack: ৳ 120.00)
14528,Ipical-M,allopathic,ipical-mtablet,Tablet,Calcium Carbonate + Vitamin D3 + Multimineral,,Ibn Sina Pharmaceuticals Ltd.,"Unit Price: ৳ 6.00,(30's pack: ৳ 180.00),",(30's pack: ৳ 180.00)
14443,Ipical-D,allopathic,ipical-dtablet500-mg200-iu,Tablet,Calcium Carbonate [Elemental source] + Vitamin D3,500 mg+200 IU,Ibn Sina Pharmaceuticals Ltd.,"Unit Price: ৳ 5.00,(15's pack: ৳ 75.00),,Unit Price: ৳ 5.00,(30's pack: ৳ 150.00),","(15's pack: ৳ 75.00),(30's pack: ৳ 150.00)"
18447,Ipical DX,allopathic,ipical-dxtablet600-mg400-iu,Tablet,Calcium Carbonate [Elemental source] + Vitamin D3,600 mg+400 IU,Ibn Sina Pharmaceuticals Ltd.,"Unit Price: ৳ 8.00,(30's pack: ৳ 240.00),",(30's pack: ৳ 240.00)
14305,Ipical,allopathic,ipicaltablet500-mg,Tablet,Calcium Carbonate,500 mg,Ibn Sina Pharmaceuticals Ltd.,"Unit Price: ৳ 3.50,(50's pack: ৳ 175.00),",(50's pack: ৳ 175.00)
30095,Ismigen,allopathic,ismigensublingual-tablet7-mg,Sublingual Tablet,Lyophilized Bacterial Lysate,7 mg,UniMed UniHealth,"Unit Price: ৳ 50.00,(30's pack: ৳ 1,500.00),","(30's pack: ৳ 1,500.00)"
30231,Isentin M,allopathic,isentin-mtablet25-mg850-mg,Tablet,Linagliptin + Metformin Hydrochloride,2.5 mg+850 mg,Healthcare Pharmaceuticals Ltd.,"Unit Price: ৳ 14.00,(30's pack: ৳ 420.00),",(30's pack: ৳ 420.00)
24583,Isodex,allopathic,isodexiv-infusion01843,IV Infusion,Sodium Chloride + Dextrose,0.18%+4.3%,Square Pharmaceuticals Ltd.,1000 ml bag: ৳ 91.34,
6357,Isoclox,allopathic,isocloxpowder-for-suspension125-mg5-ml,Powder for Suspension,Flucloxacillin Sodium,125 mg/5 ml,Globe Pharmaceuticals Ltd.,100 ml bottle: ৳ 60.00,
6355,Isoclox,allopathic,isocloxcapsule250-mg,Capsule,Flucloxacillin Sodium,250 mg,Globe Pharmaceuticals Ltd.,"Unit Price: ৳ 5.50,(20's pack: ৳ 110.00),",(20's pack: ৳ 110.00)
6356,Isoclox,allopathic,isocloxcapsule500-mg,Capsule,Flucloxacillin Sodium,500 mg,Globe Pharmaceuticals Ltd.,"Unit Price: ৳ 10.00,(24's pack: ৳ 240.00),",(24's pack: ৳ 240.00)
14444,Isocal-D,allopathic,isocal-dtablet500-mg200-iu,Tablet,Calcium Carbonate [Elemental source] + Vitamin D3,500 mg+200 IU,Doctor’s Chemical Works Ltd.,"Unit Price: ৳ 3.00,(30's pack: ৳ 90.00),",(30's pack: ৳ 90.00)
14306,Isocal,allopathic,isocaltablet500-mg,Tablet,Calcium Carbonate,500 mg,Doctor’s Chemical Works Ltd.,"Unit Price: ৳ 1.86,(30's pack: ৳ 55.80),",(30's pack: ৳ 55.80)
21158,Isobgul,allopathic,isobguleffervescent-powder35-gmsachet,Effervescent Powder,Ispaghula [Psyllium] Husk,3.5 gm/sachet,Eskayef Pharmaceuticals Ltd.,"3.5 gm sachet: ৳ 8.00,(20's pack: ৳ 160.00),",(20's pack: ৳ 160.00)
26759,Isobgul,allopathic,isobguleffervescent-powder35-gm54-gm,Effervescent Powder,Ispaghula [Psyllium] Husk,3.5 gm/5.4 gm,Eskayef Pharmaceuticals Ltd.,140 gm container: ৳ 395.00,
30232,Isentin M,allopathic,isentin-mtablet25-mg1000-mg,Tablet,Linagliptin + Metformin Hydrochloride,2.5 mg+1000 mg,Healthcare Pharmaceuticals Ltd.,"Unit Price: ৳ 16.00,(30's pack: ৳ 480.00),",(30's pack: ৳ 480.00)
30143,Isentin M,allopathic,isentin-mtablet25-mg500-mg,Tablet,Linagliptin + Metformin Hydrochloride,2.5 mg+500 mg,Healthcare Pharmaceuticals Ltd.,"Unit Price: ৳ 12.00,(30's pack: ৳ 360.00),",(30's pack: ৳ 360.00)
29215,Isentin,allopathic,isentintablet5-mg,Tablet,Linagliptin,5 mg,Healthcare Pharmaceuticals Ltd.,"Unit Price: ৳ 15.00,(20's pack: ৳ 300.00),",(20's pack: ৳ 300.00)
13372,Irovit-Z,allopathic,irovit-zsyrup,Syrup,Iron Polymaltose Complex + Vitamin B Complex + Zinc,,Medicon Pharmaceuticals Ltd.,"100 ml bottle: ৳ 48.86,200 ml bottle: ৳ 82.95",
13236,Irovit,allopathic,irovitcapsule-timed-release,Capsule (Timed Release),Iron + Folic acid + Vitamin B complex + Vitamin C,,Pharmadesh Laboratories Ltd.,"Unit Price: ৳ 2.75,(50's pack: ৳ 137.50),",(50's pack: ৳ 137.50)
17325,Irotin,allopathic,irotiniv-infusion20-mgml,IV Infusion,Irinotecan Hydrochloride,20 mg/ml,Techno Drugs Ltd.,"40 gm vial: ৳ 2,100.00,100 mg vial: ৳ 4,000.00",
26359,Irosuc,allopathic,irosuciv-injection-or-infusion100-mg5-ml,IV Injection or Infusion,Iron Sucrose Injection [Elemental Iron],100 mg/5 ml,ACI Limited,5 ml ampoule: ৳ 350.00,
8210,Iropen,allopathic,iropeniv-injection500-mg500-mgvial,IV Injection,Imipenem + Cilastatin,(500 mg+500 mg)/vial,Renata Limited,"500 mg vial: ৳ 1,295.00",
13310,Iron Z TR,allopathic,iron-z-trcapsule-timed-release150-mg05-mg618-mg,Capsule (Timed Release),Ferrous Sulfate + Folic Acid + Zinc Sulfate,150 mg+0.5 mg+61.8 mg,Hudson Pharmaceuticals Ltd.,"Unit Price: ৳ 2.50,(100's pack: ৳ 250.00),",(100's pack: ৳ 250.00)
13128,Iromia,allopathic,iromiasyrup50-mg5-ml,Syrup,Iron Polymaltose Complex,50 mg/5 ml,Opsonin Pharma Ltd.,200 ml bottle: ৳ 50.00,
13173,Irolic,allopathic,irolictablet200-mg200-mcg,Tablet,Ferrous Fumarate + Folic acid,200 mg+200 mcg,Ziska Pharmaceuticals Ltd.,"Unit Price: ৳ 0.39,(100's pack: ৳ 39.00),",(100's pack: ৳ 39.00)
30948,Iroject,allopathic,irojectiv-injection-or-infusion500-mg10-ml,IV Injection or Infusion,Ferric Carboxymaltose,500 mg/10 ml,Popular Pharmaceuticals Ltd.,10 ml vial: ৳ 700.00,
16469,Irobest,allopathic,irobesttablet47-mg05-mg225-mg,Tablet,Iron Polymaltose Complex + Folic Acid + Zinc Sulfate,47 mg+0.5 mg+22.5 mg,NIPRO JMI Pharma Ltd.,"Unit Price: ৳ 3.01,(60's pack: ৳ 180.60),",(60's pack: ৳ 180.60)
29325,Irmukin,allopathic,irmukintablet80-mg,Tablet,Osimertinib,80 mg,Genvio Pharma Ltd.,"Unit Price: ৳ 425.00,(30's pack: ৳ 12,750.00),","(30's pack: ৳ 12,750.00)"
31173,Irita,allopathic,iritaiv-infusion20-mgml,IV Infusion,Irinotecan Hydrochloride,20 mg/ml,Drug International Ltd.,"40 mg vial: ৳ 1,600.00,100 mg vial: ৳ 3,200.00",
1412,Irisyn,allopathic,irisyntablet135-mg,Tablet,Mebeverine Hydrochloride,135 mg,Ibn Sina Pharmaceuticals Ltd.,"Unit Price: ৳ 7.00,(50's pack: ৳ 350.00),",(50's pack: ৳ 350.00)
17256,Irinox,allopathic,irinoxiv-infusion20-mgml,IV Infusion,Irinotecan Hydrochloride,20 mg/ml,Beacon Pharmaceuticals Ltd.,"40 mg vial: ৳ 2,000.00,100 mg vial: ৳ 4,000.00",
17274,Irinotesin,allopathic,irinotesiniv-infusion20-mgml,IV Infusion,Irinotecan Hydrochloride,20 mg/ml,BOTS Pvt. Limited,"40 mg vial: ৳ 3,030.00,100 mg vial: ৳ 7,420.00",
17304,Irinotecan PhaRes,allopathic,irinotecan-pharesiv-infusion20-mgml,IV Infusion,Irinotecan Hydrochloride,20 mg/ml,Pharma Resources,"100 mg vial: ৳ 4,946.00",
15571,Irigon,allopathic,irigonirrigation-solution15,Irrigation Solution,Glycine,1.50%,Beximco Pharmaceuticals Ltd.,1000 ml bag: ৳ 82.62,
12199,Itchlor,allopathic,itchlororal-suspension5-mg5-ml,Oral Suspension,Loratadine,5 mg/5 ml,NIPRO JMI Pharma Ltd.,60 ml bottle: ৳ 30.21,
3704,Itchin DS,allopathic,itchin-dsophthalmic-solution4,Ophthalmic Solution,Sodium Cromoglicate [4%],4%,Gaco Pharmaceuticals Ltd.,10 ml drop: ৳ 75.23,
32948,Itchin,allopathic,itchinophthalmic-solution2,Ophthalmic Solution,Sodium Cromoglicate [2%],2%,Gaco Pharmaceuticals Ltd.,10 ml drop: ৳ 65.00,
9994,Itracon,allopathic,itraconcapsule100-mg,Capsule,Itraconazole,100 mg,Navana Pharmaceuticals Ltd.,"Unit Price: ৳ 15.06,(24's pack: ৳ 361.44),",(24's pack: ৳ 361.44)
29790,Itracon,allopathic,itraconcapsule200-mg,Capsule,Itraconazole,200 mg,Navana Pharmaceuticals Ltd.,"Unit Price: ৳ 28.00,(20's pack: ৳ 560.00),",(20's pack: ৳ 560.00)
32672,Itracap,allopathic,itracapcapsule100-mg,Capsule,Itraconazole,100 mg,Benham Pharmaceuticals Ltd.,Unit Price: ৳ 15.00,
9993,Itra,allopathic,itracapsule100-mg,Capsule,Itraconazole,100 mg,Square Pharmaceuticals Ltd.,"Unit Price: ৳ 15.10,(24's pack: ৳ 362.40),",(24's pack: ৳ 362.40)
13358,Itop CI,allopathic,itop-cicapsule-timed-release50-mg050-mg6180-mg,Capsule (Timed Release),Carbonyl Iron + Folic Acid + Zinc Sulfate,50 mg+0.50 mg+61.80 mg,Pharmasia Limited,"Unit Price: ৳ 3.00,(50's pack: ৳ 150.00),",(50's pack: ৳ 150.00)
27620,Itchsol,allopathic,itchsolcream13,Cream,Pramoxine Hydrochloride + Calamine,1%+3%,Incepta Pharmaceuticals Ltd.,20 gm tube: ৳ 95.00,
28205,Itchnil,allopathic,itchnilcream13,Cream,Pramoxine Hydrochloride + Calamine,1%+3%,Eskayef Pharmaceuticals Ltd.,20 gm tube: ৳ 95.00,
12198,Itchlor,allopathic,itchlortablet10-mg,Tablet,Loratadine,10 mg,NIPRO JMI Pharma Ltd.,"Unit Price: ৳ 3.03,(50's pack: ৳ 151.50),",(50's pack: ৳ 151.50)
30166,ItchCare,allopathic,itchcarecream201,Cream,Diphenhydramine Hydrochloride + Zinc Acetate,2%+0.1%,Incepta Pharmaceuticals Ltd.,10 gm tube: ৳ 35.00,
27514,Ispergul,allopathic,isperguleffervescent-powder35-gm54-gm,Effervescent Powder,Ispaghula [Psyllium] Husk,3.5 gm/5.4 gm,Square Pharmaceuticals Ltd.,120 gm container: ৳ 395.00,
27515,Ispergul,allopathic,isperguleffervescent-powder35-gmsachet,Effervescent Powder,Ispaghula [Psyllium] Husk,3.5 gm/sachet,Square Pharmaceuticals Ltd.,"3.5 gm sachet: ৳ 10.00,(15's pack: ৳ 150.00),",(15's pack: ৳ 150.00)
29672,Ispaghol,allopathic,ispagholeffervescent-powder35-gmsachet,Effervescent Powder,Ispaghula [Psyllium] Husk,3.5 gm/sachet,Hamdard Bangladesh,"3.5 gm sachet: ৳ 12.00,(25's pack: ৳ 300.00),",(25's pack: ৳ 300.00)
29256,Isovox,allopathic,isovoxtablet500-mg,Tablet,Levofloxacin Hemihydrate,500 mg,Al-Madina Pharmaceuticals Ltd.,"Unit Price: ৳ 13.00,(20's pack: ৳ 260.00),",(20's pack: ৳ 260.00)
15659,Isovent,allopathic,isoventtablet600-mcg,Tablet,Misoprostol,600 mcg,Square Pharmaceuticals Ltd.,"Unit Price: ৳ 40.13,(10's pack: ৳ 401.30),",(10's pack: ৳ 401.30)
15658,Isovent,allopathic,isoventtablet200-mcg,Tablet,Misoprostol,200 mcg,Square Pharmaceuticals Ltd.,"Unit Price: ৳ 15.10,(30's pack: ৳ 453.00),",(30's pack: ৳ 453.00)
12780,Isotrex,allopathic,isotrextopical-gel005,Topical Gel,Tretinoin (Topical),0.05%,GlaxoSmithKline,10 gm tube: ৳ 297.00,
18593,Isotear,allopathic,isotearophthalmic-gel02503,Ophthalmic Gel,Carboxymethylcellulose Sodium + Hypromellose,0.25%+0.3%,Popular Pharmaceuticals Ltd.,10 ml drop: ৳ 200.00,
9700,Isorifam,allopathic,isorifamcapsule300-mg150-mg,Capsule,Rifampicin + Isoniazid,300 mg+150 mg,ACME Laboratories Ltd.,"Unit Price: ৳ 6.65,(40's pack: ৳ 266.00),",(40's pack: ৳ 266.00)
9699,Isorifam,allopathic,isorifamcapsule150-mg100-mg,Capsule,Rifampicin + Isoniazid,150 mg+100 mg,ACME Laboratories Ltd.,"Unit Price: ৳ 3.97,(100's pack: ৳ 397.00),",(100's pack: ৳ 397.00)
374,Isoride,allopathic,isorideiv-infusion01843,IV Infusion,Sodium Chloride + Dextrose,0.18%+4.3%,Beximco Pharmaceuticals Ltd.,1000 ml bag: ৳ 91.34,
1425,Isonil,allopathic,isoniltablet5-mg,Tablet,Oxyphenonium Bromide,5 mg,Amico Laboratories Ltd.,"Unit Price: ৳ 1.41,(100's pack: ৳ 141.00),",(100's pack: ৳ 141.00)
15914,Isolon,allopathic,isolonophthalmic-suspension1,Ophthalmic Suspension,Prednisolone Acetate,1%,Ibn Sina Pharmaceuticals Ltd.,5 ml drop: ৳ 100.00,
25696,Isolol,allopathic,isololtablet5-mg,Tablet,Bisoprolol Hemifumarate,5 mg,Innovative Pharma (Albion),"Unit Price: ৳ 11.81,(50's pack: ৳ 590.30),",(50's pack: ৳ 590.30)
25695,Isolol,allopathic,isololtablet25-mg,Tablet,Bisoprolol Hemifumarate,2.5 mg,Innovative Pharma (Albion),"Unit Price: ৳ 7.08,(50's pack: ৳ 354.18),",(50's pack: ৳ 354.18)
2385,Isolac,allopathic,isolacoral-solution335-gm5-ml,Oral Solution,Lactulose,3.35 gm/5 ml,Concord Pharmaceuticals Ltd.,100 ml bottle: ৳ 140.00,
6358,Isoflu,allopathic,isoflucapsule500-mg,Capsule,Flucloxacillin Sodium,500 mg,Central Pharmaceuticals Ltd.,"Unit Price: ৳ 10.00,(40's pack: ৳ 400.00),",(40's pack: ৳ 400.00)
6359,Isoflu,allopathic,isoflupowder-for-suspension125-mg5-ml,Powder for Suspension,Flucloxacillin Sodium,125 mg/5 ml,Central Pharmaceuticals Ltd.,100 ml bottle: ৳ 60.00,
28719,Ivertin,allopathic,ivertintablet6-mg,Tablet,Ivermectin (Tablet),6 mg,Chemist Laboratories  Ltd.,"Unit Price: ৳ 15.00,(20's pack: ৳ 300.00),",(20's pack: ৳ 300.00)
10359,Ivera,allopathic,iveratablet6-mg,Tablet,Ivermectin (Tablet),6 mg,Beximco Pharmaceuticals Ltd.,"Unit Price: ৳ 15.00,(30's pack: ৳ 450.00),",(30's pack: ৳ 450.00)
28577,Ivera,allopathic,iveratablet12-mg,Tablet,Ivermectin (Tablet),12 mg,Beximco Pharmaceuticals Ltd.,"Unit Price: ৳ 30.00,(10's pack: ৳ 300.00),",(10's pack: ৳ 300.00)
26263,Iventi-D,allopathic,iventi-dophthalmic-solution0501,Ophthalmic Solution,Moxifloxacin Hydrochloride + Dexamethasone,0.5%+0.1%,Square Pharmaceuticals Ltd.,5 ml drop: ৳ 200.00,
6547,J-Mox,allopathic,j-moxcapsule500-mg,Capsule,Amoxicillin Trihydrate,500 mg,Ad-din Pharmaceuticals Ltd.,"Unit Price: ৳ 5.71,(50's pack: ৳ 285.50),",(50's pack: ৳ 285.50)
6546,J-Mox,allopathic,j-moxcapsule250-mg,Capsule,Amoxicillin Trihydrate,250 mg,Ad-din Pharmaceuticals Ltd.,"Unit Price: ৳ 2.86,(100's pack: ৳ 285.50),",(100's pack: ৳ 285.50)
18569,Izic,allopathic,iziccapsule-timed-release50-mg050-mg6180-mg,Capsule (Timed Release),Carbonyl Iron + Folic Acid + Zinc Sulfate,50 mg+0.50 mg+61.80 mg,Orbit Pharmaceuticals Ltd.,Unit Price: ৳ 3.00,
30155,Ivrenas,allopathic,ivrenastablet200-mg,Tablet,Favipiravir,200 mg,Genvio Pharma Ltd.,"Unit Price: ৳ 200.00,(20's pack: ৳ 4,000.00),","(20's pack: ৳ 4,000.00)"
26215,Ivolol,allopathic,ivololtablet25-mg,Tablet,Nebivolol Hydrochloride,2.5 mg,Incepta Pharmaceuticals Ltd.,"Unit Price: ৳ 7.00,(30's pack: ৳ 210.00),",(30's pack: ৳ 210.00)
22818,Ivolol,allopathic,ivololtablet5-mg,Tablet,Nebivolol Hydrochloride,5 mg,Incepta Pharmaceuticals Ltd.,"Unit Price: ৳ 10.00,(30's pack: ৳ 300.00),",(30's pack: ৳ 300.00)
29047,Iverum,allopathic,iverumtablet6-mg,Tablet,Ivermectin (Tablet),6 mg,Ziska Pharmaceuticals Ltd.,"Unit Price: ৳ 10.00,(10's pack: ৳ 100.00),",(10's pack: ৳ 100.00)
22680,Iventi,allopathic,iventiiv-infusion400-mg250-ml,IV Infusion,Moxifloxacin Hydrochloride (Injection),400 mg/250 ml,Square Pharmaceuticals Ltd.,250 ml bottle: ৳ 350.00,
9632,Iventi,allopathic,iventiophthalmic-solution05,Ophthalmic Solution,Moxifloxacin Hydrochloride (Ophthalmic),0.50%,Square Pharmaceuticals Ltd.,5 ml drop: ৳ 140.00,
9607,Iventi,allopathic,iventitablet400-mg,Tablet,Moxifloxacin Hydrochloride (Tablet),400 mg,Square Pharmaceuticals Ltd.,"Unit Price: ৳ 40.00,(12's pack: ৳ 480.00),",(12's pack: ৳ 480.00)
1280,Ivaten,allopathic,ivatentablet75-mg,Tablet,Ivabradine,7.5 mg,Drug International Ltd.,"Unit Price: ৳ 35.15,(10's pack: ৳ 351.50),",(10's pack: ৳ 351.50)
1281,Ivaten,allopathic,ivatentablet5-mg,Tablet,Ivabradine,5 mg,Drug International Ltd.,"Unit Price: ৳ 25.10,(10's pack: ৳ 251.00),",(10's pack: ৳ 251.00)
1278,Ivaprex,allopathic,ivaprextablet5-mg,Tablet,Ivabradine,5 mg,Incepta Pharmaceuticals Ltd.,"Unit Price: ৳ 23.00,(30's pack: ৳ 690.00),",(30's pack: ৳ 690.00)
1279,Ivaprex,allopathic,ivaprextablet75-mg,Tablet,Ivabradine,7.5 mg,Incepta Pharmaceuticals Ltd.,"Unit Price: ৳ 28.75,(10's pack: ৳ 287.50),,Unit Price: ৳ 28.75,(30's pack: ৳ 862.50),","(10's pack: ৳ 287.50),(30's pack: ৳ 862.50)"
1276,Ivanor,allopathic,ivanortablet75-mg,Tablet,Ivabradine,7.5 mg,Square Pharmaceuticals Ltd.,"Unit Price: ৳ 35.11,(10's pack: ৳ 351.10),",(10's pack: ৳ 351.10)
1277,Ivanor,allopathic,ivanortablet5-mg,Tablet,Ivabradine,5 mg,Square Pharmaceuticals Ltd.,"Unit Price: ৳ 25.08,(20's pack: ৳ 501.60),",(20's pack: ৳ 501.60)
14934,Ivana,allopathic,ivanatablet150-mg,Tablet,Ibandronic Acid,150 mg,Renata Limited,1 tablet kit: ৳ 995.00,
28748,Ivacure,allopathic,ivacuretablet6-mg,Tablet,Ivermectin (Tablet),6 mg,Eskayef Pharmaceuticals Ltd.,"Unit Price: ৳ 10.00,(10's pack: ৳ 100.00),",(10's pack: ৳ 100.00)
28747,Ivacure,allopathic,ivacuretablet3-mg,Tablet,Ivermectin (Tablet),3 mg,Eskayef Pharmaceuticals Ltd.,"Unit Price: ৳ 6.00,(30's pack: ৳ 180.00),",(30's pack: ৳ 180.00)
28714,Ivactin,allopathic,ivactintablet12-mg,Tablet,Ivermectin (Tablet),12 mg,Aristopharma Ltd.,"Unit Price: ৳ 30.00,(10's pack: ৳ 300.00),",(10's pack: ৳ 300.00)
28713,Ivactin,allopathic,ivactintablet6-mg,Tablet,Ivermectin (Tablet),6 mg,Aristopharma Ltd.,"Unit Price: ৳ 15.00,(10's pack: ৳ 150.00),",(10's pack: ৳ 150.00)
30625,Itropin,allopathic,itropinophthalmic-solution1,Ophthalmic Solution,Atropine Sulfate,1%,Nipa Pharmaceuticals Ltd.,10 ml drop: ৳ 25.29,
30944,Itrazen,allopathic,itrazencapsule100-mg,Capsule,Itraconazole,100 mg,Beacon Pharmaceuticals Ltd.,"Unit Price: ৳ 15.00,(30's pack: ৳ 450.00),",(30's pack: ৳ 450.00)
31148,Itranox,allopathic,itranoxcapsule100-mg,Capsule,Itraconazole,100 mg,Silva Pharmaceuticals Ltd.,"Unit Price: ৳ 15.00,(24's pack: ৳ 360.00),",(24's pack: ৳ 360.00)
27162,Itrafun,allopathic,itrafuncapsule100-mg,Capsule,Itraconazole,100 mg,Kumudini Pharma Ltd.,"Unit Price: ৳ 14.00,(20's pack: ৳ 280.00),",(20's pack: ৳ 280.00)
32671,Itrader,allopathic,itradercapsule100-mg,Capsule,Itraconazole,100 mg,UniMed UniHealth,"Unit Price: ৳ 15.00,(30's pack: ৳ 450.00),",(30's pack: ৳ 450.00)
12311,Jasocaine,allopathic,jasocaineinjection1,Injection,Lidocaine Hydrochloride (Injection),1%,Jayson Pharmaceuticals Ltd.,50 ml vial: ৳ 23.00,
12310,Jasocaine,allopathic,jasocainegel2,Gel,Lidocaine Hydrochloride (Jelly),2%,Jayson Pharmaceuticals Ltd.,"5 gm tube: ৳ 18.00,30 gm tube: ৳ 95.00",
12313,Jasocaine,allopathic,jasocaineinjection4,Injection,Lidocaine Hydrochloride (Injection),4%,Jayson Pharmaceuticals Ltd.,"2 ml ampoule: ৳ 3.74,(10's pack: ৳ 37.40),",(10's pack: ৳ 37.40)
28666,Jardimet,allopathic,jardimettablet5-mg500-mg,Tablet,Empagliflozin + Metformin Hydrochloride,5 mg+500 mg,Beximco Pharmaceuticals Ltd.,"Unit Price: ৳ 20.00,(30's pack: ৳ 600.00),",(30's pack: ৳ 600.00)
26447,Jardiance,allopathic,jardiancetablet10-mg,Tablet,Empagliflozin,10 mg,Boehringer Ingelheim,"Unit Price: ৳ 60.00,(90's pack: ৳ 5,400.00),","(90's pack: ৳ 5,400.00)"
10260,Jasochlor,allopathic,jasochlortablet250-mg,Tablet,Chloroquine Phosphate,250 mg,Jayson Pharmaceuticals Ltd.,"Unit Price: ৳ 1.21,(100's pack: ৳ 121.00),",(100's pack: ৳ 121.00)
14308,Jasocal,allopathic,jasocaltablet500-mg,Tablet,Calcium Carbonate,500 mg,Jayson Pharmaceuticals Ltd.,"Unit Price: ৳ 2.01,(50's pack: ৳ 100.50),",(50's pack: ৳ 100.50)
14307,Jasocal,allopathic,jasocalchewable-tablet250-mg,Chewable Tablet,Calcium Carbonate,250 mg,Jayson Pharmaceuticals Ltd.,"Unit Price: ৳ 1.51,(50's pack: ৳ 75.50),",(50's pack: ৳ 75.50)
16524,Jasocaine-A DC,allopathic,jasocaine-a-dcinjection2000125,Injection,Lidocaine + Epinephrine,2%+0.00125%,Jayson Pharmaceuticals Ltd.,"1.8 ml cartridge: ৳ 30.10,(5's pack: ৳ 150.50),",(5's pack: ৳ 150.50)
17454,Jasocaine-A,allopathic,jasocaine-ainjection200005,Injection,Lidocaine + Adrenaline,2%+0.0005%,Jayson Pharmaceuticals Ltd.,50 ml vial: ৳ 65.00,
30286,Jasocaine,allopathic,jasocainetopical-spray10-mgspray,Topical Spray,Lidocaine Hydrochloride (Spray),10 mg/spray,Jayson Pharmaceuticals Ltd.,30 ml bottle: ৳ 300.00,
12312,Jasocaine,allopathic,jasocaineinjection2,Injection,Lidocaine Hydrochloride (Injection),2%,Jayson Pharmaceuticals Ltd.,50 ml vial: ৳ 28.74,
26448,Jardiance,allopathic,jardiancetablet25-mg,Tablet,Empagliflozin,25 mg,Boehringer Ingelheim,"Unit Price: ৳ 77.00,(90's pack: ৳ 6,930.00),","(90's pack: ৳ 6,930.00)"
23728,Jardian,allopathic,jardiantablet10-mg,Tablet,Empagliflozin,10 mg,Beximco Pharmaceuticals Ltd.,"Unit Price: ৳ 25.00,(20's pack: ৳ 500.00),",(20's pack: ৳ 500.00)
23729,Jardian,allopathic,jardiantablet25-mg,Tablet,Empagliflozin,25 mg,Beximco Pharmaceuticals Ltd.,"Unit Price: ৳ 40.00,(10's pack: ৳ 400.00),",(10's pack: ৳ 400.00)
8169,Japime,allopathic,japimeimiv-injection1-gmvial,IM/IV Injection,Cefepime Hydrochloride,1 gm/vial,Jayson Pharmaceuticals Ltd.,1 gm vial: ৳ 551.65,
5504,Janvia,allopathic,janviatablet50-mg,Tablet,Sitagliptin,50 mg,ACME Laboratories Ltd.,"Unit Price: ৳ 15.04,(30's pack: ৳ 451.20),",(30's pack: ৳ 451.20)
5505,Janvia,allopathic,janviatablet100-mg,Tablet,Sitagliptin,100 mg,ACME Laboratories Ltd.,"Unit Price: ৳ 28.08,(10's pack: ৳ 280.80),",(10's pack: ৳ 280.80)
5680,Janmet,allopathic,janmettablet50-mg500-mg,Tablet,Sitagliptin + Metformin Hydrochloride,50 mg+500 mg,ACME Laboratories Ltd.,"Unit Price: ৳ 18.00,(30's pack: ৳ 540.00),",(30's pack: ৳ 540.00)
5681,Janmet,allopathic,janmettablet50-mg1000-mg,Tablet,Sitagliptin + Metformin Hydrochloride,50 mg+1000 mg,ACME Laboratories Ltd.,"Unit Price: ৳ 18.04,(20's pack: ৳ 360.80),",(20's pack: ৳ 360.80)
27278,Jaktor XR,allopathic,jaktor-xrtablet-extended-release11-mg,Tablet (Extended Release),Tofacitinib,11 mg,Beacon Pharmaceuticals Ltd.,"Unit Price: ৳ 75.00,(30's pack: ৳ 2,250.00),","(30's pack: ৳ 2,250.00)"
26018,Jaktor,allopathic,jaktortablet5-mg,Tablet,Tofacitinib,5 mg,Beacon Pharmaceuticals Ltd.,"Unit Price: ৳ 48.00,(30's pack: ৳ 1,440.00),","(30's pack: ৳ 1,440.00)"
26026,Jaknib,allopathic,jaknibtablet5-mg,Tablet,Tofacitinib,5 mg,Healthcare Pharmaceuticals Ltd.,"Unit Price: ৳ 48.00,(30's pack: ৳ 1,440.00),","(30's pack: ৳ 1,440.00)"
31253,Jakloc XR,allopathic,jakloc-xrtablet-extended-release11-mg,Tablet (Extended Release),Tofacitinib,11 mg,Popular Pharmaceuticals Ltd.,"Unit Price: ৳ 60.00,(10's pack: ৳ 600.00),",(10's pack: ৳ 600.00)
28449,Jakloc,allopathic,jakloctablet5-mg,Tablet,Tofacitinib,5 mg,Popular Pharmaceuticals Ltd.,"Unit Price: ৳ 48.00,(10's pack: ৳ 480.00),",(10's pack: ৳ 480.00)
26681,Jakavi,allopathic,jakavitablet5-mg,Tablet,Ruxolitinib,5 mg,Novartis (Bangladesh) Ltd.,"Unit Price: ৳ 3,906.41,(56's pack: ৳ 218,758.71),","(56's pack: ৳ 218,758.71)"
32533,Jafa,allopathic,jafatablet8-mg,Tablet,Ondansetron,8 mg,Doctor TIMS Pharmaceuticals Ltd.,"Unit Price: ৳ 10.00,(30's pack: ৳ 300.00),",(30's pack: ৳ 300.00)
14558,J-Zinc,allopathic,j-zincsyrup10-mg5-ml,Syrup,Zinc Sulfate Monohydrate,10 mg/5 ml,Ad-din Pharmaceuticals Ltd.,100 ml bottle: ৳ 30.00,
6549,J-Mox,allopathic,j-moxpediatric-drops125-mg125-ml,Pediatric Drops,Amoxicillin Trihydrate,125 mg/1.25 ml,Ad-din Pharmaceuticals Ltd.,15 ml bottle: ৳ 28.32,
6548,J-Mox,allopathic,j-moxpowder-for-suspension125-mg5-ml,Powder for Suspension,Amoxicillin Trihydrate,125 mg/5 ml,Ad-din Pharmaceuticals Ltd.,100 ml bottle: ৳ 45.00,
15009,Joinix D,allopathic,joinix-dtablet750-mg50-mg,Tablet,Glucosamine Sulfate + Diacerein,750 mg+50 mg,Incepta Pharmaceuticals Ltd.,"Unit Price: ৳ 12.00,(30's pack: ৳ 360.00),",(30's pack: ৳ 360.00)
14958,Joinix,allopathic,joinixtablet500-mg,Tablet,Glucosamine Hydrochloride,500 mg,Incepta Pharmaceuticals Ltd.,"Unit Price: ৳ 3.00,(100's pack: ৳ 300.00),",(100's pack: ৳ 300.00)
27263,Joingurd,allopathic,joingurdtablet250-mg200-mg,Tablet,Glucosamine Sulfate + Chondroitin,250 mg+200 mg,Medicon Pharmaceuticals Ltd.,"Unit Price: ৳ 7.95,(30's pack: ৳ 238.62),",(30's pack: ৳ 238.62)
31921,Joinflex,allopathic,joinflexcapsule-delayed-release40-mg,Capsule (Delayed Release),Undenatured Type II Collagen,40 mg,Aristopharma Ltd.,"Unit Price: ৳ 25.00,(30's pack: ৳ 750.00),",(30's pack: ৳ 750.00)
8279,Jmycin,allopathic,jmycincapsule250-mg,Capsule,Tetracycline Hydrochloride (Oral),250 mg,Jayson Pharmaceuticals Ltd.,"Unit Price: ৳ 1.31,(100's pack: ৳ 131.00),",(100's pack: ৳ 131.00)
17241,Jevtana,allopathic,jevtanaiv-infusion60-mg15-ml,IV Infusion,Cabazitaxel,60 mg/1.5 ml,Genzyme Corporation,"1.5 ml vial: ৳ 142,687.22",
24127,Jovran,allopathic,jovrantablet150-mg,Tablet,Ranitidine Hydrochloride,150 mg,Belsen Pharmaceuticals Ltd.,"Unit Price: ৳ 2.00,(100's pack: ৳ 200.00),",(100's pack: ৳ 200.00)
30825,Jorix,allopathic,jorixtablet250-mg200-mg,Tablet,Glucosamine Sulfate + Chondroitin,250 mg+200 mg,Apex Pharmaceuticals Ltd.,"Unit Price: ৳ 5.00,(50's pack: ৳ 250.00),",(50's pack: ৳ 250.00)
14991,Jointin,allopathic,jointintablet250-mg200-mg,Tablet,Glucosamine Sulfate + Chondroitin,250 mg+200 mg,Globex Pharmaceuticals Ltd.,"Unit Price: ৳ 8.00,(30's pack: ৳ 240.00),",(30's pack: ৳ 240.00)
14981,Jointec Plus,allopathic,jointec-plustablet250-mg200-mg,Tablet,Glucosamine Sulfate + Chondroitin,250 mg+200 mg,Beximco Pharmaceuticals Ltd.,"Unit Price: ৳ 8.00,(60's pack: ৳ 480.24),",(60's pack: ৳ 480.24)
14999,Jointec Max,allopathic,jointec-maxtablet750-mg50-mg,Tablet,Glucosamine Sulfate + Diacerein,750 mg+50 mg,Beximco Pharmaceuticals Ltd.,"Unit Price: ৳ 12.00,(30's pack: ৳ 360.00),",(30's pack: ৳ 360.00)
33192,Jointcare Plus,allopathic,jointcare-plustablet750-mg50-mg,Tablet,Glucosamine Sulfate + Diacerein,750 mg+50 mg,Kumudini Pharma Ltd.,"Unit Price: ৳ 12.00,(20's pack: ৳ 240.00),",(20's pack: ৳ 240.00)
26216,Joinix TS,allopathic,joinix-tstablet750-mg600-mg,Tablet,Glucosamine Sulfate + Chondroitin,750 mg+600 mg,Incepta Pharmaceuticals Ltd.,"Unit Price: ৳ 16.00,(30's pack: ৳ 480.00),",(30's pack: ৳ 480.00)
14980,Joinix Plus,allopathic,joinix-plustablet250-mg200-mg,Tablet,Glucosamine Sulfate + Chondroitin,250 mg+200 mg,Incepta Pharmaceuticals Ltd.,"Unit Price: ৳ 8.00,(50's pack: ৳ 400.00),",(50's pack: ৳ 400.00)
32915,Jeuneau-B,allopathic,jeuneau-btablet100-mg200-mg200-mcg,Tablet,"Vitamin B1, B6 & B12",100 mg+200 mg+200 mcg,Arges Life Science Limited,"Unit Price: ৳ 8.00,(50's pack: ৳ 400.00),",(50's pack: ৳ 400.00)
22347,Jetrazole,allopathic,jetrazoletablet200-mg,Tablet,Metronidazole,200 mg,Biogen Pharmaceuticals Ltd.,"Unit Price: ৳ 1.25,(100's pack: ৳ 125.00),",(100's pack: ৳ 125.00)
22348,Jetrazole,allopathic,jetrazoleoral-suspension200-mg5-ml,Oral Suspension,Metronidazole,200 mg/5 ml,Biogen Pharmaceuticals Ltd.,60 ml bottle: ৳ 29.89,
11029,Jefenac TR,allopathic,jefenac-trcapsule-timed-release100-mg,Capsule (Timed Release),Diclofenac Sodium,100 mg,Ad-din Pharmaceuticals Ltd.,"Unit Price: ৳ 3.00,(100's pack: ৳ 300.00),",(100's pack: ৳ 300.00)
25854,Jedine,allopathic,jedinepediatric-drops125-mg125-ml,Pediatric Drops,Cephradine,125 mg/1.25 ml,Ad-din Pharmaceuticals Ltd.,15 ml bottle: ৳ 50.00,
6911,Jedine,allopathic,jedinepowder-for-suspension125-mg5-ml,Powder for Suspension,Cephradine,125 mg/5 ml,Ad-din Pharmaceuticals Ltd.,100 ml bottle: ৳ 80.00,
6910,Jedine,allopathic,jedinecapsule500-mg,Capsule,Cephradine,500 mg,Ad-din Pharmaceuticals Ltd.,"Unit Price: ৳ 12.50,(30's pack: ৳ 375.00),",(30's pack: ৳ 375.00)
27419,Jasovit-M,allopathic,jasovit-mtablet,Tablet,Multivitamin & Multimineral,,Jayson Pharmaceuticals Ltd.,"Unit Price: ৳ 1.50,(30's pack: ৳ 45.00),",(30's pack: ৳ 45.00)
27418,Jasovit,allopathic,jasovitpediatric-drops,Pediatric Drops,Multivitamin [Adult preparation],,Jayson Pharmaceuticals Ltd.,15 ml drop: ৳ 20.00,
9023,Jasotrim,allopathic,jasotrimoral-suspension200-mg40-mg5-ml,Oral Suspension,Sulphamethoxazole + Trimethoprim,(200 mg+40 mg)/5 ml,Jayson Pharmaceuticals Ltd.,60 ml bottle: ৳ 21.68,
9022,Jasotrim,allopathic,jasotrimtablet400-mg80-mg,Tablet,Sulphamethoxazole + Trimethoprim,400 mg+80 mg,Jayson Pharmaceuticals Ltd.,"Unit Price: ৳ 1.49,(100's pack: ৳ 149.00),",(100's pack: ৳ 149.00)
10282,Jasoquin,allopathic,jasoquininjection300-mg5-ml,Injection,Quinine Sulfate,300 mg/5 ml,Jayson Pharmaceuticals Ltd.,"5 ml ampoule: ৳ 20.65,(10's pack: ৳ 206.50),",(10's pack: ৳ 206.50)
10281,Jasoquin,allopathic,jasoquintablet300-mg,Tablet,Quinine Sulfate,300 mg,Jayson Pharmaceuticals Ltd.,"Unit Price: ৳ 6.44,(100's pack: ৳ 644.00),",(100's pack: ৳ 644.00)
10276,Jasoprim,allopathic,jasoprimtablet15-mg,Tablet,Primaquine Phosphate,15 mg,Jayson Pharmaceuticals Ltd.,"Unit Price: ৳ 1.50,(100's pack: ৳ 150.00),",(100's pack: ৳ 150.00)
3655,Jasophylin,allopathic,jasophylinsyrup120-mg5-ml,Syrup,Theophylline,120 mg/5 ml,Jayson Pharmaceuticals Ltd.,100 ml bottle: ৳ 25.17,
10261,Jasochlor,allopathic,jasochlorsyrup80-mg5-ml,Syrup,Chloroquine Phosphate,80 mg/5 ml,Jayson Pharmaceuticals Ltd.,60 ml bottle: ৳ 14.91,
31536,Kacin,allopathic,kacinimiv-injection250-mg2-ml,IM/IV Injection,Amikacin,250 mg/2 ml,ACI Limited,"2 ml ampoule: ৳ 30.00,(10's pack: ৳ 300.00),",(10's pack: ৳ 300.00)
578,Kacin,allopathic,kacinimiv-injection500-mg2-ml,IM/IV Injection,Amikacin,500 mg/2 ml,ACI Limited,"2 ml ampoule: ৳ 48.32,(10's pack: ৳ 483.20),",(10's pack: ৳ 483.20)
31018,Kabiven Perifer,allopathic,kabiven-periferemulsion-for-infusion1440-mlbag,Emulsion for infusion,Glucose 11% + Vamin 18 Novum + Intralipid 20%,1440 ml/bag,Fresenius Kabi,"1440 ml bag: ৳ 2,518.00,(4's pack: ৳ 10,072.00),","(4's pack: ৳ 10,072.00)"
31117,Kabiven,allopathic,kabivenemulsion-for-infusion1026-mlbag,Emulsion for infusion,Glucose 19% + Vamin 18 Novum + Intralipid 20%,1026 ml/bag,Fresenius Kabi,"1026 ml bag: ৳ 2,815.00,(4's pack: ৳ 11,260.00),","(4's pack: ৳ 11,260.00)"
30054,K-Y Jelly,allopathic,k-y-jellygel1125,Gel,Glycerol,11.25%,Johnson & Johnson,50 gm gel: ৳ 210.00,
14800,K-Saline N,allopathic,k-saline-noral-powder1395-gm,Oral Powder,Oral Rehydration Salt [Powder],13.95 gm,Kemiko Pharmaceuticals Ltd.,"Unit Price: ৳ 4.59,(20's pack: ৳ 91.80),",(20's pack: ৳ 91.80)
14822,K-Saline Fruity,allopathic,k-saline-fruityoral-powder,Oral Powder,Oral Rehydration Salt [Flavored],,Kemiko Pharmaceuticals Ltd.,"Unit Price: ৳ 5.00,(20's pack: ৳ 100.00),",(20's pack: ৳ 100.00)
27107,Kadcyla,allopathic,kadcylaiv-infusion160-mgvial,IV Infusion,Trastuzumab Emtansine,160 mg/vial,Roche Bangladesh Ltd.,"160 mg vial: ৳ 150,500.00",
26091,Kadcyla,allopathic,kadcylaiv-infusion100-mgvial,IV Infusion,Trastuzumab Emtansine,100 mg/vial,Roche Bangladesh Ltd.,"100 mg vial: ৳ 94,000.00",
577,Kacin,allopathic,kacinimiv-injection100-mg2-ml,IM/IV Injection,Amikacin,100 mg/2 ml,ACI Limited,"2 ml ampoule: ৳ 16.11,(20's pack: ৳ 322.20),",(20's pack: ৳ 322.20)
10591,K-Pol,allopathic,k-poltablet500-mg65-mg,Tablet,Paracetamol + Caffeine,500 mg+65 mg,Modern Pharmaceuticals Ltd.,"Unit Price: ৳ 1.90,(100's pack: ৳ 190.00),",(100's pack: ৳ 190.00)
3305,K-One MM,allopathic,k-one-mminjection2-mg02-ml,Injection,Phytomenadione (Injection),2 mg/0.2 ml,Square Pharmaceuticals Ltd.,"2 mg ampoule: ৳ 19.94,(6's pack: ৳ 119.64),",(6's pack: ৳ 119.64)
28452,K-Nor,allopathic,k-norpowder-for-suspension99934-ww,Powder for Suspension,Calcium Polystyrene Sulfonate,99.934% w/w,Popular Pharmaceuticals Ltd.,150 gm jar: ৳ 980.00,
21250,K-Lac,allopathic,k-lacimiv-injection60-mg2-ml,IM/IV Injection,Ketorolac Tromethamine,60 mg/2 ml,Ethical Drug Ltd.,2 ml ampoule: ৳ 95.00,
21251,K-Lac,allopathic,k-lacimiv-injection30-mgml,IM/IV Injection,Ketorolac Tromethamine,30 mg/ml,Ethical Drug Ltd.,1 ml ampoule: ৳ 55.00,
21252,K-Lac,allopathic,k-lactablet10-mg,Tablet,Ketorolac Tromethamine,10 mg,Ethical Drug Ltd.,"Unit Price: ৳ 10.00,(30's pack: ৳ 300.00),",(30's pack: ৳ 300.00)
5149,Juvain,allopathic,juvainsyrup500-mg5-ml,Syrup,Piracetam,500 mg/5 ml,Opsonin Pharma Ltd.,100 ml bottle: ৳ 150.57,
5148,Juvain,allopathic,juvaintablet800-mg,Tablet,Piracetam,800 mg,Opsonin Pharma Ltd.,"Unit Price: ৳ 6.02,(50's pack: ৳ 301.00),",(50's pack: ৳ 301.00)
32005,Jupitavir,allopathic,jupitavirtablet150-mg100-mg,Tablet,Nirmatrelvir + Ritonavir,150 mg+100 mg,Incepta Pharmaceuticals Ltd.,"6 tablet combipack: ৳ 3,200.00",
27011,Juparib,allopathic,juparibtablet100-mg,Tablet,Olaparib,100 mg,Jenphar Bangladesh Ltd.,"Unit Price: ৳ 1,508.00,(120's pack: ৳ 180,960.00),","(120's pack: ৳ 180,960.00)"
27012,Juparib,allopathic,juparibtablet150-mg,Tablet,Olaparib,150 mg,Jenphar Bangladesh Ltd.,"Unit Price: ৳ 2,320.00,(60's pack: ৳ 139,200.00),,Unit Price: ৳ 2,320.00,(120's pack: ৳ 278,400.00),","(60's pack: ৳ 139,200.00),(120's pack: ৳ 278,400.00)"
13549,Junivit,allopathic,junivitsyrup,Syrup,Multivitamin & Cod Liver Oil,,Ibn Sina Pharmaceuticals Ltd.,100 ml bottle: ৳ 90.00,
28407,Juci Plus,allopathic,juci-pluschewable-tablet500-mg,Chewable Tablet,Vitamin C [Ascorbic acid],500 mg,Eskayef Pharmaceuticals Ltd.,"Unit Price: ৳ 3.57,(100's pack: ৳ 357.00),",(100's pack: ৳ 357.00)
26761,Juci,allopathic,jucichewable-tablet250-mg,Chewable Tablet,Vitamin C [Ascorbic acid],250 mg,Eskayef Pharmaceuticals Ltd.,"Unit Price: ৳ 1.89,(200's pack: ৳ 378.00),",(200's pack: ৳ 378.00)
26760,Juci,allopathic,jucioral-powder500-mg,Oral Powder,Vitamin C [Ascorbic acid],500 mg,Eskayef Pharmaceuticals Ltd.,"500 mg sachet: ৳ 10.00,(20's pack: ৳ 200.00),",(20's pack: ৳ 200.00)
503,Jpdrox-S,allopathic,jpdrox-schewable-tablet400-mg400-mg30-mg,Chewable Tablet,Aluminium Hydroxide + Magnesium Hydroxide + Simethicone,400 mg+400 mg+30 mg,Jayson Pharmaceuticals Ltd.,"Unit Price: ৳ 2.00,(100's pack: ৳ 200.00),",(100's pack: ৳ 200.00)
475,Jpdrox,allopathic,jpdroxchewable-tablet250-mg400-mg,Chewable Tablet,Aluminium Hydroxide + Magnesium Hydroxide,250 mg+400 mg,Jayson Pharmaceuticals Ltd.,"Unit Price: ৳ 0.73,(200's pack: ৳ 146.00),",(200's pack: ৳ 146.00)
27420,Jpdrox,allopathic,jpdroxoral-suspension200-mg125-mg5-ml,Oral Suspension,Aluminium Hydroxide + Magnesium Hydroxide,(200 mg+125 mg)/5 ml,Jayson Pharmaceuticals Ltd.,200 ml bottle: ৳ 57.17,
28488,Joytrip,allopathic,joytripchewable-tablet300-mcg,Chewable Tablet,Hyoscine Hydrobromide,300 mcg,Navana Pharmaceuticals Ltd.,"Unit Price: ৳ 10.00,(48's pack: ৳ 480.00),",(48's pack: ৳ 480.00)
16554,Joytrip,allopathic,joytripchewable-tablet150-mcg,Chewable Tablet,Hyoscine Hydrobromide,150 mcg,Navana Pharmaceuticals Ltd.,"Unit Price: ৳ 5.02,(48's pack: ৳ 241.00),,Unit Price: ৳ 5.02,(50's pack: ৳ 251.00),","(48's pack: ৳ 241.00),(50's pack: ৳ 251.00)"
9294,Kapron,allopathic,kaprontablet250-mg,Tablet,Ciprofloxacin,250 mg,Globe Pharmaceuticals Ltd.,"Unit Price: ৳ 8.00,(30's pack: ৳ 240.00),",(30's pack: ৳ 240.00)
9295,Kapron,allopathic,kaprontablet500-mg,Tablet,Ciprofloxacin,500 mg,Globe Pharmaceuticals Ltd.,"Unit Price: ৳ 15.00,(30's pack: ৳ 450.00),",(30's pack: ৳ 450.00)
9296,Kapron,allopathic,kaprontablet750-mg,Tablet,Ciprofloxacin,750 mg,Globe Pharmaceuticals Ltd.,"Unit Price: ৳ 18.00,(20's pack: ৳ 360.00),",(20's pack: ৳ 360.00)
9297,Kapron,allopathic,kapronpowder-for-suspension250-mg5-ml,Powder for Suspension,Ciprofloxacin,250 mg/5 ml,Globe Pharmaceuticals Ltd.,60 ml bottle: ৳ 90.00,
29169,Kapron,allopathic,kaproniv-infusion200-mg100-ml,IV Infusion,Ciprofloxacin,200 mg/100 ml,Globe Pharmaceuticals Ltd.,100 ml bottle: ৳ 90.00,
12380,Kanis,allopathic,kanisear-drop1,Ear Drop,Clotrimazole (Ear drop),1%,Gaco Pharmaceuticals Ltd.,10 ml drop: ৳ 80.24,
31440,Kaneva,allopathic,kanevatablet150-mg,Tablet,Erlotinib,150 mg,Beximco Pharmaceuticals Ltd.,"Unit Price: ৳ 1,000.00,(30's pack: ৳ 30,000.00),","(30's pack: ৳ 30,000.00)"
31439,Kaneva,allopathic,kanevatablet100-mg,Tablet,Erlotinib,100 mg,Beximco Pharmaceuticals Ltd.,"Unit Price: ৳ 750.00,(30's pack: ৳ 22,500.00),","(30's pack: ৳ 22,500.00)"
28489,Kcit,allopathic,kcitoral-solution1500-mg250-mg5-ml,Oral Solution,Potassium Citrate + Citric Acid,(1500 mg+250 mg)/5 ml,Navana Pharmaceuticals Ltd.,200 ml bottle: ৳ 200.00,
23639,Kayon,allopathic,kayoncapsule1-mg,Capsule,Phytomenadione (Oral),1 mg,Globe Pharmaceuticals Ltd.,"Unit Price: ৳ 15.00,(12's pack: ৳ 180.00),",(12's pack: ৳ 180.00)
25497,Kashba,allopathic,kashbapediatric-drops6-mgml,Pediatric Drops,Ambroxol Hydrochloride,6 mg/ml,Alkad Laboratories,15 ml bottle: ৳ 20.00,
25496,Kashba,allopathic,kashbasyrup15-mg5-ml,Syrup,Ambroxol Hydrochloride,15 mg/5 ml,Alkad Laboratories,,
29216,Karvela,allopathic,karvelatablet800-mg,Tablet,Sevelamer Carbonate,800 mg,Healthcare Pharmaceuticals Ltd.,"Unit Price: ৳ 60.00,(12's pack: ৳ 720.00),",(12's pack: ৳ 720.00)
13415,Karbon,allopathic,karboncapsule,Capsule,Carbonyl Iron + Folic Acid + Zinc Sulfate + Vitamin B Complex + Vitamin C,,Central Pharmaceuticals Ltd.,"Unit Price: ৳ 3.50,(100's pack: ৳ 350.00),",(100's pack: ৳ 350.00)
26656,Kapron,allopathic,kapronophthalmic-solution03,Ophthalmic Solution,Ciprofloxacin (Ophthalmic),0.30%,Globe Pharmaceuticals Ltd.,5 ml drop: ৳ 40.00,
10284,Kanaquine,allopathic,kanaquineinjection300-mg5-ml,Injection,Quinine Sulfate,300 mg/5 ml,Globe Pharmaceuticals Ltd.,"5 ml ampoule: ৳ 10.25,(10's pack: ৳ 102.50),",(10's pack: ৳ 102.50)
10283,Kanaquine,allopathic,kanaquinetablet300-mg,Tablet,Quinine Sulfate,300 mg,Globe Pharmaceuticals Ltd.,"Unit Price: ৳ 6.40,(100's pack: ৳ 640.00),",(100's pack: ৳ 640.00)
10277,Kanaprim,allopathic,kanaprimtablet15-mg,Tablet,Primaquine Phosphate,15 mg,Globe Pharmaceuticals Ltd.,"Unit Price: ৳ 0.62,(100's pack: ৳ 62.00),",(100's pack: ৳ 62.00)
29188,Kanamycin-POS,allopathic,kanamycin-posophthalmic-solution05,Ophthalmic Solution,Kanamycin,0.50%,ZAS Corporation,5 ml drop: ৳ 396.00,
6550,Kamoxy,allopathic,kamoxycapsule250-mg,Capsule,Amoxicillin Trihydrate,250 mg,Kemiko Pharmaceuticals Ltd.,"Unit Price: ৳ 3.61,(100's pack: ৳ 361.00),",(100's pack: ৳ 361.00)
6551,Kamoxy,allopathic,kamoxycapsule500-mg,Capsule,Amoxicillin Trihydrate,500 mg,Kemiko Pharmaceuticals Ltd.,"Unit Price: ৳ 6.78,(80's pack: ৳ 542.40),",(80's pack: ৳ 542.40)
6552,Kamoxy,allopathic,kamoxypowder-for-suspension125-mg5-ml,Powder for Suspension,Amoxicillin Trihydrate,125 mg/5 ml,Kemiko Pharmaceuticals Ltd.,100 ml bottle: ৳ 47.60,
6553,Kamoxy,allopathic,kamoxypediatric-drops125-mg125-ml,Pediatric Drops,Amoxicillin Trihydrate,125 mg/1.25 ml,Kemiko Pharmaceuticals Ltd.,15 ml bottle: ৳ 28.00,
29946,Kalfree,allopathic,kalfreetablet8-mg,Tablet,Sucralose,8 mg,Eskayef Pharmaceuticals Ltd.,"Unit Price: ৳ 1.00,(100's pack: ৳ 100.00),",(100's pack: ৳ 100.00)
26456,Kalcoral-DX,allopathic,kalcoral-dxtablet600-mg400-iu,Tablet,Calcium Carbonate [Coral source] + Vitamin D3,600 mg+400 IU,Popular Pharmaceuticals Ltd.,"Unit Price: ৳ 15.00,(40's pack: ৳ 600.00),",(40's pack: ৳ 600.00)
28443,Kalcoral-D,allopathic,kalcoral-dtablet500-mg200-iu,Tablet,Calcium Carbonate [Coral source] + Vitamin D3,500 mg+200 IU,Popular Pharmaceuticals Ltd.,"Unit Price: ৳ 10.00,(60's pack: ৳ 600.00),",(60's pack: ৳ 600.00)
28444,Kalcoral kit,allopathic,kalcoral-kittablet150-mg600-mg400-iu,Tablet,Ibandronic Acid + Calcium Carbonate + Vitamin D3,150 mg+600 mg+400 IU,Popular Pharmaceuticals Ltd.,"(1 & 30) tablet kit: ৳ 2,150.00",
15268,Kain,allopathic,kainimiv-injection50-mgml,IM/IV Injection,Ketamine,50 mg/ml,Renata Limited,10 ml vial: ৳ 110.00,
21306,Kafu,allopathic,kafusyrup1-mg5-ml,Syrup,Ketotifen Fumarate (Oral),1 mg/5 ml,Concord Pharmaceuticals Ltd.,100 ml bottle: ৳ 50.00,
10703,Kadol,allopathic,kadolcapsule50-mg,Capsule,Tramadol Hydrochloride,50 mg,Kemiko Pharmaceuticals Ltd.,"Unit Price: ৳ 8.00,(30's pack: ৳ 240.00),",(30's pack: ৳ 240.00)
10116,Kemet,allopathic,kemetoral-suspension200-mg5-ml,Oral Suspension,Metronidazole,200 mg/5 ml,Kemiko Pharmaceuticals Ltd.,60 ml bottle: ৳ 29.80,
10115,Kemet,allopathic,kemettablet400-mg,Tablet,Metronidazole,400 mg,Kemiko Pharmaceuticals Ltd.,"Unit Price: ৳ 1.27,(100's pack: ৳ 127.00),",(100's pack: ৳ 127.00)
5137,Kemadrin,allopathic,kemadrintablet5-mg,Tablet,Procyclidine Hydrochloride,5 mg,GlaxoSmithKline,"Unit Price: ৳ 1.87,(100's pack: ৳ 187.00),",(100's pack: ৳ 187.00)
15420,Kelorac,allopathic,keloractablet10-mg,Tablet,Ketorolac Tromethamine,10 mg,One Pharma Ltd.,"Unit Price: ৳ 12.00,(30's pack: ৳ 360.00),",(30's pack: ৳ 360.00)
21272,Kelorac,allopathic,keloracimiv-injection30-mgml,IM/IV Injection,Ketorolac Tromethamine,30 mg/ml,Apex Pharmaceuticals Ltd.,"1 ml ampoule: ৳ 55.00,(5's pack: ৳ 275.00),",(5's pack: ৳ 275.00)
21240,Kelac,allopathic,kelacimiv-injection30-mgml,IM/IV Injection,Ketorolac Tromethamine,30 mg/ml,Chemist Laboratories  Ltd.,"1 ml ampoule: ৳ 50.00,(6's pack: ৳ 300.00),",(6's pack: ৳ 300.00)
15322,Kelac,allopathic,kelactablet10-mg,Tablet,Ketorolac Tromethamine,10 mg,Chemist Laboratories  Ltd.,"Unit Price: ৳ 10.00,(20's pack: ৳ 200.00),",(20's pack: ৳ 200.00)
7425,Kefuclav,allopathic,kefuclavtablet250-mg625-mg,Tablet,Cefuroxime Axetil + Clavulanic Acid,250 mg+62.5 mg,Eskayef Pharmaceuticals Ltd.,"Unit Price: ৳ 30.00,(14's pack: ৳ 420.00),,Unit Price: ৳ 30.00,(16's pack: ৳ 480.00),","(14's pack: ৳ 420.00),(16's pack: ৳ 480.00)"
7424,Kefuclav,allopathic,kefuclavtablet500-mg125-mg,Tablet,Cefuroxime Axetil + Clavulanic Acid,500 mg+125 mg,Eskayef Pharmaceuticals Ltd.,"Unit Price: ৳ 50.00,(7's pack: ৳ 350.00),,Unit Price: ৳ 50.00,(8's pack: ৳ 400.00),","(7's pack: ৳ 350.00),(8's pack: ৳ 400.00)"
15324,Kenodol,allopathic,kenodolimiv-injection30-mgml,IM/IV Injection,Ketorolac Tromethamine,30 mg/ml,Rangs Pharmaceuticals Ltd.,"1 ml ampoule: ৳ 55.00,(6's pack: ৳ 330.00),",(6's pack: ৳ 330.00)
5411,Kemin-SR,allopathic,kemin-srtablet500-mg,Tablet,Metformin Hydrochloride,500 mg,Kemiko Pharmaceuticals Ltd.,"Unit Price: ৳ 5.00,(50's pack: ৳ 250.00),",(50's pack: ৳ 250.00)
5410,Kemin,allopathic,kemintablet850-mg,Tablet,Metformin Hydrochloride,850 mg,Kemiko Pharmaceuticals Ltd.,"Unit Price: ৳ 4.01,(50's pack: ৳ 200.50),",(50's pack: ৳ 200.50)
5409,Kemin,allopathic,kemintablet500-mg,Tablet,Metformin Hydrochloride,500 mg,Kemiko Pharmaceuticals Ltd.,"Unit Price: ৳ 2.50,(50's pack: ৳ 125.00),",(50's pack: ৳ 125.00)
18994,Kefuclav,allopathic,kefuclavpowder-for-suspension125-mg3125-mg5-ml,Powder for Suspension,Cefuroxime Axetil + Clavulanic Acid,(125 mg+31.25 mg)/5 ml,Eskayef Pharmaceuticals Ltd.,70 ml bottle: ৳ 250.00,
3720,Kefton,allopathic,keftonsyrup1-mg5-ml,Syrup,Ketotifen Fumarate (Oral),1 mg/5 ml,Zenith Pharmaceuticals Ltd.,100 ml bottle: ৳ 40.00,
28760,Kefton,allopathic,keftontablet1-mg,Tablet,Ketotifen Fumarate (Oral),1 mg,Zenith Pharmaceuticals Ltd.,"Unit Price: ৳ 1.15,(100's pack: ৳ 115.00),",(100's pack: ৳ 115.00)
7584,Kefim,allopathic,kefimcapsule200-mg,Capsule,Cefixime Trihydrate,200 mg,Kemiko Pharmaceuticals Ltd.,"Unit Price: ৳ 30.09,(8's pack: ৳ 240.72),,Unit Price: ৳ 30.09,(12's pack: ৳ 361.08),","(8's pack: ৳ 240.72),(12's pack: ৳ 361.08)"
7585,Kefim,allopathic,kefimcapsule400-mg,Capsule,Cefixime Trihydrate,400 mg,Kemiko Pharmaceuticals Ltd.,"Unit Price: ৳ 55.16,(4's pack: ৳ 220.64),,Unit Price: ৳ 55.16,(8's pack: ৳ 441.28),","(4's pack: ৳ 220.64),(8's pack: ৳ 441.28)"
7586,Kefim,allopathic,kefimpowder-for-suspension100-mg5-ml,Powder for Suspension,Cefixime Trihydrate,100 mg/5 ml,Kemiko Pharmaceuticals Ltd.,"37.5 ml bottle: ৳ 130.39,50 ml bottle: ৳ 195.59",
11347,Kefen,allopathic,kefenim-injection100-mg2-ml,IM Injection,Ketoprofen (oral & injection),100 mg/2 ml,Techno Drugs Ltd.,"2 ml ampoule: ৳ 15.10,(20's pack: ৳ 302.00),",(20's pack: ৳ 302.00)
6914,Kefdrin,allopathic,kefdrinpowder-for-suspension125-mg5-ml,Powder for Suspension,Cephradine,125 mg/5 ml,GlaxoSmithKline,100 ml bottle: ৳ 86.30,
6913,Kefdrin,allopathic,kefdrincapsule500-mg,Capsule,Cephradine,500 mg,GlaxoSmithKline,"Unit Price: ৳ 13.60,(20's pack: ৳ 272.00),",(20's pack: ৳ 272.00)
28194,Kefdrin,allopathic,kefdrincapsule250-mg,Capsule,Cephradine,250 mg,GlaxoSmithKline,"Unit Price: ৳ 7.09,(20's pack: ৳ 141.80),",(20's pack: ৳ 141.80)
21313,Kefat,allopathic,kefatsyrup1-mg5-ml,Syrup,Ketotifen Fumarate (Oral),1 mg/5 ml,Medicon Pharmaceuticals Ltd.,100 ml bottle: ৳ 44.32,
21312,Kefat,allopathic,kefattablet1-mg,Tablet,Ketotifen Fumarate (Oral),1 mg,Medicon Pharmaceuticals Ltd.,"Unit Price: ৳ 1.70,(100's pack: ৳ 170.44),",(100's pack: ৳ 170.44)
504,Kdrox Plus,allopathic,kdrox-pluschewable-tablet400-mg400-mg30-mg,Chewable Tablet,Aluminium Hydroxide + Magnesium Hydroxide + Simethicone,400 mg+400 mg+30 mg,Kemiko Pharmaceuticals Ltd.,"Unit Price: ৳ 2.00,(100's pack: ৳ 200.00),",(100's pack: ৳ 200.00)
5136,Kdrin,allopathic,kdrinimiv-injection10-mg2-ml,IM/IV Injection,Procyclidine Hydrochloride,10 mg/2 ml,Opsonin Pharma Ltd.,"2 ml ampoule: ৳ 30.11,(5's pack: ৳ 150.55),",(5's pack: ৳ 150.55)
5135,Kdrin,allopathic,kdrintablet5-mg,Tablet,Procyclidine Hydrochloride,5 mg,Opsonin Pharma Ltd.,"Unit Price: ৳ 1.00,(100's pack: ৳ 100.00),",(100's pack: ৳ 100.00)
14838,KCL,allopathic,kclinjection150-mgml,Injection,Potassium Chloride,150 mg/ml,Opsonin Pharma Ltd.,"10 ml ampoule: ৳ 10.00,(5's pack: ৳ 50.00),",(5's pack: ৳ 50.00)
14837,KCL,allopathic,kclsyrup500-mg5-ml,Syrup,Potassium Chloride,500 mg/5 ml,Opsonin Pharma Ltd.,100 ml bottle: ৳ 20.07,
21283,Kerol,allopathic,keroltablet10-mg,Tablet,Ketorolac Tromethamine,10 mg,Premier Pharmaceuticals Ltd.,"Unit Price: ৳ 10.00,(40's pack: ৳ 400.00),",(40's pack: ৳ 400.00)
33165,Kerasol FCL,allopathic,kerasol-fcllotion2,Lotion,Salicylic Acid,2%,Incepta Pharmaceuticals Ltd.,100 ml bottle: ৳ 300.00,
12797,Kerasol,allopathic,kerasolcream12,Cream,Salicylic Acid,12%,Incepta Pharmaceuticals Ltd.,30 gm tube: ৳ 110.00,
12796,Kerasol,allopathic,kerasolcream6,Cream,Salicylic Acid,6%,Incepta Pharmaceuticals Ltd.,30 gm tube: ৳ 65.00,
24405,Keranil,allopathic,keranilcream6,Cream,Salicylic Acid,6%,Ibn Sina Pharmaceuticals Ltd.,30 gm tube: ৳ 50.00,
24404,Keranil,allopathic,keranilcream12,Cream,Salicylic Acid,12%,Ibn Sina Pharmaceuticals Ltd.,30 gm tube: ৳ 90.00,
8009,Keptrix,allopathic,keptrixim-injection500-mgvial,IM Injection,Ceftriaxone Sodium,500 mg/vial,Apex Pharmaceuticals Ltd.,500 mg vial: ৳ 80.00,
8010,Keptrix,allopathic,keptrixim-injection1-gmvial,IM Injection,Ceftriaxone Sodium,1 gm/vial,Apex Pharmaceuticals Ltd.,1 gm vial: ৳ 120.00,
8012,Keptrix,allopathic,keptrixiv-injection1-gmvial,IV Injection,Ceftriaxone Sodium,1 gm/vial,Apex Pharmaceuticals Ltd.,1 gm vial: ৳ 120.00,
8013,Keptrix,allopathic,keptrixiv-injection2-gmvial,IV Injection,Ceftriaxone Sodium,2 gm/vial,Apex Pharmaceuticals Ltd.,2 gm vial: ৳ 220.00,
15330,Keteks,allopathic,keteksimiv-injection30-mgml,IM/IV Injection,Ketorolac Tromethamine,30 mg/ml,Jenphar Bangladesh Ltd.,"1 ml ampoule: ৳ 55.00,(5's pack: ৳ 275.00),",(5's pack: ৳ 275.00)
15329,Keteks,allopathic,ketekstablet10-mg,Tablet,Ketorolac Tromethamine,10 mg,Jenphar Bangladesh Ltd.,"Unit Price: ৳ 12.00,(30's pack: ৳ 360.00),",(30's pack: ৳ 360.00)
15272,Ketaride,allopathic,ketarideimiv-injection50-mgml,IM/IV Injection,Ketamine,50 mg/ml,Incepta Pharmaceuticals Ltd.,10 ml vial: ৳ 115.00,
15269,Ketalar,allopathic,ketalarimiv-injection50-mgml,IM/IV Injection,Ketamine,50 mg/ml,Popular Pharmaceuticals Ltd.,10 ml vial: ৳ 115.44,
15328,Ket,allopathic,kettablet10-mg,Tablet,Ketorolac Tromethamine,10 mg,Delta Pharma Ltd.,"Unit Price: ৳ 5.00,(30's pack: ৳ 150.00),",(30's pack: ৳ 150.00)
21243,Ket,allopathic,ketimiv-injection30-mgml,IM/IV Injection,Ketorolac Tromethamine,30 mg/ml,Delta Pharma Ltd.,"1 ml ampoule: ৳ 55.00,(5's pack: ৳ 275.00),",(5's pack: ৳ 275.00)
15327,Kerolac,allopathic,kerolactablet10-mg,Tablet,Ketorolac Tromethamine,10 mg,Gaco Pharmaceuticals Ltd.,"Unit Price: ৳ 10.03,(20's pack: ৳ 200.60),",(20's pack: ৳ 200.60)
15326,Kepros,allopathic,keprosimiv-injection30-mgml,IM/IV Injection,Ketorolac Tromethamine,30 mg/ml,Monicopharma Ltd.,1 ml ampoule: ৳ 275.00,
15325,Kepros,allopathic,keprostablet10-mg,Tablet,Ketorolac Tromethamine,10 mg,Monicopharma Ltd.,"Unit Price: ৳ 10.00,(30's pack: ৳ 300.00),",(30's pack: ৳ 300.00)
15446,Kepronol,allopathic,kepronolophthalmic-solution05,Ophthalmic Solution,Ketorolac Tromethamine (Ophthalmic),0.50%,Monicopharma Ltd.,5 ml drop: ৳ 80.00,
21193,Keprofen,allopathic,keprofentablet-enteric-coated50-mg,Tablet (Enteric Coated),Ketoprofen (oral & injection),50 mg,Astra Biopharmaceuticals Ltd.,Unit Price: ৳ 5.00,
6916,Keprad,allopathic,kepradcapsule500-mg,Capsule,Cephradine,500 mg,Sonear Laboratories Ltd.,"Unit Price: ৳ 15.38,(20's pack: ৳ 307.60),",(20's pack: ৳ 307.60)
6915,Keprad,allopathic,kepradcapsule250-mg,Capsule,Cephradine,250 mg,Sonear Laboratories Ltd.,"Unit Price: ৳ 8.20,(40's pack: ৳ 328.00),",(40's pack: ৳ 328.00)
7588,Keor DS,allopathic,keor-dscapsule400-mg,Capsule,Cefixime Trihydrate,400 mg,Rephco Pharmaceuticals Ltd.,"Unit Price: ৳ 50.00,(8's pack: ৳ 400.00),",(8's pack: ৳ 400.00)
7589,Keor,allopathic,keorpowder-for-suspension100-mg5-ml,Powder for Suspension,Cefixime Trihydrate,100 mg/5 ml,Rephco Pharmaceuticals Ltd.,50 ml bottle: ৳ 160.00,
7587,Keor,allopathic,keorcapsule200-mg,Capsule,Cefixime Trihydrate,200 mg,Rephco Pharmaceuticals Ltd.,"Unit Price: ৳ 30.00,(10's pack: ৳ 300.00),",(10's pack: ৳ 300.00)
4281,Keolax,allopathic,keolaxtablet10-mg,Tablet,Clobazam,10 mg,Beximco Pharmaceuticals Ltd.,"Unit Price: ৳ 2.77,(100's pack: ৳ 277.00),",(100's pack: ৳ 277.00)
21214,Kentop,allopathic,kentoptablet-enteric-coated100-mg,Tablet (Enteric Coated),Ketoprofen (oral & injection),100 mg,Premier Pharmaceuticals Ltd.,"Unit Price: ৳ 4.55,(50's pack: ৳ 227.50),",(50's pack: ৳ 227.50)
27806,Kenodol,allopathic,kenodolimiv-injection60-mg2-ml,IM/IV Injection,Ketorolac Tromethamine,60 mg/2 ml,Rangs Pharmaceuticals Ltd.,2 ml ampoule: ৳ 95.00,
32535,Ketofenac,allopathic,ketofenacimiv-injection30-mgml,IM/IV Injection,Ketorolac Tromethamine,30 mg/ml,Doctor TIMS Pharmaceuticals Ltd.,"1 ml ampoule: ৳ 55.00,(5's pack: ৳ 275.00),",(5's pack: ৳ 275.00)
32534,Ketofenac,allopathic,ketofenactablet10-mg,Tablet,Ketorolac Tromethamine,10 mg,Doctor TIMS Pharmaceuticals Ltd.,"Unit Price: ৳ 10.03,(20's pack: ৳ 200.63),",(20's pack: ৳ 200.63)
15425,Ketofast,allopathic,ketofastimiv-injection30-mgml,IM/IV Injection,Ketorolac Tromethamine,30 mg/ml,Veritas Pharmaceuticals Ltd.,1 ml ampoule: ৳ 55.16,
15424,Ketofast,allopathic,ketofasttablet10-mg,Tablet,Ketorolac Tromethamine,10 mg,Veritas Pharmaceuticals Ltd.,"Unit Price: ৳ 12.04,(20's pack: ৳ 240.80),",(20's pack: ৳ 240.80)
15948,Ketof,allopathic,ketofophthalmic-solution0025,Ophthalmic Solution,Ketotifen Fumarate (Ophthalmic),0.03%,Ibn Sina Pharmaceuticals Ltd.,5 ml drop: ৳ 100.00,
3725,Ketof,allopathic,ketofsyrup1-mg5-ml,Syrup,Ketotifen Fumarate (Oral),1 mg/5 ml,Ibn Sina Pharmaceuticals Ltd.,100 ml bottle: ৳ 55.00,
3724,Ketof,allopathic,ketoftablet1-mg,Tablet,Ketotifen Fumarate (Oral),1 mg,Ibn Sina Pharmaceuticals Ltd.,"Unit Price: ৳ 2.50,(100's pack: ৳ 250.00),",(100's pack: ৳ 250.00)
3723,Ketodil,allopathic,ketodilcapsule1-mg,Capsule,Ketotifen Fumarate (Oral),1 mg,Techno Drugs Ltd.,"Unit Price: ৳ 2.00,(50's pack: ৳ 100.00),",(50's pack: ৳ 100.00)
15961,Ketodil,allopathic,ketodilsyrup1-mg5-ml,Syrup,Ketotifen Fumarate (Oral),1 mg/5 ml,Techno Drugs Ltd.,100 ml bottle: ৳ 45.00,
21304,Ketocure,allopathic,ketocuretablet1-mg,Tablet,Ketotifen Fumarate (Oral),1 mg,Benham Pharmaceuticals Ltd.,"Unit Price: ৳ 2.00,(100's pack: ৳ 200.00),",(100's pack: ৳ 200.00)
21305,Ketocure,allopathic,ketocuresyrup1-mg5-ml,Syrup,Ketotifen Fumarate (Oral),1 mg/5 ml,Benham Pharmaceuticals Ltd.,100 ml bottle: ৳ 52.00,
10000,Ketocon,allopathic,ketoconshampoo2,Shampoo,Ketoconazole (Shampoo),2%,Opsonin Pharma Ltd.,"60 ml bottle: ৳ 176.00,100 ml bottle: ৳ 230.00",
15427,Ketogate,allopathic,ketogateimiv-injection30-mgml,IM/IV Injection,Ketorolac Tromethamine,30 mg/ml,Pharmacil Limited,1 ml ampoule: ৳ 75.23,
9997,Ketofun,allopathic,ketofuntablet200-mg,Tablet,Ketoconazole (Tablet),200 mg,Amico Laboratories Ltd.,"Unit Price: ৳ 8.33,(30's pack: ৳ 249.90),",(30's pack: ৳ 249.90)
15331,Ketoflex,allopathic,ketoflextablet10-mg,Tablet,Ketorolac Tromethamine,10 mg,Somatec Pharmaceuticals Ltd.,"Unit Price: ৳ 10.03,(30's pack: ৳ 300.90),",(30's pack: ৳ 300.90)
21315,Ketofimed,allopathic,ketofimedsyrup1-mg5-ml,Syrup,Ketotifen Fumarate (Oral),1 mg/5 ml,MedRx Life Science Ltd.,100 ml bottle: ৳ 55.00,
9996,Ketocon,allopathic,ketocontablet200-mg,Tablet,Ketoconazole (Tablet),200 mg,Opsonin Pharma Ltd.,"Unit Price: ৳ 8.06,(30's pack: ৳ 241.80),",(30's pack: ৳ 241.80)
15423,Ketobe,allopathic,ketobetablet10-mg,Tablet,Ketorolac Tromethamine,10 mg,Benham Pharmaceuticals Ltd.,"Unit Price: ৳ 9.93,(40's pack: ৳ 397.00),",(40's pack: ৳ 397.00)
29490,Ketoalfa,allopathic,ketoalfatablet600-mg,Tablet,Amino Acid Keto Analogues,600 mg,Healthcare Pharmaceuticals Ltd.,"Unit Price: ৳ 40.00,(60's pack: ৳ 2,400.00),","(60's pack: ৳ 2,400.00)"
15421,Ketoact,allopathic,ketoacttablet10-mg,Tablet,Ketorolac Tromethamine,10 mg,Leon Pharmaceuticals Ltd.,"Unit Price: ৳ 10.00,(30's pack: ৳ 300.00),",(30's pack: ৳ 300.00)
10922,Keto-D,allopathic,keto-dtablet25-mg,Tablet,Dexketoprofen,25 mg,ACME Laboratories Ltd.,"Unit Price: ৳ 4.03,(30's pack: ৳ 120.90),",(30's pack: ৳ 120.90)
11348,Keto-A,allopathic,keto-atablet-enteric-coated50-mg,Tablet (Enteric Coated),Ketoprofen (oral & injection),50 mg,ACME Laboratories Ltd.,"Unit Price: ৳ 3.52,(50's pack: ৳ 176.00),",(50's pack: ৳ 176.00)
11349,Keto-A,allopathic,keto-atablet-enteric-coated100-mg,Tablet (Enteric Coated),Ketoprofen (oral & injection),100 mg,ACME Laboratories Ltd.,"Unit Price: ৳ 5.53,(50's pack: ৳ 276.50),",(50's pack: ৳ 276.50)
11350,Keto-A,allopathic,keto-aim-injection100-mg2-ml,IM Injection,Ketoprofen (oral & injection),100 mg/2 ml,ACME Laboratories Ltd.,"2 ml ampoule: ৳ 19.64,(10's pack: ৳ 196.40),",(10's pack: ৳ 196.40)
11351,Keto-A,allopathic,keto-asuppository100-mg,Suppository,Ketoprofen (oral & injection),100 mg,ACME Laboratories Ltd.,"Unit Price: ৳ 12.09,(10's pack: ৳ 120.90),",(10's pack: ৳ 120.90)
11371,Keto SR,allopathic,keto-srcapsule-sustained-release100-mg,Capsule (Sustained Release),Ketoprofen (oral & injection),100 mg,Hudson Pharmaceuticals Ltd.,"Unit Price: ৳ 7.00,(100's pack: ৳ 700.00),",(100's pack: ৳ 700.00)
15273,Ketmine,allopathic,ketmineimiv-injection50-mgml,IM/IV Injection,Ketamine,50 mg/ml,Grifols Biologicals LLC,10 ml vial: ৳ 400.00,
3721,Ketifen,allopathic,ketifentablet1-mg,Tablet,Ketotifen Fumarate (Oral),1 mg,ACME Laboratories Ltd.,"Unit Price: ৳ 2.50,(100's pack: ৳ 250.00),",(100's pack: ৳ 250.00)
3722,Ketifen,allopathic,ketifensyrup1-mg5-ml,Syrup,Ketotifen Fumarate (Oral),1 mg/5 ml,ACME Laboratories Ltd.,100 ml bottle: ৳ 55.00,
27575,Keteks,allopathic,keteksimiv-injection60-mg2-ml,IM/IV Injection,Ketorolac Tromethamine,60 mg/2 ml,Jenphar Bangladesh Ltd.,2 ml ampoule: ৳ 95.00,
15339,Ketorolac,allopathic,ketorolactablet10-mg,Tablet,Ketorolac Tromethamine,10 mg,Bristol Pharmaceuticals Ltd.,"Unit Price: ৳ 10.00,(40's pack: ৳ 400.00),",(40's pack: ৳ 400.00)
15337,Ketorin,allopathic,ketorintablet10-mg,Tablet,Ketorolac Tromethamine,10 mg,Orion Pharma Ltd.,"Unit Price: ৳ 10.07,(20's pack: ৳ 201.40),",(20's pack: ৳ 201.40)
15338,Ketorin,allopathic,ketorinimiv-injection30-mgml,IM/IV Injection,Ketorolac Tromethamine,30 mg/ml,Orion Pharma Ltd.,1 ml ampoule: ৳ 55.16,
3731,Ketorif,allopathic,ketorifsyrup1-mg5-ml,Syrup,Ketotifen Fumarate (Oral),1 mg/5 ml,Biopharma Laboratories Ltd.,100 ml bottle: ৳ 52.00,
3730,Ketorif,allopathic,ketoriftablet1-mg,Tablet,Ketotifen Fumarate (Oral),1 mg,Biopharma Laboratories Ltd.,"Unit Price: ৳ 2.25,(100's pack: ৳ 225.00),",(100's pack: ৳ 225.00)
21294,Ketorif,allopathic,ketorifophthalmic-solution0025,Ophthalmic Solution,Ketotifen Fumarate (Ophthalmic),0.03%,Biopharma Laboratories Ltd.,5 ml drop: ৳ 100.00,
9998,Ketoral,allopathic,ketoraltablet200-mg,Tablet,Ketoconazole (Tablet),200 mg,Square Pharmaceuticals Ltd.,"Unit Price: ৳ 9.06,(40's pack: ৳ 362.40),",(40's pack: ৳ 362.40)
15336,Ketora,allopathic,ketoratablet10-mg,Tablet,Ketorolac Tromethamine,10 mg,Medicon Pharmaceuticals Ltd.,"Unit Price: ৳ 9.66,(20's pack: ৳ 193.17),",(20's pack: ৳ 193.17)
27576,Ketoprix,allopathic,ketopriximiv-injection60-mg2-ml,IM/IV Injection,Ketorolac Tromethamine,60 mg/2 ml,Sharif Pharmaceuticals Ltd.,2 ml ampoule: ৳ 95.29,
21285,Ketoprix,allopathic,ketopriximiv-injection30-mgml,IM/IV Injection,Ketorolac Tromethamine,30 mg/ml,Sharif Pharmaceuticals Ltd.,"1 ml ampoule: ৳ 55.17,(5's pack: ৳ 275.84),",(5's pack: ৳ 275.84)
15335,Ketoprix,allopathic,ketoprixtablet10-mg,Tablet,Ketorolac Tromethamine,10 mg,Sharif Pharmaceuticals Ltd.,"Unit Price: ৳ 10.03,(30's pack: ৳ 300.90),",(30's pack: ৳ 300.90)
21239,Ketoplex,allopathic,ketoplextablet10-mg,Tablet,Ketorolac Tromethamine,10 mg,Centeon Pharma Ltd.,"Unit Price: ৳ 20.00,(20's pack: ৳ 400.00),",(20's pack: ৳ 400.00)
3729,Ketopac,allopathic,ketopacsyrup1-mg5-ml,Syrup,Ketotifen Fumarate (Oral),1 mg/5 ml,Pacific Pharmaceuticals Ltd.,100 ml bottle: ৳ 40.00,
15433,Ketoseem,allopathic,ketoseemtablet10-mg,Tablet,Ketorolac Tromethamine,10 mg,Seema Pharmaceuticals Ltd.,,
15341,Ketoroz,allopathic,ketorozimiv-injection30-mgml,IM/IV Injection,Ketorolac Tromethamine,30 mg/ml,Astra Biopharmaceuticals Ltd.,1 ml ampoule: ৳ 55.00,
15340,Ketoroz,allopathic,ketoroztablet10-mg,Tablet,Ketorolac Tromethamine,10 mg,Astra Biopharmaceuticals Ltd.,"Unit Price: ৳ 10.00,(10's pack: ৳ 100.00),",(10's pack: ৳ 100.00)
21263,Ketoropack,allopathic,ketoropacktablet10-mg,Tablet,Ketorolac Tromethamine,10 mg,Marksman Pharmaceuticals Ltd.,Unit Price: ৳ 10.00,
3728,Ketopac,allopathic,ketopactablet1-mg,Tablet,Ketotifen Fumarate (Oral),1 mg,Pacific Pharmaceuticals Ltd.,"Unit Price: ৳ 2.00,(100's pack: ৳ 200.00),",(100's pack: ৳ 200.00)
15334,Ketonic,allopathic,ketonicimiv-injection30-mgml,IM/IV Injection,Ketorolac Tromethamine,30 mg/ml,Eskayef Pharmaceuticals Ltd.,"1 ml ampoule: ৳ 55.00,(4's pack: ৳ 220.00),,1 ml ampoule: ৳ 55.00,(5's pack: ৳ 275.00),","(4's pack: ৳ 220.00),(5's pack: ৳ 275.00)"
15333,Ketonic,allopathic,ketonictablet10-mg,Tablet,Ketorolac Tromethamine,10 mg,Eskayef Pharmaceuticals Ltd.,"Unit Price: ৳ 10.00,(30's pack: ৳ 300.00),",(30's pack: ৳ 300.00)
26764,Ketonic,allopathic,ketonicimiv-injection60-mg2-ml,IM/IV Injection,Ketorolac Tromethamine,60 mg/2 ml,Eskayef Pharmaceuticals Ltd.,2 ml ampoule: ৳ 95.00,
21265,Ketonaaf,allopathic,ketonaaftablet10-mg,Tablet,Ketorolac Tromethamine,10 mg,Naafco Pharma Ltd.,"Unit Price: ৳ 10.00,(30's pack: ৳ 300.00),",(30's pack: ৳ 300.00)
15949,Ketomar,allopathic,ketomarophthalmic-solution0025,Ophthalmic Solution,Ketotifen Fumarate (Ophthalmic),0.03%,Incepta Pharmaceuticals Ltd.,5 ml drop: ৳ 100.00,
3726,Ketomar,allopathic,ketomartablet1-mg,Tablet,Ketotifen Fumarate (Oral),1 mg,Incepta Pharmaceuticals Ltd.,"Unit Price: ৳ 2.00,(100's pack: ৳ 200.00),",(100's pack: ৳ 200.00)
3727,Ketomar,allopathic,ketomarsyrup1-mg5-ml,Syrup,Ketotifen Fumarate (Oral),1 mg/5 ml,Incepta Pharmaceuticals Ltd.,100 ml bottle: ৳ 50.00,
21225,Ketolac,allopathic,ketolacophthalmic-solution05,Ophthalmic Solution,Ketorolac Tromethamine (Ophthalmic),0.50%,Nipa Pharmaceuticals Ltd.,5 ml drop: ৳ 80.00,
15347,Ketolac,allopathic,ketolactablet10-mg,Tablet,Ketorolac Tromethamine,10 mg,Nipa Pharmaceuticals Ltd.,"Unit Price: ৳ 10.00,(30's pack: ৳ 300.00),",(30's pack: ৳ 300.00)
15428,Ketolab,allopathic,ketolabimiv-injection30-mgml,IM/IV Injection,Ketorolac Tromethamine,30 mg/ml,Labaid Pharma Ltd.,"1 ml ampoule: ৳ 55.18,(5's pack: ৳ 275.88),",(5's pack: ৳ 275.88)
15429,Ketolab,allopathic,ketolabimiv-injection60-mg2-ml,IM/IV Injection,Ketorolac Tromethamine,60 mg/2 ml,Labaid Pharma Ltd.,2 ml ampoule: ৳ 95.29,
15332,Ketolab,allopathic,ketolabtablet10-mg,Tablet,Ketorolac Tromethamine,10 mg,Labaid Pharma Ltd.,"Unit Price: ৳ 12.03,(20's pack: ৳ 240.64),",(20's pack: ৳ 240.64)
29493,Kevisep Plus,allopathic,kevisep-plushand-rub750125145,Hand Rub,Isopropyl Alcohol + Hydrogen Peroxide + Glycerol,75%+0.125%+1.45%,Opsonin Pharma Ltd.,"50 ml bottle: ৳ 60.00,100 ml bottle: ৳ 100.00,200 ml bottle: ৳ 200.00",
12830,Kevirub,allopathic,kevirubhand-rub0570,Hand Rub,Chlorhexidine Gluconate + Isopropyl alcohol,0.5%+70%,Opsonin Pharma Ltd.,"50 ml bottle: ৳ 31.12,250 ml bottle: ৳ 105.72",
12829,Kevilon,allopathic,keviloncream0105,Cream,Chlorhexidine Hydrochloride + Cetrimide,0.1%+0.5%,Opsonin Pharma Ltd.,30 gm tube: ৳ 18.07,
28875,Kevil Plus,allopathic,kevil-plustablet-extended-release10-mg240-mg,Tablet (Extended Release),Loratadine + Pseudoephedrine,10 mg+240 mg,Kemiko Pharmaceuticals Ltd.,"Unit Price: ৳ 6.00,(30's pack: ৳ 180.00),",(30's pack: ৳ 180.00)
12200,Kevil,allopathic,keviltablet10-mg,Tablet,Loratadine,10 mg,Kemiko Pharmaceuticals Ltd.,"Unit Price: ৳ 3.00,(100's pack: ৳ 300.00),",(100's pack: ৳ 300.00)
12201,Kevil,allopathic,keviloral-suspension5-mg5-ml,Oral Suspension,Loratadine,5 mg/5 ml,Kemiko Pharmaceuticals Ltd.,60 ml bottle: ৳ 30.90,
28546,Ketromin,allopathic,ketrominimiv-injection60-mg2-ml,IM/IV Injection,Ketorolac Tromethamine,60 mg/2 ml,Pacific Pharmaceuticals Ltd.,"2 ml ampoule: ৳ 95.00,(5's pack: ৳ 475.00),",(5's pack: ৳ 475.00)
28545,Ketromin,allopathic,ketrominimiv-injection30-mgml,IM/IV Injection,Ketorolac Tromethamine,30 mg/ml,Pacific Pharmaceuticals Ltd.,1 ml ampoule: ৳ 60.00,
28544,Ketromin,allopathic,ketrominophthalmic-solution05,Ophthalmic Solution,Ketorolac Tromethamine (Ophthalmic),0.50%,Pacific Pharmaceuticals Ltd.,5 ml drop: ৳ 80.00,
15343,Ketromin,allopathic,ketromintablet10-mg,Tablet,Ketorolac Tromethamine,10 mg,Pacific Pharmaceuticals Ltd.,"Unit Price: ৳ 10.00,(20's pack: ৳ 200.00),,Unit Price: ৳ 10.00,(30's pack: ৳ 300.00),","(20's pack: ৳ 200.00),(30's pack: ৳ 300.00)"
10001,Ketozol,allopathic,ketozolshampoo2,Shampoo,Ketoconazole (Shampoo),2%,Aristopharma Ltd.,"60 ml bottle: ৳ 175.00,100 ml bottle: ৳ 230.00",
21256,Ketoxguard,allopathic,ketoxguardimiv-injection30-mgml,IM/IV Injection,Ketorolac Tromethamine,30 mg/ml,Guardian Healthcare Ltd.,1 ml ampoule: ৳ 55.00,
21255,Ketoxguard,allopathic,ketoxguardtablet10-mg,Tablet,Ketorolac Tromethamine,10 mg,Guardian Healthcare Ltd.,Unit Price: ৳ 8.00,
15342,Ketovir,allopathic,ketovirtablet10-mg,Tablet,Ketorolac Tromethamine,10 mg,Virgo Pharmaceuticals Ltd.,"Unit Price: ৳ 10.00,(20's pack: ৳ 200.00),",(20's pack: ৳ 200.00)
7266,Kfore,allopathic,kforetablet500-mg,Tablet,Cefuroxime Axetil,500 mg,Kemiko Pharmaceuticals Ltd.,"Unit Price: ৳ 45.13,(8's pack: ৳ 361.04),",(8's pack: ৳ 361.04)
27177,Kflam,allopathic,kflamimiv-injection60-mg2-ml,IM/IV Injection,Ketorolac Tromethamine,60 mg/2 ml,Apex Pharmaceuticals Ltd.,"2 ml ampoule: ৳ 95.38,(3's pack: ৳ 286.14),",(3's pack: ৳ 286.14)
15345,Kflam,allopathic,kflamimiv-injection30-mgml,IM/IV Injection,Ketorolac Tromethamine,30 mg/ml,Apex Pharmaceuticals Ltd.,"1 ml ampoule: ৳ 55.00,(5's pack: ৳ 275.00),",(5's pack: ৳ 275.00)
15344,Kflam,allopathic,kflamtablet10-mg,Tablet,Ketorolac Tromethamine,10 mg,Apex Pharmaceuticals Ltd.,"Unit Price: ৳ 10.00,(30's pack: ৳ 300.00),",(30's pack: ৳ 300.00)
26765,Kezona,allopathic,kezonatablet200-mg,Tablet,Ketoconazole (Tablet),200 mg,Eskayef Pharmaceuticals Ltd.,"Unit Price: ৳ 9.00,(30's pack: ৳ 270.00),",(30's pack: ৳ 270.00)
20679,Kezid MR,allopathic,kezid-mrtablet-modified-release30-mg,Tablet (Modified Release),Gliclazide,30 mg,Kemiko Pharmaceuticals Ltd.,"Unit Price: ৳ 8.00,(30's pack: ৳ 240.00),",(30's pack: ৳ 240.00)
5251,Kezid,allopathic,kezidtablet80-mg,Tablet,Gliclazide,80 mg,Kemiko Pharmaceuticals Ltd.,"Unit Price: ৳ 8.02,(50's pack: ৳ 401.00),",(50's pack: ৳ 401.00)
15950,Ketotifen,allopathic,ketotifenophthalmic-solution0025,Ophthalmic Solution,Ketotifen Fumarate (Ophthalmic),0.03%,Reman Drug Laboratories Ltd.,5 ml drop: ৳ 100.00,
21300,Ketotifen,allopathic,ketotifentablet1-mg,Tablet,Ketotifen Fumarate (Oral),1 mg,Amico Laboratories Ltd.,Unit Price: ৳ 2.50,
3732,Ketotif,allopathic,ketotiftablet1-mg,Tablet,Ketotifen Fumarate (Oral),1 mg,Delta Pharma Ltd.,"Unit Price: ৳ 1.50,(100's pack: ৳ 150.00),",(100's pack: ৳ 150.00)
21181,Ketotab,allopathic,ketotabtablet200-mg,Tablet,Ketoconazole (Tablet),200 mg,Ibn Sina Pharmaceuticals Ltd.,"Unit Price: ৳ 9.00,(40's pack: ৳ 360.00),",(40's pack: ৳ 360.00)
28946,Ketosteril,allopathic,ketosteriltablet,Tablet,Amino Acid + Calcium,,Fresenius Kabi,"Unit Price: ৳ 37.00,(100's pack: ৳ 3,700.00),","(100's pack: ৳ 3,700.00)"
15963,Ketosma,allopathic,ketosmatablet1-mg,Tablet,Ketotifen Fumarate (Oral),1 mg,Leon Pharmaceuticals Ltd.,"Unit Price: ৳ 2.00,(100's pack: ৳ 200.00),",(100's pack: ৳ 200.00)
15962,Ketosma,allopathic,ketosmasyrup1-mg5-ml,Syrup,Ketotifen Fumarate (Oral),1 mg/5 ml,Leon Pharmaceuticals Ltd.,100 ml bottle: ৳ 45.00,
21271,Ketoshot,allopathic,ketoshottablet10-mg,Tablet,Ketorolac Tromethamine,10 mg,Nuvista Pharma Ltd.,"Unit Price: ৳ 10.00,(30's pack: ৳ 300.00),",(30's pack: ৳ 300.00)
21269,Ketoshot,allopathic,ketoshotimiv-injection30-mgml,IM/IV Injection,Ketorolac Tromethamine,30 mg/ml,Nuvista Pharma Ltd.,"1 ml ampoule: ৳ 55.00,(5's pack: ৳ 275.00),",(5's pack: ৳ 275.00)
7274,Kilbac,allopathic,kilbacimiv-injection750-mgvial,IM/IV Injection,Cefuroxime Axetil,750 mg/vial,Incepta Pharmaceuticals Ltd.,750 mg vial: ৳ 125.00,
7268,Kilbac,allopathic,kilbactablet125-mg,Tablet,Cefuroxime Axetil,125 mg,Incepta Pharmaceuticals Ltd.,"Unit Price: ৳ 15.00,(24's pack: ৳ 360.00),",(24's pack: ৳ 360.00)
7270,Kilbac,allopathic,kilbactablet500-mg,Tablet,Cefuroxime Axetil,500 mg,Incepta Pharmaceuticals Ltd.,"Unit Price: ৳ 45.00,(12's pack: ৳ 540.00),",(12's pack: ৳ 540.00)
7275,Kilbac,allopathic,kilbaciv-injection15-gmvial,IV Injection,Cefuroxime Axetil,1.5 gm/vial,Incepta Pharmaceuticals Ltd.,1.5 gm vial: ৳ 200.00,
7273,Kilbac,allopathic,kilbacimiv-injection250-mgvial,IM/IV Injection,Cefuroxime Axetil,250 mg/vial,Incepta Pharmaceuticals Ltd.,250 mg vial: ৳ 55.00,
7271,Kilbac,allopathic,kilbacpowder-for-suspension125-mg5-ml,Powder for Suspension,Cefuroxime Axetil,125 mg/5 ml,Incepta Pharmaceuticals Ltd.,70 ml bottle: ৳ 198.00,
14561,Kidzin,allopathic,kidzinsyrup10-mg5-ml,Syrup,Zinc Sulfate Monohydrate,10 mg/5 ml,Sharif Pharmaceuticals Ltd.,100 ml bottle: ৳ 35.11,
13555,Kidwel,allopathic,kidwelsyrup,Syrup,Multivitamin & Cod Liver Oil,,MST Pharma,100 ml bottle: ৳ 80.00,
26517,Kidsol DS,allopathic,kidsol-dsiv-infusion0455,IV Infusion,Sodium Chloride + Dextrose,0.45%+5%,ACME Laboratories Ltd.,500 ml bottle: ৳ 73.60,
26516,Kidsol,allopathic,kidsoliv-infusion02255,IV Infusion,Sodium Chloride + Dextrose,0.225%+5%,ACME Laboratories Ltd.,500 ml bottle: ৳ 72.23,
26870,Kidsgro,allopathic,kidsgrosyrup,Syrup,Multivitamin & Cod Liver Oil,,Biopharma Laboratories Ltd.,100 ml bottle: ৳ 80.00,
32675,Kidpred,allopathic,kidpredoral-solution5-mg5-ml,Oral Solution,Prednisolone,5 mg/5 ml,Everest Pharmaceuticals Ltd.,50 ml bottle: ৳ 65.00,
14241,Kidovit,allopathic,kidovitsyrup,Syrup,Multivitamin & Multimineral,,Amico Laboratories Ltd.,100 ml bottle: ৳ 65.00,
13554,Kidoplex,allopathic,kidoplexsyrup,Syrup,Multivitamin & Cod Liver Oil,,Millat Pharmaceuticals Ltd.,100 ml bottle: ৳ 80.00,
25290,Kidomed BZ,allopathic,kidomed-bzsyrup,Syrup,Vitamin B Complex + Zinc,,MedRx Life Science Ltd.,100 ml bottle: ৳ 45.00,
7272,Kilbac DS,allopathic,kilbac-dspowder-for-suspension250-mg5-ml,Powder for Suspension,Cefuroxime Axetil,250 mg/5 ml,Incepta Pharmaceuticals Ltd.,50 ml bottle: ৳ 250.00,
7269,Kilbac,allopathic,kilbactablet250-mg,Tablet,Cefuroxime Axetil,250 mg,Incepta Pharmaceuticals Ltd.,"Unit Price: ৳ 25.00,(18's pack: ৳ 450.00),",(18's pack: ৳ 450.00)
14688,Kidizinc-B,allopathic,kidizinc-bsyrup,Syrup,Vitamin B Complex + Zinc,,Virgo Pharmaceuticals Ltd.,100 ml bottle: ৳ 50.00,
14559,Kidizinc,allopathic,kidizincsyrup10-mg5-ml,Syrup,Zinc Sulfate Monohydrate,10 mg/5 ml,Virgo Pharmaceuticals Ltd.,100 ml bottle: ৳ 35.00,
13553,Kidivit,allopathic,kidivitsyrup,Syrup,Multivitamin & Cod Liver Oil,,Monicopharma Ltd.,100 ml bottle: ৳ 80.00,
14171,Kiditonic,allopathic,kiditonicsyrup,Syrup,Multivitamin & Multimineral [A-Z syrup preparation],,Virgo Pharmaceuticals Ltd.,100 ml bottle: ৳ 85.00,
13142,Kidifer,allopathic,kidiferiv-injection-or-infusion100-mg5-ml,IV Injection or Infusion,Iron Sucrose Injection [Elemental Iron],100 mg/5 ml,General Pharmaceuticals Ltd.,5 ml ampoule: ৳ 327.26,
13552,Kidicod,allopathic,kidicodsyrup,Syrup,Multivitamin & Cod Liver Oil,,Kumudini Pharma Ltd.,"100 ml bottle: ৳ 100.00,200 ml bottle: ৳ 150.00",
13551,Kidicare,allopathic,kidicaresyrup,Syrup,Multivitamin & Cod Liver Oil,,Virgo Pharmaceuticals Ltd.,"100 ml bottle: ৳ 80.00,200 ml bottle: ৳ 145.00",
13550,Kiddi,allopathic,kiddisyrup,Syrup,Multivitamin & Cod Liver Oil,,Renata Limited,"100 ml bottle: ৳ 80.31,200 ml bottle: ৳ 140.53",
7775,Kidcef,allopathic,kidcefpowder-for-suspension40-mg5-ml,Powder for Suspension,Cefpodoxime Proxetil,40 mg/5 ml,Beacon Pharmaceuticals Ltd.,50 ml bottle: ৳ 98.67,
32771,Kidcal,allopathic,kidcalchewable-tablet250-mg,Chewable Tablet,Calcium Carbonate,250 mg,ACME Laboratories Ltd.,"Unit Price: ৳ 1.51,(30's pack: ৳ 45.30),",(30's pack: ৳ 45.30)
25513,Kickof,allopathic,kickofsyrup15-mg5-ml,Syrup,Ambroxol Hydrochloride,15 mg/5 ml,Guardian Healthcare Ltd.,100 ml bottle: ৳ 40.00,
7267,Kfore,allopathic,kforepowder-for-suspension125-mg5-ml,Powder for Suspension,Cefuroxime Axetil,125 mg/5 ml,Kemiko Pharmaceuticals Ltd.,70 ml bottle: ৳ 198.00,
7265,Kfore,allopathic,kforetablet250-mg,Tablet,Cefuroxime Axetil,250 mg,Kemiko Pharmaceuticals Ltd.,"Unit Price: ৳ 25.07,(16's pack: ৳ 401.12),,Unit Price: ৳ 25.07,(18's pack: ৳ 451.26),","(16's pack: ৳ 401.12),(18's pack: ৳ 451.26)"
29130,Kit-63,allopathic,kit-63tablet200-mg200-mcg,Tablet,Mifepristone + Misoprostol,200 mg+200 mcg,General Pharmaceuticals Ltd.,5 tablet kit: ৳ 300.00,
25053,Kingdol,allopathic,kingdolcapsule50-mg,Capsule,Tramadol Hydrochloride,50 mg,Drug International Ltd.,"Unit Price: ৳ 7.00,(30's pack: ৳ 210.00),",(30's pack: ৳ 210.00)
11208,Kingcox,allopathic,kingcoxtablet90-mg,Tablet,Etoricoxib,90 mg,Medicon Pharmaceuticals Ltd.,"Unit Price: ৳ 11.36,(30's pack: ৳ 340.89),",(30's pack: ৳ 340.89)
11207,Kingcox,allopathic,kingcoxtablet60-mg,Tablet,Etoricoxib,60 mg,Medicon Pharmaceuticals Ltd.,"Unit Price: ৳ 6.51,(30's pack: ৳ 195.44),",(30's pack: ৳ 195.44)
13556,King seas,allopathic,king-seassyrup,Syrup,Multivitamin & Cod Liver Oil,,Chemist Laboratories  Ltd.,100 ml bottle: ৳ 140.00,
29095,Kinexa,allopathic,kinexatablet25-mg,Tablet,Rivaroxaban,2.5 mg,Beximco Pharmaceuticals Ltd.,"Unit Price: ৳ 8.00,(30's pack: ৳ 240.00),",(30's pack: ৳ 240.00)
29096,Kinexa,allopathic,kinexatablet20-mg,Tablet,Rivaroxaban,20 mg,Beximco Pharmaceuticals Ltd.,"Unit Price: ৳ 45.00,(20's pack: ৳ 900.00),",(20's pack: ৳ 900.00)
29093,Kinexa,allopathic,kinexatablet10-mg,Tablet,Rivaroxaban,10 mg,Beximco Pharmaceuticals Ltd.,"Unit Price: ৳ 25.00,(30's pack: ৳ 750.00),",(30's pack: ৳ 750.00)
29094,Kinexa,allopathic,kinexatablet15-mg,Tablet,Rivaroxaban,15 mg,Beximco Pharmaceuticals Ltd.,"Unit Price: ৳ 35.00,(20's pack: ৳ 700.00),",(20's pack: ৳ 700.00)
28490,Kindical-DX,allopathic,kindical-dxtablet600-mg400-iu,Tablet,Calcium Carbonate [Coral source] + Vitamin D3,600 mg+400 IU,Navana Pharmaceuticals Ltd.,"Unit Price: ৳ 15.00,(30's pack: ৳ 450.00),",(30's pack: ৳ 450.00)
26920,Kindical-D,allopathic,kindical-dtablet500-mg200-iu,Tablet,Calcium Carbonate [Coral source] + Vitamin D3,500 mg+200 IU,Navana Pharmaceuticals Ltd.,"Unit Price: ৳ 10.00,(50's pack: ৳ 500.00),",(50's pack: ৳ 500.00)
10117,Kilpro,allopathic,kilprotablet400-mg,Tablet,Metronidazole,400 mg,Techno Drugs Ltd.,"Unit Price: ৳ 1.14,(100's pack: ৳ 114.00),",(100's pack: ৳ 114.00)
10118,Kilpro,allopathic,kilproiv-infusion500-mg100-ml,IV Infusion,Metronidazole,500 mg/100 ml,Techno Drugs Ltd.,100 ml bottle: ৳ 65.00,
15346,Kilpan,allopathic,kilpantablet10-mg,Tablet,Ketorolac Tromethamine,10 mg,Decent Pharma Laboratories Ltd.,"Unit Price: ৳ 10.00,(20's pack: ৳ 200.00),",(20's pack: ৳ 200.00)
29947,Kilmax,allopathic,kilmaximiv-injection250-mgvial,IM/IV Injection,Cefuroxime Axetil,250 mg/vial,Eskayef Pharmaceuticals Ltd.,250 mg vial: ৳ 55.00,
7282,Kilmax,allopathic,kilmaxiv-injection15-gmvial,IV Injection,Cefuroxime Axetil,1.5 gm/vial,Eskayef Pharmaceuticals Ltd.,1.5 gm vial: ৳ 200.00,
8764,Klabid,allopathic,klabidtablet250-mg,Tablet,Clarithromycin,250 mg,UniMed UniHealth,"Unit Price: ৳ 30.00,(14's pack: ৳ 420.00),",(14's pack: ৳ 420.00)
8765,Klabid,allopathic,klabidtablet500-mg,Tablet,Clarithromycin,500 mg,UniMed UniHealth,"Unit Price: ৳ 50.00,(14's pack: ৳ 700.00),",(14's pack: ৳ 700.00)
8767,Klabid,allopathic,klabidpowder-for-suspension125-mg5-ml,Powder for Suspension,Clarithromycin,125 mg/5 ml,UniMed UniHealth,70 ml bottle: ৳ 340.00,
8782,Klabex,allopathic,klabextablet500-mg,Tablet,Clarithromycin,500 mg,Opsonin Pharma Ltd.,"Unit Price: ৳ 40.00,(6's pack: ৳ 240.00),",(6's pack: ৳ 240.00)
15434,Kitorex,allopathic,kitorextablet10-mg,Tablet,Ketorolac Tromethamine,10 mg,S.N. Pharmaceutical Ltd.,"Unit Price: ৳ 10.00,(30's pack: ৳ 300.00),",(30's pack: ৳ 300.00)
30474,Kitex,allopathic,kitextablet25-mg,Tablet,Dexketoprofen,25 mg,Square Pharmaceuticals Ltd.,"Unit Price: ৳ 4.03,(50's pack: ৳ 201.50),",(50's pack: ৳ 201.50)
21321,Kitaf,allopathic,kitafsyrup1-mg5-ml,Syrup,Ketotifen Fumarate (Oral),1 mg/5 ml,Orbit Pharmaceuticals Ltd.,100 ml bottle: ৳ 40.00,
7281,Kilmax,allopathic,kilmaximiv-injection750-mgvial,IM/IV Injection,Cefuroxime Axetil,750 mg/vial,Eskayef Pharmaceuticals Ltd.,750 mg vial: ৳ 125.00,
7279,Kilmax,allopathic,kilmaxpowder-for-suspension125-mg5-ml,Powder for Suspension,Cefuroxime Axetil,125 mg/5 ml,Eskayef Pharmaceuticals Ltd.,70 ml bottle: ৳ 198.00,
7278,Kilmax,allopathic,kilmaxtablet500-mg,Tablet,Cefuroxime Axetil,500 mg,Eskayef Pharmaceuticals Ltd.,"Unit Price: ৳ 45.00,(8's pack: ৳ 360.00),",(8's pack: ৳ 360.00)
7277,Kilmax,allopathic,kilmaxtablet250-mg,Tablet,Cefuroxime Axetil,250 mg,Eskayef Pharmaceuticals Ltd.,"Unit Price: ৳ 25.00,(14's pack: ৳ 350.00),",(14's pack: ৳ 350.00)
7276,Kilmax,allopathic,kilmaxtablet125-mg,Tablet,Cefuroxime Axetil,125 mg,Eskayef Pharmaceuticals Ltd.,"Unit Price: ৳ 15.00,(14's pack: ৳ 210.00),",(14's pack: ৳ 210.00)
30327,Kilgen-D,allopathic,kilgen-dophthalmic-solution0501,Ophthalmic Solution,Moxifloxacin Hydrochloride + Dexamethasone,0.5%+0.1%,Gaco Pharmaceuticals Ltd.,5 ml drop: ৳ 200.00,
9633,Kilgen,allopathic,kilgenophthalmic-solution05,Ophthalmic Solution,Moxifloxacin Hydrochloride (Ophthalmic),0.50%,Gaco Pharmaceuticals Ltd.,5 ml drop: ৳ 127.00,
18415,Kofnix,allopathic,kofnixsyrup75-mg5-ml,Syrup,Butamirate Citrate,7.5 mg/5 ml,ACI Limited,100 ml bottle: ৳ 80.00,
26360,Kofnix,allopathic,kofnixpediatric-drops5-mgml,Pediatric Drops,Butamirate Citrate,5 mg/ml,ACI Limited,15 ml bottle: ৳ 50.00,
21296,Kofen,allopathic,kofenophthalmic-solution0025,Ophthalmic Solution,Ketotifen Fumarate (Ophthalmic),0.03%,Opsonin Pharma Ltd.,5 ml drop: ৳ 100.00,
3733,Kofen,allopathic,kofentablet1-mg,Tablet,Ketotifen Fumarate (Oral),1 mg,Opsonin Pharma Ltd.,"Unit Price: ৳ 2.00,(100's pack: ৳ 200.00),",(100's pack: ৳ 200.00)
3734,Kofen,allopathic,kofensyrup1-mg5-ml,Syrup,Ketotifen Fumarate (Oral),1 mg/5 ml,Opsonin Pharma Ltd.,100 ml bottle: ৳ 45.13,
4148,Kofed,allopathic,kofedsyrup30-mg100-mg125-mg5-ml,Syrup,Pseudoephedrine + Guaiphenasine + Triprolidine,(30 mg+100 mg+1.25 mg)/5 ml,Biopharma Laboratories Ltd.,100 ml bottle: ৳ 55.00,
32981,Kof-free,allopathic,kof-freesyrup100-mg11-mg14-mg5-ml,Syrup,Guaifenesin + Levomenthol + Diphenhydramine,(100 mg+1.1 mg+14 mg)/5 ml,Benham Pharmaceuticals Ltd.,100 ml bottle: ৳ 80.00,
15349,Knil,allopathic,knilimiv-injection30-mgml,IM/IV Injection,Ketorolac Tromethamine,30 mg/ml,Rephco Pharmaceuticals Ltd.,1 ml ampoule: ৳ 60.00,
15348,Knil,allopathic,kniltablet10-mg,Tablet,Ketorolac Tromethamine,10 mg,Rephco Pharmaceuticals Ltd.,"Unit Price: ৳ 10.00,(30's pack: ৳ 300.00),",(30's pack: ৳ 300.00)
27577,Knil,allopathic,knilimiv-injection60-mg2-ml,IM/IV Injection,Ketorolac Tromethamine,60 mg/2 ml,Rephco Pharmaceuticals Ltd.,2 ml ampoule: ৳ 95.00,
20625,Kmi,allopathic,kmitablet320-mg,Tablet,Gemifloxacin,320 mg,Kemiko Pharmaceuticals Ltd.,"Unit Price: ৳ 65.00,(6's pack: ৳ 390.00),",(6's pack: ৳ 390.00)
32536,Klokap,allopathic,klokapcapsule500-mg,Capsule,Tranexamic Acid,500 mg,Doctor TIMS Pharmaceuticals Ltd.,"Unit Price: ৳ 15.00,(20's pack: ৳ 300.00),",(20's pack: ৳ 300.00)
28040,Klion,allopathic,kliontablet200-mg,Tablet,Metronidazole,200 mg,Ambee Pharmaceuticals Ltd.,"Unit Price: ৳ 0.67,(100's pack: ৳ 66.53),",(100's pack: ৳ 66.53)
28041,Klion,allopathic,kliontablet400-mg,Tablet,Metronidazole,400 mg,Ambee Pharmaceuticals Ltd.,"Unit Price: ৳ 1.09,(100's pack: ৳ 109.00),",(100's pack: ৳ 109.00)
28042,Klion,allopathic,klionoral-suspension200-mg5-ml,Oral Suspension,Metronidazole,200 mg/5 ml,Ambee Pharmaceuticals Ltd.,60 ml bottle: ৳ 25.74,
32984,Klinkof-M,allopathic,klinkof-msyrup100-mg11-mg14-mg5-ml,Syrup,Guaifenesin + Levomenthol + Diphenhydramine,(100 mg+1.1 mg+14 mg)/5 ml,Organic Health Care Ltd.,100 ml bottle: ৳ 80.00,
4019,Koftex-D,allopathic,koftex-dsyrup10-mg30-mg125-mg5-ml,Syrup,Dextromethorphan + Pseudoephedrine + Triprolidine,(10 mg+30 mg+1.25 mg)/5 ml,Amico Laboratories Ltd.,100 ml bottle: ৳ 50.00,
4149,Koftex,allopathic,koftexsyrup30-mg100-mg125-mg5-ml,Syrup,Pseudoephedrine + Guaiphenasine + Triprolidine,(30 mg+100 mg+1.25 mg)/5 ml,Amico Laboratories Ltd.,100 ml bottle: ৳ 50.00,
33194,Kofstar,allopathic,kofstarsyrup20-mg10-mg25-mg5-ml,Syrup,Dextromethorphan + Phenylephrine + Triprolidine,(20 mg+10 mg+2.5 mg)/5 ml,Kumudini Pharma Ltd.,100 ml bottle: ৳ 100.00,
3972,Kofnix SR,allopathic,kofnix-srtablet-sustained-release50-mg,Tablet (Sustained Release),Butamirate Citrate,50 mg,ACI Limited,"Unit Price: ৳ 10.03,(30's pack: ৳ 300.90),",(30's pack: ৳ 300.90)
32977,Klinkof-D,allopathic,klinkof-dsyrup14-mg65-mg2-mg5-ml,Syrup,Diphenhydramine + Dextromethorphan + Levomenthol,(14 mg+6.5 mg+2 mg)/5 ml,Organic Health Care Ltd.,100 ml bottle: ৳ 80.00,
30256,KleanHand,allopathic,kleanhandhand-rub750125145,Hand Rub,Isopropyl Alcohol + Hydrogen Peroxide + Glycerol,75%+0.125%+1.45%,Ibn Sina Pharmaceuticals Ltd.,"50 ml bottle: ৳ 60.00,250 ml bottle: ৳ 220.00",
19387,Klavin,allopathic,klavinpowder-for-suspension125-mg5-ml,Powder for Suspension,Clarithromycin,125 mg/5 ml,Virgo Pharmaceuticals Ltd.,60 ml bottle: ৳ 300.00,
19386,Klavin,allopathic,klavintablet500-mg,Tablet,Clarithromycin,500 mg,Virgo Pharmaceuticals Ltd.,Unit Price: ৳ 40.00,
8784,Klarix,allopathic,klarixtablet250-mg,Tablet,Clarithromycin,250 mg,Incepta Pharmaceuticals Ltd.,"Unit Price: ৳ 25.00,(10's pack: ৳ 250.00),",(10's pack: ৳ 250.00)
8785,Klarix,allopathic,klarixtablet500-mg,Tablet,Clarithromycin,500 mg,Incepta Pharmaceuticals Ltd.,"Unit Price: ৳ 40.00,(6's pack: ৳ 240.00),",(6's pack: ৳ 240.00)
8786,Klarix,allopathic,klarixpowder-for-suspension125-mg5-ml,Powder for Suspension,Clarithromycin,125 mg/5 ml,Incepta Pharmaceuticals Ltd.,60 ml bottle: ৳ 340.00,
8783,Klaricid,allopathic,klaricidiv-injection500-mgvial,IV Injection,Clarithromycin,500 mg/vial,Abbott Laboratories,500 mg vial: ৳ 623.73,
30096,Klabid-DS,allopathic,klabid-dspowder-for-suspension250-mg5-ml,Powder for Suspension,Clarithromycin,250 mg/5 ml,UniMed UniHealth,70 ml bottle: ৳ 700.00,
8766,Klabid ER,allopathic,klabid-ertablet-extended-release500-mg,Tablet (Extended Release),Clarithromycin,500 mg,UniMed UniHealth,"Unit Price: ৳ 65.00,(7's pack: ৳ 455.00),",(7's pack: ৳ 455.00)
15965,Ktin,allopathic,ktinsyrup1-mg5-ml,Syrup,Ketotifen Fumarate (Oral),1 mg/5 ml,Kemiko Pharmaceuticals Ltd.,100 ml bottle: ৳ 50.14,
15966,Ktin,allopathic,ktintablet1-mg,Tablet,Ketotifen Fumarate (Oral),1 mg,Kemiko Pharmaceuticals Ltd.,"Unit Price: ৳ 2.00,(50's pack: ৳ 100.00),",(50's pack: ৳ 100.00)
14840,KT,allopathic,ktinjection150-mgml,Injection,Potassium Chloride,150 mg/ml,Jayson Pharmaceuticals Ltd.,"10 ml ampoule: ৳ 15.05,(10's pack: ৳ 150.50),",(10's pack: ৳ 150.50)
14839,KT,allopathic,ktsyrup500-mg5-ml,Syrup,Potassium Chloride,500 mg/5 ml,Jayson Pharmaceuticals Ltd.,100 ml bottle: ৳ 30.09,
323,Krimizole DS,allopathic,krimizole-dschewable-tablet400-mg,Chewable Tablet,Albendazole,400 mg,Mystic Pharmaceuticals Ltd.,"Unit Price: ৳ 3.25,(25's pack: ৳ 81.25),",(25's pack: ৳ 81.25)
322,Krimizole,allopathic,krimizoleoral-suspension200-mg5-ml,Oral Suspension,Albendazole,200 mg/5 ml,Mystic Pharmaceuticals Ltd.,10 ml bottle: ৳ 15.00,
15350,KPR,allopathic,kprtablet10-mg,Tablet,Ketorolac Tromethamine,10 mg,Central Pharmaceuticals Ltd.,"Unit Price: ৳ 10.00,(20's pack: ৳ 200.00),",(20's pack: ৳ 200.00)
4252,Kpam,allopathic,kpamtablet3-mg,Tablet,Bromazepam,3 mg,Kemiko Pharmaceuticals Ltd.,"Unit Price: ৳ 4.01,(50's pack: ৳ 200.50),",(50's pack: ৳ 200.50)
28955,Kovlon,allopathic,kovlonhand-rub1,Hand Rub,Benzalkonium chloride,1%,Kemiko Pharmaceuticals Ltd.,"500 ml bottle: ৳ 220.00,1 liter bottle: ৳ 400.00",
29401,Kovicin,allopathic,kovicintablet200-mg,Tablet,Hydroxychloroquine Sulphate,200 mg,Beximco Pharmaceuticals Ltd.,"Unit Price: ৳ 12.00,(14's pack: ৳ 168.00),,Unit Price: ৳ 12.00,(30's pack: ৳ 360.00),","(14's pack: ৳ 168.00),(30's pack: ৳ 360.00)"
2544,Koreg,allopathic,koregtablet125-mg,Tablet,Carvedilol,12.5 mg,Silva Pharmaceuticals Ltd.,"Unit Price: ৳ 5.02,(30's pack: ৳ 150.51),",(30's pack: ৳ 150.51)
30727,Koreg,allopathic,koregtablet25-mg,Tablet,Carvedilol,25 mg,Silva Pharmaceuticals Ltd.,"Unit Price: ৳ 8.03,(30's pack: ৳ 240.90),",(30's pack: ৳ 240.90)
2543,Koreg,allopathic,koregtablet625-mg,Tablet,Carvedilol,6.25 mg,Silva Pharmaceuticals Ltd.,"Unit Price: ৳ 3.01,(30's pack: ৳ 90.30),",(30's pack: ৳ 90.30)
11354,Kop SR,allopathic,kop-srcapsule-sustained-release100-mg,Capsule (Sustained Release),Ketoprofen (oral & injection),100 mg,Square Pharmaceuticals Ltd.,"Unit Price: ৳ 11.03,(50's pack: ৳ 551.50),",(50's pack: ৳ 551.50)
29494,Koolmint,allopathic,koolmintcream1510,Cream,Methyl Salicylate + Menthol,15%+10%,Opsonin Pharma Ltd.,20 gm tube: ৳ 40.00,
27050,Koolmint,allopathic,koolmintcream308,Cream,Methyl Salicylate + Menthol,30%+8%,Opsonin Pharma Ltd.,20 gm tube: ৳ 60.00,
19487,Kuit,allopathic,kuittablet1-mg,Tablet,Clonazepam,1 mg,Kumudini Pharma Ltd.,"Unit Price: ৳ 7.00,(30's pack: ৳ 210.00),",(30's pack: ৳ 210.00)
4049,Kufflin,allopathic,kufflinsyrup15-mg5-ml,Syrup,Ambroxol Hydrochloride,15 mg/5 ml,Desh Pharmaceuticals Ltd.,100 ml bottle: ৳ 30.00,
6078,kTx,allopathic,ktxtablet10-mg,Tablet,Tadalafil,10 mg,Kemiko Pharmaceuticals Ltd.,"Unit Price: ৳ 35.11,(5's pack: ৳ 175.55),",(5's pack: ৳ 175.55)
6079,kTx,allopathic,ktxtablet20-mg,Tablet,Tadalafil,20 mg,Kemiko Pharmaceuticals Ltd.,"Unit Price: ৳ 60.18,(5's pack: ৳ 300.90),",(5's pack: ৳ 300.90)
6077,kTx,allopathic,ktxtablet5-mg,Tablet,Tadalafil,5 mg,Kemiko Pharmaceuticals Ltd.,"Unit Price: ৳ 18.05,(5's pack: ৳ 90.26),",(5's pack: ৳ 90.26)
31477,KTM,allopathic,ktmtablet10-mg,Tablet,Ketorolac Tromethamine,10 mg,Silco Pharmaceutical Ltd.,"Unit Price: ৳ 10.00,(30's pack: ৳ 300.00),",(30's pack: ৳ 300.00)
21233,KTL,allopathic,ktltablet10-mg,Tablet,Ketorolac Tromethamine,10 mg,Aztec Pharmaceuticals Ltd.,Unit Price: ৳ 8.00,
16334,Kontab,allopathic,kontabtablet50-mg1-mg,Tablet,Bromelain + Trypsin,50 mg+1 mg,Efroze Chemical Industries Ltd,"Unit Price: ৳ 6.00,(50's pack: ৳ 300.00),",(50's pack: ৳ 300.00)
3304,Konakion,allopathic,konakioninjection10-mgml,Injection,Phytomenadione (Injection),10 mg/ml,Radiant Pharmaceuticals Ltd.,"10 mg ampoule: ৳ 102.00,(5's pack: ৳ 510.00),",(5's pack: ৳ 510.00)
3303,Konakion,allopathic,konakioninjection2-mg02-ml,Injection,Phytomenadione (Injection),2 mg/0.2 ml,Radiant Pharmaceuticals Ltd.,"2 mg ampoule: ৳ 98.00,(5's pack: ৳ 490.00),",(5's pack: ৳ 490.00)
14889,Kolosal,allopathic,kolosaliv-infusion,IV Infusion,Cholera Saline,,Popular Pharmaceuticals Ltd.,"500 ml bag: ৳ 70.14,1000 ml bag: ৳ 92.00",
14888,Koloride,allopathic,kolorideiv-infusion,IV Infusion,Cholera Saline,,Beximco Pharmaceuticals Ltd.,"500 ml bag: ৳ 70.00,1000 ml bag: ৳ 92.00",
11677,Kolchin,allopathic,kolchintablet06-mg,Tablet,Colchicine,0.6 mg,Incepta Pharmaceuticals Ltd.,"Unit Price: ৳ 5.00,(30's pack: ৳ 150.00),",(30's pack: ৳ 150.00)
11676,Kolchin,allopathic,kolchintablet05-mg,Tablet,Colchicine,0.5 mg,Incepta Pharmaceuticals Ltd.,"Unit Price: ৳ 4.00,(30's pack: ৳ 120.00),",(30's pack: ৳ 120.00)
30330,L-Amlo,allopathic,l-amlotablet25-mg,Tablet,S-Amlodipine Besilate (Levamlodipine),2.5 mg,Navana Pharmaceuticals Ltd.,"Unit Price: ৳ 7.00,(30's pack: ৳ 210.00),",(30's pack: ৳ 210.00)
30329,L-Amlo,allopathic,l-amlotablet125-mg,Tablet,S-Amlodipine Besilate (Levamlodipine),1.25 mg,Navana Pharmaceuticals Ltd.,"Unit Price: ৳ 4.00,(30's pack: ৳ 120.00),",(30's pack: ৳ 120.00)
30331,L-Amlo,allopathic,l-amlotablet5-mg,Tablet,S-Amlodipine Besilate (Levamlodipine),5 mg,Navana Pharmaceuticals Ltd.,"Unit Price: ৳ 9.00,(30's pack: ৳ 270.00),",(30's pack: ৳ 270.00)
11359,Kynol TR,allopathic,kynol-trcapsule-timed-release200-mg,Capsule (Timed Release),Ketoprofen (oral & injection),200 mg,Eskayef Pharmaceuticals Ltd.,"Unit Price: ৳ 10.00,(30's pack: ৳ 300.00),",(30's pack: ৳ 300.00)
29948,Kynol TR,allopathic,kynol-trcapsule-timed-release100-mg,Capsule (Timed Release),Ketoprofen (oral & injection),100 mg,Eskayef Pharmaceuticals Ltd.,"Unit Price: ৳ 7.00,(50's pack: ৳ 350.00),",(50's pack: ৳ 350.00)
30048,Kynol D,allopathic,kynol-dtablet25-mg,Tablet,Dexketoprofen,25 mg,Eskayef Pharmaceuticals Ltd.,"Unit Price: ৳ 4.00,(60's pack: ৳ 240.00),",(60's pack: ৳ 240.00)
6013,kX-50,allopathic,kx-50tablet50-mg,Tablet,Sildenafil Citrate,50 mg,Kemiko Pharmaceuticals Ltd.,"Unit Price: ৳ 30.09,(5's pack: ৳ 150.45),",(5's pack: ৳ 150.45)
6014,kX-100,allopathic,kx-100tablet100-mg,Tablet,Sildenafil Citrate,100 mg,Kemiko Pharmaceuticals Ltd.,"Unit Price: ৳ 50.14,(5's pack: ৳ 250.70),",(5's pack: ৳ 250.70)
13588,Kvit-TH,allopathic,kvit-thtablet100-mg,Tablet,Thiamine Hydrochloride,100 mg,Kemiko Pharmaceuticals Ltd.,"Unit Price: ৳ 0.74,(100's pack: ৳ 74.00),",(100's pack: ৳ 74.00)
27182,Kvit-N,allopathic,kvit-ntablet100-mg200-mg200-mcg,Tablet,"Vitamin B1, B6 & B12",100 mg+200 mg+200 mcg,Kemiko Pharmaceuticals Ltd.,30's pot: ৳ 120.30,
13649,Kvit-N,allopathic,kvit-ntablet100-mg200-mg200-mcg,Tablet,"Vitamin B1, B6 & B12",100 mg+200 mg+200 mcg,Kemiko Pharmaceuticals Ltd.,"Unit Price: ৳ 8.00,(30's pack: ৳ 240.00),,Unit Price: ৳ 8.00,(50's pack: ৳ 400.00),","(30's pack: ৳ 240.00),(50's pack: ৳ 400.00)"
25323,Kvit-N,allopathic,kvit-nim-injection100-mg100-mg1-mg3-ml,IM Injection,"Vitamin B1, B6 & B12",(100 mg+100 mg+1 mg)/3 ml,Kemiko Pharmaceuticals Ltd.,"3 ml ampoule: ৳ 25.07,(5's pack: ৳ 125.35),",(5's pack: ৳ 125.35)
14206,Kvit-M,allopathic,kvit-mtablet,Tablet,Multivitamin & Multimineral,,Kemiko Pharmaceuticals Ltd.,"Unit Price: ৳ 1.50,(30's pack: ৳ 45.00),",(30's pack: ৳ 45.00)
16196,Kvit-I,allopathic,kvit-ieye-capsule,Eye Capsule,"Vitamin C, Vitamin E, Lutein, Copper & Zinc",,Kemiko Pharmaceuticals Ltd.,"Unit Price: ৳ 10.03,(30's pack: ৳ 300.90),",(30's pack: ৳ 300.90)
13505,Kvit-D,allopathic,kvit-dim-injection200000-iuml,IM Injection,Colecalciferol [Vitamin D3],200000 IU/ml,Kemiko Pharmaceuticals Ltd.,1 ml ampoule: ৳ 90.27,
13927,Kvit-C,allopathic,kvit-cchewable-tablet250-mg,Chewable Tablet,Vitamin C [Ascorbic acid],250 mg,Kemiko Pharmaceuticals Ltd.,"Unit Price: ৳ 1.90,(100's pack: ৳ 190.00),",(100's pack: ৳ 190.00)
3107,L-Cardin,allopathic,l-cardintablet2-mg,Tablet,Lacidipine,2 mg,Drug International Ltd.,"Unit Price: ৳ 3.00,(50's pack: ৳ 150.00),",(50's pack: ৳ 150.00)
27181,Kvit-B,allopathic,kvit-bimiv-injection,IM/IV Injection,Vitamin B complex,,Kemiko Pharmaceuticals Ltd.,"2 ml ampoule: ৳ 10.00,(10's pack: ৳ 100.00),",(10's pack: ৳ 100.00)
13794,Kvit-B,allopathic,kvit-bsyrup,Syrup,Vitamin B complex,,Kemiko Pharmaceuticals Ltd.,200 ml bottle: ৳ 62.17,
13793,Kvit-B,allopathic,kvit-btablet,Tablet,Vitamin B complex,,Kemiko Pharmaceuticals Ltd.,"Unit Price: ৳ 0.51,(45's pack: ৳ 22.95),",(45's pack: ৳ 22.95)
13557,Kvit Seas,allopathic,kvit-seassyrup,Syrup,Multivitamin & Cod Liver Oil,,Kemiko Pharmaceuticals Ltd.,"100 ml bottle: ৳ 80.24,200 ml bottle: ৳ 145.44",
14099,Kvit Gold,allopathic,kvit-goldtablet,Tablet,Multivitamin & Multimineral [A-Z gold preparation],,Kemiko Pharmaceuticals Ltd.,"Unit Price: ৳ 8.00,(30's pack: ৳ 240.00),",(30's pack: ৳ 240.00)
7592,Kuracef,allopathic,kuracefpowder-for-suspension100-mg5-ml,Powder for Suspension,Cefixime Trihydrate,100 mg/5 ml,Synovia pharma plc,"30 ml bottle: ৳ 135.00,50 ml bottle: ৳ 215.00",
7591,Kuracef,allopathic,kuraceftablet400-mg,Tablet,Cefixime Trihydrate,400 mg,Synovia pharma plc,"Unit Price: ৳ 55.00,(8's pack: ৳ 440.00),",(8's pack: ৳ 440.00)
7590,Kuracef,allopathic,kuraceftablet200-mg,Tablet,Cefixime Trihydrate,200 mg,Synovia pharma plc,"Unit Price: ৳ 40.00,(12's pack: ৳ 480.00),",(12's pack: ৳ 480.00)
6556,Kumumox,allopathic,kumumoxpowder-for-suspension125-mg5-ml,Powder for Suspension,Amoxicillin Trihydrate,125 mg/5 ml,Kumudini Pharma Ltd.,100 ml bottle: ৳ 45.00,
6555,Kumumox,allopathic,kumumoxcapsule500-mg,Capsule,Amoxicillin Trihydrate,500 mg,Kumudini Pharma Ltd.,"Unit Price: ৳ 5.50,(50's pack: ৳ 275.00),",(50's pack: ৳ 275.00)
6554,Kumumox,allopathic,kumumoxcapsule250-mg,Capsule,Amoxicillin Trihydrate,250 mg,Kumudini Pharma Ltd.,"Unit Price: ৳ 3.00,(100's pack: ৳ 300.00),",(100's pack: ৳ 300.00)
8494,Kumucin,allopathic,kumucinpowder-for-suspension125-mg5-ml,Powder for Suspension,Erythromycin (Oral),125 mg/5 ml,Kumudini Pharma Ltd.,100 ml bottle: ৳ 55.00,
14445,Labcal-D,allopathic,labcal-dtablet500-mg200-iu,Tablet,Calcium Carbonate [Elemental source] + Vitamin D3,500 mg+200 IU,Labaid Pharma Ltd.,"Unit Price: ৳ 7.02,(30's pack: ৳ 210.50),",(30's pack: ৳ 210.50)
21567,L-Sol,allopathic,l-soltablet2-mg,Tablet,Levosalbutamol (Oral),2 mg,Ethical Drug Ltd.,"Unit Price: ৳ 1.50,(100's pack: ৳ 150.00),",(100's pack: ৳ 150.00)
21566,L-Sol,allopathic,l-solsyrup1-mg5-ml,Syrup,Levosalbutamol (Oral),1 mg/5 ml,Ethical Drug Ltd.,60 ml bottle: ৳ 30.00,
21785,L-con,allopathic,l-conophthalmic-solution03,Ophthalmic Solution,Lomefloxacin (Ophthalmic),0.30%,Monicopharma Ltd.,5 ml drop: ৳ 70.00,
30326,L-Carni,allopathic,l-carnitablet330-mg,Tablet,Levocarnitine,330 mg,General Pharmaceuticals Ltd.,"Unit Price: ৳ 5.04,(30's pack: ৳ 151.20),",(30's pack: ৳ 151.20)
29626,Lacrigel,allopathic,lacrigelophthalmic-solution1,Ophthalmic Solution,Carboxymethylcellulose Sodium,1%,Opsonin Pharma Ltd.,10 ml drop: ৳ 275.00,
21373,Lacos,allopathic,lacosoral-solution335-gm5-ml,Oral Solution,Lactulose,3.35 gm/5 ml,Orbit Pharmaceuticals Ltd.,100 ml bottle: ৳ 100.00,
15351,Lacor,allopathic,lacortablet10-mg,Tablet,Ketorolac Tromethamine,10 mg,Ad-din Pharmaceuticals Ltd.,"Unit Price: ৳ 9.00,(20's pack: ৳ 180.00),",(20's pack: ৳ 180.00)
2386,Laclose,allopathic,lacloseoral-solution335-gm5-ml,Oral Solution,Lactulose,3.35 gm/5 ml,Opsonin Pharma Ltd.,100 ml bottle: ৳ 120.37,
2885,Lacitone,allopathic,lacitonetablet20-mg50-mg,Tablet,Furosemide + Spironolactone,20 mg+50 mg,General Pharmaceuticals Ltd.,"Unit Price: ৳ 6.04,(30's pack: ৳ 181.29),",(30's pack: ৳ 181.29)
3103,Lacitab,allopathic,lacitabtablet2-mg,Tablet,Lacidipine,2 mg,ACME Laboratories Ltd.,"Unit Price: ৳ 4.03,(50's pack: ৳ 201.50),",(50's pack: ৳ 201.50)
28269,Lacitab,allopathic,lacitabtablet4-mg,Tablet,Lacidipine,4 mg,ACME Laboratories Ltd.,"Unit Price: ৳ 6.04,(30's pack: ৳ 181.20),",(30's pack: ৳ 181.20)
3102,Lacicard,allopathic,lacicardtablet4-mg,Tablet,Lacidipine,4 mg,Aristopharma Ltd.,"Unit Price: ৳ 6.00,(30's pack: ৳ 180.00),",(30's pack: ৳ 180.00)
3101,Lacicard,allopathic,lacicardtablet2-mg,Tablet,Lacidipine,2 mg,Aristopharma Ltd.,"Unit Price: ৳ 4.00,(60's pack: ৳ 240.00),",(60's pack: ৳ 240.00)
28689,Labpan,allopathic,labpantablet-enteric-coated40-mg,Tablet (Enteric Coated),Pantoprazole Sodium Sesquihydrate,40 mg,Labaid Pharma Ltd.,"Unit Price: ৳ 7.00,(60's pack: ৳ 420.21),",(60's pack: ৳ 420.21)
23332,Labpan,allopathic,labpantablet-enteric-coated20-mg,Tablet (Enteric Coated),Pantoprazole Sodium Sesquihydrate,20 mg,Labaid Pharma Ltd.,"Unit Price: ৳ 5.00,(60's pack: ৳ 300.15),",(60's pack: ৳ 300.15)
15902,Lacrison,allopathic,lacrisonophthalmic-suspension05,Ophthalmic Suspension,Loteprednol Etabonate,0.50%,Beximco Pharmaceuticals Ltd.,5 ml drop: ৳ 175.00,
27731,Lacrin,allopathic,lacrinophthalmic-solution0509,Ophthalmic Solution,Carboxymethylcellulose Sodium + Glycerin,0.5%+0.9%,Opso Saline Ltd.,10 ml drop: ৳ 187.71,
16140,Lacrima,allopathic,lacrimaophthalmic-solution0103,Ophthalmic Solution,Dextran + Hypromellose,0.1%+0.3%,Opsonin Pharma Ltd.,10 ml drop: ৳ 70.00,
29887,Lacrigel G,allopathic,lacrigel-gophthalmic-solution0509,Ophthalmic Solution,Carboxymethylcellulose Sodium + Glycerin,0.5%+0.9%,Opsonin Pharma Ltd.,10 ml drop: ৳ 190.00,
2557,Labeta,allopathic,labetatablet100-mg,Tablet,Labetalol Hydrochloride (Tablet),100 mg,Beximco Pharmaceuticals Ltd.,"Unit Price: ৳ 5.50,(60's pack: ৳ 330.00),",(60's pack: ৳ 330.00)
2558,Labeta,allopathic,labetatablet200-mg,Tablet,Labetalol Hydrochloride (Tablet),200 mg,Beximco Pharmaceuticals Ltd.,"Unit Price: ৳ 9.00,(30's pack: ৳ 270.00),",(30's pack: ৳ 270.00)
26963,Labenac SR,allopathic,labenac-srtablet-sustained-release200-mg,Tablet (Sustained Release),Aceclofenac,200 mg,Labaid Pharma Ltd.,"Unit Price: ৳ 7.00,(30's pack: ৳ 210.11),",(30's pack: ৳ 210.11)
17378,Labenac,allopathic,labenactablet100-mg,Tablet,Aceclofenac,100 mg,Labaid Pharma Ltd.,"Unit Price: ৳ 4.50,(50's pack: ৳ 224.79),",(50's pack: ৳ 224.79)
25480,Laben DS,allopathic,laben-dschewable-tablet400-mg,Chewable Tablet,Albendazole,400 mg,Premier Pharmaceuticals Ltd.,"Unit Price: ৳ 3.52,(50's pack: ৳ 176.00),",(50's pack: ৳ 176.00)
21336,Labegest,allopathic,labegesttablet100-mg,Tablet,Labetalol Hydrochloride (Tablet),100 mg,Incepta Pharmaceuticals Ltd.,"Unit Price: ৳ 6.00,(30's pack: ৳ 180.00),",(30's pack: ৳ 180.00)
30213,Labegest,allopathic,labegestiv-injection-or-infusion5-mgml,IV Injection or Infusion,Labetalol Hydrochloride (Injection),5 mg/ml,Incepta Pharmaceuticals Ltd.,10 ml vial: ৳ 100.00,
21337,Labegest,allopathic,labegesttablet200-mg,Tablet,Labetalol Hydrochloride (Tablet),200 mg,Incepta Pharmaceuticals Ltd.,"Unit Price: ৳ 10.00,(30's pack: ৳ 300.00),",(30's pack: ৳ 300.00)
2556,Labecard,allopathic,labecardiv-injection-or-infusion5-mgml,IV Injection or Infusion,Labetalol Hydrochloride (Injection),5 mg/ml,Popular Pharmaceuticals Ltd.,10 ml ampoule: ৳ 100.38,
31538,Lamitrin,allopathic,lamitrindispersible-tablet5-mg,Dispersible Tablet,Lamotrigine,5 mg,ACI Limited,"Unit Price: ৳ 9.00,(30's pack: ৳ 270.00),",(30's pack: ৳ 270.00)
33183,Lamitan,allopathic,lamitantablet50-mg,Tablet,Lasmiditan Hemisuccinate,50 mg,ACME Laboratories Ltd.,,
33184,Lamitan,allopathic,lamitantablet100-mg,Tablet,Lasmiditan Hemisuccinate,100 mg,ACME Laboratories Ltd.,,
29949,Lamidin,allopathic,lamidintablet100-mg,Tablet,Lamivudine [For Chronic Hepatitis B],100 mg,Eskayef Pharmaceuticals Ltd.,"Unit Price: ৳ 25.30,(10's pack: ৳ 253.00),",(10's pack: ৳ 253.00)
4925,Lamictal,allopathic,lamictaltablet50-mg,Tablet,Lamotrigine,50 mg,GlaxoSmithKline,"Unit Price: ৳ 52.53,(30's pack: ৳ 1,576.00),","(30's pack: ৳ 1,576.00)"
21396,Lamicet,allopathic,lamicettablet50-mg,Tablet,Lamotrigine,50 mg,Square Pharmaceuticals Ltd.,"Unit Price: ৳ 20.00,(20's pack: ৳ 400.00),",(20's pack: ৳ 400.00)
4927,Lameptil,allopathic,lameptiltablet50-mg,Tablet,Lamotrigine,50 mg,SANDOZ (A Novartis Division),"Unit Price: ৳ 20.00,(20's pack: ৳ 400.00),",(20's pack: ৳ 400.00)
4926,Lameptil,allopathic,lameptiltablet25-mg,Tablet,Lamotrigine,25 mg,SANDOZ (A Novartis Division),"Unit Price: ৳ 12.00,(30's pack: ৳ 360.00),",(30's pack: ৳ 360.00)
32586,Lagita,allopathic,lagitaoral-suspension500-mg100-mg5-ml,Oral Suspension,Sodium Alginate + Potassium Bicarbonate,(500 mg+100 mg)/5 ml,Medicon Pharmaceuticals Ltd.,200 ml bottle: ৳ 125.00,
1273,Laczym,allopathic,laczymchewable-tablet9000-iu,Chewable Tablet,Lactase,9000 IU,Aristopharma Ltd.,"Unit Price: ৳ 14.00,(20's pack: ৳ 280.00),",(20's pack: ৳ 280.00)
21364,Lactulose H,allopathic,lactulose-horal-solution335-gm5-ml,Oral Solution,Lactulose,3.35 gm/5 ml,Hudson Pharmaceuticals Ltd.,100 ml bottle: ৳ 110.00,
2389,Lactu,allopathic,lactuoral-solution335-gm5-ml,Oral Solution,Lactulose,3.35 gm/5 ml,Biopharma Laboratories Ltd.,"100 ml bottle: ৳ 140.00,200 ml bottle: ৳ 250.00",
15352,Lactro,allopathic,lactrotablet10-mg,Tablet,Ketorolac Tromethamine,10 mg,Zenith Pharmaceuticals Ltd.,"Unit Price: ৳ 10.00,(20's pack: ৳ 200.00),",(20's pack: ৳ 200.00)
14897,Lactoring,allopathic,lactoringiv-infusion,IV Infusion,Hartmann's Solution,,Square Pharmaceuticals Ltd.,"500 ml vial: ৳ 71.30,1000 ml vial: ৳ 91.99",
14896,Lactoride,allopathic,lactorideiv-infusion,IV Infusion,Hartmann's Solution,,Beximco Pharmaceuticals Ltd.,"500 ml bag: ৳ 71.30,1000 ml bag: ৳ 92.00",
21369,Lactomose,allopathic,lactomoseoral-solution335-gm5-ml,Oral Solution,Lactulose,3.35 gm/5 ml,Monicopharma Ltd.,100 ml bottle: ৳ 100.00,
30168,Lamogin,allopathic,lamogindispersible-tablet2-mg,Dispersible Tablet,Lamotrigine,2 mg,Incepta Pharmaceuticals Ltd.,"Unit Price: ৳ 7.00,(30's pack: ৳ 210.00),",(30's pack: ৳ 210.00)
30169,Lamogin,allopathic,lamogindispersible-tablet5-mg,Dispersible Tablet,Lamotrigine,5 mg,Incepta Pharmaceuticals Ltd.,"Unit Price: ৳ 9.00,(30's pack: ৳ 270.00),",(30's pack: ৳ 270.00)
21386,Lamivir,allopathic,lamivirtablet100-mg,Tablet,Lamivudine [For Chronic Hepatitis B],100 mg,Incepta Pharmaceuticals Ltd.,"Unit Price: ৳ 25.00,(20's pack: ৳ 500.00),",(20's pack: ৳ 500.00)
32988,Lamitrin ER,allopathic,lamitrin-ertablet-extended-release100-mg,Tablet (Extended Release),Lamotrigine,100 mg,ACI Limited,Price Unavailable,
4924,Lamitrin,allopathic,lamitrintablet50-mg,Tablet,Lamotrigine,50 mg,ACI Limited,"Unit Price: ৳ 18.05,(30's pack: ৳ 541.50),",(30's pack: ৳ 541.50)
4923,Lamitrin,allopathic,lamitrintablet25-mg,Tablet,Lamotrigine,25 mg,ACI Limited,"Unit Price: ৳ 10.03,(30's pack: ৳ 300.90),",(30's pack: ৳ 300.90)
31537,Lamitrin,allopathic,lamitrindispersible-tablet2-mg,Dispersible Tablet,Lamotrigine,2 mg,ACI Limited,"Unit Price: ৳ 7.00,(30's pack: ৳ 210.00),",(30's pack: ৳ 210.00)
2387,Lactolax,allopathic,lactolaxoral-solution335-gm5-ml,Oral Solution,Lactulose,3.35 gm/5 ml,Pharmasia Limited,100 ml bottle: ৳ 140.00,
21354,Lactoben,allopathic,lactobenoral-solution335-gm5-ml,Oral Solution,Lactulose,3.35 gm/5 ml,Benham Pharmaceuticals Ltd.,"100 ml bottle: ৳ 138.00,200 ml bottle: ৳ 250.00",
21347,Lacticon,allopathic,lacticonoral-powder10-gmsachet,Oral Powder,Lactitol Monohydrate,10 gm/sachet,ACI Limited,"10 gm sachet: ৳ 25.00,(10's pack: ৳ 250.00),",(10's pack: ৳ 250.00)
12748,Lacticare,allopathic,lacticarelotion525,Lotion,Lactic acid + Sodium PCA,5%+2.5%,GlaxoSmithKline,100 gm tube: ৳ 455.00,
26306,Lactameal,allopathic,lactamealoral-suspension175-mg225-mg5-ml,Oral Suspension,Aluminium Hydroxide + Magnesium Hydroxide,(175 mg+225 mg)/5 ml,Beximco Pharmaceuticals Ltd.,200 ml bottle: ৳ 33.00,
476,Lactameal,allopathic,lactamealchewable-tablet250-mg400-mg,Chewable Tablet,Aluminium Hydroxide + Magnesium Hydroxide,250 mg+400 mg,Beximco Pharmaceuticals Ltd.,"Unit Price: ৳ 0.73,(200's pack: ৳ 146.74),",(200's pack: ৳ 146.74)
15909,Lacrison T,allopathic,lacrison-tophthalmic-suspension0503,Ophthalmic Suspension,Loteprednol Etabonate + Tobramycin,0.5%+0.3%,Beximco Pharmaceuticals Ltd.,5 ml drop: ৳ 200.00,
26835,Lantus,allopathic,lantussc-injection100-iuml,SC Injection,Insulin Glargine [rDNA],100 IU/ml,Synovia pharma plc,"3 ml cartridge: ৳ 785.00,(5's pack: ৳ 3,925.00),","(5's pack: ৳ 3,925.00)"
19754,Lantidex,allopathic,lantidexcapsule-delayed-release30-mg,Capsule (Delayed Release),Dexlansoprazole,30 mg,Opsonin Pharma Ltd.,"Unit Price: ৳ 9.00,(30's pack: ৳ 270.00),",(30's pack: ৳ 270.00)
30297,Lantidex,allopathic,lantidexcapsule-delayed-release60-mg,Capsule (Delayed Release),Dexlansoprazole,60 mg,Opsonin Pharma Ltd.,"Unit Price: ৳ 17.00,(18's pack: ৳ 306.00),",(18's pack: ৳ 306.00)
2130,Lantid,allopathic,lantidcapsule-delayed-release30-mg,Capsule (Delayed Release),Lansoprazole,30 mg,Opsonin Pharma Ltd.,"Unit Price: ৳ 5.03,(18's pack: ৳ 90.54),",(18's pack: ৳ 90.54)
31071,Lansoprol,allopathic,lansoprolcapsule-delayed-release30-mg,Capsule (Delayed Release),Lansoprazole,30 mg,Ziska Pharmaceuticals Ltd.,"Unit Price: ৳ 4.00,(20's pack: ৳ 80.00),",(20's pack: ৳ 80.00)
2127,Lansopril,allopathic,lansoprilcapsule-delayed-release30-mg,Capsule (Delayed Release),Lansoprazole,30 mg,Amico Laboratories Ltd.,"Unit Price: ৳ 5.50,(30's pack: ৳ 165.00),",(30's pack: ৳ 165.00)
2126,Lansodin,allopathic,lansodincapsule-delayed-release30-mg,Capsule (Delayed Release),Lansoprazole,30 mg,ACME Laboratories Ltd.,"Unit Price: ৳ 6.04,(28's pack: ৳ 169.12),",(28's pack: ৳ 169.12)
2125,Lansodin,allopathic,lansodincapsule-delayed-release15-mg,Capsule (Delayed Release),Lansoprazole,15 mg,ACME Laboratories Ltd.,"Unit Price: ৳ 3.52,(28's pack: ৳ 98.56),",(28's pack: ৳ 98.56)
27517,Lanso D,allopathic,lanso-dcapsule-delayed-release60-mg,Capsule (Delayed Release),Dexlansoprazole,60 mg,Square Pharmaceuticals Ltd.,"Unit Price: ৳ 16.00,(30's pack: ৳ 480.00),",(30's pack: ৳ 480.00)
27516,Lanso D,allopathic,lanso-dcapsule-delayed-release30-mg,Capsule (Delayed Release),Dexlansoprazole,30 mg,Square Pharmaceuticals Ltd.,"Unit Price: ৳ 10.00,(30's pack: ৳ 300.00),",(30's pack: ৳ 300.00)
2124,Lanso,allopathic,lansocapsule-delayed-release30-mg,Capsule (Delayed Release),Lansoprazole,30 mg,Square Pharmaceuticals Ltd.,"Unit Price: ৳ 6.04,(30's pack: ৳ 181.20),",(30's pack: ৳ 181.20)
2122,Lansina,allopathic,lansinacapsule-delayed-release30-mg,Capsule (Delayed Release),Lansoprazole,30 mg,Ibn Sina Pharmaceuticals Ltd.,"Unit Price: ৳ 6.00,(25's pack: ৳ 150.00),",(25's pack: ৳ 150.00)
2121,Lansec,allopathic,lanseccapsule-delayed-release30-mg,Capsule (Delayed Release),Lansoprazole,30 mg,Drug International Ltd.,"Unit Price: ৳ 6.05,(50's pack: ৳ 302.50),",(50's pack: ৳ 302.50)
2120,Lansec,allopathic,lanseccapsule-delayed-release15-mg,Capsule (Delayed Release),Lansoprazole,15 mg,Drug International Ltd.,"Unit Price: ৳ 3.55,(60's pack: ৳ 213.00),",(60's pack: ৳ 213.00)
30855,Lanplus,allopathic,lanpluscapsule-delayed-release30-mg,Capsule (Delayed Release),Dexlansoprazole,30 mg,Radiant Pharmaceuticals Ltd.,"Unit Price: ৳ 10.00,(30's pack: ৳ 300.00),",(30's pack: ৳ 300.00)
30856,Lanplus,allopathic,lanpluscapsule-delayed-release60-mg,Capsule (Delayed Release),Dexlansoprazole,60 mg,Radiant Pharmaceuticals Ltd.,"Unit Price: ৳ 18.00,(30's pack: ৳ 540.00),",(30's pack: ৳ 540.00)
30637,Lapen,allopathic,lapeninjection12-lac-unitsvial,Injection,Benzathine Penicillin,12 lac units/vial,Jayson Pharmaceuticals Ltd.,"12 lac units vial: ৳ 20.11,(5's pack: ৳ 100.55),",(5's pack: ৳ 100.55)
30638,Lapen,allopathic,lapeninjection6-lac-unitsvial,Injection,Benzathine Penicillin,6 lac units/vial,Jayson Pharmaceuticals Ltd.,"6 lac units vial: ৳ 14.60,(5's pack: ৳ 73.00),",(5's pack: ৳ 73.00)
30363,Laparen,allopathic,laparentablet250-mg,Tablet,Lapatinib,250 mg,Renata Limited,"Unit Price: ৳ 300.00,(10's pack: ৳ 3,000.00),","(10's pack: ৳ 3,000.00)"
21420,Lapacent,allopathic,lapacenttablet250-mg,Tablet,Lapatinib,250 mg,Incepta Pharmaceuticals Ltd.,"Unit Price: ৳ 300.00,(12's pack: ৳ 3,600.00),,Unit Price: ৳ 300.00,(30's pack: ৳ 9,000.00),","(12's pack: ৳ 3,600.00),(30's pack: ৳ 9,000.00)"
28045,Lap,allopathic,lapcapsule-delayed-release30-mg,Capsule (Delayed Release),Lansoprazole,30 mg,Ambee Pharmaceuticals Ltd.,"Unit Price: ৳ 5.00,(28's pack: ৳ 140.00),",(28's pack: ৳ 140.00)
2131,Lanzol,allopathic,lanzolcapsule-delayed-release30-mg,Capsule (Delayed Release),Lansoprazole,30 mg,Doctor’s Chemical Works Ltd.,"Unit Price: ৳ 5.00,(20's pack: ৳ 100.00),",(20's pack: ৳ 100.00)
16838,Lantus SoloStar,allopathic,lantus-solostarsc-injection100-iuml,SC Injection,Insulin Glargine [rDNA],100 IU/ml,Synovia pharma plc,"3 ml pen: ৳ 1,220.00,(5's pack: ৳ 6,100.00),","(5's pack: ৳ 6,100.00)"
2119,Lanozole,allopathic,lanozolecapsule-delayed-release30-mg,Capsule (Delayed Release),Lansoprazole,30 mg,Medimet Pharmaceuticals Ltd.,"Unit Price: ৳ 5.00,(20's pack: ৳ 100.00),",(20's pack: ৳ 100.00)
2118,Lanozole,allopathic,lanozolecapsule-delayed-release15-mg,Capsule (Delayed Release),Lansoprazole,15 mg,Medimet Pharmaceuticals Ltd.,"Unit Price: ৳ 3.00,(40's pack: ৳ 120.00),",(40's pack: ৳ 120.00)
19905,Lanoxin,allopathic,lanoxintablet025-mg,Tablet,Digoxin,0.25 mg,GlaxoSmithKline,"Unit Price: ৳ 2.36,(100's pack: ৳ 236.00),",(100's pack: ৳ 236.00)
31174,Lanib,allopathic,lanibcapsule4-mg,Capsule,Lenvatinib Mesylate,4 mg,Drug International Ltd.,"Unit Price: ৳ 600.00,(30's pack: ৳ 18,000.00),","(30's pack: ৳ 18,000.00)"
30446,Lanfos,allopathic,lanfoschewable-tablet250-mg,Chewable Tablet,Lanthanum Carbonate,250 mg,Beacon Pharmaceuticals Ltd.,"Unit Price: ৳ 100.00,(30's pack: ৳ 3,000.00),","(30's pack: ৳ 3,000.00)"
21398,Lamogin,allopathic,lamogintablet25-mg,Tablet,Lamotrigine,25 mg,Incepta Pharmaceuticals Ltd.,"Unit Price: ৳ 10.00,(30's pack: ৳ 300.00),",(30's pack: ৳ 300.00)
21397,Lamogin,allopathic,lamogintablet50-mg,Tablet,Lamotrigine,50 mg,Incepta Pharmaceuticals Ltd.,"Unit Price: ৳ 18.00,(30's pack: ৳ 540.00),",(30's pack: ৳ 540.00)
29283,Latuda,allopathic,latudatablet20-mg,Tablet,Lurasidone Hydrochloride,20 mg,Healthcare Pharmaceuticals Ltd.,"Unit Price: ৳ 20.00,(30's pack: ৳ 600.00),",(30's pack: ৳ 600.00)
29284,Latuda,allopathic,latudatablet40-mg,Tablet,Lurasidone Hydrochloride,40 mg,Healthcare Pharmaceuticals Ltd.,"Unit Price: ৳ 35.00,(30's pack: ৳ 1,050.00),","(30's pack: ৳ 1,050.00)"
4253,Laten,allopathic,latentablet3-mg,Tablet,Bromazepam,3 mg,Supreme Pharmaceutical Ltd.,"Unit Price: ৳ 3.00,(30's pack: ৳ 90.00),",(30's pack: ৳ 90.00)
15078,Lastet,allopathic,lastetiv-infusion100-mg5-ml,IV Infusion,Etoposide,100 mg/5 ml,Nippon Kayaku Ltd.,100 mg vial: ৳ 404.00,
29495,Lasocon D,allopathic,lasocon-dcapsule-delayed-release30-mg,Capsule (Delayed Release),Dexlansoprazole,30 mg,Biopharma Laboratories Ltd.,"Unit Price: ৳ 10.00,(60's pack: ৳ 600.00),",(60's pack: ৳ 600.00)
2133,Lasocon,allopathic,lasoconcapsule-delayed-release30-mg,Capsule (Delayed Release),Lansoprazole,30 mg,Biopharma Laboratories Ltd.,"Unit Price: ৳ 6.00,(28's pack: ৳ 168.00),",(28's pack: ৳ 168.00)
33179,Lasmi,allopathic,lasmitablet50-mg,Tablet,Lasmiditan Hemisuccinate,50 mg,Eskayef Pharmaceuticals Ltd.,"Unit Price: ৳ 40.00,(10's pack: ৳ 400.00),",(10's pack: ৳ 400.00)
33180,Lasmi,allopathic,lasmitablet100-mg,Tablet,Lasmiditan Hemisuccinate,100 mg,Eskayef Pharmaceuticals Ltd.,"Unit Price: ৳ 75.00,(5's pack: ৳ 375.00),",(5's pack: ৳ 375.00)
2844,Lasix,allopathic,lasixtablet40-mg,Tablet,Furosemide,40 mg,Synovia pharma plc,"Unit Price: ৳ 0.64,(100's pack: ৳ 64.00),",(100's pack: ৳ 64.00)
2845,Lasix,allopathic,lasiximiv-injection20-mg2-ml,IM/IV Injection,Furosemide,20 mg/2 ml,Synovia pharma plc,"2 ml ampoule: ৳ 8.02,(25's pack: ৳ 200.50),",(25's pack: ৳ 200.50)
2886,Lasilactone,allopathic,lasilactonetablet20-mg50-mg,Tablet,Furosemide + Spironolactone,20 mg+50 mg,Synovia pharma plc,"Unit Price: ৳ 6.04,(50's pack: ৳ 302.00),",(50's pack: ৳ 302.00)
26264,Larsulin,allopathic,larsulinsc-injection100-iuml,SC Injection,Insulin Glargine [rDNA],100 IU/ml,Square Pharmaceuticals Ltd.,3 ml vial: ৳ 600.00,
26265,Larsulin,allopathic,larsulinsc-injection100-iuml,SC Injection,Insulin Glargine [rDNA],100 IU/ml,Square Pharmaceuticals Ltd.,3 ml pen cartridge: ৳ 600.00,
605,Larnox LA,allopathic,larnox-laretard-tablet350-mg,Retard Tablet,Aminophylline,350 mg,Beximco Pharmaceuticals Ltd.,"Unit Price: ৳ 2.22,(50's pack: ৳ 111.00),",(50's pack: ৳ 111.00)
24378,Largix,allopathic,largixtablet10-mg,Tablet,Rupatadine Fumarate,10 mg,ACI Limited,"Unit Price: ৳ 10.00,(30's pack: ৳ 300.00),",(30's pack: ৳ 300.00)
24379,Largix,allopathic,largixoral-solution5-mg5-ml,Oral Solution,Rupatadine Fumarate,5 mg/5 ml,ACI Limited,60 ml bottle: ৳ 75.00,
2366,Laxate,allopathic,laxateeffervescent-powder35-gmsachet,Effervescent Powder,Ispaghula [Psyllium] Husk,3.5 gm/sachet,Medimet Pharmaceuticals Ltd.,"3.5 gm sachet: ৳ 7.00,(12's pack: ৳ 84.00),",(12's pack: ৳ 84.00)
21157,Laxadil,allopathic,laxadileffervescent-powder35-gmsachet,Effervescent Powder,Ispaghula [Psyllium] Husk,3.5 gm/sachet,Drug International Ltd.,"3.5 gm sachet: ৳ 7.00,(15's pack: ৳ 105.00),",(15's pack: ৳ 105.00)
31131,Laxadil,allopathic,laxadileffervescent-powder35-gm54-gm,Effervescent Powder,Ispaghula [Psyllium] Husk,3.5 gm/5.4 gm,Drug International Ltd.,120 gm container: ৳ 375.00,
30946,Lax,allopathic,laxoral-solution335-gm5-ml,Oral Solution,Lactulose,3.35 gm/5 ml,Medicon Pharmaceuticals Ltd.,100 ml bottle: ৳ 120.00,
19305,Largazin,allopathic,largazinsyrup25-mg5-ml,Syrup,Chlorpromazine Hydrochloride,25 mg/5 ml,United Pharmaceuticals Ltd.,30 ml bottle: ৳ 16.00,
11030,Lardon TR,allopathic,lardon-trcapsule-timed-release100-mg,Capsule (Timed Release),Diclofenac Sodium,100 mg,Desh Pharmaceuticals Ltd.,"Unit Price: ৳ 2.00,(100's pack: ৳ 200.00),",(100's pack: ৳ 200.00)
21442,Larcadip,allopathic,larcadiptablet10-mg,Tablet,Lercanidipine Hydrochloride,10 mg,Incepta Pharmaceuticals Ltd.,"Unit Price: ৳ 5.00,(30's pack: ৳ 150.00),",(30's pack: ৳ 150.00)
28319,Larb Plus,allopathic,larb-plustablet100-mg25-mg,Tablet,Losartan Potassium + Hydrochlorothiazide,100 mg+25 mg,Opsonin Pharma Ltd.,"Unit Price: ৳ 12.00,(30's pack: ৳ 360.00),",(30's pack: ৳ 360.00)
2946,Larb Plus,allopathic,larb-plustablet50-mg125-mg,Tablet,Losartan Potassium + Hydrochlorothiazide,50 mg+12.5 mg,Opsonin Pharma Ltd.,"Unit Price: ৳ 8.03,(42's pack: ৳ 337.26),",(42's pack: ৳ 337.26)
2947,Larb Plus,allopathic,larb-plustablet100-mg125-mg,Tablet,Losartan Potassium + Hydrochlorothiazide,100 mg+12.5 mg,Opsonin Pharma Ltd.,"Unit Price: ৳ 12.00,(30's pack: ৳ 360.00),",(30's pack: ৳ 360.00)
2715,Larb,allopathic,larbtablet100-mg,Tablet,Losartan Potassium,100 mg,Opsonin Pharma Ltd.,"Unit Price: ৳ 12.00,(30's pack: ৳ 360.00),",(30's pack: ৳ 360.00)
2714,Larb,allopathic,larbtablet50-mg,Tablet,Losartan Potassium,50 mg,Opsonin Pharma Ltd.,"Unit Price: ৳ 8.03,(42's pack: ৳ 337.26),",(42's pack: ৳ 337.26)
2713,Larb,allopathic,larbtablet25-mg,Tablet,Losartan Potassium,25 mg,Opsonin Pharma Ltd.,"Unit Price: ৳ 4.51,(42's pack: ৳ 189.42),",(42's pack: ৳ 189.42)
12261,Lara,allopathic,laratablet5-mg,Tablet,Desloratadine,5 mg,Hudson Pharmaceuticals Ltd.,"Unit Price: ৳ 2.50,(100's pack: ৳ 250.00),",(100's pack: ৳ 250.00)
4254,Lazonil,allopathic,lazoniltablet3-mg,Tablet,Bromazepam,3 mg,Rephco Pharmaceuticals Ltd.,"Unit Price: ৳ 3.00,(50's pack: ৳ 150.00),",(50's pack: ৳ 150.00)
2134,Lazo 30,allopathic,lazo-30capsule-delayed-release30-mg,Capsule (Delayed Release),Lansoprazole,30 mg,Desh Pharmaceuticals Ltd.,"Unit Price: ৳ 5.00,(30's pack: ৳ 150.00),",(30's pack: ৳ 150.00)
4255,Laxyl,allopathic,laxyltablet3-mg,Tablet,Bromazepam,3 mg,Square Pharmaceuticals Ltd.,"Unit Price: ৳ 5.02,(50's pack: ৳ 251.00),",(50's pack: ৳ 251.00)
32726,Laxur Plus,allopathic,laxur-plustablet40-mg50-mg,Tablet,Furosemide + Spironolactone,40 mg+50 mg,Healthcare Pharmaceuticals Ltd.,"Unit Price: ৳ 10.00,(30's pack: ৳ 300.00),",(30's pack: ৳ 300.00)
2888,Laxur,allopathic,laxurtablet20-mg50-mg,Tablet,Furosemide + Spironolactone,20 mg+50 mg,Healthcare Pharmaceuticals Ltd.,"Unit Price: ৳ 8.00,(30's pack: ৳ 240.00),",(30's pack: ৳ 240.00)
29984,Laxpru,allopathic,laxprutablet2-mg,Tablet,Prucalopride Succinate,2 mg,Team Pharmaceuticals Ltd.,"Unit Price: ৳ 24.00,(20's pack: ৳ 480.00),",(20's pack: ৳ 480.00)
29983,Laxpru,allopathic,laxprutablet1-mg,Tablet,Prucalopride Succinate,1 mg,Team Pharmaceuticals Ltd.,"Unit Price: ৳ 14.00,(30's pack: ৳ 420.00),",(30's pack: ৳ 420.00)
29332,Laxopride,allopathic,laxopridetablet1-mg,Tablet,Prucalopride Succinate,1 mg,Popular Pharmaceuticals Ltd.,"Unit Price: ৳ 14.00,(30's pack: ৳ 420.00),",(30's pack: ৳ 420.00)
29333,Laxopride,allopathic,laxopridetablet2-mg,Tablet,Prucalopride Succinate,2 mg,Popular Pharmaceuticals Ltd.,"Unit Price: ৳ 24.00,(20's pack: ৳ 480.00),",(20's pack: ৳ 480.00)
32379,Laxopic,allopathic,laxopictablet10-mg,Tablet,Sodium Picosulfate,10 mg,Popular Pharmaceuticals Ltd.,"Unit Price: ৳ 10.00,(30's pack: ৳ 300.00),",(30's pack: ৳ 300.00)
32380,Laxopic,allopathic,laxopicoral-solution5-mg5-ml,Oral Solution,Sodium Picosulfate,5 mg/5 ml,Popular Pharmaceuticals Ltd.,100 ml bottle: ৳ 150.00,
18341,Laxonil,allopathic,laxoniltablet3-mg,Tablet,Bromazepam,3 mg,Rephco Pharmaceuticals Ltd.,"Unit Price: ৳ 4.00,(50's pack: ৳ 200.00),",(50's pack: ৳ 200.00)
2392,Laxolac,allopathic,laxolacoral-solution335-gm5-ml,Oral Solution,Lactulose,3.35 gm/5 ml,Globe Pharmaceuticals Ltd.,100 ml bottle: ৳ 140.00,
21371,Laxol,allopathic,laxoloral-solution335-gm5-ml,Oral Solution,Lactulose,3.35 gm/5 ml,Navana Pharmaceuticals Ltd.,100 ml bottle: ৳ 136.00,
26518,Laxogol,allopathic,laxogoloral-solution,Oral Solution,Macrogol [Polypropylene glycol] + Electrolytes,,ACME Laboratories Ltd.,100 ml bottle: ৳ 160.00,
9434,Laxod,allopathic,laxodtablet500-mg,Tablet,Levofloxacin Hemihydrate,500 mg,Millat Pharmaceuticals Ltd.,"Unit Price: ৳ 15.00,(30's pack: ৳ 450.00),",(30's pack: ৳ 450.00)
6921,Lebac,allopathic,lebacpediatric-drops125-mg125-ml,Pediatric Drops,Cephradine,125 mg/1.25 ml,Square Pharmaceuticals Ltd.,15 ml bottle: ৳ 65.19,
6922,Lebac,allopathic,lebacimiv-injection500-mgvial,IM/IV Injection,Cephradine,500 mg/vial,Square Pharmaceuticals Ltd.,500 mg vial: ৳ 65.19,
6917,Lebac,allopathic,lebaccapsule250-mg,Capsule,Cephradine,250 mg,Square Pharmaceuticals Ltd.,"Unit Price: ৳ 8.03,(18's pack: ৳ 144.54),",(18's pack: ৳ 144.54)
6918,Lebac,allopathic,lebaccapsule500-mg,Capsule,Cephradine,500 mg,Square Pharmaceuticals Ltd.,"Unit Price: ৳ 15.05,(30's pack: ৳ 451.50),",(30's pack: ৳ 451.50)
6919,Lebac,allopathic,lebacpowder-for-suspension125-mg5-ml,Powder for Suspension,Cephradine,125 mg/5 ml,Square Pharmaceuticals Ltd.,100 ml bottle: ৳ 95.00,
2393,Leaxe,allopathic,leaxeoral-solution335-gm5-ml,Oral Solution,Lactulose,3.35 gm/5 ml,Alco Pharma Ltd.,"100 ml bottle: ৳ 140.42,200 ml bottle: ৳ 250.75",
4348,Leanxit,allopathic,leanxittablet05-mg10-mg,Tablet,Flupentixol + Melitracen,0.5 mg+10 mg,ACME Laboratories Ltd.,"Unit Price: ৳ 5.01,(100's pack: ৳ 501.00),",(100's pack: ৳ 501.00)
29950,Laxitol,allopathic,laxitoloral-solution10-gm15-ml,Oral Solution,Lactitol Monohydrate,10 gm/15 ml,Eskayef Pharmaceuticals Ltd.,"50 ml bottle: ৳ 65.00,100 ml bottle: ৳ 120.00",
26766,Laxitol,allopathic,laxitoloral-powder10-gmsachet,Oral Powder,Lactitol Monohydrate,10 gm/sachet,Eskayef Pharmaceuticals Ltd.,"10 gm sachet: ৳ 12.00,(10's pack: ৳ 120.00),",(10's pack: ৳ 120.00)
27923,Laxicon,allopathic,laxicontablet20-mg50-mg,Tablet,Furosemide + Spironolactone,20 mg+50 mg,The White Horse Pharma,"Unit Price: ৳ 6.00,(30's pack: ৳ 180.00),",(30's pack: ৳ 180.00)
28453,Laxgel,allopathic,laxgeleffervescent-powder35-gm54-gm,Effervescent Powder,Ispaghula [Psyllium] Husk,3.5 gm/5.4 gm,Popular Pharmaceuticals Ltd.,120 gm container: ৳ 395.00,
2368,Laxenna,allopathic,laxennatablet12-mg,Tablet,Sennosides,12 mg,GlaxoSmithKline,"Unit Price: ৳ 1.25,(250's pack: ৳ 312.50),",(250's pack: ৳ 312.50)
21966,Laxefin,allopathic,laxefinoral-emulsion300-mg125-ml5-ml,Oral Emulsion,Magnesium Hydroxide + Liquid Paraffin,(300 mg+1.25 ml)/5 ml,Sharif Pharmaceuticals Ltd.,100 ml bottle: ৳ 95.29,
2391,Laxativ,allopathic,laxativoral-solution335-gm5-ml,Oral Solution,Lactulose,3.35 gm/5 ml,Rangs Pharmaceuticals Ltd.,"100 ml bottle: ৳ 130.00,200 ml bottle: ৳ 240.00",
26217,Lemonika,allopathic,lemonikasyrup3125-mg5-ml,Syrup,Citric Acid Monohydrate,31.25 mg/5 ml,Incepta Pharmaceuticals Ltd.,100 ml bottle: ৳ 45.00,
27173,Legaba,allopathic,legabacapsule50-mg,Capsule,Pregabalin,50 mg,Apex Pharmaceuticals Ltd.,"Unit Price: ৳ 12.00,(30's pack: ৳ 360.00),",(30's pack: ৳ 360.00)
1301,Lefoam,allopathic,lefoampediatric-drops67-mgml,Pediatric Drops,Simethicone,67 mg/ml,Incepta Pharmaceuticals Ltd.,15 ml drop: ৳ 30.00,
32253,Leflox TS,allopathic,leflox-tsophthalmic-solution15,Ophthalmic Solution,Levofloxacin (Ophthalmic),1.50%,ACI Limited,5 ml drop: ৳ 128.00,
9560,Leflox,allopathic,lefloxophthalmic-solution05,Ophthalmic Solution,Levofloxacin (Ophthalmic),0.50%,ACI Limited,5 ml drop: ৳ 87.00,
9437,Leflox,allopathic,lefloxtablet500-mg,Tablet,Levofloxacin Hemihydrate,500 mg,ACI Limited,"Unit Price: ৳ 15.11,(20's pack: ৳ 302.20),",(20's pack: ৳ 302.20)
9438,Leflox,allopathic,lefloxtablet750-mg,Tablet,Levofloxacin Hemihydrate,750 mg,ACI Limited,"Unit Price: ৳ 20.13,(10's pack: ৳ 201.30),",(10's pack: ৳ 201.30)
9436,Lefex,allopathic,lefextablet500-mg,Tablet,Levofloxacin Hemihydrate,500 mg,Doctor’s Chemical Works Ltd.,"Unit Price: ৳ 14.00,(30's pack: ৳ 420.00),",(30's pack: ৳ 420.00)
9435,Leevotin,allopathic,leevotintablet500-mg,Tablet,Levofloxacin Hemihydrate,500 mg,MST Pharma,"Unit Price: ৳ 15.00,(18's pack: ৳ 270.00),",(18's pack: ৳ 270.00)
9547,Leevotin,allopathic,leevotintablet500-mg,Tablet,Levofloxacin Hemihydrate,500 mg,Syntho Laboratories Ltd.,"Unit Price: ৳ 15.00,(30's pack: ৳ 450.00),",(30's pack: ৳ 450.00)
30364,Ledomide,allopathic,ledomidecapsule10-mg,Capsule,Lenalidomide,10 mg,Renata Limited,"Unit Price: ৳ 200.00,(12's pack: ৳ 2,400.00),","(12's pack: ৳ 2,400.00)"
30365,Ledomide,allopathic,ledomidecapsule25-mg,Capsule,Lenalidomide,25 mg,Renata Limited,"Unit Price: ৳ 400.00,(12's pack: ৳ 4,800.00),","(12's pack: ৳ 4,800.00)"
9545,Lecocin,allopathic,lecocintablet500-mg,Tablet,Levofloxacin Hemihydrate,500 mg,Prime Pharmaceuticals Ltd.,Unit Price: ৳ 15.00,
12163,Lecitin,allopathic,lecitintablet5-mg,Tablet,Levocetirizine Dihydrochloride,5 mg,Zenith Pharmaceuticals Ltd.,"Unit Price: ৳ 2.00,(100's pack: ৳ 200.00),",(100's pack: ৳ 200.00)
12162,Lecet,allopathic,lecettablet5-mg,Tablet,Levocetirizine Dihydrochloride,5 mg,Pacific Pharmaceuticals Ltd.,"Unit Price: ৳ 3.00,(50's pack: ৳ 150.00),",(50's pack: ৳ 150.00)
29902,Lecaren,allopathic,lecarentablet100-mg25-mg200-mg,Tablet,Levodopa + Carbidopa + Entacapone,100 mg+25 mg+200 mg,General Pharmaceuticals Ltd.,"Unit Price: ৳ 25.00,(30's pack: ৳ 750.00),",(30's pack: ৳ 750.00)
28707,Lenvacent,allopathic,lenvacentcapsule4-mg,Capsule,Lenvatinib Mesylate,4 mg,Incepta Pharmaceuticals Ltd.,"Unit Price: ৳ 670.00,(12's pack: ৳ 8,040.00),","(12's pack: ৳ 8,040.00)"
26012,Lenva,allopathic,lenvacapsule4-mg,Capsule,Lenvatinib Mesylate,4 mg,Beacon Pharmaceuticals Ltd.,"Unit Price: ৳ 670.00,(16's pack: ৳ 10,720.00),","(16's pack: ৳ 10,720.00)"
26013,Lenva,allopathic,lenvacapsule10-mg,Capsule,Lenvatinib Mesylate,10 mg,Beacon Pharmaceuticals Ltd.,"Unit Price: ৳ 1,750.00,(12's pack: ৳ 21,000.00),","(12's pack: ৳ 21,000.00)"
15175,Lenor,allopathic,lenortablet25-mg,Tablet,Letrozole,2.5 mg,Eskayef Pharmaceuticals Ltd.,"Unit Price: ৳ 40.00,(10's pack: ৳ 400.00),",(10's pack: ৳ 400.00)
10304,Lemox,allopathic,lemoxsyrup40-mg5-ml,Syrup,Levamisole,40 mg/5 ml,Bengal drugs Ltd.,"15 ml bottle: ৳ 9.00,30 ml bottle: ৳ 15.00",
31072,Lemovit-C,allopathic,lemovit-cchewable-tablet250-mg,Chewable Tablet,Vitamin C [Ascorbic acid],250 mg,Ziska Pharmaceuticals Ltd.,"Unit Price: ৳ 1.31,(200's pack: ৳ 262.00),",(200's pack: ৳ 262.00)
25387,Lemovit-C,allopathic,lemovit-cinjection500-mg5-ml,Injection,Vitamin C [Ascorbic acid],500 mg/5 ml,Ziska Pharmaceuticals Ltd.,"5 ml ampoule: ৳ 6.00,(10's pack: ৳ 60.00),",(10's pack: ৳ 60.00)
28547,Lebutal,allopathic,lebutaltablet1-mg,Tablet,Levosalbutamol (Oral),1 mg,Pacific Pharmaceuticals Ltd.,"Unit Price: ৳ 1.00,(100's pack: ৳ 100.00),",(100's pack: ৳ 100.00)
28548,Lebutal,allopathic,lebutaltablet2-mg,Tablet,Levosalbutamol (Oral),2 mg,Pacific Pharmaceuticals Ltd.,"Unit Price: ৳ 1.90,(100's pack: ৳ 190.00),",(100's pack: ৳ 190.00)
28549,Lebutal,allopathic,lebutalsyrup1-mg5-ml,Syrup,Levosalbutamol (Oral),1 mg/5 ml,Pacific Pharmaceuticals Ltd.,100 ml bottle: ৳ 40.00,
3561,Lebrod,allopathic,lebrodtablet1-mg,Tablet,Levosalbutamol (Oral),1 mg,Alco Pharma Ltd.,"Unit Price: ৳ 0.75,(100's pack: ৳ 75.00),",(100's pack: ৳ 75.00)
3562,Lebrod,allopathic,lebrodtablet2-mg,Tablet,Levosalbutamol (Oral),2 mg,Alco Pharma Ltd.,"Unit Price: ৳ 1.40,(100's pack: ৳ 140.00),",(100's pack: ৳ 140.00)
3563,Lebrod,allopathic,lebrodsyrup1-mg5-ml,Syrup,Levosalbutamol (Oral),1 mg/5 ml,Alco Pharma Ltd.,100 ml bottle: ৳ 45.14,
6920,Lebac Forte,allopathic,lebac-fortepowder-for-suspension250-mg5-ml,Powder for Suspension,Cephradine,250 mg/5 ml,Square Pharmaceuticals Ltd.,100 ml bottle: ৳ 135.40,
14717,Leozinc-B,allopathic,leozinc-bsyrup,Syrup,Vitamin B Complex + Zinc,,Leon Pharmaceuticals Ltd.,"100 ml bottle: ৳ 45.00,200 ml bottle: ৳ 85.00",
14649,Leozinc DS,allopathic,leozinc-dssyrup10-mg5-ml,Syrup,Zinc Sulfate Monohydrate,10 mg/5 ml,Leon Pharmaceuticals Ltd.,100 ml bottle: ৳ 35.00,
14648,Leozinc,allopathic,leozincsyrup405-mg5-ml,Syrup,Zinc Sulfate Monohydrate,4.05 mg/5 ml,Leon Pharmaceuticals Ltd.,100 ml bottle: ৳ 32.00,
10741,Leotram,allopathic,leotramcapsule50-mg,Capsule,Tramadol Hydrochloride,50 mg,Leon Pharmaceuticals Ltd.,"Unit Price: ৳ 8.00,(30's pack: ৳ 240.00),",(30's pack: ৳ 240.00)
31478,Leosil,allopathic,leosiltablet500-mg,Tablet,Levofloxacin Hemihydrate,500 mg,Silco Pharmaceutical Ltd.,"Unit Price: ৳ 15.00,(24's pack: ৳ 360.00),",(24's pack: ৳ 360.00)
21365,Leolac,allopathic,leolacoral-solution335-gm5-ml,Oral Solution,Lactulose,3.35 gm/5 ml,Leon Pharmaceuticals Ltd.,"50 ml bottle: ৳ 65.20,100 ml bottle: ৳ 140.42",
32184,Leokast,allopathic,leokasttablet10-mg,Tablet,Montelukast Sodium,10 mg,Royal Pharmaceutical Ltd.,"Unit Price: ৳ 14.00,(30's pack: ৳ 420.00),",(30's pack: ৳ 420.00)
27186,Leogem,allopathic,leogemtablet320-mg,Tablet,Gemifloxacin,320 mg,Leon Pharmaceuticals Ltd.,"Unit Price: ৳ 65.00,(8's pack: ৳ 520.00),",(8's pack: ৳ 520.00)
23156,Leofran,allopathic,leofrantablet8-mg,Tablet,Ondansetron,8 mg,Leon Pharmaceuticals Ltd.,"Unit Price: ৳ 10.00,(30's pack: ৳ 300.00),",(30's pack: ৳ 300.00)
23157,Leofran,allopathic,leofranoral-solution4-mg5-ml,Oral Solution,Ondansetron,4 mg/5 ml,Leon Pharmaceuticals Ltd.,50 ml bottle: ৳ 45.00,
27860,Leoflox,allopathic,leofloxtablet250-mg,Tablet,Levofloxacin Hemihydrate,250 mg,Alco Pharma Ltd.,"Unit Price: ৳ 7.02,(10's pack: ৳ 70.20),",(10's pack: ৳ 70.20)
9444,Leoflox,allopathic,leofloxtablet500-mg,Tablet,Levofloxacin Hemihydrate,500 mg,Alco Pharma Ltd.,"Unit Price: ৳ 15.05,(20's pack: ৳ 301.00),",(20's pack: ৳ 301.00)
19767,Leocof,allopathic,leocofsyrup10-mg5-ml,Syrup,Dextromethorphan Hydrobromide,10 mg/5 ml,Leon Pharmaceuticals Ltd.,100 ml bottle: ৳ 40.00,
9442,Leo,allopathic,leoiv-infusion500-mg100-ml,IV Infusion,Levofloxacin Hemihydrate,500 mg/100 ml,ACME Laboratories Ltd.,100 ml bottle: ৳ 100.30,
9441,Leo,allopathic,leotablet750-mg,Tablet,Levofloxacin Hemihydrate,750 mg,ACME Laboratories Ltd.,"Unit Price: ৳ 20.13,(12's pack: ৳ 241.56),",(12's pack: ৳ 241.56)
9561,Leo,allopathic,leoophthalmic-solution05,Ophthalmic Solution,Levofloxacin (Ophthalmic),0.50%,ACME Laboratories Ltd.,5 ml drop: ৳ 90.00,
31391,Leptic ODT,allopathic,leptic-odtdispersible-tablet05-mg,Dispersible Tablet,Clonazepam,0.5 mg,ACME Laboratories Ltd.,"Unit Price: ৳ 7.00,(30's pack: ৳ 210.00),",(30's pack: ৳ 210.00)
4855,Leptic,allopathic,leptictablet05-mg,Tablet,Clonazepam,0.5 mg,ACME Laboratories Ltd.,"Unit Price: ৳ 6.00,(100's pack: ৳ 600.00),",(100's pack: ৳ 600.00)
26519,Leptic,allopathic,leptictablet1-mg,Tablet,Clonazepam,1 mg,ACME Laboratories Ltd.,"Unit Price: ৳ 8.00,(50's pack: ৳ 400.00),",(50's pack: ৳ 400.00)
4856,Leptic,allopathic,leptictablet2-mg,Tablet,Clonazepam,2 mg,ACME Laboratories Ltd.,"Unit Price: ৳ 10.00,(50's pack: ৳ 500.00),",(50's pack: ৳ 500.00)
23237,Leptal,allopathic,leptaltablet600-mg,Tablet,Oxcarbazepine,600 mg,Healthcare Pharmaceuticals Ltd.,"Unit Price: ৳ 30.00,(20's pack: ৳ 600.00),",(20's pack: ৳ 600.00)
23236,Leptal,allopathic,leptaltablet300-mg,Tablet,Oxcarbazepine,300 mg,Healthcare Pharmaceuticals Ltd.,"Unit Price: ৳ 18.00,(30's pack: ৳ 540.00),",(30's pack: ৳ 540.00)
7283,Lepath,allopathic,lepathtablet250-mg,Tablet,Cefuroxime Axetil,250 mg,Amico Laboratories Ltd.,"Unit Price: ৳ 22.00,(18's pack: ৳ 396.00),",(18's pack: ৳ 396.00)
9440,Leo,allopathic,leotablet500-mg,Tablet,Levofloxacin Hemihydrate,500 mg,ACME Laboratories Ltd.,"Unit Price: ৳ 15.10,(20's pack: ৳ 302.00),",(20's pack: ৳ 302.00)
9439,Leo,allopathic,leotablet250-mg,Tablet,Levofloxacin Hemihydrate,250 mg,ACME Laboratories Ltd.,"Unit Price: ৳ 8.07,(32's pack: ৳ 258.24),",(32's pack: ৳ 258.24)
29327,Lenvika,allopathic,lenvikacapsule4-mg,Capsule,Lenvatinib Mesylate,4 mg,Genvio Pharma Ltd.,"Unit Price: ৳ 900.00,(30's pack: ৳ 27,000.00),","(30's pack: ৳ 27,000.00)"
29326,Lenvika,allopathic,lenvikacapsule10-mg,Capsule,Lenvatinib Mesylate,10 mg,Genvio Pharma Ltd.,"Unit Price: ৳ 2,300.00,(30's pack: ৳ 69,000.00),","(30's pack: ৳ 69,000.00)"
28835,Lenvaxen,allopathic,lenvaxencapsule10-mg,Capsule,Lenvatinib Mesylate,10 mg,Everest Pharmaceuticals Ltd.,"Unit Price: ৳ 990.00,(30's pack: ৳ 29,700.00),","(30's pack: ৳ 29,700.00)"
28834,Lenvaxen,allopathic,lenvaxencapsule4-mg,Capsule,Lenvatinib Mesylate,4 mg,Everest Pharmaceuticals Ltd.,"Unit Price: ৳ 440.00,(30's pack: ৳ 13,200.00),","(30's pack: ৳ 13,200.00)"
28708,Lenvacent,allopathic,lenvacentcapsule10-mg,Capsule,Lenvatinib Mesylate,10 mg,Incepta Pharmaceuticals Ltd.,"Unit Price: ৳ 1,750.00,(12's pack: ৳ 21,000.00),","(12's pack: ৳ 21,000.00)"
15053,Leukin,allopathic,leukintablet50-mg,Tablet,Mercaptopurine,50 mg,Beacon Pharmaceuticals Ltd.,"Unit Price: ৳ 20.00,(30's pack: ৳ 600.00),",(30's pack: ৳ 600.00)
16372,Leukeran,allopathic,leukerantablet2-mg,Tablet,Chlorambucil,2 mg,"Excella, Germany","Unit Price: ৳ 45.48,(25's pack: ৳ 1,137.00),","(25's pack: ৳ 1,137.00)"
32823,Leukenib,allopathic,leukenibtablet400-mg,Tablet,Imatinib Mesylate,400 mg,Jenphar Bangladesh Ltd.,,
32822,Leukenib,allopathic,leukenibtablet100-mg,Tablet,Imatinib Mesylate,100 mg,Jenphar Bangladesh Ltd.,"Unit Price: ৳ 100.00,(30's pack: ৳ 3,000.00),","(30's pack: ৳ 3,000.00)"
31247,Leufol,allopathic,leufolimiv-injection10-mgml,IM/IV Injection,Calcium Folinate [Folinic Acid],10 mg/ml,Healthcare Pharmaceuticals Ltd.,"50 mg vial: ৳ 625.00,100 mg vial: ৳ 1,150.00",
25517,Leucofil,allopathic,leucofilsyrup15-mg5-ml,Syrup,Ambroxol Hydrochloride,15 mg/5 ml,Leon Pharmaceuticals Ltd.,100 ml bottle: ৳ 40.00,
9933,Leucodar,allopathic,leucodartablet50-mg,Tablet,Fluconazole,50 mg,Chemist Laboratories  Ltd.,"Unit Price: ৳ 6.00,(20's pack: ৳ 120.00),",(20's pack: ৳ 120.00)
17344,Leucita AqVida,allopathic,leucita-aqvidaivsc-injection300-mcg05-ml,IV/SC Injection,Filgrastim,300 mcg/0.5 ml,AqVida GmbH,"0.5 ml pre-filled syringe: ৳ 2,500.00",
28372,Letrozol,allopathic,letrozoltablet25-mg,Tablet,Letrozole,2.5 mg,Drug International Ltd.,"Unit Price: ৳ 40.00,(28's pack: ৳ 1,120.00),","(28's pack: ৳ 1,120.00)"
15177,Letrol,allopathic,letroltablet25-mg,Tablet,Letrozole,2.5 mg,Renata Limited,"Unit Price: ৳ 40.15,(10's pack: ৳ 401.50),",(10's pack: ৳ 401.50)
15182,Letrogen,allopathic,letrogentablet25-mg,Tablet,Letrozole,2.5 mg,Ibn Sina Pharmaceuticals Ltd.,"Unit Price: ৳ 40.00,(10's pack: ৳ 400.00),",(10's pack: ৳ 400.00)
3571,Letol,allopathic,letolsyrup1-mg5-ml,Syrup,Levosalbutamol (Oral),1 mg/5 ml,Globe Pharmaceuticals Ltd.,100 ml bottle: ৳ 38.00,
3570,Letol,allopathic,letoltablet2-mg,Tablet,Levosalbutamol (Oral),2 mg,Globe Pharmaceuticals Ltd.,"Unit Price: ৳ 1.70,(100's pack: ৳ 170.00),",(100's pack: ৳ 170.00)
9447,Lethiquin,allopathic,lethiquintablet500-mg,Tablet,Levofloxacin Hemihydrate,500 mg,Rangs Pharmaceuticals Ltd.,"Unit Price: ৳ 15.05,(20's pack: ৳ 301.00),",(20's pack: ৳ 301.00)
3379,Lesterol,allopathic,lesterolcapsule20-mg,Capsule,Fluvastatin,20 mg,Opsonin Pharma Ltd.,"Unit Price: ৳ 12.05,(10's pack: ৳ 120.50),",(10's pack: ৳ 120.50)
16570,Lesovir-C,allopathic,lesovir-ctablet90-mg400-mg,Tablet,Ledipasvir + Sofosbuvir,90 mg+400 mg,Beximco Pharmaceuticals Ltd.,"Unit Price: ৳ 1,200.00,(7's pack: ৳ 8,400.00),","(7's pack: ৳ 8,400.00)"
7868,Lesero,allopathic,leseroimiv-injection250-mgvial,IM/IV Injection,Ceftazidime Pentahydrate,250 mg/vial,Ziska Pharmaceuticals Ltd.,250 mg vial: ৳ 70.00,
30768,Lesero,allopathic,leseroimiv-injection1-gmvial,IM/IV Injection,Ceftazidime Pentahydrate,1 gm/vial,Ziska Pharmaceuticals Ltd.,1 gm vial: ৳ 215.00,
30769,Lesero,allopathic,leseroimiv-injection500-mgvial,IM/IV Injection,Ceftazidime Pentahydrate,500 mg/vial,Ziska Pharmaceuticals Ltd.,500 mg vial: ৳ 115.00,
3378,Lescol XL,allopathic,lescol-xltablet-extended-release80-mg,Tablet (Extended Release),Fluvastatin,80 mg,Novartis (Bangladesh) Ltd.,"Unit Price: ৳ 58.50,(28's pack: ৳ 1,638.00),","(28's pack: ৳ 1,638.00)"
3569,Lesal,allopathic,lesalsyrup1-mg5-ml,Syrup,Levosalbutamol (Oral),1 mg/5 ml,Apex Pharmaceuticals Ltd.,"60 ml bottle: ৳ 30.00,100 ml bottle: ৳ 40.00",
24380,Lerupa,allopathic,lerupatablet10-mg,Tablet,Rupatadine Fumarate,10 mg,Apex Pharmaceuticals Ltd.,"Unit Price: ৳ 8.00,(30's pack: ৳ 240.00),",(30's pack: ৳ 240.00)
29190,Lertal,allopathic,lertalocular-spray,Ocular Spray,Liposome + Perilla + Sodium Hyaluronate,,ZAS Corporation,"10 ml spray: ৳ 1,290.00",
15176,Lerozol,allopathic,lerozoltablet25-mg,Tablet,Letrozole,2.5 mg,Square Pharmaceuticals Ltd.,"Unit Price: ৳ 40.27,(10's pack: ৳ 402.70),",(10's pack: ৳ 402.70)
21673,Leroxy,allopathic,leroxytablet50-mcg,Tablet,Levothyroxine Sodium,50 mcg,Popular Pharmaceuticals Ltd.,"Unit Price: ৳ 2.00,(100's pack: ৳ 200.00),",(100's pack: ৳ 200.00)
21541,Lerof,allopathic,leroftablet500-mg,Tablet,Levofloxacin Hemihydrate,500 mg,United Pharmaceuticals Ltd.,"Unit Price: ৳ 14.10,(24's pack: ৳ 338.41),",(24's pack: ৳ 338.41)
12164,Lerex,allopathic,lerextablet5-mg,Tablet,Levocetirizine Dihydrochloride,5 mg,Asiatic Laboratories Ltd.,"Unit Price: ৳ 2.00,(50's pack: ৳ 100.00),",(50's pack: ৳ 100.00)
9562,Lequin,allopathic,lequinophthalmic-solution05,Ophthalmic Solution,Levofloxacin (Ophthalmic),0.50%,Apex Pharmaceuticals Ltd.,5 ml drop: ৳ 80.00,
9445,Lequin,allopathic,lequintablet500-mg,Tablet,Levofloxacin Hemihydrate,500 mg,Apex Pharmaceuticals Ltd.,"Unit Price: ৳ 10.00,(20's pack: ৳ 200.00),",(20's pack: ৳ 200.00)
9448,Levin,allopathic,levintablet500-mg,Tablet,Levofloxacin Hemihydrate,500 mg,Amico Laboratories Ltd.,"Unit Price: ৳ 14.00,(10's pack: ৳ 140.00),",(10's pack: ৳ 140.00)
32461,Leviceta,allopathic,levicetatablet250-mg,Tablet,Levetiracetam,250 mg,General Pharmaceuticals Ltd.,"Unit Price: ৳ 16.00,(30's pack: ৳ 480.00),",(30's pack: ৳ 480.00)
32462,Leviceta,allopathic,levicetatablet500-mg,Tablet,Levetiracetam,500 mg,General Pharmaceuticals Ltd.,"Unit Price: ৳ 30.00,(20's pack: ৳ 600.00),",(20's pack: ৳ 600.00)
31594,Levetira,allopathic,levetiratablet500-mg,Tablet,Levetiracetam,500 mg,Popular Pharmaceuticals Ltd.,"Unit Price: ৳ 30.00,(20's pack: ৳ 600.00),",(20's pack: ৳ 600.00)
31593,Levetira,allopathic,levetiraoral-solution500-mg5-ml,Oral Solution,Levetiracetam,500 mg/5 ml,Popular Pharmaceuticals Ltd.,100 ml bottle: ৳ 400.00,
31057,Levetam XR,allopathic,levetam-xrtablet-extended-release500-mg,Tablet (Extended Release),Levetiracetam,500 mg,Eskayef Pharmaceuticals Ltd.,"Unit Price: ৳ 30.00,(20's pack: ৳ 600.00),",(20's pack: ৳ 600.00)
30959,Levetam,allopathic,levetamtablet500-mg,Tablet,Levetiracetam,500 mg,Eskayef Pharmaceuticals Ltd.,"Unit Price: ৳ 30.00,(20's pack: ৳ 600.00),",(20's pack: ৳ 600.00)
